time,station_id,station_name,latitude,longitude,depth,mass_concentration_of_oxygen_in_sea_water,sample_depth,sea_water_temperature,sea_water_salinity,fractional_saturation_of_oxygen_in_sea_water
UTC,,,degrees_north,degrees_east,m,mg/L,m,degree_C,,percent
2018-06-01T00:00:00Z,BUD,Budds_Landing,39.37225,-75.83986667,1.0,12.78,NaN,24.71,0.16,154.0
2018-06-01T00:15:00Z,BUD,Budds_Landing,39.37225,-75.83986667,1.0,12.96,NaN,24.75,0.16,156.3
2018-06-01T00:30:00Z,BUD,Budds_Landing,39.37225,-75.83986667,1.0,12.98,NaN,24.81,0.16,156.6
2018-06-01T00:45:00Z,BUD,Budds_Landing,39.37225,-75.83986667,1.0,12.94,NaN,24.89,0.16,156.5
2018-06-01T01:00:00Z,BUD,Budds_Landing,39.37225,-75.83986667,1.0,12.92,NaN,24.9,0.16,156.2
2018-06-01T01:15:00Z,BUD,Budds_Landing,39.37225,-75.83986667,1.0,12.95,NaN,24.94,0.17,156.7
2018-06-01T01:30:00Z,BUD,Budds_Landing,39.37225,-75.83986667,1.0,12.65,NaN,24.93,0.17,153.0
2018-06-01T01:45:00Z,BUD,Budds_Landing,39.37225,-75.83986667,1.0,12.31,NaN,24.87,0.17,148.8
2018-06-01T02:00:00Z,BUD,Budds_Landing,39.37225,-75.83986667,1.0,12.32,NaN,24.81,0.17,148.7
2018-06-01T02:15:00Z,BUD,Budds_Landing,39.37225,-75.83986667,1.0,11.53,NaN,24.69,0.18,138.9
2018-06-01T02:30:00Z,BUD,Budds_Landing,39.37225,-75.83986667,1.0,11.31,NaN,24.66,0.18,136.2
2018-06-01T02:45:00Z,BUD,Budds_Landing,39.37225,-75.83986667,1.0,11.16,NaN,24.64,0.18,134.3
2018-06-01T03:00:00Z,BUD,Budds_Landing,39.37225,-75.83986667,1.0,10.6,NaN,24.63,0.19,127.6
2018-06-01T03:15:00Z,BUD,Budds_Landing,39.37225,-75.83986667,1.0,10.6,NaN,24.64,0.19,127.6
2018-06-01T03:30:00Z,BUD,Budds_Landing,39.37225,-75.83986667,1.0,10.67,NaN,24.64,0.19,128.4
2018-06-01T03:45:00Z,BUD,Budds_Landing,39.37225,-75.83986667,1.0,10.51,NaN,24.63,0.18,126.5
2018-06-01T04:00:00Z,BUD,Budds_Landing,39.37225,-75.83986667,1.0,10.38,NaN,24.63,0.19,124.9
2018-06-01T04:15:00Z,BUD,Budds_Landing,39.37225,-75.83986667,1.0,10.6,NaN,24.62,0.18,127.5
2018-06-01T04:30:00Z,BUD,Budds_Landing,39.37225,-75.83986667,1.0,10.72,NaN,24.56,0.17,128.8
2018-06-01T04:45:00Z,BUD,Budds_Landing,39.37225,-75.83986667,1.0,10.5,NaN,24.55,0.17,126.1
2018-06-01T05:00:00Z,BUD,Budds_Landing,39.37225,-75.83986667,1.0,10.26,NaN,24.57,0.18,123.3
2018-06-01T05:15:00Z,BUD,Budds_Landing,39.37225,-75.83986667,1.0,10.51,NaN,24.52,0.18,126.2
2018-06-01T05:30:00Z,BUD,Budds_Landing,39.37225,-75.83986667,1.0,10.77,NaN,24.51,0.17,129.2
2018-06-01T05:45:00Z,BUD,Budds_Landing,39.37225,-75.83986667,1.0,10.57,NaN,24.49,0.17,126.8
2018-06-01T06:00:00Z,BUD,Budds_Landing,39.37225,-75.83986667,1.0,10.73,NaN,24.47,0.16,128.7
2018-06-01T06:15:00Z,BUD,Budds_Landing,39.37225,-75.83986667,1.0,10.54,NaN,24.43,0.16,126.3
2018-06-01T06:30:00Z,BUD,Budds_Landing,39.37225,-75.83986667,1.0,10.06,NaN,24.42,0.16,120.5
2018-06-01T06:45:00Z,BUD,Budds_Landing,39.37225,-75.83986667,1.0,9.97,NaN,24.41,0.16,119.5
2018-06-01T07:00:00Z,BUD,Budds_Landing,39.37225,-75.83986667,1.0,10.38,NaN,24.42,0.16,124.4
2018-06-01T07:15:00Z,BUD,Budds_Landing,39.37225,-75.83986667,1.0,9.99,NaN,24.42,0.16,119.7
2018-06-01T07:30:00Z,BUD,Budds_Landing,39.37225,-75.83986667,1.0,10.18,NaN,24.36,0.16,121.8
2018-06-01T07:45:00Z,BUD,Budds_Landing,39.37225,-75.83986667,1.0,10.11,NaN,24.26,0.16,120.8
2018-06-01T08:00:00Z,BUD,Budds_Landing,39.37225,-75.83986667,1.0,9.86,NaN,24.21,0.16,117.7
2018-06-01T08:15:00Z,BUD,Budds_Landing,39.37225,-75.83986667,1.0,9.47,NaN,24.2,0.16,113.0
2018-06-01T08:30:00Z,BUD,Budds_Landing,39.37225,-75.83986667,1.0,9.23,NaN,24.19,0.16,110.2
2018-06-01T08:45:00Z,BUD,Budds_Landing,39.37225,-75.83986667,1.0,9.18,NaN,24.16,0.16,109.5
2018-06-01T09:00:00Z,BUD,Budds_Landing,39.37225,-75.83986667,1.0,9.2,NaN,24.19,0.16,109.8
2018-06-01T09:15:00Z,BUD,Budds_Landing,39.37225,-75.83986667,1.0,9.11,NaN,24.06,0.15,108.4
2018-06-01T09:30:00Z,BUD,Budds_Landing,39.37225,-75.83986667,1.0,9.14,NaN,24.17,0.15,109.1
2018-06-01T09:45:00Z,BUD,Budds_Landing,39.37225,-75.83986667,1.0,9.31,NaN,24.14,0.16,110.9
2018-06-01T10:00:00Z,BUD,Budds_Landing,39.37225,-75.83986667,1.0,8.92,NaN,24.1,0.16,106.3
2018-06-01T10:15:00Z,BUD,Budds_Landing,39.37225,-75.83986667,1.0,8.92,NaN,24.08,0.15,106.2
2018-06-01T10:30:00Z,BUD,Budds_Landing,39.37225,-75.83986667,1.0,9.24,NaN,24.07,0.15,110.0
2018-06-01T10:45:00Z,BUD,Budds_Landing,39.37225,-75.83986667,1.0,9.27,NaN,24.1,0.15,110.4
2018-06-01T11:00:00Z,BUD,Budds_Landing,39.37225,-75.83986667,1.0,9.29,NaN,24.17,0.16,110.8
2018-06-01T11:15:00Z,BUD,Budds_Landing,39.37225,-75.83986667,1.0,9.67,NaN,24.26,0.16,115.5
2018-06-01T11:30:00Z,BUD,Budds_Landing,39.37225,-75.83986667,1.0,9.53,NaN,24.26,0.16,113.8
2018-06-01T11:45:00Z,BUD,Budds_Landing,39.37225,-75.83986667,1.0,9.49,NaN,24.26,0.17,113.3
2018-06-01T12:00:00Z,BUD,Budds_Landing,39.37225,-75.83986667,1.0,9.54,NaN,24.27,0.17,114.1
2018-06-01T12:15:00Z,BUD,Budds_Landing,39.37225,-75.83986667,1.0,9.65,NaN,24.28,0.17,115.4
2018-06-01T12:30:00Z,BUD,Budds_Landing,39.37225,-75.83986667,1.0,9.74,NaN,24.3,0.17,116.4
2018-06-01T12:45:00Z,BUD,Budds_Landing,39.37225,-75.83986667,1.0,9.78,NaN,24.31,0.17,116.9
2018-06-01T13:00:00Z,BUD,Budds_Landing,39.37225,-75.83986667,1.0,9.91,NaN,24.4,0.18,118.7
2018-06-01T13:15:00Z,BUD,Budds_Landing,39.37225,-75.83986667,1.0,10.05,NaN,24.47,0.19,120.6
2018-06-01T13:30:00Z,BUD,Budds_Landing,39.37225,-75.83986667,1.0,10.05,NaN,24.49,0.19,120.6
2018-06-01T13:45:00Z,BUD,Budds_Landing,39.37225,-75.83986667,1.0,10.13,NaN,24.53,0.19,121.6
2018-06-01T14:00:00Z,BUD,Budds_Landing,39.37225,-75.83986667,1.0,10.22,NaN,24.55,0.19,122.8
2018-06-01T14:15:00Z,BUD,Budds_Landing,39.37225,-75.83986667,1.0,10.24,NaN,24.58,0.19,123.1
2018-06-01T14:30:00Z,BUD,Budds_Landing,39.37225,-75.83986667,1.0,10.31,NaN,24.61,0.19,124.0
2018-06-01T14:45:00Z,BUD,Budds_Landing,39.37225,-75.83986667,1.0,10.33,NaN,24.64,0.2,124.3
2018-06-01T15:00:00Z,BUD,Budds_Landing,39.37225,-75.83986667,1.0,10.21,NaN,24.64,0.2,122.8
2018-06-01T15:15:00Z,BUD,Budds_Landing,39.37225,-75.83986667,1.0,10.29,NaN,24.68,0.2,124.0
2018-06-01T15:30:00Z,BUD,Budds_Landing,39.37225,-75.83986667,1.0,10.2,NaN,24.71,0.2,122.9
2018-06-01T15:45:00Z,BUD,Budds_Landing,39.37225,-75.83986667,1.0,10.04,NaN,24.73,0.2,121.0
2018-06-01T16:00:00Z,BUD,Budds_Landing,39.37225,-75.83986667,1.0,10.29,NaN,24.75,0.2,124.1
2018-06-01T16:15:00Z,BUD,Budds_Landing,39.37225,-75.83986667,1.0,10.54,NaN,24.73,0.2,127.1
2018-06-01T16:30:00Z,BUD,Budds_Landing,39.37225,-75.83986667,1.0,10.78,NaN,24.71,0.19,129.9
2018-06-01T16:45:00Z,BUD,Budds_Landing,39.37225,-75.83986667,1.0,10.83,NaN,24.77,0.19,130.7
2018-06-01T17:00:00Z,BUD,Budds_Landing,39.37225,-75.83986667,1.0,11.08,NaN,24.75,0.18,133.5
2018-06-01T17:15:00Z,BUD,Budds_Landing,39.37225,-75.83986667,1.0,10.98,NaN,24.73,0.19,132.3
2018-06-01T17:30:00Z,BUD,Budds_Landing,39.37225,-75.83986667,1.0,11.11,NaN,24.69,0.18,133.8
2018-06-01T17:45:00Z,BUD,Budds_Landing,39.37225,-75.83986667,1.0,11.67,NaN,24.78,0.18,140.8
2018-06-01T18:00:00Z,BUD,Budds_Landing,39.37225,-75.83986667,1.0,11.54,NaN,24.73,0.18,139.1
2018-06-01T18:15:00Z,BUD,Budds_Landing,39.37225,-75.83986667,1.0,11.18,NaN,24.67,0.18,134.6
2018-06-01T18:30:00Z,BUD,Budds_Landing,39.37225,-75.83986667,1.0,11.54,NaN,24.71,0.18,139.0
2018-06-01T18:45:00Z,BUD,Budds_Landing,39.37225,-75.83986667,1.0,11.8,NaN,24.86,0.18,142.5
2018-06-01T19:00:00Z,BUD,Budds_Landing,39.37225,-75.83986667,1.0,11.92,NaN,24.81,0.17,143.8
2018-06-01T19:15:00Z,BUD,Budds_Landing,39.37225,-75.83986667,1.0,12.37,NaN,24.99,0.18,149.7
2018-06-01T19:30:00Z,BUD,Budds_Landing,39.37225,-75.83986667,1.0,12.08,NaN,25.01,0.17,146.4
2018-06-01T19:45:00Z,BUD,Budds_Landing,39.37225,-75.83986667,1.0,13.0,NaN,25.07,0.16,157.6
2018-06-01T20:00:00Z,BUD,Budds_Landing,39.37225,-75.83986667,1.0,12.39,NaN,25.05,0.16,150.2
2018-06-01T20:15:00Z,BUD,Budds_Landing,39.37225,-75.83986667,1.0,12.7,NaN,24.96,0.15,153.6
2018-06-01T20:30:00Z,BUD,Budds_Landing,39.37225,-75.83986667,1.0,12.68,NaN,24.86,0.15,153.1
2018-06-01T20:45:00Z,BUD,Budds_Landing,39.37225,-75.83986667,1.0,12.3,NaN,24.84,0.15,148.5
2018-06-01T21:00:00Z,BUD,Budds_Landing,39.37225,-75.83986667,1.0,12.65,NaN,24.93,0.15,153.0
2018-06-01T21:15:00Z,BUD,Budds_Landing,39.37225,-75.83986667,1.0,12.81,NaN,25.12,0.16,155.5
2018-06-01T21:30:00Z,BUD,Budds_Landing,39.37225,-75.83986667,1.0,12.83,NaN,24.86,0.14,155.0
2018-06-01T21:45:00Z,BUD,Budds_Landing,39.37225,-75.83986667,1.0,13.31,NaN,25.14,0.14,161.6
2018-06-01T22:00:00Z,BUD,Budds_Landing,39.37225,-75.83986667,1.0,13.16,NaN,25.04,0.13,159.5
2018-06-01T22:15:00Z,BUD,Budds_Landing,39.37225,-75.83986667,1.0,13.06,NaN,24.9,0.12,157.9
2018-06-01T22:30:00Z,BUD,Budds_Landing,39.37225,-75.83986667,1.0,12.99,NaN,24.88,0.12,157.0
2018-06-01T22:45:00Z,BUD,Budds_Landing,39.37225,-75.83986667,1.0,12.96,NaN,24.78,0.12,156.3
2018-06-01T23:00:00Z,BUD,Budds_Landing,39.37225,-75.83986667,1.0,12.79,NaN,24.92,0.12,154.7
2018-06-01T23:15:00Z,BUD,Budds_Landing,39.37225,-75.83986667,1.0,13.03,NaN,25.08,0.13,158.0
2018-06-01T23:30:00Z,BUD,Budds_Landing,39.37225,-75.83986667,1.0,13.1,NaN,25.11,0.13,159.0
2018-06-01T23:45:00Z,BUD,Budds_Landing,39.37225,-75.83986667,1.0,13.29,NaN,25.43,0.14,162.2
2018-06-02T00:00:00Z,BUD,Budds_Landing,39.37225,-75.83986667,1.0,14.0,NaN,25.64,0.15,171.5
2018-06-02T00:15:00Z,BUD,Budds_Landing,39.37225,-75.83986667,1.0,14.08,NaN,25.77,0.16,172.9
2018-06-02T00:30:00Z,BUD,Budds_Landing,39.37225,-75.83986667,1.0,14.59,NaN,26.17,0.16,180.5
2018-06-02T00:45:00Z,BUD,Budds_Landing,39.37225,-75.83986667,1.0,15.94,NaN,27.39,0.18,201.6
2018-06-02T01:00:00Z,BUD,Budds_Landing,39.37225,-75.83986667,1.0,15.74,NaN,27.27,0.19,198.6
2018-06-02T01:15:00Z,BUD,Budds_Landing,39.37225,-75.83986667,1.0,15.77,NaN,27.04,0.19,198.3
2018-06-02T01:30:00Z,BUD,Budds_Landing,39.37225,-75.83986667,1.0,15.64,NaN,26.78,0.19,195.7
2018-06-02T01:45:00Z,BUD,Budds_Landing,39.37225,-75.83986667,1.0,15.37,NaN,26.83,0.18,192.5
2018-06-02T02:00:00Z,BUD,Budds_Landing,39.37225,-75.83986667,1.0,15.31,NaN,26.84,0.18,191.8
2018-06-02T02:15:00Z,BUD,Budds_Landing,39.37225,-75.83986667,1.0,15.52,NaN,26.7,0.17,193.8
2018-06-02T02:30:00Z,BUD,Budds_Landing,39.37225,-75.83986667,1.0,14.95,NaN,26.45,0.17,185.9
2018-06-02T02:45:00Z,BUD,Budds_Landing,39.37225,-75.83986667,1.0,14.48,NaN,26.35,0.17,179.7
2018-06-02T03:00:00Z,BUD,Budds_Landing,39.37225,-75.83986667,1.0,14.17,NaN,26.29,0.18,175.8
2018-06-02T03:15:00Z,BUD,Budds_Landing,39.37225,-75.83986667,1.0,14.28,NaN,26.26,0.18,177.0
2018-06-02T03:30:00Z,BUD,Budds_Landing,39.37225,-75.83986667,1.0,14.06,NaN,26.23,0.18,174.2
2018-06-02T03:45:00Z,BUD,Budds_Landing,39.37225,-75.83986667,1.0,13.97,NaN,26.16,0.18,172.9
2018-06-02T04:00:00Z,BUD,Budds_Landing,39.37225,-75.83986667,1.0,13.66,NaN,26.12,0.19,168.9
2018-06-02T04:15:00Z,BUD,Budds_Landing,39.37225,-75.83986667,1.0,13.39,NaN,26.02,0.19,165.3
2018-06-02T04:30:00Z,BUD,Budds_Landing,39.37225,-75.83986667,1.0,13.19,NaN,25.95,0.19,162.5
2018-06-02T04:45:00Z,BUD,Budds_Landing,39.37225,-75.83986667,1.0,12.96,NaN,25.86,0.19,159.4
2018-06-02T05:00:00Z,BUD,Budds_Landing,39.37225,-75.83986667,1.0,12.65,NaN,25.84,0.19,155.6
2018-06-02T05:15:00Z,BUD,Budds_Landing,39.37225,-75.83986667,1.0,12.53,NaN,25.83,0.19,154.1
2018-06-02T05:30:00Z,BUD,Budds_Landing,39.37225,-75.83986667,1.0,12.3,NaN,25.65,0.19,150.7
2018-06-02T05:45:00Z,BUD,Budds_Landing,39.37225,-75.83986667,1.0,12.06,NaN,25.63,0.18,147.8
2018-06-02T06:00:00Z,BUD,Budds_Landing,39.37225,-75.83986667,1.0,12.16,NaN,25.65,0.18,149.0
2018-06-02T06:15:00Z,BUD,Budds_Landing,39.37225,-75.83986667,1.0,11.64,NaN,25.47,0.16,142.1
2018-06-02T06:30:00Z,BUD,Budds_Landing,39.37225,-75.83986667,1.0,11.98,NaN,25.57,0.16,146.6
2018-06-02T06:45:00Z,BUD,Budds_Landing,39.37225,-75.83986667,1.0,11.76,NaN,25.53,0.16,143.8
2018-06-02T07:00:00Z,BUD,Budds_Landing,39.37225,-75.83986667,1.0,12.29,NaN,25.63,0.17,150.6
2018-06-02T07:15:00Z,BUD,Budds_Landing,39.37225,-75.83986667,1.0,12.5,NaN,25.68,0.17,153.3
2018-06-02T07:30:00Z,BUD,Budds_Landing,39.37225,-75.83986667,1.0,12.3,NaN,25.59,0.17,150.6
2018-06-02T07:45:00Z,BUD,Budds_Landing,39.37225,-75.83986667,1.0,11.72,NaN,25.48,0.16,143.2
2018-06-02T08:00:00Z,BUD,Budds_Landing,39.37225,-75.83986667,1.0,11.76,NaN,25.48,0.16,143.7
2018-06-02T08:15:00Z,BUD,Budds_Landing,39.37225,-75.83986667,1.0,11.75,NaN,25.44,0.16,143.4
2018-06-02T08:30:00Z,BUD,Budds_Landing,39.37225,-75.83986667,1.0,11.6,NaN,25.5,0.16,141.7
2018-06-02T08:45:00Z,BUD,Budds_Landing,39.37225,-75.83986667,1.0,11.47,NaN,25.5,0.16,140.1
2018-06-02T09:00:00Z,BUD,Budds_Landing,39.37225,-75.83986667,1.0,11.56,NaN,25.47,0.16,141.2
2018-06-02T09:15:00Z,BUD,Budds_Landing,39.37225,-75.83986667,1.0,11.49,NaN,25.41,0.16,140.2
2018-06-02T09:30:00Z,BUD,Budds_Landing,39.37225,-75.83986667,1.0,11.15,NaN,25.35,0.15,135.9
2018-06-02T09:45:00Z,BUD,Budds_Landing,39.37225,-75.83986667,1.0,10.99,NaN,25.27,0.15,133.8
2018-06-02T10:00:00Z,BUD,Budds_Landing,39.37225,-75.83986667,1.0,10.85,NaN,25.24,0.15,131.9
2018-06-02T10:15:00Z,BUD,Budds_Landing,39.37225,-75.83986667,1.0,10.45,NaN,25.22,0.15,127.1
2018-06-02T10:30:00Z,BUD,Budds_Landing,39.37225,-75.83986667,1.0,10.69,NaN,25.2,0.15,129.9
2018-06-02T10:45:00Z,BUD,Budds_Landing,39.37225,-75.83986667,1.0,10.28,NaN,25.22,0.15,125.0
2018-06-02T11:00:00Z,BUD,Budds_Landing,39.37225,-75.83986667,1.0,10.8,NaN,25.21,0.15,131.3
2018-06-02T11:15:00Z,BUD,Budds_Landing,39.37225,-75.83986667,1.0,10.76,NaN,25.16,0.14,130.7
2018-06-02T11:30:00Z,BUD,Budds_Landing,39.37225,-75.83986667,1.0,10.8,NaN,25.18,0.15,131.3
2018-06-02T11:45:00Z,BUD,Budds_Landing,39.37225,-75.83986667,1.0,11.0,NaN,25.22,0.15,133.7
2018-06-02T12:00:00Z,BUD,Budds_Landing,39.37225,-75.83986667,1.0,11.4,NaN,25.26,0.17,138.7
2018-06-02T12:15:00Z,BUD,Budds_Landing,39.37225,-75.83986667,1.0,11.39,NaN,25.3,0.17,138.7
2018-06-02T12:30:00Z,BUD,Budds_Landing,39.37225,-75.83986667,1.0,11.86,NaN,25.35,0.17,144.5
2018-06-02T12:45:00Z,BUD,Budds_Landing,39.37225,-75.83986667,1.0,12.28,NaN,25.4,0.16,149.8
2018-06-02T13:00:00Z,BUD,Budds_Landing,39.37225,-75.83986667,1.0,11.95,NaN,25.4,0.17,145.8
2018-06-02T13:15:00Z,BUD,Budds_Landing,39.37225,-75.83986667,1.0,11.79,NaN,25.34,0.17,143.7
2018-06-02T13:30:00Z,BUD,Budds_Landing,39.37225,-75.83986667,1.0,11.72,NaN,25.35,0.17,142.9
2018-06-02T13:45:00Z,BUD,Budds_Landing,39.37225,-75.83986667,1.0,11.77,NaN,25.35,0.18,143.5
2018-06-02T14:00:00Z,BUD,Budds_Landing,39.37225,-75.83986667,1.0,11.8,NaN,25.42,0.18,144.0
2018-06-02T14:15:00Z,BUD,Budds_Landing,39.37225,-75.83986667,1.0,11.88,NaN,25.46,0.19,145.1
2018-06-02T14:30:00Z,BUD,Budds_Landing,39.37225,-75.83986667,1.0,11.67,NaN,25.47,0.19,142.6
2018-06-02T14:45:00Z,BUD,Budds_Landing,39.37225,-75.83986667,1.0,11.54,NaN,25.43,0.19,140.9
2018-06-02T15:00:00Z,BUD,Budds_Landing,39.37225,-75.83986667,1.0,11.52,NaN,25.46,0.19,140.7
2018-06-02T15:15:00Z,BUD,Budds_Landing,39.37225,-75.83986667,1.0,11.84,NaN,25.47,0.2,144.6
2018-06-02T15:30:00Z,BUD,Budds_Landing,39.37225,-75.83986667,1.0,12.21,NaN,25.52,0.2,149.3
2018-06-02T15:45:00Z,BUD,Budds_Landing,39.37225,-75.83986667,1.0,12.49,NaN,25.66,0.2,153.2
2018-06-02T16:00:00Z,BUD,Budds_Landing,39.37225,-75.83986667,1.0,12.74,NaN,25.6,0.18,156.1
2018-06-02T16:15:00Z,BUD,Budds_Landing,39.37225,-75.83986667,1.0,12.85,NaN,25.61,0.19,157.4
2018-06-02T16:30:00Z,BUD,Budds_Landing,39.37225,-75.83986667,1.0,13.63,NaN,25.74,0.2,167.3
2018-06-02T16:45:00Z,BUD,Budds_Landing,39.37225,-75.83986667,1.0,13.73,NaN,25.81,0.2,168.8
2018-06-02T17:00:00Z,BUD,Budds_Landing,39.37225,-75.83986667,1.0,13.46,NaN,25.79,0.2,165.4
2018-06-02T17:15:00Z,BUD,Budds_Landing,39.37225,-75.83986667,1.0,12.86,NaN,25.65,0.2,157.7
2018-06-02T17:30:00Z,BUD,Budds_Landing,39.37225,-75.83986667,1.0,12.8,NaN,25.64,0.2,156.9
2018-06-02T17:45:00Z,BUD,Budds_Landing,39.37225,-75.83986667,1.0,12.61,NaN,25.56,0.17,154.3
2018-06-02T18:00:00Z,BUD,Budds_Landing,39.37225,-75.83986667,1.0,11.76,NaN,25.46,0.18,143.7
2018-06-02T18:15:00Z,BUD,Budds_Landing,39.37225,-75.83986667,1.0,11.81,NaN,25.48,0.18,144.4
2018-06-02T18:30:00Z,BUD,Budds_Landing,39.37225,-75.83986667,1.0,11.63,NaN,25.57,0.18,142.3
2018-06-02T18:45:00Z,BUD,Budds_Landing,39.37225,-75.83986667,1.0,12.58,NaN,25.68,0.18,154.3
2018-06-02T19:00:00Z,BUD,Budds_Landing,39.37225,-75.83986667,1.0,12.13,NaN,25.63,0.18,148.6
2018-06-02T19:15:00Z,BUD,Budds_Landing,39.37225,-75.83986667,1.0,13.04,NaN,25.74,0.18,160.1
2018-06-02T19:30:00Z,BUD,Budds_Landing,39.37225,-75.83986667,1.0,13.59,NaN,26.0,0.18,167.7
2018-06-02T19:45:00Z,BUD,Budds_Landing,39.37225,-75.83986667,1.0,13.71,NaN,26.03,0.17,169.2
2018-06-02T20:00:00Z,BUD,Budds_Landing,39.37225,-75.83986667,1.0,14.68,NaN,26.08,0.17,181.3
2018-06-02T20:15:00Z,BUD,Budds_Landing,39.37225,-75.83986667,1.0,14.72,NaN,26.29,0.17,182.6
2018-06-02T20:30:00Z,BUD,Budds_Landing,39.37225,-75.83986667,1.0,15.16,NaN,26.21,0.16,187.7
2018-06-02T20:45:00Z,BUD,Budds_Landing,39.37225,-75.83986667,1.0,15.27,NaN,26.32,0.16,189.4
2018-06-02T21:00:00Z,BUD,Budds_Landing,39.37225,-75.83986667,1.0,15.34,NaN,26.34,0.16,190.4
2018-06-02T21:15:00Z,BUD,Budds_Landing,39.37225,-75.83986667,1.0,15.0,NaN,26.17,0.15,185.6
2018-06-02T21:30:00Z,BUD,Budds_Landing,39.37225,-75.83986667,1.0,14.89,NaN,26.23,0.15,184.4
2018-06-02T21:45:00Z,BUD,Budds_Landing,39.37225,-75.83986667,1.0,14.52,NaN,26.18,0.15,179.7
2018-06-02T22:00:00Z,BUD,Budds_Landing,39.37225,-75.83986667,1.0,14.21,NaN,26.03,0.15,175.4
2018-06-02T22:15:00Z,BUD,Budds_Landing,39.37225,-75.83986667,1.0,14.64,NaN,26.2,0.14,181.2
2018-06-02T22:30:00Z,BUD,Budds_Landing,39.37225,-75.83986667,1.0,14.32,NaN,26.21,0.15,177.2
2018-06-02T22:45:00Z,BUD,Budds_Landing,39.37225,-75.83986667,1.0,14.58,NaN,26.34,0.15,180.9
2018-06-02T23:00:00Z,BUD,Budds_Landing,39.37225,-75.83986667,1.0,14.06,NaN,26.23,0.15,174.1
2018-06-02T23:15:00Z,BUD,Budds_Landing,39.37225,-75.83986667,1.0,14.2,NaN,26.28,0.15,176.0
2018-06-02T23:30:00Z,BUD,Budds_Landing,39.37225,-75.83986667,1.0,14.22,NaN,26.33,0.15,176.4
2018-06-02T23:45:00Z,BUD,Budds_Landing,39.37225,-75.83986667,1.0,14.16,NaN,26.35,0.15,175.8
2018-06-03T00:00:00Z,BUD,Budds_Landing,39.37225,-75.83986667,1.0,14.13,NaN,26.28,0.16,175.2
2018-06-03T00:15:00Z,BUD,Budds_Landing,39.37225,-75.83986667,1.0,14.29,NaN,26.29,0.15,177.2
2018-06-03T00:30:00Z,BUD,Budds_Landing,39.37225,-75.83986667,1.0,14.99,NaN,26.59,0.15,186.9
2018-06-03T00:45:00Z,BUD,Budds_Landing,39.37225,-75.83986667,1.0,14.55,NaN,26.51,0.15,181.1
2018-06-03T01:00:00Z,BUD,Budds_Landing,39.37225,-75.83986667,1.0,14.65,NaN,26.39,0.14,182.0
2018-06-03T01:15:00Z,BUD,Budds_Landing,39.37225,-75.83986667,1.0,14.56,NaN,26.4,0.14,180.9
2018-06-03T01:30:00Z,BUD,Budds_Landing,39.37225,-75.83986667,1.0,14.61,NaN,26.47,0.15,181.8
2018-06-03T01:45:00Z,BUD,Budds_Landing,39.37225,-75.83986667,1.0,14.35,NaN,26.42,0.14,178.3
2018-06-03T02:00:00Z,BUD,Budds_Landing,39.37225,-75.83986667,1.0,14.23,NaN,26.39,0.16,176.8
2018-06-03T02:15:00Z,BUD,Budds_Landing,39.37225,-75.83986667,1.0,14.22,NaN,26.39,0.15,176.7
2018-06-03T02:30:00Z,BUD,Budds_Landing,39.37225,-75.83986667,1.0,14.23,NaN,26.4,0.15,176.8
2018-06-03T02:45:00Z,BUD,Budds_Landing,39.37225,-75.83986667,1.0,14.38,NaN,26.39,0.15,178.7
2018-06-03T03:00:00Z,BUD,Budds_Landing,39.37225,-75.83986667,1.0,14.35,NaN,26.42,0.17,178.3
2018-06-03T03:15:00Z,BUD,Budds_Landing,39.37225,-75.83986667,1.0,13.88,NaN,26.3,0.16,172.1
2018-06-03T03:30:00Z,BUD,Budds_Landing,39.37225,-75.83986667,1.0,13.87,NaN,26.29,0.16,172.0
2018-06-03T03:45:00Z,BUD,Budds_Landing,39.37225,-75.83986667,1.0,13.79,NaN,26.28,0.16,171.0
2018-06-03T04:00:00Z,BUD,Budds_Landing,39.37225,-75.83986667,1.0,13.65,NaN,26.25,0.16,169.1
2018-06-03T04:15:00Z,BUD,Budds_Landing,39.37225,-75.83986667,1.0,13.39,NaN,26.24,0.16,166.0
2018-06-03T04:30:00Z,BUD,Budds_Landing,39.37225,-75.83986667,1.0,13.49,NaN,26.23,0.16,167.0
2018-06-03T04:45:00Z,BUD,Budds_Landing,39.37225,-75.83986667,1.0,13.39,NaN,26.22,0.17,165.9
2018-06-03T05:00:00Z,BUD,Budds_Landing,39.37225,-75.83986667,1.0,13.13,NaN,26.23,0.17,162.6
2018-06-03T05:15:00Z,BUD,Budds_Landing,39.37225,-75.83986667,1.0,13.11,NaN,26.22,0.17,162.4
2018-06-03T05:30:00Z,BUD,Budds_Landing,39.37225,-75.83986667,1.0,12.82,NaN,26.22,0.17,158.8
2018-06-03T05:45:00Z,BUD,Budds_Landing,39.37225,-75.83986667,1.0,12.82,NaN,26.2,0.17,158.7
2018-06-03T06:00:00Z,BUD,Budds_Landing,39.37225,-75.83986667,1.0,12.57,NaN,26.19,0.17,155.6
2018-06-03T06:15:00Z,BUD,Budds_Landing,39.37225,-75.83986667,1.0,12.49,NaN,26.02,0.16,154.1
2018-06-03T06:30:00Z,BUD,Budds_Landing,39.37225,-75.83986667,1.0,12.6,NaN,26.05,0.17,155.5
2018-06-03T06:45:00Z,BUD,Budds_Landing,39.37225,-75.83986667,1.0,12.55,NaN,26.02,0.17,154.8
2018-06-03T07:00:00Z,BUD,Budds_Landing,39.37225,-75.83986667,1.0,12.47,NaN,25.96,0.16,153.7
2018-06-03T07:15:00Z,BUD,Budds_Landing,39.37225,-75.83986667,1.0,11.81,NaN,25.87,0.16,145.3
2018-06-03T07:30:00Z,BUD,Budds_Landing,39.37225,-75.83986667,1.0,11.62,NaN,25.87,0.16,142.9
2018-06-03T07:45:00Z,BUD,Budds_Landing,39.37225,-75.83986667,1.0,11.98,NaN,25.88,0.16,147.5
2018-06-03T08:00:00Z,BUD,Budds_Landing,39.37225,-75.83986667,1.0,12.07,NaN,25.92,0.16,148.7
2018-06-03T08:15:00Z,BUD,Budds_Landing,39.37225,-75.83986667,1.0,11.75,NaN,25.86,0.16,144.6
2018-06-03T08:30:00Z,BUD,Budds_Landing,39.37225,-75.83986667,1.0,11.29,NaN,25.73,0.16,138.6
2018-06-03T08:45:00Z,BUD,Budds_Landing,39.37225,-75.83986667,1.0,11.29,NaN,25.54,0.16,138.2
2018-06-03T09:00:00Z,BUD,Budds_Landing,39.37225,-75.83986667,1.0,11.09,NaN,25.47,0.15,135.5
2018-06-03T09:15:00Z,BUD,Budds_Landing,39.37225,-75.83986667,1.0,11.06,NaN,25.49,0.16,135.2
2018-06-03T09:30:00Z,BUD,Budds_Landing,39.37225,-75.83986667,1.0,11.04,NaN,25.5,0.16,134.9
2018-06-03T09:45:00Z,BUD,Budds_Landing,39.37225,-75.83986667,1.0,10.83,NaN,25.34,0.15,132.0
2018-06-03T10:00:00Z,BUD,Budds_Landing,39.37225,-75.83986667,1.0,10.75,NaN,25.4,0.15,131.1
2018-06-03T10:15:00Z,BUD,Budds_Landing,39.37225,-75.83986667,1.0,10.65,NaN,25.35,0.16,129.8
2018-06-03T10:30:00Z,BUD,Budds_Landing,39.37225,-75.83986667,1.0,10.54,NaN,25.32,0.15,128.4
2018-06-03T10:45:00Z,BUD,Budds_Landing,39.37225,-75.83986667,1.0,10.51,NaN,25.29,0.16,128.0
2018-06-03T11:00:00Z,BUD,Budds_Landing,39.37225,-75.83986667,1.0,10.43,NaN,25.22,0.15,126.8
2018-06-03T11:15:00Z,BUD,Budds_Landing,39.37225,-75.83986667,1.0,10.26,NaN,25.07,0.15,124.4
2018-06-03T11:30:00Z,BUD,Budds_Landing,39.37225,-75.83986667,1.0,10.12,NaN,24.96,0.15,122.5
2018-06-03T11:45:00Z,BUD,Budds_Landing,39.37225,-75.83986667,1.0,10.0,NaN,24.93,0.15,121.0
2018-06-03T12:00:00Z,BUD,Budds_Landing,39.37225,-75.83986667,1.0,9.93,NaN,24.88,0.15,120.0
2018-06-03T12:15:00Z,BUD,Budds_Landing,39.37225,-75.83986667,1.0,9.76,NaN,24.83,0.15,117.8
2018-06-03T12:30:00Z,BUD,Budds_Landing,39.37225,-75.83986667,1.0,9.8,NaN,24.77,0.14,118.1
2018-06-03T12:45:00Z,BUD,Budds_Landing,39.37225,-75.83986667,1.0,9.84,NaN,24.72,0.14,118.5
2018-06-03T13:00:00Z,BUD,Budds_Landing,39.37225,-75.83986667,1.0,9.89,NaN,24.78,0.16,119.3
2018-06-03T13:15:00Z,BUD,Budds_Landing,39.37225,-75.83986667,1.0,10.6,NaN,24.91,0.19,128.2
2018-06-03T13:30:00Z,BUD,Budds_Landing,39.37225,-75.83986667,1.0,10.7,NaN,24.89,0.19,129.4
2018-06-03T13:45:00Z,BUD,Budds_Landing,39.37225,-75.83986667,1.0,10.64,NaN,24.77,0.18,128.3
2018-06-03T14:00:00Z,BUD,Budds_Landing,39.37225,-75.83986667,1.0,10.53,NaN,24.66,0.17,126.7
2018-06-03T14:15:00Z,BUD,Budds_Landing,39.37225,-75.83986667,1.0,10.5,NaN,24.63,0.18,126.3
2018-06-03T14:30:00Z,BUD,Budds_Landing,39.37225,-75.83986667,1.0,10.36,NaN,24.38,0.16,124.0
2018-06-03T14:45:00Z,BUD,Budds_Landing,39.37225,-75.83986667,1.0,10.48,NaN,24.49,0.17,125.7
2018-06-03T15:00:00Z,BUD,Budds_Landing,39.37225,-75.83986667,1.0,10.41,NaN,24.42,0.17,124.7
2018-06-03T15:15:00Z,BUD,Budds_Landing,39.37225,-75.83986667,1.0,10.55,NaN,24.49,0.17,126.6
2018-06-03T15:30:00Z,BUD,Budds_Landing,39.37225,-75.83986667,1.0,10.61,NaN,24.67,0.19,127.8
2018-06-03T15:45:00Z,BUD,Budds_Landing,39.37225,-75.83986667,1.0,10.54,NaN,24.66,0.19,126.8
2018-06-03T16:00:00Z,BUD,Budds_Landing,39.37225,-75.83986667,1.0,10.47,NaN,24.64,0.19,126.0
2018-06-03T16:15:00Z,BUD,Budds_Landing,39.37225,-75.83986667,1.0,10.51,NaN,24.48,0.18,126.1
2018-06-03T16:30:00Z,BUD,Budds_Landing,39.37225,-75.83986667,1.0,10.64,NaN,24.44,0.19,127.5
2018-06-03T16:45:00Z,BUD,Budds_Landing,39.37225,-75.83986667,1.0,10.72,NaN,24.49,0.19,128.7
2018-06-03T17:00:00Z,BUD,Budds_Landing,39.37225,-75.83986667,1.0,10.73,NaN,24.55,0.2,128.9
2018-06-03T17:15:00Z,BUD,Budds_Landing,39.37225,-75.83986667,1.0,10.7,NaN,24.51,0.2,128.5
2018-06-03T17:30:00Z,BUD,Budds_Landing,39.37225,-75.83986667,1.0,10.74,NaN,24.51,0.2,129.0
2018-06-03T17:45:00Z,BUD,Budds_Landing,39.37225,-75.83986667,1.0,10.71,NaN,24.5,0.2,128.5
2018-06-03T18:00:00Z,BUD,Budds_Landing,39.37225,-75.83986667,1.0,10.71,NaN,24.48,0.2,128.5
2018-06-03T18:15:00Z,BUD,Budds_Landing,39.37225,-75.83986667,1.0,10.76,NaN,24.47,0.2,129.0
2018-06-03T18:30:00Z,BUD,Budds_Landing,39.37225,-75.83986667,1.0,10.72,NaN,24.41,0.19,128.5
2018-06-03T18:45:00Z,BUD,Budds_Landing,39.37225,-75.83986667,1.0,10.74,NaN,24.4,0.2,128.6
2018-06-03T19:00:00Z,BUD,Budds_Landing,39.37225,-75.83986667,1.0,11.51,NaN,23.97,0.18,136.8
2018-06-03T19:15:00Z,BUD,Budds_Landing,39.37225,-75.83986667,1.0,11.45,NaN,23.94,0.18,135.9
2018-06-03T19:30:00Z,BUD,Budds_Landing,39.37225,-75.83986667,1.0,11.51,NaN,23.97,0.18,136.8
2018-06-03T19:45:00Z,BUD,Budds_Landing,39.37225,-75.83986667,1.0,11.45,NaN,23.96,0.18,136.0
2018-06-03T20:00:00Z,BUD,Budds_Landing,39.37225,-75.83986667,1.0,11.88,NaN,23.9,0.18,141.0
2018-06-03T20:15:00Z,BUD,Budds_Landing,39.37225,-75.83986667,1.0,11.85,NaN,23.93,0.18,140.7
2018-06-03T20:30:00Z,BUD,Budds_Landing,39.37225,-75.83986667,1.0,11.77,NaN,23.95,0.18,139.9
2018-06-03T20:45:00Z,BUD,Budds_Landing,39.37225,-75.83986667,1.0,11.5,NaN,23.84,0.18,136.3
2018-06-03T21:00:00Z,BUD,Budds_Landing,39.37225,-75.83986667,1.0,11.21,NaN,23.71,0.18,132.6
2018-06-03T21:15:00Z,BUD,Budds_Landing,39.37225,-75.83986667,1.0,11.11,NaN,23.54,0.18,131.0
2018-06-03T21:30:00Z,BUD,Budds_Landing,39.37225,-75.83986667,1.0,11.14,NaN,23.49,0.18,131.2
2018-06-03T21:45:00Z,BUD,Budds_Landing,39.37225,-75.83986667,1.0,11.04,NaN,23.52,0.18,130.1
2018-06-03T22:00:00Z,BUD,Budds_Landing,39.37225,-75.83986667,1.0,11.08,NaN,23.41,0.18,130.3
2018-06-03T22:15:00Z,BUD,Budds_Landing,39.37225,-75.83986667,1.0,10.96,NaN,23.35,0.17,128.8
2018-06-03T22:30:00Z,BUD,Budds_Landing,39.37225,-75.83986667,1.0,10.86,NaN,23.28,0.17,127.3
2018-06-03T22:45:00Z,BUD,Budds_Landing,39.37225,-75.83986667,1.0,10.59,NaN,23.15,0.17,123.9
2018-06-03T23:00:00Z,BUD,Budds_Landing,39.37225,-75.83986667,1.0,10.54,NaN,23.04,0.17,123.1
2018-06-03T23:15:00Z,BUD,Budds_Landing,39.37225,-75.83986667,1.0,10.64,NaN,22.58,0.16,123.2
2018-06-03T23:30:00Z,BUD,Budds_Landing,39.37225,-75.83986667,1.0,10.6,NaN,22.38,0.15,122.3
2018-06-03T23:45:00Z,BUD,Budds_Landing,39.37225,-75.83986667,1.0,10.37,NaN,22.21,0.14,119.2
2018-06-04T00:00:00Z,BUD,Budds_Landing,39.37225,-75.83986667,1.0,10.26,NaN,22.28,0.14,118.1
2018-06-04T00:15:00Z,BUD,Budds_Landing,39.37225,-75.83986667,1.0,10.2,NaN,22.32,0.15,117.5
2018-06-04T00:30:00Z,BUD,Budds_Landing,39.37225,-75.83986667,1.0,10.42,NaN,21.96,0.14,119.2
2018-06-04T00:45:00Z,BUD,Budds_Landing,39.37225,-75.83986667,1.0,10.34,NaN,21.91,0.14,118.1
2018-06-04T01:00:00Z,BUD,Budds_Landing,39.37225,-75.83986667,1.0,10.3,NaN,21.88,0.14,117.6
2018-06-04T01:15:00Z,BUD,Budds_Landing,39.37225,-75.83986667,1.0,10.28,NaN,21.92,0.14,117.4
2018-06-04T01:30:00Z,BUD,Budds_Landing,39.37225,-75.83986667,1.0,10.26,NaN,22.07,0.15,117.6
2018-06-04T01:45:00Z,BUD,Budds_Landing,39.37225,-75.83986667,1.0,10.21,NaN,22.14,0.15,117.2
2018-06-04T02:00:00Z,BUD,Budds_Landing,39.37225,-75.83986667,1.0,10.17,NaN,22.05,0.15,116.5
2018-06-04T02:15:00Z,BUD,Budds_Landing,39.37225,-75.83986667,1.0,10.04,NaN,22.22,0.16,115.4
2018-06-04T02:30:00Z,BUD,Budds_Landing,39.37225,-75.83986667,1.0,10.05,NaN,22.06,0.16,115.2
2018-06-04T02:45:00Z,BUD,Budds_Landing,39.37225,-75.83986667,1.0,10.0,NaN,21.76,0.16,114.0
2018-06-04T03:00:00Z,BUD,Budds_Landing,39.37225,-75.83986667,1.0,9.92,NaN,21.71,0.16,112.9
2018-06-04T03:15:00Z,BUD,Budds_Landing,39.37225,-75.83986667,1.0,9.8,NaN,21.72,0.16,111.5
2018-06-04T03:30:00Z,BUD,Budds_Landing,39.37225,-75.83986667,1.0,9.7,NaN,21.63,0.15,110.3
2018-06-04T03:45:00Z,BUD,Budds_Landing,39.37225,-75.83986667,1.0,9.54,NaN,21.62,0.15,108.4
2018-06-04T04:00:00Z,BUD,Budds_Landing,39.37225,-75.83986667,1.0,9.48,NaN,21.67,0.15,107.9
2018-06-04T04:15:00Z,BUD,Budds_Landing,39.37225,-75.83986667,1.0,9.45,NaN,21.63,0.16,107.4
2018-06-04T04:30:00Z,BUD,Budds_Landing,39.37225,-75.83986667,1.0,9.3,NaN,21.66,0.16,105.7
2018-06-04T04:45:00Z,BUD,Budds_Landing,39.37225,-75.83986667,1.0,9.28,NaN,21.62,0.16,105.5
2018-06-04T05:00:00Z,BUD,Budds_Landing,39.37225,-75.83986667,1.0,9.44,NaN,21.69,0.16,107.4
2018-06-04T05:15:00Z,BUD,Budds_Landing,39.37225,-75.83986667,1.0,9.42,NaN,21.72,0.16,107.3
2018-06-04T05:30:00Z,BUD,Budds_Landing,39.37225,-75.83986667,1.0,9.41,NaN,21.73,0.16,107.2
2018-06-04T05:45:00Z,BUD,Budds_Landing,39.37225,-75.83986667,1.0,9.44,NaN,21.78,0.16,107.5
2018-06-04T06:00:00Z,BUD,Budds_Landing,39.37225,-75.83986667,1.0,9.37,NaN,21.8,0.17,106.8
2018-06-04T06:15:00Z,BUD,Budds_Landing,39.37225,-75.83986667,1.0,9.16,NaN,21.8,0.17,104.5
2018-06-04T06:30:00Z,BUD,Budds_Landing,39.37225,-75.83986667,1.0,9.19,NaN,21.76,0.17,104.7
2018-06-04T06:45:00Z,BUD,Budds_Landing,39.37225,-75.83986667,1.0,9.07,NaN,21.6,0.17,103.1
2018-06-04T07:00:00Z,BUD,Budds_Landing,39.37225,-75.83986667,1.0,9.06,NaN,21.59,0.16,102.9
2018-06-04T07:15:00Z,BUD,Budds_Landing,39.37225,-75.83986667,1.0,8.97,NaN,21.57,0.16,101.9
2018-06-04T07:30:00Z,BUD,Budds_Landing,39.37225,-75.83986667,1.0,8.85,NaN,21.61,0.17,100.6
2018-06-04T07:45:00Z,BUD,Budds_Landing,39.37225,-75.83986667,1.0,8.9,NaN,21.59,0.17,101.0
2018-06-04T08:00:00Z,BUD,Budds_Landing,39.37225,-75.83986667,1.0,8.86,NaN,21.51,0.17,100.4
2018-06-04T08:15:00Z,BUD,Budds_Landing,39.37225,-75.83986667,1.0,8.75,NaN,21.15,0.16,98.6
2018-06-04T08:30:00Z,BUD,Budds_Landing,39.37225,-75.83986667,1.0,8.79,NaN,21.02,0.15,98.7
2018-06-04T08:45:00Z,BUD,Budds_Landing,39.37225,-75.83986667,1.0,8.76,NaN,21.03,0.15,98.4
2018-06-04T09:00:00Z,BUD,Budds_Landing,39.37225,-75.83986667,1.0,8.53,NaN,20.98,0.16,95.8
2018-06-04T09:15:00Z,BUD,Budds_Landing,39.37225,-75.83986667,1.0,8.26,NaN,20.86,0.16,92.4
2018-06-04T09:30:00Z,BUD,Budds_Landing,39.37225,-75.83986667,1.0,8.36,NaN,21.02,0.16,93.9
2018-06-04T09:45:00Z,BUD,Budds_Landing,39.37225,-75.83986667,1.0,8.13,NaN,20.91,0.16,91.1
2018-06-04T10:00:00Z,BUD,Budds_Landing,39.37225,-75.83986667,1.0,8.06,NaN,20.91,0.16,90.3
2018-06-04T10:15:00Z,BUD,Budds_Landing,39.37225,-75.83986667,1.0,7.81,NaN,20.77,0.16,87.2
2018-06-04T10:30:00Z,BUD,Budds_Landing,39.37225,-75.83986667,1.0,8.08,NaN,20.39,0.15,89.6
2018-06-04T10:45:00Z,BUD,Budds_Landing,39.37225,-75.83986667,1.0,8.07,NaN,20.29,0.14,89.4
2018-06-04T11:00:00Z,BUD,Budds_Landing,39.37225,-75.83986667,1.0,8.08,NaN,20.1,0.13,89.1
2018-06-04T11:15:00Z,BUD,Budds_Landing,39.37225,-75.83986667,1.0,8.0,NaN,19.98,0.13,88.0
2018-06-04T11:30:00Z,BUD,Budds_Landing,39.37225,-75.83986667,1.0,8.02,NaN,19.92,0.13,88.1
2018-06-04T11:45:00Z,BUD,Budds_Landing,39.37225,-75.83986667,1.0,8.09,NaN,19.86,0.13,88.8
2018-06-04T12:00:00Z,BUD,Budds_Landing,39.37225,-75.83986667,1.0,8.04,NaN,19.8,0.13,88.2
2018-06-04T12:15:00Z,BUD,Budds_Landing,39.37225,-75.83986667,1.0,8.06,NaN,19.77,0.13,88.3
2018-06-04T12:30:00Z,BUD,Budds_Landing,39.37225,-75.83986667,1.0,7.94,NaN,19.72,0.12,86.9
2018-06-04T12:45:00Z,BUD,Budds_Landing,39.37225,-75.83986667,1.0,7.99,NaN,19.71,0.12,87.5
2018-06-04T13:00:00Z,BUD,Budds_Landing,39.37225,-75.83986667,1.0,7.89,NaN,19.74,0.12,86.4
2018-06-04T13:15:00Z,BUD,Budds_Landing,39.37225,-75.83986667,1.0,7.9,NaN,19.76,0.12,86.5
2018-06-04T13:30:00Z,BUD,Budds_Landing,39.37225,-75.83986667,1.0,8.25,NaN,19.76,0.12,90.3
2018-06-04T13:45:00Z,BUD,Budds_Landing,39.37225,-75.83986667,1.0,8.51,NaN,19.86,0.12,93.4
2018-06-04T14:00:00Z,BUD,Budds_Landing,39.37225,-75.83986667,1.0,9.92,NaN,20.87,0.14,111.0
2018-06-04T14:15:00Z,BUD,Budds_Landing,39.37225,-75.83986667,1.0,10.46,NaN,21.14,0.15,117.7
2018-06-04T14:30:00Z,BUD,Budds_Landing,39.37225,-75.83986667,1.0,11.33,NaN,21.33,0.15,128.1
2018-06-04T14:45:00Z,BUD,Budds_Landing,39.37225,-75.83986667,1.0,11.68,NaN,21.31,0.15,131.9
2018-06-04T15:00:00Z,BUD,Budds_Landing,39.37225,-75.83986667,1.0,11.76,NaN,21.51,0.15,133.3
2018-06-04T15:15:00Z,BUD,Budds_Landing,39.37225,-75.83986667,1.0,11.72,NaN,21.54,0.15,133.0
2018-06-04T15:30:00Z,BUD,Budds_Landing,39.37225,-75.83986667,1.0,12.1,NaN,21.71,0.16,137.8
2018-06-04T15:45:00Z,BUD,Budds_Landing,39.37225,-75.83986667,1.0,11.8,NaN,21.82,0.16,134.6
2018-06-04T16:00:00Z,BUD,Budds_Landing,39.37225,-75.83986667,1.0,11.84,NaN,21.92,0.17,135.3
2018-06-04T16:15:00Z,BUD,Budds_Landing,39.37225,-75.83986667,1.0,11.85,NaN,22.02,0.17,135.7
2018-06-04T16:30:00Z,BUD,Budds_Landing,39.37225,-75.83986667,1.0,12.07,NaN,22.11,0.17,138.4
2018-06-04T16:45:00Z,BUD,Budds_Landing,39.37225,-75.83986667,1.0,12.21,NaN,22.23,0.17,140.4
2018-06-04T17:00:00Z,BUD,Budds_Landing,39.37225,-75.83986667,1.0,12.34,NaN,22.3,0.17,142.1
2018-06-04T17:15:00Z,BUD,Budds_Landing,39.37225,-75.83986667,1.0,12.37,NaN,22.35,0.17,142.5
2018-06-04T17:30:00Z,BUD,Budds_Landing,39.37225,-75.83986667,1.0,12.65,NaN,22.51,0.17,146.3
2018-06-04T17:45:00Z,BUD,Budds_Landing,39.37225,-75.83986667,1.0,12.7,NaN,22.59,0.18,147.1
2018-06-04T18:00:00Z,BUD,Budds_Landing,39.37225,-75.83986667,1.0,12.73,NaN,22.64,0.18,147.5
2018-06-04T18:15:00Z,BUD,Budds_Landing,39.37225,-75.83986667,1.0,12.9,NaN,22.75,0.18,149.8
2018-06-04T18:30:00Z,BUD,Budds_Landing,39.37225,-75.83986667,1.0,13.11,NaN,22.91,0.18,152.7
2018-06-04T18:45:00Z,BUD,Budds_Landing,39.37225,-75.83986667,1.0,13.02,NaN,22.78,0.18,151.3
2018-06-04T19:00:00Z,BUD,Budds_Landing,39.37225,-75.83986667,1.0,13.06,NaN,23.08,0.18,152.7
2018-06-04T19:15:00Z,BUD,Budds_Landing,39.37225,-75.83986667,1.0,12.98,NaN,23.03,0.18,151.5
2018-06-04T19:30:00Z,BUD,Budds_Landing,39.37225,-75.83986667,1.0,13.44,NaN,23.2,0.18,157.5
2018-06-04T19:45:00Z,BUD,Budds_Landing,39.37225,-75.83986667,1.0,14.06,NaN,23.37,0.17,165.2
2018-06-04T20:00:00Z,BUD,Budds_Landing,39.37225,-75.83986667,1.0,14.24,NaN,23.06,0.17,166.3
2018-06-04T20:15:00Z,BUD,Budds_Landing,39.37225,-75.83986667,1.0,13.8,NaN,22.55,0.16,159.6
2018-06-04T20:30:00Z,BUD,Budds_Landing,39.37225,-75.83986667,1.0,13.65,NaN,22.53,0.16,157.8
2018-06-04T20:45:00Z,BUD,Budds_Landing,39.37225,-75.83986667,1.0,13.45,NaN,22.31,0.16,154.8
2018-06-04T21:00:00Z,BUD,Budds_Landing,39.37225,-75.83986667,1.0,14.25,NaN,22.72,0.16,165.4
2018-06-04T21:15:00Z,BUD,Budds_Landing,39.37225,-75.83986667,1.0,13.88,NaN,22.76,0.16,161.2
2018-06-04T21:30:00Z,BUD,Budds_Landing,39.37225,-75.83986667,1.0,14.17,NaN,22.58,0.16,164.0
2018-06-04T21:45:00Z,BUD,Budds_Landing,39.37225,-75.83986667,1.0,13.91,NaN,22.97,0.15,162.2
2018-06-04T22:00:00Z,BUD,Budds_Landing,39.37225,-75.83986667,1.0,13.78,NaN,22.66,0.15,159.7
2018-06-04T22:15:00Z,BUD,Budds_Landing,39.37225,-75.83986667,1.0,13.4,NaN,22.51,0.15,154.9
2018-06-04T22:30:00Z,BUD,Budds_Landing,39.37225,-75.83986667,1.0,12.88,NaN,22.23,0.15,148.1
2018-06-04T22:45:00Z,BUD,Budds_Landing,39.37225,-75.83986667,1.0,12.68,NaN,21.98,0.14,145.1
2018-06-04T23:00:00Z,BUD,Budds_Landing,39.37225,-75.83986667,1.0,12.98,NaN,22.49,0.15,150.0
2018-06-04T23:15:00Z,BUD,Budds_Landing,39.37225,-75.83986667,1.0,13.1,NaN,22.59,0.15,151.7
2018-06-04T23:30:00Z,BUD,Budds_Landing,39.37225,-75.83986667,1.0,14.69,NaN,23.37,0.16,172.5
2018-06-04T23:45:00Z,BUD,Budds_Landing,39.37225,-75.83986667,1.0,13.97,NaN,23.09,0.16,163.2
2018-06-05T00:00:00Z,BUD,Budds_Landing,39.37225,-75.83986667,1.0,13.9,NaN,23.05,0.15,162.3
2018-06-05T00:15:00Z,BUD,Budds_Landing,39.37225,-75.83986667,1.0,13.5,NaN,22.95,0.13,157.3
2018-06-05T00:30:00Z,BUD,Budds_Landing,39.37225,-75.83986667,1.0,13.41,NaN,22.89,0.13,156.1
2018-06-05T00:45:00Z,BUD,Budds_Landing,39.37225,-75.83986667,1.0,14.1,NaN,23.02,0.13,164.6
2018-06-05T01:00:00Z,BUD,Budds_Landing,39.37225,-75.83986667,1.0,14.47,NaN,23.24,0.13,169.6
2018-06-05T01:15:00Z,BUD,Budds_Landing,39.37225,-75.83986667,1.0,14.6,NaN,23.31,0.15,171.4
2018-06-05T01:30:00Z,BUD,Budds_Landing,39.37225,-75.83986667,1.0,14.41,NaN,23.25,0.15,168.9
2018-06-05T01:45:00Z,BUD,Budds_Landing,39.37225,-75.83986667,1.0,14.49,NaN,23.51,0.17,170.8
2018-06-05T02:00:00Z,BUD,Budds_Landing,39.37225,-75.83986667,1.0,14.35,NaN,23.31,0.16,168.4
2018-06-05T02:15:00Z,BUD,Budds_Landing,39.37225,-75.83986667,1.0,14.26,NaN,23.27,0.15,167.2
2018-06-05T02:30:00Z,BUD,Budds_Landing,39.37225,-75.83986667,1.0,14.1,NaN,23.17,0.14,165.1
2018-06-05T02:45:00Z,BUD,Budds_Landing,39.37225,-75.83986667,1.0,13.93,NaN,23.11,0.15,162.8
2018-06-05T03:00:00Z,BUD,Budds_Landing,39.37225,-75.83986667,1.0,13.7,NaN,23.03,0.15,159.9
2018-06-05T03:15:00Z,BUD,Budds_Landing,39.37225,-75.83986667,1.0,14.01,NaN,23.0,0.16,163.4
2018-06-05T03:30:00Z,BUD,Budds_Landing,39.37225,-75.83986667,1.0,13.86,NaN,22.93,0.16,161.5
2018-06-05T03:45:00Z,BUD,Budds_Landing,39.37225,-75.83986667,1.0,13.4,NaN,22.87,0.17,156.0
2018-06-05T04:00:00Z,BUD,Budds_Landing,39.37225,-75.83986667,1.0,13.22,NaN,22.85,0.17,153.8
2018-06-05T04:15:00Z,BUD,Budds_Landing,39.37225,-75.83986667,1.0,13.08,NaN,22.88,0.17,152.3
2018-06-05T04:30:00Z,BUD,Budds_Landing,39.37225,-75.83986667,1.0,13.2,NaN,22.86,0.17,153.6
2018-06-05T04:45:00Z,BUD,Budds_Landing,39.37225,-75.83986667,1.0,12.58,NaN,22.92,0.18,146.6
2018-06-05T05:00:00Z,BUD,Budds_Landing,39.37225,-75.83986667,1.0,12.57,NaN,23.0,0.19,146.6
2018-06-05T05:15:00Z,BUD,Budds_Landing,39.37225,-75.83986667,1.0,12.49,NaN,23.0,0.19,145.7
2018-06-05T05:30:00Z,BUD,Budds_Landing,39.37225,-75.83986667,1.0,12.43,NaN,22.98,0.19,145.0
2018-06-05T05:45:00Z,BUD,Budds_Landing,39.37225,-75.83986667,1.0,12.28,NaN,22.99,0.19,143.3
2018-06-05T06:00:00Z,BUD,Budds_Landing,39.37225,-75.83986667,1.0,12.05,NaN,23.0,0.19,140.6
2018-06-05T06:15:00Z,BUD,Budds_Landing,39.37225,-75.83986667,1.0,12.02,NaN,23.0,0.19,140.3
2018-06-05T06:30:00Z,BUD,Budds_Landing,39.37225,-75.83986667,1.0,12.03,NaN,23.05,0.2,140.5
2018-06-05T06:45:00Z,BUD,Budds_Landing,39.37225,-75.83986667,1.0,11.9,NaN,23.07,0.2,139.1
2018-06-05T07:00:00Z,BUD,Budds_Landing,39.37225,-75.83986667,1.0,11.8,NaN,23.07,0.2,137.9
2018-06-05T07:15:00Z,BUD,Budds_Landing,39.37225,-75.83986667,1.0,11.86,NaN,22.91,0.19,138.2
2018-06-05T07:30:00Z,BUD,Budds_Landing,39.37225,-75.83986667,1.0,11.81,NaN,22.74,0.18,137.1
2018-06-05T07:45:00Z,BUD,Budds_Landing,39.37225,-75.83986667,1.0,12.19,NaN,22.44,0.16,140.7
2018-06-05T08:00:00Z,BUD,Budds_Landing,39.37225,-75.83986667,1.0,12.02,NaN,22.65,0.18,139.3
2018-06-05T08:15:00Z,BUD,Budds_Landing,39.37225,-75.83986667,1.0,11.77,NaN,22.5,0.17,136.0
2018-06-05T08:30:00Z,BUD,Budds_Landing,39.37225,-75.83986667,1.0,11.62,NaN,22.55,0.17,134.4
2018-06-05T08:45:00Z,BUD,Budds_Landing,39.37225,-75.83986667,1.0,11.41,NaN,22.52,0.17,132.0
2018-06-05T09:00:00Z,BUD,Budds_Landing,39.37225,-75.83986667,1.0,11.25,NaN,22.52,0.17,130.0
2018-06-05T09:15:00Z,BUD,Budds_Landing,39.37225,-75.83986667,1.0,11.28,NaN,22.48,0.18,130.4
2018-06-05T09:30:00Z,BUD,Budds_Landing,39.37225,-75.83986667,1.0,11.24,NaN,22.48,0.17,129.9
2018-06-05T09:45:00Z,BUD,Budds_Landing,39.37225,-75.83986667,1.0,11.43,NaN,22.46,0.18,132.0
2018-06-05T10:00:00Z,BUD,Budds_Landing,39.37225,-75.83986667,1.0,11.31,NaN,22.3,0.18,130.2
2018-06-05T10:15:00Z,BUD,Budds_Landing,39.37225,-75.83986667,1.0,11.3,NaN,22.33,0.18,130.2
2018-06-05T10:30:00Z,BUD,Budds_Landing,39.37225,-75.83986667,1.0,11.23,NaN,22.31,0.18,129.4
2018-06-05T10:45:00Z,BUD,Budds_Landing,39.37225,-75.83986667,1.0,11.33,NaN,22.23,0.18,130.3
2018-06-05T11:00:00Z,BUD,Budds_Landing,39.37225,-75.83986667,1.0,11.15,NaN,22.16,0.17,128.0
2018-06-05T11:15:00Z,BUD,Budds_Landing,39.37225,-75.83986667,1.0,11.16,NaN,22.15,0.17,128.1
2018-06-05T11:30:00Z,BUD,Budds_Landing,39.37225,-75.83986667,1.0,11.42,NaN,22.13,0.17,131.1
2018-06-05T11:45:00Z,BUD,Budds_Landing,39.37225,-75.83986667,1.0,11.82,NaN,22.11,0.16,135.6
2018-06-05T12:00:00Z,BUD,Budds_Landing,39.37225,-75.83986667,1.0,11.93,NaN,22.06,0.16,136.8
2018-06-05T12:15:00Z,BUD,Budds_Landing,39.37225,-75.83986667,1.0,11.78,NaN,22.09,0.16,135.1
2018-06-05T12:30:00Z,BUD,Budds_Landing,39.37225,-75.83986667,1.0,12.22,NaN,22.1,0.16,140.2
2018-06-05T12:45:00Z,BUD,Budds_Landing,39.37225,-75.83986667,1.0,12.25,NaN,22.16,0.16,140.6
2018-06-05T13:00:00Z,BUD,Budds_Landing,39.37225,-75.83986667,1.0,11.93,NaN,22.34,0.17,137.5
2018-06-05T13:15:00Z,BUD,Budds_Landing,39.37225,-75.83986667,1.0,12.18,NaN,22.36,0.17,140.4
2018-06-05T13:30:00Z,BUD,Budds_Landing,39.37225,-75.83986667,1.0,12.92,NaN,22.49,0.17,149.3
2018-06-05T13:45:00Z,BUD,Budds_Landing,39.37225,-75.83986667,1.0,12.91,NaN,22.67,0.18,149.7
2018-06-05T14:00:00Z,BUD,Budds_Landing,39.37225,-75.83986667,1.0,13.33,NaN,22.78,0.18,154.9
2018-06-05T14:15:00Z,BUD,Budds_Landing,39.37225,-75.83986667,1.0,13.59,NaN,22.85,0.18,158.1
2018-06-05T14:30:00Z,BUD,Budds_Landing,39.37225,-75.83986667,1.0,13.5,NaN,22.89,0.18,157.2
2018-06-05T14:45:00Z,BUD,Budds_Landing,39.37225,-75.83986667,1.0,13.46,NaN,22.9,0.18,156.7
2018-06-05T15:00:00Z,BUD,Budds_Landing,39.37225,-75.83986667,1.0,13.24,NaN,22.98,0.18,154.5
2018-06-05T15:15:00Z,BUD,Budds_Landing,39.37225,-75.83986667,1.0,13.0,NaN,23.0,0.19,151.7
2018-06-05T15:30:00Z,BUD,Budds_Landing,39.37225,-75.83986667,1.0,13.01,NaN,22.98,0.19,151.7
2018-06-05T15:45:00Z,BUD,Budds_Landing,39.37225,-75.83986667,1.0,12.95,NaN,22.99,0.19,151.0
2018-06-05T16:00:00Z,BUD,Budds_Landing,39.37225,-75.83986667,1.0,12.77,NaN,23.12,0.19,149.4
2018-06-05T16:15:00Z,BUD,Budds_Landing,39.37225,-75.83986667,1.0,12.67,NaN,23.2,0.2,148.4
2018-06-05T16:30:00Z,BUD,Budds_Landing,39.37225,-75.83986667,1.0,12.64,NaN,23.23,0.2,148.1
2018-06-05T16:45:00Z,BUD,Budds_Landing,39.37225,-75.83986667,1.0,12.9,NaN,23.34,0.2,151.6
2018-06-05T17:00:00Z,BUD,Budds_Landing,39.37225,-75.83986667,1.0,13.04,NaN,23.39,0.2,153.3
2018-06-05T17:15:00Z,BUD,Budds_Landing,39.37225,-75.83986667,1.0,13.14,NaN,23.44,0.2,154.6
2018-06-05T17:30:00Z,BUD,Budds_Landing,39.37225,-75.83986667,1.0,13.06,NaN,23.45,0.2,153.8
2018-06-05T17:45:00Z,BUD,Budds_Landing,39.37225,-75.83986667,1.0,13.06,NaN,23.43,0.2,153.7
2018-06-05T18:00:00Z,BUD,Budds_Landing,39.37225,-75.83986667,1.0,13.48,NaN,23.58,0.2,159.0
2018-06-05T18:15:00Z,BUD,Budds_Landing,39.37225,-75.83986667,1.0,13.68,NaN,23.58,0.2,161.4
2018-06-05T18:30:00Z,BUD,Budds_Landing,39.37225,-75.83986667,1.0,13.78,NaN,23.51,0.19,162.3
2018-06-05T18:45:00Z,BUD,Budds_Landing,39.37225,-75.83986667,1.0,13.89,NaN,23.59,0.19,164.0
2018-06-05T19:00:00Z,BUD,Budds_Landing,39.37225,-75.83986667,1.0,13.9,NaN,23.66,0.19,164.3
2018-06-05T19:15:00Z,BUD,Budds_Landing,39.37225,-75.83986667,1.0,13.81,NaN,23.68,0.2,163.2
2018-06-05T19:30:00Z,BUD,Budds_Landing,39.37225,-75.83986667,1.0,13.64,NaN,23.63,0.2,161.1
2018-06-05T19:45:00Z,BUD,Budds_Landing,39.37225,-75.83986667,1.0,13.69,NaN,23.73,0.2,162.0
2018-06-05T20:00:00Z,BUD,Budds_Landing,39.37225,-75.83986667,1.0,14.16,NaN,23.65,0.19,167.2
2018-06-05T20:15:00Z,BUD,Budds_Landing,39.37225,-75.83986667,1.0,13.78,NaN,23.51,0.18,162.3
2018-06-05T20:30:00Z,BUD,Budds_Landing,39.37225,-75.83986667,1.0,14.17,NaN,23.68,0.18,167.5
2018-06-05T20:45:00Z,BUD,Budds_Landing,39.37225,-75.83986667,1.0,14.23,NaN,23.72,0.18,168.4
2018-06-05T21:00:00Z,BUD,Budds_Landing,39.37225,-75.83986667,1.0,13.99,NaN,23.68,0.18,165.4
2018-06-05T21:15:00Z,BUD,Budds_Landing,39.37225,-75.83986667,1.0,14.04,NaN,23.7,0.18,166.0
2018-06-05T21:30:00Z,BUD,Budds_Landing,39.37225,-75.83986667,1.0,13.97,NaN,23.65,0.18,165.0
2018-06-05T21:45:00Z,BUD,Budds_Landing,39.37225,-75.83986667,1.0,14.16,NaN,23.66,0.18,167.3
2018-06-05T22:00:00Z,BUD,Budds_Landing,39.37225,-75.83986667,1.0,13.97,NaN,23.64,0.18,165.0
2018-06-05T22:15:00Z,BUD,Budds_Landing,39.37225,-75.83986667,1.0,14.94,NaN,23.78,0.17,176.9
2018-06-05T22:30:00Z,BUD,Budds_Landing,39.37225,-75.83986667,1.0,14.78,NaN,23.77,0.17,175.0
2018-06-05T22:45:00Z,BUD,Budds_Landing,39.37225,-75.83986667,1.0,14.59,NaN,23.8,0.17,172.8
2018-06-05T23:00:00Z,BUD,Budds_Landing,39.37225,-75.83986667,1.0,14.47,NaN,23.78,0.17,171.3
2018-06-05T23:15:00Z,BUD,Budds_Landing,39.37225,-75.83986667,1.0,14.49,NaN,23.75,0.17,171.4
2018-06-05T23:30:00Z,BUD,Budds_Landing,39.37225,-75.83986667,1.0,14.58,NaN,23.62,0.16,172.1
2018-06-05T23:45:00Z,BUD,Budds_Landing,39.37225,-75.83986667,1.0,14.38,NaN,23.59,0.16,169.6
2018-06-06T00:00:00Z,BUD,Budds_Landing,39.37225,-75.83986667,1.0,14.41,NaN,23.58,0.17,170.0
2018-06-06T00:15:00Z,BUD,Budds_Landing,39.37225,-75.83986667,1.0,14.34,NaN,23.33,0.14,168.3
2018-06-06T00:30:00Z,BUD,Budds_Landing,39.37225,-75.83986667,1.0,14.17,NaN,23.45,0.16,166.7
2018-06-06T00:45:00Z,BUD,Budds_Landing,39.37225,-75.83986667,1.0,14.16,NaN,23.35,0.15,166.3
2018-06-06T01:00:00Z,BUD,Budds_Landing,39.37225,-75.83986667,1.0,14.08,NaN,23.42,0.14,165.5
2018-06-06T01:15:00Z,BUD,Budds_Landing,39.37225,-75.83986667,1.0,14.08,NaN,23.33,0.14,165.2
2018-06-06T01:30:00Z,BUD,Budds_Landing,39.37225,-75.83986667,1.0,13.94,NaN,23.29,0.14,163.6
2018-06-06T01:45:00Z,BUD,Budds_Landing,39.37225,-75.83986667,1.0,13.91,NaN,23.33,0.15,163.2
2018-06-06T02:00:00Z,BUD,Budds_Landing,39.37225,-75.83986667,1.0,13.82,NaN,23.28,0.14,162.1
2018-06-06T02:15:00Z,BUD,Budds_Landing,39.37225,-75.83986667,1.0,13.57,NaN,23.32,0.15,159.3
2018-06-06T02:30:00Z,BUD,Budds_Landing,39.37225,-75.83986667,1.0,13.24,NaN,23.28,0.15,155.3
2018-06-06T02:45:00Z,BUD,Budds_Landing,39.37225,-75.83986667,1.0,13.16,NaN,23.28,0.15,154.3
2018-06-06T03:00:00Z,BUD,Budds_Landing,39.37225,-75.83986667,1.0,13.22,NaN,23.25,0.14,154.9
2018-06-06T03:15:00Z,BUD,Budds_Landing,39.37225,-75.83986667,1.0,13.25,NaN,23.24,0.15,155.3
2018-06-06T03:30:00Z,BUD,Budds_Landing,39.37225,-75.83986667,1.0,13.06,NaN,23.2,0.15,152.9
2018-06-06T03:45:00Z,BUD,Budds_Landing,39.37225,-75.83986667,1.0,13.07,NaN,23.17,0.15,153.0
2018-06-06T04:00:00Z,BUD,Budds_Landing,39.37225,-75.83986667,1.0,13.0,NaN,23.16,0.15,152.2
2018-06-06T04:15:00Z,BUD,Budds_Landing,39.37225,-75.83986667,1.0,12.95,NaN,23.04,0.16,151.3
2018-06-06T04:30:00Z,BUD,Budds_Landing,39.37225,-75.83986667,1.0,12.76,NaN,23.09,0.16,149.1
2018-06-06T04:45:00Z,BUD,Budds_Landing,39.37225,-75.83986667,1.0,12.88,NaN,22.8,0.15,149.7
2018-06-06T05:00:00Z,BUD,Budds_Landing,39.37225,-75.83986667,1.0,12.78,NaN,22.77,0.15,148.5
2018-06-06T05:15:00Z,BUD,Budds_Landing,39.37225,-75.83986667,1.0,12.51,NaN,22.77,0.15,145.4
2018-06-06T05:30:00Z,BUD,Budds_Landing,39.37225,-75.83986667,1.0,12.14,NaN,22.79,0.16,141.1
2018-06-06T05:45:00Z,BUD,Budds_Landing,39.37225,-75.83986667,1.0,12.36,NaN,22.72,0.15,143.4
2018-06-06T06:00:00Z,BUD,Budds_Landing,39.37225,-75.83986667,1.0,12.16,NaN,22.75,0.16,141.2
2018-06-06T06:15:00Z,BUD,Budds_Landing,39.37225,-75.83986667,1.0,12.33,NaN,22.73,0.16,143.1
2018-06-06T06:30:00Z,BUD,Budds_Landing,39.37225,-75.83986667,1.0,12.23,NaN,22.73,0.16,142.0
2018-06-06T06:45:00Z,BUD,Budds_Landing,39.37225,-75.83986667,1.0,11.88,NaN,22.92,0.18,138.4
2018-06-06T07:00:00Z,BUD,Budds_Landing,39.37225,-75.83986667,1.0,11.51,NaN,22.92,0.19,134.1
2018-06-06T07:15:00Z,BUD,Budds_Landing,39.37225,-75.83986667,1.0,11.36,NaN,22.9,0.19,132.3
2018-06-06T07:30:00Z,BUD,Budds_Landing,39.37225,-75.83986667,1.0,11.43,NaN,22.88,0.19,133.1
2018-06-06T07:45:00Z,BUD,Budds_Landing,39.37225,-75.83986667,1.0,11.7,NaN,22.82,0.18,136.0
2018-06-06T08:00:00Z,BUD,Budds_Landing,39.37225,-75.83986667,1.0,11.74,NaN,22.75,0.17,136.4
2018-06-06T08:15:00Z,BUD,Budds_Landing,39.37225,-75.83986667,1.0,11.9,NaN,22.68,0.16,137.9
2018-06-06T08:30:00Z,BUD,Budds_Landing,39.37225,-75.83986667,1.0,11.66,NaN,22.67,0.15,135.2
2018-06-06T08:45:00Z,BUD,Budds_Landing,39.37225,-75.83986667,1.0,11.36,NaN,22.63,0.15,131.6
2018-06-06T09:00:00Z,BUD,Budds_Landing,39.37225,-75.83986667,1.0,11.73,NaN,22.59,0.16,135.8
2018-06-06T09:15:00Z,BUD,Budds_Landing,39.37225,-75.83986667,1.0,11.54,NaN,22.45,0.15,133.2
2018-06-06T09:30:00Z,BUD,Budds_Landing,39.37225,-75.83986667,1.0,11.54,NaN,22.56,0.17,133.5
2018-06-06T09:45:00Z,BUD,Budds_Landing,39.37225,-75.83986667,1.0,11.44,NaN,22.56,0.17,132.3
2018-06-06T10:00:00Z,BUD,Budds_Landing,39.37225,-75.83986667,1.0,11.44,NaN,22.41,0.16,132.0
2018-06-06T10:15:00Z,BUD,Budds_Landing,39.37225,-75.83986667,1.0,11.24,NaN,22.21,0.15,129.2
2018-06-06T10:30:00Z,BUD,Budds_Landing,39.37225,-75.83986667,1.0,11.1,NaN,22.15,0.15,127.5
2018-06-06T10:45:00Z,BUD,Budds_Landing,39.37225,-75.83986667,1.0,11.1,NaN,22.13,0.15,127.4
2018-06-06T11:00:00Z,BUD,Budds_Landing,39.37225,-75.83986667,1.0,11.35,NaN,22.15,0.14,130.2
2018-06-06T11:15:00Z,BUD,Budds_Landing,39.37225,-75.83986667,1.0,11.4,NaN,22.07,0.14,130.7
2018-06-06T11:30:00Z,BUD,Budds_Landing,39.37225,-75.83986667,1.0,11.28,NaN,22.02,0.14,129.2
2018-06-06T11:45:00Z,BUD,Budds_Landing,39.37225,-75.83986667,1.0,11.53,NaN,22.01,0.14,132.0
2018-06-06T12:00:00Z,BUD,Budds_Landing,39.37225,-75.83986667,1.0,11.06,NaN,21.92,0.13,126.4
2018-06-06T12:15:00Z,BUD,Budds_Landing,39.37225,-75.83986667,1.0,11.25,NaN,21.91,0.13,128.5
2018-06-06T12:30:00Z,BUD,Budds_Landing,39.37225,-75.83986667,1.0,11.47,NaN,21.91,0.13,131.0
2018-06-06T12:45:00Z,BUD,Budds_Landing,39.37225,-75.83986667,1.0,11.55,NaN,22.05,0.14,132.3
2018-06-06T13:00:00Z,BUD,Budds_Landing,39.37225,-75.83986667,1.0,11.94,NaN,22.23,0.14,137.3
2018-06-06T13:15:00Z,BUD,Budds_Landing,39.37225,-75.83986667,1.0,12.0,NaN,22.3,0.14,138.1
2018-06-06T13:30:00Z,BUD,Budds_Landing,39.37225,-75.83986667,1.0,11.68,NaN,22.14,0.14,134.0
2018-06-06T13:45:00Z,BUD,Budds_Landing,39.37225,-75.83986667,1.0,12.02,NaN,22.35,0.15,138.5
2018-06-06T14:00:00Z,BUD,Budds_Landing,39.37225,-75.83986667,1.0,12.28,NaN,22.46,0.14,141.8
2018-06-06T14:15:00Z,BUD,Budds_Landing,39.37225,-75.83986667,1.0,12.31,NaN,22.27,0.13,141.7
2018-06-06T14:30:00Z,BUD,Budds_Landing,39.37225,-75.83986667,1.0,12.86,NaN,22.63,0.14,149.0
2018-06-06T14:45:00Z,BUD,Budds_Landing,39.37225,-75.83986667,1.0,12.86,NaN,22.45,0.13,148.5
2018-06-06T15:00:00Z,BUD,Budds_Landing,39.37225,-75.83986667,1.0,13.13,NaN,22.61,0.13,152.0
2018-06-06T15:15:00Z,BUD,Budds_Landing,39.37225,-75.83986667,1.0,13.48,NaN,22.82,0.13,156.7
2018-06-06T15:30:00Z,BUD,Budds_Landing,39.37225,-75.83986667,1.0,13.55,NaN,23.19,0.16,158.7
2018-06-06T15:45:00Z,BUD,Budds_Landing,39.37225,-75.83986667,1.0,13.83,NaN,23.2,0.16,162.0
2018-06-06T16:00:00Z,BUD,Budds_Landing,39.37225,-75.83986667,1.0,14.09,NaN,23.27,0.16,165.3
2018-06-06T16:15:00Z,BUD,Budds_Landing,39.37225,-75.83986667,1.0,14.33,NaN,23.41,0.16,168.5
2018-06-06T16:30:00Z,BUD,Budds_Landing,39.37225,-75.83986667,1.0,14.56,NaN,23.54,0.15,171.6
2018-06-06T16:45:00Z,BUD,Budds_Landing,39.37225,-75.83986667,1.0,14.74,NaN,23.73,0.15,174.3
2018-06-06T17:00:00Z,BUD,Budds_Landing,39.37225,-75.83986667,1.0,14.93,NaN,23.84,0.15,176.9
2018-06-06T17:15:00Z,BUD,Budds_Landing,39.37225,-75.83986667,1.0,15.1,NaN,23.84,0.15,179.0
2018-06-06T17:30:00Z,BUD,Budds_Landing,39.37225,-75.83986667,1.0,15.31,NaN,23.96,0.15,181.9
2018-06-06T17:45:00Z,BUD,Budds_Landing,39.37225,-75.83986667,1.0,15.33,NaN,23.91,0.15,181.9
2018-06-06T18:00:00Z,BUD,Budds_Landing,39.37225,-75.83986667,1.0,15.62,NaN,23.98,0.15,185.6
2018-06-06T18:15:00Z,BUD,Budds_Landing,39.37225,-75.83986667,1.0,15.54,NaN,24.01,0.16,184.8
2018-06-06T18:30:00Z,BUD,Budds_Landing,39.37225,-75.83986667,1.0,15.6,NaN,23.92,0.16,185.2
2018-06-06T18:45:00Z,BUD,Budds_Landing,39.37225,-75.83986667,1.0,15.31,NaN,23.93,0.15,181.7
2018-06-06T19:00:00Z,BUD,Budds_Landing,39.37225,-75.83986667,1.0,15.53,NaN,23.82,0.16,184.0
2018-06-06T19:15:00Z,BUD,Budds_Landing,39.37225,-75.83986667,1.0,15.05,NaN,23.76,0.16,178.1
2018-06-06T19:30:00Z,BUD,Budds_Landing,39.37225,-75.83986667,1.0,14.51,NaN,23.44,0.17,170.7
2018-06-06T19:45:00Z,BUD,Budds_Landing,39.37225,-75.83986667,1.0,14.5,NaN,23.42,0.18,170.6
2018-06-06T20:00:00Z,BUD,Budds_Landing,39.37225,-75.83986667,1.0,13.72,NaN,23.36,0.18,161.1
2018-06-06T20:15:00Z,BUD,Budds_Landing,39.37225,-75.83986667,1.0,13.9,NaN,23.48,0.17,163.6
2018-06-06T20:30:00Z,BUD,Budds_Landing,39.37225,-75.83986667,1.0,13.37,NaN,23.36,0.17,157.1
2018-06-06T20:45:00Z,BUD,Budds_Landing,39.37225,-75.83986667,1.0,13.14,NaN,23.2,0.16,153.8
2018-06-06T21:00:00Z,BUD,Budds_Landing,39.37225,-75.83986667,1.0,12.84,NaN,23.12,0.15,150.1
2018-06-06T21:15:00Z,BUD,Budds_Landing,39.37225,-75.83986667,1.0,13.89,NaN,23.62,0.15,164.0
2018-06-06T21:30:00Z,BUD,Budds_Landing,39.37225,-75.83986667,1.0,14.56,NaN,23.47,0.15,171.3
2018-06-06T21:45:00Z,BUD,Budds_Landing,39.37225,-75.83986667,1.0,14.73,NaN,23.71,0.15,174.2
2018-06-06T22:00:00Z,BUD,Budds_Landing,39.37225,-75.83986667,1.0,15.31,NaN,23.79,0.15,181.2
2018-06-06T22:15:00Z,BUD,Budds_Landing,39.37225,-75.83986667,1.0,15.54,NaN,23.93,0.15,184.6
2018-06-06T22:30:00Z,BUD,Budds_Landing,39.37225,-75.83986667,1.0,15.42,NaN,23.78,0.15,182.6
2018-06-06T22:45:00Z,BUD,Budds_Landing,39.37225,-75.83986667,1.0,15.61,NaN,23.78,0.14,184.8
2018-06-06T23:00:00Z,BUD,Budds_Landing,39.37225,-75.83986667,1.0,15.49,NaN,23.66,0.14,183.0
2018-06-06T23:15:00Z,BUD,Budds_Landing,39.37225,-75.83986667,1.0,15.1,NaN,23.53,0.14,177.9
2018-06-06T23:30:00Z,BUD,Budds_Landing,39.37225,-75.83986667,1.0,15.13,NaN,23.54,0.14,178.4
2018-06-06T23:45:00Z,BUD,Budds_Landing,39.37225,-75.83986667,1.0,15.17,NaN,23.49,0.14,178.6
2018-06-07T00:00:00Z,BUD,Budds_Landing,39.37225,-75.83986667,1.0,15.11,NaN,23.46,0.13,177.8
2018-06-07T00:15:00Z,BUD,Budds_Landing,39.37225,-75.83986667,1.0,14.76,NaN,23.38,0.13,173.4
2018-06-07T00:30:00Z,BUD,Budds_Landing,39.37225,-75.83986667,1.0,14.69,NaN,23.36,0.14,172.5
2018-06-07T00:45:00Z,BUD,Budds_Landing,39.37225,-75.83986667,1.0,14.49,NaN,23.34,0.13,170.1
2018-06-07T01:00:00Z,BUD,Budds_Landing,39.37225,-75.83986667,1.0,14.38,NaN,23.24,0.13,168.5
2018-06-07T01:15:00Z,BUD,Budds_Landing,39.37225,-75.83986667,1.0,14.19,NaN,23.29,0.13,166.5
2018-06-07T01:30:00Z,BUD,Budds_Landing,39.37225,-75.83986667,1.0,14.4,NaN,23.2,0.13,168.6
2018-06-07T01:45:00Z,BUD,Budds_Landing,39.37225,-75.83986667,1.0,14.17,NaN,23.17,0.13,165.9
2018-06-07T02:00:00Z,BUD,Budds_Landing,39.37225,-75.83986667,1.0,14.03,NaN,23.17,0.13,164.2
2018-06-07T02:15:00Z,BUD,Budds_Landing,39.37225,-75.83986667,1.0,14.1,NaN,23.11,0.13,164.9
2018-06-07T02:30:00Z,BUD,Budds_Landing,39.37225,-75.83986667,1.0,13.84,NaN,23.36,0.12,162.5
2018-06-07T02:45:00Z,BUD,Budds_Landing,39.37225,-75.83986667,1.0,13.74,NaN,23.19,0.12,160.8
2018-06-07T03:00:00Z,BUD,Budds_Landing,39.37225,-75.83986667,1.0,13.81,NaN,23.11,0.12,161.4
2018-06-07T03:15:00Z,BUD,Budds_Landing,39.37225,-75.83986667,1.0,13.6,NaN,22.98,0.13,158.6
2018-06-07T03:30:00Z,BUD,Budds_Landing,39.37225,-75.83986667,1.0,13.75,NaN,22.93,0.15,160.2
2018-06-07T03:45:00Z,BUD,Budds_Landing,39.37225,-75.83986667,1.0,13.45,NaN,22.85,0.14,156.4
2018-06-07T04:00:00Z,BUD,Budds_Landing,39.37225,-75.83986667,1.0,13.29,NaN,22.88,0.13,154.7
2018-06-07T04:15:00Z,BUD,Budds_Landing,39.37225,-75.83986667,1.0,13.26,NaN,22.87,0.13,154.3
2018-06-07T04:30:00Z,BUD,Budds_Landing,39.37225,-75.83986667,1.0,13.29,NaN,22.84,0.13,154.5
2018-06-07T04:45:00Z,BUD,Budds_Landing,39.37225,-75.83986667,1.0,13.48,NaN,22.94,0.15,157.1
2018-06-07T05:00:00Z,BUD,Budds_Landing,39.37225,-75.83986667,1.0,13.44,NaN,22.98,0.15,156.7
2018-06-07T05:15:00Z,BUD,Budds_Landing,39.37225,-75.83986667,1.0,13.2,NaN,23.0,0.16,154.0
2018-06-07T05:30:00Z,BUD,Budds_Landing,39.37225,-75.83986667,1.0,13.08,NaN,23.04,0.16,152.8
2018-06-07T05:45:00Z,BUD,Budds_Landing,39.37225,-75.83986667,1.0,13.03,NaN,23.08,0.17,152.3
2018-06-07T06:00:00Z,BUD,Budds_Landing,39.37225,-75.83986667,1.0,13.12,NaN,23.08,0.17,153.4
2018-06-07T06:15:00Z,BUD,Budds_Landing,39.37225,-75.83986667,1.0,13.11,NaN,23.06,0.17,153.1
2018-06-07T06:30:00Z,BUD,Budds_Landing,39.37225,-75.83986667,1.0,12.71,NaN,22.99,0.17,148.2
2018-06-07T06:45:00Z,BUD,Budds_Landing,39.37225,-75.83986667,1.0,12.59,NaN,23.01,0.18,147.0
2018-06-07T07:00:00Z,BUD,Budds_Landing,39.37225,-75.83986667,1.0,12.46,NaN,23.02,0.18,145.4
2018-06-07T07:15:00Z,BUD,Budds_Landing,39.37225,-75.83986667,1.0,12.3,NaN,23.01,0.18,143.6
2018-06-07T07:30:00Z,BUD,Budds_Landing,39.37225,-75.83986667,1.0,12.21,NaN,23.0,0.18,142.5
2018-06-07T07:45:00Z,BUD,Budds_Landing,39.37225,-75.83986667,1.0,12.12,NaN,23.01,0.18,141.4
2018-06-07T08:00:00Z,BUD,Budds_Landing,39.37225,-75.83986667,1.0,12.04,NaN,22.99,0.18,140.5
2018-06-07T08:15:00Z,BUD,Budds_Landing,39.37225,-75.83986667,1.0,12.03,NaN,22.98,0.18,140.3
2018-06-07T08:30:00Z,BUD,Budds_Landing,39.37225,-75.83986667,1.0,11.83,NaN,22.97,0.18,137.9
2018-06-07T08:45:00Z,BUD,Budds_Landing,39.37225,-75.83986667,1.0,11.51,NaN,22.97,0.18,134.3
2018-06-07T09:00:00Z,BUD,Budds_Landing,39.37225,-75.83986667,1.0,11.7,NaN,22.93,0.18,136.3
2018-06-07T09:15:00Z,BUD,Budds_Landing,39.37225,-75.83986667,1.0,11.68,NaN,22.91,0.18,136.1
2018-06-07T09:30:00Z,BUD,Budds_Landing,39.37225,-75.83986667,1.0,11.66,NaN,22.86,0.18,135.7
2018-06-07T09:45:00Z,BUD,Budds_Landing,39.37225,-75.83986667,1.0,11.45,NaN,22.79,0.18,133.1
2018-06-07T10:00:00Z,BUD,Budds_Landing,39.37225,-75.83986667,1.0,11.4,NaN,22.65,0.17,132.1
2018-06-07T10:15:00Z,BUD,Budds_Landing,39.37225,-75.83986667,1.0,11.78,NaN,22.57,0.17,136.3
2018-06-07T10:30:00Z,BUD,Budds_Landing,39.37225,-75.83986667,1.0,11.63,NaN,22.57,0.16,134.5
2018-06-07T10:45:00Z,BUD,Budds_Landing,39.37225,-75.83986667,1.0,11.82,NaN,22.6,0.17,136.8
2018-06-07T11:00:00Z,BUD,Budds_Landing,39.37225,-75.83986667,1.0,11.83,NaN,22.64,0.18,137.1
2018-06-07T11:15:00Z,BUD,Budds_Landing,39.37225,-75.83986667,1.0,11.83,NaN,22.63,0.18,137.1
2018-06-07T11:30:00Z,BUD,Budds_Landing,39.37225,-75.83986667,1.0,11.71,NaN,22.62,0.18,135.7
2018-06-07T11:45:00Z,BUD,Budds_Landing,39.37225,-75.83986667,1.0,11.85,NaN,22.61,0.17,137.3
2018-06-07T12:00:00Z,BUD,Budds_Landing,39.37225,-75.83986667,1.0,11.77,NaN,22.65,0.18,136.4
2018-06-07T12:15:00Z,BUD,Budds_Landing,39.37225,-75.83986667,1.0,12.09,NaN,22.64,0.18,140.1
2018-06-07T12:30:00Z,BUD,Budds_Landing,39.37225,-75.83986667,1.0,12.13,NaN,22.63,0.18,140.5
2018-06-07T12:45:00Z,BUD,Budds_Landing,39.37225,-75.83986667,1.0,12.58,NaN,22.66,0.17,145.8
2018-06-07T13:00:00Z,BUD,Budds_Landing,39.37225,-75.83986667,1.0,12.66,NaN,22.65,0.17,146.7
2018-06-07T13:15:00Z,BUD,Budds_Landing,39.37225,-75.83986667,1.0,12.6,NaN,22.65,0.17,146.0
2018-06-07T13:30:00Z,BUD,Budds_Landing,39.37225,-75.83986667,1.0,12.77,NaN,22.63,0.16,147.9
2018-06-07T13:45:00Z,BUD,Budds_Landing,39.37225,-75.83986667,1.0,13.17,NaN,22.7,0.16,152.7
2018-06-07T14:00:00Z,BUD,Budds_Landing,39.37225,-75.83986667,1.0,13.1,NaN,22.74,0.16,152.1
2018-06-07T14:15:00Z,BUD,Budds_Landing,39.37225,-75.83986667,1.0,13.06,NaN,22.77,0.16,151.7
2018-06-07T14:30:00Z,BUD,Budds_Landing,39.37225,-75.83986667,1.0,13.17,NaN,22.78,0.16,153.0
2018-06-07T14:45:00Z,BUD,Budds_Landing,39.37225,-75.83986667,1.0,12.94,NaN,22.81,0.17,150.4
2018-06-07T15:00:00Z,BUD,Budds_Landing,39.37225,-75.83986667,1.0,13.77,NaN,22.96,0.17,160.5
2018-06-07T15:15:00Z,BUD,Budds_Landing,39.37225,-75.83986667,1.0,15.03,NaN,23.71,0.17,177.7
2018-06-07T15:30:00Z,BUD,Budds_Landing,39.37225,-75.83986667,1.0,15.46,NaN,24.11,0.18,184.2
2018-06-07T15:45:00Z,BUD,Budds_Landing,39.37225,-75.83986667,1.0,15.84,NaN,24.22,0.18,189.1
2018-06-07T16:00:00Z,BUD,Budds_Landing,39.37225,-75.83986667,1.0,15.75,NaN,24.23,0.18,188.1
2018-06-07T16:15:00Z,BUD,Budds_Landing,39.37225,-75.83986667,1.0,15.81,NaN,24.53,0.17,189.8
2018-06-07T16:30:00Z,BUD,Budds_Landing,39.37225,-75.83986667,1.0,16.39,NaN,24.73,0.17,197.5
2018-06-07T16:45:00Z,BUD,Budds_Landing,39.37225,-75.83986667,1.0,16.39,NaN,24.82,0.18,197.9
2018-06-07T17:00:00Z,BUD,Budds_Landing,39.37225,-75.83986667,1.0,16.52,NaN,24.93,0.18,199.8
2018-06-07T17:15:00Z,BUD,Budds_Landing,39.37225,-75.83986667,1.0,16.33,NaN,25.11,0.19,198.3
2018-06-07T17:30:00Z,BUD,Budds_Landing,39.37225,-75.83986667,1.0,16.35,NaN,25.19,0.19,198.8
2018-06-07T17:45:00Z,BUD,Budds_Landing,39.37225,-75.83986667,1.0,16.23,NaN,24.9,0.19,196.2
2018-06-07T18:00:43Z,BUD,Budds_Landing,39.37225,-75.83986667,1.0,16.15,NaN,25.08,0.2,195.9
2018-06-07T18:15:43Z,BUD,Budds_Landing,39.37225,-75.83986667,1.0,15.92,NaN,25.13,0.2,193.4
2018-06-07T18:30:43Z,BUD,Budds_Landing,39.37225,-75.83986667,1.0,15.47,NaN,24.99,0.21,187.4
2018-06-07T18:45:43Z,BUD,Budds_Landing,39.37225,-75.83986667,1.0,15.15,NaN,24.82,0.21,183.0
2018-06-07T19:00:43Z,BUD,Budds_Landing,39.37225,-75.83986667,1.0,15.4,NaN,25.2,0.21,187.3
2018-06-07T19:15:43Z,BUD,Budds_Landing,39.37225,-75.83986667,1.0,15.38,NaN,24.94,0.21,186.2
2018-06-07T19:30:43Z,BUD,Budds_Landing,39.37225,-75.83986667,1.0,15.16,NaN,24.7,0.21,182.7
2018-06-07T19:45:43Z,BUD,Budds_Landing,39.37225,-75.83986667,1.0,15.05,NaN,24.64,0.21,181.2
2018-06-07T20:00:43Z,BUD,Budds_Landing,39.37225,-75.83986667,1.0,14.86,NaN,24.63,0.21,178.8
2018-06-07T20:15:43Z,BUD,Budds_Landing,39.37225,-75.83986667,1.0,15.0,NaN,24.58,0.21,180.3
2018-06-07T20:30:43Z,BUD,Budds_Landing,39.37225,-75.83986667,1.0,15.14,NaN,24.62,0.21,182.1
2018-06-07T20:45:43Z,BUD,Budds_Landing,39.37225,-75.83986667,1.0,15.3,NaN,24.91,0.21,185.0
2018-06-07T21:00:43Z,BUD,Budds_Landing,39.37225,-75.83986667,1.0,15.49,NaN,24.91,0.2,187.4
2018-06-07T21:15:44Z,BUD,Budds_Landing,39.37225,-75.83986667,1.0,15.35,NaN,24.58,0.19,184.6
2018-06-07T21:30:44Z,BUD,Budds_Landing,39.37225,-75.83986667,1.0,15.22,NaN,23.89,0.19,180.6
2018-06-07T21:45:44Z,BUD,Budds_Landing,39.37225,-75.83986667,1.0,15.92,NaN,24.35,0.19,190.5
2018-06-07T22:00:43Z,BUD,Budds_Landing,39.37225,-75.83986667,1.0,15.2,NaN,24.95,0.19,183.9
2018-06-07T22:15:43Z,BUD,Budds_Landing,39.37225,-75.83986667,1.0,15.94,NaN,24.45,0.19,191.1
2018-06-07T22:30:43Z,BUD,Budds_Landing,39.37225,-75.83986667,1.0,16.11,NaN,25.09,0.19,195.4
2018-06-07T22:45:43Z,BUD,Budds_Landing,39.37225,-75.83986667,1.0,15.99,NaN,24.62,0.19,192.3
2018-06-07T23:00:43Z,BUD,Budds_Landing,39.37225,-75.83986667,1.0,16.01,NaN,24.6,0.19,192.5
2018-06-07T23:15:43Z,BUD,Budds_Landing,39.37225,-75.83986667,1.0,16.24,NaN,24.47,0.18,194.8
2018-06-07T23:30:44Z,BUD,Budds_Landing,39.37225,-75.83986667,1.0,16.43,NaN,24.48,0.17,197.1
2018-06-07T23:45:44Z,BUD,Budds_Landing,39.37225,-75.83986667,1.0,16.55,NaN,24.45,0.16,198.4
2018-06-08T00:00:44Z,BUD,Budds_Landing,39.37225,-75.83986667,1.0,16.31,NaN,24.34,0.16,195.1
2018-06-08T00:15:44Z,BUD,Budds_Landing,39.37225,-75.83986667,1.0,16.32,NaN,24.45,0.16,195.6
2018-06-08T00:30:44Z,BUD,Budds_Landing,39.37225,-75.83986667,1.0,15.84,NaN,24.19,0.15,189.0
2018-06-08T00:45:44Z,BUD,Budds_Landing,39.37225,-75.83986667,1.0,16.13,NaN,24.31,0.15,192.9
2018-06-08T01:00:44Z,BUD,Budds_Landing,39.37225,-75.83986667,1.0,15.72,NaN,24.22,0.15,187.6
2018-06-08T01:15:43Z,BUD,Budds_Landing,39.37225,-75.83986667,1.0,15.54,NaN,24.15,0.15,185.3
2018-06-08T01:30:44Z,BUD,Budds_Landing,39.37225,-75.83986667,1.0,15.61,NaN,24.29,0.15,186.6
2018-06-08T01:45:44Z,BUD,Budds_Landing,39.37225,-75.83986667,1.0,15.61,NaN,24.22,0.16,186.3
2018-06-08T02:00:44Z,BUD,Budds_Landing,39.37225,-75.83986667,1.0,15.6,NaN,24.0,0.15,185.4
2018-06-08T02:15:44Z,BUD,Budds_Landing,39.37225,-75.83986667,1.0,15.49,NaN,24.06,0.15,184.3
2018-06-08T02:30:44Z,BUD,Budds_Landing,39.37225,-75.83986667,1.0,15.21,NaN,23.99,0.15,180.8
2018-06-08T02:45:44Z,BUD,Budds_Landing,39.37225,-75.83986667,1.0,15.33,NaN,24.03,0.16,182.4
2018-06-08T03:00:44Z,BUD,Budds_Landing,39.37225,-75.83986667,1.0,15.09,NaN,24.1,0.17,179.8
2018-06-08T03:15:44Z,BUD,Budds_Landing,39.37225,-75.83986667,1.0,15.01,NaN,24.11,0.17,178.8
2018-06-08T03:30:44Z,BUD,Budds_Landing,39.37225,-75.83986667,1.0,15.03,NaN,24.03,0.16,178.8
2018-06-08T03:45:44Z,BUD,Budds_Landing,39.37225,-75.83986667,1.0,14.88,NaN,23.98,0.16,176.9
2018-06-08T04:00:44Z,BUD,Budds_Landing,39.37225,-75.83986667,1.0,14.61,NaN,23.84,0.17,173.1
2018-06-08T04:15:45Z,BUD,Budds_Landing,39.37225,-75.83986667,1.0,14.24,NaN,23.81,0.17,168.7
2018-06-08T04:30:44Z,BUD,Budds_Landing,39.37225,-75.83986667,1.0,13.53,NaN,23.59,0.18,159.6
2018-06-08T04:45:44Z,BUD,Budds_Landing,39.37225,-75.83986667,1.0,13.47,NaN,23.55,0.18,158.9
2018-06-08T05:00:44Z,BUD,Budds_Landing,39.37225,-75.83986667,1.0,13.31,NaN,23.46,0.18,156.7
2018-06-08T05:15:44Z,BUD,Budds_Landing,39.37225,-75.83986667,1.0,13.57,NaN,23.52,0.18,159.9
2018-06-08T05:30:45Z,BUD,Budds_Landing,39.37225,-75.83986667,1.0,13.62,NaN,23.51,0.18,160.4
2018-06-08T05:45:45Z,BUD,Budds_Landing,39.37225,-75.83986667,1.0,13.38,NaN,23.48,0.17,157.5
2018-06-08T06:00:45Z,BUD,Budds_Landing,39.37225,-75.83986667,1.0,13.22,NaN,23.48,0.17,155.7
2018-06-08T06:15:45Z,BUD,Budds_Landing,39.37225,-75.83986667,1.0,13.54,NaN,23.55,0.17,159.7
2018-06-08T06:30:45Z,BUD,Budds_Landing,39.37225,-75.83986667,1.0,13.87,NaN,23.57,0.17,163.6
2018-06-08T06:45:44Z,BUD,Budds_Landing,39.37225,-75.83986667,1.0,14.27,NaN,23.47,0.15,167.9
2018-06-08T07:00:44Z,BUD,Budds_Landing,39.37225,-75.83986667,1.0,14.26,NaN,23.51,0.16,168.0
2018-06-08T07:15:44Z,BUD,Budds_Landing,39.37225,-75.83986667,1.0,14.11,NaN,23.5,0.16,166.2
2018-06-08T07:30:44Z,BUD,Budds_Landing,39.37225,-75.83986667,1.0,13.96,NaN,23.49,0.16,164.4
2018-06-08T07:45:44Z,BUD,Budds_Landing,39.37225,-75.83986667,1.0,13.75,NaN,23.5,0.16,162.0
2018-06-08T08:00:44Z,BUD,Budds_Landing,39.37225,-75.83986667,1.0,13.44,NaN,23.53,0.18,158.5
2018-06-08T08:15:44Z,BUD,Budds_Landing,39.37225,-75.83986667,1.0,13.33,NaN,23.53,0.18,157.1
2018-06-08T08:30:45Z,BUD,Budds_Landing,39.37225,-75.83986667,1.0,13.23,NaN,23.51,0.18,155.9
2018-06-08T08:45:45Z,BUD,Budds_Landing,39.37225,-75.83986667,1.0,13.1,NaN,23.49,0.18,154.3
2018-06-08T09:00:45Z,BUD,Budds_Landing,39.37225,-75.83986667,1.0,13.04,NaN,23.49,0.18,153.5
2018-06-08T09:15:44Z,BUD,Budds_Landing,39.37225,-75.83986667,1.0,12.72,NaN,23.47,0.18,149.7
2018-06-08T09:30:44Z,BUD,Budds_Landing,39.37225,-75.83986667,1.0,12.88,NaN,23.39,0.17,151.4
2018-06-08T09:45:44Z,BUD,Budds_Landing,39.37225,-75.83986667,1.0,12.54,NaN,23.35,0.18,147.3
2018-06-08T10:00:44Z,BUD,Budds_Landing,39.37225,-75.83986667,1.0,12.6,NaN,23.16,0.17,147.5
2018-06-08T10:15:44Z,BUD,Budds_Landing,39.37225,-75.83986667,1.0,12.24,NaN,23.09,0.16,143.1
2018-06-08T10:30:44Z,BUD,Budds_Landing,39.37225,-75.83986667,1.0,12.42,NaN,23.12,0.16,145.2
2018-06-08T10:45:45Z,BUD,Budds_Landing,39.37225,-75.83986667,1.0,12.88,NaN,23.14,0.16,150.7
2018-06-08T11:00:44Z,BUD,Budds_Landing,39.37225,-75.83986667,1.0,12.71,NaN,23.21,0.17,148.9
2018-06-08T11:15:45Z,BUD,Budds_Landing,39.37225,-75.83986667,1.0,12.17,NaN,23.27,0.19,142.7
2018-06-08T11:30:44Z,BUD,Budds_Landing,39.37225,-75.83986667,1.0,12.21,NaN,23.26,0.19,143.1
2018-06-08T11:45:45Z,BUD,Budds_Landing,39.37225,-75.83986667,1.0,12.41,NaN,23.24,0.19,145.5
2018-06-08T12:00:45Z,BUD,Budds_Landing,39.37225,-75.83986667,1.0,12.89,NaN,23.22,0.18,151.1
2018-06-08T12:15:44Z,BUD,Budds_Landing,39.37225,-75.83986667,1.0,13.29,NaN,23.19,0.17,155.7
2018-06-08T12:30:44Z,BUD,Budds_Landing,39.37225,-75.83986667,1.0,13.58,NaN,23.21,0.17,159.1
2018-06-08T12:45:44Z,BUD,Budds_Landing,39.37225,-75.83986667,1.0,13.71,NaN,23.28,0.17,160.8
2018-06-08T13:00:45Z,BUD,Budds_Landing,39.37225,-75.83986667,1.0,13.85,NaN,23.28,0.17,162.5
2018-06-08T13:15:45Z,BUD,Budds_Landing,39.37225,-75.83986667,1.0,13.62,NaN,23.18,0.17,159.5
2018-06-08T13:30:44Z,BUD,Budds_Landing,39.37225,-75.83986667,1.0,13.65,NaN,23.3,0.17,160.2
2018-06-08T13:45:45Z,BUD,Budds_Landing,39.37225,-75.83986667,1.0,13.76,NaN,23.36,0.17,161.6
2018-06-08T14:00:44Z,BUD,Budds_Landing,39.37225,-75.83986667,1.0,13.78,NaN,23.38,0.17,161.9
2018-06-08T14:15:44Z,BUD,Budds_Landing,39.37225,-75.83986667,1.0,13.52,NaN,23.26,0.17,158.5
2018-06-08T14:30:44Z,BUD,Budds_Landing,39.37225,-75.83986667,1.0,13.66,NaN,23.32,0.17,160.4
2018-06-08T14:45:45Z,BUD,Budds_Landing,39.37225,-75.83986667,1.0,13.71,NaN,23.42,0.17,161.2
2018-06-08T15:00:45Z,BUD,Budds_Landing,39.37225,-75.83986667,1.0,13.68,NaN,23.33,0.17,160.6
2018-06-08T15:15:44Z,BUD,Budds_Landing,39.37225,-75.83986667,1.0,13.6,NaN,23.3,0.16,159.6
2018-06-08T15:30:44Z,BUD,Budds_Landing,39.37225,-75.83986667,1.0,13.87,NaN,23.29,0.16,162.7
2018-06-08T15:45:45Z,BUD,Budds_Landing,39.37225,-75.83986667,1.0,13.65,NaN,23.15,0.15,159.7
2018-06-08T16:00:45Z,BUD,Budds_Landing,39.37225,-75.83986667,1.0,13.4,NaN,23.12,0.15,156.7
2018-06-08T16:15:45Z,BUD,Budds_Landing,39.37225,-75.83986667,1.0,13.53,NaN,23.15,0.15,158.3
2018-06-08T16:30:45Z,BUD,Budds_Landing,39.37225,-75.83986667,1.0,13.32,NaN,23.18,0.15,156.0
2018-06-08T16:45:44Z,BUD,Budds_Landing,39.37225,-75.83986667,1.0,14.43,NaN,23.54,0.16,170.0
2018-06-08T17:00:45Z,BUD,Budds_Landing,39.37225,-75.83986667,1.0,15.82,NaN,23.85,0.17,187.6
2018-06-08T17:15:44Z,BUD,Budds_Landing,39.37225,-75.83986667,1.0,16.73,NaN,23.99,0.17,198.8
2018-06-08T17:30:43Z,BUD,Budds_Landing,39.37225,-75.83986667,1.0,17.64,NaN,25.97,0.17,217.5
2018-06-08T17:45:42Z,BUD,Budds_Landing,39.37225,-75.83986667,1.0,17.45,NaN,26.16,0.18,215.9
2018-06-08T18:00:42Z,BUD,Budds_Landing,39.37225,-75.83986667,1.0,17.96,NaN,26.38,0.17,223.1
2018-06-08T18:15:42Z,BUD,Budds_Landing,39.37225,-75.83986667,1.0,18.67,NaN,26.34,0.17,231.8
2018-06-08T18:30:43Z,BUD,Budds_Landing,39.37225,-75.83986667,1.0,18.16,NaN,26.01,0.18,224.1
2018-06-08T18:45:42Z,BUD,Budds_Landing,39.37225,-75.83986667,1.0,17.21,NaN,25.83,0.19,211.6
2018-06-08T19:00:43Z,BUD,Budds_Landing,39.37225,-75.83986667,1.0,16.94,NaN,25.57,0.19,207.3
2018-06-08T19:15:44Z,BUD,Budds_Landing,39.37225,-75.83986667,1.0,16.36,NaN,25.33,0.19,199.4
2018-06-08T19:30:43Z,BUD,Budds_Landing,39.37225,-75.83986667,1.0,16.7,NaN,25.45,0.19,204.0
2018-06-08T19:45:43Z,BUD,Budds_Landing,39.37225,-75.83986667,1.0,16.81,NaN,25.49,0.19,205.5
2018-06-08T20:00:43Z,BUD,Budds_Landing,39.37225,-75.83986667,1.0,16.48,NaN,25.55,0.19,201.7
2018-06-08T20:15:43Z,BUD,Budds_Landing,39.37225,-75.83986667,1.0,16.21,NaN,25.51,0.19,198.2
2018-06-08T20:30:43Z,BUD,Budds_Landing,39.37225,-75.83986667,1.0,16.17,NaN,25.51,0.2,197.7
2018-06-08T20:45:43Z,BUD,Budds_Landing,39.37225,-75.83986667,1.0,15.96,NaN,25.54,0.2,195.2
2018-06-08T21:00:43Z,BUD,Budds_Landing,39.37225,-75.83986667,1.0,16.26,NaN,25.81,0.2,199.9
2018-06-08T21:15:43Z,BUD,Budds_Landing,39.37225,-75.83986667,1.0,16.16,NaN,25.74,0.2,198.4
2018-06-08T21:30:43Z,BUD,Budds_Landing,39.37225,-75.83986667,1.0,15.86,NaN,25.64,0.2,194.4
2018-06-08T21:45:43Z,BUD,Budds_Landing,39.37225,-75.83986667,1.0,15.88,NaN,25.68,0.2,194.7
2018-06-08T22:00:43Z,BUD,Budds_Landing,39.37225,-75.83986667,1.0,16.16,NaN,25.73,0.2,198.4
2018-06-08T22:15:43Z,BUD,Budds_Landing,39.37225,-75.83986667,1.0,16.75,NaN,25.56,0.18,204.9
2018-06-08T22:30:43Z,BUD,Budds_Landing,39.37225,-75.83986667,1.0,17.35,NaN,25.53,0.16,212.2
2018-06-08T22:45:44Z,BUD,Budds_Landing,39.37225,-75.83986667,1.0,15.65,NaN,24.28,0.16,187.0
2018-06-08T23:00:43Z,BUD,Budds_Landing,39.37225,-75.83986667,1.0,15.91,NaN,24.47,0.16,190.8
2018-06-08T23:15:43Z,BUD,Budds_Landing,39.37225,-75.83986667,1.0,17.16,NaN,25.29,0.17,209.0
2018-06-08T23:30:43Z,BUD,Budds_Landing,39.37225,-75.83986667,1.0,16.8,NaN,25.5,0.17,205.3
2018-06-08T23:45:43Z,BUD,Budds_Landing,39.37225,-75.83986667,1.0,17.18,NaN,25.08,0.17,208.3
2018-06-09T00:00:43Z,BUD,Budds_Landing,39.37225,-75.83986667,1.0,16.94,NaN,25.37,0.17,206.6
2018-06-09T00:15:44Z,BUD,Budds_Landing,39.37225,-75.83986667,1.0,16.16,NaN,25.05,0.17,195.9
2018-06-09T00:30:44Z,BUD,Budds_Landing,39.37225,-75.83986667,1.0,16.05,NaN,25.04,0.16,194.5
2018-06-09T00:45:44Z,BUD,Budds_Landing,39.37225,-75.83986667,1.0,15.97,NaN,24.83,0.15,192.8
2018-06-09T01:00:44Z,BUD,Budds_Landing,39.37225,-75.83986667,1.0,16.01,NaN,25.1,0.15,194.2
2018-06-09T01:15:44Z,BUD,Budds_Landing,39.37225,-75.83986667,1.0,15.98,NaN,25.48,0.17,195.2
2018-06-09T01:30:44Z,BUD,Budds_Landing,39.37225,-75.83986667,1.0,15.89,NaN,25.28,0.16,193.4
2018-06-09T01:45:44Z,BUD,Budds_Landing,39.37225,-75.83986667,1.0,16.35,NaN,25.15,0.14,198.5
2018-06-09T02:00:44Z,BUD,Budds_Landing,39.37225,-75.83986667,1.0,16.35,NaN,25.13,0.13,198.5
2018-06-09T02:15:44Z,BUD,Budds_Landing,39.37225,-75.83986667,1.0,16.43,NaN,25.14,0.13,199.5
2018-06-09T02:30:44Z,BUD,Budds_Landing,39.37225,-75.83986667,1.0,16.47,NaN,25.24,0.13,200.4
2018-06-09T02:45:43Z,BUD,Budds_Landing,39.37225,-75.83986667,1.0,16.13,NaN,25.13,0.13,195.8
2018-06-09T03:00:43Z,BUD,Budds_Landing,39.37225,-75.83986667,1.0,16.3,NaN,25.2,0.13,198.1
2018-06-09T03:15:43Z,BUD,Budds_Landing,39.37225,-75.83986667,1.0,16.42,NaN,25.22,0.14,199.6
2018-06-09T03:30:44Z,BUD,Budds_Landing,39.37225,-75.83986667,1.0,16.12,NaN,25.18,0.14,195.8
2018-06-09T03:45:44Z,BUD,Budds_Landing,39.37225,-75.83986667,1.0,16.09,NaN,25.17,0.14,195.4
2018-06-09T04:00:43Z,BUD,Budds_Landing,39.37225,-75.83986667,1.0,16.0,NaN,25.15,0.14,194.3
2018-06-09T04:15:44Z,BUD,Budds_Landing,39.37225,-75.83986667,1.0,15.69,NaN,25.14,0.14,190.5
2018-06-09T04:30:44Z,BUD,Budds_Landing,39.37225,-75.83986667,1.0,15.05,NaN,25.11,0.17,182.7
2018-06-09T04:45:44Z,BUD,Budds_Landing,39.37225,-75.83986667,1.0,15.09,NaN,25.03,0.17,182.8
2018-06-09T05:00:44Z,BUD,Budds_Landing,39.37225,-75.83986667,1.0,15.37,NaN,24.99,0.16,186.1
2018-06-09T05:15:44Z,BUD,Budds_Landing,39.37225,-75.83986667,1.0,15.52,NaN,25.0,0.15,188.0
2018-06-09T05:30:44Z,BUD,Budds_Landing,39.37225,-75.83986667,1.0,15.54,NaN,25.02,0.15,188.3
2018-06-09T05:45:44Z,BUD,Budds_Landing,39.37225,-75.83986667,1.0,15.61,NaN,25.04,0.15,189.2
2018-06-09T06:00:44Z,BUD,Budds_Landing,39.37225,-75.83986667,1.0,15.63,NaN,25.06,0.15,189.5
2018-06-09T06:15:44Z,BUD,Budds_Landing,39.37225,-75.83986667,1.0,15.55,NaN,25.01,0.15,188.3
2018-06-09T06:30:44Z,BUD,Budds_Landing,39.37225,-75.83986667,1.0,15.25,NaN,24.92,0.14,184.4
2018-06-09T06:45:44Z,BUD,Budds_Landing,39.37225,-75.83986667,1.0,15.17,NaN,24.84,0.14,183.1
2018-06-09T07:00:44Z,BUD,Budds_Landing,39.37225,-75.83986667,1.0,14.75,NaN,24.77,0.14,177.9
2018-06-09T07:15:44Z,BUD,Budds_Landing,39.37225,-75.83986667,1.0,13.93,NaN,24.87,0.17,168.4
2018-06-09T07:30:44Z,BUD,Budds_Landing,39.37225,-75.83986667,1.0,13.76,NaN,24.78,0.18,165.9
2018-06-09T07:45:44Z,BUD,Budds_Landing,39.37225,-75.83986667,1.0,13.46,NaN,24.72,0.18,162.1
2018-06-09T08:00:44Z,BUD,Budds_Landing,39.37225,-75.83986667,1.0,13.23,NaN,24.64,0.19,159.2
2018-06-09T08:15:44Z,BUD,Budds_Landing,39.37225,-75.83986667,1.0,12.94,NaN,24.58,0.19,155.6
2018-06-09T08:30:44Z,BUD,Budds_Landing,39.37225,-75.83986667,1.0,12.95,NaN,24.57,0.19,155.6
2018-06-09T08:45:44Z,BUD,Budds_Landing,39.37225,-75.83986667,1.0,12.74,NaN,24.53,0.19,152.9
2018-06-09T09:00:44Z,BUD,Budds_Landing,39.37225,-75.83986667,1.0,12.71,NaN,24.48,0.19,152.5
2018-06-09T09:15:44Z,BUD,Budds_Landing,39.37225,-75.83986667,1.0,12.58,NaN,24.48,0.19,150.9
2018-06-09T09:30:44Z,BUD,Budds_Landing,39.37225,-75.83986667,1.0,12.38,NaN,24.46,0.19,148.5
2018-06-09T09:45:44Z,BUD,Budds_Landing,39.37225,-75.83986667,1.0,12.28,NaN,24.45,0.19,147.3
2018-06-09T10:00:44Z,BUD,Budds_Landing,39.37225,-75.83986667,1.0,12.16,NaN,24.44,0.19,145.8
2018-06-09T10:15:44Z,BUD,Budds_Landing,39.37225,-75.83986667,1.0,12.13,NaN,24.43,0.19,145.5
2018-06-09T10:30:44Z,BUD,Budds_Landing,39.37225,-75.83986667,1.0,12.49,NaN,24.48,0.17,149.8
2018-06-09T10:45:44Z,BUD,Budds_Landing,39.37225,-75.83986667,1.0,12.54,NaN,24.46,0.18,150.4
2018-06-09T11:00:44Z,BUD,Budds_Landing,39.37225,-75.83986667,1.0,12.53,NaN,24.47,0.17,150.3
2018-06-09T11:15:44Z,BUD,Budds_Landing,39.37225,-75.83986667,1.0,12.49,NaN,24.47,0.17,149.8
2018-06-09T11:30:44Z,BUD,Budds_Landing,39.37225,-75.83986667,1.0,12.32,NaN,24.42,0.17,147.6
2018-06-09T11:45:44Z,BUD,Budds_Landing,39.37225,-75.83986667,1.0,12.37,NaN,24.42,0.18,148.2
2018-06-09T12:00:44Z,BUD,Budds_Landing,39.37225,-75.83986667,1.0,12.49,NaN,24.42,0.18,149.6
2018-06-09T12:15:44Z,BUD,Budds_Landing,39.37225,-75.83986667,1.0,12.58,NaN,24.43,0.19,150.8
2018-06-09T12:30:44Z,BUD,Budds_Landing,39.37225,-75.83986667,1.0,12.61,NaN,24.46,0.18,151.2
2018-06-09T12:45:44Z,BUD,Budds_Landing,39.37225,-75.83986667,1.0,13.04,NaN,24.59,0.17,156.8
2018-06-09T13:00:44Z,BUD,Budds_Landing,39.37225,-75.83986667,1.0,12.97,NaN,24.64,0.17,156.0
2018-06-09T13:15:44Z,BUD,Budds_Landing,39.37225,-75.83986667,1.0,13.48,NaN,24.74,0.16,162.5
2018-06-09T13:30:44Z,BUD,Budds_Landing,39.37225,-75.83986667,1.0,13.88,NaN,24.82,0.16,167.6
2018-06-09T13:45:44Z,BUD,Budds_Landing,39.37225,-75.83986667,1.0,14.0,NaN,24.78,0.16,168.8
2018-06-09T14:00:44Z,BUD,Budds_Landing,39.37225,-75.83986667,1.0,13.84,NaN,24.82,0.16,167.0
2018-06-09T14:15:44Z,BUD,Budds_Landing,39.37225,-75.83986667,1.0,14.14,NaN,24.97,0.16,171.2
2018-06-09T14:30:44Z,BUD,Budds_Landing,39.37225,-75.83986667,1.0,13.6,NaN,24.91,0.16,164.4
2018-06-09T14:45:44Z,BUD,Budds_Landing,39.37225,-75.83986667,1.0,13.49,NaN,24.77,0.16,162.7
2018-06-09T15:00:44Z,BUD,Budds_Landing,39.37225,-75.83986667,1.0,13.6,NaN,24.72,0.15,163.9
2018-06-09T15:15:44Z,BUD,Budds_Landing,39.37225,-75.83986667,1.0,13.55,NaN,24.77,0.16,163.4
2018-06-09T15:30:44Z,BUD,Budds_Landing,39.37225,-75.83986667,1.0,14.42,NaN,25.12,0.15,175.0
2018-06-09T15:45:44Z,BUD,Budds_Landing,39.37225,-75.83986667,1.0,14.29,NaN,25.13,0.15,173.5
2018-06-09T16:00:44Z,BUD,Budds_Landing,39.37225,-75.83986667,1.0,14.49,NaN,25.07,0.15,175.7
2018-06-09T16:15:44Z,BUD,Budds_Landing,39.37225,-75.83986667,1.0,14.48,NaN,25.03,0.14,175.4
2018-06-09T16:30:45Z,BUD,Budds_Landing,39.37225,-75.83986667,1.0,14.78,NaN,25.06,0.14,179.1
2018-06-09T16:45:45Z,BUD,Budds_Landing,39.37225,-75.83986667,1.0,14.32,NaN,24.98,0.14,173.3
2018-06-09T17:00:44Z,BUD,Budds_Landing,39.37225,-75.83986667,1.0,14.26,NaN,24.96,0.14,172.6
2018-06-09T17:15:44Z,BUD,Budds_Landing,39.37225,-75.83986667,1.0,14.54,NaN,25.07,0.15,176.4
2018-06-09T17:30:44Z,BUD,Budds_Landing,39.37225,-75.83986667,1.0,14.42,NaN,25.04,0.15,174.8
2018-06-09T17:45:44Z,BUD,Budds_Landing,39.37225,-75.83986667,1.0,15.09,NaN,25.15,0.14,183.2
2018-06-09T18:00:44Z,BUD,Budds_Landing,39.37225,-75.83986667,1.0,16.51,NaN,25.64,0.16,202.3
2018-06-09T18:15:44Z,BUD,Budds_Landing,39.37225,-75.83986667,1.0,16.16,NaN,25.29,0.16,196.7
2018-06-09T18:30:44Z,BUD,Budds_Landing,39.37225,-75.83986667,1.0,17.7,NaN,25.87,0.16,217.8
2018-06-09T18:45:43Z,BUD,Budds_Landing,39.37225,-75.83986667,1.0,17.8,NaN,26.55,0.15,221.7
2018-06-09T19:00:42Z,BUD,Budds_Landing,39.37225,-75.83986667,1.0,17.79,NaN,27.22,0.16,224.3
2018-06-09T19:15:42Z,BUD,Budds_Landing,39.37225,-75.83986667,1.0,18.09,NaN,27.01,0.16,227.2
2018-06-09T19:30:42Z,BUD,Budds_Landing,39.37225,-75.83986667,1.0,18.15,NaN,27.25,0.16,228.9
2018-06-09T19:45:42Z,BUD,Budds_Landing,39.37225,-75.83986667,1.0,18.53,NaN,26.73,0.15,231.6
2018-06-09T20:00:43Z,BUD,Budds_Landing,39.37225,-75.83986667,1.0,18.85,NaN,26.64,0.15,235.2
2018-06-09T20:15:43Z,BUD,Budds_Landing,39.37225,-75.83986667,1.0,17.27,NaN,25.81,0.15,212.3
2018-06-09T20:30:43Z,BUD,Budds_Landing,39.37225,-75.83986667,1.0,17.21,NaN,25.84,0.15,211.7
2018-06-09T20:45:43Z,BUD,Budds_Landing,39.37225,-75.83986667,1.0,16.51,NaN,26.09,0.16,203.9
2018-06-09T21:00:43Z,BUD,Budds_Landing,39.37225,-75.83986667,1.0,16.79,NaN,26.54,0.17,209.1
2018-06-09T21:15:43Z,BUD,Budds_Landing,39.37225,-75.83986667,1.0,16.56,NaN,26.49,0.17,206.1
2018-06-09T21:30:43Z,BUD,Budds_Landing,39.37225,-75.83986667,1.0,16.26,NaN,26.45,0.17,202.3
2018-06-09T21:45:43Z,BUD,Budds_Landing,39.37225,-75.83986667,1.0,16.53,NaN,26.56,0.17,206.0
2018-06-09T22:00:43Z,BUD,Budds_Landing,39.37225,-75.83986667,1.0,14.73,NaN,25.64,0.16,180.6
2018-06-09T22:15:43Z,BUD,Budds_Landing,39.37225,-75.83986667,1.0,14.59,NaN,25.54,0.17,178.5
2018-06-09T22:30:43Z,BUD,Budds_Landing,39.37225,-75.83986667,1.0,14.51,NaN,25.37,0.17,176.9
2018-06-09T22:45:43Z,BUD,Budds_Landing,39.37225,-75.83986667,1.0,14.53,NaN,25.49,0.17,177.5
2018-06-09T23:00:44Z,BUD,Budds_Landing,39.37225,-75.83986667,1.0,14.38,NaN,25.49,0.17,175.8
2018-06-09T23:15:43Z,BUD,Budds_Landing,39.37225,-75.83986667,1.0,14.84,NaN,25.64,0.17,181.8
2018-06-09T23:30:43Z,BUD,Budds_Landing,39.37225,-75.83986667,1.0,15.58,NaN,25.91,0.17,191.9
2018-06-09T23:45:43Z,BUD,Budds_Landing,39.37225,-75.83986667,1.0,15.33,NaN,25.95,0.17,189.0
2018-06-10T00:00:44Z,BUD,Budds_Landing,39.37225,-75.83986667,1.0,15.07,NaN,25.79,0.17,185.1
2018-06-10T00:15:44Z,BUD,Budds_Landing,39.37225,-75.83986667,1.0,14.62,NaN,25.79,0.17,179.6
2018-06-10T00:30:43Z,BUD,Budds_Landing,39.37225,-75.83986667,1.0,15.88,NaN,25.99,0.16,195.8
2018-06-10T00:45:44Z,BUD,Budds_Landing,39.37225,-75.83986667,1.0,14.98,NaN,25.71,0.16,183.8
2018-06-10T01:00:43Z,BUD,Budds_Landing,39.37225,-75.83986667,1.0,15.14,NaN,25.7,0.16,185.8
2018-06-10T01:15:44Z,BUD,Budds_Landing,39.37225,-75.83986667,1.0,15.34,NaN,25.77,0.16,188.5
2018-06-10T01:30:43Z,BUD,Budds_Landing,39.37225,-75.83986667,1.0,15.97,NaN,25.86,0.15,196.4
2018-06-10T01:45:44Z,BUD,Budds_Landing,39.37225,-75.83986667,1.0,16.04,NaN,25.82,0.15,197.2
2018-06-10T02:00:44Z,BUD,Budds_Landing,39.37225,-75.83986667,1.0,15.68,NaN,25.8,0.16,192.7
2018-06-10T02:15:43Z,BUD,Budds_Landing,39.37225,-75.83986667,1.0,15.58,NaN,25.76,0.15,191.3
2018-06-10T02:30:44Z,BUD,Budds_Landing,39.37225,-75.83986667,1.0,15.58,NaN,25.7,0.15,191.2
2018-06-10T02:45:44Z,BUD,Budds_Landing,39.37225,-75.83986667,1.0,15.46,NaN,25.63,0.14,189.4
2018-06-10T03:00:44Z,BUD,Budds_Landing,39.37225,-75.83986667,1.0,15.18,NaN,25.63,0.14,186.0
2018-06-10T03:15:44Z,BUD,Budds_Landing,39.37225,-75.83986667,1.0,14.96,NaN,25.63,0.15,183.3
2018-06-10T03:30:44Z,BUD,Budds_Landing,39.37225,-75.83986667,1.0,15.08,NaN,25.62,0.14,184.7
2018-06-10T03:45:44Z,BUD,Budds_Landing,39.37225,-75.83986667,1.0,15.11,NaN,25.62,0.14,185.0
2018-06-10T04:00:43Z,BUD,Budds_Landing,39.37225,-75.83986667,1.0,15.01,NaN,25.62,0.14,183.9
2018-06-10T04:15:43Z,BUD,Budds_Landing,39.37225,-75.83986667,1.0,14.85,NaN,25.61,0.14,181.8
2018-06-10T04:30:44Z,BUD,Budds_Landing,39.37225,-75.83986667,1.0,14.77,NaN,25.6,0.14,180.9
2018-06-10T04:45:44Z,BUD,Budds_Landing,39.37225,-75.83986667,1.0,14.63,NaN,25.59,0.14,179.1
2018-06-10T05:00:44Z,BUD,Budds_Landing,39.37225,-75.83986667,1.0,14.28,NaN,25.54,0.14,174.7
2018-06-10T05:15:44Z,BUD,Budds_Landing,39.37225,-75.83986667,1.0,14.5,NaN,25.53,0.14,177.3
2018-06-10T05:30:43Z,BUD,Budds_Landing,39.37225,-75.83986667,1.0,14.44,NaN,25.41,0.15,176.2
2018-06-10T05:45:44Z,BUD,Budds_Landing,39.37225,-75.83986667,1.0,14.52,NaN,25.41,0.14,177.2
2018-06-10T06:00:44Z,BUD,Budds_Landing,39.37225,-75.83986667,1.0,14.24,NaN,25.4,0.14,173.7
2018-06-10T06:15:44Z,BUD,Budds_Landing,39.37225,-75.83986667,1.0,14.26,NaN,25.33,0.14,173.7
2018-06-10T06:30:44Z,BUD,Budds_Landing,39.37225,-75.83986667,1.0,13.61,NaN,25.2,0.16,165.4
2018-06-10T06:45:44Z,BUD,Budds_Landing,39.37225,-75.83986667,1.0,13.54,NaN,25.15,0.16,164.4
2018-06-10T07:00:44Z,BUD,Budds_Landing,39.37225,-75.83986667,1.0,13.24,NaN,25.12,0.16,160.7
2018-06-10T07:15:44Z,BUD,Budds_Landing,39.37225,-75.83986667,1.0,13.37,NaN,25.12,0.16,162.3
2018-06-10T07:30:44Z,BUD,Budds_Landing,39.37225,-75.83986667,1.0,12.99,NaN,25.2,0.17,157.9
2018-06-10T07:45:44Z,BUD,Budds_Landing,39.37225,-75.83986667,1.0,12.75,NaN,25.22,0.17,155.1
2018-06-10T08:00:44Z,BUD,Budds_Landing,39.37225,-75.83986667,1.0,12.69,NaN,25.21,0.17,154.3
2018-06-10T08:15:45Z,BUD,Budds_Landing,39.37225,-75.83986667,1.0,12.64,NaN,25.18,0.17,153.6
2018-06-10T08:30:44Z,BUD,Budds_Landing,39.37225,-75.83986667,1.0,12.44,NaN,25.16,0.18,151.1
2018-06-10T08:45:44Z,BUD,Budds_Landing,39.37225,-75.83986667,1.0,12.37,NaN,25.15,0.18,150.3
2018-06-10T09:00:44Z,BUD,Budds_Landing,39.37225,-75.83986667,1.0,12.14,NaN,25.17,0.18,147.5
2018-06-10T09:15:44Z,BUD,Budds_Landing,39.37225,-75.83986667,1.0,12.02,NaN,25.15,0.18,146.0
2018-06-10T09:30:44Z,BUD,Budds_Landing,39.37225,-75.83986667,1.0,11.76,NaN,25.13,0.18,142.8
2018-06-10T09:45:44Z,BUD,Budds_Landing,39.37225,-75.83986667,1.0,11.58,NaN,25.11,0.19,140.6
2018-06-10T10:00:44Z,BUD,Budds_Landing,39.37225,-75.83986667,1.0,11.48,NaN,25.08,0.19,139.2
2018-06-10T10:15:44Z,BUD,Budds_Landing,39.37225,-75.83986667,1.0,11.29,NaN,25.04,0.19,136.8
2018-06-10T10:30:44Z,BUD,Budds_Landing,39.37225,-75.83986667,1.0,11.27,NaN,25.01,0.2,136.5
2018-06-10T10:45:44Z,BUD,Budds_Landing,39.37225,-75.83986667,1.0,11.09,NaN,25.0,0.2,134.4
2018-06-10T11:00:44Z,BUD,Budds_Landing,39.37225,-75.83986667,1.0,11.11,NaN,25.0,0.19,134.6
2018-06-10T11:15:44Z,BUD,Budds_Landing,39.37225,-75.83986667,1.0,11.09,NaN,24.97,0.18,134.3
2018-06-10T11:30:44Z,BUD,Budds_Landing,39.37225,-75.83986667,1.0,11.37,NaN,24.89,0.17,137.5
2018-06-10T11:45:44Z,BUD,Budds_Landing,39.37225,-75.83986667,1.0,11.57,NaN,24.87,0.17,139.8
2018-06-10T12:00:44Z,BUD,Budds_Landing,39.37225,-75.83986667,1.0,11.42,NaN,24.79,0.16,137.7
2018-06-10T12:15:44Z,BUD,Budds_Landing,39.37225,-75.83986667,1.0,11.38,NaN,24.79,0.16,137.3
2018-06-10T12:30:44Z,BUD,Budds_Landing,39.37225,-75.83986667,1.0,11.83,NaN,24.85,0.17,142.9
2018-06-10T12:45:44Z,BUD,Budds_Landing,39.37225,-75.83986667,1.0,11.62,NaN,24.96,0.19,140.6
2018-06-10T13:00:44Z,BUD,Budds_Landing,39.37225,-75.83986667,1.0,11.7,NaN,24.88,0.18,141.4
2018-06-10T13:15:45Z,BUD,Budds_Landing,39.37225,-75.83986667,1.0,11.64,NaN,24.85,0.17,140.6
2018-06-10T13:30:45Z,BUD,Budds_Landing,39.37225,-75.83986667,1.0,11.38,NaN,24.76,0.16,137.2
2018-06-10T13:45:44Z,BUD,Budds_Landing,39.37225,-75.83986667,1.0,11.5,NaN,24.75,0.16,138.7
2018-06-10T14:00:44Z,BUD,Budds_Landing,39.37225,-75.83986667,1.0,11.99,NaN,24.81,0.16,144.7
2018-06-10T14:15:44Z,BUD,Budds_Landing,39.37225,-75.83986667,1.0,11.79,NaN,24.8,0.16,142.3
2018-06-10T14:30:44Z,BUD,Budds_Landing,39.37225,-75.83986667,1.0,12.04,NaN,24.82,0.16,145.4
2018-06-10T14:45:44Z,BUD,Budds_Landing,39.37225,-75.83986667,1.0,12.64,NaN,24.86,0.15,152.6
2018-06-10T15:00:45Z,BUD,Budds_Landing,39.37225,-75.83986667,1.0,12.69,NaN,24.87,0.15,153.3
2018-06-10T15:15:44Z,BUD,Budds_Landing,39.37225,-75.83986667,1.0,12.29,NaN,24.82,0.16,148.3
2018-06-10T15:30:44Z,BUD,Budds_Landing,39.37225,-75.83986667,1.0,12.71,NaN,24.85,0.15,153.5
2018-06-10T15:45:44Z,BUD,Budds_Landing,39.37225,-75.83986667,1.0,13.03,NaN,24.88,0.15,157.5
2018-06-10T16:00:44Z,BUD,Budds_Landing,39.37225,-75.83986667,1.0,12.75,NaN,24.84,0.15,154.0
2018-06-10T16:15:44Z,BUD,Budds_Landing,39.37225,-75.83986667,1.0,13.18,NaN,24.91,0.14,159.3
2018-06-10T16:30:44Z,BUD,Budds_Landing,39.37225,-75.83986667,1.0,12.82,NaN,24.88,0.15,154.9
2018-06-10T16:45:44Z,BUD,Budds_Landing,39.37225,-75.83986667,1.0,13.33,NaN,25.02,0.15,161.5
2018-06-10T17:00:44Z,BUD,Budds_Landing,39.37225,-75.83986667,1.0,13.47,NaN,25.07,0.14,163.3
2018-06-10T17:15:45Z,BUD,Budds_Landing,39.37225,-75.83986667,1.0,13.25,NaN,25.06,0.14,160.6
2018-06-10T17:30:44Z,BUD,Budds_Landing,39.37225,-75.83986667,1.0,13.62,NaN,25.18,0.14,165.5
2018-06-10T17:45:44Z,BUD,Budds_Landing,39.37225,-75.83986667,1.0,13.45,NaN,25.13,0.14,163.3
2018-06-10T18:00:44Z,BUD,Budds_Landing,39.37225,-75.83986667,1.0,13.52,NaN,25.18,0.14,164.2
2018-06-10T18:15:44Z,BUD,Budds_Landing,39.37225,-75.83986667,1.0,13.7,NaN,25.26,0.15,166.7
2018-06-10T18:30:44Z,BUD,Budds_Landing,39.37225,-75.83986667,1.0,13.72,NaN,25.18,0.14,166.7
2018-06-10T18:45:44Z,BUD,Budds_Landing,39.37225,-75.83986667,1.0,13.01,NaN,25.19,0.12,158.1
2018-06-10T19:00:44Z,BUD,Budds_Landing,39.37225,-75.83986667,1.0,13.25,NaN,25.18,0.13,161.0
2018-06-10T19:15:44Z,BUD,Budds_Landing,39.37225,-75.83986667,1.0,13.22,NaN,25.14,0.12,160.5
2018-06-10T19:30:44Z,BUD,Budds_Landing,39.37225,-75.83986667,1.0,13.11,NaN,25.11,0.12,159.1
2018-06-10T19:45:44Z,BUD,Budds_Landing,39.37225,-75.83986667,1.0,13.14,NaN,25.09,0.12,159.4
2018-06-10T20:00:44Z,BUD,Budds_Landing,39.37225,-75.83986667,1.0,13.69,NaN,25.02,0.13,165.8
2018-06-10T20:15:44Z,BUD,Budds_Landing,39.37225,-75.83986667,1.0,13.57,NaN,25.03,0.12,164.4
2018-06-10T20:30:44Z,BUD,Budds_Landing,39.37225,-75.83986667,1.0,13.36,NaN,25.01,0.12,161.8
2018-06-10T20:45:44Z,BUD,Budds_Landing,39.37225,-75.83986667,1.0,12.75,NaN,25.03,0.15,154.5
2018-06-10T21:00:44Z,BUD,Budds_Landing,39.37225,-75.83986667,1.0,12.46,NaN,24.97,0.16,150.9
2018-06-10T21:15:45Z,BUD,Budds_Landing,39.37225,-75.83986667,1.0,12.19,NaN,24.89,0.16,147.4
2018-06-10T21:30:45Z,BUD,Budds_Landing,39.37225,-75.83986667,1.0,11.88,NaN,24.87,0.17,143.5
2018-06-10T21:45:44Z,BUD,Budds_Landing,39.37225,-75.83986667,1.0,11.96,NaN,24.85,0.17,144.5
2018-06-10T22:00:45Z,BUD,Budds_Landing,39.37225,-75.83986667,1.0,11.99,NaN,24.87,0.16,144.9
2018-06-10T22:15:45Z,BUD,Budds_Landing,39.37225,-75.83986667,1.0,12.28,NaN,24.69,0.15,147.8
2018-06-10T22:30:44Z,BUD,Budds_Landing,39.37225,-75.83986667,1.0,12.75,NaN,24.72,0.14,153.6
2018-06-10T22:45:44Z,BUD,Budds_Landing,39.37225,-75.83986667,1.0,12.13,NaN,24.57,0.14,145.7
2018-06-10T23:00:44Z,BUD,Budds_Landing,39.37225,-75.83986667,1.0,12.53,NaN,24.61,0.14,150.7
2018-06-10T23:15:44Z,BUD,Budds_Landing,39.37225,-75.83986667,1.0,12.46,NaN,24.68,0.14,150.1
2018-06-10T23:30:45Z,BUD,Budds_Landing,39.37225,-75.83986667,1.0,12.31,NaN,24.7,0.15,148.3
2018-06-10T23:45:45Z,BUD,Budds_Landing,39.37225,-75.83986667,1.0,12.08,NaN,24.62,0.15,145.3
2018-06-11T00:00:44Z,BUD,Budds_Landing,39.37225,-75.83986667,1.0,12.0,NaN,24.6,0.15,144.3
2018-06-11T00:15:44Z,BUD,Budds_Landing,39.37225,-75.83986667,1.0,11.62,NaN,24.56,0.16,139.6
2018-06-11T00:30:44Z,BUD,Budds_Landing,39.37225,-75.83986667,1.0,11.68,NaN,24.53,0.16,140.3
2018-06-11T00:45:44Z,BUD,Budds_Landing,39.37225,-75.83986667,1.0,11.6,NaN,24.47,0.16,139.1
2018-06-11T01:00:44Z,BUD,Budds_Landing,39.37225,-75.83986667,1.0,11.47,NaN,24.51,0.16,137.7
2018-06-11T01:15:44Z,BUD,Budds_Landing,39.37225,-75.83986667,1.0,11.53,NaN,24.44,0.15,138.2
2018-06-11T01:30:45Z,BUD,Budds_Landing,39.37225,-75.83986667,1.0,11.48,NaN,24.31,0.15,137.3
2018-06-11T01:45:45Z,BUD,Budds_Landing,39.37225,-75.83986667,1.0,11.38,NaN,24.13,0.15,135.6
2018-06-11T02:00:45Z,BUD,Budds_Landing,39.37225,-75.83986667,1.0,11.13,NaN,24.03,0.14,132.4
2018-06-11T02:15:44Z,BUD,Budds_Landing,39.37225,-75.83986667,1.0,11.13,NaN,23.98,0.14,132.3
2018-06-11T02:30:45Z,BUD,Budds_Landing,39.37225,-75.83986667,1.0,11.4,NaN,23.81,0.13,135.1
2018-06-11T02:45:45Z,BUD,Budds_Landing,39.37225,-75.83986667,1.0,11.17,NaN,23.66,0.13,131.9
2018-06-11T03:00:44Z,BUD,Budds_Landing,39.37225,-75.83986667,1.0,10.86,NaN,23.64,0.13,128.2
2018-06-11T03:15:44Z,BUD,Budds_Landing,39.37225,-75.83986667,1.0,11.02,NaN,23.66,0.13,130.2
2018-06-11T03:30:44Z,BUD,Budds_Landing,39.37225,-75.83986667,1.0,10.84,NaN,23.69,0.13,128.2
2018-06-11T03:45:45Z,BUD,Budds_Landing,39.37225,-75.83986667,1.0,10.68,NaN,23.68,0.14,126.2
2018-06-11T04:00:45Z,BUD,Budds_Landing,39.37225,-75.83986667,1.0,10.52,NaN,23.53,0.13,124.0
2018-06-11T04:15:45Z,BUD,Budds_Landing,39.37225,-75.83986667,1.0,10.5,NaN,23.51,0.13,123.7
2018-06-11T04:30:44Z,BUD,Budds_Landing,39.37225,-75.83986667,1.0,10.5,NaN,23.51,0.13,123.6
2018-06-11T04:45:45Z,BUD,Budds_Landing,39.37225,-75.83986667,1.0,10.39,NaN,23.47,0.13,122.3
2018-06-11T05:00:45Z,BUD,Budds_Landing,39.37225,-75.83986667,1.0,10.24,NaN,23.49,0.13,120.5
2018-06-11T05:15:45Z,BUD,Budds_Landing,39.37225,-75.83986667,1.0,10.08,NaN,23.46,0.13,118.6
2018-06-11T05:30:44Z,BUD,Budds_Landing,39.37225,-75.83986667,1.0,10.0,NaN,23.41,0.13,117.6
2018-06-11T05:45:44Z,BUD,Budds_Landing,39.37225,-75.83986667,1.0,10.03,NaN,23.37,0.13,117.8
2018-06-11T06:00:44Z,BUD,Budds_Landing,39.37225,-75.83986667,1.0,10.11,NaN,23.3,0.13,118.5
2018-06-11T06:15:44Z,BUD,Budds_Landing,39.37225,-75.83986667,1.0,10.04,NaN,23.24,0.13,117.7
2018-06-11T06:30:44Z,BUD,Budds_Landing,39.37225,-75.83986667,1.0,9.82,NaN,23.23,0.14,115.0
2018-06-11T06:45:45Z,BUD,Budds_Landing,39.37225,-75.83986667,1.0,9.3,NaN,23.26,0.15,109.0
2018-06-11T07:00:45Z,BUD,Budds_Landing,39.37225,-75.83986667,1.0,9.71,NaN,23.08,0.15,113.4
2018-06-11T07:15:44Z,BUD,Budds_Landing,39.37225,-75.83986667,1.0,9.62,NaN,23.04,0.15,112.4
2018-06-11T07:30:45Z,BUD,Budds_Landing,39.37225,-75.83986667,1.0,9.68,NaN,22.99,0.14,112.9
2018-06-11T07:45:44Z,BUD,Budds_Landing,39.37225,-75.83986667,1.0,9.71,NaN,22.97,0.14,113.2
2018-06-11T08:00:45Z,BUD,Budds_Landing,39.37225,-75.83986667,1.0,9.49,NaN,22.94,0.15,110.6
2018-06-11T08:15:45Z,BUD,Budds_Landing,39.37225,-75.83986667,1.0,9.2,NaN,22.87,0.16,107.1
2018-06-11T08:30:45Z,BUD,Budds_Landing,39.37225,-75.83986667,1.0,9.07,NaN,22.86,0.16,105.6
2018-06-11T08:45:45Z,BUD,Budds_Landing,39.37225,-75.83986667,1.0,8.95,NaN,23.03,0.17,104.5
2018-06-11T09:00:44Z,BUD,Budds_Landing,39.37225,-75.83986667,1.0,8.86,NaN,22.94,0.17,103.3
2018-06-11T09:15:45Z,BUD,Budds_Landing,39.37225,-75.83986667,1.0,8.8,NaN,22.89,0.16,102.5
2018-06-11T09:30:45Z,BUD,Budds_Landing,39.37225,-75.83986667,1.0,8.71,NaN,22.82,0.16,101.3
2018-06-11T09:45:45Z,BUD,Budds_Landing,39.37225,-75.83986667,1.0,8.58,NaN,22.83,0.17,99.8
2018-06-11T10:00:45Z,BUD,Budds_Landing,39.37225,-75.83986667,1.0,8.64,NaN,22.83,0.17,100.5
2018-06-11T10:15:45Z,BUD,Budds_Landing,39.37225,-75.83986667,1.0,8.66,NaN,22.81,0.17,100.7
2018-06-11T10:30:45Z,BUD,Budds_Landing,39.37225,-75.83986667,1.0,8.51,NaN,22.82,0.18,98.9
2018-06-11T10:45:45Z,BUD,Budds_Landing,39.37225,-75.83986667,1.0,8.28,NaN,22.78,0.18,96.2
2018-06-11T11:00:45Z,BUD,Budds_Landing,39.37225,-75.83986667,1.0,8.15,NaN,22.82,0.19,94.8
2018-06-11T11:15:45Z,BUD,Budds_Landing,39.37225,-75.83986667,1.0,8.06,NaN,22.73,0.19,93.6
2018-06-11T11:30:45Z,BUD,Budds_Landing,39.37225,-75.83986667,1.0,8.05,NaN,22.69,0.19,93.3
2018-06-11T11:45:45Z,BUD,Budds_Landing,39.37225,-75.83986667,1.0,7.86,NaN,22.71,0.19,91.2
2018-06-11T12:00:45Z,BUD,Budds_Landing,39.37225,-75.83986667,1.0,7.67,NaN,22.69,0.19,89.0
2018-06-11T12:15:46Z,BUD,Budds_Landing,39.37225,-75.83986667,1.0,7.9,NaN,22.67,0.19,91.6
2018-06-11T12:30:45Z,BUD,Budds_Landing,39.37225,-75.83986667,1.0,8.14,NaN,22.53,0.17,94.1
2018-06-11T12:45:45Z,BUD,Budds_Landing,39.37225,-75.83986667,1.0,8.23,NaN,22.51,0.17,95.2
2018-06-11T13:00:45Z,BUD,Budds_Landing,39.37225,-75.83986667,1.0,8.25,NaN,22.49,0.17,95.4
2018-06-11T13:15:45Z,BUD,Budds_Landing,39.37225,-75.83986667,1.0,8.24,NaN,22.5,0.17,95.3
2018-06-11T13:30:45Z,BUD,Budds_Landing,39.37225,-75.83986667,1.0,8.22,NaN,22.42,0.17,94.8
2018-06-11T13:45:45Z,BUD,Budds_Landing,39.37225,-75.83986667,1.0,8.14,NaN,22.64,0.19,94.3
2018-06-11T14:00:45Z,BUD,Budds_Landing,39.37225,-75.83986667,1.0,8.15,NaN,22.61,0.19,94.5
2018-06-11T14:15:45Z,BUD,Budds_Landing,39.37225,-75.83986667,1.0,8.51,NaN,22.39,0.17,98.1
2018-06-11T14:30:45Z,BUD,Budds_Landing,39.37225,-75.83986667,1.0,8.5,NaN,22.31,0.17,97.9
2018-06-11T14:45:45Z,BUD,Budds_Landing,39.37225,-75.83986667,1.0,8.5,NaN,22.37,0.17,98.0
2018-06-11T15:00:45Z,BUD,Budds_Landing,39.37225,-75.83986667,1.0,8.58,NaN,22.26,0.17,98.7
2018-06-11T15:15:45Z,BUD,Budds_Landing,39.37225,-75.83986667,1.0,8.79,NaN,22.26,0.16,101.2
2018-06-11T15:30:45Z,BUD,Budds_Landing,39.37225,-75.83986667,1.0,8.77,NaN,22.27,0.16,100.9
2018-06-11T15:45:45Z,BUD,Budds_Landing,39.37225,-75.83986667,1.0,8.4,NaN,22.34,0.17,96.7
2018-06-11T16:00:45Z,BUD,Budds_Landing,39.37225,-75.83986667,1.0,8.83,NaN,22.34,0.17,101.7
2018-06-11T16:15:45Z,BUD,Budds_Landing,39.37225,-75.83986667,1.0,9.28,NaN,22.13,0.15,106.5
2018-06-11T16:30:45Z,BUD,Budds_Landing,39.37225,-75.83986667,1.0,9.94,NaN,22.09,0.15,113.9
2018-06-11T16:45:45Z,BUD,Budds_Landing,39.37225,-75.83986667,1.0,9.87,NaN,21.94,0.14,112.8
2018-06-11T17:00:45Z,BUD,Budds_Landing,39.37225,-75.83986667,1.0,9.65,NaN,21.94,0.14,110.3
2018-06-11T17:15:45Z,BUD,Budds_Landing,39.37225,-75.83986667,1.0,10.3,NaN,22.05,0.15,118.0
2018-06-11T17:30:45Z,BUD,Budds_Landing,39.37225,-75.83986667,1.0,10.16,NaN,21.89,0.14,116.0
2018-06-11T17:45:45Z,BUD,Budds_Landing,39.37225,-75.83986667,1.0,10.12,NaN,21.9,0.14,115.6
2018-06-11T18:00:45Z,BUD,Budds_Landing,39.37225,-75.83986667,1.0,9.9,NaN,21.92,0.14,113.1
2018-06-11T18:15:45Z,BUD,Budds_Landing,39.37225,-75.83986667,1.0,9.83,NaN,21.89,0.14,112.3
2018-06-11T18:30:46Z,BUD,Budds_Landing,39.37225,-75.83986667,1.0,9.77,NaN,21.82,0.14,111.4
2018-06-11T18:45:45Z,BUD,Budds_Landing,39.37225,-75.83986667,1.0,9.78,NaN,21.65,0.13,111.1
2018-06-11T19:00:45Z,BUD,Budds_Landing,39.37225,-75.83986667,1.0,9.92,NaN,21.53,0.13,112.5
2018-06-11T19:15:45Z,BUD,Budds_Landing,39.37225,-75.83986667,1.0,9.94,NaN,21.32,0.12,112.2
2018-06-11T19:30:45Z,BUD,Budds_Landing,39.37225,-75.83986667,1.0,10.09,NaN,21.41,0.12,114.1
2018-06-11T19:45:46Z,BUD,Budds_Landing,39.37225,-75.83986667,1.0,10.33,NaN,21.47,0.12,117.0
2018-06-11T20:00:45Z,BUD,Budds_Landing,39.37225,-75.83986667,1.0,10.75,NaN,21.63,0.13,122.1
2018-06-11T20:15:45Z,BUD,Budds_Landing,39.37225,-75.83986667,1.0,11.6,NaN,22.15,0.14,133.1
2018-06-11T20:30:45Z,BUD,Budds_Landing,39.37225,-75.83986667,1.0,11.43,NaN,22.53,0.17,132.2
2018-06-11T20:45:45Z,BUD,Budds_Landing,39.37225,-75.83986667,1.0,11.68,NaN,22.51,0.17,135.0
2018-06-11T21:00:45Z,BUD,Budds_Landing,39.37225,-75.83986667,1.0,12.11,NaN,22.37,0.16,139.6
2018-06-11T21:15:45Z,BUD,Budds_Landing,39.37225,-75.83986667,1.0,12.25,NaN,22.23,0.16,140.8
2018-06-11T21:30:45Z,BUD,Budds_Landing,39.37225,-75.83986667,1.0,12.35,NaN,22.26,0.16,142.0
2018-06-11T21:45:45Z,BUD,Budds_Landing,39.37225,-75.83986667,1.0,12.19,NaN,22.3,0.16,140.4
2018-06-11T22:00:45Z,BUD,Budds_Landing,39.37225,-75.83986667,1.0,12.1,NaN,22.31,0.16,139.3
2018-06-11T22:15:45Z,BUD,Budds_Landing,39.37225,-75.83986667,1.0,12.45,NaN,22.33,0.16,143.4
2018-06-11T22:30:45Z,BUD,Budds_Landing,39.37225,-75.83986667,1.0,12.58,NaN,22.36,0.16,145.0
2018-06-11T22:45:45Z,BUD,Budds_Landing,39.37225,-75.83986667,1.0,12.66,NaN,22.38,0.16,146.0
2018-06-11T23:00:45Z,BUD,Budds_Landing,39.37225,-75.83986667,1.0,12.69,NaN,22.43,0.16,146.4
2018-06-11T23:15:46Z,BUD,Budds_Landing,39.37225,-75.83986667,1.0,12.34,NaN,22.42,0.16,142.4
2018-06-11T23:30:45Z,BUD,Budds_Landing,39.37225,-75.83986667,1.0,12.85,NaN,22.45,0.16,148.4
2018-06-11T23:45:46Z,BUD,Budds_Landing,39.37225,-75.83986667,1.0,12.75,NaN,22.51,0.18,147.4
2018-06-12T00:00:46Z,BUD,Budds_Landing,39.37225,-75.83986667,1.0,12.54,NaN,22.49,0.18,144.9
2018-06-12T00:15:45Z,BUD,Budds_Landing,39.37225,-75.83986667,1.0,12.37,NaN,22.49,0.18,142.9
2018-06-12T00:30:46Z,BUD,Budds_Landing,39.37225,-75.83986667,1.0,12.26,NaN,22.47,0.17,141.7
2018-06-12T00:45:45Z,BUD,Budds_Landing,39.37225,-75.83986667,1.0,11.64,NaN,22.45,0.18,134.4
2018-06-12T01:00:46Z,BUD,Budds_Landing,39.37225,-75.83986667,1.0,11.3,NaN,22.41,0.18,130.4
2018-06-12T01:15:45Z,BUD,Budds_Landing,39.37225,-75.83986667,1.0,11.74,NaN,22.34,0.17,135.3
2018-06-12T01:30:46Z,BUD,Budds_Landing,39.37225,-75.83986667,1.0,11.89,NaN,22.14,0.16,136.4
2018-06-12T01:45:46Z,BUD,Budds_Landing,39.37225,-75.83986667,1.0,11.59,NaN,22.14,0.16,133.0
2018-06-12T02:00:45Z,BUD,Budds_Landing,39.37225,-75.83986667,1.0,11.72,NaN,22.04,0.16,134.2
2018-06-12T02:15:45Z,BUD,Budds_Landing,39.37225,-75.83986667,1.0,11.85,NaN,21.89,0.15,135.3
2018-06-12T02:30:45Z,BUD,Budds_Landing,39.37225,-75.83986667,1.0,11.69,NaN,21.77,0.15,133.3
2018-06-12T02:45:46Z,BUD,Budds_Landing,39.37225,-75.83986667,1.0,11.56,NaN,21.74,0.15,131.7
2018-06-12T03:00:46Z,BUD,Budds_Landing,39.37225,-75.83986667,1.0,11.4,NaN,21.6,0.15,129.4
2018-06-12T03:15:45Z,BUD,Budds_Landing,39.37225,-75.83986667,1.0,11.2,NaN,21.59,0.15,127.1
2018-06-12T03:30:45Z,BUD,Budds_Landing,39.37225,-75.83986667,1.0,11.34,NaN,21.56,0.15,128.7
2018-06-12T03:45:46Z,BUD,Budds_Landing,39.37225,-75.83986667,1.0,11.23,NaN,21.54,0.15,127.4
2018-06-12T04:00:46Z,BUD,Budds_Landing,39.37225,-75.83986667,1.0,10.99,NaN,21.48,0.15,124.6
2018-06-12T04:15:46Z,BUD,Budds_Landing,39.37225,-75.83986667,1.0,10.86,NaN,21.38,0.15,122.8
2018-06-12T04:30:46Z,BUD,Budds_Landing,39.37225,-75.83986667,1.0,10.77,NaN,21.23,0.14,121.5
2018-06-12T04:45:46Z,BUD,Budds_Landing,39.37225,-75.83986667,1.0,10.7,NaN,21.11,0.14,120.4
2018-06-12T05:00:45Z,BUD,Budds_Landing,39.37225,-75.83986667,1.0,10.31,NaN,21.06,0.14,115.8
2018-06-12T05:15:45Z,BUD,Budds_Landing,39.37225,-75.83986667,1.0,10.4,NaN,21.01,0.14,116.8
2018-06-12T05:30:46Z,BUD,Budds_Landing,39.37225,-75.83986667,1.0,10.26,NaN,21.12,0.14,115.5
2018-06-12T05:45:46Z,BUD,Budds_Landing,39.37225,-75.83986667,1.0,10.34,NaN,21.08,0.14,116.2
2018-06-12T06:00:46Z,BUD,Budds_Landing,39.37225,-75.83986667,1.0,10.45,NaN,21.08,0.14,117.5
2018-06-12T06:15:46Z,BUD,Budds_Landing,39.37225,-75.83986667,1.0,10.64,NaN,21.06,0.14,119.6
2018-06-12T06:30:46Z,BUD,Budds_Landing,39.37225,-75.83986667,1.0,10.56,NaN,21.11,0.15,118.8
2018-06-12T06:45:46Z,BUD,Budds_Landing,39.37225,-75.83986667,1.0,10.63,NaN,21.24,0.15,119.8
2018-06-12T07:00:45Z,BUD,Budds_Landing,39.37225,-75.83986667,1.0,10.72,NaN,21.11,0.15,120.6
2018-06-12T07:15:46Z,BUD,Budds_Landing,39.37225,-75.83986667,1.0,10.65,NaN,21.12,0.15,119.8
2018-06-12T07:30:46Z,BUD,Budds_Landing,39.37225,-75.83986667,1.0,10.63,NaN,21.11,0.15,119.6
2018-06-12T07:45:46Z,BUD,Budds_Landing,39.37225,-75.83986667,1.0,10.55,NaN,21.1,0.15,118.7
2018-06-12T08:00:46Z,BUD,Budds_Landing,39.37225,-75.83986667,1.0,10.45,NaN,21.12,0.16,117.6
2018-06-12T08:15:45Z,BUD,Budds_Landing,39.37225,-75.83986667,1.0,9.89,NaN,21.25,0.17,111.6
2018-06-12T08:30:45Z,BUD,Budds_Landing,39.37225,-75.83986667,1.0,10.15,NaN,21.28,0.16,114.6
2018-06-12T08:45:46Z,BUD,Budds_Landing,39.37225,-75.83986667,1.0,9.98,NaN,21.35,0.17,112.8
2018-06-12T09:00:46Z,BUD,Budds_Landing,39.37225,-75.83986667,1.0,9.64,NaN,21.45,0.17,109.2
2018-06-12T09:15:46Z,BUD,Budds_Landing,39.37225,-75.83986667,1.0,9.62,NaN,21.41,0.18,108.9
2018-06-12T09:30:46Z,BUD,Budds_Landing,39.37225,-75.83986667,1.0,9.45,NaN,21.36,0.18,106.8
2018-06-12T09:45:45Z,BUD,Budds_Landing,39.37225,-75.83986667,1.0,9.43,NaN,21.41,0.18,106.7
2018-06-12T10:00:46Z,BUD,Budds_Landing,39.37225,-75.83986667,1.0,9.26,NaN,21.42,0.18,104.8
2018-06-12T10:15:45Z,BUD,Budds_Landing,39.37225,-75.83986667,1.0,9.26,NaN,21.44,0.18,104.8
2018-06-12T10:30:46Z,BUD,Budds_Landing,39.37225,-75.83986667,1.0,9.28,NaN,21.49,0.18,105.2
2018-06-12T10:45:45Z,BUD,Budds_Landing,39.37225,-75.83986667,1.0,9.09,NaN,21.52,0.19,103.1
2018-06-12T11:00:46Z,BUD,Budds_Landing,39.37225,-75.83986667,1.0,8.98,NaN,21.54,0.19,101.9
2018-06-12T11:15:46Z,BUD,Budds_Landing,39.37225,-75.83986667,1.0,8.96,NaN,21.57,0.19,101.7
2018-06-12T11:30:46Z,BUD,Budds_Landing,39.37225,-75.83986667,1.0,8.9,NaN,21.64,0.2,101.2
2018-06-12T11:45:46Z,BUD,Budds_Landing,39.37225,-75.83986667,1.0,8.7,NaN,21.67,0.2,98.9
2018-06-12T12:00:46Z,BUD,Budds_Landing,39.37225,-75.83986667,1.0,8.61,NaN,21.68,0.2,98.0
2018-06-12T12:15:45Z,BUD,Budds_Landing,39.37225,-75.83986667,1.0,8.31,NaN,21.53,0.19,94.3
2018-06-12T12:30:46Z,BUD,Budds_Landing,39.37225,-75.83986667,1.0,8.47,NaN,21.4,0.19,95.9
2018-06-12T12:45:46Z,BUD,Budds_Landing,39.37225,-75.83986667,1.0,8.64,NaN,21.37,0.19,97.7
2018-06-12T13:00:46Z,BUD,Budds_Landing,39.37225,-75.83986667,1.0,9.14,NaN,21.34,0.18,103.4
2018-06-12T13:15:45Z,BUD,Budds_Landing,39.37225,-75.83986667,1.0,8.96,NaN,21.46,0.19,101.5
2018-06-12T13:30:46Z,BUD,Budds_Landing,39.37225,-75.83986667,1.0,10.58,NaN,21.66,0.18,120.3
2018-06-12T13:45:46Z,BUD,Budds_Landing,39.37225,-75.83986667,1.0,10.7,NaN,21.48,0.18,121.3
2018-06-12T14:00:46Z,BUD,Budds_Landing,39.37225,-75.83986667,1.0,10.58,NaN,21.45,0.18,119.9
2018-06-12T14:15:46Z,BUD,Budds_Landing,39.37225,-75.83986667,1.0,10.04,NaN,21.48,0.18,113.8
2018-06-12T14:30:46Z,BUD,Budds_Landing,39.37225,-75.83986667,1.0,9.89,NaN,21.48,0.17,112.1
2018-06-12T14:45:46Z,BUD,Budds_Landing,39.37225,-75.83986667,1.0,9.9,NaN,21.68,0.18,112.6
2018-06-12T15:00:46Z,BUD,Budds_Landing,39.37225,-75.83986667,1.0,11.63,NaN,22.22,0.18,133.7
2018-06-12T15:15:45Z,BUD,Budds_Landing,39.37225,-75.83986667,1.0,12.1,NaN,22.17,0.17,139.0
2018-06-12T15:30:46Z,BUD,Budds_Landing,39.37225,-75.83986667,1.0,12.64,NaN,22.38,0.17,145.7
2018-06-12T15:45:45Z,BUD,Budds_Landing,39.37225,-75.83986667,1.0,12.43,NaN,22.09,0.17,142.5
2018-06-12T16:00:46Z,BUD,Budds_Landing,39.37225,-75.83986667,1.0,12.52,NaN,22.03,0.17,143.4
2018-06-12T16:15:46Z,BUD,Budds_Landing,39.37225,-75.83986667,1.0,12.6,NaN,22.16,0.16,144.7
2018-06-12T16:30:46Z,BUD,Budds_Landing,39.37225,-75.83986667,1.0,12.65,NaN,22.13,0.16,145.1
2018-06-12T16:45:46Z,BUD,Budds_Landing,39.37225,-75.83986667,1.0,12.4,NaN,21.91,0.16,141.7
2018-06-12T17:00:46Z,BUD,Budds_Landing,39.37225,-75.83986667,1.0,12.76,NaN,22.41,0.16,147.2
2018-06-12T17:15:46Z,BUD,Budds_Landing,39.37225,-75.83986667,1.0,12.38,NaN,21.75,0.15,141.1
2018-06-12T17:30:46Z,BUD,Budds_Landing,39.37225,-75.83986667,1.0,12.21,NaN,21.38,0.14,138.0
2018-06-12T17:45:46Z,BUD,Budds_Landing,39.37225,-75.83986667,1.0,12.76,NaN,22.5,0.15,147.5
2018-06-12T18:00:46Z,BUD,Budds_Landing,39.37225,-75.83986667,1.0,12.67,NaN,22.65,0.14,146.8
2018-06-12T18:15:46Z,BUD,Budds_Landing,39.37225,-75.83986667,1.0,13.2,NaN,22.48,0.13,152.5
2018-06-12T18:30:45Z,BUD,Budds_Landing,39.37225,-75.83986667,1.0,12.75,NaN,22.71,0.13,147.9
2018-06-12T18:45:46Z,BUD,Budds_Landing,39.37225,-75.83986667,1.0,12.6,NaN,22.51,0.13,145.6
2018-06-12T19:00:46Z,BUD,Budds_Landing,39.37225,-75.83986667,1.0,12.51,NaN,22.58,0.13,144.8
2018-06-12T19:15:45Z,BUD,Budds_Landing,39.37225,-75.83986667,1.0,12.46,NaN,22.47,0.13,143.9
2018-06-12T19:30:46Z,BUD,Budds_Landing,39.37225,-75.83986667,1.0,12.4,NaN,22.62,0.13,143.6
2018-06-12T19:45:45Z,BUD,Budds_Landing,39.37225,-75.83986667,1.0,12.96,NaN,23.0,0.12,151.2
2018-06-12T20:00:45Z,BUD,Budds_Landing,39.37225,-75.83986667,1.0,13.18,NaN,23.0,0.13,153.7
2018-06-12T20:15:45Z,BUD,Budds_Landing,39.37225,-75.83986667,1.0,13.53,NaN,23.22,0.14,158.5
2018-06-12T20:30:45Z,BUD,Budds_Landing,39.37225,-75.83986667,1.0,14.23,NaN,23.48,0.16,167.5
2018-06-12T20:45:45Z,BUD,Budds_Landing,39.37225,-75.83986667,1.0,13.73,NaN,23.18,0.13,160.7
2018-06-12T21:00:45Z,BUD,Budds_Landing,39.37225,-75.83986667,1.0,13.93,NaN,23.26,0.14,163.4
2018-06-12T21:15:45Z,BUD,Budds_Landing,39.37225,-75.83986667,1.0,14.94,NaN,23.89,0.14,177.2
2018-06-12T21:30:45Z,BUD,Budds_Landing,39.37225,-75.83986667,1.0,14.84,NaN,23.71,0.15,175.4
2018-06-12T21:45:45Z,BUD,Budds_Landing,39.37225,-75.83986667,1.0,14.86,NaN,23.97,0.15,176.6
2018-06-12T22:00:45Z,BUD,Budds_Landing,39.37225,-75.83986667,1.0,15.41,NaN,23.81,0.15,182.5
2018-06-12T22:15:45Z,BUD,Budds_Landing,39.37225,-75.83986667,1.0,15.5,NaN,23.8,0.15,183.6
2018-06-12T22:30:45Z,BUD,Budds_Landing,39.37225,-75.83986667,1.0,15.59,NaN,24.05,0.16,185.5
2018-06-12T22:45:44Z,BUD,Budds_Landing,39.37225,-75.83986667,1.0,15.62,NaN,24.05,0.16,185.8
2018-06-12T23:00:44Z,BUD,Budds_Landing,39.37225,-75.83986667,1.0,15.27,NaN,23.99,0.15,181.5
2018-06-12T23:15:45Z,BUD,Budds_Landing,39.37225,-75.83986667,1.0,15.26,NaN,23.85,0.17,181.0
2018-06-12T23:30:45Z,BUD,Budds_Landing,39.37225,-75.83986667,1.0,15.3,NaN,24.02,0.17,182.0
2018-06-12T23:45:45Z,BUD,Budds_Landing,39.37225,-75.83986667,1.0,14.76,NaN,23.96,0.17,175.4
2018-06-13T00:00:45Z,BUD,Budds_Landing,39.37225,-75.83986667,1.0,14.95,NaN,23.98,0.17,177.6
2018-06-13T00:15:45Z,BUD,Budds_Landing,39.37225,-75.83986667,1.0,14.51,NaN,23.98,0.18,172.4
2018-06-13T00:30:45Z,BUD,Budds_Landing,39.37225,-75.83986667,1.0,14.23,NaN,23.93,0.18,169.0
2018-06-13T00:45:45Z,BUD,Budds_Landing,39.37225,-75.83986667,1.0,13.67,NaN,23.78,0.19,161.9
2018-06-13T01:00:45Z,BUD,Budds_Landing,39.37225,-75.83986667,1.0,13.06,NaN,23.67,0.19,154.4
2018-06-13T01:15:45Z,BUD,Budds_Landing,39.37225,-75.83986667,1.0,12.43,NaN,23.58,0.2,146.7
2018-06-13T01:30:45Z,BUD,Budds_Landing,39.37225,-75.83986667,1.0,12.35,NaN,23.55,0.19,145.6
2018-06-13T01:45:45Z,BUD,Budds_Landing,39.37225,-75.83986667,1.0,11.78,NaN,23.46,0.19,138.7
2018-06-13T02:00:45Z,BUD,Budds_Landing,39.37225,-75.83986667,1.0,12.21,NaN,23.16,0.18,142.9
2018-06-13T02:15:45Z,BUD,Budds_Landing,39.37225,-75.83986667,1.0,12.97,NaN,23.18,0.14,151.8
2018-06-13T02:30:45Z,BUD,Budds_Landing,39.37225,-75.83986667,1.0,12.46,NaN,22.85,0.14,145.0
2018-06-13T02:45:45Z,BUD,Budds_Landing,39.37225,-75.83986667,1.0,12.9,NaN,22.98,0.15,150.5
2018-06-13T03:00:45Z,BUD,Budds_Landing,39.37225,-75.83986667,1.0,12.87,NaN,23.03,0.15,150.2
2018-06-13T03:15:45Z,BUD,Budds_Landing,39.37225,-75.83986667,1.0,12.57,NaN,23.0,0.16,146.6
2018-06-13T03:30:45Z,BUD,Budds_Landing,39.37225,-75.83986667,1.0,12.7,NaN,22.98,0.16,148.1
2018-06-13T03:45:45Z,BUD,Budds_Landing,39.37225,-75.83986667,1.0,12.64,NaN,22.98,0.17,147.4
2018-06-13T04:00:45Z,BUD,Budds_Landing,39.37225,-75.83986667,1.0,12.75,NaN,22.98,0.16,148.7
2018-06-13T04:15:45Z,BUD,Budds_Landing,39.37225,-75.83986667,1.0,12.76,NaN,23.03,0.17,149.0
2018-06-13T04:30:45Z,BUD,Budds_Landing,39.37225,-75.83986667,1.0,12.68,NaN,22.96,0.16,147.8
2018-06-13T04:45:45Z,BUD,Budds_Landing,39.37225,-75.83986667,1.0,12.08,NaN,22.89,0.15,140.7
2018-06-13T05:00:45Z,BUD,Budds_Landing,39.37225,-75.83986667,1.0,11.32,NaN,22.86,0.15,131.7
2018-06-13T05:15:46Z,BUD,Budds_Landing,39.37225,-75.83986667,1.0,11.88,NaN,22.86,0.15,138.2
2018-06-13T05:30:46Z,BUD,Budds_Landing,39.37225,-75.83986667,1.0,12.14,NaN,22.52,0.13,140.3
2018-06-13T05:45:45Z,BUD,Budds_Landing,39.37225,-75.83986667,1.0,11.87,NaN,22.56,0.14,137.4
2018-06-13T06:00:46Z,BUD,Budds_Landing,39.37225,-75.83986667,1.0,11.41,NaN,22.36,0.13,131.5
2018-06-13T06:15:46Z,BUD,Budds_Landing,39.37225,-75.83986667,1.0,11.53,NaN,22.25,0.13,132.6
2018-06-13T06:30:45Z,BUD,Budds_Landing,39.37225,-75.83986667,1.0,11.56,NaN,22.17,0.13,132.7
2018-06-13T06:45:46Z,BUD,Budds_Landing,39.37225,-75.83986667,1.0,10.87,NaN,22.17,0.13,124.8
2018-06-13T07:00:46Z,BUD,Budds_Landing,39.37225,-75.83986667,1.0,11.06,NaN,22.22,0.13,127.1
2018-06-13T07:15:46Z,BUD,Budds_Landing,39.37225,-75.83986667,1.0,10.86,NaN,22.24,0.13,124.9
2018-06-13T07:30:45Z,BUD,Budds_Landing,39.37225,-75.83986667,1.0,11.16,NaN,22.23,0.13,128.3
2018-06-13T07:45:45Z,BUD,Budds_Landing,39.37225,-75.83986667,1.0,11.24,NaN,22.25,0.13,129.2
2018-06-13T08:00:46Z,BUD,Budds_Landing,39.37225,-75.83986667,1.0,11.03,NaN,22.39,0.14,127.2
2018-06-13T08:15:46Z,BUD,Budds_Landing,39.37225,-75.83986667,1.0,11.28,NaN,22.46,0.15,130.2
2018-06-13T08:30:46Z,BUD,Budds_Landing,39.37225,-75.83986667,1.0,11.72,NaN,22.49,0.14,135.5
2018-06-13T08:45:46Z,BUD,Budds_Landing,39.37225,-75.83986667,1.0,11.74,NaN,22.51,0.15,135.7
2018-06-13T09:00:45Z,BUD,Budds_Landing,39.37225,-75.83986667,1.0,11.48,NaN,22.56,0.15,132.9
2018-06-13T09:15:45Z,BUD,Budds_Landing,39.37225,-75.83986667,1.0,11.12,NaN,22.53,0.16,128.6
2018-06-13T09:30:46Z,BUD,Budds_Landing,39.37225,-75.83986667,1.0,11.47,NaN,22.43,0.14,132.3
2018-06-13T09:45:46Z,BUD,Budds_Landing,39.37225,-75.83986667,1.0,11.34,NaN,22.49,0.16,131.0
2018-06-13T10:00:46Z,BUD,Budds_Landing,39.37225,-75.83986667,1.0,10.91,NaN,22.58,0.16,126.3
2018-06-13T10:15:45Z,BUD,Budds_Landing,39.37225,-75.83986667,1.0,10.6,NaN,22.62,0.17,122.8
2018-06-13T10:30:45Z,BUD,Budds_Landing,39.37225,-75.83986667,1.0,10.81,NaN,22.65,0.17,125.3
2018-06-13T10:45:46Z,BUD,Budds_Landing,39.37225,-75.83986667,1.0,10.58,NaN,22.68,0.17,122.8
2018-06-13T11:00:46Z,BUD,Budds_Landing,39.37225,-75.83986667,1.0,10.52,NaN,22.72,0.18,122.1
2018-06-13T11:15:46Z,BUD,Budds_Landing,39.37225,-75.83986667,1.0,10.54,NaN,22.74,0.18,122.4
2018-06-13T11:30:46Z,BUD,Budds_Landing,39.37225,-75.83986667,1.0,10.3,NaN,22.77,0.18,119.7
2018-06-13T11:45:46Z,BUD,Budds_Landing,39.37225,-75.83986667,1.0,10.3,NaN,22.82,0.19,119.8
2018-06-13T12:00:46Z,BUD,Budds_Landing,39.37225,-75.83986667,1.0,10.4,NaN,22.88,0.19,121.1
2018-06-13T12:15:46Z,BUD,Budds_Landing,39.37225,-75.83986667,1.0,10.29,NaN,22.91,0.19,119.9
2018-06-13T12:30:45Z,BUD,Budds_Landing,39.37225,-75.83986667,1.0,9.88,NaN,22.96,0.19,115.2
2018-06-13T12:45:46Z,BUD,Budds_Landing,39.37225,-75.83986667,1.0,9.89,NaN,23.02,0.2,115.4
2018-06-13T13:00:46Z,BUD,Budds_Landing,39.37225,-75.83986667,1.0,9.59,NaN,23.05,0.2,112.0
2018-06-13T13:15:45Z,BUD,Budds_Landing,39.37225,-75.83986667,1.0,9.79,NaN,23.11,0.2,114.5
2018-06-13T13:30:45Z,BUD,Budds_Landing,39.37225,-75.83986667,1.0,9.43,NaN,22.97,0.2,110.0
2018-06-13T13:45:45Z,BUD,Budds_Landing,39.37225,-75.83986667,1.0,9.86,NaN,22.98,0.19,115.0
2018-06-13T14:00:45Z,BUD,Budds_Landing,39.37225,-75.83986667,1.0,10.02,NaN,22.96,0.19,116.8
2018-06-13T14:15:46Z,BUD,Budds_Landing,39.37225,-75.83986667,1.0,10.88,NaN,23.03,0.19,127.0
2018-06-13T14:30:45Z,BUD,Budds_Landing,39.37225,-75.83986667,1.0,11.13,NaN,23.04,0.18,130.0
2018-06-13T14:45:45Z,BUD,Budds_Landing,39.37225,-75.83986667,1.0,12.03,NaN,23.02,0.17,140.4
2018-06-13T15:00:45Z,BUD,Budds_Landing,39.37225,-75.83986667,1.0,12.07,NaN,23.16,0.18,141.2
2018-06-13T15:15:45Z,BUD,Budds_Landing,39.37225,-75.83986667,1.0,12.32,NaN,23.19,0.17,144.3
2018-06-13T15:30:45Z,BUD,Budds_Landing,39.37225,-75.83986667,1.0,12.69,NaN,23.44,0.18,149.4
2018-06-13T15:45:45Z,BUD,Budds_Landing,39.37225,-75.83986667,1.0,12.59,NaN,23.29,0.17,147.7
2018-06-13T16:00:45Z,BUD,Budds_Landing,39.37225,-75.83986667,1.0,12.6,NaN,23.32,0.18,148.0
2018-06-13T16:15:46Z,BUD,Budds_Landing,39.37225,-75.83986667,1.0,12.28,NaN,23.22,0.17,143.9
2018-06-13T16:30:45Z,BUD,Budds_Landing,39.37225,-75.83986667,1.0,12.27,NaN,23.24,0.18,143.8
2018-06-13T16:45:45Z,BUD,Budds_Landing,39.37225,-75.83986667,1.0,12.5,NaN,23.32,0.18,146.7
2018-06-13T17:00:45Z,BUD,Budds_Landing,39.37225,-75.83986667,1.0,13.62,NaN,23.9,0.18,161.6
2018-06-13T17:15:45Z,BUD,Budds_Landing,39.37225,-75.83986667,1.0,13.11,NaN,23.47,0.15,154.3
2018-06-13T17:30:45Z,BUD,Budds_Landing,39.37225,-75.83986667,1.0,13.2,NaN,23.55,0.15,155.7
2018-06-13T17:45:45Z,BUD,Budds_Landing,39.37225,-75.83986667,1.0,12.9,NaN,23.47,0.15,151.8
2018-06-13T18:00:45Z,BUD,Budds_Landing,39.37225,-75.83986667,1.0,13.34,NaN,23.83,0.16,158.1
2018-06-13T18:15:45Z,BUD,Budds_Landing,39.37225,-75.83986667,1.0,13.35,NaN,23.75,0.16,158.0
2018-06-13T18:30:45Z,BUD,Budds_Landing,39.37225,-75.83986667,1.0,13.56,NaN,23.77,0.16,160.5
2018-06-13T18:45:44Z,BUD,Budds_Landing,39.37225,-75.83986667,1.0,13.63,NaN,23.82,0.15,161.4
2018-06-13T19:00:45Z,BUD,Budds_Landing,39.37225,-75.83986667,1.0,13.96,NaN,24.01,0.15,166.0
2018-06-13T19:15:45Z,BUD,Budds_Landing,39.37225,-75.83986667,1.0,13.5,NaN,23.85,0.14,160.1
2018-06-13T19:30:44Z,BUD,Budds_Landing,39.37225,-75.83986667,1.0,13.67,NaN,23.96,0.13,162.4
2018-06-13T19:45:44Z,BUD,Budds_Landing,39.37225,-75.83986667,1.0,13.89,NaN,24.09,0.14,165.4
2018-06-13T20:00:45Z,BUD,Budds_Landing,39.37225,-75.83986667,1.0,14.0,NaN,24.13,0.15,166.9
2018-06-13T20:15:44Z,BUD,Budds_Landing,39.37225,-75.83986667,1.0,14.55,NaN,24.31,0.15,174.0
2018-06-13T20:30:44Z,BUD,Budds_Landing,39.37225,-75.83986667,1.0,14.54,NaN,24.39,0.15,174.1
2018-06-13T20:45:44Z,BUD,Budds_Landing,39.37225,-75.83986667,1.0,14.69,NaN,24.53,0.15,176.4
2018-06-13T21:00:44Z,BUD,Budds_Landing,39.37225,-75.83986667,1.0,14.53,NaN,24.64,0.14,174.7
2018-06-13T21:15:44Z,BUD,Budds_Landing,39.37225,-75.83986667,1.0,14.24,NaN,24.66,0.13,171.4
2018-06-13T21:30:44Z,BUD,Budds_Landing,39.37225,-75.83986667,1.0,14.52,NaN,24.69,0.14,174.8
2018-06-13T21:45:44Z,BUD,Budds_Landing,39.37225,-75.83986667,1.0,14.84,NaN,24.73,0.14,178.9
2018-06-13T22:00:44Z,BUD,Budds_Landing,39.37225,-75.83986667,1.0,15.13,NaN,24.81,0.14,182.5
2018-06-13T22:15:44Z,BUD,Budds_Landing,39.37225,-75.83986667,1.0,15.09,NaN,24.84,0.14,182.2
2018-06-13T22:30:44Z,BUD,Budds_Landing,39.37225,-75.83986667,1.0,14.95,NaN,24.81,0.14,180.4
2018-06-13T22:45:44Z,BUD,Budds_Landing,39.37225,-75.83986667,1.0,15.15,NaN,24.83,0.14,182.9
2018-06-13T23:00:44Z,BUD,Budds_Landing,39.37225,-75.83986667,1.0,14.62,NaN,24.72,0.14,176.2
2018-06-13T23:15:44Z,BUD,Budds_Landing,39.37225,-75.83986667,1.0,14.65,NaN,24.75,0.14,176.5
2018-06-13T23:30:44Z,BUD,Budds_Landing,39.37225,-75.83986667,1.0,15.01,NaN,24.83,0.15,181.2
2018-06-13T23:45:44Z,BUD,Budds_Landing,39.37225,-75.83986667,1.0,14.66,NaN,24.85,0.16,177.1
2018-06-14T00:00:44Z,BUD,Budds_Landing,39.37225,-75.83986667,1.0,14.45,NaN,24.82,0.17,174.5
2018-06-14T00:15:44Z,BUD,Budds_Landing,39.37225,-75.83986667,1.0,14.46,NaN,24.69,0.17,174.1
2018-06-14T00:30:45Z,BUD,Budds_Landing,39.37225,-75.83986667,1.0,14.16,NaN,24.68,0.18,170.5
2018-06-14T00:45:45Z,BUD,Budds_Landing,39.37225,-75.83986667,1.0,14.16,NaN,24.62,0.17,170.4
2018-06-14T01:00:45Z,BUD,Budds_Landing,39.37225,-75.83986667,1.0,13.58,NaN,24.62,0.18,163.3
2018-06-14T01:15:45Z,BUD,Budds_Landing,39.37225,-75.83986667,1.0,13.35,NaN,24.53,0.18,160.3
2018-06-14T01:30:45Z,BUD,Budds_Landing,39.37225,-75.83986667,1.0,13.33,NaN,24.55,0.18,160.2
2018-06-14T01:45:44Z,BUD,Budds_Landing,39.37225,-75.83986667,1.0,13.3,NaN,24.58,0.18,159.9
2018-06-14T02:00:45Z,BUD,Budds_Landing,39.37225,-75.83986667,1.0,13.19,NaN,24.6,0.18,158.5
2018-06-14T02:15:45Z,BUD,Budds_Landing,39.37225,-75.83986667,1.0,12.79,NaN,24.61,0.18,153.8
2018-06-14T02:30:44Z,BUD,Budds_Landing,39.37225,-75.83986667,1.0,13.38,NaN,24.63,0.18,161.0
2018-06-14T02:45:44Z,BUD,Budds_Landing,39.37225,-75.83986667,1.0,12.79,NaN,24.56,0.18,153.7
2018-06-14T03:00:45Z,BUD,Budds_Landing,39.37225,-75.83986667,1.0,13.0,NaN,24.51,0.18,156.1
2018-06-14T03:15:44Z,BUD,Budds_Landing,39.37225,-75.83986667,1.0,13.07,NaN,24.53,0.17,156.9
2018-06-14T03:30:45Z,BUD,Budds_Landing,39.37225,-75.83986667,1.0,13.03,NaN,24.54,0.16,156.5
2018-06-14T03:45:45Z,BUD,Budds_Landing,39.37225,-75.83986667,1.0,13.05,NaN,24.5,0.16,156.6
2018-06-14T04:00:44Z,BUD,Budds_Landing,39.37225,-75.83986667,1.0,12.97,NaN,24.47,0.16,155.6
2018-06-14T04:15:45Z,BUD,Budds_Landing,39.37225,-75.83986667,1.0,12.67,NaN,24.46,0.16,151.9
2018-06-14T04:30:45Z,BUD,Budds_Landing,39.37225,-75.83986667,1.0,12.49,NaN,24.44,0.16,149.7
2018-06-14T04:45:45Z,BUD,Budds_Landing,39.37225,-75.83986667,1.0,11.95,NaN,24.45,0.16,143.3
2018-06-14T05:00:44Z,BUD,Budds_Landing,39.37225,-75.83986667,1.0,12.02,NaN,24.45,0.16,144.1
2018-06-14T05:15:45Z,BUD,Budds_Landing,39.37225,-75.83986667,1.0,11.87,NaN,24.43,0.16,142.2
2018-06-14T05:30:45Z,BUD,Budds_Landing,39.37225,-75.83986667,1.0,12.11,NaN,24.39,0.15,145.0
2018-06-14T05:45:45Z,BUD,Budds_Landing,39.37225,-75.83986667,1.0,11.95,NaN,24.37,0.14,143.0
2018-06-14T06:00:45Z,BUD,Budds_Landing,39.37225,-75.83986667,1.0,11.32,NaN,24.35,0.14,135.4
2018-06-14T06:15:45Z,BUD,Budds_Landing,39.37225,-75.83986667,1.0,11.18,NaN,24.33,0.15,133.7
2018-06-14T06:30:45Z,BUD,Budds_Landing,39.37225,-75.83986667,1.0,11.21,NaN,24.29,0.14,134.0
2018-06-14T06:45:44Z,BUD,Budds_Landing,39.37225,-75.83986667,1.0,11.07,NaN,24.25,0.13,132.2
2018-06-14T07:00:45Z,BUD,Budds_Landing,39.37225,-75.83986667,1.0,9.72,NaN,24.27,0.14,116.1
2018-06-14T07:15:45Z,BUD,Budds_Landing,39.37225,-75.83986667,1.0,9.65,NaN,24.27,0.14,115.3
2018-06-14T07:30:45Z,BUD,Budds_Landing,39.37225,-75.83986667,1.0,9.9,NaN,24.29,0.14,118.3
2018-06-14T07:45:45Z,BUD,Budds_Landing,39.37225,-75.83986667,1.0,10.28,NaN,24.28,0.14,122.9
2018-06-14T08:00:45Z,BUD,Budds_Landing,39.37225,-75.83986667,1.0,9.94,NaN,24.28,0.14,118.8
2018-06-14T08:15:45Z,BUD,Budds_Landing,39.37225,-75.83986667,1.0,9.81,NaN,24.24,0.14,117.1
2018-06-14T08:30:45Z,BUD,Budds_Landing,39.37225,-75.83986667,1.0,9.89,NaN,24.2,0.13,118.0
2018-06-14T08:45:45Z,BUD,Budds_Landing,39.37225,-75.83986667,1.0,9.75,NaN,24.19,0.13,116.3
2018-06-14T09:00:45Z,BUD,Budds_Landing,39.37225,-75.83986667,1.0,10.39,NaN,24.14,0.13,123.8
2018-06-14T09:15:45Z,BUD,Budds_Landing,39.37225,-75.83986667,1.0,10.36,NaN,24.1,0.12,123.4
2018-06-14T09:30:45Z,BUD,Budds_Landing,39.37225,-75.83986667,1.0,10.41,NaN,24.07,0.12,123.9
2018-06-14T09:45:45Z,BUD,Budds_Landing,39.37225,-75.83986667,1.0,10.72,NaN,24.07,0.15,127.6
2018-06-14T10:00:45Z,BUD,Budds_Landing,39.37225,-75.83986667,1.0,10.55,NaN,24.06,0.16,125.5
2018-06-14T10:15:45Z,BUD,Budds_Landing,39.37225,-75.83986667,1.0,10.77,NaN,24.0,0.16,128.1
2018-06-14T10:30:45Z,BUD,Budds_Landing,39.37225,-75.83986667,1.0,10.61,NaN,24.03,0.16,126.2
2018-06-14T10:45:45Z,BUD,Budds_Landing,39.37225,-75.83986667,1.0,10.45,NaN,24.04,0.17,124.3
2018-06-14T11:00:45Z,BUD,Budds_Landing,39.37225,-75.83986667,1.0,10.31,NaN,24.07,0.18,122.8
2018-06-14T11:15:45Z,BUD,Budds_Landing,39.37225,-75.83986667,1.0,10.43,NaN,24.08,0.18,124.1
2018-06-14T11:30:45Z,BUD,Budds_Landing,39.37225,-75.83986667,1.0,10.65,NaN,24.1,0.18,126.8
2018-06-14T11:45:45Z,BUD,Budds_Landing,39.37225,-75.83986667,1.0,10.22,NaN,24.09,0.18,121.7
2018-06-14T12:00:45Z,BUD,Budds_Landing,39.37225,-75.83986667,1.0,10.75,NaN,24.09,0.18,128.0
2018-06-14T12:15:45Z,BUD,Budds_Landing,39.37225,-75.83986667,1.0,10.82,NaN,24.09,0.18,128.9
2018-06-14T12:30:45Z,BUD,Budds_Landing,39.37225,-75.83986667,1.0,10.63,NaN,24.1,0.18,126.7
2018-06-14T12:45:45Z,BUD,Budds_Landing,39.37225,-75.83986667,1.0,10.58,NaN,24.11,0.18,126.0
2018-06-14T13:00:45Z,BUD,Budds_Landing,39.37225,-75.83986667,1.0,10.37,NaN,24.12,0.18,123.5
2018-06-14T13:15:45Z,BUD,Budds_Landing,39.37225,-75.83986667,1.0,11.09,NaN,24.15,0.18,132.2
2018-06-14T13:30:45Z,BUD,Budds_Landing,39.37225,-75.83986667,1.0,11.21,NaN,24.18,0.19,133.8
2018-06-14T13:45:45Z,BUD,Budds_Landing,39.37225,-75.83986667,1.0,10.31,NaN,24.16,0.19,122.9
2018-06-14T14:00:45Z,BUD,Budds_Landing,39.37225,-75.83986667,1.0,10.56,NaN,24.17,0.19,126.0
2018-06-14T14:15:45Z,BUD,Budds_Landing,39.37225,-75.83986667,1.0,10.99,NaN,24.22,0.19,131.3
2018-06-14T14:30:45Z,BUD,Budds_Landing,39.37225,-75.83986667,1.0,10.93,NaN,24.24,0.19,130.5
2018-06-14T14:45:45Z,BUD,Budds_Landing,39.37225,-75.83986667,1.0,10.79,NaN,24.28,0.19,129.0
2018-06-14T15:00:45Z,BUD,Budds_Landing,39.37225,-75.83986667,1.0,11.26,NaN,24.29,0.18,134.7
2018-06-14T15:15:45Z,BUD,Budds_Landing,39.37225,-75.83986667,1.0,11.41,NaN,24.28,0.18,136.3
2018-06-14T15:30:45Z,BUD,Budds_Landing,39.37225,-75.83986667,1.0,11.88,NaN,24.43,0.18,142.4
2018-06-14T15:45:45Z,BUD,Budds_Landing,39.37225,-75.83986667,1.0,12.07,NaN,24.4,0.16,144.6
2018-06-14T16:00:45Z,BUD,Budds_Landing,39.37225,-75.83986667,1.0,12.8,NaN,24.63,0.17,154.0
2018-06-14T16:15:45Z,BUD,Budds_Landing,39.37225,-75.83986667,1.0,13.36,NaN,24.69,0.17,160.9
2018-06-14T16:30:45Z,BUD,Budds_Landing,39.37225,-75.83986667,1.0,13.36,NaN,24.64,0.17,160.7
2018-06-14T16:45:45Z,BUD,Budds_Landing,39.37225,-75.83986667,1.0,13.48,NaN,24.72,0.17,162.4
2018-06-14T17:00:44Z,BUD,Budds_Landing,39.37225,-75.83986667,1.0,13.9,NaN,25.02,0.16,168.4
2018-06-14T17:15:44Z,BUD,Budds_Landing,39.37225,-75.83986667,1.0,13.88,NaN,25.06,0.16,168.3
2018-06-14T17:30:44Z,BUD,Budds_Landing,39.37225,-75.83986667,1.0,13.84,NaN,25.06,0.16,167.8
2018-06-14T17:45:44Z,BUD,Budds_Landing,39.37225,-75.83986667,1.0,13.9,NaN,25.2,0.16,169.0
2018-06-14T18:00:44Z,BUD,Budds_Landing,39.37225,-75.83986667,1.0,14.11,NaN,25.5,0.15,172.5
2018-06-14T18:15:44Z,BUD,Budds_Landing,39.37225,-75.83986667,1.0,13.98,NaN,25.43,0.14,170.6
2018-06-14T18:30:43Z,BUD,Budds_Landing,39.37225,-75.83986667,1.0,14.22,NaN,25.55,0.15,174.0
2018-06-14T18:45:43Z,BUD,Budds_Landing,39.37225,-75.83986667,1.0,15.09,NaN,25.83,0.16,185.5
2018-06-14T19:00:44Z,BUD,Budds_Landing,39.37225,-75.83986667,1.0,14.48,NaN,25.81,0.14,178.0
2018-06-14T19:15:43Z,BUD,Budds_Landing,39.37225,-75.83986667,1.0,14.92,NaN,26.05,0.13,184.1
2018-06-14T19:30:43Z,BUD,Budds_Landing,39.37225,-75.83986667,1.0,14.98,NaN,26.21,0.13,185.5
2018-06-14T19:45:43Z,BUD,Budds_Landing,39.37225,-75.83986667,1.0,15.04,NaN,26.22,0.12,186.3
2018-06-14T20:00:44Z,BUD,Budds_Landing,39.37225,-75.83986667,1.0,15.1,NaN,26.33,0.13,187.4
2018-06-14T20:15:43Z,BUD,Budds_Landing,39.37225,-75.83986667,1.0,15.23,NaN,26.26,0.13,188.8
2018-06-14T20:30:43Z,BUD,Budds_Landing,39.37225,-75.83986667,1.0,15.52,NaN,26.56,0.14,193.3
2018-06-14T20:45:44Z,BUD,Budds_Landing,39.37225,-75.83986667,1.0,15.13,NaN,26.39,0.12,187.9
2018-06-14T21:00:43Z,BUD,Budds_Landing,39.37225,-75.83986667,1.0,15.36,NaN,26.46,0.13,191.1
2018-06-14T21:15:43Z,BUD,Budds_Landing,39.37225,-75.83986667,1.0,15.24,NaN,26.55,0.13,189.8
2018-06-14T21:30:43Z,BUD,Budds_Landing,39.37225,-75.83986667,1.0,14.37,NaN,26.4,0.11,178.5
2018-06-14T21:45:43Z,BUD,Budds_Landing,39.37225,-75.83986667,1.0,14.7,NaN,26.66,0.11,183.5
2018-06-14T22:00:44Z,BUD,Budds_Landing,39.37225,-75.83986667,1.0,14.84,NaN,26.57,0.11,184.9
2018-06-14T22:15:43Z,BUD,Budds_Landing,39.37225,-75.83986667,1.0,14.51,NaN,26.63,0.11,181.0
2018-06-14T22:30:43Z,BUD,Budds_Landing,39.37225,-75.83986667,1.0,15.15,NaN,26.53,0.12,188.6
2018-06-14T22:45:43Z,BUD,Budds_Landing,39.37225,-75.83986667,1.0,14.7,NaN,26.5,0.12,182.9
2018-06-14T23:00:43Z,BUD,Budds_Landing,39.37225,-75.83986667,1.0,14.85,NaN,26.51,0.11,184.8
2018-06-14T23:15:43Z,BUD,Budds_Landing,39.37225,-75.83986667,1.0,14.57,NaN,26.43,0.11,181.0
2018-06-14T23:30:44Z,BUD,Budds_Landing,39.37225,-75.83986667,1.0,14.57,NaN,26.28,0.11,180.6
2018-06-14T23:45:43Z,BUD,Budds_Landing,39.37225,-75.83986667,1.0,15.16,NaN,26.31,0.13,188.0
2018-06-15T00:00:44Z,BUD,Budds_Landing,39.37225,-75.83986667,1.0,16.22,NaN,26.44,0.16,201.6
2018-06-15T00:15:43Z,BUD,Budds_Landing,39.37225,-75.83986667,1.0,16.68,NaN,26.49,0.17,207.6
2018-06-15T00:30:44Z,BUD,Budds_Landing,39.37225,-75.83986667,1.0,16.24,NaN,26.46,0.16,202.0
2018-06-15T00:45:44Z,BUD,Budds_Landing,39.37225,-75.83986667,1.0,15.18,NaN,26.31,0.14,188.2
2018-06-15T01:00:43Z,BUD,Budds_Landing,39.37225,-75.83986667,1.0,15.12,NaN,26.24,0.14,187.3
2018-06-15T01:15:44Z,BUD,Budds_Landing,39.37225,-75.83986667,1.0,15.15,NaN,26.23,0.15,187.6
2018-06-15T01:30:44Z,BUD,Budds_Landing,39.37225,-75.83986667,1.0,14.35,NaN,26.19,0.14,177.6
2018-06-15T01:45:44Z,BUD,Budds_Landing,39.37225,-75.83986667,1.0,14.21,NaN,26.11,0.14,175.6
2018-06-15T02:00:44Z,BUD,Budds_Landing,39.37225,-75.83986667,1.0,13.41,NaN,26.02,0.15,165.5
2018-06-15T02:15:44Z,BUD,Budds_Landing,39.37225,-75.83986667,1.0,13.2,NaN,25.94,0.15,162.6
2018-06-15T02:30:44Z,BUD,Budds_Landing,39.37225,-75.83986667,1.0,14.04,NaN,25.9,0.15,172.9
2018-06-15T02:45:44Z,BUD,Budds_Landing,39.37225,-75.83986667,1.0,13.88,NaN,25.85,0.16,170.8
2018-06-15T03:00:44Z,BUD,Budds_Landing,39.37225,-75.83986667,1.0,13.77,NaN,25.81,0.16,169.3
2018-06-15T03:15:44Z,BUD,Budds_Landing,39.37225,-75.83986667,1.0,13.42,NaN,25.75,0.16,164.8
2018-06-15T03:30:44Z,BUD,Budds_Landing,39.37225,-75.83986667,1.0,12.58,NaN,25.73,0.16,154.4
2018-06-15T03:45:44Z,BUD,Budds_Landing,39.37225,-75.83986667,1.0,12.7,NaN,25.71,0.16,155.8
2018-06-15T04:00:44Z,BUD,Budds_Landing,39.37225,-75.83986667,1.0,13.07,NaN,25.73,0.15,160.4
2018-06-15T04:15:44Z,BUD,Budds_Landing,39.37225,-75.83986667,1.0,13.15,NaN,25.72,0.15,161.3
2018-06-15T04:30:44Z,BUD,Budds_Landing,39.37225,-75.83986667,1.0,12.67,NaN,25.66,0.15,155.2
2018-06-15T04:45:44Z,BUD,Budds_Landing,39.37225,-75.83986667,1.0,13.25,NaN,25.61,0.14,162.3
2018-06-15T05:00:44Z,BUD,Budds_Landing,39.37225,-75.83986667,1.0,13.14,NaN,25.57,0.14,160.8
2018-06-15T05:15:44Z,BUD,Budds_Landing,39.37225,-75.83986667,1.0,12.78,NaN,25.54,0.14,156.3
2018-06-15T05:30:44Z,BUD,Budds_Landing,39.37225,-75.83986667,1.0,12.72,NaN,25.56,0.13,155.6
2018-06-15T05:45:44Z,BUD,Budds_Landing,39.37225,-75.83986667,1.0,12.98,NaN,25.39,0.13,158.4
2018-06-15T06:00:44Z,BUD,Budds_Landing,39.37225,-75.83986667,1.0,12.48,NaN,25.15,0.13,151.5
2018-06-15T06:15:44Z,BUD,Budds_Landing,39.37225,-75.83986667,1.0,12.22,NaN,25.16,0.13,148.4
2018-06-15T06:30:44Z,BUD,Budds_Landing,39.37225,-75.83986667,1.0,11.35,NaN,25.03,0.13,137.5
2018-06-15T06:45:44Z,BUD,Budds_Landing,39.37225,-75.83986667,1.0,10.5,NaN,25.08,0.13,127.4
2018-06-15T07:00:45Z,BUD,Budds_Landing,39.37225,-75.83986667,1.0,10.43,NaN,25.05,0.13,126.4
2018-06-15T07:15:45Z,BUD,Budds_Landing,39.37225,-75.83986667,1.0,10.84,NaN,25.01,0.13,131.3
2018-06-15T07:30:45Z,BUD,Budds_Landing,39.37225,-75.83986667,1.0,11.21,NaN,25.02,0.12,135.8
2018-06-15T07:45:45Z,BUD,Budds_Landing,39.37225,-75.83986667,1.0,10.54,NaN,24.93,0.11,127.4
2018-06-15T08:00:45Z,BUD,Budds_Landing,39.37225,-75.83986667,1.0,9.85,NaN,24.88,0.12,119.0
2018-06-15T08:15:45Z,BUD,Budds_Landing,39.37225,-75.83986667,1.0,9.48,NaN,24.89,0.12,114.6
2018-06-15T08:30:45Z,BUD,Budds_Landing,39.37225,-75.83986667,1.0,9.34,NaN,24.83,0.12,112.8
2018-06-15T08:45:44Z,BUD,Budds_Landing,39.37225,-75.83986667,1.0,9.7,NaN,24.77,0.12,117.0
2018-06-15T09:00:45Z,BUD,Budds_Landing,39.37225,-75.83986667,1.0,9.16,NaN,24.74,0.11,110.4
2018-06-15T09:15:44Z,BUD,Budds_Landing,39.37225,-75.83986667,1.0,9.9,NaN,24.67,0.11,119.1
2018-06-15T09:30:45Z,BUD,Budds_Landing,39.37225,-75.83986667,1.0,10.2,NaN,24.73,0.11,122.8
2018-06-15T09:45:45Z,BUD,Budds_Landing,39.37225,-75.83986667,1.0,10.34,NaN,24.7,0.11,124.5
2018-06-15T10:00:45Z,BUD,Budds_Landing,39.37225,-75.83986667,1.0,10.6,NaN,24.5,0.12,127.2
2018-06-15T10:15:45Z,BUD,Budds_Landing,39.37225,-75.83986667,1.0,10.63,NaN,24.42,0.12,127.3
2018-06-15T10:30:45Z,BUD,Budds_Landing,39.37225,-75.83986667,1.0,10.44,NaN,24.4,0.11,125.0
2018-06-15T10:45:45Z,BUD,Budds_Landing,39.37225,-75.83986667,1.0,10.77,NaN,24.24,0.12,128.6
2018-06-15T11:00:45Z,BUD,Budds_Landing,39.37225,-75.83986667,1.0,11.1,NaN,24.24,0.13,132.6
2018-06-15T11:15:45Z,BUD,Budds_Landing,39.37225,-75.83986667,1.0,11.04,NaN,24.29,0.14,132.0
2018-06-15T11:30:45Z,BUD,Budds_Landing,39.37225,-75.83986667,1.0,10.75,NaN,24.34,0.14,128.6
2018-06-15T11:45:44Z,BUD,Budds_Landing,39.37225,-75.83986667,1.0,10.9,NaN,24.36,0.15,130.5
2018-06-15T12:00:45Z,BUD,Budds_Landing,39.37225,-75.83986667,1.0,11.13,NaN,24.43,0.16,133.4
2018-06-15T12:15:45Z,BUD,Budds_Landing,39.37225,-75.83986667,1.0,11.2,NaN,24.47,0.16,134.3
2018-06-15T12:30:45Z,BUD,Budds_Landing,39.37225,-75.83986667,1.0,11.14,NaN,24.5,0.16,133.6
2018-06-15T12:45:45Z,BUD,Budds_Landing,39.37225,-75.83986667,1.0,11.56,NaN,24.53,0.16,138.8
2018-06-15T13:00:45Z,BUD,Budds_Landing,39.37225,-75.83986667,1.0,11.33,NaN,24.56,0.17,136.2
2018-06-15T13:15:45Z,BUD,Budds_Landing,39.37225,-75.83986667,1.0,11.93,NaN,24.62,0.17,143.4
2018-06-15T13:30:45Z,BUD,Budds_Landing,39.37225,-75.83986667,1.0,11.67,NaN,24.58,0.17,140.2
2018-06-15T13:45:45Z,BUD,Budds_Landing,39.37225,-75.83986667,1.0,11.29,NaN,24.61,0.17,135.8
2018-06-15T14:00:45Z,BUD,Budds_Landing,39.37225,-75.83986667,1.0,11.73,NaN,24.66,0.17,141.1
2018-06-15T14:15:45Z,BUD,Budds_Landing,39.37225,-75.83986667,1.0,12.16,NaN,24.77,0.18,146.7
2018-06-15T14:30:45Z,BUD,Budds_Landing,39.37225,-75.83986667,1.0,12.32,NaN,24.86,0.18,148.9
2018-06-15T14:45:45Z,BUD,Budds_Landing,39.37225,-75.83986667,1.0,12.23,NaN,24.87,0.19,147.9
2018-06-15T15:00:45Z,BUD,Budds_Landing,39.37225,-75.83986667,1.0,11.93,NaN,24.89,0.19,144.2
2018-06-15T15:15:44Z,BUD,Budds_Landing,39.37225,-75.83986667,1.0,12.39,NaN,25.09,0.18,150.4
2018-06-15T15:30:45Z,BUD,Budds_Landing,39.37225,-75.83986667,1.0,11.42,NaN,24.88,0.18,138.0
2018-06-15T15:45:45Z,BUD,Budds_Landing,39.37225,-75.83986667,1.0,11.25,NaN,24.91,0.17,136.0
2018-06-15T16:00:45Z,BUD,Budds_Landing,39.37225,-75.83986667,1.0,11.82,NaN,24.75,0.17,142.5
2018-06-15T16:15:44Z,BUD,Budds_Landing,39.37225,-75.83986667,1.0,11.74,NaN,24.7,0.16,141.4
2018-06-15T16:30:45Z,BUD,Budds_Landing,39.37225,-75.83986667,1.0,11.37,NaN,24.58,0.15,136.7
2018-06-15T16:45:45Z,BUD,Budds_Landing,39.37225,-75.83986667,1.0,13.39,NaN,24.91,0.17,161.9
2018-06-15T17:00:45Z,BUD,Budds_Landing,39.37225,-75.83986667,1.0,12.61,NaN,24.84,0.17,152.3
2018-06-15T17:15:45Z,BUD,Budds_Landing,39.37225,-75.83986667,1.0,11.85,NaN,24.69,0.17,142.7
2018-06-15T17:30:45Z,BUD,Budds_Landing,39.37225,-75.83986667,1.0,11.47,NaN,24.8,0.17,138.4
2018-06-15T17:45:44Z,BUD,Budds_Landing,39.37225,-75.83986667,1.0,13.3,NaN,25.43,0.16,162.4
2018-06-15T18:00:44Z,BUD,Budds_Landing,39.37225,-75.83986667,1.0,13.6,NaN,25.14,0.16,165.2
2018-06-15T18:15:45Z,BUD,Budds_Landing,39.37225,-75.83986667,1.0,13.2,NaN,25.08,0.16,160.1
2018-06-15T18:30:45Z,BUD,Budds_Landing,39.37225,-75.83986667,1.0,13.36,NaN,25.35,0.16,162.9
2018-06-15T18:45:44Z,BUD,Budds_Landing,39.37225,-75.83986667,1.0,13.51,NaN,25.36,0.15,164.8
2018-06-15T19:00:44Z,BUD,Budds_Landing,39.37225,-75.83986667,1.0,13.63,NaN,25.5,0.15,166.5
2018-06-15T19:15:44Z,BUD,Budds_Landing,39.37225,-75.83986667,1.0,12.86,NaN,25.41,0.15,157.0
2018-06-15T19:30:45Z,BUD,Budds_Landing,39.37225,-75.83986667,1.0,13.63,NaN,25.65,0.14,167.0
2018-06-15T19:45:45Z,BUD,Budds_Landing,39.37225,-75.83986667,1.0,14.11,NaN,25.9,0.14,173.7
2018-06-15T20:00:44Z,BUD,Budds_Landing,39.37225,-75.83986667,1.0,14.04,NaN,25.89,0.13,172.8
2018-06-15T20:15:44Z,BUD,Budds_Landing,39.37225,-75.83986667,1.0,14.79,NaN,26.11,0.13,182.7
2018-06-15T20:30:43Z,BUD,Budds_Landing,39.37225,-75.83986667,1.0,17.12,NaN,26.48,0.14,213.0
2018-06-15T20:45:43Z,BUD,Budds_Landing,39.37225,-75.83986667,1.0,16.91,NaN,26.56,0.13,210.7
2018-06-15T21:00:43Z,BUD,Budds_Landing,39.37225,-75.83986667,1.0,16.5,NaN,26.61,0.13,205.7
2018-06-15T21:15:43Z,BUD,Budds_Landing,39.37225,-75.83986667,1.0,15.84,NaN,26.58,0.14,197.4
2018-06-15T21:30:43Z,BUD,Budds_Landing,39.37225,-75.83986667,1.0,16.18,NaN,26.56,0.13,201.6
2018-06-15T21:45:43Z,BUD,Budds_Landing,39.37225,-75.83986667,1.0,16.57,NaN,26.92,0.14,207.8
2018-06-15T22:00:42Z,BUD,Budds_Landing,39.37225,-75.83986667,1.0,16.12,NaN,26.84,0.12,201.8
2018-06-15T22:15:43Z,BUD,Budds_Landing,39.37225,-75.83986667,1.0,14.86,NaN,26.82,0.13,186.0
2018-06-15T22:30:43Z,BUD,Budds_Landing,39.37225,-75.83986667,1.0,15.86,NaN,26.75,0.13,198.3
2018-06-15T22:45:43Z,BUD,Budds_Landing,39.37225,-75.83986667,1.0,16.12,NaN,26.71,0.13,201.4
2018-06-15T23:00:43Z,BUD,Budds_Landing,39.37225,-75.83986667,1.0,16.17,NaN,26.88,0.12,202.6
2018-06-15T23:15:43Z,BUD,Budds_Landing,39.37225,-75.83986667,1.0,16.58,NaN,26.99,0.12,208.1
2018-06-15T23:30:43Z,BUD,Budds_Landing,39.37225,-75.83986667,1.0,16.72,NaN,27.18,0.12,210.6
2018-06-15T23:45:43Z,BUD,Budds_Landing,39.37225,-75.83986667,1.0,16.04,NaN,27.13,0.12,201.9
2018-06-16T00:00:43Z,BUD,Budds_Landing,39.37225,-75.83986667,1.0,16.46,NaN,27.08,0.13,206.9
2018-06-16T00:15:43Z,BUD,Budds_Landing,39.37225,-75.83986667,1.0,16.68,NaN,26.93,0.13,209.2
2018-06-16T00:30:43Z,BUD,Budds_Landing,39.37225,-75.83986667,1.0,16.76,NaN,26.66,0.13,209.2
2018-06-16T00:45:43Z,BUD,Budds_Landing,39.37225,-75.83986667,1.0,17.3,NaN,26.43,0.15,215.0
2018-06-16T01:00:43Z,BUD,Budds_Landing,39.37225,-75.83986667,1.0,16.22,NaN,26.39,0.15,201.5
2018-06-16T01:15:44Z,BUD,Budds_Landing,39.37225,-75.83986667,1.0,15.77,NaN,26.29,0.14,195.6
2018-06-16T01:30:44Z,BUD,Budds_Landing,39.37225,-75.83986667,1.0,15.22,NaN,26.22,0.14,188.4
2018-06-16T01:45:44Z,BUD,Budds_Landing,39.37225,-75.83986667,1.0,14.55,NaN,26.25,0.15,180.3
2018-06-16T02:00:44Z,BUD,Budds_Landing,39.37225,-75.83986667,1.0,14.62,NaN,26.24,0.15,181.1
2018-06-16T02:15:44Z,BUD,Budds_Landing,39.37225,-75.83986667,1.0,14.47,NaN,26.23,0.16,179.2
2018-06-16T02:30:44Z,BUD,Budds_Landing,39.37225,-75.83986667,1.0,14.43,NaN,26.2,0.16,178.7
2018-06-16T02:45:44Z,BUD,Budds_Landing,39.37225,-75.83986667,1.0,14.13,NaN,26.18,0.16,174.9
2018-06-16T03:00:44Z,BUD,Budds_Landing,39.37225,-75.83986667,1.0,13.73,NaN,26.14,0.17,169.8
2018-06-16T03:15:44Z,BUD,Budds_Landing,39.37225,-75.83986667,1.0,14.25,NaN,26.12,0.16,176.1
2018-06-16T03:30:44Z,BUD,Budds_Landing,39.37225,-75.83986667,1.0,14.15,NaN,26.07,0.16,174.8
2018-06-16T03:45:44Z,BUD,Budds_Landing,39.37225,-75.83986667,1.0,13.39,NaN,26.03,0.16,165.3
2018-06-16T04:00:44Z,BUD,Budds_Landing,39.37225,-75.83986667,1.0,13.57,NaN,26.01,0.17,167.4
2018-06-16T04:15:44Z,BUD,Budds_Landing,39.37225,-75.83986667,1.0,12.49,NaN,26.0,0.17,154.1
2018-06-16T04:30:44Z,BUD,Budds_Landing,39.37225,-75.83986667,1.0,11.26,NaN,25.96,0.17,138.8
2018-06-16T04:45:44Z,BUD,Budds_Landing,39.37225,-75.83986667,1.0,12.94,NaN,25.9,0.16,159.4
2018-06-16T05:00:44Z,BUD,Budds_Landing,39.37225,-75.83986667,1.0,13.38,NaN,25.88,0.16,164.7
2018-06-16T05:15:44Z,BUD,Budds_Landing,39.37225,-75.83986667,1.0,13.54,NaN,25.75,0.15,166.2
2018-06-16T05:30:44Z,BUD,Budds_Landing,39.37225,-75.83986667,1.0,13.37,NaN,25.74,0.15,164.2
2018-06-16T05:45:44Z,BUD,Budds_Landing,39.37225,-75.83986667,1.0,13.67,NaN,25.67,0.16,167.6
2018-06-16T06:00:44Z,BUD,Budds_Landing,39.37225,-75.83986667,1.0,13.4,NaN,25.67,0.15,164.2
2018-06-16T06:15:44Z,BUD,Budds_Landing,39.37225,-75.83986667,1.0,13.21,NaN,25.66,0.15,161.9
2018-06-16T06:30:44Z,BUD,Budds_Landing,39.37225,-75.83986667,1.0,12.11,NaN,25.39,0.15,147.7
2018-06-16T06:45:44Z,BUD,Budds_Landing,39.37225,-75.83986667,1.0,12.29,NaN,25.31,0.14,149.7
2018-06-16T07:00:45Z,BUD,Budds_Landing,39.37225,-75.83986667,1.0,13.14,NaN,25.49,0.15,160.6
2018-06-16T07:15:45Z,BUD,Budds_Landing,39.37225,-75.83986667,1.0,12.45,NaN,25.24,0.14,151.4
2018-06-16T07:30:45Z,BUD,Budds_Landing,39.37225,-75.83986667,1.0,12.76,NaN,25.26,0.14,155.2
2018-06-16T07:45:44Z,BUD,Budds_Landing,39.37225,-75.83986667,1.0,12.69,NaN,25.28,0.14,154.4
2018-06-16T08:00:44Z,BUD,Budds_Landing,39.37225,-75.83986667,1.0,12.74,NaN,25.35,0.13,155.3
2018-06-16T08:15:45Z,BUD,Budds_Landing,39.37225,-75.83986667,1.0,12.15,NaN,25.11,0.13,147.5
2018-06-16T08:30:45Z,BUD,Budds_Landing,39.37225,-75.83986667,1.0,12.18,NaN,25.17,0.13,148.0
2018-06-16T08:45:45Z,BUD,Budds_Landing,39.37225,-75.83986667,1.0,11.47,NaN,25.05,0.13,139.0
2018-06-16T09:00:45Z,BUD,Budds_Landing,39.37225,-75.83986667,1.0,11.28,NaN,25.0,0.14,136.6
2018-06-16T09:15:45Z,BUD,Budds_Landing,39.37225,-75.83986667,1.0,10.85,NaN,24.96,0.14,131.2
2018-06-16T09:30:45Z,BUD,Budds_Landing,39.37225,-75.83986667,1.0,11.0,NaN,24.9,0.13,132.9
2018-06-16T09:45:45Z,BUD,Budds_Landing,39.37225,-75.83986667,1.0,11.32,NaN,24.85,0.13,136.7
2018-06-16T10:00:45Z,BUD,Budds_Landing,39.37225,-75.83986667,1.0,11.35,NaN,24.74,0.12,136.7
2018-06-16T10:15:45Z,BUD,Budds_Landing,39.37225,-75.83986667,1.0,11.3,NaN,24.79,0.12,136.3
2018-06-16T10:30:45Z,BUD,Budds_Landing,39.37225,-75.83986667,1.0,11.35,NaN,24.79,0.12,136.9
2018-06-16T10:45:45Z,BUD,Budds_Landing,39.37225,-75.83986667,1.0,11.26,NaN,24.77,0.13,135.8
2018-06-16T11:00:45Z,BUD,Budds_Landing,39.37225,-75.83986667,1.0,11.87,NaN,24.62,0.14,142.8
2018-06-16T11:15:45Z,BUD,Budds_Landing,39.37225,-75.83986667,1.0,11.82,NaN,24.73,0.13,142.4
2018-06-16T11:30:45Z,BUD,Budds_Landing,39.37225,-75.83986667,1.0,12.25,NaN,24.77,0.13,147.7
2018-06-16T11:45:45Z,BUD,Budds_Landing,39.37225,-75.83986667,1.0,12.38,NaN,24.7,0.14,149.1
2018-06-16T12:00:44Z,BUD,Budds_Landing,39.37225,-75.83986667,1.0,12.05,NaN,24.76,0.16,145.3
2018-06-16T12:15:44Z,BUD,Budds_Landing,39.37225,-75.83986667,1.0,11.91,NaN,24.82,0.16,143.8
2018-06-16T12:30:44Z,BUD,Budds_Landing,39.37225,-75.83986667,1.0,11.94,NaN,24.91,0.16,144.3
2018-06-16T12:45:45Z,BUD,Budds_Landing,39.37225,-75.83986667,1.0,11.81,NaN,25.02,0.17,143.1
2018-06-16T13:00:44Z,BUD,Budds_Landing,39.37225,-75.83986667,1.0,12.23,NaN,25.1,0.17,148.4
2018-06-16T13:15:44Z,BUD,Budds_Landing,39.37225,-75.83986667,1.0,11.95,NaN,25.1,0.17,145.0
2018-06-16T13:30:45Z,BUD,Budds_Landing,39.37225,-75.83986667,1.0,12.01,NaN,25.11,0.17,145.8
2018-06-16T13:45:45Z,BUD,Budds_Landing,39.37225,-75.83986667,1.0,12.14,NaN,25.2,0.18,147.6
2018-06-16T14:00:45Z,BUD,Budds_Landing,39.37225,-75.83986667,1.0,12.37,NaN,25.41,0.18,150.9
2018-06-16T14:15:44Z,BUD,Budds_Landing,39.37225,-75.83986667,1.0,12.42,NaN,25.62,0.18,152.1
2018-06-16T14:30:44Z,BUD,Budds_Landing,39.37225,-75.83986667,1.0,12.16,NaN,25.62,0.19,148.9
2018-06-16T14:45:44Z,BUD,Budds_Landing,39.37225,-75.83986667,1.0,12.14,NaN,25.79,0.19,149.3
2018-06-16T15:00:44Z,BUD,Budds_Landing,39.37225,-75.83986667,1.0,12.26,NaN,26.23,0.2,151.9
2018-06-16T15:15:44Z,BUD,Budds_Landing,39.37225,-75.83986667,1.0,12.28,NaN,26.12,0.2,151.8
2018-06-16T15:30:44Z,BUD,Budds_Landing,39.37225,-75.83986667,1.0,12.52,NaN,25.97,0.2,154.4
2018-06-16T15:45:44Z,BUD,Budds_Landing,39.37225,-75.83986667,1.0,12.49,NaN,25.97,0.2,154.0
2018-06-16T16:00:44Z,BUD,Budds_Landing,39.37225,-75.83986667,1.0,11.98,NaN,25.78,0.2,147.3
2018-06-16T16:15:44Z,BUD,Budds_Landing,39.37225,-75.83986667,1.0,11.91,NaN,25.56,0.2,145.7
2018-06-16T16:30:45Z,BUD,Budds_Landing,39.37225,-75.83986667,1.0,12.12,NaN,25.43,0.18,147.9
2018-06-16T16:45:45Z,BUD,Budds_Landing,39.37225,-75.83986667,1.0,11.83,NaN,25.34,0.19,144.2
2018-06-16T17:00:45Z,BUD,Budds_Landing,39.37225,-75.83986667,1.0,11.92,NaN,25.39,0.19,145.4
2018-06-16T17:15:44Z,BUD,Budds_Landing,39.37225,-75.83986667,1.0,13.02,NaN,25.95,0.19,160.5
2018-06-16T17:30:44Z,BUD,Budds_Landing,39.37225,-75.83986667,1.0,12.85,NaN,25.61,0.17,157.4
2018-06-16T17:45:44Z,BUD,Budds_Landing,39.37225,-75.83986667,1.0,13.35,NaN,25.65,0.18,163.6
2018-06-16T18:00:44Z,BUD,Budds_Landing,39.37225,-75.83986667,1.0,13.59,NaN,25.76,0.18,167.0
2018-06-16T18:15:44Z,BUD,Budds_Landing,39.37225,-75.83986667,1.0,14.21,NaN,26.05,0.18,175.4
2018-06-16T18:30:44Z,BUD,Budds_Landing,39.37225,-75.83986667,1.0,14.66,NaN,26.04,0.18,181.0
2018-06-16T18:45:44Z,BUD,Budds_Landing,39.37225,-75.83986667,1.0,14.3,NaN,26.02,0.17,176.4
2018-06-16T19:00:44Z,BUD,Budds_Landing,39.37225,-75.83986667,1.0,14.38,NaN,26.19,0.17,178.0
2018-06-16T19:15:44Z,BUD,Budds_Landing,39.37225,-75.83986667,1.0,13.65,NaN,25.75,0.17,167.7
2018-06-16T19:30:44Z,BUD,Budds_Landing,39.37225,-75.83986667,1.0,14.17,NaN,25.93,0.17,174.6
2018-06-16T19:45:44Z,BUD,Budds_Landing,39.37225,-75.83986667,1.0,14.33,NaN,26.73,0.16,179.1
2018-06-16T20:00:44Z,BUD,Budds_Landing,39.37225,-75.83986667,1.0,14.67,NaN,26.38,0.16,182.1
2018-06-16T20:15:44Z,BUD,Budds_Landing,39.37225,-75.83986667,1.0,15.59,NaN,26.36,0.15,193.5
2018-06-16T20:30:43Z,BUD,Budds_Landing,39.37225,-75.83986667,1.0,16.61,NaN,26.74,0.15,207.7
2018-06-16T20:45:43Z,BUD,Budds_Landing,39.37225,-75.83986667,1.0,16.45,NaN,26.87,0.14,206.0
2018-06-16T21:00:43Z,BUD,Budds_Landing,39.37225,-75.83986667,1.0,16.74,NaN,26.77,0.14,209.4
2018-06-16T21:15:43Z,BUD,Budds_Landing,39.37225,-75.83986667,1.0,16.77,NaN,27.08,0.14,210.9
2018-06-16T21:30:43Z,BUD,Budds_Landing,39.37225,-75.83986667,1.0,16.37,NaN,26.99,0.14,205.5
2018-06-16T21:45:43Z,BUD,Budds_Landing,39.37225,-75.83986667,1.0,16.02,NaN,26.85,0.13,200.6
2018-06-16T22:00:43Z,BUD,Budds_Landing,39.37225,-75.83986667,1.0,16.36,NaN,26.93,0.13,205.2
2018-06-16T22:15:43Z,BUD,Budds_Landing,39.37225,-75.83986667,1.0,16.49,NaN,27.07,0.13,207.3
2018-06-16T22:30:44Z,BUD,Budds_Landing,39.37225,-75.83986667,1.0,16.32,NaN,27.04,0.13,205.1
2018-06-16T22:45:44Z,BUD,Budds_Landing,39.37225,-75.83986667,1.0,16.02,NaN,27.39,0.13,202.5
2018-06-16T23:00:43Z,BUD,Budds_Landing,39.37225,-75.83986667,1.0,16.11,NaN,27.46,0.14,204.0
2018-06-16T23:15:42Z,BUD,Budds_Landing,39.37225,-75.83986667,1.0,17.61,NaN,27.93,0.14,224.9
2018-06-16T23:30:42Z,BUD,Budds_Landing,39.37225,-75.83986667,1.0,17.32,NaN,28.07,0.16,221.7
2018-06-16T23:45:42Z,BUD,Budds_Landing,39.37225,-75.83986667,1.0,17.38,NaN,27.82,0.15,221.5
2018-06-17T00:00:42Z,BUD,Budds_Landing,39.37225,-75.83986667,1.0,17.18,NaN,28.2,0.14,220.4
2018-06-17T00:15:42Z,BUD,Budds_Landing,39.37225,-75.83986667,1.0,17.66,NaN,28.15,0.16,226.4
2018-06-17T00:30:42Z,BUD,Budds_Landing,39.37225,-75.83986667,1.0,17.35,NaN,28.01,0.16,221.9
2018-06-17T00:45:43Z,BUD,Budds_Landing,39.37225,-75.83986667,1.0,16.95,NaN,27.77,0.15,215.8
2018-06-17T01:00:42Z,BUD,Budds_Landing,39.37225,-75.83986667,1.0,16.91,NaN,27.77,0.15,215.2
2018-06-17T01:15:43Z,BUD,Budds_Landing,39.37225,-75.83986667,1.0,16.57,NaN,27.44,0.15,209.8
2018-06-17T01:30:42Z,BUD,Budds_Landing,39.37225,-75.83986667,1.0,15.75,NaN,27.29,0.15,198.8
2018-06-17T01:45:43Z,BUD,Budds_Landing,39.37225,-75.83986667,1.0,15.55,NaN,27.18,0.16,195.9
2018-06-17T02:00:43Z,BUD,Budds_Landing,39.37225,-75.83986667,1.0,14.99,NaN,27.1,0.17,188.6
2018-06-17T02:15:43Z,BUD,Budds_Landing,39.37225,-75.83986667,1.0,14.44,NaN,27.06,0.17,181.5
2018-06-17T02:30:43Z,BUD,Budds_Landing,39.37225,-75.83986667,1.0,14.4,NaN,26.98,0.17,180.8
2018-06-17T02:45:43Z,BUD,Budds_Landing,39.37225,-75.83986667,1.0,14.42,NaN,26.91,0.17,180.8
2018-06-17T03:00:44Z,BUD,Budds_Landing,39.37225,-75.83986667,1.0,14.09,NaN,26.88,0.17,176.6
2018-06-17T03:15:43Z,BUD,Budds_Landing,39.37225,-75.83986667,1.0,13.69,NaN,26.84,0.18,171.5
2018-06-17T03:30:43Z,BUD,Budds_Landing,39.37225,-75.83986667,1.0,13.89,NaN,26.83,0.18,173.9
2018-06-17T03:45:43Z,BUD,Budds_Landing,39.37225,-75.83986667,1.0,13.84,NaN,26.81,0.18,173.3
2018-06-17T04:00:44Z,BUD,Budds_Landing,39.37225,-75.83986667,1.0,13.29,NaN,26.8,0.18,166.3
2018-06-17T04:15:43Z,BUD,Budds_Landing,39.37225,-75.83986667,1.0,12.7,NaN,26.79,0.19,159.0
2018-06-17T04:30:44Z,BUD,Budds_Landing,39.37225,-75.83986667,1.0,12.41,NaN,26.77,0.19,155.3
2018-06-17T04:45:44Z,BUD,Budds_Landing,39.37225,-75.83986667,1.0,11.9,NaN,26.78,0.19,148.9
2018-06-17T05:00:43Z,BUD,Budds_Landing,39.37225,-75.83986667,1.0,11.69,NaN,26.77,0.2,146.3
2018-06-17T05:15:43Z,BUD,Budds_Landing,39.37225,-75.83986667,1.0,11.18,NaN,26.72,0.2,139.8
2018-06-17T05:30:44Z,BUD,Budds_Landing,39.37225,-75.83986667,1.0,12.29,NaN,26.67,0.19,153.5
2018-06-17T05:45:44Z,BUD,Budds_Landing,39.37225,-75.83986667,1.0,13.06,NaN,26.74,0.18,163.3
2018-06-17T06:00:44Z,BUD,Budds_Landing,39.37225,-75.83986667,1.0,13.03,NaN,26.73,0.17,162.8
2018-06-17T06:15:44Z,BUD,Budds_Landing,39.37225,-75.83986667,1.0,12.71,NaN,26.67,0.16,158.6
2018-06-17T06:30:44Z,BUD,Budds_Landing,39.37225,-75.83986667,1.0,12.68,NaN,26.59,0.16,158.1
2018-06-17T06:45:44Z,BUD,Budds_Landing,39.37225,-75.83986667,1.0,12.82,NaN,26.54,0.17,159.7
2018-06-17T07:00:44Z,BUD,Budds_Landing,39.37225,-75.83986667,1.0,12.53,NaN,26.48,0.17,156.0
2018-06-17T07:15:44Z,BUD,Budds_Landing,39.37225,-75.83986667,1.0,12.43,NaN,26.45,0.17,154.6
2018-06-17T07:30:44Z,BUD,Budds_Landing,39.37225,-75.83986667,1.0,12.04,NaN,26.44,0.18,149.7
2018-06-17T07:45:44Z,BUD,Budds_Landing,39.37225,-75.83986667,1.0,11.54,NaN,26.41,0.18,143.4
2018-06-17T08:00:44Z,BUD,Budds_Landing,39.37225,-75.83986667,1.0,11.31,NaN,26.42,0.18,140.6
2018-06-17T08:15:44Z,BUD,Budds_Landing,39.37225,-75.83986667,1.0,11.56,NaN,26.39,0.17,143.6
2018-06-17T08:30:44Z,BUD,Budds_Landing,39.37225,-75.83986667,1.0,12.35,NaN,26.38,0.17,153.4
2018-06-17T08:45:44Z,BUD,Budds_Landing,39.37225,-75.83986667,1.0,12.16,NaN,26.31,0.17,150.9
2018-06-17T09:00:44Z,BUD,Budds_Landing,39.37225,-75.83986667,1.0,11.15,NaN,26.23,0.17,138.1
2018-06-17T09:15:44Z,BUD,Budds_Landing,39.37225,-75.83986667,1.0,12.1,NaN,26.23,0.16,149.9
2018-06-17T09:30:44Z,BUD,Budds_Landing,39.37225,-75.83986667,1.0,12.1,NaN,26.22,0.16,149.9
2018-06-17T09:45:44Z,BUD,Budds_Landing,39.37225,-75.83986667,1.0,11.41,NaN,26.13,0.15,141.1
2018-06-17T10:00:44Z,BUD,Budds_Landing,39.37225,-75.83986667,1.0,11.14,NaN,26.08,0.16,137.7
2018-06-17T10:15:44Z,BUD,Budds_Landing,39.37225,-75.83986667,1.0,11.04,NaN,26.13,0.16,136.5
2018-06-17T10:30:44Z,BUD,Budds_Landing,39.37225,-75.83986667,1.0,11.39,NaN,26.09,0.16,140.7
2018-06-17T10:45:44Z,BUD,Budds_Landing,39.37225,-75.83986667,1.0,11.48,NaN,26.06,0.16,141.8
2018-06-17T11:00:44Z,BUD,Budds_Landing,39.37225,-75.83986667,1.0,11.43,NaN,26.07,0.16,141.2
2018-06-17T11:15:44Z,BUD,Budds_Landing,39.37225,-75.83986667,1.0,11.31,NaN,26.1,0.15,139.7
2018-06-17T11:30:44Z,BUD,Budds_Landing,39.37225,-75.83986667,1.0,11.1,NaN,26.02,0.15,137.0
2018-06-17T11:45:44Z,BUD,Budds_Landing,39.37225,-75.83986667,1.0,11.1,NaN,26.03,0.15,137.1
2018-06-17T12:00:45Z,BUD,Budds_Landing,39.37225,-75.83986667,1.0,12.01,NaN,26.04,0.16,148.2
2018-06-17T12:15:45Z,BUD,Budds_Landing,39.37225,-75.83986667,1.0,12.54,NaN,26.17,0.16,155.1
2018-06-17T12:30:44Z,BUD,Budds_Landing,39.37225,-75.83986667,1.0,12.7,NaN,26.19,0.16,157.2
2018-06-17T12:45:44Z,BUD,Budds_Landing,39.37225,-75.83986667,1.0,12.59,NaN,26.21,0.17,155.9
2018-06-17T13:00:44Z,BUD,Budds_Landing,39.37225,-75.83986667,1.0,12.57,NaN,26.28,0.17,155.9
2018-06-17T13:15:45Z,BUD,Budds_Landing,39.37225,-75.83986667,1.0,12.41,NaN,26.35,0.17,154.1
2018-06-17T13:30:44Z,BUD,Budds_Landing,39.37225,-75.83986667,1.0,12.23,NaN,26.38,0.18,151.9
2018-06-17T13:45:44Z,BUD,Budds_Landing,39.37225,-75.83986667,1.0,11.91,NaN,26.4,0.18,148.0
2018-06-17T14:00:44Z,BUD,Budds_Landing,39.37225,-75.83986667,1.0,11.99,NaN,26.46,0.19,149.1
2018-06-17T14:15:44Z,BUD,Budds_Landing,39.37225,-75.83986667,1.0,12.07,NaN,26.51,0.19,150.3
2018-06-17T14:30:44Z,BUD,Budds_Landing,39.37225,-75.83986667,1.0,12.08,NaN,26.74,0.19,151.0
2018-06-17T14:45:44Z,BUD,Budds_Landing,39.37225,-75.83986667,1.0,12.4,NaN,26.61,0.19,154.7
2018-06-17T15:00:44Z,BUD,Budds_Landing,39.37225,-75.83986667,1.0,12.05,NaN,26.56,0.19,150.1
2018-06-17T15:15:44Z,BUD,Budds_Landing,39.37225,-75.83986667,1.0,12.43,NaN,26.8,0.19,155.6
2018-06-17T15:30:43Z,BUD,Budds_Landing,39.37225,-75.83986667,1.0,12.79,NaN,27.08,0.2,160.9
2018-06-17T15:45:43Z,BUD,Budds_Landing,39.37225,-75.83986667,1.0,12.96,NaN,26.99,0.2,162.8
2018-06-17T16:00:44Z,BUD,Budds_Landing,39.37225,-75.83986667,1.0,12.68,NaN,27.0,0.2,159.3
2018-06-17T16:15:44Z,BUD,Budds_Landing,39.37225,-75.83986667,1.0,12.35,NaN,26.91,0.2,154.9
2018-06-17T16:30:44Z,BUD,Budds_Landing,39.37225,-75.83986667,1.0,12.6,NaN,27.09,0.2,158.5
2018-06-17T16:45:44Z,BUD,Budds_Landing,39.37225,-75.83986667,1.0,12.21,NaN,26.85,0.2,153.0
2018-06-17T17:00:44Z,BUD,Budds_Landing,39.37225,-75.83986667,1.0,12.51,NaN,26.89,0.2,156.8
2018-06-17T17:15:44Z,BUD,Budds_Landing,39.37225,-75.83986667,1.0,12.36,NaN,26.92,0.2,155.1
2018-06-17T17:30:44Z,BUD,Budds_Landing,39.37225,-75.83986667,1.0,11.98,NaN,26.64,0.19,149.5
2018-06-17T17:45:44Z,BUD,Budds_Landing,39.37225,-75.83986667,1.0,12.88,NaN,26.59,0.17,160.6
2018-06-17T18:00:44Z,BUD,Budds_Landing,39.37225,-75.83986667,1.0,12.67,NaN,26.63,0.17,158.1
2018-06-17T18:15:44Z,BUD,Budds_Landing,39.37225,-75.83986667,1.0,12.76,NaN,26.67,0.18,159.3
2018-06-17T18:30:44Z,BUD,Budds_Landing,39.37225,-75.83986667,1.0,13.47,NaN,26.75,0.19,168.5
2018-06-17T18:45:43Z,BUD,Budds_Landing,39.37225,-75.83986667,1.0,13.23,NaN,26.8,0.18,165.6
2018-06-17T19:00:43Z,BUD,Budds_Landing,39.37225,-75.83986667,1.0,14.18,NaN,27.17,0.19,178.6
2018-06-17T19:15:44Z,BUD,Budds_Landing,39.37225,-75.83986667,1.0,13.32,NaN,27.01,0.18,167.4
2018-06-17T19:30:44Z,BUD,Budds_Landing,39.37225,-75.83986667,1.0,14.97,NaN,27.16,0.18,188.6
2018-06-17T19:45:44Z,BUD,Budds_Landing,39.37225,-75.83986667,1.0,14.9,NaN,27.15,0.17,187.7
2018-06-17T20:00:43Z,BUD,Budds_Landing,39.37225,-75.83986667,1.0,14.75,NaN,27.14,0.17,185.7
2018-06-17T20:15:43Z,BUD,Budds_Landing,39.37225,-75.83986667,1.0,14.78,NaN,27.12,0.16,186.0
2018-06-17T20:30:43Z,BUD,Budds_Landing,39.37225,-75.83986667,1.0,15.24,NaN,27.24,0.16,192.2
2018-06-17T20:45:44Z,BUD,Budds_Landing,39.37225,-75.83986667,1.0,15.38,NaN,27.38,0.16,194.4
2018-06-17T21:00:43Z,BUD,Budds_Landing,39.37225,-75.83986667,1.0,16.32,NaN,27.53,0.16,206.9
2018-06-17T21:15:43Z,BUD,Budds_Landing,39.37225,-75.83986667,1.0,16.77,NaN,27.53,0.15,212.6
2018-06-17T21:30:43Z,BUD,Budds_Landing,39.37225,-75.83986667,1.0,17.03,NaN,27.75,0.15,216.8
2018-06-17T21:45:43Z,BUD,Budds_Landing,39.37225,-75.83986667,1.0,16.46,NaN,27.63,0.15,209.1
2018-06-17T22:00:43Z,BUD,Budds_Landing,39.37225,-75.83986667,1.0,16.96,NaN,27.97,0.15,216.7
2018-06-17T22:15:43Z,BUD,Budds_Landing,39.37225,-75.83986667,1.0,16.7,NaN,28.04,0.15,213.7
2018-06-17T22:30:42Z,BUD,Budds_Landing,39.37225,-75.83986667,1.0,16.4,NaN,27.99,0.14,209.6
2018-06-17T22:45:43Z,BUD,Budds_Landing,39.37225,-75.83986667,1.0,16.08,NaN,28.08,0.14,205.8
2018-06-17T23:00:42Z,BUD,Budds_Landing,39.37225,-75.83986667,1.0,15.92,NaN,28.34,0.15,204.8
2018-06-17T23:15:42Z,BUD,Budds_Landing,39.37225,-75.83986667,1.0,16.42,NaN,28.47,0.14,211.7
2018-06-17T23:30:43Z,BUD,Budds_Landing,39.37225,-75.83986667,1.0,16.34,NaN,28.33,0.14,210.1
2018-06-17T23:45:43Z,BUD,Budds_Landing,39.37225,-75.83986667,1.0,16.4,NaN,28.26,0.13,210.6
2018-06-18T00:00:43Z,BUD,Budds_Landing,39.37225,-75.83986667,1.0,16.07,NaN,28.26,0.13,206.4
2018-06-18T00:15:42Z,BUD,Budds_Landing,39.37225,-75.83986667,1.0,15.58,NaN,28.33,0.13,200.3
2018-06-18T00:30:43Z,BUD,Budds_Landing,39.37225,-75.83986667,1.0,16.17,NaN,28.32,0.13,207.9
2018-06-18T00:45:43Z,BUD,Budds_Landing,39.37225,-75.83986667,1.0,15.72,NaN,28.42,0.14,202.5
2018-06-18T01:00:42Z,BUD,Budds_Landing,39.37225,-75.83986667,1.0,15.81,NaN,28.42,0.15,203.6
2018-06-18T01:15:42Z,BUD,Budds_Landing,39.37225,-75.83986667,1.0,15.61,NaN,28.35,0.15,200.8
2018-06-18T01:30:43Z,BUD,Budds_Landing,39.37225,-75.83986667,1.0,15.59,NaN,28.22,0.15,200.1
2018-06-18T01:45:43Z,BUD,Budds_Landing,39.37225,-75.83986667,1.0,15.68,NaN,28.37,0.14,201.7
2018-06-18T02:00:42Z,BUD,Budds_Landing,39.37225,-75.83986667,1.0,15.69,NaN,28.33,0.14,201.8
2018-06-18T02:15:42Z,BUD,Budds_Landing,39.37225,-75.83986667,1.0,15.41,NaN,28.43,0.14,198.5
2018-06-18T02:30:43Z,BUD,Budds_Landing,39.37225,-75.83986667,1.0,15.79,NaN,28.42,0.14,203.4
2018-06-18T02:45:43Z,BUD,Budds_Landing,39.37225,-75.83986667,1.0,15.45,NaN,28.27,0.14,198.5
2018-06-18T03:00:43Z,BUD,Budds_Landing,39.37225,-75.83986667,1.0,15.06,NaN,28.13,0.15,193.0
2018-06-18T03:15:43Z,BUD,Budds_Landing,39.37225,-75.83986667,1.0,14.63,NaN,28.0,0.16,187.1
2018-06-18T03:30:43Z,BUD,Budds_Landing,39.37225,-75.83986667,1.0,14.03,NaN,27.98,0.16,179.3
2018-06-18T03:45:43Z,BUD,Budds_Landing,39.37225,-75.83986667,1.0,13.32,NaN,27.94,0.17,170.2
2018-06-18T04:00:43Z,BUD,Budds_Landing,39.37225,-75.83986667,1.0,13.23,NaN,27.86,0.17,168.7
2018-06-18T04:15:43Z,BUD,Budds_Landing,39.37225,-75.83986667,1.0,12.98,NaN,27.76,0.18,165.3
2018-06-18T04:30:43Z,BUD,Budds_Landing,39.37225,-75.83986667,1.0,12.95,NaN,27.73,0.18,164.8
2018-06-18T04:45:43Z,BUD,Budds_Landing,39.37225,-75.83986667,1.0,12.71,NaN,27.72,0.18,161.7
2018-06-18T05:00:44Z,BUD,Budds_Landing,39.37225,-75.83986667,1.0,12.16,NaN,27.71,0.18,154.7
2018-06-18T05:15:44Z,BUD,Budds_Landing,39.37225,-75.83986667,1.0,12.63,NaN,27.68,0.18,160.6
2018-06-18T05:30:43Z,BUD,Budds_Landing,39.37225,-75.83986667,1.0,12.42,NaN,27.66,0.18,157.8
2018-06-18T05:45:43Z,BUD,Budds_Landing,39.37225,-75.83986667,1.0,12.01,NaN,27.64,0.18,152.6
2018-06-18T06:00:43Z,BUD,Budds_Landing,39.37225,-75.83986667,1.0,11.36,NaN,27.63,0.18,144.3
2018-06-18T06:15:43Z,BUD,Budds_Landing,39.37225,-75.83986667,1.0,11.61,NaN,27.6,0.18,147.4
2018-06-18T06:30:43Z,BUD,Budds_Landing,39.37225,-75.83986667,1.0,11.7,NaN,27.55,0.18,148.4
2018-06-18T06:45:43Z,BUD,Budds_Landing,39.37225,-75.83986667,1.0,11.52,NaN,27.43,0.17,145.7
2018-06-18T07:00:43Z,BUD,Budds_Landing,39.37225,-75.83986667,1.0,11.6,NaN,27.44,0.18,146.9
2018-06-18T07:15:43Z,BUD,Budds_Landing,39.37225,-75.83986667,1.0,12.1,NaN,27.31,0.15,152.8
2018-06-18T07:30:43Z,BUD,Budds_Landing,39.37225,-75.83986667,1.0,11.81,NaN,27.31,0.16,149.2
2018-06-18T07:45:43Z,BUD,Budds_Landing,39.37225,-75.83986667,1.0,11.49,NaN,27.26,0.16,145.0
2018-06-18T08:00:43Z,BUD,Budds_Landing,39.37225,-75.83986667,1.0,11.41,NaN,27.24,0.16,143.9
2018-06-18T08:15:43Z,BUD,Budds_Landing,39.37225,-75.83986667,1.0,11.08,NaN,27.18,0.16,139.7
2018-06-18T08:30:44Z,BUD,Budds_Landing,39.37225,-75.83986667,1.0,10.43,NaN,27.09,0.15,131.2
2018-06-18T08:45:43Z,BUD,Budds_Landing,39.37225,-75.83986667,1.0,10.38,NaN,27.07,0.15,130.5
2018-06-18T09:00:44Z,BUD,Budds_Landing,39.37225,-75.83986667,1.0,11.22,NaN,27.18,0.16,141.3
2018-06-18T09:15:44Z,BUD,Budds_Landing,39.37225,-75.83986667,1.0,11.17,NaN,27.1,0.16,140.6
2018-06-18T09:30:44Z,BUD,Budds_Landing,39.37225,-75.83986667,1.0,11.27,NaN,27.11,0.16,141.8
2018-06-18T09:45:43Z,BUD,Budds_Landing,39.37225,-75.83986667,1.0,11.59,NaN,27.06,0.15,145.8
2018-06-18T10:00:43Z,BUD,Budds_Landing,39.37225,-75.83986667,1.0,10.84,NaN,26.95,0.15,136.0
2018-06-18T10:15:44Z,BUD,Budds_Landing,39.37225,-75.83986667,1.0,10.96,NaN,26.91,0.15,137.5
2018-06-18T10:30:44Z,BUD,Budds_Landing,39.37225,-75.83986667,1.0,10.05,NaN,26.81,0.15,125.8
2018-06-18T10:45:44Z,BUD,Budds_Landing,39.37225,-75.83986667,1.0,9.68,NaN,26.75,0.15,121.0
2018-06-18T11:00:44Z,BUD,Budds_Landing,39.37225,-75.83986667,1.0,9.42,NaN,26.71,0.15,117.7
2018-06-18T11:15:43Z,BUD,Budds_Landing,39.37225,-75.83986667,1.0,9.72,NaN,26.78,0.15,121.6
2018-06-18T11:30:43Z,BUD,Budds_Landing,39.37225,-75.83986667,1.0,9.84,NaN,26.81,0.15,123.2
2018-06-18T11:45:43Z,BUD,Budds_Landing,39.37225,-75.83986667,1.0,9.67,NaN,26.78,0.15,121.0
2018-06-18T12:00:44Z,BUD,Budds_Landing,39.37225,-75.83986667,1.0,9.58,NaN,26.73,0.15,119.7
2018-06-18T12:15:43Z,BUD,Budds_Landing,39.37225,-75.83986667,1.0,10.3,NaN,26.67,0.15,128.5
2018-06-18T12:30:44Z,BUD,Budds_Landing,39.37225,-75.83986667,1.0,10.32,NaN,26.55,0.15,128.5
2018-06-18T12:45:44Z,BUD,Budds_Landing,39.37225,-75.83986667,1.0,11.15,NaN,26.78,0.15,139.5
2018-06-18T13:00:43Z,BUD,Budds_Landing,39.37225,-75.83986667,1.0,11.14,NaN,26.99,0.15,139.9
2018-06-18T13:15:44Z,BUD,Budds_Landing,39.37225,-75.83986667,1.0,11.88,NaN,27.2,0.16,149.7
2018-06-18T13:30:44Z,BUD,Budds_Landing,39.37225,-75.83986667,1.0,12.74,NaN,27.37,0.16,161.1
2018-06-18T13:45:44Z,BUD,Budds_Landing,39.37225,-75.83986667,1.0,12.64,NaN,27.43,0.16,160.0
2018-06-18T14:00:44Z,BUD,Budds_Landing,39.37225,-75.83986667,1.0,12.42,NaN,27.38,0.17,157.1
2018-06-18T14:15:44Z,BUD,Budds_Landing,39.37225,-75.83986667,1.0,12.0,NaN,27.47,0.17,152.0
2018-06-18T14:30:44Z,BUD,Budds_Landing,39.37225,-75.83986667,1.0,11.99,NaN,27.6,0.18,152.3
2018-06-18T14:45:44Z,BUD,Budds_Landing,39.37225,-75.83986667,1.0,11.64,NaN,27.79,0.19,148.3
2018-06-18T15:00:43Z,BUD,Budds_Landing,39.37225,-75.83986667,1.0,12.06,NaN,27.95,0.19,154.1
2018-06-18T15:15:43Z,BUD,Budds_Landing,39.37225,-75.83986667,1.0,12.23,NaN,27.96,0.19,156.3
2018-06-18T15:30:43Z,BUD,Budds_Landing,39.37225,-75.83986667,1.0,12.01,NaN,27.92,0.19,153.3
2018-06-18T15:45:43Z,BUD,Budds_Landing,39.37225,-75.83986667,1.0,12.17,NaN,28.04,0.19,155.7
2018-06-18T16:00:43Z,BUD,Budds_Landing,39.37225,-75.83986667,1.0,12.47,NaN,28.43,0.19,160.7
2018-06-18T16:15:43Z,BUD,Budds_Landing,39.37225,-75.83986667,1.0,12.41,NaN,28.61,0.19,160.4
2018-06-18T16:30:43Z,BUD,Budds_Landing,39.37225,-75.83986667,1.0,12.1,NaN,28.43,0.2,155.9
2018-06-18T16:45:43Z,BUD,Budds_Landing,39.37225,-75.83986667,1.0,12.17,NaN,28.26,0.2,156.3
2018-06-18T17:00:43Z,BUD,Budds_Landing,39.37225,-75.83986667,1.0,12.13,NaN,28.35,0.2,156.1
2018-06-18T17:15:43Z,BUD,Budds_Landing,39.37225,-75.83986667,1.0,12.01,NaN,28.39,0.21,154.6
2018-06-18T17:30:43Z,BUD,Budds_Landing,39.37225,-75.83986667,1.0,12.56,NaN,28.81,0.2,162.9
2018-06-18T17:45:42Z,BUD,Budds_Landing,39.37225,-75.83986667,1.0,13.06,NaN,29.2,0.2,170.5
2018-06-18T18:00:42Z,BUD,Budds_Landing,39.37225,-75.83986667,1.0,12.49,NaN,28.88,0.21,162.2
2018-06-18T18:15:42Z,BUD,Budds_Landing,39.37225,-75.83986667,1.0,12.43,NaN,29.04,0.2,161.9
2018-06-18T18:30:42Z,BUD,Budds_Landing,39.37225,-75.83986667,1.0,11.87,NaN,28.71,0.2,153.7
2018-06-18T18:45:42Z,BUD,Budds_Landing,39.37225,-75.83986667,1.0,11.64,NaN,28.62,0.2,150.5
2018-06-18T19:00:43Z,BUD,Budds_Landing,39.37225,-75.83986667,1.0,11.96,NaN,28.38,0.2,154.0
2018-06-18T19:15:43Z,BUD,Budds_Landing,39.37225,-75.83986667,1.0,12.61,NaN,28.66,0.2,163.1
2018-06-18T19:30:43Z,BUD,Budds_Landing,39.37225,-75.83986667,1.0,13.51,NaN,28.7,0.19,175.0
2018-06-18T19:45:43Z,BUD,Budds_Landing,39.37225,-75.83986667,1.0,12.6,NaN,28.43,0.19,162.3
2018-06-18T20:00:43Z,BUD,Budds_Landing,39.37225,-75.83986667,1.0,13.28,NaN,28.89,0.19,172.5
2018-06-18T20:15:43Z,BUD,Budds_Landing,39.37225,-75.83986667,1.0,13.36,NaN,29.08,0.19,174.1
2018-06-18T20:30:43Z,BUD,Budds_Landing,39.37225,-75.83986667,1.0,13.57,NaN,29.01,0.19,176.7
2018-06-18T20:45:42Z,BUD,Budds_Landing,39.37225,-75.83986667,1.0,14.3,NaN,29.28,0.19,187.0
2018-06-18T21:00:42Z,BUD,Budds_Landing,39.37225,-75.83986667,1.0,12.96,NaN,28.89,0.18,168.3
2018-06-18T21:15:42Z,BUD,Budds_Landing,39.37225,-75.83986667,1.0,12.99,NaN,28.93,0.18,168.8
2018-06-18T21:30:42Z,BUD,Budds_Landing,39.37225,-75.83986667,1.0,14.02,NaN,29.69,0.19,184.7
2018-06-18T21:45:42Z,BUD,Budds_Landing,39.37225,-75.83986667,1.0,14.8,NaN,29.26,0.17,193.5
2018-06-18T22:00:42Z,BUD,Budds_Landing,39.37225,-75.83986667,1.0,15.17,NaN,29.79,0.18,200.2
2018-06-18T22:15:42Z,BUD,Budds_Landing,39.37225,-75.83986667,1.0,14.88,NaN,29.24,0.17,194.4
2018-06-18T22:30:41Z,BUD,Budds_Landing,39.37225,-75.83986667,1.0,15.06,NaN,29.75,0.17,198.5
2018-06-18T22:45:42Z,BUD,Budds_Landing,39.37225,-75.83986667,1.0,15.05,NaN,29.91,0.18,199.0
2018-06-18T23:00:41Z,BUD,Budds_Landing,39.37225,-75.83986667,1.0,14.9,NaN,29.93,0.19,197.0
2018-06-18T23:15:41Z,BUD,Budds_Landing,39.37225,-75.83986667,1.0,14.93,NaN,29.91,0.18,197.4
2018-06-18T23:30:42Z,BUD,Budds_Landing,39.37225,-75.83986667,1.0,15.09,NaN,29.86,0.18,199.3
2018-06-18T23:45:41Z,BUD,Budds_Landing,39.37225,-75.83986667,1.0,14.92,NaN,29.75,0.17,196.8
2018-06-19T00:00:42Z,BUD,Budds_Landing,39.37225,-75.83986667,1.0,14.63,NaN,29.77,0.18,193.0
2018-06-19T00:15:42Z,BUD,Budds_Landing,39.37225,-75.83986667,1.0,14.16,NaN,29.76,0.18,186.7
2018-06-19T00:30:42Z,BUD,Budds_Landing,39.37225,-75.83986667,1.0,13.8,NaN,29.74,0.19,181.8
2018-06-19T00:45:42Z,BUD,Budds_Landing,39.37225,-75.83986667,1.0,13.67,NaN,29.61,0.18,179.8
2018-06-19T01:00:42Z,BUD,Budds_Landing,39.37225,-75.83986667,1.0,14.27,NaN,29.57,0.16,187.5
2018-06-19T01:15:42Z,BUD,Budds_Landing,39.37225,-75.83986667,1.0,14.1,NaN,29.55,0.16,185.2
2018-06-19T01:30:42Z,BUD,Budds_Landing,39.37225,-75.83986667,1.0,13.44,NaN,29.49,0.18,176.4
2018-06-19T01:45:42Z,BUD,Budds_Landing,39.37225,-75.83986667,1.0,13.75,NaN,29.47,0.18,180.4
2018-06-19T02:00:42Z,BUD,Budds_Landing,39.37225,-75.83986667,1.0,13.62,NaN,29.34,0.18,178.3
2018-06-19T02:15:42Z,BUD,Budds_Landing,39.37225,-75.83986667,1.0,13.57,NaN,29.29,0.18,177.5
2018-06-19T02:30:42Z,BUD,Budds_Landing,39.37225,-75.83986667,1.0,13.56,NaN,29.34,0.17,177.5
2018-06-19T02:45:42Z,BUD,Budds_Landing,39.37225,-75.83986667,1.0,13.66,NaN,29.37,0.17,178.9
2018-06-19T03:00:42Z,BUD,Budds_Landing,39.37225,-75.83986667,1.0,13.63,NaN,29.33,0.17,178.4
2018-06-19T03:15:42Z,BUD,Budds_Landing,39.37225,-75.83986667,1.0,13.4,NaN,29.29,0.17,175.3
2018-06-19T03:30:42Z,BUD,Budds_Landing,39.37225,-75.83986667,1.0,13.3,NaN,29.21,0.17,173.7
2018-06-19T03:45:42Z,BUD,Budds_Landing,39.37225,-75.83986667,1.0,12.69,NaN,29.1,0.17,165.4
2018-06-19T04:00:42Z,BUD,Budds_Landing,39.37225,-75.83986667,1.0,12.07,NaN,29.01,0.17,157.1
2018-06-19T04:15:42Z,BUD,Budds_Landing,39.37225,-75.83986667,1.0,11.4,NaN,28.83,0.19,147.9
2018-06-19T04:30:42Z,BUD,Budds_Landing,39.37225,-75.83986667,1.0,11.17,NaN,28.73,0.19,144.7
2018-06-19T04:45:43Z,BUD,Budds_Landing,39.37225,-75.83986667,1.0,10.87,NaN,28.66,0.19,140.6
2018-06-19T05:00:42Z,BUD,Budds_Landing,39.37225,-75.83986667,1.0,10.71,NaN,28.55,0.2,138.3
2018-06-19T05:15:43Z,BUD,Budds_Landing,39.37225,-75.83986667,1.0,10.49,NaN,28.49,0.2,135.4
2018-06-19T05:30:43Z,BUD,Budds_Landing,39.37225,-75.83986667,1.0,10.34,NaN,28.49,0.2,133.3
2018-06-19T05:45:42Z,BUD,Budds_Landing,39.37225,-75.83986667,1.0,10.22,NaN,28.43,0.2,131.6
2018-06-19T06:00:42Z,BUD,Budds_Landing,39.37225,-75.83986667,1.0,10.25,NaN,28.4,0.2,132.0
2018-06-19T06:15:42Z,BUD,Budds_Landing,39.37225,-75.83986667,1.0,10.08,NaN,28.38,0.2,129.8
2018-06-19T06:30:43Z,BUD,Budds_Landing,39.37225,-75.83986667,1.0,9.82,NaN,28.37,0.2,126.4
2018-06-19T06:45:42Z,BUD,Budds_Landing,39.37225,-75.83986667,1.0,9.85,NaN,28.37,0.2,126.8
2018-06-19T07:00:42Z,BUD,Budds_Landing,39.37225,-75.83986667,1.0,10.02,NaN,28.51,0.19,129.3
2018-06-19T07:15:42Z,BUD,Budds_Landing,39.37225,-75.83986667,1.0,9.89,NaN,28.54,0.19,127.7
2018-06-19T07:30:43Z,BUD,Budds_Landing,39.37225,-75.83986667,1.0,9.84,NaN,28.49,0.19,127.0
2018-06-19T07:45:42Z,BUD,Budds_Landing,39.37225,-75.83986667,1.0,9.64,NaN,28.44,0.19,124.2
2018-06-19T08:00:43Z,BUD,Budds_Landing,39.37225,-75.83986667,1.0,9.7,NaN,28.34,0.19,124.8
2018-06-19T08:15:43Z,BUD,Budds_Landing,39.37225,-75.83986667,1.0,9.56,NaN,28.34,0.19,123.0
2018-06-19T08:30:43Z,BUD,Budds_Landing,39.37225,-75.83986667,1.0,9.1,NaN,28.42,0.18,117.2
2018-06-19T08:45:43Z,BUD,Budds_Landing,39.37225,-75.83986667,1.0,9.15,NaN,28.33,0.19,117.7
2018-06-19T09:00:43Z,BUD,Budds_Landing,39.37225,-75.83986667,1.0,9.33,NaN,28.27,0.19,119.9
2018-06-19T09:15:43Z,BUD,Budds_Landing,39.37225,-75.83986667,1.0,9.03,NaN,28.28,0.19,116.0
2018-06-19T09:30:43Z,BUD,Budds_Landing,39.37225,-75.83986667,1.0,9.44,NaN,28.28,0.18,121.3
2018-06-19T09:45:43Z,BUD,Budds_Landing,39.37225,-75.83986667,1.0,9.54,NaN,28.29,0.18,122.6
2018-06-19T10:00:43Z,BUD,Budds_Landing,39.37225,-75.83986667,1.0,9.41,NaN,28.27,0.18,120.9
2018-06-19T10:15:42Z,BUD,Budds_Landing,39.37225,-75.83986667,1.0,8.89,NaN,28.22,0.18,114.1
2018-06-19T10:30:43Z,BUD,Budds_Landing,39.37225,-75.83986667,1.0,8.8,NaN,28.21,0.18,113.0
2018-06-19T10:45:43Z,BUD,Budds_Landing,39.37225,-75.83986667,1.0,8.52,NaN,28.19,0.18,109.3
2018-06-19T11:00:43Z,BUD,Budds_Landing,39.37225,-75.83986667,1.0,8.94,NaN,28.16,0.17,114.6
2018-06-19T11:15:43Z,BUD,Budds_Landing,39.37225,-75.83986667,1.0,8.02,NaN,28.15,0.17,102.8
2018-06-19T11:30:43Z,BUD,Budds_Landing,39.37225,-75.83986667,1.0,8.46,NaN,28.13,0.19,108.4
2018-06-19T11:45:43Z,BUD,Budds_Landing,39.37225,-75.83986667,1.0,8.69,NaN,28.1,0.17,111.3
2018-06-19T12:00:43Z,BUD,Budds_Landing,39.37225,-75.83986667,1.0,8.7,NaN,28.07,0.17,111.3
2018-06-19T12:15:43Z,BUD,Budds_Landing,39.37225,-75.83986667,1.0,8.63,NaN,28.03,0.17,110.5
2018-06-19T12:30:43Z,BUD,Budds_Landing,39.37225,-75.83986667,1.0,8.41,NaN,27.99,0.17,107.5
2018-06-19T12:45:43Z,BUD,Budds_Landing,39.37225,-75.83986667,1.0,8.15,NaN,28.0,0.17,104.2
2018-06-19T13:00:43Z,BUD,Budds_Landing,39.37225,-75.83986667,1.0,8.43,NaN,27.99,0.16,107.8
2018-06-19T13:15:43Z,BUD,Budds_Landing,39.37225,-75.83986667,1.0,8.66,NaN,28.07,0.17,110.9
2018-06-19T13:30:43Z,BUD,Budds_Landing,39.37225,-75.83986667,1.0,8.83,NaN,28.13,0.17,113.1
2018-06-19T13:45:43Z,BUD,Budds_Landing,39.37225,-75.83986667,1.0,9.72,NaN,28.29,0.16,124.9
2018-06-19T14:00:43Z,BUD,Budds_Landing,39.37225,-75.83986667,1.0,9.67,NaN,28.34,0.17,124.4
2018-06-19T14:15:43Z,BUD,Budds_Landing,39.37225,-75.83986667,1.0,9.89,NaN,28.37,0.16,127.3
2018-06-19T14:30:43Z,BUD,Budds_Landing,39.37225,-75.83986667,1.0,10.26,NaN,28.5,0.16,132.3
2018-06-19T14:45:43Z,BUD,Budds_Landing,39.37225,-75.83986667,1.0,10.76,NaN,28.64,0.16,139.1
2018-06-19T15:00:43Z,BUD,Budds_Landing,39.37225,-75.83986667,1.0,10.97,NaN,28.75,0.17,142.1
2018-06-19T15:15:43Z,BUD,Budds_Landing,39.37225,-75.83986667,1.0,11.2,NaN,28.94,0.18,145.5
2018-06-19T15:30:43Z,BUD,Budds_Landing,39.37225,-75.83986667,1.0,11.11,NaN,28.97,0.18,144.6
2018-06-19T15:45:43Z,BUD,Budds_Landing,39.37225,-75.83986667,1.0,10.48,NaN,28.7,0.18,135.6
2018-06-19T16:00:43Z,BUD,Budds_Landing,39.37225,-75.83986667,1.0,10.18,NaN,28.65,0.18,131.6
2018-06-19T16:15:43Z,BUD,Budds_Landing,39.37225,-75.83986667,1.0,10.15,NaN,28.65,0.19,131.3
2018-06-19T16:30:43Z,BUD,Budds_Landing,39.37225,-75.83986667,1.0,10.04,NaN,28.64,0.2,129.9
2018-06-19T16:45:43Z,BUD,Budds_Landing,39.37225,-75.83986667,1.0,9.94,NaN,28.66,0.2,128.6
2018-06-19T17:00:43Z,BUD,Budds_Landing,39.37225,-75.83986667,1.0,10.14,NaN,28.69,0.2,131.2
2018-06-19T17:15:43Z,BUD,Budds_Landing,39.37225,-75.83986667,1.0,10.61,NaN,28.85,0.2,137.8
2018-06-19T17:30:43Z,BUD,Budds_Landing,39.37225,-75.83986667,1.0,10.75,NaN,28.96,0.2,139.8
2018-06-19T17:45:43Z,BUD,Budds_Landing,39.37225,-75.83986667,1.0,10.0,NaN,28.87,0.2,129.8
2018-06-19T18:00:43Z,BUD,Budds_Landing,39.37225,-75.83986667,1.0,10.48,NaN,28.9,0.2,136.2
2018-06-19T18:15:43Z,BUD,Budds_Landing,39.37225,-75.83986667,1.0,11.05,NaN,29.04,0.2,143.9
2018-06-19T18:30:42Z,BUD,Budds_Landing,39.37225,-75.83986667,1.0,10.66,NaN,29.16,0.2,139.1
2018-06-19T18:45:42Z,BUD,Budds_Landing,39.37225,-75.83986667,1.0,10.3,NaN,28.97,0.2,134.0
2018-06-19T19:00:43Z,BUD,Budds_Landing,39.37225,-75.83986667,1.0,10.02,NaN,28.87,0.2,130.1
2018-06-19T19:15:43Z,BUD,Budds_Landing,39.37225,-75.83986667,1.0,10.13,NaN,28.94,0.2,131.7
2018-06-19T19:30:43Z,BUD,Budds_Landing,39.37225,-75.83986667,1.0,11.39,NaN,28.83,0.18,147.7
2018-06-19T19:45:43Z,BUD,Budds_Landing,39.37225,-75.83986667,1.0,10.54,NaN,28.67,0.18,136.3
2018-06-19T20:00:43Z,BUD,Budds_Landing,39.37225,-75.83986667,1.0,10.78,NaN,28.69,0.17,139.5
2018-06-19T20:15:43Z,BUD,Budds_Landing,39.37225,-75.83986667,1.0,10.47,NaN,28.92,0.19,136.0
2018-06-19T20:30:43Z,BUD,Budds_Landing,39.37225,-75.83986667,1.0,10.52,NaN,28.78,0.18,136.4
2018-06-19T20:45:43Z,BUD,Budds_Landing,39.37225,-75.83986667,1.0,10.8,NaN,28.95,0.18,140.4
2018-06-19T21:00:43Z,BUD,Budds_Landing,39.37225,-75.83986667,1.0,10.15,NaN,28.99,0.18,132.1
2018-06-19T21:15:43Z,BUD,Budds_Landing,39.37225,-75.83986667,1.0,11.07,NaN,29.14,0.18,144.4
2018-06-19T21:30:42Z,BUD,Budds_Landing,39.37225,-75.83986667,1.0,10.94,NaN,29.01,0.18,142.4
2018-06-19T21:45:43Z,BUD,Budds_Landing,39.37225,-75.83986667,1.0,10.36,NaN,28.99,0.18,134.8
2018-06-19T22:00:43Z,BUD,Budds_Landing,39.37225,-75.83986667,1.0,10.04,NaN,29.11,0.18,130.9
2018-06-19T22:15:42Z,BUD,Budds_Landing,39.37225,-75.83986667,1.0,13.27,NaN,29.54,0.17,174.3
2018-06-19T22:30:43Z,BUD,Budds_Landing,39.37225,-75.83986667,1.0,12.81,NaN,29.42,0.17,167.9
2018-06-19T22:45:42Z,BUD,Budds_Landing,39.37225,-75.83986667,1.0,13.1,NaN,29.53,0.16,172.0
2018-06-19T23:00:42Z,BUD,Budds_Landing,39.37225,-75.83986667,1.0,13.09,NaN,29.56,0.17,172.1
2018-06-19T23:15:42Z,BUD,Budds_Landing,39.37225,-75.83986667,1.0,13.37,NaN,29.61,0.17,175.9
2018-06-19T23:30:43Z,BUD,Budds_Landing,39.37225,-75.83986667,1.0,13.77,NaN,29.57,0.17,181.0
2018-06-19T23:45:42Z,BUD,Budds_Landing,39.37225,-75.83986667,1.0,13.41,NaN,29.42,0.18,175.8
2018-06-20T00:00:42Z,BUD,Budds_Landing,39.37225,-75.83986667,1.0,13.08,NaN,29.48,0.18,171.6
2018-06-20T00:15:42Z,BUD,Budds_Landing,39.37225,-75.83986667,1.0,12.86,NaN,29.43,0.17,168.7
2018-06-20T00:30:42Z,BUD,Budds_Landing,39.37225,-75.83986667,1.0,12.66,NaN,29.39,0.17,165.8
2018-06-20T00:45:42Z,BUD,Budds_Landing,39.37225,-75.83986667,1.0,12.95,NaN,29.33,0.16,169.5
2018-06-20T01:00:43Z,BUD,Budds_Landing,39.37225,-75.83986667,1.0,12.79,NaN,29.26,0.15,167.2
2018-06-20T01:15:43Z,BUD,Budds_Landing,39.37225,-75.83986667,1.0,12.45,NaN,29.22,0.15,162.6
2018-06-20T01:30:43Z,BUD,Budds_Landing,39.37225,-75.83986667,1.0,11.54,NaN,29.16,0.15,150.5
2018-06-20T01:45:42Z,BUD,Budds_Landing,39.37225,-75.83986667,1.0,11.7,NaN,29.11,0.16,152.6
2018-06-20T02:00:43Z,BUD,Budds_Landing,39.37225,-75.83986667,1.0,11.93,NaN,29.09,0.15,155.5
2018-06-20T02:15:43Z,BUD,Budds_Landing,39.37225,-75.83986667,1.0,11.87,NaN,29.08,0.15,154.6
2018-06-20T02:30:43Z,BUD,Budds_Landing,39.37225,-75.83986667,1.0,11.13,NaN,28.98,0.16,144.8
2018-06-20T02:45:43Z,BUD,Budds_Landing,39.37225,-75.83986667,1.0,11.19,NaN,28.93,0.16,145.4
2018-06-20T03:00:43Z,BUD,Budds_Landing,39.37225,-75.83986667,1.0,10.89,NaN,28.81,0.17,141.3
2018-06-20T03:15:43Z,BUD,Budds_Landing,39.37225,-75.83986667,1.0,11.19,NaN,28.68,0.17,144.8
2018-06-20T03:30:43Z,BUD,Budds_Landing,39.37225,-75.83986667,1.0,11.41,NaN,28.67,0.17,147.6
2018-06-20T03:45:43Z,BUD,Budds_Landing,39.37225,-75.83986667,1.0,11.52,NaN,28.7,0.16,149.1
2018-06-20T04:00:43Z,BUD,Budds_Landing,39.37225,-75.83986667,1.0,11.5,NaN,28.63,0.16,148.7
2018-06-20T04:15:43Z,BUD,Budds_Landing,39.37225,-75.83986667,1.0,11.25,NaN,28.58,0.15,145.3
2018-06-20T04:30:43Z,BUD,Budds_Landing,39.37225,-75.83986667,1.0,11.07,NaN,28.58,0.15,143.0
2018-06-20T04:45:43Z,BUD,Budds_Landing,39.37225,-75.83986667,1.0,10.89,NaN,28.52,0.15,140.5
2018-06-20T05:00:43Z,BUD,Budds_Landing,39.37225,-75.83986667,1.0,10.51,NaN,28.46,0.16,135.4
2018-06-20T05:15:43Z,BUD,Budds_Landing,39.37225,-75.83986667,1.0,10.05,NaN,28.37,0.16,129.3
2018-06-20T05:30:43Z,BUD,Budds_Landing,39.37225,-75.83986667,1.0,10.19,NaN,28.37,0.17,131.1
2018-06-20T05:45:44Z,BUD,Budds_Landing,39.37225,-75.83986667,1.0,10.11,NaN,28.42,0.17,130.3
2018-06-20T06:00:43Z,BUD,Budds_Landing,39.37225,-75.83986667,1.0,10.11,NaN,28.39,0.18,130.2
2018-06-20T06:15:43Z,BUD,Budds_Landing,39.37225,-75.83986667,1.0,9.91,NaN,28.39,0.18,127.6
2018-06-20T06:30:43Z,BUD,Budds_Landing,39.37225,-75.83986667,1.0,9.71,NaN,28.39,0.18,125.0
2018-06-20T06:45:43Z,BUD,Budds_Landing,39.37225,-75.83986667,1.0,9.29,NaN,28.32,0.19,119.5
2018-06-20T07:00:43Z,BUD,Budds_Landing,39.37225,-75.83986667,1.0,9.46,NaN,28.29,0.19,121.6
2018-06-20T07:15:43Z,BUD,Budds_Landing,39.37225,-75.83986667,1.0,9.36,NaN,28.26,0.19,120.2
2018-06-20T07:30:43Z,BUD,Budds_Landing,39.37225,-75.83986667,1.0,9.17,NaN,28.22,0.19,117.7
2018-06-20T07:45:43Z,BUD,Budds_Landing,39.37225,-75.83986667,1.0,8.77,NaN,28.15,0.19,112.4
2018-06-20T08:00:43Z,BUD,Budds_Landing,39.37225,-75.83986667,1.0,8.24,NaN,28.11,0.19,105.6
2018-06-20T08:15:43Z,BUD,Budds_Landing,39.37225,-75.83986667,1.0,8.51,NaN,28.09,0.19,108.9
2018-06-20T08:30:43Z,BUD,Budds_Landing,39.37225,-75.83986667,1.0,8.8,NaN,28.07,0.19,112.6
2018-06-20T08:45:43Z,BUD,Budds_Landing,39.37225,-75.83986667,1.0,8.83,NaN,28.0,0.18,113.0
2018-06-20T09:00:43Z,BUD,Budds_Landing,39.37225,-75.83986667,1.0,8.77,NaN,27.9,0.18,112.0
2018-06-20T09:15:43Z,BUD,Budds_Landing,39.37225,-75.83986667,1.0,8.75,NaN,27.91,0.18,111.8
2018-06-20T09:30:43Z,BUD,Budds_Landing,39.37225,-75.83986667,1.0,8.69,NaN,27.84,0.18,110.8
2018-06-20T09:45:43Z,BUD,Budds_Landing,39.37225,-75.83986667,1.0,8.73,NaN,27.67,0.17,111.0
2018-06-20T10:00:43Z,BUD,Budds_Landing,39.37225,-75.83986667,1.0,8.38,NaN,27.38,0.16,106.0
2018-06-20T10:15:43Z,BUD,Budds_Landing,39.37225,-75.83986667,1.0,8.08,NaN,27.29,0.17,102.0
2018-06-20T10:30:43Z,BUD,Budds_Landing,39.37225,-75.83986667,1.0,8.12,NaN,27.33,0.17,102.6
2018-06-20T10:45:43Z,BUD,Budds_Landing,39.37225,-75.83986667,1.0,8.29,NaN,27.5,0.16,105.0
2018-06-20T11:00:43Z,BUD,Budds_Landing,39.37225,-75.83986667,1.0,8.21,NaN,27.39,0.16,103.8
2018-06-20T11:15:43Z,BUD,Budds_Landing,39.37225,-75.83986667,1.0,8.16,NaN,27.34,0.16,103.1
2018-06-20T11:30:43Z,BUD,Budds_Landing,39.37225,-75.83986667,1.0,7.88,NaN,27.22,0.17,99.4
2018-06-20T11:45:43Z,BUD,Budds_Landing,39.37225,-75.83986667,1.0,7.82,NaN,27.24,0.17,98.7
2018-06-20T12:00:44Z,BUD,Budds_Landing,39.37225,-75.83986667,1.0,7.94,NaN,27.23,0.16,100.2
2018-06-20T12:15:43Z,BUD,Budds_Landing,39.37225,-75.83986667,1.0,8.58,NaN,27.02,0.16,107.8
2018-06-20T12:30:43Z,BUD,Budds_Landing,39.37225,-75.83986667,1.0,8.66,NaN,27.06,0.16,108.9
2018-06-20T12:45:44Z,BUD,Budds_Landing,39.37225,-75.83986667,1.0,8.85,NaN,27.05,0.16,111.2
2018-06-20T13:00:44Z,BUD,Budds_Landing,39.37225,-75.83986667,1.0,8.63,NaN,27.04,0.16,108.5
2018-06-20T13:15:43Z,BUD,Budds_Landing,39.37225,-75.83986667,1.0,8.44,NaN,26.88,0.16,105.8
2018-06-20T13:30:43Z,BUD,Budds_Landing,39.37225,-75.83986667,1.0,7.95,NaN,26.85,0.16,99.6
2018-06-20T13:45:44Z,BUD,Budds_Landing,39.37225,-75.83986667,1.0,8.17,NaN,26.97,0.16,102.6
2018-06-20T14:00:44Z,BUD,Budds_Landing,39.37225,-75.83986667,1.0,7.98,NaN,27.0,0.15,100.2
2018-06-20T14:15:44Z,BUD,Budds_Landing,39.37225,-75.83986667,1.0,8.07,NaN,26.92,0.15,101.2
2018-06-20T14:30:43Z,BUD,Budds_Landing,39.37225,-75.83986667,1.0,8.19,NaN,26.92,0.15,102.8
2018-06-20T14:45:43Z,BUD,Budds_Landing,39.37225,-75.83986667,1.0,8.19,NaN,26.83,0.14,102.5
2018-06-20T15:00:43Z,BUD,Budds_Landing,39.37225,-75.83986667,1.0,9.19,NaN,27.2,0.15,115.8
2018-06-20T15:15:43Z,BUD,Budds_Landing,39.37225,-75.83986667,1.0,10.69,NaN,27.91,0.15,136.5
2018-06-20T15:30:43Z,BUD,Budds_Landing,39.37225,-75.83986667,1.0,11.72,NaN,28.36,0.16,150.7
2018-06-20T15:45:42Z,BUD,Budds_Landing,39.37225,-75.83986667,1.0,12.14,NaN,28.93,0.16,157.8
2018-06-20T16:00:43Z,BUD,Budds_Landing,39.37225,-75.83986667,1.0,12.27,NaN,29.06,0.15,159.8
2018-06-20T16:15:43Z,BUD,Budds_Landing,39.37225,-75.83986667,1.0,13.49,NaN,29.71,0.15,177.7
2018-06-20T16:30:43Z,BUD,Budds_Landing,39.37225,-75.83986667,1.0,12.68,NaN,28.81,0.17,164.5
2018-06-20T16:45:43Z,BUD,Budds_Landing,39.37225,-75.83986667,1.0,12.66,NaN,29.21,0.17,165.3
2018-06-20T17:00:43Z,BUD,Budds_Landing,39.37225,-75.83986667,1.0,12.92,NaN,29.26,0.17,168.8
2018-06-20T17:15:43Z,BUD,Budds_Landing,39.37225,-75.83986667,1.0,12.59,NaN,28.94,0.17,163.6
2018-06-20T17:30:43Z,BUD,Budds_Landing,39.37225,-75.83986667,1.0,12.76,NaN,29.15,0.18,166.5
2018-06-20T17:45:43Z,BUD,Budds_Landing,39.37225,-75.83986667,1.0,12.84,NaN,29.28,0.18,168.0
2018-06-20T18:00:43Z,BUD,Budds_Landing,39.37225,-75.83986667,1.0,13.3,NaN,29.62,0.18,175.0
2018-06-20T18:15:43Z,BUD,Budds_Landing,39.37225,-75.83986667,1.0,13.76,NaN,29.93,0.19,182.0
2018-06-20T18:30:43Z,BUD,Budds_Landing,39.37225,-75.83986667,1.0,13.78,NaN,29.8,0.19,181.9
2018-06-20T18:45:43Z,BUD,Budds_Landing,39.37225,-75.83986667,1.0,14.2,NaN,30.23,0.19,188.8
2018-06-20T19:00:43Z,BUD,Budds_Landing,39.37225,-75.83986667,1.0,14.57,NaN,30.43,0.19,194.4
2018-06-20T19:15:43Z,BUD,Budds_Landing,39.37225,-75.83986667,1.0,14.41,NaN,30.3,0.19,191.9
2018-06-20T19:30:43Z,BUD,Budds_Landing,39.37225,-75.83986667,1.0,14.51,NaN,30.17,0.19,192.6
2018-06-20T19:45:43Z,BUD,Budds_Landing,39.37225,-75.83986667,1.0,13.33,NaN,29.66,0.19,175.5
2018-06-20T20:00:43Z,BUD,Budds_Landing,39.37225,-75.83986667,1.0,11.28,NaN,28.63,0.19,145.9
2018-06-20T20:15:43Z,BUD,Budds_Landing,39.37225,-75.83986667,1.0,10.82,NaN,28.52,0.19,139.7
2018-06-20T20:30:43Z,BUD,Budds_Landing,39.37225,-75.83986667,1.0,10.74,NaN,28.42,0.19,138.4
2018-06-20T20:45:43Z,BUD,Budds_Landing,39.37225,-75.83986667,1.0,10.95,NaN,28.59,0.19,141.5
2018-06-20T21:00:43Z,BUD,Budds_Landing,39.37225,-75.83986667,1.0,11.29,NaN,28.87,0.18,146.6
2018-06-20T21:15:43Z,BUD,Budds_Landing,39.37225,-75.83986667,1.0,12.77,NaN,29.09,0.17,166.5
2018-06-20T21:30:44Z,BUD,Budds_Landing,39.37225,-75.83986667,1.0,12.51,NaN,28.91,0.17,162.6
2018-06-20T21:45:43Z,BUD,Budds_Landing,39.37225,-75.83986667,1.0,13.09,NaN,29.28,0.17,171.1
2018-06-20T22:00:43Z,BUD,Budds_Landing,39.37225,-75.83986667,1.0,13.88,NaN,29.54,0.18,182.3
2018-06-20T22:15:43Z,BUD,Budds_Landing,39.37225,-75.83986667,1.0,13.0,NaN,29.54,0.18,170.8
2018-06-20T22:30:43Z,BUD,Budds_Landing,39.37225,-75.83986667,1.0,13.26,NaN,29.54,0.18,174.2
2018-06-20T22:45:44Z,BUD,Budds_Landing,39.37225,-75.83986667,1.0,12.86,NaN,29.44,0.18,168.7
2018-06-20T23:00:43Z,BUD,Budds_Landing,39.37225,-75.83986667,1.0,13.01,NaN,29.42,0.17,170.6
2018-06-20T23:15:43Z,BUD,Budds_Landing,39.37225,-75.83986667,1.0,13.1,NaN,29.45,0.18,171.8
2018-06-20T23:30:44Z,BUD,Budds_Landing,39.37225,-75.83986667,1.0,14.21,NaN,29.73,0.17,187.2
2018-06-20T23:45:43Z,BUD,Budds_Landing,39.37225,-75.83986667,1.0,14.31,NaN,29.68,0.16,188.4
2018-06-20T17:00:00Z,BUD,Budds_Landing,39.37225,-75.83986667,1.0,12.43,0.783,29.08,0.17,162.0
2018-06-20T17:15:00Z,BUD,Budds_Landing,39.37225,-75.83986667,1.0,13.13,0.808,29.43,0.18,172.1
2018-06-20T17:30:00Z,BUD,Budds_Landing,39.37225,-75.83986667,1.0,12.95,0.823,29.47,0.18,169.9
2018-06-20T17:45:00Z,BUD,Budds_Landing,39.37225,-75.83986667,1.0,12.84,0.847,29.25,0.18,167.8
2018-06-20T18:00:00Z,BUD,Budds_Landing,39.37225,-75.83986667,1.0,13.6,0.873,29.74,0.18,179.2
2018-06-20T18:15:00Z,BUD,Budds_Landing,39.37225,-75.83986667,1.0,14.04,0.909,30.07,0.19,186.1
2018-06-20T18:30:00Z,BUD,Budds_Landing,39.37225,-75.83986667,1.0,14.12,0.944,29.89,0.19,186.6
2018-06-20T18:45:00Z,BUD,Budds_Landing,39.37225,-75.83986667,1.0,14.38,0.977,30.37,0.19,191.6
2018-06-20T19:00:00Z,BUD,Budds_Landing,39.37225,-75.83986667,1.0,14.91,0.986,30.66,0.19,199.7
2018-06-20T19:15:00Z,BUD,Budds_Landing,39.37225,-75.83986667,1.0,14.16,1.004,30.22,0.19,188.3
2018-06-20T19:30:00Z,BUD,Budds_Landing,39.37225,-75.83986667,1.0,13.95,1.015,30.03,0.19,184.8
2018-06-20T19:45:00Z,BUD,Budds_Landing,39.37225,-75.83986667,1.0,12.2,1.004,29.41,0.19,159.9
2018-06-20T20:00:00Z,BUD,Budds_Landing,39.37225,-75.83986667,1.0,11.0,1.001,28.5,0.19,141.9
2018-06-20T20:15:00Z,BUD,Budds_Landing,39.37225,-75.83986667,1.0,10.78,0.976,28.42,0.19,138.8
2018-06-20T20:30:00Z,BUD,Budds_Landing,39.37225,-75.83986667,1.0,10.97,0.973,28.5,0.19,141.5
2018-06-20T20:45:00Z,BUD,Budds_Landing,39.37225,-75.83986667,1.0,11.06,0.968,28.65,0.18,143.1
2018-06-20T21:00:00Z,BUD,Budds_Landing,39.37225,-75.83986667,1.0,12.14,0.948,28.93,0.18,157.8
2018-06-20T21:15:00Z,BUD,Budds_Landing,39.37225,-75.83986667,1.0,13.01,0.91,29.04,0.16,169.4
2018-06-20T21:30:00Z,BUD,Budds_Landing,39.37225,-75.83986667,1.0,12.35,0.86,29.02,0.17,160.8
2018-06-20T21:45:00Z,BUD,Budds_Landing,39.37225,-75.83986667,1.0,13.75,0.804,29.56,0.18,180.7
2018-06-20T22:00:00Z,BUD,Budds_Landing,39.37225,-75.83986667,1.0,13.69,0.758,29.6,0.18,180.0
2018-06-20T22:15:00Z,BUD,Budds_Landing,39.37225,-75.83986667,1.0,12.89,0.726,29.47,0.18,169.1
2018-06-20T22:30:00Z,BUD,Budds_Landing,39.37225,-75.83986667,1.0,12.88,0.708,29.48,0.18,169.0
2018-06-20T22:45:00Z,BUD,Budds_Landing,39.37225,-75.83986667,1.0,12.81,0.695,29.41,0.17,167.9
2018-06-20T23:00:00Z,BUD,Budds_Landing,39.37225,-75.83986667,1.0,13.06,0.689,29.45,0.17,171.3
2018-06-20T23:15:00Z,BUD,Budds_Landing,39.37225,-75.83986667,1.0,14.29,0.755,29.71,0.17,188.3
2018-06-20T23:30:00Z,BUD,Budds_Landing,39.37225,-75.83986667,1.0,14.04,0.748,29.71,0.16,184.9
2018-06-20T23:45:00Z,BUD,Budds_Landing,39.37225,-75.83986667,1.0,14.44,0.734,29.62,0.16,190.0
2018-06-21T00:00:44Z,BUD,Budds_Landing,39.37225,-75.83986667,1.0,14.48,NaN,29.61,0.16,190.4
2018-06-21T00:15:43Z,BUD,Budds_Landing,39.37225,-75.83986667,1.0,14.11,NaN,29.58,0.17,185.5
2018-06-21T00:30:43Z,BUD,Budds_Landing,39.37225,-75.83986667,1.0,14.07,NaN,29.7,0.16,185.3
2018-06-21T00:45:43Z,BUD,Budds_Landing,39.37225,-75.83986667,1.0,14.13,NaN,29.61,0.15,185.8
2018-06-21T01:00:43Z,BUD,Budds_Landing,39.37225,-75.83986667,1.0,13.79,NaN,29.46,0.16,180.9
2018-06-21T01:15:43Z,BUD,Budds_Landing,39.37225,-75.83986667,1.0,13.54,NaN,29.37,0.17,177.3
2018-06-21T01:30:44Z,BUD,Budds_Landing,39.37225,-75.83986667,1.0,13.3,NaN,29.37,0.17,174.2
2018-06-21T01:45:43Z,BUD,Budds_Landing,39.37225,-75.83986667,1.0,13.2,NaN,29.52,0.15,173.4
2018-06-21T02:00:43Z,BUD,Budds_Landing,39.37225,-75.83986667,1.0,12.97,NaN,29.44,0.15,170.1
2018-06-21T02:15:43Z,BUD,Budds_Landing,39.37225,-75.83986667,1.0,13.05,NaN,29.42,0.16,171.1
2018-06-21T02:30:44Z,BUD,Budds_Landing,39.37225,-75.83986667,1.0,12.9,NaN,29.38,0.16,168.9
2018-06-21T02:45:44Z,BUD,Budds_Landing,39.37225,-75.83986667,1.0,12.83,NaN,29.32,0.16,167.9
2018-06-21T03:00:44Z,BUD,Budds_Landing,39.37225,-75.83986667,1.0,12.52,NaN,29.37,0.15,164.0
2018-06-21T03:15:43Z,BUD,Budds_Landing,39.37225,-75.83986667,1.0,12.43,NaN,29.37,0.15,162.8
2018-06-21T03:30:44Z,BUD,Budds_Landing,39.37225,-75.83986667,1.0,12.25,NaN,29.3,0.15,160.3
2018-06-21T03:45:44Z,BUD,Budds_Landing,39.37225,-75.83986667,1.0,11.83,NaN,29.05,0.16,154.1
2018-06-21T04:00:43Z,BUD,Budds_Landing,39.37225,-75.83986667,1.0,11.24,NaN,28.73,0.17,145.6
2018-06-21T04:15:44Z,BUD,Budds_Landing,39.37225,-75.83986667,1.0,11.71,NaN,28.96,0.16,152.3
2018-06-21T04:30:44Z,BUD,Budds_Landing,39.37225,-75.83986667,1.0,11.59,NaN,29.0,0.16,150.8
2018-06-21T04:45:44Z,BUD,Budds_Landing,39.37225,-75.83986667,1.0,11.15,NaN,28.87,0.17,144.7
2018-06-21T00:00:00Z,BUD,Budds_Landing,39.37225,-75.83986667,1.0,14.26,0.729,29.61,0.17,187.5
2018-06-21T00:15:00Z,BUD,Budds_Landing,39.37225,-75.83986667,1.0,14.13,0.727,29.62,0.16,185.8
2018-06-21T00:30:00Z,BUD,Budds_Landing,39.37225,-75.83986667,1.0,14.11,0.72,29.64,0.15,185.7
2018-06-21T00:45:00Z,BUD,Budds_Landing,39.37225,-75.83986667,1.0,14.04,0.705,29.55,0.15,184.5
2018-06-21T01:00:00Z,BUD,Budds_Landing,39.37225,-75.83986667,1.0,13.67,0.716,29.4,0.16,179.1
2018-06-21T01:15:00Z,BUD,Budds_Landing,39.37225,-75.83986667,1.0,13.37,0.725,29.37,0.17,175.1
2018-06-21T01:30:00Z,BUD,Budds_Landing,39.37225,-75.83986667,1.0,13.21,0.73,29.42,0.16,173.2
2018-06-21T01:45:00Z,BUD,Budds_Landing,39.37225,-75.83986667,1.0,12.94,0.73,29.48,0.15,169.8
2018-06-21T02:00:00Z,BUD,Budds_Landing,39.37225,-75.83986667,1.0,13.1,0.73,29.43,0.16,171.8
2018-06-21T02:15:00Z,BUD,Budds_Landing,39.37225,-75.83986667,1.0,12.99,0.739,29.4,0.16,170.2
2018-06-21T02:30:00Z,BUD,Budds_Landing,39.37225,-75.83986667,1.0,12.9,0.747,29.32,0.16,168.8
2018-06-21T02:45:00Z,BUD,Budds_Landing,39.37225,-75.83986667,1.0,12.64,0.765,29.37,0.15,165.5
2018-06-21T03:00:00Z,BUD,Budds_Landing,39.37225,-75.83986667,1.0,12.48,0.79,29.36,0.15,163.4
2018-06-21T03:15:00Z,BUD,Budds_Landing,39.37225,-75.83986667,1.0,12.29,0.819,29.37,0.15,161.0
2018-06-21T03:30:00Z,BUD,Budds_Landing,39.37225,-75.83986667,1.0,12.05,0.853,29.21,0.15,157.3
2018-06-21T03:45:00Z,BUD,Budds_Landing,39.37225,-75.83986667,1.0,11.48,0.894,28.85,0.17,149.0
2018-06-21T04:00:00Z,BUD,Budds_Landing,39.37225,-75.83986667,1.0,11.29,0.941,28.78,0.17,146.4
2018-06-21T04:15:00Z,BUD,Budds_Landing,39.37225,-75.83986667,1.0,11.78,0.994,29.01,0.16,153.4
2018-06-21T04:30:00Z,BUD,Budds_Landing,39.37225,-75.83986667,1.0,11.22,1.042,28.9,0.17,145.8
2018-06-21T04:45:00Z,BUD,Budds_Landing,39.37225,-75.83986667,1.0,11.06,1.088,28.72,0.17,143.2
2018-06-21T05:00:43Z,BUD,Budds_Landing,39.37225,-75.83986667,1.0,10.79,NaN,28.64,0.17,139.5
2018-06-21T05:15:43Z,BUD,Budds_Landing,39.37225,-75.83986667,1.0,10.38,NaN,28.63,0.18,134.3
2018-06-21T05:30:44Z,BUD,Budds_Landing,39.37225,-75.83986667,1.0,10.26,NaN,28.62,0.18,132.7
2018-06-21T05:45:44Z,BUD,Budds_Landing,39.37225,-75.83986667,1.0,10.04,NaN,28.6,0.18,129.8
2018-06-21T06:00:44Z,BUD,Budds_Landing,39.37225,-75.83986667,1.0,9.89,NaN,28.58,0.18,127.7
2018-06-21T06:15:44Z,BUD,Budds_Landing,39.37225,-75.83986667,1.0,9.71,NaN,28.53,0.18,125.4
2018-06-21T06:30:44Z,BUD,Budds_Landing,39.37225,-75.83986667,1.0,9.53,NaN,28.48,0.19,122.9
2018-06-21T06:45:44Z,BUD,Budds_Landing,39.37225,-75.83986667,1.0,9.49,NaN,28.44,0.19,122.3
2018-06-21T07:00:44Z,BUD,Budds_Landing,39.37225,-75.83986667,1.0,9.43,NaN,28.44,0.19,121.5
2018-06-21T07:15:44Z,BUD,Budds_Landing,39.37225,-75.83986667,1.0,9.44,NaN,28.44,0.19,121.7
2018-06-21T07:30:44Z,BUD,Budds_Landing,39.37225,-75.83986667,1.0,9.35,NaN,28.44,0.19,120.5
2018-06-21T07:45:44Z,BUD,Budds_Landing,39.37225,-75.83986667,1.0,9.28,NaN,28.44,0.19,119.6
2018-06-21T08:00:44Z,BUD,Budds_Landing,39.37225,-75.83986667,1.0,9.14,NaN,28.42,0.19,117.8
2018-06-21T08:15:43Z,BUD,Budds_Landing,39.37225,-75.83986667,1.0,9.02,NaN,28.4,0.19,116.1
2018-06-21T08:30:44Z,BUD,Budds_Landing,39.37225,-75.83986667,1.0,8.88,NaN,28.35,0.19,114.3
2018-06-21T08:45:44Z,BUD,Budds_Landing,39.37225,-75.83986667,1.0,8.8,NaN,28.36,0.19,113.2
2018-06-21T09:00:44Z,BUD,Budds_Landing,39.37225,-75.83986667,1.0,8.67,NaN,28.3,0.19,111.5
2018-06-21T09:15:44Z,BUD,Budds_Landing,39.37225,-75.83986667,1.0,8.64,NaN,28.21,0.19,110.9
2018-06-21T09:30:44Z,BUD,Budds_Landing,39.37225,-75.83986667,1.0,8.66,NaN,28.28,0.19,111.3
2018-06-21T09:45:44Z,BUD,Budds_Landing,39.37225,-75.83986667,1.0,8.52,NaN,28.14,0.17,109.2
2018-06-21T10:00:44Z,BUD,Budds_Landing,39.37225,-75.83986667,1.0,8.39,NaN,28.07,0.17,107.4
2018-06-21T10:15:44Z,BUD,Budds_Landing,39.37225,-75.83986667,1.0,8.32,NaN,28.06,0.17,106.4
2018-06-21T10:30:44Z,BUD,Budds_Landing,39.37225,-75.83986667,1.0,8.24,NaN,28.1,0.18,105.6
2018-06-21T10:45:44Z,BUD,Budds_Landing,39.37225,-75.83986667,1.0,8.32,NaN,28.13,0.19,106.7
2018-06-21T11:00:44Z,BUD,Budds_Landing,39.37225,-75.83986667,1.0,8.35,NaN,28.14,0.19,107.0
2018-06-21T11:15:44Z,BUD,Budds_Landing,39.37225,-75.83986667,1.0,8.35,NaN,28.11,0.19,107.0
2018-06-21T11:30:44Z,BUD,Budds_Landing,39.37225,-75.83986667,1.0,8.32,NaN,28.08,0.19,106.5
2018-06-21T11:45:44Z,BUD,Budds_Landing,39.37225,-75.83986667,1.0,8.13,NaN,28.01,0.19,103.9
2018-06-21T12:00:44Z,BUD,Budds_Landing,39.37225,-75.83986667,1.0,8.08,NaN,27.98,0.18,103.3
2018-06-21T12:15:44Z,BUD,Budds_Landing,39.37225,-75.83986667,1.0,8.11,NaN,27.97,0.19,103.7
2018-06-21T12:30:44Z,BUD,Budds_Landing,39.37225,-75.83986667,1.0,7.95,NaN,27.92,0.18,101.5
2018-06-21T12:45:44Z,BUD,Budds_Landing,39.37225,-75.83986667,1.0,7.9,NaN,27.91,0.18,100.9
2018-06-21T13:00:44Z,BUD,Budds_Landing,39.37225,-75.83986667,1.0,8.1,NaN,28.02,0.18,103.6
2018-06-21T13:15:44Z,BUD,Budds_Landing,39.37225,-75.83986667,1.0,7.9,NaN,27.96,0.18,101.0
2018-06-21T13:30:44Z,BUD,Budds_Landing,39.37225,-75.83986667,1.0,7.8,NaN,27.85,0.18,99.5
2018-06-21T13:45:45Z,BUD,Budds_Landing,39.37225,-75.83986667,1.0,7.83,NaN,27.86,0.17,99.9
2018-06-21T14:00:44Z,BUD,Budds_Landing,39.37225,-75.83986667,1.0,8.02,NaN,27.88,0.17,102.3
2018-06-21T14:15:44Z,BUD,Budds_Landing,39.37225,-75.83986667,1.0,7.7,NaN,27.89,0.17,98.3
2018-06-21T14:30:44Z,BUD,Budds_Landing,39.37225,-75.83986667,1.0,7.53,NaN,27.88,0.17,96.0
2018-06-21T14:45:44Z,BUD,Budds_Landing,39.37225,-75.83986667,1.0,7.77,NaN,27.94,0.18,99.3
2018-06-21T15:00:44Z,BUD,Budds_Landing,39.37225,-75.83986667,1.0,7.69,NaN,27.95,0.18,98.3
2018-06-21T15:15:44Z,BUD,Budds_Landing,39.37225,-75.83986667,1.0,7.89,NaN,27.97,0.17,100.8
2018-06-21T15:30:44Z,BUD,Budds_Landing,39.37225,-75.83986667,1.0,8.21,NaN,28.0,0.17,104.9
2018-06-21T15:45:44Z,BUD,Budds_Landing,39.37225,-75.83986667,1.0,8.22,NaN,28.01,0.17,105.2
2018-06-21T16:00:44Z,BUD,Budds_Landing,39.37225,-75.83986667,1.0,8.06,NaN,28.0,0.17,103.0
2018-06-21T16:15:44Z,BUD,Budds_Landing,39.37225,-75.83986667,1.0,8.74,NaN,28.1,0.16,111.9
2018-06-21T16:30:44Z,BUD,Budds_Landing,39.37225,-75.83986667,1.0,9.87,NaN,28.27,0.17,126.9
2018-06-21T16:45:44Z,BUD,Budds_Landing,39.37225,-75.83986667,1.0,9.6,NaN,28.29,0.17,123.4
2018-06-21T17:00:44Z,BUD,Budds_Landing,39.37225,-75.83986667,1.0,10.52,NaN,28.59,0.17,135.9
2018-06-21T17:15:44Z,BUD,Budds_Landing,39.37225,-75.83986667,1.0,10.93,NaN,28.68,0.17,141.4
2018-06-21T17:30:44Z,BUD,Budds_Landing,39.37225,-75.83986667,1.0,10.64,NaN,28.5,0.17,137.2
2018-06-21T17:45:44Z,BUD,Budds_Landing,39.37225,-75.83986667,1.0,10.18,NaN,28.4,0.17,131.1
2018-06-21T18:00:44Z,BUD,Budds_Landing,39.37225,-75.83986667,1.0,9.69,NaN,28.31,0.17,124.6
2018-06-21T18:15:44Z,BUD,Budds_Landing,39.37225,-75.83986667,1.0,9.53,NaN,28.33,0.17,122.6
2018-06-21T18:30:44Z,BUD,Budds_Landing,39.37225,-75.83986667,1.0,9.67,NaN,28.33,0.18,124.4
2018-06-21T18:45:44Z,BUD,Budds_Landing,39.37225,-75.83986667,1.0,9.74,NaN,28.31,0.18,125.2
2018-06-21T19:00:44Z,BUD,Budds_Landing,39.37225,-75.83986667,1.0,9.55,NaN,28.31,0.19,122.8
2018-06-21T19:15:44Z,BUD,Budds_Landing,39.37225,-75.83986667,1.0,9.81,NaN,28.4,0.19,126.3
2018-06-21T19:30:44Z,BUD,Budds_Landing,39.37225,-75.83986667,1.0,9.79,NaN,28.44,0.19,126.1
2018-06-21T19:45:44Z,BUD,Budds_Landing,39.37225,-75.83986667,1.0,9.67,NaN,28.4,0.19,124.5
2018-06-21T20:00:44Z,BUD,Budds_Landing,39.37225,-75.83986667,1.0,9.66,NaN,28.4,0.19,124.5
2018-06-21T20:15:44Z,BUD,Budds_Landing,39.37225,-75.83986667,1.0,10.04,NaN,28.52,0.2,129.6
2018-06-21T20:30:44Z,BUD,Budds_Landing,39.37225,-75.83986667,1.0,10.23,NaN,28.61,0.2,132.2
2018-06-21T20:45:44Z,BUD,Budds_Landing,39.37225,-75.83986667,1.0,9.91,NaN,28.52,0.19,127.9
2018-06-21T21:00:44Z,BUD,Budds_Landing,39.37225,-75.83986667,1.0,8.99,NaN,28.41,0.19,115.8
2018-06-21T21:15:44Z,BUD,Budds_Landing,39.37225,-75.83986667,1.0,9.0,NaN,28.37,0.19,115.8
2018-06-21T21:30:44Z,BUD,Budds_Landing,39.37225,-75.83986667,1.0,8.73,NaN,28.33,0.18,112.2
2018-06-21T21:45:44Z,BUD,Budds_Landing,39.37225,-75.83986667,1.0,8.47,NaN,28.29,0.19,108.9
2018-06-21T22:00:44Z,BUD,Budds_Landing,39.37225,-75.83986667,1.0,8.69,NaN,28.31,0.19,111.7
2018-06-21T22:15:44Z,BUD,Budds_Landing,39.37225,-75.83986667,1.0,8.56,NaN,28.29,0.18,110.0
2018-06-21T22:30:44Z,BUD,Budds_Landing,39.37225,-75.83986667,1.0,8.92,NaN,28.35,0.18,114.8
2018-06-21T22:45:44Z,BUD,Budds_Landing,39.37225,-75.83986667,1.0,10.89,NaN,28.7,0.18,141.0
2018-06-21T23:00:44Z,BUD,Budds_Landing,39.37225,-75.83986667,1.0,11.52,NaN,28.75,0.18,149.2
2018-06-21T23:15:44Z,BUD,Budds_Landing,39.37225,-75.83986667,1.0,11.3,NaN,28.69,0.18,146.3
2018-06-21T23:30:44Z,BUD,Budds_Landing,39.37225,-75.83986667,1.0,11.74,NaN,28.76,0.18,152.1
2018-06-21T23:45:44Z,BUD,Budds_Landing,39.37225,-75.83986667,1.0,12.09,NaN,28.78,0.18,156.7
2018-06-21T05:00:00Z,BUD,Budds_Landing,39.37225,-75.83986667,1.0,10.59,1.133,28.63,0.17,136.9
2018-06-21T05:15:00Z,BUD,Budds_Landing,39.37225,-75.83986667,1.0,10.35,1.171,28.63,0.18,133.8
2018-06-21T05:30:00Z,BUD,Budds_Landing,39.37225,-75.83986667,1.0,10.14,1.199,28.6,0.18,131.0
2018-06-21T05:45:00Z,BUD,Budds_Landing,39.37225,-75.83986667,1.0,9.98,1.226,28.6,0.18,129.0
2018-06-21T06:00:00Z,BUD,Budds_Landing,39.37225,-75.83986667,1.0,9.81,1.254,28.57,0.18,126.7
2018-06-21T06:15:00Z,BUD,Budds_Landing,39.37225,-75.83986667,1.0,9.59,1.283,28.5,0.18,123.7
2018-06-21T06:30:00Z,BUD,Budds_Landing,39.37225,-75.83986667,1.0,9.47,1.311,28.45,0.19,122.1
2018-06-21T06:45:00Z,BUD,Budds_Landing,39.37225,-75.83986667,1.0,9.46,1.342,28.44,0.19,121.9
2018-06-21T07:00:00Z,BUD,Budds_Landing,39.37225,-75.83986667,1.0,9.44,1.373,28.45,0.19,121.6
2018-06-21T07:15:00Z,BUD,Budds_Landing,39.37225,-75.83986667,1.0,9.46,1.401,28.45,0.19,122.0
2018-06-21T07:30:00Z,BUD,Budds_Landing,39.37225,-75.83986667,1.0,9.35,1.429,28.45,0.19,120.5
2018-06-21T07:45:00Z,BUD,Budds_Landing,39.37225,-75.83986667,1.0,9.19,1.453,28.43,0.19,118.3
2018-06-21T08:00:00Z,BUD,Budds_Landing,39.37225,-75.83986667,1.0,9.09,1.469,28.4,0.19,117.1
2018-06-21T08:15:00Z,BUD,Budds_Landing,39.37225,-75.83986667,1.0,9.0,1.481,28.36,0.19,115.8
2018-06-21T08:30:00Z,BUD,Budds_Landing,39.37225,-75.83986667,1.0,8.88,1.487,28.36,0.19,114.3
2018-06-21T08:45:00Z,BUD,Budds_Landing,39.37225,-75.83986667,1.0,8.74,1.464,28.35,0.19,112.4
2018-06-21T09:00:00Z,BUD,Budds_Landing,39.37225,-75.83986667,1.0,8.68,1.457,28.25,0.19,111.5
2018-06-21T09:15:00Z,BUD,Budds_Landing,39.37225,-75.83986667,1.0,8.66,1.445,28.23,0.18,111.2
2018-06-21T09:30:00Z,BUD,Budds_Landing,39.37225,-75.83986667,1.0,8.57,1.428,28.19,0.17,110.0
2018-06-21T09:45:00Z,BUD,Budds_Landing,39.37225,-75.83986667,1.0,8.43,1.407,28.07,0.17,107.9
2018-06-21T10:00:00Z,BUD,Budds_Landing,39.37225,-75.83986667,1.0,8.31,1.388,28.06,0.17,106.4
2018-06-21T10:15:00Z,BUD,Budds_Landing,39.37225,-75.83986667,1.0,8.31,1.363,28.06,0.17,106.3
2018-06-21T10:30:00Z,BUD,Budds_Landing,39.37225,-75.83986667,1.0,8.33,1.336,28.13,0.18,106.8
2018-06-21T10:45:00Z,BUD,Budds_Landing,39.37225,-75.83986667,1.0,8.35,1.306,28.13,0.19,107.0
2018-06-21T11:00:00Z,BUD,Budds_Landing,39.37225,-75.83986667,1.0,8.38,1.275,28.11,0.19,107.4
2018-06-21T11:15:00Z,BUD,Budds_Landing,39.37225,-75.83986667,1.0,8.37,1.242,28.09,0.19,107.2
2018-06-21T11:30:00Z,BUD,Budds_Landing,39.37225,-75.83986667,1.0,8.09,1.207,28.01,0.19,103.4
2018-06-21T11:45:00Z,BUD,Budds_Landing,39.37225,-75.83986667,1.0,7.96,1.173,27.95,0.18,101.8
2018-06-21T12:00:00Z,BUD,Budds_Landing,39.37225,-75.83986667,1.0,7.96,1.133,27.9,0.18,101.6
2018-06-21T12:15:00Z,BUD,Budds_Landing,39.37225,-75.83986667,1.0,7.89,1.101,27.88,0.18,100.7
2018-06-21T12:30:00Z,BUD,Budds_Landing,39.37225,-75.83986667,1.0,8.07,1.07,27.91,0.18,103.1
2018-06-21T12:45:00Z,BUD,Budds_Landing,39.37225,-75.83986667,1.0,7.85,1.04,27.9,0.18,100.2
2018-06-21T13:00:00Z,BUD,Budds_Landing,39.37225,-75.83986667,1.0,7.98,1.01,28.02,0.17,102.1
2018-06-21T13:15:00Z,BUD,Budds_Landing,39.37225,-75.83986667,1.0,8.29,0.979,28.02,0.17,106.0
2018-06-21T13:30:00Z,BUD,Budds_Landing,39.37225,-75.83986667,1.0,7.72,0.95,27.85,0.18,98.5
2018-06-21T13:45:00Z,BUD,Budds_Landing,39.37225,-75.83986667,1.0,7.93,0.919,27.85,0.17,101.1
2018-06-21T14:00:00Z,BUD,Budds_Landing,39.37225,-75.83986667,1.0,7.66,0.895,27.89,0.17,97.8
2018-06-21T14:15:00Z,BUD,Budds_Landing,39.37225,-75.83986667,1.0,7.71,0.874,27.89,0.17,98.4
2018-06-21T14:30:00Z,BUD,Budds_Landing,39.37225,-75.83986667,1.0,7.97,0.862,27.93,0.17,101.8
2018-06-21T14:45:00Z,BUD,Budds_Landing,39.37225,-75.83986667,1.0,7.78,0.857,27.95,0.18,99.4
2018-06-21T15:00:00Z,BUD,Budds_Landing,39.37225,-75.83986667,1.0,7.67,0.851,27.95,0.18,97.9
2018-06-21T15:15:00Z,BUD,Budds_Landing,39.37225,-75.83986667,1.0,7.94,0.847,27.96,0.17,101.5
2018-06-21T15:30:00Z,BUD,Budds_Landing,39.37225,-75.83986667,1.0,8.33,0.85,28.02,0.17,106.5
2018-06-21T15:45:00Z,BUD,Budds_Landing,39.37225,-75.83986667,1.0,8.36,0.865,28.05,0.17,107.0
2018-06-21T16:00:00Z,BUD,Budds_Landing,39.37225,-75.83986667,1.0,8.2,0.886,28.01,0.16,104.8
2018-06-21T16:15:00Z,BUD,Budds_Landing,39.37225,-75.83986667,1.0,9.13,0.917,28.18,0.16,117.1
2018-06-21T16:30:00Z,BUD,Budds_Landing,39.37225,-75.83986667,1.0,9.96,0.955,28.33,0.17,128.1
2018-06-21T16:45:00Z,BUD,Budds_Landing,39.37225,-75.83986667,1.0,10.5,0.991,28.46,0.17,135.4
2018-06-21T17:00:00Z,BUD,Budds_Landing,39.37225,-75.83986667,1.0,10.62,1.028,28.68,0.17,137.4
2018-06-21T17:15:00Z,BUD,Budds_Landing,39.37225,-75.83986667,1.0,11.24,1.063,28.62,0.17,145.3
2018-06-21T17:30:00Z,BUD,Budds_Landing,39.37225,-75.83986667,1.0,10.29,1.093,28.48,0.17,132.7
2018-06-21T17:45:00Z,BUD,Budds_Landing,39.37225,-75.83986667,1.0,10.02,1.125,28.38,0.17,128.9
2018-06-21T18:00:00Z,BUD,Budds_Landing,39.37225,-75.83986667,1.0,9.44,1.153,28.32,0.17,121.3
2018-06-21T18:15:00Z,BUD,Budds_Landing,39.37225,-75.83986667,1.0,9.43,1.182,28.32,0.17,121.3
2018-06-21T18:30:00Z,BUD,Budds_Landing,39.37225,-75.83986667,1.0,9.63,1.211,28.33,0.18,123.9
2018-06-21T18:45:00Z,BUD,Budds_Landing,39.37225,-75.83986667,1.0,9.59,1.236,28.35,0.19,123.5
2018-06-21T19:00:00Z,BUD,Budds_Landing,39.37225,-75.83986667,1.0,9.56,1.259,28.34,0.19,123.0
2018-06-21T19:15:00Z,BUD,Budds_Landing,39.37225,-75.83986667,1.0,9.83,1.283,28.42,0.19,126.6
2018-06-21T19:30:00Z,BUD,Budds_Landing,39.37225,-75.83986667,1.0,9.75,1.304,28.42,0.19,125.6
2018-06-21T19:45:00Z,BUD,Budds_Landing,39.37225,-75.83986667,1.0,9.53,1.323,28.38,0.19,122.7
2018-06-21T20:00:00Z,BUD,Budds_Landing,39.37225,-75.83986667,1.0,10.11,1.334,28.54,0.2,130.5
2018-06-21T20:15:00Z,BUD,Budds_Landing,39.37225,-75.83986667,1.0,9.91,1.342,28.52,0.2,127.9
2018-06-21T20:30:00Z,BUD,Budds_Landing,39.37225,-75.83986667,1.0,9.68,1.343,28.57,0.19,125.1
2018-06-21T20:45:00Z,BUD,Budds_Landing,39.37225,-75.83986667,1.0,9.57,1.337,28.51,0.19,123.4
2018-06-21T21:00:00Z,BUD,Budds_Landing,39.37225,-75.83986667,1.0,9.02,1.325,28.37,0.19,116.1
2018-06-21T21:15:00Z,BUD,Budds_Landing,39.37225,-75.83986667,1.0,8.89,1.313,28.33,0.19,114.3
2018-06-21T21:30:00Z,BUD,Budds_Landing,39.37225,-75.83986667,1.0,8.71,1.296,28.3,0.18,111.9
2018-06-21T21:45:00Z,BUD,Budds_Landing,39.37225,-75.83986667,1.0,8.43,1.279,28.29,0.19,108.4
2018-06-21T22:00:00Z,BUD,Budds_Landing,39.37225,-75.83986667,1.0,8.84,1.261,28.32,0.19,113.6
2018-06-21T22:15:00Z,BUD,Budds_Landing,39.37225,-75.83986667,1.0,8.83,1.241,28.34,0.18,113.5
2018-06-21T22:30:00Z,BUD,Budds_Landing,39.37225,-75.83986667,1.0,10.06,1.212,28.63,0.18,130.1
2018-06-21T22:45:00Z,BUD,Budds_Landing,39.37225,-75.83986667,1.0,11.53,1.18,28.78,0.18,149.5
2018-06-21T23:00:00Z,BUD,Budds_Landing,39.37225,-75.83986667,1.0,11.11,1.146,28.67,0.18,143.7
2018-06-21T23:15:00Z,BUD,Budds_Landing,39.37225,-75.83986667,1.0,11.93,1.113,28.79,0.18,154.6
2018-06-21T23:30:00Z,BUD,Budds_Landing,39.37225,-75.83986667,1.0,12.17,1.079,28.8,0.18,157.8
2018-06-21T23:45:00Z,BUD,Budds_Landing,39.37225,-75.83986667,1.0,11.48,1.045,28.73,0.18,148.7
2018-06-22T00:00:44Z,BUD,Budds_Landing,39.37225,-75.83986667,1.0,12.31,NaN,28.82,0.18,159.7
2018-06-22T00:15:44Z,BUD,Budds_Landing,39.37225,-75.83986667,1.0,12.66,NaN,28.8,0.17,164.2
2018-06-22T00:30:44Z,BUD,Budds_Landing,39.37225,-75.83986667,1.0,12.2,NaN,28.73,0.17,158.0
2018-06-22T00:45:44Z,BUD,Budds_Landing,39.37225,-75.83986667,1.0,12.05,NaN,28.68,0.17,155.9
2018-06-22T01:00:44Z,BUD,Budds_Landing,39.37225,-75.83986667,1.0,11.55,NaN,28.63,0.17,149.3
2018-06-22T01:15:44Z,BUD,Budds_Landing,39.37225,-75.83986667,1.0,11.78,NaN,28.61,0.17,152.2
2018-06-22T01:30:44Z,BUD,Budds_Landing,39.37225,-75.83986667,1.0,11.42,NaN,28.63,0.17,147.7
2018-06-22T01:45:44Z,BUD,Budds_Landing,39.37225,-75.83986667,1.0,11.23,NaN,28.48,0.17,144.8
2018-06-22T02:00:44Z,BUD,Budds_Landing,39.37225,-75.83986667,1.0,11.05,NaN,28.41,0.16,142.3
2018-06-22T02:15:44Z,BUD,Budds_Landing,39.37225,-75.83986667,1.0,11.19,NaN,28.38,0.16,144.1
2018-06-22T02:30:44Z,BUD,Budds_Landing,39.37225,-75.83986667,1.0,11.09,NaN,28.34,0.16,142.6
2018-06-22T02:45:44Z,BUD,Budds_Landing,39.37225,-75.83986667,1.0,10.76,NaN,28.27,0.16,138.3
2018-06-22T03:00:44Z,BUD,Budds_Landing,39.37225,-75.83986667,1.0,10.77,NaN,28.25,0.16,138.3
2018-06-22T03:15:44Z,BUD,Budds_Landing,39.37225,-75.83986667,1.0,10.62,NaN,28.24,0.16,136.4
2018-06-22T03:30:44Z,BUD,Budds_Landing,39.37225,-75.83986667,1.0,10.7,NaN,28.19,0.16,137.2
2018-06-22T03:45:44Z,BUD,Budds_Landing,39.37225,-75.83986667,1.0,10.5,NaN,28.18,0.16,134.6
2018-06-22T04:00:44Z,BUD,Budds_Landing,39.37225,-75.83986667,1.0,10.37,NaN,28.14,0.16,132.9
2018-06-22T04:15:44Z,BUD,Budds_Landing,39.37225,-75.83986667,1.0,10.39,NaN,28.1,0.15,133.1
2018-06-22T04:30:44Z,BUD,Budds_Landing,39.37225,-75.83986667,1.0,9.91,NaN,28.15,0.17,127.1
2018-06-22T04:45:44Z,BUD,Budds_Landing,39.37225,-75.83986667,1.0,10.22,NaN,28.0,0.17,130.7
2018-06-22T00:00:00Z,BUD,Budds_Landing,39.37225,-75.83986667,1.0,12.52,1.012,28.82,0.18,162.4
2018-06-22T00:15:00Z,BUD,Budds_Landing,39.37225,-75.83986667,1.0,12.36,0.982,28.74,0.17,160.1
2018-06-22T00:30:00Z,BUD,Budds_Landing,39.37225,-75.83986667,1.0,12.2,0.961,28.75,0.17,158.1
2018-06-22T00:45:00Z,BUD,Budds_Landing,39.37225,-75.83986667,1.0,11.89,0.942,28.66,0.17,153.8
2018-06-22T01:00:00Z,BUD,Budds_Landing,39.37225,-75.83986667,1.0,11.64,0.925,28.57,0.17,150.3
2018-06-22T01:15:00Z,BUD,Budds_Landing,39.37225,-75.83986667,1.0,11.54,0.906,28.61,0.17,149.2
2018-06-22T01:30:00Z,BUD,Budds_Landing,39.37225,-75.83986667,1.0,11.57,0.88,28.63,0.17,149.6
2018-06-22T01:45:00Z,BUD,Budds_Landing,39.37225,-75.83986667,1.0,11.04,0.85,28.42,0.16,142.2
2018-06-22T02:00:00Z,BUD,Budds_Landing,39.37225,-75.83986667,1.0,11.29,0.818,28.43,0.16,145.5
2018-06-22T02:15:00Z,BUD,Budds_Landing,39.37225,-75.83986667,1.0,11.23,0.791,28.37,0.16,144.5
2018-06-22T02:30:00Z,BUD,Budds_Landing,39.37225,-75.83986667,1.0,11.17,0.776,28.31,0.16,143.6
2018-06-22T02:45:00Z,BUD,Budds_Landing,39.37225,-75.83986667,1.0,10.94,0.768,28.27,0.16,140.5
2018-06-22T03:00:00Z,BUD,Budds_Landing,39.37225,-75.83986667,1.0,10.63,0.761,28.23,0.16,136.5
2018-06-22T03:15:00Z,BUD,Budds_Landing,39.37225,-75.83986667,1.0,10.69,0.764,28.25,0.16,137.2
2018-06-22T03:30:00Z,BUD,Budds_Landing,39.37225,-75.83986667,1.0,10.52,0.768,28.19,0.16,135.0
2018-06-22T03:45:00Z,BUD,Budds_Landing,39.37225,-75.83986667,1.0,10.45,0.785,28.14,0.16,133.9
2018-06-22T04:00:00Z,BUD,Budds_Landing,39.37225,-75.83986667,1.0,10.37,0.808,28.12,0.16,132.9
2018-06-22T04:15:00Z,BUD,Budds_Landing,39.37225,-75.83986667,1.0,10.29,0.84,28.1,0.16,131.8
2018-06-22T04:30:00Z,BUD,Budds_Landing,39.37225,-75.83986667,1.0,10.24,0.874,28.08,0.16,131.1
2018-06-22T04:45:00Z,BUD,Budds_Landing,39.37225,-75.83986667,1.0,9.65,0.927,27.84,0.18,123.1
2018-06-22T05:00:44Z,BUD,Budds_Landing,39.37225,-75.83986667,1.0,9.68,NaN,27.83,0.18,123.4
2018-06-22T05:15:44Z,BUD,Budds_Landing,39.37225,-75.83986667,1.0,9.46,NaN,27.76,0.18,120.4
2018-06-22T05:30:44Z,BUD,Budds_Landing,39.37225,-75.83986667,1.0,9.49,NaN,27.78,0.17,120.8
2018-06-22T05:45:44Z,BUD,Budds_Landing,39.37225,-75.83986667,1.0,9.47,NaN,27.78,0.17,120.6
2018-06-22T06:00:44Z,BUD,Budds_Landing,39.37225,-75.83986667,1.0,9.41,NaN,27.79,0.18,119.9
2018-06-22T06:15:44Z,BUD,Budds_Landing,39.37225,-75.83986667,1.0,9.3,NaN,27.81,0.18,118.5
2018-06-22T06:30:44Z,BUD,Budds_Landing,39.37225,-75.83986667,1.0,9.11,NaN,27.86,0.18,116.2
2018-06-22T06:45:44Z,BUD,Budds_Landing,39.37225,-75.83986667,1.0,9.06,NaN,27.89,0.19,115.7
2018-06-22T07:00:44Z,BUD,Budds_Landing,39.37225,-75.83986667,1.0,8.95,NaN,27.85,0.19,114.1
2018-06-22T07:15:44Z,BUD,Budds_Landing,39.37225,-75.83986667,1.0,8.76,NaN,27.81,0.19,111.7
2018-06-22T07:30:44Z,BUD,Budds_Landing,39.37225,-75.83986667,1.0,8.71,NaN,27.8,0.19,111.0
2018-06-22T07:45:44Z,BUD,Budds_Landing,39.37225,-75.83986667,1.0,8.7,NaN,27.8,0.19,110.9
2018-06-22T08:00:44Z,BUD,Budds_Landing,39.37225,-75.83986667,1.0,8.65,NaN,27.82,0.19,110.3
2018-06-22T08:15:44Z,BUD,Budds_Landing,39.37225,-75.83986667,1.0,8.55,NaN,27.81,0.19,109.0
2018-06-22T08:30:44Z,BUD,Budds_Landing,39.37225,-75.83986667,1.0,8.45,NaN,27.82,0.2,107.7
2018-06-22T08:45:44Z,BUD,Budds_Landing,39.37225,-75.83986667,1.0,8.3,NaN,27.8,0.2,105.8
2018-06-22T09:00:44Z,BUD,Budds_Landing,39.37225,-75.83986667,1.0,8.24,NaN,27.78,0.2,105.0
2018-06-22T09:15:44Z,BUD,Budds_Landing,39.37225,-75.83986667,1.0,8.14,NaN,27.77,0.2,103.6
2018-06-22T09:30:44Z,BUD,Budds_Landing,39.37225,-75.83986667,1.0,7.9,NaN,27.74,0.2,100.6
2018-06-22T09:45:44Z,BUD,Budds_Landing,39.37225,-75.83986667,1.0,7.71,NaN,27.74,0.2,98.1
2018-06-22T10:00:44Z,BUD,Budds_Landing,39.37225,-75.83986667,1.0,7.47,NaN,27.72,0.2,95.0
2018-06-22T10:15:44Z,BUD,Budds_Landing,39.37225,-75.83986667,1.0,7.36,NaN,27.69,0.2,93.6
2018-06-22T10:30:44Z,BUD,Budds_Landing,39.37225,-75.83986667,1.0,7.41,NaN,27.53,0.19,93.9
2018-06-22T10:45:44Z,BUD,Budds_Landing,39.37225,-75.83986667,1.0,7.14,NaN,27.44,0.19,90.4
2018-06-22T11:00:44Z,BUD,Budds_Landing,39.37225,-75.83986667,1.0,7.22,NaN,27.36,0.19,91.3
2018-06-22T11:15:44Z,BUD,Budds_Landing,39.37225,-75.83986667,1.0,7.67,NaN,27.36,0.19,97.0
2018-06-22T11:30:44Z,BUD,Budds_Landing,39.37225,-75.83986667,1.0,7.62,NaN,27.4,0.19,96.4
2018-06-22T11:45:44Z,BUD,Budds_Landing,39.37225,-75.83986667,1.0,7.64,NaN,27.42,0.19,96.7
2018-06-22T12:00:44Z,BUD,Budds_Landing,39.37225,-75.83986667,1.0,7.63,NaN,27.38,0.19,96.6
2018-06-22T12:15:44Z,BUD,Budds_Landing,39.37225,-75.83986667,1.0,7.66,NaN,27.32,0.19,96.7
2018-06-22T12:30:44Z,BUD,Budds_Landing,39.37225,-75.83986667,1.0,7.57,NaN,27.23,0.19,95.5
2018-06-22T12:45:44Z,BUD,Budds_Landing,39.37225,-75.83986667,1.0,7.71,NaN,27.21,0.19,97.2
2018-06-22T13:00:44Z,BUD,Budds_Landing,39.37225,-75.83986667,1.0,7.93,NaN,27.17,0.19,99.9
2018-06-22T13:15:44Z,BUD,Budds_Landing,39.37225,-75.83986667,1.0,7.78,NaN,27.09,0.19,97.9
2018-06-22T13:30:44Z,BUD,Budds_Landing,39.37225,-75.83986667,1.0,7.75,NaN,27.08,0.19,97.5
2018-06-22T13:45:44Z,BUD,Budds_Landing,39.37225,-75.83986667,1.0,7.89,NaN,27.06,0.19,99.2
2018-06-22T14:00:44Z,BUD,Budds_Landing,39.37225,-75.83986667,1.0,8.28,NaN,26.94,0.18,103.9
2018-06-22T14:15:44Z,BUD,Budds_Landing,39.37225,-75.83986667,1.0,8.18,NaN,26.92,0.18,102.6
2018-06-22T14:30:44Z,BUD,Budds_Landing,39.37225,-75.83986667,1.0,8.36,NaN,26.87,0.18,104.8
2018-06-22T14:45:44Z,BUD,Budds_Landing,39.37225,-75.83986667,1.0,8.61,NaN,26.71,0.17,107.5
2018-06-22T15:00:44Z,BUD,Budds_Landing,39.37225,-75.83986667,1.0,8.47,NaN,26.74,0.18,106.0
2018-06-22T15:15:44Z,BUD,Budds_Landing,39.37225,-75.83986667,1.0,8.52,NaN,26.73,0.17,106.5
2018-06-22T15:30:44Z,BUD,Budds_Landing,39.37225,-75.83986667,1.0,8.57,NaN,26.73,0.17,107.1
2018-06-22T15:45:44Z,BUD,Budds_Landing,39.37225,-75.83986667,1.0,8.56,NaN,26.68,0.17,106.9
2018-06-22T16:00:44Z,BUD,Budds_Landing,39.37225,-75.83986667,1.0,8.58,NaN,26.67,0.17,107.1
2018-06-22T16:15:44Z,BUD,Budds_Landing,39.37225,-75.83986667,1.0,8.36,NaN,26.55,0.16,104.1
2018-06-22T16:30:44Z,BUD,Budds_Landing,39.37225,-75.83986667,1.0,8.49,NaN,26.52,0.16,105.8
2018-06-22T16:45:45Z,BUD,Budds_Landing,39.37225,-75.83986667,1.0,8.53,NaN,26.49,0.16,106.2
2018-06-22T17:00:44Z,BUD,Budds_Landing,39.37225,-75.83986667,1.0,8.85,NaN,26.46,0.16,110.1
2018-06-22T17:15:44Z,BUD,Budds_Landing,39.37225,-75.83986667,1.0,8.75,NaN,26.5,0.16,109.0
2018-06-22T17:30:44Z,BUD,Budds_Landing,39.37225,-75.83986667,1.0,8.97,NaN,26.72,0.17,112.1
2018-06-22T17:45:44Z,BUD,Budds_Landing,39.37225,-75.83986667,1.0,9.14,NaN,26.96,0.19,114.7
2018-06-22T18:00:44Z,BUD,Budds_Landing,39.37225,-75.83986667,1.0,9.47,NaN,26.96,0.19,118.8
2018-06-22T18:15:45Z,BUD,Budds_Landing,39.37225,-75.83986667,1.0,9.82,NaN,26.73,0.18,122.8
2018-06-22T18:30:44Z,BUD,Budds_Landing,39.37225,-75.83986667,1.0,9.77,NaN,26.71,0.17,122.1
2018-06-22T18:45:45Z,BUD,Budds_Landing,39.37225,-75.83986667,1.0,9.91,NaN,26.68,0.17,123.7
2018-06-22T19:00:45Z,BUD,Budds_Landing,39.37225,-75.83986667,1.0,9.78,NaN,26.71,0.18,122.2
2018-06-22T19:15:44Z,BUD,Budds_Landing,39.37225,-75.83986667,1.0,9.54,NaN,26.73,0.19,119.2
2018-06-22T19:30:44Z,BUD,Budds_Landing,39.37225,-75.83986667,1.0,9.13,NaN,26.77,0.19,114.2
2018-06-22T19:45:44Z,BUD,Budds_Landing,39.37225,-75.83986667,1.0,8.82,NaN,26.85,0.2,110.5
2018-06-22T20:00:45Z,BUD,Budds_Landing,39.37225,-75.83986667,1.0,8.88,NaN,26.8,0.2,111.2
2018-06-22T20:15:44Z,BUD,Budds_Landing,39.37225,-75.83986667,1.0,8.88,NaN,26.74,0.2,111.0
2018-06-22T20:30:44Z,BUD,Budds_Landing,39.37225,-75.83986667,1.0,8.86,NaN,26.78,0.2,110.8
2018-06-22T20:45:45Z,BUD,Budds_Landing,39.37225,-75.83986667,1.0,8.83,NaN,26.8,0.2,110.5
2018-06-22T21:00:45Z,BUD,Budds_Landing,39.37225,-75.83986667,1.0,8.88,NaN,26.76,0.2,111.1
2018-06-22T21:15:45Z,BUD,Budds_Landing,39.37225,-75.83986667,1.0,8.99,NaN,26.71,0.21,112.3
2018-06-22T21:30:45Z,BUD,Budds_Landing,39.37225,-75.83986667,1.0,8.87,NaN,26.66,0.21,110.8
2018-06-22T21:45:44Z,BUD,Budds_Landing,39.37225,-75.83986667,1.0,8.83,NaN,26.62,0.21,110.2
2018-06-22T22:00:44Z,BUD,Budds_Landing,39.37225,-75.83986667,1.0,8.6,NaN,26.66,0.21,107.4
2018-06-22T22:15:45Z,BUD,Budds_Landing,39.37225,-75.83986667,1.0,8.39,NaN,26.67,0.21,104.8
2018-06-22T22:30:45Z,BUD,Budds_Landing,39.37225,-75.83986667,1.0,8.38,NaN,26.6,0.21,104.5
2018-06-22T22:45:45Z,BUD,Budds_Landing,39.37225,-75.83986667,1.0,8.75,NaN,26.47,0.2,108.9
2018-06-22T23:00:45Z,BUD,Budds_Landing,39.37225,-75.83986667,1.0,9.55,NaN,26.21,0.19,118.2
2018-06-22T23:15:44Z,BUD,Budds_Landing,39.37225,-75.83986667,1.0,9.49,NaN,26.03,0.18,117.2
2018-06-22T23:30:44Z,BUD,Budds_Landing,39.37225,-75.83986667,1.0,9.33,NaN,26.03,0.18,115.2
2018-06-22T23:45:44Z,BUD,Budds_Landing,39.37225,-75.83986667,1.0,9.37,NaN,25.98,0.18,115.6
2018-06-22T05:00:00Z,BUD,Budds_Landing,39.37225,-75.83986667,1.0,9.52,0.981,27.77,0.18,121.2
2018-06-22T05:15:00Z,BUD,Budds_Landing,39.37225,-75.83986667,1.0,9.52,1.034,27.78,0.17,121.2
2018-06-22T05:30:00Z,BUD,Budds_Landing,39.37225,-75.83986667,1.0,9.48,1.082,27.79,0.17,120.7
2018-06-22T05:45:00Z,BUD,Budds_Landing,39.37225,-75.83986667,1.0,9.39,1.127,27.79,0.18,119.6
2018-06-22T06:00:00Z,BUD,Budds_Landing,39.37225,-75.83986667,1.0,9.41,1.169,27.79,0.18,119.8
2018-06-22T06:15:00Z,BUD,Budds_Landing,39.37225,-75.83986667,1.0,9.18,1.21,27.8,0.18,117.0
2018-06-22T06:30:00Z,BUD,Budds_Landing,39.37225,-75.83986667,1.0,9.05,1.247,27.87,0.18,115.5
2018-06-22T06:45:00Z,BUD,Budds_Landing,39.37225,-75.83986667,1.0,8.96,1.284,27.84,0.19,114.3
2018-06-22T07:00:00Z,BUD,Budds_Landing,39.37225,-75.83986667,1.0,8.85,1.322,27.81,0.19,112.8
2018-06-22T07:15:00Z,BUD,Budds_Landing,39.37225,-75.83986667,1.0,8.76,1.36,27.8,0.19,111.7
2018-06-22T07:30:00Z,BUD,Budds_Landing,39.37225,-75.83986667,1.0,8.73,1.398,27.8,0.19,111.2
2018-06-22T07:45:00Z,BUD,Budds_Landing,39.37225,-75.83986667,1.0,8.67,1.435,27.81,0.19,110.5
2018-06-22T08:00:00Z,BUD,Budds_Landing,39.37225,-75.83986667,1.0,8.61,1.471,27.83,0.19,109.8
2018-06-22T08:15:00Z,BUD,Budds_Landing,39.37225,-75.83986667,1.0,8.53,1.503,27.83,0.2,108.8
2018-06-22T08:30:00Z,BUD,Budds_Landing,39.37225,-75.83986667,1.0,8.39,1.53,27.81,0.2,106.9
2018-06-22T08:45:00Z,BUD,Budds_Landing,39.37225,-75.83986667,1.0,8.26,1.55,27.79,0.2,105.2
2018-06-22T09:00:00Z,BUD,Budds_Landing,39.37225,-75.83986667,1.0,8.19,1.563,27.78,0.2,104.3
2018-06-22T09:15:00Z,BUD,Budds_Landing,39.37225,-75.83986667,1.0,8.07,1.571,27.76,0.2,102.7
2018-06-22T09:30:00Z,BUD,Budds_Landing,39.37225,-75.83986667,1.0,7.81,1.571,27.74,0.2,99.5
2018-06-22T09:45:00Z,BUD,Budds_Landing,39.37225,-75.83986667,1.0,7.65,1.57,27.73,0.2,97.3
2018-06-22T10:00:00Z,BUD,Budds_Landing,39.37225,-75.83986667,1.0,7.53,1.566,27.71,0.2,95.8
2018-06-22T10:15:00Z,BUD,Budds_Landing,39.37225,-75.83986667,1.0,7.35,1.561,27.63,0.2,93.3
2018-06-22T10:30:00Z,BUD,Budds_Landing,39.37225,-75.83986667,1.0,7.36,1.549,27.5,0.19,93.3
2018-06-22T10:45:00Z,BUD,Budds_Landing,39.37225,-75.83986667,1.0,7.27,1.529,27.4,0.19,92.0
2018-06-22T11:00:00Z,BUD,Budds_Landing,39.37225,-75.83986667,1.0,7.55,1.505,27.39,0.19,95.6
2018-06-22T11:15:00Z,BUD,Budds_Landing,39.37225,-75.83986667,1.0,7.44,1.474,27.35,0.19,94.1
2018-06-22T11:30:00Z,BUD,Budds_Landing,39.37225,-75.83986667,1.0,7.64,1.438,27.4,0.19,96.7
2018-06-22T11:45:00Z,BUD,Budds_Landing,39.37225,-75.83986667,1.0,7.68,1.402,27.41,0.19,97.2
2018-06-22T12:00:00Z,BUD,Budds_Landing,39.37225,-75.83986667,1.0,7.61,1.365,27.3,0.19,96.1
2018-06-22T12:15:00Z,BUD,Budds_Landing,39.37225,-75.83986667,1.0,7.58,1.328,27.26,0.19,95.6
2018-06-22T12:30:00Z,BUD,Budds_Landing,39.37225,-75.83986667,1.0,7.7,1.287,27.23,0.19,97.1
2018-06-22T12:45:00Z,BUD,Budds_Landing,39.37225,-75.83986667,1.0,7.74,1.235,27.15,0.19,97.5
2018-06-22T13:00:00Z,BUD,Budds_Landing,39.37225,-75.83986667,1.0,7.74,1.202,27.1,0.19,97.4
2018-06-22T13:15:00Z,BUD,Budds_Landing,39.37225,-75.83986667,1.0,7.75,1.17,27.1,0.19,97.6
2018-06-22T13:30:00Z,BUD,Budds_Landing,39.37225,-75.83986667,1.0,7.78,1.139,27.06,0.19,97.9
2018-06-22T13:45:00Z,BUD,Budds_Landing,39.37225,-75.83986667,1.0,8.26,1.108,26.99,0.17,103.8
2018-06-22T14:00:00Z,BUD,Budds_Landing,39.37225,-75.83986667,1.0,8.3,1.077,26.87,0.18,104.1
2018-06-22T14:15:00Z,BUD,Budds_Landing,39.37225,-75.83986667,1.0,8.17,1.039,26.9,0.18,102.5
2018-06-22T14:30:00Z,BUD,Budds_Landing,39.37225,-75.83986667,1.0,8.64,1.01,26.76,0.17,108.0
2018-06-22T14:45:00Z,BUD,Budds_Landing,39.37225,-75.83986667,1.0,8.49,0.983,26.7,0.17,106.1
2018-06-22T15:00:00Z,BUD,Budds_Landing,39.37225,-75.83986667,1.0,8.53,0.968,26.78,0.18,106.7
2018-06-22T15:15:00Z,BUD,Budds_Landing,39.37225,-75.83986667,1.0,8.61,0.955,26.75,0.17,107.6
2018-06-22T15:30:00Z,BUD,Budds_Landing,39.37225,-75.83986667,1.0,8.56,0.945,26.72,0.17,107.0
2018-06-22T15:45:00Z,BUD,Budds_Landing,39.37225,-75.83986667,1.0,8.56,0.941,26.67,0.17,106.9
2018-06-22T16:00:00Z,BUD,Budds_Landing,39.37225,-75.83986667,1.0,8.47,0.943,26.61,0.17,105.7
2018-06-22T16:15:00Z,BUD,Budds_Landing,39.37225,-75.83986667,1.0,8.47,0.947,26.54,0.16,105.6
2018-06-22T16:30:00Z,BUD,Budds_Landing,39.37225,-75.83986667,1.0,8.52,0.949,26.48,0.16,106.0
2018-06-22T16:45:00Z,BUD,Budds_Landing,39.37225,-75.83986667,1.0,8.67,0.961,26.51,0.16,107.9
2018-06-22T17:00:00Z,BUD,Budds_Landing,39.37225,-75.83986667,1.0,8.92,0.982,26.45,0.16,111.0
2018-06-22T17:15:00Z,BUD,Budds_Landing,39.37225,-75.83986667,1.0,8.88,1.016,26.54,0.16,110.6
2018-06-22T17:30:00Z,BUD,Budds_Landing,39.37225,-75.83986667,1.0,9.05,1.057,26.86,0.18,113.4
2018-06-22T17:45:00Z,BUD,Budds_Landing,39.37225,-75.83986667,1.0,9.33,1.101,26.97,0.19,117.1
2018-06-22T18:00:00Z,BUD,Budds_Landing,39.37225,-75.83986667,1.0,9.43,1.146,26.85,0.19,118.1
2018-06-22T18:15:00Z,BUD,Budds_Landing,39.37225,-75.83986667,1.0,9.79,1.19,26.72,0.17,122.4
2018-06-22T18:30:00Z,BUD,Budds_Landing,39.37225,-75.83986667,1.0,9.81,1.237,26.71,0.17,122.5
2018-06-22T18:45:00Z,BUD,Budds_Landing,39.37225,-75.83986667,1.0,9.85,1.285,26.72,0.18,123.1
2018-06-22T19:00:00Z,BUD,Budds_Landing,39.37225,-75.83986667,1.0,9.64,1.322,26.73,0.18,120.5
2018-06-22T19:15:00Z,BUD,Budds_Landing,39.37225,-75.83986667,1.0,9.4,1.355,26.75,0.19,117.6
2018-06-22T19:30:00Z,BUD,Budds_Landing,39.37225,-75.83986667,1.0,9.06,1.378,26.79,0.2,113.4
2018-06-22T19:45:00Z,BUD,Budds_Landing,39.37225,-75.83986667,1.0,8.87,1.395,26.8,0.2,111.1
2018-06-22T20:00:00Z,BUD,Budds_Landing,39.37225,-75.83986667,1.0,8.9,1.411,26.75,0.2,111.3
2018-06-22T20:15:00Z,BUD,Budds_Landing,39.37225,-75.83986667,1.0,8.85,1.428,26.77,0.2,110.8
2018-06-22T20:30:00Z,BUD,Budds_Landing,39.37225,-75.83986667,1.0,8.85,1.452,26.8,0.2,110.8
2018-06-22T20:45:00Z,BUD,Budds_Landing,39.37225,-75.83986667,1.0,8.8,1.485,26.78,0.2,110.1
2018-06-22T21:00:00Z,BUD,Budds_Landing,39.37225,-75.83986667,1.0,8.97,1.514,26.74,0.2,112.2
2018-06-22T21:15:00Z,BUD,Budds_Landing,39.37225,-75.83986667,1.0,8.91,1.538,26.68,0.21,111.3
2018-06-22T21:30:00Z,BUD,Budds_Landing,39.37225,-75.83986667,1.0,8.86,1.573,26.65,0.21,110.6
2018-06-22T21:45:00Z,BUD,Budds_Landing,39.37225,-75.83986667,1.0,8.78,1.605,26.62,0.21,109.5
2018-06-22T22:00:00Z,BUD,Budds_Landing,39.37225,-75.83986667,1.0,8.47,1.625,26.66,0.21,105.8
2018-06-22T22:15:00Z,BUD,Budds_Landing,39.37225,-75.83986667,1.0,8.39,1.626,26.64,0.21,104.7
2018-06-22T22:30:00Z,BUD,Budds_Landing,39.37225,-75.83986667,1.0,8.71,1.608,26.43,0.2,108.3
2018-06-22T22:45:00Z,BUD,Budds_Landing,39.37225,-75.83986667,1.0,9.39,1.567,26.29,0.19,116.4
2018-06-22T23:00:00Z,BUD,Budds_Landing,39.37225,-75.83986667,1.0,9.64,1.518,26.12,0.18,119.2
2018-06-22T23:15:00Z,BUD,Budds_Landing,39.37225,-75.83986667,1.0,9.46,1.478,26.02,0.18,116.8
2018-06-22T23:30:00Z,BUD,Budds_Landing,39.37225,-75.83986667,1.0,9.36,1.428,26.07,0.18,115.6
2018-06-22T23:45:00Z,BUD,Budds_Landing,39.37225,-75.83986667,1.0,9.03,1.38,26.12,0.19,111.7
2018-06-23T00:00:45Z,BUD,Budds_Landing,39.37225,-75.83986667,1.0,9.1,NaN,26.07,0.19,112.4
2018-06-23T00:15:44Z,BUD,Budds_Landing,39.37225,-75.83986667,1.0,9.12,NaN,25.94,0.18,112.3
2018-06-23T00:30:45Z,BUD,Budds_Landing,39.37225,-75.83986667,1.0,9.13,NaN,25.89,0.18,112.4
2018-06-23T00:45:44Z,BUD,Budds_Landing,39.37225,-75.83986667,1.0,9.0,NaN,26.0,0.19,111.1
2018-06-23T01:00:44Z,BUD,Budds_Landing,39.37225,-75.83986667,1.0,8.84,NaN,25.99,0.19,109.0
2018-06-23T01:15:45Z,BUD,Budds_Landing,39.37225,-75.83986667,1.0,8.66,NaN,26.01,0.19,106.9
2018-06-23T01:30:45Z,BUD,Budds_Landing,39.37225,-75.83986667,1.0,8.54,NaN,25.99,0.19,105.4
2018-06-23T01:45:44Z,BUD,Budds_Landing,39.37225,-75.83986667,1.0,8.39,NaN,25.99,0.19,103.5
2018-06-23T02:00:44Z,BUD,Budds_Landing,39.37225,-75.83986667,1.0,8.62,NaN,25.85,0.19,106.0
2018-06-23T02:15:45Z,BUD,Budds_Landing,39.37225,-75.83986667,1.0,8.98,NaN,25.64,0.18,110.0
2018-06-23T02:30:45Z,BUD,Budds_Landing,39.37225,-75.83986667,1.0,8.66,NaN,25.58,0.18,106.0
2018-06-23T02:45:45Z,BUD,Budds_Landing,39.37225,-75.83986667,1.0,8.62,NaN,25.62,0.18,105.6
2018-06-23T03:00:45Z,BUD,Budds_Landing,39.37225,-75.83986667,1.0,8.47,NaN,25.45,0.18,103.5
2018-06-23T03:15:45Z,BUD,Budds_Landing,39.37225,-75.83986667,1.0,8.47,NaN,25.37,0.18,103.3
2018-06-23T03:30:45Z,BUD,Budds_Landing,39.37225,-75.83986667,1.0,8.35,NaN,25.38,0.18,101.9
2018-06-23T03:45:45Z,BUD,Budds_Landing,39.37225,-75.83986667,1.0,8.33,NaN,25.42,0.18,101.7
2018-06-23T04:00:44Z,BUD,Budds_Landing,39.37225,-75.83986667,1.0,8.27,NaN,25.45,0.18,101.0
2018-06-23T04:15:45Z,BUD,Budds_Landing,39.37225,-75.83986667,1.0,8.25,NaN,25.45,0.18,100.8
2018-06-23T04:30:45Z,BUD,Budds_Landing,39.37225,-75.83986667,1.0,8.27,NaN,25.26,0.18,100.7
2018-06-23T04:45:45Z,BUD,Budds_Landing,39.37225,-75.83986667,1.0,8.24,NaN,25.12,0.17,100.1
2018-06-23T00:00:00Z,BUD,Budds_Landing,39.37225,-75.83986667,1.0,9.16,1.346,26.0,0.19,113.0
2018-06-23T00:15:00Z,BUD,Budds_Landing,39.37225,-75.83986667,1.0,9.16,1.323,25.94,0.18,112.9
2018-06-23T00:30:00Z,BUD,Budds_Landing,39.37225,-75.83986667,1.0,9.08,1.316,25.94,0.19,111.9
2018-06-23T00:45:00Z,BUD,Budds_Landing,39.37225,-75.83986667,1.0,8.98,1.328,26.01,0.19,110.8
2018-06-23T01:00:00Z,BUD,Budds_Landing,39.37225,-75.83986667,1.0,8.77,1.339,26.01,0.19,108.3
2018-06-23T01:15:00Z,BUD,Budds_Landing,39.37225,-75.83986667,1.0,8.59,1.335,25.99,0.19,105.9
2018-06-23T01:30:00Z,BUD,Budds_Landing,39.37225,-75.83986667,1.0,8.51,1.324,25.99,0.19,104.9
2018-06-23T01:45:00Z,BUD,Budds_Landing,39.37225,-75.83986667,1.0,8.64,1.296,25.83,0.19,106.2
2018-06-23T02:00:00Z,BUD,Budds_Landing,39.37225,-75.83986667,1.0,9.0,1.259,25.75,0.18,110.5
2018-06-23T02:15:00Z,BUD,Budds_Landing,39.37225,-75.83986667,1.0,8.71,1.218,25.58,0.18,106.6
2018-06-23T02:30:00Z,BUD,Budds_Landing,39.37225,-75.83986667,1.0,8.83,1.175,25.5,0.18,107.9
2018-06-23T02:45:00Z,BUD,Budds_Landing,39.37225,-75.83986667,1.0,8.47,1.129,25.63,0.19,103.8
2018-06-23T03:00:00Z,BUD,Budds_Landing,39.37225,-75.83986667,1.0,8.47,1.091,25.49,0.18,103.5
2018-06-23T03:15:00Z,BUD,Budds_Landing,39.37225,-75.83986667,1.0,8.4,1.057,25.38,0.18,102.4
2018-06-23T03:30:00Z,BUD,Budds_Landing,39.37225,-75.83986667,1.0,8.41,1.03,25.37,0.18,102.6
2018-06-23T03:45:00Z,BUD,Budds_Landing,39.37225,-75.83986667,1.0,8.3,1.014,25.44,0.18,101.4
2018-06-23T04:00:00Z,BUD,Budds_Landing,39.37225,-75.83986667,1.0,8.36,1.004,25.46,0.18,102.1
2018-06-23T04:15:00Z,BUD,Budds_Landing,39.37225,-75.83986667,1.0,8.2,1.009,25.37,0.18,100.0
2018-06-23T04:30:00Z,BUD,Budds_Landing,39.37225,-75.83986667,1.0,8.25,1.025,25.16,0.17,100.3
2018-06-23T04:45:00Z,BUD,Budds_Landing,39.37225,-75.83986667,1.0,8.22,1.051,25.1,0.17,99.7
2018-06-23T05:00:45Z,BUD,Budds_Landing,39.37225,-75.83986667,1.0,8.05,NaN,25.18,0.18,97.9
2018-06-23T05:15:45Z,BUD,Budds_Landing,39.37225,-75.83986667,1.0,7.99,NaN,25.21,0.18,97.2
2018-06-23T05:30:45Z,BUD,Budds_Landing,39.37225,-75.83986667,1.0,7.88,NaN,25.24,0.18,95.9
2018-06-23T05:45:44Z,BUD,Budds_Landing,39.37225,-75.83986667,1.0,7.94,NaN,25.17,0.18,96.5
2018-06-23T06:00:45Z,BUD,Budds_Landing,39.37225,-75.83986667,1.0,7.97,NaN,25.11,0.18,96.7
2018-06-23T06:15:45Z,BUD,Budds_Landing,39.37225,-75.83986667,1.0,7.91,NaN,25.1,0.18,96.0
2018-06-23T06:30:45Z,BUD,Budds_Landing,39.37225,-75.83986667,1.0,7.96,NaN,25.06,0.17,96.6
2018-06-23T06:45:45Z,BUD,Budds_Landing,39.37225,-75.83986667,1.0,7.67,NaN,25.14,0.18,93.2
2018-06-23T07:00:45Z,BUD,Budds_Landing,39.37225,-75.83986667,1.0,7.46,NaN,25.15,0.19,90.6
2018-06-23T07:15:45Z,BUD,Budds_Landing,39.37225,-75.83986667,1.0,7.35,NaN,25.21,0.19,89.4
2018-06-23T07:30:45Z,BUD,Budds_Landing,39.37225,-75.83986667,1.0,7.37,NaN,25.23,0.19,89.7
2018-06-23T07:45:44Z,BUD,Budds_Landing,39.37225,-75.83986667,1.0,7.13,NaN,25.15,0.19,86.7
2018-06-23T08:00:44Z,BUD,Budds_Landing,39.37225,-75.83986667,1.0,6.96,NaN,25.22,0.2,84.7
2018-06-23T08:15:44Z,BUD,Budds_Landing,39.37225,-75.83986667,1.0,6.83,NaN,25.27,0.2,83.1
2018-06-23T08:30:45Z,BUD,Budds_Landing,39.37225,-75.83986667,1.0,6.76,NaN,25.27,0.2,82.2
2018-06-23T08:45:45Z,BUD,Budds_Landing,39.37225,-75.83986667,1.0,6.74,NaN,25.23,0.2,81.9
2018-06-23T09:00:44Z,BUD,Budds_Landing,39.37225,-75.83986667,1.0,6.68,NaN,25.22,0.21,81.3
2018-06-23T09:15:45Z,BUD,Budds_Landing,39.37225,-75.83986667,1.0,6.66,NaN,25.22,0.21,81.0
2018-06-23T09:30:45Z,BUD,Budds_Landing,39.37225,-75.83986667,1.0,6.6,NaN,25.22,0.21,80.3
2018-06-23T09:45:45Z,BUD,Budds_Landing,39.37225,-75.83986667,1.0,6.51,NaN,25.22,0.21,79.2
2018-06-23T10:00:44Z,BUD,Budds_Landing,39.37225,-75.83986667,1.0,6.32,NaN,25.2,0.21,76.9
2018-06-23T10:15:45Z,BUD,Budds_Landing,39.37225,-75.83986667,1.0,6.29,NaN,25.17,0.21,76.4
2018-06-23T10:30:45Z,BUD,Budds_Landing,39.37225,-75.83986667,1.0,6.26,NaN,25.17,0.21,76.1
2018-06-23T10:45:45Z,BUD,Budds_Landing,39.37225,-75.83986667,1.0,6.09,NaN,25.11,0.21,74.0
2018-06-23T11:00:44Z,BUD,Budds_Landing,39.37225,-75.83986667,1.0,6.4,NaN,25.0,0.2,77.5
2018-06-23T11:15:45Z,BUD,Budds_Landing,39.37225,-75.83986667,1.0,6.41,NaN,24.91,0.2,77.5
2018-06-23T11:30:45Z,BUD,Budds_Landing,39.37225,-75.83986667,1.0,6.33,NaN,24.97,0.2,76.7
2018-06-23T11:45:44Z,BUD,Budds_Landing,39.37225,-75.83986667,1.0,6.4,NaN,24.98,0.2,77.5
2018-06-23T12:00:45Z,BUD,Budds_Landing,39.37225,-75.83986667,1.0,6.36,NaN,24.92,0.2,77.0
2018-06-23T12:15:45Z,BUD,Budds_Landing,39.37225,-75.83986667,1.0,6.38,NaN,25.03,0.2,77.3
2018-06-23T12:30:44Z,BUD,Budds_Landing,39.37225,-75.83986667,1.0,6.33,NaN,25.08,0.2,76.8
2018-06-23T12:45:45Z,BUD,Budds_Landing,39.37225,-75.83986667,1.0,6.43,NaN,25.04,0.2,77.9
2018-06-23T13:00:45Z,BUD,Budds_Landing,39.37225,-75.83986667,1.0,6.65,NaN,24.89,0.2,80.4
2018-06-23T13:15:45Z,BUD,Budds_Landing,39.37225,-75.83986667,1.0,6.62,NaN,24.85,0.2,80.0
2018-06-23T13:30:45Z,BUD,Budds_Landing,39.37225,-75.83986667,1.0,6.46,NaN,24.84,0.2,78.0
2018-06-23T13:45:45Z,BUD,Budds_Landing,39.37225,-75.83986667,1.0,6.92,NaN,24.74,0.19,83.4
2018-06-23T14:00:45Z,BUD,Budds_Landing,39.37225,-75.83986667,1.0,7.03,NaN,24.73,0.19,84.8
2018-06-23T14:15:45Z,BUD,Budds_Landing,39.37225,-75.83986667,1.0,6.83,NaN,24.77,0.19,82.4
2018-06-23T14:30:45Z,BUD,Budds_Landing,39.37225,-75.83986667,1.0,6.9,NaN,24.77,0.19,83.2
2018-06-23T14:45:44Z,BUD,Budds_Landing,39.37225,-75.83986667,1.0,6.99,NaN,24.79,0.19,84.3
2018-06-23T15:00:45Z,BUD,Budds_Landing,39.37225,-75.83986667,1.0,6.86,NaN,24.82,0.19,82.8
2018-06-23T15:15:45Z,BUD,Budds_Landing,39.37225,-75.83986667,1.0,7.55,NaN,24.71,0.18,91.0
2018-06-23T15:30:45Z,BUD,Budds_Landing,39.37225,-75.83986667,1.0,7.56,NaN,24.69,0.18,91.0
2018-06-23T15:45:45Z,BUD,Budds_Landing,39.37225,-75.83986667,1.0,7.59,NaN,24.6,0.18,91.2
2018-06-23T16:00:45Z,BUD,Budds_Landing,39.37225,-75.83986667,1.0,7.86,NaN,24.57,0.18,94.5
2018-06-23T16:15:45Z,BUD,Budds_Landing,39.37225,-75.83986667,1.0,7.76,NaN,24.62,0.18,93.3
2018-06-23T16:30:45Z,BUD,Budds_Landing,39.37225,-75.83986667,1.0,7.75,NaN,24.58,0.18,93.1
2018-06-23T16:45:45Z,BUD,Budds_Landing,39.37225,-75.83986667,1.0,7.75,NaN,24.6,0.18,93.1
2018-06-23T17:00:45Z,BUD,Budds_Landing,39.37225,-75.83986667,1.0,7.78,NaN,24.54,0.17,93.5
2018-06-23T17:15:45Z,BUD,Budds_Landing,39.37225,-75.83986667,1.0,7.54,NaN,24.64,0.18,90.7
2018-06-23T17:30:45Z,BUD,Budds_Landing,39.37225,-75.83986667,1.0,7.62,NaN,24.6,0.18,91.6
2018-06-23T17:45:45Z,BUD,Budds_Landing,39.37225,-75.83986667,1.0,7.63,NaN,24.58,0.18,91.8
2018-06-23T18:00:45Z,BUD,Budds_Landing,39.37225,-75.83986667,1.0,7.94,NaN,24.59,0.17,95.4
2018-06-23T18:15:45Z,BUD,Budds_Landing,39.37225,-75.83986667,1.0,7.99,NaN,24.61,0.17,96.1
2018-06-23T18:30:45Z,BUD,Budds_Landing,39.37225,-75.83986667,1.0,8.5,NaN,24.81,0.18,102.6
2018-06-23T18:45:45Z,BUD,Budds_Landing,39.37225,-75.83986667,1.0,9.4,NaN,25.0,0.18,113.8
2018-06-23T19:00:45Z,BUD,Budds_Landing,39.37225,-75.83986667,1.0,9.75,NaN,25.32,0.2,118.8
2018-06-23T19:15:45Z,BUD,Budds_Landing,39.37225,-75.83986667,1.0,9.79,NaN,25.34,0.2,119.4
2018-06-23T19:30:45Z,BUD,Budds_Landing,39.37225,-75.83986667,1.0,9.82,NaN,25.33,0.2,119.6
2018-06-23T19:45:45Z,BUD,Budds_Landing,39.37225,-75.83986667,1.0,10.19,NaN,25.43,0.2,124.5
2018-06-23T20:00:45Z,BUD,Budds_Landing,39.37225,-75.83986667,1.0,10.21,NaN,25.39,0.19,124.6
2018-06-23T20:15:44Z,BUD,Budds_Landing,39.37225,-75.83986667,1.0,10.79,NaN,25.47,0.19,131.9
2018-06-23T20:30:45Z,BUD,Budds_Landing,39.37225,-75.83986667,1.0,11.08,NaN,25.59,0.19,135.7
2018-06-23T20:45:45Z,BUD,Budds_Landing,39.37225,-75.83986667,1.0,9.88,NaN,25.39,0.2,120.6
2018-06-23T21:00:45Z,BUD,Budds_Landing,39.37225,-75.83986667,1.0,10.57,NaN,25.44,0.19,129.1
2018-06-23T21:15:45Z,BUD,Budds_Landing,39.37225,-75.83986667,1.0,10.59,NaN,25.53,0.19,129.6
2018-06-23T21:30:45Z,BUD,Budds_Landing,39.37225,-75.83986667,1.0,10.47,NaN,25.51,0.19,128.0
2018-06-23T21:45:45Z,BUD,Budds_Landing,39.37225,-75.83986667,1.0,10.01,NaN,25.49,0.2,122.3
2018-06-23T22:00:44Z,BUD,Budds_Landing,39.37225,-75.83986667,1.0,9.71,NaN,25.56,0.2,118.9
2018-06-23T22:15:45Z,BUD,Budds_Landing,39.37225,-75.83986667,1.0,9.86,NaN,25.54,0.2,120.6
2018-06-23T22:30:45Z,BUD,Budds_Landing,39.37225,-75.83986667,1.0,9.95,NaN,25.58,0.2,121.8
2018-06-23T22:45:45Z,BUD,Budds_Landing,39.37225,-75.83986667,1.0,8.77,NaN,25.46,0.2,107.1
2018-06-23T23:00:45Z,BUD,Budds_Landing,39.37225,-75.83986667,1.0,9.08,NaN,25.53,0.2,111.1
2018-06-23T23:15:45Z,BUD,Budds_Landing,39.37225,-75.83986667,1.0,8.95,NaN,25.39,0.19,109.2
2018-06-23T23:30:45Z,BUD,Budds_Landing,39.37225,-75.83986667,1.0,8.27,NaN,25.29,0.2,100.8
2018-06-23T23:45:45Z,BUD,Budds_Landing,39.37225,-75.83986667,1.0,8.05,NaN,25.25,0.19,98.0
2018-06-23T05:00:00Z,BUD,Budds_Landing,39.37225,-75.83986667,1.0,7.99,1.084,25.24,0.18,97.2
2018-06-23T05:15:00Z,BUD,Budds_Landing,39.37225,-75.83986667,1.0,7.99,1.127,25.21,0.18,97.1
2018-06-23T05:30:00Z,BUD,Budds_Landing,39.37225,-75.83986667,1.0,7.81,1.17,25.26,0.18,95.1
2018-06-23T05:45:00Z,BUD,Budds_Landing,39.37225,-75.83986667,1.0,8.01,1.219,25.14,0.18,97.3
2018-06-23T06:00:00Z,BUD,Budds_Landing,39.37225,-75.83986667,1.0,7.92,1.26,25.12,0.18,96.2
2018-06-23T06:15:00Z,BUD,Budds_Landing,39.37225,-75.83986667,1.0,7.92,1.299,25.1,0.18,96.1
2018-06-23T06:30:00Z,BUD,Budds_Landing,39.37225,-75.83986667,1.0,7.86,1.331,25.11,0.18,95.4
2018-06-23T06:45:00Z,BUD,Budds_Landing,39.37225,-75.83986667,1.0,7.62,1.356,25.13,0.18,92.6
2018-06-23T07:00:00Z,BUD,Budds_Landing,39.37225,-75.83986667,1.0,7.39,1.377,25.18,0.19,89.9
2018-06-23T07:15:00Z,BUD,Budds_Landing,39.37225,-75.83986667,1.0,7.37,1.4,25.22,0.19,89.6
2018-06-23T07:30:00Z,BUD,Budds_Landing,39.37225,-75.83986667,1.0,7.25,1.434,25.16,0.19,88.1
2018-06-23T07:45:00Z,BUD,Budds_Landing,39.37225,-75.83986667,1.0,7.12,1.474,25.19,0.19,86.6
2018-06-23T08:00:00Z,BUD,Budds_Landing,39.37225,-75.83986667,1.0,6.91,1.515,25.27,0.2,84.1
2018-06-23T08:15:00Z,BUD,Budds_Landing,39.37225,-75.83986667,1.0,6.77,1.554,25.28,0.2,82.5
2018-06-23T08:30:00Z,BUD,Budds_Landing,39.37225,-75.83986667,1.0,6.76,1.592,25.27,0.2,82.3
2018-06-23T08:45:00Z,BUD,Budds_Landing,39.37225,-75.83986667,1.0,6.73,1.624,25.22,0.2,81.9
2018-06-23T09:00:00Z,BUD,Budds_Landing,39.37225,-75.83986667,1.0,6.67,1.652,25.21,0.21,81.1
2018-06-23T09:15:00Z,BUD,Budds_Landing,39.37225,-75.83986667,1.0,6.64,1.678,25.23,0.21,80.8
2018-06-23T09:30:00Z,BUD,Budds_Landing,39.37225,-75.83986667,1.0,6.59,1.696,25.22,0.21,80.2
2018-06-23T09:45:00Z,BUD,Budds_Landing,39.37225,-75.83986667,1.0,6.51,1.706,25.22,0.21,79.2
2018-06-23T10:00:00Z,BUD,Budds_Landing,39.37225,-75.83986667,1.0,6.32,1.713,25.19,0.21,76.8
2018-06-23T10:15:00Z,BUD,Budds_Landing,39.37225,-75.83986667,1.0,6.3,1.71,25.18,0.21,76.5
2018-06-23T10:30:00Z,BUD,Budds_Landing,39.37225,-75.83986667,1.0,6.3,1.701,25.17,0.21,76.6
2018-06-23T10:45:00Z,BUD,Budds_Landing,39.37225,-75.83986667,1.0,6.27,1.688,25.07,0.2,76.0
2018-06-23T11:00:00Z,BUD,Budds_Landing,39.37225,-75.83986667,1.0,6.45,1.668,24.89,0.2,78.0
2018-06-23T11:15:00Z,BUD,Budds_Landing,39.37225,-75.83986667,1.0,6.39,1.647,24.93,0.2,77.3
2018-06-23T11:30:00Z,BUD,Budds_Landing,39.37225,-75.83986667,1.0,6.35,1.632,24.99,0.2,76.9
2018-06-23T11:45:00Z,BUD,Budds_Landing,39.37225,-75.83986667,1.0,6.35,1.611,24.97,0.2,76.9
2018-06-23T12:00:00Z,BUD,Budds_Landing,39.37225,-75.83986667,1.0,6.24,1.587,24.91,0.2,75.5
2018-06-23T12:15:00Z,BUD,Budds_Landing,39.37225,-75.83986667,1.0,6.32,1.552,25.01,0.2,76.6
2018-06-23T12:30:00Z,BUD,Budds_Landing,39.37225,-75.83986667,1.0,6.34,1.514,25.07,0.2,76.9
2018-06-23T12:45:00Z,BUD,Budds_Landing,39.37225,-75.83986667,1.0,6.55,1.471,25.01,0.2,79.4
2018-06-23T13:00:00Z,BUD,Budds_Landing,39.37225,-75.83986667,1.0,6.73,1.427,24.86,0.19,81.3
2018-06-23T13:15:00Z,BUD,Budds_Landing,39.37225,-75.83986667,1.0,6.71,1.385,24.84,0.19,81.1
2018-06-23T13:30:00Z,BUD,Budds_Landing,39.37225,-75.83986667,1.0,6.68,1.346,24.85,0.2,80.7
2018-06-23T13:45:00Z,BUD,Budds_Landing,39.37225,-75.83986667,1.0,6.69,1.31,24.85,0.2,80.9
2018-06-23T14:00:00Z,BUD,Budds_Landing,39.37225,-75.83986667,1.0,7.1,1.272,24.73,0.19,85.6
2018-06-23T14:15:00Z,BUD,Budds_Landing,39.37225,-75.83986667,1.0,6.84,1.24,24.74,0.19,82.5
2018-06-23T14:30:00Z,BUD,Budds_Landing,39.37225,-75.83986667,1.0,6.86,1.209,24.79,0.19,82.8
2018-06-23T14:45:00Z,BUD,Budds_Landing,39.37225,-75.83986667,1.0,7.06,1.179,24.8,0.19,85.2
2018-06-23T15:00:00Z,BUD,Budds_Landing,39.37225,-75.83986667,1.0,7.43,1.149,24.75,0.19,89.6
2018-06-23T15:15:00Z,BUD,Budds_Landing,39.37225,-75.83986667,1.0,7.5,1.119,24.69,0.18,90.3
2018-06-23T15:30:00Z,BUD,Budds_Landing,39.37225,-75.83986667,1.0,7.85,1.091,24.58,0.18,94.3
2018-06-23T15:45:00Z,BUD,Budds_Landing,39.37225,-75.83986667,1.0,7.57,1.063,24.64,0.18,91.1
2018-06-23T16:00:00Z,BUD,Budds_Landing,39.37225,-75.83986667,1.0,7.92,1.041,24.56,0.18,95.1
2018-06-23T16:15:00Z,BUD,Budds_Landing,39.37225,-75.83986667,1.0,7.76,1.021,24.64,0.18,93.4
2018-06-23T16:30:00Z,BUD,Budds_Landing,39.37225,-75.83986667,1.0,7.8,1.0,24.62,0.18,93.8
2018-06-23T16:45:00Z,BUD,Budds_Landing,39.37225,-75.83986667,1.0,7.79,0.985,24.58,0.18,93.6
2018-06-23T17:00:00Z,BUD,Budds_Landing,39.37225,-75.83986667,1.0,7.67,0.972,24.52,0.17,92.1
2018-06-23T17:15:00Z,BUD,Budds_Landing,39.37225,-75.83986667,1.0,7.65,0.965,24.61,0.18,92.0
2018-06-23T17:30:00Z,BUD,Budds_Landing,39.37225,-75.83986667,1.0,7.59,0.967,24.6,0.18,91.2
2018-06-23T17:45:00Z,BUD,Budds_Landing,39.37225,-75.83986667,1.0,7.72,0.978,24.56,0.17,92.7
2018-06-23T18:00:00Z,BUD,Budds_Landing,39.37225,-75.83986667,1.0,7.99,0.998,24.58,0.17,96.0
2018-06-23T18:15:00Z,BUD,Budds_Landing,39.37225,-75.83986667,1.0,8.07,1.025,24.67,0.17,97.1
2018-06-23T18:30:00Z,BUD,Budds_Landing,39.37225,-75.83986667,1.0,8.92,1.056,24.89,0.18,107.9
2018-06-23T18:45:00Z,BUD,Budds_Landing,39.37225,-75.83986667,1.0,9.5,1.091,25.23,0.19,115.5
2018-06-23T19:00:00Z,BUD,Budds_Landing,39.37225,-75.83986667,1.0,9.59,1.127,25.31,0.2,116.8
2018-06-23T19:15:00Z,BUD,Budds_Landing,39.37225,-75.83986667,1.0,9.86,1.159,25.37,0.2,120.3
2018-06-23T19:30:00Z,BUD,Budds_Landing,39.37225,-75.83986667,1.0,9.89,1.186,25.35,0.2,120.6
2018-06-23T19:45:00Z,BUD,Budds_Landing,39.37225,-75.83986667,1.0,10.35,1.214,25.4,0.2,126.3
2018-06-23T20:00:00Z,BUD,Budds_Landing,39.37225,-75.83986667,1.0,10.51,1.238,25.41,0.19,128.3
2018-06-23T20:15:00Z,BUD,Budds_Landing,39.37225,-75.83986667,1.0,10.49,1.264,25.46,0.19,128.2
2018-06-23T20:30:00Z,BUD,Budds_Landing,39.37225,-75.83986667,1.0,10.55,1.287,25.45,0.2,128.9
2018-06-23T20:45:00Z,BUD,Budds_Landing,39.37225,-75.83986667,1.0,9.93,1.311,25.32,0.19,121.0
2018-06-23T21:00:00Z,BUD,Budds_Landing,39.37225,-75.83986667,1.0,11.23,1.334,25.48,0.19,137.2
2018-06-23T21:15:00Z,BUD,Budds_Landing,39.37225,-75.83986667,1.0,10.6,1.358,25.53,0.19,129.6
2018-06-23T21:30:00Z,BUD,Budds_Landing,39.37225,-75.83986667,1.0,10.4,1.384,25.41,0.19,127.0
2018-06-23T21:45:00Z,BUD,Budds_Landing,39.37225,-75.83986667,1.0,9.61,1.414,25.5,0.2,117.5
2018-06-23T22:00:00Z,BUD,Budds_Landing,39.37225,-75.83986667,1.0,9.6,1.446,25.62,0.2,117.6
2018-06-23T22:15:00Z,BUD,Budds_Landing,39.37225,-75.83986667,1.0,9.5,1.476,25.44,0.2,116.0
2018-06-23T22:30:00Z,BUD,Budds_Landing,39.37225,-75.83986667,1.0,9.15,1.495,25.43,0.2,111.7
2018-06-23T22:45:00Z,BUD,Budds_Landing,39.37225,-75.83986667,1.0,8.98,1.493,25.44,0.2,109.6
2018-06-23T23:00:00Z,BUD,Budds_Landing,39.37225,-75.83986667,1.0,8.58,1.473,25.46,0.2,104.8
2018-06-23T23:15:00Z,BUD,Budds_Landing,39.37225,-75.83986667,1.0,8.8,1.446,25.31,0.19,107.2
2018-06-23T23:30:00Z,BUD,Budds_Landing,39.37225,-75.83986667,1.0,7.83,1.42,25.25,0.2,95.3
2018-06-23T23:45:00Z,BUD,Budds_Landing,39.37225,-75.83986667,1.0,8.05,1.39,25.22,0.19,98.0
2018-06-24T00:00:45Z,BUD,Budds_Landing,39.37225,-75.83986667,1.0,8.94,NaN,25.19,0.18,108.7
2018-06-24T00:15:45Z,BUD,Budds_Landing,39.37225,-75.83986667,1.0,9.25,NaN,25.23,0.18,112.5
2018-06-24T00:30:45Z,BUD,Budds_Landing,39.37225,-75.83986667,1.0,9.15,NaN,25.28,0.18,111.4
2018-06-24T00:45:45Z,BUD,Budds_Landing,39.37225,-75.83986667,1.0,9.62,NaN,25.32,0.19,117.2
2018-06-24T01:00:45Z,BUD,Budds_Landing,39.37225,-75.83986667,1.0,10.41,NaN,25.47,0.19,127.2
2018-06-24T01:15:45Z,BUD,Budds_Landing,39.37225,-75.83986667,1.0,10.81,NaN,25.51,0.19,132.1
2018-06-24T01:30:45Z,BUD,Budds_Landing,39.37225,-75.83986667,1.0,10.7,NaN,25.51,0.19,130.9
2018-06-24T01:45:45Z,BUD,Budds_Landing,39.37225,-75.83986667,1.0,10.24,NaN,25.43,0.19,125.0
2018-06-24T02:00:45Z,BUD,Budds_Landing,39.37225,-75.83986667,1.0,10.1,NaN,25.44,0.19,123.4
2018-06-24T02:15:45Z,BUD,Budds_Landing,39.37225,-75.83986667,1.0,9.89,NaN,25.42,0.18,120.8
2018-06-24T02:30:45Z,BUD,Budds_Landing,39.37225,-75.83986667,1.0,9.92,NaN,25.42,0.19,121.1
2018-06-24T02:45:45Z,BUD,Budds_Landing,39.37225,-75.83986667,1.0,9.81,NaN,25.18,0.18,119.2
2018-06-24T03:00:45Z,BUD,Budds_Landing,39.37225,-75.83986667,1.0,9.58,NaN,25.12,0.18,116.2
2018-06-24T03:15:45Z,BUD,Budds_Landing,39.37225,-75.83986667,1.0,9.48,NaN,25.1,0.18,115.1
2018-06-24T03:30:45Z,BUD,Budds_Landing,39.37225,-75.83986667,1.0,9.33,NaN,25.16,0.18,113.4
2018-06-24T03:45:45Z,BUD,Budds_Landing,39.37225,-75.83986667,1.0,9.1,NaN,25.16,0.18,110.5
2018-06-24T04:00:45Z,BUD,Budds_Landing,39.37225,-75.83986667,1.0,8.87,NaN,25.14,0.18,107.8
2018-06-24T04:15:46Z,BUD,Budds_Landing,39.37225,-75.83986667,1.0,9.08,NaN,25.13,0.18,110.3
2018-06-24T04:30:45Z,BUD,Budds_Landing,39.37225,-75.83986667,1.0,9.23,NaN,25.1,0.18,111.9
2018-06-24T04:45:45Z,BUD,Budds_Landing,39.37225,-75.83986667,1.0,9.54,NaN,25.01,0.17,115.6
2018-06-24T00:00:00Z,BUD,Budds_Landing,39.37225,-75.83986667,1.0,9.31,1.364,25.21,0.18,113.3
2018-06-24T00:15:00Z,BUD,Budds_Landing,39.37225,-75.83986667,1.0,9.53,1.334,25.32,0.18,116.1
2018-06-24T00:30:00Z,BUD,Budds_Landing,39.37225,-75.83986667,1.0,9.74,1.305,25.34,0.19,118.8
2018-06-24T00:45:00Z,BUD,Budds_Landing,39.37225,-75.83986667,1.0,10.03,1.272,25.42,0.19,122.4
2018-06-24T01:00:00Z,BUD,Budds_Landing,39.37225,-75.83986667,1.0,10.91,1.238,25.55,0.19,133.5
2018-06-24T01:15:00Z,BUD,Budds_Landing,39.37225,-75.83986667,1.0,10.49,1.205,25.5,0.19,128.2
2018-06-24T01:30:00Z,BUD,Budds_Landing,39.37225,-75.83986667,1.0,10.8,1.176,25.47,0.19,131.9
2018-06-24T01:45:00Z,BUD,Budds_Landing,39.37225,-75.83986667,1.0,10.27,1.152,25.41,0.19,125.4
2018-06-24T02:00:00Z,BUD,Budds_Landing,39.37225,-75.83986667,1.0,10.23,1.128,25.47,0.19,124.9
2018-06-24T02:15:00Z,BUD,Budds_Landing,39.37225,-75.83986667,1.0,10.02,1.105,25.43,0.19,122.3
2018-06-24T02:30:00Z,BUD,Budds_Landing,39.37225,-75.83986667,1.0,10.19,1.075,25.24,0.18,124.0
2018-06-24T02:45:00Z,BUD,Budds_Landing,39.37225,-75.83986667,1.0,9.85,1.041,25.17,0.18,119.6
2018-06-24T03:00:00Z,BUD,Budds_Landing,39.37225,-75.83986667,1.0,9.57,1.007,25.1,0.18,116.1
2018-06-24T03:15:00Z,BUD,Budds_Landing,39.37225,-75.83986667,1.0,9.43,0.974,25.11,0.18,114.5
2018-06-24T03:30:00Z,BUD,Budds_Landing,39.37225,-75.83986667,1.0,9.26,0.946,25.16,0.18,112.5
2018-06-24T03:45:00Z,BUD,Budds_Landing,39.37225,-75.83986667,1.0,9.05,0.924,25.15,0.18,110.0
2018-06-24T04:00:00Z,BUD,Budds_Landing,39.37225,-75.83986667,1.0,8.93,0.908,25.15,0.18,108.4
2018-06-24T04:15:00Z,BUD,Budds_Landing,39.37225,-75.83986667,1.0,9.03,0.895,25.13,0.18,109.7
2018-06-24T04:30:00Z,BUD,Budds_Landing,39.37225,-75.83986667,1.0,9.48,0.888,25.05,0.17,115.0
2018-06-24T04:45:00Z,BUD,Budds_Landing,39.37225,-75.83986667,1.0,9.49,0.889,25.03,0.17,115.0
2018-06-24T05:00:45Z,BUD,Budds_Landing,39.37225,-75.83986667,1.0,9.52,NaN,25.04,0.17,115.3
2018-06-24T05:15:45Z,BUD,Budds_Landing,39.37225,-75.83986667,1.0,9.61,NaN,24.96,0.16,116.3
2018-06-24T05:30:45Z,BUD,Budds_Landing,39.37225,-75.83986667,1.0,9.65,NaN,24.93,0.16,116.8
2018-06-24T05:45:45Z,BUD,Budds_Landing,39.37225,-75.83986667,1.0,9.52,NaN,24.98,0.17,115.2
2018-06-24T06:00:45Z,BUD,Budds_Landing,39.37225,-75.83986667,1.0,9.59,NaN,24.93,0.16,116.0
2018-06-24T06:15:45Z,BUD,Budds_Landing,39.37225,-75.83986667,1.0,8.97,NaN,25.08,0.18,108.8
2018-06-24T06:30:45Z,BUD,Budds_Landing,39.37225,-75.83986667,1.0,8.94,NaN,25.1,0.18,108.4
2018-06-24T06:45:45Z,BUD,Budds_Landing,39.37225,-75.83986667,1.0,8.94,NaN,25.06,0.18,108.4
2018-06-24T07:00:45Z,BUD,Budds_Landing,39.37225,-75.83986667,1.0,8.98,NaN,25.02,0.18,108.9
2018-06-24T07:15:45Z,BUD,Budds_Landing,39.37225,-75.83986667,1.0,8.87,NaN,24.99,0.18,107.5
2018-06-24T07:30:45Z,BUD,Budds_Landing,39.37225,-75.83986667,1.0,8.72,NaN,24.98,0.18,105.6
2018-06-24T07:45:46Z,BUD,Budds_Landing,39.37225,-75.83986667,1.0,8.46,NaN,24.99,0.18,102.4
2018-06-24T08:00:45Z,BUD,Budds_Landing,39.37225,-75.83986667,1.0,7.91,NaN,25.03,0.19,95.9
2018-06-24T08:15:45Z,BUD,Budds_Landing,39.37225,-75.83986667,1.0,7.55,NaN,25.07,0.2,91.6
2018-06-24T08:30:45Z,BUD,Budds_Landing,39.37225,-75.83986667,1.0,7.53,NaN,25.07,0.2,91.4
2018-06-24T08:45:45Z,BUD,Budds_Landing,39.37225,-75.83986667,1.0,7.46,NaN,25.09,0.2,90.5
2018-06-24T09:00:45Z,BUD,Budds_Landing,39.37225,-75.83986667,1.0,7.44,NaN,25.11,0.2,90.3
2018-06-24T09:15:45Z,BUD,Budds_Landing,39.37225,-75.83986667,1.0,7.41,NaN,25.12,0.2,89.9
2018-06-24T09:30:45Z,BUD,Budds_Landing,39.37225,-75.83986667,1.0,7.34,NaN,25.14,0.2,89.1
2018-06-24T09:45:45Z,BUD,Budds_Landing,39.37225,-75.83986667,1.0,7.26,NaN,25.16,0.2,88.3
2018-06-24T10:00:45Z,BUD,Budds_Landing,39.37225,-75.83986667,1.0,7.22,NaN,25.17,0.2,87.8
2018-06-24T10:15:45Z,BUD,Budds_Landing,39.37225,-75.83986667,1.0,7.14,NaN,25.18,0.2,86.8
2018-06-24T10:30:45Z,BUD,Budds_Landing,39.37225,-75.83986667,1.0,7.12,NaN,25.18,0.2,86.5
2018-06-24T10:45:45Z,BUD,Budds_Landing,39.37225,-75.83986667,1.0,7.04,NaN,25.2,0.2,85.6
2018-06-24T11:00:45Z,BUD,Budds_Landing,39.37225,-75.83986667,1.0,6.87,NaN,25.17,0.2,83.5
2018-06-24T11:15:45Z,BUD,Budds_Landing,39.37225,-75.83986667,1.0,6.76,NaN,25.19,0.2,82.2
2018-06-24T11:30:45Z,BUD,Budds_Landing,39.37225,-75.83986667,1.0,6.76,NaN,25.14,0.2,82.1
2018-06-24T11:45:45Z,BUD,Budds_Landing,39.37225,-75.83986667,1.0,6.82,NaN,25.17,0.2,82.8
2018-06-24T12:00:45Z,BUD,Budds_Landing,39.37225,-75.83986667,1.0,6.76,NaN,25.11,0.2,82.0
2018-06-24T12:15:45Z,BUD,Budds_Landing,39.37225,-75.83986667,1.0,6.74,NaN,25.09,0.2,81.8
2018-06-24T12:30:45Z,BUD,Budds_Landing,39.37225,-75.83986667,1.0,6.98,NaN,25.08,0.2,84.7
2018-06-24T12:45:45Z,BUD,Budds_Landing,39.37225,-75.83986667,1.0,6.92,NaN,25.11,0.2,84.0
2018-06-24T13:00:45Z,BUD,Budds_Landing,39.37225,-75.83986667,1.0,7.26,NaN,25.02,0.19,88.0
2018-06-24T13:15:45Z,BUD,Budds_Landing,39.37225,-75.83986667,1.0,7.23,NaN,25.1,0.19,87.7
2018-06-24T13:30:45Z,BUD,Budds_Landing,39.37225,-75.83986667,1.0,7.73,NaN,25.23,0.2,94.0
2018-06-24T13:45:45Z,BUD,Budds_Landing,39.37225,-75.83986667,1.0,7.59,NaN,25.12,0.19,92.2
2018-06-24T14:00:45Z,BUD,Budds_Landing,39.37225,-75.83986667,1.0,7.97,NaN,25.12,0.19,96.8
2018-06-24T14:15:45Z,BUD,Budds_Landing,39.37225,-75.83986667,1.0,8.02,NaN,25.17,0.19,97.4
2018-06-24T14:30:45Z,BUD,Budds_Landing,39.37225,-75.83986667,1.0,8.31,NaN,25.22,0.2,101.1
2018-06-24T14:45:45Z,BUD,Budds_Landing,39.37225,-75.83986667,1.0,7.9,NaN,25.15,0.19,95.9
2018-06-24T15:00:45Z,BUD,Budds_Landing,39.37225,-75.83986667,1.0,8.02,NaN,25.14,0.19,97.4
2018-06-24T15:15:45Z,BUD,Budds_Landing,39.37225,-75.83986667,1.0,8.43,NaN,25.18,0.18,102.5
2018-06-24T15:30:45Z,BUD,Budds_Landing,39.37225,-75.83986667,1.0,8.95,NaN,25.15,0.18,108.7
2018-06-24T15:45:45Z,BUD,Budds_Landing,39.37225,-75.83986667,1.0,9.2,NaN,25.27,0.18,112.0
2018-06-24T16:00:45Z,BUD,Budds_Landing,39.37225,-75.83986667,1.0,8.82,NaN,25.27,0.18,107.4
2018-06-24T16:15:45Z,BUD,Budds_Landing,39.37225,-75.83986667,1.0,9.05,NaN,25.24,0.17,110.1
2018-06-24T16:30:45Z,BUD,Budds_Landing,39.37225,-75.83986667,1.0,9.55,NaN,25.48,0.18,116.8
2018-06-24T16:45:44Z,BUD,Budds_Landing,39.37225,-75.83986667,1.0,9.13,NaN,25.4,0.18,111.4
2018-06-24T17:00:45Z,BUD,Budds_Landing,39.37225,-75.83986667,1.0,10.0,NaN,25.43,0.17,122.1
2018-06-24T17:15:45Z,BUD,Budds_Landing,39.37225,-75.83986667,1.0,10.66,NaN,25.49,0.16,130.2
2018-06-24T17:30:45Z,BUD,Budds_Landing,39.37225,-75.83986667,1.0,11.06,NaN,25.52,0.16,135.2
2018-06-24T17:45:45Z,BUD,Budds_Landing,39.37225,-75.83986667,1.0,11.09,NaN,25.35,0.15,135.1
2018-06-24T18:00:45Z,BUD,Budds_Landing,39.37225,-75.83986667,1.0,11.05,NaN,25.45,0.15,134.9
2018-06-24T18:15:45Z,BUD,Budds_Landing,39.37225,-75.83986667,1.0,11.1,NaN,25.78,0.16,136.3
2018-06-24T18:30:44Z,BUD,Budds_Landing,39.37225,-75.83986667,1.0,11.1,NaN,25.77,0.16,136.4
2018-06-24T18:45:44Z,BUD,Budds_Landing,39.37225,-75.83986667,1.0,12.7,NaN,27.42,0.18,160.7
2018-06-24T19:00:44Z,BUD,Budds_Landing,39.37225,-75.83986667,1.0,13.99,NaN,27.77,0.17,178.1
2018-06-24T19:15:44Z,BUD,Budds_Landing,39.37225,-75.83986667,1.0,14.11,NaN,28.03,0.18,180.5
2018-06-24T19:30:43Z,BUD,Budds_Landing,39.37225,-75.83986667,1.0,14.25,NaN,27.98,0.18,182.2
2018-06-24T19:45:43Z,BUD,Budds_Landing,39.37225,-75.83986667,1.0,14.02,NaN,28.52,0.19,181.0
2018-06-24T20:00:43Z,BUD,Budds_Landing,39.37225,-75.83986667,1.0,13.97,NaN,28.2,0.19,179.2
2018-06-24T20:15:43Z,BUD,Budds_Landing,39.37225,-75.83986667,1.0,14.21,NaN,28.3,0.18,182.7
2018-06-24T20:30:43Z,BUD,Budds_Landing,39.37225,-75.83986667,1.0,14.31,NaN,28.28,0.17,183.9
2018-06-24T20:45:43Z,BUD,Budds_Landing,39.37225,-75.83986667,1.0,13.92,NaN,28.18,0.18,178.6
2018-06-24T21:00:44Z,BUD,Budds_Landing,39.37225,-75.83986667,1.0,13.0,NaN,27.76,0.19,165.5
2018-06-24T21:15:44Z,BUD,Budds_Landing,39.37225,-75.83986667,1.0,12.34,NaN,27.62,0.2,156.7
2018-06-24T21:30:44Z,BUD,Budds_Landing,39.37225,-75.83986667,1.0,12.2,NaN,27.71,0.2,155.3
2018-06-24T21:45:44Z,BUD,Budds_Landing,39.37225,-75.83986667,1.0,11.83,NaN,27.55,0.2,150.1
2018-06-24T22:00:44Z,BUD,Budds_Landing,39.37225,-75.83986667,1.0,11.78,NaN,27.46,0.2,149.2
2018-06-24T22:15:44Z,BUD,Budds_Landing,39.37225,-75.83986667,1.0,11.44,NaN,27.4,0.2,144.7
2018-06-24T22:30:44Z,BUD,Budds_Landing,39.37225,-75.83986667,1.0,11.4,NaN,27.43,0.2,144.3
2018-06-24T22:45:44Z,BUD,Budds_Landing,39.37225,-75.83986667,1.0,11.35,NaN,27.48,0.2,143.8
2018-06-24T23:00:44Z,BUD,Budds_Landing,39.37225,-75.83986667,1.0,11.36,NaN,27.49,0.21,144.0
2018-06-24T23:15:44Z,BUD,Budds_Landing,39.37225,-75.83986667,1.0,11.35,NaN,27.49,0.21,143.8
2018-06-24T23:30:44Z,BUD,Budds_Landing,39.37225,-75.83986667,1.0,11.16,NaN,27.46,0.21,141.4
2018-06-24T23:45:44Z,BUD,Budds_Landing,39.37225,-75.83986667,1.0,11.03,NaN,27.49,0.21,139.7
2018-06-24T05:00:00Z,BUD,Budds_Landing,39.37225,-75.83986667,1.0,9.61,0.897,25.0,0.17,116.5
2018-06-24T05:15:00Z,BUD,Budds_Landing,39.37225,-75.83986667,1.0,9.7,0.911,24.93,0.16,117.3
2018-06-24T05:30:00Z,BUD,Budds_Landing,39.37225,-75.83986667,1.0,9.6,0.935,24.96,0.16,116.1
2018-06-24T05:45:00Z,BUD,Budds_Landing,39.37225,-75.83986667,1.0,9.63,0.964,24.94,0.16,116.5
2018-06-24T06:00:00Z,BUD,Budds_Landing,39.37225,-75.83986667,1.0,9.38,0.999,24.99,0.17,113.6
2018-06-24T06:15:00Z,BUD,Budds_Landing,39.37225,-75.83986667,1.0,8.7,1.036,25.11,0.18,105.6
2018-06-24T06:30:00Z,BUD,Budds_Landing,39.37225,-75.83986667,1.0,9.0,1.072,25.08,0.18,109.2
2018-06-24T06:45:00Z,BUD,Budds_Landing,39.37225,-75.83986667,1.0,8.98,1.111,25.04,0.18,108.8
2018-06-24T07:00:00Z,BUD,Budds_Landing,39.37225,-75.83986667,1.0,9.0,1.153,24.99,0.18,108.9
2018-06-24T07:15:00Z,BUD,Budds_Landing,39.37225,-75.83986667,1.0,8.81,1.195,24.99,0.18,106.6
2018-06-24T07:30:00Z,BUD,Budds_Landing,39.37225,-75.83986667,1.0,8.64,1.238,24.99,0.18,104.6
2018-06-24T07:45:00Z,BUD,Budds_Landing,39.37225,-75.83986667,1.0,8.17,1.282,25.01,0.19,98.9
2018-06-24T08:00:00Z,BUD,Budds_Landing,39.37225,-75.83986667,1.0,7.56,1.325,25.05,0.2,91.7
2018-06-24T08:15:00Z,BUD,Budds_Landing,39.37225,-75.83986667,1.0,7.54,1.366,25.07,0.2,91.4
2018-06-24T08:30:00Z,BUD,Budds_Landing,39.37225,-75.83986667,1.0,7.5,1.407,25.07,0.2,91.0
2018-06-24T08:45:00Z,BUD,Budds_Landing,39.37225,-75.83986667,1.0,7.47,1.444,25.11,0.2,90.6
2018-06-24T09:00:00Z,BUD,Budds_Landing,39.37225,-75.83986667,1.0,7.46,1.483,25.12,0.2,90.6
2018-06-24T09:15:00Z,BUD,Budds_Landing,39.37225,-75.83986667,1.0,7.41,1.521,25.14,0.2,90.0
2018-06-24T09:30:00Z,BUD,Budds_Landing,39.37225,-75.83986667,1.0,7.34,1.554,25.15,0.2,89.2
2018-06-24T09:45:00Z,BUD,Budds_Landing,39.37225,-75.83986667,1.0,7.24,1.582,25.16,0.2,88.0
2018-06-24T10:00:00Z,BUD,Budds_Landing,39.37225,-75.83986667,1.0,7.18,1.609,25.16,0.2,87.3
2018-06-24T10:15:00Z,BUD,Budds_Landing,39.37225,-75.83986667,1.0,7.14,1.632,25.17,0.2,86.8
2018-06-24T10:30:00Z,BUD,Budds_Landing,39.37225,-75.83986667,1.0,7.1,1.648,25.19,0.2,86.3
2018-06-24T10:45:00Z,BUD,Budds_Landing,39.37225,-75.83986667,1.0,6.98,1.657,25.2,0.2,84.9
2018-06-24T11:00:00Z,BUD,Budds_Landing,39.37225,-75.83986667,1.0,6.85,1.66,25.18,0.2,83.3
2018-06-24T11:15:00Z,BUD,Budds_Landing,39.37225,-75.83986667,1.0,6.84,1.659,25.17,0.2,83.2
2018-06-24T11:30:00Z,BUD,Budds_Landing,39.37225,-75.83986667,1.0,6.78,1.651,25.14,0.2,82.3
2018-06-24T11:45:00Z,BUD,Budds_Landing,39.37225,-75.83986667,1.0,6.68,1.642,25.19,0.2,81.2
2018-06-24T12:00:00Z,BUD,Budds_Landing,39.37225,-75.83986667,1.0,6.74,1.63,25.09,0.2,81.8
2018-06-24T12:15:00Z,BUD,Budds_Landing,39.37225,-75.83986667,1.0,6.88,1.613,25.05,0.2,83.5
2018-06-24T12:30:00Z,BUD,Budds_Landing,39.37225,-75.83986667,1.0,7.06,1.59,25.13,0.2,85.7
2018-06-24T12:45:00Z,BUD,Budds_Landing,39.37225,-75.83986667,1.0,7.2,1.562,25.09,0.2,87.4
2018-06-24T13:00:00Z,BUD,Budds_Landing,39.37225,-75.83986667,1.0,7.39,1.531,25.07,0.19,89.6
2018-06-24T13:15:00Z,BUD,Budds_Landing,39.37225,-75.83986667,1.0,7.47,1.495,25.14,0.2,90.7
2018-06-24T13:30:00Z,BUD,Budds_Landing,39.37225,-75.83986667,1.0,7.62,1.458,25.2,0.2,92.6
2018-06-24T13:45:00Z,BUD,Budds_Landing,39.37225,-75.83986667,1.0,7.82,1.423,25.09,0.19,94.9
2018-06-24T14:00:00Z,BUD,Budds_Landing,39.37225,-75.83986667,1.0,7.88,1.387,25.25,0.2,95.9
2018-06-24T14:15:00Z,BUD,Budds_Landing,39.37225,-75.83986667,1.0,7.87,1.349,25.11,0.19,95.5
2018-06-24T14:30:00Z,BUD,Budds_Landing,39.37225,-75.83986667,1.0,7.94,1.312,25.15,0.19,96.4
2018-06-24T14:45:00Z,BUD,Budds_Landing,39.37225,-75.83986667,1.0,7.91,1.274,25.13,0.19,96.1
2018-06-24T15:00:00Z,BUD,Budds_Landing,39.37225,-75.83986667,1.0,8.48,1.228,25.26,0.19,103.3
2018-06-24T15:15:00Z,BUD,Budds_Landing,39.37225,-75.83986667,1.0,8.91,1.186,25.21,0.18,108.3
2018-06-24T15:30:00Z,BUD,Budds_Landing,39.37225,-75.83986667,1.0,9.04,1.146,25.18,0.18,109.9
2018-06-24T15:45:00Z,BUD,Budds_Landing,39.37225,-75.83986667,1.0,9.09,1.109,25.26,0.18,110.6
2018-06-24T16:00:00Z,BUD,Budds_Landing,39.37225,-75.83986667,1.0,9.03,1.077,25.19,0.17,109.8
2018-06-24T16:15:00Z,BUD,Budds_Landing,39.37225,-75.83986667,1.0,9.43,0.97,25.31,0.18,114.9
2018-06-24T16:30:00Z,BUD,Budds_Landing,39.37225,-75.83986667,1.0,9.33,0.925,25.5,0.19,114.1
2018-06-24T16:45:00Z,BUD,Budds_Landing,39.37225,-75.83986667,1.0,9.41,0.869,25.35,0.18,114.7
2018-06-24T17:00:00Z,BUD,Budds_Landing,39.37225,-75.83986667,1.0,10.24,0.85,25.45,0.16,125.0
2018-06-24T17:15:00Z,BUD,Budds_Landing,39.37225,-75.83986667,1.0,11.01,0.83,25.46,0.16,134.5
2018-06-24T17:30:00Z,BUD,Budds_Landing,39.37225,-75.83986667,1.0,11.04,0.817,25.37,0.16,134.6
2018-06-24T17:45:00Z,BUD,Budds_Landing,39.37225,-75.83986667,1.0,11.16,0.81,25.52,0.15,136.5
2018-06-24T18:00:00Z,BUD,Budds_Landing,39.37225,-75.83986667,1.0,10.91,0.808,25.47,0.15,133.3
2018-06-24T18:15:00Z,BUD,Budds_Landing,39.37225,-75.83986667,1.0,11.63,0.806,26.07,0.16,143.7
2018-06-24T18:30:00Z,BUD,Budds_Landing,39.37225,-75.83986667,1.0,11.93,0.809,26.88,0.17,149.6
2018-06-24T18:45:00Z,BUD,Budds_Landing,39.37225,-75.83986667,1.0,12.62,0.818,27.11,0.17,158.9
2018-06-24T19:00:00Z,BUD,Budds_Landing,39.37225,-75.83986667,1.0,14.01,0.837,27.82,0.17,178.5
2018-06-24T19:15:00Z,BUD,Budds_Landing,39.37225,-75.83986667,1.0,14.29,0.85,28.19,0.18,183.3
2018-06-24T19:30:00Z,BUD,Budds_Landing,39.37225,-75.83986667,1.0,14.13,0.848,28.39,0.19,181.9
2018-06-24T19:45:00Z,BUD,Budds_Landing,39.37225,-75.83986667,1.0,13.85,0.875,28.5,0.19,178.7
2018-06-24T20:00:00Z,BUD,Budds_Landing,39.37225,-75.83986667,1.0,14.05,0.9,28.3,0.19,180.6
2018-06-24T20:15:00Z,BUD,Budds_Landing,39.37225,-75.83986667,1.0,14.3,0.931,28.24,0.18,183.7
2018-06-24T20:30:00Z,BUD,Budds_Landing,39.37225,-75.83986667,1.0,14.15,0.967,28.22,0.18,181.6
2018-06-24T20:45:00Z,BUD,Budds_Landing,39.37225,-75.83986667,1.0,13.5,1.002,28.01,0.18,172.6
2018-06-24T21:00:00Z,BUD,Budds_Landing,39.37225,-75.83986667,1.0,12.65,1.037,27.71,0.19,160.9
2018-06-24T21:15:00Z,BUD,Budds_Landing,39.37225,-75.83986667,1.0,12.41,1.066,27.59,0.2,157.6
2018-06-24T21:30:00Z,BUD,Budds_Landing,39.37225,-75.83986667,1.0,11.97,1.097,27.59,0.2,151.9
2018-06-24T21:45:00Z,BUD,Budds_Landing,39.37225,-75.83986667,1.0,11.74,1.123,27.52,0.2,148.8
2018-06-24T22:00:00Z,BUD,Budds_Landing,39.37225,-75.83986667,1.0,11.56,1.148,27.43,0.2,146.4
2018-06-24T22:15:00Z,BUD,Budds_Landing,39.37225,-75.83986667,1.0,11.35,1.17,27.42,0.2,143.7
2018-06-24T22:30:00Z,BUD,Budds_Landing,39.37225,-75.83986667,1.0,11.39,1.189,27.43,0.2,144.2
2018-06-24T22:45:00Z,BUD,Budds_Landing,39.37225,-75.83986667,1.0,11.29,1.204,27.43,0.2,142.9
2018-06-24T23:00:00Z,BUD,Budds_Landing,39.37225,-75.83986667,1.0,11.55,1.217,27.53,0.21,146.4
2018-06-24T23:15:00Z,BUD,Budds_Landing,39.37225,-75.83986667,1.0,11.11,1.221,27.47,0.21,140.7
2018-06-24T23:30:00Z,BUD,Budds_Landing,39.37225,-75.83986667,1.0,11.13,1.22,27.49,0.21,141.0
2018-06-24T23:45:00Z,BUD,Budds_Landing,39.37225,-75.83986667,1.0,11.14,1.22,27.49,0.21,141.2
2018-06-25T00:00:44Z,BUD,Budds_Landing,39.37225,-75.83986667,1.0,11.09,NaN,27.5,0.21,140.5
2018-06-25T00:15:45Z,BUD,Budds_Landing,39.37225,-75.83986667,1.0,10.97,NaN,27.5,0.21,139.0
2018-06-25T00:30:44Z,BUD,Budds_Landing,39.37225,-75.83986667,1.0,10.82,NaN,27.49,0.21,137.1
2018-06-25T00:45:44Z,BUD,Budds_Landing,39.37225,-75.83986667,1.0,11.22,NaN,27.34,0.2,141.8
2018-06-25T01:00:44Z,BUD,Budds_Landing,39.37225,-75.83986667,1.0,11.06,NaN,27.42,0.2,140.0
2018-06-25T01:15:44Z,BUD,Budds_Landing,39.37225,-75.83986667,1.0,11.05,NaN,27.37,0.2,139.7
2018-06-25T01:30:44Z,BUD,Budds_Landing,39.37225,-75.83986667,1.0,11.32,NaN,27.31,0.2,142.9
2018-06-25T01:45:44Z,BUD,Budds_Landing,39.37225,-75.83986667,1.0,11.18,NaN,27.24,0.19,141.1
2018-06-25T02:00:44Z,BUD,Budds_Landing,39.37225,-75.83986667,1.0,11.26,NaN,27.16,0.19,141.8
2018-06-25T02:15:45Z,BUD,Budds_Landing,39.37225,-75.83986667,1.0,11.38,NaN,27.26,0.19,143.6
2018-06-25T02:30:44Z,BUD,Budds_Landing,39.37225,-75.83986667,1.0,11.27,NaN,27.27,0.19,142.3
2018-06-25T02:45:44Z,BUD,Budds_Landing,39.37225,-75.83986667,1.0,11.19,NaN,27.21,0.19,141.1
2018-06-25T03:00:44Z,BUD,Budds_Landing,39.37225,-75.83986667,1.0,11.27,NaN,27.22,0.19,142.1
2018-06-25T03:15:44Z,BUD,Budds_Landing,39.37225,-75.83986667,1.0,11.1,NaN,27.2,0.19,139.9
2018-06-25T03:30:44Z,BUD,Budds_Landing,39.37225,-75.83986667,1.0,10.96,NaN,27.14,0.19,138.0
2018-06-25T03:45:44Z,BUD,Budds_Landing,39.37225,-75.83986667,1.0,11.2,NaN,27.14,0.18,141.0
2018-06-25T04:00:45Z,BUD,Budds_Landing,39.37225,-75.83986667,1.0,10.92,NaN,27.14,0.19,137.5
2018-06-25T04:15:44Z,BUD,Budds_Landing,39.37225,-75.83986667,1.0,10.68,NaN,27.08,0.18,134.4
2018-06-25T04:30:44Z,BUD,Budds_Landing,39.37225,-75.83986667,1.0,11.18,NaN,27.04,0.17,140.6
2018-06-25T04:45:44Z,BUD,Budds_Landing,39.37225,-75.83986667,1.0,11.31,NaN,26.98,0.17,142.0
2018-06-25T00:00:00Z,BUD,Budds_Landing,39.37225,-75.83986667,1.0,11.02,1.22,27.49,0.21,139.6
2018-06-25T00:15:00Z,BUD,Budds_Landing,39.37225,-75.83986667,1.0,10.98,1.219,27.5,0.21,139.2
2018-06-25T00:30:00Z,BUD,Budds_Landing,39.37225,-75.83986667,1.0,11.07,1.221,27.39,0.2,140.0
2018-06-25T00:45:00Z,BUD,Budds_Landing,39.37225,-75.83986667,1.0,11.13,1.218,27.31,0.2,140.6
2018-06-25T01:00:00Z,BUD,Budds_Landing,39.37225,-75.83986667,1.0,11.17,1.233,27.38,0.2,141.3
2018-06-25T01:15:00Z,BUD,Budds_Landing,39.37225,-75.83986667,1.0,11.35,1.248,27.27,0.19,143.3
2018-06-25T01:30:00Z,BUD,Budds_Landing,39.37225,-75.83986667,1.0,11.28,1.238,27.27,0.19,142.4
2018-06-25T01:45:00Z,BUD,Budds_Landing,39.37225,-75.83986667,1.0,10.94,1.2,27.24,0.2,138.0
2018-06-25T02:00:00Z,BUD,Budds_Landing,39.37225,-75.83986667,1.0,11.16,1.147,27.2,0.19,140.7
2018-06-25T02:15:00Z,BUD,Budds_Landing,39.37225,-75.83986667,1.0,11.5,1.072,27.3,0.19,145.2
2018-06-25T02:30:00Z,BUD,Budds_Landing,39.37225,-75.83986667,1.0,11.19,0.999,27.23,0.19,141.2
2018-06-25T02:45:00Z,BUD,Budds_Landing,39.37225,-75.83986667,1.0,11.18,0.938,27.22,0.19,140.9
2018-06-25T03:00:00Z,BUD,Budds_Landing,39.37225,-75.83986667,1.0,11.3,0.9,27.2,0.19,142.5
2018-06-25T03:15:00Z,BUD,Budds_Landing,39.37225,-75.83986667,1.0,11.02,0.874,27.19,0.19,138.8
2018-06-25T03:30:00Z,BUD,Budds_Landing,39.37225,-75.83986667,1.0,10.98,0.857,27.15,0.19,138.3
2018-06-25T03:45:00Z,BUD,Budds_Landing,39.37225,-75.83986667,1.0,10.93,0.839,27.16,0.19,137.7
2018-06-25T04:00:00Z,BUD,Budds_Landing,39.37225,-75.83986667,1.0,11.0,0.82,27.11,0.18,138.5
2018-06-25T04:15:00Z,BUD,Budds_Landing,39.37225,-75.83986667,1.0,10.65,0.801,27.06,0.18,134.0
2018-06-25T04:30:00Z,BUD,Budds_Landing,39.37225,-75.83986667,1.0,11.34,0.784,27.01,0.17,142.4
2018-06-25T04:45:00Z,BUD,Budds_Landing,39.37225,-75.83986667,1.0,10.97,0.77,26.99,0.17,137.8
2018-06-25T05:00:45Z,BUD,Budds_Landing,39.37225,-75.83986667,1.0,11.27,NaN,26.96,0.17,141.5
2018-06-25T05:15:44Z,BUD,Budds_Landing,39.37225,-75.83986667,1.0,11.08,NaN,26.96,0.17,139.1
2018-06-25T05:30:44Z,BUD,Budds_Landing,39.37225,-75.83986667,1.0,11.16,NaN,26.94,0.17,140.0
2018-06-25T05:45:44Z,BUD,Budds_Landing,39.37225,-75.83986667,1.0,11.1,NaN,26.9,0.16,139.2
2018-06-25T06:00:44Z,BUD,Budds_Landing,39.37225,-75.83986667,1.0,10.91,NaN,26.82,0.16,136.6
2018-06-25T06:15:44Z,BUD,Budds_Landing,39.37225,-75.83986667,1.0,10.73,NaN,26.84,0.16,134.4
2018-06-25T06:30:44Z,BUD,Budds_Landing,39.37225,-75.83986667,1.0,10.9,NaN,26.81,0.16,136.4
2018-06-25T06:45:44Z,BUD,Budds_Landing,39.37225,-75.83986667,1.0,10.22,NaN,26.79,0.17,127.9
2018-06-25T07:00:44Z,BUD,Budds_Landing,39.37225,-75.83986667,1.0,10.23,NaN,26.76,0.18,127.9
2018-06-25T07:15:44Z,BUD,Budds_Landing,39.37225,-75.83986667,1.0,10.04,NaN,26.64,0.18,125.3
2018-06-25T07:30:45Z,BUD,Budds_Landing,39.37225,-75.83986667,1.0,10.21,NaN,26.58,0.17,127.3
2018-06-25T07:45:44Z,BUD,Budds_Landing,39.37225,-75.83986667,1.0,10.43,NaN,26.56,0.17,129.9
2018-06-25T08:00:45Z,BUD,Budds_Landing,39.37225,-75.83986667,1.0,10.4,NaN,26.54,0.17,129.6
2018-06-25T08:15:45Z,BUD,Budds_Landing,39.37225,-75.83986667,1.0,10.35,NaN,26.52,0.17,128.9
2018-06-25T08:30:44Z,BUD,Budds_Landing,39.37225,-75.83986667,1.0,10.28,NaN,26.51,0.16,128.0
2018-06-25T08:45:45Z,BUD,Budds_Landing,39.37225,-75.83986667,1.0,9.83,NaN,26.54,0.18,122.4
2018-06-25T09:00:45Z,BUD,Budds_Landing,39.37225,-75.83986667,1.0,9.21,NaN,26.45,0.19,114.6
2018-06-25T09:15:45Z,BUD,Budds_Landing,39.37225,-75.83986667,1.0,9.01,NaN,26.37,0.19,112.0
2018-06-25T09:30:45Z,BUD,Budds_Landing,39.37225,-75.83986667,1.0,8.92,NaN,26.39,0.19,110.8
2018-06-25T09:45:44Z,BUD,Budds_Landing,39.37225,-75.83986667,1.0,8.76,NaN,26.41,0.19,108.9
2018-06-25T10:00:45Z,BUD,Budds_Landing,39.37225,-75.83986667,1.0,8.61,NaN,26.37,0.19,106.9
2018-06-25T10:15:45Z,BUD,Budds_Landing,39.37225,-75.83986667,1.0,8.58,NaN,26.36,0.19,106.6
2018-06-25T10:30:45Z,BUD,Budds_Landing,39.37225,-75.83986667,1.0,8.54,NaN,26.33,0.2,106.0
2018-06-25T10:45:44Z,BUD,Budds_Landing,39.37225,-75.83986667,1.0,8.47,NaN,26.32,0.2,105.1
2018-06-25T11:00:45Z,BUD,Budds_Landing,39.37225,-75.83986667,1.0,8.39,NaN,26.28,0.2,104.0
2018-06-25T11:15:45Z,BUD,Budds_Landing,39.37225,-75.83986667,1.0,8.21,NaN,26.29,0.2,101.8
2018-06-25T11:30:45Z,BUD,Budds_Landing,39.37225,-75.83986667,1.0,8.3,NaN,26.26,0.2,102.9
2018-06-25T11:45:45Z,BUD,Budds_Landing,39.37225,-75.83986667,1.0,8.25,NaN,26.23,0.2,102.2
2018-06-25T12:00:45Z,BUD,Budds_Landing,39.37225,-75.83986667,1.0,8.41,NaN,26.2,0.2,104.1
2018-06-25T12:15:44Z,BUD,Budds_Landing,39.37225,-75.83986667,1.0,8.4,NaN,26.21,0.19,104.0
2018-06-25T12:30:45Z,BUD,Budds_Landing,39.37225,-75.83986667,1.0,8.43,NaN,26.2,0.19,104.4
2018-06-25T12:45:45Z,BUD,Budds_Landing,39.37225,-75.83986667,1.0,8.88,NaN,26.22,0.19,110.0
2018-06-25T13:00:44Z,BUD,Budds_Landing,39.37225,-75.83986667,1.0,8.69,NaN,26.17,0.18,107.5
2018-06-25T13:15:45Z,BUD,Budds_Landing,39.37225,-75.83986667,1.0,9.13,NaN,26.3,0.19,113.3
2018-06-25T13:30:45Z,BUD,Budds_Landing,39.37225,-75.83986667,1.0,9.09,NaN,26.32,0.19,112.8
2018-06-25T13:45:45Z,BUD,Budds_Landing,39.37225,-75.83986667,1.0,8.71,NaN,26.28,0.19,108.1
2018-06-25T14:00:44Z,BUD,Budds_Landing,39.37225,-75.83986667,1.0,8.52,NaN,26.25,0.19,105.5
2018-06-25T14:15:45Z,BUD,Budds_Landing,39.37225,-75.83986667,1.0,9.4,NaN,26.36,0.19,116.7
2018-06-25T14:30:45Z,BUD,Budds_Landing,39.37225,-75.83986667,1.0,10.04,NaN,26.45,0.18,124.9
2018-06-25T14:45:45Z,BUD,Budds_Landing,39.37225,-75.83986667,1.0,10.19,NaN,26.51,0.18,126.9
2018-06-25T15:00:44Z,BUD,Budds_Landing,39.37225,-75.83986667,1.0,10.13,NaN,26.51,0.18,126.2
2018-06-25T15:15:45Z,BUD,Budds_Landing,39.37225,-75.83986667,1.0,10.4,NaN,26.59,0.18,129.6
2018-06-25T15:30:44Z,BUD,Budds_Landing,39.37225,-75.83986667,1.0,10.64,NaN,26.57,0.18,132.6
2018-06-25T15:45:45Z,BUD,Budds_Landing,39.37225,-75.83986667,1.0,11.24,NaN,26.62,0.17,140.2
2018-06-25T16:00:44Z,BUD,Budds_Landing,39.37225,-75.83986667,1.0,11.82,NaN,26.85,0.17,148.1
2018-06-25T16:15:44Z,BUD,Budds_Landing,39.37225,-75.83986667,1.0,11.88,NaN,26.99,0.17,149.2
2018-06-25T16:30:44Z,BUD,Budds_Landing,39.37225,-75.83986667,1.0,11.94,NaN,27.02,0.17,150.0
2018-06-25T16:45:44Z,BUD,Budds_Landing,39.37225,-75.83986667,1.0,12.38,NaN,27.04,0.16,155.6
2018-06-25T17:00:44Z,BUD,Budds_Landing,39.37225,-75.83986667,1.0,12.42,NaN,27.15,0.17,156.4
2018-06-25T17:15:44Z,BUD,Budds_Landing,39.37225,-75.83986667,1.0,12.31,NaN,27.18,0.16,155.0
2018-06-25T17:30:44Z,BUD,Budds_Landing,39.37225,-75.83986667,1.0,12.21,NaN,27.27,0.16,154.2
2018-06-25T17:45:44Z,BUD,Budds_Landing,39.37225,-75.83986667,1.0,12.57,NaN,27.37,0.16,158.9
2018-06-25T18:00:44Z,BUD,Budds_Landing,39.37225,-75.83986667,1.0,12.52,NaN,27.43,0.16,158.5
2018-06-25T18:15:44Z,BUD,Budds_Landing,39.37225,-75.83986667,1.0,12.48,NaN,27.45,0.15,158.1
2018-06-25T18:30:44Z,BUD,Budds_Landing,39.37225,-75.83986667,1.0,12.53,NaN,27.49,0.14,158.7
2018-06-25T18:45:44Z,BUD,Budds_Landing,39.37225,-75.83986667,1.0,12.63,NaN,27.6,0.14,160.3
2018-06-25T19:00:44Z,BUD,Budds_Landing,39.37225,-75.83986667,1.0,12.88,NaN,27.71,0.14,163.8
2018-06-25T19:15:44Z,BUD,Budds_Landing,39.37225,-75.83986667,1.0,12.42,NaN,27.66,0.14,157.8
2018-06-25T19:30:44Z,BUD,Budds_Landing,39.37225,-75.83986667,1.0,12.41,NaN,27.65,0.14,157.7
2018-06-25T19:45:44Z,BUD,Budds_Landing,39.37225,-75.83986667,1.0,12.48,NaN,27.72,0.14,158.8
2018-06-25T20:00:44Z,BUD,Budds_Landing,39.37225,-75.83986667,1.0,13.17,NaN,28.24,0.15,169.1
2018-06-25T20:15:43Z,BUD,Budds_Landing,39.37225,-75.83986667,1.0,13.69,NaN,28.54,0.15,176.7
2018-06-25T20:30:43Z,BUD,Budds_Landing,39.37225,-75.83986667,1.0,14.56,NaN,28.59,0.15,188.1
2018-06-25T20:45:43Z,BUD,Budds_Landing,39.37225,-75.83986667,1.0,14.87,NaN,28.87,0.15,193.1
2018-06-25T21:00:44Z,BUD,Budds_Landing,39.37225,-75.83986667,1.0,15.32,NaN,28.73,0.16,198.4
2018-06-25T21:15:44Z,BUD,Budds_Landing,39.37225,-75.83986667,1.0,15.31,NaN,28.7,0.16,198.1
2018-06-25T21:30:44Z,BUD,Budds_Landing,39.37225,-75.83986667,1.0,15.25,NaN,28.67,0.16,197.3
2018-06-25T21:45:44Z,BUD,Budds_Landing,39.37225,-75.83986667,1.0,14.94,NaN,28.51,0.16,192.8
2018-06-25T22:00:43Z,BUD,Budds_Landing,39.37225,-75.83986667,1.0,15.35,NaN,28.42,0.15,197.7
2018-06-25T22:15:43Z,BUD,Budds_Landing,39.37225,-75.83986667,1.0,15.55,NaN,28.42,0.15,200.3
2018-06-25T22:30:43Z,BUD,Budds_Landing,39.37225,-75.83986667,1.0,15.62,NaN,28.47,0.16,201.4
2018-06-25T22:45:43Z,BUD,Budds_Landing,39.37225,-75.83986667,1.0,15.74,NaN,28.61,0.17,203.4
2018-06-25T23:00:43Z,BUD,Budds_Landing,39.37225,-75.83986667,1.0,15.2,NaN,28.53,0.17,196.1
2018-06-25T23:15:44Z,BUD,Budds_Landing,39.37225,-75.83986667,1.0,15.29,NaN,28.48,0.17,197.2
2018-06-25T23:30:44Z,BUD,Budds_Landing,39.37225,-75.83986667,1.0,15.18,NaN,28.46,0.17,195.6
2018-06-25T23:45:44Z,BUD,Budds_Landing,39.37225,-75.83986667,1.0,14.83,NaN,28.41,0.17,191.0
2018-06-25T05:00:00Z,BUD,Budds_Landing,39.37225,-75.83986667,1.0,11.05,0.763,26.97,0.17,138.7
2018-06-25T05:15:00Z,BUD,Budds_Landing,39.37225,-75.83986667,1.0,11.15,0.761,26.94,0.17,139.9
2018-06-25T05:30:00Z,BUD,Budds_Landing,39.37225,-75.83986667,1.0,11.2,0.764,26.93,0.16,140.5
2018-06-25T05:45:00Z,BUD,Budds_Landing,39.37225,-75.83986667,1.0,10.74,0.777,26.86,0.16,134.6
2018-06-25T06:00:00Z,BUD,Budds_Landing,39.37225,-75.83986667,1.0,10.78,0.792,26.85,0.16,135.0
2018-06-25T06:15:00Z,BUD,Budds_Landing,39.37225,-75.83986667,1.0,10.79,0.801,26.81,0.16,135.1
2018-06-25T06:30:00Z,BUD,Budds_Landing,39.37225,-75.83986667,1.0,10.39,0.819,26.8,0.17,130.1
2018-06-25T06:45:00Z,BUD,Budds_Landing,39.37225,-75.83986667,1.0,10.3,0.849,26.76,0.17,128.8
2018-06-25T07:00:00Z,BUD,Budds_Landing,39.37225,-75.83986667,1.0,10.4,0.845,26.74,0.17,130.1
2018-06-25T07:15:00Z,BUD,Budds_Landing,39.37225,-75.83986667,1.0,10.02,0.86,26.59,0.18,124.9
2018-06-25T07:30:00Z,BUD,Budds_Landing,39.37225,-75.83986667,1.0,10.43,0.895,26.58,0.17,130.0
2018-06-25T07:45:00Z,BUD,Budds_Landing,39.37225,-75.83986667,1.0,10.34,0.94,26.55,0.17,128.8
2018-06-25T08:00:00Z,BUD,Budds_Landing,39.37225,-75.83986667,1.0,10.41,0.987,26.53,0.17,129.6
2018-06-25T08:15:00Z,BUD,Budds_Landing,39.37225,-75.83986667,1.0,10.34,1.031,26.53,0.16,128.7
2018-06-25T08:30:00Z,BUD,Budds_Landing,39.37225,-75.83986667,1.0,10.04,1.072,26.55,0.17,125.1
2018-06-25T08:45:00Z,BUD,Budds_Landing,39.37225,-75.83986667,1.0,9.61,1.112,26.5,0.18,119.6
2018-06-25T09:00:00Z,BUD,Budds_Landing,39.37225,-75.83986667,1.0,9.06,1.151,26.41,0.19,112.6
2018-06-25T09:15:00Z,BUD,Budds_Landing,39.37225,-75.83986667,1.0,8.94,1.189,26.38,0.19,111.1
2018-06-25T09:30:00Z,BUD,Budds_Landing,39.37225,-75.83986667,1.0,8.85,1.225,26.38,0.19,109.9
2018-06-25T09:45:00Z,BUD,Budds_Landing,39.37225,-75.83986667,1.0,8.69,1.267,26.39,0.19,108.0
2018-06-25T10:00:00Z,BUD,Budds_Landing,39.37225,-75.83986667,1.0,8.6,1.302,26.39,0.2,106.9
2018-06-25T10:15:00Z,BUD,Budds_Landing,39.37225,-75.83986667,1.0,8.54,1.331,26.35,0.19,106.0
2018-06-25T10:30:00Z,BUD,Budds_Landing,39.37225,-75.83986667,1.0,8.49,1.359,26.33,0.2,105.3
2018-06-25T10:45:00Z,BUD,Budds_Landing,39.37225,-75.83986667,1.0,8.44,1.382,26.29,0.2,104.6
2018-06-25T11:00:00Z,BUD,Budds_Landing,39.37225,-75.83986667,1.0,8.32,1.398,26.29,0.2,103.2
2018-06-25T11:15:00Z,BUD,Budds_Landing,39.37225,-75.83986667,1.0,8.14,1.407,26.27,0.2,101.0
2018-06-25T11:30:00Z,BUD,Budds_Landing,39.37225,-75.83986667,1.0,8.31,1.404,26.26,0.2,103.0
2018-06-25T11:45:00Z,BUD,Budds_Landing,39.37225,-75.83986667,1.0,8.29,1.391,26.18,0.2,102.6
2018-06-25T12:00:00Z,BUD,Budds_Landing,39.37225,-75.83986667,1.0,8.32,1.383,26.23,0.2,103.0
2018-06-25T12:15:00Z,BUD,Budds_Landing,39.37225,-75.83986667,1.0,8.5,1.375,26.21,0.19,105.2
2018-06-25T12:30:00Z,BUD,Budds_Landing,39.37225,-75.83986667,1.0,8.44,1.369,26.2,0.19,104.5
2018-06-25T12:45:00Z,BUD,Budds_Landing,39.37225,-75.83986667,1.0,8.85,1.353,26.19,0.19,109.5
2018-06-25T13:00:00Z,BUD,Budds_Landing,39.37225,-75.83986667,1.0,9.27,1.326,26.29,0.19,114.9
2018-06-25T13:15:00Z,BUD,Budds_Landing,39.37225,-75.83986667,1.0,9.19,1.292,26.32,0.19,114.0
2018-06-25T13:30:00Z,BUD,Budds_Landing,39.37225,-75.83986667,1.0,8.78,1.255,26.31,0.19,109.0
2018-06-25T13:45:00Z,BUD,Budds_Landing,39.37225,-75.83986667,1.0,8.54,1.218,26.25,0.19,105.8
2018-06-25T14:00:00Z,BUD,Budds_Landing,39.37225,-75.83986667,1.0,8.97,1.18,26.31,0.19,111.3
2018-06-25T14:15:00Z,BUD,Budds_Landing,39.37225,-75.83986667,1.0,9.83,1.144,26.43,0.18,122.2
2018-06-25T14:30:00Z,BUD,Budds_Landing,39.37225,-75.83986667,1.0,10.17,1.109,26.47,0.18,126.6
2018-06-25T14:45:00Z,BUD,Budds_Landing,39.37225,-75.83986667,1.0,10.51,1.064,26.65,0.19,131.2
2018-06-25T15:00:00Z,BUD,Budds_Landing,39.37225,-75.83986667,1.0,10.24,1.028,26.5,0.18,127.5
2018-06-25T15:15:00Z,BUD,Budds_Landing,39.37225,-75.83986667,1.0,10.33,0.984,26.59,0.18,128.8
2018-06-25T15:30:00Z,BUD,Budds_Landing,39.37225,-75.83986667,1.0,11.18,0.922,26.75,0.18,139.8
2018-06-25T15:45:00Z,BUD,Budds_Landing,39.37225,-75.83986667,1.0,11.42,0.889,26.79,0.17,142.9
2018-06-25T16:00:00Z,BUD,Budds_Landing,39.37225,-75.83986667,1.0,11.81,0.86,26.89,0.17,148.0
2018-06-25T16:15:00Z,BUD,Budds_Landing,39.37225,-75.83986667,1.0,11.52,0.838,26.94,0.17,144.5
2018-06-25T16:30:00Z,BUD,Budds_Landing,39.37225,-75.83986667,1.0,12.39,0.829,27.03,0.17,155.7
2018-06-25T16:45:00Z,BUD,Budds_Landing,39.37225,-75.83986667,1.0,12.37,0.84,27.06,0.16,155.5
2018-06-25T17:00:00Z,BUD,Budds_Landing,39.37225,-75.83986667,1.0,12.51,0.824,27.19,0.17,157.6
2018-06-25T17:15:00Z,BUD,Budds_Landing,39.37225,-75.83986667,1.0,12.33,0.817,27.22,0.16,155.4
2018-06-25T17:30:00Z,BUD,Budds_Landing,39.37225,-75.83986667,1.0,12.29,0.832,27.3,0.16,155.2
2018-06-25T17:45:00Z,BUD,Budds_Landing,39.37225,-75.83986667,1.0,12.55,0.855,27.41,0.16,158.8
2018-06-25T18:00:00Z,BUD,Budds_Landing,39.37225,-75.83986667,1.0,12.65,0.853,27.48,0.16,160.3
2018-06-25T18:15:00Z,BUD,Budds_Landing,39.37225,-75.83986667,1.0,12.5,0.86,27.53,0.14,158.5
2018-06-25T18:30:00Z,BUD,Budds_Landing,39.37225,-75.83986667,1.0,12.71,0.852,27.55,0.14,161.2
2018-06-25T18:45:00Z,BUD,Budds_Landing,39.37225,-75.83986667,1.0,12.73,0.857,27.65,0.14,161.8
2018-06-25T19:00:00Z,BUD,Budds_Landing,39.37225,-75.83986667,1.0,12.45,0.85,27.66,0.14,158.2
2018-06-25T19:15:00Z,BUD,Budds_Landing,39.37225,-75.83986667,1.0,12.25,0.842,27.64,0.14,155.6
2018-06-25T19:30:00Z,BUD,Budds_Landing,39.37225,-75.83986667,1.0,12.35,0.856,27.66,0.14,156.9
2018-06-25T19:45:00Z,BUD,Budds_Landing,39.37225,-75.83986667,1.0,12.44,0.862,28.35,0.15,160.0
2018-06-25T20:00:00Z,BUD,Budds_Landing,39.37225,-75.83986667,1.0,13.55,0.881,28.5,0.15,174.7
2018-06-25T20:15:00Z,BUD,Budds_Landing,39.37225,-75.83986667,1.0,13.96,0.905,28.67,0.15,180.6
2018-06-25T20:30:00Z,BUD,Budds_Landing,39.37225,-75.83986667,1.0,14.31,0.924,28.56,0.15,184.7
2018-06-25T20:45:00Z,BUD,Budds_Landing,39.37225,-75.83986667,1.0,14.98,0.945,28.98,0.16,194.9
2018-06-25T21:00:00Z,BUD,Budds_Landing,39.37225,-75.83986667,1.0,15.13,0.972,28.81,0.15,196.2
2018-06-25T21:15:00Z,BUD,Budds_Landing,39.37225,-75.83986667,1.0,15.15,0.997,28.67,0.16,196.0
2018-06-25T21:30:00Z,BUD,Budds_Landing,39.37225,-75.83986667,1.0,15.32,1.022,28.59,0.17,198.0
2018-06-25T21:45:00Z,BUD,Budds_Landing,39.37225,-75.83986667,1.0,14.9,1.045,28.46,0.16,192.1
2018-06-25T22:00:00Z,BUD,Budds_Landing,39.37225,-75.83986667,1.0,15.11,1.071,28.49,0.15,194.8
2018-06-25T22:15:00Z,BUD,Budds_Landing,39.37225,-75.83986667,1.0,15.64,1.046,28.46,0.16,201.6
2018-06-25T22:30:00Z,BUD,Budds_Landing,39.37225,-75.83986667,1.0,15.64,1.069,28.48,0.16,201.7
2018-06-25T22:45:00Z,BUD,Budds_Landing,39.37225,-75.83986667,1.0,15.32,0.984,28.56,0.17,197.8
2018-06-25T23:00:00Z,BUD,Budds_Landing,39.37225,-75.83986667,1.0,14.94,0.999,28.49,0.17,192.7
2018-06-25T23:15:00Z,BUD,Budds_Landing,39.37225,-75.83986667,1.0,15.31,1.01,28.46,0.17,197.3
2018-06-25T23:30:00Z,BUD,Budds_Landing,39.37225,-75.83986667,1.0,15.0,1.026,28.41,0.17,193.2
2018-06-25T23:45:00Z,BUD,Budds_Landing,39.37225,-75.83986667,1.0,14.64,1.044,28.41,0.17,188.5
2018-06-26T00:00:44Z,BUD,Budds_Landing,39.37225,-75.83986667,1.0,14.56,NaN,28.4,0.17,187.4
2018-06-26T00:15:44Z,BUD,Budds_Landing,39.37225,-75.83986667,1.0,13.95,NaN,28.32,0.18,179.4
2018-06-26T00:30:44Z,BUD,Budds_Landing,39.37225,-75.83986667,1.0,13.85,NaN,28.28,0.18,178.0
2018-06-26T00:45:44Z,BUD,Budds_Landing,39.37225,-75.83986667,1.0,13.87,NaN,28.24,0.18,178.1
2018-06-26T01:00:44Z,BUD,Budds_Landing,39.37225,-75.83986667,1.0,13.63,NaN,28.19,0.18,174.8
2018-06-26T01:15:44Z,BUD,Budds_Landing,39.37225,-75.83986667,1.0,13.47,NaN,28.17,0.18,172.7
2018-06-26T01:30:44Z,BUD,Budds_Landing,39.37225,-75.83986667,1.0,13.67,NaN,28.17,0.18,175.3
2018-06-26T01:45:44Z,BUD,Budds_Landing,39.37225,-75.83986667,1.0,13.68,NaN,28.16,0.18,175.4
2018-06-26T02:00:44Z,BUD,Budds_Landing,39.37225,-75.83986667,1.0,13.82,NaN,28.08,0.17,176.9
2018-06-26T02:15:44Z,BUD,Budds_Landing,39.37225,-75.83986667,1.0,13.65,NaN,27.93,0.16,174.3
2018-06-26T02:30:44Z,BUD,Budds_Landing,39.37225,-75.83986667,1.0,13.39,NaN,27.78,0.16,170.6
2018-06-26T02:45:44Z,BUD,Budds_Landing,39.37225,-75.83986667,1.0,13.13,NaN,27.73,0.16,167.0
2018-06-26T03:00:44Z,BUD,Budds_Landing,39.37225,-75.83986667,1.0,13.07,NaN,27.76,0.16,166.4
2018-06-26T03:15:44Z,BUD,Budds_Landing,39.37225,-75.83986667,1.0,12.71,NaN,27.58,0.15,161.2
2018-06-26T03:30:44Z,BUD,Budds_Landing,39.37225,-75.83986667,1.0,13.1,NaN,27.67,0.16,166.6
2018-06-26T03:45:44Z,BUD,Budds_Landing,39.37225,-75.83986667,1.0,13.03,NaN,27.58,0.16,165.4
2018-06-26T04:00:44Z,BUD,Budds_Landing,39.37225,-75.83986667,1.0,13.05,NaN,27.64,0.16,165.7
2018-06-26T04:15:44Z,BUD,Budds_Landing,39.37225,-75.83986667,1.0,12.95,NaN,27.53,0.17,164.1
2018-06-26T04:30:44Z,BUD,Budds_Landing,39.37225,-75.83986667,1.0,12.55,NaN,27.41,0.16,158.7
2018-06-26T04:45:44Z,BUD,Budds_Landing,39.37225,-75.83986667,1.0,12.45,NaN,27.41,0.16,157.5
2018-06-26T00:00:00Z,BUD,Budds_Landing,39.37225,-75.83986667,1.0,14.27,1.062,28.36,0.18,183.6
2018-06-26T00:15:00Z,BUD,Budds_Landing,39.37225,-75.83986667,1.0,13.96,1.076,28.29,0.18,179.4
2018-06-26T00:30:00Z,BUD,Budds_Landing,39.37225,-75.83986667,1.0,13.91,1.087,28.26,0.18,178.7
2018-06-26T00:45:00Z,BUD,Budds_Landing,39.37225,-75.83986667,1.0,13.78,1.096,28.21,0.18,176.9
2018-06-26T01:00:00Z,BUD,Budds_Landing,39.37225,-75.83986667,1.0,13.55,1.096,28.19,0.18,173.8
2018-06-26T01:15:00Z,BUD,Budds_Landing,39.37225,-75.83986667,1.0,13.65,1.088,28.18,0.18,175.1
2018-06-26T01:30:00Z,BUD,Budds_Landing,39.37225,-75.83986667,1.0,13.53,1.076,28.17,0.18,173.6
2018-06-26T01:45:00Z,BUD,Budds_Landing,39.37225,-75.83986667,1.0,13.69,1.054,28.18,0.18,175.6
2018-06-26T02:00:00Z,BUD,Budds_Landing,39.37225,-75.83986667,1.0,13.85,1.031,28.05,0.16,177.2
2018-06-26T02:15:00Z,BUD,Budds_Landing,39.37225,-75.83986667,1.0,13.59,1.012,27.89,0.16,173.4
2018-06-26T02:30:00Z,BUD,Budds_Landing,39.37225,-75.83986667,1.0,13.19,0.996,27.71,0.16,167.8
2018-06-26T02:45:00Z,BUD,Budds_Landing,39.37225,-75.83986667,1.0,13.19,0.982,27.73,0.16,167.8
2018-06-26T03:00:00Z,BUD,Budds_Landing,39.37225,-75.83986667,1.0,12.68,0.967,27.68,0.16,161.2
2018-06-26T03:15:00Z,BUD,Budds_Landing,39.37225,-75.83986667,1.0,12.89,0.947,27.54,0.15,163.4
2018-06-26T03:30:00Z,BUD,Budds_Landing,39.37225,-75.83986667,1.0,13.11,0.924,27.67,0.16,166.6
2018-06-26T03:45:00Z,BUD,Budds_Landing,39.37225,-75.83986667,1.0,13.06,0.898,27.6,0.16,165.8
2018-06-26T04:00:00Z,BUD,Budds_Landing,39.37225,-75.83986667,1.0,13.05,0.875,27.62,0.16,165.7
2018-06-26T04:15:00Z,BUD,Budds_Landing,39.37225,-75.83986667,1.0,12.96,0.859,27.54,0.16,164.4
2018-06-26T04:30:00Z,BUD,Budds_Landing,39.37225,-75.83986667,1.0,12.67,0.857,27.52,0.16,160.6
2018-06-26T04:45:00Z,BUD,Budds_Landing,39.37225,-75.83986667,1.0,12.22,0.851,27.29,0.16,154.2
2018-06-26T05:00:44Z,BUD,Budds_Landing,39.37225,-75.83986667,1.0,11.85,NaN,27.16,0.15,149.2
2018-06-26T05:15:44Z,BUD,Budds_Landing,39.37225,-75.83986667,1.0,11.74,NaN,27.11,0.15,147.7
2018-06-26T05:30:44Z,BUD,Budds_Landing,39.37225,-75.83986667,1.0,11.64,NaN,27.17,0.15,146.6
2018-06-26T05:45:44Z,BUD,Budds_Landing,39.37225,-75.83986667,1.0,11.59,NaN,27.06,0.14,145.8
2018-06-26T06:00:44Z,BUD,Budds_Landing,39.37225,-75.83986667,1.0,11.09,NaN,26.97,0.14,139.2
2018-06-26T06:15:44Z,BUD,Budds_Landing,39.37225,-75.83986667,1.0,11.04,NaN,26.93,0.14,138.5
2018-06-26T06:30:44Z,BUD,Budds_Landing,39.37225,-75.83986667,1.0,10.98,NaN,26.87,0.14,137.6
2018-06-26T06:45:44Z,BUD,Budds_Landing,39.37225,-75.83986667,1.0,11.15,NaN,26.99,0.16,140.0
2018-06-26T07:00:44Z,BUD,Budds_Landing,39.37225,-75.83986667,1.0,11.03,NaN,26.91,0.15,138.3
2018-06-26T07:15:44Z,BUD,Budds_Landing,39.37225,-75.83986667,1.0,10.96,NaN,26.8,0.14,137.2
2018-06-26T07:30:44Z,BUD,Budds_Landing,39.37225,-75.83986667,1.0,10.98,NaN,26.73,0.14,137.2
2018-06-26T07:45:44Z,BUD,Budds_Landing,39.37225,-75.83986667,1.0,11.24,NaN,26.52,0.16,139.9
2018-06-26T08:00:44Z,BUD,Budds_Landing,39.37225,-75.83986667,1.0,11.16,NaN,26.39,0.16,138.6
2018-06-26T08:15:44Z,BUD,Budds_Landing,39.37225,-75.83986667,1.0,11.08,NaN,26.36,0.16,137.6
2018-06-26T08:30:44Z,BUD,Budds_Landing,39.37225,-75.83986667,1.0,11.03,NaN,26.24,0.16,136.6
2018-06-26T08:45:44Z,BUD,Budds_Landing,39.37225,-75.83986667,1.0,10.89,NaN,26.18,0.16,134.8
2018-06-26T09:00:44Z,BUD,Budds_Landing,39.37225,-75.83986667,1.0,10.69,NaN,26.12,0.16,132.1
2018-06-26T09:15:44Z,BUD,Budds_Landing,39.37225,-75.83986667,1.0,10.37,NaN,26.03,0.17,128.0
2018-06-26T09:30:45Z,BUD,Budds_Landing,39.37225,-75.83986667,1.0,10.15,NaN,25.96,0.18,125.1
2018-06-26T09:45:45Z,BUD,Budds_Landing,39.37225,-75.83986667,1.0,10.12,NaN,26.04,0.18,124.9
2018-06-26T10:00:45Z,BUD,Budds_Landing,39.37225,-75.83986667,1.0,10.04,NaN,26.12,0.18,124.1
2018-06-26T10:15:44Z,BUD,Budds_Landing,39.37225,-75.83986667,1.0,9.92,NaN,26.11,0.18,122.7
2018-06-26T10:30:45Z,BUD,Budds_Landing,39.37225,-75.83986667,1.0,9.86,NaN,26.04,0.18,121.7
2018-06-26T10:45:45Z,BUD,Budds_Landing,39.37225,-75.83986667,1.0,9.82,NaN,25.93,0.18,121.0
2018-06-26T11:00:45Z,BUD,Budds_Landing,39.37225,-75.83986667,1.0,9.95,NaN,25.95,0.19,122.6
2018-06-26T11:15:44Z,BUD,Budds_Landing,39.37225,-75.83986667,1.0,9.85,NaN,25.95,0.19,121.5
2018-06-26T11:30:45Z,BUD,Budds_Landing,39.37225,-75.83986667,1.0,9.87,NaN,25.96,0.19,121.7
2018-06-26T11:45:45Z,BUD,Budds_Landing,39.37225,-75.83986667,1.0,9.88,NaN,25.95,0.19,121.8
2018-06-26T12:00:45Z,BUD,Budds_Landing,39.37225,-75.83986667,1.0,9.89,NaN,25.99,0.19,122.0
2018-06-26T12:15:45Z,BUD,Budds_Landing,39.37225,-75.83986667,1.0,9.93,NaN,26.02,0.2,122.6
2018-06-26T12:30:45Z,BUD,Budds_Landing,39.37225,-75.83986667,1.0,9.79,NaN,26.04,0.2,120.9
2018-06-26T12:45:44Z,BUD,Budds_Landing,39.37225,-75.83986667,1.0,9.72,NaN,26.03,0.2,120.0
2018-06-26T13:00:45Z,BUD,Budds_Landing,39.37225,-75.83986667,1.0,9.7,NaN,26.03,0.2,119.7
2018-06-26T13:15:45Z,BUD,Budds_Landing,39.37225,-75.83986667,1.0,9.32,NaN,26.01,0.19,115.0
2018-06-26T13:30:45Z,BUD,Budds_Landing,39.37225,-75.83986667,1.0,9.12,NaN,25.95,0.19,112.4
2018-06-26T13:45:45Z,BUD,Budds_Landing,39.37225,-75.83986667,1.0,9.53,NaN,25.9,0.19,117.4
2018-06-26T14:00:45Z,BUD,Budds_Landing,39.37225,-75.83986667,1.0,9.9,NaN,25.87,0.19,121.8
2018-06-26T14:15:45Z,BUD,Budds_Landing,39.37225,-75.83986667,1.0,9.91,NaN,25.88,0.19,122.0
2018-06-26T14:30:45Z,BUD,Budds_Landing,39.37225,-75.83986667,1.0,9.94,NaN,25.86,0.18,122.4
2018-06-26T14:45:44Z,BUD,Budds_Landing,39.37225,-75.83986667,1.0,10.23,NaN,25.91,0.18,125.9
2018-06-26T15:00:44Z,BUD,Budds_Landing,39.37225,-75.83986667,1.0,10.04,NaN,25.91,0.18,123.6
2018-06-26T15:15:44Z,BUD,Budds_Landing,39.37225,-75.83986667,1.0,10.22,NaN,25.99,0.18,126.0
2018-06-26T15:30:45Z,BUD,Budds_Landing,39.37225,-75.83986667,1.0,10.15,NaN,26.06,0.18,125.3
2018-06-26T15:45:44Z,BUD,Budds_Landing,39.37225,-75.83986667,1.0,10.29,NaN,26.13,0.18,127.3
2018-06-26T16:00:44Z,BUD,Budds_Landing,39.37225,-75.83986667,1.0,10.78,NaN,26.25,0.18,133.6
2018-06-26T16:15:44Z,BUD,Budds_Landing,39.37225,-75.83986667,1.0,12.2,NaN,26.63,0.18,152.3
2018-06-26T16:30:45Z,BUD,Budds_Landing,39.37225,-75.83986667,1.0,12.23,NaN,26.5,0.18,152.2
2018-06-26T16:45:45Z,BUD,Budds_Landing,39.37225,-75.83986667,1.0,13.24,NaN,26.58,0.18,165.0
2018-06-26T17:00:45Z,BUD,Budds_Landing,39.37225,-75.83986667,1.0,13.41,NaN,26.39,0.18,166.6
2018-06-26T17:15:45Z,BUD,Budds_Landing,39.37225,-75.83986667,1.0,13.48,NaN,26.44,0.17,167.7
2018-06-26T17:30:45Z,BUD,Budds_Landing,39.37225,-75.83986667,1.0,13.59,NaN,26.58,0.17,169.4
2018-06-26T17:45:44Z,BUD,Budds_Landing,39.37225,-75.83986667,1.0,14.67,NaN,27.02,0.17,184.4
2018-06-26T18:00:44Z,BUD,Budds_Landing,39.37225,-75.83986667,1.0,14.02,NaN,26.84,0.17,175.6
2018-06-26T18:15:44Z,BUD,Budds_Landing,39.37225,-75.83986667,1.0,13.75,NaN,26.82,0.17,172.1
2018-06-26T18:30:44Z,BUD,Budds_Landing,39.37225,-75.83986667,1.0,13.38,NaN,26.96,0.17,168.0
2018-06-26T18:45:44Z,BUD,Budds_Landing,39.37225,-75.83986667,1.0,13.69,NaN,27.3,0.17,172.9
2018-06-26T19:00:44Z,BUD,Budds_Landing,39.37225,-75.83986667,1.0,14.63,NaN,27.58,0.17,185.7
2018-06-26T19:15:44Z,BUD,Budds_Landing,39.37225,-75.83986667,1.0,15.54,NaN,27.97,0.17,198.6
2018-06-26T19:30:44Z,BUD,Budds_Landing,39.37225,-75.83986667,1.0,15.46,NaN,27.96,0.17,197.5
2018-06-26T19:45:43Z,BUD,Budds_Landing,39.37225,-75.83986667,1.0,15.98,NaN,28.15,0.17,204.9
2018-06-26T20:00:44Z,BUD,Budds_Landing,39.37225,-75.83986667,1.0,15.64,NaN,28.1,0.18,200.4
2018-06-26T20:15:44Z,BUD,Budds_Landing,39.37225,-75.83986667,1.0,14.89,NaN,27.85,0.16,189.9
2018-06-26T20:30:44Z,BUD,Budds_Landing,39.37225,-75.83986667,1.0,15.25,NaN,27.92,0.16,194.8
2018-06-26T20:45:44Z,BUD,Budds_Landing,39.37225,-75.83986667,1.0,15.71,NaN,28.02,0.17,201.0
2018-06-26T21:00:44Z,BUD,Budds_Landing,39.37225,-75.83986667,1.0,16.23,NaN,28.39,0.17,208.9
2018-06-26T21:15:43Z,BUD,Budds_Landing,39.37225,-75.83986667,1.0,16.97,NaN,28.55,0.18,219.1
2018-06-26T21:30:43Z,BUD,Budds_Landing,39.37225,-75.83986667,1.0,16.6,NaN,28.3,0.17,213.4
2018-06-26T21:45:44Z,BUD,Budds_Landing,39.37225,-75.83986667,1.0,16.88,NaN,28.38,0.18,217.2
2018-06-26T22:00:44Z,BUD,Budds_Landing,39.37225,-75.83986667,1.0,15.71,NaN,27.92,0.18,200.6
2018-06-26T22:15:44Z,BUD,Budds_Landing,39.37225,-75.83986667,1.0,15.76,NaN,28.0,0.19,201.5
2018-06-26T22:30:44Z,BUD,Budds_Landing,39.37225,-75.83986667,1.0,15.36,NaN,27.93,0.19,196.1
2018-06-26T22:45:44Z,BUD,Budds_Landing,39.37225,-75.83986667,1.0,14.95,NaN,27.87,0.19,190.8
2018-06-26T23:00:44Z,BUD,Budds_Landing,39.37225,-75.83986667,1.0,14.66,NaN,27.79,0.19,186.7
2018-06-26T23:15:44Z,BUD,Budds_Landing,39.37225,-75.83986667,1.0,14.48,NaN,27.74,0.2,184.3
2018-06-26T23:30:44Z,BUD,Budds_Landing,39.37225,-75.83986667,1.0,14.13,NaN,27.69,0.2,179.7
2018-06-26T23:45:44Z,BUD,Budds_Landing,39.37225,-75.83986667,1.0,14.0,NaN,27.66,0.2,177.9
2018-06-26T05:00:00Z,BUD,Budds_Landing,39.37225,-75.83986667,1.0,11.88,0.86,27.23,0.15,149.8
2018-06-26T05:15:00Z,BUD,Budds_Landing,39.37225,-75.83986667,1.0,11.71,0.864,27.14,0.15,147.4
2018-06-26T05:30:00Z,BUD,Budds_Landing,39.37225,-75.83986667,1.0,11.64,0.865,27.14,0.15,146.6
2018-06-26T05:45:00Z,BUD,Budds_Landing,39.37225,-75.83986667,1.0,11.16,0.867,27.01,0.14,140.1
2018-06-26T06:00:00Z,BUD,Budds_Landing,39.37225,-75.83986667,1.0,11.0,0.862,26.95,0.15,138.0
2018-06-26T06:15:00Z,BUD,Budds_Landing,39.37225,-75.83986667,1.0,10.99,0.872,26.9,0.14,137.7
2018-06-26T06:30:00Z,BUD,Budds_Landing,39.37225,-75.83986667,1.0,11.18,0.881,26.97,0.14,140.3
2018-06-26T06:45:00Z,BUD,Budds_Landing,39.37225,-75.83986667,1.0,11.14,0.899,26.98,0.15,139.9
2018-06-26T07:00:00Z,BUD,Budds_Landing,39.37225,-75.83986667,1.0,10.9,0.924,26.87,0.14,136.6
2018-06-26T07:15:00Z,BUD,Budds_Landing,39.37225,-75.83986667,1.0,10.95,0.952,26.81,0.15,137.1
2018-06-26T07:30:00Z,BUD,Budds_Landing,39.37225,-75.83986667,1.0,11.07,0.984,26.64,0.15,138.1
2018-06-26T07:45:00Z,BUD,Budds_Landing,39.37225,-75.83986667,1.0,11.22,1.022,26.47,0.16,139.6
2018-06-26T08:00:00Z,BUD,Budds_Landing,39.37225,-75.83986667,1.0,11.12,1.063,26.37,0.16,138.0
2018-06-26T08:15:00Z,BUD,Budds_Landing,39.37225,-75.83986667,1.0,11.09,1.102,26.3,0.16,137.5
2018-06-26T08:30:00Z,BUD,Budds_Landing,39.37225,-75.83986667,1.0,10.99,1.142,26.22,0.16,136.1
2018-06-26T08:45:00Z,BUD,Budds_Landing,39.37225,-75.83986667,1.0,10.82,1.182,26.14,0.16,133.9
2018-06-26T09:00:00Z,BUD,Budds_Landing,39.37225,-75.83986667,1.0,10.49,1.219,26.08,0.17,129.6
2018-06-26T09:15:00Z,BUD,Budds_Landing,39.37225,-75.83986667,1.0,10.25,1.242,26.0,0.18,126.5
2018-06-26T09:30:00Z,BUD,Budds_Landing,39.37225,-75.83986667,1.0,10.15,1.278,26.04,0.18,125.4
2018-06-26T09:45:00Z,BUD,Budds_Landing,39.37225,-75.83986667,1.0,10.13,1.312,25.98,0.18,124.9
2018-06-26T10:00:00Z,BUD,Budds_Landing,39.37225,-75.83986667,1.0,9.97,1.351,26.09,0.18,123.2
2018-06-26T10:15:00Z,BUD,Budds_Landing,39.37225,-75.83986667,1.0,9.88,1.391,26.04,0.18,121.9
2018-06-26T10:30:00Z,BUD,Budds_Landing,39.37225,-75.83986667,1.0,9.81,1.433,25.95,0.18,120.9
2018-06-26T10:45:00Z,BUD,Budds_Landing,39.37225,-75.83986667,1.0,9.93,1.475,25.93,0.19,122.4
2018-06-26T11:00:00Z,BUD,Budds_Landing,39.37225,-75.83986667,1.0,9.93,1.512,25.99,0.19,122.5
2018-06-26T11:15:00Z,BUD,Budds_Landing,39.37225,-75.83986667,1.0,9.82,1.547,25.97,0.19,121.1
2018-06-26T11:30:00Z,BUD,Budds_Landing,39.37225,-75.83986667,1.0,9.9,1.57,25.97,0.19,122.1
2018-06-26T11:45:00Z,BUD,Budds_Landing,39.37225,-75.83986667,1.0,9.85,1.594,25.95,0.19,121.4
2018-06-26T12:00:00Z,BUD,Budds_Landing,39.37225,-75.83986667,1.0,9.93,1.592,26.0,0.19,122.5
2018-06-26T12:15:00Z,BUD,Budds_Landing,39.37225,-75.83986667,1.0,9.85,1.6,26.03,0.2,121.5
2018-06-26T12:30:00Z,BUD,Budds_Landing,39.37225,-75.83986667,1.0,9.84,1.604,26.04,0.2,121.4
2018-06-26T12:45:00Z,BUD,Budds_Landing,39.37225,-75.83986667,1.0,9.83,1.602,26.03,0.2,121.4
2018-06-26T13:00:00Z,BUD,Budds_Landing,39.37225,-75.83986667,1.0,9.46,1.601,26.03,0.2,116.7
2018-06-26T13:15:00Z,BUD,Budds_Landing,39.37225,-75.83986667,1.0,9.39,1.596,26.0,0.19,115.8
2018-06-26T13:30:00Z,BUD,Budds_Landing,39.37225,-75.83986667,1.0,9.56,1.588,25.92,0.19,117.7
2018-06-26T13:45:00Z,BUD,Budds_Landing,39.37225,-75.83986667,1.0,9.63,1.578,25.88,0.19,118.6
2018-06-26T14:00:00Z,BUD,Budds_Landing,39.37225,-75.83986667,1.0,9.83,1.568,25.88,0.19,121.0
2018-06-26T14:15:00Z,BUD,Budds_Landing,39.37225,-75.83986667,1.0,9.93,1.553,25.87,0.18,122.2
2018-06-26T14:30:00Z,BUD,Budds_Landing,39.37225,-75.83986667,1.0,10.15,1.533,25.84,0.18,124.9
2018-06-26T14:45:00Z,BUD,Budds_Landing,39.37225,-75.83986667,1.0,10.07,1.511,25.89,0.18,124.0
2018-06-26T15:00:00Z,BUD,Budds_Landing,39.37225,-75.83986667,1.0,10.09,1.486,25.97,0.18,124.4
2018-06-26T15:15:00Z,BUD,Budds_Landing,39.37225,-75.83986667,1.0,10.11,1.461,26.0,0.18,124.7
2018-06-26T15:30:00Z,BUD,Budds_Landing,39.37225,-75.83986667,1.0,10.19,1.435,26.11,0.18,126.0
2018-06-26T15:45:00Z,BUD,Budds_Landing,39.37225,-75.83986667,1.0,10.35,1.406,26.18,0.18,128.1
2018-06-26T16:00:00Z,BUD,Budds_Landing,39.37225,-75.83986667,1.0,12.11,1.373,26.67,0.18,151.2
2018-06-26T16:15:00Z,BUD,Budds_Landing,39.37225,-75.83986667,1.0,11.53,1.335,26.49,0.18,143.5
2018-06-26T16:30:00Z,BUD,Budds_Landing,39.37225,-75.83986667,1.0,13.02,1.293,26.59,0.18,162.3
2018-06-26T16:45:00Z,BUD,Budds_Landing,39.37225,-75.83986667,1.0,13.5,1.252,26.46,0.18,167.9
2018-06-26T17:00:00Z,BUD,Budds_Landing,39.37225,-75.83986667,1.0,13.38,1.191,26.41,0.17,166.3
2018-06-26T17:15:00Z,BUD,Budds_Landing,39.37225,-75.83986667,1.0,13.68,1.152,26.5,0.17,170.2
2018-06-26T17:30:00Z,BUD,Budds_Landing,39.37225,-75.83986667,1.0,14.08,1.115,26.81,0.17,176.3
2018-06-26T17:45:00Z,BUD,Budds_Landing,39.37225,-75.83986667,1.0,14.17,1.087,26.97,0.17,177.9
2018-06-26T18:00:00Z,BUD,Budds_Landing,39.37225,-75.83986667,1.0,13.97,1.057,26.87,0.17,175.1
2018-06-26T18:15:00Z,BUD,Budds_Landing,39.37225,-75.83986667,1.0,13.56,1.033,26.82,0.17,169.8
2018-06-26T18:30:00Z,BUD,Budds_Landing,39.37225,-75.83986667,1.0,13.3,0.966,27.05,0.18,167.2
2018-06-26T18:45:00Z,BUD,Budds_Landing,39.37225,-75.83986667,1.0,13.79,0.952,27.48,0.17,174.7
2018-06-26T19:00:00Z,BUD,Budds_Landing,39.37225,-75.83986667,1.0,14.97,0.94,27.73,0.17,190.6
2018-06-26T19:15:00Z,BUD,Budds_Landing,39.37225,-75.83986667,1.0,14.9,0.932,27.77,0.17,189.8
2018-06-26T19:30:00Z,BUD,Budds_Landing,39.37225,-75.83986667,1.0,15.75,0.935,28.04,0.17,201.5
2018-06-26T19:45:00Z,BUD,Budds_Landing,39.37225,-75.83986667,1.0,16.04,0.944,28.14,0.17,205.7
2018-06-26T20:00:00Z,BUD,Budds_Landing,39.37225,-75.83986667,1.0,15.53,0.953,28.13,0.17,199.1
2018-06-26T20:15:00Z,BUD,Budds_Landing,39.37225,-75.83986667,1.0,14.98,0.956,27.78,0.16,190.8
2018-06-26T20:30:00Z,BUD,Budds_Landing,39.37225,-75.83986667,1.0,16.08,0.997,28.27,0.17,206.6
2018-06-26T20:45:00Z,BUD,Budds_Landing,39.37225,-75.83986667,1.0,16.0,1.043,28.26,0.17,205.5
2018-06-26T21:00:00Z,BUD,Budds_Landing,39.37225,-75.83986667,1.0,16.64,1.101,28.48,0.17,214.5
2018-06-26T21:15:00Z,BUD,Budds_Landing,39.37225,-75.83986667,1.0,16.76,1.161,28.35,0.17,215.6
2018-06-26T21:30:00Z,BUD,Budds_Landing,39.37225,-75.83986667,1.0,16.81,1.221,28.38,0.17,216.4
2018-06-26T21:45:00Z,BUD,Budds_Landing,39.37225,-75.83986667,1.0,15.98,1.276,28.07,0.18,204.6
2018-06-26T22:00:00Z,BUD,Budds_Landing,39.37225,-75.83986667,1.0,15.65,1.316,27.95,0.18,200.0
2018-06-26T22:15:00Z,BUD,Budds_Landing,39.37225,-75.83986667,1.0,15.64,1.353,27.99,0.19,200.0
2018-06-26T22:30:00Z,BUD,Budds_Landing,39.37225,-75.83986667,1.0,15.35,1.386,27.89,0.19,195.9
2018-06-26T22:45:00Z,BUD,Budds_Landing,39.37225,-75.83986667,1.0,15.17,1.421,27.85,0.19,193.4
2018-06-26T23:00:00Z,BUD,Budds_Landing,39.37225,-75.83986667,1.0,14.51,1.461,27.77,0.19,184.8
2018-06-26T23:15:00Z,BUD,Budds_Landing,39.37225,-75.83986667,1.0,14.6,1.504,27.77,0.19,186.0
2018-06-26T23:30:00Z,BUD,Budds_Landing,39.37225,-75.83986667,1.0,14.14,1.551,27.67,0.2,179.8
2018-06-26T23:45:00Z,BUD,Budds_Landing,39.37225,-75.83986667,1.0,13.7,1.589,27.57,0.2,173.9
2018-06-27T00:00:44Z,BUD,Budds_Landing,39.37225,-75.83986667,1.0,13.6,NaN,27.53,0.2,172.5
2018-06-27T00:15:44Z,BUD,Budds_Landing,39.37225,-75.83986667,1.0,13.64,NaN,27.53,0.21,173.0
2018-06-27T00:30:44Z,BUD,Budds_Landing,39.37225,-75.83986667,1.0,13.82,NaN,27.58,0.2,175.4
2018-06-27T00:45:44Z,BUD,Budds_Landing,39.37225,-75.83986667,1.0,13.72,NaN,27.56,0.21,174.1
2018-06-27T01:00:44Z,BUD,Budds_Landing,39.37225,-75.83986667,1.0,13.17,NaN,27.49,0.21,166.9
2018-06-27T01:15:44Z,BUD,Budds_Landing,39.37225,-75.83986667,1.0,12.75,NaN,27.35,0.21,161.2
2018-06-27T01:30:44Z,BUD,Budds_Landing,39.37225,-75.83986667,1.0,12.46,NaN,27.26,0.21,157.3
2018-06-27T01:45:44Z,BUD,Budds_Landing,39.37225,-75.83986667,1.0,12.27,NaN,27.22,0.21,154.8
2018-06-27T02:00:44Z,BUD,Budds_Landing,39.37225,-75.83986667,1.0,12.05,NaN,27.23,0.21,152.0
2018-06-27T02:15:44Z,BUD,Budds_Landing,39.37225,-75.83986667,1.0,12.62,NaN,27.33,0.21,159.5
2018-06-27T02:30:44Z,BUD,Budds_Landing,39.37225,-75.83986667,1.0,12.48,NaN,27.29,0.2,157.6
2018-06-27T02:45:44Z,BUD,Budds_Landing,39.37225,-75.83986667,1.0,13.17,NaN,27.27,0.2,166.3
2018-06-27T03:00:44Z,BUD,Budds_Landing,39.37225,-75.83986667,1.0,12.96,NaN,27.2,0.2,163.4
2018-06-27T03:15:44Z,BUD,Budds_Landing,39.37225,-75.83986667,1.0,12.84,NaN,27.12,0.2,161.7
2018-06-27T03:30:44Z,BUD,Budds_Landing,39.37225,-75.83986667,1.0,12.99,NaN,27.05,0.19,163.3
2018-06-27T03:45:44Z,BUD,Budds_Landing,39.37225,-75.83986667,1.0,12.77,NaN,27.0,0.19,160.5
2018-06-27T04:00:44Z,BUD,Budds_Landing,39.37225,-75.83986667,1.0,12.58,NaN,26.98,0.19,158.0
2018-06-27T04:15:44Z,BUD,Budds_Landing,39.37225,-75.83986667,1.0,12.44,NaN,27.01,0.19,156.4
2018-06-27T04:30:44Z,BUD,Budds_Landing,39.37225,-75.83986667,1.0,12.38,NaN,26.99,0.19,155.5
2018-06-27T04:45:44Z,BUD,Budds_Landing,39.37225,-75.83986667,1.0,12.39,NaN,26.95,0.19,155.5
2018-06-27T00:00:00Z,BUD,Budds_Landing,39.37225,-75.83986667,1.0,13.7,1.624,27.53,0.21,173.8
2018-06-27T00:15:00Z,BUD,Budds_Landing,39.37225,-75.83986667,1.0,13.73,1.651,27.56,0.21,174.2
2018-06-27T00:30:00Z,BUD,Budds_Landing,39.37225,-75.83986667,1.0,13.76,1.672,27.58,0.21,174.6
2018-06-27T00:45:00Z,BUD,Budds_Landing,39.37225,-75.83986667,1.0,13.43,1.684,27.54,0.21,170.3
2018-06-27T01:00:00Z,BUD,Budds_Landing,39.37225,-75.83986667,1.0,13.02,1.694,27.43,0.21,164.8
2018-06-27T01:15:00Z,BUD,Budds_Landing,39.37225,-75.83986667,1.0,12.61,1.703,27.29,0.21,159.3
2018-06-27T01:30:00Z,BUD,Budds_Landing,39.37225,-75.83986667,1.0,12.32,1.709,27.25,0.21,155.5
2018-06-27T01:45:00Z,BUD,Budds_Landing,39.37225,-75.83986667,1.0,12.29,1.711,27.23,0.21,155.0
2018-06-27T02:00:00Z,BUD,Budds_Landing,39.37225,-75.83986667,1.0,12.17,1.702,27.32,0.21,153.7
2018-06-27T02:15:00Z,BUD,Budds_Landing,39.37225,-75.83986667,1.0,12.92,1.68,27.37,0.2,163.3
2018-06-27T02:30:00Z,BUD,Budds_Landing,39.37225,-75.83986667,1.0,12.51,1.65,27.27,0.2,157.9
2018-06-27T02:45:00Z,BUD,Budds_Landing,39.37225,-75.83986667,1.0,13.02,1.609,27.26,0.2,164.3
2018-06-27T03:00:00Z,BUD,Budds_Landing,39.37225,-75.83986667,1.0,12.93,1.559,27.16,0.2,162.9
2018-06-27T03:15:00Z,BUD,Budds_Landing,39.37225,-75.83986667,1.0,12.83,1.509,27.09,0.2,161.5
2018-06-27T03:30:00Z,BUD,Budds_Landing,39.37225,-75.83986667,1.0,12.94,1.463,27.02,0.19,162.7
2018-06-27T03:45:00Z,BUD,Budds_Landing,39.37225,-75.83986667,1.0,12.7,1.42,26.99,0.19,159.5
2018-06-27T04:00:00Z,BUD,Budds_Landing,39.37225,-75.83986667,1.0,12.56,1.387,27.04,0.19,157.9
2018-06-27T04:15:00Z,BUD,Budds_Landing,39.37225,-75.83986667,1.0,12.55,1.357,26.99,0.19,157.7
2018-06-27T04:30:00Z,BUD,Budds_Landing,39.37225,-75.83986667,1.0,12.32,1.325,26.98,0.19,154.7
2018-06-27T04:45:00Z,BUD,Budds_Landing,39.37225,-75.83986667,1.0,12.48,1.295,26.92,0.19,156.6
2018-06-27T05:00:44Z,BUD,Budds_Landing,39.37225,-75.83986667,1.0,12.29,NaN,26.91,0.19,154.1
2018-06-27T05:15:44Z,BUD,Budds_Landing,39.37225,-75.83986667,1.0,12.88,NaN,26.9,0.18,161.5
2018-06-27T05:30:44Z,BUD,Budds_Landing,39.37225,-75.83986667,1.0,12.59,NaN,26.79,0.18,157.5
2018-06-27T05:45:44Z,BUD,Budds_Landing,39.37225,-75.83986667,1.0,12.19,NaN,26.74,0.18,152.4
2018-06-27T06:00:44Z,BUD,Budds_Landing,39.37225,-75.83986667,1.0,12.22,NaN,26.74,0.18,152.8
2018-06-27T06:15:45Z,BUD,Budds_Landing,39.37225,-75.83986667,1.0,12.28,NaN,26.75,0.18,153.6
2018-06-27T06:30:45Z,BUD,Budds_Landing,39.37225,-75.83986667,1.0,12.35,NaN,26.68,0.18,154.3
2018-06-27T06:45:44Z,BUD,Budds_Landing,39.37225,-75.83986667,1.0,12.03,NaN,26.56,0.18,150.0
2018-06-27T07:00:45Z,BUD,Budds_Landing,39.37225,-75.83986667,1.0,12.13,NaN,26.52,0.18,151.1
2018-06-27T07:15:44Z,BUD,Budds_Landing,39.37225,-75.83986667,1.0,12.07,NaN,26.51,0.17,150.3
2018-06-27T07:30:44Z,BUD,Budds_Landing,39.37225,-75.83986667,1.0,11.94,NaN,26.5,0.17,148.6
2018-06-27T07:45:45Z,BUD,Budds_Landing,39.37225,-75.83986667,1.0,12.19,NaN,26.47,0.17,151.7
2018-06-27T08:00:44Z,BUD,Budds_Landing,39.37225,-75.83986667,1.0,11.52,NaN,26.49,0.19,143.4
2018-06-27T08:15:44Z,BUD,Budds_Landing,39.37225,-75.83986667,1.0,11.45,NaN,26.4,0.18,142.2
2018-06-27T08:30:45Z,BUD,Budds_Landing,39.37225,-75.83986667,1.0,11.1,NaN,26.38,0.19,137.9
2018-06-27T08:45:44Z,BUD,Budds_Landing,39.37225,-75.83986667,1.0,11.18,NaN,26.32,0.19,138.7
2018-06-27T09:00:45Z,BUD,Budds_Landing,39.37225,-75.83986667,1.0,11.36,NaN,26.31,0.19,141.0
2018-06-27T09:15:45Z,BUD,Budds_Landing,39.37225,-75.83986667,1.0,11.2,NaN,26.23,0.19,138.8
2018-06-27T09:30:45Z,BUD,Budds_Landing,39.37225,-75.83986667,1.0,11.13,NaN,26.24,0.19,137.9
2018-06-27T09:45:45Z,BUD,Budds_Landing,39.37225,-75.83986667,1.0,11.0,NaN,26.21,0.19,136.2
2018-06-27T10:00:45Z,BUD,Budds_Landing,39.37225,-75.83986667,1.0,10.74,NaN,26.13,0.19,132.8
2018-06-27T10:15:44Z,BUD,Budds_Landing,39.37225,-75.83986667,1.0,10.74,NaN,26.11,0.19,132.8
2018-06-27T10:30:45Z,BUD,Budds_Landing,39.37225,-75.83986667,1.0,10.6,NaN,26.1,0.19,131.1
2018-06-27T10:45:44Z,BUD,Budds_Landing,39.37225,-75.83986667,1.0,10.41,NaN,26.07,0.19,128.6
2018-06-27T11:00:45Z,BUD,Budds_Landing,39.37225,-75.83986667,1.0,10.16,NaN,25.99,0.19,125.3
2018-06-27T11:15:45Z,BUD,Budds_Landing,39.37225,-75.83986667,1.0,9.93,NaN,26.03,0.2,122.6
2018-06-27T11:30:44Z,BUD,Budds_Landing,39.37225,-75.83986667,1.0,9.89,NaN,26.1,0.2,122.3
2018-06-27T11:45:45Z,BUD,Budds_Landing,39.37225,-75.83986667,1.0,9.86,NaN,26.12,0.2,121.9
2018-06-27T12:00:45Z,BUD,Budds_Landing,39.37225,-75.83986667,1.0,9.74,NaN,26.1,0.21,120.4
2018-06-27T12:15:44Z,BUD,Budds_Landing,39.37225,-75.83986667,1.0,9.64,NaN,26.08,0.21,119.2
2018-06-27T12:30:44Z,BUD,Budds_Landing,39.37225,-75.83986667,1.0,9.6,NaN,26.07,0.21,118.6
2018-06-27T12:45:44Z,BUD,Budds_Landing,39.37225,-75.83986667,1.0,9.49,NaN,26.07,0.21,117.2
2018-06-27T13:00:45Z,BUD,Budds_Landing,39.37225,-75.83986667,1.0,9.45,NaN,26.07,0.21,116.8
2018-06-27T13:15:44Z,BUD,Budds_Landing,39.37225,-75.83986667,1.0,9.25,NaN,26.07,0.21,114.3
2018-06-27T13:30:45Z,BUD,Budds_Landing,39.37225,-75.83986667,1.0,9.4,NaN,26.03,0.21,116.0
2018-06-27T13:45:45Z,BUD,Budds_Landing,39.37225,-75.83986667,1.0,9.77,NaN,25.99,0.21,120.5
2018-06-27T14:00:45Z,BUD,Budds_Landing,39.37225,-75.83986667,1.0,9.75,NaN,26.04,0.21,120.4
2018-06-27T14:15:45Z,BUD,Budds_Landing,39.37225,-75.83986667,1.0,9.84,NaN,26.06,0.21,121.5
2018-06-27T14:30:45Z,BUD,Budds_Landing,39.37225,-75.83986667,1.0,9.67,NaN,26.09,0.21,119.5
2018-06-27T14:45:45Z,BUD,Budds_Landing,39.37225,-75.83986667,1.0,9.58,NaN,26.11,0.21,118.5
2018-06-27T15:00:45Z,BUD,Budds_Landing,39.37225,-75.83986667,1.0,9.53,NaN,26.09,0.21,117.8
2018-06-27T15:15:44Z,BUD,Budds_Landing,39.37225,-75.83986667,1.0,10.95,NaN,26.06,0.2,135.2
2018-06-27T15:30:45Z,BUD,Budds_Landing,39.37225,-75.83986667,1.0,10.63,NaN,26.11,0.2,131.4
2018-06-27T15:45:44Z,BUD,Budds_Landing,39.37225,-75.83986667,1.0,10.42,NaN,26.1,0.2,128.8
2018-06-27T16:00:44Z,BUD,Budds_Landing,39.37225,-75.83986667,1.0,10.57,NaN,26.1,0.21,130.6
2018-06-27T16:15:44Z,BUD,Budds_Landing,39.37225,-75.83986667,1.0,10.52,NaN,26.08,0.21,130.0
2018-06-27T16:30:45Z,BUD,Budds_Landing,39.37225,-75.83986667,1.0,10.37,NaN,26.09,0.2,128.2
2018-06-27T16:45:44Z,BUD,Budds_Landing,39.37225,-75.83986667,1.0,10.79,NaN,26.08,0.2,133.4
2018-06-27T17:00:45Z,BUD,Budds_Landing,39.37225,-75.83986667,1.0,10.78,NaN,26.06,0.2,133.2
2018-06-27T17:15:45Z,BUD,Budds_Landing,39.37225,-75.83986667,1.0,11.04,NaN,26.07,0.2,136.4
2018-06-27T17:30:45Z,BUD,Budds_Landing,39.37225,-75.83986667,1.0,11.73,NaN,26.11,0.2,145.0
2018-06-27T17:45:45Z,BUD,Budds_Landing,39.37225,-75.83986667,1.0,12.32,NaN,26.15,0.2,152.4
2018-06-27T18:00:44Z,BUD,Budds_Landing,39.37225,-75.83986667,1.0,12.33,NaN,26.15,0.19,152.6
2018-06-27T18:15:45Z,BUD,Budds_Landing,39.37225,-75.83986667,1.0,12.91,NaN,26.16,0.19,159.7
2018-06-27T18:30:45Z,BUD,Budds_Landing,39.37225,-75.83986667,1.0,12.77,NaN,26.15,0.19,158.0
2018-06-27T18:45:45Z,BUD,Budds_Landing,39.37225,-75.83986667,1.0,12.86,NaN,26.15,0.19,159.1
2018-06-27T19:00:44Z,BUD,Budds_Landing,39.37225,-75.83986667,1.0,13.05,NaN,26.14,0.19,161.4
2018-06-27T19:15:44Z,BUD,Budds_Landing,39.37225,-75.83986667,1.0,13.05,NaN,26.14,0.19,161.4
2018-06-27T19:30:45Z,BUD,Budds_Landing,39.37225,-75.83986667,1.0,12.73,NaN,26.14,0.19,157.5
2018-06-27T19:45:45Z,BUD,Budds_Landing,39.37225,-75.83986667,1.0,12.64,NaN,26.15,0.19,156.4
2018-06-27T20:00:45Z,BUD,Budds_Landing,39.37225,-75.83986667,1.0,12.54,NaN,26.15,0.19,155.1
2018-06-27T20:15:45Z,BUD,Budds_Landing,39.37225,-75.83986667,1.0,12.08,NaN,26.15,0.2,149.4
2018-06-27T20:30:45Z,BUD,Budds_Landing,39.37225,-75.83986667,1.0,12.14,NaN,26.14,0.2,150.1
2018-06-27T20:45:45Z,BUD,Budds_Landing,39.37225,-75.83986667,1.0,12.12,NaN,26.12,0.2,149.9
2018-06-27T21:00:44Z,BUD,Budds_Landing,39.37225,-75.83986667,1.0,12.2,NaN,26.11,0.2,150.9
2018-06-27T21:15:44Z,BUD,Budds_Landing,39.37225,-75.83986667,1.0,12.15,NaN,26.12,0.2,150.3
2018-06-27T21:30:45Z,BUD,Budds_Landing,39.37225,-75.83986667,1.0,12.02,NaN,26.11,0.21,148.6
2018-06-27T21:45:45Z,BUD,Budds_Landing,39.37225,-75.83986667,1.0,11.96,NaN,26.09,0.21,147.8
2018-06-27T22:00:44Z,BUD,Budds_Landing,39.37225,-75.83986667,1.0,12.05,NaN,26.07,0.21,148.8
2018-06-27T22:15:44Z,BUD,Budds_Landing,39.37225,-75.83986667,1.0,11.98,NaN,26.04,0.21,148.0
2018-06-27T22:30:45Z,BUD,Budds_Landing,39.37225,-75.83986667,1.0,11.97,NaN,26.03,0.21,147.8
2018-06-27T22:45:44Z,BUD,Budds_Landing,39.37225,-75.83986667,1.0,11.95,NaN,26.02,0.21,147.4
2018-06-27T23:00:44Z,BUD,Budds_Landing,39.37225,-75.83986667,1.0,12.04,NaN,26.02,0.21,148.6
2018-06-27T23:15:45Z,BUD,Budds_Landing,39.37225,-75.83986667,1.0,12.1,NaN,26.02,0.2,149.3
2018-06-27T23:30:45Z,BUD,Budds_Landing,39.37225,-75.83986667,1.0,12.06,NaN,26.0,0.2,148.8
2018-06-27T23:45:44Z,BUD,Budds_Landing,39.37225,-75.83986667,1.0,12.2,NaN,25.98,0.2,150.5
2018-06-27T05:00:00Z,BUD,Budds_Landing,39.37225,-75.83986667,1.0,12.73,1.266,26.91,0.19,159.6
2018-06-27T05:15:00Z,BUD,Budds_Landing,39.37225,-75.83986667,1.0,12.77,1.236,26.84,0.18,159.9
2018-06-27T05:30:00Z,BUD,Budds_Landing,39.37225,-75.83986667,1.0,12.35,1.212,26.76,0.18,154.4
2018-06-27T05:45:00Z,BUD,Budds_Landing,39.37225,-75.83986667,1.0,12.18,1.194,26.7,0.18,152.1
2018-06-27T06:00:00Z,BUD,Budds_Landing,39.37225,-75.83986667,1.0,11.88,1.171,26.75,0.18,148.5
2018-06-27T06:15:00Z,BUD,Budds_Landing,39.37225,-75.83986667,1.0,12.02,1.152,26.71,0.18,150.3
2018-06-27T06:30:00Z,BUD,Budds_Landing,39.37225,-75.83986667,1.0,12.22,1.131,26.64,0.18,152.5
2018-06-27T06:45:00Z,BUD,Budds_Landing,39.37225,-75.83986667,1.0,12.16,1.11,26.55,0.18,151.5
2018-06-27T07:00:00Z,BUD,Budds_Landing,39.37225,-75.83986667,1.0,12.24,1.094,26.5,0.18,152.4
2018-06-27T07:15:00Z,BUD,Budds_Landing,39.37225,-75.83986667,1.0,12.08,1.085,26.52,0.17,150.4
2018-06-27T07:30:00Z,BUD,Budds_Landing,39.37225,-75.83986667,1.0,12.21,1.085,26.48,0.17,151.9
2018-06-27T07:45:00Z,BUD,Budds_Landing,39.37225,-75.83986667,1.0,12.02,1.094,26.49,0.18,149.6
2018-06-27T08:00:00Z,BUD,Budds_Landing,39.37225,-75.83986667,1.0,11.48,1.115,26.47,0.18,142.8
2018-06-27T08:15:00Z,BUD,Budds_Landing,39.37225,-75.83986667,1.0,11.57,1.147,26.35,0.18,143.6
2018-06-27T08:30:00Z,BUD,Budds_Landing,39.37225,-75.83986667,1.0,10.83,1.182,26.38,0.19,134.5
2018-06-27T08:45:00Z,BUD,Budds_Landing,39.37225,-75.83986667,1.0,11.32,1.224,26.29,0.19,140.4
2018-06-27T09:00:00Z,BUD,Budds_Landing,39.37225,-75.83986667,1.0,11.27,1.269,26.28,0.19,139.7
2018-06-27T09:15:00Z,BUD,Budds_Landing,39.37225,-75.83986667,1.0,11.19,1.31,26.26,0.19,138.7
2018-06-27T09:30:00Z,BUD,Budds_Landing,39.37225,-75.83986667,1.0,11.08,1.347,26.23,0.19,137.3
2018-06-27T09:45:00Z,BUD,Budds_Landing,39.37225,-75.83986667,1.0,10.8,1.382,26.17,0.19,133.7
2018-06-27T10:00:00Z,BUD,Budds_Landing,39.37225,-75.83986667,1.0,10.76,1.415,26.12,0.19,133.1
2018-06-27T10:15:00Z,BUD,Budds_Landing,39.37225,-75.83986667,1.0,10.66,1.448,26.09,0.19,131.7
2018-06-27T10:30:00Z,BUD,Budds_Landing,39.37225,-75.83986667,1.0,10.43,1.486,26.07,0.19,128.8
2018-06-27T10:45:00Z,BUD,Budds_Landing,39.37225,-75.83986667,1.0,10.22,1.521,26.02,0.19,126.1
2018-06-27T11:00:00Z,BUD,Budds_Landing,39.37225,-75.83986667,1.0,10.06,1.559,25.99,0.2,124.1
2018-06-27T11:15:00Z,BUD,Budds_Landing,39.37225,-75.83986667,1.0,9.92,1.601,26.08,0.2,122.5
2018-06-27T11:30:00Z,BUD,Budds_Landing,39.37225,-75.83986667,1.0,9.9,1.641,26.14,0.2,122.5
2018-06-27T11:45:00Z,BUD,Budds_Landing,39.37225,-75.83986667,1.0,9.81,1.673,26.1,0.21,121.3
2018-06-27T12:00:00Z,BUD,Budds_Landing,39.37225,-75.83986667,1.0,9.72,1.703,26.08,0.21,120.0
2018-06-27T12:15:00Z,BUD,Budds_Landing,39.37225,-75.83986667,1.0,9.67,1.732,26.09,0.21,119.5
2018-06-27T12:30:00Z,BUD,Budds_Landing,39.37225,-75.83986667,1.0,9.53,1.758,26.08,0.21,117.7
2018-06-27T12:45:00Z,BUD,Budds_Landing,39.37225,-75.83986667,1.0,9.5,1.779,26.07,0.21,117.4
2018-06-27T13:00:00Z,BUD,Budds_Landing,39.37225,-75.83986667,1.0,9.32,1.795,26.07,0.21,115.2
2018-06-27T13:15:00Z,BUD,Budds_Landing,39.37225,-75.83986667,1.0,9.29,1.801,26.04,0.21,114.7
2018-06-27T13:30:00Z,BUD,Budds_Landing,39.37225,-75.83986667,1.0,9.65,1.8,25.97,0.21,118.9
2018-06-27T13:45:00Z,BUD,Budds_Landing,39.37225,-75.83986667,1.0,9.79,1.792,26.03,0.21,120.8
2018-06-27T14:00:00Z,BUD,Budds_Landing,39.37225,-75.83986667,1.0,9.73,1.783,26.04,0.21,120.1
2018-06-27T14:15:00Z,BUD,Budds_Landing,39.37225,-75.83986667,1.0,9.75,1.772,26.08,0.21,120.5
2018-06-27T14:30:00Z,BUD,Budds_Landing,39.37225,-75.83986667,1.0,9.46,1.758,26.1,0.21,116.9
2018-06-27T14:45:00Z,BUD,Budds_Landing,39.37225,-75.83986667,1.0,9.58,1.746,26.12,0.21,118.5
2018-06-27T15:00:00Z,BUD,Budds_Landing,39.37225,-75.83986667,1.0,10.28,1.724,26.03,0.21,126.9
2018-06-27T15:15:00Z,BUD,Budds_Landing,39.37225,-75.83986667,1.0,10.78,1.703,26.09,0.2,133.3
2018-06-27T15:30:00Z,BUD,Budds_Landing,39.37225,-75.83986667,1.0,10.6,1.681,26.11,0.2,131.0
2018-06-27T15:45:00Z,BUD,Budds_Landing,39.37225,-75.83986667,1.0,10.56,1.661,26.1,0.2,130.5
2018-06-27T16:00:00Z,BUD,Budds_Landing,39.37225,-75.83986667,1.0,10.53,1.632,26.1,0.21,130.1
2018-06-27T16:15:00Z,BUD,Budds_Landing,39.37225,-75.83986667,1.0,10.51,1.604,26.08,0.21,129.8
2018-06-27T16:30:00Z,BUD,Budds_Landing,39.37225,-75.83986667,1.0,10.51,1.572,26.09,0.2,129.9
2018-06-27T16:45:00Z,BUD,Budds_Landing,39.37225,-75.83986667,1.0,10.85,1.537,26.07,0.2,134.1
2018-06-27T17:00:00Z,BUD,Budds_Landing,39.37225,-75.83986667,1.0,10.8,1.503,26.06,0.2,133.4
2018-06-27T17:15:00Z,BUD,Budds_Landing,39.37225,-75.83986667,1.0,11.45,1.463,26.08,0.2,141.5
2018-06-27T17:30:00Z,BUD,Budds_Landing,39.37225,-75.83986667,1.0,12.05,1.419,26.12,0.2,149.0
2018-06-27T17:45:00Z,BUD,Budds_Landing,39.37225,-75.83986667,1.0,12.47,1.379,26.16,0.19,154.3
2018-06-27T18:00:00Z,BUD,Budds_Landing,39.37225,-75.83986667,1.0,12.77,1.347,26.16,0.19,158.0
2018-06-27T18:15:00Z,BUD,Budds_Landing,39.37225,-75.83986667,1.0,12.89,1.312,26.16,0.19,159.5
2018-06-27T18:30:00Z,BUD,Budds_Landing,39.37225,-75.83986667,1.0,13.07,1.293,26.15,0.19,161.7
2018-06-27T18:45:00Z,BUD,Budds_Landing,39.37225,-75.83986667,1.0,12.99,1.279,26.14,0.19,160.6
2018-06-27T19:00:00Z,BUD,Budds_Landing,39.37225,-75.83986667,1.0,12.96,1.266,26.14,0.19,160.2
2018-06-27T19:15:00Z,BUD,Budds_Landing,39.37225,-75.83986667,1.0,13.02,1.264,26.14,0.19,161.1
2018-06-27T19:30:00Z,BUD,Budds_Landing,39.37225,-75.83986667,1.0,12.8,1.271,26.14,0.19,158.3
2018-06-27T19:45:00Z,BUD,Budds_Landing,39.37225,-75.83986667,1.0,12.65,1.273,26.15,0.19,156.4
2018-06-27T20:00:00Z,BUD,Budds_Landing,39.37225,-75.83986667,1.0,12.35,1.284,26.15,0.2,152.8
2018-06-27T20:15:00Z,BUD,Budds_Landing,39.37225,-75.83986667,1.0,12.19,1.294,26.14,0.2,150.8
2018-06-27T20:30:00Z,BUD,Budds_Landing,39.37225,-75.83986667,1.0,12.16,1.306,26.13,0.2,150.4
2018-06-27T20:45:00Z,BUD,Budds_Landing,39.37225,-75.83986667,1.0,12.23,1.323,26.11,0.2,151.2
2018-06-27T21:00:00Z,BUD,Budds_Landing,39.37225,-75.83986667,1.0,12.22,1.34,26.11,0.2,151.1
2018-06-27T21:15:00Z,BUD,Budds_Landing,39.37225,-75.83986667,1.0,12.11,1.359,26.11,0.21,149.7
2018-06-27T21:30:00Z,BUD,Budds_Landing,39.37225,-75.83986667,1.0,11.98,1.375,26.11,0.21,148.1
2018-06-27T21:45:00Z,BUD,Budds_Landing,39.37225,-75.83986667,1.0,11.97,1.389,26.08,0.21,147.9
2018-06-27T22:00:00Z,BUD,Budds_Landing,39.37225,-75.83986667,1.0,12.06,1.409,26.06,0.21,149.0
2018-06-27T22:15:00Z,BUD,Budds_Landing,39.37225,-75.83986667,1.0,11.98,1.435,26.05,0.21,147.9
2018-06-27T22:30:00Z,BUD,Budds_Landing,39.37225,-75.83986667,1.0,11.99,1.469,26.02,0.21,148.0
2018-06-27T22:45:00Z,BUD,Budds_Landing,39.37225,-75.83986667,1.0,12.03,1.505,26.02,0.21,148.5
2018-06-27T23:00:00Z,BUD,Budds_Landing,39.37225,-75.83986667,1.0,12.07,1.539,26.02,0.21,148.9
2018-06-27T23:15:00Z,BUD,Budds_Landing,39.37225,-75.83986667,1.0,11.97,1.563,26.01,0.2,147.7
2018-06-27T23:30:00Z,BUD,Budds_Landing,39.37225,-75.83986667,1.0,12.16,1.59,25.99,0.2,150.0
2018-06-27T23:45:00Z,BUD,Budds_Landing,39.37225,-75.83986667,1.0,12.24,1.607,25.98,0.2,150.9
2018-06-28T00:00:44Z,BUD,Budds_Landing,39.37225,-75.83986667,1.0,12.13,NaN,25.99,0.2,149.7
2018-06-28T00:15:45Z,BUD,Budds_Landing,39.37225,-75.83986667,1.0,12.04,NaN,25.98,0.2,148.5
2018-06-28T00:30:44Z,BUD,Budds_Landing,39.37225,-75.83986667,1.0,12.0,NaN,25.97,0.2,148.0
2018-06-28T00:45:44Z,BUD,Budds_Landing,39.37225,-75.83986667,1.0,11.75,NaN,25.97,0.2,144.9
2018-06-28T01:00:45Z,BUD,Budds_Landing,39.37225,-75.83986667,1.0,11.42,NaN,25.97,0.2,140.8
2018-06-28T01:15:45Z,BUD,Budds_Landing,39.37225,-75.83986667,1.0,11.32,NaN,25.96,0.2,139.6
2018-06-28T01:30:45Z,BUD,Budds_Landing,39.37225,-75.83986667,1.0,11.37,NaN,25.94,0.21,140.1
2018-06-28T01:45:44Z,BUD,Budds_Landing,39.37225,-75.83986667,1.0,10.91,NaN,25.94,0.21,134.5
2018-06-28T02:00:44Z,BUD,Budds_Landing,39.37225,-75.83986667,1.0,10.83,NaN,25.93,0.21,133.5
2018-06-28T02:15:44Z,BUD,Budds_Landing,39.37225,-75.83986667,1.0,10.78,NaN,25.92,0.21,132.8
2018-06-28T02:30:44Z,BUD,Budds_Landing,39.37225,-75.83986667,1.0,10.68,NaN,25.87,0.21,131.4
2018-06-28T02:45:45Z,BUD,Budds_Landing,39.37225,-75.83986667,1.0,11.07,NaN,25.84,0.21,136.2
2018-06-28T03:00:44Z,BUD,Budds_Landing,39.37225,-75.83986667,1.0,10.83,NaN,25.83,0.2,133.3
2018-06-28T03:15:45Z,BUD,Budds_Landing,39.37225,-75.83986667,1.0,10.95,NaN,25.73,0.2,134.4
2018-06-28T03:30:45Z,BUD,Budds_Landing,39.37225,-75.83986667,1.0,11.02,NaN,25.71,0.2,135.3
2018-06-28T03:45:45Z,BUD,Budds_Landing,39.37225,-75.83986667,1.0,10.99,NaN,25.71,0.2,134.9
2018-06-28T04:00:45Z,BUD,Budds_Landing,39.37225,-75.83986667,1.0,10.99,NaN,25.71,0.2,134.8
2018-06-28T04:15:44Z,BUD,Budds_Landing,39.37225,-75.83986667,1.0,10.64,NaN,25.67,0.2,130.5
2018-06-28T04:30:44Z,BUD,Budds_Landing,39.37225,-75.83986667,1.0,10.54,NaN,25.63,0.2,129.2
2018-06-28T04:45:44Z,BUD,Budds_Landing,39.37225,-75.83986667,1.0,10.25,NaN,25.6,0.2,125.6
2018-06-28T00:00:00Z,BUD,Budds_Landing,39.37225,-75.83986667,1.0,12.1,1.629,25.98,0.2,149.2
2018-06-28T00:15:00Z,BUD,Budds_Landing,39.37225,-75.83986667,1.0,12.07,1.651,25.97,0.2,148.8
2018-06-28T00:30:00Z,BUD,Budds_Landing,39.37225,-75.83986667,1.0,11.94,1.67,25.97,0.2,147.2
2018-06-28T00:45:00Z,BUD,Budds_Landing,39.37225,-75.83986667,1.0,11.54,1.686,25.97,0.2,142.3
2018-06-28T01:00:00Z,BUD,Budds_Landing,39.37225,-75.83986667,1.0,11.23,1.7,25.97,0.2,138.5
2018-06-28T01:15:00Z,BUD,Budds_Landing,39.37225,-75.83986667,1.0,11.2,1.712,25.95,0.2,138.0
2018-06-28T01:30:00Z,BUD,Budds_Landing,39.37225,-75.83986667,1.0,11.1,1.719,25.94,0.21,136.8
2018-06-28T01:45:00Z,BUD,Budds_Landing,39.37225,-75.83986667,1.0,10.93,1.719,25.93,0.21,134.7
2018-06-28T02:00:00Z,BUD,Budds_Landing,39.37225,-75.83986667,1.0,10.86,1.718,25.92,0.21,133.8
2018-06-28T02:15:00Z,BUD,Budds_Landing,39.37225,-75.83986667,1.0,10.59,1.713,25.91,0.21,130.4
2018-06-28T02:30:00Z,BUD,Budds_Landing,39.37225,-75.83986667,1.0,10.96,1.697,25.84,0.21,134.8
2018-06-28T02:45:00Z,BUD,Budds_Landing,39.37225,-75.83986667,1.0,10.88,1.675,25.83,0.2,133.8
2018-06-28T03:00:00Z,BUD,Budds_Landing,39.37225,-75.83986667,1.0,10.81,1.646,25.72,0.2,132.7
2018-06-28T03:15:00Z,BUD,Budds_Landing,39.37225,-75.83986667,1.0,11.03,1.61,25.73,0.2,135.4
2018-06-28T03:30:00Z,BUD,Budds_Landing,39.37225,-75.83986667,1.0,11.1,1.57,25.74,0.2,136.3
2018-06-28T03:45:00Z,BUD,Budds_Landing,39.37225,-75.83986667,1.0,10.94,1.534,25.71,0.2,134.2
2018-06-28T04:00:00Z,BUD,Budds_Landing,39.37225,-75.83986667,1.0,10.92,1.501,25.7,0.2,134.0
2018-06-28T04:15:00Z,BUD,Budds_Landing,39.37225,-75.83986667,1.0,10.7,1.472,25.64,0.2,131.2
2018-06-28T04:30:00Z,BUD,Budds_Landing,39.37225,-75.83986667,1.0,10.46,1.443,25.61,0.2,128.2
2018-06-28T04:45:00Z,BUD,Budds_Landing,39.37225,-75.83986667,1.0,10.1,1.422,25.58,0.2,123.6
2018-06-28T05:00:45Z,BUD,Budds_Landing,39.37225,-75.83986667,1.0,10.39,NaN,25.58,0.2,127.2
2018-06-28T05:15:45Z,BUD,Budds_Landing,39.37225,-75.83986667,1.0,9.78,NaN,25.58,0.2,119.8
2018-06-28T05:30:45Z,BUD,Budds_Landing,39.37225,-75.83986667,1.0,10.31,NaN,25.56,0.2,126.2
2018-06-28T05:45:45Z,BUD,Budds_Landing,39.37225,-75.83986667,1.0,10.14,NaN,25.52,0.2,124.0
2018-06-28T06:00:45Z,BUD,Budds_Landing,39.37225,-75.83986667,1.0,10.49,NaN,25.51,0.2,128.3
2018-06-28T06:15:45Z,BUD,Budds_Landing,39.37225,-75.83986667,1.0,10.69,NaN,25.5,0.19,130.6
2018-06-28T06:30:44Z,BUD,Budds_Landing,39.37225,-75.83986667,1.0,9.51,NaN,25.43,0.19,116.2
2018-06-28T06:45:45Z,BUD,Budds_Landing,39.37225,-75.83986667,1.0,9.6,NaN,25.42,0.2,117.2
2018-06-28T07:00:45Z,BUD,Budds_Landing,39.37225,-75.83986667,1.0,10.0,NaN,25.45,0.19,122.1
2018-06-28T07:15:44Z,BUD,Budds_Landing,39.37225,-75.83986667,1.0,9.78,NaN,25.45,0.2,119.5
2018-06-28T07:30:44Z,BUD,Budds_Landing,39.37225,-75.83986667,1.0,9.72,NaN,25.45,0.2,118.7
2018-06-28T07:45:45Z,BUD,Budds_Landing,39.37225,-75.83986667,1.0,9.81,NaN,25.45,0.2,119.8
2018-06-28T08:00:45Z,BUD,Budds_Landing,39.37225,-75.83986667,1.0,10.06,NaN,25.38,0.19,122.7
2018-06-28T08:15:44Z,BUD,Budds_Landing,39.37225,-75.83986667,1.0,9.97,NaN,25.35,0.18,121.6
2018-06-28T08:30:45Z,BUD,Budds_Landing,39.37225,-75.83986667,1.0,9.6,NaN,25.35,0.2,117.0
2018-06-28T08:45:45Z,BUD,Budds_Landing,39.37225,-75.83986667,1.0,9.49,NaN,25.34,0.2,115.7
2018-06-28T09:00:45Z,BUD,Budds_Landing,39.37225,-75.83986667,1.0,9.39,NaN,25.35,0.2,114.5
2018-06-28T09:15:45Z,BUD,Budds_Landing,39.37225,-75.83986667,1.0,8.72,NaN,25.29,0.21,106.2
2018-06-28T09:30:45Z,BUD,Budds_Landing,39.37225,-75.83986667,1.0,9.09,NaN,25.28,0.21,110.7
2018-06-28T09:45:45Z,BUD,Budds_Landing,39.37225,-75.83986667,1.0,9.04,NaN,25.25,0.21,110.0
2018-06-28T10:00:45Z,BUD,Budds_Landing,39.37225,-75.83986667,1.0,9.0,NaN,25.22,0.21,109.5
2018-06-28T10:15:45Z,BUD,Budds_Landing,39.37225,-75.83986667,1.0,9.2,NaN,25.23,0.2,111.9
2018-06-28T10:30:45Z,BUD,Budds_Landing,39.37225,-75.83986667,1.0,9.28,NaN,25.24,0.2,112.9
2018-06-28T10:45:45Z,BUD,Budds_Landing,39.37225,-75.83986667,1.0,9.29,NaN,25.25,0.2,113.1
2018-06-28T11:00:45Z,BUD,Budds_Landing,39.37225,-75.83986667,1.0,9.18,NaN,25.26,0.2,111.7
2018-06-28T11:15:45Z,BUD,Budds_Landing,39.37225,-75.83986667,1.0,9.15,NaN,25.28,0.2,111.5
2018-06-28T11:30:44Z,BUD,Budds_Landing,39.37225,-75.83986667,1.0,9.21,NaN,25.3,0.2,112.2
2018-06-28T11:45:45Z,BUD,Budds_Landing,39.37225,-75.83986667,1.0,9.12,NaN,25.29,0.2,111.1
2018-06-28T12:00:45Z,BUD,Budds_Landing,39.37225,-75.83986667,1.0,9.36,NaN,25.37,0.2,114.2
2018-06-28T12:15:45Z,BUD,Budds_Landing,39.37225,-75.83986667,1.0,9.33,NaN,25.41,0.2,113.9
2018-06-28T12:30:44Z,BUD,Budds_Landing,39.37225,-75.83986667,1.0,9.24,NaN,25.41,0.2,112.8
2018-06-28T12:45:44Z,BUD,Budds_Landing,39.37225,-75.83986667,1.0,9.11,NaN,25.42,0.21,111.3
2018-06-28T13:00:44Z,BUD,Budds_Landing,39.37225,-75.83986667,1.0,9.06,NaN,25.47,0.21,110.7
2018-06-28T13:15:45Z,BUD,Budds_Landing,39.37225,-75.83986667,1.0,9.02,NaN,25.51,0.21,110.3
2018-06-28T13:30:45Z,BUD,Budds_Landing,39.37225,-75.83986667,1.0,8.88,NaN,25.56,0.21,108.7
2018-06-28T13:45:45Z,BUD,Budds_Landing,39.37225,-75.83986667,1.0,9.02,NaN,25.62,0.22,110.6
2018-06-28T14:00:45Z,BUD,Budds_Landing,39.37225,-75.83986667,1.0,9.41,NaN,25.74,0.22,115.6
2018-06-28T14:15:45Z,BUD,Budds_Landing,39.37225,-75.83986667,1.0,9.48,NaN,25.8,0.22,116.6
2018-06-28T14:30:45Z,BUD,Budds_Landing,39.37225,-75.83986667,1.0,9.02,NaN,25.73,0.22,110.8
2018-06-28T14:45:45Z,BUD,Budds_Landing,39.37225,-75.83986667,1.0,9.31,NaN,25.54,0.21,114.0
2018-06-28T15:00:45Z,BUD,Budds_Landing,39.37225,-75.83986667,1.0,9.96,NaN,25.67,0.21,122.2
2018-06-28T15:15:45Z,BUD,Budds_Landing,39.37225,-75.83986667,1.0,10.6,NaN,25.74,0.21,130.2
2018-06-28T15:30:44Z,BUD,Budds_Landing,39.37225,-75.83986667,1.0,10.49,NaN,25.65,0.2,128.6
2018-06-28T15:45:44Z,BUD,Budds_Landing,39.37225,-75.83986667,1.0,9.96,NaN,25.57,0.2,122.0
2018-06-28T16:00:44Z,BUD,Budds_Landing,39.37225,-75.83986667,1.0,11.42,NaN,25.86,0.2,140.6
2018-06-28T16:15:44Z,BUD,Budds_Landing,39.37225,-75.83986667,1.0,11.66,NaN,25.91,0.2,143.6
2018-06-28T16:30:44Z,BUD,Budds_Landing,39.37225,-75.83986667,1.0,11.19,NaN,25.89,0.2,137.8
2018-06-28T16:45:44Z,BUD,Budds_Landing,39.37225,-75.83986667,1.0,11.87,NaN,26.08,0.2,146.7
2018-06-28T17:00:44Z,BUD,Budds_Landing,39.37225,-75.83986667,1.0,10.94,NaN,25.9,0.2,134.8
2018-06-28T17:15:44Z,BUD,Budds_Landing,39.37225,-75.83986667,1.0,10.88,NaN,25.82,0.19,133.8
2018-06-28T17:30:44Z,BUD,Budds_Landing,39.37225,-75.83986667,1.0,11.42,NaN,25.97,0.19,140.8
2018-06-28T17:45:45Z,BUD,Budds_Landing,39.37225,-75.83986667,1.0,11.15,NaN,25.81,0.18,137.1
2018-06-28T18:00:45Z,BUD,Budds_Landing,39.37225,-75.83986667,1.0,11.06,NaN,25.69,0.17,135.6
2018-06-28T18:15:44Z,BUD,Budds_Landing,39.37225,-75.83986667,1.0,10.82,NaN,25.79,0.17,133.0
2018-06-28T18:30:44Z,BUD,Budds_Landing,39.37225,-75.83986667,1.0,11.45,NaN,25.89,0.18,141.0
2018-06-28T18:45:44Z,BUD,Budds_Landing,39.37225,-75.83986667,1.0,11.97,NaN,25.83,0.17,147.2
2018-06-28T19:00:44Z,BUD,Budds_Landing,39.37225,-75.83986667,1.0,12.63,NaN,25.87,0.17,155.4
2018-06-28T19:15:44Z,BUD,Budds_Landing,39.37225,-75.83986667,1.0,13.51,NaN,26.01,0.17,166.7
2018-06-28T19:30:44Z,BUD,Budds_Landing,39.37225,-75.83986667,1.0,14.2,NaN,26.19,0.17,175.7
2018-06-28T19:45:44Z,BUD,Budds_Landing,39.37225,-75.83986667,1.0,13.89,NaN,26.16,0.17,171.9
2018-06-28T20:00:44Z,BUD,Budds_Landing,39.37225,-75.83986667,1.0,13.53,NaN,26.18,0.17,167.4
2018-06-28T20:15:44Z,BUD,Budds_Landing,39.37225,-75.83986667,1.0,13.47,NaN,26.21,0.17,166.8
2018-06-28T20:30:44Z,BUD,Budds_Landing,39.37225,-75.83986667,1.0,13.37,NaN,26.14,0.16,165.4
2018-06-28T20:45:44Z,BUD,Budds_Landing,39.37225,-75.83986667,1.0,13.76,NaN,26.38,0.15,170.9
2018-06-28T21:00:44Z,BUD,Budds_Landing,39.37225,-75.83986667,1.0,14.05,NaN,26.29,0.16,174.3
2018-06-28T21:15:44Z,BUD,Budds_Landing,39.37225,-75.83986667,1.0,14.44,NaN,26.35,0.16,179.2
2018-06-28T21:30:44Z,BUD,Budds_Landing,39.37225,-75.83986667,1.0,14.93,NaN,26.82,0.17,186.9
2018-06-28T21:45:43Z,BUD,Budds_Landing,39.37225,-75.83986667,1.0,14.55,NaN,27.03,0.17,182.9
2018-06-28T22:00:43Z,BUD,Budds_Landing,39.37225,-75.83986667,1.0,14.25,NaN,26.81,0.17,178.3
2018-06-28T22:15:43Z,BUD,Budds_Landing,39.37225,-75.83986667,1.0,14.96,NaN,27.31,0.18,189.0
2018-06-28T22:30:43Z,BUD,Budds_Landing,39.37225,-75.83986667,1.0,15.47,NaN,27.53,0.18,196.2
2018-06-28T22:45:43Z,BUD,Budds_Landing,39.37225,-75.83986667,1.0,17.11,NaN,28.06,0.18,219.0
2018-06-28T23:00:43Z,BUD,Budds_Landing,39.37225,-75.83986667,1.0,17.18,NaN,28.22,0.18,220.5
2018-06-28T23:15:43Z,BUD,Budds_Landing,39.37225,-75.83986667,1.0,16.56,NaN,28.14,0.18,212.2
2018-06-28T23:30:43Z,BUD,Budds_Landing,39.37225,-75.83986667,1.0,17.18,NaN,28.11,0.18,220.2
2018-06-28T23:45:43Z,BUD,Budds_Landing,39.37225,-75.83986667,1.0,16.48,NaN,28.07,0.19,210.9
2018-06-28T05:00:00Z,BUD,Budds_Landing,39.37225,-75.83986667,1.0,10.13,1.4,25.58,0.2,124.1
2018-06-28T05:15:00Z,BUD,Budds_Landing,39.37225,-75.83986667,1.0,10.18,1.375,25.58,0.2,124.6
2018-06-28T05:30:00Z,BUD,Budds_Landing,39.37225,-75.83986667,1.0,10.13,1.348,25.56,0.2,124.0
2018-06-28T05:45:00Z,BUD,Budds_Landing,39.37225,-75.83986667,1.0,10.25,1.318,25.5,0.2,125.3
2018-06-28T06:00:00Z,BUD,Budds_Landing,39.37225,-75.83986667,1.0,10.59,1.29,25.52,0.2,129.5
2018-06-28T06:15:00Z,BUD,Budds_Landing,39.37225,-75.83986667,1.0,10.36,1.263,25.47,0.19,126.6
2018-06-28T06:30:00Z,BUD,Budds_Landing,39.37225,-75.83986667,1.0,9.47,1.238,25.4,0.2,115.5
2018-06-28T06:45:00Z,BUD,Budds_Landing,39.37225,-75.83986667,1.0,9.85,1.223,25.43,0.2,120.2
2018-06-28T07:00:00Z,BUD,Budds_Landing,39.37225,-75.83986667,1.0,10.04,1.21,25.45,0.19,122.6
2018-06-28T07:15:00Z,BUD,Budds_Landing,39.37225,-75.83986667,1.0,9.98,1.201,25.45,0.2,121.9
2018-06-28T07:30:00Z,BUD,Budds_Landing,39.37225,-75.83986667,1.0,9.52,1.197,25.46,0.2,116.3
2018-06-28T07:45:00Z,BUD,Budds_Landing,39.37225,-75.83986667,1.0,10.07,1.196,25.39,0.19,122.9
2018-06-28T08:00:00Z,BUD,Budds_Landing,39.37225,-75.83986667,1.0,10.04,1.202,25.36,0.18,122.5
2018-06-28T08:15:00Z,BUD,Budds_Landing,39.37225,-75.83986667,1.0,9.88,1.215,25.36,0.19,120.4
2018-06-28T08:30:00Z,BUD,Budds_Landing,39.37225,-75.83986667,1.0,9.59,1.223,25.35,0.2,116.9
2018-06-28T08:45:00Z,BUD,Budds_Landing,39.37225,-75.83986667,1.0,9.4,1.235,25.34,0.2,114.6
2018-06-28T09:00:00Z,BUD,Budds_Landing,39.37225,-75.83986667,1.0,9.07,1.262,25.34,0.21,110.6
2018-06-28T09:15:00Z,BUD,Budds_Landing,39.37225,-75.83986667,1.0,8.88,1.299,25.29,0.21,108.1
2018-06-28T09:30:00Z,BUD,Budds_Landing,39.37225,-75.83986667,1.0,9.11,1.34,25.27,0.21,111.0
2018-06-28T09:45:00Z,BUD,Budds_Landing,39.37225,-75.83986667,1.0,9.03,1.387,25.24,0.21,109.9
2018-06-28T10:00:00Z,BUD,Budds_Landing,39.37225,-75.83986667,1.0,9.09,1.43,25.23,0.21,110.6
2018-06-28T10:15:00Z,BUD,Budds_Landing,39.37225,-75.83986667,1.0,9.3,1.468,25.24,0.2,113.1
2018-06-28T10:30:00Z,BUD,Budds_Landing,39.37225,-75.83986667,1.0,9.3,1.503,25.25,0.2,113.2
2018-06-28T10:45:00Z,BUD,Budds_Landing,39.37225,-75.83986667,1.0,9.21,1.534,25.26,0.2,112.1
2018-06-28T11:00:00Z,BUD,Budds_Landing,39.37225,-75.83986667,1.0,9.14,1.56,25.27,0.2,111.3
2018-06-28T11:15:00Z,BUD,Budds_Landing,39.37225,-75.83986667,1.0,9.18,1.588,25.28,0.2,111.7
2018-06-28T11:30:00Z,BUD,Budds_Landing,39.37225,-75.83986667,1.0,9.16,1.617,25.29,0.2,111.5
2018-06-28T11:45:00Z,BUD,Budds_Landing,39.37225,-75.83986667,1.0,9.26,1.642,25.34,0.2,112.9
2018-06-28T12:00:00Z,BUD,Budds_Landing,39.37225,-75.83986667,1.0,9.36,1.668,25.41,0.2,114.2
2018-06-28T12:15:00Z,BUD,Budds_Landing,39.37225,-75.83986667,1.0,9.31,1.694,25.41,0.2,113.7
2018-06-28T12:30:00Z,BUD,Budds_Landing,39.37225,-75.83986667,1.0,9.16,1.72,25.41,0.21,111.8
2018-06-28T12:45:00Z,BUD,Budds_Landing,39.37225,-75.83986667,1.0,9.09,1.741,25.45,0.21,111.0
2018-06-28T13:00:00Z,BUD,Budds_Landing,39.37225,-75.83986667,1.0,9.02,1.757,25.49,0.21,110.3
2018-06-28T13:15:00Z,BUD,Budds_Landing,39.37225,-75.83986667,1.0,8.86,1.77,25.53,0.21,108.4
2018-06-28T13:30:00Z,BUD,Budds_Landing,39.37225,-75.83986667,1.0,9.03,1.778,25.56,0.22,110.5
2018-06-28T13:45:00Z,BUD,Budds_Landing,39.37225,-75.83986667,1.0,9.33,1.783,25.66,0.22,114.4
2018-06-28T14:00:00Z,BUD,Budds_Landing,39.37225,-75.83986667,1.0,9.47,1.787,25.77,0.22,116.3
2018-06-28T14:15:00Z,BUD,Budds_Landing,39.37225,-75.83986667,1.0,9.27,1.782,25.8,0.22,114.0
2018-06-28T14:30:00Z,BUD,Budds_Landing,39.37225,-75.83986667,1.0,8.95,1.77,25.6,0.22,109.6
2018-06-28T14:45:00Z,BUD,Budds_Landing,39.37225,-75.83986667,1.0,9.55,1.749,25.6,0.21,117.0
2018-06-28T15:00:00Z,BUD,Budds_Landing,39.37225,-75.83986667,1.0,10.28,1.723,25.78,0.21,126.4
2018-06-28T15:15:00Z,BUD,Budds_Landing,39.37225,-75.83986667,1.0,10.61,1.694,25.66,0.2,130.1
2018-06-28T15:30:00Z,BUD,Budds_Landing,39.37225,-75.83986667,1.0,10.34,1.661,25.65,0.2,126.8
2018-06-28T15:45:00Z,BUD,Budds_Landing,39.37225,-75.83986667,1.0,10.6,1.625,25.67,0.2,130.0
2018-06-28T16:00:00Z,BUD,Budds_Landing,39.37225,-75.83986667,1.0,11.27,1.589,25.83,0.2,138.7
2018-06-28T16:15:00Z,BUD,Budds_Landing,39.37225,-75.83986667,1.0,12.16,1.552,26.12,0.2,150.3
2018-06-28T16:30:00Z,BUD,Budds_Landing,39.37225,-75.83986667,1.0,11.47,1.512,25.96,0.2,141.4
2018-06-28T16:45:00Z,BUD,Budds_Landing,39.37225,-75.83986667,1.0,11.08,1.474,25.89,0.2,136.4
2018-06-28T17:00:00Z,BUD,Budds_Landing,39.37225,-75.83986667,1.0,10.86,1.437,25.85,0.19,133.6
2018-06-28T17:15:00Z,BUD,Budds_Landing,39.37225,-75.83986667,1.0,11.2,1.395,25.88,0.19,137.9
2018-06-28T17:30:00Z,BUD,Budds_Landing,39.37225,-75.83986667,1.0,11.29,1.352,25.84,0.19,138.8
2018-06-28T17:45:00Z,BUD,Budds_Landing,39.37225,-75.83986667,1.0,11.11,1.306,25.71,0.17,136.3
2018-06-28T18:00:00Z,BUD,Budds_Landing,39.37225,-75.83986667,1.0,11.01,1.265,25.71,0.17,135.1
2018-06-28T18:15:00Z,BUD,Budds_Landing,39.37225,-75.83986667,1.0,11.13,1.225,25.72,0.17,136.7
2018-06-28T18:30:00Z,BUD,Budds_Landing,39.37225,-75.83986667,1.0,11.58,1.186,25.72,0.17,142.2
2018-06-28T18:45:00Z,BUD,Budds_Landing,39.37225,-75.83986667,1.0,12.19,1.151,25.81,0.17,149.9
2018-06-28T19:00:00Z,BUD,Budds_Landing,39.37225,-75.83986667,1.0,13.2,1.117,25.99,0.17,162.8
2018-06-28T19:15:00Z,BUD,Budds_Landing,39.37225,-75.83986667,1.0,13.97,1.091,26.21,0.17,173.0
2018-06-28T19:30:00Z,BUD,Budds_Landing,39.37225,-75.83986667,1.0,13.98,1.075,26.19,0.17,173.0
2018-06-28T19:45:00Z,BUD,Budds_Landing,39.37225,-75.83986667,1.0,13.85,1.057,26.14,0.17,171.3
2018-06-28T20:00:00Z,BUD,Budds_Landing,39.37225,-75.83986667,1.0,13.3,1.037,26.16,0.17,164.5
2018-06-28T20:15:00Z,BUD,Budds_Landing,39.37225,-75.83986667,1.0,13.45,1.014,26.1,0.16,166.2
2018-06-28T20:30:00Z,BUD,Budds_Landing,39.37225,-75.83986667,1.0,13.45,0.996,26.12,0.15,166.3
2018-06-28T20:45:00Z,BUD,Budds_Landing,39.37225,-75.83986667,1.0,14.61,0.98,26.43,0.16,181.6
2018-06-28T21:00:00Z,BUD,Budds_Landing,39.37225,-75.83986667,1.0,13.94,0.961,26.26,0.15,172.8
2018-06-28T21:15:00Z,BUD,Budds_Landing,39.37225,-75.83986667,1.0,14.78,0.945,26.68,0.16,184.6
2018-06-28T21:30:00Z,BUD,Budds_Landing,39.37225,-75.83986667,1.0,14.59,0.935,26.73,0.17,182.3
2018-06-28T21:45:00Z,BUD,Budds_Landing,39.37225,-75.83986667,1.0,15.02,0.928,27.42,0.18,190.1
2018-06-28T22:00:00Z,BUD,Budds_Landing,39.37225,-75.83986667,1.0,14.56,0.926,26.93,0.17,182.7
2018-06-28T22:15:00Z,BUD,Budds_Landing,39.37225,-75.83986667,1.0,15.85,0.928,27.54,0.18,201.0
2018-06-28T22:30:00Z,BUD,Budds_Landing,39.37225,-75.83986667,1.0,16.58,0.94,27.83,0.18,211.4
2018-06-28T22:45:00Z,BUD,Budds_Landing,39.37225,-75.83986667,1.0,16.99,0.962,28.07,0.18,217.5
2018-06-28T23:00:00Z,BUD,Budds_Landing,39.37225,-75.83986667,1.0,16.75,0.997,28.17,0.19,214.8
2018-06-28T23:15:00Z,BUD,Budds_Landing,39.37225,-75.83986667,1.0,16.8,1.043,28.08,0.18,215.1
2018-06-28T23:30:00Z,BUD,Budds_Landing,39.37225,-75.83986667,1.0,17.06,1.091,28.06,0.18,218.4
2018-06-28T23:45:00Z,BUD,Budds_Landing,39.37225,-75.83986667,1.0,16.59,1.14,28.06,0.19,212.4
2018-06-29T00:00:43Z,BUD,Budds_Landing,39.37225,-75.83986667,1.0,16.34,NaN,28.01,0.19,209.0
2018-06-29T00:15:43Z,BUD,Budds_Landing,39.37225,-75.83986667,1.0,16.54,NaN,28.0,0.19,211.5
2018-06-29T00:30:43Z,BUD,Budds_Landing,39.37225,-75.83986667,1.0,17.04,NaN,27.98,0.19,217.8
2018-06-29T00:45:44Z,BUD,Budds_Landing,39.37225,-75.83986667,1.0,15.42,NaN,27.73,0.19,196.2
2018-06-29T01:00:43Z,BUD,Budds_Landing,39.37225,-75.83986667,1.0,15.01,NaN,27.67,0.19,190.8
2018-06-29T01:15:43Z,BUD,Budds_Landing,39.37225,-75.83986667,1.0,14.93,NaN,27.7,0.19,189.9
2018-06-29T01:30:43Z,BUD,Budds_Landing,39.37225,-75.83986667,1.0,14.86,NaN,27.72,0.19,189.1
2018-06-29T01:45:43Z,BUD,Budds_Landing,39.37225,-75.83986667,1.0,14.31,NaN,27.52,0.19,181.5
2018-06-29T02:00:44Z,BUD,Budds_Landing,39.37225,-75.83986667,1.0,14.12,NaN,27.51,0.18,178.9
2018-06-29T02:15:44Z,BUD,Budds_Landing,39.37225,-75.83986667,1.0,13.66,NaN,27.59,0.19,173.5
2018-06-29T02:30:44Z,BUD,Budds_Landing,39.37225,-75.83986667,1.0,13.84,NaN,27.55,0.19,175.5
2018-06-29T02:45:44Z,BUD,Budds_Landing,39.37225,-75.83986667,1.0,13.75,NaN,27.55,0.19,174.4
2018-06-29T03:00:43Z,BUD,Budds_Landing,39.37225,-75.83986667,1.0,14.16,NaN,27.57,0.19,179.7
2018-06-29T03:15:44Z,BUD,Budds_Landing,39.37225,-75.83986667,1.0,14.17,NaN,27.58,0.2,179.9
2018-06-29T03:30:44Z,BUD,Budds_Landing,39.37225,-75.83986667,1.0,13.85,NaN,27.58,0.19,175.7
2018-06-29T03:45:44Z,BUD,Budds_Landing,39.37225,-75.83986667,1.0,13.63,NaN,27.54,0.19,172.9
2018-06-29T04:00:44Z,BUD,Budds_Landing,39.37225,-75.83986667,1.0,13.38,NaN,27.5,0.19,169.6
2018-06-29T04:15:44Z,BUD,Budds_Landing,39.37225,-75.83986667,1.0,13.89,NaN,27.5,0.19,176.1
2018-06-29T04:30:44Z,BUD,Budds_Landing,39.37225,-75.83986667,1.0,13.98,NaN,27.5,0.18,177.2
2018-06-29T04:45:44Z,BUD,Budds_Landing,39.37225,-75.83986667,1.0,14.14,NaN,27.49,0.18,179.2
2018-06-29T00:00:00Z,BUD,Budds_Landing,39.37225,-75.83986667,1.0,16.4,1.185,27.98,0.19,209.6
2018-06-29T00:15:00Z,BUD,Budds_Landing,39.37225,-75.83986667,1.0,16.77,1.223,28.02,0.19,214.5
2018-06-29T00:30:00Z,BUD,Budds_Landing,39.37225,-75.83986667,1.0,16.72,1.25,27.94,0.18,213.6
2018-06-29T00:45:00Z,BUD,Budds_Landing,39.37225,-75.83986667,1.0,15.03,1.27,27.67,0.19,191.1
2018-06-29T01:00:00Z,BUD,Budds_Landing,39.37225,-75.83986667,1.0,14.89,1.281,27.69,0.19,189.4
2018-06-29T01:15:00Z,BUD,Budds_Landing,39.37225,-75.83986667,1.0,14.6,1.282,27.73,0.19,185.8
2018-06-29T01:30:00Z,BUD,Budds_Landing,39.37225,-75.83986667,1.0,14.22,1.275,27.65,0.19,180.7
2018-06-29T01:45:00Z,BUD,Budds_Landing,39.37225,-75.83986667,1.0,14.37,1.263,27.46,0.18,182.0
2018-06-29T02:00:00Z,BUD,Budds_Landing,39.37225,-75.83986667,1.0,13.83,1.248,27.53,0.19,175.4
2018-06-29T02:15:00Z,BUD,Budds_Landing,39.37225,-75.83986667,1.0,13.72,1.237,27.55,0.19,174.1
2018-06-29T02:30:00Z,BUD,Budds_Landing,39.37225,-75.83986667,1.0,13.72,1.236,27.58,0.2,174.2
2018-06-29T02:45:00Z,BUD,Budds_Landing,39.37225,-75.83986667,1.0,13.88,1.241,27.56,0.19,176.1
2018-06-29T03:00:00Z,BUD,Budds_Landing,39.37225,-75.83986667,1.0,14.18,1.249,27.57,0.19,180.0
2018-06-29T03:15:00Z,BUD,Budds_Landing,39.37225,-75.83986667,1.0,13.97,1.258,27.59,0.19,177.3
2018-06-29T03:30:00Z,BUD,Budds_Landing,39.37225,-75.83986667,1.0,13.74,1.262,27.56,0.19,174.3
2018-06-29T03:45:00Z,BUD,Budds_Landing,39.37225,-75.83986667,1.0,13.7,1.257,27.54,0.19,173.7
2018-06-29T04:00:00Z,BUD,Budds_Landing,39.37225,-75.83986667,1.0,13.47,1.243,27.52,0.19,170.8
2018-06-29T04:15:00Z,BUD,Budds_Landing,39.37225,-75.83986667,1.0,13.39,1.22,27.44,0.19,169.6
2018-06-29T04:30:00Z,BUD,Budds_Landing,39.37225,-75.83986667,1.0,14.03,1.19,27.5,0.18,177.8
2018-06-29T04:45:00Z,BUD,Budds_Landing,39.37225,-75.83986667,1.0,14.13,1.154,27.5,0.19,179.1
2018-06-29T05:00:44Z,BUD,Budds_Landing,39.37225,-75.83986667,1.0,14.05,NaN,27.48,0.19,178.0
2018-06-29T05:15:44Z,BUD,Budds_Landing,39.37225,-75.83986667,1.0,13.84,NaN,27.36,0.19,174.9
2018-06-29T05:30:44Z,BUD,Budds_Landing,39.37225,-75.83986667,1.0,13.73,NaN,27.17,0.18,173.0
2018-06-29T05:45:44Z,BUD,Budds_Landing,39.37225,-75.83986667,1.0,13.2,NaN,27.17,0.18,166.3
2018-06-29T06:00:43Z,BUD,Budds_Landing,39.37225,-75.83986667,1.0,13.34,NaN,27.18,0.18,168.1
2018-06-29T06:15:44Z,BUD,Budds_Landing,39.37225,-75.83986667,1.0,12.99,NaN,27.14,0.17,163.6
2018-06-29T06:30:44Z,BUD,Budds_Landing,39.37225,-75.83986667,1.0,12.29,NaN,27.12,0.17,154.7
2018-06-29T06:45:44Z,BUD,Budds_Landing,39.37225,-75.83986667,1.0,12.22,NaN,27.1,0.17,153.8
2018-06-29T07:00:44Z,BUD,Budds_Landing,39.37225,-75.83986667,1.0,12.58,NaN,27.08,0.17,158.2
2018-06-29T07:15:44Z,BUD,Budds_Landing,39.37225,-75.83986667,1.0,12.69,NaN,27.08,0.17,159.6
2018-06-29T07:30:44Z,BUD,Budds_Landing,39.37225,-75.83986667,1.0,12.03,NaN,27.03,0.17,151.2
2018-06-29T07:45:43Z,BUD,Budds_Landing,39.37225,-75.83986667,1.0,12.05,NaN,26.95,0.16,151.2
2018-06-29T08:00:44Z,BUD,Budds_Landing,39.37225,-75.83986667,1.0,12.12,NaN,26.93,0.16,152.0
2018-06-29T08:15:44Z,BUD,Budds_Landing,39.37225,-75.83986667,1.0,11.74,NaN,26.94,0.17,147.3
2018-06-29T08:30:44Z,BUD,Budds_Landing,39.37225,-75.83986667,1.0,11.73,NaN,26.9,0.16,147.1
2018-06-29T08:45:44Z,BUD,Budds_Landing,39.37225,-75.83986667,1.0,11.6,NaN,26.87,0.16,145.4
2018-06-29T09:00:44Z,BUD,Budds_Landing,39.37225,-75.83986667,1.0,11.47,NaN,26.87,0.16,143.7
2018-06-29T09:15:44Z,BUD,Budds_Landing,39.37225,-75.83986667,1.0,11.61,NaN,26.91,0.17,145.5
2018-06-29T09:30:44Z,BUD,Budds_Landing,39.37225,-75.83986667,1.0,11.18,NaN,26.85,0.16,140.1
2018-06-29T09:45:43Z,BUD,Budds_Landing,39.37225,-75.83986667,1.0,11.32,NaN,26.86,0.16,141.9
2018-06-29T10:00:44Z,BUD,Budds_Landing,39.37225,-75.83986667,1.0,11.55,NaN,26.79,0.15,144.5
2018-06-29T10:15:44Z,BUD,Budds_Landing,39.37225,-75.83986667,1.0,11.62,NaN,26.71,0.17,145.2
2018-06-29T10:30:44Z,BUD,Budds_Landing,39.37225,-75.83986667,1.0,11.72,NaN,26.67,0.16,146.3
2018-06-29T10:45:44Z,BUD,Budds_Landing,39.37225,-75.83986667,1.0,11.95,NaN,26.65,0.16,149.2
2018-06-29T11:00:44Z,BUD,Budds_Landing,39.37225,-75.83986667,1.0,12.06,NaN,26.64,0.16,150.5
2018-06-29T11:15:44Z,BUD,Budds_Landing,39.37225,-75.83986667,1.0,12.17,NaN,26.63,0.16,151.8
2018-06-29T11:30:44Z,BUD,Budds_Landing,39.37225,-75.83986667,1.0,12.27,NaN,26.56,0.17,152.9
2018-06-29T11:45:44Z,BUD,Budds_Landing,39.37225,-75.83986667,1.0,12.05,NaN,26.58,0.17,150.2
2018-06-29T12:00:44Z,BUD,Budds_Landing,39.37225,-75.83986667,1.0,11.91,NaN,26.67,0.18,148.8
2018-06-29T12:15:44Z,BUD,Budds_Landing,39.37225,-75.83986667,1.0,11.73,NaN,26.71,0.19,146.6
2018-06-29T12:30:44Z,BUD,Budds_Landing,39.37225,-75.83986667,1.0,11.7,NaN,26.73,0.19,146.3
2018-06-29T12:45:44Z,BUD,Budds_Landing,39.37225,-75.83986667,1.0,11.69,NaN,26.79,0.19,146.3
2018-06-29T13:00:44Z,BUD,Budds_Landing,39.37225,-75.83986667,1.0,11.63,NaN,26.8,0.19,145.6
2018-06-29T13:15:44Z,BUD,Budds_Landing,39.37225,-75.83986667,1.0,11.67,NaN,26.84,0.2,146.2
2018-06-29T13:30:44Z,BUD,Budds_Landing,39.37225,-75.83986667,1.0,11.64,NaN,26.86,0.2,145.9
2018-06-29T13:45:44Z,BUD,Budds_Landing,39.37225,-75.83986667,1.0,11.55,NaN,26.88,0.2,144.7
2018-06-29T14:00:44Z,BUD,Budds_Landing,39.37225,-75.83986667,1.0,11.53,NaN,26.84,0.2,144.4
2018-06-29T14:15:44Z,BUD,Budds_Landing,39.37225,-75.83986667,1.0,11.5,NaN,26.87,0.2,144.1
2018-06-29T14:30:44Z,BUD,Budds_Landing,39.37225,-75.83986667,1.0,11.47,NaN,26.87,0.2,143.7
2018-06-29T14:45:44Z,BUD,Budds_Landing,39.37225,-75.83986667,1.0,11.28,NaN,26.87,0.2,141.3
2018-06-29T15:00:44Z,BUD,Budds_Landing,39.37225,-75.83986667,1.0,11.94,NaN,26.96,0.2,149.9
2018-06-29T15:15:44Z,BUD,Budds_Landing,39.37225,-75.83986667,1.0,11.46,NaN,26.97,0.2,143.8
2018-06-29T15:30:44Z,BUD,Budds_Landing,39.37225,-75.83986667,1.0,11.42,NaN,26.95,0.2,143.3
2018-06-29T15:45:44Z,BUD,Budds_Landing,39.37225,-75.83986667,1.0,10.92,NaN,26.89,0.2,137.0
2018-06-29T16:00:44Z,BUD,Budds_Landing,39.37225,-75.83986667,1.0,11.37,NaN,26.82,0.19,142.4
2018-06-29T16:15:44Z,BUD,Budds_Landing,39.37225,-75.83986667,1.0,11.52,NaN,26.76,0.18,144.1
2018-06-29T16:30:44Z,BUD,Budds_Landing,39.37225,-75.83986667,1.0,12.49,NaN,26.84,0.18,156.5
2018-06-29T16:45:44Z,BUD,Budds_Landing,39.37225,-75.83986667,1.0,12.09,NaN,26.85,0.18,151.5
2018-06-29T17:00:44Z,BUD,Budds_Landing,39.37225,-75.83986667,1.0,13.33,NaN,26.98,0.19,167.4
2018-06-29T17:15:44Z,BUD,Budds_Landing,39.37225,-75.83986667,1.0,14.16,NaN,27.23,0.19,178.6
2018-06-29T17:30:44Z,BUD,Budds_Landing,39.37225,-75.83986667,1.0,13.78,NaN,27.22,0.19,173.8
2018-06-29T17:45:44Z,BUD,Budds_Landing,39.37225,-75.83986667,1.0,14.73,NaN,27.29,0.19,186.0
2018-06-29T18:00:44Z,BUD,Budds_Landing,39.37225,-75.83986667,1.0,15.26,NaN,27.35,0.18,192.9
2018-06-29T18:15:44Z,BUD,Budds_Landing,39.37225,-75.83986667,1.0,15.12,NaN,27.37,0.18,191.3
2018-06-29T18:30:44Z,BUD,Budds_Landing,39.37225,-75.83986667,1.0,14.65,NaN,27.3,0.17,185.1
2018-06-29T18:45:44Z,BUD,Budds_Landing,39.37225,-75.83986667,1.0,15.06,NaN,27.42,0.18,190.6
2018-06-29T19:00:44Z,BUD,Budds_Landing,39.37225,-75.83986667,1.0,15.97,NaN,27.65,0.17,202.9
2018-06-29T19:15:44Z,BUD,Budds_Landing,39.37225,-75.83986667,1.0,16.59,NaN,27.79,0.17,211.4
2018-06-29T19:30:43Z,BUD,Budds_Landing,39.37225,-75.83986667,1.0,16.85,NaN,27.85,0.17,214.9
2018-06-29T19:45:43Z,BUD,Budds_Landing,39.37225,-75.83986667,1.0,17.68,NaN,28.18,0.17,226.7
2018-06-29T20:00:43Z,BUD,Budds_Landing,39.37225,-75.83986667,1.0,17.42,NaN,28.06,0.17,223.0
2018-06-29T20:15:43Z,BUD,Budds_Landing,39.37225,-75.83986667,1.0,17.45,NaN,28.23,0.16,224.0
2018-06-29T20:30:43Z,BUD,Budds_Landing,39.37225,-75.83986667,1.0,17.62,NaN,28.34,0.16,226.6
2018-06-29T20:45:43Z,BUD,Budds_Landing,39.37225,-75.83986667,1.0,18.18,NaN,28.55,0.16,234.8
2018-06-29T21:00:43Z,BUD,Budds_Landing,39.37225,-75.83986667,1.0,18.45,NaN,28.6,0.15,238.4
2018-06-29T21:15:43Z,BUD,Budds_Landing,39.37225,-75.83986667,1.0,18.5,NaN,28.71,0.16,239.5
2018-06-29T21:30:43Z,BUD,Budds_Landing,39.37225,-75.83986667,1.0,18.44,NaN,28.45,0.16,237.7
2018-06-29T21:45:43Z,BUD,Budds_Landing,39.37225,-75.83986667,1.0,18.14,NaN,28.67,0.16,234.7
2018-06-29T22:00:42Z,BUD,Budds_Landing,39.37225,-75.83986667,1.0,17.32,NaN,28.45,0.15,223.2
2018-06-29T22:15:43Z,BUD,Budds_Landing,39.37225,-75.83986667,1.0,17.77,NaN,28.75,0.16,230.3
2018-06-29T22:30:42Z,BUD,Budds_Landing,39.37225,-75.83986667,1.0,18.58,NaN,29.51,0.16,243.9
2018-06-29T22:45:42Z,BUD,Budds_Landing,39.37225,-75.83986667,1.0,20.95,NaN,30.73,0.16,280.9
2018-06-29T23:00:42Z,BUD,Budds_Landing,39.37225,-75.83986667,1.0,19.19,NaN,30.09,0.16,254.4
2018-06-29T23:15:42Z,BUD,Budds_Landing,39.37225,-75.83986667,1.0,19.6,NaN,30.92,0.19,263.7
2018-06-29T23:30:42Z,BUD,Budds_Landing,39.37225,-75.83986667,1.0,19.54,NaN,30.89,0.19,262.8
2018-06-29T23:45:42Z,BUD,Budds_Landing,39.37225,-75.83986667,1.0,19.2,NaN,30.76,0.19,257.6
2018-06-29T05:00:00Z,BUD,Budds_Landing,39.37225,-75.83986667,1.0,13.93,1.113,27.44,0.19,176.4
2018-06-29T05:15:00Z,BUD,Budds_Landing,39.37225,-75.83986667,1.0,13.84,1.071,27.22,0.18,174.6
2018-06-29T05:30:00Z,BUD,Budds_Landing,39.37225,-75.83986667,1.0,13.32,1.031,27.18,0.18,167.8
2018-06-29T05:45:00Z,BUD,Budds_Landing,39.37225,-75.83986667,1.0,12.91,0.992,27.17,0.18,162.7
2018-06-29T06:00:00Z,BUD,Budds_Landing,39.37225,-75.83986667,1.0,12.54,0.958,27.13,0.17,157.9
2018-06-29T06:15:00Z,BUD,Budds_Landing,39.37225,-75.83986667,1.0,12.7,0.924,27.13,0.17,159.9
2018-06-29T06:30:00Z,BUD,Budds_Landing,39.37225,-75.83986667,1.0,12.24,0.901,27.1,0.17,154.0
2018-06-29T06:45:00Z,BUD,Budds_Landing,39.37225,-75.83986667,1.0,12.28,0.877,27.09,0.17,154.5
2018-06-29T07:00:00Z,BUD,Budds_Landing,39.37225,-75.83986667,1.0,12.44,0.853,27.08,0.17,156.5
2018-06-29T07:15:00Z,BUD,Budds_Landing,39.37225,-75.83986667,1.0,12.31,0.833,27.07,0.17,154.8
2018-06-29T07:30:00Z,BUD,Budds_Landing,39.37225,-75.83986667,1.0,12.58,0.811,27.0,0.17,158.0
2018-06-29T07:45:00Z,BUD,Budds_Landing,39.37225,-75.83986667,1.0,12.12,0.795,26.92,0.17,152.0
2018-06-29T08:00:00Z,BUD,Budds_Landing,39.37225,-75.83986667,1.0,11.78,0.784,26.94,0.16,147.9
2018-06-29T08:15:00Z,BUD,Budds_Landing,39.37225,-75.83986667,1.0,11.45,0.781,26.94,0.17,143.7
2018-06-29T08:30:00Z,BUD,Budds_Landing,39.37225,-75.83986667,1.0,11.75,0.778,26.88,0.16,147.2
2018-06-29T08:45:00Z,BUD,Budds_Landing,39.37225,-75.83986667,1.0,11.6,0.776,26.87,0.16,145.4
2018-06-29T09:00:00Z,BUD,Budds_Landing,39.37225,-75.83986667,1.0,11.27,0.779,26.86,0.16,141.2
2018-06-29T09:15:00Z,BUD,Budds_Landing,39.37225,-75.83986667,1.0,11.22,0.79,26.89,0.17,140.6
2018-06-29T09:30:00Z,BUD,Budds_Landing,39.37225,-75.83986667,1.0,11.3,0.808,26.83,0.16,141.5
2018-06-29T09:45:00Z,BUD,Budds_Landing,39.37225,-75.83986667,1.0,11.17,0.834,26.84,0.16,139.8
2018-06-29T10:00:00Z,BUD,Budds_Landing,39.37225,-75.83986667,1.0,11.42,0.867,26.73,0.16,142.7
2018-06-29T10:15:00Z,BUD,Budds_Landing,39.37225,-75.83986667,1.0,11.7,0.895,26.68,0.17,146.2
2018-06-29T10:30:00Z,BUD,Budds_Landing,39.37225,-75.83986667,1.0,11.79,0.941,26.71,0.16,147.3
2018-06-29T10:45:00Z,BUD,Budds_Landing,39.37225,-75.83986667,1.0,11.99,0.991,26.64,0.16,149.7
2018-06-29T11:00:00Z,BUD,Budds_Landing,39.37225,-75.83986667,1.0,12.15,1.039,26.65,0.16,151.6
2018-06-29T11:15:00Z,BUD,Budds_Landing,39.37225,-75.83986667,1.0,12.23,1.086,26.58,0.16,152.5
2018-06-29T11:30:00Z,BUD,Budds_Landing,39.37225,-75.83986667,1.0,12.12,1.124,26.58,0.17,151.1
2018-06-29T11:45:00Z,BUD,Budds_Landing,39.37225,-75.83986667,1.0,11.97,1.158,26.63,0.18,149.4
2018-06-29T12:00:00Z,BUD,Budds_Landing,39.37225,-75.83986667,1.0,11.79,1.19,26.69,0.19,147.3
2018-06-29T12:15:00Z,BUD,Budds_Landing,39.37225,-75.83986667,1.0,11.74,1.223,26.73,0.19,146.8
2018-06-29T12:30:00Z,BUD,Budds_Landing,39.37225,-75.83986667,1.0,11.71,1.257,26.8,0.19,146.6
2018-06-29T12:45:00Z,BUD,Budds_Landing,39.37225,-75.83986667,1.0,11.68,1.286,26.79,0.19,146.1
2018-06-29T13:00:00Z,BUD,Budds_Landing,39.37225,-75.83986667,1.0,11.64,1.315,26.81,0.2,145.7
2018-06-29T13:15:00Z,BUD,Budds_Landing,39.37225,-75.83986667,1.0,11.64,1.343,26.86,0.2,145.8
2018-06-29T13:30:00Z,BUD,Budds_Landing,39.37225,-75.83986667,1.0,11.61,1.369,26.87,0.2,145.5
2018-06-29T13:45:00Z,BUD,Budds_Landing,39.37225,-75.83986667,1.0,11.59,1.394,26.85,0.2,145.2
2018-06-29T14:00:00Z,BUD,Budds_Landing,39.37225,-75.83986667,1.0,11.51,1.418,26.87,0.2,144.3
2018-06-29T14:15:00Z,BUD,Budds_Landing,39.37225,-75.83986667,1.0,11.6,1.436,26.89,0.2,145.4
2018-06-29T14:30:00Z,BUD,Budds_Landing,39.37225,-75.83986667,1.0,11.44,1.45,26.87,0.2,143.3
2018-06-29T14:45:00Z,BUD,Budds_Landing,39.37225,-75.83986667,1.0,11.65,1.455,26.9,0.2,146.1
2018-06-29T15:00:00Z,BUD,Budds_Landing,39.37225,-75.83986667,1.0,11.49,1.454,26.94,0.2,144.1
2018-06-29T15:15:00Z,BUD,Budds_Landing,39.37225,-75.83986667,1.0,11.43,1.45,26.96,0.2,143.5
2018-06-29T15:30:00Z,BUD,Budds_Landing,39.37225,-75.83986667,1.0,11.12,1.439,26.93,0.2,139.5
2018-06-29T15:45:00Z,BUD,Budds_Landing,39.37225,-75.83986667,1.0,11.03,1.422,26.86,0.2,138.3
2018-06-29T16:00:00Z,BUD,Budds_Landing,39.37225,-75.83986667,1.0,11.56,1.399,26.8,0.19,144.7
2018-06-29T16:15:00Z,BUD,Budds_Landing,39.37225,-75.83986667,1.0,12.27,1.376,26.77,0.17,153.5
2018-06-29T16:30:00Z,BUD,Budds_Landing,39.37225,-75.83986667,1.0,12.27,1.349,26.87,0.19,153.7
2018-06-29T16:45:00Z,BUD,Budds_Landing,39.37225,-75.83986667,1.0,12.56,1.319,26.89,0.18,157.4
2018-06-29T17:00:00Z,BUD,Budds_Landing,39.37225,-75.83986667,1.0,14.04,1.283,27.08,0.19,176.6
2018-06-29T17:15:00Z,BUD,Budds_Landing,39.37225,-75.83986667,1.0,13.11,1.248,27.11,0.19,165.0
2018-06-29T17:30:00Z,BUD,Budds_Landing,39.37225,-75.83986667,1.0,14.03,1.214,27.17,0.19,176.7
2018-06-29T17:45:00Z,BUD,Budds_Landing,39.37225,-75.83986667,1.0,15.38,1.18,27.38,0.18,194.6
2018-06-29T18:00:00Z,BUD,Budds_Landing,39.37225,-75.83986667,1.0,15.59,1.148,27.5,0.18,197.6
2018-06-29T18:15:00Z,BUD,Budds_Landing,39.37225,-75.83986667,1.0,14.49,1.122,27.28,0.18,182.9
2018-06-29T18:30:00Z,BUD,Budds_Landing,39.37225,-75.83986667,1.0,15.09,1.093,27.44,0.17,191.0
2018-06-29T18:45:00Z,BUD,Budds_Landing,39.37225,-75.83986667,1.0,15.7,1.061,27.55,0.17,199.1
2018-06-29T19:00:00Z,BUD,Budds_Landing,39.37225,-75.83986667,1.0,16.81,1.028,27.89,0.17,214.6
2018-06-29T19:15:00Z,BUD,Budds_Landing,39.37225,-75.83986667,1.0,16.95,0.996,27.89,0.17,216.3
2018-06-29T19:30:00Z,BUD,Budds_Landing,39.37225,-75.83986667,1.0,16.99,0.965,27.92,0.17,216.9
2018-06-29T19:45:00Z,BUD,Budds_Landing,39.37225,-75.83986667,1.0,17.05,0.931,28.03,0.17,218.1
2018-06-29T20:00:00Z,BUD,Budds_Landing,39.37225,-75.83986667,1.0,17.3,0.9,28.12,0.16,221.6
2018-06-29T20:15:00Z,BUD,Budds_Landing,39.37225,-75.83986667,1.0,17.69,0.869,28.29,0.16,227.4
2018-06-29T20:30:00Z,BUD,Budds_Landing,39.37225,-75.83986667,1.0,17.75,0.845,28.37,0.16,228.4
2018-06-29T20:45:00Z,BUD,Budds_Landing,39.37225,-75.83986667,1.0,18.16,0.833,28.43,0.15,233.9
2018-06-29T21:00:00Z,BUD,Budds_Landing,39.37225,-75.83986667,1.0,18.36,0.82,28.49,0.15,236.8
2018-06-29T21:15:00Z,BUD,Budds_Landing,39.37225,-75.83986667,1.0,18.52,0.821,28.47,0.16,238.8
2018-06-29T21:30:00Z,BUD,Budds_Landing,39.37225,-75.83986667,1.0,18.35,0.83,28.51,0.16,236.7
2018-06-29T21:45:00Z,BUD,Budds_Landing,39.37225,-75.83986667,1.0,17.66,0.83,28.51,0.15,227.8
2018-06-29T22:00:00Z,BUD,Budds_Landing,39.37225,-75.83986667,1.0,17.51,0.833,28.38,0.15,225.4
2018-06-29T22:15:00Z,BUD,Budds_Landing,39.37225,-75.83986667,1.0,18.57,0.84,29.41,0.17,243.4
2018-06-29T22:30:00Z,BUD,Budds_Landing,39.37225,-75.83986667,1.0,21.19,0.849,30.69,0.16,283.9
2018-06-29T22:45:00Z,BUD,Budds_Landing,39.37225,-75.83986667,1.0,19.5,0.867,30.83,0.16,261.9
2018-06-29T23:00:00Z,BUD,Budds_Landing,39.37225,-75.83986667,1.0,19.0,0.875,30.16,0.17,252.3
2018-06-29T23:15:00Z,BUD,Budds_Landing,39.37225,-75.83986667,1.0,19.42,0.899,30.94,0.19,261.3
2018-06-29T23:30:00Z,BUD,Budds_Landing,39.37225,-75.83986667,1.0,19.22,0.898,30.48,0.19,256.6
2018-06-29T23:45:00Z,BUD,Budds_Landing,39.37225,-75.83986667,1.0,19.48,0.941,30.64,0.19,260.9
2018-06-30T00:00:42Z,BUD,Budds_Landing,39.37225,-75.83986667,1.0,19.86,NaN,30.67,0.18,266.1
2018-06-30T00:15:42Z,BUD,Budds_Landing,39.37225,-75.83986667,1.0,21.19,NaN,30.47,0.17,282.9
2018-06-30T00:30:42Z,BUD,Budds_Landing,39.37225,-75.83986667,1.0,20.06,NaN,29.99,0.17,265.5
2018-06-30T00:45:43Z,BUD,Budds_Landing,39.37225,-75.83986667,1.0,18.94,NaN,29.67,0.17,249.3
2018-06-30T01:00:42Z,BUD,Budds_Landing,39.37225,-75.83986667,1.0,18.73,NaN,29.71,0.18,246.9
2018-06-30T01:15:43Z,BUD,Budds_Landing,39.37225,-75.83986667,1.0,17.2,NaN,29.52,0.19,225.9
2018-06-30T01:30:42Z,BUD,Budds_Landing,39.37225,-75.83986667,1.0,17.17,NaN,29.38,0.19,225.0
2018-06-30T01:45:43Z,BUD,Budds_Landing,39.37225,-75.83986667,1.0,16.42,NaN,29.29,0.19,214.8
2018-06-30T02:00:43Z,BUD,Budds_Landing,39.37225,-75.83986667,1.0,17.02,NaN,29.39,0.19,223.1
2018-06-30T02:15:43Z,BUD,Budds_Landing,39.37225,-75.83986667,1.0,16.5,NaN,29.28,0.19,215.9
2018-06-30T02:30:43Z,BUD,Budds_Landing,39.37225,-75.83986667,1.0,16.11,NaN,29.19,0.19,210.3
2018-06-30T02:45:43Z,BUD,Budds_Landing,39.37225,-75.83986667,1.0,15.74,NaN,29.07,0.19,205.1
2018-06-30T03:00:43Z,BUD,Budds_Landing,39.37225,-75.83986667,1.0,15.44,NaN,29.05,0.19,201.1
2018-06-30T03:15:43Z,BUD,Budds_Landing,39.37225,-75.83986667,1.0,15.17,NaN,29.03,0.19,197.6
2018-06-30T03:30:43Z,BUD,Budds_Landing,39.37225,-75.83986667,1.0,15.59,NaN,29.03,0.19,203.0
2018-06-30T03:45:43Z,BUD,Budds_Landing,39.37225,-75.83986667,1.0,15.65,NaN,28.98,0.19,203.7
2018-06-30T04:00:43Z,BUD,Budds_Landing,39.37225,-75.83986667,1.0,15.84,NaN,28.98,0.19,206.1
2018-06-30T04:15:43Z,BUD,Budds_Landing,39.37225,-75.83986667,1.0,15.89,NaN,29.02,0.18,206.8
2018-06-30T04:30:43Z,BUD,Budds_Landing,39.37225,-75.83986667,1.0,15.31,NaN,29.03,0.19,199.4
2018-06-30T04:45:43Z,BUD,Budds_Landing,39.37225,-75.83986667,1.0,15.11,NaN,28.86,0.16,196.1
2018-06-30T00:00:00Z,BUD,Budds_Landing,39.37225,-75.83986667,1.0,21.23,0.98,30.69,0.18,284.4
2018-06-30T00:15:00Z,BUD,Budds_Landing,39.37225,-75.83986667,1.0,21.5,1.016,30.44,0.17,286.8
2018-06-30T00:30:00Z,BUD,Budds_Landing,39.37225,-75.83986667,1.0,19.72,1.043,29.86,0.17,260.4
2018-06-30T00:45:00Z,BUD,Budds_Landing,39.37225,-75.83986667,1.0,18.64,1.072,29.58,0.18,245.0
2018-06-30T01:00:00Z,BUD,Budds_Landing,39.37225,-75.83986667,1.0,17.67,1.098,29.7,0.19,232.8
2018-06-30T01:15:00Z,BUD,Budds_Landing,39.37225,-75.83986667,1.0,17.3,1.123,29.46,0.19,226.9
2018-06-30T01:30:00Z,BUD,Budds_Landing,39.37225,-75.83986667,1.0,17.04,1.148,29.38,0.19,223.2
2018-06-30T01:45:00Z,BUD,Budds_Landing,39.37225,-75.83986667,1.0,16.59,1.177,29.36,0.19,217.2
2018-06-30T02:00:00Z,BUD,Budds_Landing,39.37225,-75.83986667,1.0,16.89,1.205,29.4,0.19,221.4
2018-06-30T02:15:00Z,BUD,Budds_Landing,39.37225,-75.83986667,1.0,16.52,1.233,29.28,0.19,216.1
2018-06-30T02:30:00Z,BUD,Budds_Landing,39.37225,-75.83986667,1.0,16.0,1.259,29.12,0.19,208.7
2018-06-30T02:45:00Z,BUD,Budds_Landing,39.37225,-75.83986667,1.0,15.45,1.278,29.07,0.19,201.3
2018-06-30T03:00:00Z,BUD,Budds_Landing,39.37225,-75.83986667,1.0,15.36,1.297,29.04,0.19,200.1
2018-06-30T03:15:00Z,BUD,Budds_Landing,39.37225,-75.83986667,1.0,15.08,1.311,29.03,0.19,196.4
2018-06-30T03:30:00Z,BUD,Budds_Landing,39.37225,-75.83986667,1.0,15.18,1.317,29.01,0.19,197.5
2018-06-30T03:45:00Z,BUD,Budds_Landing,39.37225,-75.83986667,1.0,15.85,1.313,29.0,0.19,206.3
2018-06-30T04:00:00Z,BUD,Budds_Landing,39.37225,-75.83986667,1.0,16.31,1.3,29.07,0.17,212.5
2018-06-30T04:15:00Z,BUD,Budds_Landing,39.37225,-75.83986667,1.0,15.6,1.284,29.03,0.18,203.1
2018-06-30T04:30:00Z,BUD,Budds_Landing,39.37225,-75.83986667,1.0,14.89,1.262,28.91,0.17,193.5
2018-06-30T04:45:00Z,BUD,Budds_Landing,39.37225,-75.83986667,1.0,15.54,1.236,28.92,0.17,201.9
2018-06-30T05:00:43Z,BUD,Budds_Landing,39.37225,-75.83986667,1.0,15.45,NaN,28.92,0.17,200.8
2018-06-30T05:15:43Z,BUD,Budds_Landing,39.37225,-75.83986667,1.0,15.37,NaN,28.91,0.18,199.8
2018-06-30T05:30:43Z,BUD,Budds_Landing,39.37225,-75.83986667,1.0,15.22,NaN,28.87,0.18,197.5
2018-06-30T05:45:44Z,BUD,Budds_Landing,39.37225,-75.83986667,1.0,15.11,NaN,28.83,0.18,196.1
2018-06-30T06:00:43Z,BUD,Budds_Landing,39.37225,-75.83986667,1.0,14.5,NaN,28.77,0.17,187.9
2018-06-30T06:15:43Z,BUD,Budds_Landing,39.37225,-75.83986667,1.0,13.98,NaN,28.76,0.16,181.1
2018-06-30T06:30:43Z,BUD,Budds_Landing,39.37225,-75.83986667,1.0,14.62,NaN,28.74,0.17,189.4
2018-06-30T06:45:44Z,BUD,Budds_Landing,39.37225,-75.83986667,1.0,15.2,NaN,28.87,0.17,197.4
2018-06-30T07:00:43Z,BUD,Budds_Landing,39.37225,-75.83986667,1.0,15.02,NaN,28.83,0.17,194.9
2018-06-30T07:15:43Z,BUD,Budds_Landing,39.37225,-75.83986667,1.0,15.04,NaN,28.9,0.17,195.4
2018-06-30T07:30:43Z,BUD,Budds_Landing,39.37225,-75.83986667,1.0,15.0,NaN,28.88,0.17,194.8
2018-06-30T07:45:43Z,BUD,Budds_Landing,39.37225,-75.83986667,1.0,14.77,NaN,28.95,0.17,192.0
2018-06-30T08:00:43Z,BUD,Budds_Landing,39.37225,-75.83986667,1.0,14.62,NaN,28.92,0.17,189.9
2018-06-30T08:15:43Z,BUD,Budds_Landing,39.37225,-75.83986667,1.0,14.41,NaN,28.78,0.17,186.8
2018-06-30T08:30:43Z,BUD,Budds_Landing,39.37225,-75.83986667,1.0,14.1,NaN,28.6,0.17,182.2
2018-06-30T08:45:43Z,BUD,Budds_Landing,39.37225,-75.83986667,1.0,13.76,NaN,28.62,0.16,177.8
2018-06-30T09:00:43Z,BUD,Budds_Landing,39.37225,-75.83986667,1.0,13.55,NaN,28.6,0.16,175.1
2018-06-30T09:15:43Z,BUD,Budds_Landing,39.37225,-75.83986667,1.0,13.2,NaN,28.63,0.16,170.6
2018-06-30T09:30:43Z,BUD,Budds_Landing,39.37225,-75.83986667,1.0,13.55,NaN,28.63,0.16,175.2
2018-06-30T09:45:43Z,BUD,Budds_Landing,39.37225,-75.83986667,1.0,13.37,NaN,28.59,0.16,172.8
2018-06-30T10:00:43Z,BUD,Budds_Landing,39.37225,-75.83986667,1.0,13.12,NaN,28.54,0.16,169.3
2018-06-30T10:15:43Z,BUD,Budds_Landing,39.37225,-75.83986667,1.0,13.1,NaN,28.55,0.16,169.2
2018-06-30T10:30:43Z,BUD,Budds_Landing,39.37225,-75.83986667,1.0,13.02,NaN,28.4,0.17,167.6
2018-06-30T10:45:43Z,BUD,Budds_Landing,39.37225,-75.83986667,1.0,13.01,NaN,28.24,0.17,167.0
2018-06-30T11:00:43Z,BUD,Budds_Landing,39.37225,-75.83986667,1.0,13.06,NaN,28.19,0.17,167.5
2018-06-30T11:15:43Z,BUD,Budds_Landing,39.37225,-75.83986667,1.0,13.21,NaN,28.33,0.17,169.9
2018-06-30T11:30:43Z,BUD,Budds_Landing,39.37225,-75.83986667,1.0,13.38,NaN,28.36,0.17,172.2
2018-06-30T11:45:43Z,BUD,Budds_Landing,39.37225,-75.83986667,1.0,13.24,NaN,28.26,0.17,170.1
2018-06-30T12:00:43Z,BUD,Budds_Landing,39.37225,-75.83986667,1.0,12.86,NaN,28.18,0.18,164.9
2018-06-30T12:15:43Z,BUD,Budds_Landing,39.37225,-75.83986667,1.0,12.99,NaN,28.2,0.19,166.7
2018-06-30T12:30:43Z,BUD,Budds_Landing,39.37225,-75.83986667,1.0,12.89,NaN,28.3,0.19,165.7
2018-06-30T12:45:43Z,BUD,Budds_Landing,39.37225,-75.83986667,1.0,12.96,NaN,28.36,0.19,166.8
2018-06-30T13:00:43Z,BUD,Budds_Landing,39.37225,-75.83986667,1.0,13.01,NaN,28.44,0.2,167.7
2018-06-30T13:15:43Z,BUD,Budds_Landing,39.37225,-75.83986667,1.0,12.92,NaN,28.42,0.2,166.5
2018-06-30T13:30:43Z,BUD,Budds_Landing,39.37225,-75.83986667,1.0,13.2,NaN,28.48,0.2,170.2
2018-06-30T13:45:43Z,BUD,Budds_Landing,39.37225,-75.83986667,1.0,13.01,NaN,28.5,0.2,167.8
2018-06-30T14:00:43Z,BUD,Budds_Landing,39.37225,-75.83986667,1.0,12.81,NaN,28.4,0.2,165.0
2018-06-30T14:15:43Z,BUD,Budds_Landing,39.37225,-75.83986667,1.0,12.73,NaN,28.4,0.2,163.9
2018-06-30T14:30:44Z,BUD,Budds_Landing,39.37225,-75.83986667,1.0,12.6,NaN,28.38,0.2,162.2
2018-06-30T14:45:43Z,BUD,Budds_Landing,39.37225,-75.83986667,1.0,12.72,NaN,28.39,0.2,163.7
2018-06-30T15:00:43Z,BUD,Budds_Landing,39.37225,-75.83986667,1.0,13.16,NaN,28.53,0.2,169.9
2018-06-30T15:15:43Z,BUD,Budds_Landing,39.37225,-75.83986667,1.0,13.71,NaN,28.58,0.2,177.1
2018-06-30T15:30:43Z,BUD,Budds_Landing,39.37225,-75.83986667,1.0,13.54,NaN,28.48,0.2,174.6
2018-06-30T15:45:43Z,BUD,Budds_Landing,39.37225,-75.83986667,1.0,13.08,NaN,28.43,0.2,168.6
2018-06-30T16:00:43Z,BUD,Budds_Landing,39.37225,-75.83986667,1.0,12.22,NaN,28.37,0.2,157.2
2018-06-30T16:15:43Z,BUD,Budds_Landing,39.37225,-75.83986667,1.0,12.26,NaN,28.33,0.19,157.7
2018-06-30T16:30:43Z,BUD,Budds_Landing,39.37225,-75.83986667,1.0,12.32,NaN,28.31,0.19,158.4
2018-06-30T16:45:43Z,BUD,Budds_Landing,39.37225,-75.83986667,1.0,12.39,NaN,28.33,0.19,159.4
2018-06-30T17:00:43Z,BUD,Budds_Landing,39.37225,-75.83986667,1.0,12.61,NaN,28.36,0.19,162.3
2018-06-30T17:15:43Z,BUD,Budds_Landing,39.37225,-75.83986667,1.0,14.04,NaN,28.7,0.2,181.8
2018-06-30T17:30:43Z,BUD,Budds_Landing,39.37225,-75.83986667,1.0,14.04,NaN,28.6,0.2,181.4
2018-06-30T17:45:43Z,BUD,Budds_Landing,39.37225,-75.83986667,1.0,13.81,NaN,28.54,0.19,178.3
2018-06-30T18:00:43Z,BUD,Budds_Landing,39.37225,-75.83986667,1.0,15.04,NaN,28.95,0.19,195.6
2018-06-30T18:15:43Z,BUD,Budds_Landing,39.37225,-75.83986667,1.0,15.2,NaN,28.89,0.19,197.5
2018-06-30T18:30:43Z,BUD,Budds_Landing,39.37225,-75.83986667,1.0,15.44,NaN,28.88,0.19,200.5
2018-06-30T18:45:43Z,BUD,Budds_Landing,39.37225,-75.83986667,1.0,16.3,NaN,29.04,0.19,212.3
2018-06-30T19:00:43Z,BUD,Budds_Landing,39.37225,-75.83986667,1.0,16.61,NaN,29.17,0.18,216.8
2018-06-30T19:15:43Z,BUD,Budds_Landing,39.37225,-75.83986667,1.0,16.76,NaN,29.2,0.18,218.8
2018-06-30T19:30:43Z,BUD,Budds_Landing,39.37225,-75.83986667,1.0,16.33,NaN,29.25,0.18,213.4
2018-06-30T19:45:43Z,BUD,Budds_Landing,39.37225,-75.83986667,1.0,17.0,NaN,29.29,0.17,222.3
2018-06-30T20:00:43Z,BUD,Budds_Landing,39.37225,-75.83986667,1.0,16.64,NaN,29.43,0.17,218.2
2018-06-30T20:15:43Z,BUD,Budds_Landing,39.37225,-75.83986667,1.0,18.02,NaN,29.7,0.17,237.3
2018-06-30T20:30:43Z,BUD,Budds_Landing,39.37225,-75.83986667,1.0,19.01,NaN,30.06,0.17,251.9
2018-06-30T20:45:42Z,BUD,Budds_Landing,39.37225,-75.83986667,1.0,18.77,NaN,30.3,0.17,249.9
2018-06-30T21:00:42Z,BUD,Budds_Landing,39.37225,-75.83986667,1.0,18.82,NaN,30.23,0.17,250.2
2018-06-30T21:15:42Z,BUD,Budds_Landing,39.37225,-75.83986667,1.0,18.63,NaN,30.2,0.17,247.5
2018-06-30T21:30:43Z,BUD,Budds_Landing,39.37225,-75.83986667,1.0,18.62,NaN,30.14,0.16,247.1
2018-06-30T21:45:42Z,BUD,Budds_Landing,39.37225,-75.83986667,1.0,18.89,NaN,30.15,0.16,250.8
2018-06-30T22:00:42Z,BUD,Budds_Landing,39.37225,-75.83986667,1.0,19.24,NaN,30.09,0.15,255.1
2018-06-30T22:15:43Z,BUD,Budds_Landing,39.37225,-75.83986667,1.0,19.29,NaN,30.01,0.15,255.4
2018-06-30T22:30:43Z,BUD,Budds_Landing,39.37225,-75.83986667,1.0,19.82,NaN,30.44,0.15,264.4
2018-06-30T22:45:42Z,BUD,Budds_Landing,39.37225,-75.83986667,1.0,18.86,NaN,30.19,0.15,250.5
2018-06-30T23:00:42Z,BUD,Budds_Landing,39.37225,-75.83986667,1.0,17.45,NaN,30.04,0.16,231.2
2018-06-30T23:15:42Z,BUD,Budds_Landing,39.37225,-75.83986667,1.0,20.6,NaN,31.51,0.17,280.0
2018-06-30T23:30:42Z,BUD,Budds_Landing,39.37225,-75.83986667,1.0,22.67,NaN,32.25,0.17,311.9
2018-06-30T23:45:42Z,BUD,Budds_Landing,39.37225,-75.83986667,1.0,20.45,NaN,31.94,0.18,279.9
2018-06-30T05:00:00Z,BUD,Budds_Landing,39.37225,-75.83986667,1.0,15.38,1.207,28.93,0.17,199.9
2018-06-30T05:15:00Z,BUD,Budds_Landing,39.37225,-75.83986667,1.0,15.31,1.173,28.9,0.18,198.9
2018-06-30T05:30:00Z,BUD,Budds_Landing,39.37225,-75.83986667,1.0,15.18,1.142,28.85,0.18,197.0
2018-06-30T05:45:00Z,BUD,Budds_Landing,39.37225,-75.83986667,1.0,15.02,1.114,28.81,0.18,194.8
2018-06-30T06:00:00Z,BUD,Budds_Landing,39.37225,-75.83986667,1.0,14.43,1.091,28.83,0.17,187.2
2018-06-30T06:15:00Z,BUD,Budds_Landing,39.37225,-75.83986667,1.0,14.12,1.068,28.75,0.16,183.0
2018-06-30T06:30:00Z,BUD,Budds_Landing,39.37225,-75.83986667,1.0,14.99,1.043,28.86,0.17,194.6
2018-06-30T06:45:00Z,BUD,Budds_Landing,39.37225,-75.83986667,1.0,15.23,1.019,28.87,0.17,197.7
2018-06-30T07:00:00Z,BUD,Budds_Landing,39.37225,-75.83986667,1.0,15.47,0.993,28.99,0.17,201.3
2018-06-30T07:15:00Z,BUD,Budds_Landing,39.37225,-75.83986667,1.0,15.16,0.961,28.96,0.17,197.1
2018-06-30T07:30:00Z,BUD,Budds_Landing,39.37225,-75.83986667,1.0,14.88,0.931,28.97,0.17,193.5
2018-06-30T07:45:00Z,BUD,Budds_Landing,39.37225,-75.83986667,1.0,14.79,0.903,28.97,0.17,192.4
2018-06-30T08:00:00Z,BUD,Budds_Landing,39.37225,-75.83986667,1.0,14.53,0.874,28.86,0.17,188.7
2018-06-30T08:15:00Z,BUD,Budds_Landing,39.37225,-75.83986667,1.0,14.12,0.85,28.64,0.17,182.6
2018-06-30T08:30:00Z,BUD,Budds_Landing,39.37225,-75.83986667,1.0,13.92,0.836,28.61,0.16,179.8
2018-06-30T08:45:00Z,BUD,Budds_Landing,39.37225,-75.83986667,1.0,13.69,0.82,28.64,0.16,177.0
2018-06-30T09:00:00Z,BUD,Budds_Landing,39.37225,-75.83986667,1.0,13.38,0.815,28.63,0.16,172.9
2018-06-30T09:15:00Z,BUD,Budds_Landing,39.37225,-75.83986667,1.0,13.68,0.818,28.63,0.16,176.9
2018-06-30T09:30:00Z,BUD,Budds_Landing,39.37225,-75.83986667,1.0,13.6,0.826,28.62,0.16,175.8
2018-06-30T09:45:00Z,BUD,Budds_Landing,39.37225,-75.83986667,1.0,13.43,0.842,28.59,0.16,173.5
2018-06-30T10:00:00Z,BUD,Budds_Landing,39.37225,-75.83986667,1.0,13.13,0.87,28.56,0.16,169.5
2018-06-30T10:15:00Z,BUD,Budds_Landing,39.37225,-75.83986667,1.0,13.17,0.901,28.54,0.16,170.0
2018-06-30T10:30:00Z,BUD,Budds_Landing,39.37225,-75.83986667,1.0,12.86,0.937,28.33,0.17,165.4
2018-06-30T10:45:00Z,BUD,Budds_Landing,39.37225,-75.83986667,1.0,12.91,0.982,28.21,0.17,165.6
2018-06-30T11:00:00Z,BUD,Budds_Landing,39.37225,-75.83986667,1.0,13.18,1.034,28.27,0.17,169.3
2018-06-30T11:15:00Z,BUD,Budds_Landing,39.37225,-75.83986667,1.0,13.31,1.083,28.31,0.17,171.1
2018-06-30T11:30:00Z,BUD,Budds_Landing,39.37225,-75.83986667,1.0,13.29,1.128,28.33,0.17,170.9
2018-06-30T11:45:00Z,BUD,Budds_Landing,39.37225,-75.83986667,1.0,13.01,1.169,28.21,0.17,167.0
2018-06-30T12:00:00Z,BUD,Budds_Landing,39.37225,-75.83986667,1.0,12.9,1.206,28.16,0.18,165.4
2018-06-30T12:15:00Z,BUD,Budds_Landing,39.37225,-75.83986667,1.0,12.92,1.24,28.21,0.19,165.9
2018-06-30T12:30:00Z,BUD,Budds_Landing,39.37225,-75.83986667,1.0,12.94,1.274,28.36,0.19,166.5
2018-06-30T12:45:00Z,BUD,Budds_Landing,39.37225,-75.83986667,1.0,12.84,1.309,28.33,0.19,165.1
2018-06-30T13:00:00Z,BUD,Budds_Landing,39.37225,-75.83986667,1.0,13.01,1.345,28.44,0.19,167.7
2018-06-30T13:15:00Z,BUD,Budds_Landing,39.37225,-75.83986667,1.0,13.05,1.379,28.48,0.2,168.3
2018-06-30T13:30:00Z,BUD,Budds_Landing,39.37225,-75.83986667,1.0,13.03,1.413,28.51,0.2,168.1
2018-06-30T13:45:00Z,BUD,Budds_Landing,39.37225,-75.83986667,1.0,12.97,1.442,28.43,0.2,167.2
2018-06-30T14:00:00Z,BUD,Budds_Landing,39.37225,-75.83986667,1.0,12.9,1.468,28.37,0.2,166.0
2018-06-30T14:15:00Z,BUD,Budds_Landing,39.37225,-75.83986667,1.0,12.56,1.494,28.39,0.2,161.7
2018-06-30T14:30:00Z,BUD,Budds_Landing,39.37225,-75.83986667,1.0,12.59,1.514,28.35,0.2,162.0
2018-06-30T14:45:00Z,BUD,Budds_Landing,39.37225,-75.83986667,1.0,13.34,1.526,28.6,0.2,172.4
2018-06-30T15:00:00Z,BUD,Budds_Landing,39.37225,-75.83986667,1.0,13.22,1.536,28.48,0.2,170.5
2018-06-30T15:15:00Z,BUD,Budds_Landing,39.37225,-75.83986667,1.0,13.52,1.536,28.51,0.21,174.4
2018-06-30T15:30:00Z,BUD,Budds_Landing,39.37225,-75.83986667,1.0,12.92,1.535,28.47,0.2,166.6
2018-06-30T15:45:00Z,BUD,Budds_Landing,39.37225,-75.83986667,1.0,12.74,1.521,28.4,0.2,164.1
2018-06-30T16:00:00Z,BUD,Budds_Landing,39.37225,-75.83986667,1.0,12.26,1.507,28.35,0.19,157.7
2018-06-30T16:15:00Z,BUD,Budds_Landing,39.37225,-75.83986667,1.0,12.51,1.488,28.33,0.19,160.9
2018-06-30T16:30:00Z,BUD,Budds_Landing,39.37225,-75.83986667,1.0,12.49,1.468,28.3,0.18,160.6
2018-06-30T16:45:00Z,BUD,Budds_Landing,39.37225,-75.83986667,1.0,12.48,1.443,28.35,0.19,160.5
2018-06-30T17:00:00Z,BUD,Budds_Landing,39.37225,-75.83986667,1.0,13.12,1.418,28.47,0.19,169.1
2018-06-30T17:15:00Z,BUD,Budds_Landing,39.37225,-75.83986667,1.0,14.08,1.389,28.61,0.19,182.0
2018-06-30T17:30:00Z,BUD,Budds_Landing,39.37225,-75.83986667,1.0,14.16,1.358,28.65,0.19,183.1
2018-06-30T17:45:00Z,BUD,Budds_Landing,39.37225,-75.83986667,1.0,14.65,1.312,28.8,0.19,190.0
2018-06-30T18:00:00Z,BUD,Budds_Landing,39.37225,-75.83986667,1.0,15.17,1.27,28.91,0.19,197.1
2018-06-30T18:15:00Z,BUD,Budds_Landing,39.37225,-75.83986667,1.0,15.63,1.23,29.19,0.19,204.2
2018-06-30T18:30:00Z,BUD,Budds_Landing,39.37225,-75.83986667,1.0,16.02,1.193,29.02,0.19,208.5
2018-06-30T18:45:00Z,BUD,Budds_Landing,39.37225,-75.83986667,1.0,16.56,1.154,29.15,0.19,216.0
2018-06-30T19:00:00Z,BUD,Budds_Landing,39.37225,-75.83986667,1.0,16.64,1.114,29.24,0.18,217.5
2018-06-30T19:15:00Z,BUD,Budds_Landing,39.37225,-75.83986667,1.0,16.7,1.072,29.26,0.18,218.3
2018-06-30T19:30:00Z,BUD,Budds_Landing,39.37225,-75.83986667,1.0,16.59,1.032,29.21,0.18,216.7
2018-06-30T19:45:00Z,BUD,Budds_Landing,39.37225,-75.83986667,1.0,17.65,1.0,29.41,0.17,231.3
2018-06-30T20:00:00Z,BUD,Budds_Landing,39.37225,-75.83986667,1.0,17.53,0.97,29.57,0.17,230.4
2018-06-30T20:15:00Z,BUD,Budds_Landing,39.37225,-75.83986667,1.0,18.42,0.944,29.81,0.17,243.1
2018-06-30T20:30:00Z,BUD,Budds_Landing,39.37225,-75.83986667,1.0,18.77,0.923,30.11,0.17,249.1
2018-06-30T20:45:00Z,BUD,Budds_Landing,39.37225,-75.83986667,1.0,19.39,0.9,30.33,0.17,258.2
2018-06-30T21:00:00Z,BUD,Budds_Landing,39.37225,-75.83986667,1.0,18.73,0.879,30.22,0.17,248.9
2018-06-30T21:15:00Z,BUD,Budds_Landing,39.37225,-75.83986667,1.0,19.14,0.857,30.26,0.16,254.5
2018-06-30T21:30:00Z,BUD,Budds_Landing,39.37225,-75.83986667,1.0,18.52,0.838,29.99,0.16,245.1
2018-06-30T21:45:00Z,BUD,Budds_Landing,39.37225,-75.83986667,1.0,18.86,0.824,30.1,0.15,250.1
2018-06-30T22:00:00Z,BUD,Budds_Landing,39.37225,-75.83986667,1.0,19.77,0.821,30.16,0.15,262.4
2018-06-30T22:15:00Z,BUD,Budds_Landing,39.37225,-75.83986667,1.0,19.62,0.812,30.04,0.15,259.9
2018-06-30T22:30:00Z,BUD,Budds_Landing,39.37225,-75.83986667,1.0,19.34,0.822,30.21,0.15,257.0
2018-06-30T22:45:00Z,BUD,Budds_Landing,39.37225,-75.83986667,1.0,18.53,0.834,30.16,0.16,246.1
2018-06-30T23:00:00Z,BUD,Budds_Landing,39.37225,-75.83986667,1.0,18.61,0.848,30.32,0.17,247.7
2018-06-30T23:15:00Z,BUD,Budds_Landing,39.37225,-75.83986667,1.0,21.31,0.868,31.57,0.17,289.8
2018-06-30T23:30:00Z,BUD,Budds_Landing,39.37225,-75.83986667,1.0,21.64,0.874,32.23,0.18,297.6
2018-06-30T23:45:00Z,BUD,Budds_Landing,39.37225,-75.83986667,1.0,20.69,0.893,32.01,0.18,283.5
2018-07-01T00:00:41Z,BUD,Budds_Landing,39.37225,-75.83986667,1.0,19.28,NaN,31.74,0.19,263.0
2018-07-01T00:15:42Z,BUD,Budds_Landing,39.37225,-75.83986667,1.0,18.7,NaN,31.46,0.18,253.9
2018-07-01T00:30:42Z,BUD,Budds_Landing,39.37225,-75.83986667,1.0,18.89,NaN,31.35,0.18,255.9
2018-07-01T00:45:42Z,BUD,Budds_Landing,39.37225,-75.83986667,1.0,19.22,NaN,31.29,0.17,260.2
2018-07-01T01:00:42Z,BUD,Budds_Landing,39.37225,-75.83986667,1.0,19.5,NaN,31.15,0.17,263.3
2018-07-01T01:15:42Z,BUD,Budds_Landing,39.37225,-75.83986667,1.0,19.21,NaN,31.07,0.18,259.1
2018-07-01T01:30:41Z,BUD,Budds_Landing,39.37225,-75.83986667,1.0,17.53,NaN,30.78,0.19,235.3
2018-07-01T01:45:42Z,BUD,Budds_Landing,39.37225,-75.83986667,1.0,16.86,NaN,30.71,0.19,226.0
2018-07-01T02:00:42Z,BUD,Budds_Landing,39.37225,-75.83986667,1.0,16.23,NaN,30.77,0.2,217.9
2018-07-01T02:15:42Z,BUD,Budds_Landing,39.37225,-75.83986667,1.0,15.91,NaN,30.72,0.2,213.3
2018-07-01T02:30:42Z,BUD,Budds_Landing,39.37225,-75.83986667,1.0,15.7,NaN,30.69,0.2,210.4
2018-07-01T02:45:42Z,BUD,Budds_Landing,39.37225,-75.83986667,1.0,15.68,NaN,30.68,0.2,210.1
2018-07-01T03:00:42Z,BUD,Budds_Landing,39.37225,-75.83986667,1.0,15.38,NaN,30.64,0.2,205.9
2018-07-01T03:15:42Z,BUD,Budds_Landing,39.37225,-75.83986667,1.0,15.3,NaN,30.5,0.2,204.3
2018-07-01T03:30:42Z,BUD,Budds_Landing,39.37225,-75.83986667,1.0,15.02,NaN,30.5,0.2,200.7
2018-07-01T03:45:42Z,BUD,Budds_Landing,39.37225,-75.83986667,1.0,14.9,NaN,30.48,0.2,198.9
2018-07-01T04:00:42Z,BUD,Budds_Landing,39.37225,-75.83986667,1.0,14.5,NaN,30.29,0.21,193.0
2018-07-01T04:15:42Z,BUD,Budds_Landing,39.37225,-75.83986667,1.0,14.62,NaN,30.27,0.21,194.5
2018-07-01T04:30:42Z,BUD,Budds_Landing,39.37225,-75.83986667,1.0,14.2,NaN,30.26,0.21,188.9
2018-07-01T04:45:43Z,BUD,Budds_Landing,39.37225,-75.83986667,1.0,14.49,NaN,30.26,0.2,192.8
2018-07-01T00:00:00Z,BUD,Budds_Landing,39.37225,-75.83986667,1.0,18.89,0.923,31.58,0.19,257.0
2018-07-01T00:15:00Z,BUD,Budds_Landing,39.37225,-75.83986667,1.0,18.97,0.957,31.53,0.18,257.9
2018-07-01T00:30:00Z,BUD,Budds_Landing,39.37225,-75.83986667,1.0,18.86,0.997,31.2,0.18,255.0
2018-07-01T00:45:00Z,BUD,Budds_Landing,39.37225,-75.83986667,1.0,19.64,1.031,31.15,0.17,265.3
2018-07-01T01:00:00Z,BUD,Budds_Landing,39.37225,-75.83986667,1.0,19.23,1.067,30.91,0.17,258.6
2018-07-01T01:15:00Z,BUD,Budds_Landing,39.37225,-75.83986667,1.0,18.98,1.103,31.07,0.18,255.9
2018-07-01T01:30:00Z,BUD,Budds_Landing,39.37225,-75.83986667,1.0,17.36,1.133,30.79,0.19,233.0
2018-07-01T01:45:00Z,BUD,Budds_Landing,39.37225,-75.83986667,1.0,16.57,1.16,30.77,0.19,222.3
2018-07-01T02:00:00Z,BUD,Budds_Landing,39.37225,-75.83986667,1.0,16.0,1.185,30.73,0.2,214.6
2018-07-01T02:15:00Z,BUD,Budds_Landing,39.37225,-75.83986667,1.0,15.79,1.21,30.7,0.2,211.7
2018-07-01T02:30:00Z,BUD,Budds_Landing,39.37225,-75.83986667,1.0,15.64,1.233,30.67,0.2,209.5
2018-07-01T02:45:00Z,BUD,Budds_Landing,39.37225,-75.83986667,1.0,15.57,1.256,30.66,0.2,208.5
2018-07-01T03:00:00Z,BUD,Budds_Landing,39.37225,-75.83986667,1.0,15.41,1.277,30.52,0.2,205.9
2018-07-01T03:15:00Z,BUD,Budds_Landing,39.37225,-75.83986667,1.0,15.21,1.294,30.48,0.2,203.1
2018-07-01T03:30:00Z,BUD,Budds_Landing,39.37225,-75.83986667,1.0,14.88,1.307,30.49,0.2,198.7
2018-07-01T03:45:00Z,BUD,Budds_Landing,39.37225,-75.83986667,1.0,14.81,1.317,30.41,0.2,197.5
2018-07-01T04:00:00Z,BUD,Budds_Landing,39.37225,-75.83986667,1.0,14.5,1.321,30.28,0.2,192.9
2018-07-01T04:15:00Z,BUD,Budds_Landing,39.37225,-75.83986667,1.0,14.36,1.321,30.26,0.21,191.1
2018-07-01T04:30:00Z,BUD,Budds_Landing,39.37225,-75.83986667,1.0,13.87,1.262,30.23,0.21,184.4
2018-07-01T04:45:00Z,BUD,Budds_Landing,39.37225,-75.83986667,1.0,14.81,1.242,30.32,0.19,197.3
2018-07-01T05:00:42Z,BUD,Budds_Landing,39.37225,-75.83986667,1.0,14.16,NaN,30.2,0.2,188.2
2018-07-01T05:15:43Z,BUD,Budds_Landing,39.37225,-75.83986667,1.0,15.29,NaN,30.14,0.17,202.9
2018-07-01T05:30:43Z,BUD,Budds_Landing,39.37225,-75.83986667,1.0,14.99,NaN,30.2,0.18,199.2
2018-07-01T05:45:43Z,BUD,Budds_Landing,39.37225,-75.83986667,1.0,14.71,NaN,30.21,0.19,195.5
2018-07-01T06:00:43Z,BUD,Budds_Landing,39.37225,-75.83986667,1.0,14.24,NaN,30.1,0.18,188.8
2018-07-01T06:15:43Z,BUD,Budds_Landing,39.37225,-75.83986667,1.0,14.07,NaN,30.11,0.18,186.7
2018-07-01T06:30:43Z,BUD,Budds_Landing,39.37225,-75.83986667,1.0,13.61,NaN,30.04,0.17,180.3
2018-07-01T06:45:42Z,BUD,Budds_Landing,39.37225,-75.83986667,1.0,13.33,NaN,30.01,0.17,176.5
2018-07-01T07:00:43Z,BUD,Budds_Landing,39.37225,-75.83986667,1.0,13.59,NaN,29.98,0.17,179.8
2018-07-01T07:15:42Z,BUD,Budds_Landing,39.37225,-75.83986667,1.0,13.45,NaN,30.01,0.18,178.1
2018-07-01T07:30:42Z,BUD,Budds_Landing,39.37225,-75.83986667,1.0,13.3,NaN,30.01,0.18,176.1
2018-07-01T07:45:42Z,BUD,Budds_Landing,39.37225,-75.83986667,1.0,13.38,NaN,29.92,0.18,176.9
2018-07-01T08:00:43Z,BUD,Budds_Landing,39.37225,-75.83986667,1.0,14.02,NaN,29.92,0.17,185.4
2018-07-01T08:15:42Z,BUD,Budds_Landing,39.37225,-75.83986667,1.0,13.5,NaN,29.77,0.17,178.0
2018-07-01T08:30:43Z,BUD,Budds_Landing,39.37225,-75.83986667,1.0,13.79,NaN,29.89,0.17,182.2
2018-07-01T08:45:42Z,BUD,Budds_Landing,39.37225,-75.83986667,1.0,13.25,NaN,29.71,0.17,174.5
2018-07-01T09:00:42Z,BUD,Budds_Landing,39.37225,-75.83986667,1.0,12.68,NaN,29.54,0.17,166.6
2018-07-01T09:15:43Z,BUD,Budds_Landing,39.37225,-75.83986667,1.0,12.53,NaN,29.54,0.17,164.6
2018-07-01T09:30:42Z,BUD,Budds_Landing,39.37225,-75.83986667,1.0,12.26,NaN,29.49,0.17,160.9
2018-07-01T09:45:43Z,BUD,Budds_Landing,39.37225,-75.83986667,1.0,12.33,NaN,29.48,0.17,161.8
2018-07-01T10:00:43Z,BUD,Budds_Landing,39.37225,-75.83986667,1.0,12.46,NaN,29.49,0.16,163.6
2018-07-01T10:15:43Z,BUD,Budds_Landing,39.37225,-75.83986667,1.0,12.56,NaN,29.47,0.16,164.8
2018-07-01T10:30:42Z,BUD,Budds_Landing,39.37225,-75.83986667,1.0,12.77,NaN,29.49,0.16,167.6
2018-07-01T10:45:42Z,BUD,Budds_Landing,39.37225,-75.83986667,1.0,12.18,NaN,29.47,0.17,159.9
2018-07-01T11:00:43Z,BUD,Budds_Landing,39.37225,-75.83986667,1.0,12.55,NaN,29.44,0.16,164.5
2018-07-01T11:15:42Z,BUD,Budds_Landing,39.37225,-75.83986667,1.0,12.23,NaN,29.37,0.18,160.2
2018-07-01T11:30:43Z,BUD,Budds_Landing,39.37225,-75.83986667,1.0,12.39,NaN,29.4,0.18,162.4
2018-07-01T11:45:43Z,BUD,Budds_Landing,39.37225,-75.83986667,1.0,12.53,NaN,29.33,0.18,164.0
2018-07-01T12:00:42Z,BUD,Budds_Landing,39.37225,-75.83986667,1.0,12.54,NaN,29.31,0.19,164.1
2018-07-01T12:15:43Z,BUD,Budds_Landing,39.37225,-75.83986667,1.0,12.55,NaN,29.33,0.19,164.3
2018-07-01T12:30:43Z,BUD,Budds_Landing,39.37225,-75.83986667,1.0,12.52,NaN,29.31,0.19,163.9
2018-07-01T12:45:42Z,BUD,Budds_Landing,39.37225,-75.83986667,1.0,12.37,NaN,29.47,0.19,162.2
2018-07-01T13:00:42Z,BUD,Budds_Landing,39.37225,-75.83986667,1.0,12.29,NaN,29.46,0.19,161.2
2018-07-01T13:15:43Z,BUD,Budds_Landing,39.37225,-75.83986667,1.0,12.38,NaN,29.53,0.2,162.6
2018-07-01T13:30:43Z,BUD,Budds_Landing,39.37225,-75.83986667,1.0,12.59,NaN,29.66,0.2,165.7
2018-07-01T13:45:42Z,BUD,Budds_Landing,39.37225,-75.83986667,1.0,12.82,NaN,29.74,0.2,169.1
2018-07-01T14:00:42Z,BUD,Budds_Landing,39.37225,-75.83986667,1.0,12.9,NaN,29.77,0.2,170.2
2018-07-01T14:15:43Z,BUD,Budds_Landing,39.37225,-75.83986667,1.0,12.93,NaN,29.83,0.2,170.8
2018-07-01T14:30:43Z,BUD,Budds_Landing,39.37225,-75.83986667,1.0,13.11,NaN,29.93,0.2,173.3
2018-07-01T14:45:43Z,BUD,Budds_Landing,39.37225,-75.83986667,1.0,12.9,NaN,29.87,0.2,170.4
2018-07-01T15:00:43Z,BUD,Budds_Landing,39.37225,-75.83986667,1.0,12.67,NaN,29.77,0.2,167.1
2018-07-01T15:15:43Z,BUD,Budds_Landing,39.37225,-75.83986667,1.0,13.13,NaN,29.98,0.2,173.8
2018-07-01T15:30:42Z,BUD,Budds_Landing,39.37225,-75.83986667,1.0,13.65,NaN,30.07,0.21,181.0
2018-07-01T15:45:43Z,BUD,Budds_Landing,39.37225,-75.83986667,1.0,13.27,NaN,30.06,0.21,175.9
2018-07-01T16:00:43Z,BUD,Budds_Landing,39.37225,-75.83986667,1.0,12.28,NaN,29.73,0.2,161.8
2018-07-01T16:15:43Z,BUD,Budds_Landing,39.37225,-75.83986667,1.0,11.51,NaN,29.55,0.2,151.3
2018-07-01T16:30:43Z,BUD,Budds_Landing,39.37225,-75.83986667,1.0,11.48,NaN,29.53,0.2,150.8
2018-07-01T16:45:43Z,BUD,Budds_Landing,39.37225,-75.83986667,1.0,11.62,NaN,29.48,0.19,152.5
2018-07-01T17:00:43Z,BUD,Budds_Landing,39.37225,-75.83986667,1.0,12.59,NaN,29.52,0.18,165.4
2018-07-01T17:15:43Z,BUD,Budds_Landing,39.37225,-75.83986667,1.0,12.02,NaN,29.52,0.18,157.8
2018-07-01T17:30:43Z,BUD,Budds_Landing,39.37225,-75.83986667,1.0,12.01,NaN,29.58,0.19,157.9
2018-07-01T17:45:43Z,BUD,Budds_Landing,39.37225,-75.83986667,1.0,13.7,NaN,29.87,0.2,181.0
2018-07-01T18:00:43Z,BUD,Budds_Landing,39.37225,-75.83986667,1.0,13.96,NaN,29.93,0.2,184.6
2018-07-01T18:15:43Z,BUD,Budds_Landing,39.37225,-75.83986667,1.0,13.65,NaN,29.87,0.2,180.4
2018-07-01T18:30:43Z,BUD,Budds_Landing,39.37225,-75.83986667,1.0,12.54,NaN,29.76,0.2,165.3
2018-07-01T18:45:43Z,BUD,Budds_Landing,39.37225,-75.83986667,1.0,13.17,NaN,29.87,0.2,174.0
2018-07-01T19:00:43Z,BUD,Budds_Landing,39.37225,-75.83986667,1.0,12.29,NaN,29.83,0.2,162.3
2018-07-01T19:15:43Z,BUD,Budds_Landing,39.37225,-75.83986667,1.0,13.46,NaN,29.97,0.2,178.2
2018-07-01T19:30:43Z,BUD,Budds_Landing,39.37225,-75.83986667,1.0,15.25,NaN,30.22,0.19,202.7
2018-07-01T19:45:43Z,BUD,Budds_Landing,39.37225,-75.83986667,1.0,15.24,NaN,30.22,0.19,202.6
2018-07-01T20:00:43Z,BUD,Budds_Landing,39.37225,-75.83986667,1.0,17.1,NaN,30.88,0.19,229.8
2018-07-01T20:15:42Z,BUD,Budds_Landing,39.37225,-75.83986667,1.0,18.36,NaN,31.13,0.19,247.8
2018-07-01T20:30:42Z,BUD,Budds_Landing,39.37225,-75.83986667,1.0,18.81,NaN,31.08,0.19,253.8
2018-07-01T20:45:42Z,BUD,Budds_Landing,39.37225,-75.83986667,1.0,18.22,NaN,30.76,0.19,244.4
2018-07-01T21:00:42Z,BUD,Budds_Landing,39.37225,-75.83986667,1.0,18.02,NaN,30.99,0.19,242.7
2018-07-01T21:15:42Z,BUD,Budds_Landing,39.37225,-75.83986667,1.0,18.86,NaN,31.1,0.19,254.5
2018-07-01T21:30:42Z,BUD,Budds_Landing,39.37225,-75.83986667,1.0,18.94,NaN,31.38,0.19,256.8
2018-07-01T21:45:42Z,BUD,Budds_Landing,39.37225,-75.83986667,1.0,19.05,NaN,31.19,0.18,257.5
2018-07-01T22:00:42Z,BUD,Budds_Landing,39.37225,-75.83986667,1.0,19.85,NaN,31.24,0.17,268.4
2018-07-01T22:15:42Z,BUD,Budds_Landing,39.37225,-75.83986667,1.0,19.9,NaN,31.72,0.18,271.4
2018-07-01T22:30:42Z,BUD,Budds_Landing,39.37225,-75.83986667,1.0,19.95,NaN,31.26,0.16,270.0
2018-07-01T22:45:42Z,BUD,Budds_Landing,39.37225,-75.83986667,1.0,19.09,NaN,31.28,0.16,258.4
2018-07-01T23:00:42Z,BUD,Budds_Landing,39.37225,-75.83986667,1.0,19.56,NaN,31.49,0.16,265.6
2018-07-01T23:15:42Z,BUD,Budds_Landing,39.37225,-75.83986667,1.0,20.03,NaN,31.52,0.16,272.2
2018-07-01T23:30:41Z,BUD,Budds_Landing,39.37225,-75.83986667,1.0,20.11,NaN,32.46,0.18,277.7
2018-07-01T23:45:41Z,BUD,Budds_Landing,39.37225,-75.83986667,1.0,20.23,NaN,32.76,0.18,280.8
2018-07-01T05:00:00Z,BUD,Budds_Landing,39.37225,-75.83986667,1.0,14.38,1.211,30.11,0.18,190.8
2018-07-01T05:15:00Z,BUD,Budds_Landing,39.37225,-75.83986667,1.0,15.44,1.177,30.17,0.17,205.1
2018-07-01T05:30:00Z,BUD,Budds_Landing,39.37225,-75.83986667,1.0,15.1,1.142,30.2,0.18,200.6
2018-07-01T05:45:00Z,BUD,Budds_Landing,39.37225,-75.83986667,1.0,14.49,1.112,30.2,0.19,192.6
2018-07-01T06:00:00Z,BUD,Budds_Landing,39.37225,-75.83986667,1.0,14.35,1.084,30.2,0.19,190.7
2018-07-01T06:15:00Z,BUD,Budds_Landing,39.37225,-75.83986667,1.0,13.94,1.057,30.03,0.17,184.7
2018-07-01T06:30:00Z,BUD,Budds_Landing,39.37225,-75.83986667,1.0,13.67,1.036,30.02,0.17,181.1
2018-07-01T06:45:00Z,BUD,Budds_Landing,39.37225,-75.83986667,1.0,13.36,1.015,30.01,0.17,177.0
2018-07-01T07:00:00Z,BUD,Budds_Landing,39.37225,-75.83986667,1.0,13.27,1.0,29.99,0.17,175.7
2018-07-01T07:15:00Z,BUD,Budds_Landing,39.37225,-75.83986667,1.0,13.33,0.982,30.03,0.18,176.6
2018-07-01T07:30:00Z,BUD,Budds_Landing,39.37225,-75.83986667,1.0,13.11,0.959,29.94,0.18,173.4
2018-07-01T07:45:00Z,BUD,Budds_Landing,39.37225,-75.83986667,1.0,14.0,0.934,29.96,0.18,185.3
2018-07-01T08:00:00Z,BUD,Budds_Landing,39.37225,-75.83986667,1.0,13.78,0.909,29.87,0.17,182.0
2018-07-01T08:15:00Z,BUD,Budds_Landing,39.37225,-75.83986667,1.0,13.7,0.881,29.85,0.17,180.9
2018-07-01T08:30:00Z,BUD,Budds_Landing,39.37225,-75.83986667,1.0,13.27,0.855,29.74,0.17,174.9
2018-07-01T08:45:00Z,BUD,Budds_Landing,39.37225,-75.83986667,1.0,12.99,0.835,29.61,0.17,170.9
2018-07-01T09:00:00Z,BUD,Budds_Landing,39.37225,-75.83986667,1.0,12.92,0.82,29.55,0.17,169.8
2018-07-01T09:15:00Z,BUD,Budds_Landing,39.37225,-75.83986667,1.0,12.37,0.818,29.5,0.17,162.4
2018-07-01T09:30:00Z,BUD,Budds_Landing,39.37225,-75.83986667,1.0,12.22,0.816,29.49,0.17,160.4
2018-07-01T09:45:00Z,BUD,Budds_Landing,39.37225,-75.83986667,1.0,12.24,0.823,29.48,0.17,160.6
2018-07-01T10:00:00Z,BUD,Budds_Landing,39.37225,-75.83986667,1.0,12.59,0.832,29.47,0.16,165.1
2018-07-01T10:15:00Z,BUD,Budds_Landing,39.37225,-75.83986667,1.0,12.72,0.848,29.48,0.16,166.9
2018-07-01T10:30:00Z,BUD,Budds_Landing,39.37225,-75.83986667,1.0,12.66,0.877,29.51,0.16,166.2
2018-07-01T10:45:00Z,BUD,Budds_Landing,39.37225,-75.83986667,1.0,11.98,0.897,29.45,0.17,157.2
2018-07-01T11:00:00Z,BUD,Budds_Landing,39.37225,-75.83986667,1.0,12.23,0.934,29.42,0.17,160.4
2018-07-01T11:15:00Z,BUD,Budds_Landing,39.37225,-75.83986667,1.0,12.4,0.978,29.4,0.18,162.5
2018-07-01T11:30:00Z,BUD,Budds_Landing,39.37225,-75.83986667,1.0,12.57,1.023,29.37,0.18,164.7
2018-07-01T11:45:00Z,BUD,Budds_Landing,39.37225,-75.83986667,1.0,12.5,1.053,29.32,0.18,163.6
2018-07-01T12:00:00Z,BUD,Budds_Landing,39.37225,-75.83986667,1.0,12.58,1.091,29.31,0.19,164.7
2018-07-01T12:15:00Z,BUD,Budds_Landing,39.37225,-75.83986667,1.0,12.53,1.129,29.31,0.19,164.0
2018-07-01T12:30:00Z,BUD,Budds_Landing,39.37225,-75.83986667,1.0,12.47,1.164,29.4,0.19,163.5
2018-07-01T12:45:00Z,BUD,Budds_Landing,39.37225,-75.83986667,1.0,12.38,1.197,29.48,0.19,162.4
2018-07-01T13:00:00Z,BUD,Budds_Landing,39.37225,-75.83986667,1.0,12.29,1.229,29.54,0.2,161.5
2018-07-01T13:15:00Z,BUD,Budds_Landing,39.37225,-75.83986667,1.0,12.51,1.265,29.57,0.2,164.4
2018-07-01T13:30:00Z,BUD,Budds_Landing,39.37225,-75.83986667,1.0,12.75,1.302,29.7,0.2,167.9
2018-07-01T13:45:00Z,BUD,Budds_Landing,39.37225,-75.83986667,1.0,12.9,1.332,29.76,0.2,170.1
2018-07-01T14:00:00Z,BUD,Budds_Landing,39.37225,-75.83986667,1.0,12.88,1.364,29.78,0.2,170.0
2018-07-01T14:15:00Z,BUD,Budds_Landing,39.37225,-75.83986667,1.0,12.98,1.394,29.8,0.2,171.3
2018-07-01T14:30:00Z,BUD,Budds_Landing,39.37225,-75.83986667,1.0,12.83,1.421,29.8,0.2,169.4
2018-07-01T14:45:00Z,BUD,Budds_Landing,39.37225,-75.83986667,1.0,12.82,1.443,29.78,0.2,169.2
2018-07-01T15:00:00Z,BUD,Budds_Landing,39.37225,-75.83986667,1.0,12.81,1.46,29.94,0.2,169.5
2018-07-01T15:15:00Z,BUD,Budds_Landing,39.37225,-75.83986667,1.0,13.94,1.471,30.18,0.21,185.2
2018-07-01T15:30:00Z,BUD,Budds_Landing,39.37225,-75.83986667,1.0,13.52,1.475,30.12,0.21,179.4
2018-07-01T15:45:00Z,BUD,Budds_Landing,39.37225,-75.83986667,1.0,12.76,1.475,29.97,0.2,169.0
2018-07-01T16:00:00Z,BUD,Budds_Landing,39.37225,-75.83986667,1.0,11.52,1.469,29.62,0.2,151.6
2018-07-01T16:15:00Z,BUD,Budds_Landing,39.37225,-75.83986667,1.0,11.64,1.461,29.56,0.19,153.0
2018-07-01T16:30:00Z,BUD,Budds_Landing,39.37225,-75.83986667,1.0,11.5,1.433,29.52,0.19,151.1
2018-07-01T16:45:00Z,BUD,Budds_Landing,39.37225,-75.83986667,1.0,12.43,1.419,29.5,0.19,163.1
2018-07-01T17:00:00Z,BUD,Budds_Landing,39.37225,-75.83986667,1.0,12.52,1.399,29.52,0.18,164.5
2018-07-01T17:15:00Z,BUD,Budds_Landing,39.37225,-75.83986667,1.0,12.11,1.373,29.51,0.19,159.1
2018-07-01T17:30:00Z,BUD,Budds_Landing,39.37225,-75.83986667,1.0,13.06,1.345,29.72,0.19,172.2
2018-07-01T17:45:00Z,BUD,Budds_Landing,39.37225,-75.83986667,1.0,13.61,1.313,29.91,0.2,180.0
2018-07-01T18:00:00Z,BUD,Budds_Landing,39.37225,-75.83986667,1.0,13.86,1.275,29.9,0.19,183.3
2018-07-01T18:15:00Z,BUD,Budds_Landing,39.37225,-75.83986667,1.0,13.27,1.244,29.81,0.2,175.2
2018-07-01T18:30:00Z,BUD,Budds_Landing,39.37225,-75.83986667,1.0,13.09,1.22,29.94,0.2,173.2
2018-07-01T18:45:00Z,BUD,Budds_Landing,39.37225,-75.83986667,1.0,13.51,1.2,29.86,0.2,178.5
2018-07-01T19:00:00Z,BUD,Budds_Landing,39.37225,-75.83986667,1.0,13.57,1.181,29.93,0.2,179.5
2018-07-01T19:15:00Z,BUD,Budds_Landing,39.37225,-75.83986667,1.0,16.76,1.155,30.49,0.19,223.8
2018-07-01T19:30:00Z,BUD,Budds_Landing,39.37225,-75.83986667,1.0,15.13,1.128,30.29,0.19,201.4
2018-07-01T19:45:00Z,BUD,Budds_Landing,39.37225,-75.83986667,1.0,15.7,1.083,30.36,0.19,209.2
2018-07-01T20:00:00Z,BUD,Budds_Landing,39.37225,-75.83986667,1.0,18.12,1.015,31.2,0.19,245.0
2018-07-01T20:15:00Z,BUD,Budds_Landing,39.37225,-75.83986667,1.0,19.21,0.972,31.46,0.19,260.8
2018-07-01T20:30:00Z,BUD,Budds_Landing,39.37225,-75.83986667,1.0,18.86,0.929,31.0,0.19,254.0
2018-07-01T20:45:00Z,BUD,Budds_Landing,39.37225,-75.83986667,1.0,17.98,0.893,30.87,0.19,241.6
2018-07-01T21:00:00Z,BUD,Budds_Landing,39.37225,-75.83986667,1.0,18.61,0.863,31.6,0.19,253.3
2018-07-01T21:15:00Z,BUD,Budds_Landing,39.37225,-75.83986667,1.0,19.07,0.841,31.17,0.19,257.6
2018-07-01T21:30:00Z,BUD,Budds_Landing,39.37225,-75.83986667,1.0,18.86,0.838,31.35,0.19,255.6
2018-07-01T21:45:00Z,BUD,Budds_Landing,39.37225,-75.83986667,1.0,19.38,0.827,31.23,0.18,262.0
2018-07-01T22:00:00Z,BUD,Budds_Landing,39.37225,-75.83986667,1.0,19.21,0.826,31.65,0.18,261.7
2018-07-01T22:15:00Z,BUD,Budds_Landing,39.37225,-75.83986667,1.0,20.58,0.827,31.77,0.17,280.9
2018-07-01T22:30:00Z,BUD,Budds_Landing,39.37225,-75.83986667,1.0,19.37,0.823,31.15,0.15,261.6
2018-07-01T22:45:00Z,BUD,Budds_Landing,39.37225,-75.83986667,1.0,19.36,0.838,31.25,0.16,261.9
2018-07-01T23:00:00Z,BUD,Budds_Landing,39.37225,-75.83986667,1.0,19.05,0.837,31.16,0.15,257.3
2018-07-01T23:15:00Z,BUD,Budds_Landing,39.37225,-75.83986667,1.0,19.78,0.844,32.24,0.18,272.1
2018-07-01T23:30:00Z,BUD,Budds_Landing,39.37225,-75.83986667,1.0,20.3,0.855,32.79,0.18,281.8
2018-07-01T23:45:00Z,BUD,Budds_Landing,39.37225,-75.83986667,1.0,20.25,0.868,32.81,0.18,281.3
2018-07-02T00:00:42Z,BUD,Budds_Landing,39.37225,-75.83986667,1.0,20.05,NaN,32.74,0.18,278.1
2018-07-02T00:15:42Z,BUD,Budds_Landing,39.37225,-75.83986667,1.0,18.58,NaN,32.42,0.18,256.4
2018-07-02T00:30:41Z,BUD,Budds_Landing,39.37225,-75.83986667,1.0,18.18,NaN,32.3,0.19,250.3
2018-07-02T00:45:41Z,BUD,Budds_Landing,39.37225,-75.83986667,1.0,17.88,NaN,32.19,0.19,245.7
2018-07-02T01:00:42Z,BUD,Budds_Landing,39.37225,-75.83986667,1.0,17.56,NaN,32.09,0.19,240.9
2018-07-02T01:15:42Z,BUD,Budds_Landing,39.37225,-75.83986667,1.0,18.36,NaN,32.09,0.18,252.0
2018-07-02T01:30:42Z,BUD,Budds_Landing,39.37225,-75.83986667,1.0,18.05,NaN,32.11,0.18,247.8
2018-07-02T01:45:43Z,BUD,Budds_Landing,39.37225,-75.83986667,1.0,17.91,NaN,31.72,0.17,244.2
2018-07-02T02:00:42Z,BUD,Budds_Landing,39.37225,-75.83986667,1.0,17.17,NaN,31.62,0.18,233.7
2018-07-02T02:15:42Z,BUD,Budds_Landing,39.37225,-75.83986667,1.0,15.89,NaN,31.33,0.18,215.3
2018-07-02T02:30:42Z,BUD,Budds_Landing,39.37225,-75.83986667,1.0,15.57,NaN,31.45,0.18,211.3
2018-07-02T02:45:42Z,BUD,Budds_Landing,39.37225,-75.83986667,1.0,15.05,NaN,31.48,0.19,204.4
2018-07-02T03:00:42Z,BUD,Budds_Landing,39.37225,-75.83986667,1.0,14.69,NaN,31.35,0.19,199.1
2018-07-02T03:15:42Z,BUD,Budds_Landing,39.37225,-75.83986667,1.0,14.37,NaN,31.28,0.19,194.5
2018-07-02T03:30:42Z,BUD,Budds_Landing,39.37225,-75.83986667,1.0,14.37,NaN,31.21,0.19,194.3
2018-07-02T03:45:42Z,BUD,Budds_Landing,39.37225,-75.83986667,1.0,14.74,NaN,31.16,0.19,199.0
2018-07-02T04:00:42Z,BUD,Budds_Landing,39.37225,-75.83986667,1.0,14.36,NaN,31.11,0.19,193.8
2018-07-02T04:15:42Z,BUD,Budds_Landing,39.37225,-75.83986667,1.0,14.2,NaN,31.0,0.19,191.3
2018-07-02T04:30:42Z,BUD,Budds_Landing,39.37225,-75.83986667,1.0,14.03,NaN,30.95,0.2,188.9
2018-07-02T04:45:42Z,BUD,Budds_Landing,39.37225,-75.83986667,1.0,13.78,NaN,30.94,0.2,185.4
2018-07-02T00:00:00Z,BUD,Budds_Landing,39.37225,-75.83986667,1.0,19.89,0.882,32.65,0.18,275.5
2018-07-02T00:15:00Z,BUD,Budds_Landing,39.37225,-75.83986667,1.0,18.02,0.902,32.36,0.19,248.5
2018-07-02T00:30:00Z,BUD,Budds_Landing,39.37225,-75.83986667,1.0,18.92,0.928,32.36,0.18,260.8
2018-07-02T00:45:00Z,BUD,Budds_Landing,39.37225,-75.83986667,1.0,17.77,0.958,32.24,0.19,244.4
2018-07-02T01:00:00Z,BUD,Budds_Landing,39.37225,-75.83986667,1.0,18.09,0.997,32.11,0.18,248.3
2018-07-02T01:15:00Z,BUD,Budds_Landing,39.37225,-75.83986667,1.0,18.25,1.04,31.93,0.18,249.7
2018-07-02T01:30:00Z,BUD,Budds_Landing,39.37225,-75.83986667,1.0,18.04,1.083,32.05,0.18,247.4
2018-07-02T01:45:00Z,BUD,Budds_Landing,39.37225,-75.83986667,1.0,17.58,1.121,31.67,0.18,239.5
2018-07-02T02:00:00Z,BUD,Budds_Landing,39.37225,-75.83986667,1.0,16.41,1.153,31.51,0.18,223.0
2018-07-02T02:15:00Z,BUD,Budds_Landing,39.37225,-75.83986667,1.0,15.83,1.181,31.43,0.18,214.8
2018-07-02T02:30:00Z,BUD,Budds_Landing,39.37225,-75.83986667,1.0,15.51,1.201,31.49,0.19,210.7
2018-07-02T02:45:00Z,BUD,Budds_Landing,39.37225,-75.83986667,1.0,14.66,1.216,31.39,0.19,198.8
2018-07-02T03:00:00Z,BUD,Budds_Landing,39.37225,-75.83986667,1.0,14.38,1.229,31.32,0.19,194.8
2018-07-02T03:15:00Z,BUD,Budds_Landing,39.37225,-75.83986667,1.0,14.27,1.241,31.25,0.19,193.0
2018-07-02T03:30:00Z,BUD,Budds_Landing,39.37225,-75.83986667,1.0,14.45,1.259,31.18,0.19,195.3
2018-07-02T03:45:00Z,BUD,Budds_Landing,39.37225,-75.83986667,1.0,14.61,1.279,31.12,0.19,197.1
2018-07-02T04:00:00Z,BUD,Budds_Landing,39.37225,-75.83986667,1.0,14.19,1.3,31.06,0.19,191.4
2018-07-02T04:15:00Z,BUD,Budds_Landing,39.37225,-75.83986667,1.0,13.95,1.321,30.97,0.2,187.9
2018-07-02T04:30:00Z,BUD,Budds_Landing,39.37225,-75.83986667,1.0,13.91,1.34,30.94,0.2,187.2
2018-07-02T04:45:00Z,BUD,Budds_Landing,39.37225,-75.83986667,1.0,13.44,1.352,30.9,0.19,180.8
2018-07-02T05:00:42Z,BUD,Budds_Landing,39.37225,-75.83986667,1.0,13.33,NaN,30.89,0.2,179.2
2018-07-02T05:15:42Z,BUD,Budds_Landing,39.37225,-75.83986667,1.0,13.15,NaN,30.86,0.2,176.7
2018-07-02T05:30:43Z,BUD,Budds_Landing,39.37225,-75.83986667,1.0,12.64,NaN,30.85,0.2,169.8
2018-07-02T05:45:42Z,BUD,Budds_Landing,39.37225,-75.83986667,1.0,12.91,NaN,30.85,0.2,173.5
2018-07-02T06:00:42Z,BUD,Budds_Landing,39.37225,-75.83986667,1.0,12.79,NaN,30.8,0.2,171.8
2018-07-02T06:15:42Z,BUD,Budds_Landing,39.37225,-75.83986667,1.0,12.79,NaN,30.85,0.19,171.9
2018-07-02T06:30:43Z,BUD,Budds_Landing,39.37225,-75.83986667,1.0,12.87,NaN,30.86,0.17,173.0
2018-07-02T06:45:42Z,BUD,Budds_Landing,39.37225,-75.83986667,1.0,13.23,NaN,30.77,0.17,177.6
2018-07-02T07:00:42Z,BUD,Budds_Landing,39.37225,-75.83986667,1.0,13.8,NaN,30.73,0.17,185.1
2018-07-02T07:15:42Z,BUD,Budds_Landing,39.37225,-75.83986667,1.0,13.87,NaN,30.69,0.16,185.8
2018-07-02T07:30:43Z,BUD,Budds_Landing,39.37225,-75.83986667,1.0,13.46,NaN,30.67,0.17,180.3
2018-07-02T07:45:42Z,BUD,Budds_Landing,39.37225,-75.83986667,1.0,13.14,NaN,30.57,0.16,175.6
2018-07-02T08:00:42Z,BUD,Budds_Landing,39.37225,-75.83986667,1.0,12.4,NaN,30.47,0.16,165.5
2018-07-02T08:15:42Z,BUD,Budds_Landing,39.37225,-75.83986667,1.0,12.51,NaN,30.48,0.17,167.1
2018-07-02T08:30:42Z,BUD,Budds_Landing,39.37225,-75.83986667,1.0,12.84,NaN,30.61,0.18,171.9
2018-07-02T08:45:42Z,BUD,Budds_Landing,39.37225,-75.83986667,1.0,12.89,NaN,30.65,0.18,172.6
2018-07-02T09:00:42Z,BUD,Budds_Landing,39.37225,-75.83986667,1.0,12.85,NaN,30.59,0.18,171.8
2018-07-02T09:15:43Z,BUD,Budds_Landing,39.37225,-75.83986667,1.0,12.87,NaN,30.54,0.17,172.1
2018-07-02T09:30:43Z,BUD,Budds_Landing,39.37225,-75.83986667,1.0,12.9,NaN,30.62,0.17,172.7
2018-07-02T09:45:43Z,BUD,Budds_Landing,39.37225,-75.83986667,1.0,12.73,NaN,30.59,0.17,170.3
2018-07-02T10:00:43Z,BUD,Budds_Landing,39.37225,-75.83986667,1.0,12.12,NaN,30.42,0.17,161.7
2018-07-02T10:15:43Z,BUD,Budds_Landing,39.37225,-75.83986667,1.0,10.73,NaN,30.31,0.17,142.8
2018-07-02T10:30:43Z,BUD,Budds_Landing,39.37225,-75.83986667,1.0,11.3,NaN,30.32,0.17,150.5
2018-07-02T10:45:43Z,BUD,Budds_Landing,39.37225,-75.83986667,1.0,11.31,NaN,30.31,0.17,150.6
2018-07-02T11:00:43Z,BUD,Budds_Landing,39.37225,-75.83986667,1.0,11.49,NaN,30.33,0.17,153.0
2018-07-02T11:15:43Z,BUD,Budds_Landing,39.37225,-75.83986667,1.0,11.41,NaN,30.33,0.17,152.0
2018-07-02T11:30:42Z,BUD,Budds_Landing,39.37225,-75.83986667,1.0,11.5,NaN,30.29,0.17,153.0
2018-07-02T11:45:42Z,BUD,Budds_Landing,39.37225,-75.83986667,1.0,11.68,NaN,30.25,0.18,155.3
2018-07-02T12:00:43Z,BUD,Budds_Landing,39.37225,-75.83986667,1.0,11.94,NaN,30.28,0.18,158.8
2018-07-02T12:15:43Z,BUD,Budds_Landing,39.37225,-75.83986667,1.0,11.85,NaN,30.29,0.18,157.7
2018-07-02T12:30:42Z,BUD,Budds_Landing,39.37225,-75.83986667,1.0,12.16,NaN,30.32,0.18,161.9
2018-07-02T12:45:43Z,BUD,Budds_Landing,39.37225,-75.83986667,1.0,12.32,NaN,30.33,0.18,164.1
2018-07-02T13:00:42Z,BUD,Budds_Landing,39.37225,-75.83986667,1.0,12.54,NaN,30.39,0.19,167.2
2018-07-02T13:15:42Z,BUD,Budds_Landing,39.37225,-75.83986667,1.0,12.51,NaN,30.48,0.19,167.0
2018-07-02T13:30:42Z,BUD,Budds_Landing,39.37225,-75.83986667,1.0,12.34,NaN,30.5,0.19,164.8
2018-07-02T13:45:42Z,BUD,Budds_Landing,39.37225,-75.83986667,1.0,12.27,NaN,30.51,0.2,164.0
2018-07-02T14:00:43Z,BUD,Budds_Landing,39.37225,-75.83986667,1.0,12.17,NaN,30.51,0.2,162.6
2018-07-02T14:15:42Z,BUD,Budds_Landing,39.37225,-75.83986667,1.0,12.24,NaN,30.49,0.2,163.5
2018-07-02T14:30:43Z,BUD,Budds_Landing,39.37225,-75.83986667,1.0,12.51,NaN,30.5,0.2,167.1
2018-07-02T14:45:43Z,BUD,Budds_Landing,39.37225,-75.83986667,1.0,12.35,NaN,30.54,0.2,165.0
2018-07-02T15:00:43Z,BUD,Budds_Landing,39.37225,-75.83986667,1.0,12.22,NaN,30.53,0.2,163.3
2018-07-02T15:15:42Z,BUD,Budds_Landing,39.37225,-75.83986667,1.0,12.11,NaN,30.54,0.2,161.9
2018-07-02T15:30:42Z,BUD,Budds_Landing,39.37225,-75.83986667,1.0,12.52,NaN,30.8,0.2,168.1
2018-07-02T15:45:42Z,BUD,Budds_Landing,39.37225,-75.83986667,1.0,12.97,NaN,30.91,0.21,174.4
2018-07-02T16:00:42Z,BUD,Budds_Landing,39.37225,-75.83986667,1.0,13.61,NaN,31.17,0.21,183.9
2018-07-02T16:15:42Z,BUD,Budds_Landing,39.37225,-75.83986667,1.0,11.79,NaN,30.75,0.21,158.1
2018-07-02T16:30:43Z,BUD,Budds_Landing,39.37225,-75.83986667,1.0,11.2,NaN,30.78,0.21,150.4
2018-07-02T16:45:42Z,BUD,Budds_Landing,39.37225,-75.83986667,1.0,11.0,NaN,30.49,0.2,146.9
2018-07-02T17:00:42Z,BUD,Budds_Landing,39.37225,-75.83986667,1.0,10.3,NaN,30.39,0.2,137.4
2018-07-02T17:15:43Z,BUD,Budds_Landing,39.37225,-75.83986667,1.0,10.45,NaN,30.37,0.2,139.3
2018-07-02T17:30:43Z,BUD,Budds_Landing,39.37225,-75.83986667,1.0,10.62,NaN,30.32,0.19,141.4
2018-07-02T17:45:42Z,BUD,Budds_Landing,39.37225,-75.83986667,1.0,10.27,NaN,30.33,0.19,136.8
2018-07-02T18:00:43Z,BUD,Budds_Landing,39.37225,-75.83986667,1.0,10.61,NaN,30.36,0.2,141.4
2018-07-02T18:15:43Z,BUD,Budds_Landing,39.37225,-75.83986667,1.0,11.48,NaN,30.51,0.2,153.3
2018-07-02T18:30:43Z,BUD,Budds_Landing,39.37225,-75.83986667,1.0,12.48,NaN,30.63,0.2,167.0
2018-07-02T18:45:42Z,BUD,Budds_Landing,39.37225,-75.83986667,1.0,13.22,NaN,30.67,0.19,177.1
2018-07-02T19:00:42Z,BUD,Budds_Landing,39.37225,-75.83986667,1.0,12.08,NaN,30.58,0.2,161.6
2018-07-02T19:15:42Z,BUD,Budds_Landing,39.37225,-75.83986667,1.0,13.39,NaN,30.71,0.19,179.5
2018-07-02T19:30:43Z,BUD,Budds_Landing,39.37225,-75.83986667,1.0,14.07,NaN,30.77,0.19,188.9
2018-07-02T19:45:43Z,BUD,Budds_Landing,39.37225,-75.83986667,1.0,12.91,NaN,30.75,0.19,173.2
2018-07-02T20:00:42Z,BUD,Budds_Landing,39.37225,-75.83986667,1.0,13.89,NaN,30.9,0.19,186.9
2018-07-02T20:15:42Z,BUD,Budds_Landing,39.37225,-75.83986667,1.0,15.51,NaN,31.1,0.19,209.3
2018-07-02T20:30:42Z,BUD,Budds_Landing,39.37225,-75.83986667,1.0,16.28,NaN,31.17,0.18,219.9
2018-07-02T20:45:42Z,BUD,Budds_Landing,39.37225,-75.83986667,1.0,17.37,NaN,31.24,0.18,234.9
2018-07-02T21:00:42Z,BUD,Budds_Landing,39.37225,-75.83986667,1.0,18.01,NaN,31.29,0.18,243.7
2018-07-02T21:15:42Z,BUD,Budds_Landing,39.37225,-75.83986667,1.0,20.19,NaN,32.37,0.19,278.4
2018-07-02T21:30:42Z,BUD,Budds_Landing,39.37225,-75.83986667,1.0,19.4,NaN,31.65,0.18,264.2
2018-07-02T21:45:42Z,BUD,Budds_Landing,39.37225,-75.83986667,1.0,19.37,NaN,32.22,0.18,266.4
2018-07-02T22:00:41Z,BUD,Budds_Landing,39.37225,-75.83986667,1.0,20.03,NaN,32.48,0.18,276.6
2018-07-02T22:15:41Z,BUD,Budds_Landing,39.37225,-75.83986667,1.0,19.44,NaN,32.63,0.18,269.3
2018-07-02T22:30:41Z,BUD,Budds_Landing,39.37225,-75.83986667,1.0,19.16,NaN,32.7,0.18,265.7
2018-07-02T22:45:41Z,BUD,Budds_Landing,39.37225,-75.83986667,1.0,18.23,NaN,32.41,0.18,251.5
2018-07-02T23:00:41Z,BUD,Budds_Landing,39.37225,-75.83986667,1.0,18.13,NaN,31.98,0.18,248.4
2018-07-02T23:15:42Z,BUD,Budds_Landing,39.37225,-75.83986667,1.0,17.96,NaN,31.92,0.17,245.7
2018-07-02T23:30:42Z,BUD,Budds_Landing,39.37225,-75.83986667,1.0,17.84,NaN,32.03,0.17,244.6
2018-07-02T23:45:42Z,BUD,Budds_Landing,39.37225,-75.83986667,1.0,17.69,NaN,31.84,0.16,241.7
2018-07-02T05:00:00Z,BUD,Budds_Landing,39.37225,-75.83986667,1.0,13.33,1.362,30.86,0.2,179.2
2018-07-02T05:15:00Z,BUD,Budds_Landing,39.37225,-75.83986667,1.0,12.95,1.304,30.86,0.2,174.0
2018-07-02T05:30:00Z,BUD,Budds_Landing,39.37225,-75.83986667,1.0,13.15,1.283,30.84,0.2,176.6
2018-07-02T05:45:00Z,BUD,Budds_Landing,39.37225,-75.83986667,1.0,12.94,1.273,30.83,0.2,173.9
2018-07-02T06:00:00Z,BUD,Budds_Landing,39.37225,-75.83986667,1.0,13.08,1.259,30.83,0.19,175.7
2018-07-02T06:15:00Z,BUD,Budds_Landing,39.37225,-75.83986667,1.0,12.96,1.238,30.86,0.17,174.2
2018-07-02T06:30:00Z,BUD,Budds_Landing,39.37225,-75.83986667,1.0,13.03,1.211,30.83,0.17,175.0
2018-07-02T06:45:00Z,BUD,Budds_Landing,39.37225,-75.83986667,1.0,13.3,1.18,30.76,0.17,178.5
2018-07-02T07:00:00Z,BUD,Budds_Landing,39.37225,-75.83986667,1.0,13.9,1.147,30.73,0.17,186.4
2018-07-02T07:15:00Z,BUD,Budds_Landing,39.37225,-75.83986667,1.0,13.7,1.115,30.68,0.16,183.6
2018-07-02T07:30:00Z,BUD,Budds_Landing,39.37225,-75.83986667,1.0,13.37,1.084,30.62,0.17,178.9
2018-07-02T07:45:00Z,BUD,Budds_Landing,39.37225,-75.83986667,1.0,13.24,1.056,30.58,0.17,177.1
2018-07-02T08:00:00Z,BUD,Budds_Landing,39.37225,-75.83986667,1.0,12.86,1.031,30.57,0.17,172.0
2018-07-02T08:15:00Z,BUD,Budds_Landing,39.37225,-75.83986667,1.0,12.64,1.007,30.52,0.17,168.9
2018-07-02T08:30:00Z,BUD,Budds_Landing,39.37225,-75.83986667,1.0,12.72,0.982,30.54,0.17,170.0
2018-07-02T08:45:00Z,BUD,Budds_Landing,39.37225,-75.83986667,1.0,12.96,0.958,30.64,0.18,173.6
2018-07-02T09:00:00Z,BUD,Budds_Landing,39.37225,-75.83986667,1.0,13.05,0.933,30.6,0.17,174.6
2018-07-02T09:15:00Z,BUD,Budds_Landing,39.37225,-75.83986667,1.0,12.87,0.911,30.55,0.17,172.1
2018-07-02T09:30:00Z,BUD,Budds_Landing,39.37225,-75.83986667,1.0,12.68,0.888,30.58,0.17,169.6
2018-07-02T09:45:00Z,BUD,Budds_Landing,39.37225,-75.83986667,1.0,12.49,0.869,30.45,0.17,166.7
2018-07-02T10:00:00Z,BUD,Budds_Landing,39.37225,-75.83986667,1.0,11.33,0.855,30.29,0.17,150.7
2018-07-02T10:15:00Z,BUD,Budds_Landing,39.37225,-75.83986667,1.0,11.47,0.85,30.33,0.17,152.7
2018-07-02T10:30:00Z,BUD,Budds_Landing,39.37225,-75.83986667,1.0,11.43,0.85,30.31,0.17,152.2
2018-07-02T10:45:00Z,BUD,Budds_Landing,39.37225,-75.83986667,1.0,11.4,0.857,30.32,0.17,151.8
2018-07-02T11:00:00Z,BUD,Budds_Landing,39.37225,-75.83986667,1.0,11.61,0.873,30.38,0.17,154.7
2018-07-02T11:15:00Z,BUD,Budds_Landing,39.37225,-75.83986667,1.0,11.6,0.898,30.31,0.17,154.4
2018-07-02T11:30:00Z,BUD,Budds_Landing,39.37225,-75.83986667,1.0,11.56,0.926,30.25,0.17,153.7
2018-07-02T11:45:00Z,BUD,Budds_Landing,39.37225,-75.83986667,1.0,11.63,0.964,30.23,0.18,154.6
2018-07-02T12:00:00Z,BUD,Budds_Landing,39.37225,-75.83986667,1.0,12.04,1.009,30.3,0.18,160.3
2018-07-02T12:15:00Z,BUD,Budds_Landing,39.37225,-75.83986667,1.0,12.07,1.053,30.3,0.18,160.6
2018-07-02T12:30:00Z,BUD,Budds_Landing,39.37225,-75.83986667,1.0,12.14,1.095,30.31,0.18,161.6
2018-07-02T12:45:00Z,BUD,Budds_Landing,39.37225,-75.83986667,1.0,12.44,1.134,30.32,0.18,165.7
2018-07-02T13:00:00Z,BUD,Budds_Landing,39.37225,-75.83986667,1.0,12.73,1.169,30.44,0.19,169.9
2018-07-02T13:15:00Z,BUD,Budds_Landing,39.37225,-75.83986667,1.0,12.34,1.203,30.46,0.19,164.6
2018-07-02T13:30:00Z,BUD,Budds_Landing,39.37225,-75.83986667,1.0,12.34,1.233,30.48,0.19,164.7
2018-07-02T13:45:00Z,BUD,Budds_Landing,39.37225,-75.83986667,1.0,12.18,1.266,30.49,0.2,162.6
2018-07-02T14:00:00Z,BUD,Budds_Landing,39.37225,-75.83986667,1.0,12.05,1.291,30.47,0.2,160.9
2018-07-02T14:15:00Z,BUD,Budds_Landing,39.37225,-75.83986667,1.0,12.22,1.322,30.46,0.2,163.1
2018-07-02T14:30:00Z,BUD,Budds_Landing,39.37225,-75.83986667,1.0,12.48,1.35,30.56,0.2,166.9
2018-07-02T14:45:00Z,BUD,Budds_Landing,39.37225,-75.83986667,1.0,12.58,1.378,30.68,0.2,168.5
2018-07-02T15:00:00Z,BUD,Budds_Landing,39.37225,-75.83986667,1.0,11.48,1.404,30.5,0.2,153.4
2018-07-02T15:15:00Z,BUD,Budds_Landing,39.37225,-75.83986667,1.0,12.48,1.428,30.67,0.2,167.1
2018-07-02T15:30:00Z,BUD,Budds_Landing,39.37225,-75.83986667,1.0,12.59,1.448,30.78,0.2,168.9
2018-07-02T15:45:00Z,BUD,Budds_Landing,39.37225,-75.83986667,1.0,13.15,1.465,30.92,0.21,176.9
2018-07-02T16:00:00Z,BUD,Budds_Landing,39.37225,-75.83986667,1.0,12.49,1.476,30.86,0.21,167.8
2018-07-02T16:15:00Z,BUD,Budds_Landing,39.37225,-75.83986667,1.0,12.11,1.48,30.79,0.21,162.6
2018-07-02T16:30:00Z,BUD,Budds_Landing,39.37225,-75.83986667,1.0,11.3,1.477,30.71,0.2,151.5
2018-07-02T16:45:00Z,BUD,Budds_Landing,39.37225,-75.83986667,1.0,10.91,1.468,30.42,0.2,145.6
2018-07-02T17:00:00Z,BUD,Budds_Landing,39.37225,-75.83986667,1.0,10.04,1.453,30.38,0.2,133.8
2018-07-02T17:15:00Z,BUD,Budds_Landing,39.37225,-75.83986667,1.0,10.26,1.434,30.33,0.19,136.7
2018-07-02T17:30:00Z,BUD,Budds_Landing,39.37225,-75.83986667,1.0,10.81,1.414,30.33,0.19,144.0
2018-07-02T17:45:00Z,BUD,Budds_Landing,39.37225,-75.83986667,1.0,10.56,1.39,30.34,0.2,140.6
2018-07-02T18:00:00Z,BUD,Budds_Landing,39.37225,-75.83986667,1.0,10.39,1.364,30.59,0.2,139.0
2018-07-02T18:15:00Z,BUD,Budds_Landing,39.37225,-75.83986667,1.0,11.87,1.334,30.48,0.2,158.5
2018-07-02T18:30:00Z,BUD,Budds_Landing,39.37225,-75.83986667,1.0,13.53,1.298,30.74,0.19,181.5
2018-07-02T18:45:00Z,BUD,Budds_Landing,39.37225,-75.83986667,1.0,12.22,1.258,30.55,0.2,163.3
2018-07-02T19:00:00Z,BUD,Budds_Landing,39.37225,-75.83986667,1.0,12.08,1.217,30.55,0.2,161.5
2018-07-02T19:15:00Z,BUD,Budds_Landing,39.37225,-75.83986667,1.0,14.22,1.184,30.85,0.19,191.1
2018-07-02T19:30:00Z,BUD,Budds_Landing,39.37225,-75.83986667,1.0,13.91,1.076,30.76,0.19,186.7
2018-07-02T19:45:00Z,BUD,Budds_Landing,39.37225,-75.83986667,1.0,13.99,1.056,30.81,0.19,187.8
2018-07-02T20:00:00Z,BUD,Budds_Landing,39.37225,-75.83986667,1.0,15.19,1.033,31.02,0.19,204.6
2018-07-02T20:15:00Z,BUD,Budds_Landing,39.37225,-75.83986667,1.0,14.9,1.002,31.04,0.19,200.8
2018-07-02T20:30:00Z,BUD,Budds_Landing,39.37225,-75.83986667,1.0,16.58,0.961,31.19,0.18,224.1
2018-07-02T20:45:00Z,BUD,Budds_Landing,39.37225,-75.83986667,1.0,17.89,0.92,31.25,0.18,242.0
2018-07-02T21:00:00Z,BUD,Budds_Landing,39.37225,-75.83986667,1.0,18.83,0.881,31.6,0.18,256.2
2018-07-02T21:15:00Z,BUD,Budds_Landing,39.37225,-75.83986667,1.0,19.32,0.847,32.01,0.18,264.8
2018-07-02T21:30:00Z,BUD,Budds_Landing,39.37225,-75.83986667,1.0,20.03,0.818,31.73,0.17,273.2
2018-07-02T21:45:00Z,BUD,Budds_Landing,39.37225,-75.83986667,1.0,19.63,0.799,32.41,0.18,270.9
2018-07-02T22:00:00Z,BUD,Budds_Landing,39.37225,-75.83986667,1.0,20.0,0.813,32.65,0.18,277.0
2018-07-02T22:15:00Z,BUD,Budds_Landing,39.37225,-75.83986667,1.0,19.34,0.807,32.58,0.18,267.6
2018-07-02T22:30:00Z,BUD,Budds_Landing,39.37225,-75.83986667,1.0,19.38,0.8,32.84,0.18,269.3
2018-07-02T22:45:00Z,BUD,Budds_Landing,39.37225,-75.83986667,1.0,18.95,0.826,32.21,0.18,260.6
2018-07-02T23:00:00Z,BUD,Budds_Landing,39.37225,-75.83986667,1.0,17.61,0.813,32.01,0.18,241.3
2018-07-02T23:15:00Z,BUD,Budds_Landing,39.37225,-75.83986667,1.0,17.84,0.805,32.05,0.17,244.7
2018-07-02T23:30:00Z,BUD,Budds_Landing,39.37225,-75.83986667,1.0,17.72,0.8,31.76,0.16,241.8
2018-07-02T23:45:00Z,BUD,Budds_Landing,39.37225,-75.83986667,1.0,18.11,0.817,31.95,0.17,247.8
2018-07-03T00:00:42Z,BUD,Budds_Landing,39.37225,-75.83986667,1.0,18.63,NaN,32.03,0.17,255.4
2018-07-03T00:15:42Z,BUD,Budds_Landing,39.37225,-75.83986667,1.0,18.16,NaN,32.13,0.17,249.4
2018-07-03T00:30:42Z,BUD,Budds_Landing,39.37225,-75.83986667,1.0,17.5,NaN,32.26,0.17,240.8
2018-07-03T00:45:42Z,BUD,Budds_Landing,39.37225,-75.83986667,1.0,18.15,NaN,32.21,0.16,249.6
2018-07-03T01:00:41Z,BUD,Budds_Landing,39.37225,-75.83986667,1.0,18.88,NaN,32.89,0.17,262.6
2018-07-03T01:15:41Z,BUD,Budds_Landing,39.37225,-75.83986667,1.0,19.24,NaN,33.54,0.18,270.6
2018-07-03T01:30:41Z,BUD,Budds_Landing,39.37225,-75.83986667,1.0,17.03,NaN,33.33,0.2,238.6
2018-07-03T01:45:41Z,BUD,Budds_Landing,39.37225,-75.83986667,1.0,17.38,NaN,33.12,0.19,242.7
2018-07-03T02:00:41Z,BUD,Budds_Landing,39.37225,-75.83986667,1.0,17.73,NaN,32.72,0.18,245.9
2018-07-03T02:15:41Z,BUD,Budds_Landing,39.37225,-75.83986667,1.0,16.49,NaN,32.42,0.18,227.5
2018-07-03T02:30:42Z,BUD,Budds_Landing,39.37225,-75.83986667,1.0,16.59,NaN,32.6,0.19,229.6
2018-07-03T02:45:42Z,BUD,Budds_Landing,39.37225,-75.83986667,1.0,15.49,NaN,32.19,0.19,213.0
2018-07-03T03:00:42Z,BUD,Budds_Landing,39.37225,-75.83986667,1.0,15.3,NaN,32.23,0.19,210.5
2018-07-03T03:15:41Z,BUD,Budds_Landing,39.37225,-75.83986667,1.0,15.2,NaN,32.29,0.19,209.3
2018-07-03T03:30:42Z,BUD,Budds_Landing,39.37225,-75.83986667,1.0,15.03,NaN,32.32,0.2,207.0
2018-07-03T03:45:41Z,BUD,Budds_Landing,39.37225,-75.83986667,1.0,14.51,NaN,32.14,0.2,199.3
2018-07-03T04:00:41Z,BUD,Budds_Landing,39.37225,-75.83986667,1.0,14.47,NaN,32.12,0.2,198.6
2018-07-03T04:15:42Z,BUD,Budds_Landing,39.37225,-75.83986667,1.0,14.37,NaN,32.12,0.2,197.4
2018-07-03T04:30:42Z,BUD,Budds_Landing,39.37225,-75.83986667,1.0,14.42,NaN,32.11,0.2,198.0
2018-07-03T04:45:42Z,BUD,Budds_Landing,39.37225,-75.83986667,1.0,14.11,NaN,32.05,0.2,193.6
2018-07-03T00:00:00Z,BUD,Budds_Landing,39.37225,-75.83986667,1.0,17.81,0.823,32.05,0.17,244.3
2018-07-03T00:15:00Z,BUD,Budds_Landing,39.37225,-75.83986667,1.0,17.1,0.834,32.08,0.18,234.6
2018-07-03T00:30:00Z,BUD,Budds_Landing,39.37225,-75.83986667,1.0,17.74,0.853,31.79,0.16,242.1
2018-07-03T00:45:00Z,BUD,Budds_Landing,39.37225,-75.83986667,1.0,18.29,0.873,32.79,0.17,253.9
2018-07-03T01:00:00Z,BUD,Budds_Landing,39.37225,-75.83986667,1.0,19.45,0.885,33.34,0.18,272.5
2018-07-03T01:15:00Z,BUD,Budds_Landing,39.37225,-75.83986667,1.0,18.72,0.93,33.51,0.18,263.1
2018-07-03T01:30:00Z,BUD,Budds_Landing,39.37225,-75.83986667,1.0,17.46,0.979,33.25,0.2,244.3
2018-07-03T01:45:00Z,BUD,Budds_Landing,39.37225,-75.83986667,1.0,17.87,1.026,33.02,0.18,249.1
2018-07-03T02:00:00Z,BUD,Budds_Landing,39.37225,-75.83986667,1.0,16.98,1.067,32.45,0.18,234.4
2018-07-03T02:15:00Z,BUD,Budds_Landing,39.37225,-75.83986667,1.0,16.07,1.103,32.35,0.18,221.4
2018-07-03T02:30:00Z,BUD,Budds_Landing,39.37225,-75.83986667,1.0,15.78,1.131,32.12,0.19,216.6
2018-07-03T02:45:00Z,BUD,Budds_Landing,39.37225,-75.83986667,1.0,15.58,1.156,32.27,0.19,214.5
2018-07-03T03:00:00Z,BUD,Budds_Landing,39.37225,-75.83986667,1.0,15.35,1.18,32.31,0.19,211.4
2018-07-03T03:15:00Z,BUD,Budds_Landing,39.37225,-75.83986667,1.0,15.21,1.205,32.34,0.19,209.6
2018-07-03T03:30:00Z,BUD,Budds_Landing,39.37225,-75.83986667,1.0,15.09,1.231,32.28,0.2,207.8
2018-07-03T03:45:00Z,BUD,Budds_Landing,39.37225,-75.83986667,1.0,14.38,1.259,32.12,0.2,197.4
2018-07-03T04:00:00Z,BUD,Budds_Landing,39.37225,-75.83986667,1.0,14.51,1.286,32.13,0.2,199.3
2018-07-03T04:15:00Z,BUD,Budds_Landing,39.37225,-75.83986667,1.0,14.53,1.311,32.14,0.2,199.6
2018-07-03T04:30:00Z,BUD,Budds_Landing,39.37225,-75.83986667,1.0,14.39,1.335,32.1,0.2,197.5
2018-07-03T04:45:00Z,BUD,Budds_Landing,39.37225,-75.83986667,1.0,13.71,1.355,32.0,0.2,187.9
2018-07-03T05:00:42Z,BUD,Budds_Landing,39.37225,-75.83986667,1.0,13.45,NaN,31.95,0.2,184.2
2018-07-03T05:15:42Z,BUD,Budds_Landing,39.37225,-75.83986667,1.0,13.56,NaN,31.95,0.2,185.6
2018-07-03T05:30:42Z,BUD,Budds_Landing,39.37225,-75.83986667,1.0,13.29,NaN,31.93,0.2,181.9
2018-07-03T05:45:42Z,BUD,Budds_Landing,39.37225,-75.83986667,1.0,12.79,NaN,31.89,0.2,175.0
2018-07-03T06:00:42Z,BUD,Budds_Landing,39.37225,-75.83986667,1.0,11.96,NaN,31.87,0.2,163.5
2018-07-03T06:15:42Z,BUD,Budds_Landing,39.37225,-75.83986667,1.0,12.1,NaN,31.86,0.2,165.5
2018-07-03T06:30:42Z,BUD,Budds_Landing,39.37225,-75.83986667,1.0,12.09,NaN,31.82,0.2,165.1
2018-07-03T06:45:42Z,BUD,Budds_Landing,39.37225,-75.83986667,1.0,12.78,NaN,31.58,0.18,173.9
2018-07-03T07:00:42Z,BUD,Budds_Landing,39.37225,-75.83986667,1.0,12.74,NaN,31.51,0.18,173.1
2018-07-03T07:15:42Z,BUD,Budds_Landing,39.37225,-75.83986667,1.0,12.64,NaN,31.58,0.19,172.0
2018-07-03T07:30:42Z,BUD,Budds_Landing,39.37225,-75.83986667,1.0,12.28,NaN,31.45,0.18,166.7
2018-07-03T07:45:42Z,BUD,Budds_Landing,39.37225,-75.83986667,1.0,12.25,NaN,31.44,0.18,166.2
2018-07-03T08:00:42Z,BUD,Budds_Landing,39.37225,-75.83986667,1.0,11.45,NaN,31.41,0.18,155.4
2018-07-03T08:15:42Z,BUD,Budds_Landing,39.37225,-75.83986667,1.0,11.04,NaN,31.41,0.18,149.8
2018-07-03T08:30:42Z,BUD,Budds_Landing,39.37225,-75.83986667,1.0,11.18,NaN,31.42,0.18,151.7
2018-07-03T08:45:42Z,BUD,Budds_Landing,39.37225,-75.83986667,1.0,10.88,NaN,31.44,0.19,147.7
2018-07-03T09:00:42Z,BUD,Budds_Landing,39.37225,-75.83986667,1.0,11.48,NaN,31.36,0.19,155.6
2018-07-03T09:15:42Z,BUD,Budds_Landing,39.37225,-75.83986667,1.0,11.94,NaN,31.42,0.18,162.0
2018-07-03T09:30:42Z,BUD,Budds_Landing,39.37225,-75.83986667,1.0,12.21,NaN,31.47,0.18,165.8
2018-07-03T09:45:42Z,BUD,Budds_Landing,39.37225,-75.83986667,1.0,12.28,NaN,31.46,0.18,166.7
2018-07-03T10:00:42Z,BUD,Budds_Landing,39.37225,-75.83986667,1.0,12.22,NaN,31.4,0.18,165.8
2018-07-03T10:15:42Z,BUD,Budds_Landing,39.37225,-75.83986667,1.0,11.68,NaN,31.22,0.18,157.9
2018-07-03T10:30:42Z,BUD,Budds_Landing,39.37225,-75.83986667,1.0,11.26,NaN,31.17,0.18,152.1
2018-07-03T10:45:42Z,BUD,Budds_Landing,39.37225,-75.83986667,1.0,10.9,NaN,31.1,0.18,147.1
2018-07-03T11:00:42Z,BUD,Budds_Landing,39.37225,-75.83986667,1.0,11.59,NaN,31.12,0.17,156.5
2018-07-03T11:15:42Z,BUD,Budds_Landing,39.37225,-75.83986667,1.0,10.61,NaN,31.05,0.17,143.0
2018-07-03T11:30:42Z,BUD,Budds_Landing,39.37225,-75.83986667,1.0,10.56,NaN,31.08,0.17,142.5
2018-07-03T11:45:42Z,BUD,Budds_Landing,39.37225,-75.83986667,1.0,10.96,NaN,31.1,0.17,147.9
2018-07-03T12:00:42Z,BUD,Budds_Landing,39.37225,-75.83986667,1.0,10.81,NaN,31.03,0.18,145.7
2018-07-03T12:15:42Z,BUD,Budds_Landing,39.37225,-75.83986667,1.0,10.84,NaN,31.05,0.18,146.1
2018-07-03T12:30:42Z,BUD,Budds_Landing,39.37225,-75.83986667,1.0,10.57,NaN,31.07,0.18,142.6
2018-07-03T12:45:42Z,BUD,Budds_Landing,39.37225,-75.83986667,1.0,11.41,NaN,31.16,0.19,154.2
2018-07-03T13:00:42Z,BUD,Budds_Landing,39.37225,-75.83986667,1.0,11.9,NaN,31.29,0.19,161.1
2018-07-03T13:15:42Z,BUD,Budds_Landing,39.37225,-75.83986667,1.0,12.47,NaN,31.38,0.19,169.1
2018-07-03T13:30:42Z,BUD,Budds_Landing,39.37225,-75.83986667,1.0,13.27,NaN,31.51,0.19,180.3
2018-07-03T13:45:42Z,BUD,Budds_Landing,39.37225,-75.83986667,1.0,13.45,NaN,31.59,0.19,183.0
2018-07-03T14:00:42Z,BUD,Budds_Landing,39.37225,-75.83986667,1.0,13.65,NaN,31.63,0.19,185.9
2018-07-03T14:15:42Z,BUD,Budds_Landing,39.37225,-75.83986667,1.0,13.63,NaN,31.66,0.19,185.7
2018-07-03T14:30:42Z,BUD,Budds_Landing,39.37225,-75.83986667,1.0,13.91,NaN,31.73,0.19,189.7
2018-07-03T14:45:42Z,BUD,Budds_Landing,39.37225,-75.83986667,1.0,13.13,NaN,31.62,0.2,178.7
2018-07-03T15:00:42Z,BUD,Budds_Landing,39.37225,-75.83986667,1.0,12.67,NaN,31.6,0.2,172.4
2018-07-03T15:15:42Z,BUD,Budds_Landing,39.37225,-75.83986667,1.0,12.39,NaN,31.47,0.2,168.3
2018-07-03T15:30:42Z,BUD,Budds_Landing,39.37225,-75.83986667,1.0,12.72,NaN,31.59,0.2,173.1
2018-07-03T15:45:42Z,BUD,Budds_Landing,39.37225,-75.83986667,1.0,12.84,NaN,31.53,0.2,174.6
2018-07-03T16:00:42Z,BUD,Budds_Landing,39.37225,-75.83986667,1.0,13.15,NaN,31.64,0.2,179.1
2018-07-03T16:15:42Z,BUD,Budds_Landing,39.37225,-75.83986667,1.0,14.36,NaN,32.03,0.2,196.8
2018-07-03T16:30:42Z,BUD,Budds_Landing,39.37225,-75.83986667,1.0,12.24,NaN,31.54,0.2,166.5
2018-07-03T16:45:42Z,BUD,Budds_Landing,39.37225,-75.83986667,1.0,13.15,NaN,31.72,0.21,179.3
2018-07-03T17:00:42Z,BUD,Budds_Landing,39.37225,-75.83986667,1.0,12.86,NaN,31.83,0.21,175.8
2018-07-03T17:15:42Z,BUD,Budds_Landing,39.37225,-75.83986667,1.0,11.17,NaN,31.52,0.2,151.9
2018-07-03T17:30:42Z,BUD,Budds_Landing,39.37225,-75.83986667,1.0,11.26,NaN,31.43,0.2,152.8
2018-07-03T17:45:42Z,BUD,Budds_Landing,39.37225,-75.83986667,1.0,10.66,NaN,31.34,0.2,144.5
2018-07-03T18:00:42Z,BUD,Budds_Landing,39.37225,-75.83986667,1.0,10.34,NaN,31.28,0.2,140.0
2018-07-03T18:15:42Z,BUD,Budds_Landing,39.37225,-75.83986667,1.0,10.47,NaN,31.27,0.2,141.7
2018-07-03T18:30:42Z,BUD,Budds_Landing,39.37225,-75.83986667,1.0,10.44,NaN,31.25,0.19,141.2
2018-07-03T18:45:43Z,BUD,Budds_Landing,39.37225,-75.83986667,1.0,10.43,NaN,31.27,0.19,141.2
2018-07-03T19:00:42Z,BUD,Budds_Landing,39.37225,-75.83986667,1.0,10.37,NaN,31.33,0.2,140.6
2018-07-03T19:15:42Z,BUD,Budds_Landing,39.37225,-75.83986667,1.0,10.26,NaN,31.36,0.2,139.0
2018-07-03T19:30:42Z,BUD,Budds_Landing,39.37225,-75.83986667,1.0,11.17,NaN,31.5,0.2,151.8
2018-07-03T19:45:42Z,BUD,Budds_Landing,39.37225,-75.83986667,1.0,14.73,NaN,32.1,0.2,202.1
2018-07-03T20:00:42Z,BUD,Budds_Landing,39.37225,-75.83986667,1.0,15.58,NaN,32.4,0.19,215.0
2018-07-03T20:15:42Z,BUD,Budds_Landing,39.37225,-75.83986667,1.0,14.66,NaN,32.3,0.19,201.9
2018-07-03T20:30:42Z,BUD,Budds_Landing,39.37225,-75.83986667,1.0,14.78,NaN,32.04,0.19,202.7
2018-07-03T20:45:41Z,BUD,Budds_Landing,39.37225,-75.83986667,1.0,16.76,NaN,32.61,0.19,232.0
2018-07-03T21:00:42Z,BUD,Budds_Landing,39.37225,-75.83986667,1.0,14.82,NaN,32.16,0.19,203.6
2018-07-03T21:15:42Z,BUD,Budds_Landing,39.37225,-75.83986667,1.0,14.98,NaN,32.17,0.19,205.9
2018-07-03T21:30:42Z,BUD,Budds_Landing,39.37225,-75.83986667,1.0,16.88,NaN,32.69,0.18,234.0
2018-07-03T21:45:42Z,BUD,Budds_Landing,39.37225,-75.83986667,1.0,17.14,NaN,32.84,0.18,238.2
2018-07-03T22:00:42Z,BUD,Budds_Landing,39.37225,-75.83986667,1.0,18.7,NaN,33.4,0.18,262.3
2018-07-03T22:15:42Z,BUD,Budds_Landing,39.37225,-75.83986667,1.0,15.73,NaN,32.36,0.17,216.8
2018-07-03T22:30:41Z,BUD,Budds_Landing,39.37225,-75.83986667,1.0,16.04,NaN,32.37,0.17,221.1
2018-07-03T22:45:42Z,BUD,Budds_Landing,39.37225,-75.83986667,1.0,15.69,NaN,32.26,0.17,215.9
2018-07-03T23:00:41Z,BUD,Budds_Landing,39.37225,-75.83986667,1.0,14.92,NaN,32.3,0.17,205.5
2018-07-03T23:15:42Z,BUD,Budds_Landing,39.37225,-75.83986667,1.0,14.95,NaN,32.37,0.17,206.1
2018-07-03T23:30:41Z,BUD,Budds_Landing,39.37225,-75.83986667,1.0,15.61,NaN,32.42,0.17,215.4
2018-07-03T23:45:41Z,BUD,Budds_Landing,39.37225,-75.83986667,1.0,16.45,NaN,32.47,0.16,227.1
2018-07-03T05:00:00Z,BUD,Budds_Landing,39.37225,-75.83986667,1.0,13.5,1.373,31.95,0.2,184.8
2018-07-03T05:15:00Z,BUD,Budds_Landing,39.37225,-75.83986667,1.0,13.44,1.387,31.94,0.2,184.0
2018-07-03T05:30:00Z,BUD,Budds_Landing,39.37225,-75.83986667,1.0,12.79,1.394,31.9,0.2,174.9
2018-07-03T05:45:00Z,BUD,Budds_Landing,39.37225,-75.83986667,1.0,11.74,1.395,31.88,0.2,160.6
2018-07-03T06:00:00Z,BUD,Budds_Landing,39.37225,-75.83986667,1.0,12.14,1.39,31.86,0.2,165.9
2018-07-03T06:15:00Z,BUD,Budds_Landing,39.37225,-75.83986667,1.0,12.41,1.372,31.84,0.2,169.6
2018-07-03T06:30:00Z,BUD,Budds_Landing,39.37225,-75.83986667,1.0,12.53,1.342,31.82,0.2,171.1
2018-07-03T06:45:00Z,BUD,Budds_Landing,39.37225,-75.83986667,1.0,12.7,1.305,31.52,0.18,172.7
2018-07-03T07:00:00Z,BUD,Budds_Landing,39.37225,-75.83986667,1.0,12.72,1.262,31.52,0.18,172.9
2018-07-03T07:15:00Z,BUD,Budds_Landing,39.37225,-75.83986667,1.0,12.52,1.219,31.52,0.18,170.1
2018-07-03T07:30:00Z,BUD,Budds_Landing,39.37225,-75.83986667,1.0,12.42,1.179,31.48,0.19,168.7
2018-07-03T07:45:00Z,BUD,Budds_Landing,39.37225,-75.83986667,1.0,11.95,1.147,31.42,0.18,162.1
2018-07-03T08:00:00Z,BUD,Budds_Landing,39.37225,-75.83986667,1.0,10.97,1.123,31.41,0.18,148.8
2018-07-03T08:15:00Z,BUD,Budds_Landing,39.37225,-75.83986667,1.0,10.74,1.105,31.42,0.18,145.8
2018-07-03T08:30:00Z,BUD,Budds_Landing,39.37225,-75.83986667,1.0,11.62,1.085,31.43,0.19,157.7
2018-07-03T08:45:00Z,BUD,Budds_Landing,39.37225,-75.83986667,1.0,11.55,1.065,31.41,0.19,156.7
2018-07-03T09:00:00Z,BUD,Budds_Landing,39.37225,-75.83986667,1.0,11.78,1.045,31.41,0.18,159.8
2018-07-03T09:15:00Z,BUD,Budds_Landing,39.37225,-75.83986667,1.0,12.03,1.022,31.4,0.18,163.2
2018-07-03T09:30:00Z,BUD,Budds_Landing,39.37225,-75.83986667,1.0,12.29,1.0,31.45,0.18,166.8
2018-07-03T09:45:00Z,BUD,Budds_Landing,39.37225,-75.83986667,1.0,12.23,0.977,31.41,0.18,165.9
2018-07-03T10:00:00Z,BUD,Budds_Landing,39.37225,-75.83986667,1.0,11.79,0.952,31.28,0.18,159.6
2018-07-03T10:15:00Z,BUD,Budds_Landing,39.37225,-75.83986667,1.0,11.23,0.928,31.13,0.18,151.6
2018-07-03T10:30:00Z,BUD,Budds_Landing,39.37225,-75.83986667,1.0,11.62,0.906,31.17,0.17,157.0
2018-07-03T10:45:00Z,BUD,Budds_Landing,39.37225,-75.83986667,1.0,11.6,0.887,31.14,0.17,156.7
2018-07-03T11:00:00Z,BUD,Budds_Landing,39.37225,-75.83986667,1.0,10.65,0.873,31.09,0.17,143.7
2018-07-03T11:15:00Z,BUD,Budds_Landing,39.37225,-75.83986667,1.0,10.67,0.867,31.09,0.17,143.9
2018-07-03T11:30:00Z,BUD,Budds_Landing,39.37225,-75.83986667,1.0,10.83,0.872,31.07,0.17,146.1
2018-07-03T11:45:00Z,BUD,Budds_Landing,39.37225,-75.83986667,1.0,11.0,0.888,31.02,0.17,148.2
2018-07-03T12:00:00Z,BUD,Budds_Landing,39.37225,-75.83986667,1.0,11.07,0.914,31.02,0.18,149.1
2018-07-03T12:15:00Z,BUD,Budds_Landing,39.37225,-75.83986667,1.0,10.96,0.947,31.04,0.18,147.8
2018-07-03T12:30:00Z,BUD,Budds_Landing,39.37225,-75.83986667,1.0,11.04,0.986,31.12,0.18,149.1
2018-07-03T12:45:00Z,BUD,Budds_Landing,39.37225,-75.83986667,1.0,11.72,1.026,31.22,0.19,158.4
2018-07-03T13:00:00Z,BUD,Budds_Landing,39.37225,-75.83986667,1.0,12.09,1.07,31.35,0.19,163.8
2018-07-03T13:15:00Z,BUD,Budds_Landing,39.37225,-75.83986667,1.0,12.81,1.11,31.42,0.19,173.8
2018-07-03T13:30:00Z,BUD,Budds_Landing,39.37225,-75.83986667,1.0,13.34,1.147,31.54,0.19,181.3
2018-07-03T13:45:00Z,BUD,Budds_Landing,39.37225,-75.83986667,1.0,13.68,1.176,31.66,0.19,186.4
2018-07-03T14:00:00Z,BUD,Budds_Landing,39.37225,-75.83986667,1.0,13.59,1.205,31.64,0.19,185.1
2018-07-03T14:15:00Z,BUD,Budds_Landing,39.37225,-75.83986667,1.0,14.16,1.232,31.91,0.19,193.7
2018-07-03T14:30:00Z,BUD,Budds_Landing,39.37225,-75.83986667,1.0,13.69,1.258,31.72,0.2,186.7
2018-07-03T14:45:00Z,BUD,Budds_Landing,39.37225,-75.83986667,1.0,12.83,1.284,31.55,0.2,174.5
2018-07-03T15:00:00Z,BUD,Budds_Landing,39.37225,-75.83986667,1.0,12.57,1.313,31.53,0.2,170.9
2018-07-03T15:15:00Z,BUD,Budds_Landing,39.37225,-75.83986667,1.0,12.72,1.343,31.59,0.2,173.1
2018-07-03T15:30:00Z,BUD,Budds_Landing,39.37225,-75.83986667,1.0,12.94,1.373,31.66,0.2,176.2
2018-07-03T15:45:00Z,BUD,Budds_Landing,39.37225,-75.83986667,1.0,12.71,1.401,31.58,0.2,172.9
2018-07-03T16:00:00Z,BUD,Budds_Landing,39.37225,-75.83986667,1.0,13.95,1.428,31.82,0.2,190.5
2018-07-03T16:15:00Z,BUD,Budds_Landing,39.37225,-75.83986667,1.0,14.81,1.453,32.19,0.21,203.6
2018-07-03T16:30:00Z,BUD,Budds_Landing,39.37225,-75.83986667,1.0,12.77,1.471,31.71,0.2,174.2
2018-07-03T16:45:00Z,BUD,Budds_Landing,39.37225,-75.83986667,1.0,13.22,1.484,31.8,0.21,180.6
2018-07-03T17:00:00Z,BUD,Budds_Landing,39.37225,-75.83986667,1.0,11.66,1.492,31.55,0.2,158.6
2018-07-03T17:15:00Z,BUD,Budds_Landing,39.37225,-75.83986667,1.0,11.11,1.492,31.36,0.2,150.6
2018-07-03T17:30:00Z,BUD,Budds_Landing,39.37225,-75.83986667,1.0,10.71,1.486,31.34,0.2,145.2
2018-07-03T17:45:00Z,BUD,Budds_Landing,39.37225,-75.83986667,1.0,10.68,1.474,31.31,0.2,144.6
2018-07-03T18:00:00Z,BUD,Budds_Landing,39.37225,-75.83986667,1.0,10.3,1.454,31.28,0.2,139.4
2018-07-03T18:15:00Z,BUD,Budds_Landing,39.37225,-75.83986667,1.0,10.89,1.429,31.28,0.2,147.4
2018-07-03T18:30:00Z,BUD,Budds_Landing,39.37225,-75.83986667,1.0,10.56,1.399,31.26,0.19,142.9
2018-07-03T18:45:00Z,BUD,Budds_Landing,39.37225,-75.83986667,1.0,10.19,1.368,31.27,0.2,137.9
2018-07-03T19:00:00Z,BUD,Budds_Landing,39.37225,-75.83986667,1.0,10.08,1.334,31.31,0.2,136.5
2018-07-03T19:15:00Z,BUD,Budds_Landing,39.37225,-75.83986667,1.0,11.17,1.298,31.4,0.2,151.5
2018-07-03T19:30:00Z,BUD,Budds_Landing,39.37225,-75.83986667,1.0,11.37,1.263,31.57,0.2,154.6
2018-07-03T19:45:00Z,BUD,Budds_Landing,39.37225,-75.83986667,1.0,14.35,1.227,31.99,0.19,196.6
2018-07-03T20:00:00Z,BUD,Budds_Landing,39.37225,-75.83986667,1.0,14.87,1.193,32.01,0.2,203.8
2018-07-03T20:15:00Z,BUD,Budds_Landing,39.37225,-75.83986667,1.0,15.3,1.159,32.15,0.19,210.2
2018-07-03T20:30:00Z,BUD,Budds_Landing,39.37225,-75.83986667,1.0,16.21,1.129,32.36,0.19,223.4
2018-07-03T20:45:00Z,BUD,Budds_Landing,39.37225,-75.83986667,1.0,15.33,1.104,32.15,0.19,210.6
2018-07-03T21:00:00Z,BUD,Budds_Landing,39.37225,-75.83986667,1.0,14.95,1.077,32.16,0.19,205.5
2018-07-03T21:15:00Z,BUD,Budds_Landing,39.37225,-75.83986667,1.0,15.25,1.053,32.36,0.18,210.2
2018-07-03T21:30:00Z,BUD,Budds_Landing,39.37225,-75.83986667,1.0,16.14,1.021,32.58,0.18,223.3
2018-07-03T21:45:00Z,BUD,Budds_Landing,39.37225,-75.83986667,1.0,17.5,0.983,33.02,0.18,243.8
2018-07-03T22:00:00Z,BUD,Budds_Landing,39.37225,-75.83986667,1.0,15.85,0.948,32.47,0.17,218.9
2018-07-03T22:15:00Z,BUD,Budds_Landing,39.37225,-75.83986667,1.0,15.82,0.914,32.35,0.17,218.0
2018-07-03T22:30:00Z,BUD,Budds_Landing,39.37225,-75.83986667,1.0,15.83,0.89,32.25,0.17,217.9
2018-07-03T22:45:00Z,BUD,Budds_Landing,39.37225,-75.83986667,1.0,14.86,0.863,32.25,0.17,204.4
2018-07-03T23:00:00Z,BUD,Budds_Landing,39.37225,-75.83986667,1.0,14.99,0.849,32.35,0.17,206.6
2018-07-03T23:15:00Z,BUD,Budds_Landing,39.37225,-75.83986667,1.0,15.24,0.846,32.42,0.17,210.2
2018-07-03T23:30:00Z,BUD,Budds_Landing,39.37225,-75.83986667,1.0,17.08,0.875,32.64,0.16,236.5
2018-07-03T23:45:00Z,BUD,Budds_Landing,39.37225,-75.83986667,1.0,16.87,0.857,32.45,0.16,232.9
2018-07-04T00:00:41Z,BUD,Budds_Landing,39.37225,-75.83986667,1.0,17.0,NaN,32.47,0.16,234.8
2018-07-04T00:15:42Z,BUD,Budds_Landing,39.37225,-75.83986667,1.0,16.33,NaN,32.49,0.16,225.6
2018-07-04T00:30:42Z,BUD,Budds_Landing,39.37225,-75.83986667,1.0,17.21,NaN,32.48,0.16,237.6
2018-07-04T00:45:41Z,BUD,Budds_Landing,39.37225,-75.83986667,1.0,18.14,NaN,32.95,0.17,252.5
2018-07-04T01:00:42Z,BUD,Budds_Landing,39.37225,-75.83986667,1.0,17.11,NaN,32.87,0.17,237.8
2018-07-04T01:15:41Z,BUD,Budds_Landing,39.37225,-75.83986667,1.0,16.17,NaN,32.77,0.17,224.4
2018-07-04T01:30:42Z,BUD,Budds_Landing,39.37225,-75.83986667,1.0,15.64,NaN,32.39,0.17,215.7
2018-07-04T01:45:42Z,BUD,Budds_Landing,39.37225,-75.83986667,1.0,14.85,NaN,32.32,0.18,204.5
2018-07-04T02:00:42Z,BUD,Budds_Landing,39.37225,-75.83986667,1.0,16.71,NaN,32.56,0.17,231.1
2018-07-04T02:15:41Z,BUD,Budds_Landing,39.37225,-75.83986667,1.0,17.19,NaN,32.69,0.17,238.3
2018-07-04T02:30:42Z,BUD,Budds_Landing,39.37225,-75.83986667,1.0,17.57,NaN,32.61,0.16,243.2
2018-07-04T02:45:41Z,BUD,Budds_Landing,39.37225,-75.83986667,1.0,16.5,NaN,32.61,0.16,228.4
2018-07-04T03:00:42Z,BUD,Budds_Landing,39.37225,-75.83986667,1.0,14.09,NaN,32.09,0.18,193.3
2018-07-04T03:15:42Z,BUD,Budds_Landing,39.37225,-75.83986667,1.0,14.04,NaN,32.07,0.17,192.6
2018-07-04T03:30:42Z,BUD,Budds_Landing,39.37225,-75.83986667,1.0,13.9,NaN,31.99,0.17,190.4
2018-07-04T03:45:42Z,BUD,Budds_Landing,39.37225,-75.83986667,1.0,14.12,NaN,32.0,0.17,193.5
2018-07-04T04:00:42Z,BUD,Budds_Landing,39.37225,-75.83986667,1.0,13.26,NaN,31.96,0.17,181.5
2018-07-04T04:15:42Z,BUD,Budds_Landing,39.37225,-75.83986667,1.0,13.7,NaN,32.07,0.17,188.0
2018-07-04T04:30:42Z,BUD,Budds_Landing,39.37225,-75.83986667,1.0,14.69,NaN,32.15,0.17,201.8
2018-07-04T04:45:42Z,BUD,Budds_Landing,39.37225,-75.83986667,1.0,12.87,NaN,31.89,0.19,176.1
2018-07-04T00:00:00Z,BUD,Budds_Landing,39.37225,-75.83986667,1.0,16.58,0.852,32.48,0.16,229.0
2018-07-04T00:15:00Z,BUD,Budds_Landing,39.37225,-75.83986667,1.0,16.48,0.86,32.43,0.16,227.4
2018-07-04T00:30:00Z,BUD,Budds_Landing,39.37225,-75.83986667,1.0,18.09,0.881,32.92,0.16,251.7
2018-07-04T00:45:00Z,BUD,Budds_Landing,39.37225,-75.83986667,1.0,17.57,0.906,32.93,0.17,244.6
2018-07-04T01:00:00Z,BUD,Budds_Landing,39.37225,-75.83986667,1.0,16.47,0.928,32.77,0.17,228.5
2018-07-04T01:15:00Z,BUD,Budds_Landing,39.37225,-75.83986667,1.0,15.16,0.962,32.43,0.17,209.3
2018-07-04T01:30:00Z,BUD,Budds_Landing,39.37225,-75.83986667,1.0,15.43,0.997,32.32,0.17,212.6
2018-07-04T01:45:00Z,BUD,Budds_Landing,39.37225,-75.83986667,1.0,16.07,1.054,32.56,0.17,222.3
2018-07-04T02:00:00Z,BUD,Budds_Landing,39.37225,-75.83986667,1.0,16.96,1.098,32.58,0.17,234.6
2018-07-04T02:15:00Z,BUD,Budds_Landing,39.37225,-75.83986667,1.0,17.48,1.146,32.68,0.16,242.3
2018-07-04T02:30:00Z,BUD,Budds_Landing,39.37225,-75.83986667,1.0,17.34,1.172,32.65,0.16,240.2
2018-07-04T02:45:00Z,BUD,Budds_Landing,39.37225,-75.83986667,1.0,17.0,1.172,32.64,0.17,235.4
2018-07-04T03:00:00Z,BUD,Budds_Landing,39.37225,-75.83986667,1.0,13.24,1.141,32.04,0.18,181.5
2018-07-04T03:15:00Z,BUD,Budds_Landing,39.37225,-75.83986667,1.0,14.46,1.115,32.08,0.17,198.3
2018-07-04T03:30:00Z,BUD,Budds_Landing,39.37225,-75.83986667,1.0,13.62,1.11,31.98,0.17,186.5
2018-07-04T03:45:00Z,BUD,Budds_Landing,39.37225,-75.83986667,1.0,13.36,1.129,32.01,0.17,183.1
2018-07-04T04:00:00Z,BUD,Budds_Landing,39.37225,-75.83986667,1.0,13.77,1.168,32.08,0.17,188.8
2018-07-04T04:15:00Z,BUD,Budds_Landing,39.37225,-75.83986667,1.0,14.06,1.226,32.06,0.18,192.9
2018-07-04T04:30:00Z,BUD,Budds_Landing,39.37225,-75.83986667,1.0,14.03,1.288,32.03,0.18,192.3
2018-07-04T04:45:00Z,BUD,Budds_Landing,39.37225,-75.83986667,1.0,12.69,1.345,31.89,0.19,173.6
2018-07-04T05:00:42Z,BUD,Budds_Landing,39.37225,-75.83986667,1.0,12.87,NaN,31.91,0.19,176.1
2018-07-04T05:15:42Z,BUD,Budds_Landing,39.37225,-75.83986667,1.0,12.5,NaN,31.89,0.19,171.0
2018-07-04T05:30:42Z,BUD,Budds_Landing,39.37225,-75.83986667,1.0,12.12,NaN,31.82,0.19,165.6
2018-07-04T05:45:42Z,BUD,Budds_Landing,39.37225,-75.83986667,1.0,12.04,NaN,31.82,0.19,164.5
2018-07-04T06:00:42Z,BUD,Budds_Landing,39.37225,-75.83986667,1.0,11.15,NaN,31.79,0.2,152.3
2018-07-04T06:15:42Z,BUD,Budds_Landing,39.37225,-75.83986667,1.0,11.54,NaN,31.77,0.19,157.5
2018-07-04T06:30:42Z,BUD,Budds_Landing,39.37225,-75.83986667,1.0,11.64,NaN,31.74,0.19,158.8
2018-07-04T06:45:42Z,BUD,Budds_Landing,39.37225,-75.83986667,1.0,11.49,NaN,31.64,0.19,156.5
2018-07-04T07:00:42Z,BUD,Budds_Landing,39.37225,-75.83986667,1.0,11.19,NaN,31.62,0.19,152.3
2018-07-04T07:15:42Z,BUD,Budds_Landing,39.37225,-75.83986667,1.0,11.72,NaN,31.57,0.18,159.4
2018-07-04T07:30:42Z,BUD,Budds_Landing,39.37225,-75.83986667,1.0,11.0,NaN,31.55,0.19,149.6
2018-07-04T07:45:42Z,BUD,Budds_Landing,39.37225,-75.83986667,1.0,10.97,NaN,31.5,0.19,149.1
2018-07-04T08:00:42Z,BUD,Budds_Landing,39.37225,-75.83986667,1.0,10.25,NaN,31.49,0.19,139.2
2018-07-04T08:15:42Z,BUD,Budds_Landing,39.37225,-75.83986667,1.0,10.24,NaN,31.44,0.19,139.0
2018-07-04T08:30:42Z,BUD,Budds_Landing,39.37225,-75.83986667,1.0,10.05,NaN,31.44,0.19,136.4
2018-07-04T08:45:42Z,BUD,Budds_Landing,39.37225,-75.83986667,1.0,9.68,NaN,31.43,0.2,131.3
2018-07-04T09:00:42Z,BUD,Budds_Landing,39.37225,-75.83986667,1.0,9.25,NaN,31.36,0.2,125.4
2018-07-04T09:15:42Z,BUD,Budds_Landing,39.37225,-75.83986667,1.0,9.75,NaN,31.35,0.2,132.2
2018-07-04T09:30:42Z,BUD,Budds_Landing,39.37225,-75.83986667,1.0,10.41,NaN,31.13,0.18,140.5
2018-07-04T09:45:42Z,BUD,Budds_Landing,39.37225,-75.83986667,1.0,10.2,NaN,31.15,0.18,137.8
2018-07-04T10:00:42Z,BUD,Budds_Landing,39.37225,-75.83986667,1.0,10.14,NaN,30.93,0.18,136.5
2018-07-04T10:15:42Z,BUD,Budds_Landing,39.37225,-75.83986667,1.0,9.62,NaN,30.81,0.18,129.1
2018-07-04T10:30:42Z,BUD,Budds_Landing,39.37225,-75.83986667,1.0,9.88,NaN,30.83,0.18,132.7
2018-07-04T10:45:42Z,BUD,Budds_Landing,39.37225,-75.83986667,1.0,9.19,NaN,30.8,0.18,123.4
2018-07-04T11:00:42Z,BUD,Budds_Landing,39.37225,-75.83986667,1.0,9.46,NaN,30.81,0.17,127.1
2018-07-04T11:15:42Z,BUD,Budds_Landing,39.37225,-75.83986667,1.0,9.22,NaN,30.74,0.18,123.6
2018-07-04T11:30:42Z,BUD,Budds_Landing,39.37225,-75.83986667,1.0,9.01,NaN,30.77,0.18,120.9
2018-07-04T11:45:42Z,BUD,Budds_Landing,39.37225,-75.83986667,1.0,8.84,NaN,30.69,0.18,118.5
2018-07-04T12:00:42Z,BUD,Budds_Landing,39.37225,-75.83986667,1.0,9.11,NaN,30.72,0.17,122.2
2018-07-04T12:15:42Z,BUD,Budds_Landing,39.37225,-75.83986667,1.0,9.15,NaN,30.72,0.18,122.7
2018-07-04T12:30:42Z,BUD,Budds_Landing,39.37225,-75.83986667,1.0,9.14,NaN,30.75,0.18,122.5
2018-07-04T12:45:43Z,BUD,Budds_Landing,39.37225,-75.83986667,1.0,9.12,NaN,30.69,0.18,122.2
2018-07-04T13:00:42Z,BUD,Budds_Landing,39.37225,-75.83986667,1.0,9.28,NaN,30.58,0.18,124.1
2018-07-04T13:15:43Z,BUD,Budds_Landing,39.37225,-75.83986667,1.0,9.83,NaN,30.71,0.18,131.8
2018-07-04T13:30:42Z,BUD,Budds_Landing,39.37225,-75.83986667,1.0,10.03,NaN,30.77,0.18,134.6
2018-07-04T13:45:42Z,BUD,Budds_Landing,39.37225,-75.83986667,1.0,11.05,NaN,30.85,0.18,148.5
2018-07-04T14:00:42Z,BUD,Budds_Landing,39.37225,-75.83986667,1.0,11.11,NaN,30.91,0.18,149.4
2018-07-04T14:15:42Z,BUD,Budds_Landing,39.37225,-75.83986667,1.0,11.55,NaN,31.08,0.18,155.8
2018-07-04T14:30:42Z,BUD,Budds_Landing,39.37225,-75.83986667,1.0,12.52,NaN,31.23,0.18,169.3
2018-07-04T14:45:42Z,BUD,Budds_Landing,39.37225,-75.83986667,1.0,12.9,NaN,31.3,0.19,174.7
2018-07-04T15:00:42Z,BUD,Budds_Landing,39.37225,-75.83986667,1.0,13.7,NaN,31.65,0.19,186.6
2018-07-04T15:15:42Z,BUD,Budds_Landing,39.37225,-75.83986667,1.0,13.33,NaN,31.62,0.19,181.5
2018-07-04T15:30:42Z,BUD,Budds_Landing,39.37225,-75.83986667,1.0,13.83,NaN,31.78,0.2,188.8
2018-07-04T15:45:42Z,BUD,Budds_Landing,39.37225,-75.83986667,1.0,12.43,NaN,31.34,0.2,168.4
2018-07-04T16:00:42Z,BUD,Budds_Landing,39.37225,-75.83986667,1.0,13.13,NaN,31.53,0.2,178.5
2018-07-04T16:15:42Z,BUD,Budds_Landing,39.37225,-75.83986667,1.0,13.4,NaN,31.78,0.2,183.0
2018-07-04T16:30:42Z,BUD,Budds_Landing,39.37225,-75.83986667,1.0,12.31,NaN,31.41,0.2,167.0
2018-07-04T16:45:42Z,BUD,Budds_Landing,39.37225,-75.83986667,1.0,12.49,NaN,31.52,0.2,169.7
2018-07-04T17:00:42Z,BUD,Budds_Landing,39.37225,-75.83986667,1.0,13.01,NaN,31.96,0.2,178.2
2018-07-04T17:15:42Z,BUD,Budds_Landing,39.37225,-75.83986667,1.0,13.61,NaN,32.16,0.2,186.9
2018-07-04T17:30:42Z,BUD,Budds_Landing,39.37225,-75.83986667,1.0,13.43,NaN,32.22,0.21,184.7
2018-07-04T17:45:42Z,BUD,Budds_Landing,39.37225,-75.83986667,1.0,13.19,NaN,32.07,0.21,181.0
2018-07-04T18:00:42Z,BUD,Budds_Landing,39.37225,-75.83986667,1.0,12.76,NaN,32.26,0.21,175.6
2018-07-04T18:15:42Z,BUD,Budds_Landing,39.37225,-75.83986667,1.0,12.86,NaN,32.1,0.21,176.5
2018-07-04T18:30:42Z,BUD,Budds_Landing,39.37225,-75.83986667,1.0,13.15,NaN,32.3,0.21,181.1
2018-07-04T18:45:42Z,BUD,Budds_Landing,39.37225,-75.83986667,1.0,12.02,NaN,31.93,0.2,164.5
2018-07-04T19:00:42Z,BUD,Budds_Landing,39.37225,-75.83986667,1.0,12.19,NaN,32.05,0.2,167.1
2018-07-04T19:15:42Z,BUD,Budds_Landing,39.37225,-75.83986667,1.0,10.45,NaN,31.57,0.2,142.1
2018-07-04T19:30:42Z,BUD,Budds_Landing,39.37225,-75.83986667,1.0,14.3,NaN,31.59,0.18,194.6
2018-07-04T19:45:42Z,BUD,Budds_Landing,39.37225,-75.83986667,1.0,11.46,NaN,31.46,0.19,155.6
2018-07-04T20:00:42Z,BUD,Budds_Landing,39.37225,-75.83986667,1.0,11.82,NaN,31.59,0.19,160.8
2018-07-04T20:15:42Z,BUD,Budds_Landing,39.37225,-75.83986667,1.0,14.7,NaN,32.38,0.2,202.8
2018-07-04T20:30:42Z,BUD,Budds_Landing,39.37225,-75.83986667,1.0,15.18,NaN,32.3,0.2,209.0
2018-07-04T20:45:42Z,BUD,Budds_Landing,39.37225,-75.83986667,1.0,14.12,NaN,32.18,0.19,194.0
2018-07-04T21:00:42Z,BUD,Budds_Landing,39.37225,-75.83986667,1.0,16.84,NaN,32.65,0.19,233.3
2018-07-04T21:15:41Z,BUD,Budds_Landing,39.37225,-75.83986667,1.0,15.91,NaN,32.57,0.19,220.1
2018-07-04T21:30:41Z,BUD,Budds_Landing,39.37225,-75.83986667,1.0,14.28,NaN,32.29,0.19,196.7
2018-07-04T21:45:42Z,BUD,Budds_Landing,39.37225,-75.83986667,1.0,15.11,NaN,32.29,0.18,208.0
2018-07-04T22:00:42Z,BUD,Budds_Landing,39.37225,-75.83986667,1.0,14.75,NaN,32.25,0.18,202.9
2018-07-04T22:15:41Z,BUD,Budds_Landing,39.37225,-75.83986667,1.0,15.18,NaN,32.5,0.18,209.8
2018-07-04T22:30:41Z,BUD,Budds_Landing,39.37225,-75.83986667,1.0,16.93,NaN,32.67,0.18,234.6
2018-07-04T22:45:42Z,BUD,Budds_Landing,39.37225,-75.83986667,1.0,15.05,NaN,32.32,0.18,207.3
2018-07-04T23:00:42Z,BUD,Budds_Landing,39.37225,-75.83986667,1.0,14.63,NaN,32.12,0.17,200.8
2018-07-04T23:15:42Z,BUD,Budds_Landing,39.37225,-75.83986667,1.0,15.65,NaN,32.29,0.17,215.4
2018-07-04T23:30:42Z,BUD,Budds_Landing,39.37225,-75.83986667,1.0,14.83,NaN,32.22,0.17,203.9
2018-07-04T23:45:42Z,BUD,Budds_Landing,39.37225,-75.83986667,1.0,15.43,NaN,32.16,0.17,212.0
2018-07-04T05:00:00Z,BUD,Budds_Landing,39.37225,-75.83986667,1.0,12.55,1.392,31.89,0.19,171.7
2018-07-04T05:15:00Z,BUD,Budds_Landing,39.37225,-75.83986667,1.0,12.15,1.428,31.85,0.19,166.0
2018-07-04T05:30:00Z,BUD,Budds_Landing,39.37225,-75.83986667,1.0,12.13,1.449,31.81,0.2,165.7
2018-07-04T05:45:00Z,BUD,Budds_Landing,39.37225,-75.83986667,1.0,11.75,1.456,31.83,0.19,160.5
2018-07-04T06:00:00Z,BUD,Budds_Landing,39.37225,-75.83986667,1.0,11.67,1.456,31.78,0.2,159.4
2018-07-04T06:15:00Z,BUD,Budds_Landing,39.37225,-75.83986667,1.0,11.62,1.445,31.74,0.19,158.5
2018-07-04T06:30:00Z,BUD,Budds_Landing,39.37225,-75.83986667,1.0,11.47,1.43,31.7,0.19,156.4
2018-07-04T06:45:00Z,BUD,Budds_Landing,39.37225,-75.83986667,1.0,10.59,1.408,31.62,0.19,144.2
2018-07-04T07:00:00Z,BUD,Budds_Landing,39.37225,-75.83986667,1.0,11.67,1.385,31.59,0.18,158.9
2018-07-04T07:15:00Z,BUD,Budds_Landing,39.37225,-75.83986667,1.0,11.3,1.356,31.55,0.19,153.6
2018-07-04T07:30:00Z,BUD,Budds_Landing,39.37225,-75.83986667,1.0,10.82,1.33,31.54,0.19,147.2
2018-07-04T07:45:00Z,BUD,Budds_Landing,39.37225,-75.83986667,1.0,10.99,1.31,31.47,0.19,149.2
2018-07-04T08:00:00Z,BUD,Budds_Landing,39.37225,-75.83986667,1.0,9.93,1.298,31.47,0.19,134.9
2018-07-04T08:15:00Z,BUD,Budds_Landing,39.37225,-75.83986667,1.0,9.62,1.293,31.45,0.19,130.6
2018-07-04T08:30:00Z,BUD,Budds_Landing,39.37225,-75.83986667,1.0,9.12,1.289,31.44,0.2,123.8
2018-07-04T08:45:00Z,BUD,Budds_Landing,39.37225,-75.83986667,1.0,8.9,1.263,31.37,0.2,120.6
2018-07-04T09:00:00Z,BUD,Budds_Landing,39.37225,-75.83986667,1.0,9.42,1.242,31.35,0.2,127.6
2018-07-04T09:15:00Z,BUD,Budds_Landing,39.37225,-75.83986667,1.0,10.1,1.212,31.29,0.19,136.7
2018-07-04T09:30:00Z,BUD,Budds_Landing,39.37225,-75.83986667,1.0,10.21,1.177,31.15,0.18,137.9
2018-07-04T09:45:00Z,BUD,Budds_Landing,39.37225,-75.83986667,1.0,10.1,1.14,30.98,0.18,136.0
2018-07-04T10:00:00Z,BUD,Budds_Landing,39.37225,-75.83986667,1.0,10.05,1.104,30.88,0.18,135.1
2018-07-04T10:15:00Z,BUD,Budds_Landing,39.37225,-75.83986667,1.0,9.4,1.071,30.82,0.18,126.3
2018-07-04T10:30:00Z,BUD,Budds_Landing,39.37225,-75.83986667,1.0,9.48,1.043,30.76,0.18,127.1
2018-07-04T10:45:00Z,BUD,Budds_Landing,39.37225,-75.83986667,1.0,9.96,1.019,30.87,0.17,133.8
2018-07-04T11:00:00Z,BUD,Budds_Landing,39.37225,-75.83986667,1.0,9.41,0.995,30.77,0.18,126.3
2018-07-04T11:15:00Z,BUD,Budds_Landing,39.37225,-75.83986667,1.0,8.79,0.975,30.76,0.18,117.9
2018-07-04T11:30:00Z,BUD,Budds_Landing,39.37225,-75.83986667,1.0,8.99,0.958,30.73,0.18,120.5
2018-07-04T11:45:00Z,BUD,Budds_Landing,39.37225,-75.83986667,1.0,9.47,0.945,30.72,0.18,127.0
2018-07-04T12:00:00Z,BUD,Budds_Landing,39.37225,-75.83986667,1.0,9.23,0.938,30.72,0.18,123.8
2018-07-04T12:15:00Z,BUD,Budds_Landing,39.37225,-75.83986667,1.0,9.42,0.939,30.73,0.18,126.3
2018-07-04T12:30:00Z,BUD,Budds_Landing,39.37225,-75.83986667,1.0,9.03,0.951,30.74,0.18,121.1
2018-07-04T12:45:00Z,BUD,Budds_Landing,39.37225,-75.83986667,1.0,9.31,0.968,30.6,0.18,124.6
2018-07-04T13:00:00Z,BUD,Budds_Landing,39.37225,-75.83986667,1.0,9.35,0.99,30.65,0.18,125.2
2018-07-04T13:15:00Z,BUD,Budds_Landing,39.37225,-75.83986667,1.0,9.94,1.017,30.72,0.18,133.3
2018-07-04T13:30:00Z,BUD,Budds_Landing,39.37225,-75.83986667,1.0,10.44,1.049,30.79,0.18,140.1
2018-07-04T13:45:00Z,BUD,Budds_Landing,39.37225,-75.83986667,1.0,11.17,1.085,30.89,0.18,150.2
2018-07-04T14:00:00Z,BUD,Budds_Landing,39.37225,-75.83986667,1.0,11.0,1.12,30.95,0.18,148.1
2018-07-04T14:15:00Z,BUD,Budds_Landing,39.37225,-75.83986667,1.0,11.4,1.154,31.1,0.18,153.8
2018-07-04T14:30:00Z,BUD,Budds_Landing,39.37225,-75.83986667,1.0,11.96,1.186,31.2,0.19,161.7
2018-07-04T14:45:00Z,BUD,Budds_Landing,39.37225,-75.83986667,1.0,13.33,1.214,31.45,0.19,181.0
2018-07-04T15:00:00Z,BUD,Budds_Landing,39.37225,-75.83986667,1.0,13.65,1.24,31.67,0.19,186.0
2018-07-04T15:15:00Z,BUD,Budds_Landing,39.37225,-75.83986667,1.0,12.98,1.263,31.65,0.2,176.8
2018-07-04T15:30:00Z,BUD,Budds_Landing,39.37225,-75.83986667,1.0,13.59,1.281,31.75,0.2,185.4
2018-07-04T15:45:00Z,BUD,Budds_Landing,39.37225,-75.83986667,1.0,12.55,1.295,31.35,0.2,170.1
2018-07-04T16:00:00Z,BUD,Budds_Landing,39.37225,-75.83986667,1.0,13.97,1.313,31.83,0.2,190.9
2018-07-04T16:15:00Z,BUD,Budds_Landing,39.37225,-75.83986667,1.0,13.72,1.206,31.83,0.2,187.5
2018-07-04T16:30:00Z,BUD,Budds_Landing,39.37225,-75.83986667,1.0,12.85,1.233,31.64,0.2,174.9
2018-07-04T16:45:00Z,BUD,Budds_Landing,39.37225,-75.83986667,1.0,13.12,1.129,32.0,0.2,179.8
2018-07-04T17:00:00Z,BUD,Budds_Landing,39.37225,-75.83986667,1.0,13.35,1.095,32.02,0.2,183.0
2018-07-04T17:15:00Z,BUD,Budds_Landing,39.37225,-75.83986667,1.0,13.79,1.11,32.32,0.21,189.9
2018-07-04T17:30:00Z,BUD,Budds_Landing,39.37225,-75.83986667,1.0,13.33,1.09,32.17,0.21,183.1
2018-07-04T17:45:00Z,BUD,Budds_Landing,39.37225,-75.83986667,1.0,12.52,1.097,32.12,0.21,172.0
2018-07-04T18:00:00Z,BUD,Budds_Landing,39.37225,-75.83986667,1.0,12.6,1.097,32.11,0.21,173.0
2018-07-04T18:15:00Z,BUD,Budds_Landing,39.37225,-75.83986667,1.0,12.56,1.094,32.15,0.21,172.5
2018-07-04T18:30:00Z,BUD,Budds_Landing,39.37225,-75.83986667,1.0,13.05,1.087,32.21,0.2,179.5
2018-07-04T18:45:00Z,BUD,Budds_Landing,39.37225,-75.83986667,1.0,12.07,1.069,31.96,0.2,165.3
2018-07-04T19:00:00Z,BUD,Budds_Landing,39.37225,-75.83986667,1.0,10.14,1.053,31.56,0.2,138.0
2018-07-04T19:15:00Z,BUD,Budds_Landing,39.37225,-75.83986667,1.0,11.11,1.025,31.56,0.2,151.1
2018-07-04T19:30:00Z,BUD,Budds_Landing,39.37225,-75.83986667,1.0,12.19,0.995,31.49,0.19,165.6
2018-07-04T19:45:00Z,BUD,Budds_Landing,39.37225,-75.83986667,1.0,12.59,0.966,31.66,0.19,171.5
2018-07-04T20:00:00Z,BUD,Budds_Landing,39.37225,-75.83986667,1.0,13.21,0.939,31.93,0.2,180.7
2018-07-04T20:15:00Z,BUD,Budds_Landing,39.37225,-75.83986667,1.0,14.94,0.922,32.63,0.19,207.0
2018-07-04T20:30:00Z,BUD,Budds_Landing,39.37225,-75.83986667,1.0,13.97,0.904,32.25,0.2,192.3
2018-07-04T20:45:00Z,BUD,Budds_Landing,39.37225,-75.83986667,1.0,15.77,0.884,32.45,0.19,217.8
2018-07-04T21:00:00Z,BUD,Budds_Landing,39.37225,-75.83986667,1.0,16.37,0.889,32.71,0.19,227.0
2018-07-04T21:15:00Z,BUD,Budds_Landing,39.37225,-75.83986667,1.0,17.32,0.904,32.84,0.19,240.6
2018-07-04T21:30:00Z,BUD,Budds_Landing,39.37225,-75.83986667,1.0,15.3,0.918,32.4,0.18,211.0
2018-07-04T21:45:00Z,BUD,Budds_Landing,39.37225,-75.83986667,1.0,15.51,0.907,32.39,0.18,213.9
2018-07-04T22:00:00Z,BUD,Budds_Landing,39.37225,-75.83986667,1.0,14.71,0.907,32.24,0.18,202.4
2018-07-04T22:15:00Z,BUD,Budds_Landing,39.37225,-75.83986667,1.0,14.05,0.917,32.1,0.19,192.9
2018-07-04T22:30:00Z,BUD,Budds_Landing,39.37225,-75.83986667,1.0,14.79,0.908,32.25,0.18,203.5
2018-07-04T22:45:00Z,BUD,Budds_Landing,39.37225,-75.83986667,1.0,15.83,0.896,32.22,0.18,217.7
2018-07-04T23:00:00Z,BUD,Budds_Landing,39.37225,-75.83986667,1.0,15.88,0.893,32.3,0.17,218.6
2018-07-04T23:15:00Z,BUD,Budds_Landing,39.37225,-75.83986667,1.0,14.99,0.891,32.18,0.17,206.0
2018-07-04T23:30:00Z,BUD,Budds_Landing,39.37225,-75.83986667,1.0,14.84,0.88,32.13,0.17,203.8
2018-07-04T23:45:00Z,BUD,Budds_Landing,39.37225,-75.83986667,1.0,15.06,0.882,32.14,0.17,206.8
2018-07-05T00:00:42Z,BUD,Budds_Landing,39.37225,-75.83986667,1.0,13.77,NaN,32.03,0.17,188.8
2018-07-05T00:15:42Z,BUD,Budds_Landing,39.37225,-75.83986667,1.0,14.64,NaN,32.26,0.17,201.5
2018-07-05T00:30:42Z,BUD,Budds_Landing,39.37225,-75.83986667,1.0,15.42,NaN,32.32,0.17,212.4
2018-07-05T00:45:41Z,BUD,Budds_Landing,39.37225,-75.83986667,1.0,15.64,NaN,32.24,0.17,215.1
2018-07-05T01:00:42Z,BUD,Budds_Landing,39.37225,-75.83986667,1.0,16.08,NaN,32.25,0.17,221.2
2018-07-05T01:15:41Z,BUD,Budds_Landing,39.37225,-75.83986667,1.0,15.05,NaN,32.15,0.17,206.7
2018-07-05T01:30:42Z,BUD,Budds_Landing,39.37225,-75.83986667,1.0,14.44,NaN,32.05,0.17,198.0
2018-07-05T01:45:42Z,BUD,Budds_Landing,39.37225,-75.83986667,1.0,14.12,NaN,32.02,0.17,193.5
2018-07-05T02:00:43Z,BUD,Budds_Landing,39.37225,-75.83986667,1.0,14.51,NaN,31.96,0.17,198.7
2018-07-05T02:15:42Z,BUD,Budds_Landing,39.37225,-75.83986667,1.0,14.02,NaN,31.86,0.17,191.6
2018-07-05T02:30:42Z,BUD,Budds_Landing,39.37225,-75.83986667,1.0,13.69,NaN,31.9,0.18,187.3
2018-07-05T02:45:42Z,BUD,Budds_Landing,39.37225,-75.83986667,1.0,13.73,NaN,31.87,0.18,187.7
2018-07-05T03:00:42Z,BUD,Budds_Landing,39.37225,-75.83986667,1.0,13.94,NaN,31.69,0.17,190.0
2018-07-05T03:15:42Z,BUD,Budds_Landing,39.37225,-75.83986667,1.0,14.24,NaN,31.67,0.17,194.1
2018-07-05T03:30:42Z,BUD,Budds_Landing,39.37225,-75.83986667,1.0,14.49,NaN,31.57,0.16,197.0
2018-07-05T03:45:42Z,BUD,Budds_Landing,39.37225,-75.83986667,1.0,13.82,NaN,31.69,0.17,188.3
2018-07-05T04:00:42Z,BUD,Budds_Landing,39.37225,-75.83986667,1.0,13.32,NaN,31.78,0.18,181.9
2018-07-05T04:15:42Z,BUD,Budds_Landing,39.37225,-75.83986667,1.0,12.64,NaN,31.73,0.18,172.4
2018-07-05T04:30:42Z,BUD,Budds_Landing,39.37225,-75.83986667,1.0,12.23,NaN,31.65,0.18,166.5
2018-07-05T04:45:42Z,BUD,Budds_Landing,39.37225,-75.83986667,1.0,11.9,NaN,31.61,0.18,162.0
2018-07-05T00:00:00Z,BUD,Budds_Landing,39.37225,-75.83986667,1.0,13.95,0.88,32.24,0.17,191.9
2018-07-05T00:15:00Z,BUD,Budds_Landing,39.37225,-75.83986667,1.0,16.44,0.909,32.37,0.17,226.7
2018-07-05T00:30:00Z,BUD,Budds_Landing,39.37225,-75.83986667,1.0,15.56,0.904,32.28,0.17,214.2
2018-07-05T00:45:00Z,BUD,Budds_Landing,39.37225,-75.83986667,1.0,16.15,0.901,32.24,0.17,222.2
2018-07-05T01:00:00Z,BUD,Budds_Landing,39.37225,-75.83986667,1.0,15.46,0.904,32.19,0.17,212.4
2018-07-05T01:15:00Z,BUD,Budds_Landing,39.37225,-75.83986667,1.0,14.72,0.912,32.09,0.17,202.0
2018-07-05T01:30:00Z,BUD,Budds_Landing,39.37225,-75.83986667,1.0,14.75,0.926,32.03,0.17,202.2
2018-07-05T01:45:00Z,BUD,Budds_Landing,39.37225,-75.83986667,1.0,14.35,0.948,31.97,0.17,196.5
2018-07-05T02:00:00Z,BUD,Budds_Landing,39.37225,-75.83986667,1.0,14.79,0.974,31.96,0.16,202.5
2018-07-05T02:15:00Z,BUD,Budds_Landing,39.37225,-75.83986667,1.0,13.43,0.985,31.83,0.17,183.4
2018-07-05T02:30:00Z,BUD,Budds_Landing,39.37225,-75.83986667,1.0,13.66,1.023,31.89,0.18,186.8
2018-07-05T02:45:00Z,BUD,Budds_Landing,39.37225,-75.83986667,1.0,13.79,1.062,31.78,0.18,188.2
2018-07-05T03:00:00Z,BUD,Budds_Landing,39.37225,-75.83986667,1.0,13.78,1.108,31.69,0.17,187.8
2018-07-05T03:15:00Z,BUD,Budds_Landing,39.37225,-75.83986667,1.0,14.51,1.151,31.64,0.16,197.6
2018-07-05T03:30:00Z,BUD,Budds_Landing,39.37225,-75.83986667,1.0,14.25,1.191,31.58,0.17,193.9
2018-07-05T03:45:00Z,BUD,Budds_Landing,39.37225,-75.83986667,1.0,13.47,1.226,31.75,0.18,183.7
2018-07-05T04:00:00Z,BUD,Budds_Landing,39.37225,-75.83986667,1.0,13.04,1.262,31.76,0.18,177.9
2018-07-05T04:15:00Z,BUD,Budds_Landing,39.37225,-75.83986667,1.0,12.62,1.294,31.69,0.18,172.1
2018-07-05T04:30:00Z,BUD,Budds_Landing,39.37225,-75.83986667,1.0,12.34,1.319,31.62,0.18,168.0
2018-07-05T04:45:00Z,BUD,Budds_Landing,39.37225,-75.83986667,1.0,11.66,1.347,31.6,0.19,158.7
2018-07-05T05:00:42Z,BUD,Budds_Landing,39.37225,-75.83986667,1.0,11.64,NaN,31.6,0.19,158.3
2018-07-05T05:15:42Z,BUD,Budds_Landing,39.37225,-75.83986667,1.0,11.01,NaN,31.55,0.19,149.7
2018-07-05T05:30:42Z,BUD,Budds_Landing,39.37225,-75.83986667,1.0,10.21,NaN,31.5,0.19,138.7
2018-07-05T05:45:42Z,BUD,Budds_Landing,39.37225,-75.83986667,1.0,10.41,NaN,31.46,0.19,141.4
2018-07-05T06:00:42Z,BUD,Budds_Landing,39.37225,-75.83986667,1.0,10.21,NaN,31.45,0.2,138.7
2018-07-05T06:15:42Z,BUD,Budds_Landing,39.37225,-75.83986667,1.0,10.17,NaN,31.46,0.2,138.0
2018-07-05T06:30:42Z,BUD,Budds_Landing,39.37225,-75.83986667,1.0,9.92,NaN,31.45,0.2,134.7
2018-07-05T06:45:42Z,BUD,Budds_Landing,39.37225,-75.83986667,1.0,9.08,NaN,31.44,0.2,123.2
2018-07-05T07:00:42Z,BUD,Budds_Landing,39.37225,-75.83986667,1.0,9.03,NaN,31.43,0.2,122.6
2018-07-05T07:15:42Z,BUD,Budds_Landing,39.37225,-75.83986667,1.0,9.67,NaN,31.39,0.2,131.2
2018-07-05T07:30:42Z,BUD,Budds_Landing,39.37225,-75.83986667,1.0,10.01,NaN,31.38,0.2,135.7
2018-07-05T07:45:42Z,BUD,Budds_Landing,39.37225,-75.83986667,1.0,9.99,NaN,31.33,0.2,135.4
2018-07-05T08:00:42Z,BUD,Budds_Landing,39.37225,-75.83986667,1.0,9.85,NaN,31.32,0.2,133.4
2018-07-05T08:15:42Z,BUD,Budds_Landing,39.37225,-75.83986667,1.0,9.81,NaN,31.21,0.2,132.7
2018-07-05T08:30:42Z,BUD,Budds_Landing,39.37225,-75.83986667,1.0,9.81,NaN,31.02,0.19,132.2
2018-07-05T08:45:42Z,BUD,Budds_Landing,39.37225,-75.83986667,1.0,9.6,NaN,31.06,0.19,129.4
2018-07-05T09:00:42Z,BUD,Budds_Landing,39.37225,-75.83986667,1.0,9.46,NaN,31.06,0.2,127.6
2018-07-05T09:15:42Z,BUD,Budds_Landing,39.37225,-75.83986667,1.0,9.28,NaN,31.05,0.2,125.2
2018-07-05T09:30:42Z,BUD,Budds_Landing,39.37225,-75.83986667,1.0,9.21,NaN,30.99,0.2,124.0
2018-07-05T09:45:42Z,BUD,Budds_Landing,39.37225,-75.83986667,1.0,9.14,NaN,31.0,0.2,123.1
2018-07-05T10:00:42Z,BUD,Budds_Landing,39.37225,-75.83986667,1.0,9.19,NaN,30.85,0.19,123.4
2018-07-05T10:15:42Z,BUD,Budds_Landing,39.37225,-75.83986667,1.0,9.59,NaN,30.92,0.19,129.1
2018-07-05T10:30:42Z,BUD,Budds_Landing,39.37225,-75.83986667,1.0,9.23,NaN,30.81,0.19,124.0
2018-07-05T10:45:42Z,BUD,Budds_Landing,39.37225,-75.83986667,1.0,9.46,NaN,30.78,0.18,127.0
2018-07-05T11:00:42Z,BUD,Budds_Landing,39.37225,-75.83986667,1.0,9.43,NaN,30.73,0.18,126.4
2018-07-05T11:15:42Z,BUD,Budds_Landing,39.37225,-75.83986667,1.0,9.52,NaN,30.7,0.18,127.6
2018-07-05T11:30:42Z,BUD,Budds_Landing,39.37225,-75.83986667,1.0,9.3,NaN,30.64,0.18,124.5
2018-07-05T11:45:42Z,BUD,Budds_Landing,39.37225,-75.83986667,1.0,9.72,NaN,30.6,0.18,130.0
2018-07-05T12:00:42Z,BUD,Budds_Landing,39.37225,-75.83986667,1.0,9.87,NaN,30.6,0.17,132.0
2018-07-05T12:15:42Z,BUD,Budds_Landing,39.37225,-75.83986667,1.0,10.07,NaN,30.57,0.17,134.6
2018-07-05T12:30:43Z,BUD,Budds_Landing,39.37225,-75.83986667,1.0,9.78,NaN,30.58,0.18,130.8
2018-07-05T12:45:42Z,BUD,Budds_Landing,39.37225,-75.83986667,1.0,9.28,NaN,30.6,0.18,124.1
2018-07-05T13:00:43Z,BUD,Budds_Landing,39.37225,-75.83986667,1.0,8.69,NaN,30.61,0.18,116.3
2018-07-05T13:15:43Z,BUD,Budds_Landing,39.37225,-75.83986667,1.0,8.69,NaN,30.6,0.18,116.3
2018-07-05T13:30:42Z,BUD,Budds_Landing,39.37225,-75.83986667,1.0,9.4,NaN,30.64,0.18,125.8
2018-07-05T13:45:42Z,BUD,Budds_Landing,39.37225,-75.83986667,1.0,9.38,NaN,30.44,0.17,125.1
2018-07-05T14:00:42Z,BUD,Budds_Landing,39.37225,-75.83986667,1.0,10.45,NaN,30.81,0.18,140.2
2018-07-05T14:15:42Z,BUD,Budds_Landing,39.37225,-75.83986667,1.0,11.0,NaN,31.1,0.19,148.4
2018-07-05T14:30:42Z,BUD,Budds_Landing,39.37225,-75.83986667,1.0,12.17,NaN,31.23,0.19,164.6
2018-07-05T14:45:42Z,BUD,Budds_Landing,39.37225,-75.83986667,1.0,12.9,NaN,31.34,0.18,174.7
2018-07-05T15:00:42Z,BUD,Budds_Landing,39.37225,-75.83986667,1.0,13.89,NaN,31.52,0.18,188.7
2018-07-05T15:15:42Z,BUD,Budds_Landing,39.37225,-75.83986667,1.0,14.05,NaN,31.6,0.19,191.2
2018-07-05T15:30:42Z,BUD,Budds_Landing,39.37225,-75.83986667,1.0,14.37,NaN,31.73,0.19,196.0
2018-07-05T15:45:42Z,BUD,Budds_Landing,39.37225,-75.83986667,1.0,13.98,NaN,31.93,0.19,191.4
2018-07-05T16:00:42Z,BUD,Budds_Landing,39.37225,-75.83986667,1.0,14.14,NaN,32.04,0.19,193.9
2018-07-05T16:15:42Z,BUD,Budds_Landing,39.37225,-75.83986667,1.0,14.04,NaN,32.07,0.19,192.6
2018-07-05T16:30:42Z,BUD,Budds_Landing,39.37225,-75.83986667,1.0,14.01,NaN,32.12,0.2,192.4
2018-07-05T16:45:41Z,BUD,Budds_Landing,39.37225,-75.83986667,1.0,14.79,NaN,32.55,0.2,204.6
2018-07-05T17:00:42Z,BUD,Budds_Landing,39.37225,-75.83986667,1.0,14.83,NaN,32.62,0.2,205.4
2018-07-05T17:15:41Z,BUD,Budds_Landing,39.37225,-75.83986667,1.0,15.26,NaN,32.77,0.2,211.8
2018-07-05T05:00:00Z,BUD,Budds_Landing,39.37225,-75.83986667,1.0,11.08,1.372,31.53,0.19,150.6
2018-07-05T05:15:00Z,BUD,Budds_Landing,39.37225,-75.83986667,1.0,10.88,1.397,31.52,0.19,147.8
2018-07-05T05:30:00Z,BUD,Budds_Landing,39.37225,-75.83986667,1.0,10.49,1.422,31.48,0.19,142.5
2018-07-05T05:45:00Z,BUD,Budds_Landing,39.37225,-75.83986667,1.0,10.44,1.448,31.47,0.2,141.8
2018-07-05T06:00:00Z,BUD,Budds_Landing,39.37225,-75.83986667,1.0,10.26,1.478,31.47,0.2,139.4
2018-07-05T06:15:00Z,BUD,Budds_Landing,39.37225,-75.83986667,1.0,9.75,1.507,31.45,0.2,132.3
2018-07-05T06:30:00Z,BUD,Budds_Landing,39.37225,-75.83986667,1.0,9.55,1.53,31.45,0.2,129.7
2018-07-05T06:45:00Z,BUD,Budds_Landing,39.37225,-75.83986667,1.0,9.35,1.545,31.44,0.2,126.9
2018-07-05T07:00:00Z,BUD,Budds_Landing,39.37225,-75.83986667,1.0,9.5,1.557,31.4,0.2,128.9
2018-07-05T07:15:00Z,BUD,Budds_Landing,39.37225,-75.83986667,1.0,9.82,1.559,31.4,0.2,133.2
2018-07-05T07:30:00Z,BUD,Budds_Landing,39.37225,-75.83986667,1.0,10.05,1.552,31.35,0.2,136.2
2018-07-05T07:45:00Z,BUD,Budds_Landing,39.37225,-75.83986667,1.0,9.92,1.539,31.25,0.2,134.2
2018-07-05T08:00:00Z,BUD,Budds_Landing,39.37225,-75.83986667,1.0,9.78,1.517,31.32,0.2,132.5
2018-07-05T08:15:00Z,BUD,Budds_Landing,39.37225,-75.83986667,1.0,9.96,1.488,31.08,0.19,134.4
2018-07-05T08:30:00Z,BUD,Budds_Landing,39.37225,-75.83986667,1.0,9.71,1.458,31.08,0.19,130.9
2018-07-05T08:45:00Z,BUD,Budds_Landing,39.37225,-75.83986667,1.0,9.55,1.427,31.04,0.19,128.7
2018-07-05T09:00:00Z,BUD,Budds_Landing,39.37225,-75.83986667,1.0,9.35,1.395,31.06,0.2,126.1
2018-07-05T09:15:00Z,BUD,Budds_Landing,39.37225,-75.83986667,1.0,9.24,1.365,31.04,0.2,124.6
2018-07-05T09:30:00Z,BUD,Budds_Landing,39.37225,-75.83986667,1.0,9.22,1.338,30.98,0.2,124.2
2018-07-05T09:45:00Z,BUD,Budds_Landing,39.37225,-75.83986667,1.0,9.2,1.314,30.93,0.19,123.8
2018-07-05T10:00:00Z,BUD,Budds_Landing,39.37225,-75.83986667,1.0,9.28,1.288,30.84,0.19,124.7
2018-07-05T10:15:00Z,BUD,Budds_Landing,39.37225,-75.83986667,1.0,9.01,1.264,30.81,0.19,121.0
2018-07-05T10:30:00Z,BUD,Budds_Landing,39.37225,-75.83986667,1.0,9.42,1.242,30.81,0.18,126.5
2018-07-05T10:45:00Z,BUD,Budds_Landing,39.37225,-75.83986667,1.0,9.11,1.216,30.75,0.19,122.2
2018-07-05T11:00:00Z,BUD,Budds_Landing,39.37225,-75.83986667,1.0,9.2,1.19,30.73,0.19,123.4
2018-07-05T11:15:00Z,BUD,Budds_Landing,39.37225,-75.83986667,1.0,9.36,1.163,30.64,0.18,125.3
2018-07-05T11:30:00Z,BUD,Budds_Landing,39.37225,-75.83986667,1.0,9.5,1.131,30.62,0.18,127.2
2018-07-05T11:45:00Z,BUD,Budds_Landing,39.37225,-75.83986667,1.0,9.85,1.102,30.59,0.17,131.8
2018-07-05T12:00:00Z,BUD,Budds_Landing,39.37225,-75.83986667,1.0,9.92,1.075,30.59,0.18,132.8
2018-07-05T12:15:00Z,BUD,Budds_Landing,39.37225,-75.83986667,1.0,9.52,1.05,30.58,0.18,127.4
2018-07-05T12:30:00Z,BUD,Budds_Landing,39.37225,-75.83986667,1.0,9.47,1.032,30.59,0.18,126.6
2018-07-05T12:45:00Z,BUD,Budds_Landing,39.37225,-75.83986667,1.0,8.37,1.017,30.6,0.18,112.0
2018-07-05T13:00:00Z,BUD,Budds_Landing,39.37225,-75.83986667,1.0,9.05,1.014,30.62,0.18,121.1
2018-07-05T13:15:00Z,BUD,Budds_Landing,39.37225,-75.83986667,1.0,8.78,1.016,30.61,0.18,117.5
2018-07-05T13:30:00Z,BUD,Budds_Landing,39.37225,-75.83986667,1.0,9.3,1.03,30.52,0.18,124.2
2018-07-05T13:45:00Z,BUD,Budds_Landing,39.37225,-75.83986667,1.0,9.33,1.052,30.56,0.17,124.8
2018-07-05T14:00:00Z,BUD,Budds_Landing,39.37225,-75.83986667,1.0,10.69,1.085,31.0,0.19,144.0
2018-07-05T14:15:00Z,BUD,Budds_Landing,39.37225,-75.83986667,1.0,11.68,1.122,31.2,0.19,157.8
2018-07-05T14:30:00Z,BUD,Budds_Landing,39.37225,-75.83986667,1.0,12.71,1.16,31.28,0.19,172.1
2018-07-05T14:45:00Z,BUD,Budds_Landing,39.37225,-75.83986667,1.0,13.2,1.2,31.38,0.19,179.0
2018-07-05T15:00:00Z,BUD,Budds_Landing,39.37225,-75.83986667,1.0,14.16,1.235,31.63,0.19,192.8
2018-07-05T15:15:00Z,BUD,Budds_Landing,39.37225,-75.83986667,1.0,14.04,1.268,31.65,0.19,191.2
2018-07-05T15:30:00Z,BUD,Budds_Landing,39.37225,-75.83986667,1.0,14.27,1.291,31.84,0.19,195.0
2018-07-05T15:45:00Z,BUD,Budds_Landing,39.37225,-75.83986667,1.0,13.88,1.312,31.96,0.19,190.1
2018-07-05T16:00:00Z,BUD,Budds_Landing,39.37225,-75.83986667,1.0,13.99,1.311,32.05,0.19,191.8
2018-07-05T16:15:00Z,BUD,Budds_Landing,39.37225,-75.83986667,1.0,14.01,1.312,32.11,0.19,192.3
2018-07-05T16:30:00Z,BUD,Budds_Landing,39.37225,-75.83986667,1.0,14.27,1.328,32.42,0.2,197.0
2018-07-05T16:45:00Z,BUD,Budds_Landing,39.37225,-75.83986667,1.0,14.88,0.976,32.62,0.2,206.0
2018-07-05T17:00:00Z,BUD,Budds_Landing,39.37225,-75.83986667,1.0,14.96,0.999,32.63,0.2,207.2
2018-07-05T17:15:00Z,BUD,Budds_Landing,39.37225,-75.83986667,1.0,15.3,0.918,32.71,0.21,212.2
2018-07-05T17:30:00Z,BUD,Budds_Landing,39.37225,-75.83986667,1.0,15.4,NaN,32.62,0.21,213.2
2018-07-05T17:45:00Z,BUD,Budds_Landing,39.37225,-75.83986667,1.0,15.31,NaN,32.63,0.22,212.1
2018-07-05T18:00:00Z,BUD,Budds_Landing,39.37225,-75.83986667,1.0,15.17,NaN,32.61,0.21,210.0
2018-07-05T18:15:00Z,BUD,Budds_Landing,39.37225,-75.83986667,1.0,15.56,NaN,32.84,0.21,216.2
2018-07-05T18:30:00Z,BUD,Budds_Landing,39.37225,-75.83986667,1.0,15.67,NaN,32.9,0.22,218.0
2018-07-05T18:45:00Z,BUD,Budds_Landing,39.37225,-75.83986667,1.0,15.64,NaN,33.0,0.22,218.0
2018-07-05T19:00:00Z,BUD,Budds_Landing,39.37225,-75.83986667,1.0,14.07,NaN,32.69,0.21,195.1
2018-07-05T19:15:00Z,BUD,Budds_Landing,39.37225,-75.83986667,1.0,13.46,NaN,32.27,0.21,185.4
2018-07-05T19:30:00Z,BUD,Budds_Landing,39.37225,-75.83986667,1.0,13.99,NaN,32.45,0.21,193.2
2018-07-05T19:45:00Z,BUD,Budds_Landing,39.37225,-75.83986667,1.0,15.18,NaN,32.62,0.21,210.1
2018-07-05T20:00:00Z,BUD,Budds_Landing,39.37225,-75.83986667,1.0,15.07,NaN,32.44,0.21,208.0
2018-07-05T20:15:00Z,BUD,Budds_Landing,39.37225,-75.83986667,1.0,13.6,NaN,31.88,0.2,185.9
2018-07-05T20:30:00Z,BUD,Budds_Landing,39.37225,-75.83986667,1.0,13.78,NaN,32.16,0.2,189.3
2018-07-05T20:45:00Z,BUD,Budds_Landing,39.37225,-75.83986667,1.0,16.28,NaN,32.84,0.2,226.3
2018-07-05T21:00:00Z,BUD,Budds_Landing,39.37225,-75.83986667,1.0,17.76,NaN,33.21,0.21,248.4
2018-07-05T21:15:00Z,BUD,Budds_Landing,39.37225,-75.83986667,1.0,17.48,NaN,33.11,0.21,244.0
2018-07-05T21:30:00Z,BUD,Budds_Landing,39.37225,-75.83986667,1.0,17.14,NaN,33.13,0.21,239.4
2018-07-05T21:45:00Z,BUD,Budds_Landing,39.37225,-75.83986667,1.0,14.74,NaN,32.56,0.21,203.9
2018-07-05T22:00:00Z,BUD,Budds_Landing,39.37225,-75.83986667,1.0,15.12,NaN,32.53,0.2,209.0
2018-07-05T22:15:00Z,BUD,Budds_Landing,39.37225,-75.83986667,1.0,13.13,NaN,32.05,0.2,180.1
2018-07-05T22:30:00Z,BUD,Budds_Landing,39.37225,-75.83986667,1.0,13.54,NaN,32.07,0.2,185.7
2018-07-05T22:45:00Z,BUD,Budds_Landing,39.37225,-75.83986667,1.0,13.48,NaN,32.0,0.2,184.7
2018-07-05T23:00:00Z,BUD,Budds_Landing,39.37225,-75.83986667,1.0,15.17,NaN,32.25,0.19,208.8
2018-07-05T23:15:00Z,BUD,Budds_Landing,39.37225,-75.83986667,1.0,15.91,NaN,32.27,0.18,219.0
2018-07-05T23:30:00Z,BUD,Budds_Landing,39.37225,-75.83986667,1.0,15.87,NaN,32.14,0.18,218.0
2018-07-05T23:45:00Z,BUD,Budds_Landing,39.37225,-75.83986667,1.0,16.0,NaN,32.28,0.18,220.2
2018-07-06T00:00:00Z,BUD,Budds_Landing,39.37225,-75.83986667,1.0,14.97,NaN,32.51,0.2,206.9
2018-07-06T00:15:00Z,BUD,Budds_Landing,39.37225,-75.83986667,1.0,16.38,NaN,32.57,0.19,226.6
2018-07-06T00:30:00Z,BUD,Budds_Landing,39.37225,-75.83986667,1.0,16.65,NaN,32.35,0.17,229.4
2018-07-06T00:45:00Z,BUD,Budds_Landing,39.37225,-75.83986667,1.0,16.15,NaN,32.29,0.17,222.4
2018-07-06T01:00:00Z,BUD,Budds_Landing,39.37225,-75.83986667,1.0,16.03,NaN,32.33,0.17,220.8
2018-07-06T01:15:00Z,BUD,Budds_Landing,39.37225,-75.83986667,1.0,16.47,NaN,32.39,0.18,227.2
2018-07-06T01:30:00Z,BUD,Budds_Landing,39.37225,-75.83986667,1.0,16.23,NaN,32.42,0.19,223.9
2018-07-06T01:45:00Z,BUD,Budds_Landing,39.37225,-75.83986667,1.0,15.85,NaN,32.37,0.19,218.5
2018-07-06T02:00:00Z,BUD,Budds_Landing,39.37225,-75.83986667,1.0,15.26,NaN,32.45,0.2,210.7
2018-07-06T02:15:00Z,BUD,Budds_Landing,39.37225,-75.83986667,1.0,16.05,NaN,32.45,0.2,221.5
2018-07-06T02:30:00Z,BUD,Budds_Landing,39.37225,-75.83986667,1.0,16.0,NaN,32.39,0.2,220.7
2018-07-06T02:45:00Z,BUD,Budds_Landing,39.37225,-75.83986667,1.0,16.23,NaN,32.2,0.2,223.1
2018-07-06T03:00:00Z,BUD,Budds_Landing,39.37225,-75.83986667,1.0,15.58,NaN,32.09,0.19,213.8
2018-07-06T03:15:00Z,BUD,Budds_Landing,39.37225,-75.83986667,1.0,15.66,NaN,32.03,0.2,214.7
2018-07-06T03:30:00Z,BUD,Budds_Landing,39.37225,-75.83986667,1.0,16.09,NaN,31.91,0.18,220.1
2018-07-06T03:45:00Z,BUD,Budds_Landing,39.37225,-75.83986667,1.0,15.98,NaN,31.82,0.18,218.2
2018-07-06T04:00:00Z,BUD,Budds_Landing,39.37225,-75.83986667,1.0,15.91,NaN,31.74,0.19,217.0
2018-07-06T04:15:00Z,BUD,Budds_Landing,39.37225,-75.83986667,1.0,15.67,NaN,31.7,0.19,213.6
2018-07-06T04:30:00Z,BUD,Budds_Landing,39.37225,-75.83986667,1.0,15.34,NaN,31.65,0.19,208.9
2018-07-06T04:45:00Z,BUD,Budds_Landing,39.37225,-75.83986667,1.0,14.36,NaN,31.73,0.19,195.9
2018-07-06T05:00:00Z,BUD,Budds_Landing,39.37225,-75.83986667,1.0,13.96,NaN,31.73,0.19,190.5
2018-07-06T05:15:00Z,BUD,Budds_Landing,39.37225,-75.83986667,1.0,13.5,NaN,31.68,0.2,184.0
2018-07-06T05:30:00Z,BUD,Budds_Landing,39.37225,-75.83986667,1.0,12.82,NaN,31.62,0.2,174.6
2018-07-06T05:45:00Z,BUD,Budds_Landing,39.37225,-75.83986667,1.0,12.07,NaN,31.59,0.2,164.2
2018-07-06T06:00:00Z,BUD,Budds_Landing,39.37225,-75.83986667,1.0,11.73,NaN,31.52,0.21,159.5
2018-07-06T06:15:00Z,BUD,Budds_Landing,39.37225,-75.83986667,1.0,11.29,NaN,31.44,0.21,153.3
2018-07-06T06:30:00Z,BUD,Budds_Landing,39.37225,-75.83986667,1.0,10.73,NaN,31.42,0.21,145.6
2018-07-06T06:45:00Z,BUD,Budds_Landing,39.37225,-75.83986667,1.0,10.46,NaN,31.38,0.21,141.8
2018-07-06T07:00:00Z,BUD,Budds_Landing,39.37225,-75.83986667,1.0,10.22,NaN,31.34,0.21,138.5
2018-07-06T07:15:00Z,BUD,Budds_Landing,39.37225,-75.83986667,1.0,10.2,NaN,31.34,0.21,138.2
2018-07-06T07:30:00Z,BUD,Budds_Landing,39.37225,-75.83986667,1.0,9.97,NaN,31.35,0.21,135.2
2018-07-06T07:45:00Z,BUD,Budds_Landing,39.37225,-75.83986667,1.0,9.82,NaN,31.35,0.21,133.1
2018-07-06T08:00:00Z,BUD,Budds_Landing,39.37225,-75.83986667,1.0,9.67,NaN,31.34,0.21,131.0
2018-07-06T08:15:00Z,BUD,Budds_Landing,39.37225,-75.83986667,1.0,9.73,NaN,31.3,0.21,131.7
2018-07-06T08:30:00Z,BUD,Budds_Landing,39.37225,-75.83986667,1.0,9.84,NaN,31.22,0.21,133.1
2018-07-06T08:45:00Z,BUD,Budds_Landing,39.37225,-75.83986667,1.0,9.68,NaN,31.22,0.21,130.8
2018-07-06T09:00:00Z,BUD,Budds_Landing,39.37225,-75.83986667,1.0,9.65,NaN,31.16,0.21,130.4
2018-07-06T09:15:00Z,BUD,Budds_Landing,39.37225,-75.83986667,1.0,10.24,NaN,31.02,0.2,138.0
2018-07-06T09:30:00Z,BUD,Budds_Landing,39.37225,-75.83986667,1.0,10.0,NaN,30.95,0.2,134.6
2018-07-06T09:45:00Z,BUD,Budds_Landing,39.37225,-75.83986667,1.0,9.94,NaN,30.91,0.2,133.8
2018-07-06T10:00:00Z,BUD,Budds_Landing,39.37225,-75.83986667,1.0,9.57,NaN,30.93,0.21,128.7
2018-07-06T10:15:00Z,BUD,Budds_Landing,39.37225,-75.83986667,1.0,9.38,NaN,31.0,0.21,126.4
2018-07-06T10:30:00Z,BUD,Budds_Landing,39.37225,-75.83986667,1.0,9.25,NaN,30.99,0.21,124.6
2018-07-06T10:45:00Z,BUD,Budds_Landing,39.37225,-75.83986667,1.0,9.19,NaN,30.96,0.21,123.7
2018-07-06T11:00:00Z,BUD,Budds_Landing,39.37225,-75.83986667,1.0,9.17,NaN,30.94,0.21,123.4
2018-07-06T11:15:00Z,BUD,Budds_Landing,39.37225,-75.83986667,1.0,9.05,NaN,30.9,0.21,121.7
2018-07-06T11:30:00Z,BUD,Budds_Landing,39.37225,-75.83986667,1.0,9.06,NaN,30.81,0.21,121.6
2018-07-06T11:45:00Z,BUD,Budds_Landing,39.37225,-75.83986667,1.0,9.83,NaN,30.86,0.2,132.1
2018-07-06T12:00:00Z,BUD,Budds_Landing,39.37225,-75.83986667,1.0,9.81,NaN,30.83,0.2,131.8
2018-07-06T12:15:00Z,BUD,Budds_Landing,39.37225,-75.83986667,1.0,9.52,NaN,30.74,0.2,127.7
2018-07-06T12:30:00Z,BUD,Budds_Landing,39.37225,-75.83986667,1.0,10.28,NaN,30.77,0.2,137.9
2018-07-06T12:45:00Z,BUD,Budds_Landing,39.37225,-75.83986667,1.0,10.64,NaN,30.77,0.19,142.8
2018-07-06T13:00:00Z,BUD,Budds_Landing,39.37225,-75.83986667,1.0,11.17,NaN,30.77,0.19,149.9
2018-07-06T13:15:00Z,BUD,Budds_Landing,39.37225,-75.83986667,1.0,11.22,NaN,30.75,0.2,150.5
2018-07-06T13:30:00Z,BUD,Budds_Landing,39.37225,-75.83986667,1.0,11.47,NaN,30.78,0.19,153.9
2018-07-06T13:45:00Z,BUD,Budds_Landing,39.37225,-75.83986667,1.0,11.09,NaN,30.76,0.19,148.8
2018-07-06T14:00:00Z,BUD,Budds_Landing,39.37225,-75.83986667,1.0,11.03,NaN,30.78,0.2,148.1
2018-07-06T14:15:00Z,BUD,Budds_Landing,39.37225,-75.83986667,1.0,10.95,NaN,30.82,0.2,147.1
2018-07-06T14:30:00Z,BUD,Budds_Landing,39.37225,-75.83986667,1.0,10.68,NaN,30.79,0.2,143.4
2018-07-06T14:45:00Z,BUD,Budds_Landing,39.37225,-75.83986667,1.0,11.1,NaN,30.84,0.19,149.1
2018-07-06T15:00:00Z,BUD,Budds_Landing,39.37225,-75.83986667,1.0,11.07,NaN,30.83,0.19,148.6
2018-07-06T15:15:00Z,BUD,Budds_Landing,39.37225,-75.83986667,1.0,11.36,NaN,30.85,0.19,152.7
2018-07-06T15:30:00Z,BUD,Budds_Landing,39.37225,-75.83986667,1.0,11.11,NaN,30.82,0.19,149.2
2018-07-06T15:45:00Z,BUD,Budds_Landing,39.37225,-75.83986667,1.0,11.61,NaN,30.86,0.19,156.0
2018-07-06T16:00:00Z,BUD,Budds_Landing,39.37225,-75.83986667,1.0,11.65,NaN,30.92,0.2,156.7
2018-07-06T16:15:00Z,BUD,Budds_Landing,39.37225,-75.83986667,1.0,11.76,NaN,30.93,0.2,158.2
2018-07-06T16:30:00Z,BUD,Budds_Landing,39.37225,-75.83986667,1.0,12.17,NaN,30.93,0.2,163.7
2018-07-06T16:45:00Z,BUD,Budds_Landing,39.37225,-75.83986667,1.0,12.46,NaN,31.0,0.2,167.8
2018-07-06T17:00:00Z,BUD,Budds_Landing,39.37225,-75.83986667,1.0,12.61,NaN,31.07,0.2,170.1
2018-07-06T17:15:00Z,BUD,Budds_Landing,39.37225,-75.83986667,1.0,12.65,NaN,31.1,0.21,170.7
2018-07-06T17:30:00Z,BUD,Budds_Landing,39.37225,-75.83986667,1.0,12.63,NaN,31.12,0.2,170.5
2018-07-06T17:45:00Z,BUD,Budds_Landing,39.37225,-75.83986667,1.0,11.72,NaN,31.02,0.2,158.0
2018-07-06T18:00:00Z,BUD,Budds_Landing,39.37225,-75.83986667,1.0,12.41,NaN,31.22,0.2,167.9
2018-07-06T18:15:00Z,BUD,Budds_Landing,39.37225,-75.83986667,1.0,13.15,NaN,31.28,0.21,178.1
2018-07-06T18:30:00Z,BUD,Budds_Landing,39.37225,-75.83986667,1.0,12.83,NaN,31.22,0.21,173.5
2018-07-06T18:45:00Z,BUD,Budds_Landing,39.37225,-75.83986667,1.0,12.73,NaN,31.3,0.21,172.3
2018-07-06T19:00:00Z,BUD,Budds_Landing,39.37225,-75.83986667,1.0,13.67,NaN,31.34,0.21,185.3
2018-07-06T19:15:00Z,BUD,Budds_Landing,39.37225,-75.83986667,1.0,13.84,NaN,31.37,0.21,187.6
2018-07-06T19:30:00Z,BUD,Budds_Landing,39.37225,-75.83986667,1.0,13.47,NaN,31.35,0.21,182.6
2018-07-06T19:45:00Z,BUD,Budds_Landing,39.37225,-75.83986667,1.0,12.91,NaN,31.33,0.21,174.9
2018-07-06T20:00:00Z,BUD,Budds_Landing,39.37225,-75.83986667,1.0,13.78,NaN,31.37,0.21,186.9
2018-07-06T20:15:00Z,BUD,Budds_Landing,39.37225,-75.83986667,1.0,12.71,NaN,31.26,0.21,172.0
2018-07-06T20:30:00Z,BUD,Budds_Landing,39.37225,-75.83986667,1.0,11.32,NaN,31.01,0.2,152.5
2018-07-06T20:45:00Z,BUD,Budds_Landing,39.37225,-75.83986667,1.0,10.64,NaN,30.91,0.19,143.1
2018-07-06T21:00:00Z,BUD,Budds_Landing,39.37225,-75.83986667,1.0,12.54,NaN,31.06,0.19,169.1
2018-07-06T21:15:00Z,BUD,Budds_Landing,39.37225,-75.83986667,1.0,12.17,NaN,31.09,0.19,164.2
2018-07-06T21:30:00Z,BUD,Budds_Landing,39.37225,-75.83986667,1.0,13.06,NaN,31.12,0.19,176.3
2018-07-06T21:45:00Z,BUD,Budds_Landing,39.37225,-75.83986667,1.0,13.56,NaN,31.16,0.19,183.1
2018-07-06T22:00:00Z,BUD,Budds_Landing,39.37225,-75.83986667,1.0,16.24,NaN,31.36,0.19,220.1
2018-07-06T22:15:00Z,BUD,Budds_Landing,39.37225,-75.83986667,1.0,15.99,NaN,31.3,0.2,216.5
2018-07-06T22:30:00Z,BUD,Budds_Landing,39.37225,-75.83986667,1.0,15.39,NaN,31.21,0.19,208.1
2018-07-06T22:45:00Z,BUD,Budds_Landing,39.37225,-75.83986667,1.0,14.78,NaN,31.13,0.19,199.6
2018-07-06T23:00:00Z,BUD,Budds_Landing,39.37225,-75.83986667,1.0,14.53,NaN,31.1,0.19,196.0
2018-07-06T23:15:00Z,BUD,Budds_Landing,39.37225,-75.83986667,1.0,14.62,NaN,31.1,0.19,197.3
2018-07-06T23:30:00Z,BUD,Budds_Landing,39.37225,-75.83986667,1.0,14.65,NaN,31.11,0.19,197.8
2018-07-06T23:45:00Z,BUD,Budds_Landing,39.37225,-75.83986667,1.0,14.98,NaN,31.02,0.18,201.8
2018-07-07T00:00:00Z,BUD,Budds_Landing,39.37225,-75.83986667,1.0,15.91,NaN,30.92,0.18,214.1
2018-07-07T00:15:00Z,BUD,Budds_Landing,39.37225,-75.83986667,1.0,15.86,NaN,30.91,0.18,213.3
2018-07-07T00:30:00Z,BUD,Budds_Landing,39.37225,-75.83986667,1.0,15.18,NaN,30.89,0.18,204.1
2018-07-07T00:45:00Z,BUD,Budds_Landing,39.37225,-75.83986667,1.0,15.4,NaN,30.85,0.18,206.9
2018-07-07T01:00:00Z,BUD,Budds_Landing,39.37225,-75.83986667,1.0,15.56,NaN,30.82,0.18,208.9
2018-07-07T01:15:00Z,BUD,Budds_Landing,39.37225,-75.83986667,1.0,15.33,NaN,30.75,0.18,205.6
2018-07-07T01:30:00Z,BUD,Budds_Landing,39.37225,-75.83986667,1.0,15.62,NaN,30.6,0.17,208.9
2018-07-07T01:45:00Z,BUD,Budds_Landing,39.37225,-75.83986667,1.0,15.41,NaN,30.57,0.17,206.0
2018-07-07T02:00:00Z,BUD,Budds_Landing,39.37225,-75.83986667,1.0,15.48,NaN,30.5,0.17,206.7
2018-07-07T02:15:00Z,BUD,Budds_Landing,39.37225,-75.83986667,1.0,15.31,NaN,30.41,0.16,204.1
2018-07-07T02:30:00Z,BUD,Budds_Landing,39.37225,-75.83986667,1.0,14.91,NaN,30.33,0.16,198.5
2018-07-07T02:45:00Z,BUD,Budds_Landing,39.37225,-75.83986667,1.0,14.67,NaN,30.37,0.17,195.6
2018-07-07T03:00:00Z,BUD,Budds_Landing,39.37225,-75.83986667,1.0,14.83,NaN,30.34,0.17,197.5
2018-07-07T03:15:00Z,BUD,Budds_Landing,39.37225,-75.83986667,1.0,15.2,NaN,30.22,0.16,202.1
2018-07-07T03:30:00Z,BUD,Budds_Landing,39.37225,-75.83986667,1.0,13.85,NaN,30.21,0.18,184.0
2018-07-07T03:45:00Z,BUD,Budds_Landing,39.37225,-75.83986667,1.0,14.88,NaN,30.16,0.17,197.6
2018-07-07T04:00:00Z,BUD,Budds_Landing,39.37225,-75.83986667,1.0,14.5,NaN,30.14,0.17,192.5
2018-07-07T04:15:00Z,BUD,Budds_Landing,39.37225,-75.83986667,1.0,15.02,NaN,29.96,0.17,198.7
2018-07-07T04:30:00Z,BUD,Budds_Landing,39.37225,-75.83986667,1.0,14.67,NaN,29.88,0.17,193.9
2018-07-07T04:45:00Z,BUD,Budds_Landing,39.37225,-75.83986667,1.0,14.69,NaN,29.78,0.17,193.7
2018-07-07T05:00:00Z,BUD,Budds_Landing,39.37225,-75.83986667,1.0,13.22,NaN,29.67,0.17,174.0
2018-07-07T05:15:00Z,BUD,Budds_Landing,39.37225,-75.83986667,1.0,12.62,NaN,29.57,0.18,165.8
2018-07-07T05:30:00Z,BUD,Budds_Landing,39.37225,-75.83986667,1.0,12.86,NaN,29.5,0.18,168.8
2018-07-07T05:45:00Z,BUD,Budds_Landing,39.37225,-75.83986667,1.0,11.91,NaN,29.43,0.18,156.2
2018-07-07T06:00:00Z,BUD,Budds_Landing,39.37225,-75.83986667,1.0,11.35,NaN,29.38,0.18,148.7
2018-07-07T06:15:00Z,BUD,Budds_Landing,39.37225,-75.83986667,1.0,10.96,NaN,29.24,0.19,143.2
2018-07-07T06:30:00Z,BUD,Budds_Landing,39.37225,-75.83986667,1.0,10.8,NaN,29.21,0.19,141.1
2018-07-07T06:45:00Z,BUD,Budds_Landing,39.37225,-75.83986667,1.0,10.68,NaN,29.21,0.19,139.5
2018-07-07T07:00:00Z,BUD,Budds_Landing,39.37225,-75.83986667,1.0,10.82,NaN,29.21,0.19,141.4
2018-07-07T07:15:00Z,BUD,Budds_Landing,39.37225,-75.83986667,1.0,10.54,NaN,29.24,0.19,137.8
2018-07-07T07:30:00Z,BUD,Budds_Landing,39.37225,-75.83986667,1.0,10.44,NaN,29.21,0.19,136.4
2018-07-07T07:45:00Z,BUD,Budds_Landing,39.37225,-75.83986667,1.0,10.62,NaN,29.18,0.19,138.7
2018-07-07T08:00:00Z,BUD,Budds_Landing,39.37225,-75.83986667,1.0,10.84,NaN,29.14,0.19,141.4
2018-07-07T08:15:00Z,BUD,Budds_Landing,39.37225,-75.83986667,1.0,10.71,NaN,29.12,0.19,139.7
2018-07-07T08:30:00Z,BUD,Budds_Landing,39.37225,-75.83986667,1.0,10.07,NaN,28.98,0.19,130.9
2018-07-07T08:45:00Z,BUD,Budds_Landing,39.37225,-75.83986667,1.0,10.08,NaN,28.84,0.19,130.8
2018-07-07T09:00:00Z,BUD,Budds_Landing,39.37225,-75.83986667,1.0,9.6,NaN,28.77,0.19,124.4
2018-07-07T09:15:00Z,BUD,Budds_Landing,39.37225,-75.83986667,1.0,9.88,NaN,28.35,0.18,127.2
2018-07-07T09:30:00Z,BUD,Budds_Landing,39.37225,-75.83986667,1.0,9.33,NaN,28.28,0.19,119.9
2018-07-07T09:45:00Z,BUD,Budds_Landing,39.37225,-75.83986667,1.0,9.37,NaN,28.23,0.18,120.3
2018-07-07T10:00:00Z,BUD,Budds_Landing,39.37225,-75.83986667,1.0,9.27,NaN,28.15,0.18,118.8
2018-07-07T10:15:00Z,BUD,Budds_Landing,39.37225,-75.83986667,1.0,9.16,NaN,28.17,0.18,117.5
2018-07-07T10:30:00Z,BUD,Budds_Landing,39.37225,-75.83986667,1.0,9.03,NaN,28.11,0.18,115.7
2018-07-07T10:45:00Z,BUD,Budds_Landing,39.37225,-75.83986667,1.0,9.49,NaN,27.96,0.18,121.2
2018-07-07T11:00:00Z,BUD,Budds_Landing,39.37225,-75.83986667,1.0,9.85,NaN,27.37,0.17,124.6
2018-07-07T11:15:00Z,BUD,Budds_Landing,39.37225,-75.83986667,1.0,9.54,NaN,27.1,0.16,120.0
2018-07-07T11:30:00Z,BUD,Budds_Landing,39.37225,-75.83986667,1.0,9.37,NaN,26.97,0.16,117.6
2018-07-07T11:45:00Z,BUD,Budds_Landing,39.37225,-75.83986667,1.0,9.35,NaN,26.73,0.16,116.8
2018-07-07T12:00:00Z,BUD,Budds_Landing,39.37225,-75.83986667,1.0,9.24,NaN,26.55,0.15,115.1
2018-07-07T12:15:00Z,BUD,Budds_Landing,39.37225,-75.83986667,1.0,9.3,NaN,26.41,0.15,115.6
2018-07-07T12:30:00Z,BUD,Budds_Landing,39.37225,-75.83986667,1.0,9.25,NaN,26.42,0.16,115.0
2018-07-07T12:45:00Z,BUD,Budds_Landing,39.37225,-75.83986667,1.0,9.11,NaN,26.45,0.16,113.3
2018-07-07T13:00:00Z,BUD,Budds_Landing,39.37225,-75.83986667,1.0,9.81,NaN,25.85,0.15,120.7
2018-07-07T13:15:00Z,BUD,Budds_Landing,39.37225,-75.83986667,1.0,10.68,NaN,25.6,0.16,130.8
2018-07-07T13:30:00Z,BUD,Budds_Landing,39.37225,-75.83986667,1.0,10.44,NaN,25.4,0.15,127.4
2018-07-07T13:45:00Z,BUD,Budds_Landing,39.37225,-75.83986667,1.0,10.03,NaN,24.93,0.15,121.3
2018-07-07T14:00:00Z,BUD,Budds_Landing,39.37225,-75.83986667,1.0,9.91,NaN,25.31,0.15,120.7
2018-07-07T14:15:00Z,BUD,Budds_Landing,39.37225,-75.83986667,1.0,9.94,NaN,25.19,0.15,120.8
2018-07-07T14:30:00Z,BUD,Budds_Landing,39.37225,-75.83986667,1.0,10.01,NaN,25.02,0.15,121.3
2018-07-07T14:45:00Z,BUD,Budds_Landing,39.37225,-75.83986667,1.0,10.1,NaN,24.91,0.15,122.2
2018-07-07T15:00:00Z,BUD,Budds_Landing,39.37225,-75.83986667,1.0,10.05,NaN,24.85,0.14,121.3
2018-07-07T15:15:00Z,BUD,Budds_Landing,39.37225,-75.83986667,1.0,9.82,NaN,24.86,0.14,118.7
2018-07-07T15:30:00Z,BUD,Budds_Landing,39.37225,-75.83986667,1.0,10.69,NaN,24.84,0.14,129.1
2018-07-07T15:45:00Z,BUD,Budds_Landing,39.37225,-75.83986667,1.0,10.57,NaN,24.66,0.13,127.2
2018-07-07T16:00:00Z,BUD,Budds_Landing,39.37225,-75.83986667,1.0,11.54,NaN,25.08,0.14,140.0
2018-07-07T16:15:00Z,BUD,Budds_Landing,39.37225,-75.83986667,1.0,12.58,NaN,25.69,0.14,154.3
2018-07-07T16:30:00Z,BUD,Budds_Landing,39.37225,-75.83986667,1.0,13.2,NaN,25.92,0.14,162.6
2018-07-07T16:45:00Z,BUD,Budds_Landing,39.37225,-75.83986667,1.0,14.3,NaN,26.3,0.15,177.4
2018-07-07T17:00:00Z,BUD,Budds_Landing,39.37225,-75.83986667,1.0,15.64,NaN,27.16,0.17,197.0
2018-07-07T17:15:00Z,BUD,Budds_Landing,39.37225,-75.83986667,1.0,15.63,NaN,27.33,0.17,197.4
2018-07-07T17:30:00Z,BUD,Budds_Landing,39.37225,-75.83986667,1.0,15.82,NaN,27.5,0.17,200.4
2018-07-07T17:45:00Z,BUD,Budds_Landing,39.37225,-75.83986667,1.0,16.65,NaN,27.73,0.17,211.9
2018-07-07T18:00:00Z,BUD,Budds_Landing,39.37225,-75.83986667,1.0,16.78,NaN,27.69,0.17,213.4
2018-07-07T18:15:00Z,BUD,Budds_Landing,39.37225,-75.83986667,1.0,18.3,NaN,28.3,0.18,235.2
2018-07-07T18:30:00Z,BUD,Budds_Landing,39.37225,-75.83986667,1.0,17.87,NaN,28.18,0.18,229.3
2018-07-07T18:45:00Z,BUD,Budds_Landing,39.37225,-75.83986667,1.0,18.81,NaN,28.65,0.18,243.3
2018-07-07T19:00:00Z,BUD,Budds_Landing,39.37225,-75.83986667,1.0,19.23,NaN,28.93,0.18,249.9
2018-07-07T19:15:00Z,BUD,Budds_Landing,39.37225,-75.83986667,1.0,19.57,NaN,29.36,0.19,256.2
2018-07-07T19:30:00Z,BUD,Budds_Landing,39.37225,-75.83986667,1.0,20.84,NaN,29.51,0.19,273.6
2018-07-07T19:45:00Z,BUD,Budds_Landing,39.37225,-75.83986667,1.0,21.13,NaN,29.8,0.19,278.8
2018-07-07T20:00:00Z,BUD,Budds_Landing,39.37225,-75.83986667,1.0,21.2,NaN,29.79,0.19,279.7
2018-07-07T20:15:00Z,BUD,Budds_Landing,39.37225,-75.83986667,1.0,20.5,NaN,29.85,0.2,270.7
2018-07-07T20:30:00Z,BUD,Budds_Landing,39.37225,-75.83986667,1.0,19.94,NaN,29.81,0.2,263.1
2018-07-07T20:45:00Z,BUD,Budds_Landing,39.37225,-75.83986667,1.0,18.61,NaN,29.57,0.2,244.7
2018-07-07T21:00:00Z,BUD,Budds_Landing,39.37225,-75.83986667,1.0,19.17,NaN,29.63,0.2,252.2
2018-07-07T21:15:00Z,BUD,Budds_Landing,39.37225,-75.83986667,1.0,18.66,NaN,29.64,0.21,245.6
2018-07-07T21:30:00Z,BUD,Budds_Landing,39.37225,-75.83986667,1.0,17.89,NaN,29.42,0.21,234.6
2018-07-07T21:45:00Z,BUD,Budds_Landing,39.37225,-75.83986667,1.0,16.39,NaN,29.31,0.21,214.5
2018-07-07T22:00:00Z,BUD,Budds_Landing,39.37225,-75.83986667,1.0,16.45,NaN,29.27,0.21,215.2
2018-07-07T22:15:00Z,BUD,Budds_Landing,39.37225,-75.83986667,1.0,15.54,NaN,29.22,0.21,203.1
2018-07-07T22:30:00Z,BUD,Budds_Landing,39.37225,-75.83986667,1.0,14.71,NaN,29.04,0.21,191.6
2018-07-07T22:45:00Z,BUD,Budds_Landing,39.37225,-75.83986667,1.0,13.5,NaN,29.01,0.21,175.8
2018-07-07T23:00:00Z,BUD,Budds_Landing,39.37225,-75.83986667,1.0,13.64,NaN,28.89,0.21,177.1
2018-07-07T23:15:00Z,BUD,Budds_Landing,39.37225,-75.83986667,1.0,14.74,NaN,29.02,0.2,192.0
2018-07-07T23:30:00Z,BUD,Budds_Landing,39.37225,-75.83986667,1.0,15.33,NaN,29.01,0.2,199.6
2018-07-07T23:45:00Z,BUD,Budds_Landing,39.37225,-75.83986667,1.0,15.56,NaN,29.07,0.2,202.8
2018-07-08T00:00:00Z,BUD,Budds_Landing,39.37225,-75.83986667,1.0,16.0,NaN,29.04,0.2,208.4
2018-07-08T00:15:00Z,BUD,Budds_Landing,39.37225,-75.83986667,1.0,15.61,NaN,29.01,0.2,203.2
2018-07-08T00:30:00Z,BUD,Budds_Landing,39.37225,-75.83986667,1.0,15.32,NaN,29.0,0.2,199.4
2018-07-08T00:45:00Z,BUD,Budds_Landing,39.37225,-75.83986667,1.0,15.22,NaN,28.95,0.2,197.9
2018-07-08T01:00:00Z,BUD,Budds_Landing,39.37225,-75.83986667,1.0,14.44,NaN,28.94,0.2,187.7
2018-07-08T01:15:00Z,BUD,Budds_Landing,39.37225,-75.83986667,1.0,14.73,NaN,28.86,0.2,191.3
2018-07-08T01:30:00Z,BUD,Budds_Landing,39.37225,-75.83986667,1.0,15.08,NaN,28.8,0.2,195.6
2018-07-08T01:45:00Z,BUD,Budds_Landing,39.37225,-75.83986667,1.0,15.31,NaN,28.79,0.2,198.5
2018-07-08T02:00:00Z,BUD,Budds_Landing,39.37225,-75.83986667,1.0,15.56,NaN,28.7,0.2,201.5
2018-07-08T02:15:00Z,BUD,Budds_Landing,39.37225,-75.83986667,1.0,16.65,NaN,28.58,0.19,215.1
2018-07-08T02:30:00Z,BUD,Budds_Landing,39.37225,-75.83986667,1.0,16.79,NaN,28.56,0.19,216.8
2018-07-08T02:45:00Z,BUD,Budds_Landing,39.37225,-75.83986667,1.0,15.3,NaN,28.58,0.19,197.6
2018-07-08T03:00:00Z,BUD,Budds_Landing,39.37225,-75.83986667,1.0,14.02,NaN,28.44,0.19,180.7
2018-07-08T03:15:00Z,BUD,Budds_Landing,39.37225,-75.83986667,1.0,14.0,NaN,28.38,0.2,180.2
2018-07-08T03:30:00Z,BUD,Budds_Landing,39.37225,-75.83986667,1.0,14.14,NaN,28.12,0.2,181.2
2018-07-08T03:45:00Z,BUD,Budds_Landing,39.37225,-75.83986667,1.0,13.92,NaN,27.78,0.2,177.3
2018-07-08T04:00:00Z,BUD,Budds_Landing,39.37225,-75.83986667,1.0,14.34,NaN,27.61,0.2,182.2
2018-07-08T04:15:00Z,BUD,Budds_Landing,39.37225,-75.83986667,1.0,14.73,NaN,27.72,0.19,187.4
2018-07-08T04:30:00Z,BUD,Budds_Landing,39.37225,-75.83986667,1.0,13.76,NaN,27.61,0.2,174.7
2018-07-08T04:45:00Z,BUD,Budds_Landing,39.37225,-75.83986667,1.0,12.89,NaN,27.66,0.21,163.8
2018-07-08T05:00:00Z,BUD,Budds_Landing,39.37225,-75.83986667,1.0,12.6,NaN,27.85,0.21,160.6
2018-07-08T05:15:00Z,BUD,Budds_Landing,39.37225,-75.83986667,1.0,12.48,NaN,27.8,0.21,159.0
2018-07-08T05:30:00Z,BUD,Budds_Landing,39.37225,-75.83986667,1.0,12.53,NaN,27.93,0.21,160.0
2018-07-08T05:45:00Z,BUD,Budds_Landing,39.37225,-75.83986667,1.0,12.39,NaN,27.96,0.2,158.3
2018-07-08T06:00:00Z,BUD,Budds_Landing,39.37225,-75.83986667,1.0,12.23,NaN,28.02,0.21,156.4
2018-07-08T06:15:00Z,BUD,Budds_Landing,39.37225,-75.83986667,1.0,11.75,NaN,27.98,0.21,150.3
2018-07-08T06:30:00Z,BUD,Budds_Landing,39.37225,-75.83986667,1.0,11.72,NaN,27.98,0.21,149.8
2018-07-08T06:45:00Z,BUD,Budds_Landing,39.37225,-75.83986667,1.0,11.93,NaN,27.94,0.21,152.4
2018-07-08T07:00:00Z,BUD,Budds_Landing,39.37225,-75.83986667,1.0,12.11,NaN,27.88,0.2,154.6
2018-07-08T07:15:00Z,BUD,Budds_Landing,39.37225,-75.83986667,1.0,11.94,NaN,27.84,0.21,152.2
2018-07-08T07:30:00Z,BUD,Budds_Landing,39.37225,-75.83986667,1.0,11.48,NaN,27.78,0.21,146.2
2018-07-08T07:45:00Z,BUD,Budds_Landing,39.37225,-75.83986667,1.0,11.21,NaN,27.75,0.21,142.8
2018-07-08T08:00:00Z,BUD,Budds_Landing,39.37225,-75.83986667,1.0,11.29,NaN,27.74,0.21,143.8
2018-07-08T08:15:00Z,BUD,Budds_Landing,39.37225,-75.83986667,1.0,11.2,NaN,27.66,0.21,142.3
2018-07-08T08:30:00Z,BUD,Budds_Landing,39.37225,-75.83986667,1.0,11.0,NaN,27.65,0.21,139.8
2018-07-08T08:45:00Z,BUD,Budds_Landing,39.37225,-75.83986667,1.0,10.67,NaN,27.65,0.21,135.6
2018-07-08T09:00:00Z,BUD,Budds_Landing,39.37225,-75.83986667,1.0,10.53,NaN,27.57,0.21,133.7
2018-07-08T09:15:00Z,BUD,Budds_Landing,39.37225,-75.83986667,1.0,10.42,NaN,27.58,0.21,132.3
2018-07-08T09:30:00Z,BUD,Budds_Landing,39.37225,-75.83986667,1.0,10.18,NaN,27.52,0.21,129.1
2018-07-08T09:45:00Z,BUD,Budds_Landing,39.37225,-75.83986667,1.0,10.13,NaN,27.48,0.21,128.4
2018-07-08T10:00:00Z,BUD,Budds_Landing,39.37225,-75.83986667,1.0,10.04,NaN,27.29,0.21,126.9
2018-07-08T10:15:00Z,BUD,Budds_Landing,39.37225,-75.83986667,1.0,10.02,NaN,27.27,0.21,126.4
2018-07-08T10:30:00Z,BUD,Budds_Landing,39.37225,-75.83986667,1.0,10.74,NaN,27.09,0.2,135.1
2018-07-08T10:45:00Z,BUD,Budds_Landing,39.37225,-75.83986667,1.0,10.53,NaN,27.01,0.21,132.3
2018-07-08T11:00:00Z,BUD,Budds_Landing,39.37225,-75.83986667,1.0,10.67,NaN,27.01,0.2,134.0
2018-07-08T11:15:00Z,BUD,Budds_Landing,39.37225,-75.83986667,1.0,10.66,NaN,27.02,0.2,134.0
2018-07-08T11:30:00Z,BUD,Budds_Landing,39.37225,-75.83986667,1.0,10.67,NaN,27.02,0.2,134.1
2018-07-08T11:45:00Z,BUD,Budds_Landing,39.37225,-75.83986667,1.0,10.77,NaN,26.98,0.2,135.2
2018-07-08T12:00:00Z,BUD,Budds_Landing,39.37225,-75.83986667,1.0,10.75,NaN,26.93,0.2,134.9
2018-07-08T12:15:00Z,BUD,Budds_Landing,39.37225,-75.83986667,1.0,10.91,NaN,26.88,0.2,136.8
2018-07-08T12:30:00Z,BUD,Budds_Landing,39.37225,-75.83986667,1.0,11.22,NaN,26.88,0.2,140.6
2018-07-08T12:45:00Z,BUD,Budds_Landing,39.37225,-75.83986667,1.0,11.58,NaN,26.89,0.2,145.2
2018-07-08T13:00:00Z,BUD,Budds_Landing,39.37225,-75.83986667,1.0,10.75,NaN,26.74,0.2,134.4
2018-07-08T13:15:00Z,BUD,Budds_Landing,39.37225,-75.83986667,1.0,10.75,NaN,26.7,0.2,134.3
2018-07-08T13:30:00Z,BUD,Budds_Landing,39.37225,-75.83986667,1.0,11.52,NaN,26.6,0.2,143.7
2018-07-08T13:45:00Z,BUD,Budds_Landing,39.37225,-75.83986667,1.0,11.27,NaN,26.66,0.2,140.7
2018-07-08T14:00:00Z,BUD,Budds_Landing,39.37225,-75.83986667,1.0,12.08,NaN,26.6,0.19,150.6
2018-07-08T14:15:00Z,BUD,Budds_Landing,39.37225,-75.83986667,1.0,12.38,NaN,26.63,0.19,154.4
2018-07-08T14:30:00Z,BUD,Budds_Landing,39.37225,-75.83986667,1.0,12.53,NaN,26.67,0.19,156.5
2018-07-08T14:45:00Z,BUD,Budds_Landing,39.37225,-75.83986667,1.0,12.16,NaN,26.71,0.19,151.9
2018-07-08T15:00:00Z,BUD,Budds_Landing,39.37225,-75.83986667,1.0,11.9,NaN,26.7,0.19,148.7
2018-07-08T15:15:00Z,BUD,Budds_Landing,39.37225,-75.83986667,1.0,11.63,NaN,26.74,0.2,145.4
2018-07-08T15:30:00Z,BUD,Budds_Landing,39.37225,-75.83986667,1.0,11.15,NaN,26.73,0.2,139.4
2018-07-08T15:45:00Z,BUD,Budds_Landing,39.37225,-75.83986667,1.0,11.91,NaN,26.73,0.19,148.8
2018-07-08T16:00:00Z,BUD,Budds_Landing,39.37225,-75.83986667,1.0,12.1,NaN,26.75,0.19,151.3
2018-07-08T16:15:00Z,BUD,Budds_Landing,39.37225,-75.83986667,1.0,12.31,NaN,26.73,0.19,153.9
2018-07-08T16:30:00Z,BUD,Budds_Landing,39.37225,-75.83986667,1.0,12.59,NaN,26.9,0.19,157.9
2018-07-08T16:45:00Z,BUD,Budds_Landing,39.37225,-75.83986667,1.0,12.85,NaN,26.95,0.19,161.3
2018-07-08T17:00:00Z,BUD,Budds_Landing,39.37225,-75.83986667,1.0,13.04,NaN,27.01,0.19,163.8
2018-07-08T17:15:00Z,BUD,Budds_Landing,39.37225,-75.83986667,1.0,13.73,NaN,27.21,0.19,173.1
2018-07-08T17:30:00Z,BUD,Budds_Landing,39.37225,-75.83986667,1.0,13.82,NaN,27.35,0.2,174.7
2018-07-08T17:45:00Z,BUD,Budds_Landing,39.37225,-75.83986667,1.0,13.79,NaN,27.52,0.2,174.8
2018-07-08T18:00:00Z,BUD,Budds_Landing,39.37225,-75.83986667,1.0,14.42,NaN,27.84,0.2,183.9
2018-07-08T18:15:00Z,BUD,Budds_Landing,39.37225,-75.83986667,1.0,15.2,NaN,28.01,0.2,194.4
2018-07-08T18:30:00Z,BUD,Budds_Landing,39.37225,-75.83986667,1.0,15.82,NaN,28.17,0.21,202.9
2018-07-08T18:45:00Z,BUD,Budds_Landing,39.37225,-75.83986667,1.0,16.92,NaN,28.58,0.21,218.6
2018-07-08T19:00:00Z,BUD,Budds_Landing,39.37225,-75.83986667,1.0,15.41,NaN,28.3,0.21,198.2
2018-07-08T19:15:00Z,BUD,Budds_Landing,39.37225,-75.83986667,1.0,14.89,NaN,28.0,0.2,190.3
2018-07-08T19:30:00Z,BUD,Budds_Landing,39.37225,-75.83986667,1.0,14.44,NaN,27.89,0.2,184.4
2018-07-08T19:45:00Z,BUD,Budds_Landing,39.37225,-75.83986667,1.0,14.56,NaN,28.03,0.2,186.3
2018-07-08T20:00:00Z,BUD,Budds_Landing,39.37225,-75.83986667,1.0,14.82,NaN,28.03,0.2,189.6
2018-07-08T20:15:00Z,BUD,Budds_Landing,39.37225,-75.83986667,1.0,15.33,NaN,28.02,0.2,196.1
2018-07-08T20:30:00Z,BUD,Budds_Landing,39.37225,-75.83986667,1.0,15.08,NaN,28.05,0.2,193.1
2018-07-08T20:45:00Z,BUD,Budds_Landing,39.37225,-75.83986667,1.0,14.85,NaN,28.16,0.21,190.4
2018-07-08T21:00:00Z,BUD,Budds_Landing,39.37225,-75.83986667,1.0,14.44,NaN,28.22,0.21,185.3
2018-07-08T21:15:00Z,BUD,Budds_Landing,39.37225,-75.83986667,1.0,14.53,NaN,28.5,0.21,187.5
2018-07-08T21:30:00Z,BUD,Budds_Landing,39.37225,-75.83986667,1.0,14.16,NaN,28.38,0.22,182.3
2018-07-08T21:45:00Z,BUD,Budds_Landing,39.37225,-75.83986667,1.0,13.77,NaN,28.31,0.21,177.1
2018-07-08T22:00:00Z,BUD,Budds_Landing,39.37225,-75.83986667,1.0,13.1,NaN,28.24,0.21,168.3
2018-07-08T22:15:00Z,BUD,Budds_Landing,39.37225,-75.83986667,1.0,12.05,NaN,28.07,0.22,154.3
2018-07-08T22:30:00Z,BUD,Budds_Landing,39.37225,-75.83986667,1.0,12.68,NaN,28.09,0.21,162.4
2018-07-08T22:45:00Z,BUD,Budds_Landing,39.37225,-75.83986667,1.0,12.04,NaN,27.95,0.21,153.9
2018-07-08T23:00:00Z,BUD,Budds_Landing,39.37225,-75.83986667,1.0,12.71,NaN,27.98,0.21,162.6
2018-07-08T23:15:00Z,BUD,Budds_Landing,39.37225,-75.83986667,1.0,15.21,NaN,28.26,0.2,195.4
2018-07-08T23:30:00Z,BUD,Budds_Landing,39.37225,-75.83986667,1.0,16.08,NaN,28.48,0.21,207.4
2018-07-08T23:45:00Z,BUD,Budds_Landing,39.37225,-75.83986667,1.0,16.15,NaN,28.44,0.21,208.2
2018-07-09T00:00:00Z,BUD,Budds_Landing,39.37225,-75.83986667,1.0,16.39,NaN,28.46,0.2,211.3
2018-07-09T00:15:00Z,BUD,Budds_Landing,39.37225,-75.83986667,1.0,16.51,NaN,28.47,0.2,212.8
2018-07-09T00:30:00Z,BUD,Budds_Landing,39.37225,-75.83986667,1.0,16.87,NaN,28.43,0.2,217.4
2018-07-09T00:45:00Z,BUD,Budds_Landing,39.37225,-75.83986667,1.0,16.19,NaN,28.36,0.2,208.4
2018-07-09T01:00:00Z,BUD,Budds_Landing,39.37225,-75.83986667,1.0,17.4,NaN,28.31,0.2,223.7
2018-07-09T01:15:00Z,BUD,Budds_Landing,39.37225,-75.83986667,1.0,18.01,NaN,28.21,0.2,231.1
2018-07-09T01:30:00Z,BUD,Budds_Landing,39.37225,-75.83986667,1.0,17.6,NaN,28.07,0.19,225.4
2018-07-09T01:45:00Z,BUD,Budds_Landing,39.37225,-75.83986667,1.0,17.41,NaN,27.95,0.19,222.4
2018-07-09T02:00:00Z,BUD,Budds_Landing,39.37225,-75.83986667,1.0,17.66,NaN,27.97,0.19,225.8
2018-07-09T02:15:00Z,BUD,Budds_Landing,39.37225,-75.83986667,1.0,17.63,NaN,27.93,0.19,225.1
2018-07-09T02:30:00Z,BUD,Budds_Landing,39.37225,-75.83986667,1.0,17.3,NaN,27.87,0.19,220.7
2018-07-09T02:45:00Z,BUD,Budds_Landing,39.37225,-75.83986667,1.0,16.91,NaN,27.83,0.19,215.6
2018-07-09T03:00:00Z,BUD,Budds_Landing,39.37225,-75.83986667,1.0,16.68,NaN,27.8,0.19,212.5
2018-07-09T03:15:00Z,BUD,Budds_Landing,39.37225,-75.83986667,1.0,16.58,NaN,27.77,0.19,211.2
2018-07-09T03:30:00Z,BUD,Budds_Landing,39.37225,-75.83986667,1.0,16.24,NaN,27.69,0.19,206.6
2018-07-09T03:45:00Z,BUD,Budds_Landing,39.37225,-75.83986667,1.0,16.19,NaN,27.71,0.19,205.9
2018-07-09T04:00:00Z,BUD,Budds_Landing,39.37225,-75.83986667,1.0,16.11,NaN,27.66,0.19,204.8
2018-07-09T04:15:00Z,BUD,Budds_Landing,39.37225,-75.83986667,1.0,16.14,NaN,27.63,0.19,205.0
2018-07-09T04:30:00Z,BUD,Budds_Landing,39.37225,-75.83986667,1.0,16.17,NaN,27.6,0.18,205.3
2018-07-09T04:45:00Z,BUD,Budds_Landing,39.37225,-75.83986667,1.0,14.89,NaN,27.67,0.2,189.3
2018-07-09T05:00:00Z,BUD,Budds_Landing,39.37225,-75.83986667,1.0,15.24,NaN,27.64,0.2,193.7
2018-07-09T05:15:00Z,BUD,Budds_Landing,39.37225,-75.83986667,1.0,15.18,NaN,27.6,0.21,192.7
2018-07-09T05:30:00Z,BUD,Budds_Landing,39.37225,-75.83986667,1.0,15.01,NaN,27.45,0.21,190.0
2018-07-09T05:45:00Z,BUD,Budds_Landing,39.37225,-75.83986667,1.0,14.75,NaN,27.25,0.2,186.2
2018-07-09T06:00:00Z,BUD,Budds_Landing,39.37225,-75.83986667,1.0,14.68,NaN,27.22,0.2,185.1
2018-07-09T06:15:00Z,BUD,Budds_Landing,39.37225,-75.83986667,1.0,14.53,NaN,27.18,0.2,183.1
2018-07-09T06:30:00Z,BUD,Budds_Landing,39.37225,-75.83986667,1.0,14.15,NaN,27.13,0.2,178.2
2018-07-09T06:45:00Z,BUD,Budds_Landing,39.37225,-75.83986667,1.0,14.0,NaN,27.11,0.2,176.2
2018-07-09T07:00:00Z,BUD,Budds_Landing,39.37225,-75.83986667,1.0,13.82,NaN,27.24,0.2,174.3
2018-07-09T07:15:00Z,BUD,Budds_Landing,39.37225,-75.83986667,1.0,13.82,NaN,27.32,0.2,174.6
2018-07-09T07:30:00Z,BUD,Budds_Landing,39.37225,-75.83986667,1.0,13.84,NaN,27.33,0.2,175.0
2018-07-09T07:45:00Z,BUD,Budds_Landing,39.37225,-75.83986667,1.0,13.7,NaN,27.35,0.21,173.2
2018-07-09T08:00:00Z,BUD,Budds_Landing,39.37225,-75.83986667,1.0,13.42,NaN,27.32,0.21,169.5
2018-07-09T08:15:00Z,BUD,Budds_Landing,39.37225,-75.83986667,1.0,12.93,NaN,27.41,0.21,163.7
2018-07-09T08:30:00Z,BUD,Budds_Landing,39.37225,-75.83986667,1.0,12.56,NaN,27.43,0.21,159.0
2018-07-09T08:45:00Z,BUD,Budds_Landing,39.37225,-75.83986667,1.0,12.45,NaN,27.46,0.21,157.7
2018-07-09T09:00:00Z,BUD,Budds_Landing,39.37225,-75.83986667,1.0,12.51,NaN,27.47,0.21,158.4
2018-07-09T09:15:00Z,BUD,Budds_Landing,39.37225,-75.83986667,1.0,12.52,NaN,27.46,0.21,158.6
2018-07-09T09:30:00Z,BUD,Budds_Landing,39.37225,-75.83986667,1.0,12.32,NaN,27.42,0.21,156.0
2018-07-09T09:45:00Z,BUD,Budds_Landing,39.37225,-75.83986667,1.0,11.93,NaN,27.39,0.21,151.0
2018-07-09T10:00:00Z,BUD,Budds_Landing,39.37225,-75.83986667,1.0,11.93,NaN,27.37,0.21,150.9
2018-07-09T10:15:00Z,BUD,Budds_Landing,39.37225,-75.83986667,1.0,11.79,NaN,27.27,0.21,148.9
2018-07-09T10:30:00Z,BUD,Budds_Landing,39.37225,-75.83986667,1.0,11.44,NaN,27.02,0.21,143.8
2018-07-09T10:45:00Z,BUD,Budds_Landing,39.37225,-75.83986667,1.0,11.19,NaN,26.9,0.2,140.3
2018-07-09T11:00:00Z,BUD,Budds_Landing,39.37225,-75.83986667,1.0,11.05,NaN,26.93,0.2,138.6
2018-07-09T11:15:00Z,BUD,Budds_Landing,39.37225,-75.83986667,1.0,11.33,NaN,26.83,0.21,141.9
2018-07-09T11:30:00Z,BUD,Budds_Landing,39.37225,-75.83986667,1.0,12.26,NaN,26.74,0.21,153.3
2018-07-09T11:45:00Z,BUD,Budds_Landing,39.37225,-75.83986667,1.0,12.46,NaN,26.75,0.21,155.8
2018-07-09T12:00:00Z,BUD,Budds_Landing,39.37225,-75.83986667,1.0,12.29,NaN,26.87,0.21,154.0
2018-07-09T12:15:00Z,BUD,Budds_Landing,39.37225,-75.83986667,1.0,12.14,NaN,26.86,0.21,152.2
2018-07-09T12:30:00Z,BUD,Budds_Landing,39.37225,-75.83986667,1.0,11.97,NaN,26.8,0.21,149.9
2018-07-09T12:45:00Z,BUD,Budds_Landing,39.37225,-75.83986667,1.0,12.45,NaN,26.78,0.2,155.7
2018-07-09T13:00:00Z,BUD,Budds_Landing,39.37225,-75.83986667,1.0,13.15,NaN,26.77,0.2,164.5
2018-07-09T13:15:00Z,BUD,Budds_Landing,39.37225,-75.83986667,1.0,12.82,NaN,26.84,0.21,160.6
2018-07-09T13:30:00Z,BUD,Budds_Landing,39.37225,-75.83986667,1.0,13.31,NaN,26.75,0.2,166.5
2018-07-09T13:45:00Z,BUD,Budds_Landing,39.37225,-75.83986667,1.0,12.92,NaN,26.67,0.2,161.3
2018-07-09T14:00:00Z,BUD,Budds_Landing,39.37225,-75.83986667,1.0,13.18,NaN,26.7,0.2,164.7
2018-07-09T14:15:00Z,BUD,Budds_Landing,39.37225,-75.83986667,1.0,12.71,NaN,26.6,0.19,158.5
2018-07-09T14:30:00Z,BUD,Budds_Landing,39.37225,-75.83986667,1.0,12.88,NaN,26.61,0.19,160.7
2018-07-09T14:45:00Z,BUD,Budds_Landing,39.37225,-75.83986667,1.0,13.06,NaN,26.55,0.19,162.7
2018-07-09T15:00:00Z,BUD,Budds_Landing,39.37225,-75.83986667,1.0,13.13,NaN,26.49,0.19,163.4
2018-07-09T15:15:00Z,BUD,Budds_Landing,39.37225,-75.83986667,1.0,13.4,NaN,26.51,0.19,166.9
2018-07-09T15:30:00Z,BUD,Budds_Landing,39.37225,-75.83986667,1.0,13.43,NaN,26.5,0.19,167.2
2018-07-09T15:45:00Z,BUD,Budds_Landing,39.37225,-75.83986667,1.0,13.64,NaN,26.48,0.19,169.8
2018-07-09T16:00:00Z,BUD,Budds_Landing,39.37225,-75.83986667,1.0,13.76,NaN,26.49,0.19,171.3
2018-07-09T16:15:00Z,BUD,Budds_Landing,39.37225,-75.83986667,1.0,14.15,NaN,26.5,0.18,176.2
2018-07-09T16:30:00Z,BUD,Budds_Landing,39.37225,-75.83986667,1.0,14.76,NaN,26.56,0.18,183.9
2018-07-09T16:45:00Z,BUD,Budds_Landing,39.37225,-75.83986667,1.0,14.76,NaN,26.54,0.17,183.9
2018-07-09T17:00:00Z,BUD,Budds_Landing,39.37225,-75.83986667,1.0,14.76,NaN,26.57,0.17,184.0
2018-07-09T17:15:00Z,BUD,Budds_Landing,39.37225,-75.83986667,1.0,14.63,NaN,26.58,0.17,182.4
2018-07-09T17:30:00Z,BUD,Budds_Landing,39.37225,-75.83986667,1.0,14.49,NaN,26.57,0.17,180.6
2018-07-09T17:45:00Z,BUD,Budds_Landing,39.37225,-75.83986667,1.0,14.18,NaN,26.57,0.18,176.7
2018-07-09T18:00:00Z,BUD,Budds_Landing,39.37225,-75.83986667,1.0,13.84,NaN,26.59,0.18,172.6
2018-07-09T18:15:00Z,BUD,Budds_Landing,39.37225,-75.83986667,1.0,13.29,NaN,26.65,0.19,166.0
2018-07-09T18:30:00Z,BUD,Budds_Landing,39.37225,-75.83986667,1.0,13.89,NaN,27.12,0.19,174.8
2018-07-09T18:45:00Z,BUD,Budds_Landing,39.37225,-75.83986667,1.0,16.44,NaN,27.63,0.2,208.9
2018-07-09T19:00:00Z,BUD,Budds_Landing,39.37225,-75.83986667,1.0,20.89,NaN,28.86,0.21,271.2
2018-07-09T19:15:00Z,BUD,Budds_Landing,39.37225,-75.83986667,1.0,21.79,NaN,29.02,0.21,283.7
2018-07-09T19:30:00Z,BUD,Budds_Landing,39.37225,-75.83986667,1.0,21.82,NaN,29.11,0.21,284.5
2018-07-09T19:45:00Z,BUD,Budds_Landing,39.37225,-75.83986667,1.0,22.35,NaN,29.07,0.21,291.3
2018-07-09T20:00:00Z,BUD,Budds_Landing,39.37225,-75.83986667,1.0,21.56,NaN,29.93,0.22,285.3
2018-07-09T20:15:00Z,BUD,Budds_Landing,39.37225,-75.83986667,1.0,22.8,NaN,30.79,0.23,306.2
2018-07-09T20:30:00Z,BUD,Budds_Landing,39.37225,-75.83986667,1.0,16.42,NaN,27.74,0.2,209.0
2018-07-09T20:45:00Z,BUD,Budds_Landing,39.37225,-75.83986667,1.0,15.56,NaN,27.52,0.2,197.3
2018-07-09T21:00:00Z,BUD,Budds_Landing,39.37225,-75.83986667,1.0,15.3,NaN,27.42,0.19,193.7
2018-07-09T21:15:00Z,BUD,Budds_Landing,39.37225,-75.83986667,1.0,15.45,NaN,27.48,0.19,195.8
2018-07-09T21:30:00Z,BUD,Budds_Landing,39.37225,-75.83986667,1.0,15.5,NaN,27.54,0.19,196.6
2018-07-09T21:45:00Z,BUD,Budds_Landing,39.37225,-75.83986667,1.0,15.2,NaN,27.87,0.21,194.0
2018-07-09T22:00:00Z,BUD,Budds_Landing,39.37225,-75.83986667,1.0,14.18,NaN,27.56,0.19,180.0
2018-07-09T22:15:00Z,BUD,Budds_Landing,39.37225,-75.83986667,1.0,14.51,NaN,27.2,0.19,182.9
2018-07-09T22:30:00Z,BUD,Budds_Landing,39.37225,-75.83986667,1.0,14.4,NaN,27.15,0.18,181.4
2018-07-09T22:45:00Z,BUD,Budds_Landing,39.37225,-75.83986667,1.0,15.01,NaN,27.47,0.19,190.2
2018-07-09T23:00:00Z,BUD,Budds_Landing,39.37225,-75.83986667,1.0,14.63,NaN,27.44,0.19,185.2
2018-07-09T23:15:00Z,BUD,Budds_Landing,39.37225,-75.83986667,1.0,15.17,NaN,27.65,0.19,192.8
2018-07-09T23:30:00Z,BUD,Budds_Landing,39.37225,-75.83986667,1.0,15.88,NaN,27.89,0.19,202.7
2018-07-09T23:45:00Z,BUD,Budds_Landing,39.37225,-75.83986667,1.0,17.25,NaN,28.26,0.19,221.5
2018-07-10T00:00:00Z,BUD,Budds_Landing,39.37225,-75.83986667,1.0,17.12,NaN,28.3,0.19,220.0
2018-07-10T00:15:00Z,BUD,Budds_Landing,39.37225,-75.83986667,1.0,17.21,NaN,28.43,0.19,221.8
2018-07-10T00:30:00Z,BUD,Budds_Landing,39.37225,-75.83986667,1.0,15.2,NaN,27.9,0.19,194.0
2018-07-10T00:45:00Z,BUD,Budds_Landing,39.37225,-75.83986667,1.0,18.82,NaN,28.86,0.2,244.4
2018-07-10T01:00:00Z,BUD,Budds_Landing,39.37225,-75.83986667,1.0,17.89,NaN,28.84,0.2,232.2
2018-07-10T01:15:00Z,BUD,Budds_Landing,39.37225,-75.83986667,1.0,16.8,NaN,28.59,0.2,217.0
2018-07-10T01:30:00Z,BUD,Budds_Landing,39.37225,-75.83986667,1.0,17.46,NaN,28.64,0.19,225.8
2018-07-10T01:45:00Z,BUD,Budds_Landing,39.37225,-75.83986667,1.0,17.65,NaN,28.68,0.19,228.5
2018-07-10T02:00:00Z,BUD,Budds_Landing,39.37225,-75.83986667,1.0,17.33,NaN,28.65,0.19,224.2
2018-07-10T02:15:00Z,BUD,Budds_Landing,39.37225,-75.83986667,1.0,17.89,NaN,28.93,0.2,232.6
2018-07-10T02:30:00Z,BUD,Budds_Landing,39.37225,-75.83986667,1.0,18.65,NaN,29.01,0.2,242.7
2018-07-10T02:45:00Z,BUD,Budds_Landing,39.37225,-75.83986667,1.0,19.04,NaN,29.0,0.2,247.8
2018-07-10T03:00:00Z,BUD,Budds_Landing,39.37225,-75.83986667,1.0,18.36,NaN,28.95,0.2,238.8
2018-07-10T03:15:00Z,BUD,Budds_Landing,39.37225,-75.83986667,1.0,19.13,NaN,28.91,0.19,248.5
2018-07-10T03:30:00Z,BUD,Budds_Landing,39.37225,-75.83986667,1.0,19.14,NaN,28.88,0.19,248.5
2018-07-10T03:45:00Z,BUD,Budds_Landing,39.37225,-75.83986667,1.0,19.02,NaN,28.87,0.18,247.0
2018-07-10T04:00:00Z,BUD,Budds_Landing,39.37225,-75.83986667,1.0,19.14,NaN,28.85,0.18,248.4
2018-07-10T04:15:00Z,BUD,Budds_Landing,39.37225,-75.83986667,1.0,19.53,NaN,28.83,0.18,253.4
2018-07-10T04:30:00Z,BUD,Budds_Landing,39.37225,-75.83986667,1.0,19.3,NaN,28.81,0.18,250.4
2018-07-10T04:45:00Z,BUD,Budds_Landing,39.37225,-75.83986667,1.0,19.01,NaN,28.75,0.18,246.4
2018-07-10T05:00:00Z,BUD,Budds_Landing,39.37225,-75.83986667,1.0,19.06,NaN,28.69,0.18,246.7
2018-07-10T05:15:00Z,BUD,Budds_Landing,39.37225,-75.83986667,1.0,17.14,NaN,28.5,0.2,221.2
2018-07-10T05:30:00Z,BUD,Budds_Landing,39.37225,-75.83986667,1.0,16.19,NaN,28.24,0.19,207.9
2018-07-10T05:45:00Z,BUD,Budds_Landing,39.37225,-75.83986667,1.0,16.66,NaN,28.05,0.2,213.3
2018-07-10T06:00:00Z,BUD,Budds_Landing,39.37225,-75.83986667,1.0,16.94,NaN,28.24,0.19,217.5
2018-07-10T06:15:00Z,BUD,Budds_Landing,39.37225,-75.83986667,1.0,16.7,NaN,28.15,0.19,214.1
2018-07-10T06:30:00Z,BUD,Budds_Landing,39.37225,-75.83986667,1.0,16.55,NaN,28.05,0.19,211.8
2018-07-10T06:45:00Z,BUD,Budds_Landing,39.37225,-75.83986667,1.0,16.04,NaN,27.98,0.19,205.0
2018-07-10T07:00:00Z,BUD,Budds_Landing,39.37225,-75.83986667,1.0,15.86,NaN,27.99,0.19,202.7
2018-07-10T07:15:00Z,BUD,Budds_Landing,39.37225,-75.83986667,1.0,15.32,NaN,27.87,0.19,195.5
2018-07-10T07:30:00Z,BUD,Budds_Landing,39.37225,-75.83986667,1.0,15.03,NaN,27.8,0.19,191.5
2018-07-10T07:45:00Z,BUD,Budds_Landing,39.37225,-75.83986667,1.0,14.63,NaN,27.78,0.2,186.3
2018-07-10T08:00:00Z,BUD,Budds_Landing,39.37225,-75.83986667,1.0,14.44,NaN,27.79,0.2,183.9
2018-07-10T08:15:00Z,BUD,Budds_Landing,39.37225,-75.83986667,1.0,14.04,NaN,27.73,0.2,178.7
2018-07-10T08:30:00Z,BUD,Budds_Landing,39.37225,-75.83986667,1.0,12.58,NaN,27.68,0.21,160.0
2018-07-10T08:45:00Z,BUD,Budds_Landing,39.37225,-75.83986667,1.0,12.33,NaN,27.63,0.21,156.6
2018-07-10T09:00:00Z,BUD,Budds_Landing,39.37225,-75.83986667,1.0,12.41,NaN,27.62,0.21,157.7
2018-07-10T09:15:00Z,BUD,Budds_Landing,39.37225,-75.83986667,1.0,12.44,NaN,27.63,0.21,158.0
2018-07-10T09:30:00Z,BUD,Budds_Landing,39.37225,-75.83986667,1.0,12.62,NaN,27.64,0.21,160.4
2018-07-10T09:45:00Z,BUD,Budds_Landing,39.37225,-75.83986667,1.0,12.64,NaN,27.65,0.21,160.7
2018-07-10T10:00:00Z,BUD,Budds_Landing,39.37225,-75.83986667,1.0,12.74,NaN,27.6,0.21,161.8
2018-07-10T10:15:00Z,BUD,Budds_Landing,39.37225,-75.83986667,1.0,12.65,NaN,27.58,0.21,160.5
2018-07-10T10:30:00Z,BUD,Budds_Landing,39.37225,-75.83986667,1.0,12.59,NaN,27.57,0.21,159.8
2018-07-10T10:45:00Z,BUD,Budds_Landing,39.37225,-75.83986667,1.0,12.48,NaN,27.59,0.21,158.5
2018-07-10T11:00:00Z,BUD,Budds_Landing,39.37225,-75.83986667,1.0,12.24,NaN,27.57,0.21,155.4
2018-07-10T11:15:00Z,BUD,Budds_Landing,39.37225,-75.83986667,1.0,12.11,NaN,27.54,0.21,153.6
2018-07-10T11:30:00Z,BUD,Budds_Landing,39.37225,-75.83986667,1.0,12.04,NaN,27.49,0.21,152.6
2018-07-10T11:45:00Z,BUD,Budds_Landing,39.37225,-75.83986667,1.0,12.12,NaN,27.46,0.21,153.5
2018-07-10T12:00:00Z,BUD,Budds_Landing,39.37225,-75.83986667,1.0,12.34,NaN,27.23,0.19,155.6
2018-07-10T12:15:00Z,BUD,Budds_Landing,39.37225,-75.83986667,1.0,12.75,NaN,27.32,0.2,161.1
2018-07-10T12:30:00Z,BUD,Budds_Landing,39.37225,-75.83986667,1.0,13.64,NaN,27.5,0.21,172.9
2018-07-10T12:45:00Z,BUD,Budds_Landing,39.37225,-75.83986667,1.0,12.98,NaN,27.49,0.21,164.4
2018-07-10T13:00:00Z,BUD,Budds_Landing,39.37225,-75.83986667,1.0,12.64,NaN,27.48,0.21,160.2
2018-07-10T13:15:00Z,BUD,Budds_Landing,39.37225,-75.83986667,1.0,12.58,NaN,27.43,0.21,159.3
2018-07-10T13:30:00Z,BUD,Budds_Landing,39.37225,-75.83986667,1.0,12.95,NaN,27.43,0.2,163.9
2018-07-10T13:45:00Z,BUD,Budds_Landing,39.37225,-75.83986667,1.0,13.08,NaN,27.51,0.2,165.8
2018-07-10T14:00:00Z,BUD,Budds_Landing,39.37225,-75.83986667,1.0,13.21,NaN,27.49,0.2,167.5
2018-07-10T14:15:00Z,BUD,Budds_Landing,39.37225,-75.83986667,1.0,12.99,NaN,27.47,0.2,164.5
2018-07-10T14:30:00Z,BUD,Budds_Landing,39.37225,-75.83986667,1.0,13.56,NaN,27.51,0.2,171.9
2018-07-10T14:45:00Z,BUD,Budds_Landing,39.37225,-75.83986667,1.0,14.14,NaN,27.59,0.2,179.6
2018-07-10T15:00:00Z,BUD,Budds_Landing,39.37225,-75.83986667,1.0,13.56,NaN,27.51,0.2,171.9
2018-07-10T15:15:00Z,BUD,Budds_Landing,39.37225,-75.83986667,1.0,13.93,NaN,27.49,0.2,176.6
2018-07-10T15:30:00Z,BUD,Budds_Landing,39.37225,-75.83986667,1.0,14.27,NaN,27.51,0.19,180.9
2018-07-10T15:45:00Z,BUD,Budds_Landing,39.37225,-75.83986667,1.0,14.48,NaN,27.58,0.2,183.9
2018-07-10T16:00:00Z,BUD,Budds_Landing,39.37225,-75.83986667,1.0,14.86,NaN,27.56,0.19,188.5
2018-07-10T16:15:00Z,BUD,Budds_Landing,39.37225,-75.83986667,1.0,15.08,NaN,27.62,0.19,191.5
2018-07-10T16:30:00Z,BUD,Budds_Landing,39.37225,-75.83986667,1.0,15.01,NaN,27.71,0.19,191.0
2018-07-10T16:45:00Z,BUD,Budds_Landing,39.37225,-75.83986667,1.0,15.87,NaN,27.69,0.18,201.8
2018-07-10T17:00:00Z,BUD,Budds_Landing,39.37225,-75.83986667,1.0,15.75,NaN,27.82,0.19,200.7
2018-07-10T17:15:00Z,BUD,Budds_Landing,39.37225,-75.83986667,1.0,15.36,NaN,27.96,0.19,196.3
2018-07-10T17:30:00Z,BUD,Budds_Landing,39.37225,-75.83986667,1.0,16.51,NaN,27.99,0.18,211.1
2018-07-10T17:45:00Z,BUD,Budds_Landing,39.37225,-75.83986667,1.0,16.34,NaN,27.97,0.17,208.8
2018-07-10T18:00:00Z,BUD,Budds_Landing,39.37225,-75.83986667,1.0,15.83,NaN,27.86,0.16,201.9
2018-07-10T18:15:00Z,BUD,Budds_Landing,39.37225,-75.83986667,1.0,15.76,NaN,27.85,0.16,200.9
2018-07-10T18:30:00Z,BUD,Budds_Landing,39.37225,-75.83986667,1.0,15.91,NaN,27.91,0.16,203.0
2018-07-10T18:45:00Z,BUD,Budds_Landing,39.37225,-75.83986667,1.0,15.68,NaN,27.94,0.16,200.3
2018-07-10T19:00:00Z,BUD,Budds_Landing,39.37225,-75.83986667,1.0,15.85,NaN,28.08,0.17,203.0
2018-07-10T19:15:00Z,BUD,Budds_Landing,39.37225,-75.83986667,1.0,18.41,NaN,30.69,0.19,246.7
2018-07-10T19:30:00Z,BUD,Budds_Landing,39.37225,-75.83986667,1.0,20.1,NaN,31.06,0.21,271.1
2018-07-10T19:45:00Z,BUD,Budds_Landing,39.37225,-75.83986667,1.0,23.25,NaN,31.33,0.21,315.0
2018-07-10T20:00:00Z,BUD,Budds_Landing,39.37225,-75.83986667,1.0,23.05,NaN,31.0,0.21,310.5
2018-07-10T20:15:00Z,BUD,Budds_Landing,39.37225,-75.83986667,1.0,23.07,NaN,31.01,0.21,310.8
2018-07-10T20:30:00Z,BUD,Budds_Landing,39.37225,-75.83986667,1.0,22.63,NaN,30.85,0.2,304.0
2018-07-10T20:45:00Z,BUD,Budds_Landing,39.37225,-75.83986667,1.0,21.32,NaN,30.14,0.19,283.0
2018-07-10T21:00:00Z,BUD,Budds_Landing,39.37225,-75.83986667,1.0,20.53,NaN,30.14,0.2,272.6
2018-07-10T21:15:00Z,BUD,Budds_Landing,39.37225,-75.83986667,1.0,20.55,NaN,30.41,0.22,274.1
2018-07-10T21:30:00Z,BUD,Budds_Landing,39.37225,-75.83986667,1.0,20.0,NaN,30.26,0.22,266.0
2018-07-10T21:45:00Z,BUD,Budds_Landing,39.37225,-75.83986667,1.0,19.79,NaN,30.23,0.22,263.1
2018-07-10T22:00:00Z,BUD,Budds_Landing,39.37225,-75.83986667,1.0,19.47,NaN,30.21,0.22,258.8
2018-07-10T22:15:00Z,BUD,Budds_Landing,39.37225,-75.83986667,1.0,19.44,NaN,30.28,0.22,258.6
2018-07-10T22:30:00Z,BUD,Budds_Landing,39.37225,-75.83986667,1.0,19.27,NaN,30.32,0.22,256.6
2018-07-10T22:45:00Z,BUD,Budds_Landing,39.37225,-75.83986667,1.0,19.31,NaN,30.37,0.22,257.4
2018-07-10T23:00:00Z,BUD,Budds_Landing,39.37225,-75.83986667,1.0,19.23,NaN,30.37,0.22,256.3
2018-07-10T23:15:00Z,BUD,Budds_Landing,39.37225,-75.83986667,1.0,19.63,NaN,30.41,0.22,261.8
2018-07-10T23:30:00Z,BUD,Budds_Landing,39.37225,-75.83986667,1.0,18.87,NaN,30.38,0.22,251.6
2018-07-10T23:45:00Z,BUD,Budds_Landing,39.37225,-75.83986667,1.0,18.73,NaN,30.34,0.22,249.5
2018-07-11T00:00:00Z,BUD,Budds_Landing,39.37225,-75.83986667,1.0,18.39,NaN,30.28,0.22,244.8
2018-07-11T00:15:00Z,BUD,Budds_Landing,39.37225,-75.83986667,1.0,16.69,NaN,29.76,0.21,220.2
2018-07-11T00:30:00Z,BUD,Budds_Landing,39.37225,-75.83986667,1.0,16.99,NaN,29.78,0.19,224.1
2018-07-11T00:45:00Z,BUD,Budds_Landing,39.37225,-75.83986667,1.0,17.28,NaN,29.94,0.19,228.6
2018-07-11T01:00:00Z,BUD,Budds_Landing,39.37225,-75.83986667,1.0,16.42,NaN,29.82,0.19,216.7
2018-07-11T01:15:00Z,BUD,Budds_Landing,39.37225,-75.83986667,1.0,17.27,NaN,29.82,0.19,228.0
2018-07-11T01:30:00Z,BUD,Budds_Landing,39.37225,-75.83986667,1.0,17.73,NaN,29.9,0.19,234.4
2018-07-11T01:45:00Z,BUD,Budds_Landing,39.37225,-75.83986667,1.0,18.67,NaN,30.09,0.2,247.7
2018-07-11T02:00:00Z,BUD,Budds_Landing,39.37225,-75.83986667,1.0,18.02,NaN,30.06,0.2,238.9
2018-07-11T02:15:00Z,BUD,Budds_Landing,39.37225,-75.83986667,1.0,17.77,NaN,30.07,0.21,235.7
2018-07-11T02:30:00Z,BUD,Budds_Landing,39.37225,-75.83986667,1.0,17.9,NaN,29.97,0.2,237.0
2018-07-11T02:45:00Z,BUD,Budds_Landing,39.37225,-75.83986667,1.0,18.0,NaN,29.99,0.2,238.3
2018-07-11T03:00:00Z,BUD,Budds_Landing,39.37225,-75.83986667,1.0,18.26,NaN,30.12,0.2,242.4
2018-07-11T03:15:00Z,BUD,Budds_Landing,39.37225,-75.83986667,1.0,18.36,NaN,30.15,0.2,243.7
2018-07-11T03:30:00Z,BUD,Budds_Landing,39.37225,-75.83986667,1.0,17.8,NaN,30.08,0.19,236.1
2018-07-11T03:45:00Z,BUD,Budds_Landing,39.37225,-75.83986667,1.0,17.86,NaN,30.13,0.19,237.1
2018-07-11T04:00:00Z,BUD,Budds_Landing,39.37225,-75.83986667,1.0,18.2,NaN,30.23,0.19,241.9
2018-07-11T04:15:00Z,BUD,Budds_Landing,39.37225,-75.83986667,1.0,18.13,NaN,30.12,0.19,240.6
2018-07-11T04:30:00Z,BUD,Budds_Landing,39.37225,-75.83986667,1.0,17.99,NaN,30.11,0.18,238.7
2018-07-11T04:45:00Z,BUD,Budds_Landing,39.37225,-75.83986667,1.0,18.37,NaN,30.19,0.18,244.1
2018-07-11T05:00:00Z,BUD,Budds_Landing,39.37225,-75.83986667,1.0,18.13,NaN,30.1,0.18,240.5
2018-07-11T05:15:00Z,BUD,Budds_Landing,39.37225,-75.83986667,1.0,17.61,NaN,30.1,0.18,233.5
2018-07-11T05:30:00Z,BUD,Budds_Landing,39.37225,-75.83986667,1.0,17.35,NaN,30.05,0.18,230.0
2018-07-11T05:45:00Z,BUD,Budds_Landing,39.37225,-75.83986667,1.0,17.41,NaN,30.0,0.18,230.5
2018-07-11T06:00:00Z,BUD,Budds_Landing,39.37225,-75.83986667,1.0,17.59,NaN,30.01,0.17,232.9
2018-07-11T06:15:00Z,BUD,Budds_Landing,39.37225,-75.83986667,1.0,16.51,NaN,29.93,0.18,218.3
2018-07-11T06:30:00Z,BUD,Budds_Landing,39.37225,-75.83986667,1.0,16.05,NaN,29.8,0.19,211.9
2018-07-11T06:45:00Z,BUD,Budds_Landing,39.37225,-75.83986667,1.0,15.75,NaN,29.72,0.19,207.6
2018-07-11T07:00:00Z,BUD,Budds_Landing,39.37225,-75.83986667,1.0,15.1,NaN,29.61,0.19,198.6
2018-07-11T07:15:00Z,BUD,Budds_Landing,39.37225,-75.83986667,1.0,15.22,NaN,29.52,0.19,199.9
2018-07-11T07:30:00Z,BUD,Budds_Landing,39.37225,-75.83986667,1.0,15.52,NaN,29.55,0.19,203.9
2018-07-11T07:45:00Z,BUD,Budds_Landing,39.37225,-75.83986667,1.0,15.44,NaN,29.64,0.19,203.2
2018-07-11T08:00:00Z,BUD,Budds_Landing,39.37225,-75.83986667,1.0,15.4,NaN,29.6,0.19,202.5
2018-07-11T08:15:00Z,BUD,Budds_Landing,39.37225,-75.83986667,1.0,14.78,NaN,29.39,0.19,193.6
2018-07-11T08:30:00Z,BUD,Budds_Landing,39.37225,-75.83986667,1.0,14.32,NaN,29.18,0.2,187.0
2018-07-11T08:45:00Z,BUD,Budds_Landing,39.37225,-75.83986667,1.0,13.98,NaN,29.12,0.2,182.4
2018-07-11T09:00:00Z,BUD,Budds_Landing,39.37225,-75.83986667,1.0,13.7,NaN,29.07,0.2,178.5
2018-07-11T09:15:00Z,BUD,Budds_Landing,39.37225,-75.83986667,1.0,13.38,NaN,29.11,0.2,174.5
2018-07-11T09:30:00Z,BUD,Budds_Landing,39.37225,-75.83986667,1.0,13.12,NaN,29.1,0.2,171.0
2018-07-11T09:45:00Z,BUD,Budds_Landing,39.37225,-75.83986667,1.0,12.9,NaN,29.04,0.21,168.0
2018-07-11T10:00:00Z,BUD,Budds_Landing,39.37225,-75.83986667,1.0,12.62,NaN,29.0,0.21,164.3
2018-07-11T10:15:00Z,BUD,Budds_Landing,39.37225,-75.83986667,1.0,12.23,NaN,28.92,0.21,158.9
2018-07-11T10:30:00Z,BUD,Budds_Landing,39.37225,-75.83986667,1.0,12.17,NaN,28.88,0.21,158.0
2018-07-11T10:45:00Z,BUD,Budds_Landing,39.37225,-75.83986667,1.0,12.0,NaN,28.87,0.21,155.8
2018-07-11T11:00:00Z,BUD,Budds_Landing,39.37225,-75.83986667,1.0,11.96,NaN,28.87,0.21,155.4
2018-07-11T11:15:00Z,BUD,Budds_Landing,39.37225,-75.83986667,1.0,11.9,NaN,28.88,0.21,154.6
2018-07-11T11:30:00Z,BUD,Budds_Landing,39.37225,-75.83986667,1.0,11.72,NaN,28.88,0.21,152.2
2018-07-11T11:45:00Z,BUD,Budds_Landing,39.37225,-75.83986667,1.0,11.44,NaN,28.88,0.21,148.6
2018-07-11T12:00:00Z,BUD,Budds_Landing,39.37225,-75.83986667,1.0,10.95,NaN,28.87,0.21,142.3
2018-07-11T12:15:00Z,BUD,Budds_Landing,39.37225,-75.83986667,1.0,10.78,NaN,28.78,0.21,139.7
2018-07-11T12:30:00Z,BUD,Budds_Landing,39.37225,-75.83986667,1.0,11.38,NaN,28.8,0.21,147.6
2018-07-11T12:45:00Z,BUD,Budds_Landing,39.37225,-75.83986667,1.0,11.47,NaN,28.85,0.21,148.9
2018-07-11T13:00:00Z,BUD,Budds_Landing,39.37225,-75.83986667,1.0,11.48,NaN,28.87,0.21,149.1
2018-07-11T13:15:00Z,BUD,Budds_Landing,39.37225,-75.83986667,1.0,12.1,NaN,28.93,0.2,157.3
2018-07-11T13:30:00Z,BUD,Budds_Landing,39.37225,-75.83986667,1.0,12.33,NaN,28.96,0.2,160.4
2018-07-11T13:45:00Z,BUD,Budds_Landing,39.37225,-75.83986667,1.0,12.2,NaN,28.95,0.21,158.7
2018-07-11T14:00:00Z,BUD,Budds_Landing,39.37225,-75.83986667,1.0,12.48,NaN,29.01,0.21,162.4
2018-07-11T14:15:00Z,BUD,Budds_Landing,39.37225,-75.83986667,1.0,13.32,NaN,29.12,0.2,173.8
2018-07-11T14:30:00Z,BUD,Budds_Landing,39.37225,-75.83986667,1.0,14.36,NaN,29.27,0.21,187.7
2018-07-11T14:45:00Z,BUD,Budds_Landing,39.37225,-75.83986667,1.0,14.65,NaN,29.32,0.2,191.7
2018-07-11T15:00:00Z,BUD,Budds_Landing,39.37225,-75.83986667,1.0,13.89,NaN,29.25,0.2,181.6
2018-07-11T15:15:00Z,BUD,Budds_Landing,39.37225,-75.83986667,1.0,13.8,NaN,29.23,0.2,180.3
2018-07-11T15:30:00Z,BUD,Budds_Landing,39.37225,-75.83986667,1.0,13.97,NaN,29.29,0.2,182.7
2018-07-11T15:45:00Z,BUD,Budds_Landing,39.37225,-75.83986667,1.0,13.91,NaN,29.3,0.2,182.0
2018-07-11T16:00:00Z,BUD,Budds_Landing,39.37225,-75.83986667,1.0,14.56,NaN,29.42,0.19,190.9
2018-07-11T16:15:00Z,BUD,Budds_Landing,39.37225,-75.83986667,1.0,14.64,NaN,29.43,0.19,191.9
2018-07-11T16:30:00Z,BUD,Budds_Landing,39.37225,-75.83986667,1.0,14.42,NaN,29.44,0.19,189.1
2018-07-11T16:45:00Z,BUD,Budds_Landing,39.37225,-75.83986667,1.0,14.63,NaN,29.55,0.19,192.3
2018-07-11T17:00:00Z,BUD,Budds_Landing,39.37225,-75.83986667,1.0,14.78,NaN,29.54,0.19,194.1
2018-07-11T17:15:00Z,BUD,Budds_Landing,39.37225,-75.83986667,1.0,15.07,NaN,29.59,0.19,198.2
2018-07-11T17:30:00Z,BUD,Budds_Landing,39.37225,-75.83986667,1.0,15.87,NaN,29.78,0.19,209.3
2018-07-11T17:45:00Z,BUD,Budds_Landing,39.37225,-75.83986667,1.0,16.5,NaN,29.94,0.19,218.2
2018-07-11T18:00:00Z,BUD,Budds_Landing,39.37225,-75.83986667,1.0,16.7,NaN,29.89,0.18,220.8
2018-07-11T18:15:00Z,BUD,Budds_Landing,39.37225,-75.83986667,1.0,17.04,NaN,29.98,0.17,225.5
2018-07-11T18:30:00Z,BUD,Budds_Landing,39.37225,-75.83986667,1.0,16.5,NaN,29.87,0.18,218.0
2018-07-11T18:45:00Z,BUD,Budds_Landing,39.37225,-75.83986667,1.0,15.7,NaN,29.85,0.18,207.4
2018-07-11T19:00:00Z,BUD,Budds_Landing,39.37225,-75.83986667,1.0,16.26,NaN,29.99,0.18,215.2
2018-07-11T19:15:00Z,BUD,Budds_Landing,39.37225,-75.83986667,1.0,17.05,NaN,30.05,0.18,225.9
2018-07-11T19:30:00Z,BUD,Budds_Landing,39.37225,-75.83986667,1.0,17.52,NaN,30.11,0.18,232.4
2018-07-11T19:45:00Z,BUD,Budds_Landing,39.37225,-75.83986667,1.0,17.95,NaN,30.14,0.18,238.3
2018-07-11T20:00:00Z,BUD,Budds_Landing,39.37225,-75.83986667,1.0,17.79,NaN,30.3,0.18,236.8
2018-07-11T20:15:00Z,BUD,Budds_Landing,39.37225,-75.83986667,1.0,17.8,NaN,30.43,0.17,237.4
2018-07-11T20:30:00Z,BUD,Budds_Landing,39.37225,-75.83986667,1.0,17.36,NaN,30.41,0.19,231.5
2018-07-11T20:45:00Z,BUD,Budds_Landing,39.37225,-75.83986667,1.0,21.58,NaN,31.47,0.18,293.0
2018-07-11T21:00:00Z,BUD,Budds_Landing,39.37225,-75.83986667,1.0,19.88,NaN,31.06,0.19,268.1
2018-07-11T21:15:00Z,BUD,Budds_Landing,39.37225,-75.83986667,1.0,19.1,NaN,30.78,0.18,256.4
2018-07-11T21:30:00Z,BUD,Budds_Landing,39.37225,-75.83986667,1.0,19.24,NaN,30.74,0.19,258.0
2018-07-11T21:45:00Z,BUD,Budds_Landing,39.37225,-75.83986667,1.0,19.73,NaN,30.99,0.19,265.7
2018-07-11T22:00:00Z,BUD,Budds_Landing,39.37225,-75.83986667,1.0,19.35,NaN,30.94,0.2,260.4
2018-07-11T22:15:00Z,BUD,Budds_Landing,39.37225,-75.83986667,1.0,19.51,NaN,31.01,0.2,263.0
2018-07-11T22:30:00Z,BUD,Budds_Landing,39.37225,-75.83986667,1.0,19.45,NaN,30.97,0.2,261.9
2018-07-11T22:45:00Z,BUD,Budds_Landing,39.37225,-75.83986667,1.0,18.95,NaN,30.88,0.2,254.8
2018-07-11T23:00:00Z,BUD,Budds_Landing,39.37225,-75.83986667,1.0,18.12,NaN,30.76,0.2,243.2
2018-07-11T23:15:00Z,BUD,Budds_Landing,39.37225,-75.83986667,1.0,17.82,NaN,30.71,0.2,238.9
2018-07-11T23:30:00Z,BUD,Budds_Landing,39.37225,-75.83986667,1.0,17.48,NaN,30.69,0.2,234.3
2018-07-11T23:45:00Z,BUD,Budds_Landing,39.37225,-75.83986667,1.0,17.45,NaN,30.67,0.2,233.8
2018-07-12T00:00:00Z,BUD,Budds_Landing,39.37225,-75.83986667,1.0,17.39,NaN,30.66,0.2,233.0
2018-07-12T00:15:00Z,BUD,Budds_Landing,39.37225,-75.83986667,1.0,17.58,NaN,30.65,0.2,235.5
2018-07-12T00:30:00Z,BUD,Budds_Landing,39.37225,-75.83986667,1.0,17.89,NaN,30.66,0.2,239.6
2018-07-12T00:45:00Z,BUD,Budds_Landing,39.37225,-75.83986667,1.0,18.52,NaN,30.65,0.21,248.1
2018-07-12T01:00:00Z,BUD,Budds_Landing,39.37225,-75.83986667,1.0,18.26,NaN,30.6,0.21,244.3
2018-07-12T01:15:00Z,BUD,Budds_Landing,39.37225,-75.83986667,1.0,17.79,NaN,30.58,0.21,237.9
2018-07-12T01:30:00Z,BUD,Budds_Landing,39.37225,-75.83986667,1.0,17.14,NaN,30.58,0.2,229.2
2018-07-12T01:45:00Z,BUD,Budds_Landing,39.37225,-75.83986667,1.0,17.06,NaN,30.63,0.2,228.4
2018-07-12T02:00:00Z,BUD,Budds_Landing,39.37225,-75.83986667,1.0,17.21,NaN,30.64,0.2,230.4
2018-07-12T02:15:00Z,BUD,Budds_Landing,39.37225,-75.83986667,1.0,18.04,NaN,30.59,0.2,241.3
2018-07-12T02:30:00Z,BUD,Budds_Landing,39.37225,-75.83986667,1.0,18.07,NaN,30.5,0.2,241.3
2018-07-12T02:45:00Z,BUD,Budds_Landing,39.37225,-75.83986667,1.0,17.9,NaN,30.42,0.2,238.8
2018-07-12T03:00:00Z,BUD,Budds_Landing,39.37225,-75.83986667,1.0,17.06,NaN,30.27,0.19,227.0
2018-07-12T03:15:00Z,BUD,Budds_Landing,39.37225,-75.83986667,1.0,16.41,NaN,30.23,0.19,218.2
2018-07-12T03:30:00Z,BUD,Budds_Landing,39.37225,-75.83986667,1.0,16.12,NaN,30.22,0.18,214.3
2018-07-12T03:45:00Z,BUD,Budds_Landing,39.37225,-75.83986667,1.0,16.81,NaN,30.31,0.18,223.8
2018-07-12T04:00:00Z,BUD,Budds_Landing,39.37225,-75.83986667,1.0,16.15,NaN,30.26,0.18,214.8
2018-07-12T04:15:00Z,BUD,Budds_Landing,39.37225,-75.83986667,1.0,16.63,NaN,30.26,0.18,221.1
2018-07-12T04:30:00Z,BUD,Budds_Landing,39.37225,-75.83986667,1.0,16.75,NaN,30.23,0.18,222.7
2018-07-12T04:45:00Z,BUD,Budds_Landing,39.37225,-75.83986667,1.0,16.83,NaN,30.16,0.18,223.4
2018-07-12T05:00:00Z,BUD,Budds_Landing,39.37225,-75.83986667,1.0,16.05,NaN,30.09,0.18,212.9
2018-07-12T05:15:00Z,BUD,Budds_Landing,39.37225,-75.83986667,1.0,16.42,NaN,29.8,0.17,216.6
2018-07-12T05:30:00Z,BUD,Budds_Landing,39.37225,-75.83986667,1.0,15.87,NaN,29.75,0.17,209.3
2018-07-12T05:45:00Z,BUD,Budds_Landing,39.37225,-75.83986667,1.0,15.97,NaN,29.74,0.16,210.5
2018-07-12T06:00:00Z,BUD,Budds_Landing,39.37225,-75.83986667,1.0,15.06,NaN,29.75,0.16,198.6
2018-07-12T06:15:00Z,BUD,Budds_Landing,39.37225,-75.83986667,1.0,14.88,NaN,29.72,0.16,196.1
2018-07-12T06:30:00Z,BUD,Budds_Landing,39.37225,-75.83986667,1.0,15.36,NaN,29.71,0.16,202.4
2018-07-12T06:45:00Z,BUD,Budds_Landing,39.37225,-75.83986667,1.0,15.07,NaN,29.65,0.16,198.4
2018-07-12T07:00:00Z,BUD,Budds_Landing,39.37225,-75.83986667,1.0,15.0,NaN,29.59,0.16,197.2
2018-07-12T07:15:00Z,BUD,Budds_Landing,39.37225,-75.83986667,1.0,14.91,NaN,29.67,0.15,196.3
2018-07-12T07:30:00Z,BUD,Budds_Landing,39.37225,-75.83986667,1.0,14.84,NaN,29.58,0.16,195.0
2018-07-12T07:45:00Z,BUD,Budds_Landing,39.37225,-75.83986667,1.0,14.95,NaN,29.39,0.17,195.8
2018-07-12T08:00:00Z,BUD,Budds_Landing,39.37225,-75.83986667,1.0,14.09,NaN,29.32,0.18,184.4
2018-07-12T08:15:00Z,BUD,Budds_Landing,39.37225,-75.83986667,1.0,14.27,NaN,29.39,0.18,187.0
2018-07-12T08:30:00Z,BUD,Budds_Landing,39.37225,-75.83986667,1.0,14.38,NaN,29.41,0.18,188.5
2018-07-12T08:45:00Z,BUD,Budds_Landing,39.37225,-75.83986667,1.0,13.2,NaN,29.24,0.2,172.5
2018-07-12T09:00:00Z,BUD,Budds_Landing,39.37225,-75.83986667,1.0,13.05,NaN,29.13,0.2,170.2
2018-07-12T09:15:00Z,BUD,Budds_Landing,39.37225,-75.83986667,1.0,12.79,NaN,29.19,0.2,167.0
2018-07-12T09:30:00Z,BUD,Budds_Landing,39.37225,-75.83986667,1.0,12.51,NaN,29.15,0.2,163.3
2018-07-12T09:45:00Z,BUD,Budds_Landing,39.37225,-75.83986667,1.0,12.35,NaN,29.1,0.2,161.0
2018-07-12T10:00:00Z,BUD,Budds_Landing,39.37225,-75.83986667,1.0,12.1,NaN,29.04,0.2,157.6
2018-07-12T10:15:00Z,BUD,Budds_Landing,39.37225,-75.83986667,1.0,12.02,NaN,29.03,0.2,156.6
2018-07-12T10:30:00Z,BUD,Budds_Landing,39.37225,-75.83986667,1.0,11.93,NaN,29.01,0.21,155.3
2018-07-12T10:45:00Z,BUD,Budds_Landing,39.37225,-75.83986667,1.0,11.82,NaN,29.02,0.21,153.9
2018-07-12T11:00:00Z,BUD,Budds_Landing,39.37225,-75.83986667,1.0,11.64,NaN,29.02,0.21,151.6
2018-07-12T11:15:00Z,BUD,Budds_Landing,39.37225,-75.83986667,1.0,11.47,NaN,28.97,0.21,149.2
2018-07-12T11:30:00Z,BUD,Budds_Landing,39.37225,-75.83986667,1.0,11.03,NaN,28.91,0.21,143.4
2018-07-12T11:45:00Z,BUD,Budds_Landing,39.37225,-75.83986667,1.0,10.71,NaN,28.91,0.21,139.2
2018-07-12T12:00:00Z,BUD,Budds_Landing,39.37225,-75.83986667,1.0,10.74,NaN,28.87,0.22,139.5
2018-07-12T12:15:00Z,BUD,Budds_Landing,39.37225,-75.83986667,1.0,10.56,NaN,28.86,0.22,137.1
2018-07-12T12:30:00Z,BUD,Budds_Landing,39.37225,-75.83986667,1.0,10.42,NaN,28.87,0.22,135.4
2018-07-12T12:45:00Z,BUD,Budds_Landing,39.37225,-75.83986667,1.0,10.57,NaN,28.87,0.22,137.3
2018-07-12T13:00:00Z,BUD,Budds_Landing,39.37225,-75.83986667,1.0,10.29,NaN,28.86,0.22,133.7
2018-07-12T13:15:00Z,BUD,Budds_Landing,39.37225,-75.83986667,1.0,10.18,NaN,28.87,0.22,132.1
2018-07-12T13:30:00Z,BUD,Budds_Landing,39.37225,-75.83986667,1.0,10.37,NaN,28.85,0.22,134.7
2018-07-12T13:45:00Z,BUD,Budds_Landing,39.37225,-75.83986667,1.0,9.66,NaN,28.86,0.22,125.5
2018-07-12T14:00:00Z,BUD,Budds_Landing,39.37225,-75.83986667,1.0,10.28,NaN,28.85,0.21,133.4
2018-07-12T14:15:00Z,BUD,Budds_Landing,39.37225,-75.83986667,1.0,10.31,NaN,28.86,0.21,133.9
2018-07-12T14:30:00Z,BUD,Budds_Landing,39.37225,-75.83986667,1.0,10.48,NaN,28.82,0.21,136.0
2018-07-12T14:45:00Z,BUD,Budds_Landing,39.37225,-75.83986667,1.0,11.44,NaN,28.82,0.2,148.4
2018-07-12T15:00:00Z,BUD,Budds_Landing,39.37225,-75.83986667,1.0,10.97,NaN,28.79,0.2,142.3
2018-07-12T15:15:00Z,BUD,Budds_Landing,39.37225,-75.83986667,1.0,10.86,NaN,28.84,0.2,141.0
2018-07-12T15:30:00Z,BUD,Budds_Landing,39.37225,-75.83986667,1.0,10.93,NaN,28.87,0.2,141.9
2018-07-12T15:45:00Z,BUD,Budds_Landing,39.37225,-75.83986667,1.0,11.73,NaN,29.03,0.2,152.8
2018-07-12T16:00:00Z,BUD,Budds_Landing,39.37225,-75.83986667,1.0,12.45,NaN,29.19,0.2,162.5
2018-07-12T16:15:00Z,BUD,Budds_Landing,39.37225,-75.83986667,1.0,12.99,NaN,29.33,0.21,170.0
2018-07-12T16:30:00Z,BUD,Budds_Landing,39.37225,-75.83986667,1.0,13.02,NaN,29.36,0.2,170.5
2018-07-12T16:45:00Z,BUD,Budds_Landing,39.37225,-75.83986667,1.0,13.14,NaN,29.46,0.2,172.5
2018-07-12T17:00:00Z,BUD,Budds_Landing,39.37225,-75.83986667,1.0,14.06,NaN,29.62,0.2,185.1
2018-07-12T17:15:00Z,BUD,Budds_Landing,39.37225,-75.83986667,1.0,14.36,NaN,29.56,0.2,188.7
2018-07-12T17:30:00Z,BUD,Budds_Landing,39.37225,-75.83986667,1.0,15.55,NaN,29.9,0.2,205.6
2018-07-12T17:45:00Z,BUD,Budds_Landing,39.37225,-75.83986667,1.0,15.91,NaN,30.0,0.2,210.6
2018-07-12T18:00:00Z,BUD,Budds_Landing,39.37225,-75.83986667,1.0,16.27,NaN,29.97,0.19,215.4
2018-07-12T18:15:00Z,BUD,Budds_Landing,39.37225,-75.83986667,1.0,16.15,NaN,29.88,0.19,213.5
2018-07-12T18:30:00Z,BUD,Budds_Landing,39.37225,-75.83986667,1.0,15.46,NaN,29.8,0.19,204.1
2018-07-12T18:45:00Z,BUD,Budds_Landing,39.37225,-75.83986667,1.0,15.39,NaN,29.84,0.19,203.3
2018-07-12T19:00:00Z,BUD,Budds_Landing,39.37225,-75.83986667,1.0,17.23,NaN,30.5,0.19,230.2
2018-07-12T19:15:00Z,BUD,Budds_Landing,39.37225,-75.83986667,1.0,18.05,NaN,30.16,0.19,239.7
2018-07-12T19:30:00Z,BUD,Budds_Landing,39.37225,-75.83986667,1.0,16.8,NaN,30.31,0.19,223.6
2018-07-12T19:45:00Z,BUD,Budds_Landing,39.37225,-75.83986667,1.0,16.49,NaN,30.59,0.2,220.7
2018-07-12T20:00:00Z,BUD,Budds_Landing,39.37225,-75.83986667,1.0,19.6,NaN,31.05,0.21,264.3
2018-07-12T20:15:00Z,BUD,Budds_Landing,39.37225,-75.83986667,1.0,18.96,NaN,31.05,0.21,255.6
2018-07-12T20:30:00Z,BUD,Budds_Landing,39.37225,-75.83986667,1.0,18.46,NaN,31.06,0.21,249.0
2018-07-12T20:45:00Z,BUD,Budds_Landing,39.37225,-75.83986667,1.0,18.87,NaN,30.79,0.19,253.2
2018-07-12T21:00:00Z,BUD,Budds_Landing,39.37225,-75.83986667,1.0,18.89,NaN,30.53,0.19,252.4
2018-07-12T21:15:00Z,BUD,Budds_Landing,39.37225,-75.83986667,1.0,20.54,NaN,30.95,0.19,276.4
2018-07-12T21:30:00Z,BUD,Budds_Landing,39.37225,-75.83986667,1.0,21.23,NaN,31.1,0.21,286.5
2018-07-12T21:45:00Z,BUD,Budds_Landing,39.37225,-75.83986667,1.0,22.42,NaN,31.24,0.21,303.4
2018-07-12T22:00:00Z,BUD,Budds_Landing,39.37225,-75.83986667,1.0,23.16,NaN,31.21,0.21,313.1
2018-07-12T22:15:00Z,BUD,Budds_Landing,39.37225,-75.83986667,1.0,22.23,NaN,31.0,0.21,299.5
2018-07-12T22:30:00Z,BUD,Budds_Landing,39.37225,-75.83986667,1.0,21.58,NaN,30.83,0.21,290.0
2018-07-12T22:45:00Z,BUD,Budds_Landing,39.37225,-75.83986667,1.0,19.37,NaN,30.53,0.21,258.9
2018-07-12T23:00:00Z,BUD,Budds_Landing,39.37225,-75.83986667,1.0,18.45,NaN,30.41,0.22,246.1
2018-07-12T23:15:00Z,BUD,Budds_Landing,39.37225,-75.83986667,1.0,17.92,NaN,30.37,0.22,238.8
2018-07-12T23:30:00Z,BUD,Budds_Landing,39.37225,-75.83986667,1.0,17.24,NaN,30.32,0.22,229.5
2018-07-12T23:45:00Z,BUD,Budds_Landing,39.37225,-75.83986667,1.0,17.33,NaN,30.31,0.22,230.8
2018-07-13T00:00:00Z,BUD,Budds_Landing,39.37225,-75.83986667,1.0,17.22,NaN,30.28,0.22,229.2
2018-07-13T00:15:00Z,BUD,Budds_Landing,39.37225,-75.83986667,1.0,17.14,NaN,30.24,0.22,228.0
2018-07-13T00:30:00Z,BUD,Budds_Landing,39.37225,-75.83986667,1.0,16.46,NaN,30.14,0.22,218.6
2018-07-13T00:45:00Z,BUD,Budds_Landing,39.37225,-75.83986667,1.0,15.88,NaN,30.06,0.22,210.5
2018-07-13T01:00:00Z,BUD,Budds_Landing,39.37225,-75.83986667,1.0,15.31,NaN,30.05,0.22,202.9
2018-07-13T01:15:00Z,BUD,Budds_Landing,39.37225,-75.83986667,1.0,14.84,NaN,30.0,0.22,196.5
2018-07-13T01:30:00Z,BUD,Budds_Landing,39.37225,-75.83986667,1.0,14.53,NaN,29.97,0.22,192.3
2018-07-13T01:45:00Z,BUD,Budds_Landing,39.37225,-75.83986667,1.0,14.99,NaN,29.96,0.22,198.5
2018-07-13T02:00:00Z,BUD,Budds_Landing,39.37225,-75.83986667,1.0,14.39,NaN,29.93,0.22,190.4
2018-07-13T02:15:00Z,BUD,Budds_Landing,39.37225,-75.83986667,1.0,13.76,NaN,29.93,0.22,182.0
2018-07-13T02:30:00Z,BUD,Budds_Landing,39.37225,-75.83986667,1.0,13.57,NaN,29.65,0.22,178.6
2018-07-13T02:45:00Z,BUD,Budds_Landing,39.37225,-75.83986667,1.0,13.63,NaN,29.59,0.22,179.3
2018-07-13T03:00:00Z,BUD,Budds_Landing,39.37225,-75.83986667,1.0,13.63,NaN,29.54,0.21,179.1
2018-07-13T03:15:00Z,BUD,Budds_Landing,39.37225,-75.83986667,1.0,14.99,NaN,29.59,0.21,197.1
2018-07-13T03:30:00Z,BUD,Budds_Landing,39.37225,-75.83986667,1.0,15.31,NaN,29.66,0.21,201.6
2018-07-13T03:45:00Z,BUD,Budds_Landing,39.37225,-75.83986667,1.0,14.01,NaN,29.51,0.21,184.0
2018-07-13T04:00:00Z,BUD,Budds_Landing,39.37225,-75.83986667,1.0,14.95,NaN,29.54,0.21,196.4
2018-07-13T04:15:00Z,BUD,Budds_Landing,39.37225,-75.83986667,1.0,14.99,NaN,29.45,0.21,196.7
2018-07-13T04:30:00Z,BUD,Budds_Landing,39.37225,-75.83986667,1.0,14.53,NaN,29.37,0.21,190.4
2018-07-13T04:45:00Z,BUD,Budds_Landing,39.37225,-75.83986667,1.0,15.41,NaN,29.35,0.2,201.8
2018-07-13T05:00:00Z,BUD,Budds_Landing,39.37225,-75.83986667,1.0,14.9,NaN,29.28,0.2,194.8
2018-07-13T05:15:00Z,BUD,Budds_Landing,39.37225,-75.83986667,1.0,15.16,NaN,29.42,0.2,198.8
2018-07-13T05:30:00Z,BUD,Budds_Landing,39.37225,-75.83986667,1.0,14.47,NaN,29.18,0.2,188.9
2018-07-13T05:45:00Z,BUD,Budds_Landing,39.37225,-75.83986667,1.0,14.78,NaN,29.22,0.19,193.1
2018-07-13T06:00:00Z,BUD,Budds_Landing,39.37225,-75.83986667,1.0,14.41,NaN,29.2,0.2,188.2
2018-07-13T06:15:00Z,BUD,Budds_Landing,39.37225,-75.83986667,1.0,13.27,NaN,29.08,0.2,173.0
2018-07-13T06:30:00Z,BUD,Budds_Landing,39.37225,-75.83986667,1.0,13.3,NaN,29.03,0.2,173.2
2018-07-13T06:45:00Z,BUD,Budds_Landing,39.37225,-75.83986667,1.0,13.4,NaN,28.95,0.19,174.2
2018-07-13T07:00:00Z,BUD,Budds_Landing,39.37225,-75.83986667,1.0,13.47,NaN,28.94,0.19,175.1
2018-07-13T07:15:00Z,BUD,Budds_Landing,39.37225,-75.83986667,1.0,13.55,NaN,28.96,0.19,176.3
2018-07-13T07:30:00Z,BUD,Budds_Landing,39.37225,-75.83986667,1.0,13.52,NaN,28.9,0.19,175.6
2018-07-13T07:45:00Z,BUD,Budds_Landing,39.37225,-75.83986667,1.0,14.02,NaN,28.79,0.18,181.7
2018-07-13T08:00:00Z,BUD,Budds_Landing,39.37225,-75.83986667,1.0,13.78,NaN,28.81,0.19,178.7
2018-07-13T08:15:00Z,BUD,Budds_Landing,39.37225,-75.83986667,1.0,13.73,NaN,28.79,0.19,178.0
2018-07-13T08:30:00Z,BUD,Budds_Landing,39.37225,-75.83986667,1.0,13.67,NaN,28.77,0.19,177.2
2018-07-13T08:45:00Z,BUD,Budds_Landing,39.37225,-75.83986667,1.0,13.44,NaN,28.67,0.19,173.9
2018-07-13T09:00:00Z,BUD,Budds_Landing,39.37225,-75.83986667,1.0,12.85,NaN,28.56,0.2,165.9
2018-07-13T09:15:00Z,BUD,Budds_Landing,39.37225,-75.83986667,1.0,13.03,NaN,28.58,0.19,168.3
2018-07-13T09:30:00Z,BUD,Budds_Landing,39.37225,-75.83986667,1.0,12.74,NaN,28.56,0.2,164.6
2018-07-13T09:45:00Z,BUD,Budds_Landing,39.37225,-75.83986667,1.0,12.23,NaN,28.47,0.2,157.7
2018-07-13T10:00:00Z,BUD,Budds_Landing,39.37225,-75.83986667,1.0,11.35,NaN,28.32,0.21,145.9
2018-07-13T10:15:00Z,BUD,Budds_Landing,39.37225,-75.83986667,1.0,11.12,NaN,28.39,0.21,143.2
2018-07-13T10:30:00Z,BUD,Budds_Landing,39.37225,-75.83986667,1.0,10.97,NaN,28.39,0.21,141.3
2018-07-13T10:45:00Z,BUD,Budds_Landing,39.37225,-75.83986667,1.0,10.88,NaN,28.4,0.21,140.1
2018-07-13T11:00:00Z,BUD,Budds_Landing,39.37225,-75.83986667,1.0,10.82,NaN,28.41,0.21,139.3
2018-07-13T11:15:00Z,BUD,Budds_Landing,39.37225,-75.83986667,1.0,10.68,NaN,28.37,0.21,137.5
2018-07-13T11:30:00Z,BUD,Budds_Landing,39.37225,-75.83986667,1.0,10.49,NaN,28.43,0.21,135.2
2018-07-13T11:45:00Z,BUD,Budds_Landing,39.37225,-75.83986667,1.0,10.32,NaN,28.47,0.22,133.2
2018-07-13T12:00:00Z,BUD,Budds_Landing,39.37225,-75.83986667,1.0,10.5,NaN,28.52,0.22,135.6
2018-07-13T12:15:00Z,BUD,Budds_Landing,39.37225,-75.83986667,1.0,10.5,NaN,28.54,0.22,135.6
2018-07-13T12:30:00Z,BUD,Budds_Landing,39.37225,-75.83986667,1.0,10.41,NaN,28.53,0.22,134.4
2018-07-13T12:45:00Z,BUD,Budds_Landing,39.37225,-75.83986667,1.0,10.36,NaN,28.53,0.22,133.8
2018-07-13T13:00:00Z,BUD,Budds_Landing,39.37225,-75.83986667,1.0,10.26,NaN,28.56,0.22,132.6
2018-07-13T13:15:00Z,BUD,Budds_Landing,39.37225,-75.83986667,1.0,10.03,NaN,28.58,0.22,129.6
2018-07-13T13:30:00Z,BUD,Budds_Landing,39.37225,-75.83986667,1.0,9.69,NaN,28.58,0.22,125.2
2018-07-13T13:45:00Z,BUD,Budds_Landing,39.37225,-75.83986667,1.0,9.45,NaN,28.6,0.22,122.2
2018-07-13T14:00:00Z,BUD,Budds_Landing,39.37225,-75.83986667,1.0,9.57,NaN,28.59,0.22,123.7
2018-07-13T14:15:00Z,BUD,Budds_Landing,39.37225,-75.83986667,1.0,9.14,NaN,28.55,0.22,118.0
2018-07-13T14:30:00Z,BUD,Budds_Landing,39.37225,-75.83986667,1.0,12.84,NaN,28.46,0.21,165.5
2018-07-13T14:45:00Z,BUD,Budds_Landing,39.37225,-75.83986667,1.0,12.04,NaN,28.42,0.21,155.2
2018-07-13T15:00:00Z,BUD,Budds_Landing,39.37225,-75.83986667,1.0,11.33,NaN,28.39,0.21,145.9
2018-07-13T15:15:00Z,BUD,Budds_Landing,39.37225,-75.83986667,1.0,10.74,NaN,28.38,0.21,138.2
2018-07-13T15:30:00Z,BUD,Budds_Landing,39.37225,-75.83986667,1.0,10.48,NaN,28.38,0.21,135.0
2018-07-13T15:45:00Z,BUD,Budds_Landing,39.37225,-75.83986667,1.0,10.43,NaN,28.45,0.21,134.5
2018-07-13T16:00:00Z,BUD,Budds_Landing,39.37225,-75.83986667,1.0,11.24,NaN,28.63,0.21,145.4
2018-07-13T16:15:00Z,BUD,Budds_Landing,39.37225,-75.83986667,1.0,11.61,NaN,28.71,0.21,150.3
2018-07-13T16:30:00Z,BUD,Budds_Landing,39.37225,-75.83986667,1.0,12.2,NaN,28.81,0.21,158.2
2018-07-13T16:45:00Z,BUD,Budds_Landing,39.37225,-75.83986667,1.0,11.91,NaN,28.77,0.21,154.4
2018-07-13T17:00:00Z,BUD,Budds_Landing,39.37225,-75.83986667,1.0,12.48,NaN,28.78,0.21,161.8
2018-07-13T17:15:00Z,BUD,Budds_Landing,39.37225,-75.83986667,1.0,13.35,NaN,28.88,0.2,173.4
2018-07-13T17:30:00Z,BUD,Budds_Landing,39.37225,-75.83986667,1.0,13.79,NaN,28.89,0.2,179.2
2018-07-13T17:45:00Z,BUD,Budds_Landing,39.37225,-75.83986667,1.0,14.06,NaN,28.96,0.2,182.9
2018-07-13T18:00:00Z,BUD,Budds_Landing,39.37225,-75.83986667,1.0,13.88,NaN,28.93,0.2,180.5
2018-07-13T18:15:00Z,BUD,Budds_Landing,39.37225,-75.83986667,1.0,14.37,NaN,28.95,0.2,186.8
2018-07-13T18:30:00Z,BUD,Budds_Landing,39.37225,-75.83986667,1.0,14.29,NaN,28.96,0.2,185.8
2018-07-13T18:45:00Z,BUD,Budds_Landing,39.37225,-75.83986667,1.0,14.47,NaN,29.0,0.19,188.2
2018-07-13T19:00:00Z,BUD,Budds_Landing,39.37225,-75.83986667,1.0,15.11,NaN,29.12,0.19,197.1
2018-07-13T19:15:00Z,BUD,Budds_Landing,39.37225,-75.83986667,1.0,14.89,NaN,29.13,0.19,194.2
2018-07-13T19:30:00Z,BUD,Budds_Landing,39.37225,-75.83986667,1.0,15.6,NaN,29.13,0.19,203.4
2018-07-13T19:45:00Z,BUD,Budds_Landing,39.37225,-75.83986667,1.0,15.32,NaN,29.18,0.19,200.0
2018-07-13T20:00:00Z,BUD,Budds_Landing,39.37225,-75.83986667,1.0,14.28,NaN,29.09,0.19,186.1
2018-07-13T20:15:00Z,BUD,Budds_Landing,39.37225,-75.83986667,1.0,13.69,NaN,29.18,0.2,178.7
2018-07-13T20:30:00Z,BUD,Budds_Landing,39.37225,-75.83986667,1.0,14.94,NaN,29.3,0.19,195.4
2018-07-13T20:45:00Z,BUD,Budds_Landing,39.37225,-75.83986667,1.0,14.23,NaN,29.24,0.19,186.0
2018-07-13T21:00:00Z,BUD,Budds_Landing,39.37225,-75.83986667,1.0,14.63,NaN,29.56,0.2,192.2
2018-07-13T21:15:00Z,BUD,Budds_Landing,39.37225,-75.83986667,1.0,14.54,NaN,29.57,0.2,191.1
2018-07-13T21:30:00Z,BUD,Budds_Landing,39.37225,-75.83986667,1.0,15.3,NaN,29.46,0.19,200.8
2018-07-13T21:45:00Z,BUD,Budds_Landing,39.37225,-75.83986667,1.0,16.5,NaN,29.89,0.19,218.0
2018-07-13T22:00:00Z,BUD,Budds_Landing,39.37225,-75.83986667,1.0,18.93,NaN,30.5,0.19,252.8
2018-07-13T22:15:00Z,BUD,Budds_Landing,39.37225,-75.83986667,1.0,20.21,NaN,30.48,0.2,269.9
2018-07-13T22:30:00Z,BUD,Budds_Landing,39.37225,-75.83986667,1.0,20.52,NaN,30.33,0.2,273.3
2018-07-13T22:45:00Z,BUD,Budds_Landing,39.37225,-75.83986667,1.0,21.76,NaN,30.56,0.2,291.0
2018-07-13T23:00:00Z,BUD,Budds_Landing,39.37225,-75.83986667,1.0,22.37,NaN,30.52,0.21,299.0
2018-07-13T23:15:00Z,BUD,Budds_Landing,39.37225,-75.83986667,1.0,22.22,NaN,30.53,0.21,297.0
2018-07-13T23:30:00Z,BUD,Budds_Landing,39.37225,-75.83986667,1.0,20.37,NaN,30.44,0.21,271.9
2018-07-13T23:45:00Z,BUD,Budds_Landing,39.37225,-75.83986667,1.0,18.93,NaN,30.26,0.22,251.9
2018-07-14T00:00:00Z,BUD,Budds_Landing,39.37225,-75.83986667,1.0,17.71,NaN,30.11,0.22,235.0
2018-07-14T00:15:00Z,BUD,Budds_Landing,39.37225,-75.83986667,1.0,16.89,NaN,29.94,0.22,223.4
2018-07-14T00:30:00Z,BUD,Budds_Landing,39.37225,-75.83986667,1.0,15.71,NaN,29.78,0.22,207.3
2018-07-14T00:45:00Z,BUD,Budds_Landing,39.37225,-75.83986667,1.0,15.23,NaN,29.72,0.21,200.8
2018-07-14T01:00:00Z,BUD,Budds_Landing,39.37225,-75.83986667,1.0,14.77,NaN,29.66,0.22,194.4
2018-07-14T01:15:00Z,BUD,Budds_Landing,39.37225,-75.83986667,1.0,14.76,NaN,29.66,0.21,194.3
2018-07-14T01:30:00Z,BUD,Budds_Landing,39.37225,-75.83986667,1.0,14.53,NaN,29.67,0.22,191.3
2018-07-14T01:45:00Z,BUD,Budds_Landing,39.37225,-75.83986667,1.0,14.39,NaN,29.65,0.22,189.4
2018-07-14T02:00:00Z,BUD,Budds_Landing,39.37225,-75.83986667,1.0,13.36,NaN,29.54,0.22,175.6
2018-07-14T02:15:00Z,BUD,Budds_Landing,39.37225,-75.83986667,1.0,13.15,NaN,29.46,0.22,172.6
2018-07-14T02:30:00Z,BUD,Budds_Landing,39.37225,-75.83986667,1.0,13.02,NaN,29.43,0.22,170.7
2018-07-14T02:45:00Z,BUD,Budds_Landing,39.37225,-75.83986667,1.0,12.55,NaN,29.44,0.22,164.7
2018-07-14T03:00:00Z,BUD,Budds_Landing,39.37225,-75.83986667,1.0,12.16,NaN,29.44,0.22,159.4
2018-07-14T03:15:00Z,BUD,Budds_Landing,39.37225,-75.83986667,1.0,12.48,NaN,29.44,0.22,163.7
2018-07-14T03:30:00Z,BUD,Budds_Landing,39.37225,-75.83986667,1.0,12.72,NaN,29.4,0.22,166.7
2018-07-14T03:45:00Z,BUD,Budds_Landing,39.37225,-75.83986667,1.0,15.33,NaN,29.1,0.19,199.9
2018-07-14T04:00:00Z,BUD,Budds_Landing,39.37225,-75.83986667,1.0,14.53,NaN,29.16,0.2,189.6
2018-07-14T04:15:00Z,BUD,Budds_Landing,39.37225,-75.83986667,1.0,13.69,NaN,29.1,0.21,178.6
2018-07-14T04:30:00Z,BUD,Budds_Landing,39.37225,-75.83986667,1.0,14.02,NaN,29.07,0.2,182.8
2018-07-14T04:45:00Z,BUD,Budds_Landing,39.37225,-75.83986667,1.0,13.46,NaN,29.03,0.21,175.2
2018-07-14T05:00:00Z,BUD,Budds_Landing,39.37225,-75.83986667,1.0,14.11,NaN,28.93,0.2,183.4
2018-07-14T05:15:00Z,BUD,Budds_Landing,39.37225,-75.83986667,1.0,14.05,NaN,28.85,0.2,182.4
2018-07-14T05:30:00Z,BUD,Budds_Landing,39.37225,-75.83986667,1.0,14.04,NaN,28.8,0.2,182.1
2018-07-14T05:45:00Z,BUD,Budds_Landing,39.37225,-75.83986667,1.0,14.0,NaN,28.79,0.2,181.5
2018-07-14T06:00:00Z,BUD,Budds_Landing,39.37225,-75.83986667,1.0,14.29,NaN,28.88,0.2,185.6
2018-07-14T06:15:00Z,BUD,Budds_Landing,39.37225,-75.83986667,1.0,13.98,NaN,28.74,0.2,181.1
2018-07-14T06:30:00Z,BUD,Budds_Landing,39.37225,-75.83986667,1.0,13.59,NaN,28.6,0.2,175.7
2018-07-14T06:45:00Z,BUD,Budds_Landing,39.37225,-75.83986667,1.0,13.79,NaN,28.62,0.2,178.3
2018-07-14T07:00:00Z,BUD,Budds_Landing,39.37225,-75.83986667,1.0,13.61,NaN,28.52,0.2,175.6
2018-07-14T07:15:00Z,BUD,Budds_Landing,39.37225,-75.83986667,1.0,13.0,NaN,28.36,0.2,167.3
2018-07-14T07:30:00Z,BUD,Budds_Landing,39.37225,-75.83986667,1.0,13.08,NaN,28.31,0.2,168.1
2018-07-14T07:45:00Z,BUD,Budds_Landing,39.37225,-75.83986667,1.0,12.72,NaN,28.25,0.2,163.4
2018-07-14T08:00:00Z,BUD,Budds_Landing,39.37225,-75.83986667,1.0,12.9,NaN,28.09,0.19,165.3
2018-07-14T08:15:00Z,BUD,Budds_Landing,39.37225,-75.83986667,1.0,11.74,NaN,28.06,0.19,150.2
2018-07-14T08:30:00Z,BUD,Budds_Landing,39.37225,-75.83986667,1.0,11.45,NaN,28.01,0.19,146.4
2018-07-14T08:45:00Z,BUD,Budds_Landing,39.37225,-75.83986667,1.0,12.33,NaN,27.99,0.19,157.7
2018-07-14T09:00:00Z,BUD,Budds_Landing,39.37225,-75.83986667,1.0,12.72,NaN,27.95,0.19,162.5
2018-07-14T09:15:00Z,BUD,Budds_Landing,39.37225,-75.83986667,1.0,12.46,NaN,28.06,0.19,159.5
2018-07-14T09:30:00Z,BUD,Budds_Landing,39.37225,-75.83986667,1.0,12.37,NaN,27.93,0.19,158.0
2018-07-14T09:45:00Z,BUD,Budds_Landing,39.37225,-75.83986667,1.0,12.05,NaN,27.89,0.2,153.8
2018-07-14T10:00:00Z,BUD,Budds_Landing,39.37225,-75.83986667,1.0,11.76,NaN,27.85,0.2,149.9
2018-07-14T10:15:00Z,BUD,Budds_Landing,39.37225,-75.83986667,1.0,11.76,NaN,27.79,0.2,149.8
2018-07-14T10:30:00Z,BUD,Budds_Landing,39.37225,-75.83986667,1.0,11.69,NaN,27.76,0.2,148.8
2018-07-14T10:45:00Z,BUD,Budds_Landing,39.37225,-75.83986667,1.0,11.35,NaN,27.75,0.2,144.5
2018-07-14T11:00:00Z,BUD,Budds_Landing,39.37225,-75.83986667,1.0,10.86,NaN,27.76,0.21,138.3
2018-07-14T11:15:00Z,BUD,Budds_Landing,39.37225,-75.83986667,1.0,10.19,NaN,27.78,0.21,129.9
2018-07-14T11:30:00Z,BUD,Budds_Landing,39.37225,-75.83986667,1.0,10.02,NaN,27.77,0.21,127.7
2018-07-14T11:45:00Z,BUD,Budds_Landing,39.37225,-75.83986667,1.0,9.98,NaN,27.83,0.21,127.2
2018-07-14T12:00:00Z,BUD,Budds_Landing,39.37225,-75.83986667,1.0,9.98,NaN,27.88,0.21,127.4
2018-07-14T12:15:00Z,BUD,Budds_Landing,39.37225,-75.83986667,1.0,10.22,NaN,27.97,0.21,130.7
2018-07-14T12:30:00Z,BUD,Budds_Landing,39.37225,-75.83986667,1.0,10.35,NaN,28.05,0.21,132.4
2018-07-14T12:45:00Z,BUD,Budds_Landing,39.37225,-75.83986667,1.0,10.47,NaN,28.14,0.22,134.2
2018-07-14T13:00:00Z,BUD,Budds_Landing,39.37225,-75.83986667,1.0,10.58,NaN,28.23,0.22,135.9
2018-07-14T13:15:00Z,BUD,Budds_Landing,39.37225,-75.83986667,1.0,10.69,NaN,28.28,0.22,137.4
2018-07-14T13:30:00Z,BUD,Budds_Landing,39.37225,-75.83986667,1.0,10.39,NaN,28.31,0.22,133.6
2018-07-14T13:45:00Z,BUD,Budds_Landing,39.37225,-75.83986667,1.0,10.22,NaN,28.32,0.22,131.4
2018-07-14T14:00:00Z,BUD,Budds_Landing,39.37225,-75.83986667,1.0,10.55,NaN,28.36,0.22,135.8
2018-07-14T14:15:00Z,BUD,Budds_Landing,39.37225,-75.83986667,1.0,10.24,NaN,28.44,0.22,132.0
2018-07-14T14:30:00Z,BUD,Budds_Landing,39.37225,-75.83986667,1.0,10.04,NaN,28.39,0.22,129.3
2018-07-14T14:45:00Z,BUD,Budds_Landing,39.37225,-75.83986667,1.0,9.37,NaN,28.24,0.22,120.3
2018-07-14T15:00:00Z,BUD,Budds_Landing,39.37225,-75.83986667,1.0,9.74,NaN,28.02,0.21,124.5
2018-07-14T15:15:00Z,BUD,Budds_Landing,39.37225,-75.83986667,1.0,10.7,NaN,28.05,0.21,137.0
2018-07-14T15:30:00Z,BUD,Budds_Landing,39.37225,-75.83986667,1.0,10.95,NaN,28.03,0.21,140.2
2018-07-14T15:45:00Z,BUD,Budds_Landing,39.37225,-75.83986667,1.0,10.91,NaN,28.11,0.21,139.8
2018-07-14T16:00:00Z,BUD,Budds_Landing,39.37225,-75.83986667,1.0,11.97,NaN,28.12,0.21,153.4
2018-07-14T16:15:00Z,BUD,Budds_Landing,39.37225,-75.83986667,1.0,10.16,NaN,28.07,0.21,130.2
2018-07-14T16:30:00Z,BUD,Budds_Landing,39.37225,-75.83986667,1.0,10.13,NaN,28.05,0.21,129.7
2018-07-14T16:45:00Z,BUD,Budds_Landing,39.37225,-75.83986667,1.0,10.66,NaN,28.16,0.21,136.7
2018-07-14T17:00:00Z,BUD,Budds_Landing,39.37225,-75.83986667,1.0,11.44,NaN,28.32,0.21,147.1
2018-07-14T17:15:00Z,BUD,Budds_Landing,39.37225,-75.83986667,1.0,11.75,NaN,28.4,0.21,151.4
2018-07-14T17:30:00Z,BUD,Budds_Landing,39.37225,-75.83986667,1.0,12.59,NaN,28.57,0.21,162.7
2018-07-14T17:45:00Z,BUD,Budds_Landing,39.37225,-75.83986667,1.0,11.76,NaN,28.34,0.21,151.2
2018-07-14T18:00:00Z,BUD,Budds_Landing,39.37225,-75.83986667,1.0,11.19,NaN,28.15,0.2,143.5
2018-07-14T18:15:00Z,BUD,Budds_Landing,39.37225,-75.83986667,1.0,11.56,NaN,28.34,0.2,148.7
2018-07-14T18:30:00Z,BUD,Budds_Landing,39.37225,-75.83986667,1.0,11.4,NaN,28.41,0.21,146.8
2018-07-14T18:45:00Z,BUD,Budds_Landing,39.37225,-75.83986667,1.0,12.9,NaN,28.46,0.2,166.3
2018-07-14T19:00:00Z,BUD,Budds_Landing,39.37225,-75.83986667,1.0,15.16,NaN,28.92,0.2,197.1
2018-07-14T19:15:00Z,BUD,Budds_Landing,39.37225,-75.83986667,1.0,16.15,NaN,29.12,0.2,210.6
2018-07-14T19:30:00Z,BUD,Budds_Landing,39.37225,-75.83986667,1.0,15.57,NaN,28.72,0.19,201.7
2018-07-14T19:45:00Z,BUD,Budds_Landing,39.37225,-75.83986667,1.0,16.18,NaN,28.83,0.19,210.0
2018-07-14T20:00:00Z,BUD,Budds_Landing,39.37225,-75.83986667,1.0,15.9,NaN,28.55,0.18,205.3
2018-07-14T20:15:00Z,BUD,Budds_Landing,39.37225,-75.83986667,1.0,15.81,NaN,28.53,0.18,204.0
2018-07-14T20:30:00Z,BUD,Budds_Landing,39.37225,-75.83986667,1.0,16.48,NaN,28.76,0.18,213.5
2018-07-14T20:45:00Z,BUD,Budds_Landing,39.37225,-75.83986667,1.0,16.52,NaN,28.95,0.19,214.8
2018-07-14T21:00:00Z,BUD,Budds_Landing,39.37225,-75.83986667,1.0,15.96,NaN,28.94,0.19,207.6
2018-07-14T21:15:00Z,BUD,Budds_Landing,39.37225,-75.83986667,1.0,16.66,NaN,29.13,0.2,217.3
2018-07-14T21:30:00Z,BUD,Budds_Landing,39.37225,-75.83986667,1.0,16.45,NaN,28.78,0.19,213.3
2018-07-14T21:45:00Z,BUD,Budds_Landing,39.37225,-75.83986667,1.0,17.29,NaN,29.48,0.2,227.0
2018-07-14T22:00:00Z,BUD,Budds_Landing,39.37225,-75.83986667,1.0,18.33,NaN,29.5,0.2,240.7
2018-07-14T22:15:00Z,BUD,Budds_Landing,39.37225,-75.83986667,1.0,19.15,NaN,29.54,0.21,251.6
2018-07-14T22:30:00Z,BUD,Budds_Landing,39.37225,-75.83986667,1.0,19.68,NaN,29.63,0.21,258.9
2018-07-14T22:45:00Z,BUD,Budds_Landing,39.37225,-75.83986667,1.0,19.56,NaN,29.54,0.2,257.0
2018-07-14T23:00:00Z,BUD,Budds_Landing,39.37225,-75.83986667,1.0,20.2,NaN,29.55,0.21,265.5
2018-07-14T23:15:00Z,BUD,Budds_Landing,39.37225,-75.83986667,1.0,20.24,NaN,29.73,0.23,266.8
2018-07-14T23:30:00Z,BUD,Budds_Landing,39.37225,-75.83986667,1.0,20.43,NaN,29.56,0.23,268.5
2018-07-14T23:45:00Z,BUD,Budds_Landing,39.37225,-75.83986667,1.0,19.98,NaN,29.74,0.24,263.5
2018-07-15T00:00:00Z,BUD,Budds_Landing,39.37225,-75.83986667,1.0,19.64,NaN,29.53,0.22,258.1
2018-07-15T00:15:00Z,BUD,Budds_Landing,39.37225,-75.83986667,1.0,18.15,NaN,29.3,0.21,237.4
2018-07-15T00:30:00Z,BUD,Budds_Landing,39.37225,-75.83986667,1.0,16.13,NaN,29.3,0.22,211.1
2018-07-15T00:45:00Z,BUD,Budds_Landing,39.37225,-75.83986667,1.0,15.96,NaN,29.31,0.22,208.8
2018-07-15T01:00:00Z,BUD,Budds_Landing,39.37225,-75.83986667,1.0,14.36,NaN,29.09,0.22,187.2
2018-07-15T01:15:00Z,BUD,Budds_Landing,39.37225,-75.83986667,1.0,14.4,NaN,29.05,0.22,187.6
2018-07-15T01:30:00Z,BUD,Budds_Landing,39.37225,-75.83986667,1.0,13.55,NaN,28.93,0.22,176.1
2018-07-15T01:45:00Z,BUD,Budds_Landing,39.37225,-75.83986667,1.0,13.39,NaN,28.91,0.22,174.0
2018-07-15T02:00:00Z,BUD,Budds_Landing,39.37225,-75.83986667,1.0,13.26,NaN,28.9,0.22,172.3
2018-07-15T02:15:00Z,BUD,Budds_Landing,39.37225,-75.83986667,1.0,13.29,NaN,28.9,0.22,172.6
2018-07-15T02:30:00Z,BUD,Budds_Landing,39.37225,-75.83986667,1.0,12.97,NaN,28.88,0.22,168.5
2018-07-15T02:45:00Z,BUD,Budds_Landing,39.37225,-75.83986667,1.0,12.93,NaN,28.88,0.22,168.0
2018-07-15T03:00:00Z,BUD,Budds_Landing,39.37225,-75.83986667,1.0,12.69,NaN,28.87,0.22,164.8
2018-07-15T03:15:00Z,BUD,Budds_Landing,39.37225,-75.83986667,1.0,12.56,NaN,28.84,0.22,163.1
2018-07-15T03:30:00Z,BUD,Budds_Landing,39.37225,-75.83986667,1.0,12.26,NaN,28.83,0.22,159.1
2018-07-15T03:45:00Z,BUD,Budds_Landing,39.37225,-75.83986667,1.0,12.44,NaN,28.79,0.22,161.3
2018-07-15T04:00:00Z,BUD,Budds_Landing,39.37225,-75.83986667,1.0,12.78,NaN,28.7,0.22,165.5
2018-07-15T04:15:00Z,BUD,Budds_Landing,39.37225,-75.83986667,1.0,13.18,NaN,28.63,0.21,170.4
2018-07-15T04:30:00Z,BUD,Budds_Landing,39.37225,-75.83986667,1.0,14.33,NaN,28.45,0.2,184.8
2018-07-15T04:45:00Z,BUD,Budds_Landing,39.37225,-75.83986667,1.0,13.87,NaN,28.46,0.2,178.8
2018-07-15T05:00:00Z,BUD,Budds_Landing,39.37225,-75.83986667,1.0,13.09,NaN,28.47,0.21,168.8
2018-07-15T05:15:00Z,BUD,Budds_Landing,39.37225,-75.83986667,1.0,13.27,NaN,28.39,0.21,170.9
2018-07-15T05:30:00Z,BUD,Budds_Landing,39.37225,-75.83986667,1.0,12.34,NaN,28.41,0.21,159.0
2018-07-15T05:45:00Z,BUD,Budds_Landing,39.37225,-75.83986667,1.0,12.49,NaN,28.34,0.21,160.6
2018-07-15T06:00:00Z,BUD,Budds_Landing,39.37225,-75.83986667,1.0,12.08,NaN,28.28,0.21,155.3
2018-07-15T06:15:00Z,BUD,Budds_Landing,39.37225,-75.83986667,1.0,11.82,NaN,28.23,0.21,151.8
2018-07-15T06:30:00Z,BUD,Budds_Landing,39.37225,-75.83986667,1.0,12.2,NaN,28.18,0.2,156.6
2018-07-15T06:45:00Z,BUD,Budds_Landing,39.37225,-75.83986667,1.0,12.2,NaN,28.17,0.2,156.5
2018-07-15T07:00:00Z,BUD,Budds_Landing,39.37225,-75.83986667,1.0,12.44,NaN,28.16,0.21,159.5
2018-07-15T07:15:00Z,BUD,Budds_Landing,39.37225,-75.83986667,1.0,12.04,NaN,28.12,0.21,154.3
2018-07-15T07:30:00Z,BUD,Budds_Landing,39.37225,-75.83986667,1.0,12.46,NaN,28.1,0.2,159.6
2018-07-15T07:45:00Z,BUD,Budds_Landing,39.37225,-75.83986667,1.0,12.44,NaN,28.05,0.2,159.3
2018-07-15T08:00:00Z,BUD,Budds_Landing,39.37225,-75.83986667,1.0,12.28,NaN,27.96,0.2,156.9
2018-07-15T08:15:00Z,BUD,Budds_Landing,39.37225,-75.83986667,1.0,11.84,NaN,27.93,0.21,151.3
2018-07-15T08:30:00Z,BUD,Budds_Landing,39.37225,-75.83986667,1.0,10.74,NaN,27.77,0.21,136.8
2018-07-15T08:45:00Z,BUD,Budds_Landing,39.37225,-75.83986667,1.0,11.13,NaN,27.78,0.21,141.8
2018-07-15T09:00:00Z,BUD,Budds_Landing,39.37225,-75.83986667,1.0,10.82,NaN,27.74,0.2,137.7
2018-07-15T09:15:00Z,BUD,Budds_Landing,39.37225,-75.83986667,1.0,10.81,NaN,27.71,0.2,137.5
2018-07-15T09:30:00Z,BUD,Budds_Landing,39.37225,-75.83986667,1.0,10.94,NaN,27.68,0.2,139.2
2018-07-15T09:45:00Z,BUD,Budds_Landing,39.37225,-75.83986667,1.0,11.22,NaN,27.64,0.2,142.6
2018-07-15T10:00:00Z,BUD,Budds_Landing,39.37225,-75.83986667,1.0,11.71,NaN,27.58,0.19,148.6
2018-07-15T10:15:00Z,BUD,Budds_Landing,39.37225,-75.83986667,1.0,10.84,NaN,27.65,0.2,137.7
2018-07-15T10:30:00Z,BUD,Budds_Landing,39.37225,-75.83986667,1.0,10.29,NaN,27.61,0.2,130.6
2018-07-15T10:45:00Z,BUD,Budds_Landing,39.37225,-75.83986667,1.0,11.14,NaN,27.59,0.2,141.4
2018-07-15T11:00:00Z,BUD,Budds_Landing,39.37225,-75.83986667,1.0,10.21,NaN,27.43,0.21,129.3
2018-07-15T11:15:00Z,BUD,Budds_Landing,39.37225,-75.83986667,1.0,10.03,NaN,27.41,0.21,127.0
2018-07-15T11:30:00Z,BUD,Budds_Landing,39.37225,-75.83986667,1.0,10.33,NaN,27.46,0.21,130.9
2018-07-15T11:45:00Z,BUD,Budds_Landing,39.37225,-75.83986667,1.0,10.3,NaN,27.45,0.21,130.5
2018-07-15T12:00:00Z,BUD,Budds_Landing,39.37225,-75.83986667,1.0,9.88,NaN,27.45,0.21,125.1
2018-07-15T12:15:00Z,BUD,Budds_Landing,39.37225,-75.83986667,1.0,9.86,NaN,27.62,0.21,125.3
2018-07-15T12:30:00Z,BUD,Budds_Landing,39.37225,-75.83986667,1.0,9.81,NaN,27.66,0.21,124.7
2018-07-15T12:45:00Z,BUD,Budds_Landing,39.37225,-75.83986667,1.0,9.87,NaN,27.77,0.21,125.7
2018-07-15T13:00:00Z,BUD,Budds_Landing,39.37225,-75.83986667,1.0,10.01,NaN,27.84,0.22,127.7
2018-07-15T13:15:00Z,BUD,Budds_Landing,39.37225,-75.83986667,1.0,10.03,NaN,27.9,0.22,128.0
2018-07-15T13:30:00Z,BUD,Budds_Landing,39.37225,-75.83986667,1.0,10.22,NaN,27.94,0.22,130.5
2018-07-15T13:45:00Z,BUD,Budds_Landing,39.37225,-75.83986667,1.0,10.15,NaN,27.95,0.22,129.7
2018-07-15T14:00:00Z,BUD,Budds_Landing,39.37225,-75.83986667,1.0,10.16,NaN,28.02,0.22,130.0
2018-07-15T14:15:00Z,BUD,Budds_Landing,39.37225,-75.83986667,1.0,10.01,NaN,28.04,0.22,128.1
2018-07-15T14:30:00Z,BUD,Budds_Landing,39.37225,-75.83986667,1.0,10.05,NaN,28.07,0.22,128.7
2018-07-15T14:45:00Z,BUD,Budds_Landing,39.37225,-75.83986667,1.0,10.29,NaN,28.19,0.22,132.0
2018-07-15T15:00:00Z,BUD,Budds_Landing,39.37225,-75.83986667,1.0,10.53,NaN,28.22,0.22,135.1
2018-07-15T15:15:00Z,BUD,Budds_Landing,39.37225,-75.83986667,1.0,10.41,NaN,28.29,0.22,133.9
2018-07-15T15:30:00Z,BUD,Budds_Landing,39.37225,-75.83986667,1.0,10.29,NaN,28.33,0.22,132.4
2018-07-15T15:45:00Z,BUD,Budds_Landing,39.37225,-75.83986667,1.0,9.78,NaN,28.22,0.22,125.6
2018-07-15T16:00:00Z,BUD,Budds_Landing,39.37225,-75.83986667,1.0,9.28,NaN,27.99,0.22,118.6
2018-07-15T16:15:00Z,BUD,Budds_Landing,39.37225,-75.83986667,1.0,10.12,NaN,27.97,0.21,129.3
2018-07-15T16:30:00Z,BUD,Budds_Landing,39.37225,-75.83986667,1.0,10.5,NaN,27.91,0.21,134.1
2018-07-15T16:45:00Z,BUD,Budds_Landing,39.37225,-75.83986667,1.0,10.45,NaN,27.9,0.21,133.4
2018-07-15T17:00:00Z,BUD,Budds_Landing,39.37225,-75.83986667,1.0,9.92,NaN,27.89,0.21,126.6
2018-07-15T17:15:00Z,BUD,Budds_Landing,39.37225,-75.83986667,1.0,10.09,NaN,27.87,0.21,128.8
2018-07-15T17:30:00Z,BUD,Budds_Landing,39.37225,-75.83986667,1.0,10.11,NaN,27.87,0.21,129.0
2018-07-15T17:45:00Z,BUD,Budds_Landing,39.37225,-75.83986667,1.0,10.36,NaN,27.96,0.21,132.5
2018-07-15T18:00:00Z,BUD,Budds_Landing,39.37225,-75.83986667,1.0,12.11,NaN,28.14,0.22,155.3
2018-07-15T18:15:00Z,BUD,Budds_Landing,39.37225,-75.83986667,1.0,12.83,NaN,28.19,0.21,164.6
2018-07-15T18:30:00Z,BUD,Budds_Landing,39.37225,-75.83986667,1.0,12.56,NaN,28.09,0.21,160.9
2018-07-15T18:45:00Z,BUD,Budds_Landing,39.37225,-75.83986667,1.0,13.09,NaN,28.24,0.21,168.1
2018-07-15T19:00:00Z,BUD,Budds_Landing,39.37225,-75.83986667,1.0,13.32,NaN,28.18,0.21,170.8
2018-07-15T19:15:00Z,BUD,Budds_Landing,39.37225,-75.83986667,1.0,13.73,NaN,28.13,0.2,176.0
2018-07-15T19:30:00Z,BUD,Budds_Landing,39.37225,-75.83986667,1.0,13.58,NaN,28.16,0.21,174.1
2018-07-15T19:45:00Z,BUD,Budds_Landing,39.37225,-75.83986667,1.0,14.65,NaN,28.09,0.2,187.6
2018-07-15T20:00:00Z,BUD,Budds_Landing,39.37225,-75.83986667,1.0,14.35,NaN,28.11,0.2,183.9
2018-07-15T20:15:00Z,BUD,Budds_Landing,39.37225,-75.83986667,1.0,14.31,NaN,28.13,0.2,183.4
2018-07-15T20:30:00Z,BUD,Budds_Landing,39.37225,-75.83986667,1.0,13.37,NaN,28.1,0.2,171.3
2018-07-15T20:45:00Z,BUD,Budds_Landing,39.37225,-75.83986667,1.0,13.41,NaN,28.11,0.2,171.8
2018-07-15T21:00:00Z,BUD,Budds_Landing,39.37225,-75.83986667,1.0,13.06,NaN,28.1,0.2,167.3
2018-07-15T21:15:00Z,BUD,Budds_Landing,39.37225,-75.83986667,1.0,12.75,NaN,28.1,0.2,163.3
2018-07-15T21:30:00Z,BUD,Budds_Landing,39.37225,-75.83986667,1.0,13.7,NaN,27.92,0.19,174.9
2018-07-15T21:45:00Z,BUD,Budds_Landing,39.37225,-75.83986667,1.0,14.86,NaN,27.97,0.19,189.9
2018-07-15T22:00:00Z,BUD,Budds_Landing,39.37225,-75.83986667,1.0,16.76,NaN,27.87,0.18,213.8
2018-07-15T22:15:00Z,BUD,Budds_Landing,39.37225,-75.83986667,1.0,15.59,NaN,27.8,0.18,198.7
2018-07-15T22:30:00Z,BUD,Budds_Landing,39.37225,-75.83986667,1.0,14.54,NaN,27.78,0.18,185.2
2018-07-15T22:45:00Z,BUD,Budds_Landing,39.37225,-75.83986667,1.0,14.58,NaN,27.75,0.17,185.5
2018-07-15T23:00:00Z,BUD,Budds_Landing,39.37225,-75.83986667,1.0,15.21,NaN,27.83,0.18,193.9
2018-07-15T23:15:00Z,BUD,Budds_Landing,39.37225,-75.83986667,1.0,15.65,NaN,27.79,0.18,199.3
2018-07-15T23:30:00Z,BUD,Budds_Landing,39.37225,-75.83986667,1.0,15.64,NaN,27.79,0.18,199.3
2018-07-15T23:45:00Z,BUD,Budds_Landing,39.37225,-75.83986667,1.0,16.37,NaN,27.92,0.19,209.0
2018-07-16T00:00:00Z,BUD,Budds_Landing,39.37225,-75.83986667,1.0,15.44,NaN,28.0,0.19,197.5
2018-07-16T00:15:00Z,BUD,Budds_Landing,39.37225,-75.83986667,1.0,14.51,NaN,28.11,0.2,186.0
2018-07-16T00:30:00Z,BUD,Budds_Landing,39.37225,-75.83986667,1.0,14.94,NaN,28.1,0.2,191.4
2018-07-16T00:45:00Z,BUD,Budds_Landing,39.37225,-75.83986667,1.0,15.24,NaN,28.01,0.19,194.9
2018-07-16T01:00:00Z,BUD,Budds_Landing,39.37225,-75.83986667,1.0,15.27,NaN,27.98,0.19,195.2
2018-07-16T01:15:00Z,BUD,Budds_Landing,39.37225,-75.83986667,1.0,14.26,NaN,28.02,0.2,182.4
2018-07-16T01:30:00Z,BUD,Budds_Landing,39.37225,-75.83986667,1.0,14.01,NaN,28.06,0.2,179.4
2018-07-16T01:45:00Z,BUD,Budds_Landing,39.37225,-75.83986667,1.0,13.98,NaN,28.06,0.2,179.0
2018-07-16T02:00:00Z,BUD,Budds_Landing,39.37225,-75.83986667,1.0,13.25,NaN,28.07,0.2,169.7
2018-07-16T02:15:00Z,BUD,Budds_Landing,39.37225,-75.83986667,1.0,12.88,NaN,28.09,0.2,165.0
2018-07-16T02:30:00Z,BUD,Budds_Landing,39.37225,-75.83986667,1.0,12.64,NaN,28.09,0.2,161.9
2018-07-16T02:45:00Z,BUD,Budds_Landing,39.37225,-75.83986667,1.0,12.75,NaN,28.07,0.2,163.2
2018-07-16T03:00:00Z,BUD,Budds_Landing,39.37225,-75.83986667,1.0,12.62,NaN,28.07,0.2,161.5
2018-07-16T03:15:00Z,BUD,Budds_Landing,39.37225,-75.83986667,1.0,12.38,NaN,28.06,0.2,158.5
2018-07-16T03:30:00Z,BUD,Budds_Landing,39.37225,-75.83986667,1.0,11.88,NaN,28.09,0.21,152.2
2018-07-16T03:45:00Z,BUD,Budds_Landing,39.37225,-75.83986667,1.0,11.75,NaN,28.08,0.21,150.5
2018-07-16T04:00:00Z,BUD,Budds_Landing,39.37225,-75.83986667,1.0,11.75,NaN,28.05,0.21,150.5
2018-07-16T04:15:00Z,BUD,Budds_Landing,39.37225,-75.83986667,1.0,11.25,NaN,28.04,0.21,144.0
2018-07-16T04:30:00Z,BUD,Budds_Landing,39.37225,-75.83986667,1.0,10.71,NaN,28.03,0.21,137.1
2018-07-16T04:45:00Z,BUD,Budds_Landing,39.37225,-75.83986667,1.0,10.89,NaN,28.04,0.21,139.3
2018-07-16T05:00:00Z,BUD,Budds_Landing,39.37225,-75.83986667,1.0,10.66,NaN,27.99,0.21,136.3
2018-07-16T05:15:00Z,BUD,Budds_Landing,39.37225,-75.83986667,1.0,10.96,NaN,27.95,0.21,140.1
2018-07-16T05:30:00Z,BUD,Budds_Landing,39.37225,-75.83986667,1.0,10.92,NaN,27.9,0.21,139.4
2018-07-16T05:45:00Z,BUD,Budds_Landing,39.37225,-75.83986667,1.0,11.11,NaN,27.64,0.2,141.2
2018-07-16T06:00:00Z,BUD,Budds_Landing,39.37225,-75.83986667,1.0,11.27,NaN,27.62,0.2,143.2
2018-07-16T06:15:00Z,BUD,Budds_Landing,39.37225,-75.83986667,1.0,11.24,NaN,27.72,0.2,143.0
2018-07-16T06:30:00Z,BUD,Budds_Landing,39.37225,-75.83986667,1.0,11.02,NaN,27.67,0.2,140.1
2018-07-16T06:45:00Z,BUD,Budds_Landing,39.37225,-75.83986667,1.0,10.76,NaN,27.58,0.2,136.5
2018-07-16T07:00:00Z,BUD,Budds_Landing,39.37225,-75.83986667,1.0,10.25,NaN,27.48,0.2,129.8
2018-07-16T07:15:00Z,BUD,Budds_Landing,39.37225,-75.83986667,1.0,10.23,NaN,27.5,0.2,129.6
2018-07-16T07:30:00Z,BUD,Budds_Landing,39.37225,-75.83986667,1.0,9.65,NaN,27.5,0.2,122.3
2018-07-16T07:45:00Z,BUD,Budds_Landing,39.37225,-75.83986667,1.0,10.23,NaN,27.5,0.2,129.7
2018-07-16T08:00:00Z,BUD,Budds_Landing,39.37225,-75.83986667,1.0,10.36,NaN,27.43,0.2,131.2
2018-07-16T08:15:00Z,BUD,Budds_Landing,39.37225,-75.83986667,1.0,10.21,NaN,27.36,0.19,129.1
2018-07-16T08:30:00Z,BUD,Budds_Landing,39.37225,-75.83986667,1.0,9.7,NaN,27.29,0.19,122.5
2018-07-16T08:45:00Z,BUD,Budds_Landing,39.37225,-75.83986667,1.0,9.68,NaN,27.23,0.19,122.1
2018-07-16T09:00:00Z,BUD,Budds_Landing,39.37225,-75.83986667,1.0,9.79,NaN,27.2,0.19,123.4
2018-07-16T09:15:00Z,BUD,Budds_Landing,39.37225,-75.83986667,1.0,9.19,NaN,27.16,0.19,115.8
2018-07-16T09:30:00Z,BUD,Budds_Landing,39.37225,-75.83986667,1.0,9.53,NaN,27.03,0.19,119.7
2018-07-16T09:45:00Z,BUD,Budds_Landing,39.37225,-75.83986667,1.0,8.94,NaN,27.01,0.19,112.3
2018-07-16T10:00:00Z,BUD,Budds_Landing,39.37225,-75.83986667,1.0,8.75,NaN,26.98,0.19,109.9
2018-07-16T10:15:00Z,BUD,Budds_Landing,39.37225,-75.83986667,1.0,9.06,NaN,26.9,0.19,113.6
2018-07-16T10:30:00Z,BUD,Budds_Landing,39.37225,-75.83986667,1.0,8.76,NaN,27.01,0.19,110.0
2018-07-16T10:45:00Z,BUD,Budds_Landing,39.37225,-75.83986667,1.0,9.13,NaN,26.93,0.19,114.5
2018-07-16T11:00:00Z,BUD,Budds_Landing,39.37225,-75.83986667,1.0,8.91,NaN,26.99,0.19,112.0
2018-07-16T11:15:00Z,BUD,Budds_Landing,39.37225,-75.83986667,1.0,9.19,NaN,26.94,0.19,115.3
2018-07-16T11:30:00Z,BUD,Budds_Landing,39.37225,-75.83986667,1.0,9.57,NaN,26.91,0.18,120.0
2018-07-16T11:45:00Z,BUD,Budds_Landing,39.37225,-75.83986667,1.0,9.98,NaN,27.03,0.19,125.5
2018-07-16T12:00:00Z,BUD,Budds_Landing,39.37225,-75.83986667,1.0,10.12,NaN,27.15,0.19,127.5
2018-07-16T12:15:00Z,BUD,Budds_Landing,39.37225,-75.83986667,1.0,10.51,NaN,27.21,0.19,132.5
2018-07-16T12:30:00Z,BUD,Budds_Landing,39.37225,-75.83986667,1.0,10.64,NaN,27.31,0.2,134.3
2018-07-16T12:45:00Z,BUD,Budds_Landing,39.37225,-75.83986667,1.0,10.63,NaN,27.38,0.2,134.4
2018-07-16T13:00:00Z,BUD,Budds_Landing,39.37225,-75.83986667,1.0,10.5,NaN,27.47,0.2,133.0
2018-07-16T13:15:00Z,BUD,Budds_Landing,39.37225,-75.83986667,1.0,10.13,NaN,27.56,0.2,128.5
2018-07-16T13:30:00Z,BUD,Budds_Landing,39.37225,-75.83986667,1.0,10.09,NaN,27.64,0.21,128.2
2018-07-16T13:45:00Z,BUD,Budds_Landing,39.37225,-75.83986667,1.0,10.17,NaN,27.75,0.21,129.5
2018-07-16T14:00:00Z,BUD,Budds_Landing,39.37225,-75.83986667,1.0,10.34,NaN,27.86,0.21,131.8
2018-07-16T14:15:00Z,BUD,Budds_Landing,39.37225,-75.83986667,1.0,10.35,NaN,27.95,0.21,132.2
2018-07-16T14:30:00Z,BUD,Budds_Landing,39.37225,-75.83986667,1.0,9.89,NaN,27.84,0.21,126.1
2018-07-16T14:45:00Z,BUD,Budds_Landing,39.37225,-75.83986667,1.0,9.5,NaN,27.84,0.21,121.1
2018-07-16T15:00:00Z,BUD,Budds_Landing,39.37225,-75.83986667,1.0,9.09,NaN,27.8,0.21,115.8
2018-07-16T15:15:00Z,BUD,Budds_Landing,39.37225,-75.83986667,1.0,9.56,NaN,27.93,0.21,122.1
2018-07-16T15:30:00Z,BUD,Budds_Landing,39.37225,-75.83986667,1.0,9.09,NaN,27.88,0.21,116.0
2018-07-16T15:45:00Z,BUD,Budds_Landing,39.37225,-75.83986667,1.0,9.15,NaN,27.88,0.21,116.8
2018-07-16T16:00:00Z,BUD,Budds_Landing,39.37225,-75.83986667,1.0,10.05,NaN,28.14,0.22,128.8
2018-07-16T16:15:00Z,BUD,Budds_Landing,39.37225,-75.83986667,1.0,10.24,NaN,28.19,0.22,131.4
2018-07-16T16:30:00Z,BUD,Budds_Landing,39.37225,-75.83986667,1.0,9.68,NaN,28.2,0.22,124.2
2018-07-16T16:45:00Z,BUD,Budds_Landing,39.37225,-75.83986667,1.0,7.83,NaN,27.85,0.22,99.9
2018-07-16T17:00:00Z,BUD,Budds_Landing,39.37225,-75.83986667,1.0,7.82,NaN,27.68,0.21,99.5
2018-07-16T17:15:00Z,BUD,Budds_Landing,39.37225,-75.83986667,1.0,8.92,NaN,27.59,0.2,113.2
2018-07-16T17:30:00Z,BUD,Budds_Landing,39.37225,-75.83986667,1.0,9.63,NaN,27.56,0.19,122.2
2018-07-16T17:45:00Z,BUD,Budds_Landing,39.37225,-75.83986667,1.0,8.79,NaN,27.48,0.2,111.4
2018-07-16T18:00:00Z,BUD,Budds_Landing,39.37225,-75.83986667,1.0,8.31,NaN,27.52,0.2,105.3
2018-07-16T18:15:00Z,BUD,Budds_Landing,39.37225,-75.83986667,1.0,9.14,NaN,27.71,0.2,116.2
2018-07-16T18:30:00Z,BUD,Budds_Landing,39.37225,-75.83986667,1.0,10.37,NaN,27.93,0.21,132.4
2018-07-16T18:45:00Z,BUD,Budds_Landing,39.37225,-75.83986667,1.0,9.6,NaN,27.89,0.21,122.6
2018-07-16T19:00:00Z,BUD,Budds_Landing,39.37225,-75.83986667,1.0,12.43,NaN,28.26,0.21,159.7
2018-07-16T19:15:00Z,BUD,Budds_Landing,39.37225,-75.83986667,1.0,11.0,NaN,28.11,0.21,140.9
2018-07-16T19:30:00Z,BUD,Budds_Landing,39.37225,-75.83986667,1.0,10.89,NaN,28.15,0.21,139.7
2018-07-16T19:45:00Z,BUD,Budds_Landing,39.37225,-75.83986667,1.0,11.3,NaN,28.3,0.21,145.3
2018-07-16T20:00:00Z,BUD,Budds_Landing,39.37225,-75.83986667,1.0,11.37,NaN,28.32,0.2,146.3
2018-07-16T20:15:00Z,BUD,Budds_Landing,39.37225,-75.83986667,1.0,10.7,NaN,27.97,0.2,136.7
2018-07-16T20:30:00Z,BUD,Budds_Landing,39.37225,-75.83986667,1.0,11.05,NaN,27.94,0.19,141.2
2018-07-16T20:45:00Z,BUD,Budds_Landing,39.37225,-75.83986667,1.0,11.24,NaN,28.01,0.19,143.8
2018-07-16T21:00:00Z,BUD,Budds_Landing,39.37225,-75.83986667,1.0,11.64,NaN,28.25,0.2,149.6
2018-07-16T21:15:00Z,BUD,Budds_Landing,39.37225,-75.83986667,1.0,13.0,NaN,28.39,0.19,167.3
2018-07-16T21:30:00Z,BUD,Budds_Landing,39.37225,-75.83986667,1.0,14.17,NaN,28.73,0.19,183.6
2018-07-16T21:45:00Z,BUD,Budds_Landing,39.37225,-75.83986667,1.0,13.9,NaN,28.4,0.19,179.0
2018-07-16T22:00:00Z,BUD,Budds_Landing,39.37225,-75.83986667,1.0,13.92,NaN,28.59,0.19,179.8
2018-07-16T22:15:00Z,BUD,Budds_Landing,39.37225,-75.83986667,1.0,13.92,NaN,28.63,0.19,179.9
2018-07-16T22:30:00Z,BUD,Budds_Landing,39.37225,-75.83986667,1.0,13.67,NaN,28.58,0.19,176.6
2018-07-16T22:45:00Z,BUD,Budds_Landing,39.37225,-75.83986667,1.0,15.5,NaN,29.06,0.18,202.0
2018-07-16T23:00:00Z,BUD,Budds_Landing,39.37225,-75.83986667,1.0,16.67,NaN,29.29,0.18,218.0
2018-07-16T23:15:00Z,BUD,Budds_Landing,39.37225,-75.83986667,1.0,15.78,NaN,29.06,0.17,205.6
2018-07-16T23:30:00Z,BUD,Budds_Landing,39.37225,-75.83986667,1.0,14.34,NaN,28.99,0.18,186.6
2018-07-16T23:45:00Z,BUD,Budds_Landing,39.37225,-75.83986667,1.0,16.04,NaN,29.66,0.2,211.2
2018-07-17T00:00:00Z,BUD,Budds_Landing,39.37225,-75.83986667,1.0,18.97,NaN,30.04,0.19,251.3
2018-07-17T00:15:00Z,BUD,Budds_Landing,39.37225,-75.83986667,1.0,17.93,NaN,30.48,0.21,239.5
2018-07-17T00:30:00Z,BUD,Budds_Landing,39.37225,-75.83986667,1.0,18.98,NaN,30.3,0.22,252.7
2018-07-17T00:45:00Z,BUD,Budds_Landing,39.37225,-75.83986667,1.0,18.68,NaN,30.06,0.21,247.6
2018-07-17T01:00:00Z,BUD,Budds_Landing,39.37225,-75.83986667,1.0,18.37,NaN,29.99,0.2,243.2
2018-07-17T01:15:00Z,BUD,Budds_Landing,39.37225,-75.83986667,1.0,17.18,NaN,29.76,0.2,226.6
2018-07-17T01:30:00Z,BUD,Budds_Landing,39.37225,-75.83986667,1.0,15.35,NaN,29.49,0.2,201.5
2018-07-17T01:45:00Z,BUD,Budds_Landing,39.37225,-75.83986667,1.0,14.86,NaN,29.52,0.2,195.2
2018-07-17T02:00:00Z,BUD,Budds_Landing,39.37225,-75.83986667,1.0,14.35,NaN,29.55,0.21,188.5
2018-07-17T02:15:00Z,BUD,Budds_Landing,39.37225,-75.83986667,1.0,13.52,NaN,29.32,0.21,176.9
2018-07-17T02:30:00Z,BUD,Budds_Landing,39.37225,-75.83986667,1.0,13.08,NaN,29.31,0.21,171.1
2018-07-17T02:45:00Z,BUD,Budds_Landing,39.37225,-75.83986667,1.0,12.52,NaN,29.2,0.21,163.5
2018-07-17T03:00:00Z,BUD,Budds_Landing,39.37225,-75.83986667,1.0,12.53,NaN,29.24,0.21,163.8
2018-07-17T03:15:00Z,BUD,Budds_Landing,39.37225,-75.83986667,1.0,12.51,NaN,29.2,0.21,163.4
2018-07-17T03:30:00Z,BUD,Budds_Landing,39.37225,-75.83986667,1.0,12.44,NaN,29.15,0.21,162.3
2018-07-17T03:45:00Z,BUD,Budds_Landing,39.37225,-75.83986667,1.0,11.65,NaN,29.07,0.21,151.9
2018-07-17T04:00:00Z,BUD,Budds_Landing,39.37225,-75.83986667,1.0,11.29,NaN,29.06,0.22,147.1
2018-07-17T04:15:00Z,BUD,Budds_Landing,39.37225,-75.83986667,1.0,11.08,NaN,29.05,0.22,144.3
2018-07-17T04:30:00Z,BUD,Budds_Landing,39.37225,-75.83986667,1.0,11.03,NaN,29.02,0.22,143.7
2018-07-17T04:45:00Z,BUD,Budds_Landing,39.37225,-75.83986667,1.0,11.47,NaN,29.02,0.21,149.3
2018-07-17T05:00:00Z,BUD,Budds_Landing,39.37225,-75.83986667,1.0,10.53,NaN,29.02,0.21,137.1
2018-07-17T05:15:00Z,BUD,Budds_Landing,39.37225,-75.83986667,1.0,10.86,NaN,29.01,0.21,141.3
2018-07-17T05:30:00Z,BUD,Budds_Landing,39.37225,-75.83986667,1.0,10.6,NaN,29.0,0.21,138.0
2018-07-17T05:45:00Z,BUD,Budds_Landing,39.37225,-75.83986667,1.0,10.24,NaN,28.98,0.21,133.2
2018-07-17T06:00:00Z,BUD,Budds_Landing,39.37225,-75.83986667,1.0,10.62,NaN,29.0,0.21,138.2
2018-07-17T06:15:00Z,BUD,Budds_Landing,39.37225,-75.83986667,1.0,10.92,NaN,29.03,0.21,142.2
2018-07-17T06:30:00Z,BUD,Budds_Landing,39.37225,-75.83986667,1.0,11.18,NaN,28.98,0.2,145.4
2018-07-17T06:45:00Z,BUD,Budds_Landing,39.37225,-75.83986667,1.0,10.9,NaN,28.94,0.21,141.7
2018-07-17T07:00:00Z,BUD,Budds_Landing,39.37225,-75.83986667,1.0,10.5,NaN,28.91,0.21,136.4
2018-07-17T07:15:00Z,BUD,Budds_Landing,39.37225,-75.83986667,1.0,10.51,NaN,28.87,0.21,136.5
2018-07-17T07:30:00Z,BUD,Budds_Landing,39.37225,-75.83986667,1.0,10.5,NaN,28.86,0.21,136.4
2018-07-17T07:45:00Z,BUD,Budds_Landing,39.37225,-75.83986667,1.0,10.22,NaN,28.83,0.21,132.6
2018-07-17T08:00:00Z,BUD,Budds_Landing,39.37225,-75.83986667,1.0,10.06,NaN,28.81,0.2,130.5
2018-07-17T08:15:00Z,BUD,Budds_Landing,39.37225,-75.83986667,1.0,9.87,NaN,28.78,0.21,128.0
2018-07-17T08:30:00Z,BUD,Budds_Landing,39.37225,-75.83986667,1.0,9.8,NaN,28.78,0.2,127.0
2018-07-17T08:45:00Z,BUD,Budds_Landing,39.37225,-75.83986667,1.0,10.54,NaN,28.71,0.2,136.5
2018-07-17T09:00:00Z,BUD,Budds_Landing,39.37225,-75.83986667,1.0,10.66,NaN,28.75,0.2,138.1
2018-07-17T09:15:00Z,BUD,Budds_Landing,39.37225,-75.83986667,1.0,9.85,NaN,28.65,0.2,127.4
2018-07-17T09:30:00Z,BUD,Budds_Landing,39.37225,-75.83986667,1.0,9.5,NaN,28.6,0.2,122.8
2018-07-17T09:45:00Z,BUD,Budds_Landing,39.37225,-75.83986667,1.0,9.61,NaN,28.62,0.2,124.2
2018-07-17T10:00:00Z,BUD,Budds_Landing,39.37225,-75.83986667,1.0,9.74,NaN,28.63,0.2,125.9
2018-07-17T10:15:00Z,BUD,Budds_Landing,39.37225,-75.83986667,1.0,8.9,NaN,28.56,0.2,114.9
2018-07-17T10:30:00Z,BUD,Budds_Landing,39.37225,-75.83986667,1.0,9.64,NaN,28.59,0.2,124.6
2018-07-17T10:45:00Z,BUD,Budds_Landing,39.37225,-75.83986667,1.0,9.18,NaN,28.55,0.19,118.6
2018-07-17T11:00:00Z,BUD,Budds_Landing,39.37225,-75.83986667,1.0,8.5,NaN,28.51,0.2,109.7
2018-07-17T11:15:00Z,BUD,Budds_Landing,39.37225,-75.83986667,1.0,9.36,NaN,28.51,0.2,120.8
2018-07-17T11:30:00Z,BUD,Budds_Landing,39.37225,-75.83986667,1.0,8.92,NaN,28.51,0.2,115.1
2018-07-17T11:45:00Z,BUD,Budds_Landing,39.37225,-75.83986667,1.0,9.26,NaN,28.52,0.2,119.5
2018-07-17T12:00:00Z,BUD,Budds_Landing,39.37225,-75.83986667,1.0,9.42,NaN,28.53,0.2,121.5
2018-07-17T12:15:00Z,BUD,Budds_Landing,39.37225,-75.83986667,1.0,9.62,NaN,28.54,0.2,124.3
2018-07-17T12:30:00Z,BUD,Budds_Landing,39.37225,-75.83986667,1.0,9.84,NaN,28.54,0.2,127.1
2018-07-17T12:45:00Z,BUD,Budds_Landing,39.37225,-75.83986667,1.0,10.07,NaN,28.55,0.2,130.0
2018-07-17T13:00:00Z,BUD,Budds_Landing,39.37225,-75.83986667,1.0,10.34,NaN,28.56,0.21,133.6
2018-07-17T13:15:00Z,BUD,Budds_Landing,39.37225,-75.83986667,1.0,10.85,NaN,28.57,0.21,140.1
2018-07-17T13:30:00Z,BUD,Budds_Landing,39.37225,-75.83986667,1.0,11.29,NaN,28.64,0.21,146.1
2018-07-17T13:45:00Z,BUD,Budds_Landing,39.37225,-75.83986667,1.0,11.3,NaN,28.73,0.21,146.3
2018-07-17T14:00:00Z,BUD,Budds_Landing,39.37225,-75.83986667,1.0,10.98,NaN,28.74,0.21,142.2
2018-07-17T14:15:00Z,BUD,Budds_Landing,39.37225,-75.83986667,1.0,10.63,NaN,28.8,0.21,137.8
2018-07-17T14:30:00Z,BUD,Budds_Landing,39.37225,-75.83986667,1.0,10.42,NaN,28.85,0.21,135.3
2018-07-17T14:45:00Z,BUD,Budds_Landing,39.37225,-75.83986667,1.0,10.36,NaN,28.91,0.21,134.6
2018-07-17T15:00:00Z,BUD,Budds_Landing,39.37225,-75.83986667,1.0,10.63,NaN,29.01,0.21,138.4
2018-07-17T15:15:00Z,BUD,Budds_Landing,39.37225,-75.83986667,1.0,10.84,NaN,29.12,0.21,141.4
2018-07-17T15:30:00Z,BUD,Budds_Landing,39.37225,-75.83986667,1.0,11.09,NaN,29.2,0.22,144.8
2018-07-17T15:45:00Z,BUD,Budds_Landing,39.37225,-75.83986667,1.0,11.29,NaN,29.29,0.22,147.7
2018-07-17T16:00:00Z,BUD,Budds_Landing,39.37225,-75.83986667,1.0,11.58,NaN,29.43,0.22,151.9
2018-07-17T16:15:00Z,BUD,Budds_Landing,39.37225,-75.83986667,1.0,11.66,NaN,29.5,0.22,153.1
2018-07-17T16:30:00Z,BUD,Budds_Landing,39.37225,-75.83986667,1.0,11.58,NaN,29.55,0.22,152.2
2018-07-17T16:45:00Z,BUD,Budds_Landing,39.37225,-75.83986667,1.0,11.62,NaN,29.61,0.22,152.8
2018-07-17T17:00:00Z,BUD,Budds_Landing,39.37225,-75.83986667,1.0,11.82,NaN,29.71,0.22,155.7
2018-07-17T17:15:00Z,BUD,Budds_Landing,39.37225,-75.83986667,1.0,11.9,NaN,29.83,0.22,157.2
2018-07-17T17:30:00Z,BUD,Budds_Landing,39.37225,-75.83986667,1.0,12.18,NaN,29.87,0.22,160.9
2018-07-17T17:45:00Z,BUD,Budds_Landing,39.37225,-75.83986667,1.0,11.68,NaN,29.85,0.22,154.2
2018-07-17T18:00:00Z,BUD,Budds_Landing,39.37225,-75.83986667,1.0,10.72,NaN,29.35,0.21,140.3
2018-07-17T18:15:00Z,BUD,Budds_Landing,39.37225,-75.83986667,1.0,11.43,NaN,29.49,0.21,150.0
2018-07-17T18:30:00Z,BUD,Budds_Landing,39.37225,-75.83986667,1.0,12.05,NaN,29.64,0.21,158.6
2018-07-17T18:45:00Z,BUD,Budds_Landing,39.37225,-75.83986667,1.0,10.89,NaN,29.42,0.21,142.8
2018-07-17T19:00:00Z,BUD,Budds_Landing,39.37225,-75.83986667,1.0,10.66,NaN,29.4,0.21,139.8
2018-07-17T19:15:00Z,BUD,Budds_Landing,39.37225,-75.83986667,1.0,11.48,NaN,29.58,0.21,150.9
2018-07-17T19:30:00Z,BUD,Budds_Landing,39.37225,-75.83986667,1.0,12.25,NaN,29.79,0.21,161.7
2018-07-17T19:45:00Z,BUD,Budds_Landing,39.37225,-75.83986667,1.0,11.91,NaN,29.65,0.21,156.7
2018-07-17T20:00:00Z,BUD,Budds_Landing,39.37225,-75.83986667,1.0,11.58,NaN,29.54,0.2,152.1
2018-07-17T20:15:00Z,BUD,Budds_Landing,39.37225,-75.83986667,1.0,10.95,NaN,29.49,0.2,143.8
2018-07-17T20:30:00Z,BUD,Budds_Landing,39.37225,-75.83986667,1.0,10.97,NaN,29.45,0.2,143.9
2018-07-17T20:45:00Z,BUD,Budds_Landing,39.37225,-75.83986667,1.0,11.26,NaN,29.52,0.2,147.9
2018-07-17T21:00:00Z,BUD,Budds_Landing,39.37225,-75.83986667,1.0,12.52,NaN,29.63,0.2,164.8
2018-07-17T21:15:00Z,BUD,Budds_Landing,39.37225,-75.83986667,1.0,12.27,NaN,29.7,0.2,161.7
2018-07-17T21:30:00Z,BUD,Budds_Landing,39.37225,-75.83986667,1.0,12.44,NaN,29.64,0.2,163.8
2018-07-17T21:45:00Z,BUD,Budds_Landing,39.37225,-75.83986667,1.0,13.38,NaN,29.61,0.2,175.9
2018-07-17T22:00:00Z,BUD,Budds_Landing,39.37225,-75.83986667,1.0,13.26,NaN,29.67,0.2,174.6
2018-07-17T22:15:00Z,BUD,Budds_Landing,39.37225,-75.83986667,1.0,12.9,NaN,29.65,0.2,169.8
2018-07-17T22:30:00Z,BUD,Budds_Landing,39.37225,-75.83986667,1.0,12.76,NaN,29.65,0.2,168.0
2018-07-17T22:45:00Z,BUD,Budds_Landing,39.37225,-75.83986667,1.0,11.91,NaN,29.61,0.2,156.7
2018-07-17T23:00:00Z,BUD,Budds_Landing,39.37225,-75.83986667,1.0,12.79,NaN,29.6,0.2,168.2
2018-07-17T23:15:00Z,BUD,Budds_Landing,39.37225,-75.83986667,1.0,13.31,NaN,29.57,0.2,175.0
2018-07-17T23:30:00Z,BUD,Budds_Landing,39.37225,-75.83986667,1.0,12.61,NaN,29.63,0.2,166.0
2018-07-17T23:45:00Z,BUD,Budds_Landing,39.37225,-75.83986667,1.0,12.35,NaN,29.62,0.2,162.5
2018-07-18T00:00:00Z,BUD,Budds_Landing,39.37225,-75.83986667,1.0,12.03,NaN,29.61,0.2,158.2
2018-07-18T00:15:00Z,BUD,Budds_Landing,39.37225,-75.83986667,1.0,12.35,NaN,29.54,0.19,162.2
2018-07-18T00:30:00Z,BUD,Budds_Landing,39.37225,-75.83986667,1.0,12.09,NaN,29.51,0.18,158.8
2018-07-18T00:45:00Z,BUD,Budds_Landing,39.37225,-75.83986667,1.0,12.72,NaN,29.53,0.19,167.0
2018-07-18T01:00:00Z,BUD,Budds_Landing,39.37225,-75.83986667,1.0,12.54,NaN,29.49,0.19,164.7
2018-07-18T01:15:00Z,BUD,Budds_Landing,39.37225,-75.83986667,1.0,12.42,NaN,29.47,0.19,163.0
2018-07-18T01:30:00Z,BUD,Budds_Landing,39.37225,-75.83986667,1.0,12.24,NaN,29.44,0.19,160.6
2018-07-18T01:45:00Z,BUD,Budds_Landing,39.37225,-75.83986667,1.0,13.02,NaN,29.44,0.19,170.8
2018-07-18T02:00:00Z,BUD,Budds_Landing,39.37225,-75.83986667,1.0,12.0,NaN,29.29,0.19,157.0
2018-07-18T02:15:00Z,BUD,Budds_Landing,39.37225,-75.83986667,1.0,12.63,NaN,29.32,0.19,165.3
2018-07-18T02:30:00Z,BUD,Budds_Landing,39.37225,-75.83986667,1.0,11.44,NaN,29.36,0.21,149.8
2018-07-18T02:45:00Z,BUD,Budds_Landing,39.37225,-75.83986667,1.0,11.07,NaN,29.32,0.21,144.9
2018-07-18T03:00:00Z,BUD,Budds_Landing,39.37225,-75.83986667,1.0,11.56,NaN,29.25,0.21,151.1
2018-07-18T03:15:00Z,BUD,Budds_Landing,39.37225,-75.83986667,1.0,11.58,NaN,29.17,0.2,151.1
2018-07-18T03:30:00Z,BUD,Budds_Landing,39.37225,-75.83986667,1.0,11.95,NaN,29.1,0.19,155.8
2018-07-18T03:45:00Z,BUD,Budds_Landing,39.37225,-75.83986667,1.0,11.6,NaN,29.08,0.19,151.2
2018-07-18T04:00:00Z,BUD,Budds_Landing,39.37225,-75.83986667,1.0,11.35,NaN,29.08,0.2,148.0
2018-07-18T04:15:00Z,BUD,Budds_Landing,39.37225,-75.83986667,1.0,10.85,NaN,29.14,0.2,141.6
2018-07-18T04:30:00Z,BUD,Budds_Landing,39.37225,-75.83986667,1.0,10.58,NaN,29.1,0.2,138.0
2018-07-18T04:45:00Z,BUD,Budds_Landing,39.37225,-75.83986667,1.0,10.16,NaN,29.08,0.2,132.4
2018-07-18T05:00:00Z,BUD,Budds_Landing,39.37225,-75.83986667,1.0,9.97,NaN,29.12,0.21,130.0
2018-07-18T05:15:00Z,BUD,Budds_Landing,39.37225,-75.83986667,1.0,9.78,NaN,29.14,0.21,127.6
2018-07-18T05:30:00Z,BUD,Budds_Landing,39.37225,-75.83986667,1.0,9.38,NaN,29.15,0.21,122.4
2018-07-18T05:45:00Z,BUD,Budds_Landing,39.37225,-75.83986667,1.0,8.91,NaN,29.14,0.21,116.2
2018-07-18T06:00:00Z,BUD,Budds_Landing,39.37225,-75.83986667,1.0,8.22,NaN,29.14,0.21,107.2
2018-07-18T06:15:00Z,BUD,Budds_Landing,39.37225,-75.83986667,1.0,8.32,NaN,29.14,0.21,108.5
2018-07-18T06:30:00Z,BUD,Budds_Landing,39.37225,-75.83986667,1.0,8.23,NaN,29.08,0.21,107.2
2018-07-18T06:45:00Z,BUD,Budds_Landing,39.37225,-75.83986667,1.0,8.5,NaN,29.0,0.21,110.7
2018-07-18T07:00:00Z,BUD,Budds_Landing,39.37225,-75.83986667,1.0,8.62,NaN,28.91,0.21,112.0
2018-07-18T07:15:00Z,BUD,Budds_Landing,39.37225,-75.83986667,1.0,8.83,NaN,28.71,0.2,114.4
2018-07-18T07:30:00Z,BUD,Budds_Landing,39.37225,-75.83986667,1.0,9.09,NaN,28.72,0.2,117.8
2018-07-18T07:45:00Z,BUD,Budds_Landing,39.37225,-75.83986667,1.0,9.11,NaN,28.71,0.2,118.0
2018-07-18T08:00:00Z,BUD,Budds_Landing,39.37225,-75.83986667,1.0,9.13,NaN,28.72,0.2,118.3
2018-07-18T08:15:00Z,BUD,Budds_Landing,39.37225,-75.83986667,1.0,9.01,NaN,28.71,0.2,116.6
2018-07-18T08:30:00Z,BUD,Budds_Landing,39.37225,-75.83986667,1.0,9.13,NaN,28.57,0.2,117.9
2018-07-18T08:45:00Z,BUD,Budds_Landing,39.37225,-75.83986667,1.0,8.12,NaN,28.42,0.2,104.6
2018-07-18T09:00:00Z,BUD,Budds_Landing,39.37225,-75.83986667,1.0,7.88,NaN,28.38,0.19,101.5
2018-07-18T09:15:00Z,BUD,Budds_Landing,39.37225,-75.83986667,1.0,7.59,NaN,28.41,0.2,97.7
2018-07-18T09:30:00Z,BUD,Budds_Landing,39.37225,-75.83986667,1.0,7.25,NaN,28.33,0.2,93.3
2018-07-18T09:45:00Z,BUD,Budds_Landing,39.37225,-75.83986667,1.0,7.03,NaN,28.27,0.2,90.4
2018-07-18T10:00:00Z,BUD,Budds_Landing,39.37225,-75.83986667,1.0,7.36,NaN,28.27,0.2,94.6
2018-07-18T10:15:00Z,BUD,Budds_Landing,39.37225,-75.83986667,1.0,7.04,NaN,28.19,0.2,90.3
2018-07-18T10:30:00Z,BUD,Budds_Landing,39.37225,-75.83986667,1.0,7.14,NaN,28.14,0.19,91.5
2018-07-18T10:45:00Z,BUD,Budds_Landing,39.37225,-75.83986667,1.0,7.2,NaN,28.06,0.19,92.2
2018-07-18T11:00:00Z,BUD,Budds_Landing,39.37225,-75.83986667,1.0,6.58,NaN,28.05,0.19,84.3
2018-07-18T11:15:00Z,BUD,Budds_Landing,39.37225,-75.83986667,1.0,7.04,NaN,27.96,0.19,89.9
2018-07-18T11:30:00Z,BUD,Budds_Landing,39.37225,-75.83986667,1.0,7.25,NaN,27.89,0.19,92.5
2018-07-18T11:45:00Z,BUD,Budds_Landing,39.37225,-75.83986667,1.0,7.01,NaN,27.78,0.19,89.3
2018-07-18T12:00:00Z,BUD,Budds_Landing,39.37225,-75.83986667,1.0,6.52,NaN,27.74,0.19,82.9
2018-07-18T12:15:00Z,BUD,Budds_Landing,39.37225,-75.83986667,1.0,6.84,NaN,27.6,0.18,86.9
2018-07-18T12:30:00Z,BUD,Budds_Landing,39.37225,-75.83986667,1.0,7.17,NaN,27.57,0.18,91.0
2018-07-18T12:45:00Z,BUD,Budds_Landing,39.37225,-75.83986667,1.0,6.59,NaN,27.56,0.18,83.7
2018-07-18T13:00:00Z,BUD,Budds_Landing,39.37225,-75.83986667,1.0,6.82,NaN,27.53,0.18,86.4
2018-07-18T13:15:00Z,BUD,Budds_Landing,39.37225,-75.83986667,1.0,6.18,NaN,27.58,0.18,78.5
2018-07-18T13:30:00Z,BUD,Budds_Landing,39.37225,-75.83986667,1.0,7.78,NaN,27.55,0.18,98.7
2018-07-18T13:45:00Z,BUD,Budds_Landing,39.37225,-75.83986667,1.0,7.7,NaN,27.55,0.17,97.7
2018-07-18T14:00:00Z,BUD,Budds_Landing,39.37225,-75.83986667,1.0,9.15,NaN,27.91,0.17,116.9
2018-07-18T14:15:00Z,BUD,Budds_Landing,39.37225,-75.83986667,1.0,10.31,NaN,28.02,0.17,131.9
2018-07-18T14:30:00Z,BUD,Budds_Landing,39.37225,-75.83986667,1.0,11.12,NaN,28.26,0.18,142.8
2018-07-18T14:45:00Z,BUD,Budds_Landing,39.37225,-75.83986667,1.0,11.18,NaN,28.41,0.18,144.0
2018-07-18T15:00:00Z,BUD,Budds_Landing,39.37225,-75.83986667,1.0,12.03,NaN,28.54,0.18,155.3
2018-07-18T15:15:00Z,BUD,Budds_Landing,39.37225,-75.83986667,1.0,12.74,NaN,28.73,0.18,165.0
2018-07-18T15:30:00Z,BUD,Budds_Landing,39.37225,-75.83986667,1.0,13.58,NaN,28.88,0.18,176.3
2018-07-18T15:45:00Z,BUD,Budds_Landing,39.37225,-75.83986667,1.0,12.96,NaN,28.79,0.18,168.0
2018-07-18T16:00:00Z,BUD,Budds_Landing,39.37225,-75.83986667,1.0,12.51,NaN,28.74,0.19,162.0
2018-07-18T16:15:00Z,BUD,Budds_Landing,39.37225,-75.83986667,1.0,11.99,NaN,28.65,0.19,155.1
2018-07-18T16:30:00Z,BUD,Budds_Landing,39.37225,-75.83986667,1.0,12.05,NaN,28.72,0.19,156.1
2018-07-18T16:45:00Z,BUD,Budds_Landing,39.37225,-75.83986667,1.0,12.49,NaN,28.89,0.19,162.3
2018-07-18T17:00:00Z,BUD,Budds_Landing,39.37225,-75.83986667,1.0,12.66,NaN,28.98,0.19,164.8
2018-07-18T17:15:00Z,BUD,Budds_Landing,39.37225,-75.83986667,1.0,12.37,NaN,28.99,0.19,160.9
2018-07-18T17:30:00Z,BUD,Budds_Landing,39.37225,-75.83986667,1.0,12.2,NaN,29.03,0.2,158.9
2018-07-18T17:45:00Z,BUD,Budds_Landing,39.37225,-75.83986667,1.0,12.83,NaN,29.32,0.2,168.0
2018-07-18T18:00:00Z,BUD,Budds_Landing,39.37225,-75.83986667,1.0,13.11,NaN,29.29,0.2,171.5
2018-07-18T18:15:00Z,BUD,Budds_Landing,39.37225,-75.83986667,1.0,13.5,NaN,29.39,0.2,176.9
2018-07-18T18:30:00Z,BUD,Budds_Landing,39.37225,-75.83986667,1.0,11.83,NaN,29.24,0.2,154.6
2018-07-18T18:45:00Z,BUD,Budds_Landing,39.37225,-75.83986667,1.0,11.19,NaN,28.85,0.19,145.2
2018-07-18T19:00:00Z,BUD,Budds_Landing,39.37225,-75.83986667,1.0,11.22,NaN,28.84,0.19,145.6
2018-07-18T19:15:00Z,BUD,Budds_Landing,39.37225,-75.83986667,1.0,10.95,NaN,28.78,0.19,142.0
2018-07-18T19:30:00Z,BUD,Budds_Landing,39.37225,-75.83986667,1.0,12.02,NaN,28.61,0.18,155.4
2018-07-18T19:45:00Z,BUD,Budds_Landing,39.37225,-75.83986667,1.0,12.39,NaN,28.64,0.18,160.2
2018-07-18T20:00:00Z,BUD,Budds_Landing,39.37225,-75.83986667,1.0,13.7,NaN,28.84,0.18,177.7
2018-07-18T20:15:00Z,BUD,Budds_Landing,39.37225,-75.83986667,1.0,13.75,NaN,29.0,0.19,179.0
2018-07-18T20:30:00Z,BUD,Budds_Landing,39.37225,-75.83986667,1.0,14.33,NaN,29.04,0.19,186.6
2018-07-18T20:45:00Z,BUD,Budds_Landing,39.37225,-75.83986667,1.0,13.45,NaN,28.94,0.18,174.8
2018-07-18T21:00:00Z,BUD,Budds_Landing,39.37225,-75.83986667,1.0,11.87,NaN,28.87,0.18,154.1
2018-07-18T21:15:00Z,BUD,Budds_Landing,39.37225,-75.83986667,1.0,11.83,NaN,28.82,0.18,153.4
2018-07-18T21:30:00Z,BUD,Budds_Landing,39.37225,-75.83986667,1.0,13.82,NaN,29.02,0.18,179.9
2018-07-18T21:45:00Z,BUD,Budds_Landing,39.37225,-75.83986667,1.0,13.98,NaN,29.21,0.19,182.7
2018-07-18T22:00:00Z,BUD,Budds_Landing,39.37225,-75.83986667,1.0,14.61,NaN,29.27,0.19,191.0
2018-07-18T22:15:00Z,BUD,Budds_Landing,39.37225,-75.83986667,1.0,14.99,NaN,29.45,0.18,196.7
2018-07-18T22:30:00Z,BUD,Budds_Landing,39.37225,-75.83986667,1.0,16.01,NaN,29.74,0.18,211.1
2018-07-18T22:45:00Z,BUD,Budds_Landing,39.37225,-75.83986667,1.0,16.34,NaN,29.84,0.18,215.8
2018-07-18T23:00:00Z,BUD,Budds_Landing,39.37225,-75.83986667,1.0,15.68,NaN,29.78,0.18,206.9
2018-07-18T23:15:00Z,BUD,Budds_Landing,39.37225,-75.83986667,1.0,15.28,NaN,29.82,0.18,201.7
2018-07-18T23:30:00Z,BUD,Budds_Landing,39.37225,-75.83986667,1.0,13.98,NaN,29.71,0.18,184.2
2018-07-18T23:45:00Z,BUD,Budds_Landing,39.37225,-75.83986667,1.0,15.65,NaN,29.88,0.18,206.8
2018-07-19T00:00:00Z,BUD,Budds_Landing,39.37225,-75.83986667,1.0,16.79,NaN,29.98,0.17,222.2
2018-07-19T00:15:00Z,BUD,Budds_Landing,39.37225,-75.83986667,1.0,16.14,NaN,29.89,0.17,213.3
2018-07-19T00:30:00Z,BUD,Budds_Landing,39.37225,-75.83986667,1.0,17.26,NaN,30.02,0.18,228.6
2018-07-19T00:45:00Z,BUD,Budds_Landing,39.37225,-75.83986667,1.0,16.93,NaN,29.89,0.19,223.8
2018-07-19T01:00:00Z,BUD,Budds_Landing,39.37225,-75.83986667,1.0,16.23,NaN,29.78,0.18,214.0
2018-07-19T01:15:00Z,BUD,Budds_Landing,39.37225,-75.83986667,1.0,16.83,NaN,29.79,0.18,222.0
2018-07-19T01:30:00Z,BUD,Budds_Landing,39.37225,-75.83986667,1.0,17.83,NaN,29.96,0.17,236.0
2018-07-19T01:45:00Z,BUD,Budds_Landing,39.37225,-75.83986667,1.0,17.5,NaN,29.92,0.18,231.4
2018-07-19T02:00:00Z,BUD,Budds_Landing,39.37225,-75.83986667,1.0,16.31,NaN,29.82,0.18,215.3
2018-07-19T02:15:00Z,BUD,Budds_Landing,39.37225,-75.83986667,1.0,17.97,NaN,29.68,0.19,236.6
2018-07-19T02:30:00Z,BUD,Budds_Landing,39.37225,-75.83986667,1.0,17.92,NaN,29.52,0.18,235.3
2018-07-19T02:45:00Z,BUD,Budds_Landing,39.37225,-75.83986667,1.0,17.82,NaN,29.58,0.17,234.2
2018-07-19T03:00:00Z,BUD,Budds_Landing,39.37225,-75.83986667,1.0,17.92,NaN,29.52,0.17,235.4
2018-07-19T03:15:00Z,BUD,Budds_Landing,39.37225,-75.83986667,1.0,18.15,NaN,29.52,0.18,238.3
2018-07-19T03:30:00Z,BUD,Budds_Landing,39.37225,-75.83986667,1.0,16.03,NaN,29.47,0.19,210.3
2018-07-19T03:45:00Z,BUD,Budds_Landing,39.37225,-75.83986667,1.0,15.41,NaN,29.3,0.2,201.7
2018-07-19T04:00:00Z,BUD,Budds_Landing,39.37225,-75.83986667,1.0,14.26,NaN,29.26,0.2,186.4
2018-07-19T04:15:00Z,BUD,Budds_Landing,39.37225,-75.83986667,1.0,13.41,NaN,29.21,0.2,175.1
2018-07-19T04:30:00Z,BUD,Budds_Landing,39.37225,-75.83986667,1.0,13.01,NaN,29.15,0.2,169.8
2018-07-19T04:45:00Z,BUD,Budds_Landing,39.37225,-75.83986667,1.0,13.55,NaN,29.09,0.2,176.7
2018-07-19T05:00:00Z,BUD,Budds_Landing,39.37225,-75.83986667,1.0,13.09,NaN,29.08,0.2,170.5
2018-07-19T05:15:00Z,BUD,Budds_Landing,39.37225,-75.83986667,1.0,12.86,NaN,29.08,0.2,167.6
2018-07-19T05:30:00Z,BUD,Budds_Landing,39.37225,-75.83986667,1.0,12.63,NaN,29.05,0.2,164.6
2018-07-19T05:45:00Z,BUD,Budds_Landing,39.37225,-75.83986667,1.0,12.13,NaN,29.0,0.21,157.9
2018-07-19T06:00:00Z,BUD,Budds_Landing,39.37225,-75.83986667,1.0,11.96,NaN,28.95,0.21,155.6
2018-07-19T06:15:00Z,BUD,Budds_Landing,39.37225,-75.83986667,1.0,11.7,NaN,28.94,0.21,152.1
2018-07-19T06:30:00Z,BUD,Budds_Landing,39.37225,-75.83986667,1.0,11.62,NaN,28.93,0.21,151.1
2018-07-19T06:45:00Z,BUD,Budds_Landing,39.37225,-75.83986667,1.0,10.95,NaN,28.92,0.21,142.3
2018-07-19T07:00:00Z,BUD,Budds_Landing,39.37225,-75.83986667,1.0,10.73,NaN,28.84,0.21,139.3
2018-07-19T07:15:00Z,BUD,Budds_Landing,39.37225,-75.83986667,1.0,10.08,NaN,28.83,0.21,130.8
2018-07-19T07:30:00Z,BUD,Budds_Landing,39.37225,-75.83986667,1.0,10.22,NaN,28.82,0.21,132.6
2018-07-19T07:45:00Z,BUD,Budds_Landing,39.37225,-75.83986667,1.0,10.37,NaN,28.7,0.21,134.3
2018-07-19T08:00:00Z,BUD,Budds_Landing,39.37225,-75.83986667,1.0,10.74,NaN,28.68,0.21,139.0
2018-07-19T08:15:00Z,BUD,Budds_Landing,39.37225,-75.83986667,1.0,10.79,NaN,28.62,0.21,139.5
2018-07-19T08:30:00Z,BUD,Budds_Landing,39.37225,-75.83986667,1.0,11.65,NaN,28.47,0.2,150.2
2018-07-19T08:45:00Z,BUD,Budds_Landing,39.37225,-75.83986667,1.0,12.25,NaN,28.27,0.19,157.4
2018-07-19T09:00:00Z,BUD,Budds_Landing,39.37225,-75.83986667,1.0,11.71,NaN,28.27,0.2,150.4
2018-07-19T09:15:00Z,BUD,Budds_Landing,39.37225,-75.83986667,1.0,11.42,NaN,28.29,0.2,146.8
2018-07-19T09:30:00Z,BUD,Budds_Landing,39.37225,-75.83986667,1.0,11.42,NaN,28.16,0.19,146.5
2018-07-19T09:45:00Z,BUD,Budds_Landing,39.37225,-75.83986667,1.0,11.27,NaN,28.17,0.19,144.5
2018-07-19T10:00:00Z,BUD,Budds_Landing,39.37225,-75.83986667,1.0,11.12,NaN,27.98,0.19,142.1
2018-07-19T10:15:00Z,BUD,Budds_Landing,39.37225,-75.83986667,1.0,10.78,NaN,28.06,0.19,138.0
2018-07-19T10:30:00Z,BUD,Budds_Landing,39.37225,-75.83986667,1.0,10.86,NaN,27.98,0.19,138.8
2018-07-19T10:45:00Z,BUD,Budds_Landing,39.37225,-75.83986667,1.0,10.72,NaN,28.02,0.19,137.1
2018-07-19T11:00:00Z,BUD,Budds_Landing,39.37225,-75.83986667,1.0,10.68,NaN,27.94,0.2,136.4
2018-07-19T11:15:00Z,BUD,Budds_Landing,39.37225,-75.83986667,1.0,10.28,NaN,27.71,0.19,130.8
2018-07-19T11:30:00Z,BUD,Budds_Landing,39.37225,-75.83986667,1.0,10.14,NaN,27.59,0.19,128.8
2018-07-19T11:45:00Z,BUD,Budds_Landing,39.37225,-75.83986667,1.0,10.53,NaN,27.65,0.19,133.8
2018-07-19T12:00:00Z,BUD,Budds_Landing,39.37225,-75.83986667,1.0,10.1,NaN,27.62,0.19,128.3
2018-07-19T12:15:00Z,BUD,Budds_Landing,39.37225,-75.83986667,1.0,10.65,NaN,27.61,0.18,135.2
2018-07-19T12:30:00Z,BUD,Budds_Landing,39.37225,-75.83986667,1.0,10.36,NaN,27.6,0.19,131.6
2018-07-19T12:45:00Z,BUD,Budds_Landing,39.37225,-75.83986667,1.0,12.04,NaN,27.59,0.18,152.8
2018-07-19T13:00:00Z,BUD,Budds_Landing,39.37225,-75.83986667,1.0,11.78,NaN,27.57,0.18,149.5
2018-07-19T13:15:00Z,BUD,Budds_Landing,39.37225,-75.83986667,1.0,11.19,NaN,27.54,0.18,141.9
2018-07-19T13:30:00Z,BUD,Budds_Landing,39.37225,-75.83986667,1.0,11.71,NaN,27.57,0.18,148.6
2018-07-19T13:45:00Z,BUD,Budds_Landing,39.37225,-75.83986667,1.0,11.86,NaN,27.56,0.18,150.5
2018-07-19T14:00:00Z,BUD,Budds_Landing,39.37225,-75.83986667,1.0,12.12,NaN,27.54,0.18,153.7
2018-07-19T14:15:00Z,BUD,Budds_Landing,39.37225,-75.83986667,1.0,11.87,NaN,27.52,0.17,150.5
2018-07-19T14:30:00Z,BUD,Budds_Landing,39.37225,-75.83986667,1.0,11.94,NaN,27.74,0.18,152.0
2018-07-19T14:45:00Z,BUD,Budds_Landing,39.37225,-75.83986667,1.0,11.93,NaN,27.79,0.18,152.0
2018-07-19T15:00:00Z,BUD,Budds_Landing,39.37225,-75.83986667,1.0,14.19,NaN,28.31,0.18,182.4
2018-07-19T15:15:00Z,BUD,Budds_Landing,39.37225,-75.83986667,1.0,15.19,NaN,28.3,0.18,195.3
2018-07-19T15:30:00Z,BUD,Budds_Landing,39.37225,-75.83986667,1.0,15.27,NaN,28.31,0.18,196.4
2018-07-19T15:45:00Z,BUD,Budds_Landing,39.37225,-75.83986667,1.0,14.97,NaN,28.27,0.18,192.4
2018-07-19T16:00:00Z,BUD,Budds_Landing,39.37225,-75.83986667,1.0,13.82,NaN,28.32,0.19,177.8
2018-07-19T16:15:00Z,BUD,Budds_Landing,39.37225,-75.83986667,1.0,13.21,NaN,28.42,0.2,170.2
2018-07-19T16:30:00Z,BUD,Budds_Landing,39.37225,-75.83986667,1.0,12.91,NaN,28.39,0.2,166.2
2018-07-19T16:45:00Z,BUD,Budds_Landing,39.37225,-75.83986667,1.0,12.94,NaN,28.43,0.2,166.7
2018-07-19T17:00:00Z,BUD,Budds_Landing,39.37225,-75.83986667,1.0,12.91,NaN,28.49,0.2,166.5
2018-07-19T17:15:00Z,BUD,Budds_Landing,39.37225,-75.83986667,1.0,13.11,NaN,28.58,0.2,169.3
2018-07-19T17:30:00Z,BUD,Budds_Landing,39.37225,-75.83986667,1.0,13.24,NaN,28.7,0.21,171.5
2018-07-19T17:45:00Z,BUD,Budds_Landing,39.37225,-75.83986667,1.0,14.42,NaN,29.07,0.21,187.9
2018-07-19T18:00:00Z,BUD,Budds_Landing,39.37225,-75.83986667,1.0,14.55,NaN,29.14,0.21,189.9
2018-07-19T18:15:00Z,BUD,Budds_Landing,39.37225,-75.83986667,1.0,15.07,NaN,29.29,0.21,197.2
2018-07-19T18:30:00Z,BUD,Budds_Landing,39.37225,-75.83986667,1.0,16.15,NaN,29.68,0.22,212.7
2018-07-19T18:45:00Z,BUD,Budds_Landing,39.37225,-75.83986667,1.0,16.44,NaN,29.87,0.22,217.3
2018-07-19T19:00:00Z,BUD,Budds_Landing,39.37225,-75.83986667,1.0,15.64,NaN,29.71,0.22,206.1
2018-07-19T19:15:00Z,BUD,Budds_Landing,39.37225,-75.83986667,1.0,14.68,NaN,29.33,0.21,192.2
2018-07-19T19:30:00Z,BUD,Budds_Landing,39.37225,-75.83986667,1.0,14.5,NaN,29.38,0.21,190.0
2018-07-19T19:45:00Z,BUD,Budds_Landing,39.37225,-75.83986667,1.0,13.59,NaN,29.1,0.21,177.1
2018-07-19T20:00:00Z,BUD,Budds_Landing,39.37225,-75.83986667,1.0,12.77,NaN,28.9,0.21,165.9
2018-07-19T20:15:00Z,BUD,Budds_Landing,39.37225,-75.83986667,1.0,13.36,NaN,28.84,0.2,173.5
2018-07-19T20:30:00Z,BUD,Budds_Landing,39.37225,-75.83986667,1.0,14.91,NaN,29.04,0.2,194.2
2018-07-19T20:45:00Z,BUD,Budds_Landing,39.37225,-75.83986667,1.0,14.83,NaN,28.74,0.19,192.1
2018-07-19T21:00:00Z,BUD,Budds_Landing,39.37225,-75.83986667,1.0,15.57,NaN,29.12,0.19,203.1
2018-07-19T21:15:00Z,BUD,Budds_Landing,39.37225,-75.83986667,1.0,16.09,NaN,29.08,0.2,209.8
2018-07-19T21:30:00Z,BUD,Budds_Landing,39.37225,-75.83986667,1.0,15.86,NaN,29.05,0.2,206.6
2018-07-19T21:45:00Z,BUD,Budds_Landing,39.37225,-75.83986667,1.0,16.35,NaN,29.15,0.2,213.4
2018-07-19T22:00:00Z,BUD,Budds_Landing,39.37225,-75.83986667,1.0,14.43,NaN,29.06,0.2,187.9
2018-07-19T22:15:00Z,BUD,Budds_Landing,39.37225,-75.83986667,1.0,14.01,NaN,28.99,0.2,182.3
2018-07-19T22:30:00Z,BUD,Budds_Landing,39.37225,-75.83986667,1.0,14.54,NaN,29.15,0.2,189.7
2018-07-19T22:45:00Z,BUD,Budds_Landing,39.37225,-75.83986667,1.0,14.75,NaN,29.06,0.19,192.2
2018-07-19T23:00:00Z,BUD,Budds_Landing,39.37225,-75.83986667,1.0,14.75,NaN,29.14,0.19,192.5
2018-07-19T23:15:00Z,BUD,Budds_Landing,39.37225,-75.83986667,1.0,15.79,NaN,29.47,0.19,207.2
2018-07-19T23:30:00Z,BUD,Budds_Landing,39.37225,-75.83986667,1.0,17.08,NaN,29.6,0.19,224.7
2018-07-19T23:45:00Z,BUD,Budds_Landing,39.37225,-75.83986667,1.0,17.36,NaN,29.75,0.19,228.9
2018-07-20T00:00:00Z,BUD,Budds_Landing,39.37225,-75.83986667,1.0,18.04,NaN,29.8,0.19,238.0
2018-07-20T00:15:00Z,BUD,Budds_Landing,39.37225,-75.83986667,1.0,17.84,NaN,29.83,0.19,235.5
2018-07-20T00:30:00Z,BUD,Budds_Landing,39.37225,-75.83986667,1.0,17.3,NaN,29.84,0.19,228.5
2018-07-20T00:45:00Z,BUD,Budds_Landing,39.37225,-75.83986667,1.0,17.92,NaN,29.7,0.19,236.1
2018-07-20T01:00:00Z,BUD,Budds_Landing,39.37225,-75.83986667,1.0,16.84,NaN,29.59,0.18,221.4
2018-07-20T01:15:00Z,BUD,Budds_Landing,39.37225,-75.83986667,1.0,16.77,NaN,29.63,0.18,220.7
2018-07-20T01:30:00Z,BUD,Budds_Landing,39.37225,-75.83986667,1.0,16.47,NaN,29.76,0.18,217.2
2018-07-20T01:45:00Z,BUD,Budds_Landing,39.37225,-75.83986667,1.0,17.31,NaN,29.69,0.18,227.9
2018-07-20T02:00:00Z,BUD,Budds_Landing,39.37225,-75.83986667,1.0,17.54,NaN,29.63,0.18,230.8
2018-07-20T02:15:00Z,BUD,Budds_Landing,39.37225,-75.83986667,1.0,16.43,NaN,29.54,0.19,215.8
2018-07-20T02:30:00Z,BUD,Budds_Landing,39.37225,-75.83986667,1.0,16.53,NaN,29.46,0.19,216.9
2018-07-20T02:45:00Z,BUD,Budds_Landing,39.37225,-75.83986667,1.0,16.67,NaN,29.44,0.19,218.6
2018-07-20T03:00:00Z,BUD,Budds_Landing,39.37225,-75.83986667,1.0,17.0,NaN,29.26,0.2,222.2
2018-07-20T03:15:00Z,BUD,Budds_Landing,39.37225,-75.83986667,1.0,17.1,NaN,29.25,0.19,223.5
2018-07-20T03:30:00Z,BUD,Budds_Landing,39.37225,-75.83986667,1.0,17.1,NaN,29.21,0.19,223.4
2018-07-20T03:45:00Z,BUD,Budds_Landing,39.37225,-75.83986667,1.0,17.43,NaN,29.17,0.19,227.5
2018-07-20T04:00:00Z,BUD,Budds_Landing,39.37225,-75.83986667,1.0,17.39,NaN,29.19,0.19,227.1
2018-07-20T04:15:00Z,BUD,Budds_Landing,39.37225,-75.83986667,1.0,17.23,NaN,29.11,0.19,224.7
2018-07-20T04:30:00Z,BUD,Budds_Landing,39.37225,-75.83986667,1.0,17.07,NaN,29.07,0.19,222.4
2018-07-20T04:45:00Z,BUD,Budds_Landing,39.37225,-75.83986667,1.0,16.76,NaN,29.04,0.19,218.3
2018-07-20T05:00:00Z,BUD,Budds_Landing,39.37225,-75.83986667,1.0,16.36,NaN,28.97,0.19,212.8
2018-07-20T05:15:00Z,BUD,Budds_Landing,39.37225,-75.83986667,1.0,15.42,NaN,28.9,0.2,200.4
2018-07-20T05:30:00Z,BUD,Budds_Landing,39.37225,-75.83986667,1.0,15.22,NaN,28.86,0.2,197.6
2018-07-20T05:45:00Z,BUD,Budds_Landing,39.37225,-75.83986667,1.0,14.32,NaN,28.78,0.2,185.6
2018-07-20T06:00:00Z,BUD,Budds_Landing,39.37225,-75.83986667,1.0,13.27,NaN,28.74,0.21,172.0
2018-07-20T06:15:00Z,BUD,Budds_Landing,39.37225,-75.83986667,1.0,13.09,NaN,28.71,0.21,169.5
2018-07-20T06:30:00Z,BUD,Budds_Landing,39.37225,-75.83986667,1.0,13.22,NaN,28.68,0.21,171.2
2018-07-20T06:45:00Z,BUD,Budds_Landing,39.37225,-75.83986667,1.0,12.98,NaN,28.64,0.21,167.9
2018-07-20T07:00:00Z,BUD,Budds_Landing,39.37225,-75.83986667,1.0,13.01,NaN,28.62,0.21,168.2
2018-07-20T07:15:00Z,BUD,Budds_Landing,39.37225,-75.83986667,1.0,12.98,NaN,28.57,0.21,167.6
2018-07-20T07:30:00Z,BUD,Budds_Landing,39.37225,-75.83986667,1.0,11.95,NaN,28.51,0.21,154.2
2018-07-20T07:45:00Z,BUD,Budds_Landing,39.37225,-75.83986667,1.0,11.55,NaN,28.48,0.21,148.9
2018-07-20T08:00:00Z,BUD,Budds_Landing,39.37225,-75.83986667,1.0,11.45,NaN,28.47,0.21,147.6
2018-07-20T08:15:00Z,BUD,Budds_Landing,39.37225,-75.83986667,1.0,11.43,NaN,28.45,0.21,147.3
2018-07-20T08:30:00Z,BUD,Budds_Landing,39.37225,-75.83986667,1.0,11.31,NaN,28.43,0.21,145.8
2018-07-20T08:45:00Z,BUD,Budds_Landing,39.37225,-75.83986667,1.0,11.74,NaN,28.38,0.21,151.1
2018-07-20T09:00:00Z,BUD,Budds_Landing,39.37225,-75.83986667,1.0,12.07,NaN,28.34,0.21,155.2
2018-07-20T09:15:00Z,BUD,Budds_Landing,39.37225,-75.83986667,1.0,12.18,NaN,28.21,0.2,156.3
2018-07-20T09:30:00Z,BUD,Budds_Landing,39.37225,-75.83986667,1.0,12.26,NaN,28.17,0.2,157.2
2018-07-20T09:45:00Z,BUD,Budds_Landing,39.37225,-75.83986667,1.0,12.18,NaN,28.1,0.2,156.0
2018-07-20T10:00:00Z,BUD,Budds_Landing,39.37225,-75.83986667,1.0,11.93,NaN,28.13,0.2,152.9
2018-07-20T10:15:00Z,BUD,Budds_Landing,39.37225,-75.83986667,1.0,11.44,NaN,28.14,0.2,146.6
2018-07-20T10:30:00Z,BUD,Budds_Landing,39.37225,-75.83986667,1.0,11.36,NaN,28.08,0.2,145.5
2018-07-20T10:45:00Z,BUD,Budds_Landing,39.37225,-75.83986667,1.0,11.05,NaN,28.07,0.21,141.4
2018-07-20T11:00:00Z,BUD,Budds_Landing,39.37225,-75.83986667,1.0,10.92,NaN,28.0,0.21,139.7
2018-07-20T11:15:00Z,BUD,Budds_Landing,39.37225,-75.83986667,1.0,10.93,NaN,27.96,0.21,139.7
2018-07-20T11:30:00Z,BUD,Budds_Landing,39.37225,-75.83986667,1.0,11.13,NaN,27.96,0.21,142.2
2018-07-20T11:45:00Z,BUD,Budds_Landing,39.37225,-75.83986667,1.0,11.28,NaN,27.97,0.2,144.2
2018-07-20T12:00:00Z,BUD,Budds_Landing,39.37225,-75.83986667,1.0,11.51,NaN,27.95,0.2,147.1
2018-07-20T12:15:00Z,BUD,Budds_Landing,39.37225,-75.83986667,1.0,11.9,NaN,27.91,0.2,151.9
2018-07-20T12:30:00Z,BUD,Budds_Landing,39.37225,-75.83986667,1.0,12.55,NaN,27.9,0.2,160.2
2018-07-20T12:45:00Z,BUD,Budds_Landing,39.37225,-75.83986667,1.0,12.75,NaN,27.93,0.19,162.8
2018-07-20T13:00:00Z,BUD,Budds_Landing,39.37225,-75.83986667,1.0,12.92,NaN,27.96,0.19,165.1
2018-07-20T13:15:00Z,BUD,Budds_Landing,39.37225,-75.83986667,1.0,13.28,NaN,27.97,0.19,169.8
2018-07-20T13:30:00Z,BUD,Budds_Landing,39.37225,-75.83986667,1.0,12.92,NaN,27.99,0.19,165.2
2018-07-20T13:45:00Z,BUD,Budds_Landing,39.37225,-75.83986667,1.0,12.69,NaN,27.95,0.19,162.1
2018-07-20T14:00:00Z,BUD,Budds_Landing,39.37225,-75.83986667,1.0,12.76,NaN,27.96,0.19,163.0
2018-07-20T14:15:00Z,BUD,Budds_Landing,39.37225,-75.83986667,1.0,12.69,NaN,27.98,0.19,162.3
2018-07-20T14:30:00Z,BUD,Budds_Landing,39.37225,-75.83986667,1.0,12.26,NaN,28.02,0.19,156.8
2018-07-20T14:45:00Z,BUD,Budds_Landing,39.37225,-75.83986667,1.0,12.9,NaN,28.0,0.19,164.9
2018-07-20T15:00:00Z,BUD,Budds_Landing,39.37225,-75.83986667,1.0,12.6,NaN,28.06,0.2,161.3
2018-07-20T15:15:00Z,BUD,Budds_Landing,39.37225,-75.83986667,1.0,12.62,NaN,28.08,0.19,161.6
2018-07-20T15:30:00Z,BUD,Budds_Landing,39.37225,-75.83986667,1.0,12.55,NaN,27.96,0.19,160.3
2018-07-20T15:45:00Z,BUD,Budds_Landing,39.37225,-75.83986667,1.0,13.15,NaN,28.26,0.19,169.0
2018-07-20T16:00:00Z,BUD,Budds_Landing,39.37225,-75.83986667,1.0,15.06,NaN,28.68,0.19,194.9
2018-07-20T16:15:00Z,BUD,Budds_Landing,39.37225,-75.83986667,1.0,16.19,NaN,29.25,0.2,211.6
2018-07-20T16:30:00Z,BUD,Budds_Landing,39.37225,-75.83986667,1.0,16.13,NaN,29.25,0.21,210.9
2018-07-20T16:45:00Z,BUD,Budds_Landing,39.37225,-75.83986667,1.0,16.45,NaN,29.32,0.21,215.3
2018-07-20T17:00:00Z,BUD,Budds_Landing,39.37225,-75.83986667,1.0,17.13,NaN,29.38,0.21,224.5
2018-07-20T17:15:00Z,BUD,Budds_Landing,39.37225,-75.83986667,1.0,17.25,NaN,29.43,0.21,226.2
2018-07-20T17:30:00Z,BUD,Budds_Landing,39.37225,-75.83986667,1.0,17.08,NaN,29.48,0.21,224.1
2018-07-20T17:45:00Z,BUD,Budds_Landing,39.37225,-75.83986667,1.0,16.88,NaN,29.49,0.21,221.6
2018-07-20T18:00:00Z,BUD,Budds_Landing,39.37225,-75.83986667,1.0,17.16,NaN,29.56,0.21,225.5
2018-07-20T18:15:00Z,BUD,Budds_Landing,39.37225,-75.83986667,1.0,15.92,NaN,29.42,0.2,208.8
2018-07-20T18:30:00Z,BUD,Budds_Landing,39.37225,-75.83986667,1.0,15.04,NaN,29.21,0.21,196.5
2018-07-20T18:45:00Z,BUD,Budds_Landing,39.37225,-75.83986667,1.0,14.26,NaN,29.12,0.21,186.0
2018-07-20T19:00:00Z,BUD,Budds_Landing,39.37225,-75.83986667,1.0,12.44,NaN,28.7,0.21,161.1
2018-07-20T19:15:00Z,BUD,Budds_Landing,39.37225,-75.83986667,1.0,15.03,NaN,29.37,0.21,196.9
2018-07-20T19:30:00Z,BUD,Budds_Landing,39.37225,-75.83986667,1.0,13.65,NaN,28.86,0.21,177.2
2018-07-20T19:45:00Z,BUD,Budds_Landing,39.37225,-75.83986667,1.0,13.94,NaN,29.13,0.21,181.9
2018-07-20T20:00:00Z,BUD,Budds_Landing,39.37225,-75.83986667,1.0,10.77,NaN,28.54,0.21,139.1
2018-07-20T20:15:00Z,BUD,Budds_Landing,39.37225,-75.83986667,1.0,10.37,NaN,28.44,0.21,133.6
2018-07-20T20:30:00Z,BUD,Budds_Landing,39.37225,-75.83986667,1.0,10.33,NaN,28.43,0.21,133.1
2018-07-20T20:45:00Z,BUD,Budds_Landing,39.37225,-75.83986667,1.0,10.46,NaN,28.55,0.21,135.1
2018-07-20T21:00:00Z,BUD,Budds_Landing,39.37225,-75.83986667,1.0,11.45,NaN,28.75,0.21,148.4
2018-07-20T21:15:00Z,BUD,Budds_Landing,39.37225,-75.83986667,1.0,13.76,NaN,29.17,0.21,179.6
2018-07-20T21:30:00Z,BUD,Budds_Landing,39.37225,-75.83986667,1.0,11.71,NaN,28.83,0.22,152.0
2018-07-20T21:45:00Z,BUD,Budds_Landing,39.37225,-75.83986667,1.0,11.04,NaN,28.74,0.21,143.0
2018-07-20T22:00:00Z,BUD,Budds_Landing,39.37225,-75.83986667,1.0,11.74,NaN,28.77,0.2,152.2
2018-07-20T22:15:00Z,BUD,Budds_Landing,39.37225,-75.83986667,1.0,10.34,NaN,28.57,0.2,133.5
2018-07-20T22:30:00Z,BUD,Budds_Landing,39.37225,-75.83986667,1.0,11.81,NaN,28.91,0.21,153.5
2018-07-20T22:45:00Z,BUD,Budds_Landing,39.37225,-75.83986667,1.0,14.39,NaN,29.18,0.21,187.8
2018-07-20T23:00:00Z,BUD,Budds_Landing,39.37225,-75.83986667,1.0,13.88,NaN,29.05,0.2,180.8
2018-07-20T23:15:00Z,BUD,Budds_Landing,39.37225,-75.83986667,1.0,15.38,NaN,29.19,0.2,200.9
2018-07-20T23:30:00Z,BUD,Budds_Landing,39.37225,-75.83986667,1.0,15.55,NaN,29.1,0.2,202.7
2018-07-20T23:45:00Z,BUD,Budds_Landing,39.37225,-75.83986667,1.0,16.0,NaN,29.2,0.2,208.9
2018-07-21T00:00:00Z,BUD,Budds_Landing,39.37225,-75.83986667,1.0,16.48,NaN,29.09,0.19,214.8
2018-07-21T00:15:00Z,BUD,Budds_Landing,39.37225,-75.83986667,1.0,16.94,NaN,29.04,0.19,220.6
2018-07-21T00:30:00Z,BUD,Budds_Landing,39.37225,-75.83986667,1.0,15.88,NaN,28.88,0.19,206.2
2018-07-21T00:45:00Z,BUD,Budds_Landing,39.37225,-75.83986667,1.0,16.93,NaN,28.98,0.19,220.3
2018-07-21T01:00:00Z,BUD,Budds_Landing,39.37225,-75.83986667,1.0,16.84,NaN,28.86,0.19,218.7
2018-07-21T01:15:00Z,BUD,Budds_Landing,39.37225,-75.83986667,1.0,16.18,NaN,28.8,0.19,209.9
2018-07-21T01:30:00Z,BUD,Budds_Landing,39.37225,-75.83986667,1.0,17.15,NaN,28.84,0.18,222.6
2018-07-21T01:45:00Z,BUD,Budds_Landing,39.37225,-75.83986667,1.0,16.92,NaN,28.81,0.18,219.4
2018-07-21T02:00:00Z,BUD,Budds_Landing,39.37225,-75.83986667,1.0,16.85,NaN,28.74,0.18,218.3
2018-07-21T02:15:00Z,BUD,Budds_Landing,39.37225,-75.83986667,1.0,16.75,NaN,28.66,0.17,216.6
2018-07-21T02:30:00Z,BUD,Budds_Landing,39.37225,-75.83986667,1.0,16.47,NaN,28.62,0.17,212.9
2018-07-21T02:45:00Z,BUD,Budds_Landing,39.37225,-75.83986667,1.0,16.47,NaN,28.6,0.17,212.8
2018-07-21T03:00:00Z,BUD,Budds_Landing,39.37225,-75.83986667,1.0,16.4,NaN,28.6,0.18,212.0
2018-07-21T03:15:00Z,BUD,Budds_Landing,39.37225,-75.83986667,1.0,14.49,NaN,28.42,0.19,186.7
2018-07-21T03:30:00Z,BUD,Budds_Landing,39.37225,-75.83986667,1.0,13.88,NaN,28.3,0.19,178.4
2018-07-21T03:45:00Z,BUD,Budds_Landing,39.37225,-75.83986667,1.0,14.99,NaN,28.32,0.18,192.8
2018-07-21T04:00:00Z,BUD,Budds_Landing,39.37225,-75.83986667,1.0,14.57,NaN,28.18,0.18,186.9
2018-07-21T04:15:00Z,BUD,Budds_Landing,39.37225,-75.83986667,1.0,13.97,NaN,28.04,0.19,178.8
2018-07-21T04:30:00Z,BUD,Budds_Landing,39.37225,-75.83986667,1.0,13.91,NaN,28.01,0.19,178.0
2018-07-21T04:45:00Z,BUD,Budds_Landing,39.37225,-75.83986667,1.0,13.67,NaN,27.96,0.19,174.7
2018-07-21T05:00:00Z,BUD,Budds_Landing,39.37225,-75.83986667,1.0,13.06,NaN,28.01,0.2,167.1
2018-07-21T05:15:00Z,BUD,Budds_Landing,39.37225,-75.83986667,1.0,12.85,NaN,27.98,0.2,164.3
2018-07-21T05:30:00Z,BUD,Budds_Landing,39.37225,-75.83986667,1.0,12.42,NaN,28.06,0.2,159.0
2018-07-21T05:45:00Z,BUD,Budds_Landing,39.37225,-75.83986667,1.0,12.35,NaN,28.13,0.21,158.3
2018-07-21T06:00:00Z,BUD,Budds_Landing,39.37225,-75.83986667,1.0,12.29,NaN,28.15,0.21,157.6
2018-07-21T06:15:00Z,BUD,Budds_Landing,39.37225,-75.83986667,1.0,12.17,NaN,28.12,0.21,155.9
2018-07-21T06:30:00Z,BUD,Budds_Landing,39.37225,-75.83986667,1.0,12.15,NaN,28.13,0.21,155.7
2018-07-21T06:45:00Z,BUD,Budds_Landing,39.37225,-75.83986667,1.0,12.16,NaN,28.14,0.21,156.0
2018-07-21T07:00:00Z,BUD,Budds_Landing,39.37225,-75.83986667,1.0,12.06,NaN,28.14,0.21,154.7
2018-07-21T07:15:00Z,BUD,Budds_Landing,39.37225,-75.83986667,1.0,11.83,NaN,28.12,0.21,151.6
2018-07-21T07:30:00Z,BUD,Budds_Landing,39.37225,-75.83986667,1.0,11.71,NaN,28.12,0.21,150.1
2018-07-21T07:45:00Z,BUD,Budds_Landing,39.37225,-75.83986667,1.0,11.43,NaN,28.11,0.21,146.4
2018-07-21T08:00:00Z,BUD,Budds_Landing,39.37225,-75.83986667,1.0,11.21,NaN,28.09,0.21,143.5
2018-07-21T08:15:00Z,BUD,Budds_Landing,39.37225,-75.83986667,1.0,10.8,NaN,28.08,0.22,138.3
2018-07-21T08:30:00Z,BUD,Budds_Landing,39.37225,-75.83986667,1.0,10.39,NaN,28.04,0.22,133.0
2018-07-21T08:45:00Z,BUD,Budds_Landing,39.37225,-75.83986667,1.0,10.09,NaN,28.03,0.22,129.1
2018-07-21T09:00:00Z,BUD,Budds_Landing,39.37225,-75.83986667,1.0,10.11,NaN,28.0,0.22,129.3
2018-07-21T09:15:00Z,BUD,Budds_Landing,39.37225,-75.83986667,1.0,9.74,NaN,27.96,0.22,124.5
2018-07-21T09:30:00Z,BUD,Budds_Landing,39.37225,-75.83986667,1.0,9.37,NaN,27.89,0.22,119.6
2018-07-21T09:45:00Z,BUD,Budds_Landing,39.37225,-75.83986667,1.0,9.21,NaN,27.8,0.21,117.3
2018-07-21T10:00:00Z,BUD,Budds_Landing,39.37225,-75.83986667,1.0,9.38,NaN,27.8,0.21,119.5
2018-07-21T10:15:00Z,BUD,Budds_Landing,39.37225,-75.83986667,1.0,9.74,NaN,27.75,0.21,124.1
2018-07-21T10:30:00Z,BUD,Budds_Landing,39.37225,-75.83986667,1.0,10.23,NaN,27.4,0.2,129.4
2018-07-21T10:45:00Z,BUD,Budds_Landing,39.37225,-75.83986667,1.0,10.17,NaN,27.4,0.2,128.7
2018-07-21T11:00:00Z,BUD,Budds_Landing,39.37225,-75.83986667,1.0,10.18,NaN,27.39,0.2,128.8
2018-07-21T11:15:00Z,BUD,Budds_Landing,39.37225,-75.83986667,1.0,9.9,NaN,27.47,0.21,125.4
2018-07-21T11:30:00Z,BUD,Budds_Landing,39.37225,-75.83986667,1.0,9.78,NaN,27.44,0.21,123.8
2018-07-21T11:45:00Z,BUD,Budds_Landing,39.37225,-75.83986667,1.0,9.77,NaN,27.44,0.21,123.8
2018-07-21T12:00:00Z,BUD,Budds_Landing,39.37225,-75.83986667,1.0,9.77,NaN,27.31,0.2,123.4
2018-07-21T12:15:00Z,BUD,Budds_Landing,39.37225,-75.83986667,1.0,9.68,NaN,27.31,0.2,122.3
2018-07-21T12:30:00Z,BUD,Budds_Landing,39.37225,-75.83986667,1.0,9.64,NaN,27.3,0.2,121.8
2018-07-21T12:45:00Z,BUD,Budds_Landing,39.37225,-75.83986667,1.0,9.62,NaN,27.29,0.21,121.5
2018-07-21T13:00:00Z,BUD,Budds_Landing,39.37225,-75.83986667,1.0,9.66,NaN,27.12,0.2,121.5
2018-07-21T13:15:00Z,BUD,Budds_Landing,39.37225,-75.83986667,1.0,9.75,NaN,27.05,0.2,122.6
2018-07-21T13:30:00Z,BUD,Budds_Landing,39.37225,-75.83986667,1.0,9.84,NaN,26.99,0.2,123.6
2018-07-21T13:45:00Z,BUD,Budds_Landing,39.37225,-75.83986667,1.0,9.88,NaN,26.99,0.2,124.1
2018-07-21T14:00:00Z,BUD,Budds_Landing,39.37225,-75.83986667,1.0,10.03,NaN,27.0,0.2,126.0
2018-07-21T14:15:00Z,BUD,Budds_Landing,39.37225,-75.83986667,1.0,10.24,NaN,26.95,0.19,128.5
2018-07-21T14:30:00Z,BUD,Budds_Landing,39.37225,-75.83986667,1.0,10.22,NaN,26.94,0.2,128.3
2018-07-21T14:45:00Z,BUD,Budds_Landing,39.37225,-75.83986667,1.0,10.19,NaN,26.94,0.2,127.9
2018-07-21T15:00:00Z,BUD,Budds_Landing,39.37225,-75.83986667,1.0,10.29,NaN,26.93,0.2,129.1
2018-07-21T15:15:00Z,BUD,Budds_Landing,39.37225,-75.83986667,1.0,10.23,NaN,26.88,0.19,128.2
2018-07-21T15:30:00Z,BUD,Budds_Landing,39.37225,-75.83986667,1.0,10.1,NaN,26.91,0.19,126.7
2018-07-21T15:45:00Z,BUD,Budds_Landing,39.37225,-75.83986667,1.0,10.05,NaN,27.0,0.19,126.2
2018-07-21T16:00:00Z,BUD,Budds_Landing,39.37225,-75.83986667,1.0,10.04,NaN,27.0,0.2,126.1
2018-07-21T16:15:00Z,BUD,Budds_Landing,39.37225,-75.83986667,1.0,10.06,NaN,26.98,0.19,126.3
2018-07-21T16:30:00Z,BUD,Budds_Landing,39.37225,-75.83986667,1.0,9.88,NaN,26.92,0.19,124.0
2018-07-21T16:45:00Z,BUD,Budds_Landing,39.37225,-75.83986667,1.0,9.82,NaN,26.94,0.2,123.3
2018-07-21T17:00:00Z,BUD,Budds_Landing,39.37225,-75.83986667,1.0,10.07,NaN,26.94,0.2,126.4
2018-07-21T17:15:00Z,BUD,Budds_Landing,39.37225,-75.83986667,1.0,10.22,NaN,26.87,0.2,128.1
2018-07-21T17:30:00Z,BUD,Budds_Landing,39.37225,-75.83986667,1.0,10.22,NaN,26.8,0.2,128.0
2018-07-21T17:45:00Z,BUD,Budds_Landing,39.37225,-75.83986667,1.0,10.18,NaN,26.81,0.2,127.4
2018-07-21T18:00:00Z,BUD,Budds_Landing,39.37225,-75.83986667,1.0,10.07,NaN,26.82,0.2,126.1
2018-07-21T18:15:00Z,BUD,Budds_Landing,39.37225,-75.83986667,1.0,10.06,NaN,26.83,0.2,126.0
2018-07-21T18:30:00Z,BUD,Budds_Landing,39.37225,-75.83986667,1.0,9.94,NaN,26.82,0.2,124.5
2018-07-21T18:45:00Z,BUD,Budds_Landing,39.37225,-75.83986667,1.0,9.94,NaN,26.76,0.2,124.3
2018-07-21T19:00:00Z,BUD,Budds_Landing,39.37225,-75.83986667,1.0,9.66,NaN,26.72,0.2,120.7
2018-07-21T19:15:00Z,BUD,Budds_Landing,39.37225,-75.83986667,1.0,9.52,NaN,26.67,0.2,118.9
2018-07-21T19:30:00Z,BUD,Budds_Landing,39.37225,-75.83986667,1.0,9.66,NaN,26.59,0.2,120.5
2018-07-21T19:45:00Z,BUD,Budds_Landing,39.37225,-75.83986667,1.0,9.63,NaN,26.51,0.2,120.0
2018-07-21T20:00:00Z,BUD,Budds_Landing,39.37225,-75.83986667,1.0,9.56,NaN,26.53,0.2,119.1
2018-07-21T20:15:00Z,BUD,Budds_Landing,39.37225,-75.83986667,1.0,9.69,NaN,26.48,0.2,120.6
2018-07-21T20:30:00Z,BUD,Budds_Landing,39.37225,-75.83986667,1.0,9.76,NaN,26.44,0.2,121.3
2018-07-21T20:45:00Z,BUD,Budds_Landing,39.37225,-75.83986667,1.0,9.72,NaN,26.38,0.2,120.7
2018-07-21T21:00:00Z,BUD,Budds_Landing,39.37225,-75.83986667,1.0,9.56,NaN,26.3,0.2,118.6
2018-07-21T21:15:00Z,BUD,Budds_Landing,39.37225,-75.83986667,1.0,9.55,NaN,26.25,0.2,118.4
2018-07-21T21:30:00Z,BUD,Budds_Landing,39.37225,-75.83986667,1.0,9.4,NaN,26.21,0.2,116.5
2018-07-21T21:45:00Z,BUD,Budds_Landing,39.37225,-75.83986667,1.0,9.38,NaN,26.17,0.2,116.1
2018-07-21T22:00:00Z,BUD,Budds_Landing,39.37225,-75.83986667,1.0,9.37,NaN,26.1,0.2,115.8
2018-07-21T22:15:00Z,BUD,Budds_Landing,39.37225,-75.83986667,1.0,9.43,NaN,25.97,0.2,116.3
2018-07-21T22:30:00Z,BUD,Budds_Landing,39.37225,-75.83986667,1.0,9.5,NaN,25.82,0.19,116.8
2018-07-21T22:45:00Z,BUD,Budds_Landing,39.37225,-75.83986667,1.0,9.06,NaN,25.85,0.2,111.5
2018-07-21T23:00:00Z,BUD,Budds_Landing,39.37225,-75.83986667,1.0,9.06,NaN,25.91,0.2,111.5
2018-07-21T23:15:00Z,BUD,Budds_Landing,39.37225,-75.83986667,1.0,8.75,NaN,25.81,0.2,107.6
2018-07-21T23:30:00Z,BUD,Budds_Landing,39.37225,-75.83986667,1.0,8.7,NaN,25.69,0.19,106.8
2018-07-21T23:45:00Z,BUD,Budds_Landing,39.37225,-75.83986667,1.0,9.02,NaN,25.77,0.2,110.8
2018-07-22T00:00:00Z,BUD,Budds_Landing,39.37225,-75.83986667,1.0,8.63,NaN,25.68,0.19,105.9
2018-07-22T00:15:00Z,BUD,Budds_Landing,39.37225,-75.83986667,1.0,8.63,NaN,25.4,0.17,105.4
2018-07-22T00:30:00Z,BUD,Budds_Landing,39.37225,-75.83986667,1.0,8.57,NaN,25.38,0.18,104.5
2018-07-22T00:45:00Z,BUD,Budds_Landing,39.37225,-75.83986667,1.0,8.52,NaN,25.33,0.18,103.8
2018-07-22T01:00:00Z,BUD,Budds_Landing,39.37225,-75.83986667,1.0,8.42,NaN,25.35,0.19,102.7
2018-07-22T01:15:00Z,BUD,Budds_Landing,39.37225,-75.83986667,1.0,8.33,NaN,25.38,0.19,101.6
2018-07-22T01:30:00Z,BUD,Budds_Landing,39.37225,-75.83986667,1.0,8.1,NaN,25.16,0.18,98.4
2018-07-22T01:45:00Z,BUD,Budds_Landing,39.37225,-75.83986667,1.0,8.12,NaN,24.58,0.16,97.6
2018-07-22T02:00:00Z,BUD,Budds_Landing,39.37225,-75.83986667,1.0,7.92,NaN,24.53,0.16,95.0
2018-07-22T02:15:00Z,BUD,Budds_Landing,39.37225,-75.83986667,1.0,7.85,NaN,24.64,0.17,94.4
2018-07-22T02:30:00Z,BUD,Budds_Landing,39.37225,-75.83986667,1.0,7.82,NaN,24.75,0.17,94.3
2018-07-22T02:45:00Z,BUD,Budds_Landing,39.37225,-75.83986667,1.0,7.77,NaN,24.74,0.17,93.7
2018-07-22T03:00:00Z,BUD,Budds_Landing,39.37225,-75.83986667,1.0,7.72,NaN,24.62,0.17,92.9
2018-07-22T03:15:00Z,BUD,Budds_Landing,39.37225,-75.83986667,1.0,7.71,NaN,24.65,0.17,92.8
2018-07-22T03:30:00Z,BUD,Budds_Landing,39.37225,-75.83986667,1.0,7.58,NaN,24.67,0.18,91.2
2018-07-22T03:45:00Z,BUD,Budds_Landing,39.37225,-75.83986667,1.0,7.47,NaN,24.73,0.18,90.0
2018-07-22T04:00:00Z,BUD,Budds_Landing,39.37225,-75.83986667,1.0,7.43,NaN,24.77,0.18,89.6
2018-07-22T04:15:00Z,BUD,Budds_Landing,39.37225,-75.83986667,1.0,7.24,NaN,24.98,0.19,87.6
2018-07-22T04:30:00Z,BUD,Budds_Landing,39.37225,-75.83986667,1.0,7.18,NaN,25.06,0.19,87.1
2018-07-22T04:45:00Z,BUD,Budds_Landing,39.37225,-75.83986667,1.0,7.22,NaN,24.95,0.19,87.4
2018-07-22T05:00:00Z,BUD,Budds_Landing,39.37225,-75.83986667,1.0,7.11,NaN,25.0,0.19,86.1
2018-07-22T05:15:00Z,BUD,Budds_Landing,39.37225,-75.83986667,1.0,6.95,NaN,24.94,0.19,84.1
2018-07-22T05:30:00Z,BUD,Budds_Landing,39.37225,-75.83986667,1.0,6.79,NaN,24.95,0.19,82.2
2018-07-22T05:45:00Z,BUD,Budds_Landing,39.37225,-75.83986667,1.0,6.8,NaN,24.84,0.19,82.2
2018-07-22T06:00:00Z,BUD,Budds_Landing,39.37225,-75.83986667,1.0,6.76,NaN,24.78,0.19,81.5
2018-07-22T06:15:00Z,BUD,Budds_Landing,39.37225,-75.83986667,1.0,6.64,NaN,24.86,0.19,80.2
2018-07-22T06:30:00Z,BUD,Budds_Landing,39.37225,-75.83986667,1.0,6.61,NaN,25.07,0.2,80.2
2018-07-22T06:45:00Z,BUD,Budds_Landing,39.37225,-75.83986667,1.0,6.49,NaN,25.21,0.2,78.9
2018-07-22T07:00:00Z,BUD,Budds_Landing,39.37225,-75.83986667,1.0,6.5,NaN,25.23,0.2,79.1
2018-07-22T07:15:00Z,BUD,Budds_Landing,39.37225,-75.83986667,1.0,6.41,NaN,25.23,0.2,77.9
2018-07-22T07:30:00Z,BUD,Budds_Landing,39.37225,-75.83986667,1.0,6.34,NaN,25.21,0.2,77.1
2018-07-22T07:45:00Z,BUD,Budds_Landing,39.37225,-75.83986667,1.0,6.32,NaN,25.19,0.2,76.8
2018-07-22T08:00:00Z,BUD,Budds_Landing,39.37225,-75.83986667,1.0,6.31,NaN,25.27,0.21,76.9
2018-07-22T08:15:00Z,BUD,Budds_Landing,39.37225,-75.83986667,1.0,6.32,NaN,25.09,0.2,76.7
2018-07-22T08:30:00Z,BUD,Budds_Landing,39.37225,-75.83986667,1.0,6.16,NaN,25.29,0.21,75.0
2018-07-22T08:45:00Z,BUD,Budds_Landing,39.37225,-75.83986667,1.0,6.1,NaN,25.37,0.21,74.3
2018-07-22T09:00:00Z,BUD,Budds_Landing,39.37225,-75.83986667,1.0,6.05,NaN,25.53,0.21,74.0
2018-07-22T09:15:00Z,BUD,Budds_Landing,39.37225,-75.83986667,1.0,5.91,NaN,25.49,0.21,72.2
2018-07-22T09:30:00Z,BUD,Budds_Landing,39.37225,-75.83986667,1.0,5.85,NaN,25.45,0.21,71.4
2018-07-22T09:45:00Z,BUD,Budds_Landing,39.37225,-75.83986667,1.0,5.78,NaN,25.38,0.21,70.5
2018-07-22T10:00:00Z,BUD,Budds_Landing,39.37225,-75.83986667,1.0,5.75,NaN,25.31,0.21,70.1
2018-07-22T10:15:00Z,BUD,Budds_Landing,39.37225,-75.83986667,1.0,5.69,NaN,25.36,0.21,69.4
2018-07-22T10:30:00Z,BUD,Budds_Landing,39.37225,-75.83986667,1.0,5.62,NaN,25.35,0.21,68.6
2018-07-22T10:45:00Z,BUD,Budds_Landing,39.37225,-75.83986667,1.0,5.64,NaN,25.33,0.21,68.7
2018-07-22T11:00:00Z,BUD,Budds_Landing,39.37225,-75.83986667,1.0,5.6,NaN,25.15,0.21,68.0
2018-07-22T11:15:00Z,BUD,Budds_Landing,39.37225,-75.83986667,1.0,5.61,NaN,24.88,0.2,67.9
2018-07-22T11:30:00Z,BUD,Budds_Landing,39.37225,-75.83986667,1.0,5.8,NaN,25.03,0.2,70.3
2018-07-22T11:45:00Z,BUD,Budds_Landing,39.37225,-75.83986667,1.0,5.81,NaN,25.06,0.21,70.4
2018-07-22T12:00:00Z,BUD,Budds_Landing,39.37225,-75.83986667,1.0,5.78,NaN,25.0,0.2,70.0
2018-07-22T12:15:00Z,BUD,Budds_Landing,39.37225,-75.83986667,1.0,5.85,NaN,25.01,0.2,70.8
2018-07-22T12:30:00Z,BUD,Budds_Landing,39.37225,-75.83986667,1.0,5.76,NaN,24.98,0.2,69.8
2018-07-22T12:45:00Z,BUD,Budds_Landing,39.37225,-75.83986667,1.0,5.73,NaN,25.03,0.21,69.4
2018-07-22T13:00:00Z,BUD,Budds_Landing,39.37225,-75.83986667,1.0,6.1,NaN,24.93,0.2,73.8
2018-07-22T13:15:00Z,BUD,Budds_Landing,39.37225,-75.83986667,1.0,6.67,NaN,24.9,0.2,80.7
2018-07-22T13:30:00Z,BUD,Budds_Landing,39.37225,-75.83986667,1.0,6.75,NaN,24.92,0.2,81.7
2018-07-22T13:45:00Z,BUD,Budds_Landing,39.37225,-75.83986667,1.0,6.65,NaN,24.81,0.2,80.3
2018-07-22T14:00:00Z,BUD,Budds_Landing,39.37225,-75.83986667,1.0,6.69,NaN,24.9,0.2,80.9
2018-07-22T14:15:00Z,BUD,Budds_Landing,39.37225,-75.83986667,1.0,6.78,NaN,24.88,0.2,82.0
2018-07-22T14:30:00Z,BUD,Budds_Landing,39.37225,-75.83986667,1.0,7.06,NaN,25.03,0.2,85.6
2018-07-22T14:45:00Z,BUD,Budds_Landing,39.37225,-75.83986667,1.0,6.97,NaN,24.91,0.19,84.3
2018-07-22T15:00:00Z,BUD,Budds_Landing,39.37225,-75.83986667,1.0,6.74,NaN,24.83,0.19,81.4
2018-07-22T15:15:00Z,BUD,Budds_Landing,39.37225,-75.83986667,1.0,6.98,NaN,24.85,0.19,84.4
2018-07-22T15:30:00Z,BUD,Budds_Landing,39.37225,-75.83986667,1.0,6.82,NaN,25.0,0.2,82.6
2018-07-22T15:45:00Z,BUD,Budds_Landing,39.37225,-75.83986667,1.0,6.84,NaN,24.76,0.19,82.5
2018-07-22T16:00:00Z,BUD,Budds_Landing,39.37225,-75.83986667,1.0,6.99,NaN,24.79,0.19,84.4
2018-07-22T16:15:00Z,BUD,Budds_Landing,39.37225,-75.83986667,1.0,6.82,NaN,24.97,0.19,82.6
2018-07-22T16:30:00Z,BUD,Budds_Landing,39.37225,-75.83986667,1.0,7.2,NaN,24.83,0.18,86.9
2018-07-22T16:45:00Z,BUD,Budds_Landing,39.37225,-75.83986667,1.0,8.03,NaN,24.71,0.17,96.7
2018-07-22T17:00:00Z,BUD,Budds_Landing,39.37225,-75.83986667,1.0,7.75,NaN,24.41,0.16,92.9
2018-07-22T17:15:00Z,BUD,Budds_Landing,39.37225,-75.83986667,1.0,7.84,NaN,24.51,0.17,94.1
2018-07-22T17:30:00Z,BUD,Budds_Landing,39.37225,-75.83986667,1.0,7.71,NaN,24.53,0.17,92.5
2018-07-22T17:45:00Z,BUD,Budds_Landing,39.37225,-75.83986667,1.0,7.9,NaN,24.54,0.17,94.9
2018-07-22T18:00:00Z,BUD,Budds_Landing,39.37225,-75.83986667,1.0,7.57,NaN,24.63,0.17,91.1
2018-07-22T18:15:00Z,BUD,Budds_Landing,39.37225,-75.83986667,1.0,7.92,NaN,24.78,0.18,95.5
2018-07-22T18:30:00Z,BUD,Budds_Landing,39.37225,-75.83986667,1.0,9.91,NaN,25.4,0.19,121.0
2018-07-22T18:45:00Z,BUD,Budds_Landing,39.37225,-75.83986667,1.0,9.91,NaN,25.5,0.19,121.2
2018-07-22T19:00:00Z,BUD,Budds_Landing,39.37225,-75.83986667,1.0,9.94,NaN,25.55,0.19,121.7
2018-07-22T19:15:00Z,BUD,Budds_Landing,39.37225,-75.83986667,1.0,9.33,NaN,25.19,0.18,113.4
2018-07-22T19:30:00Z,BUD,Budds_Landing,39.37225,-75.83986667,1.0,9.44,NaN,25.31,0.18,115.0
2018-07-22T19:45:00Z,BUD,Budds_Landing,39.37225,-75.83986667,1.0,9.53,NaN,25.34,0.18,116.1
2018-07-22T20:00:00Z,BUD,Budds_Landing,39.37225,-75.83986667,1.0,9.69,NaN,25.6,0.19,118.7
2018-07-22T20:15:00Z,BUD,Budds_Landing,39.37225,-75.83986667,1.0,10.1,NaN,25.65,0.19,123.7
2018-07-22T20:30:00Z,BUD,Budds_Landing,39.37225,-75.83986667,1.0,9.87,NaN,25.65,0.19,121.0
2018-07-22T20:45:00Z,BUD,Budds_Landing,39.37225,-75.83986667,1.0,10.13,NaN,25.77,0.19,124.4
2018-07-22T21:00:00Z,BUD,Budds_Landing,39.37225,-75.83986667,1.0,10.18,NaN,25.78,0.19,125.1
2018-07-22T21:15:00Z,BUD,Budds_Landing,39.37225,-75.83986667,1.0,10.5,NaN,25.88,0.19,129.3
2018-07-22T21:30:00Z,BUD,Budds_Landing,39.37225,-75.83986667,1.0,11.22,NaN,26.13,0.19,138.7
2018-07-22T21:45:00Z,BUD,Budds_Landing,39.37225,-75.83986667,1.0,11.21,NaN,26.04,0.19,138.4
2018-07-22T22:00:00Z,BUD,Budds_Landing,39.37225,-75.83986667,1.0,11.22,NaN,26.02,0.19,138.4
2018-07-22T22:15:00Z,BUD,Budds_Landing,39.37225,-75.83986667,1.0,10.47,NaN,26.03,0.19,129.3
2018-07-22T22:30:00Z,BUD,Budds_Landing,39.37225,-75.83986667,1.0,10.39,NaN,25.89,0.19,127.9
2018-07-22T22:45:00Z,BUD,Budds_Landing,39.37225,-75.83986667,1.0,10.25,NaN,25.92,0.19,126.3
2018-07-22T23:00:00Z,BUD,Budds_Landing,39.37225,-75.83986667,1.0,10.02,NaN,26.03,0.2,123.6
2018-07-22T23:15:00Z,BUD,Budds_Landing,39.37225,-75.83986667,1.0,10.33,NaN,26.0,0.19,127.5
2018-07-22T23:30:00Z,BUD,Budds_Landing,39.37225,-75.83986667,1.0,9.3,NaN,25.87,0.19,114.5
2018-07-22T23:45:00Z,BUD,Budds_Landing,39.37225,-75.83986667,1.0,9.55,NaN,25.92,0.19,117.6
2018-07-23T00:00:00Z,BUD,Budds_Landing,39.37225,-75.83986667,1.0,9.1,NaN,25.86,0.19,112.0
2018-07-23T00:15:00Z,BUD,Budds_Landing,39.37225,-75.83986667,1.0,9.57,NaN,25.85,0.19,117.8
2018-07-23T00:30:00Z,BUD,Budds_Landing,39.37225,-75.83986667,1.0,9.35,NaN,25.85,0.19,115.0
2018-07-23T00:45:00Z,BUD,Budds_Landing,39.37225,-75.83986667,1.0,9.9,NaN,25.71,0.19,121.5
2018-07-23T01:00:00Z,BUD,Budds_Landing,39.37225,-75.83986667,1.0,9.82,NaN,25.72,0.18,120.6
2018-07-23T01:15:00Z,BUD,Budds_Landing,39.37225,-75.83986667,1.0,9.51,NaN,25.68,0.19,116.7
2018-07-23T01:30:00Z,BUD,Budds_Landing,39.37225,-75.83986667,1.0,9.44,NaN,25.67,0.19,115.8
2018-07-23T01:45:00Z,BUD,Budds_Landing,39.37225,-75.83986667,1.0,9.14,NaN,25.62,0.19,112.0
2018-07-23T02:00:00Z,BUD,Budds_Landing,39.37225,-75.83986667,1.0,8.89,NaN,25.59,0.19,108.9
2018-07-23T02:15:00Z,BUD,Budds_Landing,39.37225,-75.83986667,1.0,8.76,NaN,25.64,0.19,107.4
2018-07-23T02:30:00Z,BUD,Budds_Landing,39.37225,-75.83986667,1.0,8.62,NaN,25.56,0.19,105.5
2018-07-23T02:45:00Z,BUD,Budds_Landing,39.37225,-75.83986667,1.0,8.88,NaN,25.61,0.19,108.8
2018-07-23T03:00:00Z,BUD,Budds_Landing,39.37225,-75.83986667,1.0,8.91,NaN,25.47,0.18,108.9
2018-07-23T03:15:00Z,BUD,Budds_Landing,39.37225,-75.83986667,1.0,8.6,NaN,25.33,0.18,104.8
2018-07-23T03:30:00Z,BUD,Budds_Landing,39.37225,-75.83986667,1.0,8.54,NaN,25.36,0.18,104.1
2018-07-23T03:45:00Z,BUD,Budds_Landing,39.37225,-75.83986667,1.0,8.41,NaN,25.36,0.18,102.5
2018-07-23T04:00:00Z,BUD,Budds_Landing,39.37225,-75.83986667,1.0,8.51,NaN,25.38,0.18,103.8
2018-07-23T04:15:00Z,BUD,Budds_Landing,39.37225,-75.83986667,1.0,8.4,NaN,25.38,0.18,102.5
2018-07-23T04:30:00Z,BUD,Budds_Landing,39.37225,-75.83986667,1.0,8.29,NaN,25.38,0.18,101.1
2018-07-23T04:45:00Z,BUD,Budds_Landing,39.37225,-75.83986667,1.0,8.16,NaN,25.41,0.18,99.6
2018-07-23T05:00:00Z,BUD,Budds_Landing,39.37225,-75.83986667,1.0,7.93,NaN,25.35,0.18,96.6
2018-07-23T05:15:00Z,BUD,Budds_Landing,39.37225,-75.83986667,1.0,7.95,NaN,25.35,0.18,97.0
2018-07-23T05:30:00Z,BUD,Budds_Landing,39.37225,-75.83986667,1.0,8.06,NaN,25.26,0.17,98.1
2018-07-23T05:45:00Z,BUD,Budds_Landing,39.37225,-75.83986667,1.0,8.08,NaN,25.33,0.18,98.4
2018-07-23T06:00:00Z,BUD,Budds_Landing,39.37225,-75.83986667,1.0,8.09,NaN,25.28,0.18,98.5
2018-07-23T06:15:00Z,BUD,Budds_Landing,39.37225,-75.83986667,1.0,7.91,NaN,25.25,0.18,96.3
2018-07-23T06:30:00Z,BUD,Budds_Landing,39.37225,-75.83986667,1.0,7.79,NaN,25.37,0.19,95.0
2018-07-23T06:45:00Z,BUD,Budds_Landing,39.37225,-75.83986667,1.0,7.65,NaN,25.43,0.19,93.5
2018-07-23T07:00:00Z,BUD,Budds_Landing,39.37225,-75.83986667,1.0,7.44,NaN,25.49,0.19,90.9
2018-07-23T07:15:00Z,BUD,Budds_Landing,39.37225,-75.83986667,1.0,7.3,NaN,25.53,0.2,89.3
2018-07-23T07:30:00Z,BUD,Budds_Landing,39.37225,-75.83986667,1.0,7.42,NaN,25.56,0.19,90.8
2018-07-23T07:45:00Z,BUD,Budds_Landing,39.37225,-75.83986667,1.0,7.32,NaN,25.61,0.2,89.7
2018-07-23T08:00:00Z,BUD,Budds_Landing,39.37225,-75.83986667,1.0,7.14,NaN,25.65,0.2,87.5
2018-07-23T08:15:00Z,BUD,Budds_Landing,39.37225,-75.83986667,1.0,7.1,NaN,25.68,0.2,87.1
2018-07-23T08:30:00Z,BUD,Budds_Landing,39.37225,-75.83986667,1.0,7.08,NaN,25.72,0.2,86.8
2018-07-23T08:45:00Z,BUD,Budds_Landing,39.37225,-75.83986667,1.0,7.0,NaN,25.77,0.2,86.0
2018-07-23T09:00:00Z,BUD,Budds_Landing,39.37225,-75.83986667,1.0,6.86,NaN,25.79,0.2,84.3
2018-07-23T09:15:00Z,BUD,Budds_Landing,39.37225,-75.83986667,1.0,6.88,NaN,25.82,0.21,84.6
2018-07-23T09:30:00Z,BUD,Budds_Landing,39.37225,-75.83986667,1.0,6.84,NaN,25.84,0.21,84.1
2018-07-23T09:45:00Z,BUD,Budds_Landing,39.37225,-75.83986667,1.0,6.67,NaN,25.87,0.21,82.1
2018-07-23T10:00:00Z,BUD,Budds_Landing,39.37225,-75.83986667,1.0,6.53,NaN,25.89,0.21,80.4
2018-07-23T10:15:00Z,BUD,Budds_Landing,39.37225,-75.83986667,1.0,6.42,NaN,25.9,0.21,79.1
2018-07-23T10:30:00Z,BUD,Budds_Landing,39.37225,-75.83986667,1.0,6.34,NaN,25.89,0.21,78.0
2018-07-23T10:45:00Z,BUD,Budds_Landing,39.37225,-75.83986667,1.0,6.21,NaN,25.9,0.21,76.5
2018-07-23T11:00:00Z,BUD,Budds_Landing,39.37225,-75.83986667,1.0,6.12,NaN,25.85,0.21,75.3
2018-07-23T11:15:00Z,BUD,Budds_Landing,39.37225,-75.83986667,1.0,6.02,NaN,25.74,0.21,73.9
2018-07-23T11:30:00Z,BUD,Budds_Landing,39.37225,-75.83986667,1.0,6.0,NaN,25.62,0.2,73.5
2018-07-23T11:45:00Z,BUD,Budds_Landing,39.37225,-75.83986667,1.0,6.04,NaN,25.52,0.2,73.9
2018-07-23T12:00:00Z,BUD,Budds_Landing,39.37225,-75.83986667,1.0,5.85,NaN,25.49,0.19,71.5
2018-07-23T12:15:00Z,BUD,Budds_Landing,39.37225,-75.83986667,1.0,5.99,NaN,25.49,0.19,73.2
2018-07-23T12:30:00Z,BUD,Budds_Landing,39.37225,-75.83986667,1.0,5.99,NaN,25.45,0.19,73.2
2018-07-23T12:45:00Z,BUD,Budds_Landing,39.37225,-75.83986667,1.0,5.91,NaN,25.47,0.19,72.2
2018-07-23T13:00:00Z,BUD,Budds_Landing,39.37225,-75.83986667,1.0,5.8,NaN,25.47,0.19,70.8
2018-07-23T13:15:00Z,BUD,Budds_Landing,39.37225,-75.83986667,1.0,6.02,NaN,25.59,0.2,73.7
2018-07-23T13:30:00Z,BUD,Budds_Landing,39.37225,-75.83986667,1.0,6.94,NaN,25.73,0.2,85.3
2018-07-23T13:45:00Z,BUD,Budds_Landing,39.37225,-75.83986667,1.0,6.76,NaN,25.69,0.2,82.9
2018-07-23T14:00:00Z,BUD,Budds_Landing,39.37225,-75.83986667,1.0,6.83,NaN,25.74,0.2,83.8
2018-07-23T14:15:00Z,BUD,Budds_Landing,39.37225,-75.83986667,1.0,7.93,NaN,25.86,0.2,97.6
2018-07-23T14:30:00Z,BUD,Budds_Landing,39.37225,-75.83986667,1.0,7.84,NaN,25.92,0.2,96.5
2018-07-23T14:45:00Z,BUD,Budds_Landing,39.37225,-75.83986667,1.0,8.1,NaN,25.97,0.2,99.9
2018-07-23T15:00:00Z,BUD,Budds_Landing,39.37225,-75.83986667,1.0,8.37,NaN,25.92,0.19,103.1
2018-07-23T15:15:00Z,BUD,Budds_Landing,39.37225,-75.83986667,1.0,8.24,NaN,25.98,0.2,101.6
2018-07-23T15:30:00Z,BUD,Budds_Landing,39.37225,-75.83986667,1.0,8.08,NaN,25.79,0.19,99.3
2018-07-23T15:45:00Z,BUD,Budds_Landing,39.37225,-75.83986667,1.0,7.48,NaN,25.8,0.19,92.0
2018-07-23T16:00:00Z,BUD,Budds_Landing,39.37225,-75.83986667,1.0,7.56,NaN,25.87,0.19,93.0
2018-07-23T16:15:00Z,BUD,Budds_Landing,39.37225,-75.83986667,1.0,6.86,NaN,25.79,0.2,84.3
2018-07-23T16:30:00Z,BUD,Budds_Landing,39.37225,-75.83986667,1.0,8.72,NaN,25.97,0.19,107.6
2018-07-23T16:45:00Z,BUD,Budds_Landing,39.37225,-75.83986667,1.0,8.23,NaN,25.98,0.19,101.5
2018-07-23T17:00:00Z,BUD,Budds_Landing,39.37225,-75.83986667,1.0,9.71,NaN,25.98,0.18,119.8
2018-07-23T17:15:00Z,BUD,Budds_Landing,39.37225,-75.83986667,1.0,9.94,NaN,26.13,0.18,122.9
2018-07-23T17:30:00Z,BUD,Budds_Landing,39.37225,-75.83986667,1.0,10.19,NaN,26.33,0.18,126.5
2018-07-23T17:45:00Z,BUD,Budds_Landing,39.37225,-75.83986667,1.0,10.17,NaN,26.4,0.18,126.3
2018-07-23T18:00:00Z,BUD,Budds_Landing,39.37225,-75.83986667,1.0,10.22,NaN,26.44,0.18,127.1
2018-07-23T18:15:00Z,BUD,Budds_Landing,39.37225,-75.83986667,1.0,10.21,NaN,26.48,0.18,127.1
2018-07-23T18:30:00Z,BUD,Budds_Landing,39.37225,-75.83986667,1.0,10.47,NaN,26.48,0.18,130.3
2018-07-23T18:45:00Z,BUD,Budds_Landing,39.37225,-75.83986667,1.0,10.89,NaN,26.72,0.18,136.1
2018-07-23T19:00:00Z,BUD,Budds_Landing,39.37225,-75.83986667,1.0,11.7,NaN,27.07,0.18,147.1
2018-07-23T19:15:00Z,BUD,Budds_Landing,39.37225,-75.83986667,1.0,12.43,NaN,27.31,0.19,157.1
2018-07-23T19:30:00Z,BUD,Budds_Landing,39.37225,-75.83986667,1.0,12.64,NaN,27.45,0.19,160.1
2018-07-23T19:45:00Z,BUD,Budds_Landing,39.37225,-75.83986667,1.0,12.45,NaN,27.41,0.19,157.6
2018-07-23T20:00:00Z,BUD,Budds_Landing,39.37225,-75.83986667,1.0,11.43,NaN,27.27,0.19,144.2
2018-07-23T20:15:00Z,BUD,Budds_Landing,39.37225,-75.83986667,1.0,9.43,NaN,26.67,0.19,117.7
2018-07-23T20:30:00Z,BUD,Budds_Landing,39.37225,-75.83986667,1.0,8.87,NaN,26.42,0.19,110.3
2018-07-23T20:45:00Z,BUD,Budds_Landing,39.37225,-75.83986667,1.0,9.77,NaN,26.93,0.19,122.6
2018-07-23T21:00:00Z,BUD,Budds_Landing,39.37225,-75.83986667,1.0,12.4,NaN,27.48,0.19,157.2
2018-07-23T21:15:00Z,BUD,Budds_Landing,39.37225,-75.83986667,1.0,12.91,NaN,27.64,0.19,164.1
2018-07-23T21:30:00Z,BUD,Budds_Landing,39.37225,-75.83986667,1.0,12.88,NaN,27.7,0.2,163.9
2018-07-23T21:45:00Z,BUD,Budds_Landing,39.37225,-75.83986667,1.0,12.64,NaN,27.73,0.2,160.9
2018-07-23T22:00:00Z,BUD,Budds_Landing,39.37225,-75.83986667,1.0,12.42,NaN,27.66,0.2,157.9
2018-07-23T22:15:00Z,BUD,Budds_Landing,39.37225,-75.83986667,1.0,11.57,NaN,27.34,0.2,146.2
2018-07-23T22:30:00Z,BUD,Budds_Landing,39.37225,-75.83986667,1.0,10.32,NaN,27.1,0.2,129.9
2018-07-23T22:45:00Z,BUD,Budds_Landing,39.37225,-75.83986667,1.0,8.78,NaN,26.74,0.2,109.8
2018-07-23T23:00:00Z,BUD,Budds_Landing,39.37225,-75.83986667,1.0,9.88,NaN,27.13,0.2,124.5
2018-07-23T23:15:00Z,BUD,Budds_Landing,39.37225,-75.83986667,1.0,11.84,NaN,27.44,0.2,149.9
2018-07-23T23:30:00Z,BUD,Budds_Landing,39.37225,-75.83986667,1.0,12.12,NaN,27.51,0.2,153.7
2018-07-23T23:45:00Z,BUD,Budds_Landing,39.37225,-75.83986667,1.0,11.27,NaN,27.4,0.2,142.6
2018-07-24T00:00:00Z,BUD,Budds_Landing,39.37225,-75.83986667,1.0,7.81,NaN,26.68,0.2,97.6
2018-07-24T00:15:00Z,BUD,Budds_Landing,39.37225,-75.83986667,1.0,9.34,NaN,27.0,0.2,117.4
2018-07-24T00:30:00Z,BUD,Budds_Landing,39.37225,-75.83986667,1.0,11.0,NaN,27.2,0.2,138.7
2018-07-24T00:45:00Z,BUD,Budds_Landing,39.37225,-75.83986667,1.0,10.1,NaN,27.07,0.2,127.0
2018-07-24T01:00:00Z,BUD,Budds_Landing,39.37225,-75.83986667,1.0,9.47,NaN,26.87,0.2,118.7
2018-07-24T01:15:00Z,BUD,Budds_Landing,39.37225,-75.83986667,1.0,8.76,NaN,26.71,0.19,109.5
2018-07-24T01:30:00Z,BUD,Budds_Landing,39.37225,-75.83986667,1.0,8.64,NaN,26.68,0.19,107.9
2018-07-24T01:45:00Z,BUD,Budds_Landing,39.37225,-75.83986667,1.0,8.52,NaN,26.69,0.19,106.5
2018-07-24T02:00:00Z,BUD,Budds_Landing,39.37225,-75.83986667,1.0,9.21,NaN,26.95,0.19,115.6
2018-07-24T02:15:00Z,BUD,Budds_Landing,39.37225,-75.83986667,1.0,8.98,NaN,26.85,0.19,112.6
2018-07-24T02:30:00Z,BUD,Budds_Landing,39.37225,-75.83986667,1.0,9.02,NaN,26.78,0.19,112.8
2018-07-24T02:45:00Z,BUD,Budds_Landing,39.37225,-75.83986667,1.0,9.27,NaN,26.8,0.19,116.0
2018-07-24T03:00:00Z,BUD,Budds_Landing,39.37225,-75.83986667,1.0,9.25,NaN,26.82,0.19,115.8
2018-07-24T03:15:00Z,BUD,Budds_Landing,39.37225,-75.83986667,1.0,8.73,NaN,26.77,0.19,109.3
2018-07-24T03:30:00Z,BUD,Budds_Landing,39.37225,-75.83986667,1.0,9.56,NaN,26.87,0.19,119.7
2018-07-24T03:45:00Z,BUD,Budds_Landing,39.37225,-75.83986667,1.0,9.4,NaN,26.83,0.19,117.7
2018-07-24T04:00:00Z,BUD,Budds_Landing,39.37225,-75.83986667,1.0,10.81,NaN,26.8,0.17,135.3
2018-07-24T04:15:00Z,BUD,Budds_Landing,39.37225,-75.83986667,1.0,10.45,NaN,26.75,0.17,130.7
2018-07-24T04:30:00Z,BUD,Budds_Landing,39.37225,-75.83986667,1.0,10.33,NaN,26.74,0.17,129.1
2018-07-24T04:45:00Z,BUD,Budds_Landing,39.37225,-75.83986667,1.0,9.93,NaN,26.71,0.17,124.1
2018-07-24T05:00:00Z,BUD,Budds_Landing,39.37225,-75.83986667,1.0,9.97,NaN,26.72,0.17,124.6
2018-07-24T05:15:00Z,BUD,Budds_Landing,39.37225,-75.83986667,1.0,10.03,NaN,26.7,0.17,125.3
2018-07-24T05:30:00Z,BUD,Budds_Landing,39.37225,-75.83986667,1.0,10.04,NaN,26.71,0.17,125.4
2018-07-24T05:45:00Z,BUD,Budds_Landing,39.37225,-75.83986667,1.0,9.51,NaN,26.71,0.18,118.8
2018-07-24T06:00:00Z,BUD,Budds_Landing,39.37225,-75.83986667,1.0,9.93,NaN,26.69,0.17,124.0
2018-07-24T06:15:00Z,BUD,Budds_Landing,39.37225,-75.83986667,1.0,9.84,NaN,26.69,0.17,122.9
2018-07-24T06:30:00Z,BUD,Budds_Landing,39.37225,-75.83986667,1.0,9.74,NaN,26.68,0.17,121.6
2018-07-24T06:45:00Z,BUD,Budds_Landing,39.37225,-75.83986667,1.0,9.26,NaN,26.72,0.18,115.8
2018-07-24T07:00:00Z,BUD,Budds_Landing,39.37225,-75.83986667,1.0,9.01,NaN,26.72,0.19,112.6
2018-07-24T07:15:00Z,BUD,Budds_Landing,39.37225,-75.83986667,1.0,8.4,NaN,26.71,0.19,105.0
2018-07-24T07:30:00Z,BUD,Budds_Landing,39.37225,-75.83986667,1.0,8.4,NaN,26.7,0.2,104.9
2018-07-24T07:45:00Z,BUD,Budds_Landing,39.37225,-75.83986667,1.0,8.31,NaN,26.62,0.19,103.7
2018-07-24T08:00:00Z,BUD,Budds_Landing,39.37225,-75.83986667,1.0,8.37,NaN,26.57,0.19,104.3
2018-07-24T08:15:00Z,BUD,Budds_Landing,39.37225,-75.83986667,1.0,8.46,NaN,26.53,0.19,105.3
2018-07-24T08:30:00Z,BUD,Budds_Landing,39.37225,-75.83986667,1.0,8.35,NaN,26.55,0.19,104.1
2018-07-24T08:45:00Z,BUD,Budds_Landing,39.37225,-75.83986667,1.0,8.3,NaN,26.55,0.19,103.5
2018-07-24T09:00:00Z,BUD,Budds_Landing,39.37225,-75.83986667,1.0,8.38,NaN,26.48,0.19,104.3
2018-07-24T09:15:00Z,BUD,Budds_Landing,39.37225,-75.83986667,1.0,8.16,NaN,26.35,0.18,101.4
2018-07-24T09:30:00Z,BUD,Budds_Landing,39.37225,-75.83986667,1.0,7.89,NaN,26.41,0.19,98.0
2018-07-24T09:45:00Z,BUD,Budds_Landing,39.37225,-75.83986667,1.0,7.87,NaN,26.44,0.19,97.8
2018-07-24T10:00:00Z,BUD,Budds_Landing,39.37225,-75.83986667,1.0,7.93,NaN,26.48,0.19,98.6
2018-07-24T10:15:00Z,BUD,Budds_Landing,39.37225,-75.83986667,1.0,7.85,NaN,26.5,0.19,97.8
2018-07-24T10:30:00Z,BUD,Budds_Landing,39.37225,-75.83986667,1.0,7.75,NaN,26.57,0.2,96.6
2018-07-24T10:45:00Z,BUD,Budds_Landing,39.37225,-75.83986667,1.0,7.74,NaN,26.6,0.2,96.5
2018-07-24T11:00:00Z,BUD,Budds_Landing,39.37225,-75.83986667,1.0,7.61,NaN,26.57,0.2,94.8
2018-07-24T11:15:00Z,BUD,Budds_Landing,39.37225,-75.83986667,1.0,7.58,NaN,26.59,0.2,94.5
2018-07-24T11:30:00Z,BUD,Budds_Landing,39.37225,-75.83986667,1.0,7.6,NaN,26.59,0.2,94.8
2018-07-24T11:45:00Z,BUD,Budds_Landing,39.37225,-75.83986667,1.0,7.73,NaN,26.59,0.2,96.4
2018-07-24T12:00:00Z,BUD,Budds_Landing,39.37225,-75.83986667,1.0,7.64,NaN,26.59,0.2,95.3
2018-07-24T12:15:00Z,BUD,Budds_Landing,39.37225,-75.83986667,1.0,7.59,NaN,26.57,0.2,94.6
2018-07-24T12:30:00Z,BUD,Budds_Landing,39.37225,-75.83986667,1.0,7.75,NaN,26.59,0.2,96.7
2018-07-24T12:45:00Z,BUD,Budds_Landing,39.37225,-75.83986667,1.0,8.16,NaN,26.59,0.2,101.8
2018-07-24T13:00:00Z,BUD,Budds_Landing,39.37225,-75.83986667,1.0,8.43,NaN,26.65,0.2,105.2
2018-07-24T13:15:00Z,BUD,Budds_Landing,39.37225,-75.83986667,1.0,8.45,NaN,26.64,0.2,105.5
2018-07-24T13:30:00Z,BUD,Budds_Landing,39.37225,-75.83986667,1.0,8.6,NaN,26.64,0.19,107.4
2018-07-24T13:45:00Z,BUD,Budds_Landing,39.37225,-75.83986667,1.0,8.72,NaN,26.63,0.19,108.8
2018-07-24T14:00:00Z,BUD,Budds_Landing,39.37225,-75.83986667,1.0,8.64,NaN,26.6,0.19,107.8
2018-07-24T14:15:00Z,BUD,Budds_Landing,39.37225,-75.83986667,1.0,8.79,NaN,26.63,0.19,109.7
2018-07-24T14:30:00Z,BUD,Budds_Landing,39.37225,-75.83986667,1.0,9.28,NaN,26.76,0.19,116.1
2018-07-24T14:45:00Z,BUD,Budds_Landing,39.37225,-75.83986667,1.0,10.31,NaN,26.88,0.19,129.2
2018-07-24T15:00:00Z,BUD,Budds_Landing,39.37225,-75.83986667,1.0,10.23,NaN,26.95,0.19,128.3
2018-07-24T15:15:00Z,BUD,Budds_Landing,39.37225,-75.83986667,1.0,10.72,NaN,27.06,0.19,134.8
2018-07-24T15:30:00Z,BUD,Budds_Landing,39.37225,-75.83986667,1.0,10.08,NaN,26.91,0.18,126.4
2018-07-24T15:45:00Z,BUD,Budds_Landing,39.37225,-75.83986667,1.0,10.01,NaN,26.93,0.18,125.6
2018-07-24T16:00:00Z,BUD,Budds_Landing,39.37225,-75.83986667,1.0,9.34,NaN,26.74,0.18,116.8
2018-07-24T16:15:00Z,BUD,Budds_Landing,39.37225,-75.83986667,1.0,8.85,NaN,26.74,0.18,110.7
2018-07-24T16:30:00Z,BUD,Budds_Landing,39.37225,-75.83986667,1.0,9.44,NaN,26.89,0.18,118.3
2018-07-24T16:45:00Z,BUD,Budds_Landing,39.37225,-75.83986667,1.0,9.71,NaN,26.94,0.18,121.9
2018-07-24T17:00:00Z,BUD,Budds_Landing,39.37225,-75.83986667,1.0,9.89,NaN,26.97,0.17,124.1
2018-07-24T17:15:00Z,BUD,Budds_Landing,39.37225,-75.83986667,1.0,10.61,NaN,27.02,0.16,133.3
2018-07-24T17:30:00Z,BUD,Budds_Landing,39.37225,-75.83986667,1.0,10.04,NaN,26.94,0.18,125.9
2018-07-24T17:45:00Z,BUD,Budds_Landing,39.37225,-75.83986667,1.0,10.43,NaN,27.03,0.19,131.1
2018-07-24T18:00:00Z,BUD,Budds_Landing,39.37225,-75.83986667,1.0,10.56,NaN,27.08,0.19,132.8
2018-07-24T18:15:00Z,BUD,Budds_Landing,39.37225,-75.83986667,1.0,10.3,NaN,27.0,0.17,129.4
2018-07-24T18:30:00Z,BUD,Budds_Landing,39.37225,-75.83986667,1.0,10.97,NaN,27.05,0.17,137.9
2018-07-24T18:45:00Z,BUD,Budds_Landing,39.37225,-75.83986667,1.0,10.7,NaN,26.99,0.16,134.4
2018-07-24T19:00:00Z,BUD,Budds_Landing,39.37225,-75.83986667,1.0,10.73,NaN,26.98,0.16,134.8
2018-07-24T19:15:00Z,BUD,Budds_Landing,39.37225,-75.83986667,1.0,9.84,NaN,26.81,0.16,123.2
2018-07-24T19:30:00Z,BUD,Budds_Landing,39.37225,-75.83986667,1.0,10.09,NaN,26.95,0.16,126.6
2018-07-24T19:45:00Z,BUD,Budds_Landing,39.37225,-75.83986667,1.0,10.03,NaN,26.87,0.16,125.6
2018-07-24T20:00:00Z,BUD,Budds_Landing,39.37225,-75.83986667,1.0,10.48,NaN,27.0,0.17,131.6
2018-07-24T20:15:00Z,BUD,Budds_Landing,39.37225,-75.83986667,1.0,10.69,NaN,27.05,0.17,134.4
2018-07-24T20:30:00Z,BUD,Budds_Landing,39.37225,-75.83986667,1.0,10.41,NaN,27.05,0.17,130.9
2018-07-24T20:45:00Z,BUD,Budds_Landing,39.37225,-75.83986667,1.0,10.55,NaN,27.05,0.18,132.6
2018-07-24T21:00:00Z,BUD,Budds_Landing,39.37225,-75.83986667,1.0,10.66,NaN,27.09,0.18,134.1
2018-07-24T21:15:00Z,BUD,Budds_Landing,39.37225,-75.83986667,1.0,11.72,NaN,27.27,0.19,147.9
2018-07-24T21:30:00Z,BUD,Budds_Landing,39.37225,-75.83986667,1.0,12.46,NaN,27.37,0.19,157.5
2018-07-24T21:45:00Z,BUD,Budds_Landing,39.37225,-75.83986667,1.0,12.73,NaN,27.4,0.19,161.0
2018-07-24T22:00:00Z,BUD,Budds_Landing,39.37225,-75.83986667,1.0,12.55,NaN,27.38,0.19,158.7
2018-07-24T22:15:00Z,BUD,Budds_Landing,39.37225,-75.83986667,1.0,13.02,NaN,27.45,0.19,164.8
2018-07-24T22:30:00Z,BUD,Budds_Landing,39.37225,-75.83986667,1.0,12.93,NaN,27.44,0.19,163.7
2018-07-24T22:45:00Z,BUD,Budds_Landing,39.37225,-75.83986667,1.0,12.28,NaN,27.39,0.19,155.3
2018-07-24T23:00:00Z,BUD,Budds_Landing,39.37225,-75.83986667,1.0,12.49,NaN,27.42,0.19,158.1
2018-07-24T23:15:00Z,BUD,Budds_Landing,39.37225,-75.83986667,1.0,12.04,NaN,27.36,0.19,152.2
2018-07-24T23:30:00Z,BUD,Budds_Landing,39.37225,-75.83986667,1.0,10.46,NaN,27.22,0.19,131.9
2018-07-24T23:45:00Z,BUD,Budds_Landing,39.37225,-75.83986667,1.0,10.53,NaN,27.11,0.18,132.6
2018-07-25T00:00:00Z,BUD,Budds_Landing,39.37225,-75.83986667,1.0,10.43,NaN,27.09,0.18,131.2
2018-07-25T00:15:00Z,BUD,Budds_Landing,39.37225,-75.83986667,1.0,9.77,NaN,27.08,0.18,122.9
2018-07-25T00:30:00Z,BUD,Budds_Landing,39.37225,-75.83986667,1.0,9.43,NaN,27.05,0.19,118.6
2018-07-25T00:45:00Z,BUD,Budds_Landing,39.37225,-75.83986667,1.0,9.64,NaN,27.05,0.18,121.1
2018-07-25T01:00:00Z,BUD,Budds_Landing,39.37225,-75.83986667,1.0,9.84,NaN,27.06,0.18,123.8
2018-07-25T01:15:00Z,BUD,Budds_Landing,39.37225,-75.83986667,1.0,9.4,NaN,27.05,0.18,118.1
2018-07-25T01:30:00Z,BUD,Budds_Landing,39.37225,-75.83986667,1.0,9.84,NaN,27.03,0.18,123.7
2018-07-25T01:45:00Z,BUD,Budds_Landing,39.37225,-75.83986667,1.0,10.44,NaN,27.08,0.18,131.3
2018-07-25T02:00:00Z,BUD,Budds_Landing,39.37225,-75.83986667,1.0,9.91,NaN,27.04,0.18,124.6
2018-07-25T02:15:00Z,BUD,Budds_Landing,39.37225,-75.83986667,1.0,10.37,NaN,27.05,0.18,130.3
2018-07-25T02:30:00Z,BUD,Budds_Landing,39.37225,-75.83986667,1.0,10.56,NaN,27.03,0.18,132.7
2018-07-25T02:45:00Z,BUD,Budds_Landing,39.37225,-75.83986667,1.0,10.36,NaN,27.0,0.17,130.1
2018-07-25T03:00:00Z,BUD,Budds_Landing,39.37225,-75.83986667,1.0,10.16,NaN,26.98,0.17,127.6
2018-07-25T03:15:00Z,BUD,Budds_Landing,39.37225,-75.83986667,1.0,9.77,NaN,26.94,0.17,122.6
2018-07-25T03:30:00Z,BUD,Budds_Landing,39.37225,-75.83986667,1.0,9.81,NaN,26.95,0.17,123.1
2018-07-25T03:45:00Z,BUD,Budds_Landing,39.37225,-75.83986667,1.0,9.75,NaN,26.93,0.17,122.3
2018-07-25T04:00:00Z,BUD,Budds_Landing,39.37225,-75.83986667,1.0,9.49,NaN,26.93,0.17,119.0
2018-07-25T04:15:00Z,BUD,Budds_Landing,39.37225,-75.83986667,1.0,9.85,NaN,26.89,0.16,123.4
2018-07-25T04:30:00Z,BUD,Budds_Landing,39.37225,-75.83986667,1.0,9.8,NaN,26.89,0.16,122.8
2018-07-25T04:45:00Z,BUD,Budds_Landing,39.37225,-75.83986667,1.0,9.47,NaN,26.9,0.17,118.7
2018-07-25T05:00:00Z,BUD,Budds_Landing,39.37225,-75.83986667,1.0,8.96,NaN,26.88,0.17,112.3
2018-07-25T05:15:00Z,BUD,Budds_Landing,39.37225,-75.83986667,1.0,9.3,NaN,26.85,0.17,116.5
2018-07-25T05:30:00Z,BUD,Budds_Landing,39.37225,-75.83986667,1.0,9.65,NaN,26.66,0.14,120.4
2018-07-25T05:45:00Z,BUD,Budds_Landing,39.37225,-75.83986667,1.0,9.29,NaN,26.6,0.14,115.8
2018-07-25T06:00:00Z,BUD,Budds_Landing,39.37225,-75.83986667,1.0,9.06,NaN,26.59,0.15,112.9
2018-07-25T06:15:00Z,BUD,Budds_Landing,39.37225,-75.83986667,1.0,8.82,NaN,26.57,0.15,109.9
2018-07-25T06:30:00Z,BUD,Budds_Landing,39.37225,-75.83986667,1.0,9.07,NaN,26.55,0.14,113.0
2018-07-25T06:45:00Z,BUD,Budds_Landing,39.37225,-75.83986667,1.0,8.99,NaN,26.56,0.15,112.1
2018-07-25T07:00:00Z,BUD,Budds_Landing,39.37225,-75.83986667,1.0,8.87,NaN,26.63,0.15,110.7
2018-07-25T07:15:00Z,BUD,Budds_Landing,39.37225,-75.83986667,1.0,8.69,NaN,26.64,0.16,108.4
2018-07-25T07:30:00Z,BUD,Budds_Landing,39.37225,-75.83986667,1.0,8.92,NaN,26.63,0.16,111.3
2018-07-25T07:45:00Z,BUD,Budds_Landing,39.37225,-75.83986667,1.0,9.01,NaN,26.6,0.15,112.3
2018-07-25T08:00:00Z,BUD,Budds_Landing,39.37225,-75.83986667,1.0,8.81,NaN,26.62,0.15,109.9
2018-07-25T08:15:00Z,BUD,Budds_Landing,39.37225,-75.83986667,1.0,8.69,NaN,26.61,0.16,108.4
2018-07-25T08:30:00Z,BUD,Budds_Landing,39.37225,-75.83986667,1.0,8.61,NaN,26.58,0.16,107.3
2018-07-25T08:45:00Z,BUD,Budds_Landing,39.37225,-75.83986667,1.0,8.39,NaN,26.55,0.16,104.5
2018-07-25T09:00:00Z,BUD,Budds_Landing,39.37225,-75.83986667,1.0,8.29,NaN,26.53,0.16,103.3
2018-07-25T09:15:00Z,BUD,Budds_Landing,39.37225,-75.83986667,1.0,7.84,NaN,26.52,0.17,97.7
2018-07-25T09:30:00Z,BUD,Budds_Landing,39.37225,-75.83986667,1.0,8.05,NaN,26.49,0.17,100.2
2018-07-25T09:45:00Z,BUD,Budds_Landing,39.37225,-75.83986667,1.0,8.0,NaN,26.47,0.17,99.6
2018-07-25T10:00:00Z,BUD,Budds_Landing,39.37225,-75.83986667,1.0,7.93,NaN,26.47,0.17,98.6
2018-07-25T10:15:00Z,BUD,Budds_Landing,39.37225,-75.83986667,1.0,7.87,NaN,26.47,0.17,98.0
2018-07-25T10:30:00Z,BUD,Budds_Landing,39.37225,-75.83986667,1.0,7.73,NaN,26.48,0.18,96.2
2018-07-25T10:45:00Z,BUD,Budds_Landing,39.37225,-75.83986667,1.0,7.55,NaN,26.49,0.18,94.0
2018-07-25T11:00:00Z,BUD,Budds_Landing,39.37225,-75.83986667,1.0,7.35,NaN,26.53,0.19,91.6
2018-07-25T11:15:00Z,BUD,Budds_Landing,39.37225,-75.83986667,1.0,7.41,NaN,26.53,0.19,92.3
2018-07-25T11:30:00Z,BUD,Budds_Landing,39.37225,-75.83986667,1.0,7.62,NaN,26.53,0.19,94.9
2018-07-25T11:45:00Z,BUD,Budds_Landing,39.37225,-75.83986667,1.0,7.57,NaN,26.54,0.19,94.3
2018-07-25T12:00:00Z,BUD,Budds_Landing,39.37225,-75.83986667,1.0,7.44,NaN,26.56,0.19,92.7
2018-07-25T12:15:00Z,BUD,Budds_Landing,39.37225,-75.83986667,1.0,7.62,NaN,26.54,0.19,94.9
2018-07-25T12:30:00Z,BUD,Budds_Landing,39.37225,-75.83986667,1.0,7.69,NaN,26.47,0.19,95.7
2018-07-25T12:45:00Z,BUD,Budds_Landing,39.37225,-75.83986667,1.0,7.42,NaN,26.51,0.19,92.4
2018-07-25T13:00:00Z,BUD,Budds_Landing,39.37225,-75.83986667,1.0,8.1,NaN,26.52,0.18,100.9
2018-07-25T13:15:00Z,BUD,Budds_Landing,39.37225,-75.83986667,1.0,8.31,NaN,26.63,0.19,103.7
2018-07-25T13:30:00Z,BUD,Budds_Landing,39.37225,-75.83986667,1.0,8.58,NaN,26.69,0.19,107.2
2018-07-25T13:45:00Z,BUD,Budds_Landing,39.37225,-75.83986667,1.0,8.1,NaN,26.56,0.17,100.9
2018-07-25T14:00:00Z,BUD,Budds_Landing,39.37225,-75.83986667,1.0,8.77,NaN,26.64,0.17,109.4
2018-07-25T14:15:00Z,BUD,Budds_Landing,39.37225,-75.83986667,1.0,8.69,NaN,26.65,0.17,108.5
2018-07-25T14:30:00Z,BUD,Budds_Landing,39.37225,-75.83986667,1.0,8.25,NaN,26.57,0.17,102.9
2018-07-25T14:45:00Z,BUD,Budds_Landing,39.37225,-75.83986667,1.0,7.72,NaN,26.54,0.17,96.2
2018-07-25T15:00:00Z,BUD,Budds_Landing,39.37225,-75.83986667,1.0,8.07,NaN,26.61,0.17,100.7
2018-07-25T15:15:00Z,BUD,Budds_Landing,39.37225,-75.83986667,1.0,9.98,NaN,26.82,0.17,124.9
2018-07-25T15:30:00Z,BUD,Budds_Landing,39.37225,-75.83986667,1.0,10.17,NaN,26.88,0.17,127.5
2018-07-25T15:45:00Z,BUD,Budds_Landing,39.37225,-75.83986667,1.0,9.45,NaN,26.89,0.16,118.5
2018-07-25T16:00:00Z,BUD,Budds_Landing,39.37225,-75.83986667,1.0,10.87,NaN,26.93,0.16,136.3
2018-07-25T16:15:00Z,BUD,Budds_Landing,39.37225,-75.83986667,1.0,9.95,NaN,26.79,0.15,124.5
2018-07-25T16:30:00Z,BUD,Budds_Landing,39.37225,-75.83986667,1.0,9.8,NaN,26.73,0.15,122.4
2018-07-25T16:45:00Z,BUD,Budds_Landing,39.37225,-75.83986667,1.0,9.68,NaN,26.69,0.15,120.9
2018-07-25T17:00:00Z,BUD,Budds_Landing,39.37225,-75.83986667,1.0,9.46,NaN,26.7,0.14,118.1
2018-07-25T17:15:00Z,BUD,Budds_Landing,39.37225,-75.83986667,1.0,9.34,NaN,26.69,0.15,116.6
2018-07-25T17:30:00Z,BUD,Budds_Landing,39.37225,-75.83986667,1.0,8.73,NaN,26.51,0.14,108.7
2018-07-25T17:45:00Z,BUD,Budds_Landing,39.37225,-75.83986667,1.0,9.16,NaN,26.7,0.15,114.5
2018-07-25T18:00:00Z,BUD,Budds_Landing,39.37225,-75.83986667,1.0,8.56,NaN,26.5,0.14,106.6
2018-07-25T18:15:00Z,BUD,Budds_Landing,39.37225,-75.83986667,1.0,8.57,NaN,26.67,0.15,107.0
2018-07-25T18:30:00Z,BUD,Budds_Landing,39.37225,-75.83986667,1.0,8.85,NaN,26.6,0.14,110.4
2018-07-25T18:45:00Z,BUD,Budds_Landing,39.37225,-75.83986667,1.0,8.83,NaN,26.65,0.14,110.2
2018-07-25T19:00:00Z,BUD,Budds_Landing,39.37225,-75.83986667,1.0,8.86,NaN,26.85,0.15,110.9
2018-07-25T19:15:00Z,BUD,Budds_Landing,39.37225,-75.83986667,1.0,8.69,NaN,26.74,0.15,108.6
2018-07-25T19:30:00Z,BUD,Budds_Landing,39.37225,-75.83986667,1.0,8.54,NaN,26.55,0.15,106.3
2018-07-25T19:45:00Z,BUD,Budds_Landing,39.37225,-75.83986667,1.0,8.45,NaN,26.53,0.14,105.3
2018-07-25T20:00:00Z,BUD,Budds_Landing,39.37225,-75.83986667,1.0,8.68,NaN,26.71,0.14,108.5
2018-07-25T20:15:00Z,BUD,Budds_Landing,39.37225,-75.83986667,1.0,7.63,NaN,26.69,0.14,95.2
2018-07-25T20:30:00Z,BUD,Budds_Landing,39.37225,-75.83986667,1.0,7.58,NaN,26.62,0.14,94.5
2018-07-25T20:45:00Z,BUD,Budds_Landing,39.37225,-75.83986667,1.0,7.03,NaN,26.5,0.14,87.5
2018-07-25T21:00:00Z,BUD,Budds_Landing,39.37225,-75.83986667,1.0,7.14,NaN,26.47,0.14,88.8
2018-07-25T21:15:00Z,BUD,Budds_Landing,39.37225,-75.83986667,1.0,7.58,NaN,26.43,0.13,94.2
2018-07-25T21:30:00Z,BUD,Budds_Landing,39.37225,-75.83986667,1.0,10.45,NaN,26.96,0.15,131.1
2018-07-25T21:45:00Z,BUD,Budds_Landing,39.37225,-75.83986667,1.0,10.33,NaN,27.0,0.15,129.7
2018-07-25T22:00:00Z,BUD,Budds_Landing,39.37225,-75.83986667,1.0,12.66,NaN,27.19,0.14,159.5
2018-07-25T22:15:00Z,BUD,Budds_Landing,39.37225,-75.83986667,1.0,14.65,NaN,27.36,0.15,185.2
2018-07-25T22:30:00Z,BUD,Budds_Landing,39.37225,-75.83986667,1.0,15.15,NaN,27.49,0.17,192.0
2018-07-25T22:45:00Z,BUD,Budds_Landing,39.37225,-75.83986667,1.0,15.19,NaN,27.39,0.15,192.1
2018-07-25T23:00:00Z,BUD,Budds_Landing,39.37225,-75.83986667,1.0,14.82,NaN,27.39,0.17,187.4
2018-07-25T23:15:00Z,BUD,Budds_Landing,39.37225,-75.83986667,1.0,14.19,NaN,27.27,0.17,179.1
2018-07-25T23:30:00Z,BUD,Budds_Landing,39.37225,-75.83986667,1.0,14.21,NaN,27.29,0.16,179.4
2018-07-25T23:45:00Z,BUD,Budds_Landing,39.37225,-75.83986667,1.0,14.43,NaN,27.34,0.16,182.3
2018-07-26T00:00:00Z,BUD,Budds_Landing,39.37225,-75.83986667,1.0,13.13,NaN,27.22,0.16,165.6
2018-07-26T00:15:00Z,BUD,Budds_Landing,39.37225,-75.83986667,1.0,11.27,NaN,26.91,0.16,141.3
2018-07-26T00:30:00Z,BUD,Budds_Landing,39.37225,-75.83986667,1.0,7.66,NaN,26.73,0.16,95.8
2018-07-26T00:45:00Z,BUD,Budds_Landing,39.37225,-75.83986667,1.0,7.88,NaN,26.77,0.16,98.6
2018-07-26T01:00:00Z,BUD,Budds_Landing,39.37225,-75.83986667,1.0,8.08,NaN,26.76,0.16,101.1
2018-07-26T01:15:00Z,BUD,Budds_Landing,39.37225,-75.83986667,1.0,7.82,NaN,26.75,0.17,97.8
2018-07-26T01:30:00Z,BUD,Budds_Landing,39.37225,-75.83986667,1.0,7.77,NaN,26.73,0.17,97.1
2018-07-26T01:45:00Z,BUD,Budds_Landing,39.37225,-75.83986667,1.0,8.14,NaN,26.71,0.17,101.8
2018-07-26T02:00:00Z,BUD,Budds_Landing,39.37225,-75.83986667,1.0,8.87,NaN,26.76,0.16,110.9
2018-07-26T02:15:00Z,BUD,Budds_Landing,39.37225,-75.83986667,1.0,7.78,NaN,26.74,0.16,97.3
2018-07-26T02:30:00Z,BUD,Budds_Landing,39.37225,-75.83986667,1.0,7.05,NaN,26.7,0.16,88.1
2018-07-26T02:45:00Z,BUD,Budds_Landing,39.37225,-75.83986667,1.0,6.63,NaN,26.71,0.16,82.8
2018-07-26T03:00:00Z,BUD,Budds_Landing,39.37225,-75.83986667,1.0,8.36,NaN,26.71,0.16,104.5
2018-07-26T03:15:00Z,BUD,Budds_Landing,39.37225,-75.83986667,1.0,9.35,NaN,26.62,0.15,116.6
2018-07-26T03:30:00Z,BUD,Budds_Landing,39.37225,-75.83986667,1.0,10.23,NaN,26.69,0.14,127.8
2018-07-26T03:45:00Z,BUD,Budds_Landing,39.37225,-75.83986667,1.0,10.42,NaN,26.66,0.15,130.1
2018-07-26T04:00:00Z,BUD,Budds_Landing,39.37225,-75.83986667,1.0,10.08,NaN,26.64,0.15,125.7
2018-07-26T04:15:00Z,BUD,Budds_Landing,39.37225,-75.83986667,1.0,9.75,NaN,26.6,0.14,121.6
2018-07-26T04:30:00Z,BUD,Budds_Landing,39.37225,-75.83986667,1.0,9.91,NaN,26.58,0.14,123.5
2018-07-26T04:45:00Z,BUD,Budds_Landing,39.37225,-75.83986667,1.0,9.81,NaN,26.53,0.14,122.2
2018-07-26T05:00:00Z,BUD,Budds_Landing,39.37225,-75.83986667,1.0,9.79,NaN,26.51,0.14,121.9
2018-07-26T05:15:00Z,BUD,Budds_Landing,39.37225,-75.83986667,1.0,10.52,NaN,26.53,0.15,131.0
2018-07-26T05:30:00Z,BUD,Budds_Landing,39.37225,-75.83986667,1.0,10.19,NaN,26.53,0.15,126.9
2018-07-26T05:45:00Z,BUD,Budds_Landing,39.37225,-75.83986667,1.0,9.83,NaN,26.47,0.14,122.3
2018-07-26T06:00:00Z,BUD,Budds_Landing,39.37225,-75.83986667,1.0,9.42,NaN,26.34,0.14,116.9
2018-07-26T06:15:00Z,BUD,Budds_Landing,39.37225,-75.83986667,1.0,9.13,NaN,26.35,0.13,113.4
2018-07-26T06:30:00Z,BUD,Budds_Landing,39.37225,-75.83986667,1.0,9.62,NaN,26.39,0.13,119.5
2018-07-26T06:45:00Z,BUD,Budds_Landing,39.37225,-75.83986667,1.0,9.64,NaN,26.39,0.14,119.7
2018-07-26T07:00:00Z,BUD,Budds_Landing,39.37225,-75.83986667,1.0,9.27,NaN,26.38,0.14,115.1
2018-07-26T07:15:00Z,BUD,Budds_Landing,39.37225,-75.83986667,1.0,8.99,NaN,26.37,0.14,111.6
2018-07-26T07:30:00Z,BUD,Budds_Landing,39.37225,-75.83986667,1.0,8.88,NaN,26.35,0.14,110.2
2018-07-26T07:45:00Z,BUD,Budds_Landing,39.37225,-75.83986667,1.0,9.02,NaN,26.39,0.14,112.1
2018-07-26T08:00:00Z,BUD,Budds_Landing,39.37225,-75.83986667,1.0,8.59,NaN,26.43,0.14,106.8
2018-07-26T08:15:00Z,BUD,Budds_Landing,39.37225,-75.83986667,1.0,8.66,NaN,26.41,0.15,107.6
2018-07-26T08:30:00Z,BUD,Budds_Landing,39.37225,-75.83986667,1.0,8.94,NaN,26.34,0.14,110.9
2018-07-26T08:45:00Z,BUD,Budds_Landing,39.37225,-75.83986667,1.0,8.14,NaN,26.34,0.15,101.0
2018-07-26T09:00:00Z,BUD,Budds_Landing,39.37225,-75.83986667,1.0,8.03,NaN,26.38,0.16,99.7
2018-07-26T09:15:00Z,BUD,Budds_Landing,39.37225,-75.83986667,1.0,8.35,NaN,26.36,0.16,103.6
2018-07-26T09:30:00Z,BUD,Budds_Landing,39.37225,-75.83986667,1.0,8.46,NaN,26.35,0.15,105.1
2018-07-26T09:45:00Z,BUD,Budds_Landing,39.37225,-75.83986667,1.0,8.71,NaN,26.34,0.15,108.1
2018-07-26T10:00:00Z,BUD,Budds_Landing,39.37225,-75.83986667,1.0,8.8,NaN,26.33,0.15,109.3
2018-07-26T10:15:00Z,BUD,Budds_Landing,39.37225,-75.83986667,1.0,8.44,NaN,26.38,0.16,104.8
2018-07-26T10:30:00Z,BUD,Budds_Landing,39.37225,-75.83986667,1.0,8.25,NaN,26.42,0.17,102.5
2018-07-26T10:45:00Z,BUD,Budds_Landing,39.37225,-75.83986667,1.0,8.24,NaN,26.44,0.17,102.5
2018-07-26T11:00:00Z,BUD,Budds_Landing,39.37225,-75.83986667,1.0,8.17,NaN,26.47,0.17,101.7
2018-07-26T11:15:00Z,BUD,Budds_Landing,39.37225,-75.83986667,1.0,8.16,NaN,26.47,0.17,101.6
2018-07-26T11:30:00Z,BUD,Budds_Landing,39.37225,-75.83986667,1.0,8.22,NaN,26.48,0.18,102.3
2018-07-26T11:45:00Z,BUD,Budds_Landing,39.37225,-75.83986667,1.0,8.26,NaN,26.5,0.18,102.9
2018-07-26T12:00:00Z,BUD,Budds_Landing,39.37225,-75.83986667,1.0,8.22,NaN,26.49,0.18,102.4
2018-07-26T12:15:00Z,BUD,Budds_Landing,39.37225,-75.83986667,1.0,8.2,NaN,26.5,0.18,102.1
2018-07-26T12:30:00Z,BUD,Budds_Landing,39.37225,-75.83986667,1.0,8.17,NaN,26.5,0.18,101.7
2018-07-26T12:45:00Z,BUD,Budds_Landing,39.37225,-75.83986667,1.0,8.03,NaN,26.5,0.18,100.0
2018-07-26T13:00:00Z,BUD,Budds_Landing,39.37225,-75.83986667,1.0,7.83,NaN,26.48,0.18,97.4
2018-07-26T13:15:00Z,BUD,Budds_Landing,39.37225,-75.83986667,1.0,7.98,NaN,26.48,0.18,99.3
2018-07-26T13:30:00Z,BUD,Budds_Landing,39.37225,-75.83986667,1.0,8.0,NaN,26.45,0.17,99.5
2018-07-26T13:45:00Z,BUD,Budds_Landing,39.37225,-75.83986667,1.0,7.85,NaN,26.37,0.17,97.4
2018-07-26T14:00:00Z,BUD,Budds_Landing,39.37225,-75.83986667,1.0,8.66,NaN,26.39,0.16,107.6
2018-07-26T14:15:00Z,BUD,Budds_Landing,39.37225,-75.83986667,1.0,8.86,NaN,26.38,0.15,110.0
2018-07-26T14:30:00Z,BUD,Budds_Landing,39.37225,-75.83986667,1.0,9.01,NaN,26.49,0.16,112.1
2018-07-26T14:45:00Z,BUD,Budds_Landing,39.37225,-75.83986667,1.0,9.27,NaN,26.6,0.16,115.6
2018-07-26T15:00:00Z,BUD,Budds_Landing,39.37225,-75.83986667,1.0,9.15,NaN,26.48,0.16,113.9
2018-07-26T15:15:00Z,BUD,Budds_Landing,39.37225,-75.83986667,1.0,9.22,NaN,26.52,0.16,114.8
2018-07-26T15:30:00Z,BUD,Budds_Landing,39.37225,-75.83986667,1.0,9.01,NaN,26.48,0.16,112.1
2018-07-26T15:45:00Z,BUD,Budds_Landing,39.37225,-75.83986667,1.0,9.3,NaN,26.49,0.16,115.7
2018-07-26T16:00:00Z,BUD,Budds_Landing,39.37225,-75.83986667,1.0,9.03,NaN,26.48,0.16,112.3
2018-07-26T16:15:00Z,BUD,Budds_Landing,39.37225,-75.83986667,1.0,9.78,NaN,26.59,0.15,122.0
2018-07-26T16:30:00Z,BUD,Budds_Landing,39.37225,-75.83986667,1.0,9.61,NaN,26.46,0.15,119.5
2018-07-26T16:45:00Z,BUD,Budds_Landing,39.37225,-75.83986667,1.0,9.71,NaN,26.5,0.15,120.9
2018-07-26T17:00:00Z,BUD,Budds_Landing,39.37225,-75.83986667,1.0,9.66,NaN,26.38,0.14,120.0
2018-07-26T17:15:00Z,BUD,Budds_Landing,39.37225,-75.83986667,1.0,9.87,NaN,26.46,0.14,122.7
2018-07-26T17:30:00Z,BUD,Budds_Landing,39.37225,-75.83986667,1.0,9.57,NaN,26.42,0.14,118.9
2018-07-26T17:45:00Z,BUD,Budds_Landing,39.37225,-75.83986667,1.0,10.04,NaN,26.62,0.13,125.2
2018-07-26T18:00:00Z,BUD,Budds_Landing,39.37225,-75.83986667,1.0,10.12,NaN,26.59,0.13,126.2
2018-07-26T18:15:00Z,BUD,Budds_Landing,39.37225,-75.83986667,1.0,9.62,NaN,26.49,0.12,119.7
2018-07-26T18:30:00Z,BUD,Budds_Landing,39.37225,-75.83986667,1.0,9.51,NaN,26.36,0.12,118.1
2018-07-26T18:45:00Z,BUD,Budds_Landing,39.37225,-75.83986667,1.0,9.93,NaN,26.47,0.12,123.6
2018-07-26T19:00:00Z,BUD,Budds_Landing,39.37225,-75.83986667,1.0,10.96,NaN,26.73,0.13,137.0
2018-07-26T19:15:00Z,BUD,Budds_Landing,39.37225,-75.83986667,1.0,9.81,NaN,26.57,0.12,122.3
2018-07-26T19:30:00Z,BUD,Budds_Landing,39.37225,-75.83986667,1.0,9.68,NaN,26.5,0.11,120.5
2018-07-26T19:45:00Z,BUD,Budds_Landing,39.37225,-75.83986667,1.0,9.87,NaN,26.49,0.11,122.8
2018-07-26T20:00:00Z,BUD,Budds_Landing,39.37225,-75.83986667,1.0,10.11,NaN,26.66,0.12,126.2
2018-07-26T20:15:00Z,BUD,Budds_Landing,39.37225,-75.83986667,1.0,9.92,NaN,26.73,0.11,123.9
2018-07-26T20:30:00Z,BUD,Budds_Landing,39.37225,-75.83986667,1.0,9.66,NaN,26.51,0.11,120.3
2018-07-26T20:45:00Z,BUD,Budds_Landing,39.37225,-75.83986667,1.0,9.47,NaN,26.46,0.11,117.7
2018-07-26T21:00:00Z,BUD,Budds_Landing,39.37225,-75.83986667,1.0,9.45,NaN,26.84,0.12,118.3
2018-07-26T21:15:00Z,BUD,Budds_Landing,39.37225,-75.83986667,1.0,10.51,NaN,26.92,0.12,131.8
2018-07-26T21:30:00Z,BUD,Budds_Landing,39.37225,-75.83986667,1.0,10.84,NaN,27.18,0.12,136.5
2018-07-26T21:45:00Z,BUD,Budds_Landing,39.37225,-75.83986667,1.0,9.81,NaN,26.67,0.12,122.5
2018-07-26T22:00:00Z,BUD,Budds_Landing,39.37225,-75.83986667,1.0,10.12,NaN,27.01,0.12,127.1
2018-07-26T22:15:00Z,BUD,Budds_Landing,39.37225,-75.83986667,1.0,11.14,NaN,27.47,0.13,141.0
2018-07-26T22:30:00Z,BUD,Budds_Landing,39.37225,-75.83986667,1.0,13.85,NaN,28.63,0.14,179.1
2018-07-26T22:45:00Z,BUD,Budds_Landing,39.37225,-75.83986667,1.0,18.43,NaN,30.14,0.14,244.6
2018-07-26T23:00:00Z,BUD,Budds_Landing,39.37225,-75.83986667,1.0,19.28,NaN,30.66,0.16,258.1
2018-07-26T23:15:00Z,BUD,Budds_Landing,39.37225,-75.83986667,1.0,19.2,NaN,30.45,0.16,256.2
2018-07-26T23:30:00Z,BUD,Budds_Landing,39.37225,-75.83986667,1.0,19.32,NaN,30.67,0.18,258.8
2018-07-26T23:45:00Z,BUD,Budds_Landing,39.37225,-75.83986667,1.0,18.42,NaN,30.27,0.18,245.0
2018-07-27T00:00:00Z,BUD,Budds_Landing,39.37225,-75.83986667,1.0,17.79,NaN,30.13,0.18,236.1
2018-07-27T00:15:00Z,BUD,Budds_Landing,39.37225,-75.83986667,1.0,17.16,NaN,30.04,0.18,227.4
2018-07-27T00:30:00Z,BUD,Budds_Landing,39.37225,-75.83986667,1.0,16.45,NaN,29.88,0.18,217.4
2018-07-27T00:45:00Z,BUD,Budds_Landing,39.37225,-75.83986667,1.0,16.44,NaN,29.82,0.18,216.9
2018-07-27T01:00:00Z,BUD,Budds_Landing,39.37225,-75.83986667,1.0,15.64,NaN,29.57,0.18,205.6
2018-07-27T01:15:00Z,BUD,Budds_Landing,39.37225,-75.83986667,1.0,15.25,NaN,29.34,0.17,199.7
2018-07-27T01:30:00Z,BUD,Budds_Landing,39.37225,-75.83986667,1.0,15.16,NaN,29.07,0.17,197.6
2018-07-27T01:45:00Z,BUD,Budds_Landing,39.37225,-75.83986667,1.0,12.69,NaN,28.78,0.17,164.5
2018-07-27T02:00:00Z,BUD,Budds_Landing,39.37225,-75.83986667,1.0,12.2,NaN,28.54,0.15,157.4
2018-07-27T02:15:00Z,BUD,Budds_Landing,39.37225,-75.83986667,1.0,12.12,NaN,28.48,0.15,156.3
2018-07-27T02:30:00Z,BUD,Budds_Landing,39.37225,-75.83986667,1.0,12.42,NaN,28.6,0.15,160.5
2018-07-27T02:45:00Z,BUD,Budds_Landing,39.37225,-75.83986667,1.0,12.99,NaN,28.92,0.16,168.8
2018-07-27T03:00:00Z,BUD,Budds_Landing,39.37225,-75.83986667,1.0,14.07,NaN,29.35,0.17,184.3
2018-07-27T03:15:00Z,BUD,Budds_Landing,39.37225,-75.83986667,1.0,12.47,NaN,28.81,0.16,161.7
2018-07-27T03:30:00Z,BUD,Budds_Landing,39.37225,-75.83986667,1.0,12.2,NaN,28.46,0.14,157.2
2018-07-27T03:45:00Z,BUD,Budds_Landing,39.37225,-75.83986667,1.0,13.5,NaN,28.93,0.15,175.4
2018-07-27T04:00:00Z,BUD,Budds_Landing,39.37225,-75.83986667,1.0,13.69,NaN,29.0,0.15,178.1
2018-07-27T04:15:00Z,BUD,Budds_Landing,39.37225,-75.83986667,1.0,14.27,NaN,29.14,0.16,186.1
2018-07-27T04:30:00Z,BUD,Budds_Landing,39.37225,-75.83986667,1.0,14.05,NaN,29.05,0.16,182.9
2018-07-27T04:45:00Z,BUD,Budds_Landing,39.37225,-75.83986667,1.0,13.82,NaN,29.03,0.16,179.9
2018-07-27T05:00:00Z,BUD,Budds_Landing,39.37225,-75.83986667,1.0,13.72,NaN,28.95,0.16,178.4
2018-07-27T05:15:00Z,BUD,Budds_Landing,39.37225,-75.83986667,1.0,13.63,NaN,28.85,0.15,176.9
2018-07-27T05:30:00Z,BUD,Budds_Landing,39.37225,-75.83986667,1.0,13.59,NaN,28.8,0.15,176.1
2018-07-27T05:45:00Z,BUD,Budds_Landing,39.37225,-75.83986667,1.0,13.34,NaN,28.72,0.14,172.7
2018-07-27T06:00:00Z,BUD,Budds_Landing,39.37225,-75.83986667,1.0,12.74,NaN,28.61,0.14,164.7
2018-07-27T06:15:00Z,BUD,Budds_Landing,39.37225,-75.83986667,1.0,12.51,NaN,28.55,0.15,161.5
2018-07-27T06:30:00Z,BUD,Budds_Landing,39.37225,-75.83986667,1.0,12.84,NaN,28.56,0.15,165.8
2018-07-27T06:45:00Z,BUD,Budds_Landing,39.37225,-75.83986667,1.0,13.0,NaN,28.57,0.15,167.9
2018-07-27T07:00:00Z,BUD,Budds_Landing,39.37225,-75.83986667,1.0,12.47,NaN,28.46,0.15,160.8
2018-07-27T07:15:00Z,BUD,Budds_Landing,39.37225,-75.83986667,1.0,11.74,NaN,28.36,0.14,151.0
2018-07-27T07:30:00Z,BUD,Budds_Landing,39.37225,-75.83986667,1.0,11.17,NaN,28.36,0.14,143.7
2018-07-27T07:45:00Z,BUD,Budds_Landing,39.37225,-75.83986667,1.0,10.81,NaN,28.3,0.14,139.0
2018-07-27T08:00:00Z,BUD,Budds_Landing,39.37225,-75.83986667,1.0,11.1,NaN,28.35,0.14,142.8
2018-07-27T08:15:00Z,BUD,Budds_Landing,39.37225,-75.83986667,1.0,11.68,NaN,28.4,0.15,150.3
2018-07-27T08:30:00Z,BUD,Budds_Landing,39.37225,-75.83986667,1.0,11.49,NaN,28.36,0.15,147.8
2018-07-27T08:45:00Z,BUD,Budds_Landing,39.37225,-75.83986667,1.0,11.53,NaN,28.35,0.14,148.3
2018-07-27T09:00:00Z,BUD,Budds_Landing,39.37225,-75.83986667,1.0,11.84,NaN,28.39,0.14,152.4
2018-07-27T09:15:00Z,BUD,Budds_Landing,39.37225,-75.83986667,1.0,11.97,NaN,28.36,0.14,154.0
2018-07-27T09:30:00Z,BUD,Budds_Landing,39.37225,-75.83986667,1.0,11.55,NaN,28.25,0.15,148.3
2018-07-27T09:45:00Z,BUD,Budds_Landing,39.37225,-75.83986667,1.0,11.59,NaN,28.25,0.15,148.9
2018-07-27T10:00:00Z,BUD,Budds_Landing,39.37225,-75.83986667,1.0,11.7,NaN,28.33,0.16,150.5
2018-07-27T10:15:00Z,BUD,Budds_Landing,39.37225,-75.83986667,1.0,11.83,NaN,28.28,0.17,152.0
2018-07-27T10:30:00Z,BUD,Budds_Landing,39.37225,-75.83986667,1.0,11.77,NaN,28.22,0.17,151.1
2018-07-27T10:45:00Z,BUD,Budds_Landing,39.37225,-75.83986667,1.0,11.8,NaN,28.12,0.17,151.1
2018-07-27T11:00:00Z,BUD,Budds_Landing,39.37225,-75.83986667,1.0,11.65,NaN,28.11,0.16,149.2
2018-07-27T11:15:00Z,BUD,Budds_Landing,39.37225,-75.83986667,1.0,11.32,NaN,28.06,0.16,144.8
2018-07-27T11:30:00Z,BUD,Budds_Landing,39.37225,-75.83986667,1.0,11.27,NaN,28.06,0.16,144.3
2018-07-27T11:45:00Z,BUD,Budds_Landing,39.37225,-75.83986667,1.0,11.15,NaN,28.06,0.16,142.7
2018-07-27T12:00:00Z,BUD,Budds_Landing,39.37225,-75.83986667,1.0,10.86,NaN,28.02,0.17,138.9
2018-07-27T12:15:00Z,BUD,Budds_Landing,39.37225,-75.83986667,1.0,10.66,NaN,27.9,0.17,136.1
2018-07-27T12:30:00Z,BUD,Budds_Landing,39.37225,-75.83986667,1.0,9.97,NaN,27.74,0.18,127.0
2018-07-27T12:45:00Z,BUD,Budds_Landing,39.37225,-75.83986667,1.0,9.92,NaN,27.75,0.18,126.3
2018-07-27T13:00:00Z,BUD,Budds_Landing,39.37225,-75.83986667,1.0,10.3,NaN,27.8,0.17,131.2
2018-07-27T13:15:00Z,BUD,Budds_Landing,39.37225,-75.83986667,1.0,10.05,NaN,27.84,0.17,128.2
2018-07-27T13:30:00Z,BUD,Budds_Landing,39.37225,-75.83986667,1.0,9.95,NaN,27.89,0.16,126.9
2018-07-27T13:45:00Z,BUD,Budds_Landing,39.37225,-75.83986667,1.0,10.49,NaN,27.85,0.17,133.8
2018-07-27T14:00:00Z,BUD,Budds_Landing,39.37225,-75.83986667,1.0,10.45,NaN,27.87,0.17,133.4
2018-07-27T14:15:00Z,BUD,Budds_Landing,39.37225,-75.83986667,1.0,10.26,NaN,27.88,0.17,130.9
2018-07-27T14:30:00Z,BUD,Budds_Landing,39.37225,-75.83986667,1.0,10.04,NaN,27.86,0.17,128.0
2018-07-27T14:45:00Z,BUD,Budds_Landing,39.37225,-75.83986667,1.0,9.84,NaN,27.84,0.17,125.5
2018-07-27T15:00:00Z,BUD,Budds_Landing,39.37225,-75.83986667,1.0,10.4,NaN,28.0,0.17,132.9
2018-07-27T15:15:00Z,BUD,Budds_Landing,39.37225,-75.83986667,1.0,10.63,NaN,27.98,0.17,135.9
2018-07-27T15:30:00Z,BUD,Budds_Landing,39.37225,-75.83986667,1.0,12.2,NaN,28.51,0.16,157.4
2018-07-27T15:45:00Z,BUD,Budds_Landing,39.37225,-75.83986667,1.0,11.09,NaN,28.08,0.16,142.0
2018-07-27T16:00:00Z,BUD,Budds_Landing,39.37225,-75.83986667,1.0,10.78,NaN,28.02,0.16,137.9
2018-07-27T16:15:00Z,BUD,Budds_Landing,39.37225,-75.83986667,1.0,10.42,NaN,28.02,0.16,133.3
2018-07-27T16:30:00Z,BUD,Budds_Landing,39.37225,-75.83986667,1.0,10.13,NaN,28.04,0.16,129.6
2018-07-27T16:45:00Z,BUD,Budds_Landing,39.37225,-75.83986667,1.0,11.68,NaN,28.39,0.16,150.4
2018-07-27T17:00:00Z,BUD,Budds_Landing,39.37225,-75.83986667,1.0,12.76,NaN,28.45,0.16,164.5
2018-07-27T17:15:00Z,BUD,Budds_Landing,39.37225,-75.83986667,1.0,13.18,NaN,28.42,0.16,169.7
2018-07-27T17:30:00Z,BUD,Budds_Landing,39.37225,-75.83986667,1.0,13.93,NaN,29.07,0.15,181.5
2018-07-27T17:45:00Z,BUD,Budds_Landing,39.37225,-75.83986667,1.0,14.17,NaN,28.91,0.15,184.1
2018-07-27T18:00:00Z,BUD,Budds_Landing,39.37225,-75.83986667,1.0,13.23,NaN,28.64,0.15,171.1
2018-07-27T18:15:00Z,BUD,Budds_Landing,39.37225,-75.83986667,1.0,13.63,NaN,28.79,0.15,176.7
2018-07-27T18:30:00Z,BUD,Budds_Landing,39.37225,-75.83986667,1.0,13.01,NaN,28.55,0.15,168.0
2018-07-27T18:45:00Z,BUD,Budds_Landing,39.37225,-75.83986667,1.0,13.95,NaN,29.08,0.15,181.8
2018-07-27T19:00:00Z,BUD,Budds_Landing,39.37225,-75.83986667,1.0,14.49,NaN,28.65,0.14,187.4
2018-07-27T19:15:00Z,BUD,Budds_Landing,39.37225,-75.83986667,1.0,13.29,NaN,28.46,0.13,171.2
2018-07-27T19:30:00Z,BUD,Budds_Landing,39.37225,-75.83986667,1.0,13.39,NaN,28.66,0.13,173.1
2018-07-27T19:45:00Z,BUD,Budds_Landing,39.37225,-75.83986667,1.0,13.49,NaN,28.89,0.13,175.2
2018-07-27T20:00:00Z,BUD,Budds_Landing,39.37225,-75.83986667,1.0,12.68,NaN,28.68,0.12,164.1
2018-07-27T20:15:00Z,BUD,Budds_Landing,39.37225,-75.83986667,1.0,11.21,NaN,28.42,0.11,144.4
2018-07-27T20:30:00Z,BUD,Budds_Landing,39.37225,-75.83986667,1.0,11.56,NaN,28.49,0.12,149.0
2018-07-27T20:45:00Z,BUD,Budds_Landing,39.37225,-75.83986667,1.0,11.69,NaN,28.47,0.12,150.7
2018-07-27T21:00:00Z,BUD,Budds_Landing,39.37225,-75.83986667,1.0,12.84,NaN,28.84,0.12,166.5
2018-07-27T21:15:00Z,BUD,Budds_Landing,39.37225,-75.83986667,1.0,13.26,NaN,28.99,0.12,172.5
2018-07-27T21:30:00Z,BUD,Budds_Landing,39.37225,-75.83986667,1.0,15.74,NaN,29.57,0.14,206.8
2018-07-27T21:45:00Z,BUD,Budds_Landing,39.37225,-75.83986667,1.0,15.65,NaN,29.7,0.13,206.1
2018-07-27T22:00:00Z,BUD,Budds_Landing,39.37225,-75.83986667,1.0,14.72,NaN,29.36,0.13,192.7
2018-07-27T22:15:00Z,BUD,Budds_Landing,39.37225,-75.83986667,1.0,16.15,NaN,29.94,0.13,213.6
2018-07-27T22:30:00Z,BUD,Budds_Landing,39.37225,-75.83986667,1.0,15.29,NaN,29.75,0.13,201.5
2018-07-27T22:45:00Z,BUD,Budds_Landing,39.37225,-75.83986667,1.0,14.95,NaN,29.73,0.12,197.0
2018-07-27T23:00:00Z,BUD,Budds_Landing,39.37225,-75.83986667,1.0,15.18,NaN,29.76,0.13,200.2
2018-07-27T23:15:00Z,BUD,Budds_Landing,39.37225,-75.83986667,1.0,15.37,NaN,29.57,0.14,201.9
2018-07-27T23:30:00Z,BUD,Budds_Landing,39.37225,-75.83986667,1.0,15.48,NaN,29.65,0.14,203.7
2018-07-27T23:45:00Z,BUD,Budds_Landing,39.37225,-75.83986667,1.0,15.66,NaN,29.64,0.15,206.1
2018-07-28T00:00:00Z,BUD,Budds_Landing,39.37225,-75.83986667,1.0,14.81,NaN,29.57,0.15,194.7
2018-07-28T00:15:00Z,BUD,Budds_Landing,39.37225,-75.83986667,1.0,14.43,NaN,29.37,0.15,189.0
2018-07-28T00:30:00Z,BUD,Budds_Landing,39.37225,-75.83986667,1.0,13.29,NaN,29.12,0.16,173.3
2018-07-28T00:45:00Z,BUD,Budds_Landing,39.37225,-75.83986667,1.0,13.31,NaN,29.14,0.16,173.7
2018-07-28T01:00:00Z,BUD,Budds_Landing,39.37225,-75.83986667,1.0,13.25,NaN,29.16,0.15,172.9
2018-07-28T01:15:00Z,BUD,Budds_Landing,39.37225,-75.83986667,1.0,12.82,NaN,29.08,0.16,167.1
2018-07-28T01:30:00Z,BUD,Budds_Landing,39.37225,-75.83986667,1.0,13.05,NaN,29.08,0.16,170.1
2018-07-28T01:45:00Z,BUD,Budds_Landing,39.37225,-75.83986667,1.0,13.07,NaN,29.05,0.16,170.2
2018-07-28T02:00:00Z,BUD,Budds_Landing,39.37225,-75.83986667,1.0,12.85,NaN,28.97,0.16,167.1
2018-07-28T02:15:00Z,BUD,Budds_Landing,39.37225,-75.83986667,1.0,12.3,NaN,28.96,0.16,159.9
2018-07-28T02:30:00Z,BUD,Budds_Landing,39.37225,-75.83986667,1.0,12.13,NaN,28.94,0.16,157.7
2018-07-28T02:45:00Z,BUD,Budds_Landing,39.37225,-75.83986667,1.0,12.59,NaN,28.91,0.16,163.5
2018-07-28T03:00:00Z,BUD,Budds_Landing,39.37225,-75.83986667,1.0,12.46,NaN,28.87,0.16,161.8
2018-07-28T03:15:00Z,BUD,Budds_Landing,39.37225,-75.83986667,1.0,12.13,NaN,28.82,0.16,157.3
2018-07-28T03:30:00Z,BUD,Budds_Landing,39.37225,-75.83986667,1.0,12.2,NaN,28.84,0.16,158.3
2018-07-28T03:45:00Z,BUD,Budds_Landing,39.37225,-75.83986667,1.0,12.09,NaN,28.84,0.15,156.9
2018-07-28T04:00:00Z,BUD,Budds_Landing,39.37225,-75.83986667,1.0,12.14,NaN,28.81,0.15,157.4
2018-07-28T04:15:00Z,BUD,Budds_Landing,39.37225,-75.83986667,1.0,11.98,NaN,28.79,0.16,155.4
2018-07-28T04:30:00Z,BUD,Budds_Landing,39.37225,-75.83986667,1.0,12.03,NaN,28.72,0.15,155.8
2018-07-28T04:45:00Z,BUD,Budds_Landing,39.37225,-75.83986667,1.0,12.17,NaN,28.66,0.15,157.4
2018-07-28T05:00:00Z,BUD,Budds_Landing,39.37225,-75.83986667,1.0,12.0,NaN,28.61,0.14,155.1
2018-07-28T05:15:00Z,BUD,Budds_Landing,39.37225,-75.83986667,1.0,11.38,NaN,28.59,0.14,147.0
2018-07-28T05:30:00Z,BUD,Budds_Landing,39.37225,-75.83986667,1.0,10.96,NaN,28.55,0.14,141.5
2018-07-28T05:45:00Z,BUD,Budds_Landing,39.37225,-75.83986667,1.0,11.58,NaN,28.58,0.14,149.6
2018-07-28T06:00:00Z,BUD,Budds_Landing,39.37225,-75.83986667,1.0,11.5,NaN,28.54,0.14,148.4
2018-07-28T06:15:00Z,BUD,Budds_Landing,39.37225,-75.83986667,1.0,11.21,NaN,28.49,0.14,144.6
2018-07-28T06:30:00Z,BUD,Budds_Landing,39.37225,-75.83986667,1.0,10.8,NaN,28.44,0.14,139.1
2018-07-28T06:45:00Z,BUD,Budds_Landing,39.37225,-75.83986667,1.0,10.55,NaN,28.37,0.13,135.8
2018-07-28T07:00:00Z,BUD,Budds_Landing,39.37225,-75.83986667,1.0,10.02,NaN,28.31,0.13,128.8
2018-07-28T07:15:00Z,BUD,Budds_Landing,39.37225,-75.83986667,1.0,9.66,NaN,28.29,0.14,124.1
2018-07-28T07:30:00Z,BUD,Budds_Landing,39.37225,-75.83986667,1.0,10.02,NaN,28.28,0.14,128.7
2018-07-28T07:45:00Z,BUD,Budds_Landing,39.37225,-75.83986667,1.0,10.1,NaN,28.29,0.13,129.8
2018-07-28T08:00:00Z,BUD,Budds_Landing,39.37225,-75.83986667,1.0,10.0,NaN,28.27,0.13,128.5
2018-07-28T08:15:00Z,BUD,Budds_Landing,39.37225,-75.83986667,1.0,10.07,NaN,28.24,0.13,129.3
2018-07-28T08:30:00Z,BUD,Budds_Landing,39.37225,-75.83986667,1.0,9.84,NaN,28.18,0.13,126.2
2018-07-28T08:45:00Z,BUD,Budds_Landing,39.37225,-75.83986667,1.0,9.42,NaN,28.11,0.13,120.7
2018-07-28T09:00:00Z,BUD,Budds_Landing,39.37225,-75.83986667,1.0,9.67,NaN,28.12,0.13,123.9
2018-07-28T09:15:00Z,BUD,Budds_Landing,39.37225,-75.83986667,1.0,9.59,NaN,28.09,0.13,122.8
2018-07-28T09:30:00Z,BUD,Budds_Landing,39.37225,-75.83986667,1.0,9.5,NaN,28.09,0.13,121.7
2018-07-28T09:45:00Z,BUD,Budds_Landing,39.37225,-75.83986667,1.0,9.34,NaN,28.06,0.13,119.6
2018-07-28T10:00:00Z,BUD,Budds_Landing,39.37225,-75.83986667,1.0,9.66,NaN,27.99,0.13,123.4
2018-07-28T10:15:00Z,BUD,Budds_Landing,39.37225,-75.83986667,1.0,9.91,NaN,27.97,0.14,126.6
2018-07-28T10:30:00Z,BUD,Budds_Landing,39.37225,-75.83986667,1.0,9.88,NaN,27.97,0.14,126.2
2018-07-28T10:45:00Z,BUD,Budds_Landing,39.37225,-75.83986667,1.0,9.85,NaN,27.91,0.14,125.8
2018-07-28T11:00:00Z,BUD,Budds_Landing,39.37225,-75.83986667,1.0,9.79,NaN,27.89,0.14,125.0
2018-07-28T11:15:00Z,BUD,Budds_Landing,39.37225,-75.83986667,1.0,9.85,NaN,27.87,0.14,125.6
2018-07-28T11:30:00Z,BUD,Budds_Landing,39.37225,-75.83986667,1.0,9.74,NaN,27.86,0.14,124.2
2018-07-28T11:45:00Z,BUD,Budds_Landing,39.37225,-75.83986667,1.0,9.61,NaN,27.84,0.15,122.5
2018-07-28T12:00:00Z,BUD,Budds_Landing,39.37225,-75.83986667,1.0,9.34,NaN,27.79,0.15,119.0
2018-07-28T12:15:00Z,BUD,Budds_Landing,39.37225,-75.83986667,1.0,9.39,NaN,27.76,0.16,119.5
2018-07-28T12:30:00Z,BUD,Budds_Landing,39.37225,-75.83986667,1.0,9.57,NaN,27.8,0.16,121.9
2018-07-28T12:45:00Z,BUD,Budds_Landing,39.37225,-75.83986667,1.0,9.44,NaN,27.84,0.16,120.3
2018-07-28T13:00:00Z,BUD,Budds_Landing,39.37225,-75.83986667,1.0,9.45,NaN,27.88,0.16,120.6
2018-07-28T13:15:00Z,BUD,Budds_Landing,39.37225,-75.83986667,1.0,9.47,NaN,27.88,0.16,120.8
2018-07-28T13:30:00Z,BUD,Budds_Landing,39.37225,-75.83986667,1.0,9.26,NaN,27.87,0.16,118.2
2018-07-28T13:45:00Z,BUD,Budds_Landing,39.37225,-75.83986667,1.0,9.09,NaN,27.89,0.16,116.0
2018-07-28T14:00:00Z,BUD,Budds_Landing,39.37225,-75.83986667,1.0,9.05,NaN,27.93,0.17,115.5
2018-07-28T14:15:00Z,BUD,Budds_Landing,39.37225,-75.83986667,1.0,9.36,NaN,27.98,0.17,119.7
2018-07-28T14:30:00Z,BUD,Budds_Landing,39.37225,-75.83986667,1.0,9.29,NaN,27.96,0.17,118.6
2018-07-28T14:45:00Z,BUD,Budds_Landing,39.37225,-75.83986667,1.0,9.04,NaN,27.86,0.16,115.3
2018-07-28T15:00:00Z,BUD,Budds_Landing,39.37225,-75.83986667,1.0,9.66,NaN,27.88,0.15,123.2
2018-07-28T15:15:00Z,BUD,Budds_Landing,39.37225,-75.83986667,1.0,9.46,NaN,27.9,0.14,120.8
2018-07-28T15:30:00Z,BUD,Budds_Landing,39.37225,-75.83986667,1.0,9.67,NaN,27.89,0.14,123.4
2018-07-28T15:45:00Z,BUD,Budds_Landing,39.37225,-75.83986667,1.0,9.59,NaN,27.96,0.14,122.5
2018-07-28T16:00:00Z,BUD,Budds_Landing,39.37225,-75.83986667,1.0,10.32,NaN,28.0,0.14,131.9
2018-07-28T16:15:00Z,BUD,Budds_Landing,39.37225,-75.83986667,1.0,10.09,NaN,28.0,0.14,129.0
2018-07-28T16:30:00Z,BUD,Budds_Landing,39.37225,-75.83986667,1.0,10.2,NaN,28.01,0.14,130.4
2018-07-28T16:45:00Z,BUD,Budds_Landing,39.37225,-75.83986667,1.0,10.92,NaN,28.07,0.14,139.8
2018-07-28T17:00:00Z,BUD,Budds_Landing,39.37225,-75.83986667,1.0,12.61,NaN,28.58,0.14,162.8
2018-07-28T17:15:00Z,BUD,Budds_Landing,39.37225,-75.83986667,1.0,13.03,NaN,28.53,0.14,168.1
2018-07-28T17:30:00Z,BUD,Budds_Landing,39.37225,-75.83986667,1.0,12.93,NaN,28.56,0.13,166.9
2018-07-28T17:45:00Z,BUD,Budds_Landing,39.37225,-75.83986667,1.0,13.45,NaN,28.53,0.13,173.5
2018-07-28T18:00:00Z,BUD,Budds_Landing,39.37225,-75.83986667,1.0,13.39,NaN,28.61,0.13,173.0
2018-07-28T18:15:00Z,BUD,Budds_Landing,39.37225,-75.83986667,1.0,13.35,NaN,28.69,0.13,172.7
2018-07-28T18:30:00Z,BUD,Budds_Landing,39.37225,-75.83986667,1.0,12.86,NaN,28.58,0.12,166.1
2018-07-28T18:45:00Z,BUD,Budds_Landing,39.37225,-75.83986667,1.0,12.67,NaN,28.57,0.12,163.6
2018-07-28T19:00:00Z,BUD,Budds_Landing,39.37225,-75.83986667,1.0,12.76,NaN,28.51,0.12,164.6
2018-07-28T19:15:00Z,BUD,Budds_Landing,39.37225,-75.83986667,1.0,12.15,NaN,28.5,0.12,156.6
2018-07-28T19:30:00Z,BUD,Budds_Landing,39.37225,-75.83986667,1.0,12.23,NaN,28.4,0.11,157.4
2018-07-28T19:45:00Z,BUD,Budds_Landing,39.37225,-75.83986667,1.0,12.79,NaN,28.54,0.12,165.0
2018-07-28T20:00:00Z,BUD,Budds_Landing,39.37225,-75.83986667,1.0,13.47,NaN,28.71,0.12,174.4
2018-07-28T20:15:00Z,BUD,Budds_Landing,39.37225,-75.83986667,1.0,13.09,NaN,28.6,0.12,169.1
2018-07-28T20:30:00Z,BUD,Budds_Landing,39.37225,-75.83986667,1.0,13.22,NaN,28.92,0.12,171.8
2018-07-28T20:45:00Z,BUD,Budds_Landing,39.37225,-75.83986667,1.0,12.96,NaN,29.04,0.11,168.7
2018-07-28T21:00:00Z,BUD,Budds_Landing,39.37225,-75.83986667,1.0,12.71,NaN,28.63,0.1,164.3
2018-07-28T21:15:00Z,BUD,Budds_Landing,39.37225,-75.83986667,1.0,12.54,NaN,28.54,0.1,161.8
2018-07-28T21:30:00Z,BUD,Budds_Landing,39.37225,-75.83986667,1.0,12.87,NaN,28.73,0.1,166.6
2018-07-28T21:45:00Z,BUD,Budds_Landing,39.37225,-75.83986667,1.0,11.69,NaN,28.5,0.1,150.8
2018-07-28T22:00:00Z,BUD,Budds_Landing,39.37225,-75.83986667,1.0,11.4,NaN,28.39,0.1,146.7
2018-07-28T22:15:00Z,BUD,Budds_Landing,39.37225,-75.83986667,1.0,15.22,NaN,29.94,0.11,201.2
2018-07-28T22:30:00Z,BUD,Budds_Landing,39.37225,-75.83986667,1.0,16.42,NaN,30.1,0.12,217.8
2018-07-28T22:45:00Z,BUD,Budds_Landing,39.37225,-75.83986667,1.0,16.92,NaN,30.24,0.12,224.9
2018-07-28T23:00:00Z,BUD,Budds_Landing,39.37225,-75.83986667,1.0,19.13,NaN,30.56,0.14,255.7
2018-07-28T23:15:00Z,BUD,Budds_Landing,39.37225,-75.83986667,1.0,18.63,NaN,30.53,0.14,248.9
2018-07-28T23:30:00Z,BUD,Budds_Landing,39.37225,-75.83986667,1.0,17.57,NaN,30.4,0.15,234.2
2018-07-28T23:45:00Z,BUD,Budds_Landing,39.37225,-75.83986667,1.0,17.04,NaN,30.05,0.14,225.7
2018-07-29T00:00:00Z,BUD,Budds_Landing,39.37225,-75.83986667,1.0,17.56,NaN,29.93,0.12,232.2
2018-07-29T00:15:00Z,BUD,Budds_Landing,39.37225,-75.83986667,1.0,16.33,NaN,29.67,0.12,214.9
2018-07-29T00:30:00Z,BUD,Budds_Landing,39.37225,-75.83986667,1.0,15.57,NaN,29.46,0.13,204.2
2018-07-29T00:45:00Z,BUD,Budds_Landing,39.37225,-75.83986667,1.0,15.77,NaN,29.56,0.14,207.2
2018-07-29T01:00:00Z,BUD,Budds_Landing,39.37225,-75.83986667,1.0,16.18,NaN,29.78,0.15,213.5
2018-07-29T01:15:00Z,BUD,Budds_Landing,39.37225,-75.83986667,1.0,15.4,NaN,29.6,0.15,202.5
2018-07-29T01:30:00Z,BUD,Budds_Landing,39.37225,-75.83986667,1.0,14.98,NaN,29.55,0.14,196.7
2018-07-29T01:45:00Z,BUD,Budds_Landing,39.37225,-75.83986667,1.0,14.98,NaN,29.59,0.15,196.9
2018-07-29T02:00:00Z,BUD,Budds_Landing,39.37225,-75.83986667,1.0,14.83,NaN,29.58,0.15,195.0
2018-07-29T02:15:00Z,BUD,Budds_Landing,39.37225,-75.83986667,1.0,14.64,NaN,29.57,0.15,192.3
2018-07-29T02:30:00Z,BUD,Budds_Landing,39.37225,-75.83986667,1.0,14.52,NaN,29.52,0.15,190.7
2018-07-29T02:45:00Z,BUD,Budds_Landing,39.37225,-75.83986667,1.0,14.26,NaN,29.5,0.15,187.2
2018-07-29T03:00:00Z,BUD,Budds_Landing,39.37225,-75.83986667,1.0,14.1,NaN,29.48,0.15,185.0
2018-07-29T03:15:00Z,BUD,Budds_Landing,39.37225,-75.83986667,1.0,13.93,NaN,29.46,0.15,182.7
2018-07-29T03:30:00Z,BUD,Budds_Landing,39.37225,-75.83986667,1.0,13.54,NaN,29.45,0.15,177.6
2018-07-29T03:45:00Z,BUD,Budds_Landing,39.37225,-75.83986667,1.0,13.29,NaN,29.38,0.15,174.0
2018-07-29T04:00:00Z,BUD,Budds_Landing,39.37225,-75.83986667,1.0,13.05,NaN,29.34,0.15,170.8
2018-07-29T04:15:00Z,BUD,Budds_Landing,39.37225,-75.83986667,1.0,13.46,NaN,29.29,0.14,176.0
2018-07-29T04:30:00Z,BUD,Budds_Landing,39.37225,-75.83986667,1.0,13.29,NaN,29.12,0.14,173.3
2018-07-29T04:45:00Z,BUD,Budds_Landing,39.37225,-75.83986667,1.0,13.32,NaN,28.87,0.12,172.9
2018-07-29T05:00:00Z,BUD,Budds_Landing,39.37225,-75.83986667,1.0,13.31,NaN,28.88,0.13,172.8
2018-07-29T05:15:00Z,BUD,Budds_Landing,39.37225,-75.83986667,1.0,13.19,NaN,29.02,0.14,171.7
2018-07-29T05:30:00Z,BUD,Budds_Landing,39.37225,-75.83986667,1.0,12.96,NaN,29.03,0.14,168.7
2018-07-29T05:45:00Z,BUD,Budds_Landing,39.37225,-75.83986667,1.0,12.86,NaN,28.98,0.14,167.3
2018-07-29T06:00:00Z,BUD,Budds_Landing,39.37225,-75.83986667,1.0,12.11,NaN,28.66,0.13,156.7
2018-07-29T06:15:00Z,BUD,Budds_Landing,39.37225,-75.83986667,1.0,12.76,NaN,28.78,0.14,165.4
2018-07-29T06:30:00Z,BUD,Budds_Landing,39.37225,-75.83986667,1.0,12.68,NaN,28.73,0.13,164.2
2018-07-29T06:45:00Z,BUD,Budds_Landing,39.37225,-75.83986667,1.0,12.42,NaN,28.66,0.13,160.6
2018-07-29T07:00:00Z,BUD,Budds_Landing,39.37225,-75.83986667,1.0,12.34,NaN,28.59,0.12,159.4
2018-07-29T07:15:00Z,BUD,Budds_Landing,39.37225,-75.83986667,1.0,12.02,NaN,28.43,0.12,154.9
2018-07-29T07:30:00Z,BUD,Budds_Landing,39.37225,-75.83986667,1.0,11.49,NaN,28.34,0.12,147.8
2018-07-29T07:45:00Z,BUD,Budds_Landing,39.37225,-75.83986667,1.0,10.91,NaN,28.31,0.13,140.2
2018-07-29T08:00:00Z,BUD,Budds_Landing,39.37225,-75.83986667,1.0,10.77,NaN,28.3,0.13,138.4
2018-07-29T08:15:00Z,BUD,Budds_Landing,39.37225,-75.83986667,1.0,10.57,NaN,28.23,0.12,135.7
2018-07-29T08:30:00Z,BUD,Budds_Landing,39.37225,-75.83986667,1.0,10.76,NaN,28.21,0.12,138.1
2018-07-29T08:45:00Z,BUD,Budds_Landing,39.37225,-75.83986667,1.0,10.67,NaN,28.2,0.12,136.9
2018-07-29T09:00:00Z,BUD,Budds_Landing,39.37225,-75.83986667,1.0,10.78,NaN,28.17,0.12,138.2
2018-07-29T09:15:00Z,BUD,Budds_Landing,39.37225,-75.83986667,1.0,10.53,NaN,28.12,0.12,134.9
2018-07-29T09:30:00Z,BUD,Budds_Landing,39.37225,-75.83986667,1.0,10.43,NaN,28.05,0.12,133.4
2018-07-29T09:45:00Z,BUD,Budds_Landing,39.37225,-75.83986667,1.0,10.52,NaN,27.98,0.12,134.5
2018-07-29T10:00:00Z,BUD,Budds_Landing,39.37225,-75.83986667,1.0,10.45,NaN,27.91,0.12,133.4
2018-07-29T10:15:00Z,BUD,Budds_Landing,39.37225,-75.83986667,1.0,10.4,NaN,27.86,0.12,132.7
2018-07-29T10:30:00Z,BUD,Budds_Landing,39.37225,-75.83986667,1.0,10.47,NaN,27.9,0.12,133.6
2018-07-29T10:45:00Z,BUD,Budds_Landing,39.37225,-75.83986667,1.0,10.62,NaN,27.91,0.13,135.6
2018-07-29T11:00:00Z,BUD,Budds_Landing,39.37225,-75.83986667,1.0,10.71,NaN,27.84,0.13,136.6
2018-07-29T11:15:00Z,BUD,Budds_Landing,39.37225,-75.83986667,1.0,10.73,NaN,27.84,0.13,136.8
2018-07-29T11:30:00Z,BUD,Budds_Landing,39.37225,-75.83986667,1.0,10.73,NaN,27.78,0.13,136.6
2018-07-29T11:45:00Z,BUD,Budds_Landing,39.37225,-75.83986667,1.0,10.75,NaN,27.8,0.13,137.0
2018-07-29T12:00:00Z,BUD,Budds_Landing,39.37225,-75.83986667,1.0,10.56,NaN,27.81,0.14,134.6
2018-07-29T12:15:00Z,BUD,Budds_Landing,39.37225,-75.83986667,1.0,10.46,NaN,27.82,0.14,133.4
2018-07-29T12:30:00Z,BUD,Budds_Landing,39.37225,-75.83986667,1.0,10.56,NaN,27.95,0.14,134.9
2018-07-29T12:45:00Z,BUD,Budds_Landing,39.37225,-75.83986667,1.0,10.56,NaN,28.01,0.15,135.0
2018-07-29T13:00:00Z,BUD,Budds_Landing,39.37225,-75.83986667,1.0,10.52,NaN,28.04,0.15,134.6
2018-07-29T13:15:00Z,BUD,Budds_Landing,39.37225,-75.83986667,1.0,10.41,NaN,28.1,0.15,133.4
2018-07-29T13:30:00Z,BUD,Budds_Landing,39.37225,-75.83986667,1.0,10.6,NaN,28.16,0.16,135.9
2018-07-29T13:45:00Z,BUD,Budds_Landing,39.37225,-75.83986667,1.0,10.54,NaN,28.17,0.16,135.1
2018-07-29T14:00:00Z,BUD,Budds_Landing,39.37225,-75.83986667,1.0,10.5,NaN,28.19,0.16,134.7
2018-07-29T14:15:00Z,BUD,Budds_Landing,39.37225,-75.83986667,1.0,10.52,NaN,28.21,0.16,135.0
2018-07-29T14:30:00Z,BUD,Budds_Landing,39.37225,-75.83986667,1.0,10.78,NaN,28.19,0.16,138.3
2018-07-29T14:45:00Z,BUD,Budds_Landing,39.37225,-75.83986667,1.0,11.12,NaN,28.2,0.16,142.7
2018-07-29T15:00:00Z,BUD,Budds_Landing,39.37225,-75.83986667,1.0,10.99,NaN,28.19,0.16,141.0
2018-07-29T15:15:00Z,BUD,Budds_Landing,39.37225,-75.83986667,1.0,10.59,NaN,28.17,0.16,135.8
2018-07-29T15:30:00Z,BUD,Budds_Landing,39.37225,-75.83986667,1.0,10.36,NaN,28.16,0.16,132.9
2018-07-29T15:45:00Z,BUD,Budds_Landing,39.37225,-75.83986667,1.0,9.65,NaN,27.99,0.15,123.3
2018-07-29T16:00:00Z,BUD,Budds_Landing,39.37225,-75.83986667,1.0,11.54,NaN,27.97,0.14,147.4
2018-07-29T16:15:00Z,BUD,Budds_Landing,39.37225,-75.83986667,1.0,11.13,NaN,27.88,0.14,141.9
2018-07-29T16:30:00Z,BUD,Budds_Landing,39.37225,-75.83986667,1.0,11.05,NaN,27.83,0.13,140.9
2018-07-29T16:45:00Z,BUD,Budds_Landing,39.37225,-75.83986667,1.0,11.59,NaN,27.99,0.14,148.2
2018-07-29T17:00:00Z,BUD,Budds_Landing,39.37225,-75.83986667,1.0,11.33,NaN,27.92,0.14,144.7
2018-07-29T17:15:00Z,BUD,Budds_Landing,39.37225,-75.83986667,1.0,12.1,NaN,28.03,0.14,154.8
2018-07-29T17:30:00Z,BUD,Budds_Landing,39.37225,-75.83986667,1.0,12.57,NaN,28.24,0.14,161.4
2018-07-29T17:45:00Z,BUD,Budds_Landing,39.37225,-75.83986667,1.0,12.99,NaN,28.28,0.14,166.9
2018-07-29T18:00:00Z,BUD,Budds_Landing,39.37225,-75.83986667,1.0,13.22,NaN,28.35,0.14,170.0
2018-07-29T18:15:00Z,BUD,Budds_Landing,39.37225,-75.83986667,1.0,13.59,NaN,28.42,0.14,175.1
2018-07-29T18:30:00Z,BUD,Budds_Landing,39.37225,-75.83986667,1.0,13.68,NaN,28.38,0.13,176.1
2018-07-29T18:45:00Z,BUD,Budds_Landing,39.37225,-75.83986667,1.0,13.63,NaN,28.31,0.13,175.2
2018-07-29T19:00:00Z,BUD,Budds_Landing,39.37225,-75.83986667,1.0,13.99,NaN,28.27,0.12,179.7
2018-07-29T19:15:00Z,BUD,Budds_Landing,39.37225,-75.83986667,1.0,14.62,NaN,28.45,0.12,188.4
2018-07-29T19:30:00Z,BUD,Budds_Landing,39.37225,-75.83986667,1.0,15.48,NaN,28.53,0.12,199.7
2018-07-29T19:45:00Z,BUD,Budds_Landing,39.37225,-75.83986667,1.0,15.04,NaN,28.41,0.11,193.7
2018-07-29T20:00:00Z,BUD,Budds_Landing,39.37225,-75.83986667,1.0,15.15,NaN,28.34,0.11,194.8
2018-07-29T20:15:00Z,BUD,Budds_Landing,39.37225,-75.83986667,1.0,15.26,NaN,28.41,0.11,196.5
2018-07-29T20:30:00Z,BUD,Budds_Landing,39.37225,-75.83986667,1.0,15.04,NaN,28.43,0.11,193.7
2018-07-29T20:45:00Z,BUD,Budds_Landing,39.37225,-75.83986667,1.0,15.22,NaN,28.49,0.11,196.2
2018-07-29T21:00:00Z,BUD,Budds_Landing,39.37225,-75.83986667,1.0,15.13,NaN,28.45,0.11,195.0
2018-07-29T21:15:00Z,BUD,Budds_Landing,39.37225,-75.83986667,1.0,15.23,NaN,28.45,0.11,196.3
2018-07-29T21:30:00Z,BUD,Budds_Landing,39.37225,-75.83986667,1.0,14.99,NaN,28.88,0.11,194.5
2018-07-29T21:45:00Z,BUD,Budds_Landing,39.37225,-75.83986667,1.0,14.62,NaN,28.44,0.11,188.3
2018-07-29T22:00:00Z,BUD,Budds_Landing,39.37225,-75.83986667,1.0,13.97,NaN,28.35,0.1,179.7
2018-07-29T22:15:00Z,BUD,Budds_Landing,39.37225,-75.83986667,1.0,14.59,NaN,28.45,0.11,187.9
2018-07-29T22:30:00Z,BUD,Budds_Landing,39.37225,-75.83986667,1.0,16.49,NaN,29.12,0.11,215.0
2018-07-29T22:45:00Z,BUD,Budds_Landing,39.37225,-75.83986667,1.0,14.96,NaN,28.93,0.12,194.4
2018-07-29T23:00:00Z,BUD,Budds_Landing,39.37225,-75.83986667,1.0,16.96,NaN,29.6,0.13,223.0
2018-07-29T23:15:00Z,BUD,Budds_Landing,39.37225,-75.83986667,1.0,18.18,NaN,29.95,0.13,240.4
2018-07-29T23:30:00Z,BUD,Budds_Landing,39.37225,-75.83986667,1.0,20.06,NaN,30.46,0.14,267.6
2018-07-29T23:45:00Z,BUD,Budds_Landing,39.37225,-75.83986667,1.0,18.45,NaN,29.85,0.12,243.6
2018-07-30T00:00:00Z,BUD,Budds_Landing,39.37225,-75.83986667,1.0,19.82,NaN,30.37,0.13,264.0
2018-07-30T00:15:00Z,BUD,Budds_Landing,39.37225,-75.83986667,1.0,20.45,NaN,30.18,0.15,271.5
2018-07-30T00:30:00Z,BUD,Budds_Landing,39.37225,-75.83986667,1.0,19.69,NaN,30.03,0.15,260.8
2018-07-30T00:45:00Z,BUD,Budds_Landing,39.37225,-75.83986667,1.0,18.41,NaN,29.8,0.15,242.9
2018-07-30T01:00:00Z,BUD,Budds_Landing,39.37225,-75.83986667,1.0,18.02,NaN,29.84,0.15,238.0
2018-07-30T01:15:00Z,BUD,Budds_Landing,39.37225,-75.83986667,1.0,17.61,NaN,29.79,0.15,232.3
2018-07-30T01:30:00Z,BUD,Budds_Landing,39.37225,-75.83986667,1.0,16.94,NaN,29.75,0.15,223.3
2018-07-30T01:45:00Z,BUD,Budds_Landing,39.37225,-75.83986667,1.0,16.37,NaN,29.68,0.15,215.5
2018-07-30T02:00:00Z,BUD,Budds_Landing,39.37225,-75.83986667,1.0,15.68,NaN,29.62,0.16,206.2
2018-07-30T02:15:00Z,BUD,Budds_Landing,39.37225,-75.83986667,1.0,15.61,NaN,29.52,0.16,205.0
2018-07-30T02:30:00Z,BUD,Budds_Landing,39.37225,-75.83986667,1.0,15.35,NaN,29.53,0.16,201.6
2018-07-30T02:45:00Z,BUD,Budds_Landing,39.37225,-75.83986667,1.0,15.02,NaN,29.44,0.16,196.9
2018-07-30T03:00:00Z,BUD,Budds_Landing,39.37225,-75.83986667,1.0,14.65,NaN,29.34,0.16,191.8
2018-07-30T03:15:00Z,BUD,Budds_Landing,39.37225,-75.83986667,1.0,14.54,NaN,29.4,0.16,190.5
2018-07-30T03:30:00Z,BUD,Budds_Landing,39.37225,-75.83986667,1.0,14.39,NaN,29.31,0.16,188.2
2018-07-30T03:45:00Z,BUD,Budds_Landing,39.37225,-75.83986667,1.0,14.17,NaN,29.35,0.16,185.5
2018-07-30T04:00:00Z,BUD,Budds_Landing,39.37225,-75.83986667,1.0,13.7,NaN,29.35,0.16,179.4
2018-07-30T04:15:00Z,BUD,Budds_Landing,39.37225,-75.83986667,1.0,13.78,NaN,29.3,0.16,180.2
2018-07-30T04:30:00Z,BUD,Budds_Landing,39.37225,-75.83986667,1.0,13.94,NaN,29.27,0.16,182.3
2018-07-30T04:45:00Z,BUD,Budds_Landing,39.37225,-75.83986667,1.0,13.85,NaN,29.29,0.16,181.0
2018-07-30T05:00:00Z,BUD,Budds_Landing,39.37225,-75.83986667,1.0,14.33,NaN,28.96,0.14,186.3
2018-07-30T05:15:00Z,BUD,Budds_Landing,39.37225,-75.83986667,1.0,14.42,NaN,28.93,0.14,187.4
2018-07-30T05:30:00Z,BUD,Budds_Landing,39.37225,-75.83986667,1.0,14.21,NaN,28.96,0.14,184.7
2018-07-30T05:45:00Z,BUD,Budds_Landing,39.37225,-75.83986667,1.0,14.12,NaN,29.02,0.15,183.8
2018-07-30T06:00:00Z,BUD,Budds_Landing,39.37225,-75.83986667,1.0,13.96,NaN,28.88,0.14,181.3
2018-07-30T06:15:00Z,BUD,Budds_Landing,39.37225,-75.83986667,1.0,13.83,NaN,28.89,0.14,179.5
2018-07-30T06:30:00Z,BUD,Budds_Landing,39.37225,-75.83986667,1.0,13.98,NaN,28.89,0.14,181.5
2018-07-30T06:45:00Z,BUD,Budds_Landing,39.37225,-75.83986667,1.0,13.75,NaN,28.74,0.14,178.1
2018-07-30T07:00:00Z,BUD,Budds_Landing,39.37225,-75.83986667,1.0,14.39,NaN,28.75,0.14,186.3
2018-07-30T07:15:00Z,BUD,Budds_Landing,39.37225,-75.83986667,1.0,14.38,NaN,28.78,0.14,186.3
2018-07-30T07:30:00Z,BUD,Budds_Landing,39.37225,-75.83986667,1.0,14.11,NaN,28.7,0.13,182.6
2018-07-30T07:45:00Z,BUD,Budds_Landing,39.37225,-75.83986667,1.0,13.59,NaN,28.5,0.14,175.2
2018-07-30T08:00:00Z,BUD,Budds_Landing,39.37225,-75.83986667,1.0,13.51,NaN,28.43,0.13,174.0
2018-07-30T08:15:00Z,BUD,Budds_Landing,39.37225,-75.83986667,1.0,13.41,NaN,28.4,0.13,172.6
2018-07-30T08:30:00Z,BUD,Budds_Landing,39.37225,-75.83986667,1.0,12.72,NaN,28.35,0.13,163.6
2018-07-30T08:45:00Z,BUD,Budds_Landing,39.37225,-75.83986667,1.0,12.42,NaN,28.34,0.13,159.8
2018-07-30T09:00:00Z,BUD,Budds_Landing,39.37225,-75.83986667,1.0,12.29,NaN,28.31,0.13,158.0
2018-07-30T09:15:00Z,BUD,Budds_Landing,39.37225,-75.83986667,1.0,12.73,NaN,28.33,0.13,163.7
2018-07-30T09:30:00Z,BUD,Budds_Landing,39.37225,-75.83986667,1.0,12.67,NaN,28.3,0.13,162.8
2018-07-30T09:45:00Z,BUD,Budds_Landing,39.37225,-75.83986667,1.0,12.39,NaN,28.24,0.13,159.1
2018-07-30T10:00:00Z,BUD,Budds_Landing,39.37225,-75.83986667,1.0,12.46,NaN,28.2,0.13,159.8
2018-07-30T10:15:00Z,BUD,Budds_Landing,39.37225,-75.83986667,1.0,12.37,NaN,28.13,0.13,158.5
2018-07-30T10:30:00Z,BUD,Budds_Landing,39.37225,-75.83986667,1.0,12.23,NaN,28.05,0.13,156.4
2018-07-30T10:45:00Z,BUD,Budds_Landing,39.37225,-75.83986667,1.0,12.26,NaN,28.02,0.12,156.7
2018-07-30T11:00:00Z,BUD,Budds_Landing,39.37225,-75.83986667,1.0,12.29,NaN,28.08,0.13,157.3
2018-07-30T11:15:00Z,BUD,Budds_Landing,39.37225,-75.83986667,1.0,12.57,NaN,28.06,0.13,160.9
2018-07-30T11:30:00Z,BUD,Budds_Landing,39.37225,-75.83986667,1.0,12.01,NaN,27.96,0.14,153.5
2018-07-30T11:45:00Z,BUD,Budds_Landing,39.37225,-75.83986667,1.0,12.58,NaN,28.02,0.14,160.9
2018-07-30T12:00:00Z,BUD,Budds_Landing,39.37225,-75.83986667,1.0,12.69,NaN,28.0,0.14,162.2
2018-07-30T12:15:00Z,BUD,Budds_Landing,39.37225,-75.83986667,1.0,12.62,NaN,28.05,0.14,161.5
2018-07-30T12:30:00Z,BUD,Budds_Landing,39.37225,-75.83986667,1.0,12.38,NaN,28.04,0.14,158.3
2018-07-30T12:45:00Z,BUD,Budds_Landing,39.37225,-75.83986667,1.0,12.17,NaN,27.98,0.14,155.5
2018-07-30T13:00:00Z,BUD,Budds_Landing,39.37225,-75.83986667,1.0,11.7,NaN,28.02,0.15,149.6
2018-07-30T13:15:00Z,BUD,Budds_Landing,39.37225,-75.83986667,1.0,11.51,NaN,28.07,0.15,147.4
2018-07-30T13:30:00Z,BUD,Budds_Landing,39.37225,-75.83986667,1.0,11.51,NaN,28.1,0.15,147.4
2018-07-30T13:45:00Z,BUD,Budds_Landing,39.37225,-75.83986667,1.0,11.36,NaN,28.14,0.15,145.6
2018-07-30T14:00:00Z,BUD,Budds_Landing,39.37225,-75.83986667,1.0,11.24,NaN,28.18,0.16,144.1
2018-07-30T14:15:00Z,BUD,Budds_Landing,39.37225,-75.83986667,1.0,11.13,NaN,28.2,0.16,142.7
2018-07-30T14:30:00Z,BUD,Budds_Landing,39.37225,-75.83986667,1.0,11.07,NaN,28.19,0.16,142.0
2018-07-30T14:45:00Z,BUD,Budds_Landing,39.37225,-75.83986667,1.0,11.06,NaN,28.19,0.16,141.8
2018-07-30T15:00:00Z,BUD,Budds_Landing,39.37225,-75.83986667,1.0,11.06,NaN,28.19,0.16,141.9
2018-07-30T15:15:00Z,BUD,Budds_Landing,39.37225,-75.83986667,1.0,11.07,NaN,28.19,0.16,142.0
2018-07-30T15:30:00Z,BUD,Budds_Landing,39.37225,-75.83986667,1.0,11.12,NaN,28.17,0.16,142.6
2018-07-30T15:45:00Z,BUD,Budds_Landing,39.37225,-75.83986667,1.0,11.17,NaN,28.17,0.17,143.2
2018-07-30T16:00:00Z,BUD,Budds_Landing,39.37225,-75.83986667,1.0,10.8,NaN,28.17,0.17,138.5
2018-07-30T16:15:00Z,BUD,Budds_Landing,39.37225,-75.83986667,1.0,10.99,NaN,28.16,0.16,141.0
2018-07-30T16:30:00Z,BUD,Budds_Landing,39.37225,-75.83986667,1.0,11.54,NaN,28.18,0.16,148.0
2018-07-30T16:45:00Z,BUD,Budds_Landing,39.37225,-75.83986667,1.0,11.8,NaN,28.13,0.16,151.3
2018-07-30T17:00:00Z,BUD,Budds_Landing,39.37225,-75.83986667,1.0,12.45,NaN,28.1,0.16,159.5
2018-07-30T17:15:00Z,BUD,Budds_Landing,39.37225,-75.83986667,1.0,12.83,NaN,28.01,0.15,164.0
2018-07-30T17:30:00Z,BUD,Budds_Landing,39.37225,-75.83986667,1.0,12.71,NaN,28.05,0.15,162.7
2018-07-30T17:45:00Z,BUD,Budds_Landing,39.37225,-75.83986667,1.0,13.02,NaN,28.08,0.15,166.7
2018-07-30T18:00:00Z,BUD,Budds_Landing,39.37225,-75.83986667,1.0,12.79,NaN,28.06,0.15,163.7
2018-07-30T18:15:00Z,BUD,Budds_Landing,39.37225,-75.83986667,1.0,13.47,NaN,28.0,0.15,172.2
2018-07-30T18:30:00Z,BUD,Budds_Landing,39.37225,-75.83986667,1.0,13.92,NaN,27.97,0.14,177.9
2018-07-30T18:45:00Z,BUD,Budds_Landing,39.37225,-75.83986667,1.0,13.74,NaN,27.87,0.14,175.2
2018-07-30T19:00:00Z,BUD,Budds_Landing,39.37225,-75.83986667,1.0,13.84,NaN,27.91,0.14,176.7
2018-07-30T19:15:00Z,BUD,Budds_Landing,39.37225,-75.83986667,1.0,13.62,NaN,27.93,0.14,174.0
2018-07-30T19:30:00Z,BUD,Budds_Landing,39.37225,-75.83986667,1.0,13.31,NaN,27.94,0.15,170.0
2018-07-30T19:45:00Z,BUD,Budds_Landing,39.37225,-75.83986667,1.0,13.75,NaN,27.84,0.14,175.2
2018-07-30T20:00:00Z,BUD,Budds_Landing,39.37225,-75.83986667,1.0,13.8,NaN,27.76,0.13,175.6
2018-07-30T20:15:00Z,BUD,Budds_Landing,39.37225,-75.83986667,1.0,13.93,NaN,27.74,0.13,177.3
2018-07-30T20:30:00Z,BUD,Budds_Landing,39.37225,-75.83986667,1.0,13.78,NaN,27.76,0.13,175.4
2018-07-30T20:45:00Z,BUD,Budds_Landing,39.37225,-75.83986667,1.0,14.0,NaN,27.76,0.13,178.2
2018-07-30T21:00:00Z,BUD,Budds_Landing,39.37225,-75.83986667,1.0,14.31,NaN,27.78,0.13,182.3
2018-07-30T21:15:00Z,BUD,Budds_Landing,39.37225,-75.83986667,1.0,15.12,NaN,27.77,0.13,192.5
2018-07-30T21:30:00Z,BUD,Budds_Landing,39.37225,-75.83986667,1.0,15.38,NaN,27.71,0.13,195.6
2018-07-30T21:45:00Z,BUD,Budds_Landing,39.37225,-75.83986667,1.0,15.61,NaN,27.73,0.13,198.6
2018-07-30T22:00:00Z,BUD,Budds_Landing,39.37225,-75.83986667,1.0,15.22,NaN,27.73,0.13,193.7
2018-07-30T22:15:00Z,BUD,Budds_Landing,39.37225,-75.83986667,1.0,14.75,NaN,27.71,0.13,187.6
2018-07-30T22:30:00Z,BUD,Budds_Landing,39.37225,-75.83986667,1.0,15.34,NaN,27.66,0.13,194.9
2018-07-30T22:45:00Z,BUD,Budds_Landing,39.37225,-75.83986667,1.0,15.26,NaN,27.67,0.13,194.0
2018-07-30T23:00:00Z,BUD,Budds_Landing,39.37225,-75.83986667,1.0,14.96,NaN,27.66,0.13,190.0
2018-07-30T23:15:00Z,BUD,Budds_Landing,39.37225,-75.83986667,1.0,14.31,NaN,27.67,0.13,181.9
2018-07-30T23:30:00Z,BUD,Budds_Landing,39.37225,-75.83986667,1.0,14.46,NaN,27.67,0.13,183.8
2018-07-30T23:45:00Z,BUD,Budds_Landing,39.37225,-75.83986667,1.0,14.51,NaN,27.63,0.13,184.3
2018-07-31T00:00:00Z,BUD,Budds_Landing,39.37225,-75.83986667,1.0,13.98,NaN,27.67,0.14,177.7
2018-07-31T00:15:00Z,BUD,Budds_Landing,39.37225,-75.83986667,1.0,14.02,NaN,27.61,0.13,178.0
2018-07-31T00:30:00Z,BUD,Budds_Landing,39.37225,-75.83986667,1.0,13.81,NaN,27.6,0.14,175.3
2018-07-31T00:45:00Z,BUD,Budds_Landing,39.37225,-75.83986667,1.0,13.49,NaN,27.6,0.15,171.3
2018-07-31T01:00:00Z,BUD,Budds_Landing,39.37225,-75.83986667,1.0,13.87,NaN,27.54,0.14,175.9
2018-07-31T01:15:00Z,BUD,Budds_Landing,39.37225,-75.83986667,1.0,13.71,NaN,27.54,0.14,173.9
2018-07-31T01:30:00Z,BUD,Budds_Landing,39.37225,-75.83986667,1.0,13.61,NaN,27.5,0.14,172.5
2018-07-31T01:45:00Z,BUD,Budds_Landing,39.37225,-75.83986667,1.0,13.42,NaN,27.47,0.15,169.9
2018-07-31T02:00:00Z,BUD,Budds_Landing,39.37225,-75.83986667,1.0,13.31,NaN,27.44,0.15,168.5
2018-07-31T02:15:00Z,BUD,Budds_Landing,39.37225,-75.83986667,1.0,13.14,NaN,27.4,0.15,166.2
2018-07-31T02:30:00Z,BUD,Budds_Landing,39.37225,-75.83986667,1.0,12.78,NaN,27.38,0.15,161.6
2018-07-31T02:45:00Z,BUD,Budds_Landing,39.37225,-75.83986667,1.0,12.35,NaN,27.37,0.15,156.1
2018-07-31T03:00:00Z,BUD,Budds_Landing,39.37225,-75.83986667,1.0,12.46,NaN,27.34,0.15,157.5
2018-07-31T03:15:00Z,BUD,Budds_Landing,39.37225,-75.83986667,1.0,12.09,NaN,27.32,0.15,152.7
2018-07-31T03:30:00Z,BUD,Budds_Landing,39.37225,-75.83986667,1.0,12.45,NaN,27.3,0.15,157.2
2018-07-31T03:45:00Z,BUD,Budds_Landing,39.37225,-75.83986667,1.0,12.14,NaN,27.33,0.15,153.4
2018-07-31T04:00:00Z,BUD,Budds_Landing,39.37225,-75.83986667,1.0,11.85,NaN,27.33,0.15,149.7
2018-07-31T04:15:00Z,BUD,Budds_Landing,39.37225,-75.83986667,1.0,11.53,NaN,27.35,0.15,145.7
2018-07-31T04:30:00Z,BUD,Budds_Landing,39.37225,-75.83986667,1.0,11.04,NaN,27.34,0.15,139.5
2018-07-31T04:45:00Z,BUD,Budds_Landing,39.37225,-75.83986667,1.0,11.63,NaN,27.26,0.15,146.8
2018-07-31T05:00:00Z,BUD,Budds_Landing,39.37225,-75.83986667,1.0,11.54,NaN,27.26,0.15,145.6
2018-07-31T05:15:00Z,BUD,Budds_Landing,39.37225,-75.83986667,1.0,11.81,NaN,27.15,0.15,148.7
2018-07-31T05:30:00Z,BUD,Budds_Landing,39.37225,-75.83986667,1.0,12.03,NaN,26.98,0.14,151.0
2018-07-31T05:45:00Z,BUD,Budds_Landing,39.37225,-75.83986667,1.0,11.81,NaN,26.95,0.14,148.2
2018-07-31T06:00:00Z,BUD,Budds_Landing,39.37225,-75.83986667,1.0,11.76,NaN,27.04,0.14,147.8
2018-07-31T06:15:00Z,BUD,Budds_Landing,39.37225,-75.83986667,1.0,11.68,NaN,27.04,0.14,146.8
2018-07-31T06:30:00Z,BUD,Budds_Landing,39.37225,-75.83986667,1.0,11.43,NaN,26.91,0.14,143.3
2018-07-31T06:45:00Z,BUD,Budds_Landing,39.37225,-75.83986667,1.0,11.31,NaN,26.94,0.14,141.8
2018-07-31T07:00:00Z,BUD,Budds_Landing,39.37225,-75.83986667,1.0,11.08,NaN,26.79,0.14,138.6
2018-07-31T07:15:00Z,BUD,Budds_Landing,39.37225,-75.83986667,1.0,11.08,NaN,26.81,0.14,138.7
2018-07-31T07:30:00Z,BUD,Budds_Landing,39.37225,-75.83986667,1.0,10.88,NaN,26.73,0.14,136.0
2018-07-31T07:45:00Z,BUD,Budds_Landing,39.37225,-75.83986667,1.0,11.06,NaN,26.68,0.14,138.1
2018-07-31T08:00:00Z,BUD,Budds_Landing,39.37225,-75.83986667,1.0,10.91,NaN,26.57,0.14,136.0
2018-07-31T08:15:00Z,BUD,Budds_Landing,39.37225,-75.83986667,1.0,10.46,NaN,26.51,0.14,130.2
2018-07-31T08:30:00Z,BUD,Budds_Landing,39.37225,-75.83986667,1.0,10.36,NaN,26.48,0.14,128.9
2018-07-31T08:45:00Z,BUD,Budds_Landing,39.37225,-75.83986667,1.0,10.74,NaN,26.4,0.13,133.4
2018-07-31T09:00:00Z,BUD,Budds_Landing,39.37225,-75.83986667,1.0,10.28,NaN,26.38,0.13,127.7
2018-07-31T09:15:00Z,BUD,Budds_Landing,39.37225,-75.83986667,1.0,10.48,NaN,26.24,0.13,129.8
2018-07-31T09:30:00Z,BUD,Budds_Landing,39.37225,-75.83986667,1.0,10.81,NaN,26.15,0.13,133.7
2018-07-31T09:45:00Z,BUD,Budds_Landing,39.37225,-75.83986667,1.0,10.73,NaN,26.07,0.12,132.5
2018-07-31T10:00:00Z,BUD,Budds_Landing,39.37225,-75.83986667,1.0,10.23,NaN,26.05,0.12,126.2
2018-07-31T10:15:00Z,BUD,Budds_Landing,39.37225,-75.83986667,1.0,10.09,NaN,26.14,0.13,124.8
2018-07-31T10:30:00Z,BUD,Budds_Landing,39.37225,-75.83986667,1.0,10.5,NaN,26.01,0.12,129.5
2018-07-31T10:45:00Z,BUD,Budds_Landing,39.37225,-75.83986667,1.0,10.36,NaN,26.07,0.12,127.9
2018-07-31T11:00:00Z,BUD,Budds_Landing,39.37225,-75.83986667,1.0,10.19,NaN,26.18,0.12,126.1
2018-07-31T11:15:00Z,BUD,Budds_Landing,39.37225,-75.83986667,1.0,10.15,NaN,26.18,0.13,125.6
2018-07-31T11:30:00Z,BUD,Budds_Landing,39.37225,-75.83986667,1.0,10.32,NaN,26.16,0.13,127.7
2018-07-31T11:45:00Z,BUD,Budds_Landing,39.37225,-75.83986667,1.0,10.23,NaN,26.26,0.13,126.7
2018-07-31T12:00:00Z,BUD,Budds_Landing,39.37225,-75.83986667,1.0,10.37,NaN,26.25,0.13,128.5
2018-07-31T12:15:00Z,BUD,Budds_Landing,39.37225,-75.83986667,1.0,10.45,NaN,26.31,0.13,129.6
2018-07-31T12:30:00Z,BUD,Budds_Landing,39.37225,-75.83986667,1.0,10.62,NaN,26.4,0.14,131.9
2018-07-31T12:45:00Z,BUD,Budds_Landing,39.37225,-75.83986667,1.0,11.05,NaN,26.4,0.14,137.3
2018-07-31T13:00:00Z,BUD,Budds_Landing,39.37225,-75.83986667,1.0,11.21,NaN,26.4,0.14,139.2
2018-07-31T13:15:00Z,BUD,Budds_Landing,39.37225,-75.83986667,1.0,11.11,NaN,26.42,0.14,138.1
2018-07-31T13:30:00Z,BUD,Budds_Landing,39.37225,-75.83986667,1.0,10.74,NaN,26.43,0.14,133.5
2018-07-31T13:45:00Z,BUD,Budds_Landing,39.37225,-75.83986667,1.0,10.86,NaN,26.49,0.14,135.2
2018-07-31T14:00:00Z,BUD,Budds_Landing,39.37225,-75.83986667,1.0,11.14,NaN,26.58,0.14,138.9
2018-07-31T14:15:00Z,BUD,Budds_Landing,39.37225,-75.83986667,1.0,11.31,NaN,26.68,0.14,141.3
2018-07-31T14:30:00Z,BUD,Budds_Landing,39.37225,-75.83986667,1.0,11.2,NaN,26.79,0.15,140.1
2018-07-31T14:45:00Z,BUD,Budds_Landing,39.37225,-75.83986667,1.0,11.17,NaN,26.88,0.15,140.0
2018-07-31T15:00:00Z,BUD,Budds_Landing,39.37225,-75.83986667,1.0,11.43,NaN,26.99,0.15,143.5
2018-07-31T15:15:00Z,BUD,Budds_Landing,39.37225,-75.83986667,1.0,11.54,NaN,27.09,0.16,145.2
2018-07-31T15:30:00Z,BUD,Budds_Landing,39.37225,-75.83986667,1.0,11.66,NaN,27.14,0.16,146.9
2018-07-31T15:45:00Z,BUD,Budds_Landing,39.37225,-75.83986667,1.0,11.44,NaN,27.19,0.16,144.2
2018-07-31T16:00:00Z,BUD,Budds_Landing,39.37225,-75.83986667,1.0,11.45,NaN,27.21,0.16,144.3
2018-07-31T16:15:00Z,BUD,Budds_Landing,39.37225,-75.83986667,1.0,11.01,NaN,27.22,0.16,138.9
2018-07-31T16:30:00Z,BUD,Budds_Landing,39.37225,-75.83986667,1.0,11.16,NaN,27.25,0.16,140.8
2018-07-31T16:45:00Z,BUD,Budds_Landing,39.37225,-75.83986667,1.0,11.48,NaN,27.27,0.16,144.9
2018-07-31T17:00:00Z,BUD,Budds_Landing,39.37225,-75.83986667,1.0,11.67,NaN,27.29,0.16,147.3
2018-07-31T17:15:00Z,BUD,Budds_Landing,39.37225,-75.83986667,1.0,10.2,NaN,27.09,0.16,128.4
2018-07-31T17:30:00Z,BUD,Budds_Landing,39.37225,-75.83986667,1.0,9.74,NaN,26.95,0.16,122.2
2018-07-31T17:45:00Z,BUD,Budds_Landing,39.37225,-75.83986667,1.0,9.76,NaN,26.94,0.16,122.5
2018-07-31T18:00:00Z,BUD,Budds_Landing,39.37225,-75.83986667,1.0,10.74,NaN,26.81,0.15,134.4
2018-07-31T18:15:00Z,BUD,Budds_Landing,39.37225,-75.83986667,1.0,10.35,NaN,26.91,0.15,129.8
2018-07-31T18:30:00Z,BUD,Budds_Landing,39.37225,-75.83986667,1.0,11.3,NaN,26.96,0.15,141.8
2018-07-31T18:45:00Z,BUD,Budds_Landing,39.37225,-75.83986667,1.0,12.87,NaN,27.39,0.15,162.8
2018-07-31T19:00:00Z,BUD,Budds_Landing,39.37225,-75.83986667,1.0,14.4,NaN,27.56,0.14,182.6
2018-07-31T19:15:00Z,BUD,Budds_Landing,39.37225,-75.83986667,1.0,13.66,NaN,27.38,0.14,172.7
2018-07-31T19:30:00Z,BUD,Budds_Landing,39.37225,-75.83986667,1.0,14.19,NaN,27.25,0.14,179.0
2018-07-31T19:45:00Z,BUD,Budds_Landing,39.37225,-75.83986667,1.0,13.58,NaN,27.15,0.14,171.1
2018-07-31T20:00:00Z,BUD,Budds_Landing,39.37225,-75.83986667,1.0,13.17,NaN,27.15,0.14,165.9
2018-07-31T20:15:00Z,BUD,Budds_Landing,39.37225,-75.83986667,1.0,13.3,NaN,27.27,0.14,167.8
2018-07-31T20:30:00Z,BUD,Budds_Landing,39.37225,-75.83986667,1.0,14.51,NaN,27.51,0.14,183.9
2018-07-31T20:45:00Z,BUD,Budds_Landing,39.37225,-75.83986667,1.0,13.38,NaN,27.33,0.14,169.0
2018-07-31T21:00:00Z,BUD,Budds_Landing,39.37225,-75.83986667,1.0,15.1,NaN,27.66,0.13,191.8
2018-07-31T21:15:00Z,BUD,Budds_Landing,39.37225,-75.83986667,1.0,14.78,NaN,27.41,0.13,186.9
2018-07-31T21:30:00Z,BUD,Budds_Landing,39.37225,-75.83986667,1.0,16.35,NaN,27.59,0.12,207.5
2018-07-31T21:45:00Z,BUD,Budds_Landing,39.37225,-75.83986667,1.0,17.15,NaN,27.73,0.12,218.2
2018-07-31T22:00:00Z,BUD,Budds_Landing,39.37225,-75.83986667,1.0,16.58,NaN,27.71,0.13,210.8
2018-07-31T22:15:00Z,BUD,Budds_Landing,39.37225,-75.83986667,1.0,16.12,NaN,27.25,0.12,203.4
2018-07-31T22:30:00Z,BUD,Budds_Landing,39.37225,-75.83986667,1.0,15.64,NaN,27.26,0.12,197.3
2018-07-31T22:45:00Z,BUD,Budds_Landing,39.37225,-75.83986667,1.0,15.73,NaN,27.38,0.12,198.9
2018-07-31T23:00:00Z,BUD,Budds_Landing,39.37225,-75.83986667,1.0,15.8,NaN,27.25,0.11,199.3
2018-07-31T23:15:00Z,BUD,Budds_Landing,39.37225,-75.83986667,1.0,15.89,NaN,27.39,0.12,200.9
2018-07-31T23:30:00Z,BUD,Budds_Landing,39.37225,-75.83986667,1.0,15.55,NaN,27.52,0.13,197.0
2018-07-31T23:45:00Z,BUD,Budds_Landing,39.37225,-75.83986667,1.0,15.89,NaN,27.41,0.12,200.9
2018-08-01T00:00:00Z,BUD,Budds_Landing,39.37225,-75.83986667,1.0,15.86,NaN,27.47,0.12,200.9
2018-08-01T00:15:00Z,BUD,Budds_Landing,39.37225,-75.83986667,1.0,15.94,NaN,27.4,0.12,201.6
2018-08-01T00:30:00Z,BUD,Budds_Landing,39.37225,-75.83986667,1.0,15.27,NaN,27.25,0.12,192.6
2018-08-01T00:45:00Z,BUD,Budds_Landing,39.37225,-75.83986667,1.0,15.53,NaN,27.42,0.12,196.5
2018-08-01T01:00:00Z,BUD,Budds_Landing,39.37225,-75.83986667,1.0,15.72,NaN,27.4,0.12,198.8
2018-08-01T01:15:00Z,BUD,Budds_Landing,39.37225,-75.83986667,1.0,15.99,NaN,27.52,0.12,202.7
2018-08-01T01:30:00Z,BUD,Budds_Landing,39.37225,-75.83986667,1.0,15.86,NaN,27.61,0.12,201.3
2018-08-01T01:45:00Z,BUD,Budds_Landing,39.37225,-75.83986667,1.0,14.83,NaN,27.58,0.14,188.2
2018-08-01T02:00:00Z,BUD,Budds_Landing,39.37225,-75.83986667,1.0,14.76,NaN,27.63,0.14,187.4
2018-08-01T02:15:00Z,BUD,Budds_Landing,39.37225,-75.83986667,1.0,14.65,NaN,27.63,0.14,186.1
2018-08-01T02:30:00Z,BUD,Budds_Landing,39.37225,-75.83986667,1.0,14.6,NaN,27.6,0.14,185.3
2018-08-01T02:45:00Z,BUD,Budds_Landing,39.37225,-75.83986667,1.0,13.55,NaN,27.48,0.14,171.6
2018-08-01T03:00:00Z,BUD,Budds_Landing,39.37225,-75.83986667,1.0,12.93,NaN,27.47,0.14,163.7
2018-08-01T03:15:00Z,BUD,Budds_Landing,39.37225,-75.83986667,1.0,11.95,NaN,27.46,0.15,151.3
2018-08-01T03:30:00Z,BUD,Budds_Landing,39.37225,-75.83986667,1.0,11.29,NaN,27.46,0.15,143.0
2018-08-01T03:45:00Z,BUD,Budds_Landing,39.37225,-75.83986667,1.0,11.45,NaN,27.46,0.15,145.0
2018-08-01T04:00:00Z,BUD,Budds_Landing,39.37225,-75.83986667,1.0,10.74,NaN,27.43,0.16,135.9
2018-08-01T04:15:00Z,BUD,Budds_Landing,39.37225,-75.83986667,1.0,10.66,NaN,27.43,0.16,135.0
2018-08-01T04:30:00Z,BUD,Budds_Landing,39.37225,-75.83986667,1.0,10.62,NaN,27.41,0.17,134.4
2018-08-01T04:45:00Z,BUD,Budds_Landing,39.37225,-75.83986667,1.0,10.77,NaN,27.42,0.17,136.4
2018-08-01T05:00:00Z,BUD,Budds_Landing,39.37225,-75.83986667,1.0,10.78,NaN,27.4,0.16,136.4
2018-08-01T05:15:00Z,BUD,Budds_Landing,39.37225,-75.83986667,1.0,10.59,NaN,27.42,0.17,134.0
2018-08-01T05:30:00Z,BUD,Budds_Landing,39.37225,-75.83986667,1.0,10.54,NaN,27.4,0.17,133.3
2018-08-01T05:45:00Z,BUD,Budds_Landing,39.37225,-75.83986667,1.0,11.15,NaN,27.36,0.16,141.0
2018-08-01T06:00:00Z,BUD,Budds_Landing,39.37225,-75.83986667,1.0,11.33,NaN,27.31,0.16,143.1
2018-08-01T06:15:00Z,BUD,Budds_Landing,39.37225,-75.83986667,1.0,10.98,NaN,27.36,0.16,138.8
2018-08-01T06:30:00Z,BUD,Budds_Landing,39.37225,-75.83986667,1.0,11.41,NaN,27.24,0.15,143.9
2018-08-01T06:45:00Z,BUD,Budds_Landing,39.37225,-75.83986667,1.0,11.3,NaN,27.18,0.15,142.4
2018-08-01T07:00:00Z,BUD,Budds_Landing,39.37225,-75.83986667,1.0,10.98,NaN,27.21,0.15,138.4
2018-08-01T07:15:00Z,BUD,Budds_Landing,39.37225,-75.83986667,1.0,10.68,NaN,27.18,0.15,134.6
2018-08-01T07:30:00Z,BUD,Budds_Landing,39.37225,-75.83986667,1.0,10.43,NaN,27.13,0.15,131.3
2018-08-01T07:45:00Z,BUD,Budds_Landing,39.37225,-75.83986667,1.0,10.52,NaN,27.06,0.14,132.2
2018-08-01T08:00:00Z,BUD,Budds_Landing,39.37225,-75.83986667,1.0,10.23,NaN,27.07,0.15,128.7
2018-08-01T08:15:00Z,BUD,Budds_Landing,39.37225,-75.83986667,1.0,10.08,NaN,27.03,0.15,126.7
2018-08-01T08:30:00Z,BUD,Budds_Landing,39.37225,-75.83986667,1.0,10.28,NaN,26.93,0.14,129.0
2018-08-01T08:45:00Z,BUD,Budds_Landing,39.37225,-75.83986667,1.0,10.27,NaN,26.95,0.14,128.9
2018-08-01T09:00:00Z,BUD,Budds_Landing,39.37225,-75.83986667,1.0,10.23,NaN,26.97,0.14,128.4
2018-08-01T09:15:00Z,BUD,Budds_Landing,39.37225,-75.83986667,1.0,9.62,NaN,26.99,0.14,120.8
2018-08-01T09:30:00Z,BUD,Budds_Landing,39.37225,-75.83986667,1.0,10.31,NaN,27.01,0.14,129.5
2018-08-01T09:45:00Z,BUD,Budds_Landing,39.37225,-75.83986667,1.0,10.42,NaN,26.99,0.14,130.9
2018-08-01T10:00:00Z,BUD,Budds_Landing,39.37225,-75.83986667,1.0,10.45,NaN,26.91,0.14,131.0
2018-08-01T10:15:00Z,BUD,Budds_Landing,39.37225,-75.83986667,1.0,10.46,NaN,26.82,0.13,130.9
2018-08-01T10:30:00Z,BUD,Budds_Landing,39.37225,-75.83986667,1.0,9.92,NaN,26.72,0.13,124.0
2018-08-01T10:45:00Z,BUD,Budds_Landing,39.37225,-75.83986667,1.0,9.92,NaN,26.73,0.13,123.9
2018-08-01T11:00:00Z,BUD,Budds_Landing,39.37225,-75.83986667,1.0,9.83,NaN,26.73,0.13,122.9
2018-08-01T11:15:00Z,BUD,Budds_Landing,39.37225,-75.83986667,1.0,9.8,NaN,26.72,0.13,122.4
2018-08-01T11:30:00Z,BUD,Budds_Landing,39.37225,-75.83986667,1.0,10.12,NaN,26.73,0.13,126.5
2018-08-01T11:45:00Z,BUD,Budds_Landing,39.37225,-75.83986667,1.0,10.08,NaN,26.73,0.13,125.9
2018-08-01T12:00:00Z,BUD,Budds_Landing,39.37225,-75.83986667,1.0,9.8,NaN,26.87,0.14,122.7
2018-08-01T12:15:00Z,BUD,Budds_Landing,39.37225,-75.83986667,1.0,10.06,NaN,26.91,0.14,126.1
2018-08-01T12:30:00Z,BUD,Budds_Landing,39.37225,-75.83986667,1.0,10.36,NaN,26.95,0.14,130.0
2018-08-01T12:45:00Z,BUD,Budds_Landing,39.37225,-75.83986667,1.0,10.39,NaN,27.01,0.15,130.5
2018-08-01T13:00:00Z,BUD,Budds_Landing,39.37225,-75.83986667,1.0,10.26,NaN,27.07,0.16,129.1
2018-08-01T13:15:00Z,BUD,Budds_Landing,39.37225,-75.83986667,1.0,10.31,NaN,27.08,0.16,129.7
2018-08-01T13:30:00Z,BUD,Budds_Landing,39.37225,-75.83986667,1.0,10.15,NaN,27.08,0.15,127.6
2018-08-01T13:45:00Z,BUD,Budds_Landing,39.37225,-75.83986667,1.0,10.12,NaN,27.11,0.16,127.4
2018-08-01T14:00:00Z,BUD,Budds_Landing,39.37225,-75.83986667,1.0,10.05,NaN,27.14,0.16,126.5
2018-08-01T14:15:00Z,BUD,Budds_Landing,39.37225,-75.83986667,1.0,10.02,NaN,27.18,0.16,126.2
2018-08-01T14:30:00Z,BUD,Budds_Landing,39.37225,-75.83986667,1.0,10.09,NaN,27.24,0.16,127.2
2018-08-01T14:45:00Z,BUD,Budds_Landing,39.37225,-75.83986667,1.0,10.07,NaN,27.26,0.16,127.0
2018-08-01T15:00:00Z,BUD,Budds_Landing,39.37225,-75.83986667,1.0,10.17,NaN,27.29,0.16,128.4
2018-08-01T15:15:00Z,BUD,Budds_Landing,39.37225,-75.83986667,1.0,10.24,NaN,27.33,0.16,129.3
2018-08-01T15:30:00Z,BUD,Budds_Landing,39.37225,-75.83986667,1.0,10.43,NaN,27.41,0.16,131.9
2018-08-01T15:45:00Z,BUD,Budds_Landing,39.37225,-75.83986667,1.0,10.51,NaN,27.48,0.16,133.2
2018-08-01T16:00:00Z,BUD,Budds_Landing,39.37225,-75.83986667,1.0,10.6,NaN,27.53,0.17,134.5
2018-08-01T16:15:00Z,BUD,Budds_Landing,39.37225,-75.83986667,1.0,10.73,NaN,27.64,0.17,136.4
2018-08-01T16:30:00Z,BUD,Budds_Landing,39.37225,-75.83986667,1.0,10.81,NaN,27.71,0.17,137.5
2018-08-01T16:45:00Z,BUD,Budds_Landing,39.37225,-75.83986667,1.0,10.78,NaN,27.77,0.17,137.3
2018-08-01T17:00:00Z,BUD,Budds_Landing,39.37225,-75.83986667,1.0,10.69,NaN,27.81,0.17,136.2
2018-08-01T17:15:00Z,BUD,Budds_Landing,39.37225,-75.83986667,1.0,10.87,NaN,27.84,0.17,138.6
2018-08-01T17:30:00Z,BUD,Budds_Landing,39.37225,-75.83986667,1.0,11.34,NaN,27.88,0.18,144.7
2018-08-01T17:45:00Z,BUD,Budds_Landing,39.37225,-75.83986667,1.0,11.58,NaN,27.92,0.18,147.8
2018-08-01T18:00:00Z,BUD,Budds_Landing,39.37225,-75.83986667,1.0,12.1,NaN,28.03,0.18,154.8
2018-08-01T18:15:00Z,BUD,Budds_Landing,39.37225,-75.83986667,1.0,12.3,NaN,28.1,0.17,157.5
2018-08-01T18:30:00Z,BUD,Budds_Landing,39.37225,-75.83986667,1.0,12.99,NaN,28.07,0.16,166.3
2018-08-01T18:45:00Z,BUD,Budds_Landing,39.37225,-75.83986667,1.0,13.17,NaN,28.22,0.16,169.0
2018-08-01T19:00:00Z,BUD,Budds_Landing,39.37225,-75.83986667,1.0,13.2,NaN,28.3,0.17,169.6
2018-08-01T19:15:00Z,BUD,Budds_Landing,39.37225,-75.83986667,1.0,13.36,NaN,28.26,0.16,171.6
2018-08-01T19:30:00Z,BUD,Budds_Landing,39.37225,-75.83986667,1.0,13.74,NaN,28.4,0.16,176.9
2018-08-01T19:45:00Z,BUD,Budds_Landing,39.37225,-75.83986667,1.0,13.01,NaN,28.28,0.16,167.2
2018-08-01T20:00:00Z,BUD,Budds_Landing,39.37225,-75.83986667,1.0,13.61,NaN,28.48,0.17,175.5
2018-08-01T20:15:00Z,BUD,Budds_Landing,39.37225,-75.83986667,1.0,13.75,NaN,28.6,0.17,177.7
2018-08-01T20:30:00Z,BUD,Budds_Landing,39.37225,-75.83986667,1.0,13.54,NaN,28.47,0.16,174.6
2018-08-01T20:45:00Z,BUD,Budds_Landing,39.37225,-75.83986667,1.0,14.06,NaN,28.84,0.17,182.5
2018-08-01T21:00:00Z,BUD,Budds_Landing,39.37225,-75.83986667,1.0,15.97,NaN,28.85,0.15,207.3
2018-08-01T21:15:00Z,BUD,Budds_Landing,39.37225,-75.83986667,1.0,16.01,NaN,29.01,0.15,208.4
2018-08-01T21:30:00Z,BUD,Budds_Landing,39.37225,-75.83986667,1.0,15.81,NaN,28.77,0.14,204.9
2018-08-01T21:45:00Z,BUD,Budds_Landing,39.37225,-75.83986667,1.0,16.04,NaN,28.91,0.15,208.4
2018-08-01T22:00:00Z,BUD,Budds_Landing,39.37225,-75.83986667,1.0,16.33,NaN,28.86,0.14,211.9
2018-08-01T22:15:00Z,BUD,Budds_Landing,39.37225,-75.83986667,1.0,16.35,NaN,28.8,0.14,212.1
2018-08-01T22:30:00Z,BUD,Budds_Landing,39.37225,-75.83986667,1.0,16.19,NaN,28.84,0.14,210.0
2018-08-01T22:45:00Z,BUD,Budds_Landing,39.37225,-75.83986667,1.0,15.9,NaN,28.85,0.14,206.3
2018-08-01T23:00:00Z,BUD,Budds_Landing,39.37225,-75.83986667,1.0,16.1,NaN,28.91,0.15,209.1
2018-08-01T23:15:00Z,BUD,Budds_Landing,39.37225,-75.83986667,1.0,15.47,NaN,28.92,0.15,201.0
2018-08-01T23:30:00Z,BUD,Budds_Landing,39.37225,-75.83986667,1.0,15.57,NaN,28.68,0.14,201.5
2018-08-01T23:45:00Z,BUD,Budds_Landing,39.37225,-75.83986667,1.0,15.68,NaN,28.82,0.15,203.4
2018-08-02T00:00:00Z,BUD,Budds_Landing,39.37225,-75.83986667,1.0,15.36,NaN,28.85,0.15,199.3
2018-08-02T00:15:00Z,BUD,Budds_Landing,39.37225,-75.83986667,1.0,15.27,NaN,28.82,0.15,198.0
2018-08-02T00:30:00Z,BUD,Budds_Landing,39.37225,-75.83986667,1.0,14.9,NaN,28.87,0.17,193.4
2018-08-02T00:45:00Z,BUD,Budds_Landing,39.37225,-75.83986667,1.0,14.45,NaN,28.81,0.17,187.5
2018-08-02T01:00:00Z,BUD,Budds_Landing,39.37225,-75.83986667,1.0,14.46,NaN,28.69,0.16,187.2
2018-08-02T01:15:00Z,BUD,Budds_Landing,39.37225,-75.83986667,1.0,14.18,NaN,28.66,0.17,183.5
2018-08-02T01:30:00Z,BUD,Budds_Landing,39.37225,-75.83986667,1.0,13.89,NaN,28.57,0.17,179.4
2018-08-02T01:45:00Z,BUD,Budds_Landing,39.37225,-75.83986667,1.0,14.08,NaN,28.57,0.17,181.8
2018-08-02T02:00:00Z,BUD,Budds_Landing,39.37225,-75.83986667,1.0,14.29,NaN,28.53,0.15,184.4
2018-08-02T02:15:00Z,BUD,Budds_Landing,39.37225,-75.83986667,1.0,14.07,NaN,28.52,0.16,181.6
2018-08-02T02:30:00Z,BUD,Budds_Landing,39.37225,-75.83986667,1.0,13.92,NaN,28.47,0.16,179.4
2018-08-02T02:45:00Z,BUD,Budds_Landing,39.37225,-75.83986667,1.0,13.83,NaN,28.44,0.16,178.2
2018-08-02T03:00:00Z,BUD,Budds_Landing,39.37225,-75.83986667,1.0,13.86,NaN,28.46,0.15,178.6
2018-08-02T03:15:00Z,BUD,Budds_Landing,39.37225,-75.83986667,1.0,13.64,NaN,28.43,0.16,175.7
2018-08-02T03:30:00Z,BUD,Budds_Landing,39.37225,-75.83986667,1.0,13.65,NaN,28.4,0.15,175.7
2018-08-02T03:45:00Z,BUD,Budds_Landing,39.37225,-75.83986667,1.0,13.72,NaN,28.35,0.14,176.5
2018-08-02T04:00:00Z,BUD,Budds_Landing,39.37225,-75.83986667,1.0,13.04,NaN,28.27,0.15,167.5
2018-08-02T04:15:00Z,BUD,Budds_Landing,39.37225,-75.83986667,1.0,12.57,NaN,28.24,0.15,161.3
2018-08-02T04:30:00Z,BUD,Budds_Landing,39.37225,-75.83986667,1.0,12.54,NaN,28.25,0.15,161.0
2018-08-02T04:45:00Z,BUD,Budds_Landing,39.37225,-75.83986667,1.0,11.86,NaN,28.24,0.16,152.3
2018-08-02T05:00:00Z,BUD,Budds_Landing,39.37225,-75.83986667,1.0,11.39,NaN,28.16,0.16,146.0
2018-08-02T05:15:00Z,BUD,Budds_Landing,39.37225,-75.83986667,1.0,11.36,NaN,28.17,0.16,145.7
2018-08-02T05:30:00Z,BUD,Budds_Landing,39.37225,-75.83986667,1.0,11.54,NaN,28.19,0.16,148.1
2018-08-02T05:45:00Z,BUD,Budds_Landing,39.37225,-75.83986667,1.0,11.76,NaN,28.12,0.15,150.7
2018-08-02T06:00:00Z,BUD,Budds_Landing,39.37225,-75.83986667,1.0,11.78,NaN,28.07,0.15,150.8
2018-08-02T06:15:00Z,BUD,Budds_Landing,39.37225,-75.83986667,1.0,11.73,NaN,28.11,0.15,150.2
2018-08-02T06:30:00Z,BUD,Budds_Landing,39.37225,-75.83986667,1.0,11.69,NaN,28.08,0.15,149.7
2018-08-02T06:45:00Z,BUD,Budds_Landing,39.37225,-75.83986667,1.0,11.72,NaN,28.06,0.15,150.0
2018-08-02T07:00:00Z,BUD,Budds_Landing,39.37225,-75.83986667,1.0,11.56,NaN,28.03,0.15,147.8
2018-08-02T07:15:00Z,BUD,Budds_Landing,39.37225,-75.83986667,1.0,11.22,NaN,27.95,0.15,143.3
2018-08-02T07:30:00Z,BUD,Budds_Landing,39.37225,-75.83986667,1.0,11.1,NaN,27.95,0.15,141.8
2018-08-02T07:45:00Z,BUD,Budds_Landing,39.37225,-75.83986667,1.0,11.51,NaN,27.95,0.15,147.0
2018-08-02T08:00:00Z,BUD,Budds_Landing,39.37225,-75.83986667,1.0,11.15,NaN,27.9,0.15,142.3
2018-08-02T08:15:00Z,BUD,Budds_Landing,39.37225,-75.83986667,1.0,10.93,NaN,27.9,0.15,139.5
2018-08-02T08:30:00Z,BUD,Budds_Landing,39.37225,-75.83986667,1.0,11.01,NaN,27.9,0.15,140.5
2018-08-02T08:45:00Z,BUD,Budds_Landing,39.37225,-75.83986667,1.0,11.04,NaN,27.9,0.15,140.8
2018-08-02T09:00:00Z,BUD,Budds_Landing,39.37225,-75.83986667,1.0,11.26,NaN,27.89,0.15,143.7
2018-08-02T09:15:00Z,BUD,Budds_Landing,39.37225,-75.83986667,1.0,11.15,NaN,27.8,0.14,142.1
2018-08-02T09:30:00Z,BUD,Budds_Landing,39.37225,-75.83986667,1.0,10.72,NaN,27.8,0.15,136.6
2018-08-02T09:45:00Z,BUD,Budds_Landing,39.37225,-75.83986667,1.0,10.53,NaN,27.74,0.15,134.0
2018-08-02T10:00:00Z,BUD,Budds_Landing,39.37225,-75.83986667,1.0,10.06,NaN,27.72,0.15,128.0
2018-08-02T10:15:00Z,BUD,Budds_Landing,39.37225,-75.83986667,1.0,10.08,NaN,27.69,0.15,128.2
2018-08-02T10:30:00Z,BUD,Budds_Landing,39.37225,-75.83986667,1.0,10.26,NaN,27.7,0.15,130.5
2018-08-02T10:45:00Z,BUD,Budds_Landing,39.37225,-75.83986667,1.0,10.16,NaN,27.7,0.15,129.1
2018-08-02T11:00:00Z,BUD,Budds_Landing,39.37225,-75.83986667,1.0,9.93,NaN,27.64,0.15,126.1
2018-08-02T11:15:00Z,BUD,Budds_Landing,39.37225,-75.83986667,1.0,10.02,NaN,27.63,0.15,127.2
2018-08-02T11:30:00Z,BUD,Budds_Landing,39.37225,-75.83986667,1.0,10.32,NaN,27.48,0.14,130.7
2018-08-02T11:45:00Z,BUD,Budds_Landing,39.37225,-75.83986667,1.0,10.43,NaN,27.41,0.13,132.0
2018-08-02T12:00:00Z,BUD,Budds_Landing,39.37225,-75.83986667,1.0,10.21,NaN,27.41,0.14,129.2
2018-08-02T12:15:00Z,BUD,Budds_Landing,39.37225,-75.83986667,1.0,10.41,NaN,27.46,0.14,131.8
2018-08-02T12:30:00Z,BUD,Budds_Landing,39.37225,-75.83986667,1.0,10.27,NaN,27.53,0.14,130.3
2018-08-02T12:45:00Z,BUD,Budds_Landing,39.37225,-75.83986667,1.0,10.14,NaN,27.68,0.14,128.9
2018-08-02T13:00:00Z,BUD,Budds_Landing,39.37225,-75.83986667,1.0,10.77,NaN,27.76,0.15,137.1
2018-08-02T13:15:00Z,BUD,Budds_Landing,39.37225,-75.83986667,1.0,11.16,NaN,27.83,0.16,142.3
2018-08-02T13:30:00Z,BUD,Budds_Landing,39.37225,-75.83986667,1.0,11.77,NaN,27.88,0.15,150.1
2018-08-02T13:45:00Z,BUD,Budds_Landing,39.37225,-75.83986667,1.0,12.3,NaN,27.92,0.15,157.0
2018-08-02T14:00:00Z,BUD,Budds_Landing,39.37225,-75.83986667,1.0,12.45,NaN,27.95,0.15,159.0
2018-08-02T14:15:00Z,BUD,Budds_Landing,39.37225,-75.83986667,1.0,12.51,NaN,27.97,0.15,159.9
2018-08-02T14:30:00Z,BUD,Budds_Landing,39.37225,-75.83986667,1.0,12.71,NaN,27.99,0.15,162.5
2018-08-02T14:45:00Z,BUD,Budds_Landing,39.37225,-75.83986667,1.0,12.83,NaN,28.04,0.15,164.2
2018-08-02T15:00:00Z,BUD,Budds_Landing,39.37225,-75.83986667,1.0,12.51,NaN,28.08,0.15,160.1
2018-08-02T15:15:00Z,BUD,Budds_Landing,39.37225,-75.83986667,1.0,12.26,NaN,28.13,0.16,157.1
2018-08-02T15:30:00Z,BUD,Budds_Landing,39.37225,-75.83986667,1.0,12.32,NaN,28.14,0.15,158.0
2018-08-02T15:45:00Z,BUD,Budds_Landing,39.37225,-75.83986667,1.0,12.23,NaN,28.19,0.16,156.9
2018-08-02T16:00:00Z,BUD,Budds_Landing,39.37225,-75.83986667,1.0,12.02,NaN,28.23,0.16,154.3
2018-08-02T16:15:00Z,BUD,Budds_Landing,39.37225,-75.83986667,1.0,11.89,NaN,28.26,0.16,152.8
2018-08-02T16:30:00Z,BUD,Budds_Landing,39.37225,-75.83986667,1.0,11.88,NaN,28.3,0.16,152.8
2018-08-02T16:45:00Z,BUD,Budds_Landing,39.37225,-75.83986667,1.0,12.01,NaN,28.37,0.17,154.6
2018-08-02T17:00:00Z,BUD,Budds_Landing,39.37225,-75.83986667,1.0,12.18,NaN,28.45,0.17,157.0
2018-08-02T17:15:00Z,BUD,Budds_Landing,39.37225,-75.83986667,1.0,12.36,NaN,28.54,0.17,159.5
2018-08-02T17:30:00Z,BUD,Budds_Landing,39.37225,-75.83986667,1.0,12.43,NaN,28.59,0.17,160.6
2018-08-02T17:45:00Z,BUD,Budds_Landing,39.37225,-75.83986667,1.0,12.48,NaN,28.67,0.17,161.4
2018-08-02T18:00:00Z,BUD,Budds_Landing,39.37225,-75.83986667,1.0,12.78,NaN,28.77,0.17,165.6
2018-08-02T18:15:00Z,BUD,Budds_Landing,39.37225,-75.83986667,1.0,13.36,NaN,28.76,0.16,173.1
2018-08-02T18:30:00Z,BUD,Budds_Landing,39.37225,-75.83986667,1.0,14.01,NaN,28.88,0.16,181.9
2018-08-02T18:45:00Z,BUD,Budds_Landing,39.37225,-75.83986667,1.0,13.86,NaN,28.78,0.16,179.6
2018-08-02T19:00:00Z,BUD,Budds_Landing,39.37225,-75.83986667,1.0,14.44,NaN,28.96,0.16,187.7
2018-08-02T19:15:00Z,BUD,Budds_Landing,39.37225,-75.83986667,1.0,13.88,NaN,28.83,0.15,180.1
2018-08-02T19:30:00Z,BUD,Budds_Landing,39.37225,-75.83986667,1.0,14.53,NaN,28.91,0.15,188.7
2018-08-02T19:45:00Z,BUD,Budds_Landing,39.37225,-75.83986667,1.0,13.97,NaN,28.85,0.15,181.3
2018-08-02T20:00:00Z,BUD,Budds_Landing,39.37225,-75.83986667,1.0,13.8,NaN,28.84,0.15,179.1
2018-08-02T20:15:00Z,BUD,Budds_Landing,39.37225,-75.83986667,1.0,13.43,NaN,28.82,0.15,174.3
2018-08-02T20:30:00Z,BUD,Budds_Landing,39.37225,-75.83986667,1.0,13.53,NaN,28.9,0.15,175.8
2018-08-02T20:45:00Z,BUD,Budds_Landing,39.37225,-75.83986667,1.0,14.26,NaN,29.1,0.16,185.9
2018-08-02T21:00:00Z,BUD,Budds_Landing,39.37225,-75.83986667,1.0,14.65,NaN,29.18,0.15,191.2
2018-08-02T21:15:00Z,BUD,Budds_Landing,39.37225,-75.83986667,1.0,15.41,NaN,29.3,0.15,201.6
2018-08-02T21:30:00Z,BUD,Budds_Landing,39.37225,-75.83986667,1.0,16.35,NaN,29.42,0.14,214.3
2018-08-02T21:45:00Z,BUD,Budds_Landing,39.37225,-75.83986667,1.0,17.11,NaN,29.67,0.15,225.3
2018-08-02T22:00:00Z,BUD,Budds_Landing,39.37225,-75.83986667,1.0,17.31,NaN,29.61,0.14,227.6
2018-08-02T22:15:00Z,BUD,Budds_Landing,39.37225,-75.83986667,1.0,16.44,NaN,29.55,0.15,215.9
2018-08-02T22:30:00Z,BUD,Budds_Landing,39.37225,-75.83986667,1.0,17.09,NaN,29.3,0.13,223.5
2018-08-02T22:45:00Z,BUD,Budds_Landing,39.37225,-75.83986667,1.0,16.22,NaN,29.16,0.13,211.6
2018-08-02T23:00:00Z,BUD,Budds_Landing,39.37225,-75.83986667,1.0,16.63,NaN,29.25,0.13,217.3
2018-08-02T23:15:00Z,BUD,Budds_Landing,39.37225,-75.83986667,1.0,16.01,NaN,29.07,0.13,208.5
2018-08-02T23:30:00Z,BUD,Budds_Landing,39.37225,-75.83986667,1.0,16.32,NaN,29.2,0.13,213.1
2018-08-02T23:45:00Z,BUD,Budds_Landing,39.37225,-75.83986667,1.0,16.37,NaN,29.05,0.12,213.2
2018-08-03T00:00:00Z,BUD,Budds_Landing,39.37225,-75.83986667,1.0,16.12,NaN,29.08,0.13,210.0
2018-08-03T00:15:00Z,BUD,Budds_Landing,39.37225,-75.83986667,1.0,16.22,NaN,29.06,0.13,211.2
2018-08-03T00:30:00Z,BUD,Budds_Landing,39.37225,-75.83986667,1.0,16.05,NaN,29.02,0.13,208.9
2018-08-03T00:45:00Z,BUD,Budds_Landing,39.37225,-75.83986667,1.0,15.63,NaN,29.06,0.13,203.6
2018-08-03T01:00:00Z,BUD,Budds_Landing,39.37225,-75.83986667,1.0,15.26,NaN,29.1,0.14,198.8
2018-08-03T01:15:00Z,BUD,Budds_Landing,39.37225,-75.83986667,1.0,15.62,NaN,29.06,0.13,203.4
2018-08-03T01:30:00Z,BUD,Budds_Landing,39.37225,-75.83986667,1.0,14.69,NaN,29.2,0.16,191.8
2018-08-03T01:45:00Z,BUD,Budds_Landing,39.37225,-75.83986667,1.0,15.19,NaN,29.1,0.15,197.9
2018-08-03T02:00:00Z,BUD,Budds_Landing,39.37225,-75.83986667,1.0,14.95,NaN,29.09,0.15,194.8
2018-08-03T02:15:00Z,BUD,Budds_Landing,39.37225,-75.83986667,1.0,14.67,NaN,29.01,0.15,190.9
2018-08-03T02:30:00Z,BUD,Budds_Landing,39.37225,-75.83986667,1.0,14.75,NaN,28.96,0.15,191.7
2018-08-03T02:45:00Z,BUD,Budds_Landing,39.37225,-75.83986667,1.0,14.61,NaN,28.92,0.14,189.8
2018-08-03T03:00:00Z,BUD,Budds_Landing,39.37225,-75.83986667,1.0,14.52,NaN,28.9,0.15,188.6
2018-08-03T03:15:00Z,BUD,Budds_Landing,39.37225,-75.83986667,1.0,14.25,NaN,28.89,0.15,185.1
2018-08-03T03:30:00Z,BUD,Budds_Landing,39.37225,-75.83986667,1.0,13.81,NaN,28.85,0.15,179.2
2018-08-03T03:45:00Z,BUD,Budds_Landing,39.37225,-75.83986667,1.0,13.44,NaN,28.8,0.15,174.3
2018-08-03T04:00:00Z,BUD,Budds_Landing,39.37225,-75.83986667,1.0,13.38,NaN,28.78,0.15,173.4
2018-08-03T04:15:00Z,BUD,Budds_Landing,39.37225,-75.83986667,1.0,13.24,NaN,28.7,0.15,171.4
2018-08-03T04:30:00Z,BUD,Budds_Landing,39.37225,-75.83986667,1.0,12.96,NaN,28.68,0.15,167.6
2018-08-03T04:45:00Z,BUD,Budds_Landing,39.37225,-75.83986667,1.0,12.59,NaN,28.67,0.15,162.9
2018-08-03T05:00:00Z,BUD,Budds_Landing,39.37225,-75.83986667,1.0,12.42,NaN,28.66,0.15,160.6
2018-08-03T05:15:00Z,BUD,Budds_Landing,39.37225,-75.83986667,1.0,12.29,NaN,28.64,0.16,158.9
2018-08-03T05:30:00Z,BUD,Budds_Landing,39.37225,-75.83986667,1.0,12.1,NaN,28.63,0.16,156.4
2018-08-03T05:45:00Z,BUD,Budds_Landing,39.37225,-75.83986667,1.0,11.89,NaN,28.62,0.16,153.7
2018-08-03T06:00:00Z,BUD,Budds_Landing,39.37225,-75.83986667,1.0,11.71,NaN,28.6,0.16,151.3
2018-08-03T06:15:00Z,BUD,Budds_Landing,39.37225,-75.83986667,1.0,11.46,NaN,28.58,0.16,148.0
2018-08-03T06:30:00Z,BUD,Budds_Landing,39.37225,-75.83986667,1.0,11.24,NaN,28.56,0.16,145.2
2018-08-03T06:45:00Z,BUD,Budds_Landing,39.37225,-75.83986667,1.0,11.43,NaN,28.54,0.16,147.5
2018-08-03T07:00:00Z,BUD,Budds_Landing,39.37225,-75.83986667,1.0,11.34,NaN,28.5,0.16,146.3
2018-08-03T07:15:00Z,BUD,Budds_Landing,39.37225,-75.83986667,1.0,11.33,NaN,28.47,0.16,146.0
2018-08-03T07:30:00Z,BUD,Budds_Landing,39.37225,-75.83986667,1.0,11.28,NaN,28.46,0.16,145.4
2018-08-03T07:45:00Z,BUD,Budds_Landing,39.37225,-75.83986667,1.0,11.43,NaN,28.38,0.15,147.1
2018-08-03T08:00:00Z,BUD,Budds_Landing,39.37225,-75.83986667,1.0,11.31,NaN,28.37,0.15,145.5
2018-08-03T08:15:00Z,BUD,Budds_Landing,39.37225,-75.83986667,1.0,11.23,NaN,28.33,0.15,144.4
2018-08-03T08:30:00Z,BUD,Budds_Landing,39.37225,-75.83986667,1.0,11.08,NaN,28.3,0.15,142.4
2018-08-03T08:45:00Z,BUD,Budds_Landing,39.37225,-75.83986667,1.0,11.06,NaN,28.24,0.15,142.1
2018-08-03T09:00:00Z,BUD,Budds_Landing,39.37225,-75.83986667,1.0,11.13,NaN,28.19,0.15,142.7
2018-08-03T09:15:00Z,BUD,Budds_Landing,39.37225,-75.83986667,1.0,11.22,NaN,28.14,0.15,143.8
2018-08-03T09:30:00Z,BUD,Budds_Landing,39.37225,-75.83986667,1.0,10.68,NaN,28.04,0.15,136.7
2018-08-03T09:45:00Z,BUD,Budds_Landing,39.37225,-75.83986667,1.0,10.83,NaN,28.09,0.14,138.7
2018-08-03T10:00:00Z,BUD,Budds_Landing,39.37225,-75.83986667,1.0,10.85,NaN,28.11,0.14,139.0
2018-08-03T10:15:00Z,BUD,Budds_Landing,39.37225,-75.83986667,1.0,10.31,NaN,28.04,0.15,132.0
2018-08-03T10:30:00Z,BUD,Budds_Landing,39.37225,-75.83986667,1.0,10.57,NaN,28.04,0.15,135.3
2018-08-03T10:45:00Z,BUD,Budds_Landing,39.37225,-75.83986667,1.0,11.19,NaN,28.04,0.14,143.2
2018-08-03T11:00:00Z,BUD,Budds_Landing,39.37225,-75.83986667,1.0,11.0,NaN,28.0,0.13,140.6
2018-08-03T11:15:00Z,BUD,Budds_Landing,39.37225,-75.83986667,1.0,10.89,NaN,27.95,0.14,139.1
2018-08-03T11:30:00Z,BUD,Budds_Landing,39.37225,-75.83986667,1.0,11.08,NaN,27.92,0.14,141.5
2018-08-03T11:45:00Z,BUD,Budds_Landing,39.37225,-75.83986667,1.0,11.07,NaN,27.9,0.13,141.3
2018-08-03T12:00:00Z,BUD,Budds_Landing,39.37225,-75.83986667,1.0,11.01,NaN,27.87,0.14,140.5
2018-08-03T12:15:00Z,BUD,Budds_Landing,39.37225,-75.83986667,1.0,10.68,NaN,27.86,0.14,136.2
2018-08-03T12:30:00Z,BUD,Budds_Landing,39.37225,-75.83986667,1.0,10.53,NaN,27.87,0.14,134.3
2018-08-03T12:45:00Z,BUD,Budds_Landing,39.37225,-75.83986667,1.0,11.37,NaN,27.9,0.14,145.1
2018-08-03T13:00:00Z,BUD,Budds_Landing,39.37225,-75.83986667,1.0,10.96,NaN,27.91,0.14,139.8
2018-08-03T13:15:00Z,BUD,Budds_Landing,39.37225,-75.83986667,1.0,11.34,NaN,27.94,0.14,144.8
2018-08-03T13:30:00Z,BUD,Budds_Landing,39.37225,-75.83986667,1.0,11.74,NaN,27.99,0.13,150.0
2018-08-03T13:45:00Z,BUD,Budds_Landing,39.37225,-75.83986667,1.0,12.73,NaN,28.16,0.13,163.2
2018-08-03T14:00:00Z,BUD,Budds_Landing,39.37225,-75.83986667,1.0,12.4,NaN,28.32,0.15,159.5
2018-08-03T14:15:00Z,BUD,Budds_Landing,39.37225,-75.83986667,1.0,12.85,NaN,28.43,0.15,165.5
2018-08-03T14:30:00Z,BUD,Budds_Landing,39.37225,-75.83986667,1.0,13.1,NaN,28.48,0.15,168.9
2018-08-03T14:45:00Z,BUD,Budds_Landing,39.37225,-75.83986667,1.0,13.26,NaN,28.53,0.15,171.1
2018-08-03T15:00:00Z,BUD,Budds_Landing,39.37225,-75.83986667,1.0,13.52,NaN,28.59,0.15,174.7
2018-08-03T15:15:00Z,BUD,Budds_Landing,39.37225,-75.83986667,1.0,13.58,NaN,28.61,0.15,175.4
2018-08-03T15:30:00Z,BUD,Budds_Landing,39.37225,-75.83986667,1.0,13.37,NaN,28.58,0.14,172.8
2018-08-03T15:45:00Z,BUD,Budds_Landing,39.37225,-75.83986667,1.0,13.42,NaN,28.58,0.14,173.4
2018-08-03T16:00:00Z,BUD,Budds_Landing,39.37225,-75.83986667,1.0,13.42,NaN,28.59,0.14,173.4
2018-08-03T16:15:00Z,BUD,Budds_Landing,39.37225,-75.83986667,1.0,13.69,NaN,28.65,0.15,177.1
2018-08-03T16:30:00Z,BUD,Budds_Landing,39.37225,-75.83986667,1.0,13.67,NaN,28.74,0.15,177.0
2018-08-03T16:45:00Z,BUD,Budds_Landing,39.37225,-75.83986667,1.0,13.82,NaN,28.81,0.15,179.3
2018-08-03T17:00:00Z,BUD,Budds_Landing,39.37225,-75.83986667,1.0,13.76,NaN,28.83,0.16,178.6
2018-08-03T17:15:00Z,BUD,Budds_Landing,39.37225,-75.83986667,1.0,13.73,NaN,28.91,0.16,178.4
2018-08-03T17:30:00Z,BUD,Budds_Landing,39.37225,-75.83986667,1.0,13.22,NaN,28.97,0.17,171.9
2018-08-03T17:45:00Z,BUD,Budds_Landing,39.37225,-75.83986667,1.0,12.84,NaN,28.94,0.17,166.9
2018-08-03T18:00:00Z,BUD,Budds_Landing,39.37225,-75.83986667,1.0,13.12,NaN,29.06,0.17,171.0
2018-08-03T18:15:00Z,BUD,Budds_Landing,39.37225,-75.83986667,1.0,13.03,NaN,29.11,0.17,169.8
2018-08-03T18:30:00Z,BUD,Budds_Landing,39.37225,-75.83986667,1.0,13.02,NaN,29.12,0.17,169.8
2018-08-03T18:45:00Z,BUD,Budds_Landing,39.37225,-75.83986667,1.0,12.94,NaN,29.13,0.17,168.8
2018-08-03T19:00:00Z,BUD,Budds_Landing,39.37225,-75.83986667,1.0,12.86,NaN,29.19,0.17,167.8
2018-08-03T19:15:00Z,BUD,Budds_Landing,39.37225,-75.83986667,1.0,12.79,NaN,29.09,0.17,166.7
2018-08-03T19:30:00Z,BUD,Budds_Landing,39.37225,-75.83986667,1.0,13.34,NaN,29.15,0.16,174.1
2018-08-03T19:45:00Z,BUD,Budds_Landing,39.37225,-75.83986667,1.0,13.57,NaN,29.2,0.16,177.2
2018-08-03T20:00:00Z,BUD,Budds_Landing,39.37225,-75.83986667,1.0,12.85,NaN,28.83,0.14,166.7
2018-08-03T20:15:00Z,BUD,Budds_Landing,39.37225,-75.83986667,1.0,14.72,NaN,29.31,0.15,192.6
2018-08-03T20:30:00Z,BUD,Budds_Landing,39.37225,-75.83986667,1.0,15.31,NaN,29.5,0.15,200.9
2018-08-03T20:45:00Z,BUD,Budds_Landing,39.37225,-75.83986667,1.0,16.02,NaN,29.61,0.15,210.6
2018-08-03T21:00:00Z,BUD,Budds_Landing,39.37225,-75.83986667,1.0,14.86,NaN,29.36,0.15,194.6
2018-08-03T21:15:00Z,BUD,Budds_Landing,39.37225,-75.83986667,1.0,15.18,NaN,29.45,0.15,199.1
2018-08-03T21:30:00Z,BUD,Budds_Landing,39.37225,-75.83986667,1.0,14.46,NaN,29.3,0.15,189.2
2018-08-03T21:45:00Z,BUD,Budds_Landing,39.37225,-75.83986667,1.0,14.55,NaN,29.46,0.15,190.8
2018-08-03T22:00:00Z,BUD,Budds_Landing,39.37225,-75.83986667,1.0,14.85,NaN,29.44,0.15,194.7
2018-08-03T22:15:00Z,BUD,Budds_Landing,39.37225,-75.83986667,1.0,15.46,NaN,29.46,0.14,202.7
2018-08-03T22:30:00Z,BUD,Budds_Landing,39.37225,-75.83986667,1.0,16.99,NaN,29.67,0.15,223.6
2018-08-03T22:45:00Z,BUD,Budds_Landing,39.37225,-75.83986667,1.0,15.83,NaN,29.64,0.15,208.2
2018-08-03T23:00:00Z,BUD,Budds_Landing,39.37225,-75.83986667,1.0,16.65,NaN,29.55,0.14,218.7
2018-08-03T23:15:00Z,BUD,Budds_Landing,39.37225,-75.83986667,1.0,16.47,NaN,29.5,0.14,216.2
2018-08-03T23:30:00Z,BUD,Budds_Landing,39.37225,-75.83986667,1.0,16.42,NaN,29.48,0.14,215.4
2018-08-03T23:45:00Z,BUD,Budds_Landing,39.37225,-75.83986667,1.0,16.47,NaN,29.46,0.14,216.0
2018-08-04T00:00:00Z,BUD,Budds_Landing,39.37225,-75.83986667,1.0,16.39,NaN,29.44,0.14,214.9
2018-08-04T00:15:00Z,BUD,Budds_Landing,39.37225,-75.83986667,1.0,16.24,NaN,29.39,0.14,212.8
2018-08-04T00:30:00Z,BUD,Budds_Landing,39.37225,-75.83986667,1.0,16.06,NaN,29.38,0.13,210.3
2018-08-04T00:45:00Z,BUD,Budds_Landing,39.37225,-75.83986667,1.0,15.82,NaN,29.37,0.14,207.1
2018-08-04T01:00:00Z,BUD,Budds_Landing,39.37225,-75.83986667,1.0,14.95,NaN,29.31,0.14,195.6
2018-08-04T01:15:00Z,BUD,Budds_Landing,39.37225,-75.83986667,1.0,15.13,NaN,29.31,0.14,197.9
2018-08-04T01:30:00Z,BUD,Budds_Landing,39.37225,-75.83986667,1.0,14.74,NaN,29.3,0.14,192.8
2018-08-04T01:45:00Z,BUD,Budds_Landing,39.37225,-75.83986667,1.0,15.29,NaN,29.27,0.14,199.8
2018-08-04T02:00:00Z,BUD,Budds_Landing,39.37225,-75.83986667,1.0,13.11,NaN,29.13,0.16,170.9
2018-08-04T02:15:00Z,BUD,Budds_Landing,39.37225,-75.83986667,1.0,14.57,NaN,29.16,0.14,190.1
2018-08-04T02:30:00Z,BUD,Budds_Landing,39.37225,-75.83986667,1.0,14.8,NaN,29.08,0.14,192.8
2018-08-04T02:45:00Z,BUD,Budds_Landing,39.37225,-75.83986667,1.0,14.88,NaN,29.02,0.13,193.7
2018-08-04T03:00:00Z,BUD,Budds_Landing,39.37225,-75.83986667,1.0,14.29,NaN,28.98,0.14,185.8
2018-08-04T03:15:00Z,BUD,Budds_Landing,39.37225,-75.83986667,1.0,14.47,NaN,29.06,0.14,188.5
2018-08-04T03:30:00Z,BUD,Budds_Landing,39.37225,-75.83986667,1.0,13.82,NaN,29.02,0.15,179.9
2018-08-04T03:45:00Z,BUD,Budds_Landing,39.37225,-75.83986667,1.0,13.39,NaN,28.98,0.15,174.2
2018-08-04T04:00:00Z,BUD,Budds_Landing,39.37225,-75.83986667,1.0,13.35,NaN,28.98,0.15,173.6
2018-08-04T04:15:00Z,BUD,Budds_Landing,39.37225,-75.83986667,1.0,13.55,NaN,29.01,0.15,176.3
2018-08-04T04:30:00Z,BUD,Budds_Landing,39.37225,-75.83986667,1.0,12.9,NaN,29.01,0.15,167.9
2018-08-04T04:45:00Z,BUD,Budds_Landing,39.37225,-75.83986667,1.0,12.39,NaN,28.97,0.16,161.2
2018-08-04T05:00:00Z,BUD,Budds_Landing,39.37225,-75.83986667,1.0,12.3,NaN,28.95,0.16,160.0
2018-08-04T05:15:00Z,BUD,Budds_Landing,39.37225,-75.83986667,1.0,12.27,NaN,28.92,0.16,159.5
2018-08-04T05:30:00Z,BUD,Budds_Landing,39.37225,-75.83986667,1.0,12.1,NaN,28.9,0.16,157.1
2018-08-04T05:45:00Z,BUD,Budds_Landing,39.37225,-75.83986667,1.0,12.0,NaN,28.89,0.16,155.9
2018-08-04T06:00:00Z,BUD,Budds_Landing,39.37225,-75.83986667,1.0,11.91,NaN,28.87,0.16,154.6
2018-08-04T06:15:00Z,BUD,Budds_Landing,39.37225,-75.83986667,1.0,11.58,NaN,28.87,0.16,150.3
2018-08-04T06:30:00Z,BUD,Budds_Landing,39.37225,-75.83986667,1.0,11.41,NaN,28.87,0.16,148.2
2018-08-04T06:45:00Z,BUD,Budds_Landing,39.37225,-75.83986667,1.0,11.3,NaN,28.87,0.16,146.7
2018-08-04T07:00:00Z,BUD,Budds_Landing,39.37225,-75.83986667,1.0,11.07,NaN,28.83,0.16,143.6
2018-08-04T07:15:00Z,BUD,Budds_Landing,39.37225,-75.83986667,1.0,10.99,NaN,28.82,0.16,142.6
2018-08-04T07:30:00Z,BUD,Budds_Landing,39.37225,-75.83986667,1.0,11.01,NaN,28.75,0.16,142.6
2018-08-04T07:45:00Z,BUD,Budds_Landing,39.37225,-75.83986667,1.0,10.83,NaN,28.78,0.16,140.4
2018-08-04T08:00:00Z,BUD,Budds_Landing,39.37225,-75.83986667,1.0,10.79,NaN,28.76,0.16,139.8
2018-08-04T08:15:00Z,BUD,Budds_Landing,39.37225,-75.83986667,1.0,10.58,NaN,28.76,0.16,137.1
2018-08-04T08:30:00Z,BUD,Budds_Landing,39.37225,-75.83986667,1.0,10.76,NaN,28.73,0.16,139.3
2018-08-04T08:45:00Z,BUD,Budds_Landing,39.37225,-75.83986667,1.0,10.69,NaN,28.68,0.16,138.4
2018-08-04T09:00:00Z,BUD,Budds_Landing,39.37225,-75.83986667,1.0,10.59,NaN,28.67,0.16,136.9
2018-08-04T09:15:00Z,BUD,Budds_Landing,39.37225,-75.83986667,1.0,10.58,NaN,28.59,0.16,136.7
2018-08-04T09:30:00Z,BUD,Budds_Landing,39.37225,-75.83986667,1.0,10.47,NaN,28.39,0.15,134.7
2018-08-04T09:45:00Z,BUD,Budds_Landing,39.37225,-75.83986667,1.0,10.54,NaN,28.53,0.16,136.0
2018-08-04T10:00:00Z,BUD,Budds_Landing,39.37225,-75.83986667,1.0,10.51,NaN,28.52,0.15,135.5
2018-08-04T10:15:00Z,BUD,Budds_Landing,39.37225,-75.83986667,1.0,10.41,NaN,28.47,0.16,134.2
2018-08-04T10:30:00Z,BUD,Budds_Landing,39.37225,-75.83986667,1.0,10.29,NaN,28.42,0.16,132.6
2018-08-04T10:45:00Z,BUD,Budds_Landing,39.37225,-75.83986667,1.0,10.08,NaN,28.41,0.16,129.9
2018-08-04T11:00:00Z,BUD,Budds_Landing,39.37225,-75.83986667,1.0,10.05,NaN,28.35,0.15,129.2
2018-08-04T11:15:00Z,BUD,Budds_Landing,39.37225,-75.83986667,1.0,9.87,NaN,28.3,0.15,126.9
2018-08-04T11:30:00Z,BUD,Budds_Landing,39.37225,-75.83986667,1.0,9.95,NaN,28.31,0.15,127.9
2018-08-04T11:45:00Z,BUD,Budds_Landing,39.37225,-75.83986667,1.0,10.05,NaN,28.32,0.15,129.2
2018-08-04T12:00:00Z,BUD,Budds_Landing,39.37225,-75.83986667,1.0,9.87,NaN,28.33,0.15,127.0
2018-08-04T12:15:00Z,BUD,Budds_Landing,39.37225,-75.83986667,1.0,10.41,NaN,28.2,0.15,133.5
2018-08-04T12:30:00Z,BUD,Budds_Landing,39.37225,-75.83986667,1.0,10.49,NaN,28.13,0.14,134.5
2018-08-04T12:45:00Z,BUD,Budds_Landing,39.37225,-75.83986667,1.0,10.53,NaN,28.13,0.14,134.9
2018-08-04T13:00:00Z,BUD,Budds_Landing,39.37225,-75.83986667,1.0,10.25,NaN,28.1,0.15,131.2
2018-08-04T13:15:00Z,BUD,Budds_Landing,39.37225,-75.83986667,1.0,10.31,NaN,28.12,0.14,132.1
2018-08-04T13:30:00Z,BUD,Budds_Landing,39.37225,-75.83986667,1.0,10.52,NaN,28.12,0.14,134.7
2018-08-04T13:45:00Z,BUD,Budds_Landing,39.37225,-75.83986667,1.0,10.29,NaN,28.13,0.14,131.8
2018-08-04T14:00:00Z,BUD,Budds_Landing,39.37225,-75.83986667,1.0,10.41,NaN,28.13,0.14,133.4
2018-08-04T14:15:00Z,BUD,Budds_Landing,39.37225,-75.83986667,1.0,10.85,NaN,28.13,0.14,139.0
2018-08-04T14:30:00Z,BUD,Budds_Landing,39.37225,-75.83986667,1.0,11.14,NaN,28.13,0.13,142.7
2018-08-04T14:45:00Z,BUD,Budds_Landing,39.37225,-75.83986667,1.0,11.33,NaN,28.14,0.13,145.2
2018-08-04T15:00:00Z,BUD,Budds_Landing,39.37225,-75.83986667,1.0,11.24,NaN,28.15,0.13,144.1
2018-08-04T15:15:00Z,BUD,Budds_Landing,39.37225,-75.83986667,1.0,11.73,NaN,28.25,0.14,150.7
2018-08-04T15:30:00Z,BUD,Budds_Landing,39.37225,-75.83986667,1.0,11.96,NaN,28.36,0.14,153.9
2018-08-04T15:45:00Z,BUD,Budds_Landing,39.37225,-75.83986667,1.0,11.86,NaN,28.56,0.15,153.2
2018-08-04T16:00:00Z,BUD,Budds_Landing,39.37225,-75.83986667,1.0,12.18,NaN,28.65,0.15,157.5
2018-08-04T16:15:00Z,BUD,Budds_Landing,39.37225,-75.83986667,1.0,12.45,NaN,28.76,0.15,161.4
2018-08-04T16:30:00Z,BUD,Budds_Landing,39.37225,-75.83986667,1.0,12.55,NaN,28.82,0.15,162.8
2018-08-04T16:45:00Z,BUD,Budds_Landing,39.37225,-75.83986667,1.0,12.92,NaN,28.92,0.16,167.9
2018-08-04T17:00:00Z,BUD,Budds_Landing,39.37225,-75.83986667,1.0,13.22,NaN,29.07,0.16,172.3
2018-08-04T17:15:00Z,BUD,Budds_Landing,39.37225,-75.83986667,1.0,13.79,NaN,29.26,0.16,180.2
2018-08-04T17:30:00Z,BUD,Budds_Landing,39.37225,-75.83986667,1.0,13.03,NaN,29.03,0.16,169.6
2018-08-04T17:45:00Z,BUD,Budds_Landing,39.37225,-75.83986667,1.0,12.72,NaN,28.96,0.15,165.4
2018-08-04T18:00:00Z,BUD,Budds_Landing,39.37225,-75.83986667,1.0,13.51,NaN,29.26,0.16,176.5
2018-08-04T18:15:00Z,BUD,Budds_Landing,39.37225,-75.83986667,1.0,13.95,NaN,29.45,0.16,182.9
2018-08-04T18:30:00Z,BUD,Budds_Landing,39.37225,-75.83986667,1.0,14.28,NaN,29.63,0.16,187.9
2018-08-04T18:45:00Z,BUD,Budds_Landing,39.37225,-75.83986667,1.0,14.55,NaN,29.66,0.16,191.5
2018-08-04T19:00:00Z,BUD,Budds_Landing,39.37225,-75.83986667,1.0,15.17,NaN,29.93,0.16,200.6
2018-08-04T19:15:00Z,BUD,Budds_Landing,39.37225,-75.83986667,1.0,13.44,NaN,29.22,0.16,175.6
2018-08-04T19:30:00Z,BUD,Budds_Landing,39.37225,-75.83986667,1.0,14.17,NaN,29.46,0.16,185.8
2018-08-04T19:45:00Z,BUD,Budds_Landing,39.37225,-75.83986667,1.0,14.8,NaN,29.71,0.16,194.9
2018-08-04T20:00:00Z,BUD,Budds_Landing,39.37225,-75.83986667,1.0,15.46,NaN,29.71,0.15,203.6
2018-08-04T20:15:00Z,BUD,Budds_Landing,39.37225,-75.83986667,1.0,16.46,NaN,30.03,0.15,218.0
2018-08-04T20:30:00Z,BUD,Budds_Landing,39.37225,-75.83986667,1.0,15.54,NaN,29.6,0.15,204.4
2018-08-04T20:45:00Z,BUD,Budds_Landing,39.37225,-75.83986667,1.0,15.91,NaN,29.88,0.15,210.1
2018-08-04T21:00:00Z,BUD,Budds_Landing,39.37225,-75.83986667,1.0,15.65,NaN,29.73,0.15,206.2
2018-08-04T21:15:00Z,BUD,Budds_Landing,39.37225,-75.83986667,1.0,15.63,NaN,29.78,0.15,206.2
2018-08-04T21:30:00Z,BUD,Budds_Landing,39.37225,-75.83986667,1.0,16.02,NaN,29.94,0.15,211.8
2018-08-04T21:45:00Z,BUD,Budds_Landing,39.37225,-75.83986667,1.0,16.45,NaN,30.05,0.15,218.0
2018-08-04T22:00:00Z,BUD,Budds_Landing,39.37225,-75.83986667,1.0,16.16,NaN,29.98,0.15,213.9
2018-08-04T22:15:00Z,BUD,Budds_Landing,39.37225,-75.83986667,1.0,15.92,NaN,29.89,0.14,210.3
2018-08-04T22:30:00Z,BUD,Budds_Landing,39.37225,-75.83986667,1.0,16.14,NaN,29.82,0.14,213.0
2018-08-04T22:45:00Z,BUD,Budds_Landing,39.37225,-75.83986667,1.0,16.14,NaN,29.7,0.13,212.6
2018-08-04T23:00:00Z,BUD,Budds_Landing,39.37225,-75.83986667,1.0,15.93,NaN,29.76,0.13,210.0
2018-08-04T23:15:00Z,BUD,Budds_Landing,39.37225,-75.83986667,1.0,15.77,NaN,29.9,0.14,208.3
2018-08-04T23:30:00Z,BUD,Budds_Landing,39.37225,-75.83986667,1.0,16.5,NaN,30.28,0.14,219.6
2018-08-04T23:45:00Z,BUD,Budds_Landing,39.37225,-75.83986667,1.0,16.82,NaN,30.32,0.14,223.9
2018-08-05T00:00:00Z,BUD,Budds_Landing,39.37225,-75.83986667,1.0,18.04,NaN,30.42,0.14,240.6
2018-08-05T00:15:00Z,BUD,Budds_Landing,39.37225,-75.83986667,1.0,19.01,NaN,30.52,0.13,253.9
2018-08-05T00:30:00Z,BUD,Budds_Landing,39.37225,-75.83986667,1.0,18.56,NaN,30.41,0.12,247.4
2018-08-05T00:45:00Z,BUD,Budds_Landing,39.37225,-75.83986667,1.0,18.62,NaN,30.3,0.12,247.8
2018-08-05T01:00:00Z,BUD,Budds_Landing,39.37225,-75.83986667,1.0,18.63,NaN,30.27,0.12,247.7
2018-08-05T01:15:00Z,BUD,Budds_Landing,39.37225,-75.83986667,1.0,18.31,NaN,30.12,0.11,242.9
2018-08-05T01:30:00Z,BUD,Budds_Landing,39.37225,-75.83986667,1.0,17.8,NaN,30.07,0.11,235.9
2018-08-05T01:45:00Z,BUD,Budds_Landing,39.37225,-75.83986667,1.0,17.72,NaN,30.13,0.12,235.0
2018-08-05T02:00:00Z,BUD,Budds_Landing,39.37225,-75.83986667,1.0,17.71,NaN,30.11,0.12,234.8
2018-08-05T02:15:00Z,BUD,Budds_Landing,39.37225,-75.83986667,1.0,17.87,NaN,30.13,0.12,237.1
2018-08-05T02:30:00Z,BUD,Budds_Landing,39.37225,-75.83986667,1.0,16.8,NaN,30.09,0.13,222.7
2018-08-05T02:45:00Z,BUD,Budds_Landing,39.37225,-75.83986667,1.0,16.48,NaN,29.97,0.13,218.0
2018-08-05T03:00:00Z,BUD,Budds_Landing,39.37225,-75.83986667,1.0,16.04,NaN,29.85,0.14,211.8
2018-08-05T03:15:00Z,BUD,Budds_Landing,39.37225,-75.83986667,1.0,16.48,NaN,29.87,0.13,217.7
2018-08-05T03:30:00Z,BUD,Budds_Landing,39.37225,-75.83986667,1.0,16.25,NaN,29.77,0.13,214.3
2018-08-05T03:45:00Z,BUD,Budds_Landing,39.37225,-75.83986667,1.0,16.16,NaN,29.72,0.13,212.9
2018-08-05T04:00:00Z,BUD,Budds_Landing,39.37225,-75.83986667,1.0,16.05,NaN,29.71,0.13,211.3
2018-08-05T04:15:00Z,BUD,Budds_Landing,39.37225,-75.83986667,1.0,16.06,NaN,29.7,0.13,211.5
2018-08-05T04:30:00Z,BUD,Budds_Landing,39.37225,-75.83986667,1.0,16.35,NaN,29.68,0.13,215.2
2018-08-05T04:45:00Z,BUD,Budds_Landing,39.37225,-75.83986667,1.0,15.45,NaN,29.58,0.13,203.0
2018-08-05T05:00:00Z,BUD,Budds_Landing,39.37225,-75.83986667,1.0,15.09,NaN,29.53,0.13,198.1
2018-08-05T05:15:00Z,BUD,Budds_Landing,39.37225,-75.83986667,1.0,14.08,NaN,29.43,0.14,184.6
2018-08-05T05:30:00Z,BUD,Budds_Landing,39.37225,-75.83986667,1.0,13.82,NaN,29.39,0.14,181.0
2018-08-05T05:45:00Z,BUD,Budds_Landing,39.37225,-75.83986667,1.0,13.3,NaN,29.39,0.15,174.2
2018-08-05T06:00:00Z,BUD,Budds_Landing,39.37225,-75.83986667,1.0,12.93,NaN,29.38,0.15,169.4
2018-08-05T06:15:00Z,BUD,Budds_Landing,39.37225,-75.83986667,1.0,12.38,NaN,29.39,0.15,162.1
2018-08-05T06:30:00Z,BUD,Budds_Landing,39.37225,-75.83986667,1.0,12.35,NaN,29.37,0.15,161.7
2018-08-05T06:45:00Z,BUD,Budds_Landing,39.37225,-75.83986667,1.0,12.25,NaN,29.33,0.15,160.3
2018-08-05T07:00:00Z,BUD,Budds_Landing,39.37225,-75.83986667,1.0,11.96,NaN,29.27,0.15,156.4
2018-08-05T07:15:00Z,BUD,Budds_Landing,39.37225,-75.83986667,1.0,11.74,NaN,29.24,0.16,153.3
2018-08-05T07:30:00Z,BUD,Budds_Landing,39.37225,-75.83986667,1.0,11.61,NaN,29.21,0.16,151.6
2018-08-05T07:45:00Z,BUD,Budds_Landing,39.37225,-75.83986667,1.0,11.28,NaN,29.21,0.16,147.3
2018-08-05T08:00:00Z,BUD,Budds_Landing,39.37225,-75.83986667,1.0,11.09,NaN,29.19,0.16,144.8
2018-08-05T08:15:00Z,BUD,Budds_Landing,39.37225,-75.83986667,1.0,11.07,NaN,29.19,0.16,144.5
2018-08-05T08:30:00Z,BUD,Budds_Landing,39.37225,-75.83986667,1.0,11.2,NaN,29.17,0.16,146.2
2018-08-05T08:45:00Z,BUD,Budds_Landing,39.37225,-75.83986667,1.0,11.31,NaN,29.12,0.15,147.5
2018-08-05T09:00:00Z,BUD,Budds_Landing,39.37225,-75.83986667,1.0,11.43,NaN,29.09,0.15,149.0
2018-08-05T09:15:00Z,BUD,Budds_Landing,39.37225,-75.83986667,1.0,12.06,NaN,28.96,0.14,156.7
2018-08-05T09:30:00Z,BUD,Budds_Landing,39.37225,-75.83986667,1.0,12.1,NaN,28.96,0.14,157.3
2018-08-05T09:45:00Z,BUD,Budds_Landing,39.37225,-75.83986667,1.0,11.44,NaN,28.98,0.15,148.7
2018-08-05T10:00:00Z,BUD,Budds_Landing,39.37225,-75.83986667,1.0,11.63,NaN,28.92,0.14,151.2
2018-08-05T10:15:00Z,BUD,Budds_Landing,39.37225,-75.83986667,1.0,11.48,NaN,28.9,0.14,149.1
2018-08-05T10:30:00Z,BUD,Budds_Landing,39.37225,-75.83986667,1.0,11.24,NaN,28.84,0.14,145.8
2018-08-05T10:45:00Z,BUD,Budds_Landing,39.37225,-75.83986667,1.0,11.39,NaN,28.71,0.13,147.4
2018-08-05T11:00:00Z,BUD,Budds_Landing,39.37225,-75.83986667,1.0,11.33,NaN,28.71,0.13,146.7
2018-08-05T11:15:00Z,BUD,Budds_Landing,39.37225,-75.83986667,1.0,11.24,NaN,28.81,0.14,145.7
2018-08-05T11:30:00Z,BUD,Budds_Landing,39.37225,-75.83986667,1.0,11.23,NaN,28.72,0.13,145.4
2018-08-05T11:45:00Z,BUD,Budds_Landing,39.37225,-75.83986667,1.0,11.52,NaN,28.76,0.14,149.3
2018-08-05T12:00:00Z,BUD,Budds_Landing,39.37225,-75.83986667,1.0,11.79,NaN,28.79,0.13,152.9
2018-08-05T12:15:00Z,BUD,Budds_Landing,39.37225,-75.83986667,1.0,12.05,NaN,28.78,0.13,156.2
2018-08-05T12:30:00Z,BUD,Budds_Landing,39.37225,-75.83986667,1.0,12.25,NaN,28.8,0.13,158.8
2018-08-05T12:45:00Z,BUD,Budds_Landing,39.37225,-75.83986667,1.0,12.29,NaN,28.82,0.13,159.4
2018-08-05T13:00:00Z,BUD,Budds_Landing,39.37225,-75.83986667,1.0,12.58,NaN,28.84,0.13,163.2
2018-08-05T13:15:00Z,BUD,Budds_Landing,39.37225,-75.83986667,1.0,12.37,NaN,28.84,0.13,160.5
2018-08-05T13:30:00Z,BUD,Budds_Landing,39.37225,-75.83986667,1.0,12.13,NaN,28.85,0.13,157.4
2018-08-05T13:45:00Z,BUD,Budds_Landing,39.37225,-75.83986667,1.0,12.94,NaN,28.8,0.13,167.7
2018-08-05T14:00:00Z,BUD,Budds_Landing,39.37225,-75.83986667,1.0,12.89,NaN,28.76,0.12,167.1
2018-08-05T14:15:00Z,BUD,Budds_Landing,39.37225,-75.83986667,1.0,13.16,NaN,28.78,0.12,170.6
2018-08-05T14:30:00Z,BUD,Budds_Landing,39.37225,-75.83986667,1.0,12.93,NaN,28.76,0.12,167.5
2018-08-05T14:45:00Z,BUD,Budds_Landing,39.37225,-75.83986667,1.0,13.18,NaN,28.84,0.12,171.0
2018-08-05T15:00:00Z,BUD,Budds_Landing,39.37225,-75.83986667,1.0,13.04,NaN,28.84,0.12,169.2
2018-08-05T15:15:00Z,BUD,Budds_Landing,39.37225,-75.83986667,1.0,12.75,NaN,28.75,0.12,165.2
2018-08-05T15:30:00Z,BUD,Budds_Landing,39.37225,-75.83986667,1.0,12.87,NaN,28.78,0.12,166.8
2018-08-05T15:45:00Z,BUD,Budds_Landing,39.37225,-75.83986667,1.0,13.39,NaN,29.02,0.13,174.3
2018-08-05T16:00:00Z,BUD,Budds_Landing,39.37225,-75.83986667,1.0,14.8,NaN,29.34,0.13,193.7
2018-08-05T16:15:00Z,BUD,Budds_Landing,39.37225,-75.83986667,1.0,17.16,NaN,29.83,0.14,226.6
2018-08-05T16:30:00Z,BUD,Budds_Landing,39.37225,-75.83986667,1.0,17.07,NaN,29.91,0.14,225.6
2018-08-05T16:45:00Z,BUD,Budds_Landing,39.37225,-75.83986667,1.0,17.89,NaN,30.31,0.14,238.1
2018-08-05T17:00:00Z,BUD,Budds_Landing,39.37225,-75.83986667,1.0,18.67,NaN,30.9,0.14,251.0
2018-08-05T17:15:00Z,BUD,Budds_Landing,39.37225,-75.83986667,1.0,17.56,NaN,30.15,0.14,233.1
2018-08-05T17:30:00Z,BUD,Budds_Landing,39.37225,-75.83986667,1.0,17.91,NaN,31.14,0.15,241.8
2018-08-05T17:45:00Z,BUD,Budds_Landing,39.37225,-75.83986667,1.0,17.03,NaN,31.35,0.15,230.7
2018-08-05T18:00:00Z,BUD,Budds_Landing,39.37225,-75.83986667,1.0,15.98,NaN,31.46,0.16,217.0
2018-08-05T18:15:00Z,BUD,Budds_Landing,39.37225,-75.83986667,1.0,15.68,NaN,31.14,0.15,211.7
2018-08-05T18:30:00Z,BUD,Budds_Landing,39.37225,-75.83986667,1.0,15.54,NaN,30.89,0.15,209.0
2018-08-05T18:45:00Z,BUD,Budds_Landing,39.37225,-75.83986667,1.0,15.88,NaN,30.83,0.15,213.3
2018-08-05T19:00:00Z,BUD,Budds_Landing,39.37225,-75.83986667,1.0,15.4,NaN,30.84,0.15,206.9
2018-08-05T19:15:00Z,BUD,Budds_Landing,39.37225,-75.83986667,1.0,15.04,NaN,30.9,0.16,202.2
2018-08-05T19:30:00Z,BUD,Budds_Landing,39.37225,-75.83986667,1.0,14.16,NaN,30.38,0.15,188.7
2018-08-05T19:45:00Z,BUD,Budds_Landing,39.37225,-75.83986667,1.0,14.83,NaN,30.71,0.16,198.8
2018-08-05T20:00:00Z,BUD,Budds_Landing,39.37225,-75.83986667,1.0,13.0,NaN,30.39,0.15,173.2
2018-08-05T20:15:00Z,BUD,Budds_Landing,39.37225,-75.83986667,1.0,12.6,NaN,29.91,0.15,166.6
2018-08-05T20:30:00Z,BUD,Budds_Landing,39.37225,-75.83986667,1.0,12.72,NaN,29.81,0.15,167.8
2018-08-05T20:45:00Z,BUD,Budds_Landing,39.37225,-75.83986667,1.0,13.67,NaN,30.45,0.15,182.4
2018-08-05T21:00:00Z,BUD,Budds_Landing,39.37225,-75.83986667,1.0,15.36,NaN,29.99,0.13,203.3
2018-08-05T21:15:00Z,BUD,Budds_Landing,39.37225,-75.83986667,1.0,14.78,NaN,29.71,0.13,194.7
2018-08-05T21:30:00Z,BUD,Budds_Landing,39.37225,-75.83986667,1.0,15.24,NaN,30.27,0.13,202.7
2018-08-05T21:45:00Z,BUD,Budds_Landing,39.37225,-75.83986667,1.0,15.69,NaN,30.72,0.15,210.3
2018-08-05T22:00:00Z,BUD,Budds_Landing,39.37225,-75.83986667,1.0,16.22,NaN,30.79,0.15,217.6
2018-08-05T22:15:00Z,BUD,Budds_Landing,39.37225,-75.83986667,1.0,14.8,NaN,30.37,0.14,197.2
2018-08-05T22:30:00Z,BUD,Budds_Landing,39.37225,-75.83986667,1.0,16.01,NaN,30.76,0.14,214.8
2018-08-05T22:45:00Z,BUD,Budds_Landing,39.37225,-75.83986667,1.0,16.1,NaN,30.8,0.14,216.1
2018-08-05T23:00:00Z,BUD,Budds_Landing,39.37225,-75.83986667,1.0,15.38,NaN,30.73,0.14,206.2
2018-08-05T23:15:00Z,BUD,Budds_Landing,39.37225,-75.83986667,1.0,15.39,NaN,30.71,0.14,206.2
2018-08-05T23:30:00Z,BUD,Budds_Landing,39.37225,-75.83986667,1.0,17.47,NaN,31.32,0.14,236.6
2018-08-05T23:45:00Z,BUD,Budds_Landing,39.37225,-75.83986667,1.0,16.9,NaN,31.28,0.14,228.7
2018-08-06T00:00:00Z,BUD,Budds_Landing,39.37225,-75.83986667,1.0,16.82,NaN,31.09,0.14,226.9
2018-08-06T00:15:00Z,BUD,Budds_Landing,39.37225,-75.83986667,1.0,18.13,NaN,31.68,0.14,247.0
2018-08-06T00:30:00Z,BUD,Budds_Landing,39.37225,-75.83986667,1.0,19.4,NaN,31.89,0.14,265.3
2018-08-06T00:45:00Z,BUD,Budds_Landing,39.37225,-75.83986667,1.0,19.72,NaN,31.69,0.14,268.7
2018-08-06T01:00:00Z,BUD,Budds_Landing,39.37225,-75.83986667,1.0,19.0,NaN,31.71,0.13,259.0
2018-08-06T01:15:00Z,BUD,Budds_Landing,39.37225,-75.83986667,1.0,18.88,NaN,31.76,0.14,257.5
2018-08-06T01:30:00Z,BUD,Budds_Landing,39.37225,-75.83986667,1.0,18.9,NaN,31.8,0.14,258.0
2018-08-06T01:45:00Z,BUD,Budds_Landing,39.37225,-75.83986667,1.0,18.69,NaN,31.74,0.14,254.9
2018-08-06T02:00:00Z,BUD,Budds_Landing,39.37225,-75.83986667,1.0,18.95,NaN,31.72,0.14,258.3
2018-08-06T02:15:00Z,BUD,Budds_Landing,39.37225,-75.83986667,1.0,17.55,NaN,31.66,0.13,239.1
2018-08-06T02:30:00Z,BUD,Budds_Landing,39.37225,-75.83986667,1.0,17.57,NaN,31.57,0.13,239.0
2018-08-06T02:45:00Z,BUD,Budds_Landing,39.37225,-75.83986667,1.0,16.91,NaN,31.45,0.14,229.5
2018-08-06T03:00:00Z,BUD,Budds_Landing,39.37225,-75.83986667,1.0,18.12,NaN,31.55,0.14,246.4
2018-08-06T03:15:00Z,BUD,Budds_Landing,39.37225,-75.83986667,1.0,17.33,NaN,31.37,0.14,234.9
2018-08-06T03:30:00Z,BUD,Budds_Landing,39.37225,-75.83986667,1.0,17.32,NaN,31.41,0.13,234.9
2018-08-06T03:45:00Z,BUD,Budds_Landing,39.37225,-75.83986667,1.0,17.16,NaN,31.4,0.13,232.6
2018-08-06T04:00:00Z,BUD,Budds_Landing,39.37225,-75.83986667,1.0,15.97,NaN,31.19,0.14,215.7
2018-08-06T04:15:00Z,BUD,Budds_Landing,39.37225,-75.83986667,1.0,15.6,NaN,31.03,0.14,210.2
2018-08-06T04:30:00Z,BUD,Budds_Landing,39.37225,-75.83986667,1.0,15.66,NaN,31.11,0.14,211.3
2018-08-06T04:45:00Z,BUD,Budds_Landing,39.37225,-75.83986667,1.0,16.18,NaN,31.15,0.14,218.4
2018-08-06T05:00:00Z,BUD,Budds_Landing,39.37225,-75.83986667,1.0,16.15,NaN,31.14,0.14,218.0
2018-08-06T05:15:00Z,BUD,Budds_Landing,39.37225,-75.83986667,1.0,14.28,NaN,30.85,0.14,191.9
2018-08-06T05:30:00Z,BUD,Budds_Landing,39.37225,-75.83986667,1.0,13.29,NaN,30.64,0.15,178.0
2018-08-06T05:45:00Z,BUD,Budds_Landing,39.37225,-75.83986667,1.0,12.32,NaN,30.44,0.16,164.3
2018-08-06T06:00:00Z,BUD,Budds_Landing,39.37225,-75.83986667,1.0,12.12,NaN,30.43,0.16,161.6
2018-08-06T06:15:00Z,BUD,Budds_Landing,39.37225,-75.83986667,1.0,12.11,NaN,30.43,0.16,161.5
2018-08-06T06:30:00Z,BUD,Budds_Landing,39.37225,-75.83986667,1.0,11.71,NaN,30.42,0.16,156.1
2018-08-06T06:45:00Z,BUD,Budds_Landing,39.37225,-75.83986667,1.0,11.56,NaN,30.38,0.16,154.1
2018-08-06T07:00:00Z,BUD,Budds_Landing,39.37225,-75.83986667,1.0,11.94,NaN,30.28,0.16,158.8
2018-08-06T07:15:00Z,BUD,Budds_Landing,39.37225,-75.83986667,1.0,11.39,NaN,30.27,0.16,151.5
2018-08-06T07:30:00Z,BUD,Budds_Landing,39.37225,-75.83986667,1.0,11.44,NaN,30.21,0.16,152.0
2018-08-06T07:45:00Z,BUD,Budds_Landing,39.37225,-75.83986667,1.0,11.04,NaN,30.18,0.16,146.6
2018-08-06T08:00:00Z,BUD,Budds_Landing,39.37225,-75.83986667,1.0,10.92,NaN,30.15,0.16,145.0
2018-08-06T08:15:00Z,BUD,Budds_Landing,39.37225,-75.83986667,1.0,10.86,NaN,30.12,0.16,144.1
2018-08-06T08:30:00Z,BUD,Budds_Landing,39.37225,-75.83986667,1.0,10.63,NaN,30.1,0.16,141.0
2018-08-06T08:45:00Z,BUD,Budds_Landing,39.37225,-75.83986667,1.0,10.43,NaN,30.09,0.16,138.3
2018-08-06T09:00:00Z,BUD,Budds_Landing,39.37225,-75.83986667,1.0,10.42,NaN,30.09,0.16,138.2
2018-08-06T09:15:00Z,BUD,Budds_Landing,39.37225,-75.83986667,1.0,10.36,NaN,30.08,0.16,137.4
2018-08-06T09:30:00Z,BUD,Budds_Landing,39.37225,-75.83986667,1.0,10.66,NaN,30.11,0.16,141.3
2018-08-06T09:45:00Z,BUD,Budds_Landing,39.37225,-75.83986667,1.0,10.65,NaN,30.1,0.16,141.2
2018-08-06T10:00:00Z,BUD,Budds_Landing,39.37225,-75.83986667,1.0,11.12,NaN,30.08,0.15,147.4
2018-08-06T10:15:00Z,BUD,Budds_Landing,39.37225,-75.83986667,1.0,11.18,NaN,30.02,0.15,148.1
2018-08-06T10:30:00Z,BUD,Budds_Landing,39.37225,-75.83986667,1.0,10.83,NaN,29.98,0.15,143.4
2018-08-06T10:45:00Z,BUD,Budds_Landing,39.37225,-75.83986667,1.0,10.61,NaN,29.94,0.16,140.4
2018-08-06T11:00:00Z,BUD,Budds_Landing,39.37225,-75.83986667,1.0,10.55,NaN,29.92,0.15,139.5
2018-08-06T11:15:00Z,BUD,Budds_Landing,39.37225,-75.83986667,1.0,10.59,NaN,29.9,0.15,139.9
2018-08-06T11:30:00Z,BUD,Budds_Landing,39.37225,-75.83986667,1.0,10.6,NaN,29.89,0.14,140.0
2018-08-06T11:45:00Z,BUD,Budds_Landing,39.37225,-75.83986667,1.0,10.41,NaN,29.88,0.14,137.6
2018-08-06T12:00:00Z,BUD,Budds_Landing,39.37225,-75.83986667,1.0,10.23,NaN,29.87,0.15,135.1
2018-08-06T12:15:00Z,BUD,Budds_Landing,39.37225,-75.83986667,1.0,10.74,NaN,29.88,0.15,141.9
2018-08-06T12:30:00Z,BUD,Budds_Landing,39.37225,-75.83986667,1.0,11.49,NaN,29.96,0.14,152.0
2018-08-06T12:45:00Z,BUD,Budds_Landing,39.37225,-75.83986667,1.0,11.15,NaN,29.91,0.15,147.4
2018-08-06T13:00:00Z,BUD,Budds_Landing,39.37225,-75.83986667,1.0,11.25,NaN,29.95,0.14,148.8
2018-08-06T13:15:00Z,BUD,Budds_Landing,39.37225,-75.83986667,1.0,11.82,NaN,29.99,0.14,156.4
2018-08-06T13:30:00Z,BUD,Budds_Landing,39.37225,-75.83986667,1.0,10.97,NaN,29.9,0.15,145.0
2018-08-06T13:45:00Z,BUD,Budds_Landing,39.37225,-75.83986667,1.0,13.01,NaN,30.09,0.14,172.4
2018-08-06T14:00:00Z,BUD,Budds_Landing,39.37225,-75.83986667,1.0,13.05,NaN,30.14,0.14,173.2
2018-08-06T14:15:00Z,BUD,Budds_Landing,39.37225,-75.83986667,1.0,12.84,NaN,30.05,0.14,170.1
2018-08-06T14:30:00Z,BUD,Budds_Landing,39.37225,-75.83986667,1.0,12.27,NaN,30.02,0.14,162.5
2018-08-06T14:45:00Z,BUD,Budds_Landing,39.37225,-75.83986667,1.0,12.16,NaN,30.02,0.14,161.0
2018-08-06T15:00:00Z,BUD,Budds_Landing,39.37225,-75.83986667,1.0,12.55,NaN,30.09,0.14,166.4
2018-08-06T15:15:00Z,BUD,Budds_Landing,39.37225,-75.83986667,1.0,12.6,NaN,30.08,0.14,167.1
2018-08-06T15:30:00Z,BUD,Budds_Landing,39.37225,-75.83986667,1.0,12.31,NaN,30.06,0.14,163.2
2018-08-06T15:45:00Z,BUD,Budds_Landing,39.37225,-75.83986667,1.0,12.24,NaN,30.07,0.14,162.2
2018-08-06T16:00:00Z,BUD,Budds_Landing,39.37225,-75.83986667,1.0,12.26,NaN,30.05,0.14,162.4
2018-08-06T16:15:00Z,BUD,Budds_Landing,39.37225,-75.83986667,1.0,12.13,NaN,30.07,0.14,160.7
2018-08-06T16:30:00Z,BUD,Budds_Landing,39.37225,-75.83986667,1.0,12.86,NaN,30.19,0.14,170.8
2018-08-06T16:45:00Z,BUD,Budds_Landing,39.37225,-75.83986667,1.0,13.37,NaN,30.31,0.14,177.9
2018-08-06T17:00:00Z,BUD,Budds_Landing,39.37225,-75.83986667,1.0,14.13,NaN,30.48,0.14,188.6
2018-08-06T17:15:00Z,BUD,Budds_Landing,39.37225,-75.83986667,1.0,14.63,NaN,30.49,0.14,195.3
2018-08-06T17:30:00Z,BUD,Budds_Landing,39.37225,-75.83986667,1.0,16.87,NaN,31.15,0.15,227.8
2018-08-06T17:45:00Z,BUD,Budds_Landing,39.37225,-75.83986667,1.0,17.0,NaN,31.18,0.15,229.7
2018-08-06T18:00:00Z,BUD,Budds_Landing,39.37225,-75.83986667,1.0,16.14,NaN,30.75,0.15,216.4
2018-08-06T18:15:00Z,BUD,Budds_Landing,39.37225,-75.83986667,1.0,16.46,NaN,30.96,0.15,221.5
2018-08-06T18:30:00Z,BUD,Budds_Landing,39.37225,-75.83986667,1.0,16.01,NaN,30.94,0.15,215.4
2018-08-06T18:45:00Z,BUD,Budds_Landing,39.37225,-75.83986667,1.0,16.77,NaN,31.92,0.16,229.4
2018-08-06T19:00:00Z,BUD,Budds_Landing,39.37225,-75.83986667,1.0,16.49,NaN,32.31,0.16,227.1
2018-08-06T19:15:00Z,BUD,Budds_Landing,39.37225,-75.83986667,1.0,16.57,NaN,32.35,0.16,228.3
2018-08-06T19:30:00Z,BUD,Budds_Landing,39.37225,-75.83986667,1.0,15.56,NaN,31.71,0.16,212.2
2018-08-06T19:45:00Z,BUD,Budds_Landing,39.37225,-75.83986667,1.0,14.96,NaN,31.7,0.16,203.9
2018-08-06T20:00:00Z,BUD,Budds_Landing,39.37225,-75.83986667,1.0,15.14,NaN,31.49,0.16,205.6
2018-08-06T20:15:00Z,BUD,Budds_Landing,39.37225,-75.83986667,1.0,15.25,NaN,31.53,0.16,207.3
2018-08-06T20:30:00Z,BUD,Budds_Landing,39.37225,-75.83986667,1.0,14.94,NaN,31.4,0.16,202.6
2018-08-06T20:45:00Z,BUD,Budds_Landing,39.37225,-75.83986667,1.0,15.28,NaN,31.86,0.16,208.8
2018-08-06T21:00:00Z,BUD,Budds_Landing,39.37225,-75.83986667,1.0,15.48,NaN,31.91,0.16,211.8
2018-08-06T21:15:00Z,BUD,Budds_Landing,39.37225,-75.83986667,1.0,14.62,NaN,31.73,0.16,199.4
2018-08-06T21:30:00Z,BUD,Budds_Landing,39.37225,-75.83986667,1.0,12.66,NaN,30.77,0.15,169.8
2018-08-06T21:45:00Z,BUD,Budds_Landing,39.37225,-75.83986667,1.0,12.2,NaN,30.61,0.15,163.3
2018-08-06T22:00:00Z,BUD,Budds_Landing,39.37225,-75.83986667,1.0,12.87,NaN,30.86,0.15,172.9
2018-08-06T22:15:00Z,BUD,Budds_Landing,39.37225,-75.83986667,1.0,15.23,NaN,31.21,0.15,205.8
2018-08-06T22:30:00Z,BUD,Budds_Landing,39.37225,-75.83986667,1.0,13.77,NaN,31.25,0.14,186.3
2018-08-06T22:45:00Z,BUD,Budds_Landing,39.37225,-75.83986667,1.0,14.59,NaN,31.34,0.15,197.6
2018-08-06T23:00:00Z,BUD,Budds_Landing,39.37225,-75.83986667,1.0,13.78,NaN,31.1,0.15,186.0
2018-08-06T23:15:00Z,BUD,Budds_Landing,39.37225,-75.83986667,1.0,14.0,NaN,31.6,0.15,190.4
2018-08-06T23:30:00Z,BUD,Budds_Landing,39.37225,-75.83986667,1.0,14.68,NaN,31.86,0.15,200.7
2018-08-06T23:45:00Z,BUD,Budds_Landing,39.37225,-75.83986667,1.0,15.33,NaN,31.67,0.15,208.8
2018-08-07T00:00:00Z,BUD,Budds_Landing,39.37225,-75.83986667,1.0,15.06,NaN,31.69,0.15,205.3
2018-08-07T00:15:00Z,BUD,Budds_Landing,39.37225,-75.83986667,1.0,15.92,NaN,31.83,0.15,217.5
2018-08-07T00:30:00Z,BUD,Budds_Landing,39.37225,-75.83986667,1.0,16.65,NaN,32.0,0.15,228.2
2018-08-07T00:45:00Z,BUD,Budds_Landing,39.37225,-75.83986667,1.0,16.47,NaN,31.83,0.15,225.0
2018-08-07T01:00:00Z,BUD,Budds_Landing,39.37225,-75.83986667,1.0,16.03,NaN,31.74,0.15,218.6
2018-08-07T01:15:00Z,BUD,Budds_Landing,39.37225,-75.83986667,1.0,16.27,NaN,31.78,0.15,222.0
2018-08-07T01:30:00Z,BUD,Budds_Landing,39.37225,-75.83986667,1.0,16.6,NaN,31.75,0.14,226.5
2018-08-07T01:45:00Z,BUD,Budds_Landing,39.37225,-75.83986667,1.0,16.51,NaN,31.87,0.15,225.6
2018-08-07T02:00:00Z,BUD,Budds_Landing,39.37225,-75.83986667,1.0,16.8,NaN,31.79,0.14,229.3
2018-08-07T02:15:00Z,BUD,Budds_Landing,39.37225,-75.83986667,1.0,16.26,NaN,31.79,0.14,221.9
2018-08-07T02:30:00Z,BUD,Budds_Landing,39.37225,-75.83986667,1.0,16.29,NaN,31.75,0.14,222.2
2018-08-07T02:45:00Z,BUD,Budds_Landing,39.37225,-75.83986667,1.0,16.39,NaN,31.71,0.14,223.4
2018-08-07T03:00:00Z,BUD,Budds_Landing,39.37225,-75.83986667,1.0,15.84,NaN,31.69,0.14,215.8
2018-08-07T03:15:00Z,BUD,Budds_Landing,39.37225,-75.83986667,1.0,15.15,NaN,31.66,0.15,206.4
2018-08-07T03:30:00Z,BUD,Budds_Landing,39.37225,-75.83986667,1.0,15.45,NaN,31.62,0.15,210.3
2018-08-07T03:45:00Z,BUD,Budds_Landing,39.37225,-75.83986667,1.0,14.56,NaN,31.58,0.15,198.0
2018-08-07T04:00:00Z,BUD,Budds_Landing,39.37225,-75.83986667,1.0,14.04,NaN,31.55,0.15,190.9
2018-08-07T04:15:00Z,BUD,Budds_Landing,39.37225,-75.83986667,1.0,14.2,NaN,31.41,0.15,192.7
2018-08-07T04:30:00Z,BUD,Budds_Landing,39.37225,-75.83986667,1.0,13.79,NaN,31.13,0.15,186.2
2018-08-07T04:45:00Z,BUD,Budds_Landing,39.37225,-75.83986667,1.0,14.38,NaN,31.2,0.15,194.3
2018-08-07T05:00:00Z,BUD,Budds_Landing,39.37225,-75.83986667,1.0,14.5,NaN,31.16,0.14,195.9
2018-08-07T05:15:00Z,BUD,Budds_Landing,39.37225,-75.83986667,1.0,14.16,NaN,30.98,0.15,190.6
2018-08-07T05:30:00Z,BUD,Budds_Landing,39.37225,-75.83986667,1.0,13.99,NaN,30.9,0.15,188.2
2018-08-07T05:45:00Z,BUD,Budds_Landing,39.37225,-75.83986667,1.0,14.06,NaN,30.91,0.15,189.1
2018-08-07T06:00:00Z,BUD,Budds_Landing,39.37225,-75.83986667,1.0,13.91,NaN,30.99,0.14,187.3
2018-08-07T06:15:00Z,BUD,Budds_Landing,39.37225,-75.83986667,1.0,13.16,NaN,30.9,0.15,177.0
2018-08-07T06:30:00Z,BUD,Budds_Landing,39.37225,-75.83986667,1.0,12.33,NaN,30.84,0.15,165.7
2018-08-07T06:45:00Z,BUD,Budds_Landing,39.37225,-75.83986667,1.0,11.55,NaN,30.78,0.16,155.0
2018-08-07T07:00:00Z,BUD,Budds_Landing,39.37225,-75.83986667,1.0,10.56,NaN,30.67,0.16,141.4
2018-08-07T07:15:00Z,BUD,Budds_Landing,39.37225,-75.83986667,1.0,10.12,NaN,30.59,0.16,135.4
2018-08-07T07:30:00Z,BUD,Budds_Landing,39.37225,-75.83986667,1.0,9.84,NaN,30.54,0.16,131.4
2018-08-07T07:45:00Z,BUD,Budds_Landing,39.37225,-75.83986667,1.0,9.32,NaN,30.45,0.16,124.4
2018-08-07T08:00:00Z,BUD,Budds_Landing,39.37225,-75.83986667,1.0,9.21,NaN,30.4,0.16,122.8
2018-08-07T08:15:00Z,BUD,Budds_Landing,39.37225,-75.83986667,1.0,9.07,NaN,30.36,0.17,120.8
2018-08-07T08:30:00Z,BUD,Budds_Landing,39.37225,-75.83986667,1.0,9.05,NaN,30.37,0.17,120.6
2018-08-07T08:45:00Z,BUD,Budds_Landing,39.37225,-75.83986667,1.0,9.01,NaN,30.34,0.17,120.0
2018-08-07T09:00:00Z,BUD,Budds_Landing,39.37225,-75.83986667,1.0,8.84,NaN,30.35,0.17,117.8
2018-08-07T09:15:00Z,BUD,Budds_Landing,39.37225,-75.83986667,1.0,9.11,NaN,30.28,0.17,121.3
2018-08-07T09:30:00Z,BUD,Budds_Landing,39.37225,-75.83986667,1.0,9.02,NaN,30.23,0.17,119.9
2018-08-07T09:45:00Z,BUD,Budds_Landing,39.37225,-75.83986667,1.0,8.94,NaN,30.23,0.17,118.8
2018-08-07T10:00:00Z,BUD,Budds_Landing,39.37225,-75.83986667,1.0,8.66,NaN,30.26,0.17,115.1
2018-08-07T10:15:00Z,BUD,Budds_Landing,39.37225,-75.83986667,1.0,8.77,NaN,30.21,0.17,116.5
2018-08-07T10:30:00Z,BUD,Budds_Landing,39.37225,-75.83986667,1.0,8.74,NaN,30.2,0.16,116.1
2018-08-07T10:45:00Z,BUD,Budds_Landing,39.37225,-75.83986667,1.0,9.4,NaN,30.21,0.16,124.9
2018-08-07T11:00:00Z,BUD,Budds_Landing,39.37225,-75.83986667,1.0,10.16,NaN,30.2,0.15,135.0
2018-08-07T11:15:00Z,BUD,Budds_Landing,39.37225,-75.83986667,1.0,9.5,NaN,30.18,0.16,126.2
2018-08-07T11:30:00Z,BUD,Budds_Landing,39.37225,-75.83986667,1.0,9.37,NaN,30.16,0.16,124.4
2018-08-07T11:45:00Z,BUD,Budds_Landing,39.37225,-75.83986667,1.0,9.14,NaN,30.14,0.16,121.4
2018-08-07T12:00:00Z,BUD,Budds_Landing,39.37225,-75.83986667,1.0,9.41,NaN,30.16,0.16,124.9
2018-08-07T12:15:00Z,BUD,Budds_Landing,39.37225,-75.83986667,1.0,9.03,NaN,30.13,0.16,119.9
2018-08-07T12:30:00Z,BUD,Budds_Landing,39.37225,-75.83986667,1.0,9.44,NaN,30.08,0.15,125.1
2018-08-07T12:45:00Z,BUD,Budds_Landing,39.37225,-75.83986667,1.0,9.59,NaN,30.19,0.16,127.4
2018-08-07T13:00:00Z,BUD,Budds_Landing,39.37225,-75.83986667,1.0,10.04,NaN,30.24,0.16,133.4
2018-08-07T13:15:00Z,BUD,Budds_Landing,39.37225,-75.83986667,1.0,10.39,NaN,30.28,0.15,138.3
2018-08-07T13:30:00Z,BUD,Budds_Landing,39.37225,-75.83986667,1.0,10.39,NaN,30.31,0.15,138.3
2018-08-07T13:45:00Z,BUD,Budds_Landing,39.37225,-75.83986667,1.0,10.59,NaN,30.35,0.15,141.1
2018-08-07T14:00:00Z,BUD,Budds_Landing,39.37225,-75.83986667,1.0,10.93,NaN,30.45,0.15,145.9
2018-08-07T14:15:00Z,BUD,Budds_Landing,39.37225,-75.83986667,1.0,10.79,NaN,30.43,0.15,143.9
2018-08-07T14:30:00Z,BUD,Budds_Landing,39.37225,-75.83986667,1.0,12.18,NaN,30.69,0.15,163.1
2018-08-07T14:45:00Z,BUD,Budds_Landing,39.37225,-75.83986667,1.0,11.9,NaN,30.6,0.15,159.2
2018-08-07T15:00:00Z,BUD,Budds_Landing,39.37225,-75.83986667,1.0,12.19,NaN,30.8,0.14,163.7
2018-08-07T15:15:00Z,BUD,Budds_Landing,39.37225,-75.83986667,1.0,11.82,NaN,30.48,0.14,157.7
2018-08-07T15:30:00Z,BUD,Budds_Landing,39.37225,-75.83986667,1.0,12.22,NaN,30.47,0.14,163.1
2018-08-07T15:45:00Z,BUD,Budds_Landing,39.37225,-75.83986667,1.0,11.67,NaN,30.41,0.14,155.6
2018-08-07T16:00:00Z,BUD,Budds_Landing,39.37225,-75.83986667,1.0,12.05,NaN,31.03,0.14,162.4
2018-08-07T16:15:00Z,BUD,Budds_Landing,39.37225,-75.83986667,1.0,13.16,NaN,31.19,0.14,177.8
2018-08-07T16:30:00Z,BUD,Budds_Landing,39.37225,-75.83986667,1.0,12.92,NaN,31.1,0.14,174.3
2018-08-07T16:45:00Z,BUD,Budds_Landing,39.37225,-75.83986667,1.0,12.43,NaN,30.89,0.14,167.1
2018-08-07T17:00:00Z,BUD,Budds_Landing,39.37225,-75.83986667,1.0,12.07,NaN,30.81,0.14,162.0
2018-08-07T17:15:00Z,BUD,Budds_Landing,39.37225,-75.83986667,1.0,11.33,NaN,30.55,0.14,151.4
2018-08-07T17:30:00Z,BUD,Budds_Landing,39.37225,-75.83986667,1.0,11.05,NaN,30.5,0.14,147.5
2018-08-07T17:45:00Z,BUD,Budds_Landing,39.37225,-75.83986667,1.0,14.43,NaN,31.64,0.14,196.5
2018-08-07T18:00:00Z,BUD,Budds_Landing,39.37225,-75.83986667,1.0,16.29,NaN,32.0,0.15,223.1
2018-08-07T18:15:00Z,BUD,Budds_Landing,39.37225,-75.83986667,1.0,16.14,NaN,31.99,0.15,221.0
2018-08-07T18:30:00Z,BUD,Budds_Landing,39.37225,-75.83986667,1.0,17.41,NaN,32.54,0.15,240.6
2018-08-07T18:45:00Z,BUD,Budds_Landing,39.37225,-75.83986667,1.0,17.72,NaN,32.67,0.15,245.5
2018-08-07T19:00:00Z,BUD,Budds_Landing,39.37225,-75.83986667,1.0,17.6,NaN,32.66,0.15,243.8
2018-08-07T19:15:00Z,BUD,Budds_Landing,39.37225,-75.83986667,1.0,16.45,NaN,32.43,0.15,227.0
2018-08-07T19:30:00Z,BUD,Budds_Landing,39.37225,-75.83986667,1.0,16.92,NaN,32.72,0.15,234.6
2018-08-07T19:45:00Z,BUD,Budds_Landing,39.37225,-75.83986667,1.0,15.71,NaN,32.46,0.16,216.9
2018-08-07T20:00:00Z,BUD,Budds_Landing,39.37225,-75.83986667,1.0,14.62,NaN,32.22,0.16,201.0
2018-08-07T20:15:00Z,BUD,Budds_Landing,39.37225,-75.83986667,1.0,14.85,NaN,32.35,0.16,204.6
2018-08-07T20:30:00Z,BUD,Budds_Landing,39.37225,-75.83986667,1.0,15.56,NaN,32.49,0.17,215.0
2018-08-07T20:45:00Z,BUD,Budds_Landing,39.37225,-75.83986667,1.0,15.19,NaN,32.45,0.17,209.7
2018-08-07T21:00:00Z,BUD,Budds_Landing,39.37225,-75.83986667,1.0,15.19,NaN,32.44,0.17,209.7
2018-08-07T21:15:00Z,BUD,Budds_Landing,39.37225,-75.83986667,1.0,15.49,NaN,32.48,0.17,214.0
2018-08-07T21:30:00Z,BUD,Budds_Landing,39.37225,-75.83986667,1.0,15.38,NaN,32.44,0.17,212.2
2018-08-07T21:45:00Z,BUD,Budds_Landing,39.37225,-75.83986667,1.0,15.44,NaN,32.48,0.17,213.3
2018-08-07T22:00:00Z,BUD,Budds_Landing,39.37225,-75.83986667,1.0,15.45,NaN,32.39,0.17,213.1
2018-08-07T22:15:00Z,BUD,Budds_Landing,39.37225,-75.83986667,1.0,15.4,NaN,32.4,0.17,212.4
2018-08-07T22:30:00Z,BUD,Budds_Landing,39.37225,-75.83986667,1.0,14.95,NaN,32.23,0.17,205.6
2018-08-07T22:45:00Z,BUD,Budds_Landing,39.37225,-75.83986667,1.0,15.11,NaN,32.28,0.17,207.9
2018-08-07T23:00:00Z,BUD,Budds_Landing,39.37225,-75.83986667,1.0,14.74,NaN,32.13,0.17,202.4
2018-08-07T23:15:00Z,BUD,Budds_Landing,39.37225,-75.83986667,1.0,14.45,NaN,32.12,0.17,198.4
2018-08-07T23:30:00Z,BUD,Budds_Landing,39.37225,-75.83986667,1.0,14.55,NaN,32.08,0.17,199.5
2018-08-07T23:45:00Z,BUD,Budds_Landing,39.37225,-75.83986667,1.0,14.53,NaN,32.07,0.15,199.3
2018-08-08T00:00:00Z,BUD,Budds_Landing,39.37225,-75.83986667,1.0,14.8,NaN,32.02,0.15,202.9
2018-08-08T00:15:00Z,BUD,Budds_Landing,39.37225,-75.83986667,1.0,14.16,NaN,32.05,0.15,194.1
2018-08-08T00:30:00Z,BUD,Budds_Landing,39.37225,-75.83986667,1.0,13.78,NaN,32.03,0.15,188.9
2018-08-08T00:45:00Z,BUD,Budds_Landing,39.37225,-75.83986667,1.0,14.37,NaN,31.94,0.15,196.6
2018-08-08T01:00:00Z,BUD,Budds_Landing,39.37225,-75.83986667,1.0,14.15,NaN,31.99,0.15,193.8
2018-08-08T01:15:00Z,BUD,Budds_Landing,39.37225,-75.83986667,1.0,14.58,NaN,31.95,0.15,199.6
2018-08-08T01:30:00Z,BUD,Budds_Landing,39.37225,-75.83986667,1.0,14.5,NaN,31.92,0.14,198.3
2018-08-08T01:45:00Z,BUD,Budds_Landing,39.37225,-75.83986667,1.0,14.27,NaN,31.89,0.14,195.2
2018-08-08T02:00:00Z,BUD,Budds_Landing,39.37225,-75.83986667,1.0,13.85,NaN,31.77,0.14,189.1
2018-08-08T02:15:00Z,BUD,Budds_Landing,39.37225,-75.83986667,1.0,13.72,NaN,31.81,0.14,187.4
2018-08-08T02:30:00Z,BUD,Budds_Landing,39.37225,-75.83986667,1.0,13.48,NaN,31.66,0.14,183.6
2018-08-08T02:45:00Z,BUD,Budds_Landing,39.37225,-75.83986667,1.0,14.08,NaN,31.8,0.14,192.2
2018-08-08T03:00:00Z,BUD,Budds_Landing,39.37225,-75.83986667,1.0,14.26,NaN,31.72,0.14,194.4
2018-08-08T03:15:00Z,BUD,Budds_Landing,39.37225,-75.83986667,1.0,13.46,NaN,31.75,0.13,183.6
2018-08-08T03:30:00Z,BUD,Budds_Landing,39.37225,-75.83986667,1.0,13.54,NaN,31.72,0.13,184.5
2018-08-08T03:45:00Z,BUD,Budds_Landing,39.37225,-75.83986667,1.0,13.45,NaN,31.63,0.13,183.1
2018-08-08T04:00:00Z,BUD,Budds_Landing,39.37225,-75.83986667,1.0,13.32,NaN,31.57,0.14,181.1
2018-08-08T04:15:00Z,BUD,Budds_Landing,39.37225,-75.83986667,1.0,13.73,NaN,31.5,0.13,186.4
2018-08-08T04:30:00Z,BUD,Budds_Landing,39.37225,-75.83986667,1.0,14.12,NaN,31.51,0.13,191.9
2018-08-08T04:45:00Z,BUD,Budds_Landing,39.37225,-75.83986667,1.0,13.64,NaN,31.47,0.13,185.1
2018-08-08T05:00:00Z,BUD,Budds_Landing,39.37225,-75.83986667,1.0,12.93,NaN,31.47,0.14,175.5
2018-08-08T05:15:00Z,BUD,Budds_Landing,39.37225,-75.83986667,1.0,12.76,NaN,31.41,0.14,173.0
2018-08-08T05:30:00Z,BUD,Budds_Landing,39.37225,-75.83986667,1.0,11.91,NaN,31.27,0.14,161.2
2018-08-08T05:45:00Z,BUD,Budds_Landing,39.37225,-75.83986667,1.0,11.43,NaN,31.2,0.14,154.4
2018-08-08T06:00:00Z,BUD,Budds_Landing,39.37225,-75.83986667,1.0,11.84,NaN,31.22,0.14,160.0
2018-08-08T06:15:00Z,BUD,Budds_Landing,39.37225,-75.83986667,1.0,11.6,NaN,31.15,0.14,156.6
2018-08-08T06:30:00Z,BUD,Budds_Landing,39.37225,-75.83986667,1.0,11.23,NaN,30.95,0.14,151.1
2018-08-08T06:45:00Z,BUD,Budds_Landing,39.37225,-75.83986667,1.0,11.19,NaN,30.98,0.15,150.7
2018-08-08T07:00:00Z,BUD,Budds_Landing,39.37225,-75.83986667,1.0,11.01,NaN,30.93,0.15,148.1
2018-08-08T07:15:00Z,BUD,Budds_Landing,39.37225,-75.83986667,1.0,10.59,NaN,30.89,0.15,142.4
2018-08-08T07:30:00Z,BUD,Budds_Landing,39.37225,-75.83986667,1.0,10.28,NaN,30.85,0.15,138.0
2018-08-08T07:45:00Z,BUD,Budds_Landing,39.37225,-75.83986667,1.0,9.97,NaN,30.89,0.16,134.0
2018-08-08T08:00:00Z,BUD,Budds_Landing,39.37225,-75.83986667,1.0,9.24,NaN,30.92,0.16,124.3
2018-08-08T08:15:00Z,BUD,Budds_Landing,39.37225,-75.83986667,1.0,8.98,NaN,30.91,0.16,120.7
2018-08-08T08:30:00Z,BUD,Budds_Landing,39.37225,-75.83986667,1.0,9.25,NaN,30.91,0.16,124.3
2018-08-08T08:45:00Z,BUD,Budds_Landing,39.37225,-75.83986667,1.0,8.71,NaN,30.89,0.16,117.2
2018-08-08T09:00:00Z,BUD,Budds_Landing,39.37225,-75.83986667,1.0,8.58,NaN,30.84,0.16,115.3
2018-08-08T09:15:00Z,BUD,Budds_Landing,39.37225,-75.83986667,1.0,8.15,NaN,30.82,0.16,109.4
2018-08-08T09:30:00Z,BUD,Budds_Landing,39.37225,-75.83986667,1.0,8.21,NaN,30.77,0.16,110.1
2018-08-08T09:45:00Z,BUD,Budds_Landing,39.37225,-75.83986667,1.0,8.0,NaN,30.74,0.17,107.3
2018-08-08T10:00:00Z,BUD,Budds_Landing,39.37225,-75.83986667,1.0,7.83,NaN,30.71,0.17,105.0
2018-08-08T10:15:00Z,BUD,Budds_Landing,39.37225,-75.83986667,1.0,7.24,NaN,30.68,0.17,96.9
2018-08-08T10:30:00Z,BUD,Budds_Landing,39.37225,-75.83986667,1.0,7.8,NaN,30.66,0.17,104.4
2018-08-08T10:45:00Z,BUD,Budds_Landing,39.37225,-75.83986667,1.0,7.72,NaN,30.61,0.16,103.3
2018-08-08T11:00:00Z,BUD,Budds_Landing,39.37225,-75.83986667,1.0,8.23,NaN,30.57,0.16,110.0
2018-08-08T11:15:00Z,BUD,Budds_Landing,39.37225,-75.83986667,1.0,8.0,NaN,30.49,0.16,106.8
2018-08-08T11:30:00Z,BUD,Budds_Landing,39.37225,-75.83986667,1.0,8.25,NaN,30.44,0.16,110.0
2018-08-08T11:45:00Z,BUD,Budds_Landing,39.37225,-75.83986667,1.0,8.13,NaN,30.32,0.15,108.3
2018-08-08T12:00:00Z,BUD,Budds_Landing,39.37225,-75.83986667,1.0,8.44,NaN,30.47,0.16,112.6
2018-08-08T12:15:00Z,BUD,Budds_Landing,39.37225,-75.83986667,1.0,8.49,NaN,30.49,0.16,113.3
2018-08-08T12:30:00Z,BUD,Budds_Landing,39.37225,-75.83986667,1.0,8.37,NaN,30.53,0.16,111.9
2018-08-08T12:45:00Z,BUD,Budds_Landing,39.37225,-75.83986667,1.0,8.5,NaN,30.58,0.16,113.7
2018-08-08T13:00:00Z,BUD,Budds_Landing,39.37225,-75.83986667,1.0,8.54,NaN,30.53,0.16,114.0
2018-08-08T13:15:00Z,BUD,Budds_Landing,39.37225,-75.83986667,1.0,9.35,NaN,30.59,0.16,125.1
2018-08-08T13:30:00Z,BUD,Budds_Landing,39.37225,-75.83986667,1.0,9.29,NaN,30.6,0.16,124.3
2018-08-08T13:45:00Z,BUD,Budds_Landing,39.37225,-75.83986667,1.0,8.81,NaN,30.59,0.16,117.9
2018-08-08T14:00:00Z,BUD,Budds_Landing,39.37225,-75.83986667,1.0,9.68,NaN,30.66,0.16,129.6
2018-08-08T14:15:00Z,BUD,Budds_Landing,39.37225,-75.83986667,1.0,10.2,NaN,30.74,0.15,136.8
2018-08-08T14:30:00Z,BUD,Budds_Landing,39.37225,-75.83986667,1.0,10.3,NaN,30.8,0.15,138.3
2018-08-08T14:45:00Z,BUD,Budds_Landing,39.37225,-75.83986667,1.0,11.15,NaN,30.87,0.15,149.8
2018-08-08T15:00:00Z,BUD,Budds_Landing,39.37225,-75.83986667,1.0,11.55,NaN,31.07,0.15,155.8
2018-08-08T15:15:00Z,BUD,Budds_Landing,39.37225,-75.83986667,1.0,10.51,NaN,30.79,0.15,141.1
2018-08-08T15:30:00Z,BUD,Budds_Landing,39.37225,-75.83986667,1.0,10.1,NaN,30.93,0.15,135.9
2018-08-08T15:45:00Z,BUD,Budds_Landing,39.37225,-75.83986667,1.0,10.02,NaN,30.82,0.15,134.6
2018-08-08T16:00:00Z,BUD,Budds_Landing,39.37225,-75.83986667,1.0,10.58,NaN,30.89,0.15,142.2
2018-08-08T16:15:00Z,BUD,Budds_Landing,39.37225,-75.83986667,1.0,10.8,NaN,30.75,0.14,144.8
2018-08-08T16:30:00Z,BUD,Budds_Landing,39.37225,-75.83986667,1.0,11.02,NaN,30.81,0.14,147.9
2018-08-08T16:45:00Z,BUD,Budds_Landing,39.37225,-75.83986667,1.0,12.46,NaN,30.83,0.14,167.3
2018-08-08T17:00:00Z,BUD,Budds_Landing,39.37225,-75.83986667,1.0,12.99,NaN,30.95,0.14,174.8
2018-08-08T17:15:00Z,BUD,Budds_Landing,39.37225,-75.83986667,1.0,13.18,NaN,30.96,0.13,177.4
2018-08-08T17:30:00Z,BUD,Budds_Landing,39.37225,-75.83986667,1.0,12.84,NaN,31.03,0.14,173.0
2018-08-08T17:45:00Z,BUD,Budds_Landing,39.37225,-75.83986667,1.0,13.77,NaN,31.08,0.13,185.7
2018-08-08T18:00:00Z,BUD,Budds_Landing,39.37225,-75.83986667,1.0,13.87,NaN,31.08,0.13,187.0
2018-08-08T18:15:00Z,BUD,Budds_Landing,39.37225,-75.83986667,1.0,13.52,NaN,30.96,0.13,181.9
2018-08-08T18:30:00Z,BUD,Budds_Landing,39.37225,-75.83986667,1.0,15.87,NaN,31.69,0.13,216.3
2018-08-08T18:45:00Z,BUD,Budds_Landing,39.37225,-75.83986667,1.0,17.02,NaN,32.15,0.14,233.7
2018-08-08T19:00:00Z,BUD,Budds_Landing,39.37225,-75.83986667,1.0,17.5,NaN,32.8,0.14,243.0
2018-08-08T19:15:00Z,BUD,Budds_Landing,39.37225,-75.83986667,1.0,17.15,NaN,33.23,0.16,239.8
2018-08-08T19:30:00Z,BUD,Budds_Landing,39.37225,-75.83986667,1.0,16.74,NaN,33.46,0.16,235.1
2018-08-08T19:45:00Z,BUD,Budds_Landing,39.37225,-75.83986667,1.0,16.55,NaN,33.28,0.16,231.6
2018-08-08T20:00:00Z,BUD,Budds_Landing,39.37225,-75.83986667,1.0,17.21,NaN,33.19,0.15,240.6
2018-08-08T20:15:00Z,BUD,Budds_Landing,39.37225,-75.83986667,1.0,17.56,NaN,32.95,0.14,244.4
2018-08-08T20:30:00Z,BUD,Budds_Landing,39.37225,-75.83986667,1.0,16.65,NaN,32.63,0.14,230.6
2018-08-08T20:45:00Z,BUD,Budds_Landing,39.37225,-75.83986667,1.0,15.79,NaN,32.47,0.15,218.0
2018-08-08T21:00:00Z,BUD,Budds_Landing,39.37225,-75.83986667,1.0,15.8,NaN,32.64,0.15,218.7
2018-08-08T21:15:00Z,BUD,Budds_Landing,39.37225,-75.83986667,1.0,15.87,NaN,32.69,0.16,219.9
2018-08-08T21:30:00Z,BUD,Budds_Landing,39.37225,-75.83986667,1.0,15.7,NaN,32.64,0.16,217.4
2018-08-08T21:45:00Z,BUD,Budds_Landing,39.37225,-75.83986667,1.0,15.06,NaN,32.48,0.16,208.0
2018-08-08T22:00:00Z,BUD,Budds_Landing,39.37225,-75.83986667,1.0,14.73,NaN,32.39,0.16,203.1
2018-08-08T22:15:00Z,BUD,Budds_Landing,39.37225,-75.83986667,1.0,15.13,NaN,32.39,0.16,208.7
2018-08-08T22:30:00Z,BUD,Budds_Landing,39.37225,-75.83986667,1.0,14.69,NaN,32.41,0.16,202.6
2018-08-08T22:45:00Z,BUD,Budds_Landing,39.37225,-75.83986667,1.0,14.37,NaN,32.35,0.16,198.1
2018-08-08T23:00:00Z,BUD,Budds_Landing,39.37225,-75.83986667,1.0,14.37,NaN,32.38,0.16,198.2
2018-08-08T23:15:00Z,BUD,Budds_Landing,39.37225,-75.83986667,1.0,14.11,NaN,32.35,0.16,194.5
2018-08-08T23:30:00Z,BUD,Budds_Landing,39.37225,-75.83986667,1.0,13.59,NaN,32.34,0.16,187.2
2018-08-08T23:45:00Z,BUD,Budds_Landing,39.37225,-75.83986667,1.0,13.61,NaN,32.32,0.16,187.5
2018-08-09T00:00:00Z,BUD,Budds_Landing,39.37225,-75.83986667,1.0,13.34,NaN,32.29,0.16,183.7
2018-08-09T00:15:00Z,BUD,Budds_Landing,39.37225,-75.83986667,1.0,13.8,NaN,32.27,0.16,190.0
2018-08-09T00:30:00Z,BUD,Budds_Landing,39.37225,-75.83986667,1.0,14.31,NaN,32.29,0.16,197.0
2018-08-09T00:45:00Z,BUD,Budds_Landing,39.37225,-75.83986667,1.0,13.65,NaN,32.3,0.16,187.9
2018-08-09T01:00:00Z,BUD,Budds_Landing,39.37225,-75.83986667,1.0,14.18,NaN,32.22,0.15,195.0
2018-08-09T01:15:00Z,BUD,Budds_Landing,39.37225,-75.83986667,1.0,14.38,NaN,32.26,0.15,197.8
2018-08-09T01:30:00Z,BUD,Budds_Landing,39.37225,-75.83986667,1.0,14.1,NaN,32.25,0.15,193.9
2018-08-09T01:45:00Z,BUD,Budds_Landing,39.37225,-75.83986667,1.0,14.29,NaN,32.26,0.15,196.6
2018-08-09T02:00:00Z,BUD,Budds_Landing,39.37225,-75.83986667,1.0,14.64,NaN,32.3,0.15,201.6
2018-08-09T02:15:00Z,BUD,Budds_Landing,39.37225,-75.83986667,1.0,13.82,NaN,32.12,0.15,189.6
2018-08-09T02:30:00Z,BUD,Budds_Landing,39.37225,-75.83986667,1.0,14.38,NaN,32.19,0.15,197.6
2018-08-09T02:45:00Z,BUD,Budds_Landing,39.37225,-75.83986667,1.0,14.49,NaN,32.22,0.15,199.2
2018-08-09T03:00:00Z,BUD,Budds_Landing,39.37225,-75.83986667,1.0,13.36,NaN,32.04,0.15,183.2
2018-08-09T03:15:00Z,BUD,Budds_Landing,39.37225,-75.83986667,1.0,13.47,NaN,32.07,0.15,184.8
2018-08-09T03:30:00Z,BUD,Budds_Landing,39.37225,-75.83986667,1.0,14.22,NaN,32.15,0.14,195.3
2018-08-09T03:45:00Z,BUD,Budds_Landing,39.37225,-75.83986667,1.0,13.6,NaN,32.03,0.14,186.3
2018-08-09T04:00:00Z,BUD,Budds_Landing,39.37225,-75.83986667,1.0,12.96,NaN,31.95,0.14,177.5
2018-08-09T04:15:00Z,BUD,Budds_Landing,39.37225,-75.83986667,1.0,11.63,NaN,31.56,0.14,158.1
2018-08-09T04:30:00Z,BUD,Budds_Landing,39.37225,-75.83986667,1.0,11.8,NaN,31.64,0.14,160.6
2018-08-09T04:45:00Z,BUD,Budds_Landing,39.37225,-75.83986667,1.0,12.01,NaN,31.53,0.14,163.1
2018-08-09T05:00:00Z,BUD,Budds_Landing,39.37225,-75.83986667,1.0,11.32,NaN,31.05,0.13,152.5
2018-08-09T05:15:00Z,BUD,Budds_Landing,39.37225,-75.83986667,1.0,9.68,NaN,30.76,0.13,129.9
2018-08-09T05:30:00Z,BUD,Budds_Landing,39.37225,-75.83986667,1.0,9.69,NaN,30.66,0.13,129.7
2018-08-09T05:45:00Z,BUD,Budds_Landing,39.37225,-75.83986667,1.0,9.86,NaN,30.64,0.13,132.0
2018-08-09T06:00:00Z,BUD,Budds_Landing,39.37225,-75.83986667,1.0,10.5,NaN,30.83,0.12,141.0
2018-08-09T06:15:00Z,BUD,Budds_Landing,39.37225,-75.83986667,1.0,10.66,NaN,30.76,0.12,143.0
2018-08-09T06:30:00Z,BUD,Budds_Landing,39.37225,-75.83986667,1.0,10.62,NaN,30.81,0.13,142.5
2018-08-09T06:45:00Z,BUD,Budds_Landing,39.37225,-75.83986667,1.0,10.78,NaN,30.97,0.13,145.1
2018-08-09T07:00:00Z,BUD,Budds_Landing,39.37225,-75.83986667,1.0,10.49,NaN,30.94,0.14,141.1
2018-08-09T07:15:00Z,BUD,Budds_Landing,39.37225,-75.83986667,1.0,10.36,NaN,30.91,0.14,139.3
2018-08-09T07:30:00Z,BUD,Budds_Landing,39.37225,-75.83986667,1.0,9.82,NaN,30.81,0.14,131.9
2018-08-09T07:45:00Z,BUD,Budds_Landing,39.37225,-75.83986667,1.0,9.22,NaN,30.6,0.15,123.4
2018-08-09T08:00:00Z,BUD,Budds_Landing,39.37225,-75.83986667,1.0,8.76,NaN,30.56,0.15,117.2
2018-08-09T08:15:00Z,BUD,Budds_Landing,39.37225,-75.83986667,1.0,8.75,NaN,30.51,0.15,116.9
2018-08-09T08:30:00Z,BUD,Budds_Landing,39.37225,-75.83986667,1.0,8.73,NaN,30.59,0.15,116.7
2018-08-09T08:45:00Z,BUD,Budds_Landing,39.37225,-75.83986667,1.0,8.64,NaN,30.67,0.15,115.7
2018-08-09T09:00:00Z,BUD,Budds_Landing,39.37225,-75.83986667,1.0,8.49,NaN,30.68,0.16,113.7
2018-08-09T09:15:00Z,BUD,Budds_Landing,39.37225,-75.83986667,1.0,8.33,NaN,30.71,0.16,111.7
2018-08-09T09:30:00Z,BUD,Budds_Landing,39.37225,-75.83986667,1.0,8.21,NaN,30.72,0.16,110.0
2018-08-09T09:45:00Z,BUD,Budds_Landing,39.37225,-75.83986667,1.0,7.98,NaN,30.71,0.16,107.0
2018-08-09T10:00:00Z,BUD,Budds_Landing,39.37225,-75.83986667,1.0,7.86,NaN,30.72,0.16,105.4
2018-08-09T10:15:00Z,BUD,Budds_Landing,39.37225,-75.83986667,1.0,7.77,NaN,30.6,0.16,103.9
2018-08-09T10:30:00Z,BUD,Budds_Landing,39.37225,-75.83986667,1.0,7.31,NaN,30.42,0.16,97.5
2018-08-09T10:45:00Z,BUD,Budds_Landing,39.37225,-75.83986667,1.0,7.03,NaN,30.39,0.17,93.7
2018-08-09T11:00:00Z,BUD,Budds_Landing,39.37225,-75.83986667,1.0,7.17,NaN,30.39,0.16,95.5
2018-08-09T11:15:00Z,BUD,Budds_Landing,39.37225,-75.83986667,1.0,6.74,NaN,30.29,0.17,89.6
2018-08-09T11:30:00Z,BUD,Budds_Landing,39.37225,-75.83986667,1.0,6.44,NaN,30.29,0.17,85.6
2018-08-09T11:45:00Z,BUD,Budds_Landing,39.37225,-75.83986667,1.0,6.65,NaN,30.23,0.17,88.4
2018-08-09T12:00:00Z,BUD,Budds_Landing,39.37225,-75.83986667,1.0,6.32,NaN,30.21,0.17,84.1
2018-08-09T12:15:00Z,BUD,Budds_Landing,39.37225,-75.83986667,1.0,6.58,NaN,30.22,0.17,87.5
2018-08-09T12:30:00Z,BUD,Budds_Landing,39.37225,-75.83986667,1.0,6.74,NaN,30.23,0.17,89.6
2018-08-09T12:45:00Z,BUD,Budds_Landing,39.37225,-75.83986667,1.0,6.57,NaN,30.22,0.17,87.3
2018-08-09T13:00:00Z,BUD,Budds_Landing,39.37225,-75.83986667,1.0,7.98,NaN,30.28,0.15,106.2
2018-08-09T13:15:00Z,BUD,Budds_Landing,39.37225,-75.83986667,1.0,7.82,NaN,30.21,0.15,103.9
2018-08-09T13:30:00Z,BUD,Budds_Landing,39.37225,-75.83986667,1.0,9.13,NaN,30.33,0.15,121.6
2018-08-09T13:45:00Z,BUD,Budds_Landing,39.37225,-75.83986667,1.0,8.57,NaN,30.34,0.15,114.1
2018-08-09T14:00:00Z,BUD,Budds_Landing,39.37225,-75.83986667,1.0,8.01,NaN,30.34,0.15,106.7
2018-08-09T14:15:00Z,BUD,Budds_Landing,39.37225,-75.83986667,1.0,8.25,NaN,30.35,0.15,109.9
2018-08-09T14:30:00Z,BUD,Budds_Landing,39.37225,-75.83986667,1.0,8.29,NaN,30.41,0.15,110.6
2018-08-09T14:45:00Z,BUD,Budds_Landing,39.37225,-75.83986667,1.0,8.24,NaN,30.38,0.15,109.8
2018-08-09T15:00:00Z,BUD,Budds_Landing,39.37225,-75.83986667,1.0,8.9,NaN,30.46,0.15,118.8
2018-08-09T15:15:00Z,BUD,Budds_Landing,39.37225,-75.83986667,1.0,8.78,NaN,30.48,0.15,117.2
2018-08-09T15:30:00Z,BUD,Budds_Landing,39.37225,-75.83986667,1.0,8.87,NaN,30.47,0.15,118.4
2018-08-09T15:45:00Z,BUD,Budds_Landing,39.37225,-75.83986667,1.0,9.26,NaN,30.53,0.15,123.7
2018-08-09T16:00:00Z,BUD,Budds_Landing,39.37225,-75.83986667,1.0,9.44,NaN,30.42,0.14,125.8
2018-08-09T16:15:00Z,BUD,Budds_Landing,39.37225,-75.83986667,1.0,10.08,NaN,30.5,0.14,134.6
2018-08-09T16:30:00Z,BUD,Budds_Landing,39.37225,-75.83986667,1.0,10.12,NaN,30.62,0.15,135.5
2018-08-09T16:45:00Z,BUD,Budds_Landing,39.37225,-75.83986667,1.0,9.96,NaN,30.37,0.13,132.7
2018-08-09T17:00:00Z,BUD,Budds_Landing,39.37225,-75.83986667,1.0,10.04,NaN,30.6,0.14,134.3
2018-08-09T17:15:00Z,BUD,Budds_Landing,39.37225,-75.83986667,1.0,10.99,NaN,30.6,0.13,146.9
2018-08-09T17:30:00Z,BUD,Budds_Landing,39.37225,-75.83986667,1.0,11.67,NaN,30.71,0.13,156.4
2018-08-09T17:45:00Z,BUD,Budds_Landing,39.37225,-75.83986667,1.0,11.3,NaN,30.73,0.14,151.5
2018-08-09T18:00:00Z,BUD,Budds_Landing,39.37225,-75.83986667,1.0,12.27,NaN,30.87,0.13,164.9
2018-08-09T18:15:00Z,BUD,Budds_Landing,39.37225,-75.83986667,1.0,13.1,NaN,30.84,0.12,175.9
2018-08-09T18:30:00Z,BUD,Budds_Landing,39.37225,-75.83986667,1.0,12.64,NaN,30.82,0.13,169.7
2018-08-09T18:45:00Z,BUD,Budds_Landing,39.37225,-75.83986667,1.0,12.9,NaN,30.78,0.12,173.1
2018-08-09T19:00:00Z,BUD,Budds_Landing,39.37225,-75.83986667,1.0,12.86,NaN,30.77,0.11,172.5
2018-08-09T19:15:00Z,BUD,Budds_Landing,39.37225,-75.83986667,1.0,12.16,NaN,30.73,0.11,163.0
2018-08-09T19:30:00Z,BUD,Budds_Landing,39.37225,-75.83986667,1.0,12.9,NaN,30.92,0.12,173.5
2018-08-09T19:45:00Z,BUD,Budds_Landing,39.37225,-75.83986667,1.0,15.39,NaN,32.05,0.13,211.0
2018-08-09T20:00:00Z,BUD,Budds_Landing,39.37225,-75.83986667,1.0,16.12,NaN,32.23,0.14,221.7
2018-08-09T20:15:00Z,BUD,Budds_Landing,39.37225,-75.83986667,1.0,17.7,NaN,32.47,0.13,244.4
2018-08-09T20:30:00Z,BUD,Budds_Landing,39.37225,-75.83986667,1.0,16.83,NaN,32.37,0.14,231.9
2018-08-09T20:45:00Z,BUD,Budds_Landing,39.37225,-75.83986667,1.0,16.7,NaN,32.63,0.14,231.3
2018-08-09T21:00:00Z,BUD,Budds_Landing,39.37225,-75.83986667,1.0,15.63,NaN,32.16,0.14,214.8
2018-08-09T21:15:00Z,BUD,Budds_Landing,39.37225,-75.83986667,1.0,16.08,NaN,32.04,0.14,220.5
2018-08-09T21:30:00Z,BUD,Budds_Landing,39.37225,-75.83986667,1.0,15.91,NaN,32.09,0.14,218.3
2018-08-09T21:45:00Z,BUD,Budds_Landing,39.37225,-75.83986667,1.0,15.24,NaN,32.02,0.14,208.8
2018-08-09T22:00:00Z,BUD,Budds_Landing,39.37225,-75.83986667,1.0,14.97,NaN,32.07,0.14,205.4
2018-08-09T22:15:00Z,BUD,Budds_Landing,39.37225,-75.83986667,1.0,14.9,NaN,32.14,0.15,204.6
2018-08-09T22:30:00Z,BUD,Budds_Landing,39.37225,-75.83986667,1.0,14.64,NaN,32.13,0.15,201.0
2018-08-09T22:45:00Z,BUD,Budds_Landing,39.37225,-75.83986667,1.0,14.11,NaN,32.1,0.15,193.6
2018-08-09T23:00:00Z,BUD,Budds_Landing,39.37225,-75.83986667,1.0,13.57,NaN,32.07,0.15,186.2
2018-08-09T23:15:00Z,BUD,Budds_Landing,39.37225,-75.83986667,1.0,14.14,NaN,32.19,0.15,194.3
2018-08-09T23:30:00Z,BUD,Budds_Landing,39.37225,-75.83986667,1.0,13.91,NaN,32.1,0.15,190.9
2018-08-09T23:45:00Z,BUD,Budds_Landing,39.37225,-75.83986667,1.0,14.51,NaN,32.13,0.15,199.2
2018-08-10T00:00:00Z,BUD,Budds_Landing,39.37225,-75.83986667,1.0,14.25,NaN,32.13,0.15,195.7
2018-08-10T00:15:00Z,BUD,Budds_Landing,39.37225,-75.83986667,1.0,13.86,NaN,32.09,0.15,190.1
2018-08-10T00:30:00Z,BUD,Budds_Landing,39.37225,-75.83986667,1.0,13.59,NaN,32.07,0.15,186.3
2018-08-10T00:45:00Z,BUD,Budds_Landing,39.37225,-75.83986667,1.0,13.21,NaN,32.03,0.15,181.1
2018-08-10T01:00:00Z,BUD,Budds_Landing,39.37225,-75.83986667,1.0,12.47,NaN,31.93,0.15,170.6
2018-08-10T01:15:00Z,BUD,Budds_Landing,39.37225,-75.83986667,1.0,12.85,NaN,31.85,0.15,175.6
2018-08-10T01:30:00Z,BUD,Budds_Landing,39.37225,-75.83986667,1.0,13.55,NaN,31.83,0.14,185.1
2018-08-10T01:45:00Z,BUD,Budds_Landing,39.37225,-75.83986667,1.0,13.91,NaN,31.56,0.13,189.1
2018-08-10T02:00:00Z,BUD,Budds_Landing,39.37225,-75.83986667,1.0,13.59,NaN,31.62,0.14,185.0
2018-08-10T02:15:00Z,BUD,Budds_Landing,39.37225,-75.83986667,1.0,13.37,NaN,31.75,0.14,182.4
2018-08-10T02:30:00Z,BUD,Budds_Landing,39.37225,-75.83986667,1.0,13.21,NaN,31.64,0.14,179.8
2018-08-10T02:45:00Z,BUD,Budds_Landing,39.37225,-75.83986667,1.0,13.1,NaN,31.69,0.15,178.4
2018-08-10T03:00:00Z,BUD,Budds_Landing,39.37225,-75.83986667,1.0,12.99,NaN,31.62,0.14,176.8
2018-08-10T03:15:00Z,BUD,Budds_Landing,39.37225,-75.83986667,1.0,12.97,NaN,31.64,0.15,176.6
2018-08-10T03:30:00Z,BUD,Budds_Landing,39.37225,-75.83986667,1.0,12.86,NaN,31.55,0.14,174.8
2018-08-10T03:45:00Z,BUD,Budds_Landing,39.37225,-75.83986667,1.0,12.28,NaN,31.43,0.14,166.6
2018-08-10T04:00:00Z,BUD,Budds_Landing,39.37225,-75.83986667,1.0,12.9,NaN,31.34,0.14,174.8
2018-08-10T04:15:00Z,BUD,Budds_Landing,39.37225,-75.83986667,1.0,12.15,NaN,31.29,0.14,164.4
2018-08-10T04:30:00Z,BUD,Budds_Landing,39.37225,-75.83986667,1.0,12.34,NaN,31.32,0.13,167.1
2018-08-10T04:45:00Z,BUD,Budds_Landing,39.37225,-75.83986667,1.0,12.66,NaN,31.28,0.13,171.3
2018-08-10T05:00:00Z,BUD,Budds_Landing,39.37225,-75.83986667,1.0,11.32,NaN,31.14,0.13,152.9
2018-08-10T05:15:00Z,BUD,Budds_Landing,39.37225,-75.83986667,1.0,12.16,NaN,31.13,0.13,164.1
2018-08-10T05:30:00Z,BUD,Budds_Landing,39.37225,-75.83986667,1.0,12.59,NaN,30.99,0.13,169.6
2018-08-10T05:45:00Z,BUD,Budds_Landing,39.37225,-75.83986667,1.0,11.07,NaN,30.93,0.13,148.8
2018-08-10T06:00:00Z,BUD,Budds_Landing,39.37225,-75.83986667,1.0,11.69,NaN,30.93,0.13,157.3
2018-08-10T06:15:00Z,BUD,Budds_Landing,39.37225,-75.83986667,1.0,11.42,NaN,30.89,0.13,153.5
2018-08-10T06:30:00Z,BUD,Budds_Landing,39.37225,-75.83986667,1.0,11.48,NaN,30.89,0.13,154.3
2018-08-10T06:45:00Z,BUD,Budds_Landing,39.37225,-75.83986667,1.0,11.34,NaN,30.84,0.12,152.3
2018-08-10T07:00:00Z,BUD,Budds_Landing,39.37225,-75.83986667,1.0,12.03,NaN,30.87,0.12,161.6
2018-08-10T07:15:00Z,BUD,Budds_Landing,39.37225,-75.83986667,1.0,11.54,NaN,30.84,0.13,155.0
2018-08-10T07:30:00Z,BUD,Budds_Landing,39.37225,-75.83986667,1.0,11.76,NaN,30.78,0.13,157.8
2018-08-10T07:45:00Z,BUD,Budds_Landing,39.37225,-75.83986667,1.0,10.7,NaN,30.67,0.14,143.2
2018-08-10T08:00:00Z,BUD,Budds_Landing,39.37225,-75.83986667,1.0,11.02,NaN,30.69,0.13,147.6
2018-08-10T08:15:00Z,BUD,Budds_Landing,39.37225,-75.83986667,1.0,10.78,NaN,30.58,0.13,144.2
2018-08-10T08:30:00Z,BUD,Budds_Landing,39.37225,-75.83986667,1.0,10.16,NaN,30.56,0.14,135.8
2018-08-10T08:45:00Z,BUD,Budds_Landing,39.37225,-75.83986667,1.0,9.67,NaN,30.52,0.15,129.2
2018-08-10T09:00:00Z,BUD,Budds_Landing,39.37225,-75.83986667,1.0,9.44,NaN,30.5,0.15,126.0
2018-08-10T09:15:00Z,BUD,Budds_Landing,39.37225,-75.83986667,1.0,9.19,NaN,30.56,0.15,122.8
2018-08-10T09:30:00Z,BUD,Budds_Landing,39.37225,-75.83986667,1.0,9.08,NaN,30.64,0.15,121.5
2018-08-10T09:45:00Z,BUD,Budds_Landing,39.37225,-75.83986667,1.0,8.89,NaN,30.62,0.15,118.9
2018-08-10T10:00:00Z,BUD,Budds_Landing,39.37225,-75.83986667,1.0,8.72,NaN,30.6,0.15,116.6
2018-08-10T10:15:00Z,BUD,Budds_Landing,39.37225,-75.83986667,1.0,8.6,NaN,30.59,0.16,115.1
2018-08-10T10:30:00Z,BUD,Budds_Landing,39.37225,-75.83986667,1.0,8.39,NaN,30.54,0.16,112.1
2018-08-10T10:45:00Z,BUD,Budds_Landing,39.37225,-75.83986667,1.0,8.31,NaN,30.57,0.16,111.1
2018-08-10T11:00:00Z,BUD,Budds_Landing,39.37225,-75.83986667,1.0,8.23,NaN,30.58,0.16,110.1
2018-08-10T11:15:00Z,BUD,Budds_Landing,39.37225,-75.83986667,1.0,8.03,NaN,30.57,0.16,107.4
2018-08-10T11:30:00Z,BUD,Budds_Landing,39.37225,-75.83986667,1.0,7.92,NaN,30.53,0.16,105.8
2018-08-10T11:45:00Z,BUD,Budds_Landing,39.37225,-75.83986667,1.0,7.62,NaN,30.51,0.16,101.8
2018-08-10T12:00:00Z,BUD,Budds_Landing,39.37225,-75.83986667,1.0,7.31,NaN,30.48,0.17,97.6
2018-08-10T12:15:00Z,BUD,Budds_Landing,39.37225,-75.83986667,1.0,7.1,NaN,30.48,0.17,94.8
2018-08-10T12:30:00Z,BUD,Budds_Landing,39.37225,-75.83986667,1.0,6.88,NaN,30.48,0.17,91.9
2018-08-10T12:45:00Z,BUD,Budds_Landing,39.37225,-75.83986667,1.0,7.72,NaN,30.47,0.17,103.0
2018-08-10T13:00:00Z,BUD,Budds_Landing,39.37225,-75.83986667,1.0,7.2,NaN,30.46,0.17,96.1
2018-08-10T13:15:00Z,BUD,Budds_Landing,39.37225,-75.83986667,1.0,7.4,NaN,30.42,0.16,98.7
2018-08-10T13:30:00Z,BUD,Budds_Landing,39.37225,-75.83986667,1.0,7.41,NaN,30.4,0.16,98.7
2018-08-10T13:45:00Z,BUD,Budds_Landing,39.37225,-75.83986667,1.0,8.63,NaN,30.27,0.15,114.7
2018-08-10T14:00:00Z,BUD,Budds_Landing,39.37225,-75.83986667,1.0,8.99,NaN,30.41,0.15,119.9
2018-08-10T14:15:00Z,BUD,Budds_Landing,39.37225,-75.83986667,1.0,8.49,NaN,30.52,0.16,113.4
2018-08-10T14:30:00Z,BUD,Budds_Landing,39.37225,-75.83986667,1.0,8.15,NaN,30.44,0.15,108.7
2018-08-10T14:45:00Z,BUD,Budds_Landing,39.37225,-75.83986667,1.0,8.18,NaN,30.44,0.15,109.1
2018-08-10T15:00:00Z,BUD,Budds_Landing,39.37225,-75.83986667,1.0,8.72,NaN,30.51,0.16,116.4
2018-08-10T15:15:00Z,BUD,Budds_Landing,39.37225,-75.83986667,1.0,9.04,NaN,30.55,0.15,120.8
2018-08-10T15:30:00Z,BUD,Budds_Landing,39.37225,-75.83986667,1.0,8.75,NaN,30.53,0.16,116.9
2018-08-10T15:45:00Z,BUD,Budds_Landing,39.37225,-75.83986667,1.0,8.94,NaN,30.68,0.16,119.7
2018-08-10T16:00:00Z,BUD,Budds_Landing,39.37225,-75.83986667,1.0,9.66,NaN,30.67,0.15,129.3
2018-08-10T16:15:00Z,BUD,Budds_Landing,39.37225,-75.83986667,1.0,11.1,NaN,30.82,0.15,149.1
2018-08-10T16:30:00Z,BUD,Budds_Landing,39.37225,-75.83986667,1.0,12.04,NaN,30.97,0.14,162.1
2018-08-10T16:45:00Z,BUD,Budds_Landing,39.37225,-75.83986667,1.0,12.65,NaN,30.85,0.14,170.0
2018-08-10T17:00:00Z,BUD,Budds_Landing,39.37225,-75.83986667,1.0,12.18,NaN,30.7,0.14,163.2
2018-08-10T17:15:00Z,BUD,Budds_Landing,39.37225,-75.83986667,1.0,12.1,NaN,30.77,0.14,162.4
2018-08-10T17:30:00Z,BUD,Budds_Landing,39.37225,-75.83986667,1.0,11.91,NaN,30.67,0.14,159.5
2018-08-10T17:45:00Z,BUD,Budds_Landing,39.37225,-75.83986667,1.0,11.87,NaN,30.66,0.14,159.0
2018-08-10T18:00:00Z,BUD,Budds_Landing,39.37225,-75.83986667,1.0,11.79,NaN,30.74,0.14,158.1
2018-08-10T18:15:00Z,BUD,Budds_Landing,39.37225,-75.83986667,1.0,12.51,NaN,30.81,0.14,167.9
2018-08-10T18:30:00Z,BUD,Budds_Landing,39.37225,-75.83986667,1.0,12.79,NaN,30.94,0.14,172.1
2018-08-10T18:45:00Z,BUD,Budds_Landing,39.37225,-75.83986667,1.0,13.99,NaN,30.87,0.13,188.0
2018-08-10T19:00:00Z,BUD,Budds_Landing,39.37225,-75.83986667,1.0,13.57,NaN,31.25,0.14,183.5
2018-08-10T19:15:00Z,BUD,Budds_Landing,39.37225,-75.83986667,1.0,14.56,NaN,31.04,0.13,196.3
2018-08-10T19:30:00Z,BUD,Budds_Landing,39.37225,-75.83986667,1.0,14.29,NaN,31.03,0.13,192.5
2018-08-10T19:45:00Z,BUD,Budds_Landing,39.37225,-75.83986667,1.0,14.21,NaN,31.04,0.13,191.4
2018-08-10T20:00:00Z,BUD,Budds_Landing,39.37225,-75.83986667,1.0,14.16,NaN,31.27,0.13,191.6
2018-08-10T20:15:00Z,BUD,Budds_Landing,39.37225,-75.83986667,1.0,12.98,NaN,31.04,0.13,174.9
2018-08-10T20:30:00Z,BUD,Budds_Landing,39.37225,-75.83986667,1.0,16.67,NaN,33.06,0.16,232.4
2018-08-10T20:45:00Z,BUD,Budds_Landing,39.37225,-75.83986667,1.0,17.59,NaN,32.89,0.15,244.6
2018-08-10T21:00:00Z,BUD,Budds_Landing,39.37225,-75.83986667,1.0,18.66,NaN,33.76,0.16,263.3
2018-08-10T21:15:00Z,BUD,Budds_Landing,39.37225,-75.83986667,1.0,19.82,NaN,33.68,0.15,279.3
2018-08-10T21:30:00Z,BUD,Budds_Landing,39.37225,-75.83986667,1.0,19.63,NaN,33.6,0.16,276.2
2018-08-10T21:45:00Z,BUD,Budds_Landing,39.37225,-75.83986667,1.0,20.1,NaN,33.54,0.15,282.5
2018-08-10T22:00:00Z,BUD,Budds_Landing,39.37225,-75.83986667,1.0,18.06,NaN,32.62,0.15,250.0
2018-08-10T22:15:00Z,BUD,Budds_Landing,39.37225,-75.83986667,1.0,16.2,NaN,32.33,0.16,223.2
2018-08-10T22:30:00Z,BUD,Budds_Landing,39.37225,-75.83986667,1.0,16.27,NaN,32.55,0.16,225.0
2018-08-10T22:45:00Z,BUD,Budds_Landing,39.37225,-75.83986667,1.0,16.89,NaN,32.73,0.16,234.2
2018-08-10T23:00:00Z,BUD,Budds_Landing,39.37225,-75.83986667,1.0,16.16,NaN,32.58,0.16,223.5
2018-08-10T23:15:00Z,BUD,Budds_Landing,39.37225,-75.83986667,1.0,15.93,NaN,32.53,0.16,220.2
2018-08-10T23:30:00Z,BUD,Budds_Landing,39.37225,-75.83986667,1.0,16.4,NaN,32.61,0.16,227.1
2018-08-10T23:45:00Z,BUD,Budds_Landing,39.37225,-75.83986667,1.0,16.0,NaN,32.57,0.16,221.3
2018-08-11T00:00:00Z,BUD,Budds_Landing,39.37225,-75.83986667,1.0,15.63,NaN,32.5,0.16,215.9
2018-08-11T00:15:00Z,BUD,Budds_Landing,39.37225,-75.83986667,1.0,15.27,NaN,32.42,0.16,210.6
2018-08-11T00:30:00Z,BUD,Budds_Landing,39.37225,-75.83986667,1.0,14.81,NaN,32.36,0.16,204.1
2018-08-11T00:45:00Z,BUD,Budds_Landing,39.37225,-75.83986667,1.0,14.45,NaN,32.33,0.16,199.1
2018-08-11T01:00:00Z,BUD,Budds_Landing,39.37225,-75.83986667,1.0,14.36,NaN,32.27,0.17,197.6
2018-08-11T01:15:00Z,BUD,Budds_Landing,39.37225,-75.83986667,1.0,13.67,NaN,32.17,0.17,187.8
2018-08-11T01:30:00Z,BUD,Budds_Landing,39.37225,-75.83986667,1.0,13.4,NaN,32.12,0.17,183.9
2018-08-11T01:45:00Z,BUD,Budds_Landing,39.37225,-75.83986667,1.0,12.95,NaN,32.09,0.17,177.8
2018-08-11T02:00:00Z,BUD,Budds_Landing,39.37225,-75.83986667,1.0,12.94,NaN,32.1,0.17,177.5
2018-08-11T02:15:00Z,BUD,Budds_Landing,39.37225,-75.83986667,1.0,12.8,NaN,32.05,0.17,175.5
2018-08-11T02:30:00Z,BUD,Budds_Landing,39.37225,-75.83986667,1.0,12.99,NaN,32.03,0.16,178.0
2018-08-11T02:45:00Z,BUD,Budds_Landing,39.37225,-75.83986667,1.0,13.36,NaN,31.98,0.15,183.0
2018-08-11T03:00:00Z,BUD,Budds_Landing,39.37225,-75.83986667,1.0,14.34,NaN,31.9,0.15,196.1
2018-08-11T03:15:00Z,BUD,Budds_Landing,39.37225,-75.83986667,1.0,13.92,NaN,31.88,0.15,190.3
2018-08-11T03:30:00Z,BUD,Budds_Landing,39.37225,-75.83986667,1.0,13.79,NaN,31.85,0.15,188.4
2018-08-11T03:45:00Z,BUD,Budds_Landing,39.37225,-75.83986667,1.0,13.22,NaN,31.85,0.15,180.6
2018-08-11T04:00:00Z,BUD,Budds_Landing,39.37225,-75.83986667,1.0,12.95,NaN,31.81,0.15,176.9
2018-08-11T04:15:00Z,BUD,Budds_Landing,39.37225,-75.83986667,1.0,12.98,NaN,31.78,0.15,177.1
2018-08-11T04:30:00Z,BUD,Budds_Landing,39.37225,-75.83986667,1.0,12.71,NaN,31.76,0.15,173.4
2018-08-11T04:45:00Z,BUD,Budds_Landing,39.37225,-75.83986667,1.0,13.02,NaN,31.73,0.15,177.5
2018-08-11T05:00:00Z,BUD,Budds_Landing,39.37225,-75.83986667,1.0,12.6,NaN,31.63,0.15,171.5
2018-08-11T05:15:00Z,BUD,Budds_Landing,39.37225,-75.83986667,1.0,12.47,NaN,31.61,0.15,169.7
2018-08-11T05:30:00Z,BUD,Budds_Landing,39.37225,-75.83986667,1.0,12.54,NaN,31.52,0.15,170.4
2018-08-11T05:45:00Z,BUD,Budds_Landing,39.37225,-75.83986667,1.0,12.98,NaN,31.52,0.14,176.4
2018-08-11T06:00:00Z,BUD,Budds_Landing,39.37225,-75.83986667,1.0,13.04,NaN,31.44,0.14,177.0
2018-08-11T06:15:00Z,BUD,Budds_Landing,39.37225,-75.83986667,1.0,12.91,NaN,31.49,0.14,175.4
2018-08-11T06:30:00Z,BUD,Budds_Landing,39.37225,-75.83986667,1.0,12.15,NaN,31.41,0.14,164.8
2018-08-11T06:45:00Z,BUD,Budds_Landing,39.37225,-75.83986667,1.0,12.06,NaN,31.37,0.14,163.4
2018-08-11T07:00:00Z,BUD,Budds_Landing,39.37225,-75.83986667,1.0,11.79,NaN,31.35,0.14,159.7
2018-08-11T07:15:00Z,BUD,Budds_Landing,39.37225,-75.83986667,1.0,11.98,NaN,31.33,0.14,162.3
2018-08-11T07:30:00Z,BUD,Budds_Landing,39.37225,-75.83986667,1.0,12.26,NaN,31.32,0.14,166.1
2018-08-11T07:45:00Z,BUD,Budds_Landing,39.37225,-75.83986667,1.0,12.13,NaN,31.24,0.14,164.0
2018-08-11T08:00:00Z,BUD,Budds_Landing,39.37225,-75.83986667,1.0,12.55,NaN,31.25,0.13,169.7
2018-08-11T08:15:00Z,BUD,Budds_Landing,39.37225,-75.83986667,1.0,11.74,NaN,31.21,0.14,158.6
2018-08-11T08:30:00Z,BUD,Budds_Landing,39.37225,-75.83986667,1.0,11.72,NaN,31.18,0.14,158.3
2018-08-11T08:45:00Z,BUD,Budds_Landing,39.37225,-75.83986667,1.0,10.97,NaN,31.05,0.15,147.9
2018-08-11T09:00:00Z,BUD,Budds_Landing,39.37225,-75.83986667,1.0,11.05,NaN,30.96,0.15,148.8
2018-08-11T09:15:00Z,BUD,Budds_Landing,39.37225,-75.83986667,1.0,10.84,NaN,30.9,0.15,145.7
2018-08-11T09:30:00Z,BUD,Budds_Landing,39.37225,-75.83986667,1.0,10.77,NaN,30.93,0.15,144.9
2018-08-11T09:45:00Z,BUD,Budds_Landing,39.37225,-75.83986667,1.0,10.4,NaN,30.96,0.15,139.9
2018-08-11T10:00:00Z,BUD,Budds_Landing,39.37225,-75.83986667,1.0,9.55,NaN,30.86,0.16,128.3
2018-08-11T10:15:00Z,BUD,Budds_Landing,39.37225,-75.83986667,1.0,9.35,NaN,30.85,0.16,125.6
2018-08-11T10:30:00Z,BUD,Budds_Landing,39.37225,-75.83986667,1.0,9.02,NaN,30.83,0.16,121.2
2018-08-11T10:45:00Z,BUD,Budds_Landing,39.37225,-75.83986667,1.0,8.93,NaN,30.84,0.16,119.9
2018-08-11T11:00:00Z,BUD,Budds_Landing,39.37225,-75.83986667,1.0,8.8,NaN,30.82,0.16,118.2
2018-08-11T11:15:00Z,BUD,Budds_Landing,39.37225,-75.83986667,1.0,8.52,NaN,30.79,0.16,114.4
2018-08-11T11:30:00Z,BUD,Budds_Landing,39.37225,-75.83986667,1.0,8.3,NaN,30.79,0.16,111.4
2018-08-11T11:45:00Z,BUD,Budds_Landing,39.37225,-75.83986667,1.0,8.2,NaN,30.79,0.17,110.0
2018-08-11T12:00:00Z,BUD,Budds_Landing,39.37225,-75.83986667,1.0,8.13,NaN,30.81,0.17,109.2
2018-08-11T12:15:00Z,BUD,Budds_Landing,39.37225,-75.83986667,1.0,8.08,NaN,30.81,0.17,108.4
2018-08-11T12:30:00Z,BUD,Budds_Landing,39.37225,-75.83986667,1.0,7.85,NaN,30.77,0.17,105.3
2018-08-11T12:45:00Z,BUD,Budds_Landing,39.37225,-75.83986667,1.0,7.72,NaN,30.75,0.17,103.5
2018-08-11T13:00:00Z,BUD,Budds_Landing,39.37225,-75.83986667,1.0,7.57,NaN,30.74,0.17,101.6
2018-08-11T13:15:00Z,BUD,Budds_Landing,39.37225,-75.83986667,1.0,7.46,NaN,30.73,0.17,100.1
2018-08-11T13:30:00Z,BUD,Budds_Landing,39.37225,-75.83986667,1.0,7.21,NaN,30.73,0.17,96.7
2018-08-11T13:45:00Z,BUD,Budds_Landing,39.37225,-75.83986667,1.0,7.42,NaN,30.74,0.17,99.6
2018-08-11T14:00:00Z,BUD,Budds_Landing,39.37225,-75.83986667,1.0,7.48,NaN,30.73,0.17,100.3
2018-08-11T14:15:00Z,BUD,Budds_Landing,39.37225,-75.83986667,1.0,7.49,NaN,30.75,0.17,100.5
2018-08-11T14:30:00Z,BUD,Budds_Landing,39.37225,-75.83986667,1.0,7.83,NaN,30.74,0.17,105.0
2018-08-11T14:45:00Z,BUD,Budds_Landing,39.37225,-75.83986667,1.0,9.43,NaN,30.68,0.15,126.3
2018-08-11T15:00:00Z,BUD,Budds_Landing,39.37225,-75.83986667,1.0,9.53,NaN,30.85,0.16,128.0
2018-08-11T15:15:00Z,BUD,Budds_Landing,39.37225,-75.83986667,1.0,8.84,NaN,30.9,0.17,118.9
2018-08-11T15:30:00Z,BUD,Budds_Landing,39.37225,-75.83986667,1.0,9.1,NaN,30.91,0.16,122.4
2018-08-11T15:45:00Z,BUD,Budds_Landing,39.37225,-75.83986667,1.0,9.3,NaN,30.9,0.16,125.0
2018-08-11T16:00:00Z,BUD,Budds_Landing,39.37225,-75.83986667,1.0,9.96,NaN,30.97,0.16,134.1
2018-08-11T16:15:00Z,BUD,Budds_Landing,39.37225,-75.83986667,1.0,10.03,NaN,30.98,0.16,135.1
2018-08-11T16:30:00Z,BUD,Budds_Landing,39.37225,-75.83986667,1.0,10.6,NaN,30.96,0.16,142.6
2018-08-11T16:45:00Z,BUD,Budds_Landing,39.37225,-75.83986667,1.0,10.53,NaN,31.1,0.16,142.0
2018-08-11T17:00:00Z,BUD,Budds_Landing,39.37225,-75.83986667,1.0,11.5,NaN,31.28,0.16,155.7
2018-08-11T17:15:00Z,BUD,Budds_Landing,39.37225,-75.83986667,1.0,11.58,NaN,31.2,0.16,156.5
2018-08-11T17:30:00Z,BUD,Budds_Landing,39.37225,-75.83986667,1.0,11.47,NaN,31.22,0.15,155.1
2018-08-11T17:45:00Z,BUD,Budds_Landing,39.37225,-75.83986667,1.0,11.32,NaN,31.06,0.15,152.7
2018-08-11T18:00:00Z,BUD,Budds_Landing,39.37225,-75.83986667,1.0,11.54,NaN,31.16,0.15,155.9
2018-08-11T18:15:00Z,BUD,Budds_Landing,39.37225,-75.83986667,1.0,11.56,NaN,31.13,0.15,156.0
2018-08-11T18:30:00Z,BUD,Budds_Landing,39.37225,-75.83986667,1.0,12.07,NaN,31.52,0.16,164.0
2018-08-11T18:45:00Z,BUD,Budds_Landing,39.37225,-75.83986667,1.0,12.4,NaN,31.28,0.15,167.8
2018-08-11T19:00:00Z,BUD,Budds_Landing,39.37225,-75.83986667,1.0,12.51,NaN,31.39,0.15,169.7
2018-08-11T19:15:00Z,BUD,Budds_Landing,39.37225,-75.83986667,1.0,13.66,NaN,31.42,0.14,185.3
2018-08-11T19:30:00Z,BUD,Budds_Landing,39.37225,-75.83986667,1.0,13.55,NaN,31.36,0.14,183.6
2018-08-11T19:45:00Z,BUD,Budds_Landing,39.37225,-75.83986667,1.0,13.87,NaN,31.35,0.13,188.0
2018-08-11T20:00:00Z,BUD,Budds_Landing,39.37225,-75.83986667,1.0,14.2,NaN,31.56,0.14,193.0
2018-08-11T20:15:00Z,BUD,Budds_Landing,39.37225,-75.83986667,1.0,14.37,NaN,31.53,0.13,195.3
2018-08-11T20:30:00Z,BUD,Budds_Landing,39.37225,-75.83986667,1.0,14.83,NaN,31.88,0.14,202.7
2018-08-11T20:45:00Z,BUD,Budds_Landing,39.37225,-75.83986667,1.0,15.35,NaN,32.08,0.15,210.5
2018-08-11T21:00:00Z,BUD,Budds_Landing,39.37225,-75.83986667,1.0,16.99,NaN,32.47,0.15,234.6
2018-08-11T21:15:00Z,BUD,Budds_Landing,39.37225,-75.83986667,1.0,17.7,NaN,32.5,0.14,244.5
2018-08-11T21:30:00Z,BUD,Budds_Landing,39.37225,-75.83986667,1.0,17.04,NaN,32.36,0.14,234.8
2018-08-11T21:45:00Z,BUD,Budds_Landing,39.37225,-75.83986667,1.0,16.5,NaN,32.25,0.15,227.0
2018-08-11T22:00:00Z,BUD,Budds_Landing,39.37225,-75.83986667,1.0,15.62,NaN,32.34,0.16,215.2
2018-08-11T22:15:00Z,BUD,Budds_Landing,39.37225,-75.83986667,1.0,15.99,NaN,32.08,0.15,219.4
2018-08-11T22:30:00Z,BUD,Budds_Landing,39.37225,-75.83986667,1.0,16.1,NaN,32.02,0.15,220.6
2018-08-11T22:45:00Z,BUD,Budds_Landing,39.37225,-75.83986667,1.0,15.37,NaN,31.86,0.15,210.1
2018-08-11T23:00:00Z,BUD,Budds_Landing,39.37225,-75.83986667,1.0,14.21,NaN,31.69,0.15,193.7
2018-08-11T23:15:00Z,BUD,Budds_Landing,39.37225,-75.83986667,1.0,13.46,NaN,31.61,0.15,183.1
2018-08-11T23:30:00Z,BUD,Budds_Landing,39.37225,-75.83986667,1.0,12.13,NaN,31.42,0.16,164.5
2018-08-11T23:45:00Z,BUD,Budds_Landing,39.37225,-75.83986667,1.0,11.94,NaN,31.38,0.16,161.8
2018-08-12T00:00:00Z,BUD,Budds_Landing,39.37225,-75.83986667,1.0,11.43,NaN,31.36,0.16,154.9
2018-08-12T00:15:00Z,BUD,Budds_Landing,39.37225,-75.83986667,1.0,11.7,NaN,31.29,0.16,158.3
2018-08-12T00:30:00Z,BUD,Budds_Landing,39.37225,-75.83986667,1.0,11.02,NaN,31.09,0.16,148.7
2018-08-12T00:45:00Z,BUD,Budds_Landing,39.37225,-75.83986667,1.0,10.46,NaN,30.96,0.16,140.8
2018-08-12T01:00:00Z,BUD,Budds_Landing,39.37225,-75.83986667,1.0,10.02,NaN,30.94,0.16,134.9
2018-08-12T01:15:00Z,BUD,Budds_Landing,39.37225,-75.83986667,1.0,10.1,NaN,30.93,0.16,135.9
2018-08-12T01:30:00Z,BUD,Budds_Landing,39.37225,-75.83986667,1.0,9.89,NaN,30.88,0.16,133.0
2018-08-12T01:45:00Z,BUD,Budds_Landing,39.37225,-75.83986667,1.0,9.7,NaN,30.9,0.16,130.5
2018-08-12T02:00:00Z,BUD,Budds_Landing,39.37225,-75.83986667,1.0,9.47,NaN,30.89,0.16,127.3
2018-08-12T02:15:00Z,BUD,Budds_Landing,39.37225,-75.83986667,1.0,9.02,NaN,30.88,0.16,121.3
2018-08-12T02:30:00Z,BUD,Budds_Landing,39.37225,-75.83986667,1.0,9.37,NaN,30.86,0.16,125.8
2018-08-12T02:45:00Z,BUD,Budds_Landing,39.37225,-75.83986667,1.0,9.34,NaN,30.83,0.16,125.4
2018-08-12T03:00:00Z,BUD,Budds_Landing,39.37225,-75.83986667,1.0,9.35,NaN,30.83,0.16,125.6
2018-08-12T03:15:00Z,BUD,Budds_Landing,39.37225,-75.83986667,1.0,9.02,NaN,30.81,0.16,121.1
2018-08-12T03:30:00Z,BUD,Budds_Landing,39.37225,-75.83986667,1.0,9.33,NaN,30.74,0.16,125.1
2018-08-12T03:45:00Z,BUD,Budds_Landing,39.37225,-75.83986667,1.0,9.39,NaN,30.8,0.16,126.0
2018-08-12T04:00:00Z,BUD,Budds_Landing,39.37225,-75.83986667,1.0,9.67,NaN,30.62,0.16,129.4
2018-08-12T04:15:00Z,BUD,Budds_Landing,39.37225,-75.83986667,1.0,10.02,NaN,30.53,0.16,133.9
2018-08-12T04:30:00Z,BUD,Budds_Landing,39.37225,-75.83986667,1.0,10.16,NaN,30.44,0.15,135.5
2018-08-12T04:45:00Z,BUD,Budds_Landing,39.37225,-75.83986667,1.0,9.79,NaN,30.29,0.15,130.3
2018-08-12T05:00:00Z,BUD,Budds_Landing,39.37225,-75.83986667,1.0,9.25,NaN,30.29,0.15,123.1
2018-08-12T05:15:00Z,BUD,Budds_Landing,39.37225,-75.83986667,1.0,9.21,NaN,30.26,0.15,122.4
2018-08-12T05:30:00Z,BUD,Budds_Landing,39.37225,-75.83986667,1.0,9.05,NaN,30.22,0.15,120.3
2018-08-12T05:45:00Z,BUD,Budds_Landing,39.37225,-75.83986667,1.0,8.59,NaN,30.19,0.15,114.1
2018-08-12T06:00:00Z,BUD,Budds_Landing,39.37225,-75.83986667,1.0,8.53,NaN,30.24,0.15,113.4
2018-08-12T06:15:00Z,BUD,Budds_Landing,39.37225,-75.83986667,1.0,9.04,NaN,30.26,0.15,120.2
2018-08-12T06:30:00Z,BUD,Budds_Landing,39.37225,-75.83986667,1.0,8.54,NaN,30.2,0.15,113.5
2018-08-12T06:45:00Z,BUD,Budds_Landing,39.37225,-75.83986667,1.0,8.41,NaN,30.13,0.15,111.6
2018-08-12T07:00:00Z,BUD,Budds_Landing,39.37225,-75.83986667,1.0,8.42,NaN,30.1,0.15,111.6
2018-08-12T07:15:00Z,BUD,Budds_Landing,39.37225,-75.83986667,1.0,8.49,NaN,30.0,0.15,112.5
2018-08-12T07:30:00Z,BUD,Budds_Landing,39.37225,-75.83986667,1.0,8.9,NaN,29.74,0.14,117.3
2018-08-12T07:45:00Z,BUD,Budds_Landing,39.37225,-75.83986667,1.0,8.58,NaN,29.67,0.14,112.9
2018-08-12T08:00:00Z,BUD,Budds_Landing,39.37225,-75.83986667,1.0,8.55,NaN,29.51,0.14,112.2
2018-08-12T08:15:00Z,BUD,Budds_Landing,39.37225,-75.83986667,1.0,8.43,NaN,29.4,0.14,110.4
2018-08-12T08:30:00Z,BUD,Budds_Landing,39.37225,-75.83986667,1.0,8.48,NaN,29.52,0.14,111.3
2018-08-12T08:45:00Z,BUD,Budds_Landing,39.37225,-75.83986667,1.0,8.59,NaN,29.42,0.13,112.5
2018-08-12T09:00:00Z,BUD,Budds_Landing,39.37225,-75.83986667,1.0,8.6,NaN,29.36,0.13,112.6
2018-08-12T09:15:00Z,BUD,Budds_Landing,39.37225,-75.83986667,1.0,8.43,NaN,29.34,0.13,110.3
2018-08-12T09:30:00Z,BUD,Budds_Landing,39.37225,-75.83986667,1.0,8.21,NaN,29.47,0.13,107.7
2018-08-12T09:45:00Z,BUD,Budds_Landing,39.37225,-75.83986667,1.0,8.22,NaN,29.4,0.13,107.7
2018-08-12T10:00:00Z,BUD,Budds_Landing,39.37225,-75.83986667,1.0,7.76,NaN,29.53,0.14,101.9
2018-08-12T10:15:00Z,BUD,Budds_Landing,39.37225,-75.83986667,1.0,7.79,NaN,29.48,0.14,102.2
2018-08-12T10:30:00Z,BUD,Budds_Landing,39.37225,-75.83986667,1.0,7.86,NaN,29.45,0.14,103.0
2018-08-12T10:45:00Z,BUD,Budds_Landing,39.37225,-75.83986667,1.0,7.74,NaN,29.43,0.14,101.5
2018-08-12T11:00:00Z,BUD,Budds_Landing,39.37225,-75.83986667,1.0,7.64,NaN,29.43,0.14,100.1
2018-08-12T11:15:00Z,BUD,Budds_Landing,39.37225,-75.83986667,1.0,7.36,NaN,29.39,0.15,96.4
2018-08-12T11:30:00Z,BUD,Budds_Landing,39.37225,-75.83986667,1.0,7.04,NaN,29.38,0.15,92.2
2018-08-12T11:45:00Z,BUD,Budds_Landing,39.37225,-75.83986667,1.0,6.71,NaN,29.44,0.16,87.9
2018-08-12T12:00:00Z,BUD,Budds_Landing,39.37225,-75.83986667,1.0,6.58,NaN,29.42,0.16,86.2
2018-08-12T12:15:00Z,BUD,Budds_Landing,39.37225,-75.83986667,1.0,6.53,NaN,29.45,0.16,85.6
2018-08-12T12:30:00Z,BUD,Budds_Landing,39.37225,-75.83986667,1.0,6.58,NaN,29.5,0.16,86.4
2018-08-12T12:45:00Z,BUD,Budds_Landing,39.37225,-75.83986667,1.0,6.7,NaN,29.53,0.16,87.9
2018-08-12T13:00:00Z,BUD,Budds_Landing,39.37225,-75.83986667,1.0,6.71,NaN,29.57,0.16,88.2
2018-08-12T13:15:00Z,BUD,Budds_Landing,39.37225,-75.83986667,1.0,6.57,NaN,29.59,0.16,86.4
2018-08-12T13:30:00Z,BUD,Budds_Landing,39.37225,-75.83986667,1.0,6.74,NaN,29.58,0.16,88.6
2018-08-12T13:45:00Z,BUD,Budds_Landing,39.37225,-75.83986667,1.0,6.72,NaN,29.58,0.16,88.3
2018-08-12T14:00:00Z,BUD,Budds_Landing,39.37225,-75.83986667,1.0,6.52,NaN,29.6,0.16,85.8
2018-08-12T14:15:00Z,BUD,Budds_Landing,39.37225,-75.83986667,1.0,6.48,NaN,29.62,0.16,85.2
2018-08-12T14:30:00Z,BUD,Budds_Landing,39.37225,-75.83986667,1.0,6.38,NaN,29.65,0.17,83.9
2018-08-12T14:45:00Z,BUD,Budds_Landing,39.37225,-75.83986667,1.0,6.11,NaN,29.63,0.16,80.4
2018-08-12T15:00:00Z,BUD,Budds_Landing,39.37225,-75.83986667,1.0,6.63,NaN,29.64,0.16,87.3
2018-08-12T15:15:00Z,BUD,Budds_Landing,39.37225,-75.83986667,1.0,6.41,NaN,29.55,0.16,84.2
2018-08-12T15:30:00Z,BUD,Budds_Landing,39.37225,-75.83986667,1.0,7.69,NaN,29.52,0.15,101.0
2018-08-12T15:45:00Z,BUD,Budds_Landing,39.37225,-75.83986667,1.0,7.83,NaN,29.36,0.15,102.5
2018-08-12T16:00:00Z,BUD,Budds_Landing,39.37225,-75.83986667,1.0,7.67,NaN,29.27,0.15,100.3
2018-08-12T16:15:00Z,BUD,Budds_Landing,39.37225,-75.83986667,1.0,8.05,NaN,29.44,0.15,105.5
2018-08-12T16:30:00Z,BUD,Budds_Landing,39.37225,-75.83986667,1.0,6.96,NaN,29.46,0.15,91.4
2018-08-12T16:45:00Z,BUD,Budds_Landing,39.37225,-75.83986667,1.0,6.49,NaN,29.51,0.16,85.2
2018-08-12T17:00:00Z,BUD,Budds_Landing,39.37225,-75.83986667,1.0,7.41,NaN,29.67,0.16,97.5
2018-08-12T17:15:00Z,BUD,Budds_Landing,39.37225,-75.83986667,1.0,8.21,NaN,29.78,0.16,108.3
2018-08-12T17:30:00Z,BUD,Budds_Landing,39.37225,-75.83986667,1.0,9.17,NaN,29.97,0.16,121.4
2018-08-12T17:45:00Z,BUD,Budds_Landing,39.37225,-75.83986667,1.0,9.67,NaN,30.11,0.15,128.3
2018-08-12T18:00:00Z,BUD,Budds_Landing,39.37225,-75.83986667,1.0,10.67,NaN,30.2,0.15,141.8
2018-08-12T18:15:00Z,BUD,Budds_Landing,39.37225,-75.83986667,1.0,11.46,NaN,30.25,0.14,152.4
2018-08-12T18:30:00Z,BUD,Budds_Landing,39.37225,-75.83986667,1.0,11.73,NaN,30.49,0.14,156.6
2018-08-12T18:45:00Z,BUD,Budds_Landing,39.37225,-75.83986667,1.0,11.97,NaN,30.04,0.14,158.5
2018-08-12T19:00:00Z,BUD,Budds_Landing,39.37225,-75.83986667,1.0,11.73,NaN,30.09,0.14,155.6
2018-08-12T19:15:00Z,BUD,Budds_Landing,39.37225,-75.83986667,1.0,11.84,NaN,30.12,0.14,157.1
2018-08-12T19:30:00Z,BUD,Budds_Landing,39.37225,-75.83986667,1.0,12.01,NaN,30.08,0.14,159.2
2018-08-12T19:45:00Z,BUD,Budds_Landing,39.37225,-75.83986667,1.0,12.5,NaN,30.11,0.14,165.8
2018-08-12T20:00:00Z,BUD,Budds_Landing,39.37225,-75.83986667,1.0,12.9,NaN,30.18,0.13,171.2
2018-08-12T20:15:00Z,BUD,Budds_Landing,39.37225,-75.83986667,1.0,12.93,NaN,30.19,0.13,171.8
2018-08-12T20:30:00Z,BUD,Budds_Landing,39.37225,-75.83986667,1.0,12.43,NaN,30.17,0.13,165.0
2018-08-12T20:45:00Z,BUD,Budds_Landing,39.37225,-75.83986667,1.0,13.24,NaN,30.08,0.13,175.5
2018-08-12T21:00:00Z,BUD,Budds_Landing,39.37225,-75.83986667,1.0,13.07,NaN,30.08,0.13,173.3
2018-08-12T21:15:00Z,BUD,Budds_Landing,39.37225,-75.83986667,1.0,13.24,NaN,30.0,0.12,175.2
2018-08-12T21:30:00Z,BUD,Budds_Landing,39.37225,-75.83986667,1.0,12.51,NaN,29.92,0.12,165.4
2018-08-12T21:45:00Z,BUD,Budds_Landing,39.37225,-75.83986667,1.0,11.64,NaN,29.92,0.13,153.9
2018-08-12T22:00:00Z,BUD,Budds_Landing,39.37225,-75.83986667,1.0,12.29,NaN,30.05,0.13,162.9
2018-08-12T22:15:00Z,BUD,Budds_Landing,39.37225,-75.83986667,1.0,12.06,NaN,29.99,0.13,159.7
2018-08-12T22:30:00Z,BUD,Budds_Landing,39.37225,-75.83986667,1.0,12.15,NaN,30.17,0.14,161.4
2018-08-12T22:45:00Z,BUD,Budds_Landing,39.37225,-75.83986667,1.0,13.08,NaN,30.55,0.14,174.9
2018-08-12T23:00:00Z,BUD,Budds_Landing,39.37225,-75.83986667,1.0,11.58,NaN,30.32,0.15,154.1
2018-08-12T23:15:00Z,BUD,Budds_Landing,39.37225,-75.83986667,1.0,12.56,NaN,30.46,0.15,167.6
2018-08-12T23:30:00Z,BUD,Budds_Landing,39.37225,-75.83986667,1.0,11.81,NaN,30.4,0.15,157.4
2018-08-12T23:45:00Z,BUD,Budds_Landing,39.37225,-75.83986667,1.0,13.02,NaN,30.44,0.14,173.6
2018-08-13T00:00:00Z,BUD,Budds_Landing,39.37225,-75.83986667,1.0,14.04,NaN,30.32,0.13,186.9
2018-08-13T00:15:00Z,BUD,Budds_Landing,39.37225,-75.83986667,1.0,14.06,NaN,30.33,0.13,187.2
2018-08-13T00:30:00Z,BUD,Budds_Landing,39.37225,-75.83986667,1.0,12.37,NaN,30.36,0.14,164.8
2018-08-13T00:45:00Z,BUD,Budds_Landing,39.37225,-75.83986667,1.0,11.91,NaN,30.39,0.15,158.7
2018-08-13T01:00:00Z,BUD,Budds_Landing,39.37225,-75.83986667,1.0,10.96,NaN,30.41,0.15,146.1
2018-08-13T01:15:00Z,BUD,Budds_Landing,39.37225,-75.83986667,1.0,10.73,NaN,30.4,0.15,143.0
2018-08-13T01:30:00Z,BUD,Budds_Landing,39.37225,-75.83986667,1.0,10.55,NaN,30.42,0.16,140.7
2018-08-13T01:45:00Z,BUD,Budds_Landing,39.37225,-75.83986667,1.0,10.39,NaN,30.42,0.16,138.6
2018-08-13T02:00:00Z,BUD,Budds_Landing,39.37225,-75.83986667,1.0,10.63,NaN,30.45,0.16,141.8
2018-08-13T02:15:00Z,BUD,Budds_Landing,39.37225,-75.83986667,1.0,10.46,NaN,30.42,0.16,139.5
2018-08-13T02:30:00Z,BUD,Budds_Landing,39.37225,-75.83986667,1.0,10.49,NaN,30.38,0.16,139.7
2018-08-13T02:45:00Z,BUD,Budds_Landing,39.37225,-75.83986667,1.0,10.16,NaN,30.34,0.16,135.3
2018-08-13T03:00:00Z,BUD,Budds_Landing,39.37225,-75.83986667,1.0,9.43,NaN,30.3,0.15,125.6
2018-08-13T03:15:00Z,BUD,Budds_Landing,39.37225,-75.83986667,1.0,9.2,NaN,30.28,0.15,122.4
2018-08-13T03:30:00Z,BUD,Budds_Landing,39.37225,-75.83986667,1.0,9.71,NaN,30.21,0.15,129.1
2018-08-13T03:45:00Z,BUD,Budds_Landing,39.37225,-75.83986667,1.0,9.78,NaN,30.19,0.15,129.9
2018-08-13T04:00:00Z,BUD,Budds_Landing,39.37225,-75.83986667,1.0,9.69,NaN,30.15,0.15,128.6
2018-08-13T04:15:00Z,BUD,Budds_Landing,39.37225,-75.83986667,1.0,9.56,NaN,30.12,0.15,126.9
2018-08-13T04:30:00Z,BUD,Budds_Landing,39.37225,-75.83986667,1.0,9.51,NaN,30.08,0.15,126.1
2018-08-13T04:45:00Z,BUD,Budds_Landing,39.37225,-75.83986667,1.0,9.52,NaN,30.06,0.15,126.1
2018-08-13T05:00:00Z,BUD,Budds_Landing,39.37225,-75.83986667,1.0,10.09,NaN,29.75,0.14,133.0
2018-08-13T05:15:00Z,BUD,Budds_Landing,39.37225,-75.83986667,1.0,10.0,NaN,29.64,0.14,131.6
2018-08-13T05:30:00Z,BUD,Budds_Landing,39.37225,-75.83986667,1.0,9.81,NaN,29.76,0.15,129.3
2018-08-13T05:45:00Z,BUD,Budds_Landing,39.37225,-75.83986667,1.0,9.56,NaN,29.84,0.15,126.2
2018-08-13T06:00:00Z,BUD,Budds_Landing,39.37225,-75.83986667,1.0,9.49,NaN,29.8,0.15,125.3
2018-08-13T06:15:00Z,BUD,Budds_Landing,39.37225,-75.83986667,1.0,9.37,NaN,29.68,0.15,123.4
2018-08-13T06:30:00Z,BUD,Budds_Landing,39.37225,-75.83986667,1.0,9.36,NaN,29.66,0.15,123.2
2018-08-13T06:45:00Z,BUD,Budds_Landing,39.37225,-75.83986667,1.0,9.21,NaN,29.51,0.15,120.9
2018-08-13T07:00:00Z,BUD,Budds_Landing,39.37225,-75.83986667,1.0,9.54,NaN,29.43,0.14,125.1
2018-08-13T07:15:00Z,BUD,Budds_Landing,39.37225,-75.83986667,1.0,8.81,NaN,29.4,0.15,115.4
2018-08-13T07:30:00Z,BUD,Budds_Landing,39.37225,-75.83986667,1.0,8.36,NaN,29.39,0.15,109.4
2018-08-13T07:45:00Z,BUD,Budds_Landing,39.37225,-75.83986667,1.0,8.95,NaN,29.3,0.14,117.0
2018-08-13T08:00:00Z,BUD,Budds_Landing,39.37225,-75.83986667,1.0,9.04,NaN,29.15,0.14,117.9
2018-08-13T08:15:00Z,BUD,Budds_Landing,39.37225,-75.83986667,1.0,8.77,NaN,29.09,0.14,114.3
2018-08-13T08:30:00Z,BUD,Budds_Landing,39.37225,-75.83986667,1.0,8.88,NaN,28.96,0.14,115.4
2018-08-13T08:45:00Z,BUD,Budds_Landing,39.37225,-75.83986667,1.0,8.4,NaN,28.96,0.14,109.3
2018-08-13T09:00:00Z,BUD,Budds_Landing,39.37225,-75.83986667,1.0,8.19,NaN,28.99,0.14,106.6
2018-08-13T09:15:00Z,BUD,Budds_Landing,39.37225,-75.83986667,1.0,8.48,NaN,28.96,0.14,110.2
2018-08-13T09:30:00Z,BUD,Budds_Landing,39.37225,-75.83986667,1.0,8.67,NaN,28.9,0.14,112.6
2018-08-13T09:45:00Z,BUD,Budds_Landing,39.37225,-75.83986667,1.0,8.72,NaN,28.82,0.13,113.1
2018-08-13T10:00:00Z,BUD,Budds_Landing,39.37225,-75.83986667,1.0,8.5,NaN,28.85,0.14,110.3
2018-08-13T10:15:00Z,BUD,Budds_Landing,39.37225,-75.83986667,1.0,8.01,NaN,28.91,0.14,104.1
2018-08-13T10:30:00Z,BUD,Budds_Landing,39.37225,-75.83986667,1.0,7.97,NaN,28.83,0.14,103.4
2018-08-13T10:45:00Z,BUD,Budds_Landing,39.37225,-75.83986667,1.0,7.9,NaN,28.77,0.14,102.4
2018-08-13T11:00:00Z,BUD,Budds_Landing,39.37225,-75.83986667,1.0,7.74,NaN,28.8,0.14,100.4
2018-08-13T11:15:00Z,BUD,Budds_Landing,39.37225,-75.83986667,1.0,7.95,NaN,28.75,0.14,102.9
2018-08-13T11:30:00Z,BUD,Budds_Landing,39.37225,-75.83986667,1.0,8.18,NaN,28.72,0.14,105.9
2018-08-13T11:45:00Z,BUD,Budds_Landing,39.37225,-75.83986667,1.0,8.2,NaN,28.81,0.14,106.4
2018-08-13T12:00:00Z,BUD,Budds_Landing,39.37225,-75.83986667,1.0,7.62,NaN,28.92,0.15,99.0
2018-08-13T12:15:00Z,BUD,Budds_Landing,39.37225,-75.83986667,1.0,7.55,NaN,28.96,0.15,98.1
2018-08-13T12:30:00Z,BUD,Budds_Landing,39.37225,-75.83986667,1.0,7.52,NaN,29.04,0.15,98.0
2018-08-13T12:45:00Z,BUD,Budds_Landing,39.37225,-75.83986667,1.0,7.48,NaN,29.07,0.15,97.5
2018-08-13T13:00:00Z,BUD,Budds_Landing,39.37225,-75.83986667,1.0,7.52,NaN,29.12,0.15,98.0
2018-08-13T13:15:00Z,BUD,Budds_Landing,39.37225,-75.83986667,1.0,7.69,NaN,29.15,0.15,100.4
2018-08-13T13:30:00Z,BUD,Budds_Landing,39.37225,-75.83986667,1.0,7.66,NaN,29.22,0.16,100.0
2018-08-13T13:45:00Z,BUD,Budds_Landing,39.37225,-75.83986667,1.0,7.89,NaN,29.27,0.16,103.2
2018-08-13T14:00:00Z,BUD,Budds_Landing,39.37225,-75.83986667,1.0,7.83,NaN,29.32,0.16,102.5
2018-08-13T14:15:00Z,BUD,Budds_Landing,39.37225,-75.83986667,1.0,8.03,NaN,29.34,0.16,105.0
2018-08-13T14:30:00Z,BUD,Budds_Landing,39.37225,-75.83986667,1.0,7.89,NaN,29.37,0.16,103.3
2018-08-13T14:45:00Z,BUD,Budds_Landing,39.37225,-75.83986667,1.0,7.86,NaN,29.4,0.16,103.0
2018-08-13T15:00:00Z,BUD,Budds_Landing,39.37225,-75.83986667,1.0,7.8,NaN,29.44,0.16,102.2
2018-08-13T15:15:00Z,BUD,Budds_Landing,39.37225,-75.83986667,1.0,7.84,NaN,29.46,0.16,102.9
2018-08-13T15:30:00Z,BUD,Budds_Landing,39.37225,-75.83986667,1.0,8.24,NaN,29.47,0.16,108.1
2018-08-13T15:45:00Z,BUD,Budds_Landing,39.37225,-75.83986667,1.0,9.1,NaN,29.29,0.16,118.9
2018-08-13T16:00:00Z,BUD,Budds_Landing,39.37225,-75.83986667,1.0,9.03,NaN,29.26,0.15,118.0
2018-08-13T16:15:00Z,BUD,Budds_Landing,39.37225,-75.83986667,1.0,8.43,NaN,29.12,0.15,109.9
2018-08-13T16:30:00Z,BUD,Budds_Landing,39.37225,-75.83986667,1.0,8.63,NaN,29.18,0.15,112.7
2018-08-13T16:45:00Z,BUD,Budds_Landing,39.37225,-75.83986667,1.0,8.45,NaN,29.12,0.15,110.2
2018-08-13T17:00:00Z,BUD,Budds_Landing,39.37225,-75.83986667,1.0,9.2,NaN,29.19,0.15,120.2
2018-08-13T17:15:00Z,BUD,Budds_Landing,39.37225,-75.83986667,1.0,10.0,NaN,29.49,0.15,131.3
2018-08-13T17:30:00Z,BUD,Budds_Landing,39.37225,-75.83986667,1.0,10.13,NaN,29.56,0.15,133.1
2018-08-13T17:45:00Z,BUD,Budds_Landing,39.37225,-75.83986667,1.0,9.27,NaN,29.44,0.15,121.6
2018-08-13T18:00:00Z,BUD,Budds_Landing,39.37225,-75.83986667,1.0,10.2,NaN,29.55,0.15,133.9
2018-08-13T18:15:00Z,BUD,Budds_Landing,39.37225,-75.83986667,1.0,11.57,NaN,29.55,0.14,152.0
2018-08-13T18:30:00Z,BUD,Budds_Landing,39.37225,-75.83986667,1.0,11.97,NaN,29.54,0.14,157.2
2018-08-13T18:45:00Z,BUD,Budds_Landing,39.37225,-75.83986667,1.0,11.93,NaN,29.5,0.14,156.6
2018-08-13T19:00:00Z,BUD,Budds_Landing,39.37225,-75.83986667,1.0,12.59,NaN,29.77,0.14,166.0
2018-08-13T19:15:00Z,BUD,Budds_Landing,39.37225,-75.83986667,1.0,12.97,NaN,29.4,0.14,169.9
2018-08-13T19:30:00Z,BUD,Budds_Landing,39.37225,-75.83986667,1.0,12.08,NaN,29.36,0.14,158.2
2018-08-13T19:45:00Z,BUD,Budds_Landing,39.37225,-75.83986667,1.0,11.71,NaN,29.46,0.14,153.6
2018-08-13T20:00:00Z,BUD,Budds_Landing,39.37225,-75.83986667,1.0,12.31,NaN,29.37,0.14,161.3
2018-08-13T20:15:00Z,BUD,Budds_Landing,39.37225,-75.83986667,1.0,13.2,NaN,29.46,0.13,173.1
2018-08-13T20:30:00Z,BUD,Budds_Landing,39.37225,-75.83986667,1.0,14.57,NaN,29.51,0.12,191.3
2018-08-13T20:45:00Z,BUD,Budds_Landing,39.37225,-75.83986667,1.0,15.14,NaN,29.51,0.12,198.7
2018-08-13T21:00:00Z,BUD,Budds_Landing,39.37225,-75.83986667,1.0,15.47,NaN,29.45,0.11,202.8
2018-08-13T21:15:00Z,BUD,Budds_Landing,39.37225,-75.83986667,1.0,15.22,NaN,29.36,0.11,199.2
2018-08-13T21:30:00Z,BUD,Budds_Landing,39.37225,-75.83986667,1.0,14.88,NaN,29.11,0.11,194.0
2018-08-13T21:45:00Z,BUD,Budds_Landing,39.37225,-75.83986667,1.0,14.71,NaN,29.1,0.11,191.6
2018-08-13T22:00:00Z,BUD,Budds_Landing,39.37225,-75.83986667,1.0,14.65,NaN,29.07,0.1,190.9
2018-08-13T22:15:00Z,BUD,Budds_Landing,39.37225,-75.83986667,1.0,14.83,NaN,29.31,0.11,194.0
2018-08-13T22:30:00Z,BUD,Budds_Landing,39.37225,-75.83986667,1.0,14.16,NaN,29.25,0.11,185.0
2018-08-13T22:45:00Z,BUD,Budds_Landing,39.37225,-75.83986667,1.0,14.33,NaN,29.11,0.11,186.7
2018-08-13T23:00:00Z,BUD,Budds_Landing,39.37225,-75.83986667,1.0,17.1,NaN,30.48,0.13,228.3
2018-08-13T23:15:00Z,BUD,Budds_Landing,39.37225,-75.83986667,1.0,16.96,NaN,30.95,0.14,228.2
2018-08-13T23:30:00Z,BUD,Budds_Landing,39.37225,-75.83986667,1.0,17.54,NaN,30.77,0.14,235.4
2018-08-13T23:45:00Z,BUD,Budds_Landing,39.37225,-75.83986667,1.0,15.95,NaN,30.4,0.14,212.6
2018-08-14T00:00:00Z,BUD,Budds_Landing,39.37225,-75.83986667,1.0,16.01,NaN,30.03,0.13,212.0
2018-08-14T00:15:00Z,BUD,Budds_Landing,39.37225,-75.83986667,1.0,15.85,NaN,29.93,0.13,209.6
2018-08-14T00:30:00Z,BUD,Budds_Landing,39.37225,-75.83986667,1.0,13.92,NaN,30.28,0.15,185.2
2018-08-14T00:45:00Z,BUD,Budds_Landing,39.37225,-75.83986667,1.0,13.71,NaN,30.28,0.15,182.4
2018-08-14T01:00:00Z,BUD,Budds_Landing,39.37225,-75.83986667,1.0,14.43,NaN,30.06,0.14,191.3
2018-08-14T01:15:00Z,BUD,Budds_Landing,39.37225,-75.83986667,1.0,14.15,NaN,29.85,0.14,186.8
2018-08-14T01:30:00Z,BUD,Budds_Landing,39.37225,-75.83986667,1.0,13.79,NaN,29.76,0.13,181.8
2018-08-14T01:45:00Z,BUD,Budds_Landing,39.37225,-75.83986667,1.0,13.73,NaN,29.96,0.14,181.7
2018-08-14T02:00:00Z,BUD,Budds_Landing,39.37225,-75.83986667,1.0,13.45,NaN,30.09,0.15,178.3
2018-08-14T02:15:00Z,BUD,Budds_Landing,39.37225,-75.83986667,1.0,12.25,NaN,30.02,0.15,162.2
2018-08-14T02:30:00Z,BUD,Budds_Landing,39.37225,-75.83986667,1.0,12.18,NaN,30.03,0.16,161.4
2018-08-14T02:45:00Z,BUD,Budds_Landing,39.37225,-75.83986667,1.0,11.87,NaN,30.03,0.16,157.2
2018-08-14T03:00:00Z,BUD,Budds_Landing,39.37225,-75.83986667,1.0,11.62,NaN,30.08,0.16,154.0
2018-08-14T03:15:00Z,BUD,Budds_Landing,39.37225,-75.83986667,1.0,11.18,NaN,30.1,0.16,148.3
2018-08-14T03:30:00Z,BUD,Budds_Landing,39.37225,-75.83986667,1.0,11.26,NaN,30.08,0.16,149.3
2018-08-14T03:45:00Z,BUD,Budds_Landing,39.37225,-75.83986667,1.0,11.02,NaN,30.03,0.16,146.0
2018-08-14T04:00:00Z,BUD,Budds_Landing,39.37225,-75.83986667,1.0,11.13,NaN,30.04,0.16,147.5
2018-08-14T04:15:00Z,BUD,Budds_Landing,39.37225,-75.83986667,1.0,10.45,NaN,29.99,0.16,138.4
2018-08-14T04:30:00Z,BUD,Budds_Landing,39.37225,-75.83986667,1.0,10.77,NaN,29.89,0.16,142.3
2018-08-14T04:45:00Z,BUD,Budds_Landing,39.37225,-75.83986667,1.0,11.06,NaN,29.79,0.16,145.9
2018-08-14T05:00:00Z,BUD,Budds_Landing,39.37225,-75.83986667,1.0,11.51,NaN,29.55,0.15,151.2
2018-08-14T05:15:00Z,BUD,Budds_Landing,39.37225,-75.83986667,1.0,11.25,NaN,29.64,0.15,148.1
2018-08-14T05:30:00Z,BUD,Budds_Landing,39.37225,-75.83986667,1.0,11.19,NaN,29.52,0.15,147.0
2018-08-14T05:45:00Z,BUD,Budds_Landing,39.37225,-75.83986667,1.0,11.01,NaN,29.37,0.15,144.2
2018-08-14T06:00:00Z,BUD,Budds_Landing,39.37225,-75.83986667,1.0,11.03,NaN,29.3,0.15,144.3
2018-08-14T06:15:00Z,BUD,Budds_Landing,39.37225,-75.83986667,1.0,10.57,NaN,29.28,0.15,138.2
2018-08-14T06:30:00Z,BUD,Budds_Landing,39.37225,-75.83986667,1.0,10.39,NaN,29.26,0.15,135.8
2018-08-14T06:45:00Z,BUD,Budds_Landing,39.37225,-75.83986667,1.0,10.13,NaN,29.18,0.15,132.3
2018-08-14T07:00:00Z,BUD,Budds_Landing,39.37225,-75.83986667,1.0,10.05,NaN,29.22,0.15,131.2
2018-08-14T07:15:00Z,BUD,Budds_Landing,39.37225,-75.83986667,1.0,10.01,NaN,29.17,0.15,130.7
2018-08-14T07:30:00Z,BUD,Budds_Landing,39.37225,-75.83986667,1.0,10.39,NaN,29.01,0.15,135.2
2018-08-14T07:45:00Z,BUD,Budds_Landing,39.37225,-75.83986667,1.0,10.66,NaN,28.84,0.14,138.3
2018-08-14T08:00:00Z,BUD,Budds_Landing,39.37225,-75.83986667,1.0,10.58,NaN,28.77,0.14,137.1
2018-08-14T08:15:00Z,BUD,Budds_Landing,39.37225,-75.83986667,1.0,10.53,NaN,28.67,0.14,136.2
2018-08-14T08:30:00Z,BUD,Budds_Landing,39.37225,-75.83986667,1.0,10.69,NaN,28.47,0.13,137.8
2018-08-14T08:45:00Z,BUD,Budds_Landing,39.37225,-75.83986667,1.0,10.28,NaN,28.5,0.14,132.6
2018-08-14T09:00:00Z,BUD,Budds_Landing,39.37225,-75.83986667,1.0,10.23,NaN,28.39,0.14,131.7
2018-08-14T09:15:00Z,BUD,Budds_Landing,39.37225,-75.83986667,1.0,10.28,NaN,28.14,0.13,131.8
2018-08-14T09:30:00Z,BUD,Budds_Landing,39.37225,-75.83986667,1.0,10.1,NaN,28.07,0.13,129.2
2018-08-14T09:45:00Z,BUD,Budds_Landing,39.37225,-75.83986667,1.0,9.94,NaN,27.87,0.13,126.8
2018-08-14T10:00:00Z,BUD,Budds_Landing,39.37225,-75.83986667,1.0,9.76,NaN,27.7,0.13,124.1
2018-08-14T10:15:00Z,BUD,Budds_Landing,39.37225,-75.83986667,1.0,9.67,NaN,27.8,0.13,123.1
2018-08-14T10:30:00Z,BUD,Budds_Landing,39.37225,-75.83986667,1.0,9.8,NaN,27.79,0.12,124.7
2018-08-14T10:45:00Z,BUD,Budds_Landing,39.37225,-75.83986667,1.0,9.62,NaN,27.71,0.12,122.4
2018-08-14T11:00:00Z,BUD,Budds_Landing,39.37225,-75.83986667,1.0,9.63,NaN,27.69,0.12,122.4
2018-08-14T11:15:00Z,BUD,Budds_Landing,39.37225,-75.83986667,1.0,9.56,NaN,27.76,0.13,121.7
2018-08-14T11:30:00Z,BUD,Budds_Landing,39.37225,-75.83986667,1.0,9.49,NaN,27.98,0.13,121.3
2018-08-14T11:45:00Z,BUD,Budds_Landing,39.37225,-75.83986667,1.0,9.69,NaN,28.06,0.14,124.1
2018-08-14T12:00:00Z,BUD,Budds_Landing,39.37225,-75.83986667,1.0,9.56,NaN,28.14,0.14,122.5
2018-08-14T12:15:00Z,BUD,Budds_Landing,39.37225,-75.83986667,1.0,9.54,NaN,28.17,0.15,122.3
2018-08-14T12:30:00Z,BUD,Budds_Landing,39.37225,-75.83986667,1.0,9.84,NaN,28.12,0.14,126.1
2018-08-14T12:45:00Z,BUD,Budds_Landing,39.37225,-75.83986667,1.0,9.9,NaN,28.22,0.15,127.1
2018-08-14T13:00:00Z,BUD,Budds_Landing,39.37225,-75.83986667,1.0,9.62,NaN,28.32,0.15,123.7
2018-08-14T13:15:00Z,BUD,Budds_Landing,39.37225,-75.83986667,1.0,9.62,NaN,28.41,0.15,123.9
2018-08-14T13:30:00Z,BUD,Budds_Landing,39.37225,-75.83986667,1.0,9.53,NaN,28.53,0.15,123.0
2018-08-14T13:45:00Z,BUD,Budds_Landing,39.37225,-75.83986667,1.0,9.49,NaN,28.61,0.15,122.6
2018-08-14T14:00:00Z,BUD,Budds_Landing,39.37225,-75.83986667,1.0,9.44,NaN,28.63,0.15,122.0
2018-08-14T14:15:00Z,BUD,Budds_Landing,39.37225,-75.83986667,1.0,9.61,NaN,28.69,0.15,124.3
2018-08-14T14:30:00Z,BUD,Budds_Landing,39.37225,-75.83986667,1.0,9.73,NaN,28.81,0.15,126.2
2018-08-14T14:45:00Z,BUD,Budds_Landing,39.37225,-75.83986667,1.0,10.12,NaN,28.93,0.15,131.5
2018-08-14T15:00:00Z,BUD,Budds_Landing,39.37225,-75.83986667,1.0,10.41,NaN,29.05,0.16,135.6
2018-08-14T15:15:00Z,BUD,Budds_Landing,39.37225,-75.83986667,1.0,10.39,NaN,29.13,0.16,135.5
2018-08-14T15:30:00Z,BUD,Budds_Landing,39.37225,-75.83986667,1.0,10.41,NaN,29.13,0.16,135.8
2018-08-14T15:45:00Z,BUD,Budds_Landing,39.37225,-75.83986667,1.0,10.15,NaN,29.11,0.16,132.3
2018-08-14T16:00:00Z,BUD,Budds_Landing,39.37225,-75.83986667,1.0,10.15,NaN,29.11,0.16,132.3
2018-08-14T16:15:00Z,BUD,Budds_Landing,39.37225,-75.83986667,1.0,10.24,NaN,29.18,0.16,133.7
2018-08-14T16:30:00Z,BUD,Budds_Landing,39.37225,-75.83986667,1.0,10.22,NaN,29.21,0.16,133.5
2018-08-14T16:45:00Z,BUD,Budds_Landing,39.37225,-75.83986667,1.0,10.13,NaN,29.14,0.16,132.1
2018-08-14T17:00:00Z,BUD,Budds_Landing,39.37225,-75.83986667,1.0,10.0,NaN,29.07,0.16,130.2
2018-08-14T17:15:00Z,BUD,Budds_Landing,39.37225,-75.83986667,1.0,11.47,NaN,29.08,0.15,149.4
2018-08-14T17:30:00Z,BUD,Budds_Landing,39.37225,-75.83986667,1.0,11.82,NaN,29.2,0.16,154.3
2018-08-14T17:45:00Z,BUD,Budds_Landing,39.37225,-75.83986667,1.0,10.0,NaN,28.5,0.14,129.0
2018-08-14T18:00:00Z,BUD,Budds_Landing,39.37225,-75.83986667,1.0,12.0,NaN,29.14,0.15,156.5
2018-08-14T18:15:00Z,BUD,Budds_Landing,39.37225,-75.83986667,1.0,12.04,NaN,29.13,0.15,157.1
2018-08-14T18:30:00Z,BUD,Budds_Landing,39.37225,-75.83986667,1.0,11.98,NaN,29.14,0.15,156.3
2018-08-14T18:45:00Z,BUD,Budds_Landing,39.37225,-75.83986667,1.0,11.53,NaN,29.04,0.15,150.1
2018-08-14T19:00:00Z,BUD,Budds_Landing,39.37225,-75.83986667,1.0,11.32,NaN,28.97,0.15,147.2
2018-08-14T19:15:00Z,BUD,Budds_Landing,39.37225,-75.83986667,1.0,12.32,NaN,29.22,0.15,160.9
2018-08-14T19:30:00Z,BUD,Budds_Landing,39.37225,-75.83986667,1.0,12.38,NaN,29.22,0.15,161.7
2018-08-14T19:45:00Z,BUD,Budds_Landing,39.37225,-75.83986667,1.0,12.24,NaN,29.13,0.15,159.6
2018-08-14T20:00:00Z,BUD,Budds_Landing,39.37225,-75.83986667,1.0,13.18,NaN,29.35,0.15,172.5
2018-08-14T20:15:00Z,BUD,Budds_Landing,39.37225,-75.83986667,1.0,13.66,NaN,29.16,0.14,178.2
2018-08-14T20:30:00Z,BUD,Budds_Landing,39.37225,-75.83986667,1.0,13.57,NaN,28.8,0.13,175.9
2018-08-14T20:45:00Z,BUD,Budds_Landing,39.37225,-75.83986667,1.0,13.81,NaN,28.72,0.13,178.8
2018-08-14T21:00:00Z,BUD,Budds_Landing,39.37225,-75.83986667,1.0,15.27,NaN,28.91,0.13,198.4
2018-08-14T21:15:00Z,BUD,Budds_Landing,39.37225,-75.83986667,1.0,14.42,NaN,28.93,0.13,187.4
2018-08-14T21:30:00Z,BUD,Budds_Landing,39.37225,-75.83986667,1.0,15.34,NaN,28.79,0.12,198.8
2018-08-14T21:45:00Z,BUD,Budds_Landing,39.37225,-75.83986667,1.0,14.9,NaN,28.84,0.13,193.3
2018-08-14T22:00:00Z,BUD,Budds_Landing,39.37225,-75.83986667,1.0,15.04,NaN,28.92,0.13,195.4
2018-08-14T22:15:00Z,BUD,Budds_Landing,39.37225,-75.83986667,1.0,15.31,NaN,28.88,0.13,198.7
2018-08-14T22:30:00Z,BUD,Budds_Landing,39.37225,-75.83986667,1.0,15.09,NaN,28.95,0.13,196.1
2018-08-14T22:45:00Z,BUD,Budds_Landing,39.37225,-75.83986667,1.0,15.73,NaN,28.75,0.11,203.7
2018-08-14T23:00:00Z,BUD,Budds_Landing,39.37225,-75.83986667,1.0,14.97,NaN,28.71,0.11,193.7
2018-08-14T23:15:00Z,BUD,Budds_Landing,39.37225,-75.83986667,1.0,15.39,NaN,28.72,0.12,199.3
2018-08-14T23:30:00Z,BUD,Budds_Landing,39.37225,-75.83986667,1.0,14.88,NaN,28.73,0.12,192.7
2018-08-14T23:45:00Z,BUD,Budds_Landing,39.37225,-75.83986667,1.0,15.15,NaN,28.83,0.13,196.4
2018-08-15T00:00:00Z,BUD,Budds_Landing,39.37225,-75.83986667,1.0,14.64,NaN,28.76,0.13,189.7
2018-08-15T00:15:00Z,BUD,Budds_Landing,39.37225,-75.83986667,1.0,15.36,NaN,28.84,0.13,199.3
2018-08-15T00:30:00Z,BUD,Budds_Landing,39.37225,-75.83986667,1.0,15.41,NaN,28.77,0.13,199.6
2018-08-15T00:45:00Z,BUD,Budds_Landing,39.37225,-75.83986667,1.0,14.98,NaN,28.65,0.13,193.7
2018-08-15T01:00:00Z,BUD,Budds_Landing,39.37225,-75.83986667,1.0,13.67,NaN,28.53,0.14,176.5
2018-08-15T01:15:00Z,BUD,Budds_Landing,39.37225,-75.83986667,1.0,13.62,NaN,28.84,0.16,176.7
2018-08-15T01:30:00Z,BUD,Budds_Landing,39.37225,-75.83986667,1.0,13.32,NaN,28.87,0.16,172.9
2018-08-15T01:45:00Z,BUD,Budds_Landing,39.37225,-75.83986667,1.0,13.59,NaN,28.64,0.14,175.6
2018-08-15T02:00:00Z,BUD,Budds_Landing,39.37225,-75.83986667,1.0,13.49,NaN,28.59,0.14,174.3
2018-08-15T02:15:00Z,BUD,Budds_Landing,39.37225,-75.83986667,1.0,12.41,NaN,28.83,0.15,160.9
2018-08-15T02:30:00Z,BUD,Budds_Landing,39.37225,-75.83986667,1.0,12.31,NaN,28.86,0.15,159.8
2018-08-15T02:45:00Z,BUD,Budds_Landing,39.37225,-75.83986667,1.0,12.04,NaN,28.94,0.15,156.5
2018-08-15T03:00:00Z,BUD,Budds_Landing,39.37225,-75.83986667,1.0,11.95,NaN,28.86,0.15,155.1
2018-08-15T03:15:00Z,BUD,Budds_Landing,39.37225,-75.83986667,1.0,11.64,NaN,28.83,0.15,151.0
2018-08-15T03:30:00Z,BUD,Budds_Landing,39.37225,-75.83986667,1.0,11.42,NaN,28.91,0.16,148.4
2018-08-15T03:45:00Z,BUD,Budds_Landing,39.37225,-75.83986667,1.0,11.5,NaN,28.94,0.16,149.5
2018-08-15T04:00:00Z,BUD,Budds_Landing,39.37225,-75.83986667,1.0,11.42,NaN,28.96,0.16,148.5
2018-08-15T04:15:00Z,BUD,Budds_Landing,39.37225,-75.83986667,1.0,10.66,NaN,28.94,0.16,138.5
2018-08-15T04:30:00Z,BUD,Budds_Landing,39.37225,-75.83986667,1.0,10.76,NaN,28.91,0.16,139.8
2018-08-15T04:45:00Z,BUD,Budds_Landing,39.37225,-75.83986667,1.0,10.77,NaN,28.9,0.16,139.9
2018-08-15T05:00:00Z,BUD,Budds_Landing,39.37225,-75.83986667,1.0,10.5,NaN,28.83,0.16,136.3
2018-08-15T05:15:00Z,BUD,Budds_Landing,39.37225,-75.83986667,1.0,9.8,NaN,28.82,0.16,127.1
2018-08-15T05:30:00Z,BUD,Budds_Landing,39.37225,-75.83986667,1.0,10.02,NaN,28.78,0.16,129.9
2018-08-15T05:45:00Z,BUD,Budds_Landing,39.37225,-75.83986667,1.0,10.1,NaN,28.77,0.16,130.9
2018-08-15T06:00:00Z,BUD,Budds_Landing,39.37225,-75.83986667,1.0,10.25,NaN,28.7,0.16,132.7
2018-08-15T06:15:00Z,BUD,Budds_Landing,39.37225,-75.83986667,1.0,10.21,NaN,28.63,0.16,131.9
2018-08-15T06:30:00Z,BUD,Budds_Landing,39.37225,-75.83986667,1.0,10.77,NaN,28.4,0.15,138.7
2018-08-15T06:45:00Z,BUD,Budds_Landing,39.37225,-75.83986667,1.0,10.8,NaN,28.33,0.15,138.8
2018-08-15T07:00:00Z,BUD,Budds_Landing,39.37225,-75.83986667,1.0,10.6,NaN,28.34,0.15,136.4
2018-08-15T07:15:00Z,BUD,Budds_Landing,39.37225,-75.83986667,1.0,10.57,NaN,28.24,0.15,135.7
2018-08-15T07:30:00Z,BUD,Budds_Landing,39.37225,-75.83986667,1.0,10.49,NaN,28.17,0.15,134.5
2018-08-15T07:45:00Z,BUD,Budds_Landing,39.37225,-75.83986667,1.0,10.37,NaN,28.11,0.15,132.8
2018-08-15T08:00:00Z,BUD,Budds_Landing,39.37225,-75.83986667,1.0,10.41,NaN,28.02,0.15,133.2
2018-08-15T08:15:00Z,BUD,Budds_Landing,39.37225,-75.83986667,1.0,10.4,NaN,27.91,0.14,132.8
2018-08-15T08:30:00Z,BUD,Budds_Landing,39.37225,-75.83986667,1.0,10.38,NaN,27.82,0.14,132.2
2018-08-15T08:45:00Z,BUD,Budds_Landing,39.37225,-75.83986667,1.0,10.16,NaN,27.79,0.14,129.4
2018-08-15T09:00:00Z,BUD,Budds_Landing,39.37225,-75.83986667,1.0,9.89,NaN,27.81,0.14,126.0
2018-08-15T09:15:00Z,BUD,Budds_Landing,39.37225,-75.83986667,1.0,10.08,NaN,27.67,0.14,128.1
2018-08-15T09:30:00Z,BUD,Budds_Landing,39.37225,-75.83986667,1.0,10.35,NaN,27.5,0.13,131.1
2018-08-15T09:45:00Z,BUD,Budds_Landing,39.37225,-75.83986667,1.0,9.9,NaN,27.5,0.13,125.4
2018-08-15T10:00:00Z,BUD,Budds_Landing,39.37225,-75.83986667,1.0,10.01,NaN,27.41,0.13,126.6
2018-08-15T10:15:00Z,BUD,Budds_Landing,39.37225,-75.83986667,1.0,9.49,NaN,27.35,0.13,119.9
2018-08-15T10:30:00Z,BUD,Budds_Landing,39.37225,-75.83986667,1.0,9.55,NaN,27.34,0.13,120.7
2018-08-15T10:45:00Z,BUD,Budds_Landing,39.37225,-75.83986667,1.0,9.44,NaN,27.27,0.13,119.1
2018-08-15T11:00:00Z,BUD,Budds_Landing,39.37225,-75.83986667,1.0,9.23,NaN,27.25,0.13,116.4
2018-08-15T11:15:00Z,BUD,Budds_Landing,39.37225,-75.83986667,1.0,9.09,NaN,27.13,0.13,114.4
2018-08-15T11:30:00Z,BUD,Budds_Landing,39.37225,-75.83986667,1.0,9.36,NaN,27.0,0.12,117.5
2018-08-15T11:45:00Z,BUD,Budds_Landing,39.37225,-75.83986667,1.0,9.51,NaN,27.12,0.13,119.6
2018-08-15T12:00:00Z,BUD,Budds_Landing,39.37225,-75.83986667,1.0,9.54,NaN,27.08,0.13,120.0
2018-08-15T12:15:00Z,BUD,Budds_Landing,39.37225,-75.83986667,1.0,9.57,NaN,27.01,0.12,120.2
2018-08-15T12:30:00Z,BUD,Budds_Landing,39.37225,-75.83986667,1.0,10.05,NaN,27.08,0.12,126.4
2018-08-15T12:45:00Z,BUD,Budds_Landing,39.37225,-75.83986667,1.0,10.41,NaN,27.27,0.13,131.4
2018-08-15T13:00:00Z,BUD,Budds_Landing,39.37225,-75.83986667,1.0,10.74,NaN,27.35,0.13,135.7
2018-08-15T13:15:00Z,BUD,Budds_Landing,39.37225,-75.83986667,1.0,11.52,NaN,27.45,0.14,145.9
2018-08-15T13:30:00Z,BUD,Budds_Landing,39.37225,-75.83986667,1.0,11.61,NaN,27.43,0.13,146.9
2018-08-15T13:45:00Z,BUD,Budds_Landing,39.37225,-75.83986667,1.0,12.21,NaN,27.51,0.13,154.7
2018-08-15T14:00:00Z,BUD,Budds_Landing,39.37225,-75.83986667,1.0,12.52,NaN,27.66,0.13,159.1
2018-08-15T14:15:00Z,BUD,Budds_Landing,39.37225,-75.83986667,1.0,12.34,NaN,27.84,0.14,157.3
2018-08-15T14:30:00Z,BUD,Budds_Landing,39.37225,-75.83986667,1.0,11.9,NaN,27.94,0.15,152.0
2018-08-15T14:45:00Z,BUD,Budds_Landing,39.37225,-75.83986667,1.0,11.63,NaN,28.04,0.15,148.8
2018-08-15T15:00:00Z,BUD,Budds_Landing,39.37225,-75.83986667,1.0,11.45,NaN,28.16,0.15,146.7
2018-08-15T15:15:00Z,BUD,Budds_Landing,39.37225,-75.83986667,1.0,11.29,NaN,28.23,0.15,145.0
2018-08-15T15:30:00Z,BUD,Budds_Landing,39.37225,-75.83986667,1.0,11.03,NaN,28.18,0.15,141.5
2018-08-15T15:45:00Z,BUD,Budds_Landing,39.37225,-75.83986667,1.0,10.62,NaN,28.15,0.15,136.2
2018-08-15T16:00:00Z,BUD,Budds_Landing,39.37225,-75.83986667,1.0,10.99,NaN,28.17,0.15,141.0
2018-08-15T16:15:00Z,BUD,Budds_Landing,39.37225,-75.83986667,1.0,11.4,NaN,28.27,0.15,146.4
2018-08-15T16:30:00Z,BUD,Budds_Landing,39.37225,-75.83986667,1.0,12.04,NaN,28.5,0.15,155.3
2018-08-15T16:45:00Z,BUD,Budds_Landing,39.37225,-75.83986667,1.0,12.69,NaN,28.9,0.16,164.8
2018-08-15T17:00:00Z,BUD,Budds_Landing,39.37225,-75.83986667,1.0,13.33,NaN,29.19,0.16,174.1
2018-08-15T17:15:00Z,BUD,Budds_Landing,39.37225,-75.83986667,1.0,12.77,NaN,28.77,0.16,165.6
2018-08-15T17:30:00Z,BUD,Budds_Landing,39.37225,-75.83986667,1.0,11.91,NaN,28.43,0.15,153.5
2018-08-15T17:45:00Z,BUD,Budds_Landing,39.37225,-75.83986667,1.0,12.18,NaN,28.41,0.15,156.9
2018-08-15T18:00:00Z,BUD,Budds_Landing,39.37225,-75.83986667,1.0,13.36,NaN,28.76,0.15,173.2
2018-08-15T18:15:00Z,BUD,Budds_Landing,39.37225,-75.83986667,1.0,13.81,NaN,28.85,0.15,179.2
2018-08-15T18:30:00Z,BUD,Budds_Landing,39.37225,-75.83986667,1.0,13.65,NaN,28.51,0.14,176.1
2018-08-15T18:45:00Z,BUD,Budds_Landing,39.37225,-75.83986667,1.0,12.83,NaN,28.36,0.14,165.0
2018-08-15T19:00:00Z,BUD,Budds_Landing,39.37225,-75.83986667,1.0,13.15,NaN,28.61,0.14,169.9
2018-08-15T19:15:00Z,BUD,Budds_Landing,39.37225,-75.83986667,1.0,13.28,NaN,28.54,0.14,171.4
2018-08-15T19:30:00Z,BUD,Budds_Landing,39.37225,-75.83986667,1.0,15.31,NaN,29.05,0.14,199.4
2018-08-15T19:45:00Z,BUD,Budds_Landing,39.37225,-75.83986667,1.0,14.61,NaN,28.77,0.14,189.3
2018-08-15T20:00:00Z,BUD,Budds_Landing,39.37225,-75.83986667,1.0,14.59,NaN,28.77,0.14,189.1
2018-08-15T20:15:00Z,BUD,Budds_Landing,39.37225,-75.83986667,1.0,14.69,NaN,28.8,0.14,190.4
2018-08-15T20:30:00Z,BUD,Budds_Landing,39.37225,-75.83986667,1.0,14.28,NaN,28.93,0.14,185.5
2018-08-15T20:45:00Z,BUD,Budds_Landing,39.37225,-75.83986667,1.0,15.29,NaN,28.71,0.13,197.9
2018-08-15T21:00:00Z,BUD,Budds_Landing,39.37225,-75.83986667,1.0,15.51,NaN,28.74,0.13,200.8
2018-08-15T21:15:00Z,BUD,Budds_Landing,39.37225,-75.83986667,1.0,15.07,NaN,28.72,0.13,195.1
2018-08-15T21:30:00Z,BUD,Budds_Landing,39.37225,-75.83986667,1.0,14.73,NaN,28.63,0.13,190.4
2018-08-15T21:45:00Z,BUD,Budds_Landing,39.37225,-75.83986667,1.0,15.15,NaN,28.83,0.12,196.5
2018-08-15T22:00:00Z,BUD,Budds_Landing,39.37225,-75.83986667,1.0,15.67,NaN,28.78,0.12,203.1
2018-08-15T22:15:00Z,BUD,Budds_Landing,39.37225,-75.83986667,1.0,16.7,NaN,28.95,0.12,217.0
2018-08-15T22:30:00Z,BUD,Budds_Landing,39.37225,-75.83986667,1.0,17.66,NaN,29.21,0.12,230.6
2018-08-15T22:45:00Z,BUD,Budds_Landing,39.37225,-75.83986667,1.0,17.96,NaN,29.13,0.11,234.1
2018-08-15T23:00:00Z,BUD,Budds_Landing,39.37225,-75.83986667,1.0,18.31,NaN,29.31,0.11,239.4
2018-08-15T23:15:00Z,BUD,Budds_Landing,39.37225,-75.83986667,1.0,17.35,NaN,29.07,0.11,225.9
2018-08-15T23:30:00Z,BUD,Budds_Landing,39.37225,-75.83986667,1.0,16.11,NaN,29.05,0.11,209.7
2018-08-15T23:45:00Z,BUD,Budds_Landing,39.37225,-75.83986667,1.0,15.86,NaN,29.05,0.11,206.5
2018-08-16T00:00:00Z,BUD,Budds_Landing,39.37225,-75.83986667,1.0,17.18,NaN,29.21,0.11,224.3
2018-08-16T00:15:00Z,BUD,Budds_Landing,39.37225,-75.83986667,1.0,17.65,NaN,29.35,0.12,231.1
2018-08-16T00:30:00Z,BUD,Budds_Landing,39.37225,-75.83986667,1.0,17.87,NaN,29.32,0.12,233.7
2018-08-16T00:45:00Z,BUD,Budds_Landing,39.37225,-75.83986667,1.0,19.45,NaN,29.55,0.12,255.5
2018-08-16T01:00:00Z,BUD,Budds_Landing,39.37225,-75.83986667,1.0,18.78,NaN,29.56,0.13,246.8
2018-08-16T01:15:00Z,BUD,Budds_Landing,39.37225,-75.83986667,1.0,19.1,NaN,29.52,0.12,250.7
2018-08-16T01:30:00Z,BUD,Budds_Landing,39.37225,-75.83986667,1.0,18.38,NaN,29.48,0.13,241.2
2018-08-16T01:45:00Z,BUD,Budds_Landing,39.37225,-75.83986667,1.0,18.83,NaN,29.43,0.13,246.9
2018-08-16T02:00:00Z,BUD,Budds_Landing,39.37225,-75.83986667,1.0,16.1,NaN,29.15,0.14,210.1
2018-08-16T02:15:00Z,BUD,Budds_Landing,39.37225,-75.83986667,1.0,16.57,NaN,28.95,0.13,215.4
2018-08-16T02:30:00Z,BUD,Budds_Landing,39.37225,-75.83986667,1.0,16.44,NaN,29.06,0.13,214.1
2018-08-16T02:45:00Z,BUD,Budds_Landing,39.37225,-75.83986667,1.0,15.62,NaN,29.1,0.14,203.5
2018-08-16T03:00:00Z,BUD,Budds_Landing,39.37225,-75.83986667,1.0,14.51,NaN,29.2,0.15,189.5
2018-08-16T03:15:00Z,BUD,Budds_Landing,39.37225,-75.83986667,1.0,14.33,NaN,29.21,0.15,187.1
2018-08-16T03:30:00Z,BUD,Budds_Landing,39.37225,-75.83986667,1.0,14.35,NaN,29.24,0.15,187.5
2018-08-16T03:45:00Z,BUD,Budds_Landing,39.37225,-75.83986667,1.0,13.99,NaN,29.26,0.15,182.9
2018-08-16T04:00:00Z,BUD,Budds_Landing,39.37225,-75.83986667,1.0,13.42,NaN,29.28,0.16,175.4
2018-08-16T04:15:00Z,BUD,Budds_Landing,39.37225,-75.83986667,1.0,13.21,NaN,29.25,0.16,172.6
2018-08-16T04:30:00Z,BUD,Budds_Landing,39.37225,-75.83986667,1.0,13.05,NaN,29.23,0.16,170.5
2018-08-16T04:45:00Z,BUD,Budds_Landing,39.37225,-75.83986667,1.0,12.68,NaN,29.25,0.16,165.7
2018-08-16T05:00:00Z,BUD,Budds_Landing,39.37225,-75.83986667,1.0,12.49,NaN,29.23,0.16,163.2
2018-08-16T05:15:00Z,BUD,Budds_Landing,39.37225,-75.83986667,1.0,12.34,NaN,29.22,0.16,161.2
2018-08-16T05:30:00Z,BUD,Budds_Landing,39.37225,-75.83986667,1.0,12.03,NaN,29.2,0.16,157.1
2018-08-16T05:45:00Z,BUD,Budds_Landing,39.37225,-75.83986667,1.0,11.84,NaN,29.19,0.16,154.6
2018-08-16T06:00:00Z,BUD,Budds_Landing,39.37225,-75.83986667,1.0,11.77,NaN,29.16,0.16,153.6
2018-08-16T06:15:00Z,BUD,Budds_Landing,39.37225,-75.83986667,1.0,11.95,NaN,29.11,0.16,155.7
2018-08-16T06:30:00Z,BUD,Budds_Landing,39.37225,-75.83986667,1.0,12.12,NaN,29.09,0.16,158.0
2018-08-16T06:45:00Z,BUD,Budds_Landing,39.37225,-75.83986667,1.0,12.33,NaN,28.93,0.15,160.2
2018-08-16T07:00:00Z,BUD,Budds_Landing,39.37225,-75.83986667,1.0,13.17,NaN,28.75,0.14,170.6
2018-08-16T07:15:00Z,BUD,Budds_Landing,39.37225,-75.83986667,1.0,12.71,NaN,28.82,0.15,164.8
2018-08-16T07:30:00Z,BUD,Budds_Landing,39.37225,-75.83986667,1.0,12.56,NaN,28.81,0.15,162.8
2018-08-16T07:45:00Z,BUD,Budds_Landing,39.37225,-75.83986667,1.0,12.32,NaN,28.78,0.15,159.7
2018-08-16T08:00:00Z,BUD,Budds_Landing,39.37225,-75.83986667,1.0,12.37,NaN,28.77,0.15,160.3
2018-08-16T08:15:00Z,BUD,Budds_Landing,39.37225,-75.83986667,1.0,12.32,NaN,28.6,0.14,159.1
2018-08-16T08:30:00Z,BUD,Budds_Landing,39.37225,-75.83986667,1.0,11.96,NaN,28.55,0.14,154.4
2018-08-16T08:45:00Z,BUD,Budds_Landing,39.37225,-75.83986667,1.0,11.74,NaN,28.56,0.14,151.5
2018-08-16T09:00:00Z,BUD,Budds_Landing,39.37225,-75.83986667,1.0,11.73,NaN,28.53,0.14,151.4
2018-08-16T09:15:00Z,BUD,Budds_Landing,39.37225,-75.83986667,1.0,11.79,NaN,28.48,0.14,152.0
2018-08-16T09:30:00Z,BUD,Budds_Landing,39.37225,-75.83986667,1.0,11.29,NaN,28.41,0.14,145.4
2018-08-16T09:45:00Z,BUD,Budds_Landing,39.37225,-75.83986667,1.0,11.13,NaN,28.39,0.14,143.3
2018-08-16T10:00:00Z,BUD,Budds_Landing,39.37225,-75.83986667,1.0,11.1,NaN,28.39,0.14,142.9
2018-08-16T10:15:00Z,BUD,Budds_Landing,39.37225,-75.83986667,1.0,11.22,NaN,28.29,0.14,144.2
2018-08-16T10:30:00Z,BUD,Budds_Landing,39.37225,-75.83986667,1.0,11.08,NaN,28.22,0.14,142.2
2018-08-16T10:45:00Z,BUD,Budds_Landing,39.37225,-75.83986667,1.0,11.26,NaN,28.19,0.14,144.4
2018-08-16T11:00:00Z,BUD,Budds_Landing,39.37225,-75.83986667,1.0,12.42,NaN,28.17,0.13,159.3
2018-08-16T11:15:00Z,BUD,Budds_Landing,39.37225,-75.83986667,1.0,11.97,NaN,28.08,0.13,153.3
2018-08-16T11:30:00Z,BUD,Budds_Landing,39.37225,-75.83986667,1.0,11.31,NaN,28.08,0.13,144.8
2018-08-16T11:45:00Z,BUD,Budds_Landing,39.37225,-75.83986667,1.0,11.34,NaN,28.07,0.13,145.2
2018-08-16T12:00:00Z,BUD,Budds_Landing,39.37225,-75.83986667,1.0,11.15,NaN,28.07,0.13,142.8
2018-08-16T12:15:00Z,BUD,Budds_Landing,39.37225,-75.83986667,1.0,10.9,NaN,28.04,0.13,139.4
2018-08-16T12:30:00Z,BUD,Budds_Landing,39.37225,-75.83986667,1.0,11.18,NaN,28.06,0.13,143.1
2018-08-16T12:45:00Z,BUD,Budds_Landing,39.37225,-75.83986667,1.0,11.59,NaN,28.05,0.13,148.3
2018-08-16T13:00:00Z,BUD,Budds_Landing,39.37225,-75.83986667,1.0,11.69,NaN,28.03,0.13,149.6
2018-08-16T13:15:00Z,BUD,Budds_Landing,39.37225,-75.83986667,1.0,11.9,NaN,27.96,0.13,152.0
2018-08-16T13:30:00Z,BUD,Budds_Landing,39.37225,-75.83986667,1.0,12.9,NaN,28.04,0.12,165.0
2018-08-16T13:45:00Z,BUD,Budds_Landing,39.37225,-75.83986667,1.0,13.08,NaN,28.31,0.13,168.1
2018-08-16T14:00:00Z,BUD,Budds_Landing,39.37225,-75.83986667,1.0,13.15,NaN,28.43,0.14,169.4
2018-08-16T14:15:00Z,BUD,Budds_Landing,39.37225,-75.83986667,1.0,13.15,NaN,28.54,0.14,169.7
2018-08-16T14:30:00Z,BUD,Budds_Landing,39.37225,-75.83986667,1.0,13.98,NaN,28.67,0.14,180.8
2018-08-16T14:45:00Z,BUD,Budds_Landing,39.37225,-75.83986667,1.0,14.23,NaN,28.77,0.14,184.5
2018-08-16T15:00:00Z,BUD,Budds_Landing,39.37225,-75.83986667,1.0,13.67,NaN,28.8,0.15,177.3
2018-08-16T15:15:00Z,BUD,Budds_Landing,39.37225,-75.83986667,1.0,13.46,NaN,28.83,0.15,174.7
2018-08-16T15:30:00Z,BUD,Budds_Landing,39.37225,-75.83986667,1.0,13.39,NaN,28.93,0.15,174.0
2018-08-16T15:45:00Z,BUD,Budds_Landing,39.37225,-75.83986667,1.0,13.63,NaN,29.03,0.15,177.5
2018-08-16T16:00:00Z,BUD,Budds_Landing,39.37225,-75.83986667,1.0,13.68,NaN,29.04,0.15,178.2
2018-08-16T16:15:00Z,BUD,Budds_Landing,39.37225,-75.83986667,1.0,13.45,NaN,29.21,0.15,175.7
2018-08-16T16:30:00Z,BUD,Budds_Landing,39.37225,-75.83986667,1.0,13.25,NaN,29.16,0.16,172.9
2018-08-16T16:45:00Z,BUD,Budds_Landing,39.37225,-75.83986667,1.0,14.0,NaN,29.45,0.16,183.7
2018-08-16T17:00:00Z,BUD,Budds_Landing,39.37225,-75.83986667,1.0,14.01,NaN,29.47,0.16,183.8
2018-08-16T17:15:00Z,BUD,Budds_Landing,39.37225,-75.83986667,1.0,13.98,NaN,29.48,0.16,183.5
2018-08-16T17:30:00Z,BUD,Budds_Landing,39.37225,-75.83986667,1.0,13.44,NaN,29.5,0.16,176.4
2018-08-16T17:45:00Z,BUD,Budds_Landing,39.37225,-75.83986667,1.0,13.96,NaN,29.78,0.16,184.1
2018-08-16T18:00:00Z,BUD,Budds_Landing,39.37225,-75.83986667,1.0,13.37,NaN,29.62,0.16,175.9
2018-08-16T18:15:00Z,BUD,Budds_Landing,39.37225,-75.83986667,1.0,12.96,NaN,29.51,0.16,170.1
2018-08-16T18:30:00Z,BUD,Budds_Landing,39.37225,-75.83986667,1.0,12.64,NaN,29.39,0.16,165.6
2018-08-16T18:45:00Z,BUD,Budds_Landing,39.37225,-75.83986667,1.0,12.02,NaN,29.17,0.15,156.8
2018-08-16T19:00:00Z,BUD,Budds_Landing,39.37225,-75.83986667,1.0,13.4,NaN,29.11,0.15,174.7
2018-08-16T19:15:00Z,BUD,Budds_Landing,39.37225,-75.83986667,1.0,13.97,NaN,29.26,0.14,182.6
2018-08-16T19:30:00Z,BUD,Budds_Landing,39.37225,-75.83986667,1.0,14.3,NaN,29.13,0.15,186.4
2018-08-16T19:45:00Z,BUD,Budds_Landing,39.37225,-75.83986667,1.0,14.33,NaN,29.15,0.15,186.9
2018-08-16T20:00:00Z,BUD,Budds_Landing,39.37225,-75.83986667,1.0,15.4,NaN,29.32,0.15,201.5
2018-08-16T20:15:00Z,BUD,Budds_Landing,39.37225,-75.83986667,1.0,15.92,NaN,29.73,0.15,209.8
2018-08-16T20:30:00Z,BUD,Budds_Landing,39.37225,-75.83986667,1.0,15.48,NaN,29.65,0.15,203.7
2018-08-16T20:45:00Z,BUD,Budds_Landing,39.37225,-75.83986667,1.0,14.6,NaN,29.36,0.15,191.1
2018-08-16T21:00:00Z,BUD,Budds_Landing,39.37225,-75.83986667,1.0,14.75,NaN,29.34,0.15,193.0
2018-08-16T21:15:00Z,BUD,Budds_Landing,39.37225,-75.83986667,1.0,15.81,NaN,29.4,0.15,207.1
2018-08-16T21:30:00Z,BUD,Budds_Landing,39.37225,-75.83986667,1.0,14.56,NaN,29.69,0.15,191.7
2018-08-16T21:45:00Z,BUD,Budds_Landing,39.37225,-75.83986667,1.0,14.74,NaN,29.69,0.15,194.2
2018-08-16T22:00:00Z,BUD,Budds_Landing,39.37225,-75.83986667,1.0,14.34,NaN,29.35,0.14,187.7
2018-08-16T22:15:00Z,BUD,Budds_Landing,39.37225,-75.83986667,1.0,14.84,NaN,29.47,0.14,194.7
2018-08-16T22:30:00Z,BUD,Budds_Landing,39.37225,-75.83986667,1.0,16.16,NaN,30.12,0.15,214.4
2018-08-16T22:45:00Z,BUD,Budds_Landing,39.37225,-75.83986667,1.0,16.02,NaN,29.85,0.14,211.6
2018-08-16T23:00:00Z,BUD,Budds_Landing,39.37225,-75.83986667,1.0,18.31,NaN,30.21,0.14,243.3
2018-08-16T23:15:00Z,BUD,Budds_Landing,39.37225,-75.83986667,1.0,18.75,NaN,29.88,0.13,247.8
2018-08-16T23:30:00Z,BUD,Budds_Landing,39.37225,-75.83986667,1.0,19.18,NaN,30.07,0.13,254.3
2018-08-16T23:45:00Z,BUD,Budds_Landing,39.37225,-75.83986667,1.0,17.81,NaN,29.66,0.13,234.4
2018-08-17T00:00:00Z,BUD,Budds_Landing,39.37225,-75.83986667,1.0,18.22,NaN,30.08,0.13,241.6
2018-08-17T00:15:00Z,BUD,Budds_Landing,39.37225,-75.83986667,1.0,19.01,NaN,29.99,0.13,251.6
2018-08-17T00:30:00Z,BUD,Budds_Landing,39.37225,-75.83986667,1.0,18.18,NaN,29.97,0.13,240.5
2018-08-17T00:45:00Z,BUD,Budds_Landing,39.37225,-75.83986667,1.0,17.49,NaN,30.0,0.13,231.6
2018-08-17T01:00:00Z,BUD,Budds_Landing,39.37225,-75.83986667,1.0,18.64,NaN,30.14,0.13,247.4
2018-08-17T01:15:00Z,BUD,Budds_Landing,39.37225,-75.83986667,1.0,17.47,NaN,30.25,0.14,232.3
2018-08-17T01:30:00Z,BUD,Budds_Landing,39.37225,-75.83986667,1.0,18.29,NaN,30.05,0.13,242.4
2018-08-17T01:45:00Z,BUD,Budds_Landing,39.37225,-75.83986667,1.0,18.82,NaN,30.06,0.13,249.3
2018-08-17T02:00:00Z,BUD,Budds_Landing,39.37225,-75.83986667,1.0,18.91,NaN,30.23,0.14,251.3
2018-08-17T02:15:00Z,BUD,Budds_Landing,39.37225,-75.83986667,1.0,16.74,NaN,30.2,0.15,222.4
2018-08-17T02:30:00Z,BUD,Budds_Landing,39.37225,-75.83986667,1.0,16.79,NaN,30.07,0.14,222.5
2018-08-17T02:45:00Z,BUD,Budds_Landing,39.37225,-75.83986667,1.0,16.69,NaN,30.05,0.14,221.1
2018-08-17T03:00:00Z,BUD,Budds_Landing,39.37225,-75.83986667,1.0,16.81,NaN,29.98,0.15,222.5
2018-08-17T03:15:00Z,BUD,Budds_Landing,39.37225,-75.83986667,1.0,16.58,NaN,29.95,0.15,219.4
2018-08-17T03:30:00Z,BUD,Budds_Landing,39.37225,-75.83986667,1.0,16.27,NaN,29.89,0.14,215.0
2018-08-17T03:45:00Z,BUD,Budds_Landing,39.37225,-75.83986667,1.0,15.17,NaN,29.81,0.15,200.2
2018-08-17T04:00:00Z,BUD,Budds_Landing,39.37225,-75.83986667,1.0,13.76,NaN,29.68,0.15,181.2
2018-08-17T04:15:00Z,BUD,Budds_Landing,39.37225,-75.83986667,1.0,13.14,NaN,29.59,0.15,172.7
2018-08-17T04:30:00Z,BUD,Budds_Landing,39.37225,-75.83986667,1.0,13.13,NaN,29.61,0.16,172.7
2018-08-17T04:45:00Z,BUD,Budds_Landing,39.37225,-75.83986667,1.0,12.28,NaN,29.64,0.16,161.6
2018-08-17T05:00:00Z,BUD,Budds_Landing,39.37225,-75.83986667,1.0,12.15,NaN,29.64,0.16,159.8
2018-08-17T05:15:00Z,BUD,Budds_Landing,39.37225,-75.83986667,1.0,11.9,NaN,29.62,0.16,156.6
2018-08-17T05:30:00Z,BUD,Budds_Landing,39.37225,-75.83986667,1.0,12.04,NaN,29.62,0.16,158.4
2018-08-17T05:45:00Z,BUD,Budds_Landing,39.37225,-75.83986667,1.0,12.05,NaN,29.59,0.16,158.4
2018-08-17T06:00:00Z,BUD,Budds_Landing,39.37225,-75.83986667,1.0,12.34,NaN,29.55,0.16,162.1
2018-08-17T06:15:00Z,BUD,Budds_Landing,39.37225,-75.83986667,1.0,11.61,NaN,29.54,0.16,152.5
2018-08-17T06:30:00Z,BUD,Budds_Landing,39.37225,-75.83986667,1.0,11.59,NaN,29.52,0.16,152.2
2018-08-17T06:45:00Z,BUD,Budds_Landing,39.37225,-75.83986667,1.0,11.13,NaN,29.51,0.16,146.2
2018-08-17T07:00:00Z,BUD,Budds_Landing,39.37225,-75.83986667,1.0,11.59,NaN,29.5,0.16,152.1
2018-08-17T07:15:00Z,BUD,Budds_Landing,39.37225,-75.83986667,1.0,11.61,NaN,29.45,0.16,152.3
2018-08-17T07:30:00Z,BUD,Budds_Landing,39.37225,-75.83986667,1.0,11.9,NaN,29.41,0.15,156.0
2018-08-17T07:45:00Z,BUD,Budds_Landing,39.37225,-75.83986667,1.0,11.97,NaN,29.4,0.15,156.8
2018-08-17T08:00:00Z,BUD,Budds_Landing,39.37225,-75.83986667,1.0,13.14,NaN,29.37,0.14,172.0
2018-08-17T08:15:00Z,BUD,Budds_Landing,39.37225,-75.83986667,1.0,12.3,NaN,29.31,0.15,160.9
2018-08-17T08:30:00Z,BUD,Budds_Landing,39.37225,-75.83986667,1.0,12.56,NaN,29.25,0.14,164.1
2018-08-17T08:45:00Z,BUD,Budds_Landing,39.37225,-75.83986667,1.0,12.41,NaN,29.23,0.14,162.1
2018-08-17T09:00:00Z,BUD,Budds_Landing,39.37225,-75.83986667,1.0,12.17,NaN,29.21,0.14,158.9
2018-08-17T09:15:00Z,BUD,Budds_Landing,39.37225,-75.83986667,1.0,11.25,NaN,29.18,0.14,146.9
2018-08-17T09:30:00Z,BUD,Budds_Landing,39.37225,-75.83986667,1.0,11.25,NaN,29.16,0.14,146.7
2018-08-17T09:45:00Z,BUD,Budds_Landing,39.37225,-75.83986667,1.0,10.95,NaN,29.15,0.14,142.9
2018-08-17T10:00:00Z,BUD,Budds_Landing,39.37225,-75.83986667,1.0,11.08,NaN,29.14,0.14,144.5
2018-08-17T10:15:00Z,BUD,Budds_Landing,39.37225,-75.83986667,1.0,10.83,NaN,29.13,0.14,141.3
2018-08-17T10:30:00Z,BUD,Budds_Landing,39.37225,-75.83986667,1.0,11.55,NaN,29.09,0.14,150.6
2018-08-17T10:45:00Z,BUD,Budds_Landing,39.37225,-75.83986667,1.0,11.32,NaN,29.01,0.14,147.4
2018-08-17T11:00:00Z,BUD,Budds_Landing,39.37225,-75.83986667,1.0,10.62,NaN,29.01,0.14,138.1
2018-08-17T11:15:00Z,BUD,Budds_Landing,39.37225,-75.83986667,1.0,10.76,NaN,28.99,0.14,139.9
2018-08-17T11:30:00Z,BUD,Budds_Landing,39.37225,-75.83986667,1.0,11.34,NaN,28.91,0.14,147.3
2018-08-17T11:45:00Z,BUD,Budds_Landing,39.37225,-75.83986667,1.0,11.03,NaN,28.92,0.14,143.3
2018-08-17T12:00:00Z,BUD,Budds_Landing,39.37225,-75.83986667,1.0,12.7,NaN,28.92,0.13,165.0
2018-08-17T12:15:00Z,BUD,Budds_Landing,39.37225,-75.83986667,1.0,12.8,NaN,28.88,0.13,166.2
2018-08-17T12:30:00Z,BUD,Budds_Landing,39.37225,-75.83986667,1.0,12.66,NaN,28.88,0.13,164.4
2018-08-17T12:45:00Z,BUD,Budds_Landing,39.37225,-75.83986667,1.0,11.93,NaN,28.84,0.13,154.8
2018-08-17T13:00:00Z,BUD,Budds_Landing,39.37225,-75.83986667,1.0,11.17,NaN,28.86,0.14,145.0
2018-08-17T13:15:00Z,BUD,Budds_Landing,39.37225,-75.83986667,1.0,10.47,NaN,28.86,0.14,135.9
2018-08-17T13:30:00Z,BUD,Budds_Landing,39.37225,-75.83986667,1.0,11.68,NaN,28.87,0.13,151.6
2018-08-17T13:45:00Z,BUD,Budds_Landing,39.37225,-75.83986667,1.0,11.88,NaN,28.87,0.13,154.2
2018-08-17T14:00:00Z,BUD,Budds_Landing,39.37225,-75.83986667,1.0,11.91,NaN,28.81,0.13,154.4
2018-08-17T14:15:00Z,BUD,Budds_Landing,39.37225,-75.83986667,1.0,12.49,NaN,28.87,0.13,162.2
2018-08-17T14:30:00Z,BUD,Budds_Landing,39.37225,-75.83986667,1.0,13.86,NaN,29.23,0.13,181.0
2018-08-17T14:45:00Z,BUD,Budds_Landing,39.37225,-75.83986667,1.0,14.27,NaN,29.47,0.14,187.2
2018-08-17T15:00:00Z,BUD,Budds_Landing,39.37225,-75.83986667,1.0,14.13,NaN,29.72,0.14,186.1
2018-08-17T15:15:00Z,BUD,Budds_Landing,39.37225,-75.83986667,1.0,15.48,NaN,29.99,0.14,204.9
2018-08-17T15:30:00Z,BUD,Budds_Landing,39.37225,-75.83986667,1.0,16.05,NaN,30.2,0.14,213.2
2018-08-17T15:45:00Z,BUD,Budds_Landing,39.37225,-75.83986667,1.0,16.35,NaN,30.36,0.14,217.8
2018-08-17T16:00:00Z,BUD,Budds_Landing,39.37225,-75.83986667,1.0,15.76,NaN,30.36,0.15,209.9
2018-08-17T16:15:00Z,BUD,Budds_Landing,39.37225,-75.83986667,1.0,15.46,NaN,30.38,0.15,206.0
2018-08-17T16:30:00Z,BUD,Budds_Landing,39.37225,-75.83986667,1.0,14.92,NaN,30.51,0.15,199.2
2018-08-17T16:45:00Z,BUD,Budds_Landing,39.37225,-75.83986667,1.0,14.68,NaN,30.56,0.15,196.3
2018-08-17T17:00:00Z,BUD,Budds_Landing,39.37225,-75.83986667,1.0,14.76,NaN,30.75,0.16,198.0
2018-08-17T17:15:00Z,BUD,Budds_Landing,39.37225,-75.83986667,1.0,15.09,NaN,30.58,0.16,201.8
2018-08-17T17:30:00Z,BUD,Budds_Landing,39.37225,-75.83986667,1.0,14.52,NaN,30.68,0.16,194.5
2018-08-17T17:45:00Z,BUD,Budds_Landing,39.37225,-75.83986667,1.0,14.65,NaN,30.79,0.16,196.7
2018-08-17T18:00:00Z,BUD,Budds_Landing,39.37225,-75.83986667,1.0,14.81,NaN,30.87,0.16,199.0
2018-08-17T18:15:00Z,BUD,Budds_Landing,39.37225,-75.83986667,1.0,14.77,NaN,30.92,0.16,198.7
2018-08-17T18:30:00Z,BUD,Budds_Landing,39.37225,-75.83986667,1.0,14.83,NaN,30.96,0.16,199.6
2018-08-17T18:45:00Z,BUD,Budds_Landing,39.37225,-75.83986667,1.0,14.71,NaN,30.87,0.16,197.6
2018-08-17T19:00:00Z,BUD,Budds_Landing,39.37225,-75.83986667,1.0,13.52,NaN,30.46,0.16,180.5
2018-08-17T19:15:00Z,BUD,Budds_Landing,39.37225,-75.83986667,1.0,12.43,NaN,29.99,0.15,164.6
2018-08-17T19:30:00Z,BUD,Budds_Landing,39.37225,-75.83986667,1.0,12.55,NaN,29.72,0.14,165.4
2018-08-17T19:45:00Z,BUD,Budds_Landing,39.37225,-75.83986667,1.0,12.75,NaN,29.93,0.15,168.6
2018-08-17T20:00:00Z,BUD,Budds_Landing,39.37225,-75.83986667,1.0,13.03,NaN,30.4,0.16,173.7
2018-08-17T20:15:00Z,BUD,Budds_Landing,39.37225,-75.83986667,1.0,13.77,NaN,30.38,0.15,183.4
2018-08-17T20:30:00Z,BUD,Budds_Landing,39.37225,-75.83986667,1.0,13.88,NaN,30.39,0.15,185.0
2018-08-17T20:45:00Z,BUD,Budds_Landing,39.37225,-75.83986667,1.0,13.73,NaN,30.35,0.15,182.9
2018-08-17T21:00:00Z,BUD,Budds_Landing,39.37225,-75.83986667,1.0,14.7,NaN,30.84,0.15,197.4
2018-08-17T21:15:00Z,BUD,Budds_Landing,39.37225,-75.83986667,1.0,15.87,NaN,31.03,0.15,213.9
2018-08-17T21:30:00Z,BUD,Budds_Landing,39.37225,-75.83986667,1.0,15.78,NaN,31.01,0.15,212.6
2018-08-17T21:45:00Z,BUD,Budds_Landing,39.37225,-75.83986667,1.0,14.87,NaN,30.83,0.15,199.7
2018-08-17T22:00:00Z,BUD,Budds_Landing,39.37225,-75.83986667,1.0,14.52,NaN,30.53,0.14,194.1
2018-08-17T22:15:00Z,BUD,Budds_Landing,39.37225,-75.83986667,1.0,13.66,NaN,30.93,0.14,183.7
2018-08-17T22:30:00Z,BUD,Budds_Landing,39.37225,-75.83986667,1.0,13.86,NaN,31.01,0.15,186.8
2018-08-17T22:45:00Z,BUD,Budds_Landing,39.37225,-75.83986667,1.0,16.25,NaN,31.31,0.15,220.0
2018-08-17T23:00:00Z,BUD,Budds_Landing,39.37225,-75.83986667,1.0,15.52,NaN,31.44,0.15,210.6
2018-08-17T23:15:00Z,BUD,Budds_Landing,39.37225,-75.83986667,1.0,15.85,NaN,31.55,0.15,215.5
2018-08-17T23:30:00Z,BUD,Budds_Landing,39.37225,-75.83986667,1.0,16.07,NaN,31.24,0.14,217.3
2018-08-17T23:45:00Z,BUD,Budds_Landing,39.37225,-75.83986667,1.0,16.19,NaN,30.9,0.14,217.7
2018-08-18T00:00:00Z,BUD,Budds_Landing,39.37225,-75.83986667,1.0,15.38,NaN,31.29,0.15,208.1
2018-08-18T00:15:00Z,BUD,Budds_Landing,39.37225,-75.83986667,1.0,16.16,NaN,30.97,0.14,217.6
2018-08-18T00:30:00Z,BUD,Budds_Landing,39.37225,-75.83986667,1.0,16.89,NaN,30.88,0.13,227.0
2018-08-18T00:45:00Z,BUD,Budds_Landing,39.37225,-75.83986667,1.0,16.44,NaN,30.74,0.13,220.4
2018-08-18T01:00:00Z,BUD,Budds_Landing,39.37225,-75.83986667,1.0,15.85,NaN,30.86,0.13,213.0
2018-08-18T01:15:00Z,BUD,Budds_Landing,39.37225,-75.83986667,1.0,15.85,NaN,30.78,0.13,212.6
2018-08-18T01:30:00Z,BUD,Budds_Landing,39.37225,-75.83986667,1.0,15.7,NaN,30.71,0.13,210.3
2018-08-18T01:45:00Z,BUD,Budds_Landing,39.37225,-75.83986667,1.0,15.11,NaN,30.71,0.13,202.5
2018-08-18T02:00:00Z,BUD,Budds_Landing,39.37225,-75.83986667,1.0,15.54,NaN,30.77,0.13,208.5
2018-08-18T02:15:00Z,BUD,Budds_Landing,39.37225,-75.83986667,1.0,14.48,NaN,30.89,0.14,194.7
2018-08-18T02:30:00Z,BUD,Budds_Landing,39.37225,-75.83986667,1.0,13.88,NaN,30.98,0.15,186.9
2018-08-18T02:45:00Z,BUD,Budds_Landing,39.37225,-75.83986667,1.0,14.82,NaN,30.81,0.15,199.0
2018-08-18T03:00:00Z,BUD,Budds_Landing,39.37225,-75.83986667,1.0,14.61,NaN,30.72,0.15,195.8
2018-08-18T03:15:00Z,BUD,Budds_Landing,39.37225,-75.83986667,1.0,14.71,NaN,30.68,0.14,197.0
2018-08-18T03:30:00Z,BUD,Budds_Landing,39.37225,-75.83986667,1.0,14.67,NaN,30.66,0.14,196.5
2018-08-18T03:45:00Z,BUD,Budds_Landing,39.37225,-75.83986667,1.0,14.67,NaN,30.6,0.14,196.2
2018-08-18T04:00:00Z,BUD,Budds_Landing,39.37225,-75.83986667,1.0,14.72,NaN,30.51,0.14,196.6
2018-08-18T04:15:00Z,BUD,Budds_Landing,39.37225,-75.83986667,1.0,14.53,NaN,30.5,0.14,194.0
2018-08-18T04:30:00Z,BUD,Budds_Landing,39.37225,-75.83986667,1.0,14.42,NaN,30.47,0.14,192.4
2018-08-18T04:45:00Z,BUD,Budds_Landing,39.37225,-75.83986667,1.0,14.56,NaN,30.46,0.14,194.3
2018-08-18T05:00:00Z,BUD,Budds_Landing,39.37225,-75.83986667,1.0,13.32,NaN,30.46,0.14,177.7
2018-08-18T05:15:00Z,BUD,Budds_Landing,39.37225,-75.83986667,1.0,11.93,NaN,30.33,0.15,158.9
2018-08-18T05:30:00Z,BUD,Budds_Landing,39.37225,-75.83986667,1.0,11.62,NaN,30.31,0.16,154.7
2018-08-18T05:45:00Z,BUD,Budds_Landing,39.37225,-75.83986667,1.0,11.16,NaN,30.28,0.16,148.5
2018-08-18T06:00:00Z,BUD,Budds_Landing,39.37225,-75.83986667,1.0,11.05,NaN,30.28,0.16,147.0
2018-08-18T06:15:00Z,BUD,Budds_Landing,39.37225,-75.83986667,1.0,10.94,NaN,30.24,0.16,145.5
2018-08-18T06:30:00Z,BUD,Budds_Landing,39.37225,-75.83986667,1.0,10.77,NaN,30.19,0.16,143.1
2018-08-18T06:45:00Z,BUD,Budds_Landing,39.37225,-75.83986667,1.0,10.37,NaN,30.16,0.16,137.7
2018-08-18T07:00:00Z,BUD,Budds_Landing,39.37225,-75.83986667,1.0,9.66,NaN,30.12,0.16,128.2
2018-08-18T07:15:00Z,BUD,Budds_Landing,39.37225,-75.83986667,1.0,10.06,NaN,30.13,0.16,133.5
2018-08-18T07:30:00Z,BUD,Budds_Landing,39.37225,-75.83986667,1.0,10.08,NaN,30.12,0.16,133.7
2018-08-18T07:45:00Z,BUD,Budds_Landing,39.37225,-75.83986667,1.0,10.37,NaN,30.14,0.15,137.7
2018-08-18T08:00:00Z,BUD,Budds_Landing,39.37225,-75.83986667,1.0,10.21,NaN,30.13,0.15,135.4
2018-08-18T08:15:00Z,BUD,Budds_Landing,39.37225,-75.83986667,1.0,10.04,NaN,30.09,0.16,133.1
2018-08-18T08:30:00Z,BUD,Budds_Landing,39.37225,-75.83986667,1.0,9.92,NaN,30.09,0.16,131.6
2018-08-18T08:45:00Z,BUD,Budds_Landing,39.37225,-75.83986667,1.0,11.07,NaN,30.01,0.15,146.6
2018-08-18T09:00:00Z,BUD,Budds_Landing,39.37225,-75.83986667,1.0,11.32,NaN,29.99,0.14,149.9
2018-08-18T09:15:00Z,BUD,Budds_Landing,39.37225,-75.83986667,1.0,10.88,NaN,29.95,0.14,143.9
2018-08-18T09:30:00Z,BUD,Budds_Landing,39.37225,-75.83986667,1.0,10.69,NaN,29.95,0.15,141.3
2018-08-18T09:45:00Z,BUD,Budds_Landing,39.37225,-75.83986667,1.0,10.47,NaN,29.94,0.15,138.4
2018-08-18T10:00:00Z,BUD,Budds_Landing,39.37225,-75.83986667,1.0,10.45,NaN,29.93,0.15,138.2
2018-08-18T10:15:00Z,BUD,Budds_Landing,39.37225,-75.83986667,1.0,10.37,NaN,29.88,0.15,137.0
2018-08-18T10:30:00Z,BUD,Budds_Landing,39.37225,-75.83986667,1.0,9.91,NaN,29.79,0.14,130.8
2018-08-18T10:45:00Z,BUD,Budds_Landing,39.37225,-75.83986667,1.0,10.2,NaN,29.76,0.15,134.5
2018-08-18T11:00:00Z,BUD,Budds_Landing,39.37225,-75.83986667,1.0,10.39,NaN,29.72,0.14,137.0
2018-08-18T11:15:00Z,BUD,Budds_Landing,39.37225,-75.83986667,1.0,9.96,NaN,29.68,0.14,131.2
2018-08-18T11:30:00Z,BUD,Budds_Landing,39.37225,-75.83986667,1.0,9.5,NaN,29.65,0.14,125.0
2018-08-18T11:45:00Z,BUD,Budds_Landing,39.37225,-75.83986667,1.0,9.05,NaN,29.65,0.14,119.1
2018-08-18T12:00:00Z,BUD,Budds_Landing,39.37225,-75.83986667,1.0,9.19,NaN,29.63,0.14,120.9
2018-08-18T12:15:00Z,BUD,Budds_Landing,39.37225,-75.83986667,1.0,9.22,NaN,29.59,0.14,121.3
2018-08-18T12:30:00Z,BUD,Budds_Landing,39.37225,-75.83986667,1.0,9.28,NaN,29.59,0.14,122.0
2018-08-18T12:45:00Z,BUD,Budds_Landing,39.37225,-75.83986667,1.0,9.29,NaN,29.49,0.14,121.9
2018-08-18T13:00:00Z,BUD,Budds_Landing,39.37225,-75.83986667,1.0,10.22,NaN,29.5,0.14,134.1
2018-08-18T13:15:00Z,BUD,Budds_Landing,39.37225,-75.83986667,1.0,10.3,NaN,29.44,0.14,135.1
2018-08-18T13:30:00Z,BUD,Budds_Landing,39.37225,-75.83986667,1.0,10.66,NaN,29.5,0.14,140.0
2018-08-18T13:45:00Z,BUD,Budds_Landing,39.37225,-75.83986667,1.0,10.4,NaN,29.49,0.14,136.5
2018-08-18T14:00:00Z,BUD,Budds_Landing,39.37225,-75.83986667,1.0,10.41,NaN,29.53,0.14,136.7
2018-08-18T14:15:00Z,BUD,Budds_Landing,39.37225,-75.83986667,1.0,10.23,NaN,29.54,0.14,134.4
2018-08-18T14:30:00Z,BUD,Budds_Landing,39.37225,-75.83986667,1.0,9.99,NaN,29.53,0.14,131.2
2018-08-18T14:45:00Z,BUD,Budds_Landing,39.37225,-75.83986667,1.0,10.67,NaN,29.6,0.14,140.2
2018-08-18T15:00:00Z,BUD,Budds_Landing,39.37225,-75.83986667,1.0,10.95,NaN,29.64,0.14,144.1
2018-08-18T15:15:00Z,BUD,Budds_Landing,39.37225,-75.83986667,1.0,11.58,NaN,29.71,0.14,152.5
2018-08-18T15:30:00Z,BUD,Budds_Landing,39.37225,-75.83986667,1.0,10.9,NaN,29.88,0.14,144.0
2018-08-18T15:45:00Z,BUD,Budds_Landing,39.37225,-75.83986667,1.0,11.57,NaN,30.04,0.14,153.3
2018-08-18T16:00:00Z,BUD,Budds_Landing,39.37225,-75.83986667,1.0,12.22,NaN,30.16,0.14,162.2
2018-08-18T16:15:00Z,BUD,Budds_Landing,39.37225,-75.83986667,1.0,12.81,NaN,30.32,0.15,170.5
2018-08-18T16:30:00Z,BUD,Budds_Landing,39.37225,-75.83986667,1.0,12.97,NaN,30.37,0.15,172.9
2018-08-18T16:45:00Z,BUD,Budds_Landing,39.37225,-75.83986667,1.0,13.04,NaN,30.41,0.15,173.8
2018-08-18T17:00:00Z,BUD,Budds_Landing,39.37225,-75.83986667,1.0,13.16,NaN,30.45,0.15,175.6
2018-08-18T17:15:00Z,BUD,Budds_Landing,39.37225,-75.83986667,1.0,13.54,NaN,30.55,0.15,181.0
2018-08-18T17:30:00Z,BUD,Budds_Landing,39.37225,-75.83986667,1.0,13.79,NaN,30.71,0.15,184.8
2018-08-18T17:45:00Z,BUD,Budds_Landing,39.37225,-75.83986667,1.0,14.11,NaN,30.78,0.15,189.3
2018-08-18T18:00:00Z,BUD,Budds_Landing,39.37225,-75.83986667,1.0,13.14,NaN,30.55,0.15,175.7
2018-08-18T18:15:00Z,BUD,Budds_Landing,39.37225,-75.83986667,1.0,12.49,NaN,30.41,0.15,166.5
2018-08-18T18:30:00Z,BUD,Budds_Landing,39.37225,-75.83986667,1.0,12.35,NaN,30.56,0.16,165.1
2018-08-18T18:45:00Z,BUD,Budds_Landing,39.37225,-75.83986667,1.0,12.38,NaN,30.53,0.16,165.4
2018-08-18T19:00:00Z,BUD,Budds_Landing,39.37225,-75.83986667,1.0,12.02,NaN,30.59,0.16,160.8
2018-08-18T19:15:00Z,BUD,Budds_Landing,39.37225,-75.83986667,1.0,12.87,NaN,30.78,0.16,172.6
2018-08-18T19:30:00Z,BUD,Budds_Landing,39.37225,-75.83986667,1.0,12.65,NaN,30.71,0.16,169.6
2018-08-18T19:45:00Z,BUD,Budds_Landing,39.37225,-75.83986667,1.0,12.11,NaN,30.63,0.16,162.2
2018-08-18T20:00:00Z,BUD,Budds_Landing,39.37225,-75.83986667,1.0,11.91,NaN,30.61,0.16,159.4
2018-08-18T20:15:00Z,BUD,Budds_Landing,39.37225,-75.83986667,1.0,12.41,NaN,30.71,0.16,166.3
2018-08-18T20:30:00Z,BUD,Budds_Landing,39.37225,-75.83986667,1.0,13.6,NaN,30.75,0.16,182.4
2018-08-18T20:45:00Z,BUD,Budds_Landing,39.37225,-75.83986667,1.0,13.95,NaN,30.7,0.16,187.0
2018-08-18T21:00:00Z,BUD,Budds_Landing,39.37225,-75.83986667,1.0,11.7,NaN,30.59,0.16,156.5
2018-08-18T21:15:00Z,BUD,Budds_Landing,39.37225,-75.83986667,1.0,13.15,NaN,30.71,0.16,176.3
2018-08-18T21:30:00Z,BUD,Budds_Landing,39.37225,-75.83986667,1.0,12.79,NaN,30.58,0.14,171.0
2018-08-18T21:45:00Z,BUD,Budds_Landing,39.37225,-75.83986667,1.0,12.02,NaN,30.35,0.14,160.2
2018-08-18T22:00:00Z,BUD,Budds_Landing,39.37225,-75.83986667,1.0,13.25,NaN,30.58,0.15,177.2
2018-08-18T22:15:00Z,BUD,Budds_Landing,39.37225,-75.83986667,1.0,14.0,NaN,30.68,0.15,187.5
2018-08-18T22:30:00Z,BUD,Budds_Landing,39.37225,-75.83986667,1.0,13.4,NaN,30.65,0.15,179.4
2018-08-18T22:45:00Z,BUD,Budds_Landing,39.37225,-75.83986667,1.0,13.73,NaN,30.61,0.14,183.7
2018-08-18T23:00:00Z,BUD,Budds_Landing,39.37225,-75.83986667,1.0,13.55,NaN,30.63,0.14,181.4
2018-08-18T23:15:00Z,BUD,Budds_Landing,39.37225,-75.83986667,1.0,12.69,NaN,30.63,0.14,169.9
2018-08-18T23:30:00Z,BUD,Budds_Landing,39.37225,-75.83986667,1.0,13.38,NaN,30.58,0.14,178.9
2018-08-18T23:45:00Z,BUD,Budds_Landing,39.37225,-75.83986667,1.0,14.03,NaN,30.47,0.14,187.2
2018-08-19T00:00:00Z,BUD,Budds_Landing,39.37225,-75.83986667,1.0,14.12,NaN,30.38,0.13,188.2
2018-08-19T00:15:00Z,BUD,Budds_Landing,39.37225,-75.83986667,1.0,13.98,NaN,30.38,0.14,186.2
2018-08-19T00:30:00Z,BUD,Budds_Landing,39.37225,-75.83986667,1.0,13.41,NaN,30.36,0.14,178.7
2018-08-19T00:45:00Z,BUD,Budds_Landing,39.37225,-75.83986667,1.0,13.04,NaN,30.34,0.14,173.7
2018-08-19T01:00:00Z,BUD,Budds_Landing,39.37225,-75.83986667,1.0,12.63,NaN,30.32,0.13,168.2
2018-08-19T01:15:00Z,BUD,Budds_Landing,39.37225,-75.83986667,1.0,13.08,NaN,30.31,0.14,174.1
2018-08-19T01:30:00Z,BUD,Budds_Landing,39.37225,-75.83986667,1.0,12.8,NaN,30.3,0.14,170.4
2018-08-19T01:45:00Z,BUD,Budds_Landing,39.37225,-75.83986667,1.0,13.15,NaN,30.29,0.14,175.0
2018-08-19T02:00:00Z,BUD,Budds_Landing,39.37225,-75.83986667,1.0,12.98,NaN,30.22,0.13,172.4
2018-08-19T02:15:00Z,BUD,Budds_Landing,39.37225,-75.83986667,1.0,12.89,NaN,30.12,0.13,171.0
2018-08-19T02:30:00Z,BUD,Budds_Landing,39.37225,-75.83986667,1.0,12.41,NaN,30.12,0.13,164.6
2018-08-19T02:45:00Z,BUD,Budds_Landing,39.37225,-75.83986667,1.0,12.64,NaN,30.15,0.13,167.7
2018-08-19T03:00:00Z,BUD,Budds_Landing,39.37225,-75.83986667,1.0,12.21,NaN,30.15,0.14,162.1
2018-08-19T03:15:00Z,BUD,Budds_Landing,39.37225,-75.83986667,1.0,12.79,NaN,30.09,0.13,169.6
2018-08-19T03:30:00Z,BUD,Budds_Landing,39.37225,-75.83986667,1.0,12.8,NaN,30.05,0.13,169.6
2018-08-19T03:45:00Z,BUD,Budds_Landing,39.37225,-75.83986667,1.0,12.5,NaN,30.05,0.13,165.6
2018-08-19T04:00:00Z,BUD,Budds_Landing,39.37225,-75.83986667,1.0,12.78,NaN,30.01,0.13,169.2
2018-08-19T04:15:00Z,BUD,Budds_Landing,39.37225,-75.83986667,1.0,12.09,NaN,29.88,0.13,159.8
2018-08-19T04:30:00Z,BUD,Budds_Landing,39.37225,-75.83986667,1.0,11.75,NaN,29.84,0.14,155.1
2018-08-19T04:45:00Z,BUD,Budds_Landing,39.37225,-75.83986667,1.0,10.59,NaN,29.79,0.14,139.7
2018-08-19T05:00:00Z,BUD,Budds_Landing,39.37225,-75.83986667,1.0,10.94,NaN,29.76,0.14,144.2
2018-08-19T05:15:00Z,BUD,Budds_Landing,39.37225,-75.83986667,1.0,10.75,NaN,29.74,0.14,141.6
2018-08-19T05:30:00Z,BUD,Budds_Landing,39.37225,-75.83986667,1.0,10.51,NaN,29.69,0.14,138.3
2018-08-19T05:45:00Z,BUD,Budds_Landing,39.37225,-75.83986667,1.0,10.01,NaN,29.67,0.15,131.7
2018-08-19T06:00:00Z,BUD,Budds_Landing,39.37225,-75.83986667,1.0,9.68,NaN,29.69,0.15,127.5
2018-08-19T06:15:00Z,BUD,Budds_Landing,39.37225,-75.83986667,1.0,9.53,NaN,29.73,0.15,125.7
2018-08-19T06:30:00Z,BUD,Budds_Landing,39.37225,-75.83986667,1.0,9.26,NaN,29.74,0.15,122.0
2018-08-19T06:45:00Z,BUD,Budds_Landing,39.37225,-75.83986667,1.0,9.01,NaN,29.75,0.15,118.8
2018-08-19T07:00:00Z,BUD,Budds_Landing,39.37225,-75.83986667,1.0,8.74,NaN,29.74,0.15,115.2
2018-08-19T07:15:00Z,BUD,Budds_Landing,39.37225,-75.83986667,1.0,8.54,NaN,29.71,0.15,112.5
2018-08-19T07:30:00Z,BUD,Budds_Landing,39.37225,-75.83986667,1.0,8.5,NaN,29.69,0.16,111.9
2018-08-19T07:45:00Z,BUD,Budds_Landing,39.37225,-75.83986667,1.0,8.52,NaN,29.67,0.16,112.2
2018-08-19T08:00:00Z,BUD,Budds_Landing,39.37225,-75.83986667,1.0,8.09,NaN,29.66,0.16,106.5
2018-08-19T08:15:00Z,BUD,Budds_Landing,39.37225,-75.83986667,1.0,7.54,NaN,29.64,0.16,99.2
2018-08-19T08:30:00Z,BUD,Budds_Landing,39.37225,-75.83986667,1.0,8.02,NaN,29.63,0.16,105.6
2018-08-19T08:45:00Z,BUD,Budds_Landing,39.37225,-75.83986667,1.0,7.3,NaN,29.61,0.16,96.0
2018-08-19T09:00:00Z,BUD,Budds_Landing,39.37225,-75.83986667,1.0,7.13,NaN,29.58,0.16,93.7
2018-08-19T09:15:00Z,BUD,Budds_Landing,39.37225,-75.83986667,1.0,7.75,NaN,29.55,0.16,101.8
2018-08-19T09:30:00Z,BUD,Budds_Landing,39.37225,-75.83986667,1.0,7.56,NaN,29.55,0.16,99.4
2018-08-19T09:45:00Z,BUD,Budds_Landing,39.37225,-75.83986667,1.0,7.87,NaN,29.35,0.15,103.0
2018-08-19T10:00:00Z,BUD,Budds_Landing,39.37225,-75.83986667,1.0,7.94,NaN,29.2,0.15,103.6
2018-08-19T10:15:00Z,BUD,Budds_Landing,39.37225,-75.83986667,1.0,7.87,NaN,29.17,0.15,102.6
2018-08-19T10:30:00Z,BUD,Budds_Landing,39.37225,-75.83986667,1.0,8.0,NaN,29.26,0.15,104.6
2018-08-19T10:45:00Z,BUD,Budds_Landing,39.37225,-75.83986667,1.0,7.95,NaN,29.2,0.15,103.8
2018-08-19T11:00:00Z,BUD,Budds_Landing,39.37225,-75.83986667,1.0,7.88,NaN,29.2,0.15,102.8
2018-08-19T11:15:00Z,BUD,Budds_Landing,39.37225,-75.83986667,1.0,7.51,NaN,29.09,0.15,97.9
2018-08-19T11:30:00Z,BUD,Budds_Landing,39.37225,-75.83986667,1.0,7.34,NaN,29.06,0.15,95.6
2018-08-19T11:45:00Z,BUD,Budds_Landing,39.37225,-75.83986667,1.0,7.99,NaN,29.07,0.14,104.0
2018-08-19T12:00:00Z,BUD,Budds_Landing,39.37225,-75.83986667,1.0,7.72,NaN,29.0,0.14,100.4
2018-08-19T12:15:00Z,BUD,Budds_Landing,39.37225,-75.83986667,1.0,7.79,NaN,28.93,0.14,101.2
2018-08-19T12:30:00Z,BUD,Budds_Landing,39.37225,-75.83986667,1.0,7.53,NaN,28.85,0.14,97.7
2018-08-19T12:45:00Z,BUD,Budds_Landing,39.37225,-75.83986667,1.0,7.86,NaN,28.85,0.14,102.0
2018-08-19T13:00:00Z,BUD,Budds_Landing,39.37225,-75.83986667,1.0,7.78,NaN,28.83,0.14,100.9
2018-08-19T13:15:00Z,BUD,Budds_Landing,39.37225,-75.83986667,1.0,8.27,NaN,28.72,0.13,107.0
2018-08-19T13:30:00Z,BUD,Budds_Landing,39.37225,-75.83986667,1.0,7.68,NaN,28.77,0.14,99.5
2018-08-19T13:45:00Z,BUD,Budds_Landing,39.37225,-75.83986667,1.0,7.33,NaN,28.72,0.14,95.0
2018-08-19T14:00:00Z,BUD,Budds_Landing,39.37225,-75.83986667,1.0,8.63,NaN,28.65,0.13,111.5
2018-08-19T14:15:00Z,BUD,Budds_Landing,39.37225,-75.83986667,1.0,8.21,NaN,28.64,0.14,106.2
2018-08-19T14:30:00Z,BUD,Budds_Landing,39.37225,-75.83986667,1.0,8.39,NaN,28.61,0.13,108.5
2018-08-19T14:45:00Z,BUD,Budds_Landing,39.37225,-75.83986667,1.0,9.2,NaN,28.46,0.13,118.6
2018-08-19T15:00:00Z,BUD,Budds_Landing,39.37225,-75.83986667,1.0,9.2,NaN,28.43,0.13,118.5
2018-08-19T15:15:00Z,BUD,Budds_Landing,39.37225,-75.83986667,1.0,8.93,NaN,28.4,0.13,115.0
2018-08-19T15:30:00Z,BUD,Budds_Landing,39.37225,-75.83986667,1.0,8.51,NaN,28.39,0.13,109.6
2018-08-19T15:45:00Z,BUD,Budds_Landing,39.37225,-75.83986667,1.0,8.54,NaN,28.38,0.13,109.9
2018-08-19T16:00:00Z,BUD,Budds_Landing,39.37225,-75.83986667,1.0,8.99,NaN,28.41,0.13,115.7
2018-08-19T16:15:00Z,BUD,Budds_Landing,39.37225,-75.83986667,1.0,8.69,NaN,28.47,0.13,112.0
2018-08-19T16:30:00Z,BUD,Budds_Landing,39.37225,-75.83986667,1.0,8.69,NaN,28.49,0.13,112.0
2018-08-19T16:45:00Z,BUD,Budds_Landing,39.37225,-75.83986667,1.0,9.16,NaN,28.46,0.13,118.0
2018-08-19T17:00:00Z,BUD,Budds_Landing,39.37225,-75.83986667,1.0,9.87,NaN,28.46,0.13,127.1
2018-08-19T17:15:00Z,BUD,Budds_Landing,39.37225,-75.83986667,1.0,9.57,NaN,28.61,0.13,123.6
2018-08-19T17:30:00Z,BUD,Budds_Landing,39.37225,-75.83986667,1.0,9.63,NaN,28.7,0.14,124.7
2018-08-19T17:45:00Z,BUD,Budds_Landing,39.37225,-75.83986667,1.0,10.22,NaN,28.66,0.14,132.1
2018-08-19T18:00:00Z,BUD,Budds_Landing,39.37225,-75.83986667,1.0,10.37,NaN,28.59,0.14,134.0
2018-08-19T18:15:00Z,BUD,Budds_Landing,39.37225,-75.83986667,1.0,10.39,NaN,28.56,0.14,134.2
2018-08-19T18:30:00Z,BUD,Budds_Landing,39.37225,-75.83986667,1.0,10.37,NaN,28.55,0.14,133.9
2018-08-19T18:45:00Z,BUD,Budds_Landing,39.37225,-75.83986667,1.0,10.46,NaN,28.53,0.14,134.9
2018-08-19T19:00:00Z,BUD,Budds_Landing,39.37225,-75.83986667,1.0,9.99,NaN,28.52,0.14,128.9
2018-08-19T19:15:00Z,BUD,Budds_Landing,39.37225,-75.83986667,1.0,9.88,NaN,28.52,0.14,127.5
2018-08-19T19:30:00Z,BUD,Budds_Landing,39.37225,-75.83986667,1.0,9.83,NaN,28.5,0.14,126.8
2018-08-19T19:45:00Z,BUD,Budds_Landing,39.37225,-75.83986667,1.0,10.3,NaN,28.5,0.14,132.9
2018-08-19T20:00:00Z,BUD,Budds_Landing,39.37225,-75.83986667,1.0,9.91,NaN,28.52,0.14,127.9
2018-08-19T20:15:00Z,BUD,Budds_Landing,39.37225,-75.83986667,1.0,9.61,NaN,28.54,0.15,124.0
2018-08-19T20:30:00Z,BUD,Budds_Landing,39.37225,-75.83986667,1.0,9.62,NaN,28.54,0.15,124.2
2018-08-19T20:45:00Z,BUD,Budds_Landing,39.37225,-75.83986667,1.0,9.53,NaN,28.53,0.15,122.9
2018-08-19T21:00:00Z,BUD,Budds_Landing,39.37225,-75.83986667,1.0,8.78,NaN,28.52,0.15,113.2
2018-08-19T21:15:00Z,BUD,Budds_Landing,39.37225,-75.83986667,1.0,9.01,NaN,28.5,0.15,116.2
2018-08-19T21:30:00Z,BUD,Budds_Landing,39.37225,-75.83986667,1.0,9.22,NaN,28.48,0.14,118.9
2018-08-19T21:45:00Z,BUD,Budds_Landing,39.37225,-75.83986667,1.0,9.13,NaN,28.46,0.14,117.6
2018-08-19T22:00:00Z,BUD,Budds_Landing,39.37225,-75.83986667,1.0,9.22,NaN,28.43,0.14,118.7
2018-08-19T22:15:00Z,BUD,Budds_Landing,39.37225,-75.83986667,1.0,9.95,NaN,28.21,0.14,127.7
2018-08-19T22:30:00Z,BUD,Budds_Landing,39.37225,-75.83986667,1.0,10.08,NaN,28.2,0.13,129.3
2018-08-19T22:45:00Z,BUD,Budds_Landing,39.37225,-75.83986667,1.0,10.38,NaN,28.17,0.13,133.1
2018-08-19T23:00:00Z,BUD,Budds_Landing,39.37225,-75.83986667,1.0,10.32,NaN,28.05,0.13,132.1
2018-08-19T23:15:00Z,BUD,Budds_Landing,39.37225,-75.83986667,1.0,10.04,NaN,28.02,0.13,128.5
2018-08-19T23:30:00Z,BUD,Budds_Landing,39.37225,-75.83986667,1.0,10.11,NaN,28.02,0.13,129.3
2018-08-19T23:45:00Z,BUD,Budds_Landing,39.37225,-75.83986667,1.0,10.17,NaN,27.98,0.13,130.0
2018-08-20T00:00:00Z,BUD,Budds_Landing,39.37225,-75.83986667,1.0,10.05,NaN,28.0,0.13,128.5
2018-08-20T00:15:00Z,BUD,Budds_Landing,39.37225,-75.83986667,1.0,9.53,NaN,28.02,0.13,121.9
2018-08-20T00:30:00Z,BUD,Budds_Landing,39.37225,-75.83986667,1.0,9.55,NaN,28.03,0.13,122.2
2018-08-20T00:45:00Z,BUD,Budds_Landing,39.37225,-75.83986667,1.0,10.5,NaN,27.53,0.13,133.1
2018-08-20T01:00:00Z,BUD,Budds_Landing,39.37225,-75.83986667,1.0,9.83,NaN,27.38,0.13,124.3
2018-08-20T01:15:00Z,BUD,Budds_Landing,39.37225,-75.83986667,1.0,9.17,NaN,27.34,0.13,115.8
2018-08-20T01:30:00Z,BUD,Budds_Landing,39.37225,-75.83986667,1.0,9.27,NaN,27.44,0.13,117.3
2018-08-20T01:45:00Z,BUD,Budds_Landing,39.37225,-75.83986667,1.0,9.1,NaN,27.32,0.13,114.9
2018-08-20T02:00:00Z,BUD,Budds_Landing,39.37225,-75.83986667,1.0,9.54,NaN,27.13,0.12,120.0
2018-08-20T02:15:00Z,BUD,Budds_Landing,39.37225,-75.83986667,1.0,9.23,NaN,27.28,0.13,116.5
2018-08-20T02:30:00Z,BUD,Budds_Landing,39.37225,-75.83986667,1.0,9.2,NaN,27.17,0.12,115.8
2018-08-20T02:45:00Z,BUD,Budds_Landing,39.37225,-75.83986667,1.0,9.21,NaN,27.12,0.13,116.0
2018-08-20T03:00:00Z,BUD,Budds_Landing,39.37225,-75.83986667,1.0,9.03,NaN,27.08,0.13,113.6
2018-08-20T03:15:00Z,BUD,Budds_Landing,39.37225,-75.83986667,1.0,9.42,NaN,26.94,0.12,118.1
2018-08-20T03:30:00Z,BUD,Budds_Landing,39.37225,-75.83986667,1.0,9.7,NaN,26.82,0.12,121.4
2018-08-20T03:45:00Z,BUD,Budds_Landing,39.37225,-75.83986667,1.0,9.96,NaN,26.76,0.13,124.5
2018-08-20T04:00:00Z,BUD,Budds_Landing,39.37225,-75.83986667,1.0,8.62,NaN,27.14,0.13,108.5
2018-08-20T04:15:00Z,BUD,Budds_Landing,39.37225,-75.83986667,1.0,8.59,NaN,26.97,0.13,107.9
2018-08-20T04:30:00Z,BUD,Budds_Landing,39.37225,-75.83986667,1.0,8.84,NaN,26.79,0.13,110.6
2018-08-20T04:45:00Z,BUD,Budds_Landing,39.37225,-75.83986667,1.0,8.43,NaN,26.96,0.13,105.7
2018-08-20T05:00:00Z,BUD,Budds_Landing,39.37225,-75.83986667,1.0,8.34,NaN,26.89,0.13,104.6
2018-08-20T05:15:00Z,BUD,Budds_Landing,39.37225,-75.83986667,1.0,8.39,NaN,26.77,0.13,104.9
2018-08-20T05:30:00Z,BUD,Budds_Landing,39.37225,-75.83986667,1.0,8.4,NaN,26.63,0.13,104.7
2018-08-20T05:45:00Z,BUD,Budds_Landing,39.37225,-75.83986667,1.0,8.03,NaN,26.69,0.13,100.2
2018-08-20T06:00:00Z,BUD,Budds_Landing,39.37225,-75.83986667,1.0,7.74,NaN,26.72,0.13,96.7
2018-08-20T06:15:00Z,BUD,Budds_Landing,39.37225,-75.83986667,1.0,7.42,NaN,26.86,0.14,92.9
2018-08-20T06:30:00Z,BUD,Budds_Landing,39.37225,-75.83986667,1.0,7.12,NaN,26.99,0.14,89.4
2018-08-20T06:45:00Z,BUD,Budds_Landing,39.37225,-75.83986667,1.0,7.0,NaN,26.99,0.15,87.9
2018-08-20T07:00:00Z,BUD,Budds_Landing,39.37225,-75.83986667,1.0,6.82,NaN,26.95,0.15,85.6
2018-08-20T07:15:00Z,BUD,Budds_Landing,39.37225,-75.83986667,1.0,6.9,NaN,26.9,0.15,86.5
2018-08-20T07:30:00Z,BUD,Budds_Landing,39.37225,-75.83986667,1.0,6.83,NaN,26.88,0.15,85.6
2018-08-20T07:45:00Z,BUD,Budds_Landing,39.37225,-75.83986667,1.0,6.79,NaN,26.88,0.15,85.2
2018-08-20T08:00:00Z,BUD,Budds_Landing,39.37225,-75.83986667,1.0,6.72,NaN,26.86,0.16,84.2
2018-08-20T08:15:00Z,BUD,Budds_Landing,39.37225,-75.83986667,1.0,6.63,NaN,26.87,0.16,83.1
2018-08-20T08:30:00Z,BUD,Budds_Landing,39.37225,-75.83986667,1.0,6.54,NaN,26.86,0.16,82.0
2018-08-20T08:45:00Z,BUD,Budds_Landing,39.37225,-75.83986667,1.0,6.26,NaN,26.85,0.16,78.5
2018-08-20T09:00:00Z,BUD,Budds_Landing,39.37225,-75.83986667,1.0,6.11,NaN,26.85,0.16,76.5
2018-08-20T09:15:00Z,BUD,Budds_Landing,39.37225,-75.83986667,1.0,5.74,NaN,26.85,0.16,71.9
2018-08-20T09:30:00Z,BUD,Budds_Landing,39.37225,-75.83986667,1.0,5.83,NaN,26.84,0.16,73.0
2018-08-20T09:45:00Z,BUD,Budds_Landing,39.37225,-75.83986667,1.0,5.93,NaN,26.8,0.16,74.2
2018-08-20T10:00:00Z,BUD,Budds_Landing,39.37225,-75.83986667,1.0,5.95,NaN,26.77,0.16,74.5
2018-08-20T10:15:00Z,BUD,Budds_Landing,39.37225,-75.83986667,1.0,5.37,NaN,26.75,0.16,67.2
2018-08-20T10:30:00Z,BUD,Budds_Landing,39.37225,-75.83986667,1.0,5.39,NaN,26.71,0.16,67.3
2018-08-20T10:45:00Z,BUD,Budds_Landing,39.37225,-75.83986667,1.0,5.13,NaN,26.61,0.15,64.0
2018-08-20T11:00:00Z,BUD,Budds_Landing,39.37225,-75.83986667,1.0,5.52,NaN,26.58,0.15,68.8
2018-08-20T11:15:00Z,BUD,Budds_Landing,39.37225,-75.83986667,1.0,5.86,NaN,26.43,0.15,72.8
2018-08-20T11:30:00Z,BUD,Budds_Landing,39.37225,-75.83986667,1.0,5.88,NaN,26.4,0.15,73.1
2018-08-20T11:45:00Z,BUD,Budds_Landing,39.37225,-75.83986667,1.0,5.97,NaN,26.4,0.15,74.2
2018-08-20T12:00:00Z,BUD,Budds_Landing,39.37225,-75.83986667,1.0,6.03,NaN,26.41,0.15,75.0
2018-08-20T12:15:00Z,BUD,Budds_Landing,39.37225,-75.83986667,1.0,6.31,NaN,26.27,0.15,78.2
2018-08-20T12:30:00Z,BUD,Budds_Landing,39.37225,-75.83986667,1.0,6.08,NaN,26.21,0.15,75.3
2018-08-20T12:45:00Z,BUD,Budds_Landing,39.37225,-75.83986667,1.0,6.16,NaN,26.26,0.15,76.3
2018-08-20T13:00:00Z,BUD,Budds_Landing,39.37225,-75.83986667,1.0,5.62,NaN,26.19,0.15,69.5
2018-08-20T13:15:00Z,BUD,Budds_Landing,39.37225,-75.83986667,1.0,6.12,NaN,26.24,0.15,75.8
2018-08-20T13:30:00Z,BUD,Budds_Landing,39.37225,-75.83986667,1.0,6.91,NaN,26.04,0.14,85.2
2018-08-20T13:45:00Z,BUD,Budds_Landing,39.37225,-75.83986667,1.0,6.79,NaN,26.07,0.15,83.9
2018-08-20T14:00:00Z,BUD,Budds_Landing,39.37225,-75.83986667,1.0,6.85,NaN,26.15,0.15,84.7
2018-08-20T14:15:00Z,BUD,Budds_Landing,39.37225,-75.83986667,1.0,6.14,NaN,26.13,0.15,75.9
2018-08-20T14:30:00Z,BUD,Budds_Landing,39.37225,-75.83986667,1.0,5.95,NaN,26.11,0.15,73.5
2018-08-20T14:45:00Z,BUD,Budds_Landing,39.37225,-75.83986667,1.0,6.87,NaN,26.05,0.14,84.8
2018-08-20T15:00:00Z,BUD,Budds_Landing,39.37225,-75.83986667,1.0,6.83,NaN,26.05,0.14,84.3
2018-08-20T15:15:00Z,BUD,Budds_Landing,39.37225,-75.83986667,1.0,6.49,NaN,26.1,0.14,80.2
2018-08-20T15:30:00Z,BUD,Budds_Landing,39.37225,-75.83986667,1.0,6.79,NaN,26.1,0.14,84.0
2018-08-20T15:45:00Z,BUD,Budds_Landing,39.37225,-75.83986667,1.0,7.02,NaN,26.11,0.14,86.8
2018-08-20T16:00:00Z,BUD,Budds_Landing,39.37225,-75.83986667,1.0,7.38,NaN,26.11,0.14,91.2
2018-08-20T16:15:00Z,BUD,Budds_Landing,39.37225,-75.83986667,1.0,7.71,NaN,26.23,0.14,95.5
2018-08-20T16:30:00Z,BUD,Budds_Landing,39.37225,-75.83986667,1.0,7.98,NaN,26.17,0.14,98.7
2018-08-20T16:45:00Z,BUD,Budds_Landing,39.37225,-75.83986667,1.0,7.88,NaN,26.08,0.14,97.4
2018-08-20T17:00:00Z,BUD,Budds_Landing,39.37225,-75.83986667,1.0,8.29,NaN,26.2,0.14,102.6
2018-08-20T17:15:00Z,BUD,Budds_Landing,39.37225,-75.83986667,1.0,9.88,NaN,26.59,0.15,123.1
2018-08-20T17:30:00Z,BUD,Budds_Landing,39.37225,-75.83986667,1.0,10.23,NaN,26.72,0.15,127.8
2018-08-20T17:45:00Z,BUD,Budds_Landing,39.37225,-75.83986667,1.0,10.86,NaN,26.88,0.15,136.1
2018-08-20T18:00:00Z,BUD,Budds_Landing,39.37225,-75.83986667,1.0,10.59,NaN,26.96,0.15,132.9
2018-08-20T18:15:00Z,BUD,Budds_Landing,39.37225,-75.83986667,1.0,10.73,NaN,27.0,0.15,134.8
2018-08-20T18:30:00Z,BUD,Budds_Landing,39.37225,-75.83986667,1.0,10.97,NaN,27.06,0.15,137.9
2018-08-20T18:45:00Z,BUD,Budds_Landing,39.37225,-75.83986667,1.0,11.4,NaN,27.11,0.15,143.5
2018-08-20T19:00:00Z,BUD,Budds_Landing,39.37225,-75.83986667,1.0,11.75,NaN,27.15,0.15,147.9
2018-08-20T19:15:00Z,BUD,Budds_Landing,39.37225,-75.83986667,1.0,11.99,NaN,27.19,0.15,151.1
2018-08-20T19:30:00Z,BUD,Budds_Landing,39.37225,-75.83986667,1.0,12.14,NaN,27.23,0.15,153.1
2018-08-20T19:45:00Z,BUD,Budds_Landing,39.37225,-75.83986667,1.0,12.4,NaN,27.25,0.15,156.5
2018-08-20T20:00:00Z,BUD,Budds_Landing,39.37225,-75.83986667,1.0,12.2,NaN,27.23,0.15,153.9
2018-08-20T20:15:00Z,BUD,Budds_Landing,39.37225,-75.83986667,1.0,11.43,NaN,27.2,0.15,144.0
2018-08-20T20:30:00Z,BUD,Budds_Landing,39.37225,-75.83986667,1.0,11.55,NaN,27.22,0.15,145.7
2018-08-20T20:45:00Z,BUD,Budds_Landing,39.37225,-75.83986667,1.0,11.26,NaN,27.13,0.15,141.7
2018-08-20T21:00:00Z,BUD,Budds_Landing,39.37225,-75.83986667,1.0,11.22,NaN,27.15,0.15,141.3
2018-08-20T21:15:00Z,BUD,Budds_Landing,39.37225,-75.83986667,1.0,10.95,NaN,27.17,0.16,138.0
2018-08-20T21:30:00Z,BUD,Budds_Landing,39.37225,-75.83986667,1.0,11.6,NaN,27.2,0.16,146.3
2018-08-20T21:45:00Z,BUD,Budds_Landing,39.37225,-75.83986667,1.0,11.81,NaN,27.2,0.16,148.8
2018-08-20T22:00:00Z,BUD,Budds_Landing,39.37225,-75.83986667,1.0,11.74,NaN,27.22,0.16,148.0
2018-08-20T22:15:00Z,BUD,Budds_Landing,39.37225,-75.83986667,1.0,10.22,NaN,27.12,0.15,128.6
2018-08-20T22:30:00Z,BUD,Budds_Landing,39.37225,-75.83986667,1.0,9.13,NaN,27.05,0.16,114.8
2018-08-20T22:45:00Z,BUD,Budds_Landing,39.37225,-75.83986667,1.0,8.06,NaN,27.0,0.16,101.3
2018-08-20T23:00:00Z,BUD,Budds_Landing,39.37225,-75.83986667,1.0,8.44,NaN,26.96,0.16,106.0
2018-08-20T23:15:00Z,BUD,Budds_Landing,39.37225,-75.83986667,1.0,9.03,NaN,26.92,0.15,113.3
2018-08-20T23:30:00Z,BUD,Budds_Landing,39.37225,-75.83986667,1.0,9.11,NaN,26.95,0.15,114.4
2018-08-20T23:45:00Z,BUD,Budds_Landing,39.37225,-75.83986667,1.0,10.05,NaN,26.89,0.15,126.0
2018-08-21T00:00:00Z,BUD,Budds_Landing,39.37225,-75.83986667,1.0,11.92,NaN,26.89,0.15,149.4
2018-08-21T00:15:00Z,BUD,Budds_Landing,39.37225,-75.83986667,1.0,11.64,NaN,26.89,0.15,145.9
2018-08-21T00:30:00Z,BUD,Budds_Landing,39.37225,-75.83986667,1.0,11.94,NaN,26.91,0.15,149.8
2018-08-21T00:45:00Z,BUD,Budds_Landing,39.37225,-75.83986667,1.0,11.14,NaN,26.89,0.15,139.7
2018-08-21T01:00:00Z,BUD,Budds_Landing,39.37225,-75.83986667,1.0,10.96,NaN,26.86,0.15,137.2
2018-08-21T01:15:00Z,BUD,Budds_Landing,39.37225,-75.83986667,1.0,11.26,NaN,26.86,0.15,141.1
2018-08-21T01:30:00Z,BUD,Budds_Landing,39.37225,-75.83986667,1.0,9.93,NaN,26.84,0.15,124.4
2018-08-21T01:45:00Z,BUD,Budds_Landing,39.37225,-75.83986667,1.0,11.49,NaN,26.81,0.15,143.8
2018-08-21T02:00:00Z,BUD,Budds_Landing,39.37225,-75.83986667,1.0,11.05,NaN,26.72,0.15,138.0
2018-08-21T02:15:00Z,BUD,Budds_Landing,39.37225,-75.83986667,1.0,10.66,NaN,26.58,0.15,132.9
2018-08-21T02:30:00Z,BUD,Budds_Landing,39.37225,-75.83986667,1.0,10.53,NaN,26.54,0.14,131.2
2018-08-21T02:45:00Z,BUD,Budds_Landing,39.37225,-75.83986667,1.0,10.61,NaN,26.52,0.14,132.1
2018-08-21T03:00:00Z,BUD,Budds_Landing,39.37225,-75.83986667,1.0,10.56,NaN,26.52,0.14,131.5
2018-08-21T03:15:00Z,BUD,Budds_Landing,39.37225,-75.83986667,1.0,10.54,NaN,26.51,0.14,131.2
2018-08-21T03:30:00Z,BUD,Budds_Landing,39.37225,-75.83986667,1.0,10.11,NaN,26.49,0.14,125.8
2018-08-21T03:45:00Z,BUD,Budds_Landing,39.37225,-75.83986667,1.0,10.59,NaN,26.48,0.14,131.7
2018-08-21T04:00:00Z,BUD,Budds_Landing,39.37225,-75.83986667,1.0,10.71,NaN,26.48,0.15,133.3
2018-08-21T04:15:00Z,BUD,Budds_Landing,39.37225,-75.83986667,1.0,10.08,NaN,26.46,0.14,125.4
2018-08-21T04:30:00Z,BUD,Budds_Landing,39.37225,-75.83986667,1.0,10.31,NaN,26.43,0.14,128.2
2018-08-21T04:45:00Z,BUD,Budds_Landing,39.37225,-75.83986667,1.0,10.08,NaN,26.38,0.14,125.1
2018-08-21T05:00:00Z,BUD,Budds_Landing,39.37225,-75.83986667,1.0,10.01,NaN,26.38,0.14,124.3
2018-08-21T05:15:00Z,BUD,Budds_Landing,39.37225,-75.83986667,1.0,9.58,NaN,26.37,0.15,119.0
2018-08-21T05:30:00Z,BUD,Budds_Landing,39.37225,-75.83986667,1.0,9.19,NaN,26.37,0.15,114.2
2018-08-21T05:45:00Z,BUD,Budds_Landing,39.37225,-75.83986667,1.0,8.92,NaN,26.36,0.15,110.7
2018-08-21T06:00:00Z,BUD,Budds_Landing,39.37225,-75.83986667,1.0,9.5,NaN,26.38,0.15,118.0
2018-08-21T06:15:00Z,BUD,Budds_Landing,39.37225,-75.83986667,1.0,9.37,NaN,26.41,0.15,116.5
2018-08-21T06:30:00Z,BUD,Budds_Landing,39.37225,-75.83986667,1.0,9.57,NaN,26.32,0.15,118.7
2018-08-21T06:45:00Z,BUD,Budds_Landing,39.37225,-75.83986667,1.0,9.3,NaN,26.36,0.15,115.4
2018-08-21T07:00:00Z,BUD,Budds_Landing,39.37225,-75.83986667,1.0,9.2,NaN,26.33,0.15,114.2
2018-08-21T07:15:00Z,BUD,Budds_Landing,39.37225,-75.83986667,1.0,9.27,NaN,26.31,0.15,115.0
2018-08-21T07:30:00Z,BUD,Budds_Landing,39.37225,-75.83986667,1.0,8.92,NaN,26.3,0.15,110.6
2018-08-21T07:45:00Z,BUD,Budds_Landing,39.37225,-75.83986667,1.0,8.42,NaN,26.29,0.15,104.4
2018-08-21T08:00:00Z,BUD,Budds_Landing,39.37225,-75.83986667,1.0,8.17,NaN,26.35,0.16,101.4
2018-08-21T08:15:00Z,BUD,Budds_Landing,39.37225,-75.83986667,1.0,8.18,NaN,26.37,0.16,101.6
2018-08-21T08:30:00Z,BUD,Budds_Landing,39.37225,-75.83986667,1.0,8.03,NaN,26.41,0.16,99.8
2018-08-21T08:45:00Z,BUD,Budds_Landing,39.37225,-75.83986667,1.0,7.91,NaN,26.41,0.16,98.3
2018-08-21T09:00:00Z,BUD,Budds_Landing,39.37225,-75.83986667,1.0,7.37,NaN,26.41,0.16,91.6
2018-08-21T09:15:00Z,BUD,Budds_Landing,39.37225,-75.83986667,1.0,7.32,NaN,26.4,0.16,90.9
2018-08-21T09:30:00Z,BUD,Budds_Landing,39.37225,-75.83986667,1.0,7.37,NaN,26.4,0.16,91.6
2018-08-21T09:45:00Z,BUD,Budds_Landing,39.37225,-75.83986667,1.0,7.55,NaN,26.36,0.16,93.7
2018-08-21T10:00:00Z,BUD,Budds_Landing,39.37225,-75.83986667,1.0,7.65,NaN,26.33,0.16,94.9
2018-08-21T10:15:00Z,BUD,Budds_Landing,39.37225,-75.83986667,1.0,7.62,NaN,26.33,0.16,94.5
2018-08-21T10:30:00Z,BUD,Budds_Landing,39.37225,-75.83986667,1.0,7.04,NaN,26.41,0.16,87.5
2018-08-21T10:45:00Z,BUD,Budds_Landing,39.37225,-75.83986667,1.0,6.89,NaN,26.45,0.16,85.7
2018-08-21T11:00:00Z,BUD,Budds_Landing,39.37225,-75.83986667,1.0,6.6,NaN,26.46,0.16,82.1
2018-08-21T11:15:00Z,BUD,Budds_Landing,39.37225,-75.83986667,1.0,6.81,NaN,26.39,0.16,84.6
2018-08-21T11:30:00Z,BUD,Budds_Landing,39.37225,-75.83986667,1.0,6.91,NaN,26.31,0.16,85.7
2018-08-21T11:45:00Z,BUD,Budds_Landing,39.37225,-75.83986667,1.0,7.14,NaN,26.24,0.16,88.5
2018-08-21T12:00:00Z,BUD,Budds_Landing,39.37225,-75.83986667,1.0,7.36,NaN,26.19,0.16,91.1
2018-08-21T12:15:00Z,BUD,Budds_Landing,39.37225,-75.83986667,1.0,7.97,NaN,26.08,0.15,98.5
2018-08-21T12:30:00Z,BUD,Budds_Landing,39.37225,-75.83986667,1.0,8.12,NaN,26.08,0.15,100.3
2018-08-21T12:45:00Z,BUD,Budds_Landing,39.37225,-75.83986667,1.0,8.37,NaN,25.99,0.15,103.2
2018-08-21T13:00:00Z,BUD,Budds_Landing,39.37225,-75.83986667,1.0,8.05,NaN,25.96,0.15,99.2
2018-08-21T13:15:00Z,BUD,Budds_Landing,39.37225,-75.83986667,1.0,7.44,NaN,25.92,0.15,91.6
2018-08-21T13:30:00Z,BUD,Budds_Landing,39.37225,-75.83986667,1.0,7.65,NaN,25.94,0.15,94.3
2018-08-21T13:45:00Z,BUD,Budds_Landing,39.37225,-75.83986667,1.0,8.41,NaN,26.0,0.15,103.7
2018-08-21T14:00:00Z,BUD,Budds_Landing,39.37225,-75.83986667,1.0,8.08,NaN,25.97,0.15,99.6
2018-08-21T14:15:00Z,BUD,Budds_Landing,39.37225,-75.83986667,1.0,8.47,NaN,25.98,0.15,104.5
2018-08-21T14:30:00Z,BUD,Budds_Landing,39.37225,-75.83986667,1.0,8.2,NaN,26.03,0.15,101.2
2018-08-21T14:45:00Z,BUD,Budds_Landing,39.37225,-75.83986667,1.0,9.12,NaN,26.06,0.15,112.6
2018-08-21T15:00:00Z,BUD,Budds_Landing,39.37225,-75.83986667,1.0,8.75,NaN,26.04,0.15,108.0
2018-08-21T15:15:00Z,BUD,Budds_Landing,39.37225,-75.83986667,1.0,9.27,NaN,26.05,0.15,114.5
2018-08-21T15:30:00Z,BUD,Budds_Landing,39.37225,-75.83986667,1.0,9.34,NaN,26.13,0.15,115.5
2018-08-21T15:45:00Z,BUD,Budds_Landing,39.37225,-75.83986667,1.0,9.25,NaN,26.15,0.15,114.3
2018-08-21T16:00:00Z,BUD,Budds_Landing,39.37225,-75.83986667,1.0,9.72,NaN,26.25,0.15,120.5
2018-08-21T16:15:00Z,BUD,Budds_Landing,39.37225,-75.83986667,1.0,10.28,NaN,26.29,0.14,127.4
2018-08-21T16:30:00Z,BUD,Budds_Landing,39.37225,-75.83986667,1.0,10.88,NaN,26.38,0.14,135.1
2018-08-21T16:45:00Z,BUD,Budds_Landing,39.37225,-75.83986667,1.0,11.23,NaN,26.43,0.14,139.5
2018-08-21T17:00:00Z,BUD,Budds_Landing,39.37225,-75.83986667,1.0,10.2,NaN,26.31,0.15,126.5
2018-08-21T17:15:00Z,BUD,Budds_Landing,39.37225,-75.83986667,1.0,10.99,NaN,26.37,0.15,136.4
2018-08-21T17:30:00Z,BUD,Budds_Landing,39.37225,-75.83986667,1.0,10.93,NaN,26.39,0.15,135.8
2018-08-21T17:45:00Z,BUD,Budds_Landing,39.37225,-75.83986667,1.0,10.73,NaN,26.37,0.14,133.2
2018-08-21T18:00:00Z,BUD,Budds_Landing,39.37225,-75.83986667,1.0,10.64,NaN,26.3,0.14,132.0
2018-08-21T18:15:00Z,BUD,Budds_Landing,39.37225,-75.83986667,1.0,10.77,NaN,26.29,0.14,133.5
2018-08-21T18:30:00Z,BUD,Budds_Landing,39.37225,-75.83986667,1.0,11.72,NaN,26.45,0.15,145.8
2018-08-21T18:45:00Z,BUD,Budds_Landing,39.37225,-75.83986667,1.0,12.0,NaN,26.61,0.15,149.6
2018-08-21T19:00:00Z,BUD,Budds_Landing,39.37225,-75.83986667,1.0,11.89,NaN,26.61,0.15,148.3
2018-08-21T19:15:00Z,BUD,Budds_Landing,39.37225,-75.83986667,1.0,11.88,NaN,26.6,0.15,148.1
2018-08-21T19:30:00Z,BUD,Budds_Landing,39.37225,-75.83986667,1.0,11.74,NaN,26.62,0.15,146.5
2018-08-21T19:45:00Z,BUD,Budds_Landing,39.37225,-75.83986667,1.0,11.89,NaN,26.69,0.16,148.5
2018-08-21T20:00:00Z,BUD,Budds_Landing,39.37225,-75.83986667,1.0,11.81,NaN,26.71,0.16,147.5
2018-08-21T20:15:00Z,BUD,Budds_Landing,39.37225,-75.83986667,1.0,11.78,NaN,26.71,0.16,147.2
2018-08-21T20:30:00Z,BUD,Budds_Landing,39.37225,-75.83986667,1.0,11.76,NaN,26.71,0.16,146.9
2018-08-21T20:45:00Z,BUD,Budds_Landing,39.37225,-75.83986667,1.0,11.72,NaN,26.69,0.16,146.4
2018-08-21T21:00:00Z,BUD,Budds_Landing,39.37225,-75.83986667,1.0,11.61,NaN,26.67,0.16,144.9
2018-08-21T21:15:00Z,BUD,Budds_Landing,39.37225,-75.83986667,1.0,11.5,NaN,26.63,0.15,143.5
2018-08-21T21:30:00Z,BUD,Budds_Landing,39.37225,-75.83986667,1.0,11.57,NaN,26.64,0.16,144.4
2018-08-21T21:45:00Z,BUD,Budds_Landing,39.37225,-75.83986667,1.0,11.42,NaN,26.69,0.16,142.7
2018-08-21T22:00:00Z,BUD,Budds_Landing,39.37225,-75.83986667,1.0,11.36,NaN,26.72,0.16,141.9
2018-08-21T22:15:00Z,BUD,Budds_Landing,39.37225,-75.83986667,1.0,11.15,NaN,26.73,0.16,139.3
2018-08-21T22:30:00Z,BUD,Budds_Landing,39.37225,-75.83986667,1.0,10.9,NaN,26.71,0.16,136.2
2018-08-21T22:45:00Z,BUD,Budds_Landing,39.37225,-75.83986667,1.0,10.63,NaN,26.71,0.16,132.8
2018-08-21T23:00:00Z,BUD,Budds_Landing,39.37225,-75.83986667,1.0,10.63,NaN,26.69,0.16,132.8
2018-08-21T23:15:00Z,BUD,Budds_Landing,39.37225,-75.83986667,1.0,10.81,NaN,26.66,0.16,135.0
2018-08-21T23:30:00Z,BUD,Budds_Landing,39.37225,-75.83986667,1.0,11.06,NaN,26.66,0.16,138.1
2018-08-21T23:45:00Z,BUD,Budds_Landing,39.37225,-75.83986667,1.0,11.49,NaN,26.57,0.16,143.2
2018-08-22T00:00:00Z,BUD,Budds_Landing,39.37225,-75.83986667,1.0,11.16,NaN,26.59,0.16,139.2
2018-08-22T00:15:00Z,BUD,Budds_Landing,39.37225,-75.83986667,1.0,11.18,NaN,26.54,0.15,139.2
2018-08-22T00:30:00Z,BUD,Budds_Landing,39.37225,-75.83986667,1.0,11.3,NaN,26.49,0.15,140.6
2018-08-22T00:45:00Z,BUD,Budds_Landing,39.37225,-75.83986667,1.0,11.28,NaN,26.48,0.15,140.4
2018-08-22T01:00:00Z,BUD,Budds_Landing,39.37225,-75.83986667,1.0,11.41,NaN,26.38,0.15,141.8
2018-08-22T01:15:00Z,BUD,Budds_Landing,39.37225,-75.83986667,1.0,11.18,NaN,26.38,0.15,138.8
2018-08-22T01:30:00Z,BUD,Budds_Landing,39.37225,-75.83986667,1.0,10.83,NaN,26.38,0.15,134.6
2018-08-22T01:45:00Z,BUD,Budds_Landing,39.37225,-75.83986667,1.0,10.93,NaN,26.34,0.15,135.6
2018-08-22T02:00:00Z,BUD,Budds_Landing,39.37225,-75.83986667,1.0,10.76,NaN,26.35,0.15,133.5
2018-08-22T02:15:00Z,BUD,Budds_Landing,39.37225,-75.83986667,1.0,10.47,NaN,26.35,0.15,130.0
2018-08-22T02:30:00Z,BUD,Budds_Landing,39.37225,-75.83986667,1.0,10.3,NaN,26.32,0.15,127.8
2018-08-22T02:45:00Z,BUD,Budds_Landing,39.37225,-75.83986667,1.0,10.09,NaN,26.32,0.15,125.2
2018-08-22T03:00:00Z,BUD,Budds_Landing,39.37225,-75.83986667,1.0,10.19,NaN,26.32,0.15,126.5
2018-08-22T03:15:00Z,BUD,Budds_Landing,39.37225,-75.83986667,1.0,10.11,NaN,26.32,0.15,125.4
2018-08-22T03:30:00Z,BUD,Budds_Landing,39.37225,-75.83986667,1.0,10.07,NaN,26.32,0.15,124.9
2018-08-22T03:45:00Z,BUD,Budds_Landing,39.37225,-75.83986667,1.0,9.85,NaN,26.32,0.15,122.1
2018-08-22T04:00:00Z,BUD,Budds_Landing,39.37225,-75.83986667,1.0,9.92,NaN,26.32,0.15,123.1
2018-08-22T04:15:00Z,BUD,Budds_Landing,39.37225,-75.83986667,1.0,10.05,NaN,26.3,0.15,124.6
2018-08-22T04:30:00Z,BUD,Budds_Landing,39.37225,-75.83986667,1.0,8.98,NaN,26.22,0.15,111.2
2018-08-22T04:45:00Z,BUD,Budds_Landing,39.37225,-75.83986667,1.0,9.31,NaN,26.15,0.15,115.2
2018-08-22T05:00:00Z,BUD,Budds_Landing,39.37225,-75.83986667,1.0,8.85,NaN,26.16,0.15,109.5
2018-08-22T05:15:00Z,BUD,Budds_Landing,39.37225,-75.83986667,1.0,8.97,NaN,26.09,0.15,110.8
2018-08-22T05:30:00Z,BUD,Budds_Landing,39.37225,-75.83986667,1.0,9.23,NaN,26.11,0.14,114.1
2018-08-22T05:45:00Z,BUD,Budds_Landing,39.37225,-75.83986667,1.0,8.78,NaN,26.08,0.14,108.5
2018-08-22T06:00:00Z,BUD,Budds_Landing,39.37225,-75.83986667,1.0,8.51,NaN,26.09,0.14,105.2
2018-08-22T06:15:00Z,BUD,Budds_Landing,39.37225,-75.83986667,1.0,9.4,NaN,26.06,0.14,116.1
2018-08-22T06:30:00Z,BUD,Budds_Landing,39.37225,-75.83986667,1.0,9.22,NaN,26.08,0.15,113.9
2018-08-22T06:45:00Z,BUD,Budds_Landing,39.37225,-75.83986667,1.0,8.91,NaN,26.03,0.15,110.0
2018-08-22T07:00:00Z,BUD,Budds_Landing,39.37225,-75.83986667,1.0,9.0,NaN,26.06,0.15,111.2
2018-08-22T07:15:00Z,BUD,Budds_Landing,39.37225,-75.83986667,1.0,8.87,NaN,26.06,0.15,109.6
2018-08-22T07:30:00Z,BUD,Budds_Landing,39.37225,-75.83986667,1.0,8.82,NaN,26.04,0.15,108.9
2018-08-22T07:45:00Z,BUD,Budds_Landing,39.37225,-75.83986667,1.0,8.49,NaN,26.02,0.15,104.7
2018-08-22T08:00:00Z,BUD,Budds_Landing,39.37225,-75.83986667,1.0,8.44,NaN,26.01,0.15,104.1
2018-08-22T08:15:00Z,BUD,Budds_Landing,39.37225,-75.83986667,1.0,8.39,NaN,26.05,0.15,103.5
2018-08-22T08:30:00Z,BUD,Budds_Landing,39.37225,-75.83986667,1.0,8.24,NaN,26.05,0.15,101.7
2018-08-22T08:45:00Z,BUD,Budds_Landing,39.37225,-75.83986667,1.0,8.13,NaN,26.03,0.15,100.4
2018-08-22T09:00:00Z,BUD,Budds_Landing,39.37225,-75.83986667,1.0,8.01,NaN,26.04,0.16,98.9
2018-08-22T09:15:00Z,BUD,Budds_Landing,39.37225,-75.83986667,1.0,7.78,NaN,26.04,0.16,96.0
2018-08-22T09:30:00Z,BUD,Budds_Landing,39.37225,-75.83986667,1.0,7.73,NaN,26.05,0.16,95.4
2018-08-22T09:45:00Z,BUD,Budds_Landing,39.37225,-75.83986667,1.0,7.6,NaN,26.04,0.16,93.8
2018-08-22T10:00:00Z,BUD,Budds_Landing,39.37225,-75.83986667,1.0,7.54,NaN,26.03,0.16,93.1
2018-08-22T10:15:00Z,BUD,Budds_Landing,39.37225,-75.83986667,1.0,7.4,NaN,26.05,0.16,91.4
2018-08-22T10:30:00Z,BUD,Budds_Landing,39.37225,-75.83986667,1.0,7.23,NaN,26.03,0.16,89.3
2018-08-22T10:45:00Z,BUD,Budds_Landing,39.37225,-75.83986667,1.0,7.03,NaN,26.02,0.16,86.7
2018-08-22T11:00:00Z,BUD,Budds_Landing,39.37225,-75.83986667,1.0,6.83,NaN,26.01,0.16,84.2
2018-08-22T11:15:00Z,BUD,Budds_Landing,39.37225,-75.83986667,1.0,6.69,NaN,25.99,0.16,82.5
2018-08-22T11:30:00Z,BUD,Budds_Landing,39.37225,-75.83986667,1.0,6.7,NaN,25.89,0.16,82.4
2018-08-22T11:45:00Z,BUD,Budds_Landing,39.37225,-75.83986667,1.0,7.02,NaN,25.87,0.16,86.4
2018-08-22T12:00:00Z,BUD,Budds_Landing,39.37225,-75.83986667,1.0,7.28,NaN,25.89,0.16,89.6
2018-08-22T12:15:00Z,BUD,Budds_Landing,39.37225,-75.83986667,1.0,7.21,NaN,25.73,0.15,88.5
2018-08-22T12:30:00Z,BUD,Budds_Landing,39.37225,-75.83986667,1.0,7.71,NaN,25.93,0.16,95.0
2018-08-22T12:45:00Z,BUD,Budds_Landing,39.37225,-75.83986667,1.0,7.94,NaN,25.94,0.16,97.8
2018-08-22T13:00:00Z,BUD,Budds_Landing,39.37225,-75.83986667,1.0,8.46,NaN,25.98,0.16,104.4
2018-08-22T13:15:00Z,BUD,Budds_Landing,39.37225,-75.83986667,1.0,8.23,NaN,26.0,0.16,101.5
2018-08-22T13:30:00Z,BUD,Budds_Landing,39.37225,-75.83986667,1.0,8.04,NaN,26.02,0.16,99.3
2018-08-22T13:45:00Z,BUD,Budds_Landing,39.37225,-75.83986667,1.0,8.17,NaN,25.98,0.16,100.7
2018-08-22T14:00:00Z,BUD,Budds_Landing,39.37225,-75.83986667,1.0,8.61,NaN,25.99,0.15,106.2
2018-08-22T14:15:00Z,BUD,Budds_Landing,39.37225,-75.83986667,1.0,8.46,NaN,25.95,0.15,104.2
2018-08-22T14:30:00Z,BUD,Budds_Landing,39.37225,-75.83986667,1.0,8.22,NaN,25.9,0.15,101.2
2018-08-22T14:45:00Z,BUD,Budds_Landing,39.37225,-75.83986667,1.0,8.7,NaN,26.0,0.15,107.3
2018-08-22T15:00:00Z,BUD,Budds_Landing,39.37225,-75.83986667,1.0,8.91,NaN,26.03,0.15,110.0
2018-08-22T15:15:00Z,BUD,Budds_Landing,39.37225,-75.83986667,1.0,8.79,NaN,25.96,0.15,108.3
2018-08-22T15:30:00Z,BUD,Budds_Landing,39.37225,-75.83986667,1.0,8.96,NaN,25.99,0.15,110.5
2018-08-22T15:45:00Z,BUD,Budds_Landing,39.37225,-75.83986667,1.0,8.57,NaN,25.78,0.14,105.2
2018-08-22T16:00:00Z,BUD,Budds_Landing,39.37225,-75.83986667,1.0,9.33,NaN,25.97,0.14,115.0
2018-08-22T16:15:00Z,BUD,Budds_Landing,39.37225,-75.83986667,1.0,10.13,NaN,26.15,0.14,125.3
2018-08-22T16:30:00Z,BUD,Budds_Landing,39.37225,-75.83986667,1.0,10.52,NaN,26.46,0.15,130.8
2018-08-22T16:45:00Z,BUD,Budds_Landing,39.37225,-75.83986667,1.0,10.45,NaN,26.24,0.15,129.5
2018-08-22T17:00:00Z,BUD,Budds_Landing,39.37225,-75.83986667,1.0,9.51,NaN,26.15,0.15,117.6
2018-08-22T17:15:00Z,BUD,Budds_Landing,39.37225,-75.83986667,1.0,10.24,NaN,26.34,0.15,127.1
2018-08-22T17:30:00Z,BUD,Budds_Landing,39.37225,-75.83986667,1.0,11.32,NaN,26.51,0.15,140.9
2018-08-22T17:45:00Z,BUD,Budds_Landing,39.37225,-75.83986667,1.0,11.03,NaN,26.33,0.14,136.9
2018-08-22T18:00:00Z,BUD,Budds_Landing,39.37225,-75.83986667,1.0,12.05,NaN,26.91,0.15,151.1
2018-08-22T18:15:00Z,BUD,Budds_Landing,39.37225,-75.83986667,1.0,11.59,NaN,26.39,0.14,144.0
2018-08-22T18:30:00Z,BUD,Budds_Landing,39.37225,-75.83986667,1.0,11.86,NaN,26.46,0.14,147.5
2018-08-22T18:45:00Z,BUD,Budds_Landing,39.37225,-75.83986667,1.0,12.18,NaN,26.66,0.14,152.0
2018-08-22T19:00:00Z,BUD,Budds_Landing,39.37225,-75.83986667,1.0,12.64,NaN,26.9,0.14,158.5
2018-08-22T19:15:00Z,BUD,Budds_Landing,39.37225,-75.83986667,1.0,14.07,NaN,27.22,0.15,177.4
2018-08-22T19:30:00Z,BUD,Budds_Landing,39.37225,-75.83986667,1.0,14.77,NaN,27.26,0.14,186.3
2018-08-22T19:45:00Z,BUD,Budds_Landing,39.37225,-75.83986667,1.0,14.61,NaN,27.33,0.15,184.6
2018-08-22T20:00:00Z,BUD,Budds_Landing,39.37225,-75.83986667,1.0,14.77,NaN,27.34,0.15,186.7
2018-08-22T20:15:00Z,BUD,Budds_Landing,39.37225,-75.83986667,1.0,14.8,NaN,27.36,0.15,187.1
2018-08-22T20:30:00Z,BUD,Budds_Landing,39.37225,-75.83986667,1.0,15.39,NaN,27.42,0.14,194.7
2018-08-22T20:45:00Z,BUD,Budds_Landing,39.37225,-75.83986667,1.0,15.12,NaN,27.4,0.15,191.3
2018-08-22T21:00:00Z,BUD,Budds_Landing,39.37225,-75.83986667,1.0,15.18,NaN,27.52,0.15,192.4
2018-08-22T21:15:00Z,BUD,Budds_Landing,39.37225,-75.83986667,1.0,15.14,NaN,27.59,0.15,192.2
2018-08-22T21:30:00Z,BUD,Budds_Landing,39.37225,-75.83986667,1.0,15.06,NaN,27.59,0.15,191.2
2018-08-22T21:45:00Z,BUD,Budds_Landing,39.37225,-75.83986667,1.0,15.06,NaN,27.62,0.15,191.3
2018-08-22T22:00:00Z,BUD,Budds_Landing,39.37225,-75.83986667,1.0,14.87,NaN,27.64,0.15,188.8
2018-08-22T22:15:00Z,BUD,Budds_Landing,39.37225,-75.83986667,1.0,15.06,NaN,27.61,0.15,191.2
2018-08-22T22:30:00Z,BUD,Budds_Landing,39.37225,-75.83986667,1.0,14.87,NaN,27.62,0.15,188.8
2018-08-22T22:45:00Z,BUD,Budds_Landing,39.37225,-75.83986667,1.0,14.69,NaN,27.61,0.15,186.6
2018-08-22T23:00:00Z,BUD,Budds_Landing,39.37225,-75.83986667,1.0,14.03,NaN,27.39,0.15,177.4
2018-08-22T23:15:00Z,BUD,Budds_Landing,39.37225,-75.83986667,1.0,14.45,NaN,27.53,0.15,183.2
2018-08-22T23:30:00Z,BUD,Budds_Landing,39.37225,-75.83986667,1.0,13.85,NaN,27.42,0.15,175.3
2018-08-22T23:45:00Z,BUD,Budds_Landing,39.37225,-75.83986667,1.0,14.13,NaN,27.41,0.15,178.8
2018-08-23T00:00:00Z,BUD,Budds_Landing,39.37225,-75.83986667,1.0,14.17,NaN,27.35,0.15,179.1
2018-08-23T00:15:00Z,BUD,Budds_Landing,39.37225,-75.83986667,1.0,14.22,NaN,27.37,0.15,179.8
2018-08-23T00:30:00Z,BUD,Budds_Landing,39.37225,-75.83986667,1.0,14.42,NaN,27.36,0.15,182.2
2018-08-23T00:45:00Z,BUD,Budds_Landing,39.37225,-75.83986667,1.0,14.43,NaN,27.25,0.14,182.0
2018-08-23T01:00:00Z,BUD,Budds_Landing,39.37225,-75.83986667,1.0,14.16,NaN,27.18,0.14,178.4
2018-08-23T01:15:00Z,BUD,Budds_Landing,39.37225,-75.83986667,1.0,13.72,NaN,27.08,0.14,172.6
2018-08-23T01:30:00Z,BUD,Budds_Landing,39.37225,-75.83986667,1.0,13.86,NaN,27.16,0.14,174.6
2018-08-23T01:45:00Z,BUD,Budds_Landing,39.37225,-75.83986667,1.0,13.88,NaN,27.16,0.14,174.9
2018-08-23T02:00:00Z,BUD,Budds_Landing,39.37225,-75.83986667,1.0,13.35,NaN,26.96,0.14,167.5
2018-08-23T02:15:00Z,BUD,Budds_Landing,39.37225,-75.83986667,1.0,13.51,NaN,27.04,0.14,169.9
2018-08-23T02:30:00Z,BUD,Budds_Landing,39.37225,-75.83986667,1.0,13.93,NaN,27.01,0.14,174.9
2018-08-23T02:45:00Z,BUD,Budds_Landing,39.37225,-75.83986667,1.0,13.93,NaN,26.97,0.14,174.8
2018-08-23T03:00:00Z,BUD,Budds_Landing,39.37225,-75.83986667,1.0,13.71,NaN,26.89,0.14,171.9
2018-08-23T03:15:00Z,BUD,Budds_Landing,39.37225,-75.83986667,1.0,13.36,NaN,26.83,0.14,167.3
2018-08-23T03:30:00Z,BUD,Budds_Landing,39.37225,-75.83986667,1.0,13.07,NaN,26.86,0.14,163.8
2018-08-23T03:45:00Z,BUD,Budds_Landing,39.37225,-75.83986667,1.0,13.24,NaN,26.78,0.14,165.6
2018-08-23T04:00:00Z,BUD,Budds_Landing,39.37225,-75.83986667,1.0,13.06,NaN,26.75,0.14,163.2
2018-08-23T04:15:00Z,BUD,Budds_Landing,39.37225,-75.83986667,1.0,13.11,NaN,26.61,0.14,163.5
2018-08-23T04:30:00Z,BUD,Budds_Landing,39.37225,-75.83986667,1.0,13.5,NaN,26.52,0.13,168.1
2018-08-23T04:45:00Z,BUD,Budds_Landing,39.37225,-75.83986667,1.0,13.49,NaN,26.48,0.13,167.8
2018-08-23T05:00:00Z,BUD,Budds_Landing,39.37225,-75.83986667,1.0,13.38,NaN,26.46,0.13,166.4
2018-08-23T05:15:00Z,BUD,Budds_Landing,39.37225,-75.83986667,1.0,12.52,NaN,26.45,0.14,155.7
2018-08-23T05:30:00Z,BUD,Budds_Landing,39.37225,-75.83986667,1.0,12.52,NaN,26.39,0.13,155.5
2018-08-23T05:45:00Z,BUD,Budds_Landing,39.37225,-75.83986667,1.0,13.26,NaN,26.29,0.12,164.4
2018-08-23T06:00:00Z,BUD,Budds_Landing,39.37225,-75.83986667,1.0,13.18,NaN,26.25,0.12,163.2
2018-08-23T06:15:00Z,BUD,Budds_Landing,39.37225,-75.83986667,1.0,13.18,NaN,26.16,0.12,163.0
2018-08-23T06:30:00Z,BUD,Budds_Landing,39.37225,-75.83986667,1.0,13.03,NaN,26.12,0.12,161.1
2018-08-23T06:45:00Z,BUD,Budds_Landing,39.37225,-75.83986667,1.0,12.99,NaN,26.2,0.12,160.8
2018-08-23T07:00:00Z,BUD,Budds_Landing,39.37225,-75.83986667,1.0,12.79,NaN,26.22,0.12,158.3
2018-08-23T07:15:00Z,BUD,Budds_Landing,39.37225,-75.83986667,1.0,12.4,NaN,26.18,0.13,153.5
2018-08-23T07:30:00Z,BUD,Budds_Landing,39.37225,-75.83986667,1.0,11.86,NaN,26.18,0.13,146.7
2018-08-23T07:45:00Z,BUD,Budds_Landing,39.37225,-75.83986667,1.0,12.73,NaN,26.09,0.12,157.2
2018-08-23T08:00:00Z,BUD,Budds_Landing,39.37225,-75.83986667,1.0,11.73,NaN,26.09,0.14,144.9
2018-08-23T08:15:00Z,BUD,Budds_Landing,39.37225,-75.83986667,1.0,11.89,NaN,25.91,0.13,146.4
2018-08-23T08:30:00Z,BUD,Budds_Landing,39.37225,-75.83986667,1.0,11.64,NaN,25.73,0.13,142.9
2018-08-23T08:45:00Z,BUD,Budds_Landing,39.37225,-75.83986667,1.0,10.66,NaN,25.6,0.14,130.5
2018-08-23T09:00:00Z,BUD,Budds_Landing,39.37225,-75.83986667,1.0,10.81,NaN,25.78,0.14,132.8
2018-08-23T09:15:00Z,BUD,Budds_Landing,39.37225,-75.83986667,1.0,10.79,NaN,25.86,0.14,132.7
2018-08-23T09:30:00Z,BUD,Budds_Landing,39.37225,-75.83986667,1.0,10.64,NaN,25.86,0.14,130.9
2018-08-23T09:45:00Z,BUD,Budds_Landing,39.37225,-75.83986667,1.0,10.46,NaN,25.83,0.14,128.6
2018-08-23T10:00:00Z,BUD,Budds_Landing,39.37225,-75.83986667,1.0,10.61,NaN,25.92,0.14,130.7
2018-08-23T10:15:00Z,BUD,Budds_Landing,39.37225,-75.83986667,1.0,10.4,NaN,25.92,0.14,128.1
2018-08-23T10:30:00Z,BUD,Budds_Landing,39.37225,-75.83986667,1.0,10.33,NaN,25.87,0.14,127.1
2018-08-23T10:45:00Z,BUD,Budds_Landing,39.37225,-75.83986667,1.0,10.22,NaN,25.84,0.14,125.7
2018-08-23T11:00:00Z,BUD,Budds_Landing,39.37225,-75.83986667,1.0,10.12,NaN,25.81,0.14,124.4
2018-08-23T11:15:00Z,BUD,Budds_Landing,39.37225,-75.83986667,1.0,9.97,NaN,25.81,0.14,122.6
2018-08-23T11:30:00Z,BUD,Budds_Landing,39.37225,-75.83986667,1.0,9.95,NaN,25.81,0.15,122.4
2018-08-23T11:45:00Z,BUD,Budds_Landing,39.37225,-75.83986667,1.0,9.93,NaN,25.81,0.15,122.1
2018-08-23T12:00:00Z,BUD,Budds_Landing,39.37225,-75.83986667,1.0,9.95,NaN,25.79,0.15,122.2
2018-08-23T12:15:00Z,BUD,Budds_Landing,39.37225,-75.83986667,1.0,9.84,NaN,25.77,0.15,120.8
2018-08-23T12:30:00Z,BUD,Budds_Landing,39.37225,-75.83986667,1.0,10.0,NaN,25.75,0.15,122.8
2018-08-23T12:45:00Z,BUD,Budds_Landing,39.37225,-75.83986667,1.0,10.07,NaN,25.75,0.15,123.7
2018-08-23T13:00:00Z,BUD,Budds_Landing,39.37225,-75.83986667,1.0,10.23,NaN,25.75,0.15,125.7
2018-08-23T13:15:00Z,BUD,Budds_Landing,39.37225,-75.83986667,1.0,10.79,NaN,25.74,0.15,132.4
2018-08-23T13:30:00Z,BUD,Budds_Landing,39.37225,-75.83986667,1.0,11.24,NaN,25.59,0.14,137.7
2018-08-23T13:45:00Z,BUD,Budds_Landing,39.37225,-75.83986667,1.0,11.94,NaN,25.57,0.14,146.1
2018-08-23T14:00:00Z,BUD,Budds_Landing,39.37225,-75.83986667,1.0,11.77,NaN,25.57,0.13,144.1
2018-08-23T14:15:00Z,BUD,Budds_Landing,39.37225,-75.83986667,1.0,11.88,NaN,25.63,0.14,145.5
2018-08-23T14:30:00Z,BUD,Budds_Landing,39.37225,-75.83986667,1.0,12.61,NaN,25.75,0.13,154.8
2018-08-23T14:45:00Z,BUD,Budds_Landing,39.37225,-75.83986667,1.0,12.05,NaN,25.67,0.13,147.7
2018-08-23T15:00:00Z,BUD,Budds_Landing,39.37225,-75.83986667,1.0,11.97,NaN,25.72,0.14,146.8
2018-08-23T15:15:00Z,BUD,Budds_Landing,39.37225,-75.83986667,1.0,11.68,NaN,25.68,0.13,143.2
2018-08-23T15:30:00Z,BUD,Budds_Landing,39.37225,-75.83986667,1.0,11.56,NaN,25.68,0.13,141.8
2018-08-23T15:45:00Z,BUD,Budds_Landing,39.37225,-75.83986667,1.0,12.06,NaN,25.7,0.13,147.9
2018-08-23T16:00:00Z,BUD,Budds_Landing,39.37225,-75.83986667,1.0,13.34,NaN,25.69,0.13,163.6
2018-08-23T16:15:00Z,BUD,Budds_Landing,39.37225,-75.83986667,1.0,13.73,NaN,25.6,0.12,168.1
2018-08-23T16:30:00Z,BUD,Budds_Landing,39.37225,-75.83986667,1.0,14.11,NaN,25.53,0.12,172.6
2018-08-23T16:45:00Z,BUD,Budds_Landing,39.37225,-75.83986667,1.0,14.0,NaN,25.5,0.12,171.1
2018-08-23T17:00:00Z,BUD,Budds_Landing,39.37225,-75.83986667,1.0,14.06,NaN,25.58,0.12,172.1
2018-08-23T17:15:00Z,BUD,Budds_Landing,39.37225,-75.83986667,1.0,14.5,NaN,25.67,0.12,177.7
2018-08-23T17:30:00Z,BUD,Budds_Landing,39.37225,-75.83986667,1.0,14.55,NaN,25.76,0.12,178.6
2018-08-23T17:45:00Z,BUD,Budds_Landing,39.37225,-75.83986667,1.0,14.42,NaN,25.73,0.12,177.0
2018-08-23T18:00:00Z,BUD,Budds_Landing,39.37225,-75.83986667,1.0,14.32,NaN,25.74,0.12,175.7
2018-08-23T18:15:00Z,BUD,Budds_Landing,39.37225,-75.83986667,1.0,14.16,NaN,25.66,0.12,173.5
2018-08-23T18:30:00Z,BUD,Budds_Landing,39.37225,-75.83986667,1.0,14.3,NaN,25.73,0.12,175.6
2018-08-23T18:45:00Z,BUD,Budds_Landing,39.37225,-75.83986667,1.0,14.51,NaN,25.83,0.12,178.4
2018-08-23T19:00:00Z,BUD,Budds_Landing,39.37225,-75.83986667,1.0,14.71,NaN,25.9,0.12,181.1
2018-08-23T19:15:00Z,BUD,Budds_Landing,39.37225,-75.83986667,1.0,14.8,NaN,26.1,0.12,182.8
2018-08-23T19:30:00Z,BUD,Budds_Landing,39.37225,-75.83986667,1.0,14.94,NaN,26.06,0.12,184.5
2018-08-23T19:45:00Z,BUD,Budds_Landing,39.37225,-75.83986667,1.0,14.96,NaN,26.11,0.12,184.9
2018-08-23T20:00:00Z,BUD,Budds_Landing,39.37225,-75.83986667,1.0,14.98,NaN,26.28,0.11,185.7
2018-08-23T20:15:00Z,BUD,Budds_Landing,39.37225,-75.83986667,1.0,14.86,NaN,26.27,0.11,184.1
2018-08-23T20:30:00Z,BUD,Budds_Landing,39.37225,-75.83986667,1.0,17.1,NaN,27.49,0.12,216.6
2018-08-23T20:45:00Z,BUD,Budds_Landing,39.37225,-75.83986667,1.0,17.31,NaN,27.42,0.12,219.0
2018-08-23T21:00:00Z,BUD,Budds_Landing,39.37225,-75.83986667,1.0,17.75,NaN,27.45,0.12,224.7
2018-08-23T21:15:00Z,BUD,Budds_Landing,39.37225,-75.83986667,1.0,17.9,NaN,27.31,0.12,226.0
2018-08-23T21:30:00Z,BUD,Budds_Landing,39.37225,-75.83986667,1.0,18.12,NaN,27.38,0.12,229.1
2018-08-23T21:45:00Z,BUD,Budds_Landing,39.37225,-75.83986667,1.0,18.53,NaN,27.24,0.12,233.6
2018-08-23T22:00:00Z,BUD,Budds_Landing,39.37225,-75.83986667,1.0,18.83,NaN,27.39,0.12,238.1
2018-08-23T22:15:00Z,BUD,Budds_Landing,39.37225,-75.83986667,1.0,18.5,NaN,27.36,0.13,233.8
2018-08-23T22:30:00Z,BUD,Budds_Landing,39.37225,-75.83986667,1.0,18.44,NaN,27.33,0.12,232.9
2018-08-23T22:45:00Z,BUD,Budds_Landing,39.37225,-75.83986667,1.0,18.38,NaN,27.28,0.13,232.0
2018-08-23T23:00:00Z,BUD,Budds_Landing,39.37225,-75.83986667,1.0,18.1,NaN,27.25,0.13,228.3
2018-08-23T23:15:00Z,BUD,Budds_Landing,39.37225,-75.83986667,1.0,17.81,NaN,27.23,0.13,224.6
2018-08-23T23:30:00Z,BUD,Budds_Landing,39.37225,-75.83986667,1.0,17.54,NaN,27.26,0.13,221.3
2018-08-23T23:45:00Z,BUD,Budds_Landing,39.37225,-75.83986667,1.0,17.33,NaN,27.26,0.13,218.6
2018-08-24T00:00:00Z,BUD,Budds_Landing,39.37225,-75.83986667,1.0,17.23,NaN,27.35,0.14,217.7
2018-08-24T00:15:00Z,BUD,Budds_Landing,39.37225,-75.83986667,1.0,17.12,NaN,27.33,0.14,216.3
2018-08-24T00:30:00Z,BUD,Budds_Landing,39.37225,-75.83986667,1.0,16.77,NaN,27.3,0.14,211.7
2018-08-24T00:45:00Z,BUD,Budds_Landing,39.37225,-75.83986667,1.0,16.62,NaN,27.3,0.14,209.9
2018-08-24T01:00:00Z,BUD,Budds_Landing,39.37225,-75.83986667,1.0,16.42,NaN,27.28,0.14,207.2
2018-08-24T01:15:00Z,BUD,Budds_Landing,39.37225,-75.83986667,1.0,16.21,NaN,27.26,0.14,204.5
2018-08-24T01:30:00Z,BUD,Budds_Landing,39.37225,-75.83986667,1.0,15.79,NaN,27.22,0.14,199.0
2018-08-24T01:45:00Z,BUD,Budds_Landing,39.37225,-75.83986667,1.0,16.0,NaN,27.01,0.13,201.0
2018-08-24T02:00:00Z,BUD,Budds_Landing,39.37225,-75.83986667,1.0,15.73,NaN,27.05,0.13,197.7
2018-08-24T02:15:00Z,BUD,Budds_Landing,39.37225,-75.83986667,1.0,15.71,NaN,26.98,0.13,197.2
2018-08-24T02:30:00Z,BUD,Budds_Landing,39.37225,-75.83986667,1.0,15.81,NaN,26.93,0.13,198.4
2018-08-24T02:45:00Z,BUD,Budds_Landing,39.37225,-75.83986667,1.0,15.46,NaN,26.72,0.12,193.2
2018-08-24T03:00:00Z,BUD,Budds_Landing,39.37225,-75.83986667,1.0,15.36,NaN,26.73,0.13,192.0
2018-08-24T03:15:00Z,BUD,Budds_Landing,39.37225,-75.83986667,1.0,15.42,NaN,26.73,0.13,192.7
2018-08-24T03:30:00Z,BUD,Budds_Landing,39.37225,-75.83986667,1.0,15.28,NaN,26.48,0.12,190.1
2018-08-24T03:45:00Z,BUD,Budds_Landing,39.37225,-75.83986667,1.0,15.28,NaN,26.59,0.13,190.4
2018-08-24T04:00:00Z,BUD,Budds_Landing,39.37225,-75.83986667,1.0,15.37,NaN,26.62,0.13,191.7
2018-08-24T04:15:00Z,BUD,Budds_Landing,39.37225,-75.83986667,1.0,15.09,NaN,26.53,0.13,187.9
2018-08-24T04:30:00Z,BUD,Budds_Landing,39.37225,-75.83986667,1.0,14.94,NaN,26.37,0.12,185.5
2018-08-24T04:45:00Z,BUD,Budds_Landing,39.37225,-75.83986667,1.0,14.69,NaN,26.3,0.12,182.2
2018-08-24T05:00:00Z,BUD,Budds_Landing,39.37225,-75.83986667,1.0,14.49,NaN,26.27,0.12,179.5
2018-08-24T05:15:00Z,BUD,Budds_Landing,39.37225,-75.83986667,1.0,14.63,NaN,26.25,0.13,181.3
2018-08-24T05:30:00Z,BUD,Budds_Landing,39.37225,-75.83986667,1.0,14.28,NaN,26.17,0.13,176.7
2018-08-24T05:45:00Z,BUD,Budds_Landing,39.37225,-75.83986667,1.0,14.28,NaN,26.17,0.13,176.6
2018-08-24T06:00:00Z,BUD,Budds_Landing,39.37225,-75.83986667,1.0,14.13,NaN,26.15,0.13,174.8
2018-08-24T06:15:00Z,BUD,Budds_Landing,39.37225,-75.83986667,1.0,13.96,NaN,26.09,0.13,172.4
2018-08-24T06:30:00Z,BUD,Budds_Landing,39.37225,-75.83986667,1.0,14.05,NaN,26.08,0.13,173.6
2018-08-24T06:45:00Z,BUD,Budds_Landing,39.37225,-75.83986667,1.0,13.96,NaN,26.07,0.13,172.4
2018-08-24T07:00:00Z,BUD,Budds_Landing,39.37225,-75.83986667,1.0,13.67,NaN,26.06,0.13,168.7
2018-08-24T07:15:00Z,BUD,Budds_Landing,39.37225,-75.83986667,1.0,13.5,NaN,25.98,0.13,166.4
2018-08-24T07:30:00Z,BUD,Budds_Landing,39.37225,-75.83986667,1.0,13.54,NaN,25.9,0.13,166.7
2018-08-24T07:45:00Z,BUD,Budds_Landing,39.37225,-75.83986667,1.0,13.62,NaN,25.84,0.13,167.5
2018-08-24T08:00:00Z,BUD,Budds_Landing,39.37225,-75.83986667,1.0,13.33,NaN,25.68,0.13,163.4
2018-08-24T08:15:00Z,BUD,Budds_Landing,39.37225,-75.83986667,1.0,13.12,NaN,25.64,0.13,160.8
2018-08-24T08:30:00Z,BUD,Budds_Landing,39.37225,-75.83986667,1.0,12.69,NaN,25.64,0.13,155.5
2018-08-24T08:45:00Z,BUD,Budds_Landing,39.37225,-75.83986667,1.0,12.85,NaN,25.61,0.13,157.4
2018-08-24T09:00:00Z,BUD,Budds_Landing,39.37225,-75.83986667,1.0,12.45,NaN,25.69,0.14,152.7
2018-08-24T09:15:00Z,BUD,Budds_Landing,39.37225,-75.83986667,1.0,12.21,NaN,25.63,0.14,149.5
2018-08-24T09:30:00Z,BUD,Budds_Landing,39.37225,-75.83986667,1.0,12.04,NaN,25.65,0.15,147.6
2018-08-24T09:45:00Z,BUD,Budds_Landing,39.37225,-75.83986667,1.0,11.96,NaN,25.67,0.15,146.7
2018-08-24T10:00:00Z,BUD,Budds_Landing,39.37225,-75.83986667,1.0,11.87,NaN,25.77,0.15,145.9
2018-08-24T10:15:00Z,BUD,Budds_Landing,39.37225,-75.83986667,1.0,11.74,NaN,25.78,0.15,144.3
2018-08-24T10:30:00Z,BUD,Budds_Landing,39.37225,-75.83986667,1.0,11.66,NaN,25.79,0.15,143.3
2018-08-24T10:45:00Z,BUD,Budds_Landing,39.37225,-75.83986667,1.0,11.6,NaN,25.78,0.15,142.6
2018-08-24T11:00:00Z,BUD,Budds_Landing,39.37225,-75.83986667,1.0,11.59,NaN,25.73,0.15,142.3
2018-08-24T11:15:00Z,BUD,Budds_Landing,39.37225,-75.83986667,1.0,11.57,NaN,25.72,0.15,141.9
2018-08-24T11:30:00Z,BUD,Budds_Landing,39.37225,-75.83986667,1.0,11.35,NaN,25.74,0.15,139.3
2018-08-24T11:45:00Z,BUD,Budds_Landing,39.37225,-75.83986667,1.0,11.29,NaN,25.75,0.15,138.7
2018-08-24T12:00:00Z,BUD,Budds_Landing,39.37225,-75.83986667,1.0,11.29,NaN,25.73,0.15,138.6
2018-08-24T12:15:00Z,BUD,Budds_Landing,39.37225,-75.83986667,1.0,11.31,NaN,25.74,0.15,138.8
2018-08-24T12:30:00Z,BUD,Budds_Landing,39.37225,-75.83986667,1.0,11.32,NaN,25.76,0.15,139.0
2018-08-24T12:45:00Z,BUD,Budds_Landing,39.37225,-75.83986667,1.0,11.24,NaN,25.73,0.15,138.0
2018-08-24T13:00:00Z,BUD,Budds_Landing,39.37225,-75.83986667,1.0,11.04,NaN,25.71,0.15,135.5
2018-08-24T13:15:00Z,BUD,Budds_Landing,39.37225,-75.83986667,1.0,11.13,NaN,25.71,0.15,136.5
2018-08-24T13:30:00Z,BUD,Budds_Landing,39.37225,-75.83986667,1.0,11.13,NaN,25.49,0.15,136.0
2018-08-24T13:45:00Z,BUD,Budds_Landing,39.37225,-75.83986667,1.0,11.21,NaN,25.5,0.15,137.0
2018-08-24T14:00:00Z,BUD,Budds_Landing,39.37225,-75.83986667,1.0,12.27,NaN,25.59,0.15,150.2
2018-08-24T14:15:00Z,BUD,Budds_Landing,39.37225,-75.83986667,1.0,12.31,NaN,25.55,0.14,150.5
2018-08-24T14:30:00Z,BUD,Budds_Landing,39.37225,-75.83986667,1.0,11.81,NaN,25.62,0.15,144.7
2018-08-24T14:45:00Z,BUD,Budds_Landing,39.37225,-75.83986667,1.0,12.47,NaN,25.58,0.14,152.7
2018-08-24T15:00:00Z,BUD,Budds_Landing,39.37225,-75.83986667,1.0,12.25,NaN,25.66,0.15,150.2
2018-08-24T15:15:00Z,BUD,Budds_Landing,39.37225,-75.83986667,1.0,12.25,NaN,25.61,0.15,150.1
2018-08-24T15:30:00Z,BUD,Budds_Landing,39.37225,-75.83986667,1.0,11.6,NaN,25.54,0.15,141.8
2018-08-24T15:45:00Z,BUD,Budds_Landing,39.37225,-75.83986667,1.0,12.05,NaN,25.56,0.15,147.5
2018-08-24T16:00:00Z,BUD,Budds_Landing,39.37225,-75.83986667,1.0,12.51,NaN,25.59,0.15,153.1
2018-08-24T16:15:00Z,BUD,Budds_Landing,39.37225,-75.83986667,1.0,13.44,NaN,25.76,0.15,165.1
2018-08-24T16:30:00Z,BUD,Budds_Landing,39.37225,-75.83986667,1.0,13.31,NaN,25.8,0.15,163.6
2018-08-24T16:45:00Z,BUD,Budds_Landing,39.37225,-75.83986667,1.0,13.21,NaN,25.74,0.14,162.1
2018-08-24T17:00:00Z,BUD,Budds_Landing,39.37225,-75.83986667,1.0,13.12,NaN,25.69,0.14,160.9
2018-08-24T17:15:00Z,BUD,Budds_Landing,39.37225,-75.83986667,1.0,13.19,NaN,25.7,0.14,161.8
2018-08-24T17:30:00Z,BUD,Budds_Landing,39.37225,-75.83986667,1.0,13.27,NaN,25.69,0.14,162.7
2018-08-24T17:45:00Z,BUD,Budds_Landing,39.37225,-75.83986667,1.0,14.88,NaN,25.75,0.13,182.6
2018-08-24T18:00:00Z,BUD,Budds_Landing,39.37225,-75.83986667,1.0,15.32,NaN,25.67,0.13,187.8
2018-08-24T18:15:00Z,BUD,Budds_Landing,39.37225,-75.83986667,1.0,15.35,NaN,25.68,0.13,188.2
2018-08-24T18:30:00Z,BUD,Budds_Landing,39.37225,-75.83986667,1.0,15.41,NaN,25.63,0.13,188.8
2018-08-24T18:45:00Z,BUD,Budds_Landing,39.37225,-75.83986667,1.0,15.58,NaN,25.65,0.13,190.9
2018-08-24T19:00:00Z,BUD,Budds_Landing,39.37225,-75.83986667,1.0,15.36,NaN,25.63,0.13,188.2
2018-08-24T19:15:00Z,BUD,Budds_Landing,39.37225,-75.83986667,1.0,15.33,NaN,25.64,0.13,187.9
2018-08-24T19:30:00Z,BUD,Budds_Landing,39.37225,-75.83986667,1.0,14.79,NaN,25.73,0.13,181.5
2018-08-24T19:45:00Z,BUD,Budds_Landing,39.37225,-75.83986667,1.0,14.35,NaN,25.81,0.13,176.3
2018-08-24T20:00:00Z,BUD,Budds_Landing,39.37225,-75.83986667,1.0,13.67,NaN,25.88,0.14,168.3
2018-08-24T20:15:00Z,BUD,Budds_Landing,39.37225,-75.83986667,1.0,14.09,NaN,25.96,0.14,173.7
2018-08-24T20:30:00Z,BUD,Budds_Landing,39.37225,-75.83986667,1.0,15.09,NaN,26.18,0.14,186.7
2018-08-24T20:45:00Z,BUD,Budds_Landing,39.37225,-75.83986667,1.0,16.69,NaN,26.74,0.15,208.6
2018-08-24T21:00:00Z,BUD,Budds_Landing,39.37225,-75.83986667,1.0,17.38,NaN,28.61,0.15,224.7
2018-08-24T21:15:00Z,BUD,Budds_Landing,39.37225,-75.83986667,1.0,19.48,NaN,28.93,0.16,253.1
2018-08-24T21:30:00Z,BUD,Budds_Landing,39.37225,-75.83986667,1.0,18.77,NaN,28.64,0.15,242.7
2018-08-24T21:45:00Z,BUD,Budds_Landing,39.37225,-75.83986667,1.0,19.78,NaN,28.83,0.15,256.6
2018-08-24T22:00:00Z,BUD,Budds_Landing,39.37225,-75.83986667,1.0,19.75,NaN,29.17,0.16,257.7
2018-08-24T22:15:00Z,BUD,Budds_Landing,39.37225,-75.83986667,1.0,19.26,NaN,28.88,0.16,250.1
2018-08-24T22:30:00Z,BUD,Budds_Landing,39.37225,-75.83986667,1.0,18.78,NaN,28.25,0.15,241.2
2018-08-24T22:45:00Z,BUD,Budds_Landing,39.37225,-75.83986667,1.0,18.14,NaN,28.11,0.16,232.4
2018-08-24T23:00:00Z,BUD,Budds_Landing,39.37225,-75.83986667,1.0,17.56,NaN,28.08,0.16,224.8
2018-08-24T23:15:00Z,BUD,Budds_Landing,39.37225,-75.83986667,1.0,17.32,NaN,27.78,0.16,220.6
2018-08-24T23:30:00Z,BUD,Budds_Landing,39.37225,-75.83986667,1.0,17.3,NaN,27.99,0.16,221.1
2018-08-24T23:45:00Z,BUD,Budds_Landing,39.37225,-75.83986667,1.0,17.7,NaN,28.14,0.16,226.9
2018-08-25T00:00:00Z,BUD,Budds_Landing,39.37225,-75.83986667,1.0,17.41,NaN,28.16,0.16,223.2
2018-08-25T00:15:00Z,BUD,Budds_Landing,39.37225,-75.83986667,1.0,17.39,NaN,28.18,0.17,223.0
2018-08-25T00:30:00Z,BUD,Budds_Landing,39.37225,-75.83986667,1.0,16.89,NaN,28.02,0.17,216.1
2018-08-25T00:45:00Z,BUD,Budds_Landing,39.37225,-75.83986667,1.0,16.23,NaN,27.93,0.17,207.3
2018-08-25T01:00:00Z,BUD,Budds_Landing,39.37225,-75.83986667,1.0,13.99,NaN,27.32,0.16,176.7
2018-08-25T01:15:00Z,BUD,Budds_Landing,39.37225,-75.83986667,1.0,13.39,NaN,26.65,0.16,167.1
2018-08-25T01:30:00Z,BUD,Budds_Landing,39.37225,-75.83986667,1.0,13.4,NaN,26.58,0.15,167.0
2018-08-25T01:45:00Z,BUD,Budds_Landing,39.37225,-75.83986667,1.0,13.42,NaN,26.68,0.15,167.5
2018-08-25T02:00:00Z,BUD,Budds_Landing,39.37225,-75.83986667,1.0,13.7,NaN,26.78,0.15,171.4
2018-08-25T02:15:00Z,BUD,Budds_Landing,39.37225,-75.83986667,1.0,13.49,NaN,26.32,0.14,167.4
2018-08-25T02:30:00Z,BUD,Budds_Landing,39.37225,-75.83986667,1.0,14.07,NaN,26.24,0.14,174.3
2018-08-25T02:45:00Z,BUD,Budds_Landing,39.37225,-75.83986667,1.0,15.81,NaN,26.79,0.14,197.7
2018-08-25T03:00:00Z,BUD,Budds_Landing,39.37225,-75.83986667,1.0,15.49,NaN,26.92,0.14,194.2
2018-08-25T03:15:00Z,BUD,Budds_Landing,39.37225,-75.83986667,1.0,14.93,NaN,26.84,0.15,187.0
2018-08-25T03:30:00Z,BUD,Budds_Landing,39.37225,-75.83986667,1.0,14.87,NaN,26.83,0.15,186.2
2018-08-25T03:45:00Z,BUD,Budds_Landing,39.37225,-75.83986667,1.0,14.76,NaN,26.89,0.15,185.0
2018-08-25T04:00:00Z,BUD,Budds_Landing,39.37225,-75.83986667,1.0,14.54,NaN,26.91,0.14,182.2
2018-08-25T04:15:00Z,BUD,Budds_Landing,39.37225,-75.83986667,1.0,14.67,NaN,26.86,0.15,183.8
2018-08-25T04:30:00Z,BUD,Budds_Landing,39.37225,-75.83986667,1.0,14.88,NaN,26.87,0.15,186.5
2018-08-25T04:45:00Z,BUD,Budds_Landing,39.37225,-75.83986667,1.0,15.04,NaN,26.82,0.15,188.2
2018-08-25T05:00:00Z,BUD,Budds_Landing,39.37225,-75.83986667,1.0,14.6,NaN,26.73,0.15,182.5
2018-08-25T05:15:00Z,BUD,Budds_Landing,39.37225,-75.83986667,1.0,15.14,NaN,26.63,0.14,188.9
2018-08-25T05:30:00Z,BUD,Budds_Landing,39.37225,-75.83986667,1.0,15.0,NaN,26.6,0.14,187.0
2018-08-25T05:45:00Z,BUD,Budds_Landing,39.37225,-75.83986667,1.0,15.21,NaN,26.5,0.14,189.3
2018-08-25T06:00:00Z,BUD,Budds_Landing,39.37225,-75.83986667,1.0,15.11,NaN,26.43,0.14,187.8
2018-08-25T06:15:00Z,BUD,Budds_Landing,39.37225,-75.83986667,1.0,14.99,NaN,26.35,0.14,186.1
2018-08-25T06:30:00Z,BUD,Budds_Landing,39.37225,-75.83986667,1.0,14.49,NaN,26.29,0.15,179.6
2018-08-25T06:45:00Z,BUD,Budds_Landing,39.37225,-75.83986667,1.0,14.09,NaN,26.3,0.15,174.7
2018-08-25T07:00:00Z,BUD,Budds_Landing,39.37225,-75.83986667,1.0,14.05,NaN,26.28,0.15,174.2
2018-08-25T07:15:00Z,BUD,Budds_Landing,39.37225,-75.83986667,1.0,14.46,NaN,26.34,0.14,179.5
2018-08-25T07:30:00Z,BUD,Budds_Landing,39.37225,-75.83986667,1.0,14.62,NaN,26.3,0.14,181.3
2018-08-25T07:45:00Z,BUD,Budds_Landing,39.37225,-75.83986667,1.0,14.73,NaN,26.29,0.14,182.6
2018-08-25T08:00:00Z,BUD,Budds_Landing,39.37225,-75.83986667,1.0,14.99,NaN,26.3,0.14,185.8
2018-08-25T08:15:00Z,BUD,Budds_Landing,39.37225,-75.83986667,1.0,13.44,NaN,26.2,0.14,166.4
2018-08-25T08:30:00Z,BUD,Budds_Landing,39.37225,-75.83986667,1.0,12.91,NaN,26.13,0.15,159.7
2018-08-25T08:45:00Z,BUD,Budds_Landing,39.37225,-75.83986667,1.0,13.19,NaN,26.03,0.15,162.7
2018-08-25T09:00:00Z,BUD,Budds_Landing,39.37225,-75.83986667,1.0,13.05,NaN,25.91,0.15,160.7
2018-08-25T09:15:00Z,BUD,Budds_Landing,39.37225,-75.83986667,1.0,13.38,NaN,25.91,0.14,164.8
2018-08-25T09:30:00Z,BUD,Budds_Landing,39.37225,-75.83986667,1.0,13.64,NaN,25.86,0.14,167.8
2018-08-25T09:45:00Z,BUD,Budds_Landing,39.37225,-75.83986667,1.0,13.5,NaN,25.84,0.14,166.0
2018-08-25T10:00:00Z,BUD,Budds_Landing,39.37225,-75.83986667,1.0,13.14,NaN,25.86,0.14,161.7
2018-08-25T10:15:00Z,BUD,Budds_Landing,39.37225,-75.83986667,1.0,12.86,NaN,25.84,0.15,158.1
2018-08-25T10:30:00Z,BUD,Budds_Landing,39.37225,-75.83986667,1.0,12.35,NaN,25.83,0.15,151.9
2018-08-25T10:45:00Z,BUD,Budds_Landing,39.37225,-75.83986667,1.0,12.32,NaN,25.83,0.15,151.5
2018-08-25T11:00:00Z,BUD,Budds_Landing,39.37225,-75.83986667,1.0,12.36,NaN,25.84,0.15,152.0
2018-08-25T11:15:00Z,BUD,Budds_Landing,39.37225,-75.83986667,1.0,12.2,NaN,25.85,0.15,150.1
2018-08-25T11:30:00Z,BUD,Budds_Landing,39.37225,-75.83986667,1.0,12.11,NaN,25.91,0.15,149.1
2018-08-25T11:45:00Z,BUD,Budds_Landing,39.37225,-75.83986667,1.0,12.07,NaN,25.91,0.15,148.6
2018-08-25T12:00:00Z,BUD,Budds_Landing,39.37225,-75.83986667,1.0,12.03,NaN,25.92,0.15,148.2
2018-08-25T12:15:00Z,BUD,Budds_Landing,39.37225,-75.83986667,1.0,11.94,NaN,25.95,0.15,147.2
2018-08-25T12:30:00Z,BUD,Budds_Landing,39.37225,-75.83986667,1.0,11.85,NaN,25.94,0.16,146.0
2018-08-25T12:45:00Z,BUD,Budds_Landing,39.37225,-75.83986667,1.0,11.75,NaN,25.94,0.16,144.8
2018-08-25T13:00:00Z,BUD,Budds_Landing,39.37225,-75.83986667,1.0,11.72,NaN,25.97,0.16,144.4
2018-08-25T13:15:00Z,BUD,Budds_Landing,39.37225,-75.83986667,1.0,11.74,NaN,25.97,0.16,144.7
2018-08-25T13:30:00Z,BUD,Budds_Landing,39.37225,-75.83986667,1.0,11.76,NaN,25.96,0.16,144.9
2018-08-25T13:45:00Z,BUD,Budds_Landing,39.37225,-75.83986667,1.0,11.45,NaN,25.94,0.15,141.1
2018-08-25T14:00:00Z,BUD,Budds_Landing,39.37225,-75.83986667,1.0,11.53,NaN,25.9,0.15,142.0
2018-08-25T14:15:00Z,BUD,Budds_Landing,39.37225,-75.83986667,1.0,12.03,NaN,25.84,0.15,148.0
2018-08-25T14:30:00Z,BUD,Budds_Landing,39.37225,-75.83986667,1.0,12.83,NaN,25.79,0.15,157.7
2018-08-25T14:45:00Z,BUD,Budds_Landing,39.37225,-75.83986667,1.0,13.24,NaN,25.92,0.15,163.1
2018-08-25T15:00:00Z,BUD,Budds_Landing,39.37225,-75.83986667,1.0,13.51,NaN,26.0,0.15,166.7
2018-08-25T15:15:00Z,BUD,Budds_Landing,39.37225,-75.83986667,1.0,12.87,NaN,25.91,0.15,158.5
2018-08-25T15:30:00Z,BUD,Budds_Landing,39.37225,-75.83986667,1.0,12.53,NaN,25.88,0.15,154.2
2018-08-25T15:45:00Z,BUD,Budds_Landing,39.37225,-75.83986667,1.0,12.9,NaN,25.86,0.15,158.8
2018-08-25T16:00:00Z,BUD,Budds_Landing,39.37225,-75.83986667,1.0,13.19,NaN,25.87,0.15,162.3
2018-08-25T16:15:00Z,BUD,Budds_Landing,39.37225,-75.83986667,1.0,13.08,NaN,25.88,0.15,160.9
2018-08-25T16:30:00Z,BUD,Budds_Landing,39.37225,-75.83986667,1.0,13.17,NaN,25.87,0.15,162.1
2018-08-25T16:45:00Z,BUD,Budds_Landing,39.37225,-75.83986667,1.0,13.0,NaN,25.86,0.15,159.9
2018-08-25T17:00:00Z,BUD,Budds_Landing,39.37225,-75.83986667,1.0,15.31,NaN,26.49,0.15,190.5
2018-08-25T17:15:00Z,BUD,Budds_Landing,39.37225,-75.83986667,1.0,15.25,NaN,26.25,0.14,188.9
2018-08-25T17:30:00Z,BUD,Budds_Landing,39.37225,-75.83986667,1.0,16.16,NaN,26.3,0.14,200.3
2018-08-25T17:45:00Z,BUD,Budds_Landing,39.37225,-75.83986667,1.0,16.13,NaN,26.19,0.14,199.6
2018-08-25T18:00:00Z,BUD,Budds_Landing,39.37225,-75.83986667,1.0,16.38,NaN,26.31,0.14,203.1
2018-08-25T18:15:00Z,BUD,Budds_Landing,39.37225,-75.83986667,1.0,15.97,NaN,26.17,0.14,197.6
2018-08-25T18:30:00Z,BUD,Budds_Landing,39.37225,-75.83986667,1.0,16.21,NaN,26.3,0.14,201.0
2018-08-25T18:45:00Z,BUD,Budds_Landing,39.37225,-75.83986667,1.0,16.08,NaN,26.28,0.14,199.4
2018-08-25T19:00:00Z,BUD,Budds_Landing,39.37225,-75.83986667,1.0,16.06,NaN,26.34,0.14,199.3
2018-08-25T19:15:00Z,BUD,Budds_Landing,39.37225,-75.83986667,1.0,16.44,NaN,26.37,0.14,204.2
2018-08-25T19:30:00Z,BUD,Budds_Landing,39.37225,-75.83986667,1.0,15.99,NaN,26.32,0.14,198.3
2018-08-25T19:45:00Z,BUD,Budds_Landing,39.37225,-75.83986667,1.0,15.91,NaN,26.33,0.14,197.4
2018-08-25T20:00:00Z,BUD,Budds_Landing,39.37225,-75.83986667,1.0,15.97,NaN,26.38,0.14,198.4
2018-08-25T20:15:00Z,BUD,Budds_Landing,39.37225,-75.83986667,1.0,16.24,NaN,26.47,0.14,202.0
2018-08-25T20:30:00Z,BUD,Budds_Landing,39.37225,-75.83986667,1.0,17.25,NaN,26.88,0.14,216.2
2018-08-25T20:45:00Z,BUD,Budds_Landing,39.37225,-75.83986667,1.0,16.74,NaN,26.62,0.14,208.8
2018-08-25T21:00:00Z,BUD,Budds_Landing,39.37225,-75.83986667,1.0,17.1,NaN,26.84,0.14,214.1
2018-08-25T21:15:00Z,BUD,Budds_Landing,39.37225,-75.83986667,1.0,17.41,NaN,27.18,0.15,219.3
2018-08-25T21:30:00Z,BUD,Budds_Landing,39.37225,-75.83986667,1.0,16.54,NaN,27.04,0.15,207.9
2018-08-25T21:45:00Z,BUD,Budds_Landing,39.37225,-75.83986667,1.0,18.26,NaN,27.35,0.14,230.8
2018-08-25T22:00:00Z,BUD,Budds_Landing,39.37225,-75.83986667,1.0,18.59,NaN,27.65,0.15,236.2
2018-08-25T22:15:00Z,BUD,Budds_Landing,39.37225,-75.83986667,1.0,18.8,NaN,27.72,0.15,239.2
2018-08-25T22:30:00Z,BUD,Budds_Landing,39.37225,-75.83986667,1.0,18.11,NaN,27.47,0.15,229.4
2018-08-25T22:45:00Z,BUD,Budds_Landing,39.37225,-75.83986667,1.0,19.21,NaN,27.62,0.15,243.9
2018-08-25T23:00:00Z,BUD,Budds_Landing,39.37225,-75.83986667,1.0,19.12,NaN,27.59,0.14,242.7
2018-08-25T23:15:00Z,BUD,Budds_Landing,39.37225,-75.83986667,1.0,19.13,NaN,27.49,0.15,242.4
2018-08-25T23:30:00Z,BUD,Budds_Landing,39.37225,-75.83986667,1.0,17.78,NaN,27.3,0.15,224.5
2018-08-25T23:45:00Z,BUD,Budds_Landing,39.37225,-75.83986667,1.0,17.68,NaN,27.36,0.15,223.5
2018-08-26T00:00:00Z,BUD,Budds_Landing,39.37225,-75.83986667,1.0,17.31,NaN,27.36,0.15,218.8
2018-08-26T00:15:00Z,BUD,Budds_Landing,39.37225,-75.83986667,1.0,17.25,NaN,27.34,0.15,218.0
2018-08-26T00:30:00Z,BUD,Budds_Landing,39.37225,-75.83986667,1.0,16.64,NaN,27.27,0.15,210.0
2018-08-26T00:45:00Z,BUD,Budds_Landing,39.37225,-75.83986667,1.0,15.93,NaN,27.21,0.16,200.8
2018-08-26T01:00:00Z,BUD,Budds_Landing,39.37225,-75.83986667,1.0,15.61,NaN,27.17,0.15,196.6
2018-08-26T01:15:00Z,BUD,Budds_Landing,39.37225,-75.83986667,1.0,15.11,NaN,27.03,0.16,189.9
2018-08-26T01:30:00Z,BUD,Budds_Landing,39.37225,-75.83986667,1.0,14.53,NaN,26.9,0.15,182.1
2018-08-26T01:45:00Z,BUD,Budds_Landing,39.37225,-75.83986667,1.0,14.52,NaN,26.86,0.15,181.9
2018-08-26T02:00:00Z,BUD,Budds_Landing,39.37225,-75.83986667,1.0,14.44,NaN,26.91,0.15,181.0
2018-08-26T02:15:00Z,BUD,Budds_Landing,39.37225,-75.83986667,1.0,14.54,NaN,26.86,0.15,182.1
2018-08-26T02:30:00Z,BUD,Budds_Landing,39.37225,-75.83986667,1.0,14.51,NaN,26.87,0.15,181.8
2018-08-26T02:45:00Z,BUD,Budds_Landing,39.37225,-75.83986667,1.0,14.1,NaN,26.81,0.15,176.4
2018-08-26T03:00:00Z,BUD,Budds_Landing,39.37225,-75.83986667,1.0,14.22,NaN,26.78,0.15,177.9
2018-08-26T03:15:00Z,BUD,Budds_Landing,39.37225,-75.83986667,1.0,15.26,NaN,26.64,0.14,190.4
2018-08-26T03:30:00Z,BUD,Budds_Landing,39.37225,-75.83986667,1.0,15.76,NaN,26.69,0.14,196.8
2018-08-26T03:45:00Z,BUD,Budds_Landing,39.37225,-75.83986667,1.0,15.66,NaN,26.63,0.14,195.4
2018-08-26T04:00:00Z,BUD,Budds_Landing,39.37225,-75.83986667,1.0,15.58,NaN,26.71,0.14,194.6
2018-08-26T04:15:00Z,BUD,Budds_Landing,39.37225,-75.83986667,1.0,15.1,NaN,26.56,0.14,188.1
2018-08-26T04:30:00Z,BUD,Budds_Landing,39.37225,-75.83986667,1.0,15.35,NaN,26.59,0.15,191.4
2018-08-26T04:45:00Z,BUD,Budds_Landing,39.37225,-75.83986667,1.0,15.4,NaN,26.58,0.15,192.0
2018-08-26T05:00:00Z,BUD,Budds_Landing,39.37225,-75.83986667,1.0,15.25,NaN,26.44,0.14,189.5
2018-08-26T05:15:00Z,BUD,Budds_Landing,39.37225,-75.83986667,1.0,14.61,NaN,26.37,0.14,181.4
2018-08-26T05:30:00Z,BUD,Budds_Landing,39.37225,-75.83986667,1.0,14.83,NaN,26.33,0.14,184.0
2018-08-26T05:45:00Z,BUD,Budds_Landing,39.37225,-75.83986667,1.0,14.51,NaN,26.18,0.14,179.5
2018-08-26T06:00:00Z,BUD,Budds_Landing,39.37225,-75.83986667,1.0,14.34,NaN,26.19,0.14,177.5
2018-08-26T06:15:00Z,BUD,Budds_Landing,39.37225,-75.83986667,1.0,14.7,NaN,26.09,0.14,181.5
2018-08-26T06:30:00Z,BUD,Budds_Landing,39.37225,-75.83986667,1.0,14.31,NaN,26.11,0.14,176.9
2018-08-26T06:45:00Z,BUD,Budds_Landing,39.37225,-75.83986667,1.0,14.1,NaN,25.99,0.14,173.9
2018-08-26T07:00:00Z,BUD,Budds_Landing,39.37225,-75.83986667,1.0,14.71,NaN,25.93,0.13,181.2
2018-08-26T07:15:00Z,BUD,Budds_Landing,39.37225,-75.83986667,1.0,14.6,NaN,25.85,0.13,179.5
2018-08-26T07:30:00Z,BUD,Budds_Landing,39.37225,-75.83986667,1.0,14.15,NaN,25.76,0.13,173.7
2018-08-26T07:45:00Z,BUD,Budds_Landing,39.37225,-75.83986667,1.0,13.68,NaN,25.76,0.13,167.9
2018-08-26T08:00:00Z,BUD,Budds_Landing,39.37225,-75.83986667,1.0,13.57,NaN,25.67,0.13,166.4
2018-08-26T08:15:00Z,BUD,Budds_Landing,39.37225,-75.83986667,1.0,13.82,NaN,25.71,0.13,169.5
2018-08-26T08:30:00Z,BUD,Budds_Landing,39.37225,-75.83986667,1.0,13.91,NaN,25.68,0.13,170.5
2018-08-26T08:45:00Z,BUD,Budds_Landing,39.37225,-75.83986667,1.0,13.73,NaN,25.79,0.13,168.7
2018-08-26T09:00:00Z,BUD,Budds_Landing,39.37225,-75.83986667,1.0,13.55,NaN,25.84,0.14,166.6
2018-08-26T09:15:00Z,BUD,Budds_Landing,39.37225,-75.83986667,1.0,13.6,NaN,25.74,0.14,167.0
2018-08-26T09:30:00Z,BUD,Budds_Landing,39.37225,-75.83986667,1.0,13.52,NaN,25.65,0.14,165.7
2018-08-26T09:45:00Z,BUD,Budds_Landing,39.37225,-75.83986667,1.0,13.17,NaN,25.66,0.14,161.5
2018-08-26T10:00:00Z,BUD,Budds_Landing,39.37225,-75.83986667,1.0,12.83,NaN,25.59,0.14,157.1
2018-08-26T10:15:00Z,BUD,Budds_Landing,39.37225,-75.83986667,1.0,12.83,NaN,25.6,0.14,157.1
2018-08-26T10:30:00Z,BUD,Budds_Landing,39.37225,-75.83986667,1.0,12.84,NaN,25.6,0.14,157.2
2018-08-26T10:45:00Z,BUD,Budds_Landing,39.37225,-75.83986667,1.0,12.18,NaN,25.65,0.15,149.3
2018-08-26T11:00:00Z,BUD,Budds_Landing,39.37225,-75.83986667,1.0,11.94,NaN,25.71,0.15,146.4
2018-08-26T11:15:00Z,BUD,Budds_Landing,39.37225,-75.83986667,1.0,11.81,NaN,25.69,0.15,144.9
2018-08-26T11:30:00Z,BUD,Budds_Landing,39.37225,-75.83986667,1.0,11.77,NaN,25.76,0.15,144.5
2018-08-26T11:45:00Z,BUD,Budds_Landing,39.37225,-75.83986667,1.0,11.71,NaN,25.81,0.15,143.9
2018-08-26T12:00:00Z,BUD,Budds_Landing,39.37225,-75.83986667,1.0,11.72,NaN,25.86,0.15,144.2
2018-08-26T12:15:00Z,BUD,Budds_Landing,39.37225,-75.83986667,1.0,11.63,NaN,25.86,0.15,143.0
2018-08-26T12:30:00Z,BUD,Budds_Landing,39.37225,-75.83986667,1.0,11.71,NaN,25.92,0.15,144.2
2018-08-26T12:45:00Z,BUD,Budds_Landing,39.37225,-75.83986667,1.0,11.84,NaN,25.98,0.16,145.9
2018-08-26T13:00:00Z,BUD,Budds_Landing,39.37225,-75.83986667,1.0,12.08,NaN,26.08,0.16,149.3
2018-08-26T13:15:00Z,BUD,Budds_Landing,39.37225,-75.83986667,1.0,12.21,NaN,26.15,0.16,151.1
2018-08-26T13:30:00Z,BUD,Budds_Landing,39.37225,-75.83986667,1.0,12.26,NaN,26.21,0.16,151.9
2018-08-26T13:45:00Z,BUD,Budds_Landing,39.37225,-75.83986667,1.0,12.21,NaN,26.22,0.16,151.3
2018-08-26T14:00:00Z,BUD,Budds_Landing,39.37225,-75.83986667,1.0,12.27,NaN,26.26,0.16,152.0
2018-08-26T14:15:00Z,BUD,Budds_Landing,39.37225,-75.83986667,1.0,12.2,NaN,26.3,0.16,151.3
2018-08-26T14:30:00Z,BUD,Budds_Landing,39.37225,-75.83986667,1.0,12.26,NaN,26.31,0.16,152.1
2018-08-26T14:45:00Z,BUD,Budds_Landing,39.37225,-75.83986667,1.0,12.16,NaN,26.22,0.16,150.6
2018-08-26T15:00:00Z,BUD,Budds_Landing,39.37225,-75.83986667,1.0,12.24,NaN,26.26,0.16,151.6
2018-08-26T15:15:00Z,BUD,Budds_Landing,39.37225,-75.83986667,1.0,13.07,NaN,26.41,0.16,162.4
2018-08-26T15:30:00Z,BUD,Budds_Landing,39.37225,-75.83986667,1.0,13.64,NaN,26.19,0.15,168.8
2018-08-26T15:45:00Z,BUD,Budds_Landing,39.37225,-75.83986667,1.0,13.65,NaN,26.56,0.16,170.1
2018-08-26T16:00:00Z,BUD,Budds_Landing,39.37225,-75.83986667,1.0,14.32,NaN,26.42,0.15,177.9
2018-08-26T16:15:00Z,BUD,Budds_Landing,39.37225,-75.83986667,1.0,14.16,NaN,26.61,0.15,176.6
2018-08-26T16:30:00Z,BUD,Budds_Landing,39.37225,-75.83986667,1.0,14.5,NaN,26.76,0.15,181.3
2018-08-26T16:45:00Z,BUD,Budds_Landing,39.37225,-75.83986667,1.0,13.89,NaN,26.51,0.15,173.0
2018-08-26T17:00:00Z,BUD,Budds_Landing,39.37225,-75.83986667,1.0,14.47,NaN,26.89,0.15,181.3
2018-08-26T17:15:00Z,BUD,Budds_Landing,39.37225,-75.83986667,1.0,14.19,NaN,26.81,0.15,177.6
2018-08-26T17:30:00Z,BUD,Budds_Landing,39.37225,-75.83986667,1.0,14.75,NaN,26.95,0.15,185.1
2018-08-26T17:45:00Z,BUD,Budds_Landing,39.37225,-75.83986667,1.0,14.63,NaN,26.89,0.15,183.4
2018-08-26T18:00:00Z,BUD,Budds_Landing,39.37225,-75.83986667,1.0,14.86,NaN,27.04,0.15,186.8
2018-08-26T18:15:00Z,BUD,Budds_Landing,39.37225,-75.83986667,1.0,13.92,NaN,26.6,0.15,173.6
2018-08-26T18:30:00Z,BUD,Budds_Landing,39.37225,-75.83986667,1.0,13.9,NaN,26.58,0.15,173.2
2018-08-26T18:45:00Z,BUD,Budds_Landing,39.37225,-75.83986667,1.0,14.27,NaN,27.04,0.15,179.4
2018-08-26T19:00:00Z,BUD,Budds_Landing,39.37225,-75.83986667,1.0,15.08,NaN,27.05,0.15,189.6
2018-08-26T19:15:00Z,BUD,Budds_Landing,39.37225,-75.83986667,1.0,15.32,NaN,27.21,0.15,193.2
2018-08-26T19:30:00Z,BUD,Budds_Landing,39.37225,-75.83986667,1.0,15.31,NaN,27.27,0.15,193.3
2018-08-26T19:45:00Z,BUD,Budds_Landing,39.37225,-75.83986667,1.0,15.62,NaN,27.16,0.15,196.8
2018-08-26T20:00:00Z,BUD,Budds_Landing,39.37225,-75.83986667,1.0,15.78,NaN,27.65,0.15,200.5
2018-08-26T20:15:00Z,BUD,Budds_Landing,39.37225,-75.83986667,1.0,15.22,NaN,27.28,0.15,192.2
2018-08-26T20:30:00Z,BUD,Budds_Landing,39.37225,-75.83986667,1.0,15.97,NaN,27.31,0.15,201.6
2018-08-26T20:45:00Z,BUD,Budds_Landing,39.37225,-75.83986667,1.0,15.82,NaN,27.7,0.15,201.2
2018-08-26T21:00:00Z,BUD,Budds_Landing,39.37225,-75.83986667,1.0,16.19,NaN,27.8,0.15,206.3
2018-08-26T21:15:00Z,BUD,Budds_Landing,39.37225,-75.83986667,1.0,17.46,NaN,28.27,0.15,224.4
2018-08-26T21:30:00Z,BUD,Budds_Landing,39.37225,-75.83986667,1.0,18.21,NaN,28.26,0.15,233.8
2018-08-26T21:45:00Z,BUD,Budds_Landing,39.37225,-75.83986667,1.0,18.0,NaN,28.28,0.15,231.2
2018-08-26T22:00:00Z,BUD,Budds_Landing,39.37225,-75.83986667,1.0,18.03,NaN,28.19,0.15,231.3
2018-08-26T22:15:00Z,BUD,Budds_Landing,39.37225,-75.83986667,1.0,18.32,NaN,28.25,0.15,235.3
2018-08-26T22:30:00Z,BUD,Budds_Landing,39.37225,-75.83986667,1.0,18.36,NaN,28.22,0.15,235.6
2018-08-26T22:45:00Z,BUD,Budds_Landing,39.37225,-75.83986667,1.0,18.03,NaN,28.2,0.15,231.4
2018-08-26T23:00:00Z,BUD,Budds_Landing,39.37225,-75.83986667,1.0,17.75,NaN,28.47,0.16,228.8
2018-08-26T23:15:00Z,BUD,Budds_Landing,39.37225,-75.83986667,1.0,17.22,NaN,28.31,0.16,221.4
2018-08-26T23:30:00Z,BUD,Budds_Landing,39.37225,-75.83986667,1.0,16.44,NaN,27.91,0.16,209.8
2018-08-26T23:45:00Z,BUD,Budds_Landing,39.37225,-75.83986667,1.0,15.94,NaN,27.88,0.16,203.3
2018-08-27T00:00:00Z,BUD,Budds_Landing,39.37225,-75.83986667,1.0,15.52,NaN,27.81,0.16,197.8
2018-08-27T00:15:00Z,BUD,Budds_Landing,39.37225,-75.83986667,1.0,15.51,NaN,27.88,0.16,197.9
2018-08-27T00:30:00Z,BUD,Budds_Landing,39.37225,-75.83986667,1.0,15.37,NaN,27.77,0.16,195.7
2018-08-27T00:45:00Z,BUD,Budds_Landing,39.37225,-75.83986667,1.0,14.48,NaN,27.58,0.16,183.7
2018-08-27T01:00:00Z,BUD,Budds_Landing,39.37225,-75.83986667,1.0,14.83,NaN,27.65,0.16,188.4
2018-08-27T01:15:00Z,BUD,Budds_Landing,39.37225,-75.83986667,1.0,14.47,NaN,27.62,0.16,183.8
2018-08-27T01:30:00Z,BUD,Budds_Landing,39.37225,-75.83986667,1.0,14.54,NaN,27.65,0.16,184.8
2018-08-27T01:45:00Z,BUD,Budds_Landing,39.37225,-75.83986667,1.0,14.77,NaN,27.63,0.16,187.6
2018-08-27T02:00:00Z,BUD,Budds_Landing,39.37225,-75.83986667,1.0,14.86,NaN,27.56,0.16,188.4
2018-08-27T02:15:00Z,BUD,Budds_Landing,39.37225,-75.83986667,1.0,14.83,NaN,27.56,0.16,188.1
2018-08-27T02:30:00Z,BUD,Budds_Landing,39.37225,-75.83986667,1.0,14.71,NaN,27.55,0.16,186.5
2018-08-27T02:45:00Z,BUD,Budds_Landing,39.37225,-75.83986667,1.0,13.71,NaN,27.54,0.16,173.9
2018-08-27T03:00:00Z,BUD,Budds_Landing,39.37225,-75.83986667,1.0,14.22,NaN,27.54,0.15,180.3
2018-08-27T03:15:00Z,BUD,Budds_Landing,39.37225,-75.83986667,1.0,14.69,NaN,27.5,0.15,186.2
2018-08-27T03:30:00Z,BUD,Budds_Landing,39.37225,-75.83986667,1.0,14.63,NaN,27.48,0.15,185.3
2018-08-27T03:45:00Z,BUD,Budds_Landing,39.37225,-75.83986667,1.0,14.69,NaN,27.44,0.15,185.9
2018-08-27T04:00:00Z,BUD,Budds_Landing,39.37225,-75.83986667,1.0,14.25,NaN,27.43,0.15,180.3
2018-08-27T04:15:00Z,BUD,Budds_Landing,39.37225,-75.83986667,1.0,14.17,NaN,27.39,0.14,179.3
2018-08-27T04:30:00Z,BUD,Budds_Landing,39.37225,-75.83986667,1.0,14.28,NaN,27.35,0.15,180.5
2018-08-27T04:45:00Z,BUD,Budds_Landing,39.37225,-75.83986667,1.0,14.0,NaN,27.35,0.14,177.0
2018-08-27T05:00:00Z,BUD,Budds_Landing,39.37225,-75.83986667,1.0,13.83,NaN,27.34,0.15,174.8
2018-08-27T05:15:00Z,BUD,Budds_Landing,39.37225,-75.83986667,1.0,13.93,NaN,27.4,0.15,176.2
2018-08-27T05:30:00Z,BUD,Budds_Landing,39.37225,-75.83986667,1.0,13.71,NaN,27.39,0.15,173.4
2018-08-27T05:45:00Z,BUD,Budds_Landing,39.37225,-75.83986667,1.0,13.61,NaN,27.33,0.15,171.9
2018-08-27T06:00:00Z,BUD,Budds_Landing,39.37225,-75.83986667,1.0,13.61,NaN,27.31,0.15,171.9
2018-08-27T06:15:00Z,BUD,Budds_Landing,39.37225,-75.83986667,1.0,13.79,NaN,27.26,0.15,173.9
2018-08-27T06:30:00Z,BUD,Budds_Landing,39.37225,-75.83986667,1.0,13.62,NaN,27.21,0.15,171.8
2018-08-27T06:45:00Z,BUD,Budds_Landing,39.37225,-75.83986667,1.0,13.69,NaN,27.15,0.14,172.4
2018-08-27T07:00:00Z,BUD,Budds_Landing,39.37225,-75.83986667,1.0,13.58,NaN,27.06,0.14,170.8
2018-08-27T07:15:00Z,BUD,Budds_Landing,39.37225,-75.83986667,1.0,13.09,NaN,27.07,0.14,164.6
2018-08-27T07:30:00Z,BUD,Budds_Landing,39.37225,-75.83986667,1.0,13.05,NaN,26.99,0.14,163.8
2018-08-27T07:45:00Z,BUD,Budds_Landing,39.37225,-75.83986667,1.0,12.75,NaN,27.01,0.14,160.2
2018-08-27T08:00:00Z,BUD,Budds_Landing,39.37225,-75.83986667,1.0,12.76,NaN,27.0,0.14,160.3
2018-08-27T08:15:00Z,BUD,Budds_Landing,39.37225,-75.83986667,1.0,12.93,NaN,27.03,0.14,162.5
2018-08-27T08:30:00Z,BUD,Budds_Landing,39.37225,-75.83986667,1.0,12.92,NaN,27.0,0.14,162.3
2018-08-27T08:45:00Z,BUD,Budds_Landing,39.37225,-75.83986667,1.0,12.78,NaN,26.98,0.14,160.4
2018-08-27T09:00:00Z,BUD,Budds_Landing,39.37225,-75.83986667,1.0,12.84,NaN,26.93,0.14,161.0
2018-08-27T09:15:00Z,BUD,Budds_Landing,39.37225,-75.83986667,1.0,12.79,NaN,26.88,0.14,160.2
2018-08-27T09:30:00Z,BUD,Budds_Landing,39.37225,-75.83986667,1.0,12.77,NaN,26.88,0.13,160.0
2018-08-27T09:45:00Z,BUD,Budds_Landing,39.37225,-75.83986667,1.0,12.85,NaN,26.87,0.13,160.9
2018-08-27T10:00:00Z,BUD,Budds_Landing,39.37225,-75.83986667,1.0,12.55,NaN,26.83,0.14,157.1
2018-08-27T10:15:00Z,BUD,Budds_Landing,39.37225,-75.83986667,1.0,11.74,NaN,26.85,0.15,147.0
2018-08-27T10:30:00Z,BUD,Budds_Landing,39.37225,-75.83986667,1.0,12.0,NaN,26.83,0.15,150.3
2018-08-27T10:45:00Z,BUD,Budds_Landing,39.37225,-75.83986667,1.0,11.82,NaN,26.79,0.15,147.9
2018-08-27T11:00:00Z,BUD,Budds_Landing,39.37225,-75.83986667,1.0,11.77,NaN,26.76,0.15,147.1
2018-08-27T11:15:00Z,BUD,Budds_Landing,39.37225,-75.83986667,1.0,11.7,NaN,26.79,0.15,146.4
2018-08-27T11:30:00Z,BUD,Budds_Landing,39.37225,-75.83986667,1.0,11.42,NaN,26.78,0.15,142.9
2018-08-27T11:45:00Z,BUD,Budds_Landing,39.37225,-75.83986667,1.0,11.11,NaN,26.75,0.15,138.9
2018-08-27T12:00:00Z,BUD,Budds_Landing,39.37225,-75.83986667,1.0,11.25,NaN,26.84,0.15,140.9
2018-08-27T12:15:00Z,BUD,Budds_Landing,39.37225,-75.83986667,1.0,11.2,NaN,26.84,0.15,140.3
2018-08-27T12:30:00Z,BUD,Budds_Landing,39.37225,-75.83986667,1.0,11.22,NaN,26.87,0.15,140.6
2018-08-27T12:45:00Z,BUD,Budds_Landing,39.37225,-75.83986667,1.0,11.31,NaN,26.87,0.16,141.7
2018-08-27T13:00:00Z,BUD,Budds_Landing,39.37225,-75.83986667,1.0,11.39,NaN,26.9,0.16,142.8
2018-08-27T13:15:00Z,BUD,Budds_Landing,39.37225,-75.83986667,1.0,11.64,NaN,26.98,0.16,146.1
2018-08-27T13:30:00Z,BUD,Budds_Landing,39.37225,-75.83986667,1.0,11.61,NaN,26.98,0.16,145.8
2018-08-27T13:45:00Z,BUD,Budds_Landing,39.37225,-75.83986667,1.0,11.6,NaN,27.03,0.16,145.8
2018-08-27T14:00:00Z,BUD,Budds_Landing,39.37225,-75.83986667,1.0,11.58,NaN,27.01,0.16,145.5
2018-08-27T14:15:00Z,BUD,Budds_Landing,39.37225,-75.83986667,1.0,11.43,NaN,27.0,0.16,143.6
2018-08-27T14:30:00Z,BUD,Budds_Landing,39.37225,-75.83986667,1.0,11.5,NaN,27.02,0.16,144.5
2018-08-27T14:45:00Z,BUD,Budds_Landing,39.37225,-75.83986667,1.0,11.34,NaN,27.02,0.16,142.5
2018-08-27T15:00:00Z,BUD,Budds_Landing,39.37225,-75.83986667,1.0,11.2,NaN,27.09,0.16,140.9
2018-08-27T15:15:00Z,BUD,Budds_Landing,39.37225,-75.83986667,1.0,11.06,NaN,26.98,0.16,138.8
2018-08-27T15:30:00Z,BUD,Budds_Landing,39.37225,-75.83986667,1.0,11.56,NaN,26.81,0.14,144.7
2018-08-27T15:45:00Z,BUD,Budds_Landing,39.37225,-75.83986667,1.0,11.03,NaN,26.85,0.15,138.1
2018-08-27T16:00:00Z,BUD,Budds_Landing,39.37225,-75.83986667,1.0,11.35,NaN,26.9,0.15,142.2
2018-08-27T16:15:00Z,BUD,Budds_Landing,39.37225,-75.83986667,1.0,11.7,NaN,26.94,0.15,146.7
2018-08-27T16:30:00Z,BUD,Budds_Landing,39.37225,-75.83986667,1.0,11.75,NaN,26.96,0.15,147.4
2018-08-27T16:45:00Z,BUD,Budds_Landing,39.37225,-75.83986667,1.0,12.56,NaN,27.05,0.15,157.8
2018-08-27T17:00:00Z,BUD,Budds_Landing,39.37225,-75.83986667,1.0,12.76,NaN,27.12,0.15,160.6
2018-08-27T17:15:00Z,BUD,Budds_Landing,39.37225,-75.83986667,1.0,13.45,NaN,27.2,0.15,169.5
2018-08-27T17:30:00Z,BUD,Budds_Landing,39.37225,-75.83986667,1.0,13.78,NaN,27.19,0.15,173.7
2018-08-27T17:45:00Z,BUD,Budds_Landing,39.37225,-75.83986667,1.0,13.93,NaN,27.22,0.14,175.7
2018-08-27T18:00:00Z,BUD,Budds_Landing,39.37225,-75.83986667,1.0,13.9,NaN,27.17,0.14,175.2
2018-08-27T18:15:00Z,BUD,Budds_Landing,39.37225,-75.83986667,1.0,14.3,NaN,27.34,0.14,180.7
2018-08-27T18:30:00Z,BUD,Budds_Landing,39.37225,-75.83986667,1.0,14.49,NaN,27.32,0.14,183.0
2018-08-27T18:45:00Z,BUD,Budds_Landing,39.37225,-75.83986667,1.0,14.83,NaN,27.38,0.14,187.5
2018-08-27T19:00:00Z,BUD,Budds_Landing,39.37225,-75.83986667,1.0,15.51,NaN,27.49,0.14,196.5
2018-08-27T19:15:00Z,BUD,Budds_Landing,39.37225,-75.83986667,1.0,16.14,NaN,27.63,0.14,205.0
2018-08-27T19:30:00Z,BUD,Budds_Landing,39.37225,-75.83986667,1.0,16.12,NaN,27.56,0.14,204.5
2018-08-27T19:45:00Z,BUD,Budds_Landing,39.37225,-75.83986667,1.0,16.08,NaN,28.3,0.14,206.6
2018-08-27T20:00:00Z,BUD,Budds_Landing,39.37225,-75.83986667,1.0,16.93,NaN,28.1,0.14,216.8
2018-08-27T20:15:00Z,BUD,Budds_Landing,39.37225,-75.83986667,1.0,16.53,NaN,27.97,0.13,211.2
2018-08-27T20:30:00Z,BUD,Budds_Landing,39.37225,-75.83986667,1.0,16.58,NaN,27.88,0.13,211.5
2018-08-27T20:45:00Z,BUD,Budds_Landing,39.37225,-75.83986667,1.0,16.53,NaN,27.88,0.13,210.9
2018-08-27T21:00:00Z,BUD,Budds_Landing,39.37225,-75.83986667,1.0,16.79,NaN,27.97,0.13,214.5
2018-08-27T21:15:00Z,BUD,Budds_Landing,39.37225,-75.83986667,1.0,16.76,NaN,28.12,0.13,214.7
2018-08-27T21:30:00Z,BUD,Budds_Landing,39.37225,-75.83986667,1.0,16.55,NaN,27.97,0.13,211.5
2018-08-27T21:45:00Z,BUD,Budds_Landing,39.37225,-75.83986667,1.0,16.49,NaN,28.45,0.13,212.4
2018-08-27T22:00:00Z,BUD,Budds_Landing,39.37225,-75.83986667,1.0,17.59,NaN,28.85,0.13,228.2
2018-08-27T22:15:00Z,BUD,Budds_Landing,39.37225,-75.83986667,1.0,17.43,NaN,29.42,0.15,228.5
2018-08-27T22:30:00Z,BUD,Budds_Landing,39.37225,-75.83986667,1.0,18.89,NaN,30.0,0.15,250.2
2018-08-27T22:45:00Z,BUD,Budds_Landing,39.37225,-75.83986667,1.0,20.84,NaN,30.7,0.15,279.3
2018-08-27T23:00:00Z,BUD,Budds_Landing,39.37225,-75.83986667,1.0,20.4,NaN,30.72,0.16,273.5
2018-08-27T23:15:00Z,BUD,Budds_Landing,39.37225,-75.83986667,1.0,20.45,NaN,30.65,0.16,273.8
2018-08-27T23:30:00Z,BUD,Budds_Landing,39.37225,-75.83986667,1.0,19.97,NaN,30.51,0.16,266.7
2018-08-27T23:45:00Z,BUD,Budds_Landing,39.37225,-75.83986667,1.0,20.75,NaN,30.42,0.16,276.7
2018-08-28T00:00:00Z,BUD,Budds_Landing,39.37225,-75.83986667,1.0,20.38,NaN,30.03,0.15,269.9
2018-08-28T00:15:00Z,BUD,Budds_Landing,39.37225,-75.83986667,1.0,19.65,NaN,29.8,0.15,259.2
2018-08-28T00:30:00Z,BUD,Budds_Landing,39.37225,-75.83986667,1.0,17.82,NaN,29.42,0.15,233.6
2018-08-28T00:45:00Z,BUD,Budds_Landing,39.37225,-75.83986667,1.0,18.0,NaN,29.46,0.15,236.2
2018-08-28T01:00:00Z,BUD,Budds_Landing,39.37225,-75.83986667,1.0,17.22,NaN,29.34,0.15,225.5
2018-08-28T01:15:00Z,BUD,Budds_Landing,39.37225,-75.83986667,1.0,17.16,NaN,29.17,0.15,223.9
2018-08-28T01:30:00Z,BUD,Budds_Landing,39.37225,-75.83986667,1.0,16.52,NaN,29.19,0.15,215.6
2018-08-28T01:45:00Z,BUD,Budds_Landing,39.37225,-75.83986667,1.0,16.33,NaN,29.15,0.16,213.0
2018-08-28T02:00:00Z,BUD,Budds_Landing,39.37225,-75.83986667,1.0,16.17,NaN,29.13,0.16,210.8
2018-08-28T02:15:00Z,BUD,Budds_Landing,39.37225,-75.83986667,1.0,15.99,NaN,29.11,0.16,208.4
2018-08-28T02:30:00Z,BUD,Budds_Landing,39.37225,-75.83986667,1.0,15.83,NaN,29.09,0.16,206.4
2018-08-28T02:45:00Z,BUD,Budds_Landing,39.37225,-75.83986667,1.0,15.71,NaN,29.08,0.16,204.7
2018-08-28T03:00:00Z,BUD,Budds_Landing,39.37225,-75.83986667,1.0,15.45,NaN,29.04,0.16,201.2
2018-08-28T03:15:00Z,BUD,Budds_Landing,39.37225,-75.83986667,1.0,15.33,NaN,29.01,0.16,199.5
2018-08-28T03:30:00Z,BUD,Budds_Landing,39.37225,-75.83986667,1.0,15.18,NaN,28.97,0.16,197.4
2018-08-28T03:45:00Z,BUD,Budds_Landing,39.37225,-75.83986667,1.0,14.65,NaN,28.79,0.15,189.9
2018-08-28T04:00:00Z,BUD,Budds_Landing,39.37225,-75.83986667,1.0,14.91,NaN,28.86,0.15,193.6
2018-08-28T04:15:00Z,BUD,Budds_Landing,39.37225,-75.83986667,1.0,14.36,NaN,28.69,0.14,185.8
2018-08-28T04:30:00Z,BUD,Budds_Landing,39.37225,-75.83986667,1.0,14.11,NaN,28.65,0.14,182.4
2018-08-28T04:45:00Z,BUD,Budds_Landing,39.37225,-75.83986667,1.0,14.83,NaN,28.76,0.14,192.2
2018-08-28T05:00:00Z,BUD,Budds_Landing,39.37225,-75.83986667,1.0,14.87,NaN,28.77,0.15,192.7
2018-08-28T05:15:00Z,BUD,Budds_Landing,39.37225,-75.83986667,1.0,14.65,NaN,28.78,0.15,189.9
2018-08-28T05:30:00Z,BUD,Budds_Landing,39.37225,-75.83986667,1.0,14.34,NaN,28.75,0.14,185.8
2018-08-28T05:45:00Z,BUD,Budds_Landing,39.37225,-75.83986667,1.0,14.65,NaN,28.76,0.14,189.8
2018-08-28T06:00:00Z,BUD,Budds_Landing,39.37225,-75.83986667,1.0,13.92,NaN,28.75,0.14,180.3
2018-08-28T06:15:00Z,BUD,Budds_Landing,39.37225,-75.83986667,1.0,14.46,NaN,28.81,0.14,187.6
2018-08-28T06:30:00Z,BUD,Budds_Landing,39.37225,-75.83986667,1.0,14.3,NaN,28.82,0.14,185.5
2018-08-28T06:45:00Z,BUD,Budds_Landing,39.37225,-75.83986667,1.0,14.34,NaN,28.84,0.14,186.1
2018-08-28T07:00:00Z,BUD,Budds_Landing,39.37225,-75.83986667,1.0,14.62,NaN,28.92,0.14,189.9
2018-08-28T07:15:00Z,BUD,Budds_Landing,39.37225,-75.83986667,1.0,14.07,NaN,28.8,0.14,182.5
2018-08-28T07:30:00Z,BUD,Budds_Landing,39.37225,-75.83986667,1.0,13.25,NaN,28.63,0.14,171.2
2018-08-28T07:45:00Z,BUD,Budds_Landing,39.37225,-75.83986667,1.0,13.57,NaN,28.66,0.14,175.5
2018-08-28T08:00:00Z,BUD,Budds_Landing,39.37225,-75.83986667,1.0,12.82,NaN,28.56,0.14,165.5
2018-08-28T08:15:00Z,BUD,Budds_Landing,39.37225,-75.83986667,1.0,12.62,NaN,28.53,0.14,162.9
2018-08-28T08:30:00Z,BUD,Budds_Landing,39.37225,-75.83986667,1.0,12.47,NaN,28.51,0.14,160.8
2018-08-28T08:45:00Z,BUD,Budds_Landing,39.37225,-75.83986667,1.0,12.47,NaN,28.49,0.14,160.7
2018-08-28T09:00:00Z,BUD,Budds_Landing,39.37225,-75.83986667,1.0,12.52,NaN,28.51,0.14,161.6
2018-08-28T09:15:00Z,BUD,Budds_Landing,39.37225,-75.83986667,1.0,12.53,NaN,28.52,0.14,161.7
2018-08-28T09:30:00Z,BUD,Budds_Landing,39.37225,-75.83986667,1.0,12.4,NaN,28.46,0.14,159.8
2018-08-28T09:45:00Z,BUD,Budds_Landing,39.37225,-75.83986667,1.0,12.23,NaN,28.4,0.14,157.4
2018-08-28T10:00:00Z,BUD,Budds_Landing,39.37225,-75.83986667,1.0,12.22,NaN,28.35,0.13,157.2
2018-08-28T10:15:00Z,BUD,Budds_Landing,39.37225,-75.83986667,1.0,12.14,NaN,28.28,0.13,156.0
2018-08-28T10:30:00Z,BUD,Budds_Landing,39.37225,-75.83986667,1.0,12.04,NaN,28.26,0.13,154.6
2018-08-28T10:45:00Z,BUD,Budds_Landing,39.37225,-75.83986667,1.0,12.14,NaN,28.26,0.13,155.9
2018-08-28T11:00:00Z,BUD,Budds_Landing,39.37225,-75.83986667,1.0,12.03,NaN,28.25,0.14,154.5
2018-08-28T11:15:00Z,BUD,Budds_Landing,39.37225,-75.83986667,1.0,11.63,NaN,28.18,0.14,149.2
2018-08-28T11:30:00Z,BUD,Budds_Landing,39.37225,-75.83986667,1.0,11.75,NaN,28.14,0.14,150.6
2018-08-28T11:45:00Z,BUD,Budds_Landing,39.37225,-75.83986667,1.0,11.81,NaN,28.18,0.14,151.5
2018-08-28T12:00:00Z,BUD,Budds_Landing,39.37225,-75.83986667,1.0,11.75,NaN,28.21,0.14,150.8
2018-08-28T12:15:00Z,BUD,Budds_Landing,39.37225,-75.83986667,1.0,11.66,NaN,28.16,0.14,149.5
2018-08-28T12:30:00Z,BUD,Budds_Landing,39.37225,-75.83986667,1.0,11.79,NaN,28.21,0.15,151.3
2018-08-28T12:45:00Z,BUD,Budds_Landing,39.37225,-75.83986667,1.0,11.83,NaN,28.24,0.15,151.9
2018-08-28T13:00:00Z,BUD,Budds_Landing,39.37225,-75.83986667,1.0,11.95,NaN,28.3,0.15,153.6
2018-08-28T13:15:00Z,BUD,Budds_Landing,39.37225,-75.83986667,1.0,12.14,NaN,28.34,0.15,156.1
2018-08-28T13:30:00Z,BUD,Budds_Landing,39.37225,-75.83986667,1.0,12.3,NaN,28.38,0.15,158.3
2018-08-28T13:45:00Z,BUD,Budds_Landing,39.37225,-75.83986667,1.0,12.66,NaN,28.47,0.16,163.2
2018-08-28T14:00:00Z,BUD,Budds_Landing,39.37225,-75.83986667,1.0,12.8,NaN,28.52,0.16,165.2
2018-08-28T14:15:00Z,BUD,Budds_Landing,39.37225,-75.83986667,1.0,12.86,NaN,28.61,0.16,166.2
2018-08-28T14:30:00Z,BUD,Budds_Landing,39.37225,-75.83986667,1.0,12.94,NaN,28.62,0.16,167.2
2018-08-28T14:45:00Z,BUD,Budds_Landing,39.37225,-75.83986667,1.0,12.94,NaN,28.59,0.16,167.2
2018-08-28T15:00:00Z,BUD,Budds_Landing,39.37225,-75.83986667,1.0,12.79,NaN,28.54,0.16,165.1
2018-08-28T15:15:00Z,BUD,Budds_Landing,39.37225,-75.83986667,1.0,12.59,NaN,28.57,0.16,162.6
2018-08-28T15:30:00Z,BUD,Budds_Landing,39.37225,-75.83986667,1.0,12.59,NaN,28.53,0.16,162.5
2018-08-28T15:45:00Z,BUD,Budds_Landing,39.37225,-75.83986667,1.0,12.76,NaN,28.67,0.16,165.1
2018-08-28T16:00:00Z,BUD,Budds_Landing,39.37225,-75.83986667,1.0,11.77,NaN,28.43,0.16,151.7
2018-08-28T16:15:00Z,BUD,Budds_Landing,39.37225,-75.83986667,1.0,11.82,NaN,28.42,0.15,152.2
2018-08-28T16:30:00Z,BUD,Budds_Landing,39.37225,-75.83986667,1.0,11.72,NaN,28.36,0.15,150.8
2018-08-28T16:45:00Z,BUD,Budds_Landing,39.37225,-75.83986667,1.0,11.93,NaN,28.42,0.15,153.7
2018-08-28T17:00:00Z,BUD,Budds_Landing,39.37225,-75.83986667,1.0,12.88,NaN,28.63,0.15,166.5
2018-08-28T17:15:00Z,BUD,Budds_Landing,39.37225,-75.83986667,1.0,12.32,NaN,28.53,0.15,159.0
2018-08-28T17:30:00Z,BUD,Budds_Landing,39.37225,-75.83986667,1.0,13.18,NaN,28.67,0.15,170.4
2018-08-28T17:45:00Z,BUD,Budds_Landing,39.37225,-75.83986667,1.0,13.5,NaN,28.77,0.15,174.9
2018-08-28T18:00:00Z,BUD,Budds_Landing,39.37225,-75.83986667,1.0,13.73,NaN,28.85,0.15,178.2
2018-08-28T18:15:00Z,BUD,Budds_Landing,39.37225,-75.83986667,1.0,13.67,NaN,28.86,0.15,177.4
2018-08-28T18:30:00Z,BUD,Budds_Landing,39.37225,-75.83986667,1.0,13.74,NaN,28.89,0.15,178.4
2018-08-28T18:45:00Z,BUD,Budds_Landing,39.37225,-75.83986667,1.0,13.98,NaN,28.99,0.15,181.9
2018-08-28T19:00:00Z,BUD,Budds_Landing,39.37225,-75.83986667,1.0,14.09,NaN,29.12,0.14,183.7
2018-08-28T19:15:00Z,BUD,Budds_Landing,39.37225,-75.83986667,1.0,14.2,NaN,29.09,0.14,185.0
2018-08-28T19:30:00Z,BUD,Budds_Landing,39.37225,-75.83986667,1.0,14.62,NaN,29.19,0.14,190.9
2018-08-28T19:45:00Z,BUD,Budds_Landing,39.37225,-75.83986667,1.0,15.1,NaN,29.18,0.14,197.1
2018-08-28T20:00:00Z,BUD,Budds_Landing,39.37225,-75.83986667,1.0,15.5,NaN,29.26,0.14,202.6
2018-08-28T20:15:00Z,BUD,Budds_Landing,39.37225,-75.83986667,1.0,15.75,NaN,29.35,0.14,206.2
2018-08-28T20:30:00Z,BUD,Budds_Landing,39.37225,-75.83986667,1.0,15.93,NaN,29.87,0.14,210.4
2018-08-28T20:45:00Z,BUD,Budds_Landing,39.37225,-75.83986667,1.0,17.41,NaN,30.33,0.14,231.8
2018-08-28T21:00:00Z,BUD,Budds_Landing,39.37225,-75.83986667,1.0,16.96,NaN,30.32,0.14,225.7
2018-08-28T21:15:00Z,BUD,Budds_Landing,39.37225,-75.83986667,1.0,16.91,NaN,29.84,0.13,223.3
2018-08-28T21:30:00Z,BUD,Budds_Landing,39.37225,-75.83986667,1.0,17.5,NaN,30.98,0.15,235.6
2018-08-28T21:45:00Z,BUD,Budds_Landing,39.37225,-75.83986667,1.0,18.5,NaN,31.3,0.15,250.5
2018-08-28T22:00:00Z,BUD,Budds_Landing,39.37225,-75.83986667,1.0,18.73,NaN,31.31,0.15,253.7
2018-08-28T22:15:00Z,BUD,Budds_Landing,39.37225,-75.83986667,1.0,19.67,NaN,31.81,0.16,268.6
2018-08-28T22:30:00Z,BUD,Budds_Landing,39.37225,-75.83986667,1.0,19.3,NaN,31.58,0.16,262.6
2018-08-28T22:45:00Z,BUD,Budds_Landing,39.37225,-75.83986667,1.0,20.8,NaN,31.84,0.15,284.2
2018-08-28T23:00:00Z,BUD,Budds_Landing,39.37225,-75.83986667,1.0,19.82,NaN,31.56,0.15,269.5
2018-08-28T23:15:00Z,BUD,Budds_Landing,39.37225,-75.83986667,1.0,19.72,NaN,31.54,0.16,268.1
2018-08-28T23:30:00Z,BUD,Budds_Landing,39.37225,-75.83986667,1.0,19.14,NaN,31.38,0.15,259.5
2018-08-28T23:45:00Z,BUD,Budds_Landing,39.37225,-75.83986667,1.0,18.71,NaN,31.23,0.15,253.0
2018-08-29T00:00:00Z,BUD,Budds_Landing,39.37225,-75.83986667,1.0,18.09,NaN,31.03,0.15,243.7
2018-08-29T00:15:00Z,BUD,Budds_Landing,39.37225,-75.83986667,1.0,16.6,NaN,30.51,0.15,221.6
2018-08-29T00:30:00Z,BUD,Budds_Landing,39.37225,-75.83986667,1.0,15.57,NaN,30.22,0.15,207.0
2018-08-29T00:45:00Z,BUD,Budds_Landing,39.37225,-75.83986667,1.0,16.11,NaN,30.47,0.16,215.0
2018-08-29T01:00:00Z,BUD,Budds_Landing,39.37225,-75.83986667,1.0,15.76,NaN,30.31,0.16,209.8
2018-08-29T01:15:00Z,BUD,Budds_Landing,39.37225,-75.83986667,1.0,15.5,NaN,30.21,0.16,206.0
2018-08-29T01:30:00Z,BUD,Budds_Landing,39.37225,-75.83986667,1.0,15.36,NaN,30.15,0.16,203.9
2018-08-29T01:45:00Z,BUD,Budds_Landing,39.37225,-75.83986667,1.0,15.05,NaN,30.11,0.16,199.7
2018-08-29T02:00:00Z,BUD,Budds_Landing,39.37225,-75.83986667,1.0,14.92,NaN,30.05,0.16,197.7
2018-08-29T02:15:00Z,BUD,Budds_Landing,39.37225,-75.83986667,1.0,14.6,NaN,29.98,0.16,193.3
2018-08-29T02:30:00Z,BUD,Budds_Landing,39.37225,-75.83986667,1.0,14.46,NaN,29.96,0.16,191.3
2018-08-29T02:45:00Z,BUD,Budds_Landing,39.37225,-75.83986667,1.0,14.3,NaN,29.93,0.16,189.0
2018-08-29T03:00:00Z,BUD,Budds_Landing,39.37225,-75.83986667,1.0,14.22,NaN,29.93,0.16,188.1
2018-08-29T03:15:00Z,BUD,Budds_Landing,39.37225,-75.83986667,1.0,14.07,NaN,29.95,0.16,186.1
2018-08-29T03:30:00Z,BUD,Budds_Landing,39.37225,-75.83986667,1.0,14.07,NaN,29.98,0.16,186.3
2018-08-29T03:45:00Z,BUD,Budds_Landing,39.37225,-75.83986667,1.0,13.9,NaN,29.99,0.16,184.0
2018-08-29T04:00:00Z,BUD,Budds_Landing,39.37225,-75.83986667,1.0,13.53,NaN,29.99,0.16,179.0
2018-08-29T04:15:00Z,BUD,Budds_Landing,39.37225,-75.83986667,1.0,13.79,NaN,29.95,0.16,182.4
2018-08-29T04:30:00Z,BUD,Budds_Landing,39.37225,-75.83986667,1.0,13.66,NaN,29.99,0.16,180.9
2018-08-29T04:45:00Z,BUD,Budds_Landing,39.37225,-75.83986667,1.0,13.71,NaN,30.03,0.16,181.6
2018-08-29T05:00:00Z,BUD,Budds_Landing,39.37225,-75.83986667,1.0,13.55,NaN,29.99,0.16,179.3
2018-08-29T05:15:00Z,BUD,Budds_Landing,39.37225,-75.83986667,1.0,13.6,NaN,29.94,0.16,179.8
2018-08-29T05:30:00Z,BUD,Budds_Landing,39.37225,-75.83986667,1.0,13.62,NaN,29.93,0.15,180.2
2018-08-29T05:45:00Z,BUD,Budds_Landing,39.37225,-75.83986667,1.0,13.25,NaN,29.89,0.16,175.1
2018-08-29T06:00:00Z,BUD,Budds_Landing,39.37225,-75.83986667,1.0,13.06,NaN,29.95,0.15,172.8
2018-08-29T06:15:00Z,BUD,Budds_Landing,39.37225,-75.83986667,1.0,12.98,NaN,29.94,0.15,171.6
2018-08-29T06:30:00Z,BUD,Budds_Landing,39.37225,-75.83986667,1.0,13.05,NaN,29.93,0.15,172.5
2018-08-29T06:45:00Z,BUD,Budds_Landing,39.37225,-75.83986667,1.0,12.99,NaN,29.9,0.15,171.7
2018-08-29T07:00:00Z,BUD,Budds_Landing,39.37225,-75.83986667,1.0,12.94,NaN,29.86,0.15,170.9
2018-08-29T07:15:00Z,BUD,Budds_Landing,39.37225,-75.83986667,1.0,13.02,NaN,29.95,0.15,172.2
2018-08-29T07:30:00Z,BUD,Budds_Landing,39.37225,-75.83986667,1.0,13.15,NaN,30.0,0.15,174.0
2018-08-29T07:45:00Z,BUD,Budds_Landing,39.37225,-75.83986667,1.0,12.97,NaN,29.92,0.15,171.5
2018-08-29T08:00:00Z,BUD,Budds_Landing,39.37225,-75.83986667,1.0,13.14,NaN,29.99,0.15,173.9
2018-08-29T08:15:00Z,BUD,Budds_Landing,39.37225,-75.83986667,1.0,13.22,NaN,29.99,0.14,175.0
2018-08-29T08:30:00Z,BUD,Budds_Landing,39.37225,-75.83986667,1.0,13.09,NaN,29.93,0.14,173.1
2018-08-29T08:45:00Z,BUD,Budds_Landing,39.37225,-75.83986667,1.0,12.34,NaN,29.75,0.14,162.7
2018-08-29T09:00:00Z,BUD,Budds_Landing,39.37225,-75.83986667,1.0,12.27,NaN,29.72,0.14,161.6
2018-08-29T09:15:00Z,BUD,Budds_Landing,39.37225,-75.83986667,1.0,11.72,NaN,29.65,0.15,154.2
2018-08-29T09:30:00Z,BUD,Budds_Landing,39.37225,-75.83986667,1.0,11.44,NaN,29.65,0.15,150.6
2018-08-29T09:45:00Z,BUD,Budds_Landing,39.37225,-75.83986667,1.0,11.53,NaN,29.66,0.14,151.8
2018-08-29T10:00:00Z,BUD,Budds_Landing,39.37225,-75.83986667,1.0,11.69,NaN,29.67,0.14,153.9
2018-08-29T10:15:00Z,BUD,Budds_Landing,39.37225,-75.83986667,1.0,11.68,NaN,29.62,0.14,153.6
2018-08-29T10:30:00Z,BUD,Budds_Landing,39.37225,-75.83986667,1.0,11.54,NaN,29.54,0.14,151.6
2018-08-29T10:45:00Z,BUD,Budds_Landing,39.37225,-75.83986667,1.0,11.33,NaN,29.56,0.14,148.9
2018-08-29T11:00:00Z,BUD,Budds_Landing,39.37225,-75.83986667,1.0,11.35,NaN,29.55,0.14,149.1
2018-08-29T11:15:00Z,BUD,Budds_Landing,39.37225,-75.83986667,1.0,11.33,NaN,29.51,0.14,148.7
2018-08-29T11:30:00Z,BUD,Budds_Landing,39.37225,-75.83986667,1.0,10.93,NaN,29.46,0.15,143.4
2018-08-29T11:45:00Z,BUD,Budds_Landing,39.37225,-75.83986667,1.0,10.78,NaN,29.29,0.15,140.9
2018-08-29T12:00:00Z,BUD,Budds_Landing,39.37225,-75.83986667,1.0,11.19,NaN,29.36,0.15,146.5
2018-08-29T12:15:00Z,BUD,Budds_Landing,39.37225,-75.83986667,1.0,11.28,NaN,29.42,0.15,147.8
2018-08-29T12:30:00Z,BUD,Budds_Landing,39.37225,-75.83986667,1.0,11.28,NaN,29.46,0.15,147.9
2018-08-29T12:45:00Z,BUD,Budds_Landing,39.37225,-75.83986667,1.0,11.12,NaN,29.42,0.15,145.7
2018-08-29T13:00:00Z,BUD,Budds_Landing,39.37225,-75.83986667,1.0,11.02,NaN,29.34,0.15,144.3
2018-08-29T13:15:00Z,BUD,Budds_Landing,39.37225,-75.83986667,1.0,11.14,NaN,29.38,0.15,145.9
2018-08-29T13:30:00Z,BUD,Budds_Landing,39.37225,-75.83986667,1.0,11.34,NaN,29.46,0.16,148.7
2018-08-29T13:45:00Z,BUD,Budds_Landing,39.37225,-75.83986667,1.0,11.5,NaN,29.52,0.16,151.0
2018-08-29T14:00:00Z,BUD,Budds_Landing,39.37225,-75.83986667,1.0,11.65,NaN,29.58,0.16,153.1
2018-08-29T14:15:00Z,BUD,Budds_Landing,39.37225,-75.83986667,1.0,11.83,NaN,29.64,0.16,155.7
2018-08-29T14:30:00Z,BUD,Budds_Landing,39.37225,-75.83986667,1.0,11.98,NaN,29.72,0.16,157.9
2018-08-29T14:45:00Z,BUD,Budds_Landing,39.37225,-75.83986667,1.0,12.32,NaN,29.81,0.16,162.6
2018-08-29T15:00:00Z,BUD,Budds_Landing,39.37225,-75.83986667,1.0,12.42,NaN,29.87,0.16,164.1
2018-08-29T15:15:00Z,BUD,Budds_Landing,39.37225,-75.83986667,1.0,12.3,NaN,29.84,0.16,162.4
2018-08-29T15:30:00Z,BUD,Budds_Landing,39.37225,-75.83986667,1.0,12.38,NaN,29.92,0.16,163.7
2018-08-29T15:45:00Z,BUD,Budds_Landing,39.37225,-75.83986667,1.0,12.83,NaN,30.1,0.16,170.2
2018-08-29T16:00:00Z,BUD,Budds_Landing,39.37225,-75.83986667,1.0,12.18,NaN,29.85,0.16,160.8
2018-08-29T16:15:00Z,BUD,Budds_Landing,39.37225,-75.83986667,1.0,11.61,NaN,29.87,0.16,153.3
2018-08-29T16:30:00Z,BUD,Budds_Landing,39.37225,-75.83986667,1.0,11.28,NaN,29.7,0.16,148.6
2018-08-29T16:45:00Z,BUD,Budds_Landing,39.37225,-75.83986667,1.0,12.31,NaN,30.14,0.16,163.4
2018-08-29T17:00:00Z,BUD,Budds_Landing,39.37225,-75.83986667,1.0,12.01,NaN,29.9,0.15,158.8
2018-08-29T17:15:00Z,BUD,Budds_Landing,39.37225,-75.83986667,1.0,12.06,NaN,29.99,0.16,159.7
2018-08-29T17:30:00Z,BUD,Budds_Landing,39.37225,-75.83986667,1.0,11.65,NaN,29.77,0.16,153.6
2018-08-29T17:45:00Z,BUD,Budds_Landing,39.37225,-75.83986667,1.0,12.49,NaN,30.03,0.15,165.5
2018-08-29T18:00:00Z,BUD,Budds_Landing,39.37225,-75.83986667,1.0,12.42,NaN,30.03,0.15,164.5
2018-08-29T18:15:00Z,BUD,Budds_Landing,39.37225,-75.83986667,1.0,12.53,NaN,30.11,0.15,166.2
2018-08-29T18:30:00Z,BUD,Budds_Landing,39.37225,-75.83986667,1.0,12.55,NaN,30.19,0.15,166.8
2018-08-29T18:45:00Z,BUD,Budds_Landing,39.37225,-75.83986667,1.0,13.26,NaN,30.23,0.15,176.2
2018-08-29T19:00:00Z,BUD,Budds_Landing,39.37225,-75.83986667,1.0,13.7,NaN,30.29,0.15,182.2
2018-08-29T19:15:00Z,BUD,Budds_Landing,39.37225,-75.83986667,1.0,13.92,NaN,30.34,0.15,185.4
2018-08-29T19:30:00Z,BUD,Budds_Landing,39.37225,-75.83986667,1.0,14.25,NaN,30.36,0.15,189.9
2018-08-29T19:45:00Z,BUD,Budds_Landing,39.37225,-75.83986667,1.0,14.54,NaN,30.51,0.15,194.1
2018-08-29T20:00:00Z,BUD,Budds_Landing,39.37225,-75.83986667,1.0,14.36,NaN,30.41,0.14,191.4
2018-08-29T20:15:00Z,BUD,Budds_Landing,39.37225,-75.83986667,1.0,15.3,NaN,30.54,0.14,204.5
2018-08-29T20:30:00Z,BUD,Budds_Landing,39.37225,-75.83986667,1.0,15.04,NaN,30.53,0.14,200.9
2018-08-29T20:45:00Z,BUD,Budds_Landing,39.37225,-75.83986667,1.0,15.6,NaN,31.08,0.15,210.4
2018-08-29T21:00:00Z,BUD,Budds_Landing,39.37225,-75.83986667,1.0,16.07,NaN,31.37,0.15,217.9
2018-08-29T21:15:00Z,BUD,Budds_Landing,39.37225,-75.83986667,1.0,15.43,NaN,30.85,0.14,207.3
2018-08-29T21:30:00Z,BUD,Budds_Landing,39.37225,-75.83986667,1.0,16.81,NaN,31.25,0.15,227.5
2018-08-29T21:45:00Z,BUD,Budds_Landing,39.37225,-75.83986667,1.0,17.41,NaN,31.67,0.15,237.2
2018-08-29T22:00:00Z,BUD,Budds_Landing,39.37225,-75.83986667,1.0,18.0,NaN,32.08,0.15,246.9
2018-08-29T22:15:00Z,BUD,Budds_Landing,39.37225,-75.83986667,1.0,15.51,NaN,31.14,0.14,209.3
2018-08-29T22:30:00Z,BUD,Budds_Landing,39.37225,-75.83986667,1.0,14.64,NaN,31.1,0.14,197.4
2018-08-29T22:45:00Z,BUD,Budds_Landing,39.37225,-75.83986667,1.0,15.33,NaN,31.48,0.15,208.1
2018-08-29T23:00:00Z,BUD,Budds_Landing,39.37225,-75.83986667,1.0,17.62,NaN,32.07,0.15,241.7
2018-08-29T23:15:00Z,BUD,Budds_Landing,39.37225,-75.83986667,1.0,18.83,NaN,32.31,0.15,259.3
2018-08-29T23:30:00Z,BUD,Budds_Landing,39.37225,-75.83986667,1.0,18.53,NaN,32.27,0.15,255.1
2018-08-29T23:45:00Z,BUD,Budds_Landing,39.37225,-75.83986667,1.0,18.4,NaN,32.25,0.15,253.2
2018-08-30T00:00:00Z,BUD,Budds_Landing,39.37225,-75.83986667,1.0,18.18,NaN,32.13,0.15,249.6
2018-08-30T00:15:00Z,BUD,Budds_Landing,39.37225,-75.83986667,1.0,17.27,NaN,31.83,0.15,235.9
2018-08-30T00:30:00Z,BUD,Budds_Landing,39.37225,-75.83986667,1.0,16.47,NaN,31.8,0.16,224.9
2018-08-30T00:45:00Z,BUD,Budds_Landing,39.37225,-75.83986667,1.0,16.71,NaN,31.5,0.16,227.0
2018-08-30T01:00:00Z,BUD,Budds_Landing,39.37225,-75.83986667,1.0,16.51,NaN,31.5,0.16,224.3
2018-08-30T01:15:00Z,BUD,Budds_Landing,39.37225,-75.83986667,1.0,15.48,NaN,31.39,0.15,209.8
2018-08-30T01:30:00Z,BUD,Budds_Landing,39.37225,-75.83986667,1.0,14.94,NaN,31.34,0.15,202.4
2018-08-30T01:45:00Z,BUD,Budds_Landing,39.37225,-75.83986667,1.0,14.31,NaN,31.14,0.16,193.2
2018-08-30T02:00:00Z,BUD,Budds_Landing,39.37225,-75.83986667,1.0,13.82,NaN,30.98,0.16,186.0
2018-08-30T02:15:00Z,BUD,Budds_Landing,39.37225,-75.83986667,1.0,13.79,NaN,30.98,0.16,185.7
2018-08-30T02:30:00Z,BUD,Budds_Landing,39.37225,-75.83986667,1.0,13.58,NaN,30.94,0.16,182.7
2018-08-30T02:45:00Z,BUD,Budds_Landing,39.37225,-75.83986667,1.0,13.21,NaN,30.9,0.16,177.7
2018-08-30T03:00:00Z,BUD,Budds_Landing,39.37225,-75.83986667,1.0,13.34,NaN,30.9,0.16,179.4
2018-08-30T03:15:00Z,BUD,Budds_Landing,39.37225,-75.83986667,1.0,13.0,NaN,30.84,0.16,174.6
2018-08-30T03:30:00Z,BUD,Budds_Landing,39.37225,-75.83986667,1.0,13.2,NaN,30.82,0.16,177.2
2018-08-30T03:45:00Z,BUD,Budds_Landing,39.37225,-75.83986667,1.0,13.08,NaN,30.79,0.16,175.5
2018-08-30T04:00:00Z,BUD,Budds_Landing,39.37225,-75.83986667,1.0,13.16,NaN,30.78,0.16,176.6
2018-08-30T04:15:00Z,BUD,Budds_Landing,39.37225,-75.83986667,1.0,12.9,NaN,30.78,0.16,173.2
2018-08-30T04:30:00Z,BUD,Budds_Landing,39.37225,-75.83986667,1.0,12.83,NaN,30.76,0.16,172.1
2018-08-30T04:45:00Z,BUD,Budds_Landing,39.37225,-75.83986667,1.0,12.53,NaN,30.74,0.16,168.0
2018-08-30T05:00:00Z,BUD,Budds_Landing,39.37225,-75.83986667,1.0,12.77,NaN,30.72,0.16,171.1
2018-08-30T05:15:00Z,BUD,Budds_Landing,39.37225,-75.83986667,1.0,12.41,NaN,30.67,0.16,166.3
2018-08-30T05:30:00Z,BUD,Budds_Landing,39.37225,-75.83986667,1.0,12.46,NaN,30.7,0.16,167.0
2018-08-30T05:45:00Z,BUD,Budds_Landing,39.37225,-75.83986667,1.0,12.34,NaN,30.72,0.15,165.4
2018-08-30T06:00:00Z,BUD,Budds_Landing,39.37225,-75.83986667,1.0,12.41,NaN,30.69,0.15,166.3
2018-08-30T06:15:00Z,BUD,Budds_Landing,39.37225,-75.83986667,1.0,12.28,NaN,30.66,0.15,164.5
2018-08-30T06:30:00Z,BUD,Budds_Landing,39.37225,-75.83986667,1.0,12.16,NaN,30.64,0.15,162.8
2018-08-30T06:45:00Z,BUD,Budds_Landing,39.37225,-75.83986667,1.0,12.02,NaN,30.59,0.15,160.8
2018-08-30T07:00:00Z,BUD,Budds_Landing,39.37225,-75.83986667,1.0,11.54,NaN,30.54,0.15,154.2
2018-08-30T07:15:00Z,BUD,Budds_Landing,39.37225,-75.83986667,1.0,11.73,NaN,30.51,0.15,156.7
2018-08-30T07:30:00Z,BUD,Budds_Landing,39.37225,-75.83986667,1.0,11.59,NaN,30.43,0.15,154.6
2018-08-30T07:45:00Z,BUD,Budds_Landing,39.37225,-75.83986667,1.0,11.32,NaN,30.41,0.15,150.9
2018-08-30T08:00:00Z,BUD,Budds_Landing,39.37225,-75.83986667,1.0,11.56,NaN,30.44,0.15,154.2
2018-08-30T08:15:00Z,BUD,Budds_Landing,39.37225,-75.83986667,1.0,11.35,NaN,30.45,0.15,151.5
2018-08-30T08:30:00Z,BUD,Budds_Landing,39.37225,-75.83986667,1.0,10.83,NaN,30.41,0.15,144.4
2018-08-30T08:45:00Z,BUD,Budds_Landing,39.37225,-75.83986667,1.0,11.02,NaN,30.37,0.15,146.8
2018-08-30T09:00:00Z,BUD,Budds_Landing,39.37225,-75.83986667,1.0,10.93,NaN,30.33,0.15,145.5
2018-08-30T09:15:00Z,BUD,Budds_Landing,39.37225,-75.83986667,1.0,11.08,NaN,30.29,0.15,147.5
2018-08-30T09:30:00Z,BUD,Budds_Landing,39.37225,-75.83986667,1.0,10.89,NaN,30.26,0.15,144.8
2018-08-30T09:45:00Z,BUD,Budds_Landing,39.37225,-75.83986667,1.0,10.95,NaN,30.25,0.14,145.7
2018-08-30T10:00:00Z,BUD,Budds_Landing,39.37225,-75.83986667,1.0,10.83,NaN,30.23,0.15,144.0
2018-08-30T10:15:00Z,BUD,Budds_Landing,39.37225,-75.83986667,1.0,10.32,NaN,30.14,0.15,137.0
2018-08-30T10:30:00Z,BUD,Budds_Landing,39.37225,-75.83986667,1.0,10.15,NaN,30.06,0.14,134.4
2018-08-30T10:45:00Z,BUD,Budds_Landing,39.37225,-75.83986667,1.0,10.27,NaN,30.1,0.14,136.2
2018-08-30T11:00:00Z,BUD,Budds_Landing,39.37225,-75.83986667,1.0,10.31,NaN,30.06,0.14,136.6
2018-08-30T11:15:00Z,BUD,Budds_Landing,39.37225,-75.83986667,1.0,10.33,NaN,30.03,0.14,136.8
2018-08-30T11:30:00Z,BUD,Budds_Landing,39.37225,-75.83986667,1.0,10.01,NaN,30.03,0.14,132.7
2018-08-30T11:45:00Z,BUD,Budds_Landing,39.37225,-75.83986667,1.0,10.21,NaN,30.01,0.14,135.2
2018-08-30T12:00:00Z,BUD,Budds_Landing,39.37225,-75.83986667,1.0,10.38,NaN,30.01,0.14,137.4
2018-08-30T12:15:00Z,BUD,Budds_Landing,39.37225,-75.83986667,1.0,10.19,NaN,30.01,0.15,134.9
2018-08-30T12:30:00Z,BUD,Budds_Landing,39.37225,-75.83986667,1.0,10.61,NaN,30.0,0.15,140.4
2018-08-30T12:45:00Z,BUD,Budds_Landing,39.37225,-75.83986667,1.0,11.13,NaN,30.05,0.14,147.4
2018-08-30T13:00:00Z,BUD,Budds_Landing,39.37225,-75.83986667,1.0,11.06,NaN,30.0,0.15,146.4
2018-08-30T13:15:00Z,BUD,Budds_Landing,39.37225,-75.83986667,1.0,11.24,NaN,29.98,0.15,148.8
2018-08-30T13:30:00Z,BUD,Budds_Landing,39.37225,-75.83986667,1.0,11.13,NaN,30.06,0.15,147.5
2018-08-30T13:45:00Z,BUD,Budds_Landing,39.37225,-75.83986667,1.0,11.0,NaN,30.07,0.15,145.7
2018-08-30T14:00:00Z,BUD,Budds_Landing,39.37225,-75.83986667,1.0,11.13,NaN,30.1,0.15,147.6
2018-08-30T14:15:00Z,BUD,Budds_Landing,39.37225,-75.83986667,1.0,11.22,NaN,30.16,0.15,148.9
2018-08-30T14:30:00Z,BUD,Budds_Landing,39.37225,-75.83986667,1.0,11.22,NaN,30.2,0.15,149.1
2018-08-30T14:45:00Z,BUD,Budds_Landing,39.37225,-75.83986667,1.0,11.13,NaN,30.23,0.15,148.0
2018-08-30T15:00:00Z,BUD,Budds_Landing,39.37225,-75.83986667,1.0,11.05,NaN,30.28,0.16,147.0
2018-08-30T15:15:00Z,BUD,Budds_Landing,39.37225,-75.83986667,1.0,11.25,NaN,30.27,0.16,149.7
2018-08-30T15:30:00Z,BUD,Budds_Landing,39.37225,-75.83986667,1.0,10.98,NaN,30.25,0.16,146.0
2018-08-30T15:45:00Z,BUD,Budds_Landing,39.37225,-75.83986667,1.0,10.8,NaN,30.22,0.16,143.5
2018-08-30T16:00:00Z,BUD,Budds_Landing,39.37225,-75.83986667,1.0,10.84,NaN,30.25,0.16,144.1
2018-08-30T16:15:00Z,BUD,Budds_Landing,39.37225,-75.83986667,1.0,10.96,NaN,30.32,0.16,145.9
2018-08-30T16:30:00Z,BUD,Budds_Landing,39.37225,-75.83986667,1.0,10.58,NaN,30.24,0.16,140.7
2018-08-30T16:45:00Z,BUD,Budds_Landing,39.37225,-75.83986667,1.0,10.26,NaN,30.22,0.16,136.4
2018-08-30T17:00:00Z,BUD,Budds_Landing,39.37225,-75.83986667,1.0,10.22,NaN,30.16,0.16,135.7
2018-08-30T17:15:00Z,BUD,Budds_Landing,39.37225,-75.83986667,1.0,10.36,NaN,30.17,0.15,137.6
2018-08-30T17:30:00Z,BUD,Budds_Landing,39.37225,-75.83986667,1.0,10.35,NaN,30.14,0.15,137.3
2018-08-30T17:45:00Z,BUD,Budds_Landing,39.37225,-75.83986667,1.0,10.79,NaN,30.19,0.15,143.3
2018-08-30T18:00:00Z,BUD,Budds_Landing,39.37225,-75.83986667,1.0,10.97,NaN,30.25,0.16,145.9
2018-08-30T18:15:00Z,BUD,Budds_Landing,39.37225,-75.83986667,1.0,11.22,NaN,30.33,0.15,149.4
2018-08-30T18:30:00Z,BUD,Budds_Landing,39.37225,-75.83986667,1.0,10.61,NaN,30.25,0.15,141.0
2018-08-30T18:45:00Z,BUD,Budds_Landing,39.37225,-75.83986667,1.0,11.66,NaN,30.38,0.15,155.4
2018-08-30T19:00:00Z,BUD,Budds_Landing,39.37225,-75.83986667,1.0,12.61,NaN,30.57,0.15,168.5
2018-08-30T19:15:00Z,BUD,Budds_Landing,39.37225,-75.83986667,1.0,12.7,NaN,30.7,0.15,170.2
2018-08-30T19:30:00Z,BUD,Budds_Landing,39.37225,-75.83986667,1.0,13.29,NaN,30.75,0.15,178.2
2018-08-30T19:45:00Z,BUD,Budds_Landing,39.37225,-75.83986667,1.0,13.15,NaN,30.78,0.15,176.5
2018-08-30T20:00:00Z,BUD,Budds_Landing,39.37225,-75.83986667,1.0,13.56,NaN,30.89,0.15,182.3
2018-08-30T20:15:00Z,BUD,Budds_Landing,39.37225,-75.83986667,1.0,13.53,NaN,30.91,0.15,182.0
2018-08-30T20:30:00Z,BUD,Budds_Landing,39.37225,-75.83986667,1.0,13.61,NaN,30.96,0.14,183.2
2018-08-30T20:45:00Z,BUD,Budds_Landing,39.37225,-75.83986667,1.0,13.66,NaN,30.99,0.14,184.0
2018-08-30T21:00:00Z,BUD,Budds_Landing,39.37225,-75.83986667,1.0,13.89,NaN,31.07,0.14,187.3
2018-08-30T21:15:00Z,BUD,Budds_Landing,39.37225,-75.83986667,1.0,14.2,NaN,31.18,0.14,191.8
2018-08-30T21:30:00Z,BUD,Budds_Landing,39.37225,-75.83986667,1.0,14.35,NaN,31.13,0.14,193.8
2018-08-30T21:45:00Z,BUD,Budds_Landing,39.37225,-75.83986667,1.0,14.04,NaN,31.11,0.14,189.5
2018-08-30T22:00:00Z,BUD,Budds_Landing,39.37225,-75.83986667,1.0,13.49,NaN,31.11,0.14,182.1
2018-08-30T22:15:00Z,BUD,Budds_Landing,39.37225,-75.83986667,1.0,13.71,NaN,31.2,0.14,185.3
2018-08-30T22:30:00Z,BUD,Budds_Landing,39.37225,-75.83986667,1.0,13.85,NaN,31.17,0.14,187.1
2018-08-30T22:45:00Z,BUD,Budds_Landing,39.37225,-75.83986667,1.0,13.27,NaN,31.11,0.14,179.0
2018-08-30T23:00:00Z,BUD,Budds_Landing,39.37225,-75.83986667,1.0,13.37,NaN,31.15,0.14,180.6
2018-08-30T23:15:00Z,BUD,Budds_Landing,39.37225,-75.83986667,1.0,14.02,NaN,31.22,0.14,189.6
2018-08-30T23:30:00Z,BUD,Budds_Landing,39.37225,-75.83986667,1.0,14.71,NaN,31.38,0.14,199.4
2018-08-30T23:45:00Z,BUD,Budds_Landing,39.37225,-75.83986667,1.0,15.03,NaN,31.45,0.14,203.9
2018-08-31T00:00:00Z,BUD,Budds_Landing,39.37225,-75.83986667,1.0,15.33,NaN,31.45,0.14,208.1
2018-08-31T00:15:00Z,BUD,Budds_Landing,39.37225,-75.83986667,1.0,17.38,NaN,31.5,0.14,236.1
2018-08-31T00:30:00Z,BUD,Budds_Landing,39.37225,-75.83986667,1.0,16.42,NaN,31.49,0.14,223.0
2018-08-31T00:45:00Z,BUD,Budds_Landing,39.37225,-75.83986667,1.0,16.56,NaN,31.53,0.14,225.1
2018-08-31T01:00:00Z,BUD,Budds_Landing,39.37225,-75.83986667,1.0,15.36,NaN,31.4,0.15,208.3
2018-08-31T01:15:00Z,BUD,Budds_Landing,39.37225,-75.83986667,1.0,15.17,NaN,31.35,0.14,205.5
2018-08-31T01:30:00Z,BUD,Budds_Landing,39.37225,-75.83986667,1.0,16.91,NaN,31.35,0.14,229.1
2018-08-31T01:45:00Z,BUD,Budds_Landing,39.37225,-75.83986667,1.0,15.13,NaN,31.26,0.14,204.6
2018-08-31T02:00:00Z,BUD,Budds_Landing,39.37225,-75.83986667,1.0,14.16,NaN,31.15,0.14,191.1
2018-08-31T02:15:00Z,BUD,Budds_Landing,39.37225,-75.83986667,1.0,13.83,NaN,31.11,0.15,186.7
2018-08-31T02:30:00Z,BUD,Budds_Landing,39.37225,-75.83986667,1.0,13.62,NaN,31.1,0.15,183.7
2018-08-31T02:45:00Z,BUD,Budds_Landing,39.37225,-75.83986667,1.0,13.01,NaN,31.07,0.15,175.5
2018-08-31T03:00:00Z,BUD,Budds_Landing,39.37225,-75.83986667,1.0,12.99,NaN,31.02,0.15,175.1
2018-08-31T03:15:00Z,BUD,Budds_Landing,39.37225,-75.83986667,1.0,12.95,NaN,30.99,0.15,174.4
2018-08-31T03:30:00Z,BUD,Budds_Landing,39.37225,-75.83986667,1.0,12.64,NaN,30.96,0.15,170.1
2018-08-31T03:45:00Z,BUD,Budds_Landing,39.37225,-75.83986667,1.0,12.46,NaN,30.96,0.15,167.6
2018-08-31T04:00:00Z,BUD,Budds_Landing,39.37225,-75.83986667,1.0,12.24,NaN,30.88,0.15,164.5
2018-08-31T04:15:00Z,BUD,Budds_Landing,39.37225,-75.83986667,1.0,12.26,NaN,30.84,0.16,164.7
2018-08-31T04:30:00Z,BUD,Budds_Landing,39.37225,-75.83986667,1.0,11.86,NaN,30.78,0.16,159.1
2018-08-31T04:45:00Z,BUD,Budds_Landing,39.37225,-75.83986667,1.0,11.71,NaN,30.75,0.16,157.1
2018-08-31T05:00:00Z,BUD,Budds_Landing,39.37225,-75.83986667,1.0,11.71,NaN,30.74,0.16,157.1
2018-08-31T05:15:00Z,BUD,Budds_Landing,39.37225,-75.83986667,1.0,11.46,NaN,30.73,0.16,153.7
2018-08-31T05:30:00Z,BUD,Budds_Landing,39.37225,-75.83986667,1.0,11.54,NaN,30.72,0.16,154.7
2018-08-31T05:45:00Z,BUD,Budds_Landing,39.37225,-75.83986667,1.0,11.67,NaN,30.68,0.15,156.4
2018-08-31T06:00:00Z,BUD,Budds_Landing,39.37225,-75.83986667,1.0,11.78,NaN,30.64,0.15,157.7
2018-08-31T06:15:00Z,BUD,Budds_Landing,39.37225,-75.83986667,1.0,11.79,NaN,30.65,0.15,157.8
2018-08-31T06:30:00Z,BUD,Budds_Landing,39.37225,-75.83986667,1.0,11.49,NaN,30.65,0.15,153.9
2018-08-31T06:45:00Z,BUD,Budds_Landing,39.37225,-75.83986667,1.0,11.46,NaN,30.64,0.15,153.4
2018-08-31T07:00:00Z,BUD,Budds_Landing,39.37225,-75.83986667,1.0,11.49,NaN,30.52,0.15,153.5
2018-08-31T07:15:00Z,BUD,Budds_Landing,39.37225,-75.83986667,1.0,11.59,NaN,30.48,0.15,154.7
2018-08-31T07:30:00Z,BUD,Budds_Landing,39.37225,-75.83986667,1.0,11.3,NaN,30.37,0.14,150.6
2018-08-31T07:45:00Z,BUD,Budds_Landing,39.37225,-75.83986667,1.0,11.11,NaN,30.47,0.15,148.2
2018-08-31T08:00:00Z,BUD,Budds_Landing,39.37225,-75.83986667,1.0,10.79,NaN,30.37,0.15,143.8
2018-08-31T08:15:00Z,BUD,Budds_Landing,39.37225,-75.83986667,1.0,10.53,NaN,30.27,0.14,140.1
2018-08-31T08:30:00Z,BUD,Budds_Landing,39.37225,-75.83986667,1.0,10.43,NaN,30.23,0.14,138.6
2018-08-31T08:45:00Z,BUD,Budds_Landing,39.37225,-75.83986667,1.0,10.72,NaN,30.36,0.15,142.8
2018-08-31T09:00:00Z,BUD,Budds_Landing,39.37225,-75.83986667,1.0,10.67,NaN,30.19,0.14,141.8
2018-08-31T09:15:00Z,BUD,Budds_Landing,39.37225,-75.83986667,1.0,10.08,NaN,29.97,0.14,133.4
2018-08-31T09:30:00Z,BUD,Budds_Landing,39.37225,-75.83986667,1.0,10.17,NaN,29.98,0.14,134.6
2018-08-31T09:45:00Z,BUD,Budds_Landing,39.37225,-75.83986667,1.0,9.75,NaN,29.91,0.14,128.8
2018-08-31T10:00:00Z,BUD,Budds_Landing,39.37225,-75.83986667,1.0,9.72,NaN,29.88,0.14,128.4
2018-08-31T10:15:00Z,BUD,Budds_Landing,39.37225,-75.83986667,1.0,9.7,NaN,29.91,0.14,128.2
2018-08-31T10:30:00Z,BUD,Budds_Landing,39.37225,-75.83986667,1.0,9.57,NaN,29.88,0.14,126.5
2018-08-31T10:45:00Z,BUD,Budds_Landing,39.37225,-75.83986667,1.0,9.42,NaN,29.86,0.14,124.4
2018-08-31T11:00:00Z,BUD,Budds_Landing,39.37225,-75.83986667,1.0,9.26,NaN,29.85,0.14,122.2
2018-08-31T11:15:00Z,BUD,Budds_Landing,39.37225,-75.83986667,1.0,9.08,NaN,29.79,0.14,119.8
2018-08-31T11:30:00Z,BUD,Budds_Landing,39.37225,-75.83986667,1.0,9.1,NaN,29.74,0.14,119.9
2018-08-31T11:45:00Z,BUD,Budds_Landing,39.37225,-75.83986667,1.0,9.09,NaN,29.7,0.14,119.7
2018-08-31T12:00:00Z,BUD,Budds_Landing,39.37225,-75.83986667,1.0,8.75,NaN,29.62,0.14,115.0
2018-08-31T12:15:00Z,BUD,Budds_Landing,39.37225,-75.83986667,1.0,9.22,NaN,29.63,0.14,121.3
2018-08-31T12:30:00Z,BUD,Budds_Landing,39.37225,-75.83986667,1.0,9.65,NaN,29.64,0.14,126.9
2018-08-31T12:45:00Z,BUD,Budds_Landing,39.37225,-75.83986667,1.0,9.53,NaN,29.67,0.14,125.5
2018-08-31T13:00:00Z,BUD,Budds_Landing,39.37225,-75.83986667,1.0,9.89,NaN,29.64,0.14,130.1
2018-08-31T13:15:00Z,BUD,Budds_Landing,39.37225,-75.83986667,1.0,9.69,NaN,29.68,0.15,127.5
2018-08-31T13:30:00Z,BUD,Budds_Landing,39.37225,-75.83986667,1.0,9.86,NaN,29.68,0.15,129.8
2018-08-31T13:45:00Z,BUD,Budds_Landing,39.37225,-75.83986667,1.0,10.07,NaN,29.69,0.14,132.6
2018-08-31T14:00:00Z,BUD,Budds_Landing,39.37225,-75.83986667,1.0,9.87,NaN,29.7,0.15,130.0
2018-08-31T14:15:00Z,BUD,Budds_Landing,39.37225,-75.83986667,1.0,9.66,NaN,29.67,0.15,127.1
2018-08-31T14:30:00Z,BUD,Budds_Landing,39.37225,-75.83986667,1.0,9.65,NaN,29.68,0.15,127.1
2018-08-31T14:45:00Z,BUD,Budds_Landing,39.37225,-75.83986667,1.0,9.57,NaN,29.81,0.15,126.3
2018-08-31T15:00:00Z,BUD,Budds_Landing,39.37225,-75.83986667,1.0,9.5,NaN,29.84,0.15,125.5
2018-08-31T15:15:00Z,BUD,Budds_Landing,39.37225,-75.83986667,1.0,9.48,NaN,29.9,0.15,125.2
2018-08-31T15:30:00Z,BUD,Budds_Landing,39.37225,-75.83986667,1.0,9.51,NaN,29.94,0.16,125.8
2018-08-31T15:45:00Z,BUD,Budds_Landing,39.37225,-75.83986667,1.0,9.7,NaN,29.98,0.16,128.3
2018-08-31T16:00:00Z,BUD,Budds_Landing,39.37225,-75.83986667,1.0,9.96,NaN,30.02,0.16,131.9
2018-08-31T16:15:00Z,BUD,Budds_Landing,39.37225,-75.83986667,1.0,10.23,NaN,30.07,0.16,135.6
2018-08-31T16:30:00Z,BUD,Budds_Landing,39.37225,-75.83986667,1.0,10.35,NaN,30.03,0.16,137.1
2018-08-31T16:45:00Z,BUD,Budds_Landing,39.37225,-75.83986667,1.0,10.2,NaN,30.02,0.16,135.2
2018-08-31T17:00:00Z,BUD,Budds_Landing,39.37225,-75.83986667,1.0,9.99,NaN,30.02,0.16,132.3
2018-08-31T17:15:00Z,BUD,Budds_Landing,39.37225,-75.83986667,1.0,10.01,NaN,30.01,0.16,132.5
2018-08-31T17:30:00Z,BUD,Budds_Landing,39.37225,-75.83986667,1.0,10.13,NaN,30.05,0.16,134.3
2018-08-31T17:45:00Z,BUD,Budds_Landing,39.37225,-75.83986667,1.0,11.51,NaN,29.91,0.15,152.1
2018-08-31T18:00:00Z,BUD,Budds_Landing,39.37225,-75.83986667,1.0,11.92,NaN,29.83,0.14,157.4
2018-08-31T18:15:00Z,BUD,Budds_Landing,39.37225,-75.83986667,1.0,11.82,NaN,29.86,0.15,156.1
2018-08-31T18:30:00Z,BUD,Budds_Landing,39.37225,-75.83986667,1.0,11.87,NaN,29.88,0.15,156.8
2018-08-31T18:45:00Z,BUD,Budds_Landing,39.37225,-75.83986667,1.0,12.25,NaN,30.17,0.15,162.7
2018-08-31T19:00:00Z,BUD,Budds_Landing,39.37225,-75.83986667,1.0,12.03,NaN,30.24,0.15,159.9
2018-08-31T19:15:00Z,BUD,Budds_Landing,39.37225,-75.83986667,1.0,12.0,NaN,30.14,0.15,159.3
2018-08-31T19:30:00Z,BUD,Budds_Landing,39.37225,-75.83986667,1.0,11.84,NaN,30.1,0.15,157.1
2018-08-31T19:45:00Z,BUD,Budds_Landing,39.37225,-75.83986667,1.0,12.03,NaN,30.11,0.15,159.6
2018-08-31T20:00:00Z,BUD,Budds_Landing,39.37225,-75.83986667,1.0,12.47,NaN,30.11,0.15,165.4
2018-08-31T20:15:00Z,BUD,Budds_Landing,39.37225,-75.83986667,1.0,12.45,NaN,30.09,0.15,165.1
2018-08-31T20:30:00Z,BUD,Budds_Landing,39.37225,-75.83986667,1.0,11.98,NaN,30.04,0.15,158.8
2018-08-31T20:45:00Z,BUD,Budds_Landing,39.37225,-75.83986667,1.0,13.36,NaN,29.99,0.14,176.9
2018-08-31T21:00:00Z,BUD,Budds_Landing,39.37225,-75.83986667,1.0,13.26,NaN,29.91,0.14,175.3
2018-08-31T21:15:00Z,BUD,Budds_Landing,39.37225,-75.83986667,1.0,13.39,NaN,29.86,0.14,176.8
2018-08-31T21:30:00Z,BUD,Budds_Landing,39.37225,-75.83986667,1.0,13.21,NaN,29.86,0.14,174.5
2018-08-31T21:45:00Z,BUD,Budds_Landing,39.37225,-75.83986667,1.0,13.12,NaN,29.83,0.14,173.2
2018-08-31T22:00:00Z,BUD,Budds_Landing,39.37225,-75.83986667,1.0,12.85,NaN,29.82,0.15,169.6
2018-08-31T22:15:00Z,BUD,Budds_Landing,39.37225,-75.83986667,1.0,12.9,NaN,29.77,0.14,170.1
2018-08-31T22:30:00Z,BUD,Budds_Landing,39.37225,-75.83986667,1.0,13.32,NaN,29.61,0.14,175.1
2018-08-31T22:45:00Z,BUD,Budds_Landing,39.37225,-75.83986667,1.0,12.96,NaN,29.6,0.14,170.5
2018-08-31T23:00:00Z,BUD,Budds_Landing,39.37225,-75.83986667,1.0,12.66,NaN,29.65,0.14,166.7
2018-08-31T23:15:00Z,BUD,Budds_Landing,39.37225,-75.83986667,1.0,12.49,NaN,29.61,0.14,164.2
2018-08-31T23:30:00Z,BUD,Budds_Landing,39.37225,-75.83986667,1.0,12.43,NaN,29.49,0.14,163.2
2018-08-31T23:45:00Z,BUD,Budds_Landing,39.37225,-75.83986667,1.0,11.93,NaN,29.4,0.14,156.3
2018-09-01T00:00:00Z,BUD,Budds_Landing,39.37225,-75.83986667,1.0,13.1,NaN,29.25,0.14,171.2
