time,station_id,station_name,latitude,longitude,depth,mass_concentration_of_oxygen_in_sea_water,sample_depth,sea_water_temperature,sea_water_salinity,fractional_saturation_of_oxygen_in_sea_water
UTC,,,degrees_north,degrees_east,m,mg/L,m,degree_C,,percent
2019-06-20T16:15:00Z,AOB,Arundel_on_the_Bay,38.91675,-76.45838,1.0,NaN,NaN,NaN,NaN,NaN
2019-06-20T16:30:00Z,AOB,Arundel_on_the_Bay,38.91675,-76.45838,1.0,6.09,0.922,24.17,6.74,75.3
2019-06-20T16:45:00Z,AOB,Arundel_on_the_Bay,38.91675,-76.45838,1.0,6.15,0.919,24.31,6.73,76.3
2019-06-20T17:00:00Z,AOB,Arundel_on_the_Bay,38.91675,-76.45838,1.0,5.9,0.921,24.03,6.76,72.9
2019-06-20T17:15:00Z,AOB,Arundel_on_the_Bay,38.91675,-76.45838,1.0,5.38,0.916,23.56,6.81,65.9
2019-06-20T17:30:00Z,AOB,Arundel_on_the_Bay,38.91675,-76.45838,1.0,6.18,0.913,24.38,6.78,76.9
2019-06-20T17:45:00Z,AOB,Arundel_on_the_Bay,38.91675,-76.45838,1.0,6.7,0.914,24.5,6.77,83.5
2019-06-20T18:00:00Z,AOB,Arundel_on_the_Bay,38.91675,-76.45838,1.0,6.81,0.91,24.42,6.76,84.8
2019-06-20T18:15:00Z,AOB,Arundel_on_the_Bay,38.91675,-76.45838,1.0,6.19,0.908,24.25,6.78,76.7
2019-06-20T18:30:00Z,AOB,Arundel_on_the_Bay,38.91675,-76.45838,1.0,5.89,0.907,24.15,6.79,72.9
2019-06-20T18:45:00Z,AOB,Arundel_on_the_Bay,38.91675,-76.45838,1.0,5.92,0.912,24.21,6.8,73.4
2019-06-20T19:00:00Z,AOB,Arundel_on_the_Bay,38.91675,-76.45838,1.0,6.1,0.911,24.09,6.82,75.5
2019-06-20T19:15:00Z,AOB,Arundel_on_the_Bay,38.91675,-76.45838,1.0,6.31,0.911,24.15,6.8,78.1
2019-06-20T19:30:00Z,AOB,Arundel_on_the_Bay,38.91675,-76.45838,1.0,6.04,0.905,24.14,6.81,74.7
2019-06-20T19:45:00Z,AOB,Arundel_on_the_Bay,38.91675,-76.45838,1.0,6.34,0.906,24.17,6.78,78.5
2019-06-20T20:00:00Z,AOB,Arundel_on_the_Bay,38.91675,-76.45838,1.0,6.35,0.903,24.17,6.77,78.7
2019-06-20T20:15:00Z,AOB,Arundel_on_the_Bay,38.91675,-76.45838,1.0,6.44,0.904,24.19,6.76,79.8
2019-06-20T20:30:00Z,AOB,Arundel_on_the_Bay,38.91675,-76.45838,1.0,6.36,0.901,24.1,6.78,78.7
2019-06-20T20:45:00Z,AOB,Arundel_on_the_Bay,38.91675,-76.45838,1.0,5.89,0.902,23.95,6.81,72.7
2019-06-20T21:00:00Z,AOB,Arundel_on_the_Bay,38.91675,-76.45838,1.0,5.84,0.904,23.76,6.84,71.8
2019-06-20T21:15:00Z,AOB,Arundel_on_the_Bay,38.91675,-76.45838,1.0,5.71,0.901,23.71,6.86,70.1
2019-06-20T21:30:00Z,AOB,Arundel_on_the_Bay,38.91675,-76.45838,1.0,5.65,0.902,23.76,6.86,69.5
2019-06-20T21:45:00Z,AOB,Arundel_on_the_Bay,38.91675,-76.45838,1.0,5.72,0.901,23.81,6.85,70.4
2019-06-20T22:00:00Z,AOB,Arundel_on_the_Bay,38.91675,-76.45838,1.0,6.02,0.902,24.18,6.8,74.7
2019-06-20T22:15:00Z,AOB,Arundel_on_the_Bay,38.91675,-76.45838,1.0,6.82,0.901,25.04,6.72,85.8
2019-06-20T22:30:00Z,AOB,Arundel_on_the_Bay,38.91675,-76.45838,1.0,6.74,0.901,25.02,6.72,84.7
2019-06-20T22:45:00Z,AOB,Arundel_on_the_Bay,38.91675,-76.45838,1.0,7.0,0.899,25.26,6.68,88.4
2019-06-20T23:00:00Z,AOB,Arundel_on_the_Bay,38.91675,-76.45838,1.0,7.19,0.898,25.36,6.6,91.0
2019-06-21T00:00:00Z,AOB,Arundel_on_the_Bay,38.91675,-76.45838,1.0,6.31,0.913,24.64,6.75,78.8
2019-06-21T00:15:00Z,AOB,Arundel_on_the_Bay,38.91675,-76.45838,1.0,6.45,0.914,24.72,6.73,80.7
2019-06-21T00:30:00Z,AOB,Arundel_on_the_Bay,38.91675,-76.45838,1.0,6.13,0.913,24.49,6.77,76.3
2019-06-21T00:45:00Z,AOB,Arundel_on_the_Bay,38.91675,-76.45838,1.0,6.18,0.915,24.42,6.77,76.9
2019-06-21T01:00:00Z,AOB,Arundel_on_the_Bay,38.91675,-76.45838,1.0,5.93,0.916,24.3,6.78,73.7
2019-06-21T01:15:00Z,AOB,Arundel_on_the_Bay,38.91675,-76.45838,1.0,5.58,0.914,24.15,6.77,69.1
2019-06-21T01:30:00Z,AOB,Arundel_on_the_Bay,38.91675,-76.45838,1.0,5.49,0.918,24.11,6.76,67.9
2019-06-21T01:45:00Z,AOB,Arundel_on_the_Bay,38.91675,-76.45838,1.0,5.69,0.915,24.2,6.73,70.4
2019-06-21T02:00:00Z,AOB,Arundel_on_the_Bay,38.91675,-76.45838,1.0,5.92,0.918,24.33,6.7,73.5
2019-06-21T02:15:00Z,AOB,Arundel_on_the_Bay,38.91675,-76.45838,1.0,5.77,0.924,24.36,6.7,71.6
2019-06-21T02:30:00Z,AOB,Arundel_on_the_Bay,38.91675,-76.45838,1.0,5.79,0.928,24.36,6.69,72.0
2019-06-21T02:45:00Z,AOB,Arundel_on_the_Bay,38.91675,-76.45838,1.0,5.65,0.93,24.29,6.7,70.1
2019-06-21T03:00:00Z,AOB,Arundel_on_the_Bay,38.91675,-76.45838,1.0,5.6,0.924,24.22,6.7,69.4
2019-06-21T03:15:00Z,AOB,Arundel_on_the_Bay,38.91675,-76.45838,1.0,5.53,0.924,24.12,6.7,68.4
2019-06-21T03:30:00Z,AOB,Arundel_on_the_Bay,38.91675,-76.45838,1.0,5.29,0.922,23.96,6.75,65.3
2019-06-21T03:45:00Z,AOB,Arundel_on_the_Bay,38.91675,-76.45838,1.0,4.99,0.922,23.79,6.82,61.4
2019-06-21T04:00:00Z,AOB,Arundel_on_the_Bay,38.91675,-76.45838,1.0,4.72,0.919,23.6,6.89,57.9
2019-06-21T04:15:00Z,AOB,Arundel_on_the_Bay,38.91675,-76.45838,1.0,4.7,0.919,23.61,6.88,57.6
2019-06-21T04:30:00Z,AOB,Arundel_on_the_Bay,38.91675,-76.45838,1.0,4.76,0.916,23.73,6.81,58.5
2019-06-21T04:45:00Z,AOB,Arundel_on_the_Bay,38.91675,-76.45838,1.0,4.74,0.919,23.66,6.84,58.2
2019-06-21T05:00:00Z,AOB,Arundel_on_the_Bay,38.91675,-76.45838,1.0,4.77,0.917,23.67,6.84,58.5
2019-06-21T05:15:00Z,AOB,Arundel_on_the_Bay,38.91675,-76.45838,1.0,4.73,0.917,23.67,6.84,58.1
2019-06-21T05:30:00Z,AOB,Arundel_on_the_Bay,38.91675,-76.45838,1.0,4.63,0.919,23.66,6.85,56.8
2019-06-21T05:45:00Z,AOB,Arundel_on_the_Bay,38.91675,-76.45838,1.0,4.54,0.919,23.66,6.84,55.8
2019-06-21T06:00:00Z,AOB,Arundel_on_the_Bay,38.91675,-76.45838,1.0,4.54,0.916,23.66,6.84,55.7
2019-06-21T06:15:00Z,AOB,Arundel_on_the_Bay,38.91675,-76.45838,1.0,4.79,0.913,23.65,6.85,58.7
2019-06-21T06:30:00Z,AOB,Arundel_on_the_Bay,38.91675,-76.45838,1.0,4.74,0.913,23.65,6.85,58.2
2019-06-21T06:45:00Z,AOB,Arundel_on_the_Bay,38.91675,-76.45838,1.0,4.68,0.91,23.56,6.92,57.4
2019-06-21T07:00:00Z,AOB,Arundel_on_the_Bay,38.91675,-76.45838,1.0,4.54,0.908,23.52,6.93,55.6
2019-06-21T07:15:00Z,AOB,Arundel_on_the_Bay,38.91675,-76.45838,1.0,4.5,0.91,23.51,6.94,55.2
2019-06-21T07:30:00Z,AOB,Arundel_on_the_Bay,38.91675,-76.45838,1.0,4.65,0.908,23.49,6.92,56.9
2019-06-21T07:45:00Z,AOB,Arundel_on_the_Bay,38.91675,-76.45838,1.0,4.69,0.909,23.46,6.93,57.4
2019-06-21T08:00:00Z,AOB,Arundel_on_the_Bay,38.91675,-76.45838,1.0,4.59,0.914,23.42,6.94,56.1
2019-06-21T08:15:00Z,AOB,Arundel_on_the_Bay,38.91675,-76.45838,1.0,4.73,0.912,23.46,6.88,57.8
2019-06-21T08:30:00Z,AOB,Arundel_on_the_Bay,38.91675,-76.45838,1.0,5.08,0.911,23.48,6.87,62.1
2019-06-21T08:45:00Z,AOB,Arundel_on_the_Bay,38.91675,-76.45838,1.0,4.76,0.912,23.51,6.86,58.3
2019-06-21T09:00:00Z,AOB,Arundel_on_the_Bay,38.91675,-76.45838,1.0,4.92,0.911,23.64,6.85,60.4
2019-06-21T09:15:00Z,AOB,Arundel_on_the_Bay,38.91675,-76.45838,1.0,5.02,0.913,23.85,6.81,61.8
2019-06-21T09:30:00Z,AOB,Arundel_on_the_Bay,38.91675,-76.45838,1.0,4.85,0.914,23.81,6.83,59.7
2019-06-21T09:45:00Z,AOB,Arundel_on_the_Bay,38.91675,-76.45838,1.0,5.15,0.915,23.98,6.77,63.6
2019-06-21T10:00:00Z,AOB,Arundel_on_the_Bay,38.91675,-76.45838,1.0,5.04,0.916,23.94,6.78,62.2
2019-06-21T10:15:00Z,AOB,Arundel_on_the_Bay,38.91675,-76.45838,1.0,5.68,0.918,24.3,6.6,70.4
2019-06-21T10:30:00Z,AOB,Arundel_on_the_Bay,38.91675,-76.45838,1.0,5.48,0.921,24.3,6.6,67.9
2019-06-21T10:45:00Z,AOB,Arundel_on_the_Bay,38.91675,-76.45838,1.0,5.06,0.922,24.05,6.7,62.5
2019-06-21T11:00:00Z,AOB,Arundel_on_the_Bay,38.91675,-76.45838,1.0,5.33,0.923,24.13,6.67,65.9
2019-06-21T11:15:00Z,AOB,Arundel_on_the_Bay,38.91675,-76.45838,1.0,5.16,0.924,24.01,6.72,63.7
2019-06-21T11:30:00Z,AOB,Arundel_on_the_Bay,38.91675,-76.45838,1.0,5.42,0.927,24.1,6.72,67.1
2019-06-21T11:45:00Z,AOB,Arundel_on_the_Bay,38.91675,-76.45838,1.0,5.46,0.925,24.08,6.71,67.5
2019-06-21T12:00:00Z,AOB,Arundel_on_the_Bay,38.91675,-76.45838,1.0,5.39,0.927,23.69,6.85,66.1
2019-06-21T12:15:00Z,AOB,Arundel_on_the_Bay,38.91675,-76.45838,1.0,4.79,0.926,23.59,6.88,58.7
2019-06-21T12:30:00Z,AOB,Arundel_on_the_Bay,38.91675,-76.45838,1.0,5.01,0.928,23.67,6.85,61.5
2019-06-21T12:45:00Z,AOB,Arundel_on_the_Bay,38.91675,-76.45838,1.0,5.57,0.928,23.76,6.81,68.5
2019-06-21T13:00:00Z,AOB,Arundel_on_the_Bay,38.91675,-76.45838,1.0,4.91,0.929,23.53,6.87,60.2
2019-06-21T13:15:00Z,AOB,Arundel_on_the_Bay,38.91675,-76.45838,1.0,5.05,0.934,23.47,6.88,61.8
2019-06-21T13:30:00Z,AOB,Arundel_on_the_Bay,38.91675,-76.45838,1.0,5.26,0.935,23.42,6.88,64.2
2019-06-21T13:45:00Z,AOB,Arundel_on_the_Bay,38.91675,-76.45838,1.0,5.02,0.934,23.37,6.89,61.3
2019-06-21T14:00:00Z,AOB,Arundel_on_the_Bay,38.91675,-76.45838,1.0,5.23,0.947,23.39,6.85,63.8
2019-06-21T14:15:00Z,AOB,Arundel_on_the_Bay,38.91675,-76.45838,1.0,5.42,0.949,23.5,6.85,66.3
2019-06-21T14:30:00Z,AOB,Arundel_on_the_Bay,38.91675,-76.45838,1.0,5.87,0.949,23.52,6.82,71.9
2019-06-21T14:45:00Z,AOB,Arundel_on_the_Bay,38.91675,-76.45838,1.0,6.04,0.957,23.56,6.84,74.0
2019-06-21T15:00:00Z,AOB,Arundel_on_the_Bay,38.91675,-76.45838,1.0,6.04,0.959,23.59,6.87,74.1
2019-06-21T15:15:00Z,AOB,Arundel_on_the_Bay,38.91675,-76.45838,1.0,6.17,0.967,23.67,6.85,75.8
2019-06-21T15:30:00Z,AOB,Arundel_on_the_Bay,38.91675,-76.45838,1.0,6.19,0.967,23.75,6.86,76.2
2019-06-21T15:45:00Z,AOB,Arundel_on_the_Bay,38.91675,-76.45838,1.0,6.16,0.971,23.94,6.8,76.0
2019-06-21T16:00:00Z,AOB,Arundel_on_the_Bay,38.91675,-76.45838,1.0,6.2,0.974,23.88,6.83,76.4
2019-06-21T16:15:00Z,AOB,Arundel_on_the_Bay,38.91675,-76.45838,1.0,6.34,0.97,23.99,6.82,78.3
2019-06-21T16:30:00Z,AOB,Arundel_on_the_Bay,38.91675,-76.45838,1.0,6.47,0.969,24.04,6.79,79.9
2019-06-21T16:45:00Z,AOB,Arundel_on_the_Bay,38.91675,-76.45838,1.0,6.51,0.969,24.13,6.8,80.6
2019-06-21T17:00:00Z,AOB,Arundel_on_the_Bay,38.91675,-76.45838,1.0,6.58,0.982,24.23,6.79,81.7
2019-06-21T17:15:00Z,AOB,Arundel_on_the_Bay,38.91675,-76.45838,1.0,6.69,0.98,24.3,6.81,83.0
2019-06-21T17:30:00Z,AOB,Arundel_on_the_Bay,38.91675,-76.45838,1.0,6.67,0.978,24.37,6.84,82.9
2019-06-21T17:45:00Z,AOB,Arundel_on_the_Bay,38.91675,-76.45838,1.0,6.68,0.976,24.52,6.82,83.3
2019-06-21T18:00:00Z,AOB,Arundel_on_the_Bay,38.91675,-76.45838,1.0,6.46,0.976,24.56,6.84,80.6
2019-06-21T18:15:00Z,AOB,Arundel_on_the_Bay,38.91675,-76.45838,1.0,6.51,0.98,24.62,6.84,81.3
2019-06-21T18:30:00Z,AOB,Arundel_on_the_Bay,38.91675,-76.45838,1.0,6.56,0.974,24.69,6.83,82.1
2019-06-21T18:45:00Z,AOB,Arundel_on_the_Bay,38.91675,-76.45838,1.0,6.56,0.98,24.77,6.83,82.1
2019-06-21T19:00:00Z,AOB,Arundel_on_the_Bay,38.91675,-76.45838,1.0,6.64,0.978,24.86,6.81,83.3
2019-06-21T19:15:00Z,AOB,Arundel_on_the_Bay,38.91675,-76.45838,1.0,6.75,0.976,24.96,6.79,84.8
2019-06-21T19:30:00Z,AOB,Arundel_on_the_Bay,38.91675,-76.45838,1.0,6.9,0.986,25.1,6.76,87.0
2019-06-21T19:45:00Z,AOB,Arundel_on_the_Bay,38.91675,-76.45838,1.0,7.09,0.98,25.27,6.71,89.6
2019-06-21T20:00:00Z,AOB,Arundel_on_the_Bay,38.91675,-76.45838,1.0,7.21,0.979,25.3,6.71,91.1
2019-06-21T20:15:00Z,AOB,Arundel_on_the_Bay,38.91675,-76.45838,1.0,7.3,0.99,25.33,6.7,92.3
2019-06-21T20:30:00Z,AOB,Arundel_on_the_Bay,38.91675,-76.45838,1.0,7.25,0.989,25.34,6.71,91.6
2019-06-21T20:45:00Z,AOB,Arundel_on_the_Bay,38.91675,-76.45838,1.0,7.24,0.993,25.28,6.74,91.5
2019-06-21T21:00:00Z,AOB,Arundel_on_the_Bay,38.91675,-76.45838,1.0,7.25,1.003,25.24,6.76,91.6
2019-06-21T21:15:00Z,AOB,Arundel_on_the_Bay,38.91675,-76.45838,1.0,7.1,1.002,25.01,6.82,89.4
2019-06-21T21:30:00Z,AOB,Arundel_on_the_Bay,38.91675,-76.45838,1.0,7.13,1.001,24.78,6.86,89.4
2019-06-21T21:45:00Z,AOB,Arundel_on_the_Bay,38.91675,-76.45838,1.0,7.15,1.004,24.77,6.86,89.6
2019-06-21T22:00:00Z,AOB,Arundel_on_the_Bay,38.91675,-76.45838,1.0,7.33,1.002,24.67,6.87,91.6
2019-06-21T22:15:00Z,AOB,Arundel_on_the_Bay,38.91675,-76.45838,1.0,7.39,1.001,24.72,6.86,92.5
2019-06-21T22:30:00Z,AOB,Arundel_on_the_Bay,38.91675,-76.45838,1.0,7.19,1.003,24.68,6.85,89.9
2019-06-21T22:45:00Z,AOB,Arundel_on_the_Bay,38.91675,-76.45838,1.0,7.23,1.007,24.82,6.81,90.7
2019-06-21T23:00:00Z,AOB,Arundel_on_the_Bay,38.91675,-76.45838,1.0,7.47,1.007,24.91,6.77,93.8
2019-06-22T00:00:00Z,AOB,Arundel_on_the_Bay,38.91675,-76.45838,1.0,7.37,1.014,24.84,6.76,92.4
2019-06-22T00:15:00Z,AOB,Arundel_on_the_Bay,38.91675,-76.45838,1.0,7.22,1.016,24.78,6.78,90.5
2019-06-22T00:30:00Z,AOB,Arundel_on_the_Bay,38.91675,-76.45838,1.0,7.05,1.017,24.43,6.85,87.8
2019-06-22T00:45:00Z,AOB,Arundel_on_the_Bay,38.91675,-76.45838,1.0,7.08,1.019,24.52,6.83,88.2
2019-06-22T01:00:00Z,AOB,Arundel_on_the_Bay,38.91675,-76.45838,1.0,7.12,1.02,24.55,6.8,88.8
2019-06-22T01:15:00Z,AOB,Arundel_on_the_Bay,38.91675,-76.45838,1.0,7.09,1.022,24.61,6.76,88.5
2019-06-22T01:30:00Z,AOB,Arundel_on_the_Bay,38.91675,-76.45838,1.0,6.98,1.024,24.65,6.75,87.3
2019-06-22T01:45:00Z,AOB,Arundel_on_the_Bay,38.91675,-76.45838,1.0,7.0,1.028,24.67,6.72,87.5
2019-06-22T02:00:00Z,AOB,Arundel_on_the_Bay,38.91675,-76.45838,1.0,6.7,1.031,24.6,6.77,83.7
2019-06-22T02:15:00Z,AOB,Arundel_on_the_Bay,38.91675,-76.45838,1.0,6.73,1.031,24.59,6.75,84.0
2019-06-22T02:30:00Z,AOB,Arundel_on_the_Bay,38.91675,-76.45838,1.0,6.84,1.034,24.59,6.75,85.3
2019-06-22T02:45:00Z,AOB,Arundel_on_the_Bay,38.91675,-76.45838,1.0,7.01,1.036,24.52,6.7,87.3
2019-06-22T03:00:00Z,AOB,Arundel_on_the_Bay,38.91675,-76.45838,1.0,6.97,1.038,24.43,6.73,86.7
2019-06-22T03:15:00Z,AOB,Arundel_on_the_Bay,38.91675,-76.45838,1.0,6.71,1.042,24.42,6.78,83.6
2019-06-22T03:30:00Z,AOB,Arundel_on_the_Bay,38.91675,-76.45838,1.0,6.57,1.042,24.36,6.79,81.7
2019-06-22T03:45:00Z,AOB,Arundel_on_the_Bay,38.91675,-76.45838,1.0,6.71,1.043,24.26,6.72,83.3
2019-06-22T04:00:00Z,AOB,Arundel_on_the_Bay,38.91675,-76.45838,1.0,6.96,1.043,24.06,6.58,85.9
2019-06-22T04:15:00Z,AOB,Arundel_on_the_Bay,38.91675,-76.45838,1.0,6.93,1.047,24.05,6.52,85.6
2019-06-22T04:30:00Z,AOB,Arundel_on_the_Bay,38.91675,-76.45838,1.0,7.1,1.046,23.75,6.28,87.0
2019-06-22T04:45:00Z,AOB,Arundel_on_the_Bay,38.91675,-76.45838,1.0,7.16,1.047,23.62,6.13,87.4
2019-06-22T05:00:00Z,AOB,Arundel_on_the_Bay,38.91675,-76.45838,1.0,7.4,1.046,23.27,5.69,89.5
2019-06-22T05:15:00Z,AOB,Arundel_on_the_Bay,38.91675,-76.45838,1.0,7.52,1.045,23.13,5.52,90.7
2019-06-22T05:30:00Z,AOB,Arundel_on_the_Bay,38.91675,-76.45838,1.0,7.59,1.046,23.04,5.41,91.3
2019-06-22T05:45:00Z,AOB,Arundel_on_the_Bay,38.91675,-76.45838,1.0,7.57,1.047,23.02,5.32,91.1
2019-06-22T06:00:00Z,AOB,Arundel_on_the_Bay,38.91675,-76.45838,1.0,7.57,1.046,22.96,5.31,90.9
2019-06-22T06:15:00Z,AOB,Arundel_on_the_Bay,38.91675,-76.45838,1.0,7.5,1.047,22.96,5.3,90.1
2019-06-22T06:30:00Z,AOB,Arundel_on_the_Bay,38.91675,-76.45838,1.0,7.55,1.044,22.89,5.27,90.5
2019-06-22T06:45:00Z,AOB,Arundel_on_the_Bay,38.91675,-76.45838,1.0,7.55,1.044,22.83,5.19,90.4
2019-06-22T07:00:00Z,AOB,Arundel_on_the_Bay,38.91675,-76.45838,1.0,7.53,1.045,22.82,5.15,90.1
2019-06-22T07:15:00Z,AOB,Arundel_on_the_Bay,38.91675,-76.45838,1.0,7.53,1.045,22.79,5.13,90.1
2019-06-22T07:30:00Z,AOB,Arundel_on_the_Bay,38.91675,-76.45838,1.0,7.47,1.046,22.76,5.11,89.3
2019-06-22T07:45:00Z,AOB,Arundel_on_the_Bay,38.91675,-76.45838,1.0,7.53,1.047,22.78,5.1,90.1
2019-06-22T08:00:00Z,AOB,Arundel_on_the_Bay,38.91675,-76.45838,1.0,7.49,1.048,22.8,5.14,89.6
2019-06-22T08:15:00Z,AOB,Arundel_on_the_Bay,38.91675,-76.45838,1.0,7.29,1.05,22.83,5.14,87.3
2019-06-22T08:30:00Z,AOB,Arundel_on_the_Bay,38.91675,-76.45838,1.0,7.46,1.05,22.78,5.03,89.1
2019-06-22T08:45:00Z,AOB,Arundel_on_the_Bay,38.91675,-76.45838,1.0,7.32,1.049,22.74,5.06,87.5
2019-06-22T09:00:00Z,AOB,Arundel_on_the_Bay,38.91675,-76.45838,1.0,7.39,1.048,22.74,5.04,88.2
2019-06-22T09:15:00Z,AOB,Arundel_on_the_Bay,38.91675,-76.45838,1.0,7.27,1.051,22.78,5.1,86.9
2019-06-22T09:30:00Z,AOB,Arundel_on_the_Bay,38.91675,-76.45838,1.0,7.28,1.048,22.69,5.12,86.9
2019-06-22T09:45:00Z,AOB,Arundel_on_the_Bay,38.91675,-76.45838,1.0,7.18,1.049,22.68,5.29,85.7
2019-06-22T10:00:00Z,AOB,Arundel_on_the_Bay,38.91675,-76.45838,1.0,6.77,1.052,23.15,5.82,81.9
2019-06-22T10:15:00Z,AOB,Arundel_on_the_Bay,38.91675,-76.45838,1.0,6.7,1.05,23.05,5.78,80.8
2019-06-22T10:30:00Z,AOB,Arundel_on_the_Bay,38.91675,-76.45838,1.0,6.82,1.054,22.95,5.71,82.1
2019-06-22T10:45:00Z,AOB,Arundel_on_the_Bay,38.91675,-76.45838,1.0,6.59,1.059,23.24,5.86,79.8
2019-06-22T11:00:00Z,AOB,Arundel_on_the_Bay,38.91675,-76.45838,1.0,6.31,1.061,23.48,6.06,76.9
2019-06-22T11:15:00Z,AOB,Arundel_on_the_Bay,38.91675,-76.45838,1.0,6.43,1.062,23.32,5.95,78.0
2019-06-22T11:30:00Z,AOB,Arundel_on_the_Bay,38.91675,-76.45838,1.0,6.35,1.061,23.39,5.96,77.2
2019-06-22T11:45:00Z,AOB,Arundel_on_the_Bay,38.91675,-76.45838,1.0,6.52,1.06,23.08,5.79,78.7
2019-06-22T12:00:00Z,AOB,Arundel_on_the_Bay,38.91675,-76.45838,1.0,7.12,1.057,22.57,5.51,85.0
2019-06-22T12:15:00Z,AOB,Arundel_on_the_Bay,38.91675,-76.45838,1.0,7.18,1.06,22.64,5.53,85.8
2019-06-22T12:30:00Z,AOB,Arundel_on_the_Bay,38.91675,-76.45838,1.0,7.28,1.06,22.71,5.53,87.1
2019-06-22T12:45:00Z,AOB,Arundel_on_the_Bay,38.91675,-76.45838,1.0,7.42,1.059,22.77,5.42,88.9
2019-06-22T13:00:00Z,AOB,Arundel_on_the_Bay,38.91675,-76.45838,1.0,7.5,1.058,22.85,5.35,90.0
2019-06-22T13:15:00Z,AOB,Arundel_on_the_Bay,38.91675,-76.45838,1.0,7.61,1.06,22.88,5.36,91.3
2019-06-22T13:30:00Z,AOB,Arundel_on_the_Bay,38.91675,-76.45838,1.0,7.44,1.06,22.97,5.5,89.5
2019-06-22T13:45:00Z,AOB,Arundel_on_the_Bay,38.91675,-76.45838,1.0,7.3,1.055,23.03,5.51,87.9
2019-06-22T14:00:00Z,AOB,Arundel_on_the_Bay,38.91675,-76.45838,1.0,7.22,1.057,23.07,5.5,87.0
2019-06-22T14:15:00Z,AOB,Arundel_on_the_Bay,38.91675,-76.45838,1.0,7.33,1.056,22.92,5.48,88.1
2019-06-22T14:30:00Z,AOB,Arundel_on_the_Bay,38.91675,-76.45838,1.0,7.57,1.057,22.82,5.4,90.7
2019-06-22T14:45:00Z,AOB,Arundel_on_the_Bay,38.91675,-76.45838,1.0,7.68,1.061,22.93,5.34,92.2
2019-06-22T15:00:00Z,AOB,Arundel_on_the_Bay,38.91675,-76.45838,1.0,7.68,1.061,23.08,5.3,92.5
2019-06-22T15:15:00Z,AOB,Arundel_on_the_Bay,38.91675,-76.45838,1.0,7.53,1.063,23.28,5.32,91.0
2019-06-22T15:30:00Z,AOB,Arundel_on_the_Bay,38.91675,-76.45838,1.0,7.51,1.062,23.45,5.32,91.0
2019-06-22T15:45:00Z,AOB,Arundel_on_the_Bay,38.91675,-76.45838,1.0,7.64,1.059,23.55,5.29,92.7
2019-06-22T16:00:00Z,AOB,Arundel_on_the_Bay,38.91675,-76.45838,1.0,7.74,1.058,23.67,5.28,94.2
2019-06-22T16:15:00Z,AOB,Arundel_on_the_Bay,38.91675,-76.45838,1.0,7.85,1.061,23.81,5.28,95.7
2019-06-22T16:30:00Z,AOB,Arundel_on_the_Bay,38.91675,-76.45838,1.0,7.94,1.06,23.9,5.27,97.0
2019-06-22T16:45:00Z,AOB,Arundel_on_the_Bay,38.91675,-76.45838,1.0,8.04,1.056,23.97,5.26,98.4
2019-06-22T17:00:00Z,AOB,Arundel_on_the_Bay,38.91675,-76.45838,1.0,8.12,1.051,24.02,5.25,99.4
2019-06-22T17:15:00Z,AOB,Arundel_on_the_Bay,38.91675,-76.45838,1.0,8.15,1.057,24.03,5.25,99.8
2019-06-22T17:30:00Z,AOB,Arundel_on_the_Bay,38.91675,-76.45838,1.0,8.16,1.05,24.05,5.24,100.0
2019-06-22T17:45:00Z,AOB,Arundel_on_the_Bay,38.91675,-76.45838,1.0,8.21,1.05,24.11,5.23,100.7
2019-06-22T18:00:00Z,AOB,Arundel_on_the_Bay,38.91675,-76.45838,1.0,8.27,1.045,24.17,5.23,101.6
2019-06-22T18:15:00Z,AOB,Arundel_on_the_Bay,38.91675,-76.45838,1.0,8.25,1.053,24.18,5.22,101.4
2019-06-22T18:30:00Z,AOB,Arundel_on_the_Bay,38.91675,-76.45838,1.0,8.36,1.05,24.22,5.21,102.8
2019-06-22T18:45:00Z,AOB,Arundel_on_the_Bay,38.91675,-76.45838,1.0,8.42,1.047,24.31,5.21,103.7
2019-06-22T19:00:00Z,AOB,Arundel_on_the_Bay,38.91675,-76.45838,1.0,8.42,1.044,24.31,5.21,103.6
2019-06-22T19:15:00Z,AOB,Arundel_on_the_Bay,38.91675,-76.45838,1.0,8.5,1.048,24.36,5.21,104.7
2019-06-22T19:30:00Z,AOB,Arundel_on_the_Bay,38.91675,-76.45838,1.0,8.51,1.05,24.36,5.21,104.8
2019-06-22T19:45:00Z,AOB,Arundel_on_the_Bay,38.91675,-76.45838,1.0,8.58,1.045,24.39,5.2,105.7
2019-06-22T20:00:00Z,AOB,Arundel_on_the_Bay,38.91675,-76.45838,1.0,8.65,1.052,24.43,5.2,106.7
2019-06-22T20:15:00Z,AOB,Arundel_on_the_Bay,38.91675,-76.45838,1.0,8.72,1.053,24.43,5.19,107.5
2019-06-22T20:30:00Z,AOB,Arundel_on_the_Bay,38.91675,-76.45838,1.0,8.59,1.056,24.38,5.19,105.8
2019-06-22T20:45:00Z,AOB,Arundel_on_the_Bay,38.91675,-76.45838,1.0,8.71,1.057,24.46,5.19,107.5
2019-06-22T21:00:00Z,AOB,Arundel_on_the_Bay,38.91675,-76.45838,1.0,8.69,1.052,24.52,5.2,107.4
2019-06-22T21:15:00Z,AOB,Arundel_on_the_Bay,38.91675,-76.45838,1.0,8.55,1.05,24.44,5.19,105.5
2019-06-22T21:30:00Z,AOB,Arundel_on_the_Bay,38.91675,-76.45838,1.0,8.65,1.052,24.5,5.19,106.8
2019-06-22T21:45:00Z,AOB,Arundel_on_the_Bay,38.91675,-76.45838,1.0,8.63,1.051,24.41,5.19,106.4
2019-06-22T22:00:00Z,AOB,Arundel_on_the_Bay,38.91675,-76.45838,1.0,8.74,1.058,24.39,5.21,107.7
2019-06-22T22:15:00Z,AOB,Arundel_on_the_Bay,38.91675,-76.45838,1.0,9.3,1.055,25.01,5.7,116.2
2019-06-22T22:30:00Z,AOB,Arundel_on_the_Bay,38.91675,-76.45838,1.0,9.18,1.056,25.05,5.91,115.0
2019-06-22T22:45:00Z,AOB,Arundel_on_the_Bay,38.91675,-76.45838,1.0,8.95,1.055,24.89,5.91,111.7
2019-06-22T23:00:00Z,AOB,Arundel_on_the_Bay,38.91675,-76.45838,1.0,8.98,1.059,24.83,5.83,112.0
2019-06-23T00:00:00Z,AOB,Arundel_on_the_Bay,38.91675,-76.45838,1.0,8.91,1.062,24.76,5.8,110.9
2019-06-23T00:15:00Z,AOB,Arundel_on_the_Bay,38.91675,-76.45838,1.0,8.9,1.062,24.69,5.75,110.6
2019-06-23T00:30:00Z,AOB,Arundel_on_the_Bay,38.91675,-76.45838,1.0,9.06,1.061,24.86,5.93,113.1
2019-06-23T00:45:00Z,AOB,Arundel_on_the_Bay,38.91675,-76.45838,1.0,8.9,1.059,24.77,5.87,110.9
2019-06-23T01:00:00Z,AOB,Arundel_on_the_Bay,38.91675,-76.45838,1.0,8.76,1.062,24.67,5.82,108.9
2019-06-23T01:15:00Z,AOB,Arundel_on_the_Bay,38.91675,-76.45838,1.0,8.78,1.067,24.68,5.91,109.2
2019-06-23T01:30:00Z,AOB,Arundel_on_the_Bay,38.91675,-76.45838,1.0,8.77,1.067,24.76,5.89,109.2
2019-06-23T01:45:00Z,AOB,Arundel_on_the_Bay,38.91675,-76.45838,1.0,8.57,1.069,24.78,5.88,106.8
2019-06-23T02:00:00Z,AOB,Arundel_on_the_Bay,38.91675,-76.45838,1.0,8.43,1.071,24.77,5.88,105.1
2019-06-23T02:15:00Z,AOB,Arundel_on_the_Bay,38.91675,-76.45838,1.0,8.44,1.07,24.56,5.77,104.7
2019-06-23T02:30:00Z,AOB,Arundel_on_the_Bay,38.91675,-76.45838,1.0,8.33,1.077,24.55,5.77,103.3
2019-06-23T02:45:00Z,AOB,Arundel_on_the_Bay,38.91675,-76.45838,1.0,8.36,1.075,24.2,5.61,102.9
2019-06-23T03:00:00Z,AOB,Arundel_on_the_Bay,38.91675,-76.45838,1.0,8.38,1.077,24.29,5.64,103.4
2019-06-23T03:15:00Z,AOB,Arundel_on_the_Bay,38.91675,-76.45838,1.0,8.32,1.08,24.29,5.61,102.6
2019-06-23T03:30:00Z,AOB,Arundel_on_the_Bay,38.91675,-76.45838,1.0,8.28,1.08,24.22,5.5,102.0
2019-06-23T03:45:00Z,AOB,Arundel_on_the_Bay,38.91675,-76.45838,1.0,8.21,1.081,24.32,5.52,101.3
2019-06-23T04:00:00Z,AOB,Arundel_on_the_Bay,38.91675,-76.45838,1.0,8.08,1.083,24.3,5.44,99.5
2019-06-23T04:15:00Z,AOB,Arundel_on_the_Bay,38.91675,-76.45838,1.0,8.02,1.081,24.28,5.42,98.8
2019-06-23T04:30:00Z,AOB,Arundel_on_the_Bay,38.91675,-76.45838,1.0,7.94,1.081,24.23,5.38,97.6
2019-06-23T04:45:00Z,AOB,Arundel_on_the_Bay,38.91675,-76.45838,1.0,7.88,1.083,24.09,5.31,96.6
2019-06-23T05:00:00Z,AOB,Arundel_on_the_Bay,38.91675,-76.45838,1.0,7.71,1.082,24.01,5.31,94.4
2019-06-23T05:15:00Z,AOB,Arundel_on_the_Bay,38.91675,-76.45838,1.0,7.53,1.082,23.99,5.31,92.2
2019-06-23T05:30:00Z,AOB,Arundel_on_the_Bay,38.91675,-76.45838,1.0,7.57,1.082,23.91,5.32,92.6
2019-06-23T05:45:00Z,AOB,Arundel_on_the_Bay,38.91675,-76.45838,1.0,7.76,1.082,23.8,5.31,94.7
2019-06-23T06:00:00Z,AOB,Arundel_on_the_Bay,38.91675,-76.45838,1.0,7.77,1.08,23.74,5.33,94.7
2019-06-23T06:15:00Z,AOB,Arundel_on_the_Bay,38.91675,-76.45838,1.0,7.78,1.081,23.67,5.35,94.7
2019-06-23T06:30:00Z,AOB,Arundel_on_the_Bay,38.91675,-76.45838,1.0,7.87,1.083,23.62,5.34,95.7
2019-06-23T06:45:00Z,AOB,Arundel_on_the_Bay,38.91675,-76.45838,1.0,7.93,1.084,23.59,5.33,96.3
2019-06-23T07:00:00Z,AOB,Arundel_on_the_Bay,38.91675,-76.45838,1.0,7.88,1.084,23.58,5.33,95.7
2019-06-23T07:15:00Z,AOB,Arundel_on_the_Bay,38.91675,-76.45838,1.0,7.98,1.085,23.58,5.32,96.9
2019-06-23T07:30:00Z,AOB,Arundel_on_the_Bay,38.91675,-76.45838,1.0,8.07,1.086,23.6,5.32,98.0
2019-06-23T07:45:00Z,AOB,Arundel_on_the_Bay,38.91675,-76.45838,1.0,8.19,1.083,23.6,5.32,99.5
2019-06-23T08:00:00Z,AOB,Arundel_on_the_Bay,38.91675,-76.45838,1.0,8.25,1.082,23.6,5.32,100.2
2019-06-23T08:15:00Z,AOB,Arundel_on_the_Bay,38.91675,-76.45838,1.0,8.23,1.085,23.6,5.31,100.1
2019-06-23T08:30:00Z,AOB,Arundel_on_the_Bay,38.91675,-76.45838,1.0,8.22,1.086,23.59,5.31,99.8
2019-06-23T08:45:00Z,AOB,Arundel_on_the_Bay,38.91675,-76.45838,1.0,8.13,1.086,23.57,5.31,98.8
2019-06-23T09:00:00Z,AOB,Arundel_on_the_Bay,38.91675,-76.45838,1.0,8.08,1.084,23.55,5.31,98.1
2019-06-23T09:15:00Z,AOB,Arundel_on_the_Bay,38.91675,-76.45838,1.0,8.02,1.087,23.53,5.32,97.4
2019-06-23T09:30:00Z,AOB,Arundel_on_the_Bay,38.91675,-76.45838,1.0,7.95,1.086,23.51,5.32,96.4
2019-06-23T09:45:00Z,AOB,Arundel_on_the_Bay,38.91675,-76.45838,1.0,7.93,1.088,23.53,5.32,96.3
2019-06-23T10:00:00Z,AOB,Arundel_on_the_Bay,38.91675,-76.45838,1.0,7.69,1.089,23.55,5.37,93.4
2019-06-23T10:15:00Z,AOB,Arundel_on_the_Bay,38.91675,-76.45838,1.0,7.66,1.087,23.48,5.52,93.0
2019-06-23T10:30:00Z,AOB,Arundel_on_the_Bay,38.91675,-76.45838,1.0,7.71,1.094,23.65,5.74,94.0
2019-06-23T10:45:00Z,AOB,Arundel_on_the_Bay,38.91675,-76.45838,1.0,7.45,1.095,23.7,5.82,90.9
2019-06-23T11:00:00Z,AOB,Arundel_on_the_Bay,38.91675,-76.45838,1.0,7.67,1.095,23.71,5.79,93.7
2019-06-23T11:15:00Z,AOB,Arundel_on_the_Bay,38.91675,-76.45838,1.0,7.54,1.096,23.69,5.81,92.0
2019-06-23T11:30:00Z,AOB,Arundel_on_the_Bay,38.91675,-76.45838,1.0,7.57,1.097,23.59,5.73,92.2
2019-06-23T11:45:00Z,AOB,Arundel_on_the_Bay,38.91675,-76.45838,1.0,7.69,1.101,23.68,5.72,93.8
2019-06-23T12:00:00Z,AOB,Arundel_on_the_Bay,38.91675,-76.45838,1.0,7.81,1.1,23.61,5.67,95.1
2019-06-23T12:15:00Z,AOB,Arundel_on_the_Bay,38.91675,-76.45838,1.0,7.8,1.099,23.63,5.67,95.1
2019-06-23T12:30:00Z,AOB,Arundel_on_the_Bay,38.91675,-76.45838,1.0,7.61,1.101,23.69,5.75,92.8
2019-06-23T12:45:00Z,AOB,Arundel_on_the_Bay,38.91675,-76.45838,1.0,8.14,1.103,23.61,5.78,99.2
2019-06-23T13:00:00Z,AOB,Arundel_on_the_Bay,38.91675,-76.45838,1.0,8.04,1.098,23.66,5.75,98.1
2019-06-23T13:15:00Z,AOB,Arundel_on_the_Bay,38.91675,-76.45838,1.0,8.2,1.097,23.68,5.77,100.1
2019-06-23T13:30:00Z,AOB,Arundel_on_the_Bay,38.91675,-76.45838,1.0,8.47,1.094,23.76,5.37,103.2
2019-06-23T13:45:00Z,AOB,Arundel_on_the_Bay,38.91675,-76.45838,1.0,9.01,1.094,23.77,5.08,109.7
2019-06-23T14:00:00Z,AOB,Arundel_on_the_Bay,38.91675,-76.45838,1.0,9.26,1.091,23.79,4.99,112.8
2019-06-23T14:15:00Z,AOB,Arundel_on_the_Bay,38.91675,-76.45838,1.0,9.35,1.087,23.86,4.98,114.0
2019-06-23T14:30:00Z,AOB,Arundel_on_the_Bay,38.91675,-76.45838,1.0,9.51,1.086,23.91,4.94,116.0
2019-06-23T14:45:00Z,AOB,Arundel_on_the_Bay,38.91675,-76.45838,1.0,9.56,1.084,23.98,4.94,116.8
2019-06-23T15:00:00Z,AOB,Arundel_on_the_Bay,38.91675,-76.45838,1.0,9.73,1.085,24.06,4.9,119.0
2019-06-23T15:15:00Z,AOB,Arundel_on_the_Bay,38.91675,-76.45838,1.0,9.85,1.079,24.13,4.89,120.6
2019-06-23T15:30:00Z,AOB,Arundel_on_the_Bay,38.91675,-76.45838,1.0,10.0,1.082,24.21,4.87,122.7
2019-06-23T15:45:00Z,AOB,Arundel_on_the_Bay,38.91675,-76.45838,1.0,10.13,1.079,24.28,4.86,124.4
2019-06-23T16:00:00Z,AOB,Arundel_on_the_Bay,38.91675,-76.45838,1.0,10.28,1.081,24.37,4.84,126.4
2019-06-23T16:15:00Z,AOB,Arundel_on_the_Bay,38.91675,-76.45838,1.0,10.31,1.076,24.44,4.83,126.9
2019-06-23T16:30:00Z,AOB,Arundel_on_the_Bay,38.91675,-76.45838,1.0,10.56,1.072,24.53,4.8,130.2
2019-06-23T16:45:00Z,AOB,Arundel_on_the_Bay,38.91675,-76.45838,1.0,10.49,1.077,24.63,4.83,129.5
2019-06-23T17:00:00Z,AOB,Arundel_on_the_Bay,38.91675,-76.45838,1.0,10.8,1.075,24.69,4.78,133.5
2019-06-23T17:15:00Z,AOB,Arundel_on_the_Bay,38.91675,-76.45838,1.0,10.87,1.071,24.83,4.8,134.8
2019-06-23T17:30:00Z,AOB,Arundel_on_the_Bay,38.91675,-76.45838,1.0,10.97,1.066,24.93,4.76,136.2
2019-06-23T17:45:00Z,AOB,Arundel_on_the_Bay,38.91675,-76.45838,1.0,11.13,1.063,24.99,4.7,138.3
2019-06-23T18:00:00Z,AOB,Arundel_on_the_Bay,38.91675,-76.45838,1.0,11.17,1.071,25.13,4.68,139.2
2019-06-23T18:15:00Z,AOB,Arundel_on_the_Bay,38.91675,-76.45838,1.0,11.3,1.063,25.16,4.64,140.8
2019-06-23T18:30:00Z,AOB,Arundel_on_the_Bay,38.91675,-76.45838,1.0,11.51,1.066,25.18,4.61,143.4
2019-06-23T18:45:00Z,AOB,Arundel_on_the_Bay,38.91675,-76.45838,1.0,11.69,1.059,25.24,4.6,145.9
2019-06-23T19:00:00Z,AOB,Arundel_on_the_Bay,38.91675,-76.45838,1.0,11.75,1.055,25.28,4.59,146.7
2019-06-23T19:15:00Z,AOB,Arundel_on_the_Bay,38.91675,-76.45838,1.0,11.8,1.061,25.34,4.59,147.4
2019-06-23T19:30:00Z,AOB,Arundel_on_the_Bay,38.91675,-76.45838,1.0,11.92,1.056,25.38,4.59,149.1
2019-06-23T19:45:00Z,AOB,Arundel_on_the_Bay,38.91675,-76.45838,1.0,11.99,1.057,25.43,4.61,150.1
2019-06-23T20:00:00Z,AOB,Arundel_on_the_Bay,38.91675,-76.45838,1.0,12.01,1.054,25.48,4.65,150.5
2019-06-23T20:15:00Z,AOB,Arundel_on_the_Bay,38.91675,-76.45838,1.0,12.21,1.057,25.6,4.71,153.4
2019-06-23T20:30:00Z,AOB,Arundel_on_the_Bay,38.91675,-76.45838,1.0,11.75,1.061,25.6,4.76,147.7
2019-06-23T20:45:00Z,AOB,Arundel_on_the_Bay,38.91675,-76.45838,1.0,11.75,1.058,25.61,4.77,147.7
2019-06-23T21:00:00Z,AOB,Arundel_on_the_Bay,38.91675,-76.45838,1.0,11.81,1.052,25.48,4.77,148.2
2019-06-23T21:15:00Z,AOB,Arundel_on_the_Bay,38.91675,-76.45838,1.0,12.2,1.052,25.36,4.76,152.7
2019-06-23T21:30:00Z,AOB,Arundel_on_the_Bay,38.91675,-76.45838,1.0,11.91,1.047,25.22,4.78,148.7
2019-06-23T21:45:00Z,AOB,Arundel_on_the_Bay,38.91675,-76.45838,1.0,12.02,1.036,25.2,4.76,150.0
2019-06-23T22:00:00Z,AOB,Arundel_on_the_Bay,38.91675,-76.45838,1.0,12.26,1.044,25.23,4.7,152.9
2019-06-23T22:15:00Z,AOB,Arundel_on_the_Bay,38.91675,-76.45838,1.0,12.03,1.047,25.26,4.69,150.2
2019-06-23T22:30:00Z,AOB,Arundel_on_the_Bay,38.91675,-76.45838,1.0,11.85,1.045,25.28,4.74,148.1
2019-06-23T22:45:00Z,AOB,Arundel_on_the_Bay,38.91675,-76.45838,1.0,11.67,1.049,25.29,4.79,145.9
2019-06-23T23:00:00Z,AOB,Arundel_on_the_Bay,38.91675,-76.45838,1.0,11.57,1.044,25.33,4.84,144.7
2019-06-24T00:00:00Z,AOB,Arundel_on_the_Bay,38.91675,-76.45838,1.0,11.3,1.049,25.16,4.89,141.0
2019-06-24T00:15:00Z,AOB,Arundel_on_the_Bay,38.91675,-76.45838,1.0,11.2,1.048,25.11,4.88,139.7
2019-06-24T00:30:00Z,AOB,Arundel_on_the_Bay,38.91675,-76.45838,1.0,10.7,1.049,25.04,4.98,133.3
2019-06-24T00:45:00Z,AOB,Arundel_on_the_Bay,38.91675,-76.45838,1.0,10.07,1.044,25.35,5.45,126.5
2019-06-24T01:00:00Z,AOB,Arundel_on_the_Bay,38.91675,-76.45838,1.0,10.35,1.047,25.25,5.21,129.6
2019-06-24T01:15:00Z,AOB,Arundel_on_the_Bay,38.91675,-76.45838,1.0,10.45,1.041,25.18,5.08,130.6
2019-06-24T01:30:00Z,AOB,Arundel_on_the_Bay,38.91675,-76.45838,1.0,10.74,1.05,25.17,4.93,134.1
2019-06-24T01:45:00Z,AOB,Arundel_on_the_Bay,38.91675,-76.45838,1.0,10.71,1.047,25.17,4.92,133.7
2019-06-24T02:00:00Z,AOB,Arundel_on_the_Bay,38.91675,-76.45838,1.0,10.65,1.048,25.04,4.87,132.6
2019-06-24T02:15:00Z,AOB,Arundel_on_the_Bay,38.91675,-76.45838,1.0,10.66,1.053,24.96,4.85,132.5
2019-06-24T02:30:00Z,AOB,Arundel_on_the_Bay,38.91675,-76.45838,1.0,10.61,1.046,24.97,4.84,131.8
2019-06-24T02:45:00Z,AOB,Arundel_on_the_Bay,38.91675,-76.45838,1.0,10.53,1.043,24.99,4.83,130.9
2019-06-24T03:00:00Z,AOB,Arundel_on_the_Bay,38.91675,-76.45838,1.0,10.36,1.039,25.03,4.82,128.9
2019-06-24T03:15:00Z,AOB,Arundel_on_the_Bay,38.91675,-76.45838,1.0,10.25,1.043,25.14,4.83,127.9
2019-06-24T03:30:00Z,AOB,Arundel_on_the_Bay,38.91675,-76.45838,1.0,9.79,1.046,25.35,4.89,122.5
2019-06-24T03:45:00Z,AOB,Arundel_on_the_Bay,38.91675,-76.45838,1.0,10.2,1.041,25.25,4.85,127.4
2019-06-24T04:00:00Z,AOB,Arundel_on_the_Bay,38.91675,-76.45838,1.0,10.44,1.045,25.16,4.81,130.1
2019-06-24T04:15:00Z,AOB,Arundel_on_the_Bay,38.91675,-76.45838,1.0,10.37,1.043,25.15,4.82,129.3
2019-06-24T04:30:00Z,AOB,Arundel_on_the_Bay,38.91675,-76.45838,1.0,10.33,1.042,25.12,4.82,128.7
2019-06-24T04:45:00Z,AOB,Arundel_on_the_Bay,38.91675,-76.45838,1.0,10.33,1.039,25.07,4.82,128.6
2019-06-24T05:00:00Z,AOB,Arundel_on_the_Bay,38.91675,-76.45838,1.0,10.41,1.039,24.96,4.8,129.4
2019-06-24T05:15:00Z,AOB,Arundel_on_the_Bay,38.91675,-76.45838,1.0,10.46,1.041,24.82,4.77,129.7
2019-06-24T05:30:00Z,AOB,Arundel_on_the_Bay,38.91675,-76.45838,1.0,10.51,1.039,24.72,4.72,130.0
2019-06-24T05:45:00Z,AOB,Arundel_on_the_Bay,38.91675,-76.45838,1.0,10.46,1.037,24.64,4.68,129.2
2019-06-24T06:00:00Z,AOB,Arundel_on_the_Bay,38.91675,-76.45838,1.0,10.33,1.036,24.58,4.64,127.4
2019-06-24T06:15:00Z,AOB,Arundel_on_the_Bay,38.91675,-76.45838,1.0,10.25,1.033,24.55,4.62,126.2
2019-06-24T06:30:00Z,AOB,Arundel_on_the_Bay,38.91675,-76.45838,1.0,10.2,1.027,24.54,4.64,125.7
2019-06-24T06:45:00Z,AOB,Arundel_on_the_Bay,38.91675,-76.45838,1.0,10.13,1.028,24.56,4.66,124.9
2019-06-24T07:00:00Z,AOB,Arundel_on_the_Bay,38.91675,-76.45838,1.0,10.15,1.029,24.43,4.61,124.7
2019-06-24T07:15:00Z,AOB,Arundel_on_the_Bay,38.91675,-76.45838,1.0,10.11,1.028,24.42,4.61,124.2
2019-06-24T07:30:00Z,AOB,Arundel_on_the_Bay,38.91675,-76.45838,1.0,8.78,1.027,24.35,4.72,107.8
2019-06-24T07:45:00Z,AOB,Arundel_on_the_Bay,38.91675,-76.45838,1.0,8.75,1.028,24.3,4.75,107.4
2019-06-24T08:00:00Z,AOB,Arundel_on_the_Bay,38.91675,-76.45838,1.0,8.37,1.027,24.25,4.86,102.7
2019-06-24T08:15:00Z,AOB,Arundel_on_the_Bay,38.91675,-76.45838,1.0,8.22,1.027,24.23,4.98,100.8
2019-06-24T08:30:00Z,AOB,Arundel_on_the_Bay,38.91675,-76.45838,1.0,8.04,1.029,24.22,5.03,98.6
2019-06-24T08:45:00Z,AOB,Arundel_on_the_Bay,38.91675,-76.45838,1.0,8.16,1.029,24.19,4.99,100.1
2019-06-24T09:00:00Z,AOB,Arundel_on_the_Bay,38.91675,-76.45838,1.0,8.03,1.026,24.27,4.96,98.6
2019-06-24T09:15:00Z,AOB,Arundel_on_the_Bay,38.91675,-76.45838,1.0,7.97,1.027,24.18,5.01,97.7
2019-06-24T09:30:00Z,AOB,Arundel_on_the_Bay,38.91675,-76.45838,1.0,7.98,1.027,24.14,4.99,97.7
2019-06-24T09:45:00Z,AOB,Arundel_on_the_Bay,38.91675,-76.45838,1.0,7.99,1.034,24.14,4.99,97.9
2019-06-24T10:00:00Z,AOB,Arundel_on_the_Bay,38.91675,-76.45838,1.0,7.92,1.033,24.13,5.01,97.0
2019-06-24T10:15:00Z,AOB,Arundel_on_the_Bay,38.91675,-76.45838,1.0,8.08,1.034,24.27,5.11,99.3
2019-06-24T10:30:00Z,AOB,Arundel_on_the_Bay,38.91675,-76.45838,1.0,8.35,1.032,24.31,5.13,102.7
2019-06-24T10:45:00Z,AOB,Arundel_on_the_Bay,38.91675,-76.45838,1.0,8.56,1.033,24.34,5.13,105.3
2019-06-24T11:00:00Z,AOB,Arundel_on_the_Bay,38.91675,-76.45838,1.0,8.66,1.035,24.38,5.13,106.7
2019-06-24T11:15:00Z,AOB,Arundel_on_the_Bay,38.91675,-76.45838,1.0,8.49,1.036,24.4,5.15,104.6
2019-06-24T11:30:00Z,AOB,Arundel_on_the_Bay,38.91675,-76.45838,1.0,8.48,1.035,24.42,5.18,104.5
2019-06-24T11:45:00Z,AOB,Arundel_on_the_Bay,38.91675,-76.45838,1.0,8.36,1.035,24.34,5.17,103.0
2019-06-24T12:00:00Z,AOB,Arundel_on_the_Bay,38.91675,-76.45838,1.0,8.36,1.036,24.38,5.18,103.0
2019-06-24T12:15:00Z,AOB,Arundel_on_the_Bay,38.91675,-76.45838,1.0,7.94,1.031,24.13,5.23,97.4
2019-06-24T12:30:00Z,AOB,Arundel_on_the_Bay,38.91675,-76.45838,1.0,8.06,1.034,24.24,5.24,99.1
2019-06-24T12:45:00Z,AOB,Arundel_on_the_Bay,38.91675,-76.45838,1.0,8.09,1.032,24.16,5.28,99.4
2019-06-24T13:00:00Z,AOB,Arundel_on_the_Bay,38.91675,-76.45838,1.0,8.37,1.033,24.2,5.3,102.9
2019-06-24T13:15:00Z,AOB,Arundel_on_the_Bay,38.91675,-76.45838,1.0,8.33,1.033,24.25,5.28,102.5
2019-06-24T13:30:00Z,AOB,Arundel_on_the_Bay,38.91675,-76.45838,1.0,8.43,1.033,24.39,5.19,103.9
2019-06-24T13:45:00Z,AOB,Arundel_on_the_Bay,38.91675,-76.45838,1.0,8.34,1.03,24.37,5.24,102.8
2019-06-24T14:00:00Z,AOB,Arundel_on_the_Bay,38.91675,-76.45838,1.0,8.56,1.031,24.42,5.19,105.6
2019-06-24T14:15:00Z,AOB,Arundel_on_the_Bay,38.91675,-76.45838,1.0,8.64,1.03,24.37,5.22,106.4
2019-06-24T14:30:00Z,AOB,Arundel_on_the_Bay,38.91675,-76.45838,1.0,8.82,1.027,24.42,5.25,108.8
2019-06-24T14:45:00Z,AOB,Arundel_on_the_Bay,38.91675,-76.45838,1.0,9.28,1.027,24.32,5.32,114.4
2019-06-24T15:00:00Z,AOB,Arundel_on_the_Bay,38.91675,-76.45838,1.0,9.5,1.026,24.34,5.32,117.1
2019-06-24T15:15:00Z,AOB,Arundel_on_the_Bay,38.91675,-76.45838,1.0,8.8,1.026,24.31,5.27,108.3
2019-06-24T15:30:00Z,AOB,Arundel_on_the_Bay,38.91675,-76.45838,1.0,8.8,1.024,24.5,5.22,108.7
2019-06-24T15:45:00Z,AOB,Arundel_on_the_Bay,38.91675,-76.45838,1.0,9.22,1.025,24.89,5.15,114.7
2019-06-24T16:00:00Z,AOB,Arundel_on_the_Bay,38.91675,-76.45838,1.0,9.1,1.019,24.84,5.16,113.1
2019-06-24T16:15:00Z,AOB,Arundel_on_the_Bay,38.91675,-76.45838,1.0,8.47,1.02,24.47,5.19,104.5
2019-06-24T16:30:00Z,AOB,Arundel_on_the_Bay,38.91675,-76.45838,1.0,8.65,1.023,24.63,5.19,107.1
2019-06-24T16:45:00Z,AOB,Arundel_on_the_Bay,38.91675,-76.45838,1.0,8.62,1.019,24.74,5.19,106.9
2019-06-24T17:00:00Z,AOB,Arundel_on_the_Bay,38.91675,-76.45838,1.0,9.11,1.02,25.09,5.19,113.7
2019-06-24T17:15:00Z,AOB,Arundel_on_the_Bay,38.91675,-76.45838,1.0,8.5,1.012,24.89,5.25,105.8
2019-06-24T17:30:00Z,AOB,Arundel_on_the_Bay,38.91675,-76.45838,1.0,8.76,1.017,25.02,5.25,109.3
2019-06-24T17:45:00Z,AOB,Arundel_on_the_Bay,38.91675,-76.45838,1.0,8.24,1.015,24.84,5.32,102.4
2019-06-24T18:00:00Z,AOB,Arundel_on_the_Bay,38.91675,-76.45838,1.0,9.01,1.015,25.35,5.27,113.1
2019-06-24T18:15:00Z,AOB,Arundel_on_the_Bay,38.91675,-76.45838,1.0,9.07,1.012,25.45,5.29,114.0
2019-06-24T18:30:00Z,AOB,Arundel_on_the_Bay,38.91675,-76.45838,1.0,8.63,1.011,25.32,5.35,108.3
2019-06-24T18:45:00Z,AOB,Arundel_on_the_Bay,38.91675,-76.45838,1.0,8.08,1.01,25.1,5.41,101.0
2019-06-24T19:00:00Z,AOB,Arundel_on_the_Bay,38.91675,-76.45838,1.0,8.22,1.012,25.3,5.4,103.1
2019-06-24T19:15:00Z,AOB,Arundel_on_the_Bay,38.91675,-76.45838,1.0,8.54,1.009,25.46,5.38,107.5
2019-06-24T19:30:00Z,AOB,Arundel_on_the_Bay,38.91675,-76.45838,1.0,8.94,1.011,25.6,5.34,112.7
2019-06-24T19:45:00Z,AOB,Arundel_on_the_Bay,38.91675,-76.45838,1.0,9.02,1.011,25.61,5.33,113.8
2019-06-24T20:00:00Z,AOB,Arundel_on_the_Bay,38.91675,-76.45838,1.0,9.27,1.012,25.65,5.31,117.0
2019-06-24T20:15:00Z,AOB,Arundel_on_the_Bay,38.91675,-76.45838,1.0,9.31,1.01,25.62,5.3,117.4
2019-06-24T20:30:00Z,AOB,Arundel_on_the_Bay,38.91675,-76.45838,1.0,9.28,1.01,25.63,5.31,117.0
2019-06-24T20:45:00Z,AOB,Arundel_on_the_Bay,38.91675,-76.45838,1.0,8.89,1.007,25.31,5.32,111.5
2019-06-24T21:00:00Z,AOB,Arundel_on_the_Bay,38.91675,-76.45838,1.0,8.0,1.007,25.03,5.38,99.9
2019-06-24T21:15:00Z,AOB,Arundel_on_the_Bay,38.91675,-76.45838,1.0,8.65,1.007,25.26,5.34,108.4
2019-06-24T21:30:00Z,AOB,Arundel_on_the_Bay,38.91675,-76.45838,1.0,8.78,1.006,25.41,5.34,110.4
2019-06-24T21:45:00Z,AOB,Arundel_on_the_Bay,38.91675,-76.45838,1.0,9.25,1.003,25.45,5.29,116.3
2019-06-24T22:00:00Z,AOB,Arundel_on_the_Bay,38.91675,-76.45838,1.0,9.56,0.999,25.53,5.27,120.4
2019-06-24T22:15:00Z,AOB,Arundel_on_the_Bay,38.91675,-76.45838,1.0,9.37,0.995,25.55,5.28,118.0
2019-06-24T22:30:00Z,AOB,Arundel_on_the_Bay,38.91675,-76.45838,1.0,9.65,0.995,25.62,5.26,121.7
2019-06-24T22:45:00Z,AOB,Arundel_on_the_Bay,38.91675,-76.45838,1.0,9.76,1.0,25.8,5.25,123.5
2019-06-24T23:00:00Z,AOB,Arundel_on_the_Bay,38.91675,-76.45838,1.0,9.37,0.999,25.67,5.28,118.2
2019-06-25T00:00:00Z,AOB,Arundel_on_the_Bay,38.91675,-76.45838,1.0,8.69,0.991,25.04,5.32,108.5
2019-06-25T00:15:00Z,AOB,Arundel_on_the_Bay,38.91675,-76.45838,1.0,8.69,0.995,25.0,5.31,108.3
2019-06-25T00:30:00Z,AOB,Arundel_on_the_Bay,38.91675,-76.45838,1.0,8.61,1.003,25.02,5.32,107.4
2019-06-25T00:45:00Z,AOB,Arundel_on_the_Bay,38.91675,-76.45838,1.0,8.75,0.997,24.95,5.3,109.1
2019-06-25T01:00:00Z,AOB,Arundel_on_the_Bay,38.91675,-76.45838,1.0,8.66,0.994,24.98,5.31,108.0
2019-06-25T01:15:00Z,AOB,Arundel_on_the_Bay,38.91675,-76.45838,1.0,8.8,0.998,25.23,5.38,110.3
2019-06-25T01:30:00Z,AOB,Arundel_on_the_Bay,38.91675,-76.45838,1.0,8.57,0.999,25.15,5.36,107.2
2019-06-25T01:45:00Z,AOB,Arundel_on_the_Bay,38.91675,-76.45838,1.0,8.78,0.996,25.43,5.41,110.4
2019-06-25T02:00:00Z,AOB,Arundel_on_the_Bay,38.91675,-76.45838,1.0,8.78,0.992,25.44,5.43,110.5
2019-06-25T02:15:00Z,AOB,Arundel_on_the_Bay,38.91675,-76.45838,1.0,8.47,0.998,25.29,5.39,106.3
2019-06-25T02:30:00Z,AOB,Arundel_on_the_Bay,38.91675,-76.45838,1.0,9.0,0.997,25.3,5.48,113.0
2019-06-25T02:45:00Z,AOB,Arundel_on_the_Bay,38.91675,-76.45838,1.0,8.82,0.994,25.29,5.46,110.7
2019-06-25T03:00:00Z,AOB,Arundel_on_the_Bay,38.91675,-76.45838,1.0,7.99,0.994,25.08,5.34,99.8
2019-06-25T03:15:00Z,AOB,Arundel_on_the_Bay,38.91675,-76.45838,1.0,7.99,0.992,25.04,5.32,99.7
2019-06-25T03:30:00Z,AOB,Arundel_on_the_Bay,38.91675,-76.45838,1.0,8.09,0.993,24.99,5.31,100.9
2019-06-25T03:45:00Z,AOB,Arundel_on_the_Bay,38.91675,-76.45838,1.0,7.92,0.994,25.02,5.31,98.8
2019-06-25T04:00:00Z,AOB,Arundel_on_the_Bay,38.91675,-76.45838,1.0,7.91,0.991,25.03,5.3,98.7
2019-06-25T04:15:00Z,AOB,Arundel_on_the_Bay,38.91675,-76.45838,1.0,7.97,0.997,25.04,5.31,99.5
2019-06-25T04:30:00Z,AOB,Arundel_on_the_Bay,38.91675,-76.45838,1.0,8.01,0.995,25.1,5.32,100.1
2019-06-25T04:45:00Z,AOB,Arundel_on_the_Bay,38.91675,-76.45838,1.0,7.93,0.995,25.1,5.33,99.0
2019-06-25T05:00:00Z,AOB,Arundel_on_the_Bay,38.91675,-76.45838,1.0,8.05,0.989,25.14,5.35,100.7
2019-06-25T05:15:00Z,AOB,Arundel_on_the_Bay,38.91675,-76.45838,1.0,7.81,0.985,25.12,5.32,97.7
2019-06-25T05:30:00Z,AOB,Arundel_on_the_Bay,38.91675,-76.45838,1.0,7.91,0.989,25.13,5.42,99.0
2019-06-25T05:45:00Z,AOB,Arundel_on_the_Bay,38.91675,-76.45838,1.0,6.85,0.983,24.77,5.53,85.2
2019-06-25T06:00:00Z,AOB,Arundel_on_the_Bay,38.91675,-76.45838,1.0,4.76,0.978,24.01,6.04,58.5
2019-06-25T06:15:00Z,AOB,Arundel_on_the_Bay,38.91675,-76.45838,1.0,4.66,0.978,23.91,6.09,57.2
2019-06-25T06:30:00Z,AOB,Arundel_on_the_Bay,38.91675,-76.45838,1.0,4.6,0.982,23.87,6.11,56.5
2019-06-25T06:45:00Z,AOB,Arundel_on_the_Bay,38.91675,-76.45838,1.0,4.54,0.986,23.85,6.12,55.7
2019-06-25T07:00:00Z,AOB,Arundel_on_the_Bay,38.91675,-76.45838,1.0,4.57,0.992,23.84,6.13,56.0
2019-06-25T07:15:00Z,AOB,Arundel_on_the_Bay,38.91675,-76.45838,1.0,4.76,0.989,23.84,6.11,58.4
2019-06-25T07:30:00Z,AOB,Arundel_on_the_Bay,38.91675,-76.45838,1.0,5.15,0.989,23.83,6.11,63.1
2019-06-25T07:45:00Z,AOB,Arundel_on_the_Bay,38.91675,-76.45838,1.0,5.33,0.987,23.87,6.07,65.4
2019-06-25T08:00:00Z,AOB,Arundel_on_the_Bay,38.91675,-76.45838,1.0,5.39,0.987,23.9,6.04,66.2
2019-06-25T08:15:00Z,AOB,Arundel_on_the_Bay,38.91675,-76.45838,1.0,5.45,0.984,23.94,5.98,66.9
2019-06-25T08:30:00Z,AOB,Arundel_on_the_Bay,38.91675,-76.45838,1.0,5.57,0.983,23.97,5.95,68.4
2019-06-25T08:45:00Z,AOB,Arundel_on_the_Bay,38.91675,-76.45838,1.0,5.97,0.983,23.96,5.92,73.3
2019-06-25T09:00:00Z,AOB,Arundel_on_the_Bay,38.91675,-76.45838,1.0,6.18,0.985,23.97,5.89,75.8
2019-06-25T09:15:00Z,AOB,Arundel_on_the_Bay,38.91675,-76.45838,1.0,6.44,0.989,23.99,5.85,79.1
2019-06-25T09:30:00Z,AOB,Arundel_on_the_Bay,38.91675,-76.45838,1.0,6.54,0.991,24.01,5.82,80.4
2019-06-25T09:45:00Z,AOB,Arundel_on_the_Bay,38.91675,-76.45838,1.0,6.55,0.995,24.02,5.8,80.4
2019-06-25T10:00:00Z,AOB,Arundel_on_the_Bay,38.91675,-76.45838,1.0,6.42,0.995,24.03,5.78,78.8
2019-06-25T10:15:00Z,AOB,Arundel_on_the_Bay,38.91675,-76.45838,1.0,6.19,0.996,24.0,5.82,76.1
2019-06-25T10:30:00Z,AOB,Arundel_on_the_Bay,38.91675,-76.45838,1.0,6.51,0.994,24.02,5.79,80.0
2019-06-25T10:45:00Z,AOB,Arundel_on_the_Bay,38.91675,-76.45838,1.0,6.63,0.995,24.03,5.77,81.5
2019-06-25T11:00:00Z,AOB,Arundel_on_the_Bay,38.91675,-76.45838,1.0,6.65,1.0,24.06,5.75,81.8
2019-06-25T11:15:00Z,AOB,Arundel_on_the_Bay,38.91675,-76.45838,1.0,6.64,1.004,24.13,5.74,81.7
2019-06-25T11:30:00Z,AOB,Arundel_on_the_Bay,38.91675,-76.45838,1.0,6.91,1.005,24.29,5.69,85.2
2019-06-25T11:45:00Z,AOB,Arundel_on_the_Bay,38.91675,-76.45838,1.0,6.95,1.009,24.46,5.66,86.0
2019-06-25T12:00:00Z,AOB,Arundel_on_the_Bay,38.91675,-76.45838,1.0,6.36,1.011,24.41,5.71,78.7
2019-06-25T12:15:00Z,AOB,Arundel_on_the_Bay,38.91675,-76.45838,1.0,6.39,1.014,24.37,5.73,79.0
2019-06-25T12:30:00Z,AOB,Arundel_on_the_Bay,38.91675,-76.45838,1.0,5.54,1.015,24.34,5.81,68.5
2019-06-25T12:45:00Z,AOB,Arundel_on_the_Bay,38.91675,-76.45838,1.0,5.49,1.017,24.28,5.84,67.7
2019-06-25T13:00:00Z,AOB,Arundel_on_the_Bay,38.91675,-76.45838,1.0,5.4,1.018,24.24,5.86,66.6
2019-06-25T13:15:00Z,AOB,Arundel_on_the_Bay,38.91675,-76.45838,1.0,5.43,1.017,24.33,5.84,67.1
2019-06-25T13:30:00Z,AOB,Arundel_on_the_Bay,38.91675,-76.45838,1.0,6.47,1.017,24.51,5.78,80.1
2019-06-25T13:45:00Z,AOB,Arundel_on_the_Bay,38.91675,-76.45838,1.0,6.31,1.019,24.54,5.79,78.3
2019-06-25T14:00:00Z,AOB,Arundel_on_the_Bay,38.91675,-76.45838,1.0,6.9,1.02,24.52,5.78,85.6
2019-06-25T14:15:00Z,AOB,Arundel_on_the_Bay,38.91675,-76.45838,1.0,7.33,1.02,24.59,5.79,90.9
2019-06-25T14:30:00Z,AOB,Arundel_on_the_Bay,38.91675,-76.45838,1.0,7.6,1.021,24.63,5.79,94.5
2019-06-25T14:45:00Z,AOB,Arundel_on_the_Bay,38.91675,-76.45838,1.0,7.84,1.019,24.69,5.78,97.5
2019-06-25T15:00:00Z,AOB,Arundel_on_the_Bay,38.91675,-76.45838,1.0,7.6,1.019,24.77,5.78,94.6
2019-06-25T15:15:00Z,AOB,Arundel_on_the_Bay,38.91675,-76.45838,1.0,7.86,1.024,24.78,5.78,97.9
2019-06-25T15:30:00Z,AOB,Arundel_on_the_Bay,38.91675,-76.45838,1.0,8.1,1.025,24.88,5.77,101.0
2019-06-25T15:45:00Z,AOB,Arundel_on_the_Bay,38.91675,-76.45838,1.0,7.94,1.024,24.91,5.77,99.2
2019-06-25T16:00:00Z,AOB,Arundel_on_the_Bay,38.91675,-76.45838,1.0,8.5,1.023,25.07,5.73,106.3
2019-06-25T16:15:00Z,AOB,Arundel_on_the_Bay,38.91675,-76.45838,1.0,8.59,1.025,25.18,5.71,107.7
2019-06-25T16:30:00Z,AOB,Arundel_on_the_Bay,38.91675,-76.45838,1.0,8.65,1.025,25.24,5.7,108.6
2019-06-25T16:45:00Z,AOB,Arundel_on_the_Bay,38.91675,-76.45838,1.0,7.42,1.028,25.09,5.76,92.9
2019-06-25T17:00:00Z,AOB,Arundel_on_the_Bay,38.91675,-76.45838,1.0,7.27,1.029,24.95,5.76,90.8
2019-06-25T17:15:00Z,AOB,Arundel_on_the_Bay,38.91675,-76.45838,1.0,7.3,1.026,24.98,5.76,91.2
2019-06-25T17:30:00Z,AOB,Arundel_on_the_Bay,38.91675,-76.45838,1.0,7.39,1.024,25.04,5.76,92.5
2019-06-25T17:45:00Z,AOB,Arundel_on_the_Bay,38.91675,-76.45838,1.0,7.63,1.027,25.15,5.75,95.7
2019-06-25T18:00:00Z,AOB,Arundel_on_the_Bay,38.91675,-76.45838,1.0,7.8,1.026,25.25,5.74,98.0
2019-06-25T18:15:00Z,AOB,Arundel_on_the_Bay,38.91675,-76.45838,1.0,7.8,1.026,25.27,5.74,98.0
2019-06-25T18:30:00Z,AOB,Arundel_on_the_Bay,38.91675,-76.45838,1.0,7.78,1.024,25.19,5.76,97.6
2019-06-25T18:45:00Z,AOB,Arundel_on_the_Bay,38.91675,-76.45838,1.0,7.92,1.022,25.22,5.76,99.4
2019-06-25T19:00:00Z,AOB,Arundel_on_the_Bay,38.91675,-76.45838,1.0,8.05,1.024,25.22,5.77,101.0
2019-06-25T19:15:00Z,AOB,Arundel_on_the_Bay,38.91675,-76.45838,1.0,7.92,1.024,25.07,5.81,99.2
2019-06-25T19:30:00Z,AOB,Arundel_on_the_Bay,38.91675,-76.45838,1.0,7.88,1.023,25.13,5.82,98.8
2019-06-25T19:45:00Z,AOB,Arundel_on_the_Bay,38.91675,-76.45838,1.0,7.68,1.021,25.12,5.84,96.2
2019-06-25T20:00:00Z,AOB,Arundel_on_the_Bay,38.91675,-76.45838,1.0,7.68,1.021,25.17,5.85,96.4
2019-06-25T20:15:00Z,AOB,Arundel_on_the_Bay,38.91675,-76.45838,1.0,7.74,1.02,25.18,5.85,97.2
2019-06-25T20:30:00Z,AOB,Arundel_on_the_Bay,38.91675,-76.45838,1.0,7.8,1.019,25.2,5.85,98.0
2019-06-25T20:45:00Z,AOB,Arundel_on_the_Bay,38.91675,-76.45838,1.0,7.87,1.017,25.24,5.85,98.8
2019-06-25T21:00:00Z,AOB,Arundel_on_the_Bay,38.91675,-76.45838,1.0,7.88,1.018,25.36,5.85,99.2
2019-06-25T21:15:00Z,AOB,Arundel_on_the_Bay,38.91675,-76.45838,1.0,7.98,1.016,25.5,5.85,100.7
2019-06-25T21:30:00Z,AOB,Arundel_on_the_Bay,38.91675,-76.45838,1.0,7.94,1.017,25.62,5.86,100.4
2019-06-25T21:45:00Z,AOB,Arundel_on_the_Bay,38.91675,-76.45838,1.0,8.19,1.017,25.82,5.84,103.9
2019-06-25T22:00:00Z,AOB,Arundel_on_the_Bay,38.91675,-76.45838,1.0,8.4,1.017,25.91,5.79,106.8
2019-06-25T22:15:00Z,AOB,Arundel_on_the_Bay,38.91675,-76.45838,1.0,8.27,1.02,25.83,5.81,105.0
2019-06-25T22:30:00Z,AOB,Arundel_on_the_Bay,38.91675,-76.45838,1.0,8.28,1.02,25.82,5.81,105.1
2019-06-25T22:45:00Z,AOB,Arundel_on_the_Bay,38.91675,-76.45838,1.0,8.36,1.022,25.92,5.75,106.2
2019-06-25T23:00:00Z,AOB,Arundel_on_the_Bay,38.91675,-76.45838,1.0,8.25,1.024,25.9,5.74,104.8
2019-06-26T00:00:00Z,AOB,Arundel_on_the_Bay,38.91675,-76.45838,1.0,8.9,1.032,26.13,5.78,113.6
2019-06-26T00:15:00Z,AOB,Arundel_on_the_Bay,38.91675,-76.45838,1.0,9.15,1.034,26.21,5.77,116.9
2019-06-26T00:30:00Z,AOB,Arundel_on_the_Bay,38.91675,-76.45838,1.0,9.0,1.034,26.23,5.77,115.0
2019-06-26T00:45:00Z,AOB,Arundel_on_the_Bay,38.91675,-76.45838,1.0,9.0,1.036,26.22,5.76,115.1
2019-06-26T01:00:00Z,AOB,Arundel_on_the_Bay,38.91675,-76.45838,1.0,8.82,1.037,26.16,5.77,112.6
2019-06-26T01:15:00Z,AOB,Arundel_on_the_Bay,38.91675,-76.45838,1.0,8.8,1.04,26.15,5.76,112.4
2019-06-26T01:30:00Z,AOB,Arundel_on_the_Bay,38.91675,-76.45838,1.0,8.61,1.036,26.13,5.76,109.9
2019-06-26T01:45:00Z,AOB,Arundel_on_the_Bay,38.91675,-76.45838,1.0,8.5,1.043,26.06,5.74,108.4
2019-06-26T02:00:00Z,AOB,Arundel_on_the_Bay,38.91675,-76.45838,1.0,8.58,1.045,26.1,5.74,109.4
2019-06-26T02:15:00Z,AOB,Arundel_on_the_Bay,38.91675,-76.45838,1.0,8.53,1.047,26.04,5.73,108.7
2019-06-26T02:30:00Z,AOB,Arundel_on_the_Bay,38.91675,-76.45838,1.0,8.79,1.047,26.08,5.7,112.0
2019-06-26T02:45:00Z,AOB,Arundel_on_the_Bay,38.91675,-76.45838,1.0,9.02,1.048,25.94,5.63,114.6
2019-06-26T03:00:00Z,AOB,Arundel_on_the_Bay,38.91675,-76.45838,1.0,8.97,1.052,25.93,5.65,114.0
2019-06-26T03:15:00Z,AOB,Arundel_on_the_Bay,38.91675,-76.45838,1.0,8.65,1.05,25.87,5.68,109.8
2019-06-26T03:30:00Z,AOB,Arundel_on_the_Bay,38.91675,-76.45838,1.0,8.28,1.052,25.93,5.76,105.3
2019-06-26T03:45:00Z,AOB,Arundel_on_the_Bay,38.91675,-76.45838,1.0,8.23,1.052,25.96,5.76,104.7
2019-06-26T04:00:00Z,AOB,Arundel_on_the_Bay,38.91675,-76.45838,1.0,8.32,1.054,25.94,5.75,105.8
2019-06-26T04:15:00Z,AOB,Arundel_on_the_Bay,38.91675,-76.45838,1.0,9.19,1.054,25.63,5.62,116.1
2019-06-26T04:30:00Z,AOB,Arundel_on_the_Bay,38.91675,-76.45838,1.0,9.23,1.053,25.58,5.57,116.5
2019-06-26T04:45:00Z,AOB,Arundel_on_the_Bay,38.91675,-76.45838,1.0,9.07,1.053,25.59,5.58,114.6
2019-06-26T05:00:00Z,AOB,Arundel_on_the_Bay,38.91675,-76.45838,1.0,9.42,1.053,25.36,5.49,118.3
2019-06-26T05:15:00Z,AOB,Arundel_on_the_Bay,38.91675,-76.45838,1.0,9.54,1.056,25.3,5.34,119.7
2019-06-26T05:30:00Z,AOB,Arundel_on_the_Bay,38.91675,-76.45838,1.0,9.23,1.057,25.33,5.47,116.0
2019-06-26T05:45:00Z,AOB,Arundel_on_the_Bay,38.91675,-76.45838,1.0,8.47,1.058,25.6,5.65,107.0
2019-06-26T06:00:00Z,AOB,Arundel_on_the_Bay,38.91675,-76.45838,1.0,7.98,1.057,25.75,5.73,101.1
2019-06-26T06:15:00Z,AOB,Arundel_on_the_Bay,38.91675,-76.45838,1.0,8.08,1.058,25.43,5.61,101.7
2019-06-26T06:30:00Z,AOB,Arundel_on_the_Bay,38.91675,-76.45838,1.0,8.22,1.059,25.37,5.57,103.4
2019-06-26T06:45:00Z,AOB,Arundel_on_the_Bay,38.91675,-76.45838,1.0,8.21,1.059,25.35,5.54,103.1
2019-06-26T07:00:00Z,AOB,Arundel_on_the_Bay,38.91675,-76.45838,1.0,8.62,1.061,25.29,5.33,108.1
2019-06-26T07:15:00Z,AOB,Arundel_on_the_Bay,38.91675,-76.45838,1.0,8.8,1.061,25.29,5.28,110.3
2019-06-26T07:30:00Z,AOB,Arundel_on_the_Bay,38.91675,-76.45838,1.0,9.01,1.063,25.28,5.21,112.8
2019-06-26T07:45:00Z,AOB,Arundel_on_the_Bay,38.91675,-76.45838,1.0,9.2,1.064,25.25,5.14,115.1
2019-06-26T08:00:00Z,AOB,Arundel_on_the_Bay,38.91675,-76.45838,1.0,9.62,1.067,25.29,5.07,120.4
2019-06-26T08:15:00Z,AOB,Arundel_on_the_Bay,38.91675,-76.45838,1.0,9.55,1.066,25.28,5.11,119.6
2019-06-26T08:30:00Z,AOB,Arundel_on_the_Bay,38.91675,-76.45838,1.0,9.83,1.069,25.26,5.01,122.9
2019-06-26T08:45:00Z,AOB,Arundel_on_the_Bay,38.91675,-76.45838,1.0,9.84,1.071,25.23,4.95,123.0
2019-06-26T09:00:00Z,AOB,Arundel_on_the_Bay,38.91675,-76.45838,1.0,9.82,1.072,25.21,4.94,122.7
2019-06-26T09:15:00Z,AOB,Arundel_on_the_Bay,38.91675,-76.45838,1.0,9.72,1.074,25.21,4.97,121.4
2019-06-26T09:30:00Z,AOB,Arundel_on_the_Bay,38.91675,-76.45838,1.0,9.65,1.077,25.22,4.97,120.6
2019-06-26T09:45:00Z,AOB,Arundel_on_the_Bay,38.91675,-76.45838,1.0,9.6,1.078,25.22,4.96,120.0
2019-06-26T10:00:00Z,AOB,Arundel_on_the_Bay,38.91675,-76.45838,1.0,9.56,1.08,25.21,4.96,119.5
2019-06-26T10:15:00Z,AOB,Arundel_on_the_Bay,38.91675,-76.45838,1.0,9.43,1.083,25.19,4.96,117.8
2019-06-26T10:30:00Z,AOB,Arundel_on_the_Bay,38.91675,-76.45838,1.0,9.47,1.085,25.16,4.98,118.2
2019-06-26T10:45:00Z,AOB,Arundel_on_the_Bay,38.91675,-76.45838,1.0,9.98,1.09,24.89,4.57,123.8
2019-06-26T11:00:00Z,AOB,Arundel_on_the_Bay,38.91675,-76.45838,1.0,9.92,1.091,24.92,4.62,123.0
2019-06-26T11:15:00Z,AOB,Arundel_on_the_Bay,38.91675,-76.45838,1.0,9.74,1.092,24.96,4.66,121.0
2019-06-26T11:30:00Z,AOB,Arundel_on_the_Bay,38.91675,-76.45838,1.0,9.76,1.093,24.98,4.65,121.3
2019-06-26T11:45:00Z,AOB,Arundel_on_the_Bay,38.91675,-76.45838,1.0,9.62,1.093,25.02,4.6,119.5
2019-06-26T12:00:00Z,AOB,Arundel_on_the_Bay,38.91675,-76.45838,1.0,9.86,1.093,25.04,4.65,122.5
2019-06-26T12:15:00Z,AOB,Arundel_on_the_Bay,38.91675,-76.45838,1.0,9.95,1.095,25.09,4.54,123.7
2019-06-26T12:30:00Z,AOB,Arundel_on_the_Bay,38.91675,-76.45838,1.0,10.05,1.095,25.13,4.57,125.0
2019-06-26T12:45:00Z,AOB,Arundel_on_the_Bay,38.91675,-76.45838,1.0,9.88,1.096,25.22,4.7,123.2
2019-06-26T13:00:00Z,AOB,Arundel_on_the_Bay,38.91675,-76.45838,1.0,9.8,1.096,25.23,4.76,122.4
2019-06-26T13:15:00Z,AOB,Arundel_on_the_Bay,38.91675,-76.45838,1.0,9.73,1.094,25.25,4.83,121.6
2019-06-26T13:30:00Z,AOB,Arundel_on_the_Bay,38.91675,-76.45838,1.0,9.26,1.094,25.19,5.05,115.7
2019-06-26T13:45:00Z,AOB,Arundel_on_the_Bay,38.91675,-76.45838,1.0,9.25,1.093,25.23,5.12,115.7
2019-06-26T14:00:00Z,AOB,Arundel_on_the_Bay,38.91675,-76.45838,1.0,9.2,1.093,25.26,5.2,115.2
2019-06-26T14:15:00Z,AOB,Arundel_on_the_Bay,38.91675,-76.45838,1.0,9.18,1.095,25.36,5.15,115.1
2019-06-26T14:30:00Z,AOB,Arundel_on_the_Bay,38.91675,-76.45838,1.0,9.26,1.096,25.34,5.18,116.1
2019-06-26T14:45:00Z,AOB,Arundel_on_the_Bay,38.91675,-76.45838,1.0,9.41,1.094,25.36,5.15,118.0
2019-06-26T15:00:00Z,AOB,Arundel_on_the_Bay,38.91675,-76.45838,1.0,9.15,1.09,25.39,5.16,114.9
2019-06-26T15:15:00Z,AOB,Arundel_on_the_Bay,38.91675,-76.45838,1.0,9.58,1.094,25.51,5.06,120.4
2019-06-26T15:30:00Z,AOB,Arundel_on_the_Bay,38.91675,-76.45838,1.0,9.39,1.093,25.42,5.18,117.9
2019-06-26T15:45:00Z,AOB,Arundel_on_the_Bay,38.91675,-76.45838,1.0,9.56,1.091,25.5,5.13,120.1
2019-06-26T16:00:00Z,AOB,Arundel_on_the_Bay,38.91675,-76.45838,1.0,9.77,1.092,25.78,5.06,123.4
2019-06-26T16:15:00Z,AOB,Arundel_on_the_Bay,38.91675,-76.45838,1.0,10.13,1.092,26.08,4.99,128.6
2019-06-26T16:30:00Z,AOB,Arundel_on_the_Bay,38.91675,-76.45838,1.0,9.85,1.092,25.83,5.16,124.6
2019-06-26T16:45:00Z,AOB,Arundel_on_the_Bay,38.91675,-76.45838,1.0,10.13,1.087,26.47,4.97,129.5
2019-06-26T17:00:00Z,AOB,Arundel_on_the_Bay,38.91675,-76.45838,1.0,10.23,1.088,26.61,4.96,131.1
2019-06-26T17:15:00Z,AOB,Arundel_on_the_Bay,38.91675,-76.45838,1.0,10.23,1.086,26.64,4.98,131.1
2019-06-26T17:30:00Z,AOB,Arundel_on_the_Bay,38.91675,-76.45838,1.0,10.4,1.083,26.72,4.95,133.5
2019-06-26T17:45:00Z,AOB,Arundel_on_the_Bay,38.91675,-76.45838,1.0,10.46,1.081,26.79,4.93,134.4
2019-06-26T18:00:00Z,AOB,Arundel_on_the_Bay,38.91675,-76.45838,1.0,10.52,1.074,27.01,4.89,135.7
2019-06-26T18:15:00Z,AOB,Arundel_on_the_Bay,38.91675,-76.45838,1.0,10.54,1.084,26.97,4.89,135.8
2019-06-26T18:30:00Z,AOB,Arundel_on_the_Bay,38.91675,-76.45838,1.0,10.72,1.08,26.79,4.87,137.7
2019-06-26T18:45:00Z,AOB,Arundel_on_the_Bay,38.91675,-76.45838,1.0,10.93,1.074,27.4,4.82,141.9
2019-06-26T19:00:00Z,AOB,Arundel_on_the_Bay,38.91675,-76.45838,1.0,11.53,1.081,27.16,4.59,148.9
2019-06-26T19:15:00Z,AOB,Arundel_on_the_Bay,38.91675,-76.45838,1.0,11.92,1.083,27.07,4.51,153.7
2019-06-26T19:30:00Z,AOB,Arundel_on_the_Bay,38.91675,-76.45838,1.0,12.15,1.082,27.07,4.37,156.4
2019-06-26T19:45:00Z,AOB,Arundel_on_the_Bay,38.91675,-76.45838,1.0,12.19,1.082,27.09,4.42,157.0
2019-06-26T20:00:00Z,AOB,Arundel_on_the_Bay,38.91675,-76.45838,1.0,12.25,1.077,27.13,4.36,157.9
2019-06-26T20:15:00Z,AOB,Arundel_on_the_Bay,38.91675,-76.45838,1.0,12.32,1.079,27.14,4.4,158.9
2019-06-26T20:30:00Z,AOB,Arundel_on_the_Bay,38.91675,-76.45838,1.0,12.31,1.073,27.19,4.4,158.9
2019-06-26T20:45:00Z,AOB,Arundel_on_the_Bay,38.91675,-76.45838,1.0,12.16,1.077,27.18,4.43,156.9
2019-06-26T21:00:00Z,AOB,Arundel_on_the_Bay,38.91675,-76.45838,1.0,12.36,1.078,27.25,4.37,159.6
2019-06-26T21:15:00Z,AOB,Arundel_on_the_Bay,38.91675,-76.45838,1.0,12.47,1.076,27.3,4.35,161.2
2019-06-26T21:30:00Z,AOB,Arundel_on_the_Bay,38.91675,-76.45838,1.0,12.26,1.076,27.29,4.41,158.5
2019-06-26T21:45:00Z,AOB,Arundel_on_the_Bay,38.91675,-76.45838,1.0,12.33,1.079,27.31,4.41,159.4
2019-06-26T22:00:00Z,AOB,Arundel_on_the_Bay,38.91675,-76.45838,1.0,12.58,1.079,27.37,4.33,162.7
2019-06-26T22:15:00Z,AOB,Arundel_on_the_Bay,38.91675,-76.45838,1.0,12.54,1.078,27.37,4.31,162.2
2019-06-26T22:30:00Z,AOB,Arundel_on_the_Bay,38.91675,-76.45838,1.0,12.3,1.076,27.37,4.36,159.2
2019-06-26T22:45:00Z,AOB,Arundel_on_the_Bay,38.91675,-76.45838,1.0,12.19,1.074,27.36,4.36,157.8
2019-06-26T23:00:00Z,AOB,Arundel_on_the_Bay,38.91675,-76.45838,1.0,11.98,1.076,27.38,4.36,155.1
2019-06-27T00:00:00Z,AOB,Arundel_on_the_Bay,38.91675,-76.45838,1.0,12.89,1.082,27.08,4.21,165.9
2019-06-27T00:15:00Z,AOB,Arundel_on_the_Bay,38.91675,-76.45838,1.0,12.45,1.085,27.2,4.3,160.5
2019-06-27T00:30:00Z,AOB,Arundel_on_the_Bay,38.91675,-76.45838,1.0,11.76,1.084,27.65,4.47,153.0
2019-06-27T00:45:00Z,AOB,Arundel_on_the_Bay,38.91675,-76.45838,1.0,11.83,1.084,27.46,4.44,153.4
2019-06-27T01:00:00Z,AOB,Arundel_on_the_Bay,38.91675,-76.45838,1.0,11.68,1.085,27.34,4.47,151.1
2019-06-27T01:15:00Z,AOB,Arundel_on_the_Bay,38.91675,-76.45838,1.0,11.23,1.083,27.25,4.56,145.2
2019-06-27T01:30:00Z,AOB,Arundel_on_the_Bay,38.91675,-76.45838,1.0,10.83,1.087,27.15,4.67,139.8
2019-06-27T01:45:00Z,AOB,Arundel_on_the_Bay,38.91675,-76.45838,1.0,10.63,1.089,27.29,4.68,137.7
2019-06-27T02:00:00Z,AOB,Arundel_on_the_Bay,38.91675,-76.45838,1.0,10.85,1.09,27.19,4.57,140.2
2019-06-27T02:15:00Z,AOB,Arundel_on_the_Bay,38.91675,-76.45838,1.0,10.76,1.09,26.74,4.61,137.9
2019-06-27T02:30:00Z,AOB,Arundel_on_the_Bay,38.91675,-76.45838,1.0,10.7,1.091,26.84,4.6,137.4
2019-06-27T02:45:00Z,AOB,Arundel_on_the_Bay,38.91675,-76.45838,1.0,10.45,1.095,26.85,4.8,134.4
2019-06-27T03:00:00Z,AOB,Arundel_on_the_Bay,38.91675,-76.45838,1.0,10.42,1.093,26.96,4.89,134.3
2019-06-27T03:15:00Z,AOB,Arundel_on_the_Bay,38.91675,-76.45838,1.0,10.43,1.095,27.05,4.78,134.5
2019-06-27T03:30:00Z,AOB,Arundel_on_the_Bay,38.91675,-76.45838,1.0,10.31,1.096,27.11,4.59,133.0
2019-06-27T03:45:00Z,AOB,Arundel_on_the_Bay,38.91675,-76.45838,1.0,10.36,1.097,27.12,4.63,133.8
2019-06-27T04:00:00Z,AOB,Arundel_on_the_Bay,38.91675,-76.45838,1.0,10.48,1.099,26.9,4.66,134.8
2019-06-27T04:15:00Z,AOB,Arundel_on_the_Bay,38.91675,-76.45838,1.0,10.53,1.1,26.82,4.61,135.1
2019-06-27T04:30:00Z,AOB,Arundel_on_the_Bay,38.91675,-76.45838,1.0,10.72,1.101,26.71,4.57,137.3
2019-06-27T04:45:00Z,AOB,Arundel_on_the_Bay,38.91675,-76.45838,1.0,10.91,1.099,26.82,4.47,139.9
2019-06-27T05:00:00Z,AOB,Arundel_on_the_Bay,38.91675,-76.45838,1.0,10.72,1.1,26.86,4.49,137.6
2019-06-27T05:15:00Z,AOB,Arundel_on_the_Bay,38.91675,-76.45838,1.0,10.34,1.101,27.03,4.46,133.1
2019-06-27T05:30:00Z,AOB,Arundel_on_the_Bay,38.91675,-76.45838,1.0,10.05,1.102,27.05,4.47,129.4
2019-06-27T05:45:00Z,AOB,Arundel_on_the_Bay,38.91675,-76.45838,1.0,10.57,1.101,26.89,4.41,135.7
2019-06-27T06:00:00Z,AOB,Arundel_on_the_Bay,38.91675,-76.45838,1.0,10.56,1.103,26.82,4.39,135.4
2019-06-27T06:15:00Z,AOB,Arundel_on_the_Bay,38.91675,-76.45838,1.0,10.45,1.102,26.83,4.42,134.0
2019-06-27T06:30:00Z,AOB,Arundel_on_the_Bay,38.91675,-76.45838,1.0,10.35,1.101,26.82,4.46,132.8
2019-06-27T06:45:00Z,AOB,Arundel_on_the_Bay,38.91675,-76.45838,1.0,10.5,1.101,26.71,4.4,134.3
2019-06-27T07:00:00Z,AOB,Arundel_on_the_Bay,38.91675,-76.45838,1.0,10.63,1.101,26.6,4.36,135.7
2019-06-27T07:15:00Z,AOB,Arundel_on_the_Bay,38.91675,-76.45838,1.0,10.78,1.1,26.47,4.34,137.2
2019-06-27T07:30:00Z,AOB,Arundel_on_the_Bay,38.91675,-76.45838,1.0,10.74,1.099,26.43,4.35,136.7
2019-06-27T07:45:00Z,AOB,Arundel_on_the_Bay,38.91675,-76.45838,1.0,10.71,1.101,26.41,4.35,136.3
2019-06-27T08:00:00Z,AOB,Arundel_on_the_Bay,38.91675,-76.45838,1.0,10.1,1.102,26.34,4.36,128.3
2019-06-27T08:15:00Z,AOB,Arundel_on_the_Bay,38.91675,-76.45838,1.0,9.95,1.104,26.3,4.35,126.4
2019-06-27T08:30:00Z,AOB,Arundel_on_the_Bay,38.91675,-76.45838,1.0,9.88,1.108,26.24,4.37,125.3
2019-06-27T08:45:00Z,AOB,Arundel_on_the_Bay,38.91675,-76.45838,1.0,9.73,1.109,26.18,4.37,123.3
2019-06-27T09:00:00Z,AOB,Arundel_on_the_Bay,38.91675,-76.45838,1.0,9.06,1.108,26.12,4.43,114.7
2019-06-27T09:15:00Z,AOB,Arundel_on_the_Bay,38.91675,-76.45838,1.0,8.91,1.11,26.05,4.45,112.7
2019-06-27T09:30:00Z,AOB,Arundel_on_the_Bay,38.91675,-76.45838,1.0,8.58,1.11,25.93,4.48,108.3
2019-06-27T09:45:00Z,AOB,Arundel_on_the_Bay,38.91675,-76.45838,1.0,8.06,1.111,25.73,4.54,101.4
2019-06-27T10:00:00Z,AOB,Arundel_on_the_Bay,38.91675,-76.45838,1.0,7.62,1.112,25.57,4.61,95.6
2019-06-27T10:15:00Z,AOB,Arundel_on_the_Bay,38.91675,-76.45838,1.0,7.84,1.113,25.54,4.57,98.3
2019-06-27T10:30:00Z,AOB,Arundel_on_the_Bay,38.91675,-76.45838,1.0,7.96,1.115,25.52,4.56,99.8
2019-06-27T10:45:00Z,AOB,Arundel_on_the_Bay,38.91675,-76.45838,1.0,8.0,1.116,25.5,4.55,100.2
2019-06-27T11:00:00Z,AOB,Arundel_on_the_Bay,38.91675,-76.45838,1.0,8.2,1.118,25.48,4.52,102.7
2019-06-27T11:15:00Z,AOB,Arundel_on_the_Bay,38.91675,-76.45838,1.0,8.36,1.12,25.54,4.5,104.9
2019-06-27T11:30:00Z,AOB,Arundel_on_the_Bay,38.91675,-76.45838,1.0,8.49,1.122,25.56,4.48,106.5
2019-06-27T11:45:00Z,AOB,Arundel_on_the_Bay,38.91675,-76.45838,1.0,8.95,1.121,25.53,4.43,112.2
2019-06-27T12:00:00Z,AOB,Arundel_on_the_Bay,38.91675,-76.45838,1.0,8.45,1.121,25.54,4.45,105.9
2019-06-27T12:15:00Z,AOB,Arundel_on_the_Bay,38.91675,-76.45838,1.0,8.48,1.123,25.55,4.47,106.3
2019-06-27T12:30:00Z,AOB,Arundel_on_the_Bay,38.91675,-76.45838,1.0,8.31,1.127,25.59,4.51,104.3
2019-06-27T12:45:00Z,AOB,Arundel_on_the_Bay,38.91675,-76.45838,1.0,8.43,1.128,25.61,4.52,105.8
2019-06-27T13:00:00Z,AOB,Arundel_on_the_Bay,38.91675,-76.45838,1.0,8.79,1.128,25.9,4.63,110.9
2019-06-27T13:15:00Z,AOB,Arundel_on_the_Bay,38.91675,-76.45838,1.0,8.57,1.128,25.85,4.68,108.1
2019-06-27T13:30:00Z,AOB,Arundel_on_the_Bay,38.91675,-76.45838,1.0,8.51,1.128,25.91,4.74,107.5
2019-06-27T13:45:00Z,AOB,Arundel_on_the_Bay,38.91675,-76.45838,1.0,8.88,1.129,26.12,4.76,112.7
2019-06-27T14:00:00Z,AOB,Arundel_on_the_Bay,38.91675,-76.45838,1.0,9.03,1.125,26.24,4.78,114.8
2019-06-27T14:15:00Z,AOB,Arundel_on_the_Bay,38.91675,-76.45838,1.0,9.22,1.127,26.41,4.79,117.6
2019-06-27T14:30:00Z,AOB,Arundel_on_the_Bay,38.91675,-76.45838,1.0,9.25,1.127,26.55,4.77,118.3
2019-06-27T14:45:00Z,AOB,Arundel_on_the_Bay,38.91675,-76.45838,1.0,9.33,1.128,26.65,4.81,119.6
2019-06-27T15:00:00Z,AOB,Arundel_on_the_Bay,38.91675,-76.45838,1.0,9.62,1.122,26.83,4.78,123.6
2019-06-27T15:15:00Z,AOB,Arundel_on_the_Bay,38.91675,-76.45838,1.0,9.35,1.128,26.59,4.79,119.6
2019-06-27T15:30:00Z,AOB,Arundel_on_the_Bay,38.91675,-76.45838,1.0,8.79,1.127,26.7,4.88,112.8
2019-06-27T15:45:00Z,AOB,Arundel_on_the_Bay,38.91675,-76.45838,1.0,9.89,1.127,27.03,4.65,127.5
2019-06-27T16:00:00Z,AOB,Arundel_on_the_Bay,38.91675,-76.45838,1.0,10.21,1.123,27.13,4.6,131.8
2019-06-27T16:15:00Z,AOB,Arundel_on_the_Bay,38.91675,-76.45838,1.0,10.37,1.127,27.28,4.43,134.0
2019-06-27T16:30:00Z,AOB,Arundel_on_the_Bay,38.91675,-76.45838,1.0,10.61,1.127,27.39,4.18,137.2
2019-06-27T16:45:00Z,AOB,Arundel_on_the_Bay,38.91675,-76.45838,1.0,10.94,1.125,27.52,3.69,141.4
2019-06-27T17:00:00Z,AOB,Arundel_on_the_Bay,38.91675,-76.45838,1.0,11.17,1.125,27.55,3.46,144.3
2019-06-27T17:15:00Z,AOB,Arundel_on_the_Bay,38.91675,-76.45838,1.0,10.94,1.124,27.83,3.49,142.1
2019-06-27T17:30:00Z,AOB,Arundel_on_the_Bay,38.91675,-76.45838,1.0,11.16,1.121,27.81,3.41,144.7
2019-06-27T17:45:00Z,AOB,Arundel_on_the_Bay,38.91675,-76.45838,1.0,11.28,1.12,27.76,3.39,146.2
2019-06-27T18:00:00Z,AOB,Arundel_on_the_Bay,38.91675,-76.45838,1.0,11.38,1.116,27.82,3.43,147.6
2019-06-27T18:15:00Z,AOB,Arundel_on_the_Bay,38.91675,-76.45838,1.0,11.54,1.116,27.77,3.41,149.6
2019-06-27T18:30:00Z,AOB,Arundel_on_the_Bay,38.91675,-76.45838,1.0,11.57,1.114,27.91,3.4,150.4
2019-06-27T18:45:00Z,AOB,Arundel_on_the_Bay,38.91675,-76.45838,1.0,11.75,1.114,27.87,3.33,152.6
2019-06-27T19:00:00Z,AOB,Arundel_on_the_Bay,38.91675,-76.45838,1.0,11.67,1.104,27.94,3.39,151.8
2019-06-27T19:15:00Z,AOB,Arundel_on_the_Bay,38.91675,-76.45838,1.0,11.81,1.107,28.01,3.32,153.6
2019-06-27T19:30:00Z,AOB,Arundel_on_the_Bay,38.91675,-76.45838,1.0,11.9,1.108,27.99,3.33,154.9
2019-06-27T19:45:00Z,AOB,Arundel_on_the_Bay,38.91675,-76.45838,1.0,12.01,1.107,28.04,3.33,156.4
2019-06-27T20:00:00Z,AOB,Arundel_on_the_Bay,38.91675,-76.45838,1.0,11.95,1.107,28.02,3.36,155.6
2019-06-27T20:15:00Z,AOB,Arundel_on_the_Bay,38.91675,-76.45838,1.0,12.17,1.108,28.02,3.35,158.5
2019-06-27T20:30:00Z,AOB,Arundel_on_the_Bay,38.91675,-76.45838,1.0,12.21,1.105,28.05,3.34,159.0
2019-06-27T20:45:00Z,AOB,Arundel_on_the_Bay,38.91675,-76.45838,1.0,12.15,1.106,28.18,3.36,158.6
2019-06-27T21:00:00Z,AOB,Arundel_on_the_Bay,38.91675,-76.45838,1.0,12.21,1.105,28.1,3.36,159.3
2019-06-27T21:15:00Z,AOB,Arundel_on_the_Bay,38.91675,-76.45838,1.0,12.19,1.103,28.12,3.38,159.0
2019-06-27T21:30:00Z,AOB,Arundel_on_the_Bay,38.91675,-76.45838,1.0,12.15,1.104,28.18,3.39,158.6
2019-06-27T21:45:00Z,AOB,Arundel_on_the_Bay,38.91675,-76.45838,1.0,12.08,1.104,28.22,3.39,157.9
2019-06-27T22:00:00Z,AOB,Arundel_on_the_Bay,38.91675,-76.45838,1.0,11.86,1.103,28.24,3.41,155.0
2019-06-27T22:15:00Z,AOB,Arundel_on_the_Bay,38.91675,-76.45838,1.0,12.01,1.102,28.16,3.42,156.8
2019-06-27T22:30:00Z,AOB,Arundel_on_the_Bay,38.91675,-76.45838,1.0,12.25,1.107,28.31,3.42,160.3
2019-06-27T22:45:00Z,AOB,Arundel_on_the_Bay,38.91675,-76.45838,1.0,12.14,1.107,28.13,3.52,158.5
2019-06-27T23:00:00Z,AOB,Arundel_on_the_Bay,38.91675,-76.45838,1.0,12.07,1.107,28.06,3.57,157.4
2019-06-28T00:00:00Z,AOB,Arundel_on_the_Bay,38.91675,-76.45838,1.0,12.05,1.111,27.83,3.52,156.5
2019-06-28T00:15:00Z,AOB,Arundel_on_the_Bay,38.91675,-76.45838,1.0,11.79,1.111,27.71,3.51,152.8
2019-06-28T00:30:00Z,AOB,Arundel_on_the_Bay,38.91675,-76.45838,1.0,11.81,1.108,27.68,3.57,153.0
2019-06-28T00:45:00Z,AOB,Arundel_on_the_Bay,38.91675,-76.45838,1.0,12.36,1.108,27.39,3.49,159.2
2019-06-28T01:00:00Z,AOB,Arundel_on_the_Bay,38.91675,-76.45838,1.0,11.15,1.11,26.96,3.82,142.8
2019-06-28T01:15:00Z,AOB,Arundel_on_the_Bay,38.91675,-76.45838,1.0,10.82,1.111,27.02,3.88,138.8
2019-06-28T01:30:00Z,AOB,Arundel_on_the_Bay,38.91675,-76.45838,1.0,10.52,1.115,27.08,3.95,135.2
2019-06-28T01:45:00Z,AOB,Arundel_on_the_Bay,38.91675,-76.45838,1.0,9.48,1.116,26.94,4.14,121.7
2019-06-28T02:00:00Z,AOB,Arundel_on_the_Bay,38.91675,-76.45838,1.0,9.72,1.118,27.25,4.08,125.3
2019-06-28T02:15:00Z,AOB,Arundel_on_the_Bay,38.91675,-76.45838,1.0,9.32,1.117,27.08,4.15,119.8
2019-06-28T02:30:00Z,AOB,Arundel_on_the_Bay,38.91675,-76.45838,1.0,9.23,1.117,27.27,4.17,119.1
2019-06-28T02:45:00Z,AOB,Arundel_on_the_Bay,38.91675,-76.45838,1.0,9.15,1.116,27.13,4.18,117.8
2019-06-28T03:00:00Z,AOB,Arundel_on_the_Bay,38.91675,-76.45838,1.0,9.03,1.116,27.14,4.18,116.3
2019-06-28T03:15:00Z,AOB,Arundel_on_the_Bay,38.91675,-76.45838,1.0,9.67,1.118,26.97,4.1,124.1
2019-06-28T03:30:00Z,AOB,Arundel_on_the_Bay,38.91675,-76.45838,1.0,9.91,1.121,27.26,4.16,127.9
2019-06-28T03:45:00Z,AOB,Arundel_on_the_Bay,38.91675,-76.45838,1.0,10.1,1.124,27.34,4.15,130.5
2019-06-28T04:00:00Z,AOB,Arundel_on_the_Bay,38.91675,-76.45838,1.0,10.08,1.124,27.39,4.13,130.3
2019-06-28T04:15:00Z,AOB,Arundel_on_the_Bay,38.91675,-76.45838,1.0,9.66,1.126,27.2,3.97,124.4
2019-06-28T04:30:00Z,AOB,Arundel_on_the_Bay,38.91675,-76.45838,1.0,9.64,1.125,27.07,3.96,123.8
2019-06-28T04:45:00Z,AOB,Arundel_on_the_Bay,38.91675,-76.45838,1.0,9.38,1.124,27.1,4.02,120.7
2019-06-28T05:00:00Z,AOB,Arundel_on_the_Bay,38.91675,-76.45838,1.0,9.42,1.126,27.1,4.05,121.1
2019-06-28T05:15:00Z,AOB,Arundel_on_the_Bay,38.91675,-76.45838,1.0,9.24,1.125,27.08,4.11,118.8
2019-06-28T05:30:00Z,AOB,Arundel_on_the_Bay,38.91675,-76.45838,1.0,10.19,1.122,27.06,4.04,131.0
2019-06-28T05:45:00Z,AOB,Arundel_on_the_Bay,38.91675,-76.45838,1.0,9.8,1.121,27.1,3.99,126.0
2019-06-28T06:00:00Z,AOB,Arundel_on_the_Bay,38.91675,-76.45838,1.0,9.72,1.12,27.16,3.97,125.1
2019-06-28T06:15:00Z,AOB,Arundel_on_the_Bay,38.91675,-76.45838,1.0,9.78,1.12,27.22,3.88,126.0
2019-06-28T06:30:00Z,AOB,Arundel_on_the_Bay,38.91675,-76.45838,1.0,9.55,1.119,27.17,3.87,122.8
2019-06-28T06:45:00Z,AOB,Arundel_on_the_Bay,38.91675,-76.45838,1.0,9.66,1.118,27.17,3.84,124.3
2019-06-28T07:00:00Z,AOB,Arundel_on_the_Bay,38.91675,-76.45838,1.0,9.66,1.117,27.14,3.82,124.1
2019-06-28T07:15:00Z,AOB,Arundel_on_the_Bay,38.91675,-76.45838,1.0,9.44,1.116,26.92,3.92,121.0
2019-06-28T07:30:00Z,AOB,Arundel_on_the_Bay,38.91675,-76.45838,1.0,9.33,1.116,26.94,3.92,119.5
2019-06-28T07:45:00Z,AOB,Arundel_on_the_Bay,38.91675,-76.45838,1.0,9.23,1.115,26.89,3.94,118.1
2019-06-28T08:00:00Z,AOB,Arundel_on_the_Bay,38.91675,-76.45838,1.0,9.19,1.116,26.87,3.95,117.7
2019-06-28T08:15:00Z,AOB,Arundel_on_the_Bay,38.91675,-76.45838,1.0,9.13,1.115,26.91,3.95,117.0
2019-06-28T08:30:00Z,AOB,Arundel_on_the_Bay,38.91675,-76.45838,1.0,9.09,1.116,26.86,3.97,116.4
2019-06-28T08:45:00Z,AOB,Arundel_on_the_Bay,38.91675,-76.45838,1.0,9.07,1.117,26.8,3.97,115.9
2019-06-28T09:00:00Z,AOB,Arundel_on_the_Bay,38.91675,-76.45838,1.0,9.01,1.117,26.75,3.98,115.1
2019-06-28T09:15:00Z,AOB,Arundel_on_the_Bay,38.91675,-76.45838,1.0,8.98,1.117,26.7,3.99,114.6
2019-06-28T09:30:00Z,AOB,Arundel_on_the_Bay,38.91675,-76.45838,1.0,8.99,1.117,26.67,3.99,114.7
2019-06-28T09:45:00Z,AOB,Arundel_on_the_Bay,38.91675,-76.45838,1.0,8.9,1.117,26.64,3.99,113.5
2019-06-28T10:00:00Z,AOB,Arundel_on_the_Bay,38.91675,-76.45838,1.0,8.83,1.116,26.61,3.99,112.5
2019-06-28T10:15:00Z,AOB,Arundel_on_the_Bay,38.91675,-76.45838,1.0,8.28,1.119,26.27,4.06,104.9
2019-06-28T10:30:00Z,AOB,Arundel_on_the_Bay,38.91675,-76.45838,1.0,8.01,1.118,26.11,4.08,101.2
2019-06-28T10:45:00Z,AOB,Arundel_on_the_Bay,38.91675,-76.45838,1.0,8.17,1.12,26.05,4.06,103.1
2019-06-28T11:00:00Z,AOB,Arundel_on_the_Bay,38.91675,-76.45838,1.0,8.61,1.12,26.04,3.99,108.6
2019-06-28T11:15:00Z,AOB,Arundel_on_the_Bay,38.91675,-76.45838,1.0,9.01,1.121,25.78,3.88,113.1
2019-06-28T11:30:00Z,AOB,Arundel_on_the_Bay,38.91675,-76.45838,1.0,9.1,1.12,25.77,3.83,114.1
2019-06-28T11:45:00Z,AOB,Arundel_on_the_Bay,38.91675,-76.45838,1.0,8.75,1.123,25.78,3.85,109.8
2019-06-28T12:00:00Z,AOB,Arundel_on_the_Bay,38.91675,-76.45838,1.0,8.65,1.123,25.77,3.88,108.5
2019-06-28T12:15:00Z,AOB,Arundel_on_the_Bay,38.91675,-76.45838,1.0,8.51,1.124,25.82,3.97,106.9
2019-06-28T12:30:00Z,AOB,Arundel_on_the_Bay,38.91675,-76.45838,1.0,8.43,1.125,25.86,4.05,106.0
2019-06-28T12:45:00Z,AOB,Arundel_on_the_Bay,38.91675,-76.45838,1.0,8.42,1.127,25.86,4.08,106.0
2019-06-28T13:00:00Z,AOB,Arundel_on_the_Bay,38.91675,-76.45838,1.0,8.68,1.124,25.91,4.06,109.3
2019-06-28T13:15:00Z,AOB,Arundel_on_the_Bay,38.91675,-76.45838,1.0,8.8,1.127,25.95,4.08,110.9
2019-06-28T13:30:00Z,AOB,Arundel_on_the_Bay,38.91675,-76.45838,1.0,8.66,1.129,25.96,4.11,109.2
2019-06-28T13:45:00Z,AOB,Arundel_on_the_Bay,38.91675,-76.45838,1.0,8.56,1.126,25.99,4.15,108.0
2019-06-28T14:00:00Z,AOB,Arundel_on_the_Bay,38.91675,-76.45838,1.0,8.63,1.127,26.13,4.16,109.1
2019-06-28T14:15:00Z,AOB,Arundel_on_the_Bay,38.91675,-76.45838,1.0,8.63,1.127,26.18,4.19,109.2
2019-06-28T14:30:00Z,AOB,Arundel_on_the_Bay,38.91675,-76.45838,1.0,8.86,1.126,26.33,4.18,112.4
2019-06-28T14:45:00Z,AOB,Arundel_on_the_Bay,38.91675,-76.45838,1.0,8.98,1.126,26.48,4.17,114.3
2019-06-28T15:00:00Z,AOB,Arundel_on_the_Bay,38.91675,-76.45838,1.0,9.09,1.126,26.7,4.14,116.1
2019-06-28T15:15:00Z,AOB,Arundel_on_the_Bay,38.91675,-76.45838,1.0,8.74,1.126,26.55,4.16,111.4
2019-06-28T15:30:00Z,AOB,Arundel_on_the_Bay,38.91675,-76.45838,1.0,8.38,1.124,26.79,4.17,107.3
2019-06-28T15:45:00Z,AOB,Arundel_on_the_Bay,38.91675,-76.45838,1.0,8.33,1.124,26.47,4.2,106.1
2019-06-28T16:00:00Z,AOB,Arundel_on_the_Bay,38.91675,-76.45838,1.0,8.99,1.125,27.44,4.12,116.3
2019-06-28T16:15:00Z,AOB,Arundel_on_the_Bay,38.91675,-76.45838,1.0,9.19,1.125,27.25,4.1,118.5
2019-06-28T16:30:00Z,AOB,Arundel_on_the_Bay,38.91675,-76.45838,1.0,9.06,1.12,27.05,4.14,116.4
2019-06-28T16:45:00Z,AOB,Arundel_on_the_Bay,38.91675,-76.45838,1.0,9.77,1.123,26.95,4.14,125.3
2019-06-28T17:00:00Z,AOB,Arundel_on_the_Bay,38.91675,-76.45838,1.0,9.95,1.121,27.02,4.18,127.9
2019-06-28T17:15:00Z,AOB,Arundel_on_the_Bay,38.91675,-76.45838,1.0,9.98,1.113,27.19,4.24,128.7
2019-06-28T17:30:00Z,AOB,Arundel_on_the_Bay,38.91675,-76.45838,1.0,9.68,1.118,27.12,4.23,124.6
2019-06-28T17:45:00Z,AOB,Arundel_on_the_Bay,38.91675,-76.45838,1.0,10.18,1.113,27.39,4.25,131.8
2019-06-28T18:00:00Z,AOB,Arundel_on_the_Bay,38.91675,-76.45838,1.0,10.46,1.111,27.03,4.17,134.4
2019-06-28T18:15:00Z,AOB,Arundel_on_the_Bay,38.91675,-76.45838,1.0,10.8,1.109,27.03,4.19,138.8
2019-06-28T18:30:00Z,AOB,Arundel_on_the_Bay,38.91675,-76.45838,1.0,11.13,1.108,27.16,4.21,143.5
2019-06-28T18:45:00Z,AOB,Arundel_on_the_Bay,38.91675,-76.45838,1.0,11.35,1.109,27.35,4.19,146.7
2019-06-28T19:00:00Z,AOB,Arundel_on_the_Bay,38.91675,-76.45838,1.0,11.09,1.103,27.56,4.16,143.9
2019-06-28T19:15:00Z,AOB,Arundel_on_the_Bay,38.91675,-76.45838,1.0,11.27,1.098,27.85,4.16,147.0
2019-06-28T19:30:00Z,AOB,Arundel_on_the_Bay,38.91675,-76.45838,1.0,11.51,1.101,28.29,4.18,151.2
2019-06-28T19:45:00Z,AOB,Arundel_on_the_Bay,38.91675,-76.45838,1.0,11.87,1.1,28.54,4.04,156.6
2019-06-28T20:00:00Z,AOB,Arundel_on_the_Bay,38.91675,-76.45838,1.0,11.46,1.1,28.4,4.11,150.9
2019-06-28T20:15:00Z,AOB,Arundel_on_the_Bay,38.91675,-76.45838,1.0,11.71,1.097,28.26,4.03,153.7
2019-06-28T20:30:00Z,AOB,Arundel_on_the_Bay,38.91675,-76.45838,1.0,11.8,1.096,28.18,4.0,154.7
2019-06-28T20:45:00Z,AOB,Arundel_on_the_Bay,38.91675,-76.45838,1.0,11.86,1.096,28.08,4.02,155.2
2019-06-28T21:00:00Z,AOB,Arundel_on_the_Bay,38.91675,-76.45838,1.0,11.99,1.097,28.01,4.04,156.6
2019-06-28T21:15:00Z,AOB,Arundel_on_the_Bay,38.91675,-76.45838,1.0,12.01,1.096,27.94,4.03,156.7
2019-06-28T21:30:00Z,AOB,Arundel_on_the_Bay,38.91675,-76.45838,1.0,11.72,1.092,27.6,4.03,152.1
2019-06-28T21:45:00Z,AOB,Arundel_on_the_Bay,38.91675,-76.45838,1.0,11.51,1.095,27.65,4.03,149.4
2019-06-28T22:00:00Z,AOB,Arundel_on_the_Bay,38.91675,-76.45838,1.0,11.27,1.099,27.56,4.01,146.1
2019-06-28T22:15:00Z,AOB,Arundel_on_the_Bay,38.91675,-76.45838,1.0,11.16,1.102,27.36,4.0,144.1
2019-06-28T22:30:00Z,AOB,Arundel_on_the_Bay,38.91675,-76.45838,1.0,11.1,1.107,27.16,3.97,142.9
2019-06-28T22:45:00Z,AOB,Arundel_on_the_Bay,38.91675,-76.45838,1.0,11.1,1.109,27.29,3.97,143.1
2019-06-28T23:00:00Z,AOB,Arundel_on_the_Bay,38.91675,-76.45838,1.0,11.07,1.106,27.21,3.95,142.6
2019-06-29T00:00:00Z,AOB,Arundel_on_the_Bay,38.91675,-76.45838,1.0,11.31,1.105,27.43,3.91,146.1
2019-06-29T00:15:00Z,AOB,Arundel_on_the_Bay,38.91675,-76.45838,1.0,11.31,1.103,27.5,3.91,146.3
2019-06-29T00:30:00Z,AOB,Arundel_on_the_Bay,38.91675,-76.45838,1.0,11.3,1.103,27.5,3.88,146.2
2019-06-29T00:45:00Z,AOB,Arundel_on_the_Bay,38.91675,-76.45838,1.0,11.2,1.106,27.52,3.89,145.0
2019-06-29T01:00:00Z,AOB,Arundel_on_the_Bay,38.91675,-76.45838,1.0,10.91,1.105,27.5,3.88,141.2
2019-06-29T01:15:00Z,AOB,Arundel_on_the_Bay,38.91675,-76.45838,1.0,10.87,1.107,27.5,3.89,140.6
2019-06-29T01:30:00Z,AOB,Arundel_on_the_Bay,38.91675,-76.45838,1.0,11.01,1.108,27.45,3.88,142.4
2019-06-29T01:45:00Z,AOB,Arundel_on_the_Bay,38.91675,-76.45838,1.0,10.88,1.108,27.65,3.92,141.2
2019-06-29T02:00:00Z,AOB,Arundel_on_the_Bay,38.91675,-76.45838,1.0,10.71,1.109,27.93,4.02,139.7
2019-06-29T02:15:00Z,AOB,Arundel_on_the_Bay,38.91675,-76.45838,1.0,10.13,1.11,28.25,4.21,133.0
2019-06-29T02:30:00Z,AOB,Arundel_on_the_Bay,38.91675,-76.45838,1.0,9.99,1.108,28.22,4.2,131.1
2019-06-29T02:45:00Z,AOB,Arundel_on_the_Bay,38.91675,-76.45838,1.0,10.1,1.11,28.21,4.2,132.5
2019-06-29T03:00:00Z,AOB,Arundel_on_the_Bay,38.91675,-76.45838,1.0,10.08,1.112,28.18,4.22,132.2
2019-06-29T03:15:00Z,AOB,Arundel_on_the_Bay,38.91675,-76.45838,1.0,9.94,1.109,28.12,4.22,130.2
2019-06-29T03:30:00Z,AOB,Arundel_on_the_Bay,38.91675,-76.45838,1.0,9.82,1.108,28.15,4.22,128.8
2019-06-29T03:45:00Z,AOB,Arundel_on_the_Bay,38.91675,-76.45838,1.0,10.58,1.106,27.74,4.02,137.6
2019-06-29T04:00:00Z,AOB,Arundel_on_the_Bay,38.91675,-76.45838,1.0,9.92,1.104,27.87,4.13,129.4
2019-06-29T04:15:00Z,AOB,Arundel_on_the_Bay,38.91675,-76.45838,1.0,10.3,1.103,27.72,4.01,133.9
2019-06-29T04:30:00Z,AOB,Arundel_on_the_Bay,38.91675,-76.45838,1.0,10.29,1.101,27.73,4.0,133.8
2019-06-29T04:45:00Z,AOB,Arundel_on_the_Bay,38.91675,-76.45838,1.0,10.28,1.101,27.74,3.99,133.7
2019-06-29T05:00:00Z,AOB,Arundel_on_the_Bay,38.91675,-76.45838,1.0,9.6,1.103,27.79,4.08,125.0
2019-06-29T05:15:00Z,AOB,Arundel_on_the_Bay,38.91675,-76.45838,1.0,9.71,1.103,27.75,4.1,126.3
2019-06-29T05:30:00Z,AOB,Arundel_on_the_Bay,38.91675,-76.45838,1.0,9.45,1.104,27.85,4.19,123.2
2019-06-29T05:45:00Z,AOB,Arundel_on_the_Bay,38.91675,-76.45838,1.0,9.34,1.103,27.83,4.19,121.7
2019-06-29T06:00:00Z,AOB,Arundel_on_the_Bay,38.91675,-76.45838,1.0,9.4,1.1,27.72,4.21,122.3
2019-06-29T06:15:00Z,AOB,Arundel_on_the_Bay,38.91675,-76.45838,1.0,9.32,1.099,27.64,4.22,121.1
2019-06-29T06:30:00Z,AOB,Arundel_on_the_Bay,38.91675,-76.45838,1.0,9.26,1.097,27.42,4.15,119.9
2019-06-29T06:45:00Z,AOB,Arundel_on_the_Bay,38.91675,-76.45838,1.0,9.19,1.097,27.46,4.17,119.0
2019-06-29T07:00:00Z,AOB,Arundel_on_the_Bay,38.91675,-76.45838,1.0,8.86,1.094,27.25,4.14,114.3
2019-06-29T07:15:00Z,AOB,Arundel_on_the_Bay,38.91675,-76.45838,1.0,8.56,1.094,27.11,4.15,110.1
2019-06-29T07:30:00Z,AOB,Arundel_on_the_Bay,38.91675,-76.45838,1.0,8.11,1.092,27.0,4.18,104.2
2019-06-29T07:45:00Z,AOB,Arundel_on_the_Bay,38.91675,-76.45838,1.0,8.35,1.092,26.99,4.12,107.2
2019-06-29T08:00:00Z,AOB,Arundel_on_the_Bay,38.91675,-76.45838,1.0,7.84,1.092,26.84,4.18,100.4
2019-06-29T08:15:00Z,AOB,Arundel_on_the_Bay,38.91675,-76.45838,1.0,7.69,1.092,26.79,4.2,98.5
2019-06-29T08:30:00Z,AOB,Arundel_on_the_Bay,38.91675,-76.45838,1.0,7.69,1.094,26.82,4.2,98.5
2019-06-29T08:45:00Z,AOB,Arundel_on_the_Bay,38.91675,-76.45838,1.0,7.8,1.095,26.84,4.19,99.9
2019-06-29T09:00:00Z,AOB,Arundel_on_the_Bay,38.91675,-76.45838,1.0,7.9,1.093,26.72,4.19,100.9
2019-06-29T09:15:00Z,AOB,Arundel_on_the_Bay,38.91675,-76.45838,1.0,7.89,1.092,26.6,4.18,100.6
2019-06-29T09:30:00Z,AOB,Arundel_on_the_Bay,38.91675,-76.45838,1.0,8.12,1.094,26.51,4.16,103.4
2019-06-29T09:45:00Z,AOB,Arundel_on_the_Bay,38.91675,-76.45838,1.0,8.01,1.095,26.48,4.18,102.0
2019-06-29T10:00:00Z,AOB,Arundel_on_the_Bay,38.91675,-76.45838,1.0,8.36,1.095,26.35,4.15,106.2
2019-06-29T10:15:00Z,AOB,Arundel_on_the_Bay,38.91675,-76.45838,1.0,8.41,1.094,26.33,4.14,106.7
2019-06-29T10:30:00Z,AOB,Arundel_on_the_Bay,38.91675,-76.45838,1.0,7.05,1.094,26.07,4.4,89.2
2019-06-29T10:45:00Z,AOB,Arundel_on_the_Bay,38.91675,-76.45838,1.0,7.54,1.094,26.13,4.31,95.5
2019-06-29T11:00:00Z,AOB,Arundel_on_the_Bay,38.91675,-76.45838,1.0,7.48,1.093,26.05,4.35,94.6
2019-06-29T11:15:00Z,AOB,Arundel_on_the_Bay,38.91675,-76.45838,1.0,7.54,1.096,26.06,4.35,95.3
2019-06-29T11:30:00Z,AOB,Arundel_on_the_Bay,38.91675,-76.45838,1.0,8.03,1.096,26.09,4.27,101.5
2019-06-29T11:45:00Z,AOB,Arundel_on_the_Bay,38.91675,-76.45838,1.0,8.76,1.096,26.18,4.18,110.9
2019-06-29T12:00:00Z,AOB,Arundel_on_the_Bay,38.91675,-76.45838,1.0,9.05,1.097,26.23,4.12,114.6
2019-06-29T12:15:00Z,AOB,Arundel_on_the_Bay,38.91675,-76.45838,1.0,8.91,1.098,26.24,4.14,112.9
2019-06-29T12:30:00Z,AOB,Arundel_on_the_Bay,38.91675,-76.45838,1.0,8.47,1.097,26.23,4.19,107.3
2019-06-29T12:45:00Z,AOB,Arundel_on_the_Bay,38.91675,-76.45838,1.0,8.31,1.097,26.23,4.21,105.3
2019-06-29T13:00:00Z,AOB,Arundel_on_the_Bay,38.91675,-76.45838,1.0,7.87,1.097,26.12,4.31,99.6
2019-06-29T13:15:00Z,AOB,Arundel_on_the_Bay,38.91675,-76.45838,1.0,6.74,1.096,25.89,4.72,85.2
2019-06-29T13:30:00Z,AOB,Arundel_on_the_Bay,38.91675,-76.45838,1.0,6.43,1.094,25.82,4.77,81.1
2019-06-29T13:45:00Z,AOB,Arundel_on_the_Bay,38.91675,-76.45838,1.0,6.51,1.097,25.88,4.83,82.3
2019-06-29T14:00:00Z,AOB,Arundel_on_the_Bay,38.91675,-76.45838,1.0,6.65,1.096,26.05,4.79,84.3
2019-06-29T14:15:00Z,AOB,Arundel_on_the_Bay,38.91675,-76.45838,1.0,6.68,1.093,26.03,4.84,84.6
2019-06-29T14:30:00Z,AOB,Arundel_on_the_Bay,38.91675,-76.45838,1.0,6.94,1.093,26.21,4.78,88.2
2019-06-29T14:45:00Z,AOB,Arundel_on_the_Bay,38.91675,-76.45838,1.0,6.9,1.09,26.2,4.83,87.7
2019-06-29T15:00:00Z,AOB,Arundel_on_the_Bay,38.91675,-76.45838,1.0,7.34,1.09,26.57,4.67,93.8
2019-06-29T15:15:00Z,AOB,Arundel_on_the_Bay,38.91675,-76.45838,1.0,7.67,1.088,26.86,4.52,98.5
2019-06-29T15:30:00Z,AOB,Arundel_on_the_Bay,38.91675,-76.45838,1.0,7.7,1.085,27.04,4.43,99.2
2019-06-29T15:45:00Z,AOB,Arundel_on_the_Bay,38.91675,-76.45838,1.0,7.67,1.082,27.19,4.43,99.0
2019-06-29T16:00:00Z,AOB,Arundel_on_the_Bay,38.91675,-76.45838,1.0,8.22,1.083,27.62,4.34,106.9
2019-06-29T16:15:00Z,AOB,Arundel_on_the_Bay,38.91675,-76.45838,1.0,8.93,1.084,28.04,4.28,116.9
2019-06-29T16:30:00Z,AOB,Arundel_on_the_Bay,38.91675,-76.45838,1.0,9.63,1.08,27.62,4.17,125.1
2019-06-29T16:45:00Z,AOB,Arundel_on_the_Bay,38.91675,-76.45838,1.0,9.95,1.071,27.68,4.17,129.3
2019-06-29T17:00:00Z,AOB,Arundel_on_the_Bay,38.91675,-76.45838,1.0,10.01,1.072,27.52,4.23,129.8
2019-06-29T17:15:00Z,AOB,Arundel_on_the_Bay,38.91675,-76.45838,1.0,9.9,1.074,27.86,4.29,129.2
2019-06-29T17:30:00Z,AOB,Arundel_on_the_Bay,38.91675,-76.45838,1.0,10.21,1.068,27.89,4.28,133.3
2019-06-29T17:45:00Z,AOB,Arundel_on_the_Bay,38.91675,-76.45838,1.0,10.47,1.055,28.02,4.25,137.0
2019-06-29T18:00:00Z,AOB,Arundel_on_the_Bay,38.91675,-76.45838,1.0,10.6,1.059,28.15,4.22,139.0
2019-06-29T18:15:00Z,AOB,Arundel_on_the_Bay,38.91675,-76.45838,1.0,10.75,1.059,28.28,4.2,141.2
2019-06-29T18:30:00Z,AOB,Arundel_on_the_Bay,38.91675,-76.45838,1.0,10.59,1.056,28.32,4.2,139.3
2019-06-29T18:45:00Z,AOB,Arundel_on_the_Bay,38.91675,-76.45838,1.0,10.71,1.048,28.48,4.2,141.2
2019-06-29T19:00:00Z,AOB,Arundel_on_the_Bay,38.91675,-76.45838,1.0,10.43,1.046,28.29,4.24,137.1
2019-06-29T19:15:00Z,AOB,Arundel_on_the_Bay,38.91675,-76.45838,1.0,9.95,1.049,28.32,4.27,130.8
2019-06-29T19:30:00Z,AOB,Arundel_on_the_Bay,38.91675,-76.45838,1.0,10.25,1.048,28.45,4.27,135.2
2019-06-29T19:45:00Z,AOB,Arundel_on_the_Bay,38.91675,-76.45838,1.0,9.92,1.053,28.64,4.33,131.2
2019-06-29T20:00:00Z,AOB,Arundel_on_the_Bay,38.91675,-76.45838,1.0,10.16,1.05,28.65,4.31,134.5
2019-06-29T20:15:00Z,AOB,Arundel_on_the_Bay,38.91675,-76.45838,1.0,10.69,1.05,28.67,4.26,141.5
2019-06-29T20:30:00Z,AOB,Arundel_on_the_Bay,38.91675,-76.45838,1.0,10.86,1.054,28.53,4.25,143.3
2019-06-29T20:45:00Z,AOB,Arundel_on_the_Bay,38.91675,-76.45838,1.0,10.94,1.044,28.67,4.25,144.8
2019-06-29T21:00:00Z,AOB,Arundel_on_the_Bay,38.91675,-76.45838,1.0,10.72,1.04,28.54,4.28,141.6
2019-06-29T21:15:00Z,AOB,Arundel_on_the_Bay,38.91675,-76.45838,1.0,10.65,1.045,28.46,4.28,140.4
2019-06-29T21:30:00Z,AOB,Arundel_on_the_Bay,38.91675,-76.45838,1.0,9.98,1.069,28.13,4.32,130.9
2019-06-29T21:45:00Z,AOB,Arundel_on_the_Bay,38.91675,-76.45838,1.0,9.35,1.048,27.87,4.39,122.2
2019-06-29T22:00:00Z,AOB,Arundel_on_the_Bay,38.91675,-76.45838,1.0,9.03,1.044,27.73,4.46,117.7
2019-06-29T22:15:00Z,AOB,Arundel_on_the_Bay,38.91675,-76.45838,1.0,9.05,1.048,27.77,4.47,118.1
2019-06-29T22:30:00Z,AOB,Arundel_on_the_Bay,38.91675,-76.45838,1.0,9.04,1.046,27.77,4.48,117.9
2019-06-29T22:45:00Z,AOB,Arundel_on_the_Bay,38.91675,-76.45838,1.0,8.56,1.051,27.28,4.49,110.7
2019-06-29T23:00:00Z,AOB,Arundel_on_the_Bay,38.91675,-76.45838,1.0,8.66,1.053,27.3,4.49,112.0
2019-06-30T00:00:00Z,AOB,Arundel_on_the_Bay,38.91675,-76.45838,1.0,8.64,1.056,27.31,4.5,111.8
2019-06-30T00:15:00Z,AOB,Arundel_on_the_Bay,38.91675,-76.45838,1.0,8.5,1.056,27.33,4.5,110.0
2019-06-30T00:30:00Z,AOB,Arundel_on_the_Bay,38.91675,-76.45838,1.0,8.67,1.055,27.31,4.49,112.2
2019-06-30T00:45:00Z,AOB,Arundel_on_the_Bay,38.91675,-76.45838,1.0,8.62,1.06,27.38,4.48,111.6
2019-06-30T01:00:00Z,AOB,Arundel_on_the_Bay,38.91675,-76.45838,1.0,8.78,1.058,27.29,4.46,113.5
2019-06-30T01:15:00Z,AOB,Arundel_on_the_Bay,38.91675,-76.45838,1.0,8.76,1.053,27.31,4.45,113.3
2019-06-30T01:30:00Z,AOB,Arundel_on_the_Bay,38.91675,-76.45838,1.0,8.78,1.053,27.18,4.44,113.3
2019-06-30T01:45:00Z,AOB,Arundel_on_the_Bay,38.91675,-76.45838,1.0,8.58,1.053,27.22,4.46,110.9
2019-06-30T02:00:00Z,AOB,Arundel_on_the_Bay,38.91675,-76.45838,1.0,8.49,1.051,27.21,4.45,109.6
2019-06-30T02:15:00Z,AOB,Arundel_on_the_Bay,38.91675,-76.45838,1.0,8.58,1.049,27.2,4.44,110.8
2019-06-30T02:30:00Z,AOB,Arundel_on_the_Bay,38.91675,-76.45838,1.0,8.83,1.053,27.07,4.42,113.7
2019-06-30T02:45:00Z,AOB,Arundel_on_the_Bay,38.91675,-76.45838,1.0,8.79,1.05,27.36,4.4,113.8
2019-06-30T03:00:00Z,AOB,Arundel_on_the_Bay,38.91675,-76.45838,1.0,8.92,1.051,27.46,4.38,115.7
2019-06-30T03:15:00Z,AOB,Arundel_on_the_Bay,38.91675,-76.45838,1.0,8.65,1.05,27.49,4.39,112.2
2019-06-30T03:30:00Z,AOB,Arundel_on_the_Bay,38.91675,-76.45838,1.0,6.93,1.048,26.53,4.81,88.6
2019-06-30T03:45:00Z,AOB,Arundel_on_the_Bay,38.91675,-76.45838,1.0,6.75,1.049,26.34,4.89,86.1
2019-06-30T04:00:00Z,AOB,Arundel_on_the_Bay,38.91675,-76.45838,1.0,7.6,1.05,26.77,4.62,97.5
2019-06-30T04:15:00Z,AOB,Arundel_on_the_Bay,38.91675,-76.45838,1.0,7.77,1.055,26.72,4.64,99.5
2019-06-30T04:30:00Z,AOB,Arundel_on_the_Bay,38.91675,-76.45838,1.0,7.19,1.055,26.54,4.75,91.9
2019-06-30T04:45:00Z,AOB,Arundel_on_the_Bay,38.91675,-76.45838,1.0,7.07,1.051,26.74,4.66,90.7
2019-06-30T05:00:00Z,AOB,Arundel_on_the_Bay,38.91675,-76.45838,1.0,7.54,1.05,26.79,4.65,96.7
2019-06-30T05:15:00Z,AOB,Arundel_on_the_Bay,38.91675,-76.45838,1.0,7.37,1.049,26.82,4.63,94.6
2019-06-30T05:30:00Z,AOB,Arundel_on_the_Bay,38.91675,-76.45838,1.0,7.42,1.042,26.98,4.49,95.4
2019-06-30T05:45:00Z,AOB,Arundel_on_the_Bay,38.91675,-76.45838,1.0,7.23,1.042,26.96,4.52,93.0
2019-06-30T06:00:00Z,AOB,Arundel_on_the_Bay,38.91675,-76.45838,1.0,7.24,1.035,26.95,4.53,93.1
2019-06-30T06:15:00Z,AOB,Arundel_on_the_Bay,38.91675,-76.45838,1.0,7.43,1.031,26.97,4.5,95.6
2019-06-30T06:30:00Z,AOB,Arundel_on_the_Bay,38.91675,-76.45838,1.0,7.55,1.031,26.9,4.51,97.0
2019-06-30T06:45:00Z,AOB,Arundel_on_the_Bay,38.91675,-76.45838,1.0,7.45,1.03,26.8,4.6,95.6
2019-06-30T07:00:00Z,AOB,Arundel_on_the_Bay,38.91675,-76.45838,1.0,7.36,1.026,26.84,4.58,94.5
2019-06-30T07:15:00Z,AOB,Arundel_on_the_Bay,38.91675,-76.45838,1.0,7.41,1.026,26.87,4.55,95.2
2019-06-30T07:30:00Z,AOB,Arundel_on_the_Bay,38.91675,-76.45838,1.0,7.0,1.023,26.8,4.63,89.8
2019-06-30T07:45:00Z,AOB,Arundel_on_the_Bay,38.91675,-76.45838,1.0,6.84,1.019,26.74,4.65,87.7
2019-06-30T08:00:00Z,AOB,Arundel_on_the_Bay,38.91675,-76.45838,1.0,6.46,1.017,26.69,4.65,82.8
2019-06-30T08:15:00Z,AOB,Arundel_on_the_Bay,38.91675,-76.45838,1.0,5.61,1.019,26.11,4.97,71.2
2019-06-30T08:30:00Z,AOB,Arundel_on_the_Bay,38.91675,-76.45838,1.0,5.15,1.018,25.79,5.14,65.1
2019-06-30T08:45:00Z,AOB,Arundel_on_the_Bay,38.91675,-76.45838,1.0,5.1,1.015,25.73,5.17,64.3
2019-06-30T09:00:00Z,AOB,Arundel_on_the_Bay,38.91675,-76.45838,1.0,4.43,1.018,25.53,5.37,55.8
2019-06-30T09:15:00Z,AOB,Arundel_on_the_Bay,38.91675,-76.45838,1.0,4.36,1.02,25.43,5.4,54.8
2019-06-30T09:30:00Z,AOB,Arundel_on_the_Bay,38.91675,-76.45838,1.0,4.38,1.022,25.41,5.36,55.1
2019-06-30T09:45:00Z,AOB,Arundel_on_the_Bay,38.91675,-76.45838,1.0,4.35,1.022,25.38,5.42,54.6
2019-06-30T10:00:00Z,AOB,Arundel_on_the_Bay,38.91675,-76.45838,1.0,4.29,1.021,25.33,5.44,53.9
2019-06-30T10:15:00Z,AOB,Arundel_on_the_Bay,38.91675,-76.45838,1.0,4.25,1.021,25.32,5.46,53.3
2019-06-30T10:30:00Z,AOB,Arundel_on_the_Bay,38.91675,-76.45838,1.0,4.4,1.023,25.26,5.47,55.2
2019-06-30T10:45:00Z,AOB,Arundel_on_the_Bay,38.91675,-76.45838,1.0,4.55,1.024,25.25,5.43,57.1
2019-06-30T11:00:00Z,AOB,Arundel_on_the_Bay,38.91675,-76.45838,1.0,4.81,1.025,25.26,5.37,60.3
2019-06-30T11:15:00Z,AOB,Arundel_on_the_Bay,38.91675,-76.45838,1.0,5.25,1.025,25.23,5.29,65.7
2019-06-30T11:30:00Z,AOB,Arundel_on_the_Bay,38.91675,-76.45838,1.0,5.19,1.026,25.23,5.35,65.0
2019-06-30T11:45:00Z,AOB,Arundel_on_the_Bay,38.91675,-76.45838,1.0,4.56,1.024,25.16,5.56,57.1
2019-06-30T12:00:00Z,AOB,Arundel_on_the_Bay,38.91675,-76.45838,1.0,5.03,1.024,25.24,5.45,63.0
2019-06-30T12:15:00Z,AOB,Arundel_on_the_Bay,38.91675,-76.45838,1.0,5.48,1.02,25.36,5.31,68.7
2019-06-30T12:30:00Z,AOB,Arundel_on_the_Bay,38.91675,-76.45838,1.0,5.5,1.026,25.39,5.3,69.0
2019-06-30T12:45:00Z,AOB,Arundel_on_the_Bay,38.91675,-76.45838,1.0,5.58,1.025,25.44,5.3,70.1
2019-06-30T13:00:00Z,AOB,Arundel_on_the_Bay,38.91675,-76.45838,1.0,5.83,1.025,25.45,5.26,73.2
2019-06-30T13:15:00Z,AOB,Arundel_on_the_Bay,38.91675,-76.45838,1.0,5.81,1.026,25.44,5.29,73.0
2019-06-30T13:30:00Z,AOB,Arundel_on_the_Bay,38.91675,-76.45838,1.0,5.85,1.024,25.52,5.3,73.7
2019-06-30T13:45:00Z,AOB,Arundel_on_the_Bay,38.91675,-76.45838,1.0,5.52,1.021,25.45,5.49,69.5
2019-06-30T14:00:00Z,AOB,Arundel_on_the_Bay,38.91675,-76.45838,1.0,5.31,1.019,25.4,5.61,66.8
2019-06-30T14:15:00Z,AOB,Arundel_on_the_Bay,38.91675,-76.45838,1.0,5.35,1.019,25.41,5.64,67.3
2019-06-30T14:30:00Z,AOB,Arundel_on_the_Bay,38.91675,-76.45838,1.0,5.41,1.017,25.49,5.61,68.2
2019-06-30T14:45:00Z,AOB,Arundel_on_the_Bay,38.91675,-76.45838,1.0,5.62,1.016,25.6,5.57,71.0
2019-06-30T15:00:00Z,AOB,Arundel_on_the_Bay,38.91675,-76.45838,1.0,5.68,1.013,25.66,5.6,71.8
2019-06-30T15:15:00Z,AOB,Arundel_on_the_Bay,38.91675,-76.45838,1.0,5.96,1.015,25.86,5.52,75.5
2019-06-30T15:30:00Z,AOB,Arundel_on_the_Bay,38.91675,-76.45838,1.0,6.3,1.013,26.04,5.45,80.1
2019-06-30T15:45:00Z,AOB,Arundel_on_the_Bay,38.91675,-76.45838,1.0,6.48,1.011,26.16,5.41,82.5
2019-06-30T16:00:00Z,AOB,Arundel_on_the_Bay,38.91675,-76.45838,1.0,6.91,1.009,26.34,5.24,88.3
2019-06-30T16:15:00Z,AOB,Arundel_on_the_Bay,38.91675,-76.45838,1.0,7.21,1.0,26.42,5.14,92.1
2019-06-30T16:30:00Z,AOB,Arundel_on_the_Bay,38.91675,-76.45838,1.0,7.59,1.005,26.48,5.12,97.1
2019-06-30T16:45:00Z,AOB,Arundel_on_the_Bay,38.91675,-76.45838,1.0,7.37,1.001,26.35,5.18,94.1
2019-06-30T17:00:00Z,AOB,Arundel_on_the_Bay,38.91675,-76.45838,1.0,7.02,1.005,26.31,5.26,89.6
2019-06-30T17:15:00Z,AOB,Arundel_on_the_Bay,38.91675,-76.45838,1.0,7.0,1.006,26.28,5.27,89.3
2019-06-30T17:30:00Z,AOB,Arundel_on_the_Bay,38.91675,-76.45838,1.0,6.72,1.004,26.2,5.29,85.6
2019-06-30T17:45:00Z,AOB,Arundel_on_the_Bay,38.91675,-76.45838,1.0,7.01,1.004,26.21,5.31,89.4
2019-06-30T18:00:00Z,AOB,Arundel_on_the_Bay,38.91675,-76.45838,1.0,6.87,1.003,26.32,5.31,87.8
2019-06-30T18:15:00Z,AOB,Arundel_on_the_Bay,38.91675,-76.45838,1.0,7.18,1.005,26.93,5.24,92.7
2019-06-30T18:30:00Z,AOB,Arundel_on_the_Bay,38.91675,-76.45838,1.0,8.12,1.0,26.88,5.16,104.7
2019-06-30T18:45:00Z,AOB,Arundel_on_the_Bay,38.91675,-76.45838,1.0,8.43,1.0,27.02,5.12,108.9
2019-06-30T19:00:00Z,AOB,Arundel_on_the_Bay,38.91675,-76.45838,1.0,8.53,1.0,27.04,5.12,110.2
2019-06-30T19:15:00Z,AOB,Arundel_on_the_Bay,38.91675,-76.45838,1.0,8.62,1.0,27.04,5.11,111.3
2019-06-30T19:30:00Z,AOB,Arundel_on_the_Bay,38.91675,-76.45838,1.0,8.54,0.994,27.11,5.09,110.5
2019-06-30T19:45:00Z,AOB,Arundel_on_the_Bay,38.91675,-76.45838,1.0,8.7,0.995,27.28,5.1,113.0
2019-06-30T20:00:00Z,AOB,Arundel_on_the_Bay,38.91675,-76.45838,1.0,9.17,0.994,27.29,5.07,119.0
2019-06-30T20:15:00Z,AOB,Arundel_on_the_Bay,38.91675,-76.45838,1.0,9.15,0.993,27.31,5.1,118.8
2019-06-30T20:30:00Z,AOB,Arundel_on_the_Bay,38.91675,-76.45838,1.0,9.29,0.99,27.33,5.13,120.6
2019-06-30T20:45:00Z,AOB,Arundel_on_the_Bay,38.91675,-76.45838,1.0,8.73,0.985,27.4,5.21,113.6
2019-06-30T21:00:00Z,AOB,Arundel_on_the_Bay,38.91675,-76.45838,1.0,9.19,0.989,27.28,5.15,119.3
2019-06-30T21:15:00Z,AOB,Arundel_on_the_Bay,38.91675,-76.45838,1.0,8.89,0.992,27.11,5.19,115.1
2019-06-30T21:30:00Z,AOB,Arundel_on_the_Bay,38.91675,-76.45838,1.0,8.85,0.987,26.99,5.21,114.3
2019-06-30T21:45:00Z,AOB,Arundel_on_the_Bay,38.91675,-76.45838,1.0,8.89,0.991,27.07,5.28,115.0
2019-06-30T22:00:00Z,AOB,Arundel_on_the_Bay,38.91675,-76.45838,1.0,9.03,0.982,27.19,5.31,117.2
2019-06-30T22:15:00Z,AOB,Arundel_on_the_Bay,38.91675,-76.45838,1.0,8.94,0.986,27.4,5.34,116.4
2019-06-30T22:30:00Z,AOB,Arundel_on_the_Bay,38.91675,-76.45838,1.0,8.85,0.991,27.43,5.35,115.3
2019-06-30T22:45:00Z,AOB,Arundel_on_the_Bay,38.91675,-76.45838,1.0,8.84,0.992,27.49,5.36,115.3
2019-06-30T23:00:00Z,AOB,Arundel_on_the_Bay,38.91675,-76.45838,1.0,8.84,0.996,27.47,5.35,115.3
2019-07-01T00:00:00Z,AOB,Arundel_on_the_Bay,38.91675,-76.45838,1.0,8.67,1.003,27.0,5.3,112.1
2019-07-01T00:15:00Z,AOB,Arundel_on_the_Bay,38.91675,-76.45838,1.0,8.64,1.003,27.0,5.31,111.7
2019-07-01T00:30:00Z,AOB,Arundel_on_the_Bay,38.91675,-76.45838,1.0,8.59,1.001,26.99,5.32,111.0
2019-07-01T00:45:00Z,AOB,Arundel_on_the_Bay,38.91675,-76.45838,1.0,8.43,1.005,26.94,5.32,108.9
2019-07-01T01:00:00Z,AOB,Arundel_on_the_Bay,38.91675,-76.45838,1.0,8.46,1.008,26.87,5.31,109.2
2019-07-01T01:15:00Z,AOB,Arundel_on_the_Bay,38.91675,-76.45838,1.0,8.53,1.01,26.8,5.28,109.9
2019-07-01T01:30:00Z,AOB,Arundel_on_the_Bay,38.91675,-76.45838,1.0,8.54,1.011,26.71,5.24,109.8
2019-07-01T01:45:00Z,AOB,Arundel_on_the_Bay,38.91675,-76.45838,1.0,8.54,1.013,26.61,5.21,109.5
2019-07-01T02:00:00Z,AOB,Arundel_on_the_Bay,38.91675,-76.45838,1.0,8.54,1.019,26.51,5.14,109.3
2019-07-01T02:15:00Z,AOB,Arundel_on_the_Bay,38.91675,-76.45838,1.0,8.74,1.024,26.4,5.02,111.6
2019-07-01T02:30:00Z,AOB,Arundel_on_the_Bay,38.91675,-76.45838,1.0,8.93,1.025,26.48,4.85,114.1
2019-07-01T02:45:00Z,AOB,Arundel_on_the_Bay,38.91675,-76.45838,1.0,9.1,1.021,26.54,4.71,116.3
2019-07-01T03:00:00Z,AOB,Arundel_on_the_Bay,38.91675,-76.45838,1.0,9.02,1.013,26.51,4.67,115.2
2019-07-01T03:15:00Z,AOB,Arundel_on_the_Bay,38.91675,-76.45838,1.0,8.79,1.013,26.47,4.69,112.2
2019-07-01T03:30:00Z,AOB,Arundel_on_the_Bay,38.91675,-76.45838,1.0,8.9,1.001,26.4,4.68,113.4
2019-07-01T03:45:00Z,AOB,Arundel_on_the_Bay,38.91675,-76.45838,1.0,8.86,1.017,26.35,4.69,112.9
2019-07-01T04:00:00Z,AOB,Arundel_on_the_Bay,38.91675,-76.45838,1.0,8.73,1.007,26.28,4.72,111.0
2019-07-01T04:15:00Z,AOB,Arundel_on_the_Bay,38.91675,-76.45838,1.0,8.67,1.018,26.22,4.71,110.1
2019-07-01T04:30:00Z,AOB,Arundel_on_the_Bay,38.91675,-76.45838,1.0,8.6,1.02,26.15,4.73,109.2
2019-07-01T04:45:00Z,AOB,Arundel_on_the_Bay,38.91675,-76.45838,1.0,8.49,1.022,26.1,4.75,107.7
2019-07-01T05:00:00Z,AOB,Arundel_on_the_Bay,38.91675,-76.45838,1.0,8.36,1.023,26.03,4.79,105.9
2019-07-01T05:15:00Z,AOB,Arundel_on_the_Bay,38.91675,-76.45838,1.0,8.21,1.026,25.98,4.75,103.8
2019-07-01T05:30:00Z,AOB,Arundel_on_the_Bay,38.91675,-76.45838,1.0,8.22,1.028,25.91,4.73,103.8
2019-07-01T05:45:00Z,AOB,Arundel_on_the_Bay,38.91675,-76.45838,1.0,8.31,1.033,25.9,4.68,104.9
2019-07-01T06:00:00Z,AOB,Arundel_on_the_Bay,38.91675,-76.45838,1.0,7.96,1.03,25.95,4.7,100.7
2019-07-01T06:15:00Z,AOB,Arundel_on_the_Bay,38.91675,-76.45838,1.0,7.19,1.033,26.1,4.94,91.2
2019-07-01T06:30:00Z,AOB,Arundel_on_the_Bay,38.91675,-76.45838,1.0,7.18,1.026,26.04,4.96,91.1
2019-07-01T06:45:00Z,AOB,Arundel_on_the_Bay,38.91675,-76.45838,1.0,7.7,1.026,25.69,4.85,97.0
2019-07-01T07:00:00Z,AOB,Arundel_on_the_Bay,38.91675,-76.45838,1.0,7.92,1.028,25.54,4.83,99.5
2019-07-01T07:15:00Z,AOB,Arundel_on_the_Bay,38.91675,-76.45838,1.0,7.78,1.03,25.52,5.02,97.8
2019-07-01T07:30:00Z,AOB,Arundel_on_the_Bay,38.91675,-76.45838,1.0,7.49,1.037,25.63,5.33,94.5
2019-07-01T07:45:00Z,AOB,Arundel_on_the_Bay,38.91675,-76.45838,1.0,7.3,1.039,25.66,5.35,92.2
2019-07-01T08:00:00Z,AOB,Arundel_on_the_Bay,38.91675,-76.45838,1.0,7.25,1.031,25.58,5.35,91.4
2019-07-01T08:15:00Z,AOB,Arundel_on_the_Bay,38.91675,-76.45838,1.0,7.28,1.034,25.49,5.35,91.6
2019-07-01T08:30:00Z,AOB,Arundel_on_the_Bay,38.91675,-76.45838,1.0,7.33,1.037,25.44,5.27,92.1
2019-07-01T08:45:00Z,AOB,Arundel_on_the_Bay,38.91675,-76.45838,1.0,7.44,1.035,25.41,5.16,93.4
2019-07-01T09:00:00Z,AOB,Arundel_on_the_Bay,38.91675,-76.45838,1.0,7.52,1.033,25.43,5.08,94.4
2019-07-01T09:15:00Z,AOB,Arundel_on_the_Bay,38.91675,-76.45838,1.0,7.61,1.036,25.43,5.02,95.5
2019-07-01T09:30:00Z,AOB,Arundel_on_the_Bay,38.91675,-76.45838,1.0,7.65,1.041,25.42,4.98,95.9
2019-07-01T09:45:00Z,AOB,Arundel_on_the_Bay,38.91675,-76.45838,1.0,7.79,1.033,25.4,4.91,97.6
2019-07-01T10:00:00Z,AOB,Arundel_on_the_Bay,38.91675,-76.45838,1.0,7.91,1.043,25.44,4.86,99.2
2019-07-01T10:15:00Z,AOB,Arundel_on_the_Bay,38.91675,-76.45838,1.0,7.92,1.045,25.44,4.84,99.3
2019-07-01T10:30:00Z,AOB,Arundel_on_the_Bay,38.91675,-76.45838,1.0,8.0,1.042,25.46,4.8,100.4
2019-07-01T10:45:00Z,AOB,Arundel_on_the_Bay,38.91675,-76.45838,1.0,7.99,1.04,25.46,4.8,100.2
2019-07-01T11:00:00Z,AOB,Arundel_on_the_Bay,38.91675,-76.45838,1.0,8.1,1.049,25.49,4.76,101.6
2019-07-01T11:15:00Z,AOB,Arundel_on_the_Bay,38.91675,-76.45838,1.0,8.13,1.048,25.48,4.74,102.0
2019-07-01T11:30:00Z,AOB,Arundel_on_the_Bay,38.91675,-76.45838,1.0,8.18,1.05,25.5,4.72,102.6
2019-07-01T11:45:00Z,AOB,Arundel_on_the_Bay,38.91675,-76.45838,1.0,8.31,1.038,25.53,4.66,104.3
2019-07-01T12:00:00Z,AOB,Arundel_on_the_Bay,38.91675,-76.45838,1.0,8.36,1.051,25.55,4.64,104.9
2019-07-01T12:15:00Z,AOB,Arundel_on_the_Bay,38.91675,-76.45838,1.0,8.42,1.054,25.54,4.65,105.6
2019-07-01T12:30:00Z,AOB,Arundel_on_the_Bay,38.91675,-76.45838,1.0,8.47,1.054,25.54,4.64,106.3
2019-07-01T12:45:00Z,AOB,Arundel_on_the_Bay,38.91675,-76.45838,1.0,8.51,1.053,25.56,4.66,106.8
2019-07-01T13:00:00Z,AOB,Arundel_on_the_Bay,38.91675,-76.45838,1.0,8.54,1.053,25.56,4.68,107.2
2019-07-01T13:15:00Z,AOB,Arundel_on_the_Bay,38.91675,-76.45838,1.0,8.67,1.056,25.58,4.67,108.9
2019-07-01T13:30:00Z,AOB,Arundel_on_the_Bay,38.91675,-76.45838,1.0,8.77,1.055,25.63,4.67,110.2
2019-07-01T13:45:00Z,AOB,Arundel_on_the_Bay,38.91675,-76.45838,1.0,8.8,1.059,25.68,4.68,110.7
2019-07-01T14:00:00Z,AOB,Arundel_on_the_Bay,38.91675,-76.45838,1.0,8.9,1.061,25.74,4.67,112.1
2019-07-01T14:15:00Z,AOB,Arundel_on_the_Bay,38.91675,-76.45838,1.0,9.0,1.059,25.91,4.63,113.7
2019-07-01T14:30:00Z,AOB,Arundel_on_the_Bay,38.91675,-76.45838,1.0,9.06,1.061,26.02,4.61,114.6
2019-07-01T14:45:00Z,AOB,Arundel_on_the_Bay,38.91675,-76.45838,1.0,9.12,1.063,26.1,4.6,115.6
2019-07-01T15:00:00Z,AOB,Arundel_on_the_Bay,38.91675,-76.45838,1.0,9.16,1.062,26.17,4.6,116.2
2019-07-01T15:15:00Z,AOB,Arundel_on_the_Bay,38.91675,-76.45838,1.0,9.09,1.059,26.25,4.57,115.5
2019-07-01T15:30:00Z,AOB,Arundel_on_the_Bay,38.91675,-76.45838,1.0,9.15,1.058,26.29,4.58,116.3
2019-07-01T15:45:00Z,AOB,Arundel_on_the_Bay,38.91675,-76.45838,1.0,9.02,1.055,26.32,4.5,114.6
2019-07-01T16:00:00Z,AOB,Arundel_on_the_Bay,38.91675,-76.45838,1.0,8.86,1.052,26.34,4.52,112.8
2019-07-01T16:15:00Z,AOB,Arundel_on_the_Bay,38.91675,-76.45838,1.0,8.99,1.058,26.43,4.51,114.6
2019-07-01T16:30:00Z,AOB,Arundel_on_the_Bay,38.91675,-76.45838,1.0,9.13,1.05,26.47,4.48,116.4
2019-07-01T16:45:00Z,AOB,Arundel_on_the_Bay,38.91675,-76.45838,1.0,9.27,1.057,26.55,4.44,118.3
2019-07-01T17:00:00Z,AOB,Arundel_on_the_Bay,38.91675,-76.45838,1.0,9.26,1.055,26.59,4.41,118.2
2019-07-01T17:15:00Z,AOB,Arundel_on_the_Bay,38.91675,-76.45838,1.0,9.24,1.057,26.83,4.56,118.6
2019-07-01T17:30:00Z,AOB,Arundel_on_the_Bay,38.91675,-76.45838,1.0,9.09,1.059,26.93,4.99,117.1
2019-07-01T17:45:00Z,AOB,Arundel_on_the_Bay,38.91675,-76.45838,1.0,9.43,1.058,27.06,4.98,121.8
2019-07-01T18:00:00Z,AOB,Arundel_on_the_Bay,38.91675,-76.45838,1.0,9.54,1.057,27.12,4.97,123.4
2019-07-01T18:15:00Z,AOB,Arundel_on_the_Bay,38.91675,-76.45838,1.0,9.67,1.056,27.28,4.97,125.4
2019-07-01T18:30:00Z,AOB,Arundel_on_the_Bay,38.91675,-76.45838,1.0,9.81,1.057,27.35,4.85,127.3
2019-07-01T18:45:00Z,AOB,Arundel_on_the_Bay,38.91675,-76.45838,1.0,9.84,1.053,27.23,4.82,127.4
2019-07-01T19:00:00Z,AOB,Arundel_on_the_Bay,38.91675,-76.45838,1.0,9.39,1.053,26.99,5.05,121.1
2019-07-01T19:15:00Z,AOB,Arundel_on_the_Bay,38.91675,-76.45838,1.0,9.81,1.05,27.21,5.17,127.2
2019-07-01T19:30:00Z,AOB,Arundel_on_the_Bay,38.91675,-76.45838,1.0,9.88,1.049,27.37,5.17,128.5
2019-07-01T19:45:00Z,AOB,Arundel_on_the_Bay,38.91675,-76.45838,1.0,9.94,1.048,27.57,5.19,129.7
2019-07-01T20:00:00Z,AOB,Arundel_on_the_Bay,38.91675,-76.45838,1.0,9.88,1.05,27.61,5.18,129.0
2019-07-01T20:15:00Z,AOB,Arundel_on_the_Bay,38.91675,-76.45838,1.0,9.76,1.048,27.68,5.13,127.6
2019-07-01T20:30:00Z,AOB,Arundel_on_the_Bay,38.91675,-76.45838,1.0,9.88,1.049,27.61,5.16,128.9
2019-07-01T20:45:00Z,AOB,Arundel_on_the_Bay,38.91675,-76.45838,1.0,10.19,1.047,27.3,5.01,132.2
2019-07-01T21:00:00Z,AOB,Arundel_on_the_Bay,38.91675,-76.45838,1.0,10.43,1.047,27.3,5.03,135.3
2019-07-01T21:15:00Z,AOB,Arundel_on_the_Bay,38.91675,-76.45838,1.0,10.58,1.043,27.37,5.07,137.5
2019-07-01T21:30:00Z,AOB,Arundel_on_the_Bay,38.91675,-76.45838,1.0,10.78,1.042,27.46,5.07,140.3
2019-07-01T21:45:00Z,AOB,Arundel_on_the_Bay,38.91675,-76.45838,1.0,10.5,1.037,27.39,5.05,136.5
2019-07-01T22:00:00Z,AOB,Arundel_on_the_Bay,38.91675,-76.45838,1.0,10.68,1.037,27.43,4.93,138.8
2019-07-01T22:15:00Z,AOB,Arundel_on_the_Bay,38.91675,-76.45838,1.0,10.92,1.041,27.56,4.84,142.2
2019-07-01T22:30:00Z,AOB,Arundel_on_the_Bay,38.91675,-76.45838,1.0,10.85,1.038,27.61,4.82,141.3
2019-07-01T22:45:00Z,AOB,Arundel_on_the_Bay,38.91675,-76.45838,1.0,10.93,1.04,27.7,4.82,142.7
2019-07-01T23:00:00Z,AOB,Arundel_on_the_Bay,38.91675,-76.45838,1.0,11.1,1.042,27.74,4.78,145.0
2019-07-02T00:00:00Z,AOB,Arundel_on_the_Bay,38.91675,-76.45838,1.0,10.94,1.041,27.69,4.62,142.6
2019-07-02T00:15:00Z,AOB,Arundel_on_the_Bay,38.91675,-76.45838,1.0,10.94,1.044,27.66,4.6,142.5
2019-07-02T00:30:00Z,AOB,Arundel_on_the_Bay,38.91675,-76.45838,1.0,10.92,1.042,27.59,4.57,142.0
2019-07-02T00:45:00Z,AOB,Arundel_on_the_Bay,38.91675,-76.45838,1.0,10.77,1.042,27.53,4.56,139.9
2019-07-02T01:00:00Z,AOB,Arundel_on_the_Bay,38.91675,-76.45838,1.0,10.69,1.042,27.48,4.55,138.7
2019-07-02T01:15:00Z,AOB,Arundel_on_the_Bay,38.91675,-76.45838,1.0,10.59,1.046,27.45,4.55,137.4
2019-07-02T01:30:00Z,AOB,Arundel_on_the_Bay,38.91675,-76.45838,1.0,10.57,1.045,27.42,4.54,137.1
2019-07-02T01:45:00Z,AOB,Arundel_on_the_Bay,38.91675,-76.45838,1.0,10.46,1.044,27.38,4.53,135.5
2019-07-02T02:00:00Z,AOB,Arundel_on_the_Bay,38.91675,-76.45838,1.0,10.37,1.045,27.35,4.53,134.3
2019-07-02T02:15:00Z,AOB,Arundel_on_the_Bay,38.91675,-76.45838,1.0,10.21,1.047,27.31,4.53,132.1
2019-07-02T02:30:00Z,AOB,Arundel_on_the_Bay,38.91675,-76.45838,1.0,10.12,1.047,27.29,4.53,130.9
2019-07-02T02:45:00Z,AOB,Arundel_on_the_Bay,38.91675,-76.45838,1.0,10.04,1.044,27.25,4.52,129.8
2019-07-02T03:00:00Z,AOB,Arundel_on_the_Bay,38.91675,-76.45838,1.0,10.04,1.048,27.24,4.53,129.7
2019-07-02T03:15:00Z,AOB,Arundel_on_the_Bay,38.91675,-76.45838,1.0,9.79,1.049,27.09,4.51,126.2
2019-07-02T03:30:00Z,AOB,Arundel_on_the_Bay,38.91675,-76.45838,1.0,9.75,1.045,27.05,4.52,125.6
2019-07-02T03:45:00Z,AOB,Arundel_on_the_Bay,38.91675,-76.45838,1.0,9.47,1.046,26.9,4.51,121.7
2019-07-02T04:00:00Z,AOB,Arundel_on_the_Bay,38.91675,-76.45838,1.0,9.15,1.047,26.62,4.5,117.0
2019-07-02T04:15:00Z,AOB,Arundel_on_the_Bay,38.91675,-76.45838,1.0,9.23,1.045,27.09,4.78,119.2
2019-07-02T04:30:00Z,AOB,Arundel_on_the_Bay,38.91675,-76.45838,1.0,9.66,1.049,27.2,4.86,124.9
2019-07-02T04:45:00Z,AOB,Arundel_on_the_Bay,38.91675,-76.45838,1.0,9.57,1.047,27.17,4.9,123.8
2019-07-02T05:00:00Z,AOB,Arundel_on_the_Bay,38.91675,-76.45838,1.0,9.39,1.048,27.19,4.93,121.6
2019-07-02T05:15:00Z,AOB,Arundel_on_the_Bay,38.91675,-76.45838,1.0,9.0,1.048,27.06,4.9,116.2
2019-07-02T05:30:00Z,AOB,Arundel_on_the_Bay,38.91675,-76.45838,1.0,9.0,1.047,27.09,4.93,116.3
2019-07-02T05:45:00Z,AOB,Arundel_on_the_Bay,38.91675,-76.45838,1.0,8.85,1.045,27.05,4.92,114.3
2019-07-02T06:00:00Z,AOB,Arundel_on_the_Bay,38.91675,-76.45838,1.0,8.92,1.045,26.78,4.79,114.5
2019-07-02T06:15:00Z,AOB,Arundel_on_the_Bay,38.91675,-76.45838,1.0,8.75,1.043,26.7,4.82,112.2
2019-07-02T06:30:00Z,AOB,Arundel_on_the_Bay,38.91675,-76.45838,1.0,9.29,1.043,26.46,4.75,118.5
2019-07-02T06:45:00Z,AOB,Arundel_on_the_Bay,38.91675,-76.45838,1.0,8.98,1.043,26.51,4.78,114.7
2019-07-02T07:00:00Z,AOB,Arundel_on_the_Bay,38.91675,-76.45838,1.0,9.1,1.043,26.42,4.77,116.1
2019-07-02T07:15:00Z,AOB,Arundel_on_the_Bay,38.91675,-76.45838,1.0,8.95,1.04,26.42,4.79,114.1
2019-07-02T07:30:00Z,AOB,Arundel_on_the_Bay,38.91675,-76.45838,1.0,8.67,1.043,26.48,4.8,110.7
2019-07-02T07:45:00Z,AOB,Arundel_on_the_Bay,38.91675,-76.45838,1.0,8.44,1.043,26.58,4.81,108.0
2019-07-02T08:00:00Z,AOB,Arundel_on_the_Bay,38.91675,-76.45838,1.0,8.53,1.045,26.71,4.84,109.4
2019-07-02T08:15:00Z,AOB,Arundel_on_the_Bay,38.91675,-76.45838,1.0,8.55,1.044,26.71,4.86,109.7
2019-07-02T08:30:00Z,AOB,Arundel_on_the_Bay,38.91675,-76.45838,1.0,8.55,1.042,26.7,4.85,109.7
2019-07-02T08:45:00Z,AOB,Arundel_on_the_Bay,38.91675,-76.45838,1.0,8.48,1.045,26.5,4.81,108.3
2019-07-02T09:00:00Z,AOB,Arundel_on_the_Bay,38.91675,-76.45838,1.0,8.47,1.045,26.44,4.79,108.1
2019-07-02T09:15:00Z,AOB,Arundel_on_the_Bay,38.91675,-76.45838,1.0,8.27,1.042,26.41,4.78,105.5
2019-07-02T09:30:00Z,AOB,Arundel_on_the_Bay,38.91675,-76.45838,1.0,8.35,1.041,26.46,4.79,106.5
2019-07-02T09:45:00Z,AOB,Arundel_on_the_Bay,38.91675,-76.45838,1.0,8.29,1.039,26.46,4.78,105.9
2019-07-02T10:00:00Z,AOB,Arundel_on_the_Bay,38.91675,-76.45838,1.0,8.29,1.036,26.5,4.79,105.9
2019-07-02T10:15:00Z,AOB,Arundel_on_the_Bay,38.91675,-76.45838,1.0,8.28,1.04,26.47,4.75,105.7
2019-07-02T10:30:00Z,AOB,Arundel_on_the_Bay,38.91675,-76.45838,1.0,8.27,1.039,26.51,4.76,105.7
2019-07-02T10:45:00Z,AOB,Arundel_on_the_Bay,38.91675,-76.45838,1.0,8.4,1.039,26.49,4.74,107.2
2019-07-02T11:00:00Z,AOB,Arundel_on_the_Bay,38.91675,-76.45838,1.0,8.38,1.038,26.5,4.73,107.1
2019-07-02T11:15:00Z,AOB,Arundel_on_the_Bay,38.91675,-76.45838,1.0,8.16,1.034,26.35,4.75,104.0
2019-07-02T11:30:00Z,AOB,Arundel_on_the_Bay,38.91675,-76.45838,1.0,7.29,1.039,26.01,4.8,92.3
2019-07-02T11:45:00Z,AOB,Arundel_on_the_Bay,38.91675,-76.45838,1.0,5.99,1.038,25.81,5.07,75.7
2019-07-02T12:00:00Z,AOB,Arundel_on_the_Bay,38.91675,-76.45838,1.0,4.9,1.037,25.62,5.42,61.8
2019-07-02T12:15:00Z,AOB,Arundel_on_the_Bay,38.91675,-76.45838,1.0,4.24,1.036,25.17,6.15,53.3
2019-07-02T12:30:00Z,AOB,Arundel_on_the_Bay,38.91675,-76.45838,1.0,4.7,1.036,25.28,5.99,59.2
2019-07-02T12:45:00Z,AOB,Arundel_on_the_Bay,38.91675,-76.45838,1.0,5.33,1.036,25.38,5.79,67.1
2019-07-02T13:00:00Z,AOB,Arundel_on_the_Bay,38.91675,-76.45838,1.0,6.11,1.036,25.43,5.57,77.0
2019-07-02T13:15:00Z,AOB,Arundel_on_the_Bay,38.91675,-76.45838,1.0,6.79,1.037,25.48,5.39,85.4
2019-07-02T13:30:00Z,AOB,Arundel_on_the_Bay,38.91675,-76.45838,1.0,7.15,1.038,25.52,5.29,90.0
2019-07-02T13:45:00Z,AOB,Arundel_on_the_Bay,38.91675,-76.45838,1.0,7.44,1.037,25.54,5.22,93.7
2019-07-02T14:00:00Z,AOB,Arundel_on_the_Bay,38.91675,-76.45838,1.0,7.62,1.034,25.57,5.11,96.0
2019-07-02T14:15:00Z,AOB,Arundel_on_the_Bay,38.91675,-76.45838,1.0,7.6,1.033,25.59,5.16,95.8
2019-07-02T14:30:00Z,AOB,Arundel_on_the_Bay,38.91675,-76.45838,1.0,7.49,1.022,25.59,5.22,94.4
2019-07-02T14:45:00Z,AOB,Arundel_on_the_Bay,38.91675,-76.45838,1.0,7.28,1.033,25.61,5.31,91.8
2019-07-02T15:00:00Z,AOB,Arundel_on_the_Bay,38.91675,-76.45838,1.0,7.23,1.032,25.55,5.4,91.1
2019-07-02T15:15:00Z,AOB,Arundel_on_the_Bay,38.91675,-76.45838,1.0,7.13,1.031,25.49,5.47,89.7
2019-07-02T15:30:00Z,AOB,Arundel_on_the_Bay,38.91675,-76.45838,1.0,7.1,1.026,25.46,5.52,89.4
2019-07-02T15:45:00Z,AOB,Arundel_on_the_Bay,38.91675,-76.45838,1.0,6.95,1.026,25.42,5.62,87.5
2019-07-02T16:00:00Z,AOB,Arundel_on_the_Bay,38.91675,-76.45838,1.0,6.84,1.026,25.41,5.64,86.1
2019-07-02T16:15:00Z,AOB,Arundel_on_the_Bay,38.91675,-76.45838,1.0,6.61,1.025,25.38,5.8,83.2
2019-07-02T16:30:00Z,AOB,Arundel_on_the_Bay,38.91675,-76.45838,1.0,6.7,1.023,25.48,5.87,84.5
2019-07-02T16:45:00Z,AOB,Arundel_on_the_Bay,38.91675,-76.45838,1.0,6.81,1.021,25.53,5.93,86.0
2019-07-02T17:00:00Z,AOB,Arundel_on_the_Bay,38.91675,-76.45838,1.0,7.23,1.021,25.86,5.81,91.8
2019-07-02T17:15:00Z,AOB,Arundel_on_the_Bay,38.91675,-76.45838,1.0,7.18,1.018,25.68,5.86,90.9
2019-07-02T17:30:00Z,AOB,Arundel_on_the_Bay,38.91675,-76.45838,1.0,7.37,1.016,25.84,5.79,93.6
2019-07-02T17:45:00Z,AOB,Arundel_on_the_Bay,38.91675,-76.45838,1.0,7.6,1.013,26.01,5.66,96.7
2019-07-02T18:00:00Z,AOB,Arundel_on_the_Bay,38.91675,-76.45838,1.0,7.71,1.011,26.18,5.58,98.4
2019-07-02T18:15:00Z,AOB,Arundel_on_the_Bay,38.91675,-76.45838,1.0,7.83,1.002,26.44,5.46,100.3
2019-07-02T18:30:00Z,AOB,Arundel_on_the_Bay,38.91675,-76.45838,1.0,8.22,1.005,26.63,5.38,105.6
2019-07-02T18:45:00Z,AOB,Arundel_on_the_Bay,38.91675,-76.45838,1.0,9.12,1.004,27.22,5.21,118.2
2019-07-02T19:00:00Z,AOB,Arundel_on_the_Bay,38.91675,-76.45838,1.0,9.15,0.997,27.19,5.26,118.6
2019-07-02T19:15:00Z,AOB,Arundel_on_the_Bay,38.91675,-76.45838,1.0,9.32,0.996,27.17,5.32,120.8
2019-07-02T19:30:00Z,AOB,Arundel_on_the_Bay,38.91675,-76.45838,1.0,9.57,1.0,27.27,5.22,124.2
2019-07-02T19:45:00Z,AOB,Arundel_on_the_Bay,38.91675,-76.45838,1.0,9.72,0.993,27.33,5.16,126.2
2019-07-02T20:00:00Z,AOB,Arundel_on_the_Bay,38.91675,-76.45838,1.0,9.86,0.997,27.47,5.1,128.4
2019-07-02T20:15:00Z,AOB,Arundel_on_the_Bay,38.91675,-76.45838,1.0,9.95,0.995,27.58,5.07,129.8
2019-07-02T20:30:00Z,AOB,Arundel_on_the_Bay,38.91675,-76.45838,1.0,9.87,0.992,27.73,5.09,129.1
2019-07-02T20:45:00Z,AOB,Arundel_on_the_Bay,38.91675,-76.45838,1.0,9.88,0.988,27.96,5.07,129.8
2019-07-02T21:00:00Z,AOB,Arundel_on_the_Bay,38.91675,-76.45838,1.0,9.89,0.992,27.98,5.08,129.9
2019-07-02T21:15:00Z,AOB,Arundel_on_the_Bay,38.91675,-76.45838,1.0,9.47,0.983,27.94,5.18,124.4
2019-07-02T21:30:00Z,AOB,Arundel_on_the_Bay,38.91675,-76.45838,1.0,9.31,0.995,27.94,5.19,122.3
2019-07-02T21:45:00Z,AOB,Arundel_on_the_Bay,38.91675,-76.45838,1.0,9.15,0.994,27.87,5.22,120.1
2019-07-02T22:00:00Z,AOB,Arundel_on_the_Bay,38.91675,-76.45838,1.0,9.31,0.997,27.8,5.21,122.0
2019-07-02T22:15:00Z,AOB,Arundel_on_the_Bay,38.91675,-76.45838,1.0,9.42,1.012,27.89,5.22,123.7
2019-07-02T22:30:00Z,AOB,Arundel_on_the_Bay,38.91675,-76.45838,1.0,9.6,0.998,27.7,5.22,125.6
2019-07-02T22:45:00Z,AOB,Arundel_on_the_Bay,38.91675,-76.45838,1.0,9.02,0.993,27.47,5.31,117.6
2019-07-02T23:00:00Z,AOB,Arundel_on_the_Bay,38.91675,-76.45838,1.0,7.4,0.992,26.32,5.82,94.8
2019-07-03T00:00:00Z,AOB,Arundel_on_the_Bay,38.91675,-76.45838,1.0,4.68,0.994,24.88,7.05,58.8
2019-07-03T00:15:00Z,AOB,Arundel_on_the_Bay,38.91675,-76.45838,1.0,4.36,1.008,24.75,7.28,54.8
2019-07-03T00:30:00Z,AOB,Arundel_on_the_Bay,38.91675,-76.45838,1.0,4.35,1.006,24.69,7.25,54.5
2019-07-03T00:45:00Z,AOB,Arundel_on_the_Bay,38.91675,-76.45838,1.0,4.38,1.007,24.74,7.21,55.0
2019-07-03T01:00:00Z,AOB,Arundel_on_the_Bay,38.91675,-76.45838,1.0,4.97,1.007,24.99,6.89,62.5
2019-07-03T01:15:00Z,AOB,Arundel_on_the_Bay,38.91675,-76.45838,1.0,5.53,1.011,25.23,6.57,69.8
2019-07-03T01:30:00Z,AOB,Arundel_on_the_Bay,38.91675,-76.45838,1.0,5.62,1.011,25.31,6.5,70.9
2019-07-03T01:45:00Z,AOB,Arundel_on_the_Bay,38.91675,-76.45838,1.0,5.25,1.01,25.17,6.71,66.2
2019-07-03T02:00:00Z,AOB,Arundel_on_the_Bay,38.91675,-76.45838,1.0,5.25,1.011,25.17,6.71,66.3
2019-07-03T02:15:00Z,AOB,Arundel_on_the_Bay,38.91675,-76.45838,1.0,5.37,1.01,25.25,6.66,67.8
2019-07-03T02:30:00Z,AOB,Arundel_on_the_Bay,38.91675,-76.45838,1.0,5.41,1.009,25.26,6.73,68.4
2019-07-03T02:45:00Z,AOB,Arundel_on_the_Bay,38.91675,-76.45838,1.0,5.18,1.011,25.21,6.81,65.4
2019-07-03T03:00:00Z,AOB,Arundel_on_the_Bay,38.91675,-76.45838,1.0,5.45,1.012,25.29,6.64,68.8
2019-07-03T03:15:00Z,AOB,Arundel_on_the_Bay,38.91675,-76.45838,1.0,5.47,1.011,25.26,6.67,69.0
2019-07-03T03:30:00Z,AOB,Arundel_on_the_Bay,38.91675,-76.45838,1.0,5.02,1.012,25.2,6.81,63.3
2019-07-03T03:45:00Z,AOB,Arundel_on_the_Bay,38.91675,-76.45838,1.0,4.88,1.011,25.13,6.91,61.6
2019-07-03T04:00:00Z,AOB,Arundel_on_the_Bay,38.91675,-76.45838,1.0,4.86,1.013,25.04,7.1,61.2
2019-07-03T04:15:00Z,AOB,Arundel_on_the_Bay,38.91675,-76.45838,1.0,5.06,1.013,25.12,6.92,63.8
2019-07-03T04:30:00Z,AOB,Arundel_on_the_Bay,38.91675,-76.45838,1.0,5.18,1.013,25.09,6.83,65.2
2019-07-03T04:45:00Z,AOB,Arundel_on_the_Bay,38.91675,-76.45838,1.0,5.79,1.013,25.19,6.64,72.9
2019-07-03T05:00:00Z,AOB,Arundel_on_the_Bay,38.91675,-76.45838,1.0,5.8,1.012,25.24,6.59,73.2
2019-07-03T05:15:00Z,AOB,Arundel_on_the_Bay,38.91675,-76.45838,1.0,5.65,1.012,25.3,6.58,71.3
2019-07-03T05:30:00Z,AOB,Arundel_on_the_Bay,38.91675,-76.45838,1.0,4.54,1.012,25.11,6.98,57.2
2019-07-03T05:45:00Z,AOB,Arundel_on_the_Bay,38.91675,-76.45838,1.0,4.31,1.01,25.2,6.9,54.4
2019-07-03T06:00:00Z,AOB,Arundel_on_the_Bay,38.91675,-76.45838,1.0,4.61,1.012,25.16,6.91,58.1
2019-07-03T06:15:00Z,AOB,Arundel_on_the_Bay,38.91675,-76.45838,1.0,4.43,1.011,25.14,6.94,56.0
2019-07-03T06:30:00Z,AOB,Arundel_on_the_Bay,38.91675,-76.45838,1.0,4.54,1.011,25.15,6.88,57.2
2019-07-03T06:45:00Z,AOB,Arundel_on_the_Bay,38.91675,-76.45838,1.0,4.75,1.009,25.2,6.83,60.0
2019-07-03T07:00:00Z,AOB,Arundel_on_the_Bay,38.91675,-76.45838,1.0,4.96,1.009,25.3,6.68,62.7
2019-07-03T07:15:00Z,AOB,Arundel_on_the_Bay,38.91675,-76.45838,1.0,5.51,1.009,25.6,6.5,69.9
2019-07-03T07:30:00Z,AOB,Arundel_on_the_Bay,38.91675,-76.45838,1.0,5.48,1.007,25.68,6.49,69.6
2019-07-03T07:45:00Z,AOB,Arundel_on_the_Bay,38.91675,-76.45838,1.0,5.04,1.009,25.55,6.58,63.9
2019-07-03T08:00:00Z,AOB,Arundel_on_the_Bay,38.91675,-76.45838,1.0,4.56,1.007,25.2,6.73,57.5
2019-07-03T08:15:00Z,AOB,Arundel_on_the_Bay,38.91675,-76.45838,1.0,4.56,1.007,25.23,6.75,57.6
2019-07-03T08:30:00Z,AOB,Arundel_on_the_Bay,38.91675,-76.45838,1.0,4.63,1.006,25.18,6.75,58.4
2019-07-03T08:45:00Z,AOB,Arundel_on_the_Bay,38.91675,-76.45838,1.0,4.82,1.008,25.26,6.71,60.9
2019-07-03T09:00:00Z,AOB,Arundel_on_the_Bay,38.91675,-76.45838,1.0,5.15,1.008,25.26,6.66,65.0
2019-07-03T09:15:00Z,AOB,Arundel_on_the_Bay,38.91675,-76.45838,1.0,5.19,1.009,25.28,6.63,65.6
2019-07-03T09:30:00Z,AOB,Arundel_on_the_Bay,38.91675,-76.45838,1.0,5.31,1.009,25.3,6.58,67.0
2019-07-03T09:45:00Z,AOB,Arundel_on_the_Bay,38.91675,-76.45838,1.0,4.97,1.013,25.22,6.62,62.7
2019-07-03T10:00:00Z,AOB,Arundel_on_the_Bay,38.91675,-76.45838,1.0,5.3,1.015,25.15,6.5,66.7
2019-07-03T10:15:00Z,AOB,Arundel_on_the_Bay,38.91675,-76.45838,1.0,5.34,1.016,25.08,6.45,67.2
2019-07-03T10:30:00Z,AOB,Arundel_on_the_Bay,38.91675,-76.45838,1.0,5.59,1.015,25.09,6.39,70.2
2019-07-03T10:45:00Z,AOB,Arundel_on_the_Bay,38.91675,-76.45838,1.0,5.53,1.015,25.04,6.39,69.5
2019-07-03T11:00:00Z,AOB,Arundel_on_the_Bay,38.91675,-76.45838,1.0,5.63,1.018,25.05,6.36,70.7
2019-07-03T11:15:00Z,AOB,Arundel_on_the_Bay,38.91675,-76.45838,1.0,5.69,1.021,25.06,6.36,71.5
2019-07-03T11:30:00Z,AOB,Arundel_on_the_Bay,38.91675,-76.45838,1.0,5.57,1.021,25.04,6.39,70.0
2019-07-03T11:45:00Z,AOB,Arundel_on_the_Bay,38.91675,-76.45838,1.0,5.61,1.023,25.04,6.36,70.4
2019-07-03T12:00:00Z,AOB,Arundel_on_the_Bay,38.91675,-76.45838,1.0,5.83,1.023,25.07,6.32,73.2
2019-07-03T12:15:00Z,AOB,Arundel_on_the_Bay,38.91675,-76.45838,1.0,6.02,1.024,25.13,6.24,75.7
2019-07-03T12:30:00Z,AOB,Arundel_on_the_Bay,38.91675,-76.45838,1.0,6.28,1.021,25.22,6.17,79.0
2019-07-03T12:45:00Z,AOB,Arundel_on_the_Bay,38.91675,-76.45838,1.0,6.38,1.024,25.29,6.13,80.4
2019-07-03T13:00:00Z,AOB,Arundel_on_the_Bay,38.91675,-76.45838,1.0,6.5,1.024,25.4,6.14,82.1
2019-07-03T13:15:00Z,AOB,Arundel_on_the_Bay,38.91675,-76.45838,1.0,5.93,1.025,25.31,6.39,74.9
2019-07-03T13:30:00Z,AOB,Arundel_on_the_Bay,38.91675,-76.45838,1.0,6.08,1.025,25.34,6.35,76.7
2019-07-03T13:45:00Z,AOB,Arundel_on_the_Bay,38.91675,-76.45838,1.0,5.57,1.029,25.23,6.58,70.2
2019-07-03T14:00:00Z,AOB,Arundel_on_the_Bay,38.91675,-76.45838,1.0,5.4,1.029,25.23,6.65,68.1
2019-07-03T14:15:00Z,AOB,Arundel_on_the_Bay,38.91675,-76.45838,1.0,6.28,1.027,25.65,6.41,79.7
2019-07-03T14:30:00Z,AOB,Arundel_on_the_Bay,38.91675,-76.45838,1.0,7.32,1.026,26.07,6.17,93.6
2019-07-03T14:45:00Z,AOB,Arundel_on_the_Bay,38.91675,-76.45838,1.0,6.56,1.029,25.68,6.34,83.3
2019-07-03T15:00:00Z,AOB,Arundel_on_the_Bay,38.91675,-76.45838,1.0,6.37,1.028,25.6,6.41,80.9
2019-07-03T15:15:00Z,AOB,Arundel_on_the_Bay,38.91675,-76.45838,1.0,6.2,1.027,25.66,6.46,78.7
2019-07-03T15:30:00Z,AOB,Arundel_on_the_Bay,38.91675,-76.45838,1.0,5.52,1.027,25.34,6.85,69.9
2019-07-03T15:45:00Z,AOB,Arundel_on_the_Bay,38.91675,-76.45838,1.0,5.33,1.024,25.31,6.99,67.5
2019-07-03T16:00:00Z,AOB,Arundel_on_the_Bay,38.91675,-76.45838,1.0,5.03,1.024,25.23,7.16,63.7
2019-07-03T16:15:00Z,AOB,Arundel_on_the_Bay,38.91675,-76.45838,1.0,5.42,1.032,25.57,6.65,68.8
2019-07-03T16:30:00Z,AOB,Arundel_on_the_Bay,38.91675,-76.45838,1.0,5.65,1.027,25.82,6.49,72.0
2019-07-03T16:45:00Z,AOB,Arundel_on_the_Bay,38.91675,-76.45838,1.0,5.88,1.027,26.06,6.35,75.2
2019-07-03T17:00:00Z,AOB,Arundel_on_the_Bay,38.91675,-76.45838,1.0,6.27,1.021,26.44,6.16,80.6
2019-07-03T17:15:00Z,AOB,Arundel_on_the_Bay,38.91675,-76.45838,1.0,6.51,1.027,26.57,6.13,83.9
2019-07-03T17:30:00Z,AOB,Arundel_on_the_Bay,38.91675,-76.45838,1.0,6.89,1.026,26.82,6.01,89.1
2019-07-03T17:45:00Z,AOB,Arundel_on_the_Bay,38.91675,-76.45838,1.0,7.2,1.025,27.02,5.92,93.5
2019-07-03T18:00:00Z,AOB,Arundel_on_the_Bay,38.91675,-76.45838,1.0,7.36,1.026,27.13,5.88,95.6
2019-07-03T18:15:00Z,AOB,Arundel_on_the_Bay,38.91675,-76.45838,1.0,7.43,1.02,27.14,5.89,96.6
2019-07-03T18:30:00Z,AOB,Arundel_on_the_Bay,38.91675,-76.45838,1.0,7.45,1.021,27.21,5.95,97.1
2019-07-03T18:45:00Z,AOB,Arundel_on_the_Bay,38.91675,-76.45838,1.0,7.62,1.02,27.18,5.95,99.1
2019-07-03T19:00:00Z,AOB,Arundel_on_the_Bay,38.91675,-76.45838,1.0,7.64,1.018,27.28,5.98,99.7
2019-07-03T19:15:00Z,AOB,Arundel_on_the_Bay,38.91675,-76.45838,1.0,7.69,1.012,27.43,6.03,100.6
2019-07-03T19:30:00Z,AOB,Arundel_on_the_Bay,38.91675,-76.45838,1.0,7.44,1.011,27.31,6.12,97.2
2019-07-03T19:45:00Z,AOB,Arundel_on_the_Bay,38.91675,-76.45838,1.0,6.78,1.024,26.68,6.24,87.6
2019-07-03T20:00:00Z,AOB,Arundel_on_the_Bay,38.91675,-76.45838,1.0,7.17,1.019,26.82,6.22,92.9
2019-07-03T20:15:00Z,AOB,Arundel_on_the_Bay,38.91675,-76.45838,1.0,8.04,1.008,27.63,6.06,105.5
2019-07-03T20:30:00Z,AOB,Arundel_on_the_Bay,38.91675,-76.45838,1.0,8.3,1.008,27.6,6.03,108.8
2019-07-03T20:45:00Z,AOB,Arundel_on_the_Bay,38.91675,-76.45838,1.0,8.2,1.006,27.63,6.09,107.6
2019-07-03T21:00:00Z,AOB,Arundel_on_the_Bay,38.91675,-76.45838,1.0,8.16,1.006,27.61,6.12,107.1
2019-07-03T21:15:00Z,AOB,Arundel_on_the_Bay,38.91675,-76.45838,1.0,8.19,1.004,27.59,6.14,107.5
2019-07-03T21:30:00Z,AOB,Arundel_on_the_Bay,38.91675,-76.45838,1.0,8.1,1.003,27.53,6.16,106.2
2019-07-03T21:45:00Z,AOB,Arundel_on_the_Bay,38.91675,-76.45838,1.0,7.89,1.002,27.41,6.19,103.3
2019-07-03T22:00:00Z,AOB,Arundel_on_the_Bay,38.91675,-76.45838,1.0,7.84,1.003,27.58,6.17,102.9
2019-07-03T22:15:00Z,AOB,Arundel_on_the_Bay,38.91675,-76.45838,1.0,8.0,1.0,27.43,6.15,104.7
2019-07-03T22:30:00Z,AOB,Arundel_on_the_Bay,38.91675,-76.45838,1.0,8.12,1.002,27.41,6.14,106.2
2019-07-03T22:45:00Z,AOB,Arundel_on_the_Bay,38.91675,-76.45838,1.0,7.94,1.002,27.27,6.16,103.6
2019-07-03T23:00:00Z,AOB,Arundel_on_the_Bay,38.91675,-76.45838,1.0,8.03,1.003,27.36,6.16,105.0
2019-07-04T00:00:00Z,AOB,Arundel_on_the_Bay,38.91675,-76.45838,1.0,8.9,1.013,27.83,5.99,117.2
2019-07-04T00:15:00Z,AOB,Arundel_on_the_Bay,38.91675,-76.45838,1.0,9.05,1.014,27.83,5.96,119.1
2019-07-04T00:30:00Z,AOB,Arundel_on_the_Bay,38.91675,-76.45838,1.0,8.65,1.015,27.89,6.01,114.0
2019-07-04T00:45:00Z,AOB,Arundel_on_the_Bay,38.91675,-76.45838,1.0,8.59,1.015,27.83,5.99,113.1
2019-07-04T01:00:00Z,AOB,Arundel_on_the_Bay,38.91675,-76.45838,1.0,8.61,1.022,27.86,5.95,113.4
2019-07-04T01:15:00Z,AOB,Arundel_on_the_Bay,38.91675,-76.45838,1.0,8.59,1.022,27.9,5.93,113.2
2019-07-04T01:30:00Z,AOB,Arundel_on_the_Bay,38.91675,-76.45838,1.0,8.5,1.026,27.87,5.92,112.0
2019-07-04T01:45:00Z,AOB,Arundel_on_the_Bay,38.91675,-76.45838,1.0,8.55,1.028,27.86,5.89,112.5
2019-07-04T02:00:00Z,AOB,Arundel_on_the_Bay,38.91675,-76.45838,1.0,8.57,1.03,27.82,5.86,112.7
2019-07-04T02:15:00Z,AOB,Arundel_on_the_Bay,38.91675,-76.45838,1.0,8.71,1.03,27.76,5.81,114.5
2019-07-04T02:30:00Z,AOB,Arundel_on_the_Bay,38.91675,-76.45838,1.0,8.73,1.032,27.77,5.79,114.7
2019-07-04T02:45:00Z,AOB,Arundel_on_the_Bay,38.91675,-76.45838,1.0,8.67,1.033,27.76,5.77,113.9
2019-07-04T03:00:00Z,AOB,Arundel_on_the_Bay,38.91675,-76.45838,1.0,8.67,1.033,27.74,5.77,113.9
2019-07-04T03:15:00Z,AOB,Arundel_on_the_Bay,38.91675,-76.45838,1.0,8.64,1.033,27.74,5.78,113.5
2019-07-04T03:30:00Z,AOB,Arundel_on_the_Bay,38.91675,-76.45838,1.0,8.76,1.033,27.78,5.75,115.1
2019-07-04T03:45:00Z,AOB,Arundel_on_the_Bay,38.91675,-76.45838,1.0,8.7,1.033,27.84,5.75,114.4
2019-07-04T04:00:00Z,AOB,Arundel_on_the_Bay,38.91675,-76.45838,1.0,8.68,1.034,27.85,5.74,114.1
2019-07-04T04:15:00Z,AOB,Arundel_on_the_Bay,38.91675,-76.45838,1.0,8.5,1.033,27.81,5.75,111.8
2019-07-04T04:30:00Z,AOB,Arundel_on_the_Bay,38.91675,-76.45838,1.0,8.45,1.034,27.79,5.73,111.0
2019-07-04T04:45:00Z,AOB,Arundel_on_the_Bay,38.91675,-76.45838,1.0,8.85,1.034,27.71,5.67,116.1
2019-07-04T05:00:00Z,AOB,Arundel_on_the_Bay,38.91675,-76.45838,1.0,8.69,1.035,27.7,5.66,114.0
2019-07-04T05:15:00Z,AOB,Arundel_on_the_Bay,38.91675,-76.45838,1.0,9.02,1.034,27.65,5.62,118.2
2019-07-04T05:30:00Z,AOB,Arundel_on_the_Bay,38.91675,-76.45838,1.0,8.92,1.036,27.63,5.61,116.8
2019-07-04T05:45:00Z,AOB,Arundel_on_the_Bay,38.91675,-76.45838,1.0,8.99,1.036,27.61,5.58,117.7
2019-07-04T06:00:00Z,AOB,Arundel_on_the_Bay,38.91675,-76.45838,1.0,8.66,1.036,27.61,5.75,113.4
2019-07-04T06:15:00Z,AOB,Arundel_on_the_Bay,38.91675,-76.45838,1.0,8.56,1.037,27.64,5.85,112.3
2019-07-04T06:30:00Z,AOB,Arundel_on_the_Bay,38.91675,-76.45838,1.0,8.36,1.035,27.59,5.84,109.5
2019-07-04T06:45:00Z,AOB,Arundel_on_the_Bay,38.91675,-76.45838,1.0,8.14,1.037,27.58,5.9,106.6
2019-07-04T07:00:00Z,AOB,Arundel_on_the_Bay,38.91675,-76.45838,1.0,7.88,1.038,27.56,5.93,103.2
2019-07-04T07:15:00Z,AOB,Arundel_on_the_Bay,38.91675,-76.45838,1.0,7.79,1.038,27.55,5.92,102.1
2019-07-04T07:30:00Z,AOB,Arundel_on_the_Bay,38.91675,-76.45838,1.0,8.22,1.04,27.47,5.79,107.4
2019-07-04T07:45:00Z,AOB,Arundel_on_the_Bay,38.91675,-76.45838,1.0,7.91,1.041,27.41,5.85,103.3
2019-07-04T08:00:00Z,AOB,Arundel_on_the_Bay,38.91675,-76.45838,1.0,7.62,1.04,27.35,6.01,99.5
2019-07-04T08:15:00Z,AOB,Arundel_on_the_Bay,38.91675,-76.45838,1.0,7.34,1.042,27.26,6.02,95.7
2019-07-04T08:30:00Z,AOB,Arundel_on_the_Bay,38.91675,-76.45838,1.0,7.22,1.045,27.21,6.03,94.0
2019-07-04T08:45:00Z,AOB,Arundel_on_the_Bay,38.91675,-76.45838,1.0,7.54,1.042,27.39,5.9,98.5
2019-07-04T09:00:00Z,AOB,Arundel_on_the_Bay,38.91675,-76.45838,1.0,7.63,1.041,27.41,5.9,99.6
2019-07-04T09:15:00Z,AOB,Arundel_on_the_Bay,38.91675,-76.45838,1.0,7.6,1.046,27.35,5.91,99.2
2019-07-04T09:30:00Z,AOB,Arundel_on_the_Bay,38.91675,-76.45838,1.0,7.66,1.045,27.4,5.88,100.1
2019-07-04T09:45:00Z,AOB,Arundel_on_the_Bay,38.91675,-76.45838,1.0,7.51,1.047,27.32,5.94,98.0
2019-07-04T10:00:00Z,AOB,Arundel_on_the_Bay,38.91675,-76.45838,1.0,7.58,1.049,27.35,5.9,98.9
2019-07-04T10:15:00Z,AOB,Arundel_on_the_Bay,38.91675,-76.45838,1.0,7.68,1.048,27.36,5.82,100.2
2019-07-04T10:30:00Z,AOB,Arundel_on_the_Bay,38.91675,-76.45838,1.0,7.31,1.051,27.37,5.77,95.4
2019-07-04T10:45:00Z,AOB,Arundel_on_the_Bay,38.91675,-76.45838,1.0,7.36,1.053,27.36,5.68,96.0
2019-07-04T11:00:00Z,AOB,Arundel_on_the_Bay,38.91675,-76.45838,1.0,7.36,1.054,27.37,5.65,95.9
2019-07-04T11:15:00Z,AOB,Arundel_on_the_Bay,38.91675,-76.45838,1.0,7.35,1.057,27.37,5.62,95.8
2019-07-04T11:30:00Z,AOB,Arundel_on_the_Bay,38.91675,-76.45838,1.0,7.55,1.057,27.38,5.58,98.4
2019-07-04T11:45:00Z,AOB,Arundel_on_the_Bay,38.91675,-76.45838,1.0,7.6,1.058,27.38,5.55,99.1
2019-07-04T12:00:00Z,AOB,Arundel_on_the_Bay,38.91675,-76.45838,1.0,7.62,1.06,27.37,5.51,99.3
2019-07-04T12:15:00Z,AOB,Arundel_on_the_Bay,38.91675,-76.45838,1.0,8.63,1.06,27.34,5.48,112.3
2019-07-04T12:30:00Z,AOB,Arundel_on_the_Bay,38.91675,-76.45838,1.0,8.81,1.062,27.36,5.44,114.6
2019-07-04T12:45:00Z,AOB,Arundel_on_the_Bay,38.91675,-76.45838,1.0,8.9,1.063,27.37,5.42,115.9
2019-07-04T13:00:00Z,AOB,Arundel_on_the_Bay,38.91675,-76.45838,1.0,8.95,1.06,27.46,5.41,116.8
2019-07-04T13:15:00Z,AOB,Arundel_on_the_Bay,38.91675,-76.45838,1.0,9.01,1.059,27.48,5.35,117.5
2019-07-04T13:30:00Z,AOB,Arundel_on_the_Bay,38.91675,-76.45838,1.0,9.06,1.056,27.56,5.31,118.3
2019-07-04T13:45:00Z,AOB,Arundel_on_the_Bay,38.91675,-76.45838,1.0,9.34,1.058,27.58,5.29,122.0
2019-07-04T14:00:00Z,AOB,Arundel_on_the_Bay,38.91675,-76.45838,1.0,9.54,1.054,27.55,5.25,124.5
2019-07-04T14:15:00Z,AOB,Arundel_on_the_Bay,38.91675,-76.45838,1.0,9.57,1.054,27.57,5.25,124.9
2019-07-04T14:30:00Z,AOB,Arundel_on_the_Bay,38.91675,-76.45838,1.0,9.67,1.06,27.5,5.19,126.0
2019-07-04T14:45:00Z,AOB,Arundel_on_the_Bay,38.91675,-76.45838,1.0,9.89,1.057,27.42,5.14,128.7
2019-07-04T15:00:00Z,AOB,Arundel_on_the_Bay,38.91675,-76.45838,1.0,10.0,1.063,27.34,5.13,129.9
2019-07-04T15:15:00Z,AOB,Arundel_on_the_Bay,38.91675,-76.45838,1.0,10.18,1.068,27.34,5.13,132.2
2019-07-04T15:30:00Z,AOB,Arundel_on_the_Bay,38.91675,-76.45838,1.0,10.27,1.064,27.37,5.16,133.6
2019-07-04T15:45:00Z,AOB,Arundel_on_the_Bay,38.91675,-76.45838,1.0,10.39,1.061,27.54,5.2,135.5
2019-07-04T16:00:00Z,AOB,Arundel_on_the_Bay,38.91675,-76.45838,1.0,10.24,1.066,27.58,5.3,133.8
2019-07-04T16:15:00Z,AOB,Arundel_on_the_Bay,38.91675,-76.45838,1.0,10.16,1.063,27.41,5.35,132.3
2019-07-04T16:30:00Z,AOB,Arundel_on_the_Bay,38.91675,-76.45838,1.0,9.85,1.065,27.18,5.46,127.9
2019-07-04T16:45:00Z,AOB,Arundel_on_the_Bay,38.91675,-76.45838,1.0,9.27,1.067,27.07,5.62,120.1
2019-07-04T17:00:00Z,AOB,Arundel_on_the_Bay,38.91675,-76.45838,1.0,8.7,1.067,27.02,5.71,112.8
2019-07-04T17:15:00Z,AOB,Arundel_on_the_Bay,38.91675,-76.45838,1.0,8.47,1.073,27.3,5.78,110.3
2019-07-04T17:30:00Z,AOB,Arundel_on_the_Bay,38.91675,-76.45838,1.0,8.77,1.063,27.94,5.74,115.5
2019-07-04T17:45:00Z,AOB,Arundel_on_the_Bay,38.91675,-76.45838,1.0,9.6,1.059,28.23,5.59,127.1
2019-07-04T18:00:00Z,AOB,Arundel_on_the_Bay,38.91675,-76.45838,1.0,9.89,1.06,28.63,5.49,131.7
2019-07-04T18:15:00Z,AOB,Arundel_on_the_Bay,38.91675,-76.45838,1.0,9.91,1.056,28.51,5.5,131.7
2019-07-04T18:30:00Z,AOB,Arundel_on_the_Bay,38.91675,-76.45838,1.0,9.79,1.056,28.56,5.63,130.3
2019-07-04T18:45:00Z,AOB,Arundel_on_the_Bay,38.91675,-76.45838,1.0,9.7,1.056,28.3,5.65,128.6
2019-07-04T19:00:00Z,AOB,Arundel_on_the_Bay,38.91675,-76.45838,1.0,10.19,1.06,28.37,5.75,135.2
2019-07-04T19:15:00Z,AOB,Arundel_on_the_Bay,38.91675,-76.45838,1.0,10.05,1.053,28.14,5.73,132.8
2019-07-04T19:30:00Z,AOB,Arundel_on_the_Bay,38.91675,-76.45838,1.0,10.05,1.056,28.27,5.78,133.2
2019-07-04T19:45:00Z,AOB,Arundel_on_the_Bay,38.91675,-76.45838,1.0,9.31,1.055,27.95,5.84,122.8
2019-07-04T20:00:00Z,AOB,Arundel_on_the_Bay,38.91675,-76.45838,1.0,8.73,1.055,27.72,5.86,114.7
2019-07-04T20:15:00Z,AOB,Arundel_on_the_Bay,38.91675,-76.45838,1.0,9.07,1.051,28.08,5.83,119.9
2019-07-04T20:30:00Z,AOB,Arundel_on_the_Bay,38.91675,-76.45838,1.0,8.41,1.055,27.69,5.85,110.4
2019-07-04T20:45:00Z,AOB,Arundel_on_the_Bay,38.91675,-76.45838,1.0,9.16,1.047,27.98,5.73,120.7
2019-07-04T21:00:00Z,AOB,Arundel_on_the_Bay,38.91675,-76.45838,1.0,8.79,1.048,27.9,5.81,115.8
2019-07-04T21:15:00Z,AOB,Arundel_on_the_Bay,38.91675,-76.45838,1.0,9.08,1.057,27.99,5.77,119.7
2019-07-04T21:30:00Z,AOB,Arundel_on_the_Bay,38.91675,-76.45838,1.0,9.23,1.056,28.52,5.91,123.0
2019-07-04T21:45:00Z,AOB,Arundel_on_the_Bay,38.91675,-76.45838,1.0,8.66,1.055,27.91,5.79,114.1
2019-07-04T22:00:00Z,AOB,Arundel_on_the_Bay,38.91675,-76.45838,1.0,8.69,1.053,28.0,5.81,114.6
2019-07-04T22:15:00Z,AOB,Arundel_on_the_Bay,38.91675,-76.45838,1.0,8.84,1.061,28.09,5.82,116.8
2019-07-04T22:30:00Z,AOB,Arundel_on_the_Bay,38.91675,-76.45838,1.0,8.93,1.061,27.98,5.77,117.8
2019-07-04T22:45:00Z,AOB,Arundel_on_the_Bay,38.91675,-76.45838,1.0,8.79,1.065,27.86,5.77,115.6
2019-07-04T23:00:00Z,AOB,Arundel_on_the_Bay,38.91675,-76.45838,1.0,8.94,1.065,27.9,5.77,117.7
2019-07-05T00:00:00Z,AOB,Arundel_on_the_Bay,38.91675,-76.45838,1.0,8.84,1.069,28.09,5.68,116.7
2019-07-05T00:15:00Z,AOB,Arundel_on_the_Bay,38.91675,-76.45838,1.0,8.94,1.068,28.17,5.66,118.2
2019-07-05T00:30:00Z,AOB,Arundel_on_the_Bay,38.91675,-76.45838,1.0,8.96,1.07,28.23,5.63,118.5
2019-07-05T00:45:00Z,AOB,Arundel_on_the_Bay,38.91675,-76.45838,1.0,9.07,1.071,28.31,5.58,120.2
2019-07-05T01:00:00Z,AOB,Arundel_on_the_Bay,38.91675,-76.45838,1.0,9.2,1.07,28.38,5.51,122.0
2019-07-05T01:15:00Z,AOB,Arundel_on_the_Bay,38.91675,-76.45838,1.0,9.36,1.074,28.41,5.46,124.1
2019-07-05T01:30:00Z,AOB,Arundel_on_the_Bay,38.91675,-76.45838,1.0,9.49,1.075,28.42,5.42,125.8
2019-07-05T01:45:00Z,AOB,Arundel_on_the_Bay,38.91675,-76.45838,1.0,9.4,1.078,28.41,5.41,124.6
2019-07-05T02:00:00Z,AOB,Arundel_on_the_Bay,38.91675,-76.45838,1.0,9.29,1.065,28.41,5.42,123.2
2019-07-05T02:15:00Z,AOB,Arundel_on_the_Bay,38.91675,-76.45838,1.0,9.29,1.075,28.37,5.41,123.1
2019-07-05T02:30:00Z,AOB,Arundel_on_the_Bay,38.91675,-76.45838,1.0,9.28,1.08,28.14,5.4,122.5
2019-07-05T02:45:00Z,AOB,Arundel_on_the_Bay,38.91675,-76.45838,1.0,9.31,1.086,28.04,5.4,122.6
2019-07-05T03:00:00Z,AOB,Arundel_on_the_Bay,38.91675,-76.45838,1.0,9.52,1.088,27.74,5.36,124.8
2019-07-05T03:15:00Z,AOB,Arundel_on_the_Bay,38.91675,-76.45838,1.0,9.53,1.085,27.6,5.33,124.5
2019-07-05T03:30:00Z,AOB,Arundel_on_the_Bay,38.91675,-76.45838,1.0,9.35,1.081,27.61,5.3,122.2
2019-07-05T03:45:00Z,AOB,Arundel_on_the_Bay,38.91675,-76.45838,1.0,9.19,1.081,27.56,5.28,120.0
2019-07-05T04:00:00Z,AOB,Arundel_on_the_Bay,38.91675,-76.45838,1.0,9.07,1.079,27.49,5.28,118.3
2019-07-05T04:15:00Z,AOB,Arundel_on_the_Bay,38.91675,-76.45838,1.0,8.91,1.075,27.47,5.29,116.1
2019-07-05T04:30:00Z,AOB,Arundel_on_the_Bay,38.91675,-76.45838,1.0,8.8,1.084,27.42,5.29,114.6
2019-07-05T04:45:00Z,AOB,Arundel_on_the_Bay,38.91675,-76.45838,1.0,8.59,1.082,27.41,5.3,111.8
2019-07-05T05:00:00Z,AOB,Arundel_on_the_Bay,38.91675,-76.45838,1.0,9.02,1.084,27.3,5.32,117.2
2019-07-05T05:15:00Z,AOB,Arundel_on_the_Bay,38.91675,-76.45838,1.0,8.89,1.083,27.33,5.36,115.6
2019-07-05T05:30:00Z,AOB,Arundel_on_the_Bay,38.91675,-76.45838,1.0,8.67,1.082,27.35,5.44,112.9
2019-07-05T05:45:00Z,AOB,Arundel_on_the_Bay,38.91675,-76.45838,1.0,8.6,1.085,27.27,5.51,111.9
2019-07-05T06:00:00Z,AOB,Arundel_on_the_Bay,38.91675,-76.45838,1.0,8.27,1.081,27.27,5.6,107.6
2019-07-05T06:15:00Z,AOB,Arundel_on_the_Bay,38.91675,-76.45838,1.0,7.85,1.076,27.3,5.71,102.2
2019-07-05T06:30:00Z,AOB,Arundel_on_the_Bay,38.91675,-76.45838,1.0,7.73,1.076,27.52,5.76,101.1
2019-07-05T06:45:00Z,AOB,Arundel_on_the_Bay,38.91675,-76.45838,1.0,7.71,1.081,27.68,5.74,101.1
2019-07-05T07:00:00Z,AOB,Arundel_on_the_Bay,38.91675,-76.45838,1.0,7.7,1.082,27.84,5.75,101.2
2019-07-05T07:15:00Z,AOB,Arundel_on_the_Bay,38.91675,-76.45838,1.0,7.29,1.082,27.91,5.75,96.1
2019-07-05T07:30:00Z,AOB,Arundel_on_the_Bay,38.91675,-76.45838,1.0,7.37,1.082,27.94,5.76,97.1
2019-07-05T07:45:00Z,AOB,Arundel_on_the_Bay,38.91675,-76.45838,1.0,7.48,1.081,27.85,5.74,98.4
2019-07-05T08:00:00Z,AOB,Arundel_on_the_Bay,38.91675,-76.45838,1.0,7.33,1.081,27.79,5.74,96.4
2019-07-05T08:15:00Z,AOB,Arundel_on_the_Bay,38.91675,-76.45838,1.0,7.26,1.082,27.82,5.75,95.4
2019-07-05T08:30:00Z,AOB,Arundel_on_the_Bay,38.91675,-76.45838,1.0,7.39,1.08,27.47,5.73,96.5
2019-07-05T08:45:00Z,AOB,Arundel_on_the_Bay,38.91675,-76.45838,1.0,7.59,1.079,27.47,5.71,99.1
2019-07-05T09:00:00Z,AOB,Arundel_on_the_Bay,38.91675,-76.45838,1.0,7.62,1.073,27.49,5.75,99.7
2019-07-05T09:15:00Z,AOB,Arundel_on_the_Bay,38.91675,-76.45838,1.0,7.61,1.078,27.46,5.82,99.5
2019-07-05T09:30:00Z,AOB,Arundel_on_the_Bay,38.91675,-76.45838,1.0,7.56,1.081,27.45,5.83,98.8
2019-07-05T09:45:00Z,AOB,Arundel_on_the_Bay,38.91675,-76.45838,1.0,7.41,1.082,27.46,5.82,96.8
2019-07-05T10:00:00Z,AOB,Arundel_on_the_Bay,38.91675,-76.45838,1.0,7.02,1.074,27.54,5.73,91.8
2019-07-05T10:15:00Z,AOB,Arundel_on_the_Bay,38.91675,-76.45838,1.0,7.01,1.078,27.51,5.69,91.6
2019-07-05T10:30:00Z,AOB,Arundel_on_the_Bay,38.91675,-76.45838,1.0,7.03,1.083,27.52,5.7,91.9
2019-07-05T10:45:00Z,AOB,Arundel_on_the_Bay,38.91675,-76.45838,1.0,7.12,1.081,27.62,5.73,93.3
2019-07-05T11:00:00Z,AOB,Arundel_on_the_Bay,38.91675,-76.45838,1.0,7.18,1.087,27.47,5.72,93.8
2019-07-05T11:15:00Z,AOB,Arundel_on_the_Bay,38.91675,-76.45838,1.0,7.2,1.086,27.46,5.72,94.1
2019-07-05T11:30:00Z,AOB,Arundel_on_the_Bay,38.91675,-76.45838,1.0,7.2,1.091,27.47,5.72,94.1
2019-07-05T11:45:00Z,AOB,Arundel_on_the_Bay,38.91675,-76.45838,1.0,7.32,1.091,27.35,5.71,95.4
2019-07-05T12:00:00Z,AOB,Arundel_on_the_Bay,38.91675,-76.45838,1.0,7.2,1.091,27.36,5.67,93.9
2019-07-05T12:15:00Z,AOB,Arundel_on_the_Bay,38.91675,-76.45838,1.0,7.37,1.093,27.19,5.48,95.7
2019-07-05T12:30:00Z,AOB,Arundel_on_the_Bay,38.91675,-76.45838,1.0,7.59,1.094,27.18,5.44,98.6
2019-07-05T12:45:00Z,AOB,Arundel_on_the_Bay,38.91675,-76.45838,1.0,7.61,1.094,27.15,5.39,98.7
2019-07-05T13:00:00Z,AOB,Arundel_on_the_Bay,38.91675,-76.45838,1.0,7.72,1.096,27.11,5.33,100.1
2019-07-05T13:15:00Z,AOB,Arundel_on_the_Bay,38.91675,-76.45838,1.0,7.9,1.096,27.19,5.3,102.5
2019-07-05T13:30:00Z,AOB,Arundel_on_the_Bay,38.91675,-76.45838,1.0,7.95,1.097,27.21,5.36,103.2
2019-07-05T13:45:00Z,AOB,Arundel_on_the_Bay,38.91675,-76.45838,1.0,8.08,1.093,27.27,5.45,105.0
2019-07-05T14:00:00Z,AOB,Arundel_on_the_Bay,38.91675,-76.45838,1.0,8.17,1.091,27.34,5.45,106.3
2019-07-05T14:15:00Z,AOB,Arundel_on_the_Bay,38.91675,-76.45838,1.0,8.12,1.095,27.32,5.46,105.7
2019-07-05T14:30:00Z,AOB,Arundel_on_the_Bay,38.91675,-76.45838,1.0,8.02,1.092,27.3,5.48,104.4
2019-07-05T14:45:00Z,AOB,Arundel_on_the_Bay,38.91675,-76.45838,1.0,8.03,1.094,27.31,5.5,104.5
2019-07-05T15:00:00Z,AOB,Arundel_on_the_Bay,38.91675,-76.45838,1.0,7.97,1.09,27.3,5.54,103.7
2019-07-05T15:15:00Z,AOB,Arundel_on_the_Bay,38.91675,-76.45838,1.0,8.17,1.089,27.42,5.62,106.6
2019-07-05T15:30:00Z,AOB,Arundel_on_the_Bay,38.91675,-76.45838,1.0,8.2,1.089,27.48,5.65,107.0
2019-07-05T15:45:00Z,AOB,Arundel_on_the_Bay,38.91675,-76.45838,1.0,8.33,1.09,27.62,5.65,109.1
2019-07-05T16:00:00Z,AOB,Arundel_on_the_Bay,38.91675,-76.45838,1.0,8.74,1.088,28.02,5.67,115.3
2019-07-05T16:15:00Z,AOB,Arundel_on_the_Bay,38.91675,-76.45838,1.0,9.02,1.085,28.1,5.65,119.1
2019-07-05T16:30:00Z,AOB,Arundel_on_the_Bay,38.91675,-76.45838,1.0,9.09,1.087,28.14,5.66,120.1
2019-07-05T16:45:00Z,AOB,Arundel_on_the_Bay,38.91675,-76.45838,1.0,9.24,1.088,28.14,5.65,122.1
2019-07-05T17:00:00Z,AOB,Arundel_on_the_Bay,38.91675,-76.45838,1.0,9.11,1.088,28.14,5.66,120.3
2019-07-05T17:15:00Z,AOB,Arundel_on_the_Bay,38.91675,-76.45838,1.0,9.11,1.083,28.0,5.67,120.1
2019-07-05T17:30:00Z,AOB,Arundel_on_the_Bay,38.91675,-76.45838,1.0,9.12,1.084,27.9,5.68,120.1
2019-07-05T17:45:00Z,AOB,Arundel_on_the_Bay,38.91675,-76.45838,1.0,9.29,1.081,27.7,5.7,121.9
2019-07-05T18:00:00Z,AOB,Arundel_on_the_Bay,38.91675,-76.45838,1.0,7.93,1.077,27.28,5.9,103.3
2019-07-05T18:15:00Z,AOB,Arundel_on_the_Bay,38.91675,-76.45838,1.0,8.87,1.077,28.74,5.69,118.5
2019-07-05T18:30:00Z,AOB,Arundel_on_the_Bay,38.91675,-76.45838,1.0,9.16,1.074,29.1,5.53,123.0
2019-07-05T18:45:00Z,AOB,Arundel_on_the_Bay,38.91675,-76.45838,1.0,9.18,1.072,28.9,5.57,122.8
2019-07-05T19:00:00Z,AOB,Arundel_on_the_Bay,38.91675,-76.45838,1.0,9.3,1.072,28.87,5.58,124.4
2019-07-05T19:15:00Z,AOB,Arundel_on_the_Bay,38.91675,-76.45838,1.0,9.29,1.068,28.72,5.61,124.0
2019-07-05T19:30:00Z,AOB,Arundel_on_the_Bay,38.91675,-76.45838,1.0,9.46,1.065,28.99,5.74,126.9
2019-07-05T19:45:00Z,AOB,Arundel_on_the_Bay,38.91675,-76.45838,1.0,9.82,1.069,28.93,5.73,131.6
2019-07-05T20:00:00Z,AOB,Arundel_on_the_Bay,38.91675,-76.45838,1.0,10.17,1.063,29.14,5.72,136.8
2019-07-05T20:15:00Z,AOB,Arundel_on_the_Bay,38.91675,-76.45838,1.0,9.9,1.069,29.01,5.71,132.8
2019-07-05T20:30:00Z,AOB,Arundel_on_the_Bay,38.91675,-76.45838,1.0,9.99,1.067,29.28,5.71,134.7
2019-07-05T20:45:00Z,AOB,Arundel_on_the_Bay,38.91675,-76.45838,1.0,10.05,1.063,29.4,5.71,135.8
2019-07-05T21:00:00Z,AOB,Arundel_on_the_Bay,38.91675,-76.45838,1.0,9.85,1.061,29.16,5.76,132.6
2019-07-05T21:15:00Z,AOB,Arundel_on_the_Bay,38.91675,-76.45838,1.0,9.72,1.06,29.08,5.79,130.7
2019-07-05T21:30:00Z,AOB,Arundel_on_the_Bay,38.91675,-76.45838,1.0,9.59,1.058,29.1,5.82,129.0
2019-07-05T21:45:00Z,AOB,Arundel_on_the_Bay,38.91675,-76.45838,1.0,9.87,1.059,29.19,5.84,133.0
2019-07-05T22:00:00Z,AOB,Arundel_on_the_Bay,38.91675,-76.45838,1.0,10.18,1.057,29.44,5.84,137.8
2019-07-05T22:15:00Z,AOB,Arundel_on_the_Bay,38.91675,-76.45838,1.0,10.21,1.058,29.69,5.83,138.7
2019-07-05T22:30:00Z,AOB,Arundel_on_the_Bay,38.91675,-76.45838,1.0,10.22,1.059,29.77,5.84,139.0
2019-07-05T22:45:00Z,AOB,Arundel_on_the_Bay,38.91675,-76.45838,1.0,10.29,1.056,29.61,5.85,139.6
2019-07-05T23:00:00Z,AOB,Arundel_on_the_Bay,38.91675,-76.45838,1.0,10.16,1.055,29.67,5.85,138.0
2019-07-06T00:00:00Z,AOB,Arundel_on_the_Bay,38.91675,-76.45838,1.0,9.22,1.054,29.37,5.8,124.6
2019-07-06T00:15:00Z,AOB,Arundel_on_the_Bay,38.91675,-76.45838,1.0,8.87,1.051,29.1,5.74,119.2
2019-07-06T00:30:00Z,AOB,Arundel_on_the_Bay,38.91675,-76.45838,1.0,9.03,1.05,28.93,5.73,121.0
2019-07-06T00:45:00Z,AOB,Arundel_on_the_Bay,38.91675,-76.45838,1.0,9.31,1.057,28.97,5.76,124.9
2019-07-06T01:00:00Z,AOB,Arundel_on_the_Bay,38.91675,-76.45838,1.0,8.54,1.055,28.75,5.69,114.1
2019-07-06T01:15:00Z,AOB,Arundel_on_the_Bay,38.91675,-76.45838,1.0,8.61,1.059,28.79,5.7,115.1
2019-07-06T01:30:00Z,AOB,Arundel_on_the_Bay,38.91675,-76.45838,1.0,8.42,1.064,28.81,5.65,112.6
2019-07-06T01:45:00Z,AOB,Arundel_on_the_Bay,38.91675,-76.45838,1.0,8.84,1.064,28.9,5.65,118.3
2019-07-06T02:00:00Z,AOB,Arundel_on_the_Bay,38.91675,-76.45838,1.0,9.12,1.067,28.96,5.67,122.3
2019-07-06T02:15:00Z,AOB,Arundel_on_the_Bay,38.91675,-76.45838,1.0,8.99,1.063,28.89,5.67,120.3
2019-07-06T02:30:00Z,AOB,Arundel_on_the_Bay,38.91675,-76.45838,1.0,8.42,1.065,28.59,5.67,112.1
2019-07-06T02:45:00Z,AOB,Arundel_on_the_Bay,38.91675,-76.45838,1.0,8.32,1.064,28.54,5.69,110.7
2019-07-06T03:00:00Z,AOB,Arundel_on_the_Bay,38.91675,-76.45838,1.0,7.85,1.068,28.32,5.76,104.2
2019-07-06T03:15:00Z,AOB,Arundel_on_the_Bay,38.91675,-76.45838,1.0,7.31,1.063,27.93,5.84,96.4
2019-07-06T03:30:00Z,AOB,Arundel_on_the_Bay,38.91675,-76.45838,1.0,7.01,1.063,27.64,5.92,91.9
2019-07-06T03:45:00Z,AOB,Arundel_on_the_Bay,38.91675,-76.45838,1.0,7.08,1.062,27.69,5.91,92.9
2019-07-06T04:00:00Z,AOB,Arundel_on_the_Bay,38.91675,-76.45838,1.0,7.25,1.063,27.68,5.9,95.2
2019-07-06T04:15:00Z,AOB,Arundel_on_the_Bay,38.91675,-76.45838,1.0,7.39,1.059,27.67,5.96,97.0
2019-07-06T04:30:00Z,AOB,Arundel_on_the_Bay,38.91675,-76.45838,1.0,7.54,1.06,27.71,5.94,99.0
2019-07-06T04:45:00Z,AOB,Arundel_on_the_Bay,38.91675,-76.45838,1.0,7.52,1.062,27.58,6.03,98.6
2019-07-06T05:00:00Z,AOB,Arundel_on_the_Bay,38.91675,-76.45838,1.0,7.01,1.06,27.36,6.15,91.7
2019-07-06T05:15:00Z,AOB,Arundel_on_the_Bay,38.91675,-76.45838,1.0,7.22,1.059,27.55,6.01,94.6
2019-07-06T05:30:00Z,AOB,Arundel_on_the_Bay,38.91675,-76.45838,1.0,7.21,1.061,27.45,6.05,94.4
2019-07-06T05:45:00Z,AOB,Arundel_on_the_Bay,38.91675,-76.45838,1.0,6.92,1.058,27.24,6.21,90.3
2019-07-06T06:00:00Z,AOB,Arundel_on_the_Bay,38.91675,-76.45838,1.0,7.07,1.061,27.28,6.19,92.3
2019-07-06T06:15:00Z,AOB,Arundel_on_the_Bay,38.91675,-76.45838,1.0,7.37,1.058,27.35,6.14,96.4
2019-07-06T06:30:00Z,AOB,Arundel_on_the_Bay,38.91675,-76.45838,1.0,7.49,1.054,27.35,6.12,97.9
2019-07-06T06:45:00Z,AOB,Arundel_on_the_Bay,38.91675,-76.45838,1.0,7.29,1.053,27.34,6.14,95.3
2019-07-06T07:00:00Z,AOB,Arundel_on_the_Bay,38.91675,-76.45838,1.0,6.77,1.058,26.97,6.29,87.9
2019-07-06T07:15:00Z,AOB,Arundel_on_the_Bay,38.91675,-76.45838,1.0,6.49,1.061,26.77,6.34,84.0
2019-07-06T07:30:00Z,AOB,Arundel_on_the_Bay,38.91675,-76.45838,1.0,6.28,1.06,26.78,6.36,81.3
2019-07-06T07:45:00Z,AOB,Arundel_on_the_Bay,38.91675,-76.45838,1.0,6.28,1.058,26.91,6.34,81.6
2019-07-06T08:00:00Z,AOB,Arundel_on_the_Bay,38.91675,-76.45838,1.0,6.56,1.054,27.25,6.23,85.7
2019-07-06T08:15:00Z,AOB,Arundel_on_the_Bay,38.91675,-76.45838,1.0,6.59,1.049,27.37,6.19,86.2
2019-07-06T08:30:00Z,AOB,Arundel_on_the_Bay,38.91675,-76.45838,1.0,6.45,1.049,27.28,6.21,84.2
2019-07-06T08:45:00Z,AOB,Arundel_on_the_Bay,38.91675,-76.45838,1.0,6.06,1.056,26.84,6.41,78.6
2019-07-06T09:00:00Z,AOB,Arundel_on_the_Bay,38.91675,-76.45838,1.0,5.38,1.057,26.5,6.72,69.5
2019-07-06T09:15:00Z,AOB,Arundel_on_the_Bay,38.91675,-76.45838,1.0,5.65,1.058,26.79,6.57,73.3
2019-07-06T09:30:00Z,AOB,Arundel_on_the_Bay,38.91675,-76.45838,1.0,6.47,1.053,27.36,6.25,84.6
2019-07-06T09:45:00Z,AOB,Arundel_on_the_Bay,38.91675,-76.45838,1.0,6.89,1.049,27.66,6.1,90.5
2019-07-06T10:00:00Z,AOB,Arundel_on_the_Bay,38.91675,-76.45838,1.0,6.91,1.051,27.8,6.05,91.0
2019-07-06T10:15:00Z,AOB,Arundel_on_the_Bay,38.91675,-76.45838,1.0,6.71,1.049,27.8,6.05,88.4
2019-07-06T10:30:00Z,AOB,Arundel_on_the_Bay,38.91675,-76.45838,1.0,6.63,1.051,27.74,6.11,87.3
2019-07-06T10:45:00Z,AOB,Arundel_on_the_Bay,38.91675,-76.45838,1.0,6.63,1.05,27.81,6.08,87.3
2019-07-06T11:00:00Z,AOB,Arundel_on_the_Bay,38.91675,-76.45838,1.0,6.58,1.051,27.8,6.06,86.7
2019-07-06T11:15:00Z,AOB,Arundel_on_the_Bay,38.91675,-76.45838,1.0,6.42,1.052,27.74,6.08,84.5
2019-07-06T11:30:00Z,AOB,Arundel_on_the_Bay,38.91675,-76.45838,1.0,6.39,1.054,27.69,6.1,84.0
2019-07-06T11:45:00Z,AOB,Arundel_on_the_Bay,38.91675,-76.45838,1.0,5.99,1.052,27.22,6.21,78.2
2019-07-06T12:00:00Z,AOB,Arundel_on_the_Bay,38.91675,-76.45838,1.0,6.16,1.055,27.27,6.2,80.5
2019-07-06T12:15:00Z,AOB,Arundel_on_the_Bay,38.91675,-76.45838,1.0,6.17,1.053,27.32,6.18,80.6
2019-07-06T12:30:00Z,AOB,Arundel_on_the_Bay,38.91675,-76.45838,1.0,6.51,1.048,27.4,6.14,85.1
2019-07-06T12:45:00Z,AOB,Arundel_on_the_Bay,38.91675,-76.45838,1.0,6.49,1.05,27.4,6.13,84.8
2019-07-06T13:00:00Z,AOB,Arundel_on_the_Bay,38.91675,-76.45838,1.0,6.57,1.049,27.33,6.14,85.8
2019-07-06T13:15:00Z,AOB,Arundel_on_the_Bay,38.91675,-76.45838,1.0,6.61,1.052,27.34,6.14,86.3
2019-07-06T13:30:00Z,AOB,Arundel_on_the_Bay,38.91675,-76.45838,1.0,6.6,1.047,27.34,6.15,86.2
2019-07-06T13:45:00Z,AOB,Arundel_on_the_Bay,38.91675,-76.45838,1.0,6.25,1.046,27.16,6.23,81.4
2019-07-06T14:00:00Z,AOB,Arundel_on_the_Bay,38.91675,-76.45838,1.0,6.21,1.048,27.1,6.33,80.9
2019-07-06T14:15:00Z,AOB,Arundel_on_the_Bay,38.91675,-76.45838,1.0,5.86,1.048,27.03,6.47,76.3
2019-07-06T14:30:00Z,AOB,Arundel_on_the_Bay,38.91675,-76.45838,1.0,5.6,1.049,26.87,6.6,72.8
2019-07-06T14:45:00Z,AOB,Arundel_on_the_Bay,38.91675,-76.45838,1.0,5.49,1.046,26.86,6.68,71.4
2019-07-06T15:00:00Z,AOB,Arundel_on_the_Bay,38.91675,-76.45838,1.0,5.62,1.052,27.07,6.67,73.3
2019-07-06T15:15:00Z,AOB,Arundel_on_the_Bay,38.91675,-76.45838,1.0,5.82,1.044,27.19,6.68,76.1
2019-07-06T15:30:00Z,AOB,Arundel_on_the_Bay,38.91675,-76.45838,1.0,5.78,1.042,27.31,6.75,75.8
2019-07-06T15:45:00Z,AOB,Arundel_on_the_Bay,38.91675,-76.45838,1.0,5.59,1.039,27.26,6.91,73.2
2019-07-06T16:00:00Z,AOB,Arundel_on_the_Bay,38.91675,-76.45838,1.0,5.49,1.041,27.23,7.01,71.9
2019-07-06T16:15:00Z,AOB,Arundel_on_the_Bay,38.91675,-76.45838,1.0,4.97,1.034,26.92,7.14,64.8
2019-07-06T16:30:00Z,AOB,Arundel_on_the_Bay,38.91675,-76.45838,1.0,5.65,1.036,27.38,7.02,74.3
2019-07-06T16:45:00Z,AOB,Arundel_on_the_Bay,38.91675,-76.45838,1.0,5.74,1.025,27.48,6.98,75.6
2019-07-06T17:00:00Z,AOB,Arundel_on_the_Bay,38.91675,-76.45838,1.0,6.13,1.028,27.68,6.91,81.0
2019-07-06T17:15:00Z,AOB,Arundel_on_the_Bay,38.91675,-76.45838,1.0,6.67,1.015,27.93,6.85,88.5
2019-07-06T17:30:00Z,AOB,Arundel_on_the_Bay,38.91675,-76.45838,1.0,6.8,1.012,27.95,6.86,90.2
2019-07-06T17:45:00Z,AOB,Arundel_on_the_Bay,38.91675,-76.45838,1.0,6.93,1.015,27.97,6.82,91.9
2019-07-06T18:00:00Z,AOB,Arundel_on_the_Bay,38.91675,-76.45838,1.0,6.79,1.005,27.89,6.82,89.9
2019-07-06T18:15:00Z,AOB,Arundel_on_the_Bay,38.91675,-76.45838,1.0,6.94,1.0,27.8,6.78,91.7
2019-07-06T18:30:00Z,AOB,Arundel_on_the_Bay,38.91675,-76.45838,1.0,7.58,1.006,28.03,6.66,100.6
2019-07-06T18:45:00Z,AOB,Arundel_on_the_Bay,38.91675,-76.45838,1.0,7.87,1.008,28.33,6.59,104.9
2019-07-06T19:00:00Z,AOB,Arundel_on_the_Bay,38.91675,-76.45838,1.0,7.79,1.004,28.29,6.62,103.7
2019-07-06T19:15:00Z,AOB,Arundel_on_the_Bay,38.91675,-76.45838,1.0,7.86,1.0,28.34,6.59,104.8
2019-07-06T19:30:00Z,AOB,Arundel_on_the_Bay,38.91675,-76.45838,1.0,8.08,1.006,28.45,6.52,107.9
2019-07-06T19:45:00Z,AOB,Arundel_on_the_Bay,38.91675,-76.45838,1.0,8.15,1.004,28.45,6.5,108.8
2019-07-06T20:00:00Z,AOB,Arundel_on_the_Bay,38.91675,-76.45838,1.0,8.13,1.009,28.39,6.5,108.4
2019-07-06T20:15:00Z,AOB,Arundel_on_the_Bay,38.91675,-76.45838,1.0,8.1,1.0,28.4,6.48,108.0
2019-07-06T20:30:00Z,AOB,Arundel_on_the_Bay,38.91675,-76.45838,1.0,7.98,1.0,28.35,6.52,106.3
2019-07-06T20:45:00Z,AOB,Arundel_on_the_Bay,38.91675,-76.45838,1.0,8.0,1.003,28.37,6.51,106.6
2019-07-06T21:00:00Z,AOB,Arundel_on_the_Bay,38.91675,-76.45838,1.0,7.98,1.0,28.48,6.49,106.6
2019-07-06T21:15:00Z,AOB,Arundel_on_the_Bay,38.91675,-76.45838,1.0,8.14,0.994,28.47,6.48,108.7
2019-07-06T21:30:00Z,AOB,Arundel_on_the_Bay,38.91675,-76.45838,1.0,7.92,0.994,28.68,6.48,106.1
2019-07-06T21:45:00Z,AOB,Arundel_on_the_Bay,38.91675,-76.45838,1.0,8.23,0.996,28.88,6.42,110.6
2019-07-06T22:00:00Z,AOB,Arundel_on_the_Bay,38.91675,-76.45838,1.0,8.29,0.99,28.66,6.45,111.0
2019-07-06T22:15:00Z,AOB,Arundel_on_the_Bay,38.91675,-76.45838,1.0,8.35,0.985,28.65,6.45,111.8
2019-07-06T22:30:00Z,AOB,Arundel_on_the_Bay,38.91675,-76.45838,1.0,8.11,0.991,28.71,6.44,108.8
2019-07-06T22:45:00Z,AOB,Arundel_on_the_Bay,38.91675,-76.45838,1.0,8.21,0.996,28.98,6.33,110.5
2019-07-06T23:00:00Z,AOB,Arundel_on_the_Bay,38.91675,-76.45838,1.0,8.21,1.002,29.09,6.3,110.7
2019-07-07T00:00:00Z,AOB,Arundel_on_the_Bay,38.91675,-76.45838,1.0,8.12,1.002,28.98,6.28,109.3
2019-07-07T00:15:00Z,AOB,Arundel_on_the_Bay,38.91675,-76.45838,1.0,8.08,1.003,28.82,6.34,108.5
2019-07-07T00:30:00Z,AOB,Arundel_on_the_Bay,38.91675,-76.45838,1.0,7.7,0.999,28.78,6.38,103.3
2019-07-07T00:45:00Z,AOB,Arundel_on_the_Bay,38.91675,-76.45838,1.0,7.76,1.006,28.79,6.44,104.1
2019-07-07T01:00:00Z,AOB,Arundel_on_the_Bay,38.91675,-76.45838,1.0,7.8,1.009,28.7,6.44,104.6
2019-07-07T01:15:00Z,AOB,Arundel_on_the_Bay,38.91675,-76.45838,1.0,7.82,1.016,28.55,6.46,104.5
2019-07-07T01:30:00Z,AOB,Arundel_on_the_Bay,38.91675,-76.45838,1.0,7.77,1.018,28.44,6.48,103.8
2019-07-07T01:45:00Z,AOB,Arundel_on_the_Bay,38.91675,-76.45838,1.0,7.74,1.017,28.41,6.48,103.3
2019-07-07T02:00:00Z,AOB,Arundel_on_the_Bay,38.91675,-76.45838,1.0,7.24,1.016,28.32,6.58,96.4
2019-07-07T02:15:00Z,AOB,Arundel_on_the_Bay,38.91675,-76.45838,1.0,6.26,1.015,28.03,6.77,83.1
2019-07-07T02:30:00Z,AOB,Arundel_on_the_Bay,38.91675,-76.45838,1.0,5.82,1.017,27.52,6.81,76.6
2019-07-07T02:45:00Z,AOB,Arundel_on_the_Bay,38.91675,-76.45838,1.0,5.37,1.023,27.09,6.94,70.2
2019-07-07T03:00:00Z,AOB,Arundel_on_the_Bay,38.91675,-76.45838,1.0,4.86,1.022,27.08,7.0,63.5
2019-07-07T03:15:00Z,AOB,Arundel_on_the_Bay,38.91675,-76.45838,1.0,4.81,1.025,26.98,6.98,62.8
2019-07-07T03:30:00Z,AOB,Arundel_on_the_Bay,38.91675,-76.45838,1.0,4.49,1.029,26.86,7.05,58.5
2019-07-07T03:45:00Z,AOB,Arundel_on_the_Bay,38.91675,-76.45838,1.0,4.74,1.033,26.83,7.03,61.7
2019-07-07T04:00:00Z,AOB,Arundel_on_the_Bay,38.91675,-76.45838,1.0,4.58,1.032,26.77,7.05,59.5
2019-07-07T04:15:00Z,AOB,Arundel_on_the_Bay,38.91675,-76.45838,1.0,4.75,1.031,26.75,7.03,61.7
2019-07-07T04:30:00Z,AOB,Arundel_on_the_Bay,38.91675,-76.45838,1.0,4.89,1.028,26.77,7.02,63.5
2019-07-07T04:45:00Z,AOB,Arundel_on_the_Bay,38.91675,-76.45838,1.0,5.06,1.025,26.84,6.99,65.8
2019-07-07T05:00:00Z,AOB,Arundel_on_the_Bay,38.91675,-76.45838,1.0,4.99,1.022,26.8,7.01,64.8
2019-07-07T05:15:00Z,AOB,Arundel_on_the_Bay,38.91675,-76.45838,1.0,4.94,1.022,26.77,7.02,64.2
2019-07-07T05:30:00Z,AOB,Arundel_on_the_Bay,38.91675,-76.45838,1.0,4.78,1.023,26.74,7.05,62.1
2019-07-07T05:45:00Z,AOB,Arundel_on_the_Bay,38.91675,-76.45838,1.0,4.97,1.02,26.77,7.05,64.5
2019-07-07T06:00:00Z,AOB,Arundel_on_the_Bay,38.91675,-76.45838,1.0,5.05,1.019,26.75,7.05,65.7
2019-07-07T06:15:00Z,AOB,Arundel_on_the_Bay,38.91675,-76.45838,1.0,5.51,1.018,26.78,7.01,71.6
2019-07-07T06:30:00Z,AOB,Arundel_on_the_Bay,38.91675,-76.45838,1.0,5.49,1.019,26.72,7.01,71.3
2019-07-07T06:45:00Z,AOB,Arundel_on_the_Bay,38.91675,-76.45838,1.0,5.84,1.019,26.74,6.87,75.8
2019-07-07T07:00:00Z,AOB,Arundel_on_the_Bay,38.91675,-76.45838,1.0,5.64,1.018,26.72,6.85,73.2
2019-07-07T07:15:00Z,AOB,Arundel_on_the_Bay,38.91675,-76.45838,1.0,5.32,1.018,26.71,6.83,69.0
2019-07-07T07:30:00Z,AOB,Arundel_on_the_Bay,38.91675,-76.45838,1.0,4.95,1.017,26.71,6.84,64.3
2019-07-07T07:45:00Z,AOB,Arundel_on_the_Bay,38.91675,-76.45838,1.0,5.13,1.017,26.7,6.81,66.5
2019-07-07T08:00:00Z,AOB,Arundel_on_the_Bay,38.91675,-76.45838,1.0,5.39,1.018,26.71,6.8,69.9
2019-07-07T08:15:00Z,AOB,Arundel_on_the_Bay,38.91675,-76.45838,1.0,5.41,1.014,26.69,6.79,70.2
2019-07-07T08:30:00Z,AOB,Arundel_on_the_Bay,38.91675,-76.45838,1.0,5.47,1.016,26.66,6.77,70.8
2019-07-07T08:45:00Z,AOB,Arundel_on_the_Bay,38.91675,-76.45838,1.0,5.49,1.017,26.69,6.82,71.2
2019-07-07T09:00:00Z,AOB,Arundel_on_the_Bay,38.91675,-76.45838,1.0,5.38,1.018,26.75,6.81,69.9
2019-07-07T09:15:00Z,AOB,Arundel_on_the_Bay,38.91675,-76.45838,1.0,5.13,1.02,26.83,6.81,66.6
2019-07-07T09:30:00Z,AOB,Arundel_on_the_Bay,38.91675,-76.45838,1.0,5.0,1.022,26.98,6.77,65.2
2019-07-07T09:45:00Z,AOB,Arundel_on_the_Bay,38.91675,-76.45838,1.0,4.71,1.021,27.09,6.79,61.5
2019-07-07T10:00:00Z,AOB,Arundel_on_the_Bay,38.91675,-76.45838,1.0,4.45,1.018,27.15,6.8,58.1
2019-07-07T10:15:00Z,AOB,Arundel_on_the_Bay,38.91675,-76.45838,1.0,4.4,1.02,27.12,6.81,57.5
2019-07-07T10:30:00Z,AOB,Arundel_on_the_Bay,38.91675,-76.45838,1.0,4.77,1.022,26.87,6.84,62.0
2019-07-07T10:45:00Z,AOB,Arundel_on_the_Bay,38.91675,-76.45838,1.0,5.2,1.027,26.9,6.76,67.6
2019-07-07T11:00:00Z,AOB,Arundel_on_the_Bay,38.91675,-76.45838,1.0,5.11,1.025,27.03,6.74,66.6
2019-07-07T11:15:00Z,AOB,Arundel_on_the_Bay,38.91675,-76.45838,1.0,5.5,1.019,27.26,6.7,72.0
2019-07-07T11:30:00Z,AOB,Arundel_on_the_Bay,38.91675,-76.45838,1.0,5.19,1.014,27.23,6.71,67.9
2019-07-07T11:45:00Z,AOB,Arundel_on_the_Bay,38.91675,-76.45838,1.0,5.19,1.017,27.27,6.69,67.9
2019-07-07T12:00:00Z,AOB,Arundel_on_the_Bay,38.91675,-76.45838,1.0,5.18,1.018,27.21,6.7,67.8
2019-07-07T12:15:00Z,AOB,Arundel_on_the_Bay,38.91675,-76.45838,1.0,5.16,1.022,27.06,6.74,67.3
2019-07-07T12:30:00Z,AOB,Arundel_on_the_Bay,38.91675,-76.45838,1.0,5.42,1.026,27.04,6.74,70.7
2019-07-07T12:45:00Z,AOB,Arundel_on_the_Bay,38.91675,-76.45838,1.0,5.38,1.027,26.97,6.76,70.1
2019-07-07T13:00:00Z,AOB,Arundel_on_the_Bay,38.91675,-76.45838,1.0,5.21,1.03,26.97,6.8,67.8
2019-07-07T13:15:00Z,AOB,Arundel_on_the_Bay,38.91675,-76.45838,1.0,5.42,1.028,26.95,6.76,70.6
2019-07-07T13:30:00Z,AOB,Arundel_on_the_Bay,38.91675,-76.45838,1.0,5.47,1.026,26.93,6.78,71.3
2019-07-07T13:45:00Z,AOB,Arundel_on_the_Bay,38.91675,-76.45838,1.0,5.62,1.03,26.62,6.77,72.8
2019-07-07T14:00:00Z,AOB,Arundel_on_the_Bay,38.91675,-76.45838,1.0,5.67,1.029,26.59,6.76,73.4
2019-07-07T14:15:00Z,AOB,Arundel_on_the_Bay,38.91675,-76.45838,1.0,5.47,1.03,26.56,6.74,70.8
2019-07-07T14:30:00Z,AOB,Arundel_on_the_Bay,38.91675,-76.45838,1.0,5.27,1.031,26.54,6.76,68.2
2019-07-07T14:45:00Z,AOB,Arundel_on_the_Bay,38.91675,-76.45838,1.0,5.65,1.029,26.6,6.75,73.2
2019-07-07T15:00:00Z,AOB,Arundel_on_the_Bay,38.91675,-76.45838,1.0,5.85,1.035,26.65,6.72,75.8
2019-07-07T15:15:00Z,AOB,Arundel_on_the_Bay,38.91675,-76.45838,1.0,5.97,1.031,26.7,6.68,77.4
2019-07-07T15:30:00Z,AOB,Arundel_on_the_Bay,38.91675,-76.45838,1.0,6.09,1.03,26.77,6.64,78.9
2019-07-07T15:45:00Z,AOB,Arundel_on_the_Bay,38.91675,-76.45838,1.0,6.19,1.029,26.85,6.61,80.4
2019-07-07T16:00:00Z,AOB,Arundel_on_the_Bay,38.91675,-76.45838,1.0,6.33,1.032,26.91,6.59,82.2
2019-07-07T16:15:00Z,AOB,Arundel_on_the_Bay,38.91675,-76.45838,1.0,6.42,1.037,26.94,6.57,83.5
2019-07-07T16:30:00Z,AOB,Arundel_on_the_Bay,38.91675,-76.45838,1.0,6.55,1.034,27.0,6.55,85.2
2019-07-07T16:45:00Z,AOB,Arundel_on_the_Bay,38.91675,-76.45838,1.0,6.73,1.031,27.06,6.54,87.7
2019-07-07T17:00:00Z,AOB,Arundel_on_the_Bay,38.91675,-76.45838,1.0,7.05,1.027,27.12,6.52,91.9
2019-07-07T17:15:00Z,AOB,Arundel_on_the_Bay,38.91675,-76.45838,1.0,7.35,1.024,27.16,6.5,96.0
2019-07-07T17:30:00Z,AOB,Arundel_on_the_Bay,38.91675,-76.45838,1.0,7.46,1.028,27.17,6.49,97.4
2019-07-07T17:45:00Z,AOB,Arundel_on_the_Bay,38.91675,-76.45838,1.0,7.67,1.02,27.21,6.47,100.2
2019-07-07T18:00:00Z,AOB,Arundel_on_the_Bay,38.91675,-76.45838,1.0,7.74,1.018,27.23,6.46,101.1
2019-07-07T18:15:00Z,AOB,Arundel_on_the_Bay,38.91675,-76.45838,1.0,7.92,1.016,27.29,6.46,103.6
2019-07-07T18:30:00Z,AOB,Arundel_on_the_Bay,38.91675,-76.45838,1.0,8.07,1.015,27.34,6.46,105.6
2019-07-07T18:45:00Z,AOB,Arundel_on_the_Bay,38.91675,-76.45838,1.0,8.06,1.011,27.4,6.47,105.6
2019-07-07T19:00:00Z,AOB,Arundel_on_the_Bay,38.91675,-76.45838,1.0,8.06,1.004,27.58,6.45,105.9
2019-07-07T19:15:00Z,AOB,Arundel_on_the_Bay,38.91675,-76.45838,1.0,8.49,1.002,27.81,6.4,112.0
2019-07-07T19:30:00Z,AOB,Arundel_on_the_Bay,38.91675,-76.45838,1.0,8.5,1.003,27.96,6.36,112.4
2019-07-07T19:45:00Z,AOB,Arundel_on_the_Bay,38.91675,-76.45838,1.0,8.18,1.005,28.23,6.3,108.7
2019-07-07T20:00:00Z,AOB,Arundel_on_the_Bay,38.91675,-76.45838,1.0,7.96,0.999,28.32,6.29,106.0
2019-07-07T20:15:00Z,AOB,Arundel_on_the_Bay,38.91675,-76.45838,1.0,8.14,1.0,28.25,6.31,108.2
2019-07-07T20:30:00Z,AOB,Arundel_on_the_Bay,38.91675,-76.45838,1.0,8.29,0.994,28.12,6.34,109.9
2019-07-07T20:45:00Z,AOB,Arundel_on_the_Bay,38.91675,-76.45838,1.0,8.11,1.001,28.35,6.31,108.0
2019-07-07T21:00:00Z,AOB,Arundel_on_the_Bay,38.91675,-76.45838,1.0,8.22,0.999,28.53,6.29,109.7
2019-07-07T21:15:00Z,AOB,Arundel_on_the_Bay,38.91675,-76.45838,1.0,8.49,0.995,28.26,6.32,112.9
2019-07-07T21:30:00Z,AOB,Arundel_on_the_Bay,38.91675,-76.45838,1.0,8.56,1.0,28.62,6.35,114.6
2019-07-07T21:45:00Z,AOB,Arundel_on_the_Bay,38.91675,-76.45838,1.0,8.38,1.0,28.7,6.37,112.3
2019-07-07T22:00:00Z,AOB,Arundel_on_the_Bay,38.91675,-76.45838,1.0,7.79,1.003,28.65,6.52,104.3
2019-07-07T22:15:00Z,AOB,Arundel_on_the_Bay,38.91675,-76.45838,1.0,7.46,1.002,28.53,6.52,99.7
2019-07-07T22:30:00Z,AOB,Arundel_on_the_Bay,38.91675,-76.45838,1.0,7.41,1.006,28.45,6.52,99.0
2019-07-07T22:45:00Z,AOB,Arundel_on_the_Bay,38.91675,-76.45838,1.0,7.19,1.002,28.21,6.53,95.6
2019-07-07T23:00:00Z,AOB,Arundel_on_the_Bay,38.91675,-76.45838,1.0,7.24,1.0,28.06,6.52,96.0
2019-07-08T00:00:00Z,AOB,Arundel_on_the_Bay,38.91675,-76.45838,1.0,8.72,1.004,28.66,6.59,116.9
2019-07-08T00:15:00Z,AOB,Arundel_on_the_Bay,38.91675,-76.45838,1.0,8.55,1.002,28.68,6.57,114.6
2019-07-08T00:30:00Z,AOB,Arundel_on_the_Bay,38.91675,-76.45838,1.0,8.49,1.003,28.61,6.55,113.7
2019-07-08T00:45:00Z,AOB,Arundel_on_the_Bay,38.91675,-76.45838,1.0,8.1,0.993,28.24,6.55,107.8
2019-07-08T01:00:00Z,AOB,Arundel_on_the_Bay,38.91675,-76.45838,1.0,8.09,1.005,28.25,6.57,107.6
2019-07-08T01:15:00Z,AOB,Arundel_on_the_Bay,38.91675,-76.45838,1.0,7.98,1.002,28.24,6.57,106.2
2019-07-08T01:30:00Z,AOB,Arundel_on_the_Bay,38.91675,-76.45838,1.0,7.67,1.006,28.29,6.56,102.2
2019-07-08T01:45:00Z,AOB,Arundel_on_the_Bay,38.91675,-76.45838,1.0,7.4,1.006,28.3,6.54,98.6
2019-07-08T02:00:00Z,AOB,Arundel_on_the_Bay,38.91675,-76.45838,1.0,7.4,1.007,28.26,6.53,98.4
2019-07-08T02:15:00Z,AOB,Arundel_on_the_Bay,38.91675,-76.45838,1.0,7.21,1.001,28.21,6.52,95.8
2019-07-08T02:30:00Z,AOB,Arundel_on_the_Bay,38.91675,-76.45838,1.0,7.02,1.0,28.18,6.51,93.3
2019-07-08T02:45:00Z,AOB,Arundel_on_the_Bay,38.91675,-76.45838,1.0,7.12,1.0,28.12,6.54,94.5
2019-07-08T03:00:00Z,AOB,Arundel_on_the_Bay,38.91675,-76.45838,1.0,7.17,0.999,28.04,6.54,95.0
2019-07-08T03:15:00Z,AOB,Arundel_on_the_Bay,38.91675,-76.45838,1.0,7.34,1.006,27.98,6.47,97.2
2019-07-08T03:30:00Z,AOB,Arundel_on_the_Bay,38.91675,-76.45838,1.0,7.22,1.003,27.97,6.53,95.6
2019-07-08T03:45:00Z,AOB,Arundel_on_the_Bay,38.91675,-76.45838,1.0,7.13,1.007,28.03,6.52,94.5
2019-07-08T04:00:00Z,AOB,Arundel_on_the_Bay,38.91675,-76.45838,1.0,7.19,1.006,27.91,6.5,95.1
2019-07-08T04:15:00Z,AOB,Arundel_on_the_Bay,38.91675,-76.45838,1.0,7.44,0.995,27.88,6.53,98.3
2019-07-08T04:30:00Z,AOB,Arundel_on_the_Bay,38.91675,-76.45838,1.0,7.19,1.003,27.75,6.51,94.8
2019-07-08T04:45:00Z,AOB,Arundel_on_the_Bay,38.91675,-76.45838,1.0,7.54,1.002,27.71,6.54,99.4
2019-07-08T05:00:00Z,AOB,Arundel_on_the_Bay,38.91675,-76.45838,1.0,7.6,1.003,27.67,6.39,100.0
2019-07-08T05:15:00Z,AOB,Arundel_on_the_Bay,38.91675,-76.45838,1.0,7.53,1.007,27.69,6.35,99.1
2019-07-08T05:30:00Z,AOB,Arundel_on_the_Bay,38.91675,-76.45838,1.0,7.52,1.009,27.85,6.29,99.2
2019-07-08T05:45:00Z,AOB,Arundel_on_the_Bay,38.91675,-76.45838,1.0,7.54,1.0,27.93,6.25,99.6
2019-07-08T06:00:00Z,AOB,Arundel_on_the_Bay,38.91675,-76.45838,1.0,7.59,0.995,28.01,6.2,100.4
2019-07-08T06:15:00Z,AOB,Arundel_on_the_Bay,38.91675,-76.45838,1.0,7.61,0.999,28.07,6.15,100.7
2019-07-08T06:30:00Z,AOB,Arundel_on_the_Bay,38.91675,-76.45838,1.0,7.65,0.998,28.11,6.1,101.3
2019-07-08T06:45:00Z,AOB,Arundel_on_the_Bay,38.91675,-76.45838,1.0,7.6,0.995,28.1,6.09,100.6
2019-07-08T07:00:00Z,AOB,Arundel_on_the_Bay,38.91675,-76.45838,1.0,7.72,0.991,28.1,6.05,102.1
2019-07-08T07:15:00Z,AOB,Arundel_on_the_Bay,38.91675,-76.45838,1.0,7.67,0.994,28.07,6.05,101.4
2019-07-08T07:30:00Z,AOB,Arundel_on_the_Bay,38.91675,-76.45838,1.0,7.66,0.992,28.0,6.05,101.2
2019-07-08T07:45:00Z,AOB,Arundel_on_the_Bay,38.91675,-76.45838,1.0,7.62,0.988,27.93,6.06,100.5
2019-07-08T08:00:00Z,AOB,Arundel_on_the_Bay,38.91675,-76.45838,1.0,7.62,0.984,27.85,6.08,100.4
2019-07-08T08:15:00Z,AOB,Arundel_on_the_Bay,38.91675,-76.45838,1.0,7.5,0.988,27.74,6.13,98.6
2019-07-08T08:30:00Z,AOB,Arundel_on_the_Bay,38.91675,-76.45838,1.0,7.48,0.992,27.6,6.17,98.2
2019-07-08T08:45:00Z,AOB,Arundel_on_the_Bay,38.91675,-76.45838,1.0,7.41,0.989,27.47,6.16,97.1
2019-07-08T09:00:00Z,AOB,Arundel_on_the_Bay,38.91675,-76.45838,1.0,7.35,0.985,27.37,6.16,96.2
2019-07-08T09:15:00Z,AOB,Arundel_on_the_Bay,38.91675,-76.45838,1.0,7.28,0.997,27.18,6.2,95.0
2019-07-08T09:30:00Z,AOB,Arundel_on_the_Bay,38.91675,-76.45838,1.0,7.18,0.993,27.12,6.2,93.5
2019-07-08T09:45:00Z,AOB,Arundel_on_the_Bay,38.91675,-76.45838,1.0,6.75,0.981,27.35,6.28,88.3
2019-07-08T10:00:00Z,AOB,Arundel_on_the_Bay,38.91675,-76.45838,1.0,6.66,0.985,27.39,6.35,87.2
2019-07-08T10:15:00Z,AOB,Arundel_on_the_Bay,38.91675,-76.45838,1.0,6.54,0.997,27.38,6.38,85.6
2019-07-08T10:30:00Z,AOB,Arundel_on_the_Bay,38.91675,-76.45838,1.0,6.39,0.991,27.32,6.39,83.5
2019-07-08T10:45:00Z,AOB,Arundel_on_the_Bay,38.91675,-76.45838,1.0,6.46,0.998,27.37,6.37,84.6
2019-07-08T11:00:00Z,AOB,Arundel_on_the_Bay,38.91675,-76.45838,1.0,6.34,0.989,27.33,6.37,82.9
2019-07-08T11:15:00Z,AOB,Arundel_on_the_Bay,38.91675,-76.45838,1.0,6.41,1.001,27.37,6.36,84.0
2019-07-08T11:30:00Z,AOB,Arundel_on_the_Bay,38.91675,-76.45838,1.0,6.36,0.994,27.3,6.34,83.1
2019-07-08T11:45:00Z,AOB,Arundel_on_the_Bay,38.91675,-76.45838,1.0,6.31,0.995,27.27,6.34,82.4
2019-07-08T12:00:00Z,AOB,Arundel_on_the_Bay,38.91675,-76.45838,1.0,6.59,1.002,27.12,6.25,85.9
2019-07-08T12:15:00Z,AOB,Arundel_on_the_Bay,38.91675,-76.45838,1.0,6.64,0.999,27.18,6.35,86.6
2019-07-08T12:30:00Z,AOB,Arundel_on_the_Bay,38.91675,-76.45838,1.0,6.44,0.994,27.11,6.31,83.9
2019-07-08T12:45:00Z,AOB,Arundel_on_the_Bay,38.91675,-76.45838,1.0,6.46,1.001,27.12,6.4,84.2
2019-07-08T13:00:00Z,AOB,Arundel_on_the_Bay,38.91675,-76.45838,1.0,6.44,0.993,27.1,6.39,83.8
2019-07-08T13:15:00Z,AOB,Arundel_on_the_Bay,38.91675,-76.45838,1.0,6.4,1.012,27.07,6.32,83.3
2019-07-08T13:30:00Z,AOB,Arundel_on_the_Bay,38.91675,-76.45838,1.0,6.46,1.012,27.05,6.32,84.1
2019-07-08T13:45:00Z,AOB,Arundel_on_the_Bay,38.91675,-76.45838,1.0,6.52,1.015,27.04,6.28,84.8
2019-07-08T14:00:00Z,AOB,Arundel_on_the_Bay,38.91675,-76.45838,1.0,6.52,1.005,27.0,6.27,84.7
2019-07-08T14:15:00Z,AOB,Arundel_on_the_Bay,38.91675,-76.45838,1.0,6.56,1.014,26.98,6.27,85.3
2019-07-08T14:30:00Z,AOB,Arundel_on_the_Bay,38.91675,-76.45838,1.0,6.64,1.002,26.95,6.25,86.2
2019-07-08T14:45:00Z,AOB,Arundel_on_the_Bay,38.91675,-76.45838,1.0,6.72,1.018,26.88,6.22,87.1
2019-07-08T15:00:00Z,AOB,Arundel_on_the_Bay,38.91675,-76.45838,1.0,6.89,1.011,26.76,6.14,89.1
2019-07-08T15:15:00Z,AOB,Arundel_on_the_Bay,38.91675,-76.45838,1.0,6.64,1.02,26.91,6.28,86.2
2019-07-08T15:30:00Z,AOB,Arundel_on_the_Bay,38.91675,-76.45838,1.0,6.73,1.02,26.86,6.24,87.2
2019-07-08T15:45:00Z,AOB,Arundel_on_the_Bay,38.91675,-76.45838,1.0,6.91,1.002,26.76,6.16,89.4
2019-07-08T16:00:00Z,AOB,Arundel_on_the_Bay,38.91675,-76.45838,1.0,6.91,1.017,26.95,6.01,89.6
2019-07-08T16:15:00Z,AOB,Arundel_on_the_Bay,38.91675,-76.45838,1.0,6.93,1.02,26.94,5.99,89.9
2019-07-08T16:30:00Z,AOB,Arundel_on_the_Bay,38.91675,-76.45838,1.0,6.76,1.017,27.01,5.99,87.7
2019-07-08T16:45:00Z,AOB,Arundel_on_the_Bay,38.91675,-76.45838,1.0,6.69,1.027,26.94,5.93,86.6
2019-07-08T17:00:00Z,AOB,Arundel_on_the_Bay,38.91675,-76.45838,1.0,6.83,1.022,26.97,5.92,88.6
2019-07-08T17:15:00Z,AOB,Arundel_on_the_Bay,38.91675,-76.45838,1.0,6.91,1.025,26.98,5.95,89.6
2019-07-08T17:30:00Z,AOB,Arundel_on_the_Bay,38.91675,-76.45838,1.0,6.91,1.02,26.94,5.95,89.6
2019-07-08T17:45:00Z,AOB,Arundel_on_the_Bay,38.91675,-76.45838,1.0,7.19,1.031,26.84,5.99,93.0
2019-07-08T18:00:00Z,AOB,Arundel_on_the_Bay,38.91675,-76.45838,1.0,7.29,1.029,26.71,6.03,94.2
2019-07-08T18:15:00Z,AOB,Arundel_on_the_Bay,38.91675,-76.45838,1.0,7.32,1.034,26.63,6.06,94.4
2019-07-08T18:30:00Z,AOB,Arundel_on_the_Bay,38.91675,-76.45838,1.0,7.36,1.029,26.6,6.07,94.9
2019-07-08T18:45:00Z,AOB,Arundel_on_the_Bay,38.91675,-76.45838,1.0,7.35,1.032,26.59,6.07,94.8
2019-07-08T19:00:00Z,AOB,Arundel_on_the_Bay,38.91675,-76.45838,1.0,7.36,1.033,26.57,6.07,94.8
2019-07-08T19:15:00Z,AOB,Arundel_on_the_Bay,38.91675,-76.45838,1.0,7.39,1.032,26.57,6.08,95.2
2019-07-08T19:30:00Z,AOB,Arundel_on_the_Bay,38.91675,-76.45838,1.0,7.43,1.036,26.57,6.07,95.7
2019-07-08T19:45:00Z,AOB,Arundel_on_the_Bay,38.91675,-76.45838,1.0,7.43,1.035,26.58,6.07,95.8
2019-07-08T20:00:00Z,AOB,Arundel_on_the_Bay,38.91675,-76.45838,1.0,7.4,1.035,26.62,6.07,95.5
2019-07-08T20:15:00Z,AOB,Arundel_on_the_Bay,38.91675,-76.45838,1.0,7.38,1.032,26.62,6.07,95.2
2019-07-08T20:30:00Z,AOB,Arundel_on_the_Bay,38.91675,-76.45838,1.0,7.31,1.034,26.62,6.07,94.2
2019-07-08T20:45:00Z,AOB,Arundel_on_the_Bay,38.91675,-76.45838,1.0,7.25,1.033,26.64,6.07,93.5
2019-07-08T21:00:00Z,AOB,Arundel_on_the_Bay,38.91675,-76.45838,1.0,7.17,1.039,26.65,6.09,92.5
2019-07-08T21:15:00Z,AOB,Arundel_on_the_Bay,38.91675,-76.45838,1.0,7.31,1.036,26.67,6.1,94.3
2019-07-08T21:30:00Z,AOB,Arundel_on_the_Bay,38.91675,-76.45838,1.0,7.22,1.038,26.72,6.12,93.3
2019-07-08T21:45:00Z,AOB,Arundel_on_the_Bay,38.91675,-76.45838,1.0,7.23,1.038,26.77,6.13,93.6
2019-07-08T22:00:00Z,AOB,Arundel_on_the_Bay,38.91675,-76.45838,1.0,7.29,1.04,26.77,6.13,94.2
2019-07-08T22:15:00Z,AOB,Arundel_on_the_Bay,38.91675,-76.45838,1.0,7.23,1.035,26.79,6.14,93.5
2019-07-08T22:30:00Z,AOB,Arundel_on_the_Bay,38.91675,-76.45838,1.0,7.45,1.032,26.78,6.11,96.3
2019-07-08T22:45:00Z,AOB,Arundel_on_the_Bay,38.91675,-76.45838,1.0,7.41,1.039,26.76,6.12,95.9
2019-07-08T23:00:00Z,AOB,Arundel_on_the_Bay,38.91675,-76.45838,1.0,7.27,1.044,26.75,6.14,94.0
2019-07-09T00:00:00Z,AOB,Arundel_on_the_Bay,38.91675,-76.45838,1.0,6.52,1.056,26.73,6.28,84.4
2019-07-09T00:15:00Z,AOB,Arundel_on_the_Bay,38.91675,-76.45838,1.0,6.42,1.06,26.72,6.27,83.1
2019-07-09T00:30:00Z,AOB,Arundel_on_the_Bay,38.91675,-76.45838,1.0,6.5,1.057,26.67,6.26,84.0
2019-07-09T00:45:00Z,AOB,Arundel_on_the_Bay,38.91675,-76.45838,1.0,6.46,1.058,26.66,6.27,83.5
2019-07-09T01:00:00Z,AOB,Arundel_on_the_Bay,38.91675,-76.45838,1.0,6.54,1.062,26.61,6.26,84.4
2019-07-09T01:15:00Z,AOB,Arundel_on_the_Bay,38.91675,-76.45838,1.0,6.76,1.057,26.46,6.15,87.0
2019-07-09T01:30:00Z,AOB,Arundel_on_the_Bay,38.91675,-76.45838,1.0,6.74,1.057,26.45,6.2,86.7
2019-07-09T01:45:00Z,AOB,Arundel_on_the_Bay,38.91675,-76.45838,1.0,6.65,1.062,26.49,6.23,85.6
2019-07-09T02:00:00Z,AOB,Arundel_on_the_Bay,38.91675,-76.45838,1.0,6.7,1.059,26.35,6.14,86.1
2019-07-09T02:15:00Z,AOB,Arundel_on_the_Bay,38.91675,-76.45838,1.0,6.85,1.065,26.38,6.14,87.9
2019-07-09T02:30:00Z,AOB,Arundel_on_the_Bay,38.91675,-76.45838,1.0,6.92,1.067,26.33,6.15,88.8
2019-07-09T02:45:00Z,AOB,Arundel_on_the_Bay,38.91675,-76.45838,1.0,6.89,1.067,26.33,6.18,88.4
2019-07-09T03:00:00Z,AOB,Arundel_on_the_Bay,38.91675,-76.45838,1.0,6.79,1.066,26.33,6.21,87.2
2019-07-09T03:15:00Z,AOB,Arundel_on_the_Bay,38.91675,-76.45838,1.0,6.97,1.064,26.23,6.16,89.3
2019-07-09T03:30:00Z,AOB,Arundel_on_the_Bay,38.91675,-76.45838,1.0,6.92,1.064,26.29,6.19,88.8
2019-07-09T03:45:00Z,AOB,Arundel_on_the_Bay,38.91675,-76.45838,1.0,7.21,1.068,26.18,6.1,92.2
2019-07-09T04:00:00Z,AOB,Arundel_on_the_Bay,38.91675,-76.45838,1.0,7.27,1.067,26.07,5.99,92.8
2019-07-09T04:15:00Z,AOB,Arundel_on_the_Bay,38.91675,-76.45838,1.0,6.98,1.068,26.09,5.89,89.1
2019-07-09T04:30:00Z,AOB,Arundel_on_the_Bay,38.91675,-76.45838,1.0,7.08,1.07,26.05,5.87,90.3
2019-07-09T04:45:00Z,AOB,Arundel_on_the_Bay,38.91675,-76.45838,1.0,7.39,1.069,25.89,5.84,93.9
2019-07-09T05:00:00Z,AOB,Arundel_on_the_Bay,38.91675,-76.45838,1.0,7.44,1.072,25.93,5.82,94.6
2019-07-09T05:15:00Z,AOB,Arundel_on_the_Bay,38.91675,-76.45838,1.0,7.4,1.071,25.94,5.83,94.2
2019-07-09T05:30:00Z,AOB,Arundel_on_the_Bay,38.91675,-76.45838,1.0,7.34,1.074,25.91,5.83,93.3
2019-07-09T05:45:00Z,AOB,Arundel_on_the_Bay,38.91675,-76.45838,1.0,7.15,1.075,25.98,5.83,91.0
2019-07-09T06:00:00Z,AOB,Arundel_on_the_Bay,38.91675,-76.45838,1.0,7.01,1.069,26.07,5.88,89.4
2019-07-09T06:15:00Z,AOB,Arundel_on_the_Bay,38.91675,-76.45838,1.0,6.88,1.072,26.15,5.89,87.9
2019-07-09T06:30:00Z,AOB,Arundel_on_the_Bay,38.91675,-76.45838,1.0,6.82,1.077,26.17,5.89,87.1
2019-07-09T06:45:00Z,AOB,Arundel_on_the_Bay,38.91675,-76.45838,1.0,6.74,1.075,26.2,5.89,86.1
2019-07-09T07:00:00Z,AOB,Arundel_on_the_Bay,38.91675,-76.45838,1.0,6.67,1.075,26.21,5.9,85.3
2019-07-09T07:15:00Z,AOB,Arundel_on_the_Bay,38.91675,-76.45838,1.0,6.6,1.076,26.23,5.9,84.4
2019-07-09T07:30:00Z,AOB,Arundel_on_the_Bay,38.91675,-76.45838,1.0,6.56,1.076,26.23,5.9,83.9
2019-07-09T07:45:00Z,AOB,Arundel_on_the_Bay,38.91675,-76.45838,1.0,6.53,1.078,26.24,5.9,83.6
2019-07-09T08:00:00Z,AOB,Arundel_on_the_Bay,38.91675,-76.45838,1.0,6.49,1.078,26.26,5.9,83.1
2019-07-09T08:15:00Z,AOB,Arundel_on_the_Bay,38.91675,-76.45838,1.0,6.4,1.08,26.27,5.91,81.9
2019-07-09T08:30:00Z,AOB,Arundel_on_the_Bay,38.91675,-76.45838,1.0,6.36,1.079,26.29,5.94,81.4
2019-07-09T08:45:00Z,AOB,Arundel_on_the_Bay,38.91675,-76.45838,1.0,6.38,1.079,26.27,5.95,81.7
2019-07-09T09:00:00Z,AOB,Arundel_on_the_Bay,38.91675,-76.45838,1.0,6.33,1.079,26.25,5.96,81.0
2019-07-09T09:15:00Z,AOB,Arundel_on_the_Bay,38.91675,-76.45838,1.0,6.24,1.079,26.22,6.0,79.9
2019-07-09T09:30:00Z,AOB,Arundel_on_the_Bay,38.91675,-76.45838,1.0,6.14,1.079,26.2,6.04,78.6
2019-07-09T09:45:00Z,AOB,Arundel_on_the_Bay,38.91675,-76.45838,1.0,6.03,1.082,26.15,6.08,77.1
2019-07-09T10:00:00Z,AOB,Arundel_on_the_Bay,38.91675,-76.45838,1.0,5.94,1.082,26.13,6.08,76.0
2019-07-09T10:15:00Z,AOB,Arundel_on_the_Bay,38.91675,-76.45838,1.0,5.9,1.085,26.09,6.07,75.4
2019-07-09T10:30:00Z,AOB,Arundel_on_the_Bay,38.91675,-76.45838,1.0,5.94,1.085,26.05,6.09,75.8
2019-07-09T10:45:00Z,AOB,Arundel_on_the_Bay,38.91675,-76.45838,1.0,5.97,1.088,26.02,6.12,76.2
2019-07-09T11:00:00Z,AOB,Arundel_on_the_Bay,38.91675,-76.45838,1.0,6.31,1.088,25.64,6.18,80.0
2019-07-09T11:15:00Z,AOB,Arundel_on_the_Bay,38.91675,-76.45838,1.0,6.3,1.092,25.78,6.22,80.1
2019-07-09T11:30:00Z,AOB,Arundel_on_the_Bay,38.91675,-76.45838,1.0,6.25,1.087,25.77,6.24,79.4
2019-07-09T11:45:00Z,AOB,Arundel_on_the_Bay,38.91675,-76.45838,1.0,6.15,1.09,25.8,6.24,78.2
2019-07-09T12:00:00Z,AOB,Arundel_on_the_Bay,38.91675,-76.45838,1.0,5.96,1.094,25.73,6.24,75.7
2019-07-09T12:15:00Z,AOB,Arundel_on_the_Bay,38.91675,-76.45838,1.0,6.06,1.094,25.79,6.17,77.0
2019-07-09T12:30:00Z,AOB,Arundel_on_the_Bay,38.91675,-76.45838,1.0,6.14,1.097,25.78,6.21,78.1
2019-07-09T12:45:00Z,AOB,Arundel_on_the_Bay,38.91675,-76.45838,1.0,6.13,1.099,25.81,6.19,77.9
2019-07-09T13:00:00Z,AOB,Arundel_on_the_Bay,38.91675,-76.45838,1.0,6.36,1.099,26.01,6.23,81.2
2019-07-09T13:15:00Z,AOB,Arundel_on_the_Bay,38.91675,-76.45838,1.0,6.38,1.097,25.96,6.24,81.4
2019-07-09T13:30:00Z,AOB,Arundel_on_the_Bay,38.91675,-76.45838,1.0,6.39,1.095,26.0,6.27,81.6
2019-07-09T13:45:00Z,AOB,Arundel_on_the_Bay,38.91675,-76.45838,1.0,6.46,1.095,26.06,6.33,82.6
2019-07-09T14:00:00Z,AOB,Arundel_on_the_Bay,38.91675,-76.45838,1.0,6.42,1.094,26.03,6.23,82.0
2019-07-09T14:15:00Z,AOB,Arundel_on_the_Bay,38.91675,-76.45838,1.0,6.38,1.092,26.0,6.22,81.5
2019-07-09T14:30:00Z,AOB,Arundel_on_the_Bay,38.91675,-76.45838,1.0,6.57,1.092,26.07,6.17,83.9
2019-07-09T14:45:00Z,AOB,Arundel_on_the_Bay,38.91675,-76.45838,1.0,6.67,1.096,26.15,6.16,85.3
2019-07-09T15:00:00Z,AOB,Arundel_on_the_Bay,38.91675,-76.45838,1.0,6.81,1.098,26.33,6.19,87.4
2019-07-09T15:15:00Z,AOB,Arundel_on_the_Bay,38.91675,-76.45838,1.0,6.94,1.094,26.47,6.18,89.3
2019-07-09T15:30:00Z,AOB,Arundel_on_the_Bay,38.91675,-76.45838,1.0,6.94,1.091,26.68,6.14,89.7
2019-07-09T15:45:00Z,AOB,Arundel_on_the_Bay,38.91675,-76.45838,1.0,7.03,1.091,26.81,6.07,91.0
2019-07-09T16:00:00Z,AOB,Arundel_on_the_Bay,38.91675,-76.45838,1.0,7.3,1.095,26.81,6.0,94.5
2019-07-09T16:15:00Z,AOB,Arundel_on_the_Bay,38.91675,-76.45838,1.0,7.29,1.094,26.66,5.93,94.0
2019-07-09T16:30:00Z,AOB,Arundel_on_the_Bay,38.91675,-76.45838,1.0,7.69,1.093,26.69,5.89,99.2
2019-07-09T16:45:00Z,AOB,Arundel_on_the_Bay,38.91675,-76.45838,1.0,8.03,1.1,26.88,5.89,103.9
2019-07-09T17:00:00Z,AOB,Arundel_on_the_Bay,38.91675,-76.45838,1.0,8.05,1.095,27.06,5.89,104.6
2019-07-09T17:15:00Z,AOB,Arundel_on_the_Bay,38.91675,-76.45838,1.0,8.05,1.089,27.25,5.94,104.8
2019-07-09T17:30:00Z,AOB,Arundel_on_the_Bay,38.91675,-76.45838,1.0,8.07,1.086,27.34,5.94,105.3
2019-07-09T17:45:00Z,AOB,Arundel_on_the_Bay,38.91675,-76.45838,1.0,8.02,1.085,27.51,5.96,105.0
2019-07-09T18:00:00Z,AOB,Arundel_on_the_Bay,38.91675,-76.45838,1.0,7.99,1.082,27.63,5.96,104.8
2019-07-09T18:15:00Z,AOB,Arundel_on_the_Bay,38.91675,-76.45838,1.0,8.09,1.081,27.68,5.99,106.2
2019-07-09T18:30:00Z,AOB,Arundel_on_the_Bay,38.91675,-76.45838,1.0,8.29,1.082,27.68,6.0,108.8
2019-07-09T18:45:00Z,AOB,Arundel_on_the_Bay,38.91675,-76.45838,1.0,8.4,1.081,27.65,6.02,110.3
2019-07-09T19:00:00Z,AOB,Arundel_on_the_Bay,38.91675,-76.45838,1.0,8.31,1.079,27.54,6.02,108.8
2019-07-09T19:15:00Z,AOB,Arundel_on_the_Bay,38.91675,-76.45838,1.0,8.02,1.078,27.3,6.07,104.7
2019-07-09T19:30:00Z,AOB,Arundel_on_the_Bay,38.91675,-76.45838,1.0,7.6,1.075,27.32,6.08,99.2
2019-07-09T19:45:00Z,AOB,Arundel_on_the_Bay,38.91675,-76.45838,1.0,7.62,1.072,27.45,6.09,99.8
2019-07-09T20:00:00Z,AOB,Arundel_on_the_Bay,38.91675,-76.45838,1.0,8.01,1.073,28.13,6.1,106.0
2019-07-09T20:15:00Z,AOB,Arundel_on_the_Bay,38.91675,-76.45838,1.0,8.2,1.07,28.45,6.12,109.3
2019-07-09T20:30:00Z,AOB,Arundel_on_the_Bay,38.91675,-76.45838,1.0,8.12,1.07,28.2,6.2,107.8
2019-07-09T20:45:00Z,AOB,Arundel_on_the_Bay,38.91675,-76.45838,1.0,9.21,1.071,28.23,6.19,122.2
2019-07-09T21:00:00Z,AOB,Arundel_on_the_Bay,38.91675,-76.45838,1.0,8.86,1.068,27.91,6.17,117.0
2019-07-09T21:15:00Z,AOB,Arundel_on_the_Bay,38.91675,-76.45838,1.0,8.8,1.066,27.74,6.2,115.8
2019-07-09T21:30:00Z,AOB,Arundel_on_the_Bay,38.91675,-76.45838,1.0,8.46,1.063,27.47,6.19,110.8
2019-07-09T21:45:00Z,AOB,Arundel_on_the_Bay,38.91675,-76.45838,1.0,8.29,1.063,27.43,6.2,108.5
2019-07-09T22:00:00Z,AOB,Arundel_on_the_Bay,38.91675,-76.45838,1.0,8.25,1.068,27.16,6.19,107.4
2019-07-09T22:15:00Z,AOB,Arundel_on_the_Bay,38.91675,-76.45838,1.0,8.3,1.073,27.12,6.19,108.1
2019-07-09T22:30:00Z,AOB,Arundel_on_the_Bay,38.91675,-76.45838,1.0,8.18,1.074,26.99,6.19,106.3
2019-07-09T22:45:00Z,AOB,Arundel_on_the_Bay,38.91675,-76.45838,1.0,7.7,1.074,26.89,6.22,99.9
2019-07-09T23:00:00Z,AOB,Arundel_on_the_Bay,38.91675,-76.45838,1.0,7.71,1.078,26.89,6.24,100.0
2019-07-10T00:00:00Z,AOB,Arundel_on_the_Bay,38.91675,-76.45838,1.0,7.68,1.068,27.26,6.2,100.2
2019-07-10T00:15:00Z,AOB,Arundel_on_the_Bay,38.91675,-76.45838,1.0,7.79,1.068,27.23,6.23,101.6
2019-07-10T00:30:00Z,AOB,Arundel_on_the_Bay,38.91675,-76.45838,1.0,7.82,1.065,27.17,6.22,101.9
2019-07-10T00:45:00Z,AOB,Arundel_on_the_Bay,38.91675,-76.45838,1.0,8.27,1.062,27.66,6.27,108.8
2019-07-10T01:00:00Z,AOB,Arundel_on_the_Bay,38.91675,-76.45838,1.0,8.39,1.065,27.68,6.29,110.3
2019-07-10T01:15:00Z,AOB,Arundel_on_the_Bay,38.91675,-76.45838,1.0,9.07,1.066,28.06,6.29,120.1
2019-07-10T01:30:00Z,AOB,Arundel_on_the_Bay,38.91675,-76.45838,1.0,9.49,1.07,28.27,6.27,126.2
2019-07-10T01:45:00Z,AOB,Arundel_on_the_Bay,38.91675,-76.45838,1.0,9.41,1.076,28.24,6.27,125.0
2019-07-10T02:00:00Z,AOB,Arundel_on_the_Bay,38.91675,-76.45838,1.0,9.6,1.077,28.35,6.27,127.7
2019-07-10T02:15:00Z,AOB,Arundel_on_the_Bay,38.91675,-76.45838,1.0,9.16,1.076,28.25,6.26,121.7
2019-07-10T02:30:00Z,AOB,Arundel_on_the_Bay,38.91675,-76.45838,1.0,8.75,1.076,28.09,6.26,115.9
2019-07-10T02:45:00Z,AOB,Arundel_on_the_Bay,38.91675,-76.45838,1.0,8.49,1.077,27.91,6.25,112.1
2019-07-10T03:00:00Z,AOB,Arundel_on_the_Bay,38.91675,-76.45838,1.0,8.38,1.078,27.8,6.25,110.5
2019-07-10T03:15:00Z,AOB,Arundel_on_the_Bay,38.91675,-76.45838,1.0,8.13,1.079,27.57,6.23,106.7
2019-07-10T03:30:00Z,AOB,Arundel_on_the_Bay,38.91675,-76.45838,1.0,7.7,1.087,27.17,6.22,100.3
2019-07-10T03:45:00Z,AOB,Arundel_on_the_Bay,38.91675,-76.45838,1.0,7.45,1.086,26.98,6.19,96.7
2019-07-10T04:00:00Z,AOB,Arundel_on_the_Bay,38.91675,-76.45838,1.0,7.58,1.084,27.08,6.19,98.7
2019-07-10T04:15:00Z,AOB,Arundel_on_the_Bay,38.91675,-76.45838,1.0,7.55,1.08,27.06,6.18,98.1
2019-07-10T04:30:00Z,AOB,Arundel_on_the_Bay,38.91675,-76.45838,1.0,7.43,1.084,27.02,6.16,96.5
2019-07-10T04:45:00Z,AOB,Arundel_on_the_Bay,38.91675,-76.45838,1.0,7.4,1.082,27.0,6.14,96.1
2019-07-10T05:00:00Z,AOB,Arundel_on_the_Bay,38.91675,-76.45838,1.0,7.47,1.082,27.01,6.15,97.0
2019-07-10T05:15:00Z,AOB,Arundel_on_the_Bay,38.91675,-76.45838,1.0,7.65,1.082,27.05,6.14,99.5
2019-07-10T05:30:00Z,AOB,Arundel_on_the_Bay,38.91675,-76.45838,1.0,7.7,1.084,27.07,6.15,100.1
2019-07-10T05:45:00Z,AOB,Arundel_on_the_Bay,38.91675,-76.45838,1.0,7.62,1.081,27.04,6.14,99.1
2019-07-10T06:00:00Z,AOB,Arundel_on_the_Bay,38.91675,-76.45838,1.0,7.49,1.084,26.99,6.14,97.2
2019-07-10T06:15:00Z,AOB,Arundel_on_the_Bay,38.91675,-76.45838,1.0,7.34,1.081,26.91,6.15,95.2
2019-07-10T06:30:00Z,AOB,Arundel_on_the_Bay,38.91675,-76.45838,1.0,7.22,1.081,26.86,6.15,93.5
2019-07-10T06:45:00Z,AOB,Arundel_on_the_Bay,38.91675,-76.45838,1.0,7.13,1.085,26.81,6.14,92.3
2019-07-10T07:00:00Z,AOB,Arundel_on_the_Bay,38.91675,-76.45838,1.0,6.98,1.084,26.74,6.13,90.2
2019-07-10T07:15:00Z,AOB,Arundel_on_the_Bay,38.91675,-76.45838,1.0,6.65,1.084,26.65,6.18,85.8
2019-07-10T07:30:00Z,AOB,Arundel_on_the_Bay,38.91675,-76.45838,1.0,6.17,1.087,26.51,6.26,79.5
2019-07-10T07:45:00Z,AOB,Arundel_on_the_Bay,38.91675,-76.45838,1.0,5.53,1.085,26.33,6.43,71.1
2019-07-10T08:00:00Z,AOB,Arundel_on_the_Bay,38.91675,-76.45838,1.0,5.36,1.085,26.16,6.51,68.8
2019-07-10T08:15:00Z,AOB,Arundel_on_the_Bay,38.91675,-76.45838,1.0,5.08,1.086,25.99,6.58,64.9
2019-07-10T08:30:00Z,AOB,Arundel_on_the_Bay,38.91675,-76.45838,1.0,4.82,1.084,25.88,6.64,61.5
2019-07-10T08:45:00Z,AOB,Arundel_on_the_Bay,38.91675,-76.45838,1.0,4.66,1.083,25.83,6.68,59.4
2019-07-10T09:00:00Z,AOB,Arundel_on_the_Bay,38.91675,-76.45838,1.0,4.74,1.085,25.82,6.66,60.4
2019-07-10T09:15:00Z,AOB,Arundel_on_the_Bay,38.91675,-76.45838,1.0,5.11,1.086,25.86,6.54,65.2
2019-07-10T09:30:00Z,AOB,Arundel_on_the_Bay,38.91675,-76.45838,1.0,5.37,1.088,25.9,6.47,68.5
2019-07-10T09:45:00Z,AOB,Arundel_on_the_Bay,38.91675,-76.45838,1.0,5.73,1.089,25.88,6.39,73.1
2019-07-10T10:00:00Z,AOB,Arundel_on_the_Bay,38.91675,-76.45838,1.0,5.58,1.092,25.9,6.44,71.1
2019-07-10T10:15:00Z,AOB,Arundel_on_the_Bay,38.91675,-76.45838,1.0,5.63,1.09,25.9,6.44,71.8
2019-07-10T10:30:00Z,AOB,Arundel_on_the_Bay,38.91675,-76.45838,1.0,5.64,1.091,25.91,6.46,72.0
2019-07-10T10:45:00Z,AOB,Arundel_on_the_Bay,38.91675,-76.45838,1.0,5.72,1.088,25.9,6.43,73.0
2019-07-10T11:00:00Z,AOB,Arundel_on_the_Bay,38.91675,-76.45838,1.0,5.76,1.09,25.89,6.42,73.4
2019-07-10T11:15:00Z,AOB,Arundel_on_the_Bay,38.91675,-76.45838,1.0,5.63,1.091,25.9,6.44,71.8
2019-07-10T11:30:00Z,AOB,Arundel_on_the_Bay,38.91675,-76.45838,1.0,5.39,1.091,25.93,6.5,68.9
2019-07-10T11:45:00Z,AOB,Arundel_on_the_Bay,38.91675,-76.45838,1.0,5.49,1.094,25.92,6.5,70.1
2019-07-10T12:00:00Z,AOB,Arundel_on_the_Bay,38.91675,-76.45838,1.0,5.39,1.096,25.94,6.52,68.9
2019-07-10T12:15:00Z,AOB,Arundel_on_the_Bay,38.91675,-76.45838,1.0,5.33,1.097,25.94,6.52,68.1
2019-07-10T12:30:00Z,AOB,Arundel_on_the_Bay,38.91675,-76.45838,1.0,5.44,1.096,25.99,6.53,69.6
2019-07-10T12:45:00Z,AOB,Arundel_on_the_Bay,38.91675,-76.45838,1.0,5.46,1.096,26.06,6.58,69.9
2019-07-10T13:00:00Z,AOB,Arundel_on_the_Bay,38.91675,-76.45838,1.0,5.67,1.098,26.2,6.53,72.7
2019-07-10T13:15:00Z,AOB,Arundel_on_the_Bay,38.91675,-76.45838,1.0,5.8,1.097,26.28,6.49,74.5
2019-07-10T13:30:00Z,AOB,Arundel_on_the_Bay,38.91675,-76.45838,1.0,5.51,1.096,26.22,6.51,70.8
2019-07-10T13:45:00Z,AOB,Arundel_on_the_Bay,38.91675,-76.45838,1.0,5.53,1.093,26.16,6.54,70.9
2019-07-10T14:00:00Z,AOB,Arundel_on_the_Bay,38.91675,-76.45838,1.0,5.4,1.087,26.13,6.57,69.3
2019-07-10T14:15:00Z,AOB,Arundel_on_the_Bay,38.91675,-76.45838,1.0,5.8,1.093,26.41,6.47,74.6
2019-07-10T14:30:00Z,AOB,Arundel_on_the_Bay,38.91675,-76.45838,1.0,6.64,1.092,26.71,6.41,86.0
2019-07-10T14:45:00Z,AOB,Arundel_on_the_Bay,38.91675,-76.45838,1.0,7.26,1.09,27.0,6.43,94.4
2019-07-10T15:00:00Z,AOB,Arundel_on_the_Bay,38.91675,-76.45838,1.0,7.41,1.086,27.08,6.4,96.5
2019-07-10T15:15:00Z,AOB,Arundel_on_the_Bay,38.91675,-76.45838,1.0,7.24,1.083,27.12,6.43,94.4
2019-07-10T15:30:00Z,AOB,Arundel_on_the_Bay,38.91675,-76.45838,1.0,7.59,1.082,27.23,6.41,99.1
2019-07-10T15:45:00Z,AOB,Arundel_on_the_Bay,38.91675,-76.45838,1.0,7.38,1.08,27.24,6.42,96.4
2019-07-10T16:00:00Z,AOB,Arundel_on_the_Bay,38.91675,-76.45838,1.0,7.33,1.074,27.21,6.44,95.7
2019-07-10T16:15:00Z,AOB,Arundel_on_the_Bay,38.91675,-76.45838,1.0,7.39,1.076,27.26,6.44,96.5
2019-07-10T16:30:00Z,AOB,Arundel_on_the_Bay,38.91675,-76.45838,1.0,7.58,1.077,27.29,6.46,99.2
2019-07-10T16:45:00Z,AOB,Arundel_on_the_Bay,38.91675,-76.45838,1.0,7.87,1.068,27.54,6.44,103.4
2019-07-10T17:00:00Z,AOB,Arundel_on_the_Bay,38.91675,-76.45838,1.0,7.8,1.069,27.58,6.44,102.5
2019-07-10T17:15:00Z,AOB,Arundel_on_the_Bay,38.91675,-76.45838,1.0,7.96,1.065,27.75,6.45,104.9
2019-07-10T17:30:00Z,AOB,Arundel_on_the_Bay,38.91675,-76.45838,1.0,7.83,1.071,27.75,6.44,103.2
2019-07-10T17:45:00Z,AOB,Arundel_on_the_Bay,38.91675,-76.45838,1.0,7.91,1.067,27.79,6.46,104.4
2019-07-10T18:00:00Z,AOB,Arundel_on_the_Bay,38.91675,-76.45838,1.0,7.98,1.062,27.86,6.44,105.3
2019-07-10T18:15:00Z,AOB,Arundel_on_the_Bay,38.91675,-76.45838,1.0,7.95,1.066,27.94,6.45,105.1
2019-07-10T18:30:00Z,AOB,Arundel_on_the_Bay,38.91675,-76.45838,1.0,7.9,1.066,28.07,6.46,104.7
2019-07-10T18:45:00Z,AOB,Arundel_on_the_Bay,38.91675,-76.45838,1.0,8.12,1.059,28.15,6.48,107.8
2019-07-10T19:00:00Z,AOB,Arundel_on_the_Bay,38.91675,-76.45838,1.0,8.51,1.061,28.18,6.48,113.0
2019-07-10T19:15:00Z,AOB,Arundel_on_the_Bay,38.91675,-76.45838,1.0,8.37,1.064,28.29,6.47,111.4
2019-07-10T19:30:00Z,AOB,Arundel_on_the_Bay,38.91675,-76.45838,1.0,8.89,1.06,28.33,6.44,118.4
2019-07-10T19:45:00Z,AOB,Arundel_on_the_Bay,38.91675,-76.45838,1.0,9.15,1.058,28.26,6.44,121.8
2019-07-10T20:00:00Z,AOB,Arundel_on_the_Bay,38.91675,-76.45838,1.0,9.23,1.059,28.25,6.43,122.7
2019-07-10T20:15:00Z,AOB,Arundel_on_the_Bay,38.91675,-76.45838,1.0,9.4,1.058,28.19,6.42,124.9
2019-07-10T20:30:00Z,AOB,Arundel_on_the_Bay,38.91675,-76.45838,1.0,9.4,1.057,28.18,6.44,124.8
2019-07-10T20:45:00Z,AOB,Arundel_on_the_Bay,38.91675,-76.45838,1.0,9.34,1.053,28.14,6.44,123.9
2019-07-10T21:00:00Z,AOB,Arundel_on_the_Bay,38.91675,-76.45838,1.0,9.38,1.055,28.17,6.43,124.6
2019-07-10T21:15:00Z,AOB,Arundel_on_the_Bay,38.91675,-76.45838,1.0,9.32,1.052,28.17,6.43,123.8
2019-07-10T21:30:00Z,AOB,Arundel_on_the_Bay,38.91675,-76.45838,1.0,9.38,1.044,28.2,6.43,124.6
2019-07-10T21:45:00Z,AOB,Arundel_on_the_Bay,38.91675,-76.45838,1.0,9.43,1.04,28.2,6.44,125.3
2019-07-10T22:00:00Z,AOB,Arundel_on_the_Bay,38.91675,-76.45838,1.0,9.33,1.047,28.18,6.45,123.9
2019-07-10T22:15:00Z,AOB,Arundel_on_the_Bay,38.91675,-76.45838,1.0,9.46,1.047,28.2,6.44,125.6
2019-07-10T22:30:00Z,AOB,Arundel_on_the_Bay,38.91675,-76.45838,1.0,9.03,1.04,28.22,6.42,120.0
2019-07-10T22:45:00Z,AOB,Arundel_on_the_Bay,38.91675,-76.45838,1.0,8.64,1.044,28.21,6.43,114.9
2019-07-10T23:00:00Z,AOB,Arundel_on_the_Bay,38.91675,-76.45838,1.0,8.97,1.043,28.17,6.43,119.1
2019-07-11T00:00:00Z,AOB,Arundel_on_the_Bay,38.91675,-76.45838,1.0,7.88,1.043,27.52,6.51,103.5
2019-07-11T00:15:00Z,AOB,Arundel_on_the_Bay,38.91675,-76.45838,1.0,8.67,1.041,27.67,6.44,114.1
2019-07-11T00:30:00Z,AOB,Arundel_on_the_Bay,38.91675,-76.45838,1.0,8.9,1.043,27.67,6.43,117.1
2019-07-11T00:45:00Z,AOB,Arundel_on_the_Bay,38.91675,-76.45838,1.0,8.81,1.035,27.65,6.44,116.0
2019-07-11T01:00:00Z,AOB,Arundel_on_the_Bay,38.91675,-76.45838,1.0,8.67,1.034,27.63,6.44,114.0
2019-07-11T01:15:00Z,AOB,Arundel_on_the_Bay,38.91675,-76.45838,1.0,8.54,1.04,27.57,6.43,112.2
2019-07-11T01:30:00Z,AOB,Arundel_on_the_Bay,38.91675,-76.45838,1.0,8.29,1.038,27.54,6.42,108.8
2019-07-11T01:45:00Z,AOB,Arundel_on_the_Bay,38.91675,-76.45838,1.0,7.66,1.05,27.12,6.47,99.9
2019-07-11T02:00:00Z,AOB,Arundel_on_the_Bay,38.91675,-76.45838,1.0,7.54,1.052,27.14,6.45,98.3
2019-07-11T02:15:00Z,AOB,Arundel_on_the_Bay,38.91675,-76.45838,1.0,7.61,1.046,27.28,6.4,99.5
2019-07-11T02:30:00Z,AOB,Arundel_on_the_Bay,38.91675,-76.45838,1.0,7.54,1.042,27.34,6.35,98.7
2019-07-11T02:45:00Z,AOB,Arundel_on_the_Bay,38.91675,-76.45838,1.0,7.5,1.043,27.31,6.37,98.1
2019-07-11T03:00:00Z,AOB,Arundel_on_the_Bay,38.91675,-76.45838,1.0,7.88,1.042,27.34,6.39,103.1
2019-07-11T03:15:00Z,AOB,Arundel_on_the_Bay,38.91675,-76.45838,1.0,7.69,1.046,27.22,6.43,100.4
2019-07-11T03:30:00Z,AOB,Arundel_on_the_Bay,38.91675,-76.45838,1.0,7.83,1.048,27.18,6.43,102.2
2019-07-11T03:45:00Z,AOB,Arundel_on_the_Bay,38.91675,-76.45838,1.0,8.39,1.04,27.15,6.48,109.4
2019-07-11T04:00:00Z,AOB,Arundel_on_the_Bay,38.91675,-76.45838,1.0,8.34,1.046,27.2,6.45,108.9
2019-07-11T04:15:00Z,AOB,Arundel_on_the_Bay,38.91675,-76.45838,1.0,7.83,1.051,27.11,6.45,102.1
2019-07-11T04:30:00Z,AOB,Arundel_on_the_Bay,38.91675,-76.45838,1.0,8.18,1.051,27.17,6.42,106.7
2019-07-11T04:45:00Z,AOB,Arundel_on_the_Bay,38.91675,-76.45838,1.0,8.3,1.045,27.17,6.4,108.3
2019-07-11T05:00:00Z,AOB,Arundel_on_the_Bay,38.91675,-76.45838,1.0,8.0,1.045,27.13,6.4,104.3
2019-07-11T05:15:00Z,AOB,Arundel_on_the_Bay,38.91675,-76.45838,1.0,8.01,1.044,27.12,6.4,104.3
2019-07-11T05:30:00Z,AOB,Arundel_on_the_Bay,38.91675,-76.45838,1.0,7.94,1.035,27.15,6.38,103.6
2019-07-11T05:45:00Z,AOB,Arundel_on_the_Bay,38.91675,-76.45838,1.0,7.74,1.042,27.12,6.4,100.9
2019-07-11T06:00:00Z,AOB,Arundel_on_the_Bay,38.91675,-76.45838,1.0,7.13,1.042,26.96,6.42,92.6
2019-07-11T06:15:00Z,AOB,Arundel_on_the_Bay,38.91675,-76.45838,1.0,7.15,1.048,26.91,6.39,92.8
2019-07-11T06:30:00Z,AOB,Arundel_on_the_Bay,38.91675,-76.45838,1.0,7.17,1.045,26.92,6.4,93.2
2019-07-11T06:45:00Z,AOB,Arundel_on_the_Bay,38.91675,-76.45838,1.0,7.17,1.043,26.96,6.42,93.3
2019-07-11T07:00:00Z,AOB,Arundel_on_the_Bay,38.91675,-76.45838,1.0,7.27,1.036,26.97,6.4,94.5
2019-07-11T07:15:00Z,AOB,Arundel_on_the_Bay,38.91675,-76.45838,1.0,7.36,1.039,26.96,6.38,95.7
2019-07-11T07:30:00Z,AOB,Arundel_on_the_Bay,38.91675,-76.45838,1.0,7.26,1.034,26.92,6.38,94.3
2019-07-11T07:45:00Z,AOB,Arundel_on_the_Bay,38.91675,-76.45838,1.0,7.0,1.034,26.82,6.43,90.7
2019-07-11T08:00:00Z,AOB,Arundel_on_the_Bay,38.91675,-76.45838,1.0,6.69,1.041,26.79,6.47,86.8
2019-07-11T08:15:00Z,AOB,Arundel_on_the_Bay,38.91675,-76.45838,1.0,6.27,1.037,26.69,6.52,81.1
2019-07-11T08:30:00Z,AOB,Arundel_on_the_Bay,38.91675,-76.45838,1.0,4.51,1.039,26.31,6.82,58.1
2019-07-11T08:45:00Z,AOB,Arundel_on_the_Bay,38.91675,-76.45838,1.0,4.2,1.04,26.22,6.85,54.0
2019-07-11T09:00:00Z,AOB,Arundel_on_the_Bay,38.91675,-76.45838,1.0,3.31,1.042,25.92,7.11,42.4
2019-07-11T09:15:00Z,AOB,Arundel_on_the_Bay,38.91675,-76.45838,1.0,3.37,1.04,25.94,7.09,43.2
2019-07-11T09:30:00Z,AOB,Arundel_on_the_Bay,38.91675,-76.45838,1.0,3.31,1.041,25.88,7.11,42.4
2019-07-11T09:45:00Z,AOB,Arundel_on_the_Bay,38.91675,-76.45838,1.0,3.79,1.045,26.0,6.95,48.6
2019-07-11T10:00:00Z,AOB,Arundel_on_the_Bay,38.91675,-76.45838,1.0,4.0,1.042,26.0,6.93,51.2
2019-07-11T10:15:00Z,AOB,Arundel_on_the_Bay,38.91675,-76.45838,1.0,3.52,1.042,25.96,7.01,45.2
2019-07-11T10:30:00Z,AOB,Arundel_on_the_Bay,38.91675,-76.45838,1.0,3.57,1.035,25.97,6.99,45.8
2019-07-11T10:45:00Z,AOB,Arundel_on_the_Bay,38.91675,-76.45838,1.0,3.44,1.037,25.95,7.05,44.1
2019-07-11T11:00:00Z,AOB,Arundel_on_the_Bay,38.91675,-76.45838,1.0,3.34,1.039,25.92,7.06,42.7
2019-07-11T11:15:00Z,AOB,Arundel_on_the_Bay,38.91675,-76.45838,1.0,4.34,1.034,25.96,6.97,55.5
2019-07-11T11:30:00Z,AOB,Arundel_on_the_Bay,38.91675,-76.45838,1.0,4.56,1.042,25.96,6.95,58.4
2019-07-11T11:45:00Z,AOB,Arundel_on_the_Bay,38.91675,-76.45838,1.0,5.66,1.039,26.23,6.74,72.7
2019-07-11T12:00:00Z,AOB,Arundel_on_the_Bay,38.91675,-76.45838,1.0,6.04,1.035,26.34,6.67,77.8
2019-07-11T12:15:00Z,AOB,Arundel_on_the_Bay,38.91675,-76.45838,1.0,6.28,1.039,26.43,6.6,81.0
2019-07-11T12:30:00Z,AOB,Arundel_on_the_Bay,38.91675,-76.45838,1.0,6.55,1.039,26.53,6.57,84.6
2019-07-11T12:45:00Z,AOB,Arundel_on_the_Bay,38.91675,-76.45838,1.0,6.81,1.038,26.63,6.52,88.0
2019-07-11T13:00:00Z,AOB,Arundel_on_the_Bay,38.91675,-76.45838,1.0,7.27,1.036,26.76,6.44,94.2
2019-07-11T13:15:00Z,AOB,Arundel_on_the_Bay,38.91675,-76.45838,1.0,7.39,1.032,26.88,6.41,95.9
2019-07-11T13:30:00Z,AOB,Arundel_on_the_Bay,38.91675,-76.45838,1.0,7.42,1.027,26.89,6.41,96.3
2019-07-11T13:45:00Z,AOB,Arundel_on_the_Bay,38.91675,-76.45838,1.0,7.52,1.021,26.89,6.44,97.6
2019-07-11T14:00:00Z,AOB,Arundel_on_the_Bay,38.91675,-76.45838,1.0,7.5,1.028,26.88,6.5,97.4
2019-07-11T14:15:00Z,AOB,Arundel_on_the_Bay,38.91675,-76.45838,1.0,7.5,1.021,26.94,6.48,97.5
2019-07-11T14:30:00Z,AOB,Arundel_on_the_Bay,38.91675,-76.45838,1.0,7.32,1.021,26.9,6.55,95.1
2019-07-11T14:45:00Z,AOB,Arundel_on_the_Bay,38.91675,-76.45838,1.0,7.39,1.016,26.95,6.57,96.1
2019-07-11T15:00:00Z,AOB,Arundel_on_the_Bay,38.91675,-76.45838,1.0,7.4,1.023,26.97,6.57,96.4
2019-07-11T15:15:00Z,AOB,Arundel_on_the_Bay,38.91675,-76.45838,1.0,7.53,1.014,27.02,6.52,98.1
2019-07-11T15:30:00Z,AOB,Arundel_on_the_Bay,38.91675,-76.45838,1.0,7.67,1.022,27.05,6.48,99.9
2019-07-11T15:45:00Z,AOB,Arundel_on_the_Bay,38.91675,-76.45838,1.0,8.12,1.013,27.29,6.4,106.1
2019-07-11T16:00:00Z,AOB,Arundel_on_the_Bay,38.91675,-76.45838,1.0,8.1,1.003,27.47,6.32,106.3
2019-07-11T16:15:00Z,AOB,Arundel_on_the_Bay,38.91675,-76.45838,1.0,8.11,1.009,27.57,6.26,106.4
2019-07-11T16:30:00Z,AOB,Arundel_on_the_Bay,38.91675,-76.45838,1.0,8.07,1.0,27.6,6.28,106.0
2019-07-11T16:45:00Z,AOB,Arundel_on_the_Bay,38.91675,-76.45838,1.0,8.1,0.994,27.81,6.18,106.7
2019-07-11T17:00:00Z,AOB,Arundel_on_the_Bay,38.91675,-76.45838,1.0,8.1,0.997,27.92,6.13,106.9
2019-07-11T17:15:00Z,AOB,Arundel_on_the_Bay,38.91675,-76.45838,1.0,8.07,0.989,27.93,6.16,106.5
2019-07-11T17:30:00Z,AOB,Arundel_on_the_Bay,38.91675,-76.45838,1.0,8.03,0.987,27.93,6.2,106.0
2019-07-11T17:45:00Z,AOB,Arundel_on_the_Bay,38.91675,-76.45838,1.0,8.14,0.988,28.04,6.14,107.7
2019-07-11T18:00:00Z,AOB,Arundel_on_the_Bay,38.91675,-76.45838,1.0,8.04,0.986,28.04,6.21,106.4
2019-07-11T18:15:00Z,AOB,Arundel_on_the_Bay,38.91675,-76.45838,1.0,8.09,0.978,28.13,6.2,107.1
2019-07-11T18:30:00Z,AOB,Arundel_on_the_Bay,38.91675,-76.45838,1.0,8.14,0.973,28.16,6.17,107.9
2019-07-11T18:45:00Z,AOB,Arundel_on_the_Bay,38.91675,-76.45838,1.0,8.12,0.978,28.21,6.2,107.8
2019-07-11T19:00:00Z,AOB,Arundel_on_the_Bay,38.91675,-76.45838,1.0,8.1,0.969,28.23,6.2,107.5
2019-07-11T19:15:00Z,AOB,Arundel_on_the_Bay,38.91675,-76.45838,1.0,8.0,0.971,28.22,6.25,106.2
2019-07-11T19:30:00Z,AOB,Arundel_on_the_Bay,38.91675,-76.45838,1.0,8.14,0.969,28.29,6.23,108.2
2019-07-11T19:45:00Z,AOB,Arundel_on_the_Bay,38.91675,-76.45838,1.0,8.15,0.967,28.31,6.26,108.3
2019-07-11T20:00:00Z,AOB,Arundel_on_the_Bay,38.91675,-76.45838,1.0,8.17,0.964,28.51,6.27,109.0
2019-07-11T20:15:00Z,AOB,Arundel_on_the_Bay,38.91675,-76.45838,1.0,8.74,0.967,28.47,6.33,116.7
2019-07-11T20:30:00Z,AOB,Arundel_on_the_Bay,38.91675,-76.45838,1.0,8.79,0.97,28.39,6.29,117.0
2019-07-11T20:45:00Z,AOB,Arundel_on_the_Bay,38.91675,-76.45838,1.0,8.34,0.961,28.25,6.25,110.8
2019-07-11T21:00:00Z,AOB,Arundel_on_the_Bay,38.91675,-76.45838,1.0,8.3,0.968,28.25,6.24,110.2
2019-07-11T21:15:00Z,AOB,Arundel_on_the_Bay,38.91675,-76.45838,1.0,8.09,0.983,28.2,6.23,107.4
2019-07-11T21:30:00Z,AOB,Arundel_on_the_Bay,38.91675,-76.45838,1.0,7.77,0.974,28.12,6.31,103.0
2019-07-11T21:45:00Z,AOB,Arundel_on_the_Bay,38.91675,-76.45838,1.0,7.35,0.973,27.93,6.35,97.2
2019-07-11T22:00:00Z,AOB,Arundel_on_the_Bay,38.91675,-76.45838,1.0,7.47,0.974,27.81,6.38,98.5
2019-07-11T22:15:00Z,AOB,Arundel_on_the_Bay,38.91675,-76.45838,1.0,7.07,0.969,27.59,6.44,93.0
2019-07-11T22:30:00Z,AOB,Arundel_on_the_Bay,38.91675,-76.45838,1.0,6.73,0.964,27.33,6.53,88.1
2019-07-11T22:45:00Z,AOB,Arundel_on_the_Bay,38.91675,-76.45838,1.0,6.97,0.984,27.5,6.5,91.5
2019-07-11T23:00:00Z,AOB,Arundel_on_the_Bay,38.91675,-76.45838,1.0,6.87,0.987,27.33,6.57,89.9
2019-07-12T00:00:00Z,AOB,Arundel_on_the_Bay,38.91675,-76.45838,1.0,5.5,0.988,26.72,6.76,71.4
2019-07-12T00:15:00Z,AOB,Arundel_on_the_Bay,38.91675,-76.45838,1.0,5.63,0.991,26.74,6.73,73.0
2019-07-12T00:30:00Z,AOB,Arundel_on_the_Bay,38.91675,-76.45838,1.0,5.95,0.986,26.71,6.68,77.1
2019-07-12T00:45:00Z,AOB,Arundel_on_the_Bay,38.91675,-76.45838,1.0,6.25,0.989,26.7,6.68,80.9
2019-07-12T01:00:00Z,AOB,Arundel_on_the_Bay,38.91675,-76.45838,1.0,6.67,0.992,26.68,6.64,86.3
2019-07-12T01:15:00Z,AOB,Arundel_on_the_Bay,38.91675,-76.45838,1.0,6.56,0.992,26.7,6.64,85.0
2019-07-12T01:30:00Z,AOB,Arundel_on_the_Bay,38.91675,-76.45838,1.0,6.45,0.994,26.68,6.68,83.5
2019-07-12T01:45:00Z,AOB,Arundel_on_the_Bay,38.91675,-76.45838,1.0,6.6,0.997,26.82,6.63,85.7
2019-07-12T02:00:00Z,AOB,Arundel_on_the_Bay,38.91675,-76.45838,1.0,6.72,0.994,27.05,6.52,87.5
2019-07-12T02:15:00Z,AOB,Arundel_on_the_Bay,38.91675,-76.45838,1.0,6.54,0.99,27.04,6.54,85.2
2019-07-12T02:30:00Z,AOB,Arundel_on_the_Bay,38.91675,-76.45838,1.0,6.34,0.991,26.94,6.55,82.5
2019-07-12T02:45:00Z,AOB,Arundel_on_the_Bay,38.91675,-76.45838,1.0,6.18,0.991,26.94,6.53,80.3
2019-07-12T03:00:00Z,AOB,Arundel_on_the_Bay,38.91675,-76.45838,1.0,5.87,0.994,26.85,6.58,76.2
2019-07-12T03:15:00Z,AOB,Arundel_on_the_Bay,38.91675,-76.45838,1.0,6.03,0.991,26.77,6.64,78.3
2019-07-12T03:30:00Z,AOB,Arundel_on_the_Bay,38.91675,-76.45838,1.0,5.76,0.993,26.73,6.61,74.6
2019-07-12T03:45:00Z,AOB,Arundel_on_the_Bay,38.91675,-76.45838,1.0,5.85,0.992,26.69,6.61,75.8
2019-07-12T04:00:00Z,AOB,Arundel_on_the_Bay,38.91675,-76.45838,1.0,5.92,0.992,26.69,6.61,76.6
2019-07-12T04:15:00Z,AOB,Arundel_on_the_Bay,38.91675,-76.45838,1.0,6.0,0.993,26.74,6.61,77.8
2019-07-12T04:30:00Z,AOB,Arundel_on_the_Bay,38.91675,-76.45838,1.0,6.13,0.994,26.78,6.57,79.5
2019-07-12T04:45:00Z,AOB,Arundel_on_the_Bay,38.91675,-76.45838,1.0,6.14,0.992,26.77,6.58,79.6
2019-07-12T05:00:00Z,AOB,Arundel_on_the_Bay,38.91675,-76.45838,1.0,6.29,0.997,26.76,6.6,81.6
2019-07-12T05:15:00Z,AOB,Arundel_on_the_Bay,38.91675,-76.45838,1.0,6.07,0.997,26.73,6.58,78.6
2019-07-12T05:30:00Z,AOB,Arundel_on_the_Bay,38.91675,-76.45838,1.0,6.08,0.998,26.65,6.6,78.7
2019-07-12T05:45:00Z,AOB,Arundel_on_the_Bay,38.91675,-76.45838,1.0,6.17,0.994,26.67,6.6,79.9
2019-07-12T06:00:00Z,AOB,Arundel_on_the_Bay,38.91675,-76.45838,1.0,6.16,0.991,26.64,6.63,79.7
2019-07-12T06:15:00Z,AOB,Arundel_on_the_Bay,38.91675,-76.45838,1.0,5.86,0.99,26.53,6.66,75.7
2019-07-12T06:30:00Z,AOB,Arundel_on_the_Bay,38.91675,-76.45838,1.0,5.86,0.986,26.52,6.72,75.7
2019-07-12T06:45:00Z,AOB,Arundel_on_the_Bay,38.91675,-76.45838,1.0,5.58,0.988,26.47,6.71,72.0
2019-07-12T07:00:00Z,AOB,Arundel_on_the_Bay,38.91675,-76.45838,1.0,5.5,0.986,26.43,6.76,70.9
2019-07-12T07:15:00Z,AOB,Arundel_on_the_Bay,38.91675,-76.45838,1.0,5.48,0.985,26.42,6.78,70.7
2019-07-12T07:30:00Z,AOB,Arundel_on_the_Bay,38.91675,-76.45838,1.0,5.35,0.984,26.39,6.84,69.0
2019-07-12T07:45:00Z,AOB,Arundel_on_the_Bay,38.91675,-76.45838,1.0,5.27,0.983,26.35,6.92,68.0
2019-07-12T08:00:00Z,AOB,Arundel_on_the_Bay,38.91675,-76.45838,1.0,5.13,0.983,26.3,6.96,66.1
2019-07-12T08:15:00Z,AOB,Arundel_on_the_Bay,38.91675,-76.45838,1.0,4.99,0.98,26.25,7.02,64.3
2019-07-12T08:30:00Z,AOB,Arundel_on_the_Bay,38.91675,-76.45838,1.0,4.93,0.983,26.21,7.05,63.5
2019-07-12T08:45:00Z,AOB,Arundel_on_the_Bay,38.91675,-76.45838,1.0,4.88,0.984,26.19,7.05,62.7
2019-07-12T09:00:00Z,AOB,Arundel_on_the_Bay,38.91675,-76.45838,1.0,4.8,0.983,26.14,7.06,61.8
2019-07-12T09:15:00Z,AOB,Arundel_on_the_Bay,38.91675,-76.45838,1.0,4.75,0.988,26.11,7.07,61.0
2019-07-12T09:30:00Z,AOB,Arundel_on_the_Bay,38.91675,-76.45838,1.0,4.74,0.988,26.09,7.08,60.9
2019-07-12T09:45:00Z,AOB,Arundel_on_the_Bay,38.91675,-76.45838,1.0,4.75,0.989,26.08,7.08,61.0
2019-07-12T10:00:00Z,AOB,Arundel_on_the_Bay,38.91675,-76.45838,1.0,4.77,0.99,26.05,7.07,61.3
2019-07-12T10:15:00Z,AOB,Arundel_on_the_Bay,38.91675,-76.45838,1.0,4.9,0.992,26.03,7.04,62.8
2019-07-12T10:30:00Z,AOB,Arundel_on_the_Bay,38.91675,-76.45838,1.0,5.1,0.993,25.99,7.01,65.4
2019-07-12T10:45:00Z,AOB,Arundel_on_the_Bay,38.91675,-76.45838,1.0,5.24,0.993,26.01,7.01,67.2
2019-07-12T11:00:00Z,AOB,Arundel_on_the_Bay,38.91675,-76.45838,1.0,5.32,0.996,26.0,7.01,68.2
2019-07-12T11:15:00Z,AOB,Arundel_on_the_Bay,38.91675,-76.45838,1.0,5.39,0.997,25.99,7.03,69.1
2019-07-12T11:30:00Z,AOB,Arundel_on_the_Bay,38.91675,-76.45838,1.0,5.49,1.0,26.0,7.02,70.4
2019-07-12T11:45:00Z,AOB,Arundel_on_the_Bay,38.91675,-76.45838,1.0,5.57,1.001,25.99,7.02,71.4
2019-07-12T12:00:00Z,AOB,Arundel_on_the_Bay,38.91675,-76.45838,1.0,5.73,1.001,26.0,7.02,73.4
2019-07-12T12:15:00Z,AOB,Arundel_on_the_Bay,38.91675,-76.45838,1.0,5.82,1.001,26.05,7.03,74.6
2019-07-12T12:30:00Z,AOB,Arundel_on_the_Bay,38.91675,-76.45838,1.0,5.91,1.003,26.06,7.03,75.9
2019-07-12T12:45:00Z,AOB,Arundel_on_the_Bay,38.91675,-76.45838,1.0,6.04,1.005,26.08,7.02,77.6
2019-07-12T13:00:00Z,AOB,Arundel_on_the_Bay,38.91675,-76.45838,1.0,6.22,1.003,26.12,7.02,79.9
2019-07-12T13:15:00Z,AOB,Arundel_on_the_Bay,38.91675,-76.45838,1.0,6.31,1.002,26.17,7.01,81.1
2019-07-12T13:30:00Z,AOB,Arundel_on_the_Bay,38.91675,-76.45838,1.0,6.44,1.003,26.25,7.0,82.9
2019-07-12T13:45:00Z,AOB,Arundel_on_the_Bay,38.91675,-76.45838,1.0,6.69,0.994,26.34,6.94,86.2
2019-07-12T14:00:00Z,AOB,Arundel_on_the_Bay,38.91675,-76.45838,1.0,6.34,1.004,26.31,6.95,81.7
2019-07-12T14:15:00Z,AOB,Arundel_on_the_Bay,38.91675,-76.45838,1.0,6.28,1.004,26.35,6.95,81.0
2019-07-12T14:30:00Z,AOB,Arundel_on_the_Bay,38.91675,-76.45838,1.0,6.37,1.003,26.39,6.91,82.2
2019-07-12T14:45:00Z,AOB,Arundel_on_the_Bay,38.91675,-76.45838,1.0,6.8,1.005,26.41,6.89,87.8
2019-07-12T15:00:00Z,AOB,Arundel_on_the_Bay,38.91675,-76.45838,1.0,6.86,1.005,26.47,6.89,88.6
2019-07-12T15:15:00Z,AOB,Arundel_on_the_Bay,38.91675,-76.45838,1.0,6.88,1.002,26.54,6.87,89.0
2019-07-12T15:30:00Z,AOB,Arundel_on_the_Bay,38.91675,-76.45838,1.0,6.83,0.999,26.57,6.86,88.3
2019-07-12T15:45:00Z,AOB,Arundel_on_the_Bay,38.91675,-76.45838,1.0,6.78,1.0,26.59,6.89,87.8
2019-07-12T16:00:00Z,AOB,Arundel_on_the_Bay,38.91675,-76.45838,1.0,6.6,1.001,26.5,6.93,85.3
2019-07-12T16:15:00Z,AOB,Arundel_on_the_Bay,38.91675,-76.45838,1.0,6.47,0.998,26.51,6.92,83.6
2019-07-12T16:30:00Z,AOB,Arundel_on_the_Bay,38.91675,-76.45838,1.0,6.48,0.999,26.56,6.92,83.9
2019-07-12T16:45:00Z,AOB,Arundel_on_the_Bay,38.91675,-76.45838,1.0,6.49,0.999,26.71,6.93,84.3
2019-07-12T17:00:00Z,AOB,Arundel_on_the_Bay,38.91675,-76.45838,1.0,6.72,0.998,26.77,6.9,87.3
2019-07-12T17:15:00Z,AOB,Arundel_on_the_Bay,38.91675,-76.45838,1.0,6.88,0.998,27.0,6.86,89.7
2019-07-12T17:30:00Z,AOB,Arundel_on_the_Bay,38.91675,-76.45838,1.0,7.01,0.994,27.01,6.82,91.4
2019-07-12T17:45:00Z,AOB,Arundel_on_the_Bay,38.91675,-76.45838,1.0,6.9,0.992,26.95,6.9,89.9
2019-07-12T18:00:00Z,AOB,Arundel_on_the_Bay,38.91675,-76.45838,1.0,7.36,0.996,26.92,6.89,95.9
2019-07-12T18:15:00Z,AOB,Arundel_on_the_Bay,38.91675,-76.45838,1.0,8.1,0.986,27.08,6.86,105.7
2019-07-12T18:30:00Z,AOB,Arundel_on_the_Bay,38.91675,-76.45838,1.0,8.4,0.986,27.13,6.87,109.8
2019-07-12T18:45:00Z,AOB,Arundel_on_the_Bay,38.91675,-76.45838,1.0,8.75,0.983,27.27,6.86,114.6
2019-07-12T19:00:00Z,AOB,Arundel_on_the_Bay,38.91675,-76.45838,1.0,8.55,0.985,27.2,6.85,111.9
2019-07-12T19:15:00Z,AOB,Arundel_on_the_Bay,38.91675,-76.45838,1.0,8.72,0.983,27.48,6.82,114.6
2019-07-12T19:30:00Z,AOB,Arundel_on_the_Bay,38.91675,-76.45838,1.0,9.15,0.981,27.97,6.83,121.3
2019-07-12T19:45:00Z,AOB,Arundel_on_the_Bay,38.91675,-76.45838,1.0,9.17,0.98,28.04,6.89,121.8
2019-07-12T20:00:00Z,AOB,Arundel_on_the_Bay,38.91675,-76.45838,1.0,9.47,0.979,27.94,6.92,125.5
2019-07-12T20:15:00Z,AOB,Arundel_on_the_Bay,38.91675,-76.45838,1.0,9.76,0.978,27.95,6.93,129.5
2019-07-12T20:30:00Z,AOB,Arundel_on_the_Bay,38.91675,-76.45838,1.0,9.93,0.979,28.14,6.92,132.2
2019-07-12T20:45:00Z,AOB,Arundel_on_the_Bay,38.91675,-76.45838,1.0,9.94,0.979,28.22,6.91,132.5
2019-07-12T21:00:00Z,AOB,Arundel_on_the_Bay,38.91675,-76.45838,1.0,9.95,0.98,28.29,6.91,132.7
2019-07-12T21:15:00Z,AOB,Arundel_on_the_Bay,38.91675,-76.45838,1.0,9.8,0.978,28.27,6.9,130.7
2019-07-12T21:30:00Z,AOB,Arundel_on_the_Bay,38.91675,-76.45838,1.0,9.38,0.978,28.01,6.86,124.4
2019-07-12T21:45:00Z,AOB,Arundel_on_the_Bay,38.91675,-76.45838,1.0,9.01,0.976,27.89,6.81,119.4
2019-07-12T22:00:00Z,AOB,Arundel_on_the_Bay,38.91675,-76.45838,1.0,9.23,0.981,28.0,6.79,122.4
2019-07-12T22:15:00Z,AOB,Arundel_on_the_Bay,38.91675,-76.45838,1.0,8.99,0.984,27.89,6.78,119.0
2019-07-12T22:30:00Z,AOB,Arundel_on_the_Bay,38.91675,-76.45838,1.0,8.9,0.982,27.83,6.76,117.7
2019-07-12T22:45:00Z,AOB,Arundel_on_the_Bay,38.91675,-76.45838,1.0,8.98,0.985,27.83,6.78,118.7
2019-07-12T23:00:00Z,AOB,Arundel_on_the_Bay,38.91675,-76.45838,1.0,9.08,0.984,27.87,6.77,120.1
2019-07-13T00:00:00Z,AOB,Arundel_on_the_Bay,38.91675,-76.45838,1.0,9.04,0.989,27.77,6.78,119.4
2019-07-13T00:15:00Z,AOB,Arundel_on_the_Bay,38.91675,-76.45838,1.0,8.98,0.993,27.73,6.75,118.6
2019-07-13T00:30:00Z,AOB,Arundel_on_the_Bay,38.91675,-76.45838,1.0,8.54,0.994,27.59,6.71,112.4
2019-07-13T00:45:00Z,AOB,Arundel_on_the_Bay,38.91675,-76.45838,1.0,8.34,0.997,27.57,6.7,109.7
2019-07-13T01:00:00Z,AOB,Arundel_on_the_Bay,38.91675,-76.45838,1.0,8.07,0.996,27.57,6.7,106.2
2019-07-13T01:15:00Z,AOB,Arundel_on_the_Bay,38.91675,-76.45838,1.0,8.2,1.001,27.57,6.71,107.9
2019-07-13T01:30:00Z,AOB,Arundel_on_the_Bay,38.91675,-76.45838,1.0,8.29,1.007,27.51,6.71,108.9
2019-07-13T01:45:00Z,AOB,Arundel_on_the_Bay,38.91675,-76.45838,1.0,8.66,1.01,27.49,6.58,113.7
2019-07-13T02:00:00Z,AOB,Arundel_on_the_Bay,38.91675,-76.45838,1.0,8.44,1.01,27.9,6.75,111.7
2019-07-13T02:15:00Z,AOB,Arundel_on_the_Bay,38.91675,-76.45838,1.0,8.61,1.012,27.86,6.75,113.9
2019-07-13T02:30:00Z,AOB,Arundel_on_the_Bay,38.91675,-76.45838,1.0,8.36,1.012,27.85,6.76,110.5
2019-07-13T02:45:00Z,AOB,Arundel_on_the_Bay,38.91675,-76.45838,1.0,7.63,1.011,27.7,6.75,100.7
2019-07-13T03:00:00Z,AOB,Arundel_on_the_Bay,38.91675,-76.45838,1.0,7.55,1.012,27.67,6.75,99.5
2019-07-13T03:15:00Z,AOB,Arundel_on_the_Bay,38.91675,-76.45838,1.0,7.46,1.012,27.68,6.75,98.4
2019-07-13T03:30:00Z,AOB,Arundel_on_the_Bay,38.91675,-76.45838,1.0,7.48,1.013,27.66,6.75,98.7
2019-07-13T03:45:00Z,AOB,Arundel_on_the_Bay,38.91675,-76.45838,1.0,8.2,1.014,27.64,6.68,108.1
2019-07-13T04:00:00Z,AOB,Arundel_on_the_Bay,38.91675,-76.45838,1.0,8.05,1.014,27.54,6.68,105.9
2019-07-13T04:15:00Z,AOB,Arundel_on_the_Bay,38.91675,-76.45838,1.0,7.94,1.014,27.51,6.57,104.3
2019-07-13T04:30:00Z,AOB,Arundel_on_the_Bay,38.91675,-76.45838,1.0,7.7,1.014,27.53,6.55,101.2
2019-07-13T04:45:00Z,AOB,Arundel_on_the_Bay,38.91675,-76.45838,1.0,7.56,1.015,27.53,6.57,99.3
2019-07-13T05:00:00Z,AOB,Arundel_on_the_Bay,38.91675,-76.45838,1.0,7.54,1.014,27.51,6.59,99.1
2019-07-13T05:15:00Z,AOB,Arundel_on_the_Bay,38.91675,-76.45838,1.0,7.55,1.013,27.46,6.64,99.1
2019-07-13T05:30:00Z,AOB,Arundel_on_the_Bay,38.91675,-76.45838,1.0,7.55,1.015,27.45,6.71,99.2
2019-07-13T05:45:00Z,AOB,Arundel_on_the_Bay,38.91675,-76.45838,1.0,7.77,1.018,27.37,6.59,101.8
2019-07-13T06:00:00Z,AOB,Arundel_on_the_Bay,38.91675,-76.45838,1.0,7.83,1.019,27.32,6.54,102.5
2019-07-13T06:15:00Z,AOB,Arundel_on_the_Bay,38.91675,-76.45838,1.0,7.92,1.024,27.15,6.5,103.3
2019-07-13T06:30:00Z,AOB,Arundel_on_the_Bay,38.91675,-76.45838,1.0,7.67,1.023,27.31,6.64,100.4
2019-07-13T06:45:00Z,AOB,Arundel_on_the_Bay,38.91675,-76.45838,1.0,7.43,1.022,27.34,6.73,97.3
2019-07-13T07:00:00Z,AOB,Arundel_on_the_Bay,38.91675,-76.45838,1.0,7.59,1.018,27.33,6.74,99.5
2019-07-13T07:15:00Z,AOB,Arundel_on_the_Bay,38.91675,-76.45838,1.0,7.9,1.029,26.98,6.59,102.9
2019-07-13T07:30:00Z,AOB,Arundel_on_the_Bay,38.91675,-76.45838,1.0,7.93,1.029,26.99,6.55,103.2
2019-07-13T07:45:00Z,AOB,Arundel_on_the_Bay,38.91675,-76.45838,1.0,7.95,1.032,27.03,6.53,103.5
2019-07-13T08:00:00Z,AOB,Arundel_on_the_Bay,38.91675,-76.45838,1.0,7.97,1.032,27.05,6.48,103.8
2019-07-13T08:15:00Z,AOB,Arundel_on_the_Bay,38.91675,-76.45838,1.0,7.97,1.031,27.06,6.43,103.7
2019-07-13T08:30:00Z,AOB,Arundel_on_the_Bay,38.91675,-76.45838,1.0,8.04,1.033,27.05,6.4,104.6
2019-07-13T08:45:00Z,AOB,Arundel_on_the_Bay,38.91675,-76.45838,1.0,8.16,1.034,27.05,6.36,106.3
2019-07-13T09:00:00Z,AOB,Arundel_on_the_Bay,38.91675,-76.45838,1.0,8.19,1.037,27.03,6.33,106.5
2019-07-13T09:15:00Z,AOB,Arundel_on_the_Bay,38.91675,-76.45838,1.0,8.12,1.038,27.01,6.34,105.6
2019-07-13T09:30:00Z,AOB,Arundel_on_the_Bay,38.91675,-76.45838,1.0,8.11,1.037,27.03,6.34,105.6
2019-07-13T09:45:00Z,AOB,Arundel_on_the_Bay,38.91675,-76.45838,1.0,8.11,1.041,27.0,6.33,105.4
2019-07-13T10:00:00Z,AOB,Arundel_on_the_Bay,38.91675,-76.45838,1.0,7.94,1.045,26.79,6.22,102.8
2019-07-13T10:15:00Z,AOB,Arundel_on_the_Bay,38.91675,-76.45838,1.0,7.8,1.043,26.64,6.13,100.6
2019-07-13T10:30:00Z,AOB,Arundel_on_the_Bay,38.91675,-76.45838,1.0,7.71,1.044,26.55,6.06,99.2
2019-07-13T10:45:00Z,AOB,Arundel_on_the_Bay,38.91675,-76.45838,1.0,7.66,1.046,26.52,6.04,98.5
2019-07-13T11:00:00Z,AOB,Arundel_on_the_Bay,38.91675,-76.45838,1.0,7.82,1.049,26.51,5.96,100.5
2019-07-13T11:15:00Z,AOB,Arundel_on_the_Bay,38.91675,-76.45838,1.0,7.96,1.046,26.5,5.84,102.4
2019-07-13T11:30:00Z,AOB,Arundel_on_the_Bay,38.91675,-76.45838,1.0,8.03,1.05,26.55,5.85,103.3
2019-07-13T11:45:00Z,AOB,Arundel_on_the_Bay,38.91675,-76.45838,1.0,8.07,1.051,26.58,5.82,103.8
2019-07-13T12:00:00Z,AOB,Arundel_on_the_Bay,38.91675,-76.45838,1.0,8.18,1.051,26.57,5.74,105.2
2019-07-13T12:15:00Z,AOB,Arundel_on_the_Bay,38.91675,-76.45838,1.0,8.28,1.052,26.59,5.7,106.5
2019-07-13T12:30:00Z,AOB,Arundel_on_the_Bay,38.91675,-76.45838,1.0,8.39,1.058,26.62,5.68,108.0
2019-07-13T12:45:00Z,AOB,Arundel_on_the_Bay,38.91675,-76.45838,1.0,8.46,1.054,26.64,5.69,108.9
2019-07-13T13:00:00Z,AOB,Arundel_on_the_Bay,38.91675,-76.45838,1.0,8.59,1.055,26.67,5.7,110.6
2019-07-13T13:15:00Z,AOB,Arundel_on_the_Bay,38.91675,-76.45838,1.0,8.65,1.045,26.7,5.69,111.5
2019-07-13T13:30:00Z,AOB,Arundel_on_the_Bay,38.91675,-76.45838,1.0,8.75,1.057,26.76,5.69,112.8
2019-07-13T13:45:00Z,AOB,Arundel_on_the_Bay,38.91675,-76.45838,1.0,8.82,1.056,26.81,5.7,113.8
2019-07-13T14:00:00Z,AOB,Arundel_on_the_Bay,38.91675,-76.45838,1.0,8.89,1.053,26.83,5.7,114.9
2019-07-13T14:15:00Z,AOB,Arundel_on_the_Bay,38.91675,-76.45838,1.0,8.84,1.049,26.86,5.7,114.2
2019-07-13T14:30:00Z,AOB,Arundel_on_the_Bay,38.91675,-76.45838,1.0,8.88,1.053,26.93,5.71,115.0
2019-07-13T14:45:00Z,AOB,Arundel_on_the_Bay,38.91675,-76.45838,1.0,8.84,1.056,27.02,5.73,114.6
2019-07-13T15:00:00Z,AOB,Arundel_on_the_Bay,38.91675,-76.45838,1.0,8.62,1.052,27.05,5.78,111.9
2019-07-13T15:15:00Z,AOB,Arundel_on_the_Bay,38.91675,-76.45838,1.0,8.64,1.056,27.18,5.83,112.4
2019-07-13T15:30:00Z,AOB,Arundel_on_the_Bay,38.91675,-76.45838,1.0,8.54,1.047,27.25,5.9,111.2
2019-07-13T15:45:00Z,AOB,Arundel_on_the_Bay,38.91675,-76.45838,1.0,8.42,1.049,27.38,5.88,109.9
2019-07-13T16:00:00Z,AOB,Arundel_on_the_Bay,38.91675,-76.45838,1.0,8.59,1.046,27.52,5.9,112.5
2019-07-13T16:15:00Z,AOB,Arundel_on_the_Bay,38.91675,-76.45838,1.0,8.77,1.047,27.64,5.93,115.1
2019-07-13T16:30:00Z,AOB,Arundel_on_the_Bay,38.91675,-76.45838,1.0,8.13,1.045,28.11,6.43,107.9
2019-07-13T16:45:00Z,AOB,Arundel_on_the_Bay,38.91675,-76.45838,1.0,7.87,1.042,27.95,6.48,104.1
2019-07-13T17:00:00Z,AOB,Arundel_on_the_Bay,38.91675,-76.45838,1.0,8.15,1.035,27.96,6.59,107.9
2019-07-13T17:15:00Z,AOB,Arundel_on_the_Bay,38.91675,-76.45838,1.0,8.27,1.042,27.82,6.52,109.2
2019-07-13T17:30:00Z,AOB,Arundel_on_the_Bay,38.91675,-76.45838,1.0,8.44,1.043,27.76,6.43,111.3
2019-07-13T17:45:00Z,AOB,Arundel_on_the_Bay,38.91675,-76.45838,1.0,8.69,1.037,27.8,6.35,114.6
2019-07-13T18:00:00Z,AOB,Arundel_on_the_Bay,38.91675,-76.45838,1.0,8.49,1.034,27.94,6.35,112.3
2019-07-13T18:15:00Z,AOB,Arundel_on_the_Bay,38.91675,-76.45838,1.0,8.58,1.038,28.12,6.37,113.7
2019-07-13T18:30:00Z,AOB,Arundel_on_the_Bay,38.91675,-76.45838,1.0,8.65,1.035,28.32,6.48,115.2
2019-07-13T18:45:00Z,AOB,Arundel_on_the_Bay,38.91675,-76.45838,1.0,8.34,1.033,28.2,6.43,110.8
2019-07-13T19:00:00Z,AOB,Arundel_on_the_Bay,38.91675,-76.45838,1.0,8.4,1.036,28.2,6.54,111.6
2019-07-13T19:15:00Z,AOB,Arundel_on_the_Bay,38.91675,-76.45838,1.0,8.91,1.033,28.23,6.53,118.5
2019-07-13T19:30:00Z,AOB,Arundel_on_the_Bay,38.91675,-76.45838,1.0,9.59,1.028,28.13,6.54,127.3
2019-07-13T19:45:00Z,AOB,Arundel_on_the_Bay,38.91675,-76.45838,1.0,9.64,1.026,27.78,6.47,127.2
2019-07-13T20:00:00Z,AOB,Arundel_on_the_Bay,38.91675,-76.45838,1.0,9.79,1.028,27.74,6.39,129.0
2019-07-13T20:15:00Z,AOB,Arundel_on_the_Bay,38.91675,-76.45838,1.0,10.18,1.026,27.87,6.37,134.4
2019-07-13T20:30:00Z,AOB,Arundel_on_the_Bay,38.91675,-76.45838,1.0,10.82,1.024,28.2,6.37,143.7
2019-07-13T20:45:00Z,AOB,Arundel_on_the_Bay,38.91675,-76.45838,1.0,11.03,1.02,28.4,6.31,147.0
2019-07-13T21:00:00Z,AOB,Arundel_on_the_Bay,38.91675,-76.45838,1.0,11.26,1.027,28.62,6.24,150.6
2019-07-13T21:15:00Z,AOB,Arundel_on_the_Bay,38.91675,-76.45838,1.0,11.97,1.025,28.49,6.08,159.5
2019-07-13T21:30:00Z,AOB,Arundel_on_the_Bay,38.91675,-76.45838,1.0,11.86,1.029,28.51,5.98,158.0
2019-07-13T21:45:00Z,AOB,Arundel_on_the_Bay,38.91675,-76.45838,1.0,11.93,1.023,28.45,5.97,158.8
2019-07-13T22:00:00Z,AOB,Arundel_on_the_Bay,38.91675,-76.45838,1.0,12.0,1.015,28.65,5.9,160.3
2019-07-13T22:15:00Z,AOB,Arundel_on_the_Bay,38.91675,-76.45838,1.0,11.93,1.022,28.95,5.87,160.0
2019-07-13T22:30:00Z,AOB,Arundel_on_the_Bay,38.91675,-76.45838,1.0,11.78,1.021,29.06,5.83,158.3
2019-07-13T22:45:00Z,AOB,Arundel_on_the_Bay,38.91675,-76.45838,1.0,11.47,1.022,29.05,5.82,154.1
2019-07-13T23:00:00Z,AOB,Arundel_on_the_Bay,38.91675,-76.45838,1.0,11.67,1.026,29.01,5.8,156.7
2019-07-14T00:00:00Z,AOB,Arundel_on_the_Bay,38.91675,-76.45838,1.0,11.52,1.03,28.84,5.7,154.2
2019-07-14T00:15:00Z,AOB,Arundel_on_the_Bay,38.91675,-76.45838,1.0,11.24,1.032,28.77,5.7,150.2
2019-07-14T00:30:00Z,AOB,Arundel_on_the_Bay,38.91675,-76.45838,1.0,11.16,1.033,28.64,5.68,148.8
2019-07-14T00:45:00Z,AOB,Arundel_on_the_Bay,38.91675,-76.45838,1.0,11.42,1.035,28.58,5.78,152.2
2019-07-14T01:00:00Z,AOB,Arundel_on_the_Bay,38.91675,-76.45838,1.0,11.44,1.034,28.51,5.82,152.3
2019-07-14T01:15:00Z,AOB,Arundel_on_the_Bay,38.91675,-76.45838,1.0,11.22,1.037,28.42,5.81,149.1
2019-07-14T01:30:00Z,AOB,Arundel_on_the_Bay,38.91675,-76.45838,1.0,11.08,1.039,28.38,5.67,147.0
2019-07-14T01:45:00Z,AOB,Arundel_on_the_Bay,38.91675,-76.45838,1.0,10.72,1.042,28.31,5.71,142.2
2019-07-14T02:00:00Z,AOB,Arundel_on_the_Bay,38.91675,-76.45838,1.0,9.96,1.042,28.11,5.66,131.5
2019-07-14T02:15:00Z,AOB,Arundel_on_the_Bay,38.91675,-76.45838,1.0,9.86,1.044,28.05,5.69,130.2
2019-07-14T02:30:00Z,AOB,Arundel_on_the_Bay,38.91675,-76.45838,1.0,10.08,1.042,28.09,5.69,133.2
2019-07-14T02:45:00Z,AOB,Arundel_on_the_Bay,38.91675,-76.45838,1.0,10.0,1.041,28.16,5.69,132.2
2019-07-14T03:00:00Z,AOB,Arundel_on_the_Bay,38.91675,-76.45838,1.0,9.77,1.043,28.29,5.84,129.5
2019-07-14T03:15:00Z,AOB,Arundel_on_the_Bay,38.91675,-76.45838,1.0,9.96,1.042,28.76,6.21,133.4
2019-07-14T03:30:00Z,AOB,Arundel_on_the_Bay,38.91675,-76.45838,1.0,9.76,1.039,28.85,6.32,131.0
2019-07-14T03:45:00Z,AOB,Arundel_on_the_Bay,38.91675,-76.45838,1.0,9.51,1.039,28.77,6.34,127.6
2019-07-14T04:00:00Z,AOB,Arundel_on_the_Bay,38.91675,-76.45838,1.0,9.35,1.039,28.64,6.32,125.1
2019-07-14T04:15:00Z,AOB,Arundel_on_the_Bay,38.91675,-76.45838,1.0,9.28,1.037,28.55,6.17,123.9
2019-07-14T04:30:00Z,AOB,Arundel_on_the_Bay,38.91675,-76.45838,1.0,9.56,1.038,28.17,6.05,126.6
2019-07-14T04:45:00Z,AOB,Arundel_on_the_Bay,38.91675,-76.45838,1.0,9.44,1.037,28.23,6.08,125.3
2019-07-14T05:00:00Z,AOB,Arundel_on_the_Bay,38.91675,-76.45838,1.0,9.01,1.036,28.34,6.11,119.8
2019-07-14T05:15:00Z,AOB,Arundel_on_the_Bay,38.91675,-76.45838,1.0,8.99,1.035,28.41,6.15,119.6
2019-07-14T05:30:00Z,AOB,Arundel_on_the_Bay,38.91675,-76.45838,1.0,9.15,1.036,28.46,6.17,121.9
2019-07-14T05:45:00Z,AOB,Arundel_on_the_Bay,38.91675,-76.45838,1.0,8.86,1.037,28.41,6.15,118.0
2019-07-14T06:00:00Z,AOB,Arundel_on_the_Bay,38.91675,-76.45838,1.0,8.62,1.037,28.37,6.16,114.7
2019-07-14T06:15:00Z,AOB,Arundel_on_the_Bay,38.91675,-76.45838,1.0,8.86,1.039,28.33,6.16,117.8
2019-07-14T06:30:00Z,AOB,Arundel_on_the_Bay,38.91675,-76.45838,1.0,9.08,1.038,28.35,6.18,120.8
2019-07-14T06:45:00Z,AOB,Arundel_on_the_Bay,38.91675,-76.45838,1.0,9.13,1.04,28.16,6.11,121.0
2019-07-14T07:00:00Z,AOB,Arundel_on_the_Bay,38.91675,-76.45838,1.0,8.93,1.042,28.2,6.01,118.3
2019-07-14T07:15:00Z,AOB,Arundel_on_the_Bay,38.91675,-76.45838,1.0,8.87,1.042,28.2,6.12,117.6
2019-07-14T07:30:00Z,AOB,Arundel_on_the_Bay,38.91675,-76.45838,1.0,8.95,1.041,27.98,6.03,118.2
2019-07-14T07:45:00Z,AOB,Arundel_on_the_Bay,38.91675,-76.45838,1.0,8.87,1.039,27.97,5.99,117.1
2019-07-14T08:00:00Z,AOB,Arundel_on_the_Bay,38.91675,-76.45838,1.0,8.99,1.04,28.02,5.98,118.8
2019-07-14T08:15:00Z,AOB,Arundel_on_the_Bay,38.91675,-76.45838,1.0,9.06,1.042,28.0,5.96,119.7
2019-07-14T08:30:00Z,AOB,Arundel_on_the_Bay,38.91675,-76.45838,1.0,9.23,1.044,27.77,5.83,121.3
2019-07-14T08:45:00Z,AOB,Arundel_on_the_Bay,38.91675,-76.45838,1.0,9.51,1.044,27.64,5.81,124.6
2019-07-14T09:00:00Z,AOB,Arundel_on_the_Bay,38.91675,-76.45838,1.0,9.36,1.047,27.71,5.77,122.8
2019-07-14T09:15:00Z,AOB,Arundel_on_the_Bay,38.91675,-76.45838,1.0,9.43,1.045,27.74,5.73,123.8
2019-07-14T09:30:00Z,AOB,Arundel_on_the_Bay,38.91675,-76.45838,1.0,9.0,1.048,27.68,5.74,118.1
2019-07-14T09:45:00Z,AOB,Arundel_on_the_Bay,38.91675,-76.45838,1.0,8.87,1.048,27.61,5.73,116.2
2019-07-14T10:00:00Z,AOB,Arundel_on_the_Bay,38.91675,-76.45838,1.0,9.08,1.047,27.58,5.71,118.9
2019-07-14T10:15:00Z,AOB,Arundel_on_the_Bay,38.91675,-76.45838,1.0,9.13,1.047,27.55,5.7,119.5
2019-07-14T10:30:00Z,AOB,Arundel_on_the_Bay,38.91675,-76.45838,1.0,9.11,1.048,27.56,5.68,119.2
2019-07-14T10:45:00Z,AOB,Arundel_on_the_Bay,38.91675,-76.45838,1.0,9.13,1.05,27.59,5.69,119.5
2019-07-14T11:00:00Z,AOB,Arundel_on_the_Bay,38.91675,-76.45838,1.0,8.83,1.049,27.58,5.71,115.6
2019-07-14T11:15:00Z,AOB,Arundel_on_the_Bay,38.91675,-76.45838,1.0,8.36,1.051,27.52,5.77,109.4
2019-07-14T11:30:00Z,AOB,Arundel_on_the_Bay,38.91675,-76.45838,1.0,8.29,1.049,27.44,5.76,108.2
2019-07-14T11:45:00Z,AOB,Arundel_on_the_Bay,38.91675,-76.45838,1.0,8.13,1.054,27.36,5.78,106.0
2019-07-14T12:00:00Z,AOB,Arundel_on_the_Bay,38.91675,-76.45838,1.0,8.06,1.056,27.3,5.76,105.0
2019-07-14T12:15:00Z,AOB,Arundel_on_the_Bay,38.91675,-76.45838,1.0,7.91,1.058,27.28,5.76,103.0
2019-07-14T12:30:00Z,AOB,Arundel_on_the_Bay,38.91675,-76.45838,1.0,7.42,1.061,27.21,5.78,96.6
2019-07-14T12:45:00Z,AOB,Arundel_on_the_Bay,38.91675,-76.45838,1.0,6.94,1.062,27.14,5.8,90.1
2019-07-14T13:00:00Z,AOB,Arundel_on_the_Bay,38.91675,-76.45838,1.0,6.85,1.065,27.12,5.81,89.0
2019-07-14T13:15:00Z,AOB,Arundel_on_the_Bay,38.91675,-76.45838,1.0,7.32,1.064,27.12,5.81,95.1
2019-07-14T13:30:00Z,AOB,Arundel_on_the_Bay,38.91675,-76.45838,1.0,7.71,1.063,27.17,5.79,100.3
2019-07-14T13:45:00Z,AOB,Arundel_on_the_Bay,38.91675,-76.45838,1.0,7.69,1.061,27.15,5.81,99.9
2019-07-14T14:00:00Z,AOB,Arundel_on_the_Bay,38.91675,-76.45838,1.0,7.92,1.058,27.23,5.8,103.0
2019-07-14T14:15:00Z,AOB,Arundel_on_the_Bay,38.91675,-76.45838,1.0,7.99,1.058,27.31,5.81,104.2
2019-07-14T14:30:00Z,AOB,Arundel_on_the_Bay,38.91675,-76.45838,1.0,7.8,1.06,27.28,5.82,101.6
2019-07-14T14:45:00Z,AOB,Arundel_on_the_Bay,38.91675,-76.45838,1.0,7.44,1.06,27.24,5.88,96.8
2019-07-14T15:00:00Z,AOB,Arundel_on_the_Bay,38.91675,-76.45838,1.0,7.72,1.056,27.35,5.89,100.7
2019-07-14T15:15:00Z,AOB,Arundel_on_the_Bay,38.91675,-76.45838,1.0,7.6,1.055,27.42,5.91,99.3
2019-07-14T15:30:00Z,AOB,Arundel_on_the_Bay,38.91675,-76.45838,1.0,7.74,1.052,27.51,5.94,101.3
2019-07-14T15:45:00Z,AOB,Arundel_on_the_Bay,38.91675,-76.45838,1.0,7.91,1.051,27.59,5.95,103.7
2019-07-14T16:00:00Z,AOB,Arundel_on_the_Bay,38.91675,-76.45838,1.0,7.99,1.05,27.67,5.93,104.9
2019-07-14T16:15:00Z,AOB,Arundel_on_the_Bay,38.91675,-76.45838,1.0,8.01,1.049,27.65,5.95,105.1
2019-07-14T16:30:00Z,AOB,Arundel_on_the_Bay,38.91675,-76.45838,1.0,7.92,1.049,27.7,6.0,104.0
2019-07-14T16:45:00Z,AOB,Arundel_on_the_Bay,38.91675,-76.45838,1.0,7.64,1.044,27.55,6.04,100.2
2019-07-14T17:00:00Z,AOB,Arundel_on_the_Bay,38.91675,-76.45838,1.0,7.89,1.043,27.68,6.05,103.6
2019-07-14T17:15:00Z,AOB,Arundel_on_the_Bay,38.91675,-76.45838,1.0,7.98,1.045,27.72,6.02,104.9
2019-07-14T17:30:00Z,AOB,Arundel_on_the_Bay,38.91675,-76.45838,1.0,8.01,1.044,27.74,6.04,105.4
2019-07-14T17:45:00Z,AOB,Arundel_on_the_Bay,38.91675,-76.45838,1.0,7.83,1.041,27.68,6.02,102.8
2019-07-14T18:00:00Z,AOB,Arundel_on_the_Bay,38.91675,-76.45838,1.0,7.7,1.043,27.77,6.03,101.3
2019-07-14T18:15:00Z,AOB,Arundel_on_the_Bay,38.91675,-76.45838,1.0,7.66,1.04,28.01,6.04,101.2
2019-07-14T18:30:00Z,AOB,Arundel_on_the_Bay,38.91675,-76.45838,1.0,7.58,1.041,28.05,6.06,100.3
2019-07-14T18:45:00Z,AOB,Arundel_on_the_Bay,38.91675,-76.45838,1.0,7.9,1.033,28.23,6.01,104.7
2019-07-14T19:00:00Z,AOB,Arundel_on_the_Bay,38.91675,-76.45838,1.0,8.02,1.036,28.24,6.0,106.3
2019-07-14T19:15:00Z,AOB,Arundel_on_the_Bay,38.91675,-76.45838,1.0,8.18,1.037,28.44,6.02,108.9
2019-07-14T19:30:00Z,AOB,Arundel_on_the_Bay,38.91675,-76.45838,1.0,8.4,1.045,28.71,5.99,112.4
2019-07-14T19:45:00Z,AOB,Arundel_on_the_Bay,38.91675,-76.45838,1.0,8.83,1.036,28.73,6.0,118.1
2019-07-14T20:00:00Z,AOB,Arundel_on_the_Bay,38.91675,-76.45838,1.0,9.32,1.036,28.97,5.98,125.2
2019-07-14T20:15:00Z,AOB,Arundel_on_the_Bay,38.91675,-76.45838,1.0,9.46,1.037,28.68,6.0,126.4
2019-07-14T20:30:00Z,AOB,Arundel_on_the_Bay,38.91675,-76.45838,1.0,9.62,1.032,28.88,6.01,129.1
2019-07-14T20:45:00Z,AOB,Arundel_on_the_Bay,38.91675,-76.45838,1.0,10.02,1.035,28.81,5.98,134.2
2019-07-14T21:00:00Z,AOB,Arundel_on_the_Bay,38.91675,-76.45838,1.0,10.55,1.034,28.75,5.94,141.2
2019-07-14T21:15:00Z,AOB,Arundel_on_the_Bay,38.91675,-76.45838,1.0,11.21,1.034,28.88,5.94,150.3
2019-07-14T21:30:00Z,AOB,Arundel_on_the_Bay,38.91675,-76.45838,1.0,10.75,1.036,28.49,5.88,143.2
2019-07-14T21:45:00Z,AOB,Arundel_on_the_Bay,38.91675,-76.45838,1.0,10.31,1.033,28.38,5.9,137.0
2019-07-14T22:00:00Z,AOB,Arundel_on_the_Bay,38.91675,-76.45838,1.0,10.27,1.032,28.38,5.86,136.4
2019-07-14T22:15:00Z,AOB,Arundel_on_the_Bay,38.91675,-76.45838,1.0,9.99,1.035,28.33,5.83,132.6
2019-07-14T22:30:00Z,AOB,Arundel_on_the_Bay,38.91675,-76.45838,1.0,9.45,1.033,28.3,5.8,125.3
2019-07-14T22:45:00Z,AOB,Arundel_on_the_Bay,38.91675,-76.45838,1.0,9.05,1.036,28.21,5.81,119.9
2019-07-14T23:00:00Z,AOB,Arundel_on_the_Bay,38.91675,-76.45838,1.0,9.01,1.034,28.22,5.79,119.4
2019-07-15T00:00:00Z,AOB,Arundel_on_the_Bay,38.91675,-76.45838,1.0,8.72,1.036,28.28,5.83,115.6
2019-07-15T00:15:00Z,AOB,Arundel_on_the_Bay,38.91675,-76.45838,1.0,8.6,1.04,28.21,5.82,113.9
2019-07-15T00:30:00Z,AOB,Arundel_on_the_Bay,38.91675,-76.45838,1.0,8.57,1.039,28.12,5.83,113.4
2019-07-15T00:45:00Z,AOB,Arundel_on_the_Bay,38.91675,-76.45838,1.0,8.58,1.044,28.14,5.83,113.6
2019-07-15T01:00:00Z,AOB,Arundel_on_the_Bay,38.91675,-76.45838,1.0,8.57,1.043,28.15,5.85,113.4
2019-07-15T01:15:00Z,AOB,Arundel_on_the_Bay,38.91675,-76.45838,1.0,8.58,1.042,28.1,5.84,113.4
2019-07-15T01:30:00Z,AOB,Arundel_on_the_Bay,38.91675,-76.45838,1.0,8.59,1.047,28.02,5.83,113.4
2019-07-15T01:45:00Z,AOB,Arundel_on_the_Bay,38.91675,-76.45838,1.0,8.58,1.052,27.97,5.85,113.2
2019-07-15T02:00:00Z,AOB,Arundel_on_the_Bay,38.91675,-76.45838,1.0,8.78,1.052,27.9,5.76,115.5
2019-07-15T02:15:00Z,AOB,Arundel_on_the_Bay,38.91675,-76.45838,1.0,8.75,1.055,27.85,5.74,115.1
2019-07-15T02:30:00Z,AOB,Arundel_on_the_Bay,38.91675,-76.45838,1.0,8.75,1.056,27.84,5.79,115.2
2019-07-15T02:45:00Z,AOB,Arundel_on_the_Bay,38.91675,-76.45838,1.0,9.01,1.055,27.85,5.75,118.5
2019-07-15T03:00:00Z,AOB,Arundel_on_the_Bay,38.91675,-76.45838,1.0,9.03,1.059,27.9,5.71,118.9
2019-07-15T03:15:00Z,AOB,Arundel_on_the_Bay,38.91675,-76.45838,1.0,8.79,1.062,27.93,5.73,115.8
2019-07-15T03:30:00Z,AOB,Arundel_on_the_Bay,38.91675,-76.45838,1.0,9.38,1.067,27.96,5.62,123.6
2019-07-15T03:45:00Z,AOB,Arundel_on_the_Bay,38.91675,-76.45838,1.0,9.84,1.066,27.96,5.55,129.5
2019-07-15T04:00:00Z,AOB,Arundel_on_the_Bay,38.91675,-76.45838,1.0,9.6,1.064,28.23,5.71,127.2
2019-07-15T04:15:00Z,AOB,Arundel_on_the_Bay,38.91675,-76.45838,1.0,8.69,1.065,28.63,6.09,116.1
2019-07-15T04:30:00Z,AOB,Arundel_on_the_Bay,38.91675,-76.45838,1.0,8.19,1.064,28.53,6.09,109.2
2019-07-15T04:45:00Z,AOB,Arundel_on_the_Bay,38.91675,-76.45838,1.0,8.06,1.067,28.43,6.06,107.3
2019-07-15T05:00:00Z,AOB,Arundel_on_the_Bay,38.91675,-76.45838,1.0,8.24,1.064,28.49,6.07,109.8
2019-07-15T05:15:00Z,AOB,Arundel_on_the_Bay,38.91675,-76.45838,1.0,8.29,1.066,28.4,6.03,110.3
2019-07-15T05:30:00Z,AOB,Arundel_on_the_Bay,38.91675,-76.45838,1.0,8.32,1.066,28.42,5.93,110.6
2019-07-15T05:45:00Z,AOB,Arundel_on_the_Bay,38.91675,-76.45838,1.0,8.8,1.067,28.17,5.77,116.4
2019-07-15T06:00:00Z,AOB,Arundel_on_the_Bay,38.91675,-76.45838,1.0,8.8,1.067,28.01,5.67,116.1
2019-07-15T06:15:00Z,AOB,Arundel_on_the_Bay,38.91675,-76.45838,1.0,8.43,1.069,28.13,5.8,111.4
2019-07-15T06:30:00Z,AOB,Arundel_on_the_Bay,38.91675,-76.45838,1.0,7.58,1.068,28.15,6.06,100.4
2019-07-15T06:45:00Z,AOB,Arundel_on_the_Bay,38.91675,-76.45838,1.0,7.21,1.067,27.97,6.12,95.3
2019-07-15T07:00:00Z,AOB,Arundel_on_the_Bay,38.91675,-76.45838,1.0,6.81,1.067,27.85,6.13,89.8
2019-07-15T07:15:00Z,AOB,Arundel_on_the_Bay,38.91675,-76.45838,1.0,7.15,1.066,27.85,6.1,94.2
2019-07-15T07:30:00Z,AOB,Arundel_on_the_Bay,38.91675,-76.45838,1.0,7.17,1.068,27.89,6.05,94.5
2019-07-15T07:45:00Z,AOB,Arundel_on_the_Bay,38.91675,-76.45838,1.0,7.46,1.067,27.92,5.92,98.4
2019-07-15T08:00:00Z,AOB,Arundel_on_the_Bay,38.91675,-76.45838,1.0,7.4,1.068,27.96,5.97,97.7
2019-07-15T08:15:00Z,AOB,Arundel_on_the_Bay,38.91675,-76.45838,1.0,8.36,1.068,27.51,5.53,109.1
2019-07-15T08:30:00Z,AOB,Arundel_on_the_Bay,38.91675,-76.45838,1.0,8.39,1.068,27.58,5.55,109.8
2019-07-15T08:45:00Z,AOB,Arundel_on_the_Bay,38.91675,-76.45838,1.0,8.25,1.069,27.65,5.62,108.1
2019-07-15T09:00:00Z,AOB,Arundel_on_the_Bay,38.91675,-76.45838,1.0,8.28,1.072,27.54,5.62,108.2
2019-07-15T09:15:00Z,AOB,Arundel_on_the_Bay,38.91675,-76.45838,1.0,8.18,1.07,27.62,5.68,107.1
2019-07-15T09:30:00Z,AOB,Arundel_on_the_Bay,38.91675,-76.45838,1.0,7.99,1.071,27.58,5.68,104.6
2019-07-15T09:45:00Z,AOB,Arundel_on_the_Bay,38.91675,-76.45838,1.0,7.92,1.074,27.48,5.76,103.5
2019-07-15T10:00:00Z,AOB,Arundel_on_the_Bay,38.91675,-76.45838,1.0,8.09,1.075,27.27,5.66,105.3
2019-07-15T10:15:00Z,AOB,Arundel_on_the_Bay,38.91675,-76.45838,1.0,8.25,1.08,27.19,5.64,107.2
2019-07-15T10:30:00Z,AOB,Arundel_on_the_Bay,38.91675,-76.45838,1.0,8.44,1.079,27.24,5.6,109.7
2019-07-15T10:45:00Z,AOB,Arundel_on_the_Bay,38.91675,-76.45838,1.0,8.63,1.079,27.26,5.58,112.3
2019-07-15T11:00:00Z,AOB,Arundel_on_the_Bay,38.91675,-76.45838,1.0,8.68,1.081,27.26,5.54,112.9
2019-07-15T11:15:00Z,AOB,Arundel_on_the_Bay,38.91675,-76.45838,1.0,8.7,1.079,27.24,5.53,113.2
2019-07-15T11:30:00Z,AOB,Arundel_on_the_Bay,38.91675,-76.45838,1.0,8.71,1.077,27.23,5.51,113.2
2019-07-15T11:45:00Z,AOB,Arundel_on_the_Bay,38.91675,-76.45838,1.0,8.77,1.073,27.23,5.49,113.9
2019-07-15T12:00:00Z,AOB,Arundel_on_the_Bay,38.91675,-76.45838,1.0,8.78,1.083,27.24,5.49,114.1
2019-07-15T12:15:00Z,AOB,Arundel_on_the_Bay,38.91675,-76.45838,1.0,8.88,1.079,27.25,5.48,115.4
2019-07-15T12:30:00Z,AOB,Arundel_on_the_Bay,38.91675,-76.45838,1.0,8.98,1.084,27.24,5.43,116.7
2019-07-15T12:45:00Z,AOB,Arundel_on_the_Bay,38.91675,-76.45838,1.0,9.05,1.084,27.24,5.38,117.5
2019-07-15T13:00:00Z,AOB,Arundel_on_the_Bay,38.91675,-76.45838,1.0,9.15,1.086,27.26,5.3,118.8
2019-07-15T13:15:00Z,AOB,Arundel_on_the_Bay,38.91675,-76.45838,1.0,9.22,1.085,27.3,5.3,119.8
2019-07-15T13:30:00Z,AOB,Arundel_on_the_Bay,38.91675,-76.45838,1.0,9.39,1.086,27.36,5.18,122.0
2019-07-15T13:45:00Z,AOB,Arundel_on_the_Bay,38.91675,-76.45838,1.0,9.47,1.083,27.4,5.14,123.1
2019-07-15T14:00:00Z,AOB,Arundel_on_the_Bay,38.91675,-76.45838,1.0,9.57,1.083,27.46,5.1,124.5
2019-07-15T14:15:00Z,AOB,Arundel_on_the_Bay,38.91675,-76.45838,1.0,9.64,1.074,27.53,5.06,125.6
2019-07-15T14:30:00Z,AOB,Arundel_on_the_Bay,38.91675,-76.45838,1.0,9.69,1.078,27.58,5.06,126.4
2019-07-15T14:45:00Z,AOB,Arundel_on_the_Bay,38.91675,-76.45838,1.0,9.68,1.076,27.65,5.02,126.4
2019-07-15T15:00:00Z,AOB,Arundel_on_the_Bay,38.91675,-76.45838,1.0,9.83,1.08,27.73,4.97,128.5
2019-07-15T15:15:00Z,AOB,Arundel_on_the_Bay,38.91675,-76.45838,1.0,9.76,1.079,27.82,4.94,127.8
2019-07-15T15:30:00Z,AOB,Arundel_on_the_Bay,38.91675,-76.45838,1.0,9.76,1.086,27.86,4.95,127.9
2019-07-15T15:45:00Z,AOB,Arundel_on_the_Bay,38.91675,-76.45838,1.0,9.84,1.083,27.92,4.94,129.0
2019-07-15T16:00:00Z,AOB,Arundel_on_the_Bay,38.91675,-76.45838,1.0,9.8,1.085,27.99,4.82,128.5
2019-07-15T16:15:00Z,AOB,Arundel_on_the_Bay,38.91675,-76.45838,1.0,9.83,1.088,28.04,4.86,129.1
2019-07-15T16:30:00Z,AOB,Arundel_on_the_Bay,38.91675,-76.45838,1.0,9.93,1.081,28.14,4.84,130.6
2019-07-15T16:45:00Z,AOB,Arundel_on_the_Bay,38.91675,-76.45838,1.0,10.14,1.084,28.27,4.96,133.7
2019-07-15T17:00:00Z,AOB,Arundel_on_the_Bay,38.91675,-76.45838,1.0,10.44,1.083,28.39,4.96,138.1
2019-07-15T17:15:00Z,AOB,Arundel_on_the_Bay,38.91675,-76.45838,1.0,10.61,1.085,28.54,4.95,140.6
2019-07-15T17:30:00Z,AOB,Arundel_on_the_Bay,38.91675,-76.45838,1.0,10.87,1.08,28.65,4.97,144.3
2019-07-15T17:45:00Z,AOB,Arundel_on_the_Bay,38.91675,-76.45838,1.0,10.5,1.078,28.84,5.07,140.0
2019-07-15T18:00:00Z,AOB,Arundel_on_the_Bay,38.91675,-76.45838,1.0,10.08,1.075,28.9,5.58,134.9
2019-07-15T18:15:00Z,AOB,Arundel_on_the_Bay,38.91675,-76.45838,1.0,10.53,1.075,29.04,5.53,141.3
2019-07-15T18:30:00Z,AOB,Arundel_on_the_Bay,38.91675,-76.45838,1.0,10.6,1.072,29.14,5.45,142.4
2019-07-15T18:45:00Z,AOB,Arundel_on_the_Bay,38.91675,-76.45838,1.0,10.82,1.073,29.13,5.39,145.2
2019-07-15T19:00:00Z,AOB,Arundel_on_the_Bay,38.91675,-76.45838,1.0,10.96,1.07,29.17,5.38,147.2
2019-07-15T19:15:00Z,AOB,Arundel_on_the_Bay,38.91675,-76.45838,1.0,11.01,1.068,29.01,5.4,147.5
2019-07-15T19:30:00Z,AOB,Arundel_on_the_Bay,38.91675,-76.45838,1.0,10.9,1.069,28.97,5.43,146.0
2019-07-15T19:45:00Z,AOB,Arundel_on_the_Bay,38.91675,-76.45838,1.0,10.98,1.062,29.0,5.38,147.0
2019-07-15T20:00:00Z,AOB,Arundel_on_the_Bay,38.91675,-76.45838,1.0,10.92,1.064,29.09,5.55,146.6
2019-07-15T20:15:00Z,AOB,Arundel_on_the_Bay,38.91675,-76.45838,1.0,10.75,1.064,29.31,5.67,145.0
2019-07-15T20:30:00Z,AOB,Arundel_on_the_Bay,38.91675,-76.45838,1.0,10.71,1.064,29.45,5.78,144.9
2019-07-15T20:45:00Z,AOB,Arundel_on_the_Bay,38.91675,-76.45838,1.0,10.66,1.064,29.52,5.78,144.4
2019-07-15T21:00:00Z,AOB,Arundel_on_the_Bay,38.91675,-76.45838,1.0,10.54,1.064,29.56,5.75,142.8
2019-07-15T21:15:00Z,AOB,Arundel_on_the_Bay,38.91675,-76.45838,1.0,11.08,1.063,29.18,5.58,149.1
2019-07-15T21:30:00Z,AOB,Arundel_on_the_Bay,38.91675,-76.45838,1.0,11.35,1.063,29.18,5.58,152.7
2019-07-15T21:45:00Z,AOB,Arundel_on_the_Bay,38.91675,-76.45838,1.0,11.27,1.062,29.33,5.69,152.1
2019-07-15T22:00:00Z,AOB,Arundel_on_the_Bay,38.91675,-76.45838,1.0,11.4,1.053,29.5,5.66,154.2
2019-07-15T22:15:00Z,AOB,Arundel_on_the_Bay,38.91675,-76.45838,1.0,11.56,1.058,29.23,5.58,155.6
2019-07-15T22:30:00Z,AOB,Arundel_on_the_Bay,38.91675,-76.45838,1.0,11.61,1.059,29.18,5.56,156.1
2019-07-15T22:45:00Z,AOB,Arundel_on_the_Bay,38.91675,-76.45838,1.0,12.2,1.06,29.33,5.5,164.4
2019-07-15T23:00:00Z,AOB,Arundel_on_the_Bay,38.91675,-76.45838,1.0,12.25,1.062,29.32,5.41,165.1
2019-07-16T00:00:00Z,AOB,Arundel_on_the_Bay,38.91675,-76.45838,1.0,12.37,1.067,29.54,5.33,167.2
2019-07-16T00:15:00Z,AOB,Arundel_on_the_Bay,38.91675,-76.45838,1.0,12.4,1.069,29.45,5.24,167.2
2019-07-16T00:30:00Z,AOB,Arundel_on_the_Bay,38.91675,-76.45838,1.0,12.38,1.068,29.47,5.24,167.0
2019-07-16T00:45:00Z,AOB,Arundel_on_the_Bay,38.91675,-76.45838,1.0,12.23,1.065,29.41,5.21,164.8
2019-07-16T01:00:00Z,AOB,Arundel_on_the_Bay,38.91675,-76.45838,1.0,12.18,1.067,29.4,5.22,164.1
2019-07-16T01:15:00Z,AOB,Arundel_on_the_Bay,38.91675,-76.45838,1.0,11.98,1.069,29.41,5.2,161.5
2019-07-16T01:30:00Z,AOB,Arundel_on_the_Bay,38.91675,-76.45838,1.0,12.04,1.071,29.4,5.07,162.1
2019-07-16T01:45:00Z,AOB,Arundel_on_the_Bay,38.91675,-76.45838,1.0,11.85,1.07,29.39,5.13,159.5
2019-07-16T02:00:00Z,AOB,Arundel_on_the_Bay,38.91675,-76.45838,1.0,11.66,1.073,29.38,5.16,157.0
2019-07-16T02:15:00Z,AOB,Arundel_on_the_Bay,38.91675,-76.45838,1.0,11.44,1.072,29.3,5.18,153.8
2019-07-16T02:30:00Z,AOB,Arundel_on_the_Bay,38.91675,-76.45838,1.0,11.38,1.074,29.25,5.16,152.8
2019-07-16T02:45:00Z,AOB,Arundel_on_the_Bay,38.91675,-76.45838,1.0,11.22,1.072,29.2,5.15,150.7
2019-07-16T03:00:00Z,AOB,Arundel_on_the_Bay,38.91675,-76.45838,1.0,11.29,1.072,29.15,5.17,151.4
2019-07-16T03:15:00Z,AOB,Arundel_on_the_Bay,38.91675,-76.45838,1.0,11.37,1.073,29.11,5.19,152.5
2019-07-16T03:30:00Z,AOB,Arundel_on_the_Bay,38.91675,-76.45838,1.0,11.25,1.073,29.04,5.15,150.5
2019-07-16T03:45:00Z,AOB,Arundel_on_the_Bay,38.91675,-76.45838,1.0,11.16,1.076,28.83,5.01,148.7
2019-07-16T04:00:00Z,AOB,Arundel_on_the_Bay,38.91675,-76.45838,1.0,10.94,1.071,28.62,5.0,145.2
2019-07-16T04:15:00Z,AOB,Arundel_on_the_Bay,38.91675,-76.45838,1.0,10.67,1.071,28.6,5.02,141.7
2019-07-16T04:30:00Z,AOB,Arundel_on_the_Bay,38.91675,-76.45838,1.0,10.35,1.069,28.61,5.13,137.5
2019-07-16T04:45:00Z,AOB,Arundel_on_the_Bay,38.91675,-76.45838,1.0,10.17,1.071,28.78,5.42,135.7
2019-07-16T05:00:00Z,AOB,Arundel_on_the_Bay,38.91675,-76.45838,1.0,10.23,1.07,28.89,5.49,136.8
2019-07-16T05:15:00Z,AOB,Arundel_on_the_Bay,38.91675,-76.45838,1.0,10.13,1.069,28.95,5.56,135.7
2019-07-16T05:30:00Z,AOB,Arundel_on_the_Bay,38.91675,-76.45838,1.0,10.19,1.072,28.93,5.56,136.4
2019-07-16T05:45:00Z,AOB,Arundel_on_the_Bay,38.91675,-76.45838,1.0,9.83,1.071,28.83,5.51,131.4
2019-07-16T06:00:00Z,AOB,Arundel_on_the_Bay,38.91675,-76.45838,1.0,9.51,1.073,28.76,5.55,127.0
2019-07-16T06:15:00Z,AOB,Arundel_on_the_Bay,38.91675,-76.45838,1.0,9.53,1.073,28.67,5.47,127.0
2019-07-16T06:30:00Z,AOB,Arundel_on_the_Bay,38.91675,-76.45838,1.0,9.66,1.07,28.49,5.46,128.4
2019-07-16T06:45:00Z,AOB,Arundel_on_the_Bay,38.91675,-76.45838,1.0,9.38,1.066,28.58,5.56,124.9
2019-07-16T07:00:00Z,AOB,Arundel_on_the_Bay,38.91675,-76.45838,1.0,9.46,1.069,28.59,5.58,126.0
2019-07-16T07:15:00Z,AOB,Arundel_on_the_Bay,38.91675,-76.45838,1.0,9.38,1.069,28.56,5.58,124.8
2019-07-16T07:30:00Z,AOB,Arundel_on_the_Bay,38.91675,-76.45838,1.0,9.2,1.068,28.52,5.57,122.4
2019-07-16T07:45:00Z,AOB,Arundel_on_the_Bay,38.91675,-76.45838,1.0,8.95,1.067,28.56,5.53,119.1
2019-07-16T08:00:00Z,AOB,Arundel_on_the_Bay,38.91675,-76.45838,1.0,9.0,1.069,28.54,5.51,119.7
2019-07-16T08:15:00Z,AOB,Arundel_on_the_Bay,38.91675,-76.45838,1.0,9.23,1.071,28.57,5.51,122.7
2019-07-16T08:30:00Z,AOB,Arundel_on_the_Bay,38.91675,-76.45838,1.0,9.3,1.073,28.53,5.5,123.6
2019-07-16T08:45:00Z,AOB,Arundel_on_the_Bay,38.91675,-76.45838,1.0,9.16,1.07,28.5,5.49,121.6
2019-07-16T09:00:00Z,AOB,Arundel_on_the_Bay,38.91675,-76.45838,1.0,9.17,1.068,28.51,5.53,121.9
2019-07-16T09:15:00Z,AOB,Arundel_on_the_Bay,38.91675,-76.45838,1.0,9.06,1.07,28.47,5.51,120.3
2019-07-16T09:30:00Z,AOB,Arundel_on_the_Bay,38.91675,-76.45838,1.0,9.0,1.071,28.41,5.49,119.4
2019-07-16T09:45:00Z,AOB,Arundel_on_the_Bay,38.91675,-76.45838,1.0,8.93,1.072,28.33,5.48,118.2
2019-07-16T10:00:00Z,AOB,Arundel_on_the_Bay,38.91675,-76.45838,1.0,8.97,1.075,28.33,5.5,118.8
2019-07-16T10:15:00Z,AOB,Arundel_on_the_Bay,38.91675,-76.45838,1.0,8.83,1.076,28.4,5.46,117.1
2019-07-16T10:30:00Z,AOB,Arundel_on_the_Bay,38.91675,-76.45838,1.0,8.63,1.074,28.43,5.42,114.5
2019-07-16T10:45:00Z,AOB,Arundel_on_the_Bay,38.91675,-76.45838,1.0,8.73,1.074,28.44,5.4,115.8
2019-07-16T11:00:00Z,AOB,Arundel_on_the_Bay,38.91675,-76.45838,1.0,8.91,1.075,28.37,5.32,118.0
2019-07-16T11:15:00Z,AOB,Arundel_on_the_Bay,38.91675,-76.45838,1.0,9.04,1.076,28.31,5.3,119.5
2019-07-16T11:30:00Z,AOB,Arundel_on_the_Bay,38.91675,-76.45838,1.0,9.24,1.075,28.2,5.23,121.9
2019-07-16T11:45:00Z,AOB,Arundel_on_the_Bay,38.91675,-76.45838,1.0,9.41,1.075,28.2,5.19,124.2
2019-07-16T12:00:00Z,AOB,Arundel_on_the_Bay,38.91675,-76.45838,1.0,9.52,1.082,28.27,5.2,125.8
2019-07-16T12:15:00Z,AOB,Arundel_on_the_Bay,38.91675,-76.45838,1.0,9.7,1.08,28.33,5.22,128.3
2019-07-16T12:30:00Z,AOB,Arundel_on_the_Bay,38.91675,-76.45838,1.0,9.8,1.083,28.33,5.2,129.7
2019-07-16T12:45:00Z,AOB,Arundel_on_the_Bay,38.91675,-76.45838,1.0,9.17,1.084,28.22,5.2,121.0
2019-07-16T13:00:00Z,AOB,Arundel_on_the_Bay,38.91675,-76.45838,1.0,8.77,1.082,28.21,5.26,115.8
2019-07-16T13:15:00Z,AOB,Arundel_on_the_Bay,38.91675,-76.45838,1.0,8.98,1.081,28.26,5.28,118.6
2019-07-16T13:30:00Z,AOB,Arundel_on_the_Bay,38.91675,-76.45838,1.0,8.94,1.081,28.27,5.27,118.2
2019-07-16T13:45:00Z,AOB,Arundel_on_the_Bay,38.91675,-76.45838,1.0,8.43,1.082,28.2,5.31,111.3
2019-07-16T14:00:00Z,AOB,Arundel_on_the_Bay,38.91675,-76.45838,1.0,8.54,1.082,28.16,5.31,112.7
2019-07-16T14:15:00Z,AOB,Arundel_on_the_Bay,38.91675,-76.45838,1.0,8.64,1.083,28.12,5.3,113.8
2019-07-16T14:30:00Z,AOB,Arundel_on_the_Bay,38.91675,-76.45838,1.0,8.81,1.083,28.18,5.26,116.3
2019-07-16T14:45:00Z,AOB,Arundel_on_the_Bay,38.91675,-76.45838,1.0,9.63,1.079,28.52,5.18,127.7
2019-07-16T15:00:00Z,AOB,Arundel_on_the_Bay,38.91675,-76.45838,1.0,9.51,1.078,28.47,5.21,126.0
2019-07-16T15:15:00Z,AOB,Arundel_on_the_Bay,38.91675,-76.45838,1.0,9.93,1.081,28.62,5.19,132.0
2019-07-16T15:30:00Z,AOB,Arundel_on_the_Bay,38.91675,-76.45838,1.0,9.68,1.082,28.52,5.21,128.4
2019-07-16T15:45:00Z,AOB,Arundel_on_the_Bay,38.91675,-76.45838,1.0,9.7,1.084,28.67,5.23,129.1
2019-07-16T16:00:00Z,AOB,Arundel_on_the_Bay,38.91675,-76.45838,1.0,9.81,1.082,28.66,5.22,130.5
2019-07-16T16:15:00Z,AOB,Arundel_on_the_Bay,38.91675,-76.45838,1.0,9.84,1.081,28.72,5.25,131.1
2019-07-16T16:30:00Z,AOB,Arundel_on_the_Bay,38.91675,-76.45838,1.0,9.31,1.08,28.29,5.37,123.1
2019-07-16T16:45:00Z,AOB,Arundel_on_the_Bay,38.91675,-76.45838,1.0,9.91,1.079,28.49,5.31,131.6
2019-07-16T17:00:00Z,AOB,Arundel_on_the_Bay,38.91675,-76.45838,1.0,7.96,0.068,27.1,0.0,100.0
2019-07-16T17:15:00Z,AOB,Arundel_on_the_Bay,38.91675,-76.45838,1.0,9.71,1.066,28.58,5.83,129.3
2019-07-16T17:30:00Z,AOB,Arundel_on_the_Bay,38.91675,-76.45838,1.0,9.89,1.064,28.84,5.91,132.5
2019-07-16T17:45:00Z,AOB,Arundel_on_the_Bay,38.91675,-76.45838,1.0,9.81,1.064,28.78,5.96,131.3
2019-07-16T18:00:00Z,AOB,Arundel_on_the_Bay,38.91675,-76.45838,1.0,10.4,1.063,29.22,5.85,140.2
2019-07-16T18:15:00Z,AOB,Arundel_on_the_Bay,38.91675,-76.45838,1.0,10.64,1.06,29.63,5.79,144.4
2019-07-16T18:30:00Z,AOB,Arundel_on_the_Bay,38.91675,-76.45838,1.0,10.48,1.061,29.57,5.81,142.0
2019-07-16T18:45:00Z,AOB,Arundel_on_the_Bay,38.91675,-76.45838,1.0,10.63,1.056,29.51,5.79,144.0
2019-07-16T19:00:00Z,AOB,Arundel_on_the_Bay,38.91675,-76.45838,1.0,10.63,1.05,29.83,5.86,144.7
2019-07-16T19:15:00Z,AOB,Arundel_on_the_Bay,38.91675,-76.45838,1.0,10.36,1.046,30.13,5.96,142.0
2019-07-16T19:30:00Z,AOB,Arundel_on_the_Bay,38.91675,-76.45838,1.0,10.78,1.049,30.27,5.98,148.1
2019-07-16T19:45:00Z,AOB,Arundel_on_the_Bay,38.91675,-76.45838,1.0,11.33,1.049,30.33,5.97,155.7
2019-07-16T20:00:00Z,AOB,Arundel_on_the_Bay,38.91675,-76.45838,1.0,11.15,1.05,30.4,5.97,153.5
2019-07-16T20:15:00Z,AOB,Arundel_on_the_Bay,38.91675,-76.45838,1.0,11.41,1.048,30.58,5.96,157.4
2019-07-16T20:30:00Z,AOB,Arundel_on_the_Bay,38.91675,-76.45838,1.0,11.31,1.049,30.55,5.96,156.1
2019-07-16T20:45:00Z,AOB,Arundel_on_the_Bay,38.91675,-76.45838,1.0,11.44,1.044,30.57,5.96,157.9
2019-07-16T21:00:00Z,AOB,Arundel_on_the_Bay,38.91675,-76.45838,1.0,11.41,1.046,30.59,5.96,157.5
2019-07-16T21:15:00Z,AOB,Arundel_on_the_Bay,38.91675,-76.45838,1.0,11.23,1.041,30.6,5.96,155.1
2019-07-16T21:30:00Z,AOB,Arundel_on_the_Bay,38.91675,-76.45838,1.0,10.82,1.045,30.56,5.96,149.3
2019-07-16T21:45:00Z,AOB,Arundel_on_the_Bay,38.91675,-76.45838,1.0,10.88,1.039,30.51,5.96,149.9
2019-07-16T22:00:00Z,AOB,Arundel_on_the_Bay,38.91675,-76.45838,1.0,10.72,1.031,30.08,5.96,146.7
2019-07-16T22:15:00Z,AOB,Arundel_on_the_Bay,38.91675,-76.45838,1.0,10.63,1.035,29.91,5.98,145.1
2019-07-16T22:30:00Z,AOB,Arundel_on_the_Bay,38.91675,-76.45838,1.0,10.67,1.041,29.87,5.92,145.5
2019-07-16T22:45:00Z,AOB,Arundel_on_the_Bay,38.91675,-76.45838,1.0,10.83,1.044,29.92,5.89,147.8
2019-07-16T23:00:00Z,AOB,Arundel_on_the_Bay,38.91675,-76.45838,1.0,10.91,1.041,29.84,5.87,148.6
2019-07-17T00:00:00Z,AOB,Arundel_on_the_Bay,38.91675,-76.45838,1.0,8.97,1.042,28.67,6.05,119.9
2019-07-17T00:15:00Z,AOB,Arundel_on_the_Bay,38.91675,-76.45838,1.0,8.68,1.041,28.53,6.07,115.8
2019-07-17T00:30:00Z,AOB,Arundel_on_the_Bay,38.91675,-76.45838,1.0,8.0,1.038,28.35,6.15,106.4
2019-07-17T00:45:00Z,AOB,Arundel_on_the_Bay,38.91675,-76.45838,1.0,8.04,1.04,28.33,6.21,107.0
2019-07-17T01:00:00Z,AOB,Arundel_on_the_Bay,38.91675,-76.45838,1.0,7.86,1.038,28.26,6.29,104.5
2019-07-17T01:15:00Z,AOB,Arundel_on_the_Bay,38.91675,-76.45838,1.0,7.68,1.039,28.22,6.33,102.0
2019-07-17T01:30:00Z,AOB,Arundel_on_the_Bay,38.91675,-76.45838,1.0,7.39,1.05,28.13,6.39,98.0
2019-07-17T01:45:00Z,AOB,Arundel_on_the_Bay,38.91675,-76.45838,1.0,7.47,1.047,28.22,6.28,99.2
2019-07-17T02:00:00Z,AOB,Arundel_on_the_Bay,38.91675,-76.45838,1.0,7.32,1.048,28.14,6.35,97.0
2019-07-17T02:15:00Z,AOB,Arundel_on_the_Bay,38.91675,-76.45838,1.0,6.93,1.056,28.02,6.45,91.8
2019-07-17T02:30:00Z,AOB,Arundel_on_the_Bay,38.91675,-76.45838,1.0,6.66,1.05,27.94,6.52,88.1
2019-07-17T02:45:00Z,AOB,Arundel_on_the_Bay,38.91675,-76.45838,1.0,6.64,1.053,27.95,6.5,87.9
2019-07-17T03:00:00Z,AOB,Arundel_on_the_Bay,38.91675,-76.45838,1.0,6.52,1.052,27.88,6.54,86.2
2019-07-17T03:15:00Z,AOB,Arundel_on_the_Bay,38.91675,-76.45838,1.0,6.55,1.05,27.89,6.51,86.6
2019-07-17T03:30:00Z,AOB,Arundel_on_the_Bay,38.91675,-76.45838,1.0,6.57,1.05,27.9,6.51,86.9
2019-07-17T03:45:00Z,AOB,Arundel_on_the_Bay,38.91675,-76.45838,1.0,6.88,1.05,27.96,6.45,91.0
2019-07-17T04:00:00Z,AOB,Arundel_on_the_Bay,38.91675,-76.45838,1.0,6.88,1.045,27.97,6.43,91.1
2019-07-17T04:15:00Z,AOB,Arundel_on_the_Bay,38.91675,-76.45838,1.0,6.83,1.048,27.97,6.41,90.4
2019-07-17T04:30:00Z,AOB,Arundel_on_the_Bay,38.91675,-76.45838,1.0,6.82,1.049,27.97,6.38,90.2
2019-07-17T04:45:00Z,AOB,Arundel_on_the_Bay,38.91675,-76.45838,1.0,6.94,1.046,27.97,6.39,91.8
2019-07-17T05:00:00Z,AOB,Arundel_on_the_Bay,38.91675,-76.45838,1.0,6.97,1.046,27.96,6.38,92.2
2019-07-17T05:15:00Z,AOB,Arundel_on_the_Bay,38.91675,-76.45838,1.0,7.05,1.042,27.95,6.37,93.2
2019-07-17T05:30:00Z,AOB,Arundel_on_the_Bay,38.91675,-76.45838,1.0,7.08,1.043,28.02,6.34,93.7
2019-07-17T05:45:00Z,AOB,Arundel_on_the_Bay,38.91675,-76.45838,1.0,7.14,1.044,28.11,6.32,94.7
2019-07-17T06:00:00Z,AOB,Arundel_on_the_Bay,38.91675,-76.45838,1.0,7.17,1.043,28.41,6.26,95.5
2019-07-17T06:15:00Z,AOB,Arundel_on_the_Bay,38.91675,-76.45838,1.0,6.41,1.04,28.28,6.35,85.3
2019-07-17T06:30:00Z,AOB,Arundel_on_the_Bay,38.91675,-76.45838,1.0,6.41,1.039,28.28,6.35,85.2
2019-07-17T06:45:00Z,AOB,Arundel_on_the_Bay,38.91675,-76.45838,1.0,6.33,1.034,28.24,6.36,84.1
2019-07-17T07:00:00Z,AOB,Arundel_on_the_Bay,38.91675,-76.45838,1.0,6.5,1.033,28.39,6.31,86.6
2019-07-17T07:15:00Z,AOB,Arundel_on_the_Bay,38.91675,-76.45838,1.0,6.64,1.032,28.42,6.29,88.5
2019-07-17T07:30:00Z,AOB,Arundel_on_the_Bay,38.91675,-76.45838,1.0,7.45,1.034,28.68,6.26,99.7
2019-07-17T07:45:00Z,AOB,Arundel_on_the_Bay,38.91675,-76.45838,1.0,7.54,1.033,28.75,6.25,101.0
2019-07-17T08:00:00Z,AOB,Arundel_on_the_Bay,38.91675,-76.45838,1.0,7.72,1.034,28.79,6.21,103.5
2019-07-17T08:15:00Z,AOB,Arundel_on_the_Bay,38.91675,-76.45838,1.0,7.98,1.03,28.83,6.21,107.0
2019-07-17T08:30:00Z,AOB,Arundel_on_the_Bay,38.91675,-76.45838,1.0,7.75,1.034,28.74,6.2,103.8
2019-07-17T08:45:00Z,AOB,Arundel_on_the_Bay,38.91675,-76.45838,1.0,7.83,1.034,28.67,6.21,104.7
2019-07-17T09:00:00Z,AOB,Arundel_on_the_Bay,38.91675,-76.45838,1.0,7.22,1.031,28.55,6.23,96.4
2019-07-17T09:15:00Z,AOB,Arundel_on_the_Bay,38.91675,-76.45838,1.0,7.29,1.034,28.54,6.24,97.4
2019-07-17T09:30:00Z,AOB,Arundel_on_the_Bay,38.91675,-76.45838,1.0,6.95,1.032,28.5,6.24,92.7
2019-07-17T09:45:00Z,AOB,Arundel_on_the_Bay,38.91675,-76.45838,1.0,6.91,1.035,28.44,6.25,92.1
2019-07-17T10:00:00Z,AOB,Arundel_on_the_Bay,38.91675,-76.45838,1.0,6.89,1.035,28.39,6.26,91.7
2019-07-17T10:15:00Z,AOB,Arundel_on_the_Bay,38.91675,-76.45838,1.0,6.77,1.033,28.33,6.26,90.1
2019-07-17T10:30:00Z,AOB,Arundel_on_the_Bay,38.91675,-76.45838,1.0,6.55,1.03,28.19,6.28,86.9
2019-07-17T10:45:00Z,AOB,Arundel_on_the_Bay,38.91675,-76.45838,1.0,6.68,1.029,28.19,6.27,88.7
2019-07-17T11:00:00Z,AOB,Arundel_on_the_Bay,38.91675,-76.45838,1.0,6.2,1.034,27.89,6.31,81.8
2019-07-17T11:15:00Z,AOB,Arundel_on_the_Bay,38.91675,-76.45838,1.0,5.64,1.03,27.73,6.43,74.3
2019-07-17T11:30:00Z,AOB,Arundel_on_the_Bay,38.91675,-76.45838,1.0,4.73,1.033,27.47,6.94,62.2
2019-07-17T11:45:00Z,AOB,Arundel_on_the_Bay,38.91675,-76.45838,1.0,4.33,1.032,27.31,7.22,56.9
2019-07-17T12:00:00Z,AOB,Arundel_on_the_Bay,38.91675,-76.45838,1.0,4.26,1.032,27.24,7.33,55.9
2019-07-17T12:15:00Z,AOB,Arundel_on_the_Bay,38.91675,-76.45838,1.0,3.89,1.034,27.06,7.61,51.0
2019-07-17T12:30:00Z,AOB,Arundel_on_the_Bay,38.91675,-76.45838,1.0,3.94,1.034,27.06,7.62,51.6
2019-07-17T12:45:00Z,AOB,Arundel_on_the_Bay,38.91675,-76.45838,1.0,4.14,1.037,27.11,7.57,54.3
2019-07-17T13:00:00Z,AOB,Arundel_on_the_Bay,38.91675,-76.45838,1.0,4.33,1.034,27.16,7.53,56.8
2019-07-17T13:15:00Z,AOB,Arundel_on_the_Bay,38.91675,-76.45838,1.0,4.36,1.036,27.18,7.51,57.2
2019-07-17T13:30:00Z,AOB,Arundel_on_the_Bay,38.91675,-76.45838,1.0,4.47,1.035,27.2,7.5,58.7
2019-07-17T13:45:00Z,AOB,Arundel_on_the_Bay,38.91675,-76.45838,1.0,4.61,1.036,27.28,7.49,60.6
2019-07-17T14:00:00Z,AOB,Arundel_on_the_Bay,38.91675,-76.45838,1.0,4.8,1.035,27.31,7.46,63.1
2019-07-17T14:15:00Z,AOB,Arundel_on_the_Bay,38.91675,-76.45838,1.0,4.92,1.032,27.5,7.44,64.9
2019-07-17T14:30:00Z,AOB,Arundel_on_the_Bay,38.91675,-76.45838,1.0,4.95,1.031,27.55,7.43,65.3
2019-07-17T14:45:00Z,AOB,Arundel_on_the_Bay,38.91675,-76.45838,1.0,5.42,1.028,27.63,7.35,71.7
2019-07-17T15:00:00Z,AOB,Arundel_on_the_Bay,38.91675,-76.45838,1.0,6.55,1.03,27.71,7.15,86.6
2019-07-17T15:15:00Z,AOB,Arundel_on_the_Bay,38.91675,-76.45838,1.0,7.26,1.026,27.98,6.96,96.4
2019-07-17T15:30:00Z,AOB,Arundel_on_the_Bay,38.91675,-76.45838,1.0,7.61,1.027,28.13,6.9,101.2
2019-07-17T15:45:00Z,AOB,Arundel_on_the_Bay,38.91675,-76.45838,1.0,7.79,1.027,28.27,6.82,103.8
2019-07-17T16:00:00Z,AOB,Arundel_on_the_Bay,38.91675,-76.45838,1.0,7.91,1.025,28.33,6.77,105.6
2019-07-17T16:15:00Z,AOB,Arundel_on_the_Bay,38.91675,-76.45838,1.0,7.96,1.024,28.38,6.78,106.3
2019-07-17T16:30:00Z,AOB,Arundel_on_the_Bay,38.91675,-76.45838,1.0,8.09,1.021,28.56,6.74,108.3
2019-07-17T16:45:00Z,AOB,Arundel_on_the_Bay,38.91675,-76.45838,1.0,8.18,1.021,28.59,6.74,109.6
2019-07-17T17:00:00Z,AOB,Arundel_on_the_Bay,38.91675,-76.45838,1.0,8.29,1.008,28.69,6.72,111.2
2019-07-17T17:15:00Z,AOB,Arundel_on_the_Bay,38.91675,-76.45838,1.0,8.3,1.017,28.76,6.72,111.6
2019-07-17T17:30:00Z,AOB,Arundel_on_the_Bay,38.91675,-76.45838,1.0,8.29,1.013,28.84,6.72,111.6
2019-07-17T17:45:00Z,AOB,Arundel_on_the_Bay,38.91675,-76.45838,1.0,8.48,1.011,29.12,6.65,114.6
2019-07-17T18:00:00Z,AOB,Arundel_on_the_Bay,38.91675,-76.45838,1.0,8.55,1.011,29.27,6.63,115.8
2019-07-17T18:15:00Z,AOB,Arundel_on_the_Bay,38.91675,-76.45838,1.0,8.62,1.014,29.39,6.6,117.1
2019-07-17T18:30:00Z,AOB,Arundel_on_the_Bay,38.91675,-76.45838,1.0,8.62,1.005,29.22,6.65,116.7
2019-07-17T18:45:00Z,AOB,Arundel_on_the_Bay,38.91675,-76.45838,1.0,8.35,1.006,29.19,6.66,112.9
2019-07-17T19:00:00Z,AOB,Arundel_on_the_Bay,38.91675,-76.45838,1.0,8.14,1.0,29.28,6.71,110.4
2019-07-18T00:00:00Z,AOB,Arundel_on_the_Bay,38.91675,-76.45838,1.0,5.41,1.005,27.95,7.35,71.9
2019-07-18T00:15:00Z,AOB,Arundel_on_the_Bay,38.91675,-76.45838,1.0,5.19,0.999,27.76,7.44,68.8
2019-07-18T00:30:00Z,AOB,Arundel_on_the_Bay,38.91675,-76.45838,1.0,4.87,0.995,27.55,7.6,64.4
2019-07-18T00:45:00Z,AOB,Arundel_on_the_Bay,38.91675,-76.45838,1.0,4.57,0.994,27.39,7.68,60.3
2019-07-18T01:00:00Z,AOB,Arundel_on_the_Bay,38.91675,-76.45838,1.0,4.68,0.998,27.45,7.62,61.8
2019-07-18T01:15:00Z,AOB,Arundel_on_the_Bay,38.91675,-76.45838,1.0,4.66,1.001,27.46,7.6,61.5
2019-07-18T01:30:00Z,AOB,Arundel_on_the_Bay,38.91675,-76.45838,1.0,4.74,1.003,27.48,7.58,62.5
2019-07-18T01:45:00Z,AOB,Arundel_on_the_Bay,38.91675,-76.45838,1.0,4.89,1.003,27.6,7.49,64.7
2019-07-18T02:00:00Z,AOB,Arundel_on_the_Bay,38.91675,-76.45838,1.0,5.05,1.005,27.67,7.44,66.8
2019-07-18T02:15:00Z,AOB,Arundel_on_the_Bay,38.91675,-76.45838,1.0,5.12,1.0,27.7,7.44,67.8
2019-07-18T02:30:00Z,AOB,Arundel_on_the_Bay,38.91675,-76.45838,1.0,5.41,1.002,27.83,7.37,71.8
2019-07-18T02:45:00Z,AOB,Arundel_on_the_Bay,38.91675,-76.45838,1.0,5.5,1.002,27.89,7.34,73.0
2019-07-18T03:00:00Z,AOB,Arundel_on_the_Bay,38.91675,-76.45838,1.0,5.54,1.002,27.93,7.32,73.6
2019-07-18T03:15:00Z,AOB,Arundel_on_the_Bay,38.91675,-76.45838,1.0,5.65,0.999,28.03,7.3,75.2
2019-07-18T03:30:00Z,AOB,Arundel_on_the_Bay,38.91675,-76.45838,1.0,5.61,0.998,28.03,7.32,74.7
2019-07-18T03:45:00Z,AOB,Arundel_on_the_Bay,38.91675,-76.45838,1.0,5.84,1.001,28.14,7.27,77.8
2019-07-18T04:00:00Z,AOB,Arundel_on_the_Bay,38.91675,-76.45838,1.0,5.82,1.0,28.16,7.24,77.6
2019-07-18T04:15:00Z,AOB,Arundel_on_the_Bay,38.91675,-76.45838,1.0,6.39,1.003,28.29,7.17,85.4
2019-07-18T04:30:00Z,AOB,Arundel_on_the_Bay,38.91675,-76.45838,1.0,6.17,1.006,28.29,7.15,82.4
2019-07-18T04:45:00Z,AOB,Arundel_on_the_Bay,38.91675,-76.45838,1.0,5.37,1.005,28.05,7.29,71.5
2019-07-18T05:00:00Z,AOB,Arundel_on_the_Bay,38.91675,-76.45838,1.0,5.11,1.004,27.78,7.45,67.7
2019-07-18T05:15:00Z,AOB,Arundel_on_the_Bay,38.91675,-76.45838,1.0,4.81,1.003,27.68,7.54,63.7
2019-07-18T05:30:00Z,AOB,Arundel_on_the_Bay,38.91675,-76.45838,1.0,4.88,1.004,27.7,7.53,64.6
2019-07-18T05:45:00Z,AOB,Arundel_on_the_Bay,38.91675,-76.45838,1.0,5.34,1.001,27.68,7.52,70.7
2019-07-18T06:00:00Z,AOB,Arundel_on_the_Bay,38.91675,-76.45838,1.0,5.18,1.003,27.73,7.47,68.6
2019-07-18T06:15:00Z,AOB,Arundel_on_the_Bay,38.91675,-76.45838,1.0,4.77,1.002,27.75,7.5,63.2
2019-07-18T06:30:00Z,AOB,Arundel_on_the_Bay,38.91675,-76.45838,1.0,4.5,0.999,27.82,7.5,59.8
2019-07-18T06:45:00Z,AOB,Arundel_on_the_Bay,38.91675,-76.45838,1.0,4.12,1.0,27.82,7.5,54.7
2019-07-18T07:00:00Z,AOB,Arundel_on_the_Bay,38.91675,-76.45838,1.0,4.08,0.996,27.83,7.48,54.2
2019-07-18T07:15:00Z,AOB,Arundel_on_the_Bay,38.91675,-76.45838,1.0,4.43,0.994,27.81,7.47,58.8
2019-07-18T07:30:00Z,AOB,Arundel_on_the_Bay,38.91675,-76.45838,1.0,4.31,0.992,27.85,7.44,57.2
2019-07-18T07:45:00Z,AOB,Arundel_on_the_Bay,38.91675,-76.45838,1.0,5.38,0.991,27.92,7.33,71.5
2019-07-18T08:00:00Z,AOB,Arundel_on_the_Bay,38.91675,-76.45838,1.0,5.45,0.993,28.11,7.18,72.6
2019-07-18T08:15:00Z,AOB,Arundel_on_the_Bay,38.91675,-76.45838,1.0,5.76,0.99,28.36,7.04,77.0
2019-07-18T08:30:00Z,AOB,Arundel_on_the_Bay,38.91675,-76.45838,1.0,5.95,0.988,28.57,6.91,79.7
2019-07-18T08:45:00Z,AOB,Arundel_on_the_Bay,38.91675,-76.45838,1.0,5.8,0.989,28.51,6.96,77.7
2019-07-18T09:00:00Z,AOB,Arundel_on_the_Bay,38.91675,-76.45838,1.0,5.16,0.985,28.26,7.11,68.8
2019-07-18T09:15:00Z,AOB,Arundel_on_the_Bay,38.91675,-76.45838,1.0,5.41,0.986,28.27,7.09,72.2
2019-07-18T09:30:00Z,AOB,Arundel_on_the_Bay,38.91675,-76.45838,1.0,5.23,0.987,28.26,7.13,69.8
2019-07-18T09:45:00Z,AOB,Arundel_on_the_Bay,38.91675,-76.45838,1.0,4.87,0.991,28.05,7.26,64.8
2019-07-18T10:00:00Z,AOB,Arundel_on_the_Bay,38.91675,-76.45838,1.0,5.06,0.989,28.08,7.22,67.4
2019-07-18T10:15:00Z,AOB,Arundel_on_the_Bay,38.91675,-76.45838,1.0,5.11,0.996,28.08,7.22,68.1
2019-07-18T10:30:00Z,AOB,Arundel_on_the_Bay,38.91675,-76.45838,1.0,5.19,0.998,28.05,7.2,69.1
2019-07-18T10:45:00Z,AOB,Arundel_on_the_Bay,38.91675,-76.45838,1.0,5.41,0.997,28.12,7.11,72.0
2019-07-18T11:00:00Z,AOB,Arundel_on_the_Bay,38.91675,-76.45838,1.0,4.73,0.995,27.88,7.34,62.8
2019-07-18T11:15:00Z,AOB,Arundel_on_the_Bay,38.91675,-76.45838,1.0,5.12,0.997,27.97,7.2,68.0
2019-07-18T11:30:00Z,AOB,Arundel_on_the_Bay,38.91675,-76.45838,1.0,4.93,0.993,27.85,7.27,65.4
2019-07-18T11:45:00Z,AOB,Arundel_on_the_Bay,38.91675,-76.45838,1.0,4.78,0.992,27.85,7.31,63.5
2019-07-18T12:00:00Z,AOB,Arundel_on_the_Bay,38.91675,-76.45838,1.0,5.13,0.994,27.85,7.31,68.1
2019-07-18T12:15:00Z,AOB,Arundel_on_the_Bay,38.91675,-76.45838,1.0,5.24,0.995,27.85,7.31,69.5
2019-07-18T12:30:00Z,AOB,Arundel_on_the_Bay,38.91675,-76.45838,1.0,5.34,0.998,27.82,7.33,70.8
2019-07-18T12:45:00Z,AOB,Arundel_on_the_Bay,38.91675,-76.45838,1.0,5.54,0.998,27.85,7.33,73.5
2019-07-18T13:00:00Z,AOB,Arundel_on_the_Bay,38.91675,-76.45838,1.0,5.68,0.998,27.83,7.31,75.4
2019-07-18T13:15:00Z,AOB,Arundel_on_the_Bay,38.91675,-76.45838,1.0,5.93,0.999,27.84,7.29,78.7
2019-07-18T13:30:00Z,AOB,Arundel_on_the_Bay,38.91675,-76.45838,1.0,6.08,0.999,27.89,7.27,80.7
2019-07-18T13:45:00Z,AOB,Arundel_on_the_Bay,38.91675,-76.45838,1.0,6.16,0.998,27.85,7.25,81.7
2019-07-18T14:00:00Z,AOB,Arundel_on_the_Bay,38.91675,-76.45838,1.0,6.2,1.002,27.95,7.25,82.4
2019-07-18T14:15:00Z,AOB,Arundel_on_the_Bay,38.91675,-76.45838,1.0,6.34,0.999,28.02,7.25,84.4
2019-07-18T14:30:00Z,AOB,Arundel_on_the_Bay,38.91675,-76.45838,1.0,6.52,1.0,28.06,7.24,86.8
2019-07-18T14:45:00Z,AOB,Arundel_on_the_Bay,38.91675,-76.45838,1.0,6.53,0.998,27.96,7.28,86.9
2019-07-18T15:00:00Z,AOB,Arundel_on_the_Bay,38.91675,-76.45838,1.0,6.54,1.001,27.98,7.3,87.0
2019-07-18T15:15:00Z,AOB,Arundel_on_the_Bay,38.91675,-76.45838,1.0,6.52,0.998,28.0,7.33,86.7
2019-07-18T15:30:00Z,AOB,Arundel_on_the_Bay,38.91675,-76.45838,1.0,7.13,0.997,28.84,7.23,96.1
2019-07-18T15:45:00Z,AOB,Arundel_on_the_Bay,38.91675,-76.45838,1.0,7.52,0.997,28.87,7.17,101.5
2019-07-18T16:00:00Z,AOB,Arundel_on_the_Bay,38.91675,-76.45838,1.0,7.59,0.995,28.66,7.18,102.0
2019-07-18T16:15:00Z,AOB,Arundel_on_the_Bay,38.91675,-76.45838,1.0,7.58,0.997,28.51,7.19,101.7
2019-07-18T16:30:00Z,AOB,Arundel_on_the_Bay,38.91675,-76.45838,1.0,7.71,0.996,28.42,7.18,103.2
2019-07-18T16:45:00Z,AOB,Arundel_on_the_Bay,38.91675,-76.45838,1.0,7.7,0.996,28.36,7.2,103.0
2019-07-18T17:00:00Z,AOB,Arundel_on_the_Bay,38.91675,-76.45838,1.0,7.44,0.996,28.5,7.19,99.8
2019-07-18T17:15:00Z,AOB,Arundel_on_the_Bay,38.91675,-76.45838,1.0,7.48,0.998,28.61,7.16,100.5
2019-07-18T17:30:00Z,AOB,Arundel_on_the_Bay,38.91675,-76.45838,1.0,7.57,0.996,28.78,7.1,102.0
2019-07-18T17:45:00Z,AOB,Arundel_on_the_Bay,38.91675,-76.45838,1.0,7.56,0.996,28.86,6.98,101.9
2019-07-18T18:00:00Z,AOB,Arundel_on_the_Bay,38.91675,-76.45838,1.0,7.49,0.992,28.88,6.97,101.0
2019-07-19T00:00:00Z,AOB,Arundel_on_the_Bay,38.91675,-76.45838,1.0,8.7,0.992,29.77,7.03,119.1
2019-07-19T00:15:00Z,AOB,Arundel_on_the_Bay,38.91675,-76.45838,1.0,8.7,0.991,29.75,7.03,119.1
2019-07-19T00:30:00Z,AOB,Arundel_on_the_Bay,38.91675,-76.45838,1.0,8.67,0.99,29.68,7.05,118.6
2019-07-19T00:45:00Z,AOB,Arundel_on_the_Bay,38.91675,-76.45838,1.0,8.5,0.988,29.55,7.03,116.0
2019-07-19T01:00:00Z,AOB,Arundel_on_the_Bay,38.91675,-76.45838,1.0,8.05,0.991,29.36,7.07,109.5
2019-07-19T01:15:00Z,AOB,Arundel_on_the_Bay,38.91675,-76.45838,1.0,8.26,0.993,29.35,7.06,112.4
2019-07-19T01:30:00Z,AOB,Arundel_on_the_Bay,38.91675,-76.45838,1.0,8.31,0.993,29.31,7.06,113.0
2019-07-19T01:45:00Z,AOB,Arundel_on_the_Bay,38.91675,-76.45838,1.0,8.39,0.996,29.3,7.03,114.0
2019-07-19T02:00:00Z,AOB,Arundel_on_the_Bay,38.91675,-76.45838,1.0,8.17,0.998,29.18,7.03,110.8
2019-07-19T02:15:00Z,AOB,Arundel_on_the_Bay,38.91675,-76.45838,1.0,8.01,0.999,29.14,7.06,108.6
2019-07-19T02:30:00Z,AOB,Arundel_on_the_Bay,38.91675,-76.45838,1.0,7.83,0.998,29.09,7.09,106.0
2019-07-19T02:45:00Z,AOB,Arundel_on_the_Bay,38.91675,-76.45838,1.0,7.7,1.001,29.05,7.11,104.2
2019-07-19T03:00:00Z,AOB,Arundel_on_the_Bay,38.91675,-76.45838,1.0,7.54,1.0,28.99,7.14,102.0
2019-07-19T03:15:00Z,AOB,Arundel_on_the_Bay,38.91675,-76.45838,1.0,7.39,1.0,28.93,7.16,99.8
2019-07-19T03:30:00Z,AOB,Arundel_on_the_Bay,38.91675,-76.45838,1.0,7.27,0.998,28.91,7.16,98.2
2019-07-19T03:45:00Z,AOB,Arundel_on_the_Bay,38.91675,-76.45838,1.0,7.19,0.997,28.87,7.16,97.0
2019-07-19T04:00:00Z,AOB,Arundel_on_the_Bay,38.91675,-76.45838,1.0,7.19,0.997,28.83,7.17,97.0
2019-07-19T04:15:00Z,AOB,Arundel_on_the_Bay,38.91675,-76.45838,1.0,7.23,1.0,28.81,7.19,97.5
2019-07-19T04:30:00Z,AOB,Arundel_on_the_Bay,38.91675,-76.45838,1.0,7.21,1.001,28.78,7.2,97.1
2019-07-19T04:45:00Z,AOB,Arundel_on_the_Bay,38.91675,-76.45838,1.0,7.18,1.003,28.77,7.21,96.7
2019-07-19T05:00:00Z,AOB,Arundel_on_the_Bay,38.91675,-76.45838,1.0,7.11,1.004,28.76,7.21,95.7
2019-07-19T05:15:00Z,AOB,Arundel_on_the_Bay,38.91675,-76.45838,1.0,7.08,1.004,28.73,7.21,95.4
2019-07-19T05:30:00Z,AOB,Arundel_on_the_Bay,38.91675,-76.45838,1.0,6.83,1.0,28.69,7.24,92.0
2019-07-19T05:45:00Z,AOB,Arundel_on_the_Bay,38.91675,-76.45838,1.0,6.44,1.002,28.61,7.35,86.6
2019-07-19T06:00:00Z,AOB,Arundel_on_the_Bay,38.91675,-76.45838,1.0,6.48,1.004,28.6,7.34,87.1
2019-07-19T06:15:00Z,AOB,Arundel_on_the_Bay,38.91675,-76.45838,1.0,6.82,1.003,28.63,7.22,91.7
2019-07-19T06:30:00Z,AOB,Arundel_on_the_Bay,38.91675,-76.45838,1.0,6.85,1.004,28.62,7.16,92.1
2019-07-19T06:45:00Z,AOB,Arundel_on_the_Bay,38.91675,-76.45838,1.0,7.01,1.005,28.62,7.2,94.3
2019-07-19T07:00:00Z,AOB,Arundel_on_the_Bay,38.91675,-76.45838,1.0,6.79,1.005,28.62,7.24,91.2
2019-07-19T07:15:00Z,AOB,Arundel_on_the_Bay,38.91675,-76.45838,1.0,6.89,1.005,28.66,7.24,92.7
2019-07-19T07:30:00Z,AOB,Arundel_on_the_Bay,38.91675,-76.45838,1.0,6.8,1.004,28.8,7.21,91.7
2019-07-19T07:45:00Z,AOB,Arundel_on_the_Bay,38.91675,-76.45838,1.0,6.41,1.003,28.96,7.15,86.6
2019-07-19T08:00:00Z,AOB,Arundel_on_the_Bay,38.91675,-76.45838,1.0,6.47,1.004,28.85,7.19,87.3
2019-07-19T08:15:00Z,AOB,Arundel_on_the_Bay,38.91675,-76.45838,1.0,6.23,1.005,28.82,7.19,84.0
2019-07-19T08:30:00Z,AOB,Arundel_on_the_Bay,38.91675,-76.45838,1.0,6.25,1.007,28.88,7.16,84.4
2019-07-19T08:45:00Z,AOB,Arundel_on_the_Bay,38.91675,-76.45838,1.0,5.99,1.006,28.81,7.16,80.7
2019-07-19T09:00:00Z,AOB,Arundel_on_the_Bay,38.91675,-76.45838,1.0,6.84,1.004,28.7,7.2,92.0
2019-07-19T09:15:00Z,AOB,Arundel_on_the_Bay,38.91675,-76.45838,1.0,6.56,1.004,28.9,7.12,88.6
2019-07-19T09:30:00Z,AOB,Arundel_on_the_Bay,38.91675,-76.45838,1.0,6.83,1.008,29.01,7.07,92.3
2019-07-19T09:45:00Z,AOB,Arundel_on_the_Bay,38.91675,-76.45838,1.0,7.17,1.009,29.13,7.02,97.1
2019-07-19T10:00:00Z,AOB,Arundel_on_the_Bay,38.91675,-76.45838,1.0,6.87,1.009,29.06,7.05,93.0
2019-07-19T10:15:00Z,AOB,Arundel_on_the_Bay,38.91675,-76.45838,1.0,6.63,1.011,29.01,7.06,89.6
2019-07-19T10:30:00Z,AOB,Arundel_on_the_Bay,38.91675,-76.45838,1.0,6.31,1.011,28.92,7.09,85.2
2019-07-19T10:45:00Z,AOB,Arundel_on_the_Bay,38.91675,-76.45838,1.0,6.4,1.012,28.92,7.08,86.5
2019-07-19T11:00:00Z,AOB,Arundel_on_the_Bay,38.91675,-76.45838,1.0,6.22,1.013,28.73,7.14,83.8
2019-07-19T11:15:00Z,AOB,Arundel_on_the_Bay,38.91675,-76.45838,1.0,6.13,1.013,28.69,7.16,82.4
2019-07-19T11:30:00Z,AOB,Arundel_on_the_Bay,38.91675,-76.45838,1.0,6.39,1.014,28.65,7.16,85.9
2019-07-19T11:45:00Z,AOB,Arundel_on_the_Bay,38.91675,-76.45838,1.0,6.89,1.013,28.63,7.15,92.6
2019-07-19T12:00:00Z,AOB,Arundel_on_the_Bay,38.91675,-76.45838,1.0,6.93,1.014,28.64,7.15,93.1
2019-07-19T12:15:00Z,AOB,Arundel_on_the_Bay,38.91675,-76.45838,1.0,6.57,1.016,28.65,7.17,88.4
2019-07-19T12:30:00Z,AOB,Arundel_on_the_Bay,38.91675,-76.45838,1.0,6.11,1.016,28.54,7.19,81.9
2019-07-19T12:45:00Z,AOB,Arundel_on_the_Bay,38.91675,-76.45838,1.0,6.28,1.018,28.37,7.19,84.0
2019-07-19T13:00:00Z,AOB,Arundel_on_the_Bay,38.91675,-76.45838,1.0,6.6,1.017,28.44,7.13,88.4
2019-07-19T13:15:00Z,AOB,Arundel_on_the_Bay,38.91675,-76.45838,1.0,6.8,1.017,28.4,7.11,91.1
2019-07-19T13:30:00Z,AOB,Arundel_on_the_Bay,38.91675,-76.45838,1.0,7.25,1.016,28.41,7.16,97.1
2019-07-19T13:45:00Z,AOB,Arundel_on_the_Bay,38.91675,-76.45838,1.0,6.86,1.017,28.41,7.28,91.9
2019-07-19T14:00:00Z,AOB,Arundel_on_the_Bay,38.91675,-76.45838,1.0,7.2,1.02,28.53,7.24,96.6
2019-07-19T14:15:00Z,AOB,Arundel_on_the_Bay,38.91675,-76.45838,1.0,7.06,1.019,28.52,7.27,94.7
2019-07-19T14:30:00Z,AOB,Arundel_on_the_Bay,38.91675,-76.45838,1.0,7.26,1.022,28.66,7.25,97.6
2019-07-19T14:45:00Z,AOB,Arundel_on_the_Bay,38.91675,-76.45838,1.0,7.27,1.019,28.74,7.25,97.9
2019-07-19T15:00:00Z,AOB,Arundel_on_the_Bay,38.91675,-76.45838,1.0,7.27,1.021,28.77,7.26,98.0
2019-07-19T15:15:00Z,AOB,Arundel_on_the_Bay,38.91675,-76.45838,1.0,7.28,1.017,28.8,7.27,98.1
2019-07-19T15:30:00Z,AOB,Arundel_on_the_Bay,38.91675,-76.45838,1.0,7.23,1.016,28.78,7.3,97.6
2019-07-19T15:45:00Z,AOB,Arundel_on_the_Bay,38.91675,-76.45838,1.0,7.2,1.021,28.77,7.33,97.1
2019-07-19T16:00:00Z,AOB,Arundel_on_the_Bay,38.91675,-76.45838,1.0,7.32,1.019,28.83,7.33,98.9
2019-07-19T16:15:00Z,AOB,Arundel_on_the_Bay,38.91675,-76.45838,1.0,7.4,1.019,28.83,7.34,99.9
2019-07-19T16:30:00Z,AOB,Arundel_on_the_Bay,38.91675,-76.45838,1.0,7.69,1.019,29.0,7.29,104.1
2019-07-19T16:45:00Z,AOB,Arundel_on_the_Bay,38.91675,-76.45838,1.0,8.27,1.019,30.16,7.12,114.1
2019-07-19T17:00:00Z,AOB,Arundel_on_the_Bay,38.91675,-76.45838,1.0,8.5,1.02,30.12,7.08,117.2
2019-07-19T17:15:00Z,AOB,Arundel_on_the_Bay,38.91675,-76.45838,1.0,8.55,1.018,30.29,6.92,118.1
2019-07-19T17:30:00Z,AOB,Arundel_on_the_Bay,38.91675,-76.45838,1.0,8.39,1.018,30.3,6.99,116.0
2019-07-19T17:45:00Z,AOB,Arundel_on_the_Bay,38.91675,-76.45838,1.0,8.37,1.014,30.33,6.95,115.7
2019-07-19T18:00:00Z,AOB,Arundel_on_the_Bay,38.91675,-76.45838,1.0,8.45,1.012,30.35,6.94,116.8
2019-07-19T18:15:00Z,AOB,Arundel_on_the_Bay,38.91675,-76.45838,1.0,8.58,1.011,30.31,6.96,118.6
2019-07-19T18:30:00Z,AOB,Arundel_on_the_Bay,38.91675,-76.45838,1.0,8.73,1.008,30.37,6.96,120.7
2019-07-19T18:45:00Z,AOB,Arundel_on_the_Bay,38.91675,-76.45838,1.0,8.88,1.004,30.57,6.96,123.3
2019-07-19T19:00:00Z,AOB,Arundel_on_the_Bay,38.91675,-76.45838,1.0,8.93,1.009,30.61,7.0,124.1
2019-07-19T19:15:00Z,AOB,Arundel_on_the_Bay,38.91675,-76.45838,1.0,8.98,1.009,30.39,7.06,124.3
2019-07-19T19:30:00Z,AOB,Arundel_on_the_Bay,38.91675,-76.45838,1.0,9.07,1.007,30.87,7.03,126.5
2019-07-19T19:45:00Z,AOB,Arundel_on_the_Bay,38.91675,-76.45838,1.0,8.99,1.0,30.67,7.02,125.1
2019-07-19T20:00:00Z,AOB,Arundel_on_the_Bay,38.91675,-76.45838,1.0,9.0,1.002,30.45,7.03,124.6
2019-07-19T20:15:00Z,AOB,Arundel_on_the_Bay,38.91675,-76.45838,1.0,8.84,1.002,30.22,7.05,122.1
2019-07-19T20:30:00Z,AOB,Arundel_on_the_Bay,38.91675,-76.45838,1.0,8.81,1.001,30.14,7.07,121.4
2019-07-19T20:45:00Z,AOB,Arundel_on_the_Bay,38.91675,-76.45838,1.0,8.93,1.001,30.29,7.07,123.4
2019-07-19T21:00:00Z,AOB,Arundel_on_the_Bay,38.91675,-76.45838,1.0,9.16,1.0,30.42,7.07,126.9
2019-07-19T21:15:00Z,AOB,Arundel_on_the_Bay,38.91675,-76.45838,1.0,9.87,0.995,30.71,7.06,137.4
2019-07-19T21:30:00Z,AOB,Arundel_on_the_Bay,38.91675,-76.45838,1.0,10.46,0.994,31.02,7.02,146.3
2019-07-19T21:45:00Z,AOB,Arundel_on_the_Bay,38.91675,-76.45838,1.0,10.83,0.992,31.16,7.01,151.8
2019-07-19T22:00:00Z,AOB,Arundel_on_the_Bay,38.91675,-76.45838,1.0,11.08,0.991,31.16,7.04,155.4
2019-07-19T22:15:00Z,AOB,Arundel_on_the_Bay,38.91675,-76.45838,1.0,10.73,0.994,31.14,7.05,150.3
2019-07-19T22:30:00Z,AOB,Arundel_on_the_Bay,38.91675,-76.45838,1.0,10.02,0.989,31.17,7.07,140.5
2019-07-19T22:45:00Z,AOB,Arundel_on_the_Bay,38.91675,-76.45838,1.0,9.86,0.988,31.17,7.06,138.3
2019-07-19T23:00:00Z,AOB,Arundel_on_the_Bay,38.91675,-76.45838,1.0,9.69,0.986,31.2,7.05,136.0
2019-07-20T00:00:00Z,AOB,Arundel_on_the_Bay,38.91675,-76.45838,1.0,9.09,0.995,30.99,7.01,127.1
2019-07-20T00:15:00Z,AOB,Arundel_on_the_Bay,38.91675,-76.45838,1.0,9.02,0.998,30.62,7.05,125.3
2019-07-20T00:30:00Z,AOB,Arundel_on_the_Bay,38.91675,-76.45838,1.0,9.38,1.0,30.63,7.05,130.3
2019-07-20T00:45:00Z,AOB,Arundel_on_the_Bay,38.91675,-76.45838,1.0,9.23,1.002,30.55,7.06,128.1
2019-07-20T01:00:00Z,AOB,Arundel_on_the_Bay,38.91675,-76.45838,1.0,9.64,1.003,30.75,7.05,134.3
2019-07-20T01:15:00Z,AOB,Arundel_on_the_Bay,38.91675,-76.45838,1.0,8.92,0.994,30.62,7.05,124.0
2019-07-20T01:30:00Z,AOB,Arundel_on_the_Bay,38.91675,-76.45838,1.0,8.78,1.006,30.62,7.05,122.0
2019-07-20T01:45:00Z,AOB,Arundel_on_the_Bay,38.91675,-76.45838,1.0,8.83,1.007,30.65,7.06,122.7
2019-07-20T02:00:00Z,AOB,Arundel_on_the_Bay,38.91675,-76.45838,1.0,8.74,1.002,30.59,7.04,121.3
2019-07-20T02:15:00Z,AOB,Arundel_on_the_Bay,38.91675,-76.45838,1.0,8.57,1.007,30.51,7.01,118.8
2019-07-20T02:30:00Z,AOB,Arundel_on_the_Bay,38.91675,-76.45838,1.0,8.48,1.009,30.41,7.01,117.4
2019-07-20T02:45:00Z,AOB,Arundel_on_the_Bay,38.91675,-76.45838,1.0,8.11,1.007,30.12,7.01,111.8
2019-07-20T03:00:00Z,AOB,Arundel_on_the_Bay,38.91675,-76.45838,1.0,7.93,1.007,29.86,7.02,108.8
2019-07-20T03:15:00Z,AOB,Arundel_on_the_Bay,38.91675,-76.45838,1.0,7.87,1.006,29.81,7.02,107.9
2019-07-20T03:30:00Z,AOB,Arundel_on_the_Bay,38.91675,-76.45838,1.0,7.71,1.004,29.72,7.03,105.4
2019-07-20T03:45:00Z,AOB,Arundel_on_the_Bay,38.91675,-76.45838,1.0,7.01,1.005,29.37,7.06,95.4
2019-07-20T04:00:00Z,AOB,Arundel_on_the_Bay,38.91675,-76.45838,1.0,6.12,1.002,28.95,7.19,82.7
2019-07-20T04:15:00Z,AOB,Arundel_on_the_Bay,38.91675,-76.45838,1.0,5.88,0.999,28.81,7.27,79.3
2019-07-20T04:30:00Z,AOB,Arundel_on_the_Bay,38.91675,-76.45838,1.0,5.71,1.0,28.69,7.3,76.8
2019-07-20T04:45:00Z,AOB,Arundel_on_the_Bay,38.91675,-76.45838,1.0,5.53,0.999,28.6,7.33,74.3
2019-07-20T05:00:00Z,AOB,Arundel_on_the_Bay,38.91675,-76.45838,1.0,5.39,0.999,28.52,7.36,72.4
2019-07-20T05:15:00Z,AOB,Arundel_on_the_Bay,38.91675,-76.45838,1.0,5.85,0.998,28.86,7.25,79.0
2019-07-20T05:30:00Z,AOB,Arundel_on_the_Bay,38.91675,-76.45838,1.0,6.14,1.001,29.01,7.18,83.1
2019-07-20T05:45:00Z,AOB,Arundel_on_the_Bay,38.91675,-76.45838,1.0,6.6,1.0,28.98,7.2,89.3
2019-07-20T06:00:00Z,AOB,Arundel_on_the_Bay,38.91675,-76.45838,1.0,5.96,0.999,28.78,7.27,80.3
2019-07-20T06:15:00Z,AOB,Arundel_on_the_Bay,38.91675,-76.45838,1.0,6.12,1.0,28.8,7.28,82.5
2019-07-20T06:30:00Z,AOB,Arundel_on_the_Bay,38.91675,-76.45838,1.0,6.43,1.003,28.84,7.28,86.7
2019-07-20T06:45:00Z,AOB,Arundel_on_the_Bay,38.91675,-76.45838,1.0,6.51,1.003,28.86,7.26,87.9
2019-07-20T07:00:00Z,AOB,Arundel_on_the_Bay,38.91675,-76.45838,1.0,6.63,1.0,28.87,7.22,89.5
2019-07-20T07:15:00Z,AOB,Arundel_on_the_Bay,38.91675,-76.45838,1.0,6.24,1.003,28.88,7.24,84.2
2019-07-20T07:30:00Z,AOB,Arundel_on_the_Bay,38.91675,-76.45838,1.0,5.91,1.002,28.79,7.31,79.7
2019-07-20T07:45:00Z,AOB,Arundel_on_the_Bay,38.91675,-76.45838,1.0,6.07,1.003,28.82,7.36,81.9
2019-07-20T08:00:00Z,AOB,Arundel_on_the_Bay,38.91675,-76.45838,1.0,6.17,1.005,29.05,7.33,83.6
2019-07-20T08:15:00Z,AOB,Arundel_on_the_Bay,38.91675,-76.45838,1.0,6.34,1.004,29.29,7.26,86.2
2019-07-20T08:30:00Z,AOB,Arundel_on_the_Bay,38.91675,-76.45838,1.0,6.09,1.005,29.09,7.31,82.5
2019-07-20T08:45:00Z,AOB,Arundel_on_the_Bay,38.91675,-76.45838,1.0,5.84,1.005,28.97,7.35,79.1
2019-07-20T09:00:00Z,AOB,Arundel_on_the_Bay,38.91675,-76.45838,1.0,5.67,1.008,28.89,7.39,76.7
2019-07-20T09:15:00Z,AOB,Arundel_on_the_Bay,38.91675,-76.45838,1.0,5.52,1.009,28.81,7.4,74.5
2019-07-20T09:30:00Z,AOB,Arundel_on_the_Bay,38.91675,-76.45838,1.0,5.66,1.01,29.0,7.3,76.6
2019-07-20T09:45:00Z,AOB,Arundel_on_the_Bay,38.91675,-76.45838,1.0,6.38,1.012,29.26,7.26,86.7
2019-07-20T10:00:00Z,AOB,Arundel_on_the_Bay,38.91675,-76.45838,1.0,6.84,1.015,29.39,7.22,93.1
2019-07-20T10:15:00Z,AOB,Arundel_on_the_Bay,38.91675,-76.45838,1.0,6.56,1.017,29.34,7.24,89.3
2019-07-20T10:30:00Z,AOB,Arundel_on_the_Bay,38.91675,-76.45838,1.0,5.99,1.014,29.19,7.26,81.3
2019-07-20T10:45:00Z,AOB,Arundel_on_the_Bay,38.91675,-76.45838,1.0,5.77,1.017,29.05,7.25,78.2
2019-07-20T11:00:00Z,AOB,Arundel_on_the_Bay,38.91675,-76.45838,1.0,5.8,1.012,29.02,7.25,78.5
2019-07-20T11:15:00Z,AOB,Arundel_on_the_Bay,38.91675,-76.45838,1.0,5.74,1.013,28.83,7.29,77.4
2019-07-20T11:30:00Z,AOB,Arundel_on_the_Bay,38.91675,-76.45838,1.0,5.58,1.011,28.82,7.36,75.3
2019-07-20T11:45:00Z,AOB,Arundel_on_the_Bay,38.91675,-76.45838,1.0,5.73,1.012,28.82,7.36,77.4
2019-07-20T12:00:00Z,AOB,Arundel_on_the_Bay,38.91675,-76.45838,1.0,5.5,1.012,28.76,7.37,74.2
2019-07-20T12:15:00Z,AOB,Arundel_on_the_Bay,38.91675,-76.45838,1.0,5.73,1.009,28.67,7.32,77.2
2019-07-20T12:30:00Z,AOB,Arundel_on_the_Bay,38.91675,-76.45838,1.0,5.64,1.008,28.6,7.34,75.8
2019-07-20T12:45:00Z,AOB,Arundel_on_the_Bay,38.91675,-76.45838,1.0,5.68,1.01,28.61,7.34,76.4
2019-07-20T13:00:00Z,AOB,Arundel_on_the_Bay,38.91675,-76.45838,1.0,5.25,1.01,28.55,7.34,70.6
2019-07-20T13:15:00Z,AOB,Arundel_on_the_Bay,38.91675,-76.45838,1.0,5.57,1.011,28.6,7.38,74.9
2019-07-20T13:30:00Z,AOB,Arundel_on_the_Bay,38.91675,-76.45838,1.0,5.76,1.012,28.6,7.37,77.4
2019-07-20T13:45:00Z,AOB,Arundel_on_the_Bay,38.91675,-76.45838,1.0,5.71,1.012,28.52,7.38,76.6
2019-07-20T14:00:00Z,AOB,Arundel_on_the_Bay,38.91675,-76.45838,1.0,5.78,1.011,28.58,7.4,77.7
2019-07-20T14:15:00Z,AOB,Arundel_on_the_Bay,38.91675,-76.45838,1.0,5.79,1.012,28.7,7.42,78.0
2019-07-20T14:30:00Z,AOB,Arundel_on_the_Bay,38.91675,-76.45838,1.0,5.93,1.011,28.76,7.42,80.0
2019-07-20T14:45:00Z,AOB,Arundel_on_the_Bay,38.91675,-76.45838,1.0,5.75,1.012,28.64,7.44,77.4
2019-07-20T15:00:00Z,AOB,Arundel_on_the_Bay,38.91675,-76.45838,1.0,5.99,1.009,28.7,7.44,80.8
2019-07-20T15:15:00Z,AOB,Arundel_on_the_Bay,38.91675,-76.45838,1.0,5.9,1.013,28.77,7.47,79.7
2019-07-20T15:30:00Z,AOB,Arundel_on_the_Bay,38.91675,-76.45838,1.0,6.38,1.011,28.83,7.46,86.1
2019-07-20T15:45:00Z,AOB,Arundel_on_the_Bay,38.91675,-76.45838,1.0,6.78,1.008,28.84,7.44,91.6
2019-07-20T16:00:00Z,AOB,Arundel_on_the_Bay,38.91675,-76.45838,1.0,7.01,0.998,28.84,7.43,94.7
2019-07-20T16:15:00Z,AOB,Arundel_on_the_Bay,38.91675,-76.45838,1.0,7.23,1.001,28.85,7.41,97.6
2019-07-20T16:30:00Z,AOB,Arundel_on_the_Bay,38.91675,-76.45838,1.0,7.4,0.998,28.85,7.4,100.0
2019-07-20T16:45:00Z,AOB,Arundel_on_the_Bay,38.91675,-76.45838,1.0,7.48,0.999,28.87,7.38,101.1
2019-07-20T17:00:00Z,AOB,Arundel_on_the_Bay,38.91675,-76.45838,1.0,7.55,0.997,28.87,7.38,102.0
2019-07-20T17:15:00Z,AOB,Arundel_on_the_Bay,38.91675,-76.45838,1.0,8.02,0.992,29.55,7.37,109.7
2019-07-20T17:30:00Z,AOB,Arundel_on_the_Bay,38.91675,-76.45838,1.0,8.5,0.991,30.48,7.35,118.0
2019-07-20T17:45:00Z,AOB,Arundel_on_the_Bay,38.91675,-76.45838,1.0,8.82,0.991,30.25,7.34,122.0
2019-07-20T18:00:00Z,AOB,Arundel_on_the_Bay,38.91675,-76.45838,1.0,8.77,0.989,29.97,7.28,120.7
2019-07-20T18:15:00Z,AOB,Arundel_on_the_Bay,38.91675,-76.45838,1.0,8.6,0.986,30.04,7.27,118.5
2019-07-20T18:30:00Z,AOB,Arundel_on_the_Bay,38.91675,-76.45838,1.0,8.91,0.986,30.23,7.24,123.1
2019-07-20T18:45:00Z,AOB,Arundel_on_the_Bay,38.91675,-76.45838,1.0,9.08,0.981,30.41,7.19,125.8
2019-07-20T19:00:00Z,AOB,Arundel_on_the_Bay,38.91675,-76.45838,1.0,9.18,0.98,30.31,7.2,127.0
2019-07-20T19:15:00Z,AOB,Arundel_on_the_Bay,38.91675,-76.45838,1.0,9.15,0.977,29.9,7.24,125.8
2019-07-20T19:30:00Z,AOB,Arundel_on_the_Bay,38.91675,-76.45838,1.0,8.92,0.98,29.81,7.25,122.3
2019-07-20T19:45:00Z,AOB,Arundel_on_the_Bay,38.91675,-76.45838,1.0,8.77,0.979,29.91,7.25,120.6
2019-07-20T20:00:00Z,AOB,Arundel_on_the_Bay,38.91675,-76.45838,1.0,8.54,0.977,29.93,7.25,117.5
2019-07-20T20:15:00Z,AOB,Arundel_on_the_Bay,38.91675,-76.45838,1.0,8.54,0.978,30.14,7.23,117.9
2019-07-20T20:30:00Z,AOB,Arundel_on_the_Bay,38.91675,-76.45838,1.0,8.49,0.976,30.4,7.23,117.7
2019-07-20T20:45:00Z,AOB,Arundel_on_the_Bay,38.91675,-76.45838,1.0,8.14,0.974,30.32,7.24,112.7
2019-07-20T21:00:00Z,AOB,Arundel_on_the_Bay,38.91675,-76.45838,1.0,8.41,0.976,30.31,7.24,116.3
2019-07-20T21:15:00Z,AOB,Arundel_on_the_Bay,38.91675,-76.45838,1.0,8.54,0.973,30.26,7.24,118.1
2019-07-20T21:30:00Z,AOB,Arundel_on_the_Bay,38.91675,-76.45838,1.0,9.02,0.978,30.86,7.2,126.0
2019-07-20T21:45:00Z,AOB,Arundel_on_the_Bay,38.91675,-76.45838,1.0,9.06,0.979,30.81,7.21,126.4
2019-07-20T22:00:00Z,AOB,Arundel_on_the_Bay,38.91675,-76.45838,1.0,9.22,0.977,31.12,7.17,129.3
2019-07-20T22:15:00Z,AOB,Arundel_on_the_Bay,38.91675,-76.45838,1.0,9.45,0.978,31.3,7.14,132.9
2019-07-20T22:30:00Z,AOB,Arundel_on_the_Bay,38.91675,-76.45838,1.0,9.66,0.982,31.56,7.09,136.3
2019-07-20T22:45:00Z,AOB,Arundel_on_the_Bay,38.91675,-76.45838,1.0,9.65,0.98,31.64,7.07,136.4
2019-07-20T23:00:00Z,AOB,Arundel_on_the_Bay,38.91675,-76.45838,1.0,9.67,0.975,31.66,7.06,136.8
2019-07-21T00:00:00Z,AOB,Arundel_on_the_Bay,38.91675,-76.45838,1.0,8.79,0.984,31.65,7.03,124.3
2019-07-21T00:15:00Z,AOB,Arundel_on_the_Bay,38.91675,-76.45838,1.0,8.65,0.984,31.51,7.05,122.0
2019-07-21T00:30:00Z,AOB,Arundel_on_the_Bay,38.91675,-76.45838,1.0,8.7,0.979,31.45,7.07,122.6
2019-07-21T00:45:00Z,AOB,Arundel_on_the_Bay,38.91675,-76.45838,1.0,8.8,0.983,31.36,7.09,123.8
2019-07-21T01:00:00Z,AOB,Arundel_on_the_Bay,38.91675,-76.45838,1.0,8.94,0.981,31.27,7.12,125.6
2019-07-21T01:15:00Z,AOB,Arundel_on_the_Bay,38.91675,-76.45838,1.0,8.7,0.984,31.15,7.13,122.0
2019-07-21T01:30:00Z,AOB,Arundel_on_the_Bay,38.91675,-76.45838,1.0,8.88,0.988,30.99,7.15,124.3
2019-07-21T01:45:00Z,AOB,Arundel_on_the_Bay,38.91675,-76.45838,1.0,8.56,0.988,30.81,7.23,119.4
2019-07-21T02:00:00Z,AOB,Arundel_on_the_Bay,38.91675,-76.45838,1.0,8.75,0.989,30.68,7.23,121.8
2019-07-21T02:15:00Z,AOB,Arundel_on_the_Bay,38.91675,-76.45838,1.0,8.83,0.991,30.61,7.22,122.9
2019-07-21T02:30:00Z,AOB,Arundel_on_the_Bay,38.91675,-76.45838,1.0,8.95,0.987,30.58,7.2,124.4
2019-07-21T02:45:00Z,AOB,Arundel_on_the_Bay,38.91675,-76.45838,1.0,9.02,0.987,30.58,7.17,125.3
2019-07-21T03:00:00Z,AOB,Arundel_on_the_Bay,38.91675,-76.45838,1.0,8.96,0.987,30.57,7.16,124.5
2019-07-21T03:15:00Z,AOB,Arundel_on_the_Bay,38.91675,-76.45838,1.0,8.91,0.983,30.52,7.14,123.6
2019-07-21T03:30:00Z,AOB,Arundel_on_the_Bay,38.91675,-76.45838,1.0,8.86,0.986,30.48,7.13,122.8
2019-07-21T03:45:00Z,AOB,Arundel_on_the_Bay,38.91675,-76.45838,1.0,8.82,0.987,30.46,7.12,122.2
2019-07-21T04:00:00Z,AOB,Arundel_on_the_Bay,38.91675,-76.45838,1.0,8.7,0.988,30.45,7.12,120.6
2019-07-21T04:15:00Z,AOB,Arundel_on_the_Bay,38.91675,-76.45838,1.0,8.45,0.99,30.31,7.14,116.8
2019-07-21T04:30:00Z,AOB,Arundel_on_the_Bay,38.91675,-76.45838,1.0,8.33,0.989,30.23,7.14,115.1
2019-07-21T04:45:00Z,AOB,Arundel_on_the_Bay,38.91675,-76.45838,1.0,8.27,0.99,30.19,7.14,114.1
2019-07-21T05:00:00Z,AOB,Arundel_on_the_Bay,38.91675,-76.45838,1.0,8.13,0.987,30.11,7.15,112.1
2019-07-21T05:15:00Z,AOB,Arundel_on_the_Bay,38.91675,-76.45838,1.0,8.02,0.99,30.03,7.16,110.4
2019-07-21T05:30:00Z,AOB,Arundel_on_the_Bay,38.91675,-76.45838,1.0,7.92,0.99,29.98,7.17,108.9
2019-07-21T05:45:00Z,AOB,Arundel_on_the_Bay,38.91675,-76.45838,1.0,7.52,0.991,29.83,7.19,103.2
2019-07-21T06:00:00Z,AOB,Arundel_on_the_Bay,38.91675,-76.45838,1.0,6.7,0.991,29.54,7.24,91.5
2019-07-21T06:15:00Z,AOB,Arundel_on_the_Bay,38.91675,-76.45838,1.0,6.62,0.991,29.47,7.25,90.4
2019-07-21T06:30:00Z,AOB,Arundel_on_the_Bay,38.91675,-76.45838,1.0,6.71,0.991,29.45,7.25,91.5
2019-07-21T06:45:00Z,AOB,Arundel_on_the_Bay,38.91675,-76.45838,1.0,6.64,0.99,29.39,7.26,90.4
2019-07-21T07:00:00Z,AOB,Arundel_on_the_Bay,38.91675,-76.45838,1.0,6.65,0.989,29.41,7.27,90.7
2019-07-21T07:15:00Z,AOB,Arundel_on_the_Bay,38.91675,-76.45838,1.0,6.71,0.988,29.43,7.28,91.5
2019-07-21T07:30:00Z,AOB,Arundel_on_the_Bay,38.91675,-76.45838,1.0,6.96,0.987,29.43,7.28,94.8
2019-07-21T07:45:00Z,AOB,Arundel_on_the_Bay,38.91675,-76.45838,1.0,6.97,0.986,29.41,7.29,95.0
2019-07-21T08:00:00Z,AOB,Arundel_on_the_Bay,38.91675,-76.45838,1.0,6.77,0.983,29.36,7.28,92.2
2019-07-21T08:15:00Z,AOB,Arundel_on_the_Bay,38.91675,-76.45838,1.0,6.84,0.981,29.38,7.29,93.3
2019-07-21T08:30:00Z,AOB,Arundel_on_the_Bay,38.91675,-76.45838,1.0,7.15,0.979,29.42,7.3,97.5
2019-07-21T08:45:00Z,AOB,Arundel_on_the_Bay,38.91675,-76.45838,1.0,7.12,0.981,29.58,7.28,97.3
2019-07-21T09:00:00Z,AOB,Arundel_on_the_Bay,38.91675,-76.45838,1.0,6.93,0.983,29.83,7.24,95.1
2019-07-21T09:15:00Z,AOB,Arundel_on_the_Bay,38.91675,-76.45838,1.0,6.74,0.982,29.95,7.22,92.7
2019-07-21T09:30:00Z,AOB,Arundel_on_the_Bay,38.91675,-76.45838,1.0,6.54,0.984,29.89,7.22,89.9
2019-07-21T09:45:00Z,AOB,Arundel_on_the_Bay,38.91675,-76.45838,1.0,6.58,0.984,29.78,7.24,90.3
2019-07-21T10:00:00Z,AOB,Arundel_on_the_Bay,38.91675,-76.45838,1.0,6.56,0.983,29.77,7.24,90.0
2019-07-21T10:15:00Z,AOB,Arundel_on_the_Bay,38.91675,-76.45838,1.0,6.63,0.986,29.7,7.24,90.8
2019-07-21T10:30:00Z,AOB,Arundel_on_the_Bay,38.91675,-76.45838,1.0,6.81,0.988,29.83,7.22,93.4
2019-07-21T10:45:00Z,AOB,Arundel_on_the_Bay,38.91675,-76.45838,1.0,6.72,0.989,29.92,7.24,92.3
2019-07-21T11:00:00Z,AOB,Arundel_on_the_Bay,38.91675,-76.45838,1.0,6.71,0.989,30.03,7.24,92.4
2019-07-21T11:15:00Z,AOB,Arundel_on_the_Bay,38.91675,-76.45838,1.0,6.33,0.993,29.85,7.24,87.0
2019-07-21T11:30:00Z,AOB,Arundel_on_the_Bay,38.91675,-76.45838,1.0,6.16,0.995,29.72,7.24,84.4
2019-07-21T11:45:00Z,AOB,Arundel_on_the_Bay,38.91675,-76.45838,1.0,6.12,0.996,29.65,7.24,83.7
2019-07-21T12:00:00Z,AOB,Arundel_on_the_Bay,38.91675,-76.45838,1.0,6.38,0.999,29.64,7.24,87.3
2019-07-21T12:15:00Z,AOB,Arundel_on_the_Bay,38.91675,-76.45838,1.0,6.71,1.001,29.59,7.24,91.8
2019-07-21T12:30:00Z,AOB,Arundel_on_the_Bay,38.91675,-76.45838,1.0,6.55,1.0,29.58,7.25,89.5
2019-07-21T12:45:00Z,AOB,Arundel_on_the_Bay,38.91675,-76.45838,1.0,7.08,1.002,29.66,7.24,96.9
2019-07-21T13:00:00Z,AOB,Arundel_on_the_Bay,38.91675,-76.45838,1.0,7.02,1.001,29.63,7.24,96.0
2019-07-21T13:15:00Z,AOB,Arundel_on_the_Bay,38.91675,-76.45838,1.0,6.94,1.001,29.6,7.25,94.9
2019-07-21T13:30:00Z,AOB,Arundel_on_the_Bay,38.91675,-76.45838,1.0,7.04,0.996,29.42,7.27,96.0
2019-07-21T13:45:00Z,AOB,Arundel_on_the_Bay,38.91675,-76.45838,1.0,7.35,0.999,29.42,7.26,100.2
2019-07-21T14:00:00Z,AOB,Arundel_on_the_Bay,38.91675,-76.45838,1.0,7.82,1.001,29.45,7.24,106.6
2019-07-21T14:15:00Z,AOB,Arundel_on_the_Bay,38.91675,-76.45838,1.0,7.84,1.0,29.46,7.23,106.9
2019-07-21T14:30:00Z,AOB,Arundel_on_the_Bay,38.91675,-76.45838,1.0,8.36,0.996,29.55,7.23,114.2
2019-07-21T14:45:00Z,AOB,Arundel_on_the_Bay,38.91675,-76.45838,1.0,8.19,0.996,29.69,7.26,112.2
2019-07-21T15:00:00Z,AOB,Arundel_on_the_Bay,38.91675,-76.45838,1.0,8.09,0.998,29.79,7.27,110.9
2019-07-21T15:15:00Z,AOB,Arundel_on_the_Bay,38.91675,-76.45838,1.0,7.95,0.998,29.87,7.27,109.1
2019-07-21T15:30:00Z,AOB,Arundel_on_the_Bay,38.91675,-76.45838,1.0,7.87,0.996,29.95,7.28,108.3
2019-07-21T15:45:00Z,AOB,Arundel_on_the_Bay,38.91675,-76.45838,1.0,7.56,0.995,29.77,7.32,103.7
2019-07-21T16:00:00Z,AOB,Arundel_on_the_Bay,38.91675,-76.45838,1.0,7.17,0.993,29.68,7.34,98.2
2019-07-21T16:15:00Z,AOB,Arundel_on_the_Bay,38.91675,-76.45838,1.0,7.11,0.992,29.76,7.34,97.5
2019-07-21T16:30:00Z,AOB,Arundel_on_the_Bay,38.91675,-76.45838,1.0,7.16,0.993,29.81,7.33,98.3
2019-07-21T16:45:00Z,AOB,Arundel_on_the_Bay,38.91675,-76.45838,1.0,7.23,0.991,29.84,7.33,99.4
2019-07-21T17:00:00Z,AOB,Arundel_on_the_Bay,38.91675,-76.45838,1.0,7.43,0.989,29.89,7.33,102.1
2019-07-21T17:15:00Z,AOB,Arundel_on_the_Bay,38.91675,-76.45838,1.0,7.68,0.986,29.88,7.32,105.5
2019-07-21T17:30:00Z,AOB,Arundel_on_the_Bay,38.91675,-76.45838,1.0,7.93,0.987,29.89,7.32,109.0
2019-07-21T17:45:00Z,AOB,Arundel_on_the_Bay,38.91675,-76.45838,1.0,8.05,0.989,29.88,7.31,110.7
2019-07-21T18:00:00Z,AOB,Arundel_on_the_Bay,38.91675,-76.45838,1.0,8.2,0.985,29.9,7.31,112.8
2019-07-21T18:15:00Z,AOB,Arundel_on_the_Bay,38.91675,-76.45838,1.0,8.29,0.985,29.9,7.29,114.0
2019-07-21T18:30:00Z,AOB,Arundel_on_the_Bay,38.91675,-76.45838,1.0,8.34,0.984,29.9,7.28,114.6
2019-07-21T18:45:00Z,AOB,Arundel_on_the_Bay,38.91675,-76.45838,1.0,8.38,0.985,29.88,7.26,115.1
2019-07-21T19:00:00Z,AOB,Arundel_on_the_Bay,38.91675,-76.45838,1.0,8.53,0.983,29.92,7.25,117.3
2019-07-21T19:15:00Z,AOB,Arundel_on_the_Bay,38.91675,-76.45838,1.0,8.7,0.981,30.17,7.24,120.0
2019-07-21T19:30:00Z,AOB,Arundel_on_the_Bay,38.91675,-76.45838,1.0,9.16,0.98,30.17,7.23,126.5
2019-07-21T19:45:00Z,AOB,Arundel_on_the_Bay,38.91675,-76.45838,1.0,9.06,0.98,30.19,7.23,125.1
2019-07-21T20:00:00Z,AOB,Arundel_on_the_Bay,38.91675,-76.45838,1.0,9.94,0.977,30.2,7.19,137.3
2019-07-21T20:15:00Z,AOB,Arundel_on_the_Bay,38.91675,-76.45838,1.0,9.73,0.977,30.15,7.21,134.3
2019-07-21T20:30:00Z,AOB,Arundel_on_the_Bay,38.91675,-76.45838,1.0,10.1,0.975,30.12,7.18,139.2
2019-07-21T20:45:00Z,AOB,Arundel_on_the_Bay,38.91675,-76.45838,1.0,9.89,0.977,30.13,7.17,136.3
2019-07-21T21:00:00Z,AOB,Arundel_on_the_Bay,38.91675,-76.45838,1.0,9.57,0.977,30.08,7.16,131.8
2019-07-22T00:00:00Z,AOB,Arundel_on_the_Bay,38.91675,-76.45838,1.0,9.16,0.981,31.18,7.19,128.6
2019-07-22T00:15:00Z,AOB,Arundel_on_the_Bay,38.91675,-76.45838,1.0,8.75,0.977,31.1,7.19,122.7
2019-07-22T00:30:00Z,AOB,Arundel_on_the_Bay,38.91675,-76.45838,1.0,8.68,0.978,30.99,7.19,121.5
2019-07-22T00:45:00Z,AOB,Arundel_on_the_Bay,38.91675,-76.45838,1.0,8.35,0.984,30.76,7.18,116.4
2019-07-22T01:00:00Z,AOB,Arundel_on_the_Bay,38.91675,-76.45838,1.0,8.5,0.984,30.39,7.18,117.7
2019-07-22T01:15:00Z,AOB,Arundel_on_the_Bay,38.91675,-76.45838,1.0,8.45,0.983,30.33,7.19,116.9
2019-07-22T01:30:00Z,AOB,Arundel_on_the_Bay,38.91675,-76.45838,1.0,8.42,0.985,30.4,7.19,116.6
2019-07-22T01:45:00Z,AOB,Arundel_on_the_Bay,38.91675,-76.45838,1.0,8.17,0.99,30.48,7.19,113.4
2019-07-22T02:00:00Z,AOB,Arundel_on_the_Bay,38.91675,-76.45838,1.0,8.45,0.989,30.5,7.21,117.3
2019-07-22T02:15:00Z,AOB,Arundel_on_the_Bay,38.91675,-76.45838,1.0,9.56,0.991,30.43,7.21,132.6
2019-07-22T02:30:00Z,AOB,Arundel_on_the_Bay,38.91675,-76.45838,1.0,9.47,0.993,30.45,7.21,131.4
2019-07-22T02:45:00Z,AOB,Arundel_on_the_Bay,38.91675,-76.45838,1.0,9.58,0.992,30.38,7.19,132.7
2019-07-22T03:00:00Z,AOB,Arundel_on_the_Bay,38.91675,-76.45838,1.0,9.26,0.995,30.37,7.14,128.2
2019-07-22T03:15:00Z,AOB,Arundel_on_the_Bay,38.91675,-76.45838,1.0,9.06,0.993,30.37,7.12,125.4
2019-07-22T03:30:00Z,AOB,Arundel_on_the_Bay,38.91675,-76.45838,1.0,8.81,0.991,30.36,7.08,121.9
2019-07-22T03:45:00Z,AOB,Arundel_on_the_Bay,38.91675,-76.45838,1.0,8.53,0.992,30.31,7.04,117.9
2019-07-22T04:00:00Z,AOB,Arundel_on_the_Bay,38.91675,-76.45838,1.0,8.2,0.992,30.23,7.03,113.1
2019-07-22T04:15:00Z,AOB,Arundel_on_the_Bay,38.91675,-76.45838,1.0,8.06,0.996,30.15,7.03,111.1
2019-07-22T04:30:00Z,AOB,Arundel_on_the_Bay,38.91675,-76.45838,1.0,8.02,0.998,30.14,7.03,110.5
2019-07-22T04:45:00Z,AOB,Arundel_on_the_Bay,38.91675,-76.45838,1.0,7.95,0.996,30.1,7.05,109.5
2019-07-22T05:00:00Z,AOB,Arundel_on_the_Bay,38.91675,-76.45838,1.0,7.84,0.995,30.07,7.08,108.0
2019-07-22T05:15:00Z,AOB,Arundel_on_the_Bay,38.91675,-76.45838,1.0,7.72,0.995,29.98,7.11,106.1
2019-07-22T05:30:00Z,AOB,Arundel_on_the_Bay,38.91675,-76.45838,1.0,7.7,0.998,29.95,7.12,105.9
2019-07-22T05:45:00Z,AOB,Arundel_on_the_Bay,38.91675,-76.45838,1.0,7.7,0.998,29.98,7.12,105.9
2019-07-22T06:00:00Z,AOB,Arundel_on_the_Bay,38.91675,-76.45838,1.0,7.65,0.998,29.96,7.12,105.1
2019-07-22T06:15:00Z,AOB,Arundel_on_the_Bay,38.91675,-76.45838,1.0,7.63,0.997,29.9,7.13,104.7
2019-07-22T06:30:00Z,AOB,Arundel_on_the_Bay,38.91675,-76.45838,1.0,7.65,0.996,29.86,7.12,105.0
2019-07-22T06:45:00Z,AOB,Arundel_on_the_Bay,38.91675,-76.45838,1.0,7.6,0.992,29.9,7.11,104.4
2019-07-22T07:00:00Z,AOB,Arundel_on_the_Bay,38.91675,-76.45838,1.0,7.63,0.991,29.86,7.13,104.7
2019-07-22T07:15:00Z,AOB,Arundel_on_the_Bay,38.91675,-76.45838,1.0,7.31,0.991,29.84,7.14,100.3
2019-07-22T07:30:00Z,AOB,Arundel_on_the_Bay,38.91675,-76.45838,1.0,7.39,0.992,29.78,7.16,101.3
2019-07-22T07:45:00Z,AOB,Arundel_on_the_Bay,38.91675,-76.45838,1.0,7.37,0.99,29.75,7.17,100.9
2019-07-22T08:00:00Z,AOB,Arundel_on_the_Bay,38.91675,-76.45838,1.0,7.37,0.989,29.74,7.16,101.0
2019-07-22T08:15:00Z,AOB,Arundel_on_the_Bay,38.91675,-76.45838,1.0,7.38,0.989,29.71,7.15,101.0
2019-07-22T08:30:00Z,AOB,Arundel_on_the_Bay,38.91675,-76.45838,1.0,7.48,0.99,29.67,7.15,102.3
2019-07-22T08:45:00Z,AOB,Arundel_on_the_Bay,38.91675,-76.45838,1.0,7.08,0.991,29.74,7.16,97.0
2019-07-22T09:00:00Z,AOB,Arundel_on_the_Bay,38.91675,-76.45838,1.0,6.98,0.99,29.86,7.18,95.8
2019-07-22T09:15:00Z,AOB,Arundel_on_the_Bay,38.91675,-76.45838,1.0,6.79,0.992,29.97,7.19,93.4
2019-07-22T09:30:00Z,AOB,Arundel_on_the_Bay,38.91675,-76.45838,1.0,6.67,0.992,30.04,7.19,91.9
2019-07-22T09:45:00Z,AOB,Arundel_on_the_Bay,38.91675,-76.45838,1.0,6.34,0.993,30.09,7.21,87.3
2019-07-22T10:00:00Z,AOB,Arundel_on_the_Bay,38.91675,-76.45838,1.0,5.88,0.993,30.04,7.21,80.9
2019-07-22T10:15:00Z,AOB,Arundel_on_the_Bay,38.91675,-76.45838,1.0,5.75,0.991,30.01,7.21,79.1
2019-07-22T10:30:00Z,AOB,Arundel_on_the_Bay,38.91675,-76.45838,1.0,5.65,0.99,30.01,7.21,77.7
2019-07-22T10:45:00Z,AOB,Arundel_on_the_Bay,38.91675,-76.45838,1.0,5.72,0.99,30.01,7.2,78.8
2019-07-22T11:00:00Z,AOB,Arundel_on_the_Bay,38.91675,-76.45838,1.0,6.01,0.99,29.88,7.18,82.5
2019-07-22T11:15:00Z,AOB,Arundel_on_the_Bay,38.91675,-76.45838,1.0,5.67,0.988,29.95,7.2,77.9
2019-07-22T11:30:00Z,AOB,Arundel_on_the_Bay,38.91675,-76.45838,1.0,6.79,0.988,29.89,7.15,93.2
2019-07-22T11:45:00Z,AOB,Arundel_on_the_Bay,38.91675,-76.45838,1.0,6.99,0.99,29.9,7.15,95.9
2019-07-22T12:00:00Z,AOB,Arundel_on_the_Bay,38.91675,-76.45838,1.0,7.17,0.987,30.01,7.22,98.6
2019-07-22T12:15:00Z,AOB,Arundel_on_the_Bay,38.91675,-76.45838,1.0,6.98,0.981,30.02,7.23,96.1
2019-07-22T12:30:00Z,AOB,Arundel_on_the_Bay,38.91675,-76.45838,1.0,6.16,0.987,29.93,7.2,84.6
2019-07-22T12:45:00Z,AOB,Arundel_on_the_Bay,38.91675,-76.45838,1.0,6.26,0.986,29.95,7.2,86.1
2019-07-22T13:00:00Z,AOB,Arundel_on_the_Bay,38.91675,-76.45838,1.0,6.04,0.985,29.98,7.21,83.1
2019-07-22T13:15:00Z,AOB,Arundel_on_the_Bay,38.91675,-76.45838,1.0,6.92,0.986,29.92,7.17,95.1
2019-07-22T13:30:00Z,AOB,Arundel_on_the_Bay,38.91675,-76.45838,1.0,6.63,0.982,29.91,7.17,91.1
2019-07-22T13:45:00Z,AOB,Arundel_on_the_Bay,38.91675,-76.45838,1.0,7.2,0.982,29.9,7.15,98.9
2019-07-22T14:00:00Z,AOB,Arundel_on_the_Bay,38.91675,-76.45838,1.0,7.34,0.983,29.91,7.15,100.8
2019-07-22T14:15:00Z,AOB,Arundel_on_the_Bay,38.91675,-76.45838,1.0,7.25,0.981,29.89,7.17,99.5
2019-07-22T14:30:00Z,AOB,Arundel_on_the_Bay,38.91675,-76.45838,1.0,7.06,0.977,29.96,7.17,97.1
2019-07-22T14:45:00Z,AOB,Arundel_on_the_Bay,38.91675,-76.45838,1.0,7.33,0.974,29.95,7.17,100.8
2019-07-22T15:00:00Z,AOB,Arundel_on_the_Bay,38.91675,-76.45838,1.0,8.25,0.977,30.0,7.16,113.5
2019-07-22T15:15:00Z,AOB,Arundel_on_the_Bay,38.91675,-76.45838,1.0,8.17,0.973,29.99,7.14,112.4
2019-07-22T15:30:00Z,AOB,Arundel_on_the_Bay,38.91675,-76.45838,1.0,8.36,0.971,29.95,7.12,114.9
2019-07-22T15:45:00Z,AOB,Arundel_on_the_Bay,38.91675,-76.45838,1.0,8.58,0.973,29.86,7.11,117.8
2019-07-22T16:00:00Z,AOB,Arundel_on_the_Bay,38.91675,-76.45838,1.0,8.89,0.971,30.44,7.11,123.2
2019-07-22T16:15:00Z,AOB,Arundel_on_the_Bay,38.91675,-76.45838,1.0,9.42,0.971,30.54,7.06,130.8
2019-07-22T16:30:00Z,AOB,Arundel_on_the_Bay,38.91675,-76.45838,1.0,9.33,0.965,30.32,7.08,129.0
2019-07-22T16:45:00Z,AOB,Arundel_on_the_Bay,38.91675,-76.45838,1.0,9.46,0.968,30.47,7.06,131.1
2019-07-22T17:00:00Z,AOB,Arundel_on_the_Bay,38.91675,-76.45838,1.0,9.6,0.965,30.54,7.05,133.2
2019-07-22T17:15:00Z,AOB,Arundel_on_the_Bay,38.91675,-76.45838,1.0,9.91,0.964,30.65,7.01,137.8
2019-07-22T17:30:00Z,AOB,Arundel_on_the_Bay,38.91675,-76.45838,1.0,10.24,0.962,30.63,7.0,142.3
2019-07-22T17:45:00Z,AOB,Arundel_on_the_Bay,38.91675,-76.45838,1.0,10.53,0.96,30.62,7.01,146.2
2019-07-22T18:00:00Z,AOB,Arundel_on_the_Bay,38.91675,-76.45838,1.0,11.1,0.958,30.52,6.99,154.0
2019-07-22T18:15:00Z,AOB,Arundel_on_the_Bay,38.91675,-76.45838,1.0,10.79,0.957,30.45,6.96,149.4
2019-07-22T18:30:00Z,AOB,Arundel_on_the_Bay,38.91675,-76.45838,1.0,10.31,0.955,30.35,6.95,142.6
2019-07-22T18:45:00Z,AOB,Arundel_on_the_Bay,38.91675,-76.45838,1.0,9.97,0.947,30.27,6.95,137.6
2019-07-22T19:00:00Z,AOB,Arundel_on_the_Bay,38.91675,-76.45838,1.0,9.5,0.947,30.29,6.98,131.2
2019-07-22T19:15:00Z,AOB,Arundel_on_the_Bay,38.91675,-76.45838,1.0,9.22,0.947,30.36,6.99,127.5
2019-07-22T19:30:00Z,AOB,Arundel_on_the_Bay,38.91675,-76.45838,1.0,9.06,0.942,30.49,7.0,125.7
2019-07-22T19:45:00Z,AOB,Arundel_on_the_Bay,38.91675,-76.45838,1.0,9.35,0.939,30.66,7.0,129.9
2019-07-22T20:00:00Z,AOB,Arundel_on_the_Bay,38.91675,-76.45838,1.0,9.49,0.937,30.69,6.99,132.0
2019-07-22T20:15:00Z,AOB,Arundel_on_the_Bay,38.91675,-76.45838,1.0,9.22,0.94,31.14,7.05,129.2
2019-07-22T20:30:00Z,AOB,Arundel_on_the_Bay,38.91675,-76.45838,1.0,9.11,0.941,31.39,7.07,128.3
2019-07-22T20:45:00Z,AOB,Arundel_on_the_Bay,38.91675,-76.45838,1.0,9.1,0.941,31.6,7.1,128.6
2019-07-22T21:00:00Z,AOB,Arundel_on_the_Bay,38.91675,-76.45838,1.0,9.03,0.941,31.75,7.17,127.9
2019-07-22T21:15:00Z,AOB,Arundel_on_the_Bay,38.91675,-76.45838,1.0,9.05,0.948,31.75,7.19,128.3
2019-07-22T21:30:00Z,AOB,Arundel_on_the_Bay,38.91675,-76.45838,1.0,9.01,0.951,31.67,7.2,127.6
2019-07-22T21:45:00Z,AOB,Arundel_on_the_Bay,38.91675,-76.45838,1.0,9.0,0.951,31.59,7.2,127.2
2019-07-22T22:00:00Z,AOB,Arundel_on_the_Bay,38.91675,-76.45838,1.0,8.97,0.955,31.42,7.14,126.3
2019-07-22T22:15:00Z,AOB,Arundel_on_the_Bay,38.91675,-76.45838,1.0,8.71,0.953,31.16,7.1,122.3
2019-07-22T22:30:00Z,AOB,Arundel_on_the_Bay,38.91675,-76.45838,1.0,8.25,0.954,30.62,7.08,114.6
2019-07-22T22:45:00Z,AOB,Arundel_on_the_Bay,38.91675,-76.45838,1.0,8.12,0.954,30.55,7.08,112.7
2019-07-22T23:00:00Z,AOB,Arundel_on_the_Bay,38.91675,-76.45838,1.0,8.08,0.953,30.53,7.1,112.1
2019-07-23T00:00:00Z,AOB,Arundel_on_the_Bay,38.91675,-76.45838,1.0,8.27,0.959,30.8,7.16,115.3
2019-07-23T00:15:00Z,AOB,Arundel_on_the_Bay,38.91675,-76.45838,1.0,8.69,0.959,30.95,7.14,121.5
2019-07-23T00:30:00Z,AOB,Arundel_on_the_Bay,38.91675,-76.45838,1.0,8.67,0.961,30.96,7.11,121.2
2019-07-23T00:45:00Z,AOB,Arundel_on_the_Bay,38.91675,-76.45838,1.0,8.63,0.962,30.95,7.08,120.6
2019-07-23T01:00:00Z,AOB,Arundel_on_the_Bay,38.91675,-76.45838,1.0,8.08,0.968,30.77,7.11,112.6
2019-07-23T01:15:00Z,AOB,Arundel_on_the_Bay,38.91675,-76.45838,1.0,7.7,0.963,30.56,7.1,107.0
2019-07-23T01:30:00Z,AOB,Arundel_on_the_Bay,38.91675,-76.45838,1.0,7.35,0.959,30.41,7.19,101.8
2019-07-23T01:45:00Z,AOB,Arundel_on_the_Bay,38.91675,-76.45838,1.0,7.73,0.958,30.49,7.15,107.2
2019-07-23T02:00:00Z,AOB,Arundel_on_the_Bay,38.91675,-76.45838,1.0,7.79,0.954,30.48,7.12,108.1
2019-07-23T02:15:00Z,AOB,Arundel_on_the_Bay,38.91675,-76.45838,1.0,7.98,0.959,30.5,7.1,110.7
2019-07-23T02:30:00Z,AOB,Arundel_on_the_Bay,38.91675,-76.45838,1.0,8.03,0.958,30.45,7.09,111.3
2019-07-23T02:45:00Z,AOB,Arundel_on_the_Bay,38.91675,-76.45838,1.0,8.1,0.956,30.37,7.09,112.1
2019-07-23T03:00:00Z,AOB,Arundel_on_the_Bay,38.91675,-76.45838,1.0,7.93,0.953,30.18,7.09,109.5
2019-07-23T03:15:00Z,AOB,Arundel_on_the_Bay,38.91675,-76.45838,1.0,6.97,0.955,29.84,7.15,95.6
2019-07-23T03:30:00Z,AOB,Arundel_on_the_Bay,38.91675,-76.45838,1.0,6.52,0.955,29.72,7.19,89.3
2019-07-23T03:45:00Z,AOB,Arundel_on_the_Bay,38.91675,-76.45838,1.0,6.29,0.96,29.62,7.22,86.0
2019-07-23T04:00:00Z,AOB,Arundel_on_the_Bay,38.91675,-76.45838,1.0,5.42,0.962,29.39,7.44,73.9
2019-07-23T04:15:00Z,AOB,Arundel_on_the_Bay,38.91675,-76.45838,1.0,4.46,0.963,29.15,7.71,60.7
2019-07-23T04:30:00Z,AOB,Arundel_on_the_Bay,38.91675,-76.45838,1.0,4.06,0.958,29.04,7.83,55.1
2019-07-23T04:45:00Z,AOB,Arundel_on_the_Bay,38.91675,-76.45838,1.0,3.93,0.96,28.97,7.87,53.4
2019-07-23T05:00:00Z,AOB,Arundel_on_the_Bay,38.91675,-76.45838,1.0,3.81,0.957,28.87,7.91,51.6
2019-07-23T05:15:00Z,AOB,Arundel_on_the_Bay,38.91675,-76.45838,1.0,3.67,0.959,28.85,7.92,49.7
2019-07-23T05:30:00Z,AOB,Arundel_on_the_Bay,38.91675,-76.45838,1.0,3.57,0.952,28.77,7.97,48.3
2019-07-23T05:45:00Z,AOB,Arundel_on_the_Bay,38.91675,-76.45838,1.0,3.45,0.947,28.68,8.05,46.6
2019-07-23T06:00:00Z,AOB,Arundel_on_the_Bay,38.91675,-76.45838,1.0,3.33,0.945,28.64,8.12,45.0
2019-07-23T06:15:00Z,AOB,Arundel_on_the_Bay,38.91675,-76.45838,1.0,3.84,0.942,28.65,7.91,51.9
2019-07-23T06:30:00Z,AOB,Arundel_on_the_Bay,38.91675,-76.45838,1.0,3.88,0.942,28.69,7.89,52.5
2019-07-23T06:45:00Z,AOB,Arundel_on_the_Bay,38.91675,-76.45838,1.0,4.13,0.943,28.68,7.85,55.8
2019-07-23T07:00:00Z,AOB,Arundel_on_the_Bay,38.91675,-76.45838,1.0,4.35,0.943,28.65,7.79,58.6
2019-07-23T07:15:00Z,AOB,Arundel_on_the_Bay,38.91675,-76.45838,1.0,4.47,0.948,28.61,7.77,60.3
2019-07-23T07:30:00Z,AOB,Arundel_on_the_Bay,38.91675,-76.45838,1.0,4.61,0.95,28.54,7.75,62.1
2019-07-23T07:45:00Z,AOB,Arundel_on_the_Bay,38.91675,-76.45838,1.0,4.94,0.955,28.52,7.71,66.4
2019-07-23T08:00:00Z,AOB,Arundel_on_the_Bay,38.91675,-76.45838,1.0,5.25,0.955,28.53,7.63,70.6
2019-07-23T08:15:00Z,AOB,Arundel_on_the_Bay,38.91675,-76.45838,1.0,5.43,0.961,28.51,7.61,73.0
2019-07-23T08:30:00Z,AOB,Arundel_on_the_Bay,38.91675,-76.45838,1.0,5.31,0.959,28.5,7.63,71.4
2019-07-23T08:45:00Z,AOB,Arundel_on_the_Bay,38.91675,-76.45838,1.0,5.82,0.965,28.46,7.54,78.2
2019-07-23T09:00:00Z,AOB,Arundel_on_the_Bay,38.91675,-76.45838,1.0,5.69,0.968,28.49,7.55,76.4
2019-07-23T09:15:00Z,AOB,Arundel_on_the_Bay,38.91675,-76.45838,1.0,6.03,0.969,28.61,7.48,81.2
2019-07-23T09:30:00Z,AOB,Arundel_on_the_Bay,38.91675,-76.45838,1.0,5.74,0.973,28.54,7.51,77.2
2019-07-23T09:45:00Z,AOB,Arundel_on_the_Bay,38.91675,-76.45838,1.0,5.96,0.977,28.59,7.45,80.2
2019-07-23T10:00:00Z,AOB,Arundel_on_the_Bay,38.91675,-76.45838,1.0,6.15,0.978,28.61,7.42,82.7
2019-07-23T10:15:00Z,AOB,Arundel_on_the_Bay,38.91675,-76.45838,1.0,5.31,0.979,28.62,7.56,71.6
2019-07-23T10:30:00Z,AOB,Arundel_on_the_Bay,38.91675,-76.45838,1.0,5.32,0.985,28.74,7.62,71.8
2019-07-23T10:45:00Z,AOB,Arundel_on_the_Bay,38.91675,-76.45838,1.0,5.33,0.987,28.77,7.51,71.9
2019-07-23T11:00:00Z,AOB,Arundel_on_the_Bay,38.91675,-76.45838,1.0,5.27,0.988,28.76,7.5,71.1
2019-07-23T11:15:00Z,AOB,Arundel_on_the_Bay,38.91675,-76.45838,1.0,5.12,0.991,28.74,7.5,69.1
2019-07-23T11:30:00Z,AOB,Arundel_on_the_Bay,38.91675,-76.45838,1.0,5.2,0.991,28.65,7.5,70.1
2019-07-23T11:45:00Z,AOB,Arundel_on_the_Bay,38.91675,-76.45838,1.0,5.14,0.99,28.64,7.5,69.3
2019-07-23T12:00:00Z,AOB,Arundel_on_the_Bay,38.91675,-76.45838,1.0,5.2,0.996,28.57,7.67,70.0
2019-07-23T12:15:00Z,AOB,Arundel_on_the_Bay,38.91675,-76.45838,1.0,5.16,0.998,28.51,7.65,69.4
2019-07-23T12:30:00Z,AOB,Arundel_on_the_Bay,38.91675,-76.45838,1.0,5.22,0.996,28.49,7.63,70.2
2019-07-23T12:45:00Z,AOB,Arundel_on_the_Bay,38.91675,-76.45838,1.0,5.72,0.998,28.52,7.38,76.8
2019-07-23T13:00:00Z,AOB,Arundel_on_the_Bay,38.91675,-76.45838,1.0,5.48,0.998,28.55,7.46,73.7
2019-07-23T13:15:00Z,AOB,Arundel_on_the_Bay,38.91675,-76.45838,1.0,5.28,0.997,28.53,7.51,70.9
2019-07-23T13:30:00Z,AOB,Arundel_on_the_Bay,38.91675,-76.45838,1.0,5.3,0.995,28.51,7.52,71.3
2019-07-23T13:45:00Z,AOB,Arundel_on_the_Bay,38.91675,-76.45838,1.0,5.35,0.994,28.47,7.53,71.8
2019-07-23T14:00:00Z,AOB,Arundel_on_the_Bay,38.91675,-76.45838,1.0,5.51,0.993,28.44,7.55,73.9
2019-07-23T14:15:00Z,AOB,Arundel_on_the_Bay,38.91675,-76.45838,1.0,5.66,0.992,28.43,7.56,76.0
2019-07-23T14:30:00Z,AOB,Arundel_on_the_Bay,38.91675,-76.45838,1.0,5.57,0.992,28.46,7.55,74.8
2019-07-23T14:45:00Z,AOB,Arundel_on_the_Bay,38.91675,-76.45838,1.0,5.69,0.994,28.46,7.55,76.4
2019-07-23T15:00:00Z,AOB,Arundel_on_the_Bay,38.91675,-76.45838,1.0,5.81,0.997,28.46,7.51,78.1
2019-07-23T15:15:00Z,AOB,Arundel_on_the_Bay,38.91675,-76.45838,1.0,6.03,0.993,28.48,7.5,80.9
2019-07-23T15:30:00Z,AOB,Arundel_on_the_Bay,38.91675,-76.45838,1.0,6.02,0.996,28.49,7.51,80.8
2019-07-23T15:45:00Z,AOB,Arundel_on_the_Bay,38.91675,-76.45838,1.0,6.06,0.995,28.46,7.53,81.4
2019-07-23T16:00:00Z,AOB,Arundel_on_the_Bay,38.91675,-76.45838,1.0,6.42,0.995,28.41,7.53,86.1
2019-07-23T16:15:00Z,AOB,Arundel_on_the_Bay,38.91675,-76.45838,1.0,6.36,0.994,28.27,7.54,85.1
2019-07-23T16:30:00Z,AOB,Arundel_on_the_Bay,38.91675,-76.45838,1.0,6.4,0.996,28.17,7.56,85.5
2019-07-23T16:45:00Z,AOB,Arundel_on_the_Bay,38.91675,-76.45838,1.0,5.99,0.995,28.02,7.6,79.8
2019-07-23T17:00:00Z,AOB,Arundel_on_the_Bay,38.91675,-76.45838,1.0,5.76,0.996,28.01,7.61,76.8
2019-07-23T17:15:00Z,AOB,Arundel_on_the_Bay,38.91675,-76.45838,1.0,6.34,0.997,28.16,7.61,84.7
2019-07-23T17:30:00Z,AOB,Arundel_on_the_Bay,38.91675,-76.45838,1.0,6.04,0.993,28.13,7.61,80.7
2019-07-23T17:45:00Z,AOB,Arundel_on_the_Bay,38.91675,-76.45838,1.0,6.17,0.993,28.22,7.6,82.5
2019-07-23T18:00:00Z,AOB,Arundel_on_the_Bay,38.91675,-76.45838,1.0,6.21,0.994,28.27,7.6,83.1
2019-07-23T18:15:00Z,AOB,Arundel_on_the_Bay,38.91675,-76.45838,1.0,6.32,0.993,28.34,7.61,84.7
2019-07-23T18:30:00Z,AOB,Arundel_on_the_Bay,38.91675,-76.45838,1.0,6.48,0.992,28.4,7.62,86.9
2019-07-23T18:45:00Z,AOB,Arundel_on_the_Bay,38.91675,-76.45838,1.0,6.73,0.991,28.48,7.65,90.4
2019-07-23T19:00:00Z,AOB,Arundel_on_the_Bay,38.91675,-76.45838,1.0,6.79,0.993,28.47,7.66,91.3
2019-07-23T19:15:00Z,AOB,Arundel_on_the_Bay,38.91675,-76.45838,1.0,6.72,0.992,28.5,7.68,90.4
2019-07-23T19:30:00Z,AOB,Arundel_on_the_Bay,38.91675,-76.45838,1.0,6.38,0.993,28.55,7.74,85.9
2019-07-23T19:45:00Z,AOB,Arundel_on_the_Bay,38.91675,-76.45838,1.0,6.44,0.99,28.56,7.75,86.7
2019-07-23T20:00:00Z,AOB,Arundel_on_the_Bay,38.91675,-76.45838,1.0,6.55,0.989,28.55,7.75,88.1
2019-07-23T20:15:00Z,AOB,Arundel_on_the_Bay,38.91675,-76.45838,1.0,6.62,0.989,28.54,7.73,89.1
2019-07-23T20:30:00Z,AOB,Arundel_on_the_Bay,38.91675,-76.45838,1.0,6.55,0.991,28.52,7.74,88.1
2019-07-23T20:45:00Z,AOB,Arundel_on_the_Bay,38.91675,-76.45838,1.0,6.55,0.987,28.5,7.75,88.1
2019-07-23T21:00:00Z,AOB,Arundel_on_the_Bay,38.91675,-76.45838,1.0,6.64,0.99,28.48,7.74,89.3
2019-07-23T21:15:00Z,AOB,Arundel_on_the_Bay,38.91675,-76.45838,1.0,6.62,0.99,28.47,7.73,89.0
2019-07-23T21:30:00Z,AOB,Arundel_on_the_Bay,38.91675,-76.45838,1.0,6.83,0.984,28.46,7.73,91.8
2019-07-23T21:45:00Z,AOB,Arundel_on_the_Bay,38.91675,-76.45838,1.0,7.18,0.983,28.44,7.72,96.5
2019-07-23T22:00:00Z,AOB,Arundel_on_the_Bay,38.91675,-76.45838,1.0,6.98,0.985,28.44,7.7,93.8
2019-07-23T22:15:00Z,AOB,Arundel_on_the_Bay,38.91675,-76.45838,1.0,7.15,0.983,28.42,7.6,96.0
2019-07-23T22:30:00Z,AOB,Arundel_on_the_Bay,38.91675,-76.45838,1.0,6.71,0.985,28.46,7.49,90.1
2019-07-23T22:45:00Z,AOB,Arundel_on_the_Bay,38.91675,-76.45838,1.0,6.29,0.986,28.46,7.51,84.4
2019-07-23T23:00:00Z,AOB,Arundel_on_the_Bay,38.91675,-76.45838,1.0,6.11,0.983,28.45,7.53,82.1
2019-07-24T00:00:00Z,AOB,Arundel_on_the_Bay,38.91675,-76.45838,1.0,6.35,0.988,28.23,7.37,84.8
2019-07-24T00:15:00Z,AOB,Arundel_on_the_Bay,38.91675,-76.45838,1.0,6.92,0.988,28.25,7.32,92.5
2019-07-24T00:30:00Z,AOB,Arundel_on_the_Bay,38.91675,-76.45838,1.0,6.31,0.985,28.19,7.36,84.2
2019-07-24T00:45:00Z,AOB,Arundel_on_the_Bay,38.91675,-76.45838,1.0,7.03,0.99,28.28,7.33,94.0
2019-07-24T01:00:00Z,AOB,Arundel_on_the_Bay,38.91675,-76.45838,1.0,7.16,0.987,28.27,7.3,95.7
2019-07-24T01:15:00Z,AOB,Arundel_on_the_Bay,38.91675,-76.45838,1.0,6.89,0.988,28.24,7.29,92.0
2019-07-24T01:30:00Z,AOB,Arundel_on_the_Bay,38.91675,-76.45838,1.0,6.87,0.992,28.26,7.28,91.8
2019-07-24T01:45:00Z,AOB,Arundel_on_the_Bay,38.91675,-76.45838,1.0,6.6,0.989,28.24,7.3,88.2
2019-07-24T02:00:00Z,AOB,Arundel_on_the_Bay,38.91675,-76.45838,1.0,6.43,0.992,28.21,7.3,85.8
2019-07-24T02:15:00Z,AOB,Arundel_on_the_Bay,38.91675,-76.45838,1.0,6.34,0.991,28.16,7.32,84.6
2019-07-24T02:30:00Z,AOB,Arundel_on_the_Bay,38.91675,-76.45838,1.0,6.58,0.991,28.21,7.31,87.9
2019-07-24T02:45:00Z,AOB,Arundel_on_the_Bay,38.91675,-76.45838,1.0,6.72,0.992,28.18,7.29,89.7
2019-07-24T03:00:00Z,AOB,Arundel_on_the_Bay,38.91675,-76.45838,1.0,7.2,0.991,28.1,7.21,95.9
2019-07-24T03:15:00Z,AOB,Arundel_on_the_Bay,38.91675,-76.45838,1.0,7.38,0.992,28.16,6.94,98.3
2019-07-24T03:30:00Z,AOB,Arundel_on_the_Bay,38.91675,-76.45838,1.0,7.32,0.99,28.19,6.94,97.6
2019-07-24T03:45:00Z,AOB,Arundel_on_the_Bay,38.91675,-76.45838,1.0,7.52,0.991,28.29,6.76,100.2
2019-07-24T04:00:00Z,AOB,Arundel_on_the_Bay,38.91675,-76.45838,1.0,7.5,0.989,28.23,6.76,99.8
2019-07-24T04:15:00Z,AOB,Arundel_on_the_Bay,38.91675,-76.45838,1.0,7.49,0.989,28.23,6.76,99.8
2019-07-24T04:30:00Z,AOB,Arundel_on_the_Bay,38.91675,-76.45838,1.0,7.55,0.989,28.2,6.71,100.5
2019-07-24T04:45:00Z,AOB,Arundel_on_the_Bay,38.91675,-76.45838,1.0,7.48,0.99,28.18,6.74,99.6
2019-07-24T05:00:00Z,AOB,Arundel_on_the_Bay,38.91675,-76.45838,1.0,7.57,0.987,28.07,6.67,100.4
2019-07-24T05:15:00Z,AOB,Arundel_on_the_Bay,38.91675,-76.45838,1.0,7.65,0.982,27.92,6.65,101.2
2019-07-24T05:30:00Z,AOB,Arundel_on_the_Bay,38.91675,-76.45838,1.0,7.72,0.98,27.63,6.63,101.7
2019-07-24T05:45:00Z,AOB,Arundel_on_the_Bay,38.91675,-76.45838,1.0,7.44,0.982,27.71,6.78,98.1
2019-07-24T06:00:00Z,AOB,Arundel_on_the_Bay,38.91675,-76.45838,1.0,7.43,0.977,27.68,6.8,98.0
2019-07-24T06:15:00Z,AOB,Arundel_on_the_Bay,38.91675,-76.45838,1.0,7.3,0.981,27.57,6.89,96.2
2019-07-24T06:30:00Z,AOB,Arundel_on_the_Bay,38.91675,-76.45838,1.0,7.27,0.977,27.49,6.94,95.7
2019-07-24T06:45:00Z,AOB,Arundel_on_the_Bay,38.91675,-76.45838,1.0,7.3,0.98,27.56,6.81,96.1
2019-07-24T07:00:00Z,AOB,Arundel_on_the_Bay,38.91675,-76.45838,1.0,7.3,0.977,27.6,6.73,96.1
2019-07-24T07:15:00Z,AOB,Arundel_on_the_Bay,38.91675,-76.45838,1.0,7.3,0.98,27.65,6.67,96.1
2019-07-24T07:30:00Z,AOB,Arundel_on_the_Bay,38.91675,-76.45838,1.0,7.28,0.972,27.65,6.65,96.0
2019-07-24T07:45:00Z,AOB,Arundel_on_the_Bay,38.91675,-76.45838,1.0,7.24,0.977,27.65,6.65,95.4
2019-07-24T08:00:00Z,AOB,Arundel_on_the_Bay,38.91675,-76.45838,1.0,7.21,0.977,27.6,6.65,94.9
2019-07-24T08:15:00Z,AOB,Arundel_on_the_Bay,38.91675,-76.45838,1.0,7.17,0.985,27.54,6.64,94.3
2019-07-24T08:30:00Z,AOB,Arundel_on_the_Bay,38.91675,-76.45838,1.0,7.14,0.986,27.49,6.63,93.8
2019-07-24T08:45:00Z,AOB,Arundel_on_the_Bay,38.91675,-76.45838,1.0,7.13,0.986,27.44,6.63,93.6
2019-07-24T09:00:00Z,AOB,Arundel_on_the_Bay,38.91675,-76.45838,1.0,7.1,0.989,27.43,6.63,93.2
2019-07-24T09:15:00Z,AOB,Arundel_on_the_Bay,38.91675,-76.45838,1.0,7.1,0.988,27.32,6.64,93.0
2019-07-24T09:30:00Z,AOB,Arundel_on_the_Bay,38.91675,-76.45838,1.0,7.07,1.0,27.32,6.64,92.6
2019-07-24T09:45:00Z,AOB,Arundel_on_the_Bay,38.91675,-76.45838,1.0,7.03,0.995,27.27,6.64,92.0
2019-07-24T10:00:00Z,AOB,Arundel_on_the_Bay,38.91675,-76.45838,1.0,7.01,0.981,27.19,6.64,91.6
2019-07-24T10:15:00Z,AOB,Arundel_on_the_Bay,38.91675,-76.45838,1.0,6.98,0.989,27.13,6.65,91.1
2019-07-24T10:30:00Z,AOB,Arundel_on_the_Bay,38.91675,-76.45838,1.0,6.95,0.992,27.09,6.65,90.6
2019-07-24T10:45:00Z,AOB,Arundel_on_the_Bay,38.91675,-76.45838,1.0,6.92,0.998,27.06,6.66,90.2
2019-07-24T11:00:00Z,AOB,Arundel_on_the_Bay,38.91675,-76.45838,1.0,6.86,1.005,26.91,6.66,89.3
2019-07-24T11:15:00Z,AOB,Arundel_on_the_Bay,38.91675,-76.45838,1.0,6.88,1.01,26.91,6.68,89.5
2019-07-24T11:30:00Z,AOB,Arundel_on_the_Bay,38.91675,-76.45838,1.0,6.89,1.009,27.14,6.66,89.9
2019-07-24T11:45:00Z,AOB,Arundel_on_the_Bay,38.91675,-76.45838,1.0,6.6,1.007,27.05,6.74,86.1
2019-07-24T12:00:00Z,AOB,Arundel_on_the_Bay,38.91675,-76.45838,1.0,5.46,1.006,27.39,7.21,71.9
2019-07-24T12:15:00Z,AOB,Arundel_on_the_Bay,38.91675,-76.45838,1.0,5.55,1.012,27.37,7.25,73.0
2019-07-24T12:30:00Z,AOB,Arundel_on_the_Bay,38.91675,-76.45838,1.0,5.48,1.013,27.3,7.25,72.0
2019-07-24T12:45:00Z,AOB,Arundel_on_the_Bay,38.91675,-76.45838,1.0,5.58,1.014,27.26,7.23,73.3
2019-07-24T13:00:00Z,AOB,Arundel_on_the_Bay,38.91675,-76.45838,1.0,5.63,1.011,27.25,7.22,74.0
2019-07-24T13:15:00Z,AOB,Arundel_on_the_Bay,38.91675,-76.45838,1.0,6.22,1.014,27.28,7.1,81.6
2019-07-24T13:30:00Z,AOB,Arundel_on_the_Bay,38.91675,-76.45838,1.0,6.2,1.016,27.11,7.01,81.1
2019-07-24T13:45:00Z,AOB,Arundel_on_the_Bay,38.91675,-76.45838,1.0,6.48,1.02,27.07,6.91,84.6
2019-07-24T14:00:00Z,AOB,Arundel_on_the_Bay,38.91675,-76.45838,1.0,6.6,1.023,27.12,6.91,86.3
2019-07-24T14:15:00Z,AOB,Arundel_on_the_Bay,38.91675,-76.45838,1.0,7.2,1.019,27.46,7.08,94.7
2019-07-24T14:30:00Z,AOB,Arundel_on_the_Bay,38.91675,-76.45838,1.0,7.4,1.016,27.54,7.05,97.5
2019-07-24T14:45:00Z,AOB,Arundel_on_the_Bay,38.91675,-76.45838,1.0,8.13,1.016,27.6,6.98,107.2
2019-07-24T15:00:00Z,AOB,Arundel_on_the_Bay,38.91675,-76.45838,1.0,8.35,1.019,27.71,6.88,110.3
2019-07-24T15:15:00Z,AOB,Arundel_on_the_Bay,38.91675,-76.45838,1.0,8.02,1.02,27.5,6.69,105.3
2019-07-24T15:30:00Z,AOB,Arundel_on_the_Bay,38.91675,-76.45838,1.0,8.02,1.022,27.73,6.63,105.8
2019-07-24T15:45:00Z,AOB,Arundel_on_the_Bay,38.91675,-76.45838,1.0,8.1,1.014,28.07,6.62,107.4
2019-07-24T16:00:00Z,AOB,Arundel_on_the_Bay,38.91675,-76.45838,1.0,8.2,1.019,28.18,6.61,109.1
2019-07-24T16:15:00Z,AOB,Arundel_on_the_Bay,38.91675,-76.45838,1.0,8.35,1.018,28.3,6.61,111.2
2019-07-24T16:30:00Z,AOB,Arundel_on_the_Bay,38.91675,-76.45838,1.0,8.43,1.017,28.45,6.6,112.6
2019-07-24T16:45:00Z,AOB,Arundel_on_the_Bay,38.91675,-76.45838,1.0,8.56,1.011,28.6,6.61,114.6
2019-07-24T17:00:00Z,AOB,Arundel_on_the_Bay,38.91675,-76.45838,1.0,8.62,1.017,28.68,6.6,115.6
2019-07-24T17:15:00Z,AOB,Arundel_on_the_Bay,38.91675,-76.45838,1.0,8.72,1.016,28.8,6.6,117.1
2019-07-24T17:30:00Z,AOB,Arundel_on_the_Bay,38.91675,-76.45838,1.0,8.76,1.012,28.88,6.6,117.9
2019-07-24T17:45:00Z,AOB,Arundel_on_the_Bay,38.91675,-76.45838,1.0,8.87,1.015,28.99,6.59,119.6
2019-07-24T18:00:00Z,AOB,Arundel_on_the_Bay,38.91675,-76.45838,1.0,8.97,1.012,29.1,6.6,121.2
2019-07-24T18:15:00Z,AOB,Arundel_on_the_Bay,38.91675,-76.45838,1.0,9.06,1.001,29.19,6.61,122.6
2019-07-24T18:30:00Z,AOB,Arundel_on_the_Bay,38.91675,-76.45838,1.0,9.13,1.01,29.26,6.6,123.7
2019-07-24T18:45:00Z,AOB,Arundel_on_the_Bay,38.91675,-76.45838,1.0,9.19,1.013,29.29,6.6,124.5
2019-07-24T19:00:00Z,AOB,Arundel_on_the_Bay,38.91675,-76.45838,1.0,9.27,1.01,29.35,6.6,125.8
2019-07-24T19:15:00Z,AOB,Arundel_on_the_Bay,38.91675,-76.45838,1.0,9.38,1.013,29.39,6.6,127.3
2019-07-24T19:30:00Z,AOB,Arundel_on_the_Bay,38.91675,-76.45838,1.0,9.53,1.009,29.46,6.61,129.6
2019-07-24T19:45:00Z,AOB,Arundel_on_the_Bay,38.91675,-76.45838,1.0,9.6,1.004,29.51,6.61,130.6
2019-07-24T20:00:00Z,AOB,Arundel_on_the_Bay,38.91675,-76.45838,1.0,9.73,1.009,29.53,6.61,132.4
2019-07-24T20:15:00Z,AOB,Arundel_on_the_Bay,38.91675,-76.45838,1.0,9.84,1.008,29.53,6.62,133.9
2019-07-24T20:30:00Z,AOB,Arundel_on_the_Bay,38.91675,-76.45838,1.0,10.03,1.011,29.53,6.61,136.4
2019-07-24T20:45:00Z,AOB,Arundel_on_the_Bay,38.91675,-76.45838,1.0,10.43,1.012,29.54,6.62,141.9
2019-07-24T21:00:00Z,AOB,Arundel_on_the_Bay,38.91675,-76.45838,1.0,10.82,1.004,29.56,6.61,147.3
2019-07-24T21:15:00Z,AOB,Arundel_on_the_Bay,38.91675,-76.45838,1.0,11.13,1.012,29.57,6.61,151.6
2019-07-24T21:30:00Z,AOB,Arundel_on_the_Bay,38.91675,-76.45838,1.0,11.48,1.012,29.58,6.61,156.4
2019-07-24T21:45:00Z,AOB,Arundel_on_the_Bay,38.91675,-76.45838,1.0,11.58,1.011,29.55,6.61,157.7
2019-07-24T22:00:00Z,AOB,Arundel_on_the_Bay,38.91675,-76.45838,1.0,11.57,1.011,29.51,6.6,157.3
2019-07-24T22:15:00Z,AOB,Arundel_on_the_Bay,38.91675,-76.45838,1.0,11.56,1.019,29.48,6.6,157.2
2019-07-24T22:30:00Z,AOB,Arundel_on_the_Bay,38.91675,-76.45838,1.0,11.28,1.017,29.45,6.6,153.2
2019-07-24T22:45:00Z,AOB,Arundel_on_the_Bay,38.91675,-76.45838,1.0,11.0,1.017,29.42,6.6,149.5
2019-07-24T23:00:00Z,AOB,Arundel_on_the_Bay,38.91675,-76.45838,1.0,11.33,1.018,29.37,6.59,153.7
2019-07-25T00:00:00Z,AOB,Arundel_on_the_Bay,38.91675,-76.45838,1.0,10.19,1.028,28.87,6.95,137.4
2019-07-25T00:15:00Z,AOB,Arundel_on_the_Bay,38.91675,-76.45838,1.0,9.73,1.026,28.88,6.9,131.1
2019-07-25T00:30:00Z,AOB,Arundel_on_the_Bay,38.91675,-76.45838,1.0,9.68,1.029,28.82,6.93,130.4
2019-07-25T00:45:00Z,AOB,Arundel_on_the_Bay,38.91675,-76.45838,1.0,9.26,1.029,28.83,6.89,124.6
2019-07-25T01:00:00Z,AOB,Arundel_on_the_Bay,38.91675,-76.45838,1.0,8.96,1.035,28.79,6.88,120.5
2019-07-25T01:15:00Z,AOB,Arundel_on_the_Bay,38.91675,-76.45838,1.0,9.07,1.036,28.72,6.79,121.9
2019-07-25T01:30:00Z,AOB,Arundel_on_the_Bay,38.91675,-76.45838,1.0,8.72,1.037,28.61,6.99,117.0
2019-07-25T01:45:00Z,AOB,Arundel_on_the_Bay,38.91675,-76.45838,1.0,8.66,1.04,28.52,7.06,116.1
2019-07-25T02:00:00Z,AOB,Arundel_on_the_Bay,38.91675,-76.45838,1.0,8.83,1.042,28.66,6.76,118.5
2019-07-25T02:15:00Z,AOB,Arundel_on_the_Bay,38.91675,-76.45838,1.0,8.9,1.043,28.65,6.9,119.5
2019-07-25T02:30:00Z,AOB,Arundel_on_the_Bay,38.91675,-76.45838,1.0,8.9,1.043,28.66,6.93,119.5
2019-07-25T02:45:00Z,AOB,Arundel_on_the_Bay,38.91675,-76.45838,1.0,9.08,1.045,28.67,6.9,122.0
2019-07-25T03:00:00Z,AOB,Arundel_on_the_Bay,38.91675,-76.45838,1.0,8.89,1.044,28.57,6.8,119.1
2019-07-25T03:15:00Z,AOB,Arundel_on_the_Bay,38.91675,-76.45838,1.0,8.89,1.045,28.47,6.78,118.9
2019-07-25T03:30:00Z,AOB,Arundel_on_the_Bay,38.91675,-76.45838,1.0,8.94,1.046,28.47,6.75,119.6
2019-07-25T03:45:00Z,AOB,Arundel_on_the_Bay,38.91675,-76.45838,1.0,8.92,1.047,28.49,6.79,119.3
2019-07-25T04:00:00Z,AOB,Arundel_on_the_Bay,38.91675,-76.45838,1.0,8.82,1.042,28.45,6.77,117.9
2019-07-25T04:15:00Z,AOB,Arundel_on_the_Bay,38.91675,-76.45838,1.0,8.53,1.043,28.46,6.74,114.0
2019-07-25T04:30:00Z,AOB,Arundel_on_the_Bay,38.91675,-76.45838,1.0,8.84,1.043,28.55,6.69,118.3
2019-07-25T04:45:00Z,AOB,Arundel_on_the_Bay,38.91675,-76.45838,1.0,8.78,1.044,28.57,6.66,117.5
2019-07-25T05:00:00Z,AOB,Arundel_on_the_Bay,38.91675,-76.45838,1.0,8.53,1.043,28.5,6.61,114.0
2019-07-25T05:15:00Z,AOB,Arundel_on_the_Bay,38.91675,-76.45838,1.0,8.17,1.043,28.37,6.6,108.9
2019-07-25T05:30:00Z,AOB,Arundel_on_the_Bay,38.91675,-76.45838,1.0,8.35,1.045,28.29,6.6,111.3
2019-07-25T05:45:00Z,AOB,Arundel_on_the_Bay,38.91675,-76.45838,1.0,8.59,1.044,28.29,6.57,114.5
2019-07-25T06:00:00Z,AOB,Arundel_on_the_Bay,38.91675,-76.45838,1.0,8.39,1.046,28.29,6.53,111.7
2019-07-25T06:15:00Z,AOB,Arundel_on_the_Bay,38.91675,-76.45838,1.0,8.32,1.049,28.27,6.52,110.8
2019-07-25T06:30:00Z,AOB,Arundel_on_the_Bay,38.91675,-76.45838,1.0,8.16,1.048,28.23,6.51,108.6
2019-07-25T06:45:00Z,AOB,Arundel_on_the_Bay,38.91675,-76.45838,1.0,8.04,1.048,28.23,6.48,106.8
2019-07-25T07:00:00Z,AOB,Arundel_on_the_Bay,38.91675,-76.45838,1.0,8.0,1.049,28.2,6.48,106.3
2019-07-25T07:15:00Z,AOB,Arundel_on_the_Bay,38.91675,-76.45838,1.0,7.84,1.049,28.19,6.46,104.1
2019-07-25T07:30:00Z,AOB,Arundel_on_the_Bay,38.91675,-76.45838,1.0,7.81,1.05,28.16,6.46,103.7
2019-07-25T07:45:00Z,AOB,Arundel_on_the_Bay,38.91675,-76.45838,1.0,7.65,1.05,28.15,6.44,101.5
2019-07-25T08:00:00Z,AOB,Arundel_on_the_Bay,38.91675,-76.45838,1.0,7.56,1.051,28.13,6.43,100.2
2019-07-25T08:15:00Z,AOB,Arundel_on_the_Bay,38.91675,-76.45838,1.0,7.51,1.048,28.07,6.42,99.5
2019-07-25T08:30:00Z,AOB,Arundel_on_the_Bay,38.91675,-76.45838,1.0,7.47,1.05,28.07,6.43,99.0
2019-07-25T08:45:00Z,AOB,Arundel_on_the_Bay,38.91675,-76.45838,1.0,7.43,1.05,28.05,6.42,98.4
2019-07-25T09:00:00Z,AOB,Arundel_on_the_Bay,38.91675,-76.45838,1.0,7.37,1.05,28.03,6.42,97.6
2019-07-25T09:15:00Z,AOB,Arundel_on_the_Bay,38.91675,-76.45838,1.0,7.39,1.052,28.04,6.44,97.9
2019-07-25T09:30:00Z,AOB,Arundel_on_the_Bay,38.91675,-76.45838,1.0,7.34,1.051,28.02,6.45,97.2
2019-07-25T09:45:00Z,AOB,Arundel_on_the_Bay,38.91675,-76.45838,1.0,7.29,1.055,28.02,6.44,96.5
2019-07-25T10:00:00Z,AOB,Arundel_on_the_Bay,38.91675,-76.45838,1.0,7.17,1.055,27.96,6.42,94.9
2019-07-25T10:15:00Z,AOB,Arundel_on_the_Bay,38.91675,-76.45838,1.0,7.1,1.058,27.89,6.42,93.8
2019-07-25T10:30:00Z,AOB,Arundel_on_the_Bay,38.91675,-76.45838,1.0,7.03,1.059,27.86,6.42,92.8
2019-07-25T10:45:00Z,AOB,Arundel_on_the_Bay,38.91675,-76.45838,1.0,6.92,1.062,27.82,6.41,91.3
2019-07-25T11:00:00Z,AOB,Arundel_on_the_Bay,38.91675,-76.45838,1.0,6.94,1.061,27.78,6.42,91.6
2019-07-25T11:15:00Z,AOB,Arundel_on_the_Bay,38.91675,-76.45838,1.0,6.94,1.064,27.74,6.41,91.4
2019-07-25T11:30:00Z,AOB,Arundel_on_the_Bay,38.91675,-76.45838,1.0,6.9,1.064,27.7,6.43,90.8
2019-07-25T11:45:00Z,AOB,Arundel_on_the_Bay,38.91675,-76.45838,1.0,6.99,1.065,27.71,6.43,92.1
2019-07-25T12:00:00Z,AOB,Arundel_on_the_Bay,38.91675,-76.45838,1.0,6.9,1.064,27.69,6.47,90.8
2019-07-25T12:15:00Z,AOB,Arundel_on_the_Bay,38.91675,-76.45838,1.0,7.24,1.066,27.55,6.49,95.1
2019-07-25T12:30:00Z,AOB,Arundel_on_the_Bay,38.91675,-76.45838,1.0,7.52,1.064,27.47,6.66,98.7
2019-07-25T12:45:00Z,AOB,Arundel_on_the_Bay,38.91675,-76.45838,1.0,7.66,1.064,27.44,6.79,100.6
2019-07-25T13:00:00Z,AOB,Arundel_on_the_Bay,38.91675,-76.45838,1.0,7.39,1.065,27.43,6.85,97.1
2019-07-25T13:15:00Z,AOB,Arundel_on_the_Bay,38.91675,-76.45838,1.0,7.71,1.067,27.47,6.78,101.3
2019-07-25T13:30:00Z,AOB,Arundel_on_the_Bay,38.91675,-76.45838,1.0,7.88,1.066,27.6,6.7,103.7
2019-07-25T13:45:00Z,AOB,Arundel_on_the_Bay,38.91675,-76.45838,1.0,7.94,1.064,27.57,6.72,104.5
2019-07-25T14:00:00Z,AOB,Arundel_on_the_Bay,38.91675,-76.45838,1.0,7.99,1.067,27.74,6.64,105.5
2019-07-25T14:15:00Z,AOB,Arundel_on_the_Bay,38.91675,-76.45838,1.0,8.12,1.06,27.76,6.66,107.2
2019-07-25T14:30:00Z,AOB,Arundel_on_the_Bay,38.91675,-76.45838,1.0,8.31,1.066,27.79,6.6,109.7
2019-07-25T14:45:00Z,AOB,Arundel_on_the_Bay,38.91675,-76.45838,1.0,8.65,1.069,27.81,6.56,114.2
2019-07-25T15:00:00Z,AOB,Arundel_on_the_Bay,38.91675,-76.45838,1.0,8.59,1.071,27.8,6.65,113.5
2019-07-25T15:15:00Z,AOB,Arundel_on_the_Bay,38.91675,-76.45838,1.0,8.66,1.066,27.84,6.68,114.6
2019-07-25T15:30:00Z,AOB,Arundel_on_the_Bay,38.91675,-76.45838,1.0,8.9,1.066,27.98,6.69,118.0
2019-07-25T15:45:00Z,AOB,Arundel_on_the_Bay,38.91675,-76.45838,1.0,9.37,1.072,28.17,6.68,124.7
2019-07-25T16:00:00Z,AOB,Arundel_on_the_Bay,38.91675,-76.45838,1.0,9.13,1.07,28.31,6.68,121.7
2019-07-25T16:15:00Z,AOB,Arundel_on_the_Bay,38.91675,-76.45838,1.0,9.44,1.073,28.48,6.66,126.2
2019-07-25T16:30:00Z,AOB,Arundel_on_the_Bay,38.91675,-76.45838,1.0,9.98,1.071,28.65,6.63,133.8
2019-07-25T16:45:00Z,AOB,Arundel_on_the_Bay,38.91675,-76.45838,1.0,10.07,1.067,28.6,6.5,134.8
2019-07-25T17:00:00Z,AOB,Arundel_on_the_Bay,38.91675,-76.45838,1.0,10.97,1.074,28.68,6.43,147.0
2019-07-25T17:15:00Z,AOB,Arundel_on_the_Bay,38.91675,-76.45838,1.0,11.57,1.068,28.75,6.42,155.1
2019-07-25T17:30:00Z,AOB,Arundel_on_the_Bay,38.91675,-76.45838,1.0,12.15,1.068,28.76,6.4,163.0
2019-07-25T17:45:00Z,AOB,Arundel_on_the_Bay,38.91675,-76.45838,1.0,12.6,1.062,28.82,6.4,169.2
2019-07-25T18:00:00Z,AOB,Arundel_on_the_Bay,38.91675,-76.45838,1.0,12.22,1.065,28.85,6.4,164.2
2019-07-25T18:15:00Z,AOB,Arundel_on_the_Bay,38.91675,-76.45838,1.0,11.86,1.071,28.88,6.41,159.4
2019-07-25T18:30:00Z,AOB,Arundel_on_the_Bay,38.91675,-76.45838,1.0,11.74,1.059,28.94,6.4,157.9
2019-07-25T18:45:00Z,AOB,Arundel_on_the_Bay,38.91675,-76.45838,1.0,11.83,1.065,29.05,6.4,159.5
2019-07-25T19:00:00Z,AOB,Arundel_on_the_Bay,38.91675,-76.45838,1.0,11.81,1.068,29.13,6.4,159.5
2019-07-25T19:15:00Z,AOB,Arundel_on_the_Bay,38.91675,-76.45838,1.0,11.83,1.068,29.22,6.39,159.9
2019-07-25T19:30:00Z,AOB,Arundel_on_the_Bay,38.91675,-76.45838,1.0,11.68,1.066,29.29,6.41,158.1
2019-07-25T19:45:00Z,AOB,Arundel_on_the_Bay,38.91675,-76.45838,1.0,11.55,1.068,29.36,6.43,156.5
2019-07-25T20:00:00Z,AOB,Arundel_on_the_Bay,38.91675,-76.45838,1.0,11.64,1.073,29.41,6.45,157.9
2019-07-25T20:15:00Z,AOB,Arundel_on_the_Bay,38.91675,-76.45838,1.0,11.74,1.069,29.43,6.47,159.4
2019-07-25T20:30:00Z,AOB,Arundel_on_the_Bay,38.91675,-76.45838,1.0,12.58,1.07,29.46,6.47,170.8
2019-07-25T20:45:00Z,AOB,Arundel_on_the_Bay,38.91675,-76.45838,1.0,12.96,1.07,29.47,6.47,176.0
2019-07-25T21:00:00Z,AOB,Arundel_on_the_Bay,38.91675,-76.45838,1.0,14.62,1.07,29.49,6.5,198.7
2019-07-25T21:15:00Z,AOB,Arundel_on_the_Bay,38.91675,-76.45838,1.0,14.53,1.068,29.41,6.49,197.2
2019-07-25T21:30:00Z,AOB,Arundel_on_the_Bay,38.91675,-76.45838,1.0,14.5,1.065,29.36,6.48,196.6
2019-07-25T21:45:00Z,AOB,Arundel_on_the_Bay,38.91675,-76.45838,1.0,14.9,1.067,29.35,6.48,202.0
2019-07-25T22:00:00Z,AOB,Arundel_on_the_Bay,38.91675,-76.45838,1.0,15.27,1.071,29.35,6.48,207.0
2019-07-25T22:15:00Z,AOB,Arundel_on_the_Bay,38.91675,-76.45838,1.0,15.38,1.073,29.38,6.49,208.7
2019-07-25T22:30:00Z,AOB,Arundel_on_the_Bay,38.91675,-76.45838,1.0,15.5,1.069,29.37,6.49,210.2
2019-07-25T22:45:00Z,AOB,Arundel_on_the_Bay,38.91675,-76.45838,1.0,15.48,1.071,29.37,6.49,210.0
2019-07-25T23:00:00Z,AOB,Arundel_on_the_Bay,38.91675,-76.45838,1.0,15.71,1.074,29.36,6.49,213.0
2019-07-26T00:00:00Z,AOB,Arundel_on_the_Bay,38.91675,-76.45838,1.0,14.82,1.082,29.16,6.48,200.2
2019-07-26T00:15:00Z,AOB,Arundel_on_the_Bay,38.91675,-76.45838,1.0,13.46,1.08,28.99,6.49,181.4
2019-07-26T00:30:00Z,AOB,Arundel_on_the_Bay,38.91675,-76.45838,1.0,11.26,1.083,28.99,6.69,151.9
2019-07-26T00:45:00Z,AOB,Arundel_on_the_Bay,38.91675,-76.45838,1.0,10.87,1.081,28.93,6.68,146.4
2019-07-26T01:00:00Z,AOB,Arundel_on_the_Bay,38.91675,-76.45838,1.0,10.79,1.085,28.92,6.67,145.4
2019-07-26T01:15:00Z,AOB,Arundel_on_the_Bay,38.91675,-76.45838,1.0,10.41,1.08,28.85,6.67,140.0
2019-07-26T01:30:00Z,AOB,Arundel_on_the_Bay,38.91675,-76.45838,1.0,10.59,1.086,28.82,6.67,142.3
2019-07-26T01:45:00Z,AOB,Arundel_on_the_Bay,38.91675,-76.45838,1.0,10.96,1.087,28.75,6.63,147.2
2019-07-26T02:00:00Z,AOB,Arundel_on_the_Bay,38.91675,-76.45838,1.0,11.06,1.086,28.83,6.61,148.7
2019-07-26T02:15:00Z,AOB,Arundel_on_the_Bay,38.91675,-76.45838,1.0,9.69,1.085,28.7,6.67,130.0
2019-07-26T02:30:00Z,AOB,Arundel_on_the_Bay,38.91675,-76.45838,1.0,9.99,1.09,28.7,6.64,134.1
2019-07-26T02:45:00Z,AOB,Arundel_on_the_Bay,38.91675,-76.45838,1.0,9.32,1.093,28.33,6.73,124.3
2019-07-26T03:00:00Z,AOB,Arundel_on_the_Bay,38.91675,-76.45838,1.0,9.06,1.093,28.26,6.74,120.7
2019-07-26T03:15:00Z,AOB,Arundel_on_the_Bay,38.91675,-76.45838,1.0,9.47,1.093,28.41,6.65,126.5
2019-07-26T03:30:00Z,AOB,Arundel_on_the_Bay,38.91675,-76.45838,1.0,10.16,1.094,28.5,6.61,135.8
2019-07-26T03:45:00Z,AOB,Arundel_on_the_Bay,38.91675,-76.45838,1.0,9.56,1.097,28.44,6.63,127.7
2019-07-26T04:00:00Z,AOB,Arundel_on_the_Bay,38.91675,-76.45838,1.0,9.38,1.098,28.48,6.67,125.4
2019-07-26T04:15:00Z,AOB,Arundel_on_the_Bay,38.91675,-76.45838,1.0,9.57,1.099,28.53,6.65,128.1
2019-07-26T04:30:00Z,AOB,Arundel_on_the_Bay,38.91675,-76.45838,1.0,9.6,1.1,28.47,6.65,128.3
2019-07-26T04:45:00Z,AOB,Arundel_on_the_Bay,38.91675,-76.45838,1.0,9.73,1.1,28.38,6.62,129.9
2019-07-26T05:00:00Z,AOB,Arundel_on_the_Bay,38.91675,-76.45838,1.0,9.71,1.1,28.34,6.61,129.4
2019-07-26T05:15:00Z,AOB,Arundel_on_the_Bay,38.91675,-76.45838,1.0,9.5,1.102,28.32,6.56,126.5
2019-07-26T05:30:00Z,AOB,Arundel_on_the_Bay,38.91675,-76.45838,1.0,9.56,1.102,28.36,6.55,127.5
2019-07-26T05:45:00Z,AOB,Arundel_on_the_Bay,38.91675,-76.45838,1.0,9.68,1.105,28.38,6.49,129.1
2019-07-26T06:00:00Z,AOB,Arundel_on_the_Bay,38.91675,-76.45838,1.0,9.62,1.104,28.39,6.46,128.3
2019-07-26T06:15:00Z,AOB,Arundel_on_the_Bay,38.91675,-76.45838,1.0,9.77,1.102,28.3,6.39,130.0
2019-07-26T06:30:00Z,AOB,Arundel_on_the_Bay,38.91675,-76.45838,1.0,9.82,1.103,28.29,6.4,130.6
2019-07-26T06:45:00Z,AOB,Arundel_on_the_Bay,38.91675,-76.45838,1.0,9.93,1.103,28.18,6.41,131.9
2019-07-26T07:00:00Z,AOB,Arundel_on_the_Bay,38.91675,-76.45838,1.0,10.02,1.104,28.15,6.4,133.0
2019-07-26T07:15:00Z,AOB,Arundel_on_the_Bay,38.91675,-76.45838,1.0,9.93,1.103,28.13,6.4,131.8
2019-07-26T07:30:00Z,AOB,Arundel_on_the_Bay,38.91675,-76.45838,1.0,9.96,1.104,28.09,6.39,132.0
2019-07-26T07:45:00Z,AOB,Arundel_on_the_Bay,38.91675,-76.45838,1.0,9.91,1.104,28.06,6.4,131.3
2019-07-26T08:00:00Z,AOB,Arundel_on_the_Bay,38.91675,-76.45838,1.0,9.81,1.105,28.04,6.4,130.0
2019-07-26T08:15:00Z,AOB,Arundel_on_the_Bay,38.91675,-76.45838,1.0,9.7,1.105,28.08,6.39,128.6
2019-07-26T08:30:00Z,AOB,Arundel_on_the_Bay,38.91675,-76.45838,1.0,9.6,1.107,28.06,6.39,127.2
2019-07-26T08:45:00Z,AOB,Arundel_on_the_Bay,38.91675,-76.45838,1.0,9.48,1.107,28.05,6.38,125.6
2019-07-26T09:00:00Z,AOB,Arundel_on_the_Bay,38.91675,-76.45838,1.0,9.43,1.108,28.0,6.39,124.8
2019-07-26T09:15:00Z,AOB,Arundel_on_the_Bay,38.91675,-76.45838,1.0,9.34,1.111,27.96,6.39,123.6
2019-07-26T09:30:00Z,AOB,Arundel_on_the_Bay,38.91675,-76.45838,1.0,9.28,1.111,27.92,6.37,122.7
2019-07-26T09:45:00Z,AOB,Arundel_on_the_Bay,38.91675,-76.45838,1.0,9.27,1.111,27.89,6.38,122.4
2019-07-26T10:00:00Z,AOB,Arundel_on_the_Bay,38.91675,-76.45838,1.0,9.26,1.115,27.86,6.37,122.3
2019-07-26T10:15:00Z,AOB,Arundel_on_the_Bay,38.91675,-76.45838,1.0,9.16,1.113,27.77,6.38,120.8
2019-07-26T10:30:00Z,AOB,Arundel_on_the_Bay,38.91675,-76.45838,1.0,9.04,1.113,27.78,6.36,119.1
2019-07-26T10:45:00Z,AOB,Arundel_on_the_Bay,38.91675,-76.45838,1.0,8.9,1.116,27.78,6.37,117.3
2019-07-26T11:00:00Z,AOB,Arundel_on_the_Bay,38.91675,-76.45838,1.0,8.78,1.115,27.77,6.36,115.7
2019-07-26T11:15:00Z,AOB,Arundel_on_the_Bay,38.91675,-76.45838,1.0,8.71,1.117,27.75,6.37,114.8
2019-07-26T11:30:00Z,AOB,Arundel_on_the_Bay,38.91675,-76.45838,1.0,8.63,1.118,27.75,6.37,113.7
2019-07-26T11:45:00Z,AOB,Arundel_on_the_Bay,38.91675,-76.45838,1.0,8.54,1.119,27.73,6.36,112.5
2019-07-26T12:00:00Z,AOB,Arundel_on_the_Bay,38.91675,-76.45838,1.0,8.52,1.117,27.72,6.36,112.2
2019-07-26T12:15:00Z,AOB,Arundel_on_the_Bay,38.91675,-76.45838,1.0,8.66,1.114,27.7,6.36,114.0
2019-07-26T12:30:00Z,AOB,Arundel_on_the_Bay,38.91675,-76.45838,1.0,8.61,1.118,27.69,6.34,113.3
2019-07-26T12:45:00Z,AOB,Arundel_on_the_Bay,38.91675,-76.45838,1.0,8.94,1.121,27.75,6.36,117.8
2019-07-26T13:00:00Z,AOB,Arundel_on_the_Bay,38.91675,-76.45838,1.0,8.77,1.119,27.71,6.35,115.5
2019-07-26T13:15:00Z,AOB,Arundel_on_the_Bay,38.91675,-76.45838,1.0,9.07,1.123,27.72,6.44,119.6
2019-07-26T13:30:00Z,AOB,Arundel_on_the_Bay,38.91675,-76.45838,1.0,8.71,1.115,27.75,6.54,114.8
2019-07-26T13:45:00Z,AOB,Arundel_on_the_Bay,38.91675,-76.45838,1.0,8.18,1.118,27.68,6.66,107.8
2019-07-26T14:00:00Z,AOB,Arundel_on_the_Bay,38.91675,-76.45838,1.0,8.07,1.122,27.7,6.66,106.4
2019-07-26T14:15:00Z,AOB,Arundel_on_the_Bay,38.91675,-76.45838,1.0,8.36,1.121,27.8,6.66,110.4
2019-07-26T14:30:00Z,AOB,Arundel_on_the_Bay,38.91675,-76.45838,1.0,8.62,1.121,27.91,6.58,114.0
2019-07-26T14:45:00Z,AOB,Arundel_on_the_Bay,38.91675,-76.45838,1.0,9.6,1.126,28.11,6.46,127.4
2019-07-26T15:00:00Z,AOB,Arundel_on_the_Bay,38.91675,-76.45838,1.0,9.23,1.124,28.1,6.5,122.5
2019-07-26T15:15:00Z,AOB,Arundel_on_the_Bay,38.91675,-76.45838,1.0,9.45,1.125,28.18,6.51,125.6
2019-07-26T15:30:00Z,AOB,Arundel_on_the_Bay,38.91675,-76.45838,1.0,9.07,1.128,28.13,6.53,120.5
2019-07-26T15:45:00Z,AOB,Arundel_on_the_Bay,38.91675,-76.45838,1.0,8.68,1.123,28.02,6.59,115.1
2019-07-26T16:00:00Z,AOB,Arundel_on_the_Bay,38.91675,-76.45838,1.0,10.14,1.123,28.44,6.48,135.4
2019-07-26T16:15:00Z,AOB,Arundel_on_the_Bay,38.91675,-76.45838,1.0,9.67,1.127,28.31,6.49,128.7
2019-07-26T16:30:00Z,AOB,Arundel_on_the_Bay,38.91675,-76.45838,1.0,10.35,1.127,28.73,6.58,138.8
2019-07-26T16:45:00Z,AOB,Arundel_on_the_Bay,38.91675,-76.45838,1.0,10.39,1.129,28.87,6.42,139.6
2019-07-26T17:00:00Z,AOB,Arundel_on_the_Bay,38.91675,-76.45838,1.0,10.48,1.125,28.96,6.43,141.1
2019-07-26T17:15:00Z,AOB,Arundel_on_the_Bay,38.91675,-76.45838,1.0,10.63,1.126,29.01,6.43,143.2
2019-07-26T17:30:00Z,AOB,Arundel_on_the_Bay,38.91675,-76.45838,1.0,10.71,1.129,29.05,6.37,144.4
2019-07-26T17:45:00Z,AOB,Arundel_on_the_Bay,38.91675,-76.45838,1.0,11.7,1.126,29.09,6.19,157.7
2019-07-26T18:00:00Z,AOB,Arundel_on_the_Bay,38.91675,-76.45838,1.0,12.09,1.123,29.17,6.16,163.1
2019-07-26T18:15:00Z,AOB,Arundel_on_the_Bay,38.91675,-76.45838,1.0,12.38,1.122,29.28,6.12,167.3
2019-07-26T18:30:00Z,AOB,Arundel_on_the_Bay,38.91675,-76.45838,1.0,13.02,1.126,29.36,6.05,176.1
2019-07-26T18:45:00Z,AOB,Arundel_on_the_Bay,38.91675,-76.45838,1.0,13.27,1.12,29.45,6.02,179.8
2019-07-26T19:00:00Z,AOB,Arundel_on_the_Bay,38.91675,-76.45838,1.0,14.04,1.122,29.64,5.96,190.8
2019-07-26T19:15:00Z,AOB,Arundel_on_the_Bay,38.91675,-76.45838,1.0,14.86,1.118,29.79,5.94,202.4
2019-07-26T19:30:00Z,AOB,Arundel_on_the_Bay,38.91675,-76.45838,1.0,15.02,1.122,29.84,5.98,204.8
2019-07-26T19:45:00Z,AOB,Arundel_on_the_Bay,38.91675,-76.45838,1.0,15.26,1.119,29.97,5.96,208.5
2019-07-26T20:00:00Z,AOB,Arundel_on_the_Bay,38.91675,-76.45838,1.0,16.53,1.119,30.07,5.93,226.2
2019-07-26T20:15:00Z,AOB,Arundel_on_the_Bay,38.91675,-76.45838,1.0,16.22,1.119,30.15,5.95,222.3
2019-07-26T20:30:00Z,AOB,Arundel_on_the_Bay,38.91675,-76.45838,1.0,16.47,1.119,30.21,5.94,225.9
2019-07-26T20:45:00Z,AOB,Arundel_on_the_Bay,38.91675,-76.45838,1.0,17.02,1.115,30.26,5.97,233.7
2019-07-26T21:00:00Z,AOB,Arundel_on_the_Bay,38.91675,-76.45838,1.0,17.69,1.113,30.36,5.97,243.3
2019-07-26T21:15:00Z,AOB,Arundel_on_the_Bay,38.91675,-76.45838,1.0,15.14,1.113,30.47,6.05,208.7
2019-07-26T21:30:00Z,AOB,Arundel_on_the_Bay,38.91675,-76.45838,1.0,14.35,1.113,30.66,6.24,198.7
2019-07-26T21:45:00Z,AOB,Arundel_on_the_Bay,38.91675,-76.45838,1.0,15.27,1.113,30.62,6.21,211.2
2019-07-26T22:00:00Z,AOB,Arundel_on_the_Bay,38.91675,-76.45838,1.0,14.79,1.113,30.49,6.22,204.2
2019-07-26T22:15:00Z,AOB,Arundel_on_the_Bay,38.91675,-76.45838,1.0,15.12,1.114,30.49,6.19,208.7
2019-07-26T22:30:00Z,AOB,Arundel_on_the_Bay,38.91675,-76.45838,1.0,15.6,1.111,30.53,6.15,215.4
2019-07-26T22:45:00Z,AOB,Arundel_on_the_Bay,38.91675,-76.45838,1.0,15.79,1.114,30.51,6.13,217.9
2019-07-26T23:00:00Z,AOB,Arundel_on_the_Bay,38.91675,-76.45838,1.0,15.9,1.114,30.15,5.96,217.8
2019-07-27T00:00:00Z,AOB,Arundel_on_the_Bay,38.91675,-76.45838,1.0,14.1,1.114,29.73,5.75,191.6
2019-07-27T00:15:00Z,AOB,Arundel_on_the_Bay,38.91675,-76.45838,1.0,13.74,1.114,29.66,5.7,186.5
2019-07-27T00:30:00Z,AOB,Arundel_on_the_Bay,38.91675,-76.45838,1.0,13.48,1.116,29.58,5.72,182.7
2019-07-27T00:45:00Z,AOB,Arundel_on_the_Bay,38.91675,-76.45838,1.0,13.43,1.116,29.82,5.89,182.9
2019-07-27T01:00:00Z,AOB,Arundel_on_the_Bay,38.91675,-76.45838,1.0,13.28,1.118,29.96,6.12,181.5
2019-07-27T01:15:00Z,AOB,Arundel_on_the_Bay,38.91675,-76.45838,1.0,12.45,1.117,30.02,6.39,170.6
2019-07-27T01:30:00Z,AOB,Arundel_on_the_Bay,38.91675,-76.45838,1.0,11.98,1.121,29.93,6.4,163.9
2019-07-27T01:45:00Z,AOB,Arundel_on_the_Bay,38.91675,-76.45838,1.0,11.04,1.121,29.79,6.43,150.7
2019-07-27T02:00:00Z,AOB,Arundel_on_the_Bay,38.91675,-76.45838,1.0,10.98,1.123,29.72,6.42,149.7
2019-07-27T02:15:00Z,AOB,Arundel_on_the_Bay,38.91675,-76.45838,1.0,11.19,1.112,29.78,6.42,152.7
2019-07-27T02:30:00Z,AOB,Arundel_on_the_Bay,38.91675,-76.45838,1.0,11.44,1.1,29.74,6.38,156.0
2019-07-27T02:45:00Z,AOB,Arundel_on_the_Bay,38.91675,-76.45838,1.0,11.43,1.11,29.28,6.4,154.7
2019-07-27T03:00:00Z,AOB,Arundel_on_the_Bay,38.91675,-76.45838,1.0,10.87,1.114,29.03,6.47,146.5
2019-07-27T03:15:00Z,AOB,Arundel_on_the_Bay,38.91675,-76.45838,1.0,10.51,1.118,29.02,6.45,141.7
2019-07-27T03:30:00Z,AOB,Arundel_on_the_Bay,38.91675,-76.45838,1.0,10.12,1.114,29.05,6.45,136.5
2019-07-27T03:45:00Z,AOB,Arundel_on_the_Bay,38.91675,-76.45838,1.0,10.81,1.118,29.42,6.34,146.5
2019-07-27T04:00:00Z,AOB,Arundel_on_the_Bay,38.91675,-76.45838,1.0,11.04,1.122,29.34,6.33,149.5
2019-07-27T04:15:00Z,AOB,Arundel_on_the_Bay,38.91675,-76.45838,1.0,10.92,1.124,29.27,6.36,147.7
2019-07-27T04:30:00Z,AOB,Arundel_on_the_Bay,38.91675,-76.45838,1.0,10.67,1.121,29.04,6.42,143.8
2019-07-27T04:45:00Z,AOB,Arundel_on_the_Bay,38.91675,-76.45838,1.0,10.81,1.123,29.07,6.36,145.7
2019-07-27T05:00:00Z,AOB,Arundel_on_the_Bay,38.91675,-76.45838,1.0,11.24,1.122,29.15,6.23,151.6
2019-07-27T05:15:00Z,AOB,Arundel_on_the_Bay,38.91675,-76.45838,1.0,11.12,1.118,29.19,6.15,150.1
2019-07-27T05:30:00Z,AOB,Arundel_on_the_Bay,38.91675,-76.45838,1.0,11.22,1.124,29.28,6.13,151.7
2019-07-27T05:45:00Z,AOB,Arundel_on_the_Bay,38.91675,-76.45838,1.0,10.92,1.122,29.18,6.0,147.2
2019-07-27T06:00:00Z,AOB,Arundel_on_the_Bay,38.91675,-76.45838,1.0,10.83,1.124,29.11,5.91,145.7
2019-07-27T06:15:00Z,AOB,Arundel_on_the_Bay,38.91675,-76.45838,1.0,10.79,1.122,29.08,5.89,145.1
2019-07-27T06:30:00Z,AOB,Arundel_on_the_Bay,38.91675,-76.45838,1.0,10.92,1.121,28.97,5.77,146.5
2019-07-27T06:45:00Z,AOB,Arundel_on_the_Bay,38.91675,-76.45838,1.0,10.73,1.122,28.93,5.73,143.8
2019-07-27T07:00:00Z,AOB,Arundel_on_the_Bay,38.91675,-76.45838,1.0,10.71,1.122,28.88,5.67,143.3
2019-07-27T07:15:00Z,AOB,Arundel_on_the_Bay,38.91675,-76.45838,1.0,10.6,1.123,28.79,5.58,141.5
2019-07-27T07:30:00Z,AOB,Arundel_on_the_Bay,38.91675,-76.45838,1.0,10.4,1.12,28.75,5.57,138.9
2019-07-27T07:45:00Z,AOB,Arundel_on_the_Bay,38.91675,-76.45838,1.0,10.41,1.121,28.65,5.49,138.7
2019-07-27T08:00:00Z,AOB,Arundel_on_the_Bay,38.91675,-76.45838,1.0,10.43,1.122,28.6,5.47,138.8
2019-07-27T08:15:00Z,AOB,Arundel_on_the_Bay,38.91675,-76.45838,1.0,10.54,1.123,28.52,5.46,140.1
2019-07-27T08:30:00Z,AOB,Arundel_on_the_Bay,38.91675,-76.45838,1.0,10.46,1.122,28.5,5.46,139.0
2019-07-27T08:45:00Z,AOB,Arundel_on_the_Bay,38.91675,-76.45838,1.0,10.34,1.124,28.46,5.41,137.3
2019-07-27T09:00:00Z,AOB,Arundel_on_the_Bay,38.91675,-76.45838,1.0,10.06,1.126,28.46,5.44,133.6
2019-07-27T09:15:00Z,AOB,Arundel_on_the_Bay,38.91675,-76.45838,1.0,9.86,1.127,28.39,5.44,130.7
2019-07-27T09:30:00Z,AOB,Arundel_on_the_Bay,38.91675,-76.45838,1.0,9.5,1.126,28.36,5.5,125.9
2019-07-27T09:45:00Z,AOB,Arundel_on_the_Bay,38.91675,-76.45838,1.0,9.28,1.127,28.28,5.52,122.9
2019-07-27T10:00:00Z,AOB,Arundel_on_the_Bay,38.91675,-76.45838,1.0,9.27,1.128,28.25,5.58,122.6
2019-07-27T10:15:00Z,AOB,Arundel_on_the_Bay,38.91675,-76.45838,1.0,9.2,1.129,28.17,5.6,121.6
2019-07-27T10:30:00Z,AOB,Arundel_on_the_Bay,38.91675,-76.45838,1.0,9.27,1.129,28.1,5.57,122.4
2019-07-27T10:45:00Z,AOB,Arundel_on_the_Bay,38.91675,-76.45838,1.0,9.1,1.129,28.12,5.73,120.3
2019-07-27T11:00:00Z,AOB,Arundel_on_the_Bay,38.91675,-76.45838,1.0,9.08,1.135,28.06,5.74,119.9
2019-07-27T11:15:00Z,AOB,Arundel_on_the_Bay,38.91675,-76.45838,1.0,8.65,1.132,28.07,5.81,114.3
2019-07-27T11:30:00Z,AOB,Arundel_on_the_Bay,38.91675,-76.45838,1.0,8.59,1.133,28.04,5.98,113.5
2019-07-27T11:45:00Z,AOB,Arundel_on_the_Bay,38.91675,-76.45838,1.0,8.26,1.134,28.04,6.13,109.3
2019-07-27T12:00:00Z,AOB,Arundel_on_the_Bay,38.91675,-76.45838,1.0,8.25,1.135,28.02,6.14,109.1
2019-07-27T12:15:00Z,AOB,Arundel_on_the_Bay,38.91675,-76.45838,1.0,7.75,1.135,28.02,6.46,102.6
2019-07-27T12:30:00Z,AOB,Arundel_on_the_Bay,38.91675,-76.45838,1.0,7.84,1.134,27.9,6.44,103.6
2019-07-27T12:45:00Z,AOB,Arundel_on_the_Bay,38.91675,-76.45838,1.0,7.84,1.134,27.83,6.41,103.5
2019-07-27T13:00:00Z,AOB,Arundel_on_the_Bay,38.91675,-76.45838,1.0,7.61,1.135,27.82,6.52,100.5
2019-07-27T13:15:00Z,AOB,Arundel_on_the_Bay,38.91675,-76.45838,1.0,7.77,1.133,27.86,6.53,102.6
2019-07-27T13:30:00Z,AOB,Arundel_on_the_Bay,38.91675,-76.45838,1.0,7.73,1.133,27.84,6.54,102.1
2019-07-27T13:45:00Z,AOB,Arundel_on_the_Bay,38.91675,-76.45838,1.0,7.68,1.13,27.92,6.61,101.6
2019-07-27T14:00:00Z,AOB,Arundel_on_the_Bay,38.91675,-76.45838,1.0,7.39,1.135,27.91,6.68,97.9
2019-07-27T14:15:00Z,AOB,Arundel_on_the_Bay,38.91675,-76.45838,1.0,7.68,1.127,27.97,6.6,101.7
2019-07-27T14:30:00Z,AOB,Arundel_on_the_Bay,38.91675,-76.45838,1.0,7.87,1.129,28.0,6.56,104.3
2019-07-27T14:45:00Z,AOB,Arundel_on_the_Bay,38.91675,-76.45838,1.0,8.27,1.129,28.1,6.46,109.6
2019-07-27T15:00:00Z,AOB,Arundel_on_the_Bay,38.91675,-76.45838,1.0,8.66,1.128,28.32,6.42,115.2
2019-07-27T15:15:00Z,AOB,Arundel_on_the_Bay,38.91675,-76.45838,1.0,8.39,1.125,28.25,6.43,111.6
2019-07-27T15:30:00Z,AOB,Arundel_on_the_Bay,38.91675,-76.45838,1.0,8.97,1.124,28.48,6.35,119.6
2019-07-27T15:45:00Z,AOB,Arundel_on_the_Bay,38.91675,-76.45838,1.0,8.61,1.121,28.25,6.38,114.5
2019-07-27T16:00:00Z,AOB,Arundel_on_the_Bay,38.91675,-76.45838,1.0,8.87,1.121,28.26,6.41,117.9
2019-07-27T16:15:00Z,AOB,Arundel_on_the_Bay,38.91675,-76.45838,1.0,9.64,1.12,28.54,6.35,128.7
2019-07-27T16:30:00Z,AOB,Arundel_on_the_Bay,38.91675,-76.45838,1.0,9.86,1.117,28.61,6.35,131.8
2019-07-27T16:45:00Z,AOB,Arundel_on_the_Bay,38.91675,-76.45838,1.0,10.04,1.116,28.75,6.37,134.6
2019-07-27T17:00:00Z,AOB,Arundel_on_the_Bay,38.91675,-76.45838,1.0,10.0,1.116,28.77,6.38,134.1
2019-07-27T17:15:00Z,AOB,Arundel_on_the_Bay,38.91675,-76.45838,1.0,9.74,1.115,28.77,6.41,130.7
2019-07-27T17:30:00Z,AOB,Arundel_on_the_Bay,38.91675,-76.45838,1.0,9.71,1.113,28.89,6.42,130.5
2019-07-27T17:45:00Z,AOB,Arundel_on_the_Bay,38.91675,-76.45838,1.0,9.89,1.107,28.85,6.43,132.9
2019-07-27T18:00:00Z,AOB,Arundel_on_the_Bay,38.91675,-76.45838,1.0,10.53,1.105,28.87,6.41,141.6
2019-07-27T18:15:00Z,AOB,Arundel_on_the_Bay,38.91675,-76.45838,1.0,10.58,1.108,29.14,6.4,142.8
2019-07-27T18:30:00Z,AOB,Arundel_on_the_Bay,38.91675,-76.45838,1.0,10.52,1.111,28.88,6.4,141.4
2019-07-27T18:45:00Z,AOB,Arundel_on_the_Bay,38.91675,-76.45838,1.0,10.73,1.104,29.21,6.4,145.1
2019-07-27T19:00:00Z,AOB,Arundel_on_the_Bay,38.91675,-76.45838,1.0,10.82,1.101,29.43,6.38,146.8
2019-07-27T19:15:00Z,AOB,Arundel_on_the_Bay,38.91675,-76.45838,1.0,10.89,1.106,29.57,6.36,148.1
2019-07-27T19:30:00Z,AOB,Arundel_on_the_Bay,38.91675,-76.45838,1.0,10.9,1.1,29.62,6.37,148.3
2019-07-27T19:45:00Z,AOB,Arundel_on_the_Bay,38.91675,-76.45838,1.0,10.88,1.097,29.65,6.38,148.1
2019-07-27T20:00:00Z,AOB,Arundel_on_the_Bay,38.91675,-76.45838,1.0,11.18,1.097,29.73,6.35,152.4
2019-07-27T20:15:00Z,AOB,Arundel_on_the_Bay,38.91675,-76.45838,1.0,11.94,1.098,29.74,6.31,162.8
2019-07-27T20:30:00Z,AOB,Arundel_on_the_Bay,38.91675,-76.45838,1.0,11.19,1.095,29.83,6.35,152.8
2019-07-27T20:45:00Z,AOB,Arundel_on_the_Bay,38.91675,-76.45838,1.0,11.07,1.096,29.85,6.35,151.2
2019-07-27T21:00:00Z,AOB,Arundel_on_the_Bay,38.91675,-76.45838,1.0,10.88,1.092,29.91,6.37,148.8
2019-07-27T21:15:00Z,AOB,Arundel_on_the_Bay,38.91675,-76.45838,1.0,10.77,1.092,29.92,6.36,147.3
2019-07-27T21:30:00Z,AOB,Arundel_on_the_Bay,38.91675,-76.45838,1.0,10.92,1.09,29.92,6.37,149.4
2019-07-27T21:45:00Z,AOB,Arundel_on_the_Bay,38.91675,-76.45838,1.0,10.98,1.087,29.87,6.33,150.1
2019-07-27T22:00:00Z,AOB,Arundel_on_the_Bay,38.91675,-76.45838,1.0,10.89,1.09,29.83,6.31,148.7
2019-07-27T22:15:00Z,AOB,Arundel_on_the_Bay,38.91675,-76.45838,1.0,10.91,1.09,29.83,6.28,148.9
2019-07-27T22:30:00Z,AOB,Arundel_on_the_Bay,38.91675,-76.45838,1.0,10.88,1.087,29.81,6.28,148.4
2019-07-27T22:45:00Z,AOB,Arundel_on_the_Bay,38.91675,-76.45838,1.0,10.86,1.091,29.79,6.27,148.1
2019-07-27T23:00:00Z,AOB,Arundel_on_the_Bay,38.91675,-76.45838,1.0,10.85,1.088,29.7,6.26,147.8
2019-07-28T00:00:00Z,AOB,Arundel_on_the_Bay,38.91675,-76.45838,1.0,10.14,1.084,29.15,6.27,136.8
2019-07-28T00:15:00Z,AOB,Arundel_on_the_Bay,38.91675,-76.45838,1.0,10.09,1.086,29.01,6.26,135.9
2019-07-28T00:30:00Z,AOB,Arundel_on_the_Bay,38.91675,-76.45838,1.0,9.86,1.087,28.95,6.27,132.6
2019-07-28T00:45:00Z,AOB,Arundel_on_the_Bay,38.91675,-76.45838,1.0,10.14,1.089,28.93,6.27,136.3
2019-07-28T01:00:00Z,AOB,Arundel_on_the_Bay,38.91675,-76.45838,1.0,10.09,1.09,28.85,6.28,135.5
2019-07-28T01:15:00Z,AOB,Arundel_on_the_Bay,38.91675,-76.45838,1.0,9.91,1.097,28.71,6.28,132.7
2019-07-28T01:30:00Z,AOB,Arundel_on_the_Bay,38.91675,-76.45838,1.0,9.85,1.09,28.7,6.28,131.9
2019-07-28T01:45:00Z,AOB,Arundel_on_the_Bay,38.91675,-76.45838,1.0,9.91,1.095,28.85,6.28,133.1
2019-07-28T02:00:00Z,AOB,Arundel_on_the_Bay,38.91675,-76.45838,1.0,9.68,1.093,28.66,6.31,129.6
2019-07-28T02:15:00Z,AOB,Arundel_on_the_Bay,38.91675,-76.45838,1.0,9.59,1.101,28.86,6.3,128.8
2019-07-28T02:30:00Z,AOB,Arundel_on_the_Bay,38.91675,-76.45838,1.0,9.05,1.093,28.38,6.33,120.5
2019-07-28T02:45:00Z,AOB,Arundel_on_the_Bay,38.91675,-76.45838,1.0,8.95,1.095,28.41,6.33,119.2
2019-07-28T03:00:00Z,AOB,Arundel_on_the_Bay,38.91675,-76.45838,1.0,8.57,1.093,28.42,6.33,114.2
2019-07-28T03:15:00Z,AOB,Arundel_on_the_Bay,38.91675,-76.45838,1.0,8.58,1.093,28.41,6.34,114.4
2019-07-28T03:30:00Z,AOB,Arundel_on_the_Bay,38.91675,-76.45838,1.0,8.96,1.097,28.61,6.33,119.8
2019-07-28T03:45:00Z,AOB,Arundel_on_the_Bay,38.91675,-76.45838,1.0,9.04,1.098,28.64,6.32,121.0
2019-07-28T04:00:00Z,AOB,Arundel_on_the_Bay,38.91675,-76.45838,1.0,8.79,1.097,28.56,6.32,117.4
2019-07-28T04:15:00Z,AOB,Arundel_on_the_Bay,38.91675,-76.45838,1.0,8.98,1.09,28.57,6.29,120.0
2019-07-28T04:30:00Z,AOB,Arundel_on_the_Bay,38.91675,-76.45838,1.0,8.87,1.092,28.52,6.29,118.4
2019-07-28T04:45:00Z,AOB,Arundel_on_the_Bay,38.91675,-76.45838,1.0,8.27,1.098,28.44,6.3,110.3
2019-07-28T05:00:00Z,AOB,Arundel_on_the_Bay,38.91675,-76.45838,1.0,8.2,1.095,28.41,6.31,109.2
2019-07-28T05:15:00Z,AOB,Arundel_on_the_Bay,38.91675,-76.45838,1.0,8.34,1.091,28.33,6.31,111.0
2019-07-28T05:30:00Z,AOB,Arundel_on_the_Bay,38.91675,-76.45838,1.0,8.28,1.088,28.3,6.3,110.2
2019-07-28T05:45:00Z,AOB,Arundel_on_the_Bay,38.91675,-76.45838,1.0,8.27,1.093,28.3,6.3,110.0
2019-07-28T06:00:00Z,AOB,Arundel_on_the_Bay,38.91675,-76.45838,1.0,8.29,1.087,28.26,6.29,110.2
2019-07-28T06:15:00Z,AOB,Arundel_on_the_Bay,38.91675,-76.45838,1.0,8.1,1.086,28.27,6.28,107.7
2019-07-28T06:30:00Z,AOB,Arundel_on_the_Bay,38.91675,-76.45838,1.0,8.08,1.085,28.23,6.27,107.4
2019-07-28T06:45:00Z,AOB,Arundel_on_the_Bay,38.91675,-76.45838,1.0,7.97,1.089,28.24,6.28,105.9
2019-07-28T07:00:00Z,AOB,Arundel_on_the_Bay,38.91675,-76.45838,1.0,7.81,1.088,28.2,6.29,103.7
2019-07-28T07:15:00Z,AOB,Arundel_on_the_Bay,38.91675,-76.45838,1.0,7.46,1.087,28.19,6.3,99.0
2019-07-28T07:30:00Z,AOB,Arundel_on_the_Bay,38.91675,-76.45838,1.0,7.23,1.088,28.16,6.33,95.9
2019-07-28T07:45:00Z,AOB,Arundel_on_the_Bay,38.91675,-76.45838,1.0,7.0,1.084,28.11,6.4,92.8
2019-07-28T08:00:00Z,AOB,Arundel_on_the_Bay,38.91675,-76.45838,1.0,5.57,1.09,27.97,6.67,73.8
2019-07-28T08:15:00Z,AOB,Arundel_on_the_Bay,38.91675,-76.45838,1.0,4.16,1.085,27.67,7.04,54.9
2019-07-28T08:30:00Z,AOB,Arundel_on_the_Bay,38.91675,-76.45838,1.0,3.75,1.087,27.56,7.19,49.5
2019-07-28T08:45:00Z,AOB,Arundel_on_the_Bay,38.91675,-76.45838,1.0,3.17,1.088,27.42,7.43,41.8
2019-07-28T09:00:00Z,AOB,Arundel_on_the_Bay,38.91675,-76.45838,1.0,2.33,1.089,27.19,7.92,30.7
2019-07-28T09:15:00Z,AOB,Arundel_on_the_Bay,38.91675,-76.45838,1.0,1.91,1.09,27.07,8.21,25.1
2019-07-28T09:30:00Z,AOB,Arundel_on_the_Bay,38.91675,-76.45838,1.0,1.71,1.091,27.01,8.36,22.5
2019-07-28T09:45:00Z,AOB,Arundel_on_the_Bay,38.91675,-76.45838,1.0,1.7,1.086,26.99,8.38,22.4
2019-07-28T10:00:00Z,AOB,Arundel_on_the_Bay,38.91675,-76.45838,1.0,2.04,1.093,26.99,8.14,26.7
2019-07-28T10:15:00Z,AOB,Arundel_on_the_Bay,38.91675,-76.45838,1.0,2.54,1.09,27.04,7.87,33.3
2019-07-28T10:30:00Z,AOB,Arundel_on_the_Bay,38.91675,-76.45838,1.0,3.34,1.088,27.13,7.55,43.9
2019-07-28T10:45:00Z,AOB,Arundel_on_the_Bay,38.91675,-76.45838,1.0,3.82,1.088,27.16,7.4,50.1
2019-07-28T11:00:00Z,AOB,Arundel_on_the_Bay,38.91675,-76.45838,1.0,4.93,1.088,27.17,7.1,64.5
2019-07-28T11:15:00Z,AOB,Arundel_on_the_Bay,38.91675,-76.45838,1.0,6.09,1.091,27.14,6.81,79.6
2019-07-28T11:30:00Z,AOB,Arundel_on_the_Bay,38.91675,-76.45838,1.0,6.02,1.091,27.27,6.83,78.8
2019-07-28T11:45:00Z,AOB,Arundel_on_the_Bay,38.91675,-76.45838,1.0,6.83,1.093,27.36,6.74,89.6
2019-07-28T12:00:00Z,AOB,Arundel_on_the_Bay,38.91675,-76.45838,1.0,6.89,1.093,27.45,6.75,90.5
2019-07-28T12:15:00Z,AOB,Arundel_on_the_Bay,38.91675,-76.45838,1.0,6.8,1.094,27.4,6.78,89.3
2019-07-28T12:30:00Z,AOB,Arundel_on_the_Bay,38.91675,-76.45838,1.0,7.27,1.093,27.49,6.74,95.6
2019-07-28T12:45:00Z,AOB,Arundel_on_the_Bay,38.91675,-76.45838,1.0,6.59,1.092,27.51,6.87,86.7
2019-07-28T13:00:00Z,AOB,Arundel_on_the_Bay,38.91675,-76.45838,1.0,5.99,1.092,27.44,7.02,78.7
2019-07-28T13:15:00Z,AOB,Arundel_on_the_Bay,38.91675,-76.45838,1.0,6.11,1.095,27.46,7.07,80.5
2019-07-28T13:30:00Z,AOB,Arundel_on_the_Bay,38.91675,-76.45838,1.0,6.25,1.092,27.48,7.09,82.3
2019-07-28T13:45:00Z,AOB,Arundel_on_the_Bay,38.91675,-76.45838,1.0,6.11,1.091,27.48,7.12,80.5
2019-07-28T14:00:00Z,AOB,Arundel_on_the_Bay,38.91675,-76.45838,1.0,6.31,1.093,27.51,7.06,83.1
2019-07-28T14:15:00Z,AOB,Arundel_on_the_Bay,38.91675,-76.45838,1.0,6.31,1.092,27.55,7.09,83.2
2019-07-28T14:30:00Z,AOB,Arundel_on_the_Bay,38.91675,-76.45838,1.0,6.05,1.09,27.54,7.13,79.8
2019-07-28T14:45:00Z,AOB,Arundel_on_the_Bay,38.91675,-76.45838,1.0,6.2,1.087,27.57,7.19,81.8
2019-07-28T15:00:00Z,AOB,Arundel_on_the_Bay,38.91675,-76.45838,1.0,6.11,1.089,27.53,7.28,80.6
2019-07-28T15:15:00Z,AOB,Arundel_on_the_Bay,38.91675,-76.45838,1.0,6.04,1.089,27.54,7.32,79.7
2019-07-28T15:30:00Z,AOB,Arundel_on_the_Bay,38.91675,-76.45838,1.0,5.59,1.083,27.55,7.3,73.7
2019-07-28T15:45:00Z,AOB,Arundel_on_the_Bay,38.91675,-76.45838,1.0,4.92,1.085,27.53,7.34,64.9
2019-07-28T16:00:00Z,AOB,Arundel_on_the_Bay,38.91675,-76.45838,1.0,5.04,1.082,27.56,7.4,66.6
2019-07-28T16:15:00Z,AOB,Arundel_on_the_Bay,38.91675,-76.45838,1.0,6.45,1.079,27.88,7.06,85.5
2019-07-28T16:30:00Z,AOB,Arundel_on_the_Bay,38.91675,-76.45838,1.0,6.99,1.075,28.17,7.08,93.2
2019-07-28T16:45:00Z,AOB,Arundel_on_the_Bay,38.91675,-76.45838,1.0,8.56,1.075,28.36,6.83,114.3
2019-07-28T17:00:00Z,AOB,Arundel_on_the_Bay,38.91675,-76.45838,1.0,8.39,1.075,28.36,6.73,112.0
2019-07-28T17:15:00Z,AOB,Arundel_on_the_Bay,38.91675,-76.45838,1.0,8.32,1.07,28.41,6.7,111.1
2019-07-28T17:30:00Z,AOB,Arundel_on_the_Bay,38.91675,-76.45838,1.0,8.47,1.065,28.54,6.72,113.4
2019-07-28T17:45:00Z,AOB,Arundel_on_the_Bay,38.91675,-76.45838,1.0,8.54,1.062,28.59,6.75,114.4
2019-07-28T18:00:00Z,AOB,Arundel_on_the_Bay,38.91675,-76.45838,1.0,8.42,1.064,28.63,6.76,112.9
2019-07-28T18:15:00Z,AOB,Arundel_on_the_Bay,38.91675,-76.45838,1.0,8.47,1.055,28.71,6.78,113.7
2019-07-28T18:30:00Z,AOB,Arundel_on_the_Bay,38.91675,-76.45838,1.0,8.4,1.057,28.76,6.79,112.9
2019-07-28T18:45:00Z,AOB,Arundel_on_the_Bay,38.91675,-76.45838,1.0,8.38,1.058,28.76,6.81,112.6
2019-07-28T19:00:00Z,AOB,Arundel_on_the_Bay,38.91675,-76.45838,1.0,8.53,1.05,28.82,6.81,114.8
2019-07-28T19:15:00Z,AOB,Arundel_on_the_Bay,38.91675,-76.45838,1.0,8.6,1.058,28.89,6.8,115.9
2019-07-28T19:30:00Z,AOB,Arundel_on_the_Bay,38.91675,-76.45838,1.0,8.54,1.053,28.9,6.76,115.1
2019-07-28T19:45:00Z,AOB,Arundel_on_the_Bay,38.91675,-76.45838,1.0,8.32,1.048,28.91,6.78,112.1
2019-07-28T20:00:00Z,AOB,Arundel_on_the_Bay,38.91675,-76.45838,1.0,8.01,1.051,28.88,6.8,107.8
2019-07-28T20:15:00Z,AOB,Arundel_on_the_Bay,38.91675,-76.45838,1.0,7.96,1.043,28.91,6.83,107.4
2019-07-28T20:30:00Z,AOB,Arundel_on_the_Bay,38.91675,-76.45838,1.0,8.09,1.053,28.95,6.82,109.1
2019-07-28T20:45:00Z,AOB,Arundel_on_the_Bay,38.91675,-76.45838,1.0,8.46,1.049,28.98,6.85,114.2
2019-07-28T21:00:00Z,AOB,Arundel_on_the_Bay,38.91675,-76.45838,1.0,8.34,1.044,28.97,6.88,112.6
2019-07-28T21:15:00Z,AOB,Arundel_on_the_Bay,38.91675,-76.45838,1.0,8.11,1.044,28.98,6.89,109.5
2019-07-28T21:30:00Z,AOB,Arundel_on_the_Bay,38.91675,-76.45838,1.0,8.05,1.047,29.16,6.86,109.0
2019-07-28T21:45:00Z,AOB,Arundel_on_the_Bay,38.91675,-76.45838,1.0,8.07,1.043,29.39,6.94,109.7
2019-07-28T22:00:00Z,AOB,Arundel_on_the_Bay,38.91675,-76.45838,1.0,8.92,1.044,29.11,6.93,120.8
2019-07-28T22:15:00Z,AOB,Arundel_on_the_Bay,38.91675,-76.45838,1.0,8.67,1.048,29.11,6.91,117.4
2019-07-28T22:30:00Z,AOB,Arundel_on_the_Bay,38.91675,-76.45838,1.0,8.88,1.046,29.07,6.94,120.0
2019-07-28T22:45:00Z,AOB,Arundel_on_the_Bay,38.91675,-76.45838,1.0,8.62,1.045,29.06,6.94,116.6
2019-07-28T23:00:00Z,AOB,Arundel_on_the_Bay,38.91675,-76.45838,1.0,8.11,1.043,29.1,6.97,109.7
2019-07-29T00:00:00Z,AOB,Arundel_on_the_Bay,38.91675,-76.45838,1.0,8.88,1.04,29.0,6.76,119.8
2019-07-29T00:15:00Z,AOB,Arundel_on_the_Bay,38.91675,-76.45838,1.0,9.8,1.04,29.0,6.76,132.3
2019-07-29T00:30:00Z,AOB,Arundel_on_the_Bay,38.91675,-76.45838,1.0,9.53,1.05,28.67,7.09,128.1
2019-07-29T00:45:00Z,AOB,Arundel_on_the_Bay,38.91675,-76.45838,1.0,8.77,1.046,28.42,7.35,117.5
2019-07-29T01:00:00Z,AOB,Arundel_on_the_Bay,38.91675,-76.45838,1.0,8.18,1.048,28.24,7.47,109.4
2019-07-29T01:15:00Z,AOB,Arundel_on_the_Bay,38.91675,-76.45838,1.0,7.8,1.051,28.32,7.26,104.3
2019-07-29T01:30:00Z,AOB,Arundel_on_the_Bay,38.91675,-76.45838,1.0,7.87,1.051,28.44,7.13,105.3
2019-07-29T01:45:00Z,AOB,Arundel_on_the_Bay,38.91675,-76.45838,1.0,7.82,1.054,28.51,7.08,104.9
2019-07-29T02:00:00Z,AOB,Arundel_on_the_Bay,38.91675,-76.45838,1.0,7.77,1.05,28.6,6.97,104.3
2019-07-29T02:15:00Z,AOB,Arundel_on_the_Bay,38.91675,-76.45838,1.0,7.75,1.056,28.65,6.92,104.1
2019-07-29T02:30:00Z,AOB,Arundel_on_the_Bay,38.91675,-76.45838,1.0,7.8,1.052,28.71,6.85,104.7
2019-07-29T02:45:00Z,AOB,Arundel_on_the_Bay,38.91675,-76.45838,1.0,7.67,1.047,28.68,6.86,103.0
2019-07-29T03:00:00Z,AOB,Arundel_on_the_Bay,38.91675,-76.45838,1.0,7.6,1.049,28.63,6.85,101.9
2019-07-29T03:15:00Z,AOB,Arundel_on_the_Bay,38.91675,-76.45838,1.0,7.48,1.051,28.55,6.85,100.2
2019-07-29T03:30:00Z,AOB,Arundel_on_the_Bay,38.91675,-76.45838,1.0,7.41,1.051,28.49,6.86,99.2
2019-07-29T03:45:00Z,AOB,Arundel_on_the_Bay,38.91675,-76.45838,1.0,7.59,1.051,28.51,6.86,101.6
2019-07-29T04:00:00Z,AOB,Arundel_on_the_Bay,38.91675,-76.45838,1.0,8.2,1.05,28.48,7.03,109.8
2019-07-29T04:15:00Z,AOB,Arundel_on_the_Bay,38.91675,-76.45838,1.0,7.94,1.049,28.41,7.1,106.2
2019-07-29T04:30:00Z,AOB,Arundel_on_the_Bay,38.91675,-76.45838,1.0,7.86,1.052,28.36,7.1,105.1
2019-07-29T04:45:00Z,AOB,Arundel_on_the_Bay,38.91675,-76.45838,1.0,7.9,1.05,28.31,7.1,105.6
2019-07-29T05:00:00Z,AOB,Arundel_on_the_Bay,38.91675,-76.45838,1.0,7.93,1.054,28.26,7.08,105.8
2019-07-29T05:15:00Z,AOB,Arundel_on_the_Bay,38.91675,-76.45838,1.0,7.88,1.054,28.25,7.11,105.2
2019-07-29T05:30:00Z,AOB,Arundel_on_the_Bay,38.91675,-76.45838,1.0,7.45,1.051,28.27,7.12,99.5
2019-07-29T05:45:00Z,AOB,Arundel_on_the_Bay,38.91675,-76.45838,1.0,7.65,1.05,28.25,7.12,102.1
2019-07-29T06:00:00Z,AOB,Arundel_on_the_Bay,38.91675,-76.45838,1.0,7.49,1.05,28.2,7.12,99.9
2019-07-29T06:15:00Z,AOB,Arundel_on_the_Bay,38.91675,-76.45838,1.0,7.06,1.051,28.2,7.11,94.2
2019-07-29T06:30:00Z,AOB,Arundel_on_the_Bay,38.91675,-76.45838,1.0,6.81,1.051,28.13,7.1,90.7
2019-07-29T06:45:00Z,AOB,Arundel_on_the_Bay,38.91675,-76.45838,1.0,6.72,1.046,28.08,7.13,89.5
2019-07-29T07:00:00Z,AOB,Arundel_on_the_Bay,38.91675,-76.45838,1.0,6.63,1.047,28.0,7.14,88.2
2019-07-29T07:15:00Z,AOB,Arundel_on_the_Bay,38.91675,-76.45838,1.0,6.37,1.045,27.93,7.19,84.6
2019-07-29T07:30:00Z,AOB,Arundel_on_the_Bay,38.91675,-76.45838,1.0,5.88,1.046,27.84,7.34,78.0
2019-07-29T07:45:00Z,AOB,Arundel_on_the_Bay,38.91675,-76.45838,1.0,5.8,1.046,27.83,7.4,77.0
2019-07-29T08:00:00Z,AOB,Arundel_on_the_Bay,38.91675,-76.45838,1.0,5.68,1.042,27.83,7.47,75.4
2019-07-29T08:15:00Z,AOB,Arundel_on_the_Bay,38.91675,-76.45838,1.0,5.48,1.044,27.72,7.54,72.7
2019-07-29T08:30:00Z,AOB,Arundel_on_the_Bay,38.91675,-76.45838,1.0,5.46,1.046,27.67,7.64,72.3
2019-07-29T08:45:00Z,AOB,Arundel_on_the_Bay,38.91675,-76.45838,1.0,5.28,1.045,27.62,7.71,70.0
2019-07-29T09:00:00Z,AOB,Arundel_on_the_Bay,38.91675,-76.45838,1.0,4.87,1.044,27.51,7.91,64.5
2019-07-29T09:15:00Z,AOB,Arundel_on_the_Bay,38.91675,-76.45838,1.0,4.74,1.047,27.47,8.01,62.7
2019-07-29T09:30:00Z,AOB,Arundel_on_the_Bay,38.91675,-76.45838,1.0,3.84,1.046,27.34,8.24,50.8
2019-07-29T09:45:00Z,AOB,Arundel_on_the_Bay,38.91675,-76.45838,1.0,3.0,1.05,27.15,8.45,39.6
2019-07-29T10:00:00Z,AOB,Arundel_on_the_Bay,38.91675,-76.45838,1.0,2.74,1.049,27.08,8.53,36.1
2019-07-29T10:15:00Z,AOB,Arundel_on_the_Bay,38.91675,-76.45838,1.0,2.07,1.05,26.98,8.7,27.2
2019-07-29T10:30:00Z,AOB,Arundel_on_the_Bay,38.91675,-76.45838,1.0,1.65,1.05,26.85,8.88,21.7
2019-07-29T10:45:00Z,AOB,Arundel_on_the_Bay,38.91675,-76.45838,1.0,1.51,1.05,26.77,9.01,19.8
2019-07-29T11:00:00Z,AOB,Arundel_on_the_Bay,38.91675,-76.45838,1.0,1.51,1.052,26.72,9.01,19.8
2019-07-29T11:15:00Z,AOB,Arundel_on_the_Bay,38.91675,-76.45838,1.0,2.27,1.053,26.84,8.73,29.8
2019-07-29T11:30:00Z,AOB,Arundel_on_the_Bay,38.91675,-76.45838,1.0,2.19,1.053,26.79,8.79,28.8
2019-07-29T11:45:00Z,AOB,Arundel_on_the_Bay,38.91675,-76.45838,1.0,2.97,1.052,26.75,8.67,39.0
2019-07-29T12:00:00Z,AOB,Arundel_on_the_Bay,38.91675,-76.45838,1.0,3.84,1.052,26.74,8.44,50.3
2019-07-29T12:15:00Z,AOB,Arundel_on_the_Bay,38.91675,-76.45838,1.0,3.48,1.055,26.79,8.57,45.6
2019-07-29T12:30:00Z,AOB,Arundel_on_the_Bay,38.91675,-76.45838,1.0,5.46,1.054,26.85,8.28,71.5
2019-07-29T12:45:00Z,AOB,Arundel_on_the_Bay,38.91675,-76.45838,1.0,4.66,1.054,26.88,8.35,61.1
2019-07-29T13:00:00Z,AOB,Arundel_on_the_Bay,38.91675,-76.45838,1.0,5.12,1.052,26.92,8.28,67.2
2019-07-29T13:15:00Z,AOB,Arundel_on_the_Bay,38.91675,-76.45838,1.0,5.32,1.054,26.91,8.28,69.8
2019-07-29T13:30:00Z,AOB,Arundel_on_the_Bay,38.91675,-76.45838,1.0,5.59,1.054,26.96,8.26,73.4
2019-07-29T13:45:00Z,AOB,Arundel_on_the_Bay,38.91675,-76.45838,1.0,5.67,1.05,27.01,8.26,74.6
2019-07-29T14:00:00Z,AOB,Arundel_on_the_Bay,38.91675,-76.45838,1.0,5.23,1.052,27.02,8.3,68.7
2019-07-29T14:15:00Z,AOB,Arundel_on_the_Bay,38.91675,-76.45838,1.0,4.7,1.05,27.0,8.37,61.9
2019-07-29T14:30:00Z,AOB,Arundel_on_the_Bay,38.91675,-76.45838,1.0,4.39,1.051,27.01,8.42,57.8
2019-07-29T14:45:00Z,AOB,Arundel_on_the_Bay,38.91675,-76.45838,1.0,4.31,1.052,27.02,8.45,56.7
2019-07-29T15:00:00Z,AOB,Arundel_on_the_Bay,38.91675,-76.45838,1.0,4.54,1.052,27.2,8.41,59.9
2019-07-29T15:15:00Z,AOB,Arundel_on_the_Bay,38.91675,-76.45838,1.0,4.94,1.051,27.32,8.35,65.3
2019-07-29T15:30:00Z,AOB,Arundel_on_the_Bay,38.91675,-76.45838,1.0,5.18,1.052,27.3,8.3,68.5
2019-07-29T15:45:00Z,AOB,Arundel_on_the_Bay,38.91675,-76.45838,1.0,5.47,1.047,27.31,8.26,72.3
2019-07-29T16:00:00Z,AOB,Arundel_on_the_Bay,38.91675,-76.45838,1.0,6.5,1.042,27.54,8.13,86.2
2019-07-29T16:15:00Z,AOB,Arundel_on_the_Bay,38.91675,-76.45838,1.0,7.29,1.046,27.55,8.09,96.6
2019-07-29T16:30:00Z,AOB,Arundel_on_the_Bay,38.91675,-76.45838,1.0,6.65,1.046,27.52,8.08,88.1
2019-07-29T16:45:00Z,AOB,Arundel_on_the_Bay,38.91675,-76.45838,1.0,4.15,1.038,27.3,8.43,54.9
2019-07-29T17:00:00Z,AOB,Arundel_on_the_Bay,38.91675,-76.45838,1.0,5.28,1.041,27.8,8.14,70.3
2019-07-29T17:15:00Z,AOB,Arundel_on_the_Bay,38.91675,-76.45838,1.0,6.06,1.04,28.11,8.0,81.1
2019-07-29T17:30:00Z,AOB,Arundel_on_the_Bay,38.91675,-76.45838,1.0,8.8,1.037,28.74,7.7,118.8
2019-07-29T17:45:00Z,AOB,Arundel_on_the_Bay,38.91675,-76.45838,1.0,7.79,1.038,28.5,7.82,104.9
2019-07-29T18:00:00Z,AOB,Arundel_on_the_Bay,38.91675,-76.45838,1.0,7.74,1.034,28.43,7.84,104.0
2019-07-29T18:15:00Z,AOB,Arundel_on_the_Bay,38.91675,-76.45838,1.0,7.59,1.035,28.48,7.84,102.1
2019-07-29T18:30:00Z,AOB,Arundel_on_the_Bay,38.91675,-76.45838,1.0,7.19,1.027,28.5,7.81,96.7
2019-07-29T18:45:00Z,AOB,Arundel_on_the_Bay,38.91675,-76.45838,1.0,7.09,1.029,28.56,7.83,95.5
2019-07-29T19:00:00Z,AOB,Arundel_on_the_Bay,38.91675,-76.45838,1.0,7.05,1.031,28.69,7.81,95.2
2019-07-29T19:15:00Z,AOB,Arundel_on_the_Bay,38.91675,-76.45838,1.0,7.25,1.025,28.91,7.75,98.2
2019-07-29T19:30:00Z,AOB,Arundel_on_the_Bay,38.91675,-76.45838,1.0,7.27,1.032,28.96,7.74,98.5
2019-07-29T19:45:00Z,AOB,Arundel_on_the_Bay,38.91675,-76.45838,1.0,7.22,1.025,28.93,7.77,97.8
2019-07-29T20:00:00Z,AOB,Arundel_on_the_Bay,38.91675,-76.45838,1.0,7.19,1.028,28.88,7.81,97.4
2019-07-29T20:15:00Z,AOB,Arundel_on_the_Bay,38.91675,-76.45838,1.0,7.36,1.022,28.91,7.82,99.8
2019-07-29T20:30:00Z,AOB,Arundel_on_the_Bay,38.91675,-76.45838,1.0,7.32,1.008,28.94,7.86,99.3
2019-07-29T20:45:00Z,AOB,Arundel_on_the_Bay,38.91675,-76.45838,1.0,7.44,1.019,29.05,7.86,101.2
2019-07-29T21:00:00Z,AOB,Arundel_on_the_Bay,38.91675,-76.45838,1.0,7.57,1.02,29.17,7.91,103.0
2019-07-29T21:15:00Z,AOB,Arundel_on_the_Bay,38.91675,-76.45838,1.0,7.53,1.018,29.17,7.91,102.6
2019-07-29T21:30:00Z,AOB,Arundel_on_the_Bay,38.91675,-76.45838,1.0,7.57,1.014,29.22,7.89,103.1
2019-07-29T21:45:00Z,AOB,Arundel_on_the_Bay,38.91675,-76.45838,1.0,7.48,1.016,29.24,7.91,102.0
2019-07-29T22:00:00Z,AOB,Arundel_on_the_Bay,38.91675,-76.45838,1.0,7.63,1.018,29.46,7.95,104.5
2019-07-29T22:15:00Z,AOB,Arundel_on_the_Bay,38.91675,-76.45838,1.0,8.28,1.016,29.39,7.94,113.2
2019-07-29T22:30:00Z,AOB,Arundel_on_the_Bay,38.91675,-76.45838,1.0,8.49,1.017,29.32,7.92,115.9
2019-07-29T22:45:00Z,AOB,Arundel_on_the_Bay,38.91675,-76.45838,1.0,8.44,1.013,29.3,7.9,115.3
2019-07-29T23:00:00Z,AOB,Arundel_on_the_Bay,38.91675,-76.45838,1.0,8.38,1.02,29.23,7.86,114.2
2019-07-30T00:00:00Z,AOB,Arundel_on_the_Bay,38.91675,-76.45838,1.0,7.56,1.024,29.15,7.9,103.0
2019-07-30T00:15:00Z,AOB,Arundel_on_the_Bay,38.91675,-76.45838,1.0,7.33,1.018,29.1,7.92,99.8
2019-07-30T00:30:00Z,AOB,Arundel_on_the_Bay,38.91675,-76.45838,1.0,8.67,1.024,29.05,7.82,117.8
2019-07-30T00:45:00Z,AOB,Arundel_on_the_Bay,38.91675,-76.45838,1.0,9.22,1.024,29.1,7.77,125.3
2019-07-30T01:00:00Z,AOB,Arundel_on_the_Bay,38.91675,-76.45838,1.0,9.6,1.018,29.1,7.75,130.6
2019-07-30T01:15:00Z,AOB,Arundel_on_the_Bay,38.91675,-76.45838,1.0,8.56,1.024,28.69,7.82,115.5
2019-07-30T01:30:00Z,AOB,Arundel_on_the_Bay,38.91675,-76.45838,1.0,8.24,1.027,28.31,7.85,110.6
2019-07-30T01:45:00Z,AOB,Arundel_on_the_Bay,38.91675,-76.45838,1.0,7.73,1.023,28.04,7.92,103.3
2019-07-30T02:00:00Z,AOB,Arundel_on_the_Bay,38.91675,-76.45838,1.0,7.44,1.028,27.91,7.94,99.2
2019-07-30T02:15:00Z,AOB,Arundel_on_the_Bay,38.91675,-76.45838,1.0,8.39,1.027,28.2,7.87,112.4
2019-07-30T02:30:00Z,AOB,Arundel_on_the_Bay,38.91675,-76.45838,1.0,8.94,1.029,28.42,7.82,120.2
2019-07-30T02:45:00Z,AOB,Arundel_on_the_Bay,38.91675,-76.45838,1.0,9.08,1.027,28.52,7.81,122.3
2019-07-30T03:00:00Z,AOB,Arundel_on_the_Bay,38.91675,-76.45838,1.0,8.55,1.025,28.37,7.82,114.9
2019-07-30T03:15:00Z,AOB,Arundel_on_the_Bay,38.91675,-76.45838,1.0,7.79,1.025,28.16,7.89,104.3
2019-07-30T03:30:00Z,AOB,Arundel_on_the_Bay,38.91675,-76.45838,1.0,7.38,1.032,28.12,7.9,98.7
2019-07-30T03:45:00Z,AOB,Arundel_on_the_Bay,38.91675,-76.45838,1.0,7.5,1.025,28.22,7.9,100.5
2019-07-30T04:00:00Z,AOB,Arundel_on_the_Bay,38.91675,-76.45838,1.0,7.5,1.032,28.36,7.89,100.8
2019-07-30T04:15:00Z,AOB,Arundel_on_the_Bay,38.91675,-76.45838,1.0,7.32,1.03,28.42,7.89,98.4
2019-07-30T04:30:00Z,AOB,Arundel_on_the_Bay,38.91675,-76.45838,1.0,7.09,1.032,28.37,7.89,95.2
2019-07-30T04:45:00Z,AOB,Arundel_on_the_Bay,38.91675,-76.45838,1.0,6.62,1.03,28.18,7.94,88.7
2019-07-30T05:00:00Z,AOB,Arundel_on_the_Bay,38.91675,-76.45838,1.0,6.44,1.036,28.05,7.95,86.1
2019-07-30T05:15:00Z,AOB,Arundel_on_the_Bay,38.91675,-76.45838,1.0,6.57,1.03,28.12,7.94,87.9
2019-07-30T05:30:00Z,AOB,Arundel_on_the_Bay,38.91675,-76.45838,1.0,6.72,1.034,28.1,7.9,89.9
2019-07-30T05:45:00Z,AOB,Arundel_on_the_Bay,38.91675,-76.45838,1.0,6.72,1.03,28.11,7.91,89.8
2019-07-30T06:00:00Z,AOB,Arundel_on_the_Bay,38.91675,-76.45838,1.0,6.8,1.026,28.07,7.91,90.9
2019-07-30T06:15:00Z,AOB,Arundel_on_the_Bay,38.91675,-76.45838,1.0,6.92,1.033,28.04,7.91,92.4
2019-07-30T06:30:00Z,AOB,Arundel_on_the_Bay,38.91675,-76.45838,1.0,6.97,1.028,28.02,7.92,93.1
2019-07-30T06:45:00Z,AOB,Arundel_on_the_Bay,38.91675,-76.45838,1.0,6.88,1.031,28.02,7.92,91.9
2019-07-30T07:00:00Z,AOB,Arundel_on_the_Bay,38.91675,-76.45838,1.0,6.57,1.032,28.05,7.9,87.8
2019-07-30T07:15:00Z,AOB,Arundel_on_the_Bay,38.91675,-76.45838,1.0,6.52,1.032,28.08,7.91,87.2
2019-07-30T07:30:00Z,AOB,Arundel_on_the_Bay,38.91675,-76.45838,1.0,6.44,1.028,28.1,7.9,86.1
2019-07-30T07:45:00Z,AOB,Arundel_on_the_Bay,38.91675,-76.45838,1.0,6.46,1.03,28.15,7.92,86.5
2019-07-30T08:00:00Z,AOB,Arundel_on_the_Bay,38.91675,-76.45838,1.0,6.44,1.033,28.17,7.92,86.3
2019-07-30T08:15:00Z,AOB,Arundel_on_the_Bay,38.91675,-76.45838,1.0,6.54,1.035,28.19,7.95,87.6
2019-07-30T08:30:00Z,AOB,Arundel_on_the_Bay,38.91675,-76.45838,1.0,6.68,1.031,28.21,7.98,89.6
2019-07-30T08:45:00Z,AOB,Arundel_on_the_Bay,38.91675,-76.45838,1.0,6.51,1.034,28.19,7.97,87.2
2019-07-30T09:00:00Z,AOB,Arundel_on_the_Bay,38.91675,-76.45838,1.0,6.47,1.032,28.19,7.97,86.7
2019-07-30T09:15:00Z,AOB,Arundel_on_the_Bay,38.91675,-76.45838,1.0,6.42,1.027,28.07,7.98,85.8
2019-07-30T09:30:00Z,AOB,Arundel_on_the_Bay,38.91675,-76.45838,1.0,6.16,1.036,27.96,7.99,82.2
2019-07-30T09:45:00Z,AOB,Arundel_on_the_Bay,38.91675,-76.45838,1.0,6.12,1.035,27.93,7.99,81.7
2019-07-30T10:00:00Z,AOB,Arundel_on_the_Bay,38.91675,-76.45838,1.0,6.02,1.036,27.84,7.99,80.2
2019-07-30T10:15:00Z,AOB,Arundel_on_the_Bay,38.91675,-76.45838,1.0,5.97,1.034,27.78,8.0,79.5
2019-07-30T10:30:00Z,AOB,Arundel_on_the_Bay,38.91675,-76.45838,1.0,5.89,1.034,27.71,8.03,78.3
2019-07-30T10:45:00Z,AOB,Arundel_on_the_Bay,38.91675,-76.45838,1.0,5.85,1.038,27.65,8.04,77.6
2019-07-30T11:00:00Z,AOB,Arundel_on_the_Bay,38.91675,-76.45838,1.0,5.86,1.038,27.61,8.04,77.7
2019-07-30T11:15:00Z,AOB,Arundel_on_the_Bay,38.91675,-76.45838,1.0,5.93,1.037,27.57,8.05,78.6
2019-07-30T11:30:00Z,AOB,Arundel_on_the_Bay,38.91675,-76.45838,1.0,5.96,1.043,27.56,8.06,79.0
2019-07-30T11:45:00Z,AOB,Arundel_on_the_Bay,38.91675,-76.45838,1.0,5.99,1.05,27.53,8.07,79.4
2019-07-30T12:00:00Z,AOB,Arundel_on_the_Bay,38.91675,-76.45838,1.0,6.04,1.04,27.52,8.07,80.1
2019-07-30T12:15:00Z,AOB,Arundel_on_the_Bay,38.91675,-76.45838,1.0,6.12,1.052,27.52,8.09,81.0
2019-07-30T12:30:00Z,AOB,Arundel_on_the_Bay,38.91675,-76.45838,1.0,6.13,1.044,27.51,8.1,81.3
2019-07-30T12:45:00Z,AOB,Arundel_on_the_Bay,38.91675,-76.45838,1.0,6.08,1.044,27.51,8.14,80.6
2019-07-30T13:00:00Z,AOB,Arundel_on_the_Bay,38.91675,-76.45838,1.0,6.1,1.05,27.5,8.16,80.8
2019-07-30T13:15:00Z,AOB,Arundel_on_the_Bay,38.91675,-76.45838,1.0,6.13,1.053,27.51,8.16,81.2
2019-07-30T13:30:00Z,AOB,Arundel_on_the_Bay,38.91675,-76.45838,1.0,5.98,1.047,27.54,8.18,79.3
2019-07-30T13:45:00Z,AOB,Arundel_on_the_Bay,38.91675,-76.45838,1.0,6.04,1.047,27.55,8.22,80.1
2019-07-30T14:00:00Z,AOB,Arundel_on_the_Bay,38.91675,-76.45838,1.0,6.04,1.045,27.58,8.23,80.2
2019-07-30T14:15:00Z,AOB,Arundel_on_the_Bay,38.91675,-76.45838,1.0,5.89,1.044,27.58,8.24,78.2
2019-07-30T14:30:00Z,AOB,Arundel_on_the_Bay,38.91675,-76.45838,1.0,5.79,1.043,27.6,8.26,76.9
2019-07-30T14:45:00Z,AOB,Arundel_on_the_Bay,38.91675,-76.45838,1.0,6.64,1.043,27.77,8.29,88.5
2019-07-30T15:00:00Z,AOB,Arundel_on_the_Bay,38.91675,-76.45838,1.0,7.26,1.044,28.02,8.26,97.1
2019-07-30T15:15:00Z,AOB,Arundel_on_the_Bay,38.91675,-76.45838,1.0,8.99,1.043,28.33,8.22,121.0
2019-07-30T15:30:00Z,AOB,Arundel_on_the_Bay,38.91675,-76.45838,1.0,8.44,1.042,28.3,8.23,113.5
2019-07-30T15:45:00Z,AOB,Arundel_on_the_Bay,38.91675,-76.45838,1.0,8.72,1.041,28.48,8.16,117.5
2019-07-30T16:00:00Z,AOB,Arundel_on_the_Bay,38.91675,-76.45838,1.0,8.26,1.043,28.35,8.2,111.1
2019-07-30T16:15:00Z,AOB,Arundel_on_the_Bay,38.91675,-76.45838,1.0,7.87,1.043,28.25,8.19,105.7
2019-07-30T16:30:00Z,AOB,Arundel_on_the_Bay,38.91675,-76.45838,1.0,8.24,1.041,28.43,8.09,110.9
2019-07-30T16:45:00Z,AOB,Arundel_on_the_Bay,38.91675,-76.45838,1.0,8.21,1.035,28.6,7.95,110.8
2019-07-30T17:00:00Z,AOB,Arundel_on_the_Bay,38.91675,-76.45838,1.0,8.92,1.036,28.86,7.9,120.8
2019-07-30T17:15:00Z,AOB,Arundel_on_the_Bay,38.91675,-76.45838,1.0,8.63,1.038,28.74,7.99,116.8
2019-07-30T17:30:00Z,AOB,Arundel_on_the_Bay,38.91675,-76.45838,1.0,9.53,1.026,29.14,7.91,129.8
2019-07-30T17:45:00Z,AOB,Arundel_on_the_Bay,38.91675,-76.45838,1.0,9.51,1.031,29.15,7.92,129.5
2019-07-30T18:00:00Z,AOB,Arundel_on_the_Bay,38.91675,-76.45838,1.0,9.38,1.005,29.01,8.27,127.7
2019-07-30T18:15:00Z,AOB,Arundel_on_the_Bay,38.91675,-76.45838,1.0,9.71,1.008,29.11,8.18,132.3
2019-07-30T18:30:00Z,AOB,Arundel_on_the_Bay,38.91675,-76.45838,1.0,10.31,1.005,29.27,8.07,140.8
2019-07-30T18:45:00Z,AOB,Arundel_on_the_Bay,38.91675,-76.45838,1.0,10.69,1.006,29.36,8.0,146.2
2019-07-30T19:00:00Z,AOB,Arundel_on_the_Bay,38.91675,-76.45838,1.0,11.18,1.005,29.52,7.93,153.2
2019-07-30T19:15:00Z,AOB,Arundel_on_the_Bay,38.91675,-76.45838,1.0,11.03,1.002,29.55,7.95,151.3
2019-07-30T19:30:00Z,AOB,Arundel_on_the_Bay,38.91675,-76.45838,1.0,11.07,0.997,29.63,7.93,152.1
2019-07-30T19:45:00Z,AOB,Arundel_on_the_Bay,38.91675,-76.45838,1.0,11.31,0.996,29.67,7.92,155.4
2019-07-30T20:00:00Z,AOB,Arundel_on_the_Bay,38.91675,-76.45838,1.0,11.19,0.998,29.67,7.93,153.7
2019-07-30T20:15:00Z,AOB,Arundel_on_the_Bay,38.91675,-76.45838,1.0,11.37,0.998,29.66,7.95,156.2
2019-07-30T20:30:00Z,AOB,Arundel_on_the_Bay,38.91675,-76.45838,1.0,11.05,1.0,29.63,7.98,151.7
2019-07-30T20:45:00Z,AOB,Arundel_on_the_Bay,38.91675,-76.45838,1.0,10.64,0.994,29.62,8.01,146.2
2019-07-30T21:00:00Z,AOB,Arundel_on_the_Bay,38.91675,-76.45838,1.0,10.41,0.996,29.65,8.02,143.0
2019-07-30T21:15:00Z,AOB,Arundel_on_the_Bay,38.91675,-76.45838,1.0,10.07,0.985,29.67,8.04,138.4
2019-07-30T21:30:00Z,AOB,Arundel_on_the_Bay,38.91675,-76.45838,1.0,10.11,0.995,29.65,8.04,138.9
2019-07-30T21:45:00Z,AOB,Arundel_on_the_Bay,38.91675,-76.45838,1.0,10.02,0.999,29.61,8.05,137.6
2019-07-30T22:00:00Z,AOB,Arundel_on_the_Bay,38.91675,-76.45838,1.0,10.0,0.994,29.63,8.07,137.5
2019-07-30T22:15:00Z,AOB,Arundel_on_the_Bay,38.91675,-76.45838,1.0,10.18,1.0,29.98,8.15,140.8
2019-07-30T22:30:00Z,AOB,Arundel_on_the_Bay,38.91675,-76.45838,1.0,10.64,0.995,29.86,8.11,146.8
2019-07-30T22:45:00Z,AOB,Arundel_on_the_Bay,38.91675,-76.45838,1.0,10.47,0.997,29.78,8.09,144.3
2019-07-30T23:00:00Z,AOB,Arundel_on_the_Bay,38.91675,-76.45838,1.0,10.62,1.0,29.75,8.07,146.2
2019-07-31T00:00:00Z,AOB,Arundel_on_the_Bay,38.91675,-76.45838,1.0,10.08,0.995,29.55,8.06,138.3
2019-07-31T00:15:00Z,AOB,Arundel_on_the_Bay,38.91675,-76.45838,1.0,9.89,1.007,29.52,8.07,135.6
2019-07-31T00:30:00Z,AOB,Arundel_on_the_Bay,38.91675,-76.45838,1.0,9.65,1.008,29.5,8.06,132.3
2019-07-31T00:45:00Z,AOB,Arundel_on_the_Bay,38.91675,-76.45838,1.0,8.89,1.004,29.45,8.09,121.8
2019-07-31T01:00:00Z,AOB,Arundel_on_the_Bay,38.91675,-76.45838,1.0,9.49,0.998,29.19,8.34,129.6
2019-07-31T01:15:00Z,AOB,Arundel_on_the_Bay,38.91675,-76.45838,1.0,9.39,1.001,28.74,8.83,127.6
2019-07-31T01:30:00Z,AOB,Arundel_on_the_Bay,38.91675,-76.45838,1.0,9.17,1.005,28.6,8.92,124.4
2019-07-31T01:45:00Z,AOB,Arundel_on_the_Bay,38.91675,-76.45838,1.0,8.95,1.0,28.54,8.95,121.3
2019-07-31T02:00:00Z,AOB,Arundel_on_the_Bay,38.91675,-76.45838,1.0,8.74,1.008,28.49,8.96,118.4
2019-07-31T02:15:00Z,AOB,Arundel_on_the_Bay,38.91675,-76.45838,1.0,8.02,1.008,28.26,8.96,108.2
2019-07-31T02:30:00Z,AOB,Arundel_on_the_Bay,38.91675,-76.45838,1.0,7.02,1.004,27.97,8.95,94.2
2019-07-31T02:45:00Z,AOB,Arundel_on_the_Bay,38.91675,-76.45838,1.0,6.1,1.009,27.66,8.89,81.4
2019-07-31T03:00:00Z,AOB,Arundel_on_the_Bay,38.91675,-76.45838,1.0,6.07,1.014,27.7,8.82,81.0
2019-07-31T03:15:00Z,AOB,Arundel_on_the_Bay,38.91675,-76.45838,1.0,6.46,1.015,27.94,8.7,86.6
2019-07-31T03:30:00Z,AOB,Arundel_on_the_Bay,38.91675,-76.45838,1.0,6.7,1.018,28.14,8.61,90.0
2019-07-31T03:45:00Z,AOB,Arundel_on_the_Bay,38.91675,-76.45838,1.0,6.85,1.019,28.3,8.55,92.3
2019-07-31T04:00:00Z,AOB,Arundel_on_the_Bay,38.91675,-76.45838,1.0,7.17,1.013,28.53,8.46,96.8
2019-07-31T04:15:00Z,AOB,Arundel_on_the_Bay,38.91675,-76.45838,1.0,7.53,1.018,28.72,8.38,102.1
2019-07-31T04:30:00Z,AOB,Arundel_on_the_Bay,38.91675,-76.45838,1.0,7.78,1.017,28.76,8.37,105.5
2019-07-31T04:45:00Z,AOB,Arundel_on_the_Bay,38.91675,-76.45838,1.0,7.89,1.02,28.74,8.37,106.9
2019-07-31T05:00:00Z,AOB,Arundel_on_the_Bay,38.91675,-76.45838,1.0,7.83,1.021,28.69,8.37,106.1
2019-07-31T05:15:00Z,AOB,Arundel_on_the_Bay,38.91675,-76.45838,1.0,7.6,1.023,28.65,8.38,102.9
2019-07-31T05:30:00Z,AOB,Arundel_on_the_Bay,38.91675,-76.45838,1.0,7.27,1.022,28.47,8.48,98.2
2019-07-31T05:45:00Z,AOB,Arundel_on_the_Bay,38.91675,-76.45838,1.0,7.25,1.017,28.35,8.62,97.8
2019-07-31T06:00:00Z,AOB,Arundel_on_the_Bay,38.91675,-76.45838,1.0,7.17,1.02,28.24,8.74,96.5
2019-07-31T06:15:00Z,AOB,Arundel_on_the_Bay,38.91675,-76.45838,1.0,7.11,1.021,28.11,8.89,95.6
2019-07-31T06:30:00Z,AOB,Arundel_on_the_Bay,38.91675,-76.45838,1.0,7.04,1.019,28.16,8.84,94.7
2019-07-31T06:45:00Z,AOB,Arundel_on_the_Bay,38.91675,-76.45838,1.0,7.02,1.022,28.1,8.9,94.3
2019-07-31T07:00:00Z,AOB,Arundel_on_the_Bay,38.91675,-76.45838,1.0,6.85,1.018,28.17,8.79,92.1
2019-07-31T07:15:00Z,AOB,Arundel_on_the_Bay,38.91675,-76.45838,1.0,6.59,1.02,28.21,8.71,88.7
2019-07-31T07:30:00Z,AOB,Arundel_on_the_Bay,38.91675,-76.45838,1.0,6.54,1.018,28.19,8.69,87.9
2019-07-31T07:45:00Z,AOB,Arundel_on_the_Bay,38.91675,-76.45838,1.0,6.3,1.02,28.14,8.73,84.7
2019-07-31T08:00:00Z,AOB,Arundel_on_the_Bay,38.91675,-76.45838,1.0,6.12,1.02,28.07,8.76,82.1
2019-07-31T08:15:00Z,AOB,Arundel_on_the_Bay,38.91675,-76.45838,1.0,5.81,1.02,27.99,8.78,77.9
2019-07-31T08:30:00Z,AOB,Arundel_on_the_Bay,38.91675,-76.45838,1.0,5.74,1.019,27.97,8.74,76.9
2019-07-31T08:45:00Z,AOB,Arundel_on_the_Bay,38.91675,-76.45838,1.0,5.36,1.02,27.79,8.76,71.7
2019-07-31T09:00:00Z,AOB,Arundel_on_the_Bay,38.91675,-76.45838,1.0,5.4,1.017,27.77,8.78,72.2
2019-07-31T09:15:00Z,AOB,Arundel_on_the_Bay,38.91675,-76.45838,1.0,5.36,1.013,27.79,8.82,71.6
2019-07-31T09:30:00Z,AOB,Arundel_on_the_Bay,38.91675,-76.45838,1.0,5.03,1.017,27.63,8.85,67.0
2019-07-31T09:45:00Z,AOB,Arundel_on_the_Bay,38.91675,-76.45838,1.0,4.96,1.018,27.56,8.83,66.0
2019-07-31T10:00:00Z,AOB,Arundel_on_the_Bay,38.91675,-76.45838,1.0,4.95,1.018,27.54,8.82,65.8
2019-07-31T10:15:00Z,AOB,Arundel_on_the_Bay,38.91675,-76.45838,1.0,4.82,1.02,27.47,8.82,64.0
2019-07-31T10:30:00Z,AOB,Arundel_on_the_Bay,38.91675,-76.45838,1.0,4.7,1.023,27.44,8.8,62.5
2019-07-31T10:45:00Z,AOB,Arundel_on_the_Bay,38.91675,-76.45838,1.0,4.76,1.022,27.42,8.79,63.2
2019-07-31T11:00:00Z,AOB,Arundel_on_the_Bay,38.91675,-76.45838,1.0,4.87,1.023,27.43,8.78,64.7
2019-07-31T11:15:00Z,AOB,Arundel_on_the_Bay,38.91675,-76.45838,1.0,4.95,1.022,27.47,8.77,65.8
2019-07-31T11:30:00Z,AOB,Arundel_on_the_Bay,38.91675,-76.45838,1.0,5.07,1.024,27.49,8.76,67.4
2019-07-31T11:45:00Z,AOB,Arundel_on_the_Bay,38.91675,-76.45838,1.0,5.23,1.022,27.54,8.74,69.5
2019-07-31T12:00:00Z,AOB,Arundel_on_the_Bay,38.91675,-76.45838,1.0,5.39,1.021,27.57,8.74,71.8
2019-07-31T12:15:00Z,AOB,Arundel_on_the_Bay,38.91675,-76.45838,1.0,5.51,1.022,27.6,8.74,73.3
2019-07-31T12:30:00Z,AOB,Arundel_on_the_Bay,38.91675,-76.45838,1.0,5.55,1.025,27.61,8.75,74.0
2019-07-31T12:45:00Z,AOB,Arundel_on_the_Bay,38.91675,-76.45838,1.0,5.6,1.023,27.63,8.76,74.7
2019-07-31T13:00:00Z,AOB,Arundel_on_the_Bay,38.91675,-76.45838,1.0,5.67,1.025,27.64,8.76,75.6
2019-07-31T13:15:00Z,AOB,Arundel_on_the_Bay,38.91675,-76.45838,1.0,5.85,1.025,27.67,8.76,78.1
2019-07-31T13:30:00Z,AOB,Arundel_on_the_Bay,38.91675,-76.45838,1.0,5.91,1.027,27.67,8.75,78.8
2019-07-31T13:45:00Z,AOB,Arundel_on_the_Bay,38.91675,-76.45838,1.0,6.02,1.028,27.7,8.75,80.3
2019-07-31T14:00:00Z,AOB,Arundel_on_the_Bay,38.91675,-76.45838,1.0,5.88,1.031,27.67,8.77,78.4
2019-07-31T14:15:00Z,AOB,Arundel_on_the_Bay,38.91675,-76.45838,1.0,5.85,1.029,27.69,8.79,78.0
2019-07-31T14:30:00Z,AOB,Arundel_on_the_Bay,38.91675,-76.45838,1.0,6.11,1.028,27.76,8.79,81.6
2019-07-31T14:45:00Z,AOB,Arundel_on_the_Bay,38.91675,-76.45838,1.0,6.44,1.033,27.89,8.8,86.2
2019-07-31T15:00:00Z,AOB,Arundel_on_the_Bay,38.91675,-76.45838,1.0,7.12,1.034,27.95,8.76,95.5
2019-07-31T15:15:00Z,AOB,Arundel_on_the_Bay,38.91675,-76.45838,1.0,8.75,1.033,28.03,8.68,117.4
2019-07-31T15:30:00Z,AOB,Arundel_on_the_Bay,38.91675,-76.45838,1.0,9.35,1.033,28.13,8.63,125.6
2019-07-31T15:45:00Z,AOB,Arundel_on_the_Bay,38.91675,-76.45838,1.0,7.6,1.031,27.98,8.71,101.8
2019-07-31T16:00:00Z,AOB,Arundel_on_the_Bay,38.91675,-76.45838,1.0,7.31,1.034,27.93,8.74,97.9
2019-07-31T16:15:00Z,AOB,Arundel_on_the_Bay,38.91675,-76.45838,1.0,7.91,1.032,28.21,8.7,106.5
2019-07-31T16:30:00Z,AOB,Arundel_on_the_Bay,38.91675,-76.45838,1.0,8.03,1.033,28.38,8.69,108.4
2019-07-31T16:45:00Z,AOB,Arundel_on_the_Bay,38.91675,-76.45838,1.0,8.63,1.03,28.58,8.65,116.9
2019-07-31T17:00:00Z,AOB,Arundel_on_the_Bay,38.91675,-76.45838,1.0,8.93,1.03,28.79,8.64,121.3
2019-07-31T17:15:00Z,AOB,Arundel_on_the_Bay,38.91675,-76.45838,1.0,8.79,1.029,28.84,8.63,119.5
2019-07-31T17:30:00Z,AOB,Arundel_on_the_Bay,38.91675,-76.45838,1.0,8.75,1.033,28.8,8.64,118.9
2019-07-31T17:45:00Z,AOB,Arundel_on_the_Bay,38.91675,-76.45838,1.0,7.35,1.029,28.46,8.65,99.3
2019-07-31T18:00:00Z,AOB,Arundel_on_the_Bay,38.91675,-76.45838,1.0,6.83,1.029,28.38,8.65,92.2
2019-07-31T18:15:00Z,AOB,Arundel_on_the_Bay,38.91675,-76.45838,1.0,6.79,1.028,28.44,8.61,91.6
2019-07-31T18:30:00Z,AOB,Arundel_on_the_Bay,38.91675,-76.45838,1.0,6.16,1.026,28.35,8.63,83.0
2019-07-31T18:45:00Z,AOB,Arundel_on_the_Bay,38.91675,-76.45838,1.0,8.97,1.024,28.98,8.5,122.2
2019-07-31T19:00:00Z,AOB,Arundel_on_the_Bay,38.91675,-76.45838,1.0,8.74,1.022,28.99,8.49,119.1
2019-07-31T19:15:00Z,AOB,Arundel_on_the_Bay,38.91675,-76.45838,1.0,9.04,1.019,29.0,8.46,123.2
2019-07-31T19:30:00Z,AOB,Arundel_on_the_Bay,38.91675,-76.45838,1.0,9.01,1.018,29.09,8.45,122.9
2019-07-31T19:45:00Z,AOB,Arundel_on_the_Bay,38.91675,-76.45838,1.0,9.14,1.015,29.14,8.44,124.8
2019-07-31T20:00:00Z,AOB,Arundel_on_the_Bay,38.91675,-76.45838,1.0,8.74,1.014,28.96,8.49,119.0
2019-07-31T20:15:00Z,AOB,Arundel_on_the_Bay,38.91675,-76.45838,1.0,8.38,1.013,28.81,8.53,113.9
2019-07-31T20:30:00Z,AOB,Arundel_on_the_Bay,38.91675,-76.45838,1.0,8.53,1.013,28.83,8.54,116.0
2019-07-31T20:45:00Z,AOB,Arundel_on_the_Bay,38.91675,-76.45838,1.0,8.38,1.013,28.91,8.55,114.0
2019-07-31T21:00:00Z,AOB,Arundel_on_the_Bay,38.91675,-76.45838,1.0,8.37,1.006,28.88,8.57,113.8
2019-07-31T21:15:00Z,AOB,Arundel_on_the_Bay,38.91675,-76.45838,1.0,8.64,1.009,28.79,8.56,117.4
2019-07-31T21:30:00Z,AOB,Arundel_on_the_Bay,38.91675,-76.45838,1.0,8.64,1.011,28.78,8.58,117.3
2019-07-31T21:45:00Z,AOB,Arundel_on_the_Bay,38.91675,-76.45838,1.0,8.63,1.012,28.83,8.6,117.3
2019-07-31T22:00:00Z,AOB,Arundel_on_the_Bay,38.91675,-76.45838,1.0,9.05,1.011,29.05,8.59,123.5
2019-07-31T22:15:00Z,AOB,Arundel_on_the_Bay,38.91675,-76.45838,1.0,10.0,1.008,29.32,8.51,137.1
2019-07-31T22:30:00Z,AOB,Arundel_on_the_Bay,38.91675,-76.45838,1.0,10.02,1.01,29.3,8.52,137.2
2019-07-31T22:45:00Z,AOB,Arundel_on_the_Bay,38.91675,-76.45838,1.0,9.63,1.011,29.09,8.58,131.5
2019-07-31T23:00:00Z,AOB,Arundel_on_the_Bay,38.91675,-76.45838,1.0,10.31,1.018,29.26,8.57,141.1
2019-08-01T00:00:00Z,AOB,Arundel_on_the_Bay,38.91675,-76.45838,1.0,9.76,1.007,28.82,8.54,132.6
2019-08-01T00:15:00Z,AOB,Arundel_on_the_Bay,38.91675,-76.45838,1.0,9.33,1.014,28.67,8.52,126.4
2019-08-01T00:30:00Z,AOB,Arundel_on_the_Bay,38.91675,-76.45838,1.0,8.93,1.017,28.54,8.5,120.8
2019-08-01T00:45:00Z,AOB,Arundel_on_the_Bay,38.91675,-76.45838,1.0,8.55,1.019,28.4,8.47,115.2
2019-08-01T01:00:00Z,AOB,Arundel_on_the_Bay,38.91675,-76.45838,1.0,8.63,1.018,28.36,8.44,116.3
2019-08-01T01:15:00Z,AOB,Arundel_on_the_Bay,38.91675,-76.45838,1.0,8.92,1.019,28.43,8.43,120.3
2019-08-01T01:30:00Z,AOB,Arundel_on_the_Bay,38.91675,-76.45838,1.0,9.11,1.018,28.61,8.42,123.2
2019-08-01T01:45:00Z,AOB,Arundel_on_the_Bay,38.91675,-76.45838,1.0,9.12,1.021,28.71,8.41,123.6
2019-08-01T02:00:00Z,AOB,Arundel_on_the_Bay,38.91675,-76.45838,1.0,8.71,1.027,28.56,8.41,117.7
2019-08-01T02:15:00Z,AOB,Arundel_on_the_Bay,38.91675,-76.45838,1.0,8.87,1.027,28.48,8.41,119.7
2019-08-01T02:30:00Z,AOB,Arundel_on_the_Bay,38.91675,-76.45838,1.0,8.73,1.032,28.42,8.4,117.7
2019-08-01T02:45:00Z,AOB,Arundel_on_the_Bay,38.91675,-76.45838,1.0,8.62,1.031,28.38,8.4,116.2
2019-08-01T03:00:00Z,AOB,Arundel_on_the_Bay,38.91675,-76.45838,1.0,8.53,1.034,28.34,8.41,114.8
2019-08-01T03:15:00Z,AOB,Arundel_on_the_Bay,38.91675,-76.45838,1.0,8.65,1.034,28.34,8.47,116.5
2019-08-01T03:30:00Z,AOB,Arundel_on_the_Bay,38.91675,-76.45838,1.0,8.33,1.035,28.26,8.53,112.1
2019-08-01T03:45:00Z,AOB,Arundel_on_the_Bay,38.91675,-76.45838,1.0,7.82,1.035,28.12,8.57,104.9
2019-08-01T04:00:00Z,AOB,Arundel_on_the_Bay,38.91675,-76.45838,1.0,7.64,1.033,28.09,8.58,102.6
2019-08-01T04:15:00Z,AOB,Arundel_on_the_Bay,38.91675,-76.45838,1.0,7.64,1.035,28.1,8.57,102.6
2019-08-01T04:30:00Z,AOB,Arundel_on_the_Bay,38.91675,-76.45838,1.0,7.62,1.035,28.08,8.59,102.3
2019-08-01T04:45:00Z,AOB,Arundel_on_the_Bay,38.91675,-76.45838,1.0,7.47,1.034,28.15,8.56,100.4
2019-08-01T05:00:00Z,AOB,Arundel_on_the_Bay,38.91675,-76.45838,1.0,7.45,1.035,28.26,8.53,100.3
2019-08-01T05:15:00Z,AOB,Arundel_on_the_Bay,38.91675,-76.45838,1.0,6.81,1.033,28.45,8.52,91.9
2019-08-01T05:30:00Z,AOB,Arundel_on_the_Bay,38.91675,-76.45838,1.0,6.99,1.031,28.32,8.51,94.2
2019-08-01T05:45:00Z,AOB,Arundel_on_the_Bay,38.91675,-76.45838,1.0,6.84,1.033,28.34,8.5,92.2
2019-08-01T06:00:00Z,AOB,Arundel_on_the_Bay,38.91675,-76.45838,1.0,6.6,1.035,28.31,8.5,88.8
2019-08-01T06:15:00Z,AOB,Arundel_on_the_Bay,38.91675,-76.45838,1.0,7.35,1.035,28.12,8.59,98.7
2019-08-01T06:30:00Z,AOB,Arundel_on_the_Bay,38.91675,-76.45838,1.0,7.22,1.035,28.13,8.59,97.0
2019-08-01T06:45:00Z,AOB,Arundel_on_the_Bay,38.91675,-76.45838,1.0,7.12,1.034,28.11,8.6,95.6
2019-08-01T07:00:00Z,AOB,Arundel_on_the_Bay,38.91675,-76.45838,1.0,7.14,1.034,28.15,8.51,95.9
2019-08-01T07:15:00Z,AOB,Arundel_on_the_Bay,38.91675,-76.45838,1.0,7.48,1.035,28.19,8.47,100.5
2019-08-01T07:30:00Z,AOB,Arundel_on_the_Bay,38.91675,-76.45838,1.0,7.28,1.034,28.21,8.43,97.8
2019-08-01T07:45:00Z,AOB,Arundel_on_the_Bay,38.91675,-76.45838,1.0,6.83,1.031,28.17,8.48,91.7
2019-08-01T08:00:00Z,AOB,Arundel_on_the_Bay,38.91675,-76.45838,1.0,6.71,1.032,28.13,8.49,90.0
2019-08-01T08:15:00Z,AOB,Arundel_on_the_Bay,38.91675,-76.45838,1.0,6.48,1.031,28.07,8.53,86.9
2019-08-01T08:30:00Z,AOB,Arundel_on_the_Bay,38.91675,-76.45838,1.0,6.84,1.032,28.01,8.56,91.7
2019-08-01T08:45:00Z,AOB,Arundel_on_the_Bay,38.91675,-76.45838,1.0,6.85,1.031,27.98,8.56,91.7
2019-08-01T09:00:00Z,AOB,Arundel_on_the_Bay,38.91675,-76.45838,1.0,6.81,1.033,27.95,8.55,91.2
2019-08-01T09:15:00Z,AOB,Arundel_on_the_Bay,38.91675,-76.45838,1.0,6.78,1.034,27.92,8.54,90.6
2019-08-01T09:30:00Z,AOB,Arundel_on_the_Bay,38.91675,-76.45838,1.0,6.73,1.034,27.92,8.54,90.0
2019-08-01T09:45:00Z,AOB,Arundel_on_the_Bay,38.91675,-76.45838,1.0,6.29,1.034,27.84,8.54,84.0
2019-08-01T10:00:00Z,AOB,Arundel_on_the_Bay,38.91675,-76.45838,1.0,6.53,1.037,27.8,8.51,87.2
2019-08-01T10:15:00Z,AOB,Arundel_on_the_Bay,38.91675,-76.45838,1.0,6.73,1.036,27.76,8.51,89.7
2019-08-01T10:30:00Z,AOB,Arundel_on_the_Bay,38.91675,-76.45838,1.0,6.42,1.038,27.75,8.54,85.6
2019-08-01T10:45:00Z,AOB,Arundel_on_the_Bay,38.91675,-76.45838,1.0,6.41,1.038,27.69,8.57,85.4
2019-08-01T11:00:00Z,AOB,Arundel_on_the_Bay,38.91675,-76.45838,1.0,6.51,1.038,27.59,8.57,86.6
2019-08-01T11:15:00Z,AOB,Arundel_on_the_Bay,38.91675,-76.45838,1.0,6.56,1.04,27.55,8.59,87.2
2019-08-01T11:30:00Z,AOB,Arundel_on_the_Bay,38.91675,-76.45838,1.0,6.81,1.043,27.52,8.6,90.4
2019-08-01T11:45:00Z,AOB,Arundel_on_the_Bay,38.91675,-76.45838,1.0,7.37,1.04,27.5,8.6,97.8
2019-08-01T12:00:00Z,AOB,Arundel_on_the_Bay,38.91675,-76.45838,1.0,7.6,1.041,27.52,8.6,101.0
2019-08-01T12:15:00Z,AOB,Arundel_on_the_Bay,38.91675,-76.45838,1.0,7.87,1.042,27.55,8.61,104.6
2019-08-01T12:30:00Z,AOB,Arundel_on_the_Bay,38.91675,-76.45838,1.0,8.79,1.043,27.58,8.61,116.9
2019-08-01T12:45:00Z,AOB,Arundel_on_the_Bay,38.91675,-76.45838,1.0,9.16,1.045,27.62,8.6,121.9
2019-08-01T13:00:00Z,AOB,Arundel_on_the_Bay,38.91675,-76.45838,1.0,9.6,1.044,27.68,8.59,127.9
2019-08-01T13:15:00Z,AOB,Arundel_on_the_Bay,38.91675,-76.45838,1.0,9.78,1.044,27.77,8.61,130.6
2019-08-01T13:30:00Z,AOB,Arundel_on_the_Bay,38.91675,-76.45838,1.0,10.04,1.045,27.79,8.59,134.1
2019-08-01T13:45:00Z,AOB,Arundel_on_the_Bay,38.91675,-76.45838,1.0,10.25,1.046,27.88,8.62,137.1
2019-08-01T14:00:00Z,AOB,Arundel_on_the_Bay,38.91675,-76.45838,1.0,9.7,1.048,27.98,8.63,130.0
2019-08-01T14:15:00Z,AOB,Arundel_on_the_Bay,38.91675,-76.45838,1.0,10.07,1.045,28.0,8.62,135.0
2019-08-01T14:30:00Z,AOB,Arundel_on_the_Bay,38.91675,-76.45838,1.0,10.32,1.049,28.04,8.61,138.4
2019-08-01T14:45:00Z,AOB,Arundel_on_the_Bay,38.91675,-76.45838,1.0,10.36,1.049,28.07,8.6,139.0
2019-08-01T15:00:00Z,AOB,Arundel_on_the_Bay,38.91675,-76.45838,1.0,10.28,1.05,28.32,8.61,138.6
2019-08-01T15:15:00Z,AOB,Arundel_on_the_Bay,38.91675,-76.45838,1.0,11.26,1.05,28.36,8.55,151.8
2019-08-01T15:30:00Z,AOB,Arundel_on_the_Bay,38.91675,-76.45838,1.0,11.75,1.052,28.55,8.45,158.8
2019-08-01T15:45:00Z,AOB,Arundel_on_the_Bay,38.91675,-76.45838,1.0,11.83,1.049,28.66,8.4,160.2
2019-08-01T16:00:00Z,AOB,Arundel_on_the_Bay,38.91675,-76.45838,1.0,12.21,1.051,28.78,8.37,165.6
2019-08-01T16:15:00Z,AOB,Arundel_on_the_Bay,38.91675,-76.45838,1.0,12.46,1.05,28.85,8.33,169.1
2019-08-01T16:30:00Z,AOB,Arundel_on_the_Bay,38.91675,-76.45838,1.0,12.72,1.05,29.0,8.3,173.1
2019-08-01T16:45:00Z,AOB,Arundel_on_the_Bay,38.91675,-76.45838,1.0,12.72,1.048,29.06,8.29,173.3
2019-08-01T17:00:00Z,AOB,Arundel_on_the_Bay,38.91675,-76.45838,1.0,12.8,1.045,29.09,8.29,174.5
2019-08-01T17:15:00Z,AOB,Arundel_on_the_Bay,38.91675,-76.45838,1.0,13.01,1.048,29.22,8.29,177.8
2019-08-01T17:30:00Z,AOB,Arundel_on_the_Bay,38.91675,-76.45838,1.0,12.91,1.045,29.59,8.26,177.4
2019-08-01T17:45:00Z,AOB,Arundel_on_the_Bay,38.91675,-76.45838,1.0,13.97,1.039,29.62,8.27,192.1
2019-08-01T18:00:00Z,AOB,Arundel_on_the_Bay,38.91675,-76.45838,1.0,14.08,1.04,29.75,8.3,194.1
2019-08-01T18:15:00Z,AOB,Arundel_on_the_Bay,38.91675,-76.45838,1.0,12.45,1.036,29.66,8.39,171.4
2019-08-01T18:30:00Z,AOB,Arundel_on_the_Bay,38.91675,-76.45838,1.0,12.24,1.032,29.72,8.42,168.8
2019-08-01T18:45:00Z,AOB,Arundel_on_the_Bay,38.91675,-76.45838,1.0,11.89,1.035,29.61,8.43,163.6
2019-08-01T19:00:00Z,AOB,Arundel_on_the_Bay,38.91675,-76.45838,1.0,12.48,1.034,30.07,8.42,173.1
2019-08-01T19:15:00Z,AOB,Arundel_on_the_Bay,38.91675,-76.45838,1.0,13.54,1.036,29.73,8.41,186.7
2019-08-01T19:30:00Z,AOB,Arundel_on_the_Bay,38.91675,-76.45838,1.0,12.32,1.04,29.37,8.45,168.9
2019-08-01T19:45:00Z,AOB,Arundel_on_the_Bay,38.91675,-76.45838,1.0,12.03,1.036,29.53,8.47,165.4
2019-08-01T20:00:00Z,AOB,Arundel_on_the_Bay,38.91675,-76.45838,1.0,11.56,1.036,29.73,8.47,159.5
2019-08-01T20:15:00Z,AOB,Arundel_on_the_Bay,38.91675,-76.45838,1.0,10.97,1.03,29.61,8.51,151.0
2019-08-01T20:30:00Z,AOB,Arundel_on_the_Bay,38.91675,-76.45838,1.0,10.95,1.028,29.64,8.52,150.8
2019-08-01T20:45:00Z,AOB,Arundel_on_the_Bay,38.91675,-76.45838,1.0,10.72,1.029,29.6,8.53,147.6
2019-08-01T21:00:00Z,AOB,Arundel_on_the_Bay,38.91675,-76.45838,1.0,10.66,1.029,29.6,8.53,146.8
2019-08-01T21:15:00Z,AOB,Arundel_on_the_Bay,38.91675,-76.45838,1.0,10.94,1.029,29.67,8.52,150.8
2019-08-01T21:30:00Z,AOB,Arundel_on_the_Bay,38.91675,-76.45838,1.0,12.15,1.035,29.48,8.43,166.8
2019-08-01T21:45:00Z,AOB,Arundel_on_the_Bay,38.91675,-76.45838,1.0,13.0,1.035,29.54,8.41,178.7
2019-08-01T22:00:00Z,AOB,Arundel_on_the_Bay,38.91675,-76.45838,1.0,13.93,1.027,29.88,8.41,192.5
2019-08-01T22:15:00Z,AOB,Arundel_on_the_Bay,38.91675,-76.45838,1.0,14.41,1.02,29.86,8.41,199.2
2019-08-01T22:30:00Z,AOB,Arundel_on_the_Bay,38.91675,-76.45838,1.0,14.55,1.003,29.97,8.39,201.4
2019-08-01T22:45:00Z,AOB,Arundel_on_the_Bay,38.91675,-76.45838,1.0,14.61,1.01,29.97,8.39,202.3
2019-08-01T23:00:00Z,AOB,Arundel_on_the_Bay,38.91675,-76.45838,1.0,14.89,1.017,30.03,8.37,206.3
2019-08-02T00:00:00Z,AOB,Arundel_on_the_Bay,38.91675,-76.45838,1.0,14.74,1.033,29.92,8.29,203.8
2019-08-02T00:15:00Z,AOB,Arundel_on_the_Bay,38.91675,-76.45838,1.0,14.31,1.034,29.82,8.28,197.5
2019-08-02T00:30:00Z,AOB,Arundel_on_the_Bay,38.91675,-76.45838,1.0,13.94,1.034,29.71,8.27,192.0
2019-08-02T00:45:00Z,AOB,Arundel_on_the_Bay,38.91675,-76.45838,1.0,13.55,1.033,29.55,8.26,186.1
2019-08-02T01:00:00Z,AOB,Arundel_on_the_Bay,38.91675,-76.45838,1.0,13.61,1.033,29.6,8.26,187.2
2019-08-02T01:15:00Z,AOB,Arundel_on_the_Bay,38.91675,-76.45838,1.0,13.62,1.038,29.74,8.25,187.7
2019-08-02T01:30:00Z,AOB,Arundel_on_the_Bay,38.91675,-76.45838,1.0,13.1,1.042,29.54,8.24,179.8
2019-08-02T01:45:00Z,AOB,Arundel_on_the_Bay,38.91675,-76.45838,1.0,13.02,1.043,29.39,8.25,178.3
2019-08-02T02:00:00Z,AOB,Arundel_on_the_Bay,38.91675,-76.45838,1.0,13.13,1.045,29.46,8.27,180.1
2019-08-02T02:15:00Z,AOB,Arundel_on_the_Bay,38.91675,-76.45838,1.0,13.35,1.046,29.48,8.32,183.3
2019-08-02T02:30:00Z,AOB,Arundel_on_the_Bay,38.91675,-76.45838,1.0,13.41,1.049,29.41,8.32,183.9
2019-08-02T02:45:00Z,AOB,Arundel_on_the_Bay,38.91675,-76.45838,1.0,13.09,1.047,29.35,8.34,179.3
2019-08-02T03:00:00Z,AOB,Arundel_on_the_Bay,38.91675,-76.45838,1.0,12.93,1.045,29.34,8.33,177.0
2019-08-02T03:15:00Z,AOB,Arundel_on_the_Bay,38.91675,-76.45838,1.0,12.56,1.044,29.3,8.33,171.9
2019-08-02T03:30:00Z,AOB,Arundel_on_the_Bay,38.91675,-76.45838,1.0,12.11,1.044,29.18,8.32,165.3
2019-08-02T03:45:00Z,AOB,Arundel_on_the_Bay,38.91675,-76.45838,1.0,11.79,1.047,29.11,8.31,160.8
2019-08-02T04:00:00Z,AOB,Arundel_on_the_Bay,38.91675,-76.45838,1.0,11.42,1.046,29.01,8.3,155.5
2019-08-02T04:15:00Z,AOB,Arundel_on_the_Bay,38.91675,-76.45838,1.0,11.24,1.043,28.97,8.3,152.9
2019-08-02T04:30:00Z,AOB,Arundel_on_the_Bay,38.91675,-76.45838,1.0,11.05,1.045,28.91,8.29,150.1
2019-08-02T04:45:00Z,AOB,Arundel_on_the_Bay,38.91675,-76.45838,1.0,10.89,1.046,28.83,8.29,147.8
2019-08-02T05:00:00Z,AOB,Arundel_on_the_Bay,38.91675,-76.45838,1.0,10.18,1.043,28.69,8.29,137.8
2019-08-02T05:15:00Z,AOB,Arundel_on_the_Bay,38.91675,-76.45838,1.0,9.89,1.044,28.76,8.32,134.1
2019-08-02T05:30:00Z,AOB,Arundel_on_the_Bay,38.91675,-76.45838,1.0,9.88,1.045,28.77,8.35,134.0
2019-08-02T05:45:00Z,AOB,Arundel_on_the_Bay,38.91675,-76.45838,1.0,10.02,1.044,28.93,8.38,136.3
2019-08-02T06:00:00Z,AOB,Arundel_on_the_Bay,38.91675,-76.45838,1.0,9.67,1.041,29.03,8.42,131.8
2019-08-02T06:15:00Z,AOB,Arundel_on_the_Bay,38.91675,-76.45838,1.0,9.48,1.048,29.0,8.42,129.1
2019-08-02T06:30:00Z,AOB,Arundel_on_the_Bay,38.91675,-76.45838,1.0,9.34,1.046,29.01,8.43,127.2
2019-08-02T06:45:00Z,AOB,Arundel_on_the_Bay,38.91675,-76.45838,1.0,9.32,1.044,29.0,8.42,127.0
2019-08-02T07:00:00Z,AOB,Arundel_on_the_Bay,38.91675,-76.45838,1.0,9.1,1.046,28.91,8.41,123.7
2019-08-02T07:15:00Z,AOB,Arundel_on_the_Bay,38.91675,-76.45838,1.0,8.97,1.049,28.88,8.41,121.9
2019-08-02T07:30:00Z,AOB,Arundel_on_the_Bay,38.91675,-76.45838,1.0,8.85,1.045,28.75,8.44,120.0
2019-08-02T07:45:00Z,AOB,Arundel_on_the_Bay,38.91675,-76.45838,1.0,8.87,1.045,28.72,8.45,120.2
2019-08-02T08:00:00Z,AOB,Arundel_on_the_Bay,38.91675,-76.45838,1.0,9.18,1.049,28.68,8.55,124.5
2019-08-02T08:15:00Z,AOB,Arundel_on_the_Bay,38.91675,-76.45838,1.0,8.98,1.046,28.65,8.52,121.7
2019-08-02T08:30:00Z,AOB,Arundel_on_the_Bay,38.91675,-76.45838,1.0,8.28,1.04,28.71,8.42,112.2
2019-08-02T08:45:00Z,AOB,Arundel_on_the_Bay,38.91675,-76.45838,1.0,8.63,1.046,28.74,8.42,117.0
2019-08-02T09:00:00Z,AOB,Arundel_on_the_Bay,38.91675,-76.45838,1.0,8.73,1.047,28.76,8.44,118.4
2019-08-02T09:15:00Z,AOB,Arundel_on_the_Bay,38.91675,-76.45838,1.0,8.65,1.045,28.74,8.42,117.2
2019-08-02T09:30:00Z,AOB,Arundel_on_the_Bay,38.91675,-76.45838,1.0,8.47,1.044,28.53,8.39,114.4
2019-08-02T09:45:00Z,AOB,Arundel_on_the_Bay,38.91675,-76.45838,1.0,8.41,1.039,28.53,8.4,113.7
2019-08-02T10:00:00Z,AOB,Arundel_on_the_Bay,38.91675,-76.45838,1.0,8.63,1.05,28.56,8.48,116.7
2019-08-02T10:15:00Z,AOB,Arundel_on_the_Bay,38.91675,-76.45838,1.0,8.5,1.052,28.54,8.48,114.9
2019-08-02T10:30:00Z,AOB,Arundel_on_the_Bay,38.91675,-76.45838,1.0,8.3,1.049,28.4,8.39,111.8
2019-08-02T10:45:00Z,AOB,Arundel_on_the_Bay,38.91675,-76.45838,1.0,8.53,1.051,28.46,8.33,115.0
2019-08-02T11:00:00Z,AOB,Arundel_on_the_Bay,38.91675,-76.45838,1.0,8.53,1.05,28.43,8.32,115.0
2019-08-02T11:15:00Z,AOB,Arundel_on_the_Bay,38.91675,-76.45838,1.0,8.68,1.049,28.36,8.31,116.9
2019-08-02T11:30:00Z,AOB,Arundel_on_the_Bay,38.91675,-76.45838,1.0,8.69,1.05,28.36,8.3,117.0
2019-08-02T11:45:00Z,AOB,Arundel_on_the_Bay,38.91675,-76.45838,1.0,9.06,1.048,28.35,8.3,121.9
2019-08-02T12:00:00Z,AOB,Arundel_on_the_Bay,38.91675,-76.45838,1.0,8.98,1.046,28.31,8.29,120.8
2019-08-02T12:15:00Z,AOB,Arundel_on_the_Bay,38.91675,-76.45838,1.0,8.38,1.061,28.1,8.28,112.3
2019-08-02T12:30:00Z,AOB,Arundel_on_the_Bay,38.91675,-76.45838,1.0,8.73,1.067,28.08,8.28,117.0
2019-08-02T12:45:00Z,AOB,Arundel_on_the_Bay,38.91675,-76.45838,1.0,8.71,1.064,28.0,8.28,116.5
2019-08-02T13:00:00Z,AOB,Arundel_on_the_Bay,38.91675,-76.45838,1.0,8.51,1.065,27.96,8.3,113.8
2019-08-02T13:15:00Z,AOB,Arundel_on_the_Bay,38.91675,-76.45838,1.0,8.25,1.063,28.02,8.29,110.4
2019-08-02T13:30:00Z,AOB,Arundel_on_the_Bay,38.91675,-76.45838,1.0,8.29,1.06,28.05,8.28,110.9
2019-08-02T13:45:00Z,AOB,Arundel_on_the_Bay,38.91675,-76.45838,1.0,8.38,1.06,28.08,8.28,112.2
2019-08-02T14:00:00Z,AOB,Arundel_on_the_Bay,38.91675,-76.45838,1.0,8.44,1.063,28.05,8.27,113.0
2019-08-02T14:15:00Z,AOB,Arundel_on_the_Bay,38.91675,-76.45838,1.0,8.52,1.06,28.1,8.27,114.1
2019-08-02T14:30:00Z,AOB,Arundel_on_the_Bay,38.91675,-76.45838,1.0,8.59,1.059,28.15,8.27,115.3
2019-08-02T14:45:00Z,AOB,Arundel_on_the_Bay,38.91675,-76.45838,1.0,8.52,1.058,28.17,8.29,114.3
2019-08-02T15:00:00Z,AOB,Arundel_on_the_Bay,38.91675,-76.45838,1.0,8.47,1.06,28.17,8.3,113.6
2019-08-02T15:15:00Z,AOB,Arundel_on_the_Bay,38.91675,-76.45838,1.0,8.53,1.059,28.18,8.31,114.5
2019-08-02T15:30:00Z,AOB,Arundel_on_the_Bay,38.91675,-76.45838,1.0,8.62,1.054,28.18,8.31,115.7
2019-08-02T15:45:00Z,AOB,Arundel_on_the_Bay,38.91675,-76.45838,1.0,8.74,1.058,28.2,8.32,117.4
2019-08-02T16:00:00Z,AOB,Arundel_on_the_Bay,38.91675,-76.45838,1.0,8.71,1.062,28.22,8.32,116.9
2019-08-02T16:15:00Z,AOB,Arundel_on_the_Bay,38.91675,-76.45838,1.0,8.43,1.06,28.24,8.32,113.2
2019-08-02T16:30:00Z,AOB,Arundel_on_the_Bay,38.91675,-76.45838,1.0,10.43,1.045,28.39,8.29,140.5
2019-08-02T16:45:00Z,AOB,Arundel_on_the_Bay,38.91675,-76.45838,1.0,11.38,1.058,28.46,8.26,153.5
2019-08-02T17:00:00Z,AOB,Arundel_on_the_Bay,38.91675,-76.45838,1.0,12.22,1.061,28.65,8.08,165.1
2019-08-02T17:15:00Z,AOB,Arundel_on_the_Bay,38.91675,-76.45838,1.0,11.53,1.053,28.72,8.0,156.0
2019-08-02T17:30:00Z,AOB,Arundel_on_the_Bay,38.91675,-76.45838,1.0,11.89,1.059,28.73,8.01,160.8
2019-08-02T17:45:00Z,AOB,Arundel_on_the_Bay,38.91675,-76.45838,1.0,11.29,1.057,28.82,7.95,152.9
2019-08-02T18:00:00Z,AOB,Arundel_on_the_Bay,38.91675,-76.45838,1.0,11.06,1.057,28.92,7.93,150.0
2019-08-02T18:15:00Z,AOB,Arundel_on_the_Bay,38.91675,-76.45838,1.0,11.45,1.053,29.0,7.93,155.6
2019-08-02T18:30:00Z,AOB,Arundel_on_the_Bay,38.91675,-76.45838,1.0,12.0,1.048,29.0,7.94,163.1
2019-08-02T18:45:00Z,AOB,Arundel_on_the_Bay,38.91675,-76.45838,1.0,12.19,1.048,29.12,7.93,166.0
2019-08-02T19:00:00Z,AOB,Arundel_on_the_Bay,38.91675,-76.45838,1.0,12.67,1.046,29.17,7.94,172.6
2019-08-02T19:15:00Z,AOB,Arundel_on_the_Bay,38.91675,-76.45838,1.0,13.73,1.047,29.38,8.23,188.0
2019-08-02T19:30:00Z,AOB,Arundel_on_the_Bay,38.91675,-76.45838,1.0,13.75,1.046,29.4,8.3,188.4
2019-08-02T19:45:00Z,AOB,Arundel_on_the_Bay,38.91675,-76.45838,1.0,13.36,1.043,29.38,8.29,182.9
2019-08-02T20:00:00Z,AOB,Arundel_on_the_Bay,38.91675,-76.45838,1.0,14.34,1.039,29.56,8.32,197.1
2019-08-02T20:15:00Z,AOB,Arundel_on_the_Bay,38.91675,-76.45838,1.0,14.22,1.042,29.57,8.31,195.5
2019-08-02T20:30:00Z,AOB,Arundel_on_the_Bay,38.91675,-76.45838,1.0,14.99,1.032,29.68,8.31,206.5
2019-08-02T20:45:00Z,AOB,Arundel_on_the_Bay,38.91675,-76.45838,1.0,11.69,1.038,29.11,8.27,159.3
2019-08-02T21:00:00Z,AOB,Arundel_on_the_Bay,38.91675,-76.45838,1.0,12.09,1.037,29.15,8.34,165.0
2019-08-02T21:15:00Z,AOB,Arundel_on_the_Bay,38.91675,-76.45838,1.0,12.54,1.038,29.31,8.36,171.7
2019-08-02T21:30:00Z,AOB,Arundel_on_the_Bay,38.91675,-76.45838,1.0,12.61,1.036,29.44,8.35,172.9
2019-08-02T21:45:00Z,AOB,Arundel_on_the_Bay,38.91675,-76.45838,1.0,12.97,1.043,29.55,8.33,178.2
2019-08-02T22:00:00Z,AOB,Arundel_on_the_Bay,38.91675,-76.45838,1.0,13.28,1.046,29.6,8.3,182.7
2019-08-02T22:15:00Z,AOB,Arundel_on_the_Bay,38.91675,-76.45838,1.0,13.38,1.042,29.44,8.27,183.4
2019-08-02T22:30:00Z,AOB,Arundel_on_the_Bay,38.91675,-76.45838,1.0,12.86,1.043,29.35,8.22,176.0
2019-08-02T22:45:00Z,AOB,Arundel_on_the_Bay,38.91675,-76.45838,1.0,12.35,1.044,29.23,8.24,168.7
2019-08-02T23:00:00Z,AOB,Arundel_on_the_Bay,38.91675,-76.45838,1.0,12.31,1.03,29.21,8.24,168.2
2019-08-03T00:00:00Z,AOB,Arundel_on_the_Bay,38.91675,-76.45838,1.0,13.61,1.033,29.31,8.1,186.1
2019-08-03T00:15:00Z,AOB,Arundel_on_the_Bay,38.91675,-76.45838,1.0,13.08,1.026,29.21,8.06,178.5
2019-08-03T00:30:00Z,AOB,Arundel_on_the_Bay,38.91675,-76.45838,1.0,12.45,1.02,29.09,8.01,169.5
2019-08-03T00:45:00Z,AOB,Arundel_on_the_Bay,38.91675,-76.45838,1.0,12.23,1.039,29.08,7.97,166.4
2019-08-03T01:00:00Z,AOB,Arundel_on_the_Bay,38.91675,-76.45838,1.0,11.72,1.035,29.01,7.95,159.3
2019-08-03T01:15:00Z,AOB,Arundel_on_the_Bay,38.91675,-76.45838,1.0,11.55,1.04,28.99,7.94,156.8
2019-08-03T01:30:00Z,AOB,Arundel_on_the_Bay,38.91675,-76.45838,1.0,11.48,1.045,28.97,7.94,155.8
2019-08-03T01:45:00Z,AOB,Arundel_on_the_Bay,38.91675,-76.45838,1.0,10.84,1.042,28.84,7.93,146.9
2019-08-03T02:00:00Z,AOB,Arundel_on_the_Bay,38.91675,-76.45838,1.0,11.17,1.045,28.91,7.93,151.6
2019-08-03T02:15:00Z,AOB,Arundel_on_the_Bay,38.91675,-76.45838,1.0,10.79,1.048,28.85,7.92,146.2
2019-08-03T02:30:00Z,AOB,Arundel_on_the_Bay,38.91675,-76.45838,1.0,10.69,1.037,28.83,7.91,144.7
2019-08-03T02:45:00Z,AOB,Arundel_on_the_Bay,38.91675,-76.45838,1.0,10.15,1.047,28.71,7.91,137.2
2019-08-03T03:00:00Z,AOB,Arundel_on_the_Bay,38.91675,-76.45838,1.0,10.08,1.045,28.65,7.9,136.1
2019-08-03T03:15:00Z,AOB,Arundel_on_the_Bay,38.91675,-76.45838,1.0,10.07,1.046,28.61,7.9,135.8
2019-08-03T03:30:00Z,AOB,Arundel_on_the_Bay,38.91675,-76.45838,1.0,10.11,1.041,28.59,7.9,136.3
2019-08-03T03:45:00Z,AOB,Arundel_on_the_Bay,38.91675,-76.45838,1.0,9.95,1.04,28.52,7.91,134.1
2019-08-03T04:00:00Z,AOB,Arundel_on_the_Bay,38.91675,-76.45838,1.0,9.41,1.039,28.49,7.93,126.7
2019-08-03T04:15:00Z,AOB,Arundel_on_the_Bay,38.91675,-76.45838,1.0,9.19,1.039,28.42,7.95,123.5
2019-08-03T04:30:00Z,AOB,Arundel_on_the_Bay,38.91675,-76.45838,1.0,8.62,1.04,28.35,8.01,115.8
2019-08-03T04:45:00Z,AOB,Arundel_on_the_Bay,38.91675,-76.45838,1.0,8.15,1.041,28.25,8.09,109.4
2019-08-03T05:00:00Z,AOB,Arundel_on_the_Bay,38.91675,-76.45838,1.0,7.96,1.038,28.23,8.13,106.8
2019-08-03T05:15:00Z,AOB,Arundel_on_the_Bay,38.91675,-76.45838,1.0,8.09,1.031,28.24,8.14,108.6
2019-08-03T05:30:00Z,AOB,Arundel_on_the_Bay,38.91675,-76.45838,1.0,8.01,1.031,28.16,8.16,107.4
2019-08-03T05:45:00Z,AOB,Arundel_on_the_Bay,38.91675,-76.45838,1.0,8.58,1.03,28.32,8.18,115.3
2019-08-03T06:00:00Z,AOB,Arundel_on_the_Bay,38.91675,-76.45838,1.0,8.68,1.033,28.28,8.24,116.6
2019-08-03T06:15:00Z,AOB,Arundel_on_the_Bay,38.91675,-76.45838,1.0,8.73,1.026,28.31,8.26,117.4
2019-08-03T06:30:00Z,AOB,Arundel_on_the_Bay,38.91675,-76.45838,1.0,9.2,1.028,28.44,8.24,123.9
2019-08-03T06:45:00Z,AOB,Arundel_on_the_Bay,38.91675,-76.45838,1.0,9.97,1.03,28.65,8.22,134.8
2019-08-03T07:00:00Z,AOB,Arundel_on_the_Bay,38.91675,-76.45838,1.0,9.76,1.027,28.62,8.21,131.9
2019-08-03T07:15:00Z,AOB,Arundel_on_the_Bay,38.91675,-76.45838,1.0,9.56,1.03,28.6,8.21,129.2
2019-08-03T07:30:00Z,AOB,Arundel_on_the_Bay,38.91675,-76.45838,1.0,8.95,1.024,28.41,8.23,120.5
2019-08-03T07:45:00Z,AOB,Arundel_on_the_Bay,38.91675,-76.45838,1.0,9.06,1.026,28.47,8.21,122.1
2019-08-03T08:00:00Z,AOB,Arundel_on_the_Bay,38.91675,-76.45838,1.0,8.38,1.027,28.19,8.24,112.4
2019-08-03T08:15:00Z,AOB,Arundel_on_the_Bay,38.91675,-76.45838,1.0,8.16,1.028,28.13,8.25,109.4
2019-08-03T08:30:00Z,AOB,Arundel_on_the_Bay,38.91675,-76.45838,1.0,8.49,1.029,28.2,8.26,114.0
2019-08-03T08:45:00Z,AOB,Arundel_on_the_Bay,38.91675,-76.45838,1.0,8.8,1.029,28.27,8.34,118.3
2019-08-03T09:00:00Z,AOB,Arundel_on_the_Bay,38.91675,-76.45838,1.0,8.77,1.029,28.28,8.37,117.9
2019-08-03T09:15:00Z,AOB,Arundel_on_the_Bay,38.91675,-76.45838,1.0,8.57,1.029,28.25,8.36,115.2
2019-08-03T09:30:00Z,AOB,Arundel_on_the_Bay,38.91675,-76.45838,1.0,8.41,1.033,28.28,8.41,113.2
2019-08-03T09:45:00Z,AOB,Arundel_on_the_Bay,38.91675,-76.45838,1.0,7.91,1.033,28.18,8.23,106.2
2019-08-03T10:00:00Z,AOB,Arundel_on_the_Bay,38.91675,-76.45838,1.0,8.17,1.035,28.22,8.24,109.6
2019-08-03T10:15:00Z,AOB,Arundel_on_the_Bay,38.91675,-76.45838,1.0,8.17,1.035,28.2,8.24,109.7
2019-08-03T10:30:00Z,AOB,Arundel_on_the_Bay,38.91675,-76.45838,1.0,8.08,1.034,28.11,8.23,108.2
2019-08-03T10:45:00Z,AOB,Arundel_on_the_Bay,38.91675,-76.45838,1.0,8.14,1.034,28.12,8.25,109.1
2019-08-03T11:00:00Z,AOB,Arundel_on_the_Bay,38.91675,-76.45838,1.0,8.36,1.036,28.13,8.26,112.1
2019-08-03T11:15:00Z,AOB,Arundel_on_the_Bay,38.91675,-76.45838,1.0,7.98,1.035,28.06,8.19,106.8
2019-08-03T11:30:00Z,AOB,Arundel_on_the_Bay,38.91675,-76.45838,1.0,7.78,1.033,28.1,8.16,104.2
2019-08-03T11:45:00Z,AOB,Arundel_on_the_Bay,38.91675,-76.45838,1.0,7.87,1.036,28.1,8.14,105.4
2019-08-03T12:00:00Z,AOB,Arundel_on_the_Bay,38.91675,-76.45838,1.0,7.74,1.032,28.11,8.15,103.6
2019-08-03T12:15:00Z,AOB,Arundel_on_the_Bay,38.91675,-76.45838,1.0,7.85,1.036,28.11,8.17,105.1
2019-08-03T12:30:00Z,AOB,Arundel_on_the_Bay,38.91675,-76.45838,1.0,7.74,1.036,28.02,8.13,103.5
2019-08-03T12:45:00Z,AOB,Arundel_on_the_Bay,38.91675,-76.45838,1.0,7.66,1.033,27.92,8.1,102.2
2019-08-03T13:00:00Z,AOB,Arundel_on_the_Bay,38.91675,-76.45838,1.0,7.62,1.033,27.86,8.08,101.5
2019-08-03T13:15:00Z,AOB,Arundel_on_the_Bay,38.91675,-76.45838,1.0,7.99,1.031,27.96,8.12,106.7
2019-08-03T13:30:00Z,AOB,Arundel_on_the_Bay,38.91675,-76.45838,1.0,8.65,1.035,28.0,8.16,115.6
2019-08-03T13:45:00Z,AOB,Arundel_on_the_Bay,38.91675,-76.45838,1.0,8.77,1.031,28.09,8.18,117.5
2019-08-03T14:00:00Z,AOB,Arundel_on_the_Bay,38.91675,-76.45838,1.0,9.09,1.03,28.17,8.18,121.9
2019-08-03T14:15:00Z,AOB,Arundel_on_the_Bay,38.91675,-76.45838,1.0,9.08,1.03,28.24,8.17,121.8
2019-08-03T14:30:00Z,AOB,Arundel_on_the_Bay,38.91675,-76.45838,1.0,8.9,1.031,28.32,8.17,119.7
2019-08-03T14:45:00Z,AOB,Arundel_on_the_Bay,38.91675,-76.45838,1.0,8.97,1.022,28.4,8.17,120.7
2019-08-03T15:00:00Z,AOB,Arundel_on_the_Bay,38.91675,-76.45838,1.0,9.0,1.027,28.48,8.15,121.3
2019-08-03T15:15:00Z,AOB,Arundel_on_the_Bay,38.91675,-76.45838,1.0,9.57,1.026,28.6,8.14,129.3
2019-08-03T15:30:00Z,AOB,Arundel_on_the_Bay,38.91675,-76.45838,1.0,10.74,1.025,28.73,8.14,145.4
2019-08-03T15:45:00Z,AOB,Arundel_on_the_Bay,38.91675,-76.45838,1.0,10.72,1.021,28.8,8.13,145.3
2019-08-03T16:00:00Z,AOB,Arundel_on_the_Bay,38.91675,-76.45838,1.0,11.38,1.021,28.93,8.1,154.5
2019-08-03T16:15:00Z,AOB,Arundel_on_the_Bay,38.91675,-76.45838,1.0,11.89,1.018,29.18,8.06,162.2
2019-08-03T16:30:00Z,AOB,Arundel_on_the_Bay,38.91675,-76.45838,1.0,11.95,1.018,29.29,8.04,163.2
2019-08-03T16:45:00Z,AOB,Arundel_on_the_Bay,38.91675,-76.45838,1.0,12.88,1.021,29.43,8.0,176.3
2019-08-03T17:00:00Z,AOB,Arundel_on_the_Bay,38.91675,-76.45838,1.0,12.45,1.02,29.47,7.99,170.5
2019-08-03T17:15:00Z,AOB,Arundel_on_the_Bay,38.91675,-76.45838,1.0,12.91,1.015,29.78,7.98,177.7
2019-08-03T17:30:00Z,AOB,Arundel_on_the_Bay,38.91675,-76.45838,1.0,11.23,1.012,29.96,7.9,155.0
2019-08-03T17:45:00Z,AOB,Arundel_on_the_Bay,38.91675,-76.45838,1.0,12.28,1.017,29.85,7.92,169.3
2019-08-03T18:00:00Z,AOB,Arundel_on_the_Bay,38.91675,-76.45838,1.0,12.19,1.005,29.89,7.9,168.1
2019-08-03T18:15:00Z,AOB,Arundel_on_the_Bay,38.91675,-76.45838,1.0,11.54,1.011,30.1,7.85,159.6
2019-08-03T18:30:00Z,AOB,Arundel_on_the_Bay,38.91675,-76.45838,1.0,11.86,1.008,29.95,7.88,163.7
2019-08-03T18:45:00Z,AOB,Arundel_on_the_Bay,38.91675,-76.45838,1.0,12.29,1.003,30.0,7.87,169.8
2019-08-03T19:00:00Z,AOB,Arundel_on_the_Bay,38.91675,-76.45838,1.0,12.71,1.005,30.08,7.86,175.8
2019-08-03T19:15:00Z,AOB,Arundel_on_the_Bay,38.91675,-76.45838,1.0,13.1,1.002,30.26,7.85,181.7
2019-08-03T19:30:00Z,AOB,Arundel_on_the_Bay,38.91675,-76.45838,1.0,13.29,1.0,30.35,8.04,184.8
2019-08-03T19:45:00Z,AOB,Arundel_on_the_Bay,38.91675,-76.45838,1.0,13.07,0.996,30.36,8.18,182.0
2019-08-03T20:00:00Z,AOB,Arundel_on_the_Bay,38.91675,-76.45838,1.0,13.64,0.996,30.54,8.22,190.5
2019-08-03T20:15:00Z,AOB,Arundel_on_the_Bay,38.91675,-76.45838,1.0,12.83,0.992,30.29,8.2,178.5
2019-08-03T20:30:00Z,AOB,Arundel_on_the_Bay,38.91675,-76.45838,1.0,12.77,0.994,30.22,8.17,177.4
2019-08-03T20:45:00Z,AOB,Arundel_on_the_Bay,38.91675,-76.45838,1.0,12.84,0.996,30.12,8.11,178.0
2019-08-03T21:00:00Z,AOB,Arundel_on_the_Bay,38.91675,-76.45838,1.0,11.1,0.992,29.54,8.1,152.2
2019-08-03T21:15:00Z,AOB,Arundel_on_the_Bay,38.91675,-76.45838,1.0,11.29,0.984,29.61,8.15,155.1
2019-08-03T21:30:00Z,AOB,Arundel_on_the_Bay,38.91675,-76.45838,1.0,11.39,0.99,29.66,8.17,156.7
2019-08-03T21:45:00Z,AOB,Arundel_on_the_Bay,38.91675,-76.45838,1.0,11.95,0.988,29.85,8.28,165.0
2019-08-03T22:00:00Z,AOB,Arundel_on_the_Bay,38.91675,-76.45838,1.0,11.8,0.984,29.86,8.31,163.0
2019-08-03T22:15:00Z,AOB,Arundel_on_the_Bay,38.91675,-76.45838,1.0,11.62,0.987,29.88,8.27,160.5
2019-08-03T22:30:00Z,AOB,Arundel_on_the_Bay,38.91675,-76.45838,1.0,11.78,0.987,30.13,8.2,163.3
2019-08-03T22:45:00Z,AOB,Arundel_on_the_Bay,38.91675,-76.45838,1.0,11.72,0.987,30.05,8.12,162.2
2019-08-03T23:00:00Z,AOB,Arundel_on_the_Bay,38.91675,-76.45838,1.0,12.12,0.985,29.92,8.11,167.4
2019-08-04T00:00:00Z,AOB,Arundel_on_the_Bay,38.91675,-76.45838,1.0,12.06,0.991,29.79,8.06,166.2
2019-08-04T00:15:00Z,AOB,Arundel_on_the_Bay,38.91675,-76.45838,1.0,11.48,0.991,29.6,8.04,157.6
2019-08-04T00:30:00Z,AOB,Arundel_on_the_Bay,38.91675,-76.45838,1.0,10.81,0.989,29.34,8.01,147.8
2019-08-04T00:45:00Z,AOB,Arundel_on_the_Bay,38.91675,-76.45838,1.0,10.04,0.99,28.94,7.88,136.2
2019-08-04T01:00:00Z,AOB,Arundel_on_the_Bay,38.91675,-76.45838,1.0,9.89,0.991,28.9,7.86,134.1
2019-08-04T01:15:00Z,AOB,Arundel_on_the_Bay,38.91675,-76.45838,1.0,10.13,0.993,28.95,7.86,137.4
2019-08-04T01:30:00Z,AOB,Arundel_on_the_Bay,38.91675,-76.45838,1.0,10.39,0.992,28.98,7.86,141.1
2019-08-04T01:45:00Z,AOB,Arundel_on_the_Bay,38.91675,-76.45838,1.0,10.5,0.996,29.09,7.85,142.8
2019-08-04T02:00:00Z,AOB,Arundel_on_the_Bay,38.91675,-76.45838,1.0,10.76,0.997,29.17,7.83,146.5
2019-08-04T02:15:00Z,AOB,Arundel_on_the_Bay,38.91675,-76.45838,1.0,11.02,0.995,29.21,7.82,150.1
2019-08-04T02:30:00Z,AOB,Arundel_on_the_Bay,38.91675,-76.45838,1.0,11.1,0.995,29.24,7.82,151.3
2019-08-04T02:45:00Z,AOB,Arundel_on_the_Bay,38.91675,-76.45838,1.0,11.23,0.998,29.2,7.84,153.0
2019-08-04T03:00:00Z,AOB,Arundel_on_the_Bay,38.91675,-76.45838,1.0,11.01,0.995,29.19,7.89,150.0
2019-08-04T03:15:00Z,AOB,Arundel_on_the_Bay,38.91675,-76.45838,1.0,10.69,0.996,29.15,7.95,145.5
2019-08-04T03:30:00Z,AOB,Arundel_on_the_Bay,38.91675,-76.45838,1.0,10.73,0.996,29.1,7.99,146.0
2019-08-04T03:45:00Z,AOB,Arundel_on_the_Bay,38.91675,-76.45838,1.0,10.7,0.996,29.03,8.0,145.5
2019-08-04T04:00:00Z,AOB,Arundel_on_the_Bay,38.91675,-76.45838,1.0,10.74,0.999,28.98,8.01,145.9
2019-08-04T04:15:00Z,AOB,Arundel_on_the_Bay,38.91675,-76.45838,1.0,10.69,0.999,28.92,8.03,145.1
2019-08-04T04:30:00Z,AOB,Arundel_on_the_Bay,38.91675,-76.45838,1.0,10.35,1.003,28.84,8.08,140.3
2019-08-04T04:45:00Z,AOB,Arundel_on_the_Bay,38.91675,-76.45838,1.0,10.0,1.005,28.75,8.09,135.4
2019-08-04T05:00:00Z,AOB,Arundel_on_the_Bay,38.91675,-76.45838,1.0,9.91,1.004,28.65,8.11,134.0
2019-08-04T05:15:00Z,AOB,Arundel_on_the_Bay,38.91675,-76.45838,1.0,9.81,1.004,28.57,8.13,132.4
2019-08-04T05:30:00Z,AOB,Arundel_on_the_Bay,38.91675,-76.45838,1.0,9.64,1.003,28.54,8.14,130.0
2019-08-04T05:45:00Z,AOB,Arundel_on_the_Bay,38.91675,-76.45838,1.0,9.5,1.004,28.58,8.11,128.3
2019-08-04T06:00:00Z,AOB,Arundel_on_the_Bay,38.91675,-76.45838,1.0,9.09,1.002,28.44,8.19,122.4
2019-08-04T06:15:00Z,AOB,Arundel_on_the_Bay,38.91675,-76.45838,1.0,9.08,1.0,28.4,8.15,122.2
2019-08-04T06:30:00Z,AOB,Arundel_on_the_Bay,38.91675,-76.45838,1.0,8.92,0.997,28.39,8.18,120.0
2019-08-04T06:45:00Z,AOB,Arundel_on_the_Bay,38.91675,-76.45838,1.0,8.81,0.997,28.4,8.17,118.5
2019-08-04T07:00:00Z,AOB,Arundel_on_the_Bay,38.91675,-76.45838,1.0,8.81,0.996,28.38,8.17,118.6
2019-08-04T07:15:00Z,AOB,Arundel_on_the_Bay,38.91675,-76.45838,1.0,8.93,0.996,28.32,8.19,120.1
2019-08-04T07:30:00Z,AOB,Arundel_on_the_Bay,38.91675,-76.45838,1.0,8.78,0.993,28.43,8.2,118.2
2019-08-04T07:45:00Z,AOB,Arundel_on_the_Bay,38.91675,-76.45838,1.0,8.77,0.994,28.63,8.2,118.6
2019-08-04T08:00:00Z,AOB,Arundel_on_the_Bay,38.91675,-76.45838,1.0,8.65,0.992,28.84,8.18,117.3
2019-08-04T08:15:00Z,AOB,Arundel_on_the_Bay,38.91675,-76.45838,1.0,8.32,0.99,28.93,8.15,113.1
2019-08-04T08:30:00Z,AOB,Arundel_on_the_Bay,38.91675,-76.45838,1.0,8.24,0.992,28.93,8.15,111.9
2019-08-04T08:45:00Z,AOB,Arundel_on_the_Bay,38.91675,-76.45838,1.0,8.08,0.992,28.85,8.16,109.6
2019-08-04T09:00:00Z,AOB,Arundel_on_the_Bay,38.91675,-76.45838,1.0,8.12,0.992,28.7,8.19,109.9
2019-08-04T09:15:00Z,AOB,Arundel_on_the_Bay,38.91675,-76.45838,1.0,8.0,0.992,28.65,8.2,108.1
2019-08-04T09:30:00Z,AOB,Arundel_on_the_Bay,38.91675,-76.45838,1.0,7.78,0.993,28.57,8.19,105.0
2019-08-04T09:45:00Z,AOB,Arundel_on_the_Bay,38.91675,-76.45838,1.0,7.93,0.99,28.6,8.2,107.2
2019-08-04T10:00:00Z,AOB,Arundel_on_the_Bay,38.91675,-76.45838,1.0,7.97,0.993,28.59,8.24,107.7
2019-08-04T10:15:00Z,AOB,Arundel_on_the_Bay,38.91675,-76.45838,1.0,7.83,0.997,28.59,8.3,105.8
2019-08-04T10:30:00Z,AOB,Arundel_on_the_Bay,38.91675,-76.45838,1.0,7.7,0.994,28.55,8.25,104.0
2019-08-04T10:45:00Z,AOB,Arundel_on_the_Bay,38.91675,-76.45838,1.0,7.64,0.995,28.54,8.22,103.1
2019-08-04T11:00:00Z,AOB,Arundel_on_the_Bay,38.91675,-76.45838,1.0,7.52,0.998,28.46,8.18,101.4
2019-08-04T11:15:00Z,AOB,Arundel_on_the_Bay,38.91675,-76.45838,1.0,7.74,0.997,28.52,8.19,104.4
2019-08-04T11:30:00Z,AOB,Arundel_on_the_Bay,38.91675,-76.45838,1.0,7.72,0.997,28.47,8.2,104.1
2019-08-04T11:45:00Z,AOB,Arundel_on_the_Bay,38.91675,-76.45838,1.0,7.82,0.996,28.44,8.19,105.3
2019-08-04T12:00:00Z,AOB,Arundel_on_the_Bay,38.91675,-76.45838,1.0,7.78,0.998,28.43,8.19,104.7
2019-08-04T12:15:00Z,AOB,Arundel_on_the_Bay,38.91675,-76.45838,1.0,8.02,0.997,28.28,8.13,107.7
2019-08-04T12:30:00Z,AOB,Arundel_on_the_Bay,38.91675,-76.45838,1.0,8.27,0.998,28.29,8.11,111.1
2019-08-04T12:45:00Z,AOB,Arundel_on_the_Bay,38.91675,-76.45838,1.0,8.33,0.996,28.3,8.1,111.9
2019-08-04T13:00:00Z,AOB,Arundel_on_the_Bay,38.91675,-76.45838,1.0,8.3,1.001,28.31,8.09,111.5
2019-08-04T13:15:00Z,AOB,Arundel_on_the_Bay,38.91675,-76.45838,1.0,8.98,0.998,28.28,8.08,120.6
2019-08-04T13:30:00Z,AOB,Arundel_on_the_Bay,38.91675,-76.45838,1.0,9.03,1.0,28.21,8.07,121.1
2019-08-04T13:45:00Z,AOB,Arundel_on_the_Bay,38.91675,-76.45838,1.0,9.04,0.995,28.2,8.09,121.2
2019-08-04T14:00:00Z,AOB,Arundel_on_the_Bay,38.91675,-76.45838,1.0,8.81,0.995,28.2,8.08,118.2
2019-08-04T14:15:00Z,AOB,Arundel_on_the_Bay,38.91675,-76.45838,1.0,8.87,0.989,28.24,8.07,119.0
2019-08-04T14:30:00Z,AOB,Arundel_on_the_Bay,38.91675,-76.45838,1.0,8.9,0.995,28.29,8.06,119.5
2019-08-04T14:45:00Z,AOB,Arundel_on_the_Bay,38.91675,-76.45838,1.0,8.93,0.991,28.35,8.06,120.0
2019-08-04T15:00:00Z,AOB,Arundel_on_the_Bay,38.91675,-76.45838,1.0,8.8,0.994,28.46,8.07,118.5
2019-08-04T15:15:00Z,AOB,Arundel_on_the_Bay,38.91675,-76.45838,1.0,8.8,0.995,28.57,8.1,118.7
2019-08-04T15:30:00Z,AOB,Arundel_on_the_Bay,38.91675,-76.45838,1.0,8.59,0.992,28.61,8.18,116.0
2019-08-04T15:45:00Z,AOB,Arundel_on_the_Bay,38.91675,-76.45838,1.0,8.64,0.99,28.64,8.26,116.8
2019-08-04T16:00:00Z,AOB,Arundel_on_the_Bay,38.91675,-76.45838,1.0,10.16,0.991,28.67,8.23,137.5
2019-08-04T16:15:00Z,AOB,Arundel_on_the_Bay,38.91675,-76.45838,1.0,10.43,0.992,28.71,8.2,141.2
2019-08-04T16:30:00Z,AOB,Arundel_on_the_Bay,38.91675,-76.45838,1.0,10.85,0.982,28.8,8.19,147.1
2019-08-04T16:45:00Z,AOB,Arundel_on_the_Bay,38.91675,-76.45838,1.0,11.36,0.975,28.85,8.18,154.1
2019-08-04T17:00:00Z,AOB,Arundel_on_the_Bay,38.91675,-76.45838,1.0,11.62,0.982,28.94,8.16,157.9
2019-08-04T17:15:00Z,AOB,Arundel_on_the_Bay,38.91675,-76.45838,1.0,11.42,0.986,29.07,8.13,155.5
2019-08-04T17:30:00Z,AOB,Arundel_on_the_Bay,38.91675,-76.45838,1.0,11.37,0.979,29.1,8.1,154.8
2019-08-04T17:45:00Z,AOB,Arundel_on_the_Bay,38.91675,-76.45838,1.0,11.32,0.985,29.16,8.08,154.4
2019-08-04T18:00:00Z,AOB,Arundel_on_the_Bay,38.91675,-76.45838,1.0,11.03,0.979,29.18,8.06,150.3
2019-08-04T18:15:00Z,AOB,Arundel_on_the_Bay,38.91675,-76.45838,1.0,10.73,0.981,29.12,8.04,146.1
2019-08-04T18:30:00Z,AOB,Arundel_on_the_Bay,38.91675,-76.45838,1.0,10.35,0.974,29.14,8.02,141.0
2019-08-04T18:45:00Z,AOB,Arundel_on_the_Bay,38.91675,-76.45838,1.0,10.38,0.975,29.19,8.0,141.5
2019-08-04T19:00:00Z,AOB,Arundel_on_the_Bay,38.91675,-76.45838,1.0,10.43,0.977,29.23,7.98,142.3
2019-08-04T19:15:00Z,AOB,Arundel_on_the_Bay,38.91675,-76.45838,1.0,10.7,0.974,29.36,7.91,146.2
2019-08-04T19:30:00Z,AOB,Arundel_on_the_Bay,38.91675,-76.45838,1.0,10.87,0.976,29.39,7.92,148.6
2019-08-04T19:45:00Z,AOB,Arundel_on_the_Bay,38.91675,-76.45838,1.0,11.11,0.967,29.43,7.92,152.0
2019-08-04T20:00:00Z,AOB,Arundel_on_the_Bay,38.91675,-76.45838,1.0,11.19,0.974,29.45,7.89,153.1
2019-08-04T20:15:00Z,AOB,Arundel_on_the_Bay,38.91675,-76.45838,1.0,11.47,0.971,29.5,7.89,157.2
2019-08-04T20:30:00Z,AOB,Arundel_on_the_Bay,38.91675,-76.45838,1.0,11.59,0.975,29.5,7.91,158.7
2019-08-04T20:45:00Z,AOB,Arundel_on_the_Bay,38.91675,-76.45838,1.0,10.14,0.97,29.79,8.16,139.7
2019-08-04T21:00:00Z,AOB,Arundel_on_the_Bay,38.91675,-76.45838,1.0,9.32,0.975,29.35,8.13,127.5
2019-08-04T21:15:00Z,AOB,Arundel_on_the_Bay,38.91675,-76.45838,1.0,9.29,0.977,29.42,8.12,127.3
2019-08-04T21:30:00Z,AOB,Arundel_on_the_Bay,38.91675,-76.45838,1.0,8.92,0.973,29.32,8.11,122.0
2019-08-04T21:45:00Z,AOB,Arundel_on_the_Bay,38.91675,-76.45838,1.0,8.85,0.975,29.35,8.11,121.1
2019-08-04T22:00:00Z,AOB,Arundel_on_the_Bay,38.91675,-76.45838,1.0,9.12,0.974,29.54,8.06,125.1
2019-08-04T22:15:00Z,AOB,Arundel_on_the_Bay,38.91675,-76.45838,1.0,8.97,0.978,29.51,8.07,123.0
2019-08-04T22:30:00Z,AOB,Arundel_on_the_Bay,38.91675,-76.45838,1.0,9.29,0.977,29.53,8.09,127.4
2019-08-04T22:45:00Z,AOB,Arundel_on_the_Bay,38.91675,-76.45838,1.0,9.26,0.974,29.45,8.08,126.9
2019-08-04T23:00:00Z,AOB,Arundel_on_the_Bay,38.91675,-76.45838,1.0,10.1,0.972,29.35,8.15,138.1
2019-08-05T00:00:00Z,AOB,Arundel_on_the_Bay,38.91675,-76.45838,1.0,9.12,0.984,29.45,8.07,125.0
2019-08-05T00:15:00Z,AOB,Arundel_on_the_Bay,38.91675,-76.45838,1.0,9.15,0.988,29.39,8.08,125.3
2019-08-05T00:30:00Z,AOB,Arundel_on_the_Bay,38.91675,-76.45838,1.0,9.01,0.988,29.31,8.07,123.1
2019-08-05T00:45:00Z,AOB,Arundel_on_the_Bay,38.91675,-76.45838,1.0,9.48,0.991,29.27,8.06,129.5
2019-08-05T01:00:00Z,AOB,Arundel_on_the_Bay,38.91675,-76.45838,1.0,9.96,0.989,29.3,8.04,136.0
2019-08-05T01:15:00Z,AOB,Arundel_on_the_Bay,38.91675,-76.45838,1.0,9.8,0.992,29.46,8.02,134.2
2019-08-05T01:30:00Z,AOB,Arundel_on_the_Bay,38.91675,-76.45838,1.0,10.31,0.994,29.59,8.01,141.6
2019-08-05T01:45:00Z,AOB,Arundel_on_the_Bay,38.91675,-76.45838,1.0,10.53,0.992,29.6,8.0,144.6
2019-08-05T02:00:00Z,AOB,Arundel_on_the_Bay,38.91675,-76.45838,1.0,11.25,0.996,29.66,7.95,154.6
2019-08-05T02:15:00Z,AOB,Arundel_on_the_Bay,38.91675,-76.45838,1.0,11.61,0.995,29.68,7.92,159.5
2019-08-05T02:30:00Z,AOB,Arundel_on_the_Bay,38.91675,-76.45838,1.0,11.35,0.996,29.65,7.92,155.9
2019-08-05T02:45:00Z,AOB,Arundel_on_the_Bay,38.91675,-76.45838,1.0,11.59,0.993,29.58,7.93,159.1
2019-08-05T03:00:00Z,AOB,Arundel_on_the_Bay,38.91675,-76.45838,1.0,11.73,0.994,29.39,7.87,160.3
2019-08-05T03:15:00Z,AOB,Arundel_on_the_Bay,38.91675,-76.45838,1.0,12.49,0.99,29.31,7.87,170.4
2019-08-05T03:30:00Z,AOB,Arundel_on_the_Bay,38.91675,-76.45838,1.0,12.47,0.99,29.29,7.85,170.2
2019-08-05T03:45:00Z,AOB,Arundel_on_the_Bay,38.91675,-76.45838,1.0,12.2,0.993,29.34,7.85,166.6
2019-08-05T04:00:00Z,AOB,Arundel_on_the_Bay,38.91675,-76.45838,1.0,12.02,0.993,29.34,7.84,164.1
2019-08-05T04:15:00Z,AOB,Arundel_on_the_Bay,38.91675,-76.45838,1.0,11.85,0.994,29.33,7.84,161.8
2019-08-05T04:30:00Z,AOB,Arundel_on_the_Bay,38.91675,-76.45838,1.0,11.49,0.993,29.35,7.84,156.9
2019-08-05T04:45:00Z,AOB,Arundel_on_the_Bay,38.91675,-76.45838,1.0,11.4,0.997,29.31,7.84,155.5
2019-08-05T05:00:00Z,AOB,Arundel_on_the_Bay,38.91675,-76.45838,1.0,11.36,0.998,29.15,7.83,154.6
2019-08-05T05:15:00Z,AOB,Arundel_on_the_Bay,38.91675,-76.45838,1.0,11.29,0.996,29.03,7.86,153.3
2019-08-05T05:30:00Z,AOB,Arundel_on_the_Bay,38.91675,-76.45838,1.0,11.16,0.997,28.91,7.86,151.3
2019-08-05T05:45:00Z,AOB,Arundel_on_the_Bay,38.91675,-76.45838,1.0,11.03,0.995,28.85,7.85,149.4
2019-08-05T06:00:00Z,AOB,Arundel_on_the_Bay,38.91675,-76.45838,1.0,10.92,0.995,28.8,7.85,147.7
2019-08-05T06:15:00Z,AOB,Arundel_on_the_Bay,38.91675,-76.45838,1.0,10.78,0.996,28.8,7.85,145.9
2019-08-05T06:30:00Z,AOB,Arundel_on_the_Bay,38.91675,-76.45838,1.0,10.52,0.995,28.8,7.85,142.4
2019-08-05T06:45:00Z,AOB,Arundel_on_the_Bay,38.91675,-76.45838,1.0,10.4,0.995,28.8,7.86,140.8
2019-08-05T07:00:00Z,AOB,Arundel_on_the_Bay,38.91675,-76.45838,1.0,10.29,0.996,28.78,7.85,139.1
2019-08-05T07:15:00Z,AOB,Arundel_on_the_Bay,38.91675,-76.45838,1.0,10.14,0.994,28.73,7.86,137.1
2019-08-05T07:30:00Z,AOB,Arundel_on_the_Bay,38.91675,-76.45838,1.0,10.02,0.994,28.67,7.84,135.3
2019-08-05T07:45:00Z,AOB,Arundel_on_the_Bay,38.91675,-76.45838,1.0,9.86,0.993,28.6,7.83,133.0
2019-08-05T08:00:00Z,AOB,Arundel_on_the_Bay,38.91675,-76.45838,1.0,9.99,0.992,28.53,7.79,134.5
2019-08-05T08:15:00Z,AOB,Arundel_on_the_Bay,38.91675,-76.45838,1.0,9.95,0.996,28.5,7.8,133.9
2019-08-05T08:30:00Z,AOB,Arundel_on_the_Bay,38.91675,-76.45838,1.0,9.9,0.996,28.47,7.79,133.2
2019-08-05T08:45:00Z,AOB,Arundel_on_the_Bay,38.91675,-76.45838,1.0,9.86,0.997,28.48,7.79,132.6
2019-08-05T09:00:00Z,AOB,Arundel_on_the_Bay,38.91675,-76.45838,1.0,8.6,0.997,29.09,8.12,117.2
2019-08-05T09:15:00Z,AOB,Arundel_on_the_Bay,38.91675,-76.45838,1.0,8.17,0.997,29.04,8.13,111.2
2019-08-05T09:30:00Z,AOB,Arundel_on_the_Bay,38.91675,-76.45838,1.0,8.28,0.994,29.05,8.15,112.7
2019-08-05T09:45:00Z,AOB,Arundel_on_the_Bay,38.91675,-76.45838,1.0,7.68,1.001,28.89,8.15,104.2
2019-08-05T10:00:00Z,AOB,Arundel_on_the_Bay,38.91675,-76.45838,1.0,7.91,0.999,28.97,8.15,107.5
2019-08-05T10:15:00Z,AOB,Arundel_on_the_Bay,38.91675,-76.45838,1.0,7.51,0.998,28.86,8.17,101.9
2019-08-05T10:30:00Z,AOB,Arundel_on_the_Bay,38.91675,-76.45838,1.0,7.79,1.0,29.01,8.16,106.0
2019-08-05T10:45:00Z,AOB,Arundel_on_the_Bay,38.91675,-76.45838,1.0,8.01,0.995,28.85,8.08,108.7
2019-08-05T11:00:00Z,AOB,Arundel_on_the_Bay,38.91675,-76.45838,1.0,7.42,0.988,28.92,8.14,100.8
2019-08-05T11:15:00Z,AOB,Arundel_on_the_Bay,38.91675,-76.45838,1.0,7.59,0.998,28.85,8.11,102.9
2019-08-05T11:30:00Z,AOB,Arundel_on_the_Bay,38.91675,-76.45838,1.0,7.63,0.993,28.73,8.13,103.3
2019-08-05T11:45:00Z,AOB,Arundel_on_the_Bay,38.91675,-76.45838,1.0,7.49,0.99,28.82,8.13,101.5
2019-08-05T12:00:00Z,AOB,Arundel_on_the_Bay,38.91675,-76.45838,1.0,7.59,0.989,28.81,8.12,102.9
2019-08-05T12:15:00Z,AOB,Arundel_on_the_Bay,38.91675,-76.45838,1.0,7.77,0.999,28.79,8.14,105.3
2019-08-05T12:30:00Z,AOB,Arundel_on_the_Bay,38.91675,-76.45838,1.0,7.78,1.003,28.77,8.12,105.3
2019-08-05T12:45:00Z,AOB,Arundel_on_the_Bay,38.91675,-76.45838,1.0,7.72,0.995,28.77,8.14,104.5
2019-08-05T13:00:00Z,AOB,Arundel_on_the_Bay,38.91675,-76.45838,1.0,7.78,0.997,28.74,8.11,105.4
2019-08-05T13:15:00Z,AOB,Arundel_on_the_Bay,38.91675,-76.45838,1.0,8.24,1.005,28.79,8.08,111.6
2019-08-05T13:30:00Z,AOB,Arundel_on_the_Bay,38.91675,-76.45838,1.0,8.26,1.003,28.71,8.08,111.7
2019-08-05T13:45:00Z,AOB,Arundel_on_the_Bay,38.91675,-76.45838,1.0,9.64,1.001,28.49,7.91,129.8
2019-08-05T14:00:00Z,AOB,Arundel_on_the_Bay,38.91675,-76.45838,1.0,9.98,0.997,28.53,7.88,134.5
2019-08-05T14:15:00Z,AOB,Arundel_on_the_Bay,38.91675,-76.45838,1.0,10.4,1.004,28.52,7.86,140.1
2019-08-05T14:30:00Z,AOB,Arundel_on_the_Bay,38.91675,-76.45838,1.0,10.54,1.001,28.45,7.85,141.7
2019-08-05T14:45:00Z,AOB,Arundel_on_the_Bay,38.91675,-76.45838,1.0,10.24,0.99,28.44,7.79,137.6
2019-08-05T15:00:00Z,AOB,Arundel_on_the_Bay,38.91675,-76.45838,1.0,10.7,0.998,28.49,7.81,144.0
2019-08-05T15:15:00Z,AOB,Arundel_on_the_Bay,38.91675,-76.45838,1.0,10.67,0.994,28.58,7.79,143.8
2019-08-05T15:30:00Z,AOB,Arundel_on_the_Bay,38.91675,-76.45838,1.0,10.64,1.004,28.63,7.78,143.4
2019-08-05T15:45:00Z,AOB,Arundel_on_the_Bay,38.91675,-76.45838,1.0,12.54,0.997,28.75,7.84,169.5
2019-08-05T16:00:00Z,AOB,Arundel_on_the_Bay,38.91675,-76.45838,1.0,12.11,1.003,28.77,7.89,163.8
2019-08-05T16:15:00Z,AOB,Arundel_on_the_Bay,38.91675,-76.45838,1.0,13.1,1.002,28.83,7.87,177.3
2019-08-05T16:30:00Z,AOB,Arundel_on_the_Bay,38.91675,-76.45838,1.0,13.01,0.998,28.87,7.86,176.3
2019-08-05T16:45:00Z,AOB,Arundel_on_the_Bay,38.91675,-76.45838,1.0,13.32,0.997,28.93,7.84,180.7
2019-08-05T17:00:00Z,AOB,Arundel_on_the_Bay,38.91675,-76.45838,1.0,14.0,0.998,29.0,7.85,190.1
2019-08-05T17:15:00Z,AOB,Arundel_on_the_Bay,38.91675,-76.45838,1.0,13.63,0.998,29.04,7.85,185.2
2019-08-05T17:30:00Z,AOB,Arundel_on_the_Bay,38.91675,-76.45838,1.0,13.31,0.991,29.09,7.87,181.1
2019-08-05T17:45:00Z,AOB,Arundel_on_the_Bay,38.91675,-76.45838,1.0,13.19,0.992,29.16,7.87,179.6
2019-08-05T18:00:00Z,AOB,Arundel_on_the_Bay,38.91675,-76.45838,1.0,13.23,0.983,29.16,7.87,180.2
2019-08-05T18:15:00Z,AOB,Arundel_on_the_Bay,38.91675,-76.45838,1.0,13.45,0.986,29.16,7.9,183.1
2019-08-05T18:30:00Z,AOB,Arundel_on_the_Bay,38.91675,-76.45838,1.0,13.59,0.993,29.15,7.9,185.1
2019-08-05T18:45:00Z,AOB,Arundel_on_the_Bay,38.91675,-76.45838,1.0,13.45,0.993,29.13,7.88,183.0
2019-08-05T19:00:00Z,AOB,Arundel_on_the_Bay,38.91675,-76.45838,1.0,13.86,0.992,29.13,7.92,188.7
2019-08-05T19:15:00Z,AOB,Arundel_on_the_Bay,38.91675,-76.45838,1.0,14.37,0.991,29.15,7.92,195.7
2019-08-05T19:30:00Z,AOB,Arundel_on_the_Bay,38.91675,-76.45838,1.0,14.73,0.993,29.19,7.89,200.7
2019-08-05T19:45:00Z,AOB,Arundel_on_the_Bay,38.91675,-76.45838,1.0,14.88,0.993,29.18,7.87,202.7
2019-08-05T20:00:00Z,AOB,Arundel_on_the_Bay,38.91675,-76.45838,1.0,14.79,0.992,29.17,7.87,201.4
2019-08-05T20:15:00Z,AOB,Arundel_on_the_Bay,38.91675,-76.45838,1.0,14.86,0.997,29.17,7.87,202.3
2019-08-05T20:30:00Z,AOB,Arundel_on_the_Bay,38.91675,-76.45838,1.0,14.77,0.991,29.12,7.88,201.0
2019-08-05T20:45:00Z,AOB,Arundel_on_the_Bay,38.91675,-76.45838,1.0,14.75,0.993,29.12,7.87,200.7
2019-08-05T21:00:00Z,AOB,Arundel_on_the_Bay,38.91675,-76.45838,1.0,14.28,0.991,29.14,7.88,194.4
2019-08-05T21:15:00Z,AOB,Arundel_on_the_Bay,38.91675,-76.45838,1.0,13.75,0.989,29.09,7.91,187.0
2019-08-05T21:30:00Z,AOB,Arundel_on_the_Bay,38.91675,-76.45838,1.0,8.99,0.992,29.2,7.97,122.6
2019-08-05T21:45:00Z,AOB,Arundel_on_the_Bay,38.91675,-76.45838,1.0,9.1,0.991,29.22,7.98,124.1
2019-08-05T22:00:00Z,AOB,Arundel_on_the_Bay,38.91675,-76.45838,1.0,8.83,0.995,29.23,7.98,120.4
2019-08-05T22:15:00Z,AOB,Arundel_on_the_Bay,38.91675,-76.45838,1.0,9.37,0.991,29.23,7.97,127.8
2019-08-05T22:30:00Z,AOB,Arundel_on_the_Bay,38.91675,-76.45838,1.0,9.12,0.993,29.28,7.98,124.5
2019-08-05T22:45:00Z,AOB,Arundel_on_the_Bay,38.91675,-76.45838,1.0,8.8,0.993,29.26,7.96,120.1
2019-08-05T23:00:00Z,AOB,Arundel_on_the_Bay,38.91675,-76.45838,1.0,9.47,0.993,29.13,7.94,128.9
2019-08-06T00:00:00Z,AOB,Arundel_on_the_Bay,38.91675,-76.45838,1.0,8.39,0.99,29.0,8.15,114.1
2019-08-06T00:15:00Z,AOB,Arundel_on_the_Bay,38.91675,-76.45838,1.0,8.54,0.988,29.07,8.01,116.1
2019-08-06T00:30:00Z,AOB,Arundel_on_the_Bay,38.91675,-76.45838,1.0,10.4,0.991,29.0,7.97,141.3
2019-08-06T00:45:00Z,AOB,Arundel_on_the_Bay,38.91675,-76.45838,1.0,9.93,0.992,29.03,7.98,135.0
2019-08-06T01:00:00Z,AOB,Arundel_on_the_Bay,38.91675,-76.45838,1.0,9.11,0.992,29.09,7.97,124.0
2019-08-06T01:15:00Z,AOB,Arundel_on_the_Bay,38.91675,-76.45838,1.0,9.08,0.996,29.09,7.96,123.5
2019-08-06T01:30:00Z,AOB,Arundel_on_the_Bay,38.91675,-76.45838,1.0,8.85,0.996,29.05,8.01,120.4
2019-08-06T01:45:00Z,AOB,Arundel_on_the_Bay,38.91675,-76.45838,1.0,9.03,0.998,28.99,7.98,122.6
2019-08-06T02:00:00Z,AOB,Arundel_on_the_Bay,38.91675,-76.45838,1.0,9.51,0.996,28.98,7.96,129.1
2019-08-06T02:15:00Z,AOB,Arundel_on_the_Bay,38.91675,-76.45838,1.0,10.38,0.999,28.96,7.91,140.8
2019-08-06T02:30:00Z,AOB,Arundel_on_the_Bay,38.91675,-76.45838,1.0,11.13,0.999,28.91,7.89,151.0
2019-08-06T02:45:00Z,AOB,Arundel_on_the_Bay,38.91675,-76.45838,1.0,11.96,0.996,28.9,7.86,162.1
2019-08-06T03:00:00Z,AOB,Arundel_on_the_Bay,38.91675,-76.45838,1.0,12.65,0.996,28.9,7.84,171.4
2019-08-06T03:15:00Z,AOB,Arundel_on_the_Bay,38.91675,-76.45838,1.0,12.95,0.997,28.86,7.83,175.4
2019-08-06T03:30:00Z,AOB,Arundel_on_the_Bay,38.91675,-76.45838,1.0,12.95,0.996,28.85,7.82,175.4
2019-08-06T03:45:00Z,AOB,Arundel_on_the_Bay,38.91675,-76.45838,1.0,13.07,0.997,28.8,7.81,176.9
2019-08-06T04:00:00Z,AOB,Arundel_on_the_Bay,38.91675,-76.45838,1.0,13.01,0.997,28.78,7.79,175.9
2019-08-06T04:15:00Z,AOB,Arundel_on_the_Bay,38.91675,-76.45838,1.0,12.24,0.995,28.73,7.78,165.4
2019-08-06T04:30:00Z,AOB,Arundel_on_the_Bay,38.91675,-76.45838,1.0,11.8,0.995,28.69,7.76,159.2
2019-08-06T04:45:00Z,AOB,Arundel_on_the_Bay,38.91675,-76.45838,1.0,11.19,0.994,28.66,7.72,151.0
2019-08-06T05:00:00Z,AOB,Arundel_on_the_Bay,38.91675,-76.45838,1.0,11.1,0.992,28.63,7.71,149.6
2019-08-06T05:15:00Z,AOB,Arundel_on_the_Bay,38.91675,-76.45838,1.0,10.84,0.99,28.58,7.73,146.0
2019-08-06T05:30:00Z,AOB,Arundel_on_the_Bay,38.91675,-76.45838,1.0,10.56,0.988,28.48,7.71,141.9
2019-08-06T05:45:00Z,AOB,Arundel_on_the_Bay,38.91675,-76.45838,1.0,10.5,0.988,28.43,7.68,141.0
2019-08-06T06:00:00Z,AOB,Arundel_on_the_Bay,38.91675,-76.45838,1.0,10.18,0.987,28.43,7.69,136.7
2019-08-06T06:15:00Z,AOB,Arundel_on_the_Bay,38.91675,-76.45838,1.0,10.03,0.986,28.41,7.7,134.7
2019-08-06T06:30:00Z,AOB,Arundel_on_the_Bay,38.91675,-76.45838,1.0,9.74,0.984,28.4,7.69,130.8
2019-08-06T06:45:00Z,AOB,Arundel_on_the_Bay,38.91675,-76.45838,1.0,9.45,0.983,28.41,7.7,126.9
2019-08-06T07:00:00Z,AOB,Arundel_on_the_Bay,38.91675,-76.45838,1.0,8.95,0.984,28.42,7.71,120.2
2019-08-06T07:15:00Z,AOB,Arundel_on_the_Bay,38.91675,-76.45838,1.0,8.81,0.985,28.38,7.73,118.2
2019-08-06T07:30:00Z,AOB,Arundel_on_the_Bay,38.91675,-76.45838,1.0,8.63,0.985,28.35,7.73,115.7
2019-08-06T07:45:00Z,AOB,Arundel_on_the_Bay,38.91675,-76.45838,1.0,8.55,0.987,28.29,7.72,114.5
2019-08-06T08:00:00Z,AOB,Arundel_on_the_Bay,38.91675,-76.45838,1.0,8.58,0.986,28.27,7.7,114.9
2019-08-06T08:15:00Z,AOB,Arundel_on_the_Bay,38.91675,-76.45838,1.0,8.32,0.986,28.23,7.68,111.4
2019-08-06T08:30:00Z,AOB,Arundel_on_the_Bay,38.91675,-76.45838,1.0,8.31,0.983,28.2,7.67,111.2
2019-08-06T08:45:00Z,AOB,Arundel_on_the_Bay,38.91675,-76.45838,1.0,8.08,0.983,28.15,7.65,108.0
2019-08-06T09:00:00Z,AOB,Arundel_on_the_Bay,38.91675,-76.45838,1.0,8.1,0.983,28.05,7.6,108.1
2019-08-06T09:15:00Z,AOB,Arundel_on_the_Bay,38.91675,-76.45838,1.0,8.0,0.982,28.09,7.61,106.8
2019-08-06T09:30:00Z,AOB,Arundel_on_the_Bay,38.91675,-76.45838,1.0,7.91,0.982,28.08,7.62,105.6
2019-08-06T09:45:00Z,AOB,Arundel_on_the_Bay,38.91675,-76.45838,1.0,7.9,0.981,28.06,7.61,105.4
2019-08-06T10:00:00Z,AOB,Arundel_on_the_Bay,38.91675,-76.45838,1.0,7.3,0.976,28.17,7.89,97.7
2019-08-06T10:15:00Z,AOB,Arundel_on_the_Bay,38.91675,-76.45838,1.0,6.99,0.979,28.44,8.06,94.1
2019-08-06T10:30:00Z,AOB,Arundel_on_the_Bay,38.91675,-76.45838,1.0,7.09,0.98,28.49,8.05,95.6
2019-08-06T10:45:00Z,AOB,Arundel_on_the_Bay,38.91675,-76.45838,1.0,6.95,0.979,28.39,8.02,93.5
2019-08-06T11:00:00Z,AOB,Arundel_on_the_Bay,38.91675,-76.45838,1.0,6.77,0.981,28.34,8.03,91.0
2019-08-06T11:15:00Z,AOB,Arundel_on_the_Bay,38.91675,-76.45838,1.0,7.06,0.98,28.29,7.97,94.7
2019-08-06T11:30:00Z,AOB,Arundel_on_the_Bay,38.91675,-76.45838,1.0,6.75,0.981,28.31,8.01,90.7
2019-08-06T11:45:00Z,AOB,Arundel_on_the_Bay,38.91675,-76.45838,1.0,7.4,0.981,28.24,7.9,99.1
2019-08-06T12:00:00Z,AOB,Arundel_on_the_Bay,38.91675,-76.45838,1.0,7.14,0.981,28.13,7.91,95.5
2019-08-06T12:15:00Z,AOB,Arundel_on_the_Bay,38.91675,-76.45838,1.0,7.15,0.982,28.14,7.94,95.7
2019-08-06T12:30:00Z,AOB,Arundel_on_the_Bay,38.91675,-76.45838,1.0,6.97,0.982,28.22,7.98,93.4
2019-08-06T12:45:00Z,AOB,Arundel_on_the_Bay,38.91675,-76.45838,1.0,7.1,0.984,28.27,7.95,95.2
2019-08-06T13:00:00Z,AOB,Arundel_on_the_Bay,38.91675,-76.45838,1.0,7.41,0.981,28.28,7.92,99.4
2019-08-06T13:15:00Z,AOB,Arundel_on_the_Bay,38.91675,-76.45838,1.0,7.25,0.984,28.42,8.01,97.5
2019-08-06T13:30:00Z,AOB,Arundel_on_the_Bay,38.91675,-76.45838,1.0,7.51,0.983,28.37,7.98,100.9
2019-08-06T13:45:00Z,AOB,Arundel_on_the_Bay,38.91675,-76.45838,1.0,7.61,0.982,28.33,7.95,102.1
2019-08-06T14:00:00Z,AOB,Arundel_on_the_Bay,38.91675,-76.45838,1.0,7.67,0.982,28.37,7.94,103.1
2019-08-06T14:15:00Z,AOB,Arundel_on_the_Bay,38.91675,-76.45838,1.0,8.85,0.977,28.36,7.86,118.8
2019-08-06T14:30:00Z,AOB,Arundel_on_the_Bay,38.91675,-76.45838,1.0,8.72,0.98,28.31,7.81,116.9
2019-08-06T14:45:00Z,AOB,Arundel_on_the_Bay,38.91675,-76.45838,1.0,8.68,0.981,28.34,7.83,116.5
2019-08-06T15:00:00Z,AOB,Arundel_on_the_Bay,38.91675,-76.45838,1.0,8.53,0.981,28.38,7.81,114.6
2019-08-06T15:15:00Z,AOB,Arundel_on_the_Bay,38.91675,-76.45838,1.0,10.14,0.981,28.39,7.7,136.1
2019-08-06T15:30:00Z,AOB,Arundel_on_the_Bay,38.91675,-76.45838,1.0,10.72,0.979,28.41,7.65,143.9
2019-08-06T15:45:00Z,AOB,Arundel_on_the_Bay,38.91675,-76.45838,1.0,10.42,0.98,28.42,7.6,139.9
2019-08-06T16:00:00Z,AOB,Arundel_on_the_Bay,38.91675,-76.45838,1.0,10.64,0.981,28.46,7.54,142.9
2019-08-06T16:15:00Z,AOB,Arundel_on_the_Bay,38.91675,-76.45838,1.0,10.63,0.972,28.66,7.51,143.2
2019-08-06T16:30:00Z,AOB,Arundel_on_the_Bay,38.91675,-76.45838,1.0,9.72,0.979,28.71,7.5,131.1
2019-08-06T16:45:00Z,AOB,Arundel_on_the_Bay,38.91675,-76.45838,1.0,9.49,0.974,28.86,7.5,128.3
2019-08-06T17:00:00Z,AOB,Arundel_on_the_Bay,38.91675,-76.45838,1.0,9.4,0.974,28.89,7.52,127.2
2019-08-06T17:15:00Z,AOB,Arundel_on_the_Bay,38.91675,-76.45838,1.0,9.82,0.967,28.94,7.5,133.0
2019-08-06T17:30:00Z,AOB,Arundel_on_the_Bay,38.91675,-76.45838,1.0,10.25,0.966,29.07,7.52,139.0
2019-08-06T17:45:00Z,AOB,Arundel_on_the_Bay,38.91675,-76.45838,1.0,10.25,0.967,29.1,7.52,139.1
2019-08-06T18:00:00Z,AOB,Arundel_on_the_Bay,38.91675,-76.45838,1.0,10.15,0.959,29.06,7.5,137.6
2019-08-06T18:15:00Z,AOB,Arundel_on_the_Bay,38.91675,-76.45838,1.0,9.88,0.959,29.03,7.55,134.0
2019-08-06T18:30:00Z,AOB,Arundel_on_the_Bay,38.91675,-76.45838,1.0,9.65,0.96,29.08,7.56,131.1
2019-08-06T18:45:00Z,AOB,Arundel_on_the_Bay,38.91675,-76.45838,1.0,10.34,0.957,29.37,7.54,141.1
2019-08-06T19:00:00Z,AOB,Arundel_on_the_Bay,38.91675,-76.45838,1.0,9.57,0.952,29.01,7.65,129.8
2019-08-06T19:15:00Z,AOB,Arundel_on_the_Bay,38.91675,-76.45838,1.0,8.86,0.947,28.77,7.71,119.8
2019-08-06T19:30:00Z,AOB,Arundel_on_the_Bay,38.91675,-76.45838,1.0,9.34,0.948,29.02,7.66,126.8
2019-08-06T19:45:00Z,AOB,Arundel_on_the_Bay,38.91675,-76.45838,1.0,9.36,0.945,29.13,7.69,127.3
2019-08-06T20:00:00Z,AOB,Arundel_on_the_Bay,38.91675,-76.45838,1.0,12.13,0.942,29.28,7.67,165.3
2019-08-06T20:15:00Z,AOB,Arundel_on_the_Bay,38.91675,-76.45838,1.0,12.09,0.944,29.24,7.64,164.6
2019-08-06T20:30:00Z,AOB,Arundel_on_the_Bay,38.91675,-76.45838,1.0,11.78,0.933,29.21,7.65,160.3
2019-08-06T20:45:00Z,AOB,Arundel_on_the_Bay,38.91675,-76.45838,1.0,11.49,0.94,29.53,7.64,157.2
2019-08-06T21:00:00Z,AOB,Arundel_on_the_Bay,38.91675,-76.45838,1.0,12.08,0.944,29.26,7.63,164.6
2019-08-06T21:15:00Z,AOB,Arundel_on_the_Bay,38.91675,-76.45838,1.0,12.47,0.934,29.91,7.76,171.9
2019-08-06T21:30:00Z,AOB,Arundel_on_the_Bay,38.91675,-76.45838,1.0,11.82,0.939,29.66,7.7,162.2
2019-08-06T21:45:00Z,AOB,Arundel_on_the_Bay,38.91675,-76.45838,1.0,12.12,0.946,29.9,7.74,167.0
2019-08-06T22:00:00Z,AOB,Arundel_on_the_Bay,38.91675,-76.45838,1.0,12.19,0.931,29.97,7.77,168.2
2019-08-06T22:15:00Z,AOB,Arundel_on_the_Bay,38.91675,-76.45838,1.0,11.69,0.941,29.79,7.71,160.7
2019-08-06T22:30:00Z,AOB,Arundel_on_the_Bay,38.91675,-76.45838,1.0,11.32,0.946,29.73,7.71,155.5
2019-08-06T22:45:00Z,AOB,Arundel_on_the_Bay,38.91675,-76.45838,1.0,10.42,0.941,29.39,7.7,142.3
2019-08-06T23:00:00Z,AOB,Arundel_on_the_Bay,38.91675,-76.45838,1.0,10.11,0.943,29.27,7.71,137.8
2019-08-07T00:00:00Z,AOB,Arundel_on_the_Bay,38.91675,-76.45838,1.0,9.22,0.938,29.08,7.73,125.2
2019-08-07T00:15:00Z,AOB,Arundel_on_the_Bay,38.91675,-76.45838,1.0,9.47,0.948,29.08,7.73,128.7
2019-08-07T00:30:00Z,AOB,Arundel_on_the_Bay,38.91675,-76.45838,1.0,10.12,0.95,29.09,7.8,137.6
2019-08-07T00:45:00Z,AOB,Arundel_on_the_Bay,38.91675,-76.45838,1.0,9.82,0.944,28.96,7.82,133.2
2019-08-07T01:00:00Z,AOB,Arundel_on_the_Bay,38.91675,-76.45838,1.0,9.98,0.946,28.93,7.85,135.3
2019-08-07T01:15:00Z,AOB,Arundel_on_the_Bay,38.91675,-76.45838,1.0,9.64,0.946,28.94,7.83,130.7
2019-08-07T01:30:00Z,AOB,Arundel_on_the_Bay,38.91675,-76.45838,1.0,9.75,0.96,28.9,7.85,132.2
2019-08-07T01:45:00Z,AOB,Arundel_on_the_Bay,38.91675,-76.45838,1.0,8.95,0.963,28.96,7.76,121.4
2019-08-07T02:00:00Z,AOB,Arundel_on_the_Bay,38.91675,-76.45838,1.0,8.52,0.958,29.02,7.69,115.6
2019-08-07T02:15:00Z,AOB,Arundel_on_the_Bay,38.91675,-76.45838,1.0,8.98,0.959,29.04,7.7,121.9
2019-08-07T02:30:00Z,AOB,Arundel_on_the_Bay,38.91675,-76.45838,1.0,9.08,0.957,29.06,7.71,123.3
2019-08-07T02:45:00Z,AOB,Arundel_on_the_Bay,38.91675,-76.45838,1.0,9.04,0.956,29.04,7.68,122.6
2019-08-07T03:00:00Z,AOB,Arundel_on_the_Bay,38.91675,-76.45838,1.0,9.01,0.959,29.01,7.68,122.2
2019-08-07T03:15:00Z,AOB,Arundel_on_the_Bay,38.91675,-76.45838,1.0,9.02,0.959,28.98,7.71,122.3
2019-08-07T03:30:00Z,AOB,Arundel_on_the_Bay,38.91675,-76.45838,1.0,8.9,0.951,28.92,7.66,120.5
2019-08-07T03:45:00Z,AOB,Arundel_on_the_Bay,38.91675,-76.45838,1.0,8.61,0.953,28.91,7.66,116.6
2019-08-07T04:00:00Z,AOB,Arundel_on_the_Bay,38.91675,-76.45838,1.0,8.31,0.95,28.88,7.63,112.4
2019-08-07T04:15:00Z,AOB,Arundel_on_the_Bay,38.91675,-76.45838,1.0,8.43,0.954,28.9,7.66,114.1
2019-08-07T04:30:00Z,AOB,Arundel_on_the_Bay,38.91675,-76.45838,1.0,8.36,0.946,28.86,7.67,113.1
2019-08-07T04:45:00Z,AOB,Arundel_on_the_Bay,38.91675,-76.45838,1.0,8.19,0.945,28.83,7.67,110.8
2019-08-07T05:00:00Z,AOB,Arundel_on_the_Bay,38.91675,-76.45838,1.0,8.11,0.945,28.78,7.64,109.6
2019-08-07T05:15:00Z,AOB,Arundel_on_the_Bay,38.91675,-76.45838,1.0,7.77,0.944,28.7,7.65,104.8
2019-08-07T05:30:00Z,AOB,Arundel_on_the_Bay,38.91675,-76.45838,1.0,7.49,0.943,28.61,7.59,100.9
2019-08-07T05:45:00Z,AOB,Arundel_on_the_Bay,38.91675,-76.45838,1.0,7.74,0.946,28.65,7.57,104.3
2019-08-07T06:00:00Z,AOB,Arundel_on_the_Bay,38.91675,-76.45838,1.0,8.03,0.942,28.63,7.56,108.1
2019-08-07T06:15:00Z,AOB,Arundel_on_the_Bay,38.91675,-76.45838,1.0,8.2,0.945,28.55,7.59,110.4
2019-08-07T06:30:00Z,AOB,Arundel_on_the_Bay,38.91675,-76.45838,1.0,7.29,0.949,28.39,7.7,97.9
2019-08-07T06:45:00Z,AOB,Arundel_on_the_Bay,38.91675,-76.45838,1.0,5.58,0.947,28.22,8.0,74.8
2019-08-07T07:00:00Z,AOB,Arundel_on_the_Bay,38.91675,-76.45838,1.0,4.44,0.946,28.05,8.29,59.4
2019-08-07T07:15:00Z,AOB,Arundel_on_the_Bay,38.91675,-76.45838,1.0,4.45,0.946,28.02,8.28,59.5
2019-08-07T07:30:00Z,AOB,Arundel_on_the_Bay,38.91675,-76.45838,1.0,4.77,0.945,28.0,8.23,63.8
2019-08-07T07:45:00Z,AOB,Arundel_on_the_Bay,38.91675,-76.45838,1.0,4.84,0.945,28.01,8.17,64.7
2019-08-07T08:00:00Z,AOB,Arundel_on_the_Bay,38.91675,-76.45838,1.0,5.0,0.947,28.0,8.13,66.9
2019-08-07T08:15:00Z,AOB,Arundel_on_the_Bay,38.91675,-76.45838,1.0,5.42,0.944,27.98,8.07,72.4
2019-08-07T08:30:00Z,AOB,Arundel_on_the_Bay,38.91675,-76.45838,1.0,5.96,0.946,27.91,7.98,79.5
2019-08-07T08:45:00Z,AOB,Arundel_on_the_Bay,38.91675,-76.45838,1.0,5.98,0.945,27.88,8.0,79.7
2019-08-07T09:00:00Z,AOB,Arundel_on_the_Bay,38.91675,-76.45838,1.0,6.11,0.945,27.83,7.98,81.3
2019-08-07T09:15:00Z,AOB,Arundel_on_the_Bay,38.91675,-76.45838,1.0,6.04,0.947,27.84,7.98,80.4
2019-08-07T09:30:00Z,AOB,Arundel_on_the_Bay,38.91675,-76.45838,1.0,5.56,0.947,27.87,8.03,74.1
2019-08-07T09:45:00Z,AOB,Arundel_on_the_Bay,38.91675,-76.45838,1.0,5.39,0.948,27.86,8.02,71.8
2019-08-07T10:00:00Z,AOB,Arundel_on_the_Bay,38.91675,-76.45838,1.0,5.24,0.948,27.85,8.02,69.8
2019-08-07T10:15:00Z,AOB,Arundel_on_the_Bay,38.91675,-76.45838,1.0,4.98,0.948,27.79,7.98,66.3
2019-08-07T10:30:00Z,AOB,Arundel_on_the_Bay,38.91675,-76.45838,1.0,5.39,0.953,27.84,7.94,71.7
2019-08-07T10:45:00Z,AOB,Arundel_on_the_Bay,38.91675,-76.45838,1.0,5.97,0.954,27.89,7.92,79.5
2019-08-07T11:00:00Z,AOB,Arundel_on_the_Bay,38.91675,-76.45838,1.0,6.04,0.953,27.92,7.93,80.5
2019-08-07T11:15:00Z,AOB,Arundel_on_the_Bay,38.91675,-76.45838,1.0,5.86,0.954,28.06,7.96,78.3
2019-08-07T11:30:00Z,AOB,Arundel_on_the_Bay,38.91675,-76.45838,1.0,5.96,0.954,28.04,7.97,79.6
2019-08-07T11:45:00Z,AOB,Arundel_on_the_Bay,38.91675,-76.45838,1.0,5.86,0.955,27.96,8.02,78.2
2019-08-07T12:00:00Z,AOB,Arundel_on_the_Bay,38.91675,-76.45838,1.0,5.73,0.953,27.92,8.07,76.4
2019-08-07T12:15:00Z,AOB,Arundel_on_the_Bay,38.91675,-76.45838,1.0,5.86,0.95,27.87,8.09,78.1
2019-08-07T12:30:00Z,AOB,Arundel_on_the_Bay,38.91675,-76.45838,1.0,6.34,0.955,27.81,8.03,84.4
2019-08-07T12:45:00Z,AOB,Arundel_on_the_Bay,38.91675,-76.45838,1.0,7.05,0.955,27.88,7.91,93.8
2019-08-07T13:00:00Z,AOB,Arundel_on_the_Bay,38.91675,-76.45838,1.0,7.59,0.953,28.0,7.87,101.3
2019-08-07T13:15:00Z,AOB,Arundel_on_the_Bay,38.91675,-76.45838,1.0,7.89,0.952,28.05,7.87,105.4
2019-08-07T13:30:00Z,AOB,Arundel_on_the_Bay,38.91675,-76.45838,1.0,8.08,0.953,28.09,7.9,108.0
2019-08-07T13:45:00Z,AOB,Arundel_on_the_Bay,38.91675,-76.45838,1.0,8.85,0.955,28.23,7.88,118.6
2019-08-07T14:00:00Z,AOB,Arundel_on_the_Bay,38.91675,-76.45838,1.0,9.3,0.953,28.35,7.86,124.8
2019-08-07T14:15:00Z,AOB,Arundel_on_the_Bay,38.91675,-76.45838,1.0,9.3,0.956,28.39,7.85,125.0
2019-08-07T14:30:00Z,AOB,Arundel_on_the_Bay,38.91675,-76.45838,1.0,9.05,0.952,28.39,7.86,121.6
2019-08-07T14:45:00Z,AOB,Arundel_on_the_Bay,38.91675,-76.45838,1.0,9.47,0.954,28.55,7.82,127.6
2019-08-07T15:00:00Z,AOB,Arundel_on_the_Bay,38.91675,-76.45838,1.0,7.82,0.954,28.35,7.87,105.0
2019-08-07T15:15:00Z,AOB,Arundel_on_the_Bay,38.91675,-76.45838,1.0,8.04,0.951,28.4,7.88,108.1
2019-08-07T15:30:00Z,AOB,Arundel_on_the_Bay,38.91675,-76.45838,1.0,8.53,0.948,28.51,7.88,114.8
2019-08-07T15:45:00Z,AOB,Arundel_on_the_Bay,38.91675,-76.45838,1.0,7.63,0.945,28.44,7.89,102.7
2019-08-07T16:00:00Z,AOB,Arundel_on_the_Bay,38.91675,-76.45838,1.0,7.51,0.941,28.45,7.9,101.0
2019-08-07T16:15:00Z,AOB,Arundel_on_the_Bay,38.91675,-76.45838,1.0,6.99,0.941,28.37,7.94,93.9
2019-08-07T16:30:00Z,AOB,Arundel_on_the_Bay,38.91675,-76.45838,1.0,7.78,0.936,28.59,7.92,104.9
2019-08-07T16:45:00Z,AOB,Arundel_on_the_Bay,38.91675,-76.45838,1.0,8.51,0.937,28.81,7.92,115.3
2019-08-07T17:00:00Z,AOB,Arundel_on_the_Bay,38.91675,-76.45838,1.0,8.49,0.936,28.86,7.95,115.1
2019-08-07T17:15:00Z,AOB,Arundel_on_the_Bay,38.91675,-76.45838,1.0,8.74,0.935,28.99,7.94,118.7
2019-08-07T17:30:00Z,AOB,Arundel_on_the_Bay,38.91675,-76.45838,1.0,8.67,0.925,29.02,7.95,117.8
2019-08-07T17:45:00Z,AOB,Arundel_on_the_Bay,38.91675,-76.45838,1.0,8.56,0.926,29.03,7.97,116.3
2019-08-07T18:00:00Z,AOB,Arundel_on_the_Bay,38.91675,-76.45838,1.0,8.61,0.905,29.08,7.97,117.1
2019-08-07T18:15:00Z,AOB,Arundel_on_the_Bay,38.91675,-76.45838,1.0,8.69,0.917,29.18,7.95,118.5
2019-08-07T18:30:00Z,AOB,Arundel_on_the_Bay,38.91675,-76.45838,1.0,8.73,0.905,29.25,7.94,119.1
2019-08-07T18:45:00Z,AOB,Arundel_on_the_Bay,38.91675,-76.45838,1.0,8.35,0.909,29.32,7.96,114.1
2019-08-07T19:00:00Z,AOB,Arundel_on_the_Bay,38.91675,-76.45838,1.0,7.72,0.911,29.15,7.97,105.1
2019-08-07T19:15:00Z,AOB,Arundel_on_the_Bay,38.91675,-76.45838,1.0,7.4,0.91,29.17,7.96,100.9
2019-08-07T19:30:00Z,AOB,Arundel_on_the_Bay,38.91675,-76.45838,1.0,7.69,0.905,29.23,7.98,104.9
2019-08-07T19:45:00Z,AOB,Arundel_on_the_Bay,38.91675,-76.45838,1.0,7.14,0.896,29.22,7.96,97.4
2019-08-07T20:00:00Z,AOB,Arundel_on_the_Bay,38.91675,-76.45838,1.0,8.26,0.898,29.27,7.91,112.7
2019-08-07T20:15:00Z,AOB,Arundel_on_the_Bay,38.91675,-76.45838,1.0,8.22,0.899,29.29,7.94,112.3
2019-08-07T20:30:00Z,AOB,Arundel_on_the_Bay,38.91675,-76.45838,1.0,8.19,0.901,29.26,7.99,111.7
2019-08-07T20:45:00Z,AOB,Arundel_on_the_Bay,38.91675,-76.45838,1.0,8.09,0.924,29.25,7.99,110.4
2019-08-07T21:00:00Z,AOB,Arundel_on_the_Bay,38.91675,-76.45838,1.0,7.84,0.917,29.14,7.9,106.8
2019-08-07T21:15:00Z,AOB,Arundel_on_the_Bay,38.91675,-76.45838,1.0,7.89,0.918,29.07,7.95,107.3
2019-08-07T21:30:00Z,AOB,Arundel_on_the_Bay,38.91675,-76.45838,1.0,8.46,0.919,29.05,7.92,115.1
2019-08-07T21:45:00Z,AOB,Arundel_on_the_Bay,38.91675,-76.45838,1.0,8.7,0.924,28.93,7.91,118.0
2019-08-07T22:00:00Z,AOB,Arundel_on_the_Bay,38.91675,-76.45838,1.0,8.4,0.928,28.87,7.9,113.8
2019-08-07T22:15:00Z,AOB,Arundel_on_the_Bay,38.91675,-76.45838,1.0,8.2,0.943,28.91,7.88,111.2
2019-08-07T22:30:00Z,AOB,Arundel_on_the_Bay,38.91675,-76.45838,1.0,8.39,0.943,28.88,7.91,113.8
2019-08-07T22:45:00Z,AOB,Arundel_on_the_Bay,38.91675,-76.45838,1.0,7.95,0.941,28.93,7.88,107.9
2019-08-07T23:00:00Z,AOB,Arundel_on_the_Bay,38.91675,-76.45838,1.0,7.93,0.938,28.91,7.87,107.6
2019-08-08T00:00:00Z,AOB,Arundel_on_the_Bay,38.91675,-76.45838,1.0,7.38,0.943,28.72,8.01,99.8
2019-08-08T00:15:00Z,AOB,Arundel_on_the_Bay,38.91675,-76.45838,1.0,7.39,0.947,28.76,7.95,99.9
2019-08-08T00:30:00Z,AOB,Arundel_on_the_Bay,38.91675,-76.45838,1.0,7.44,0.946,28.73,7.94,100.6
2019-08-08T00:45:00Z,AOB,Arundel_on_the_Bay,38.91675,-76.45838,1.0,6.79,0.946,28.41,8.03,91.4
2019-08-08T01:00:00Z,AOB,Arundel_on_the_Bay,38.91675,-76.45838,1.0,6.91,0.946,28.47,8.0,93.1
2019-08-08T01:15:00Z,AOB,Arundel_on_the_Bay,38.91675,-76.45838,1.0,7.35,0.949,28.4,7.9,98.7
2019-08-08T01:30:00Z,AOB,Arundel_on_the_Bay,38.91675,-76.45838,1.0,7.33,0.949,28.44,7.87,98.6
2019-08-08T01:45:00Z,AOB,Arundel_on_the_Bay,38.91675,-76.45838,1.0,7.79,0.949,28.52,7.82,104.9
2019-08-08T02:00:00Z,AOB,Arundel_on_the_Bay,38.91675,-76.45838,1.0,7.23,0.949,28.48,7.87,97.3
2019-08-08T02:15:00Z,AOB,Arundel_on_the_Bay,38.91675,-76.45838,1.0,6.66,0.95,28.48,7.86,89.6
2019-08-08T02:30:00Z,AOB,Arundel_on_the_Bay,38.91675,-76.45838,1.0,6.41,0.952,28.5,7.92,86.4
2019-08-08T02:45:00Z,AOB,Arundel_on_the_Bay,38.91675,-76.45838,1.0,6.64,0.951,28.5,7.97,89.4
2019-08-08T03:00:00Z,AOB,Arundel_on_the_Bay,38.91675,-76.45838,1.0,6.87,0.95,28.49,7.97,92.6
2019-08-08T03:15:00Z,AOB,Arundel_on_the_Bay,38.91675,-76.45838,1.0,6.86,0.954,28.48,7.93,92.4
2019-08-08T03:30:00Z,AOB,Arundel_on_the_Bay,38.91675,-76.45838,1.0,6.89,0.953,28.47,7.91,92.7
2019-08-08T03:45:00Z,AOB,Arundel_on_the_Bay,38.91675,-76.45838,1.0,6.97,0.951,28.5,7.91,93.9
2019-08-08T04:00:00Z,AOB,Arundel_on_the_Bay,38.91675,-76.45838,1.0,6.89,0.951,28.51,7.88,92.7
2019-08-08T04:15:00Z,AOB,Arundel_on_the_Bay,38.91675,-76.45838,1.0,6.81,0.951,28.51,7.89,91.7
2019-08-08T04:30:00Z,AOB,Arundel_on_the_Bay,38.91675,-76.45838,1.0,6.63,0.95,28.47,7.9,89.3
2019-08-08T04:45:00Z,AOB,Arundel_on_the_Bay,38.91675,-76.45838,1.0,6.16,0.947,28.4,7.96,82.9
2019-08-08T05:00:00Z,AOB,Arundel_on_the_Bay,38.91675,-76.45838,1.0,5.57,0.947,28.29,8.05,74.8
2019-08-08T05:15:00Z,AOB,Arundel_on_the_Bay,38.91675,-76.45838,1.0,5.26,0.946,28.18,8.2,70.6
2019-08-08T05:30:00Z,AOB,Arundel_on_the_Bay,38.91675,-76.45838,1.0,4.98,0.949,28.15,8.21,66.8
2019-08-08T05:45:00Z,AOB,Arundel_on_the_Bay,38.91675,-76.45838,1.0,5.08,0.949,28.11,8.26,68.0
2019-08-08T06:00:00Z,AOB,Arundel_on_the_Bay,38.91675,-76.45838,1.0,5.3,0.944,28.07,8.22,70.9
2019-08-08T06:15:00Z,AOB,Arundel_on_the_Bay,38.91675,-76.45838,1.0,5.15,0.943,28.03,8.22,68.9
2019-08-08T06:30:00Z,AOB,Arundel_on_the_Bay,38.91675,-76.45838,1.0,5.13,0.941,27.97,8.21,68.6
2019-08-08T06:45:00Z,AOB,Arundel_on_the_Bay,38.91675,-76.45838,1.0,5.03,0.941,27.93,8.22,67.1
2019-08-08T07:00:00Z,AOB,Arundel_on_the_Bay,38.91675,-76.45838,1.0,4.91,0.943,27.91,8.21,65.6
2019-08-08T07:15:00Z,AOB,Arundel_on_the_Bay,38.91675,-76.45838,1.0,4.88,0.937,27.88,8.2,65.1
2019-08-08T07:30:00Z,AOB,Arundel_on_the_Bay,38.91675,-76.45838,1.0,4.76,0.936,27.82,8.23,63.5
2019-08-08T07:45:00Z,AOB,Arundel_on_the_Bay,38.91675,-76.45838,1.0,4.7,0.934,27.77,8.22,62.6
2019-08-08T08:00:00Z,AOB,Arundel_on_the_Bay,38.91675,-76.45838,1.0,4.83,0.933,27.74,8.24,64.4
2019-08-08T08:15:00Z,AOB,Arundel_on_the_Bay,38.91675,-76.45838,1.0,4.83,0.933,27.68,8.26,64.2
2019-08-08T08:30:00Z,AOB,Arundel_on_the_Bay,38.91675,-76.45838,1.0,4.74,0.938,27.63,8.28,63.0
2019-08-08T08:45:00Z,AOB,Arundel_on_the_Bay,38.91675,-76.45838,1.0,4.72,0.938,27.6,8.26,62.7
2019-08-08T09:00:00Z,AOB,Arundel_on_the_Bay,38.91675,-76.45838,1.0,4.76,0.938,27.57,8.28,63.2
2019-08-08T09:15:00Z,AOB,Arundel_on_the_Bay,38.91675,-76.45838,1.0,4.76,0.938,27.53,8.28,63.1
2019-08-08T09:30:00Z,AOB,Arundel_on_the_Bay,38.91675,-76.45838,1.0,4.78,0.939,27.47,8.27,63.3
2019-08-08T09:45:00Z,AOB,Arundel_on_the_Bay,38.91675,-76.45838,1.0,5.51,0.943,27.37,8.1,72.9
2019-08-08T10:00:00Z,AOB,Arundel_on_the_Bay,38.91675,-76.45838,1.0,5.48,0.943,27.43,8.08,72.5
2019-08-08T10:15:00Z,AOB,Arundel_on_the_Bay,38.91675,-76.45838,1.0,5.39,0.941,27.46,8.08,71.4
2019-08-08T10:30:00Z,AOB,Arundel_on_the_Bay,38.91675,-76.45838,1.0,5.21,0.944,27.47,8.09,69.0
2019-08-08T10:45:00Z,AOB,Arundel_on_the_Bay,38.91675,-76.45838,1.0,5.38,0.944,27.46,8.06,71.2
2019-08-08T11:00:00Z,AOB,Arundel_on_the_Bay,38.91675,-76.45838,1.0,5.38,0.944,27.46,8.06,71.2
2019-08-08T11:15:00Z,AOB,Arundel_on_the_Bay,38.91675,-76.45838,1.0,5.2,0.945,27.46,8.07,68.8
2019-08-08T11:30:00Z,AOB,Arundel_on_the_Bay,38.91675,-76.45838,1.0,5.52,0.946,27.42,8.04,73.0
2019-08-08T11:45:00Z,AOB,Arundel_on_the_Bay,38.91675,-76.45838,1.0,5.39,0.949,27.43,8.03,71.3
2019-08-08T12:00:00Z,AOB,Arundel_on_the_Bay,38.91675,-76.45838,1.0,5.43,0.95,27.43,8.05,71.8
2019-08-08T12:15:00Z,AOB,Arundel_on_the_Bay,38.91675,-76.45838,1.0,5.17,0.949,27.46,8.05,68.5
2019-08-08T12:30:00Z,AOB,Arundel_on_the_Bay,38.91675,-76.45838,1.0,5.41,0.947,27.55,8.12,71.7
2019-08-08T12:45:00Z,AOB,Arundel_on_the_Bay,38.91675,-76.45838,1.0,5.4,0.945,27.52,8.13,71.6
2019-08-08T13:00:00Z,AOB,Arundel_on_the_Bay,38.91675,-76.45838,1.0,5.62,0.945,27.55,8.07,74.5
2019-08-08T13:15:00Z,AOB,Arundel_on_the_Bay,38.91675,-76.45838,1.0,5.53,0.944,27.57,8.11,73.4
2019-08-08T13:30:00Z,AOB,Arundel_on_the_Bay,38.91675,-76.45838,1.0,5.33,0.945,27.66,8.13,70.8
2019-08-08T13:45:00Z,AOB,Arundel_on_the_Bay,38.91675,-76.45838,1.0,5.37,0.946,27.67,8.11,71.3
2019-08-08T14:00:00Z,AOB,Arundel_on_the_Bay,38.91675,-76.45838,1.0,5.39,0.947,27.71,8.1,71.7
2019-08-08T14:15:00Z,AOB,Arundel_on_the_Bay,38.91675,-76.45838,1.0,5.31,0.947,27.74,8.11,70.6
2019-08-08T14:30:00Z,AOB,Arundel_on_the_Bay,38.91675,-76.45838,1.0,5.49,0.946,27.75,8.1,73.0
2019-08-08T14:45:00Z,AOB,Arundel_on_the_Bay,38.91675,-76.45838,1.0,5.83,0.946,27.86,8.07,77.8
2019-08-08T15:00:00Z,AOB,Arundel_on_the_Bay,38.91675,-76.45838,1.0,6.49,0.942,27.94,8.06,86.6
2019-08-08T15:15:00Z,AOB,Arundel_on_the_Bay,38.91675,-76.45838,1.0,6.48,0.942,27.96,8.05,86.5
2019-08-08T15:30:00Z,AOB,Arundel_on_the_Bay,38.91675,-76.45838,1.0,6.44,0.944,27.98,8.04,85.9
2019-08-08T15:45:00Z,AOB,Arundel_on_the_Bay,38.91675,-76.45838,1.0,6.69,0.945,28.1,8.04,89.5
2019-08-08T16:00:00Z,AOB,Arundel_on_the_Bay,38.91675,-76.45838,1.0,6.59,0.943,28.01,8.04,88.0
2019-08-08T16:15:00Z,AOB,Arundel_on_the_Bay,38.91675,-76.45838,1.0,7.39,0.942,28.17,8.02,99.0
2019-08-08T16:30:00Z,AOB,Arundel_on_the_Bay,38.91675,-76.45838,1.0,7.21,0.943,28.04,7.96,96.3
2019-08-08T16:45:00Z,AOB,Arundel_on_the_Bay,38.91675,-76.45838,1.0,9.8,0.94,28.59,7.89,132.2
2019-08-08T17:00:00Z,AOB,Arundel_on_the_Bay,38.91675,-76.45838,1.0,11.11,0.938,28.62,7.85,149.8
2019-08-08T17:15:00Z,AOB,Arundel_on_the_Bay,38.91675,-76.45838,1.0,10.68,0.937,28.63,7.77,144.1
2019-08-08T17:30:00Z,AOB,Arundel_on_the_Bay,38.91675,-76.45838,1.0,11.19,0.938,28.6,7.73,150.7
2019-08-08T17:45:00Z,AOB,Arundel_on_the_Bay,38.91675,-76.45838,1.0,10.1,0.937,28.57,7.7,136.0
2019-08-08T18:00:00Z,AOB,Arundel_on_the_Bay,38.91675,-76.45838,1.0,9.35,0.936,28.38,7.75,125.6
2019-08-08T18:15:00Z,AOB,Arundel_on_the_Bay,38.91675,-76.45838,1.0,8.56,0.936,28.42,7.82,115.1
2019-08-08T18:30:00Z,AOB,Arundel_on_the_Bay,38.91675,-76.45838,1.0,8.54,0.935,28.39,7.84,114.7
2019-08-08T18:45:00Z,AOB,Arundel_on_the_Bay,38.91675,-76.45838,1.0,8.35,0.933,28.35,7.86,112.1
2019-08-08T19:00:00Z,AOB,Arundel_on_the_Bay,38.91675,-76.45838,1.0,7.92,0.932,28.33,7.87,106.3
2019-08-08T19:15:00Z,AOB,Arundel_on_the_Bay,38.91675,-76.45838,1.0,7.63,0.929,28.26,7.86,102.2
2019-08-08T19:30:00Z,AOB,Arundel_on_the_Bay,38.91675,-76.45838,1.0,7.3,0.928,28.45,7.9,98.2
2019-08-08T19:45:00Z,AOB,Arundel_on_the_Bay,38.91675,-76.45838,1.0,7.03,0.931,28.55,7.93,94.8
2019-08-08T20:00:00Z,AOB,Arundel_on_the_Bay,38.91675,-76.45838,1.0,6.97,0.928,28.58,7.94,94.0
2019-08-08T20:15:00Z,AOB,Arundel_on_the_Bay,38.91675,-76.45838,1.0,7.16,0.926,28.65,7.94,96.7
2019-08-08T20:30:00Z,AOB,Arundel_on_the_Bay,38.91675,-76.45838,1.0,6.88,0.925,28.55,7.94,92.7
2019-08-08T20:45:00Z,AOB,Arundel_on_the_Bay,38.91675,-76.45838,1.0,6.72,0.925,28.47,7.97,90.5
2019-08-08T21:00:00Z,AOB,Arundel_on_the_Bay,38.91675,-76.45838,1.0,6.43,0.926,28.37,7.96,86.5
2019-08-08T21:15:00Z,AOB,Arundel_on_the_Bay,38.91675,-76.45838,1.0,6.55,0.924,28.39,7.96,88.0
2019-08-08T21:30:00Z,AOB,Arundel_on_the_Bay,38.91675,-76.45838,1.0,6.87,0.922,28.56,7.98,92.7
2019-08-08T21:45:00Z,AOB,Arundel_on_the_Bay,38.91675,-76.45838,1.0,6.91,0.916,28.58,7.98,93.3
2019-08-08T22:00:00Z,AOB,Arundel_on_the_Bay,38.91675,-76.45838,1.0,6.78,0.911,28.58,7.98,91.5
2019-08-08T22:15:00Z,AOB,Arundel_on_the_Bay,38.91675,-76.45838,1.0,6.69,0.911,28.55,7.98,90.2
2019-08-08T22:30:00Z,AOB,Arundel_on_the_Bay,38.91675,-76.45838,1.0,7.05,0.916,28.57,7.93,95.1
2019-08-08T22:45:00Z,AOB,Arundel_on_the_Bay,38.91675,-76.45838,1.0,7.81,0.922,28.85,7.92,105.8
2019-08-08T23:00:00Z,AOB,Arundel_on_the_Bay,38.91675,-76.45838,1.0,8.06,0.915,28.93,7.9,109.3
2019-08-09T00:00:00Z,AOB,Arundel_on_the_Bay,38.91675,-76.45838,1.0,8.44,0.926,29.04,7.81,114.6
2019-08-09T00:15:00Z,AOB,Arundel_on_the_Bay,38.91675,-76.45838,1.0,8.41,0.922,29.02,7.83,114.2
2019-08-09T00:30:00Z,AOB,Arundel_on_the_Bay,38.91675,-76.45838,1.0,7.79,0.931,28.66,7.86,105.2
2019-08-09T00:45:00Z,AOB,Arundel_on_the_Bay,38.91675,-76.45838,1.0,7.99,0.93,28.67,7.82,107.9
2019-08-09T01:00:00Z,AOB,Arundel_on_the_Bay,38.91675,-76.45838,1.0,8.34,0.932,28.74,7.79,112.7
2019-08-09T01:15:00Z,AOB,Arundel_on_the_Bay,38.91675,-76.45838,1.0,7.97,0.936,28.6,7.8,107.5
2019-08-09T01:30:00Z,AOB,Arundel_on_the_Bay,38.91675,-76.45838,1.0,8.4,0.936,28.82,7.68,113.6
2019-08-09T01:45:00Z,AOB,Arundel_on_the_Bay,38.91675,-76.45838,1.0,8.51,0.938,28.93,7.64,115.3
2019-08-09T02:00:00Z,AOB,Arundel_on_the_Bay,38.91675,-76.45838,1.0,8.44,0.937,28.97,7.6,114.4
2019-08-09T02:15:00Z,AOB,Arundel_on_the_Bay,38.91675,-76.45838,1.0,8.27,0.938,28.97,7.61,112.1
2019-08-09T02:30:00Z,AOB,Arundel_on_the_Bay,38.91675,-76.45838,1.0,8.28,0.939,29.01,7.56,112.3
2019-08-09T02:45:00Z,AOB,Arundel_on_the_Bay,38.91675,-76.45838,1.0,8.04,0.94,28.97,7.55,108.9
2019-08-09T03:00:00Z,AOB,Arundel_on_the_Bay,38.91675,-76.45838,1.0,7.46,0.94,28.82,7.68,100.9
2019-08-09T03:15:00Z,AOB,Arundel_on_the_Bay,38.91675,-76.45838,1.0,7.54,0.94,28.82,7.7,101.9
2019-08-09T03:30:00Z,AOB,Arundel_on_the_Bay,38.91675,-76.45838,1.0,7.55,0.94,28.81,7.64,102.0
2019-08-09T03:45:00Z,AOB,Arundel_on_the_Bay,38.91675,-76.45838,1.0,7.33,0.938,28.68,7.72,98.9
2019-08-09T04:00:00Z,AOB,Arundel_on_the_Bay,38.91675,-76.45838,1.0,7.32,0.94,28.47,7.78,98.5
2019-08-09T04:15:00Z,AOB,Arundel_on_the_Bay,38.91675,-76.45838,1.0,7.36,0.939,28.44,7.78,98.9
2019-08-09T04:30:00Z,AOB,Arundel_on_the_Bay,38.91675,-76.45838,1.0,7.46,0.939,28.37,7.74,100.1
2019-08-09T04:45:00Z,AOB,Arundel_on_the_Bay,38.91675,-76.45838,1.0,7.43,0.94,28.34,7.77,99.7
2019-08-09T05:00:00Z,AOB,Arundel_on_the_Bay,38.91675,-76.45838,1.0,6.87,0.94,28.37,7.82,92.3
2019-08-09T05:15:00Z,AOB,Arundel_on_the_Bay,38.91675,-76.45838,1.0,6.4,0.94,28.22,7.84,85.8
2019-08-09T05:30:00Z,AOB,Arundel_on_the_Bay,38.91675,-76.45838,1.0,5.36,0.938,27.91,7.88,71.5
2019-08-09T05:45:00Z,AOB,Arundel_on_the_Bay,38.91675,-76.45838,1.0,5.75,0.937,27.91,7.85,76.6
2019-08-09T06:00:00Z,AOB,Arundel_on_the_Bay,38.91675,-76.45838,1.0,6.3,0.939,27.92,7.82,83.9
2019-08-09T06:15:00Z,AOB,Arundel_on_the_Bay,38.91675,-76.45838,1.0,6.86,0.939,27.92,7.76,91.4
2019-08-09T06:30:00Z,AOB,Arundel_on_the_Bay,38.91675,-76.45838,1.0,7.0,0.941,27.93,7.74,93.3
2019-08-09T06:45:00Z,AOB,Arundel_on_the_Bay,38.91675,-76.45838,1.0,6.83,0.942,27.91,7.77,91.0
2019-08-09T07:00:00Z,AOB,Arundel_on_the_Bay,38.91675,-76.45838,1.0,6.74,0.94,27.89,7.78,89.8
2019-08-09T07:15:00Z,AOB,Arundel_on_the_Bay,38.91675,-76.45838,1.0,6.79,0.938,27.91,7.75,90.4
2019-08-09T07:30:00Z,AOB,Arundel_on_the_Bay,38.91675,-76.45838,1.0,6.77,0.94,27.91,7.73,90.1
2019-08-09T07:45:00Z,AOB,Arundel_on_the_Bay,38.91675,-76.45838,1.0,6.76,0.94,27.9,7.71,89.9
2019-08-09T08:00:00Z,AOB,Arundel_on_the_Bay,38.91675,-76.45838,1.0,6.7,0.94,27.89,7.72,89.1
2019-08-09T08:15:00Z,AOB,Arundel_on_the_Bay,38.91675,-76.45838,1.0,6.78,0.94,27.85,7.72,90.1
2019-08-09T08:30:00Z,AOB,Arundel_on_the_Bay,38.91675,-76.45838,1.0,7.08,0.941,27.76,7.66,94.0
2019-08-09T08:45:00Z,AOB,Arundel_on_the_Bay,38.91675,-76.45838,1.0,6.24,0.941,27.83,7.67,82.9
2019-08-09T09:00:00Z,AOB,Arundel_on_the_Bay,38.91675,-76.45838,1.0,6.0,0.944,27.77,7.72,79.6
2019-08-09T09:15:00Z,AOB,Arundel_on_the_Bay,38.91675,-76.45838,1.0,5.69,0.944,27.71,7.73,75.5
2019-08-09T09:30:00Z,AOB,Arundel_on_the_Bay,38.91675,-76.45838,1.0,5.43,0.947,27.66,7.75,71.9
2019-08-09T09:45:00Z,AOB,Arundel_on_the_Bay,38.91675,-76.45838,1.0,5.18,0.947,27.63,7.76,68.6
2019-08-09T10:00:00Z,AOB,Arundel_on_the_Bay,38.91675,-76.45838,1.0,5.02,0.946,27.58,7.79,66.5
2019-08-09T10:15:00Z,AOB,Arundel_on_the_Bay,38.91675,-76.45838,1.0,4.79,0.948,27.54,7.81,63.3
2019-08-09T10:30:00Z,AOB,Arundel_on_the_Bay,38.91675,-76.45838,1.0,5.5,0.95,27.51,7.74,72.7
2019-08-09T10:45:00Z,AOB,Arundel_on_the_Bay,38.91675,-76.45838,1.0,5.77,0.951,27.43,7.69,76.2
2019-08-09T11:00:00Z,AOB,Arundel_on_the_Bay,38.91675,-76.45838,1.0,5.77,0.952,27.41,7.68,76.2
2019-08-09T11:15:00Z,AOB,Arundel_on_the_Bay,38.91675,-76.45838,1.0,5.67,0.953,27.43,7.7,74.8
2019-08-09T11:30:00Z,AOB,Arundel_on_the_Bay,38.91675,-76.45838,1.0,5.58,0.955,27.42,7.7,73.7
2019-08-09T11:45:00Z,AOB,Arundel_on_the_Bay,38.91675,-76.45838,1.0,5.7,0.955,27.44,7.7,75.3
2019-08-09T12:00:00Z,AOB,Arundel_on_the_Bay,38.91675,-76.45838,1.0,5.58,0.955,27.45,7.67,73.7
2019-08-09T12:15:00Z,AOB,Arundel_on_the_Bay,38.91675,-76.45838,1.0,5.61,0.956,27.45,7.66,74.0
2019-08-09T12:30:00Z,AOB,Arundel_on_the_Bay,38.91675,-76.45838,1.0,5.59,0.957,27.46,7.68,73.8
2019-08-09T12:45:00Z,AOB,Arundel_on_the_Bay,38.91675,-76.45838,1.0,5.91,0.958,27.5,7.64,78.1
2019-08-09T13:00:00Z,AOB,Arundel_on_the_Bay,38.91675,-76.45838,1.0,6.12,0.958,27.52,7.61,80.9
2019-08-09T13:15:00Z,AOB,Arundel_on_the_Bay,38.91675,-76.45838,1.0,6.24,0.958,27.56,7.6,82.5
2019-08-09T13:30:00Z,AOB,Arundel_on_the_Bay,38.91675,-76.45838,1.0,6.32,0.961,27.58,7.61,83.6
2019-08-09T13:45:00Z,AOB,Arundel_on_the_Bay,38.91675,-76.45838,1.0,6.16,0.959,27.67,7.6,81.6
2019-08-09T14:00:00Z,AOB,Arundel_on_the_Bay,38.91675,-76.45838,1.0,6.23,0.957,27.71,7.63,82.6
2019-08-09T14:15:00Z,AOB,Arundel_on_the_Bay,38.91675,-76.45838,1.0,6.24,0.952,27.89,7.67,83.0
2019-08-09T14:30:00Z,AOB,Arundel_on_the_Bay,38.91675,-76.45838,1.0,6.32,0.957,27.98,7.67,84.2
2019-08-09T14:45:00Z,AOB,Arundel_on_the_Bay,38.91675,-76.45838,1.0,6.16,0.956,27.95,7.67,82.1
2019-08-09T15:00:00Z,AOB,Arundel_on_the_Bay,38.91675,-76.45838,1.0,6.27,0.956,27.99,7.67,83.5
2019-08-09T15:15:00Z,AOB,Arundel_on_the_Bay,38.91675,-76.45838,1.0,5.92,0.956,27.93,7.67,78.9
2019-08-09T15:30:00Z,AOB,Arundel_on_the_Bay,38.91675,-76.45838,1.0,6.34,0.956,28.06,7.66,84.6
2019-08-09T15:45:00Z,AOB,Arundel_on_the_Bay,38.91675,-76.45838,1.0,6.51,0.951,28.06,7.66,86.9
2019-08-09T16:00:00Z,AOB,Arundel_on_the_Bay,38.91675,-76.45838,1.0,6.67,0.946,28.14,7.66,89.1
2019-08-09T16:15:00Z,AOB,Arundel_on_the_Bay,38.91675,-76.45838,1.0,6.34,0.951,28.06,7.68,84.7
2019-08-09T16:30:00Z,AOB,Arundel_on_the_Bay,38.91675,-76.45838,1.0,6.73,0.95,28.07,7.66,89.9
2019-08-09T16:45:00Z,AOB,Arundel_on_the_Bay,38.91675,-76.45838,1.0,6.93,0.949,28.21,7.67,92.7
2019-08-09T17:00:00Z,AOB,Arundel_on_the_Bay,38.91675,-76.45838,1.0,6.74,0.947,28.2,7.66,90.2
2019-08-09T17:15:00Z,AOB,Arundel_on_the_Bay,38.91675,-76.45838,1.0,7.84,0.945,28.48,7.65,105.4
2019-08-09T17:30:00Z,AOB,Arundel_on_the_Bay,38.91675,-76.45838,1.0,7.71,0.945,28.32,7.66,103.4
2019-08-09T17:45:00Z,AOB,Arundel_on_the_Bay,38.91675,-76.45838,1.0,8.01,0.946,28.4,7.66,107.5
2019-08-09T18:00:00Z,AOB,Arundel_on_the_Bay,38.91675,-76.45838,1.0,7.89,0.941,28.27,7.65,105.7
2019-08-09T18:15:00Z,AOB,Arundel_on_the_Bay,38.91675,-76.45838,1.0,8.47,0.943,28.39,7.59,113.7
2019-08-09T18:30:00Z,AOB,Arundel_on_the_Bay,38.91675,-76.45838,1.0,8.68,0.942,28.37,7.62,116.4
2019-08-09T18:45:00Z,AOB,Arundel_on_the_Bay,38.91675,-76.45838,1.0,9.32,0.939,28.56,7.62,125.4
2019-08-09T19:00:00Z,AOB,Arundel_on_the_Bay,38.91675,-76.45838,1.0,8.49,0.931,28.46,7.61,114.0
2019-08-09T19:15:00Z,AOB,Arundel_on_the_Bay,38.91675,-76.45838,1.0,8.59,0.935,28.57,7.61,115.7
2019-08-09T19:30:00Z,AOB,Arundel_on_the_Bay,38.91675,-76.45838,1.0,8.73,0.934,28.66,7.6,117.7
2019-08-09T19:45:00Z,AOB,Arundel_on_the_Bay,38.91675,-76.45838,1.0,8.68,0.934,28.72,7.61,117.1
2019-08-09T20:00:00Z,AOB,Arundel_on_the_Bay,38.91675,-76.45838,1.0,8.59,0.93,28.73,7.59,116.0
2019-08-09T20:15:00Z,AOB,Arundel_on_the_Bay,38.91675,-76.45838,1.0,8.24,0.925,28.68,7.57,111.1
2019-08-09T20:30:00Z,AOB,Arundel_on_the_Bay,38.91675,-76.45838,1.0,8.5,0.925,28.8,7.58,114.8
2019-08-09T20:45:00Z,AOB,Arundel_on_the_Bay,38.91675,-76.45838,1.0,8.19,0.924,28.76,7.54,110.5
2019-08-09T21:00:00Z,AOB,Arundel_on_the_Bay,38.91675,-76.45838,1.0,7.94,0.921,28.69,7.57,107.1
2019-08-09T21:15:00Z,AOB,Arundel_on_the_Bay,38.91675,-76.45838,1.0,7.88,0.915,28.67,7.57,106.2
2019-08-09T21:30:00Z,AOB,Arundel_on_the_Bay,38.91675,-76.45838,1.0,8.11,0.923,28.69,7.55,109.3
2019-08-09T21:45:00Z,AOB,Arundel_on_the_Bay,38.91675,-76.45838,1.0,8.07,0.933,28.68,7.57,108.8
2019-08-09T22:00:00Z,AOB,Arundel_on_the_Bay,38.91675,-76.45838,1.0,8.14,0.929,28.69,7.55,109.7
2019-08-09T22:15:00Z,AOB,Arundel_on_the_Bay,38.91675,-76.45838,1.0,7.95,0.92,28.65,7.57,107.1
2019-08-09T22:30:00Z,AOB,Arundel_on_the_Bay,38.91675,-76.45838,1.0,7.82,0.928,28.63,7.57,105.4
2019-08-09T22:45:00Z,AOB,Arundel_on_the_Bay,38.91675,-76.45838,1.0,8.18,0.93,28.71,7.59,110.3
2019-08-09T23:00:00Z,AOB,Arundel_on_the_Bay,38.91675,-76.45838,1.0,8.07,0.926,28.69,7.58,108.9
2019-08-10T00:00:00Z,AOB,Arundel_on_the_Bay,38.91675,-76.45838,1.0,7.64,0.937,28.47,7.57,102.7
2019-08-10T00:15:00Z,AOB,Arundel_on_the_Bay,38.91675,-76.45838,1.0,7.68,0.932,28.34,7.57,102.9
2019-08-10T00:30:00Z,AOB,Arundel_on_the_Bay,38.91675,-76.45838,1.0,8.0,0.933,28.37,7.59,107.3
2019-08-10T00:45:00Z,AOB,Arundel_on_the_Bay,38.91675,-76.45838,1.0,8.16,0.942,28.39,7.56,109.5
2019-08-10T01:00:00Z,AOB,Arundel_on_the_Bay,38.91675,-76.45838,1.0,8.11,0.945,28.38,7.54,108.8
2019-08-10T01:15:00Z,AOB,Arundel_on_the_Bay,38.91675,-76.45838,1.0,8.37,0.948,28.44,7.55,112.3
2019-08-10T01:30:00Z,AOB,Arundel_on_the_Bay,38.91675,-76.45838,1.0,8.43,0.954,28.46,7.53,113.2
2019-08-10T01:45:00Z,AOB,Arundel_on_the_Bay,38.91675,-76.45838,1.0,8.54,0.953,28.41,7.54,114.6
2019-08-10T02:00:00Z,AOB,Arundel_on_the_Bay,38.91675,-76.45838,1.0,8.26,0.958,28.27,7.55,110.5
2019-08-10T02:15:00Z,AOB,Arundel_on_the_Bay,38.91675,-76.45838,1.0,7.95,0.96,28.17,7.58,106.3
2019-08-10T02:30:00Z,AOB,Arundel_on_the_Bay,38.91675,-76.45838,1.0,7.91,0.959,28.17,7.59,105.7
2019-08-10T02:45:00Z,AOB,Arundel_on_the_Bay,38.91675,-76.45838,1.0,8.06,0.962,28.36,7.54,108.1
2019-08-10T03:00:00Z,AOB,Arundel_on_the_Bay,38.91675,-76.45838,1.0,8.04,0.96,28.43,7.53,108.0
2019-08-10T03:15:00Z,AOB,Arundel_on_the_Bay,38.91675,-76.45838,1.0,7.91,0.965,28.44,7.52,106.2
2019-08-10T03:30:00Z,AOB,Arundel_on_the_Bay,38.91675,-76.45838,1.0,7.87,0.966,28.44,7.52,105.6
2019-08-10T03:45:00Z,AOB,Arundel_on_the_Bay,38.91675,-76.45838,1.0,7.77,0.969,28.43,7.52,104.3
2019-08-10T04:00:00Z,AOB,Arundel_on_the_Bay,38.91675,-76.45838,1.0,7.3,0.969,28.36,7.5,97.9
2019-08-10T04:15:00Z,AOB,Arundel_on_the_Bay,38.91675,-76.45838,1.0,7.39,0.968,28.31,7.48,99.0
2019-08-10T04:30:00Z,AOB,Arundel_on_the_Bay,38.91675,-76.45838,1.0,7.11,0.971,28.12,7.51,95.0
2019-08-10T04:45:00Z,AOB,Arundel_on_the_Bay,38.91675,-76.45838,1.0,7.48,0.974,28.02,7.52,99.7
2019-08-10T05:00:00Z,AOB,Arundel_on_the_Bay,38.91675,-76.45838,1.0,7.61,0.975,27.93,7.53,101.3
2019-08-10T05:15:00Z,AOB,Arundel_on_the_Bay,38.91675,-76.45838,1.0,7.6,0.977,27.92,7.52,101.1
2019-08-10T05:30:00Z,AOB,Arundel_on_the_Bay,38.91675,-76.45838,1.0,7.57,0.978,27.94,7.53,100.7
2019-08-10T05:45:00Z,AOB,Arundel_on_the_Bay,38.91675,-76.45838,1.0,7.49,0.976,27.9,7.5,99.5
2019-08-10T06:00:00Z,AOB,Arundel_on_the_Bay,38.91675,-76.45838,1.0,6.81,0.977,27.81,7.52,90.4
2019-08-10T06:15:00Z,AOB,Arundel_on_the_Bay,38.91675,-76.45838,1.0,6.58,0.977,27.7,7.47,87.1
2019-08-10T06:30:00Z,AOB,Arundel_on_the_Bay,38.91675,-76.45838,1.0,6.61,0.978,27.68,7.42,87.5
2019-08-10T06:45:00Z,AOB,Arundel_on_the_Bay,38.91675,-76.45838,1.0,7.48,0.977,27.52,7.37,98.8
2019-08-10T07:00:00Z,AOB,Arundel_on_the_Bay,38.91675,-76.45838,1.0,7.56,0.978,27.57,7.33,99.8
2019-08-10T07:15:00Z,AOB,Arundel_on_the_Bay,38.91675,-76.45838,1.0,7.68,0.978,27.57,7.3,101.4
2019-08-10T07:30:00Z,AOB,Arundel_on_the_Bay,38.91675,-76.45838,1.0,7.62,0.978,27.53,7.32,100.5
2019-08-10T07:45:00Z,AOB,Arundel_on_the_Bay,38.91675,-76.45838,1.0,7.56,0.981,27.51,7.32,99.7
2019-08-10T08:00:00Z,AOB,Arundel_on_the_Bay,38.91675,-76.45838,1.0,7.52,0.978,27.44,7.32,99.1
2019-08-10T08:15:00Z,AOB,Arundel_on_the_Bay,38.91675,-76.45838,1.0,7.51,0.978,27.42,7.27,98.9
2019-08-10T08:30:00Z,AOB,Arundel_on_the_Bay,38.91675,-76.45838,1.0,7.45,0.981,27.43,7.28,98.1
2019-08-10T08:45:00Z,AOB,Arundel_on_the_Bay,38.91675,-76.45838,1.0,7.39,0.984,27.39,7.3,97.2
2019-08-10T09:00:00Z,AOB,Arundel_on_the_Bay,38.91675,-76.45838,1.0,7.35,0.983,27.36,7.29,96.7
2019-08-10T09:15:00Z,AOB,Arundel_on_the_Bay,38.91675,-76.45838,1.0,7.32,0.984,27.34,7.29,96.2
2019-08-10T09:30:00Z,AOB,Arundel_on_the_Bay,38.91675,-76.45838,1.0,7.23,0.982,27.39,7.26,95.1
2019-08-10T09:45:00Z,AOB,Arundel_on_the_Bay,38.91675,-76.45838,1.0,7.14,0.982,27.41,7.25,93.9
2019-08-10T10:00:00Z,AOB,Arundel_on_the_Bay,38.91675,-76.45838,1.0,7.1,0.983,27.42,7.26,93.5
2019-08-10T10:15:00Z,AOB,Arundel_on_the_Bay,38.91675,-76.45838,1.0,7.05,0.986,27.44,7.26,92.9
2019-08-10T10:30:00Z,AOB,Arundel_on_the_Bay,38.91675,-76.45838,1.0,7.01,0.986,27.45,7.28,92.3
2019-08-10T10:45:00Z,AOB,Arundel_on_the_Bay,38.91675,-76.45838,1.0,7.03,0.988,27.42,7.29,92.5
2019-08-10T11:00:00Z,AOB,Arundel_on_the_Bay,38.91675,-76.45838,1.0,6.96,0.983,27.44,7.25,91.6
2019-08-10T11:15:00Z,AOB,Arundel_on_the_Bay,38.91675,-76.45838,1.0,6.73,0.987,27.43,7.27,88.6
2019-08-10T11:30:00Z,AOB,Arundel_on_the_Bay,38.91675,-76.45838,1.0,6.59,0.994,27.38,7.31,86.8
2019-08-10T11:45:00Z,AOB,Arundel_on_the_Bay,38.91675,-76.45838,1.0,6.42,0.994,27.33,7.32,84.5
2019-08-10T12:00:00Z,AOB,Arundel_on_the_Bay,38.91675,-76.45838,1.0,6.36,0.997,27.29,7.32,83.5
2019-08-10T12:15:00Z,AOB,Arundel_on_the_Bay,38.91675,-76.45838,1.0,6.41,0.995,27.28,7.33,84.2
2019-08-10T12:30:00Z,AOB,Arundel_on_the_Bay,38.91675,-76.45838,1.0,6.42,1.003,27.27,7.31,84.3
2019-08-10T12:45:00Z,AOB,Arundel_on_the_Bay,38.91675,-76.45838,1.0,6.35,1.002,27.28,7.32,83.4
2019-08-10T13:00:00Z,AOB,Arundel_on_the_Bay,38.91675,-76.45838,1.0,6.12,1.001,27.28,7.32,80.4
2019-08-10T13:15:00Z,AOB,Arundel_on_the_Bay,38.91675,-76.45838,1.0,6.12,1.0,27.26,7.35,80.4
2019-08-10T13:30:00Z,AOB,Arundel_on_the_Bay,38.91675,-76.45838,1.0,6.13,0.999,27.24,7.34,80.5
2019-08-10T13:45:00Z,AOB,Arundel_on_the_Bay,38.91675,-76.45838,1.0,6.35,1.0,27.22,7.33,83.4
2019-08-10T14:00:00Z,AOB,Arundel_on_the_Bay,38.91675,-76.45838,1.0,6.75,0.998,27.23,7.33,88.7
2019-08-10T14:15:00Z,AOB,Arundel_on_the_Bay,38.91675,-76.45838,1.0,7.11,0.998,27.23,7.32,93.3
2019-08-10T14:30:00Z,AOB,Arundel_on_the_Bay,38.91675,-76.45838,1.0,7.17,1.0,27.34,7.31,94.3
2019-08-10T14:45:00Z,AOB,Arundel_on_the_Bay,38.91675,-76.45838,1.0,7.38,0.998,27.34,7.25,97.0
2019-08-10T15:00:00Z,AOB,Arundel_on_the_Bay,38.91675,-76.45838,1.0,7.36,0.996,27.43,7.32,97.0
2019-08-10T15:15:00Z,AOB,Arundel_on_the_Bay,38.91675,-76.45838,1.0,7.32,0.994,27.54,7.41,96.6
2019-08-10T15:30:00Z,AOB,Arundel_on_the_Bay,38.91675,-76.45838,1.0,7.08,0.994,27.55,7.42,93.5
2019-08-10T15:45:00Z,AOB,Arundel_on_the_Bay,38.91675,-76.45838,1.0,6.91,0.987,27.61,7.43,91.4
2019-08-10T16:00:00Z,AOB,Arundel_on_the_Bay,38.91675,-76.45838,1.0,6.61,0.99,27.6,7.44,87.4
2019-08-10T16:15:00Z,AOB,Arundel_on_the_Bay,38.91675,-76.45838,1.0,6.87,0.991,27.63,7.42,90.9
2019-08-10T16:30:00Z,AOB,Arundel_on_the_Bay,38.91675,-76.45838,1.0,6.73,0.986,27.68,7.39,89.1
2019-08-10T16:45:00Z,AOB,Arundel_on_the_Bay,38.91675,-76.45838,1.0,6.62,0.988,27.67,7.4,87.6
2019-08-10T17:00:00Z,AOB,Arundel_on_the_Bay,38.91675,-76.45838,1.0,6.79,0.984,27.66,7.4,89.9
2019-08-10T17:15:00Z,AOB,Arundel_on_the_Bay,38.91675,-76.45838,1.0,6.81,0.982,27.68,7.39,90.1
2019-08-10T17:30:00Z,AOB,Arundel_on_the_Bay,38.91675,-76.45838,1.0,6.74,0.98,27.77,7.39,89.3
2019-08-10T17:45:00Z,AOB,Arundel_on_the_Bay,38.91675,-76.45838,1.0,6.82,0.98,27.84,7.38,90.5
2019-08-10T18:00:00Z,AOB,Arundel_on_the_Bay,38.91675,-76.45838,1.0,7.02,0.976,27.85,7.36,93.2
2019-08-10T18:15:00Z,AOB,Arundel_on_the_Bay,38.91675,-76.45838,1.0,7.64,0.979,27.88,7.39,101.4
2019-08-10T18:30:00Z,AOB,Arundel_on_the_Bay,38.91675,-76.45838,1.0,7.74,0.978,27.9,7.39,102.8
2019-08-10T18:45:00Z,AOB,Arundel_on_the_Bay,38.91675,-76.45838,1.0,7.58,0.976,27.8,7.36,100.5
2019-08-10T19:00:00Z,AOB,Arundel_on_the_Bay,38.91675,-76.45838,1.0,7.29,0.977,27.72,7.37,96.6
2019-08-10T19:15:00Z,AOB,Arundel_on_the_Bay,38.91675,-76.45838,1.0,8.02,0.976,27.83,7.38,106.4
2019-08-10T19:30:00Z,AOB,Arundel_on_the_Bay,38.91675,-76.45838,1.0,8.22,0.974,27.87,7.39,109.2
2019-08-10T19:45:00Z,AOB,Arundel_on_the_Bay,38.91675,-76.45838,1.0,8.61,0.975,27.93,7.34,114.4
2019-08-10T20:00:00Z,AOB,Arundel_on_the_Bay,38.91675,-76.45838,1.0,8.82,0.972,27.91,7.31,117.2
2019-08-10T20:15:00Z,AOB,Arundel_on_the_Bay,38.91675,-76.45838,1.0,9.22,0.972,27.99,7.27,122.6
2019-08-10T20:30:00Z,AOB,Arundel_on_the_Bay,38.91675,-76.45838,1.0,9.41,0.973,28.06,7.23,125.2
2019-08-10T20:45:00Z,AOB,Arundel_on_the_Bay,38.91675,-76.45838,1.0,9.35,0.971,28.11,7.26,124.6
2019-08-10T21:00:00Z,AOB,Arundel_on_the_Bay,38.91675,-76.45838,1.0,9.22,0.969,28.16,7.19,123.0
2019-08-10T21:15:00Z,AOB,Arundel_on_the_Bay,38.91675,-76.45838,1.0,9.05,0.97,28.13,7.18,120.7
2019-08-10T21:30:00Z,AOB,Arundel_on_the_Bay,38.91675,-76.45838,1.0,8.79,0.971,28.02,7.17,116.8
2019-08-10T21:45:00Z,AOB,Arundel_on_the_Bay,38.91675,-76.45838,1.0,8.84,0.97,28.01,7.16,117.6
2019-08-10T22:00:00Z,AOB,Arundel_on_the_Bay,38.91675,-76.45838,1.0,8.55,0.968,27.93,7.16,113.5
2019-08-10T22:15:00Z,AOB,Arundel_on_the_Bay,38.91675,-76.45838,1.0,8.46,0.973,27.91,7.15,112.3
2019-08-10T22:30:00Z,AOB,Arundel_on_the_Bay,38.91675,-76.45838,1.0,8.21,0.972,27.86,7.16,108.9
2019-08-10T22:45:00Z,AOB,Arundel_on_the_Bay,38.91675,-76.45838,1.0,8.16,0.973,27.84,7.17,108.2
2019-08-10T23:00:00Z,AOB,Arundel_on_the_Bay,38.91675,-76.45838,1.0,8.09,0.974,27.82,7.17,107.2
2019-08-11T00:00:00Z,AOB,Arundel_on_the_Bay,38.91675,-76.45838,1.0,7.56,0.976,27.62,7.19,99.8
2019-08-11T00:15:00Z,AOB,Arundel_on_the_Bay,38.91675,-76.45838,1.0,7.1,0.981,27.55,7.2,93.6
2019-08-11T00:30:00Z,AOB,Arundel_on_the_Bay,38.91675,-76.45838,1.0,6.65,0.985,27.47,7.23,87.6
2019-08-11T00:45:00Z,AOB,Arundel_on_the_Bay,38.91675,-76.45838,1.0,6.77,0.986,27.42,7.25,89.2
2019-08-11T01:00:00Z,AOB,Arundel_on_the_Bay,38.91675,-76.45838,1.0,6.84,0.993,27.43,7.25,90.1
2019-08-11T01:15:00Z,AOB,Arundel_on_the_Bay,38.91675,-76.45838,1.0,6.93,0.992,27.45,7.24,91.3
2019-08-11T01:30:00Z,AOB,Arundel_on_the_Bay,38.91675,-76.45838,1.0,7.0,0.997,27.39,7.25,92.1
2019-08-11T01:45:00Z,AOB,Arundel_on_the_Bay,38.91675,-76.45838,1.0,7.4,0.998,27.63,7.29,97.7
2019-08-11T02:00:00Z,AOB,Arundel_on_the_Bay,38.91675,-76.45838,1.0,7.64,1.0,27.81,7.35,101.3
2019-08-11T02:15:00Z,AOB,Arundel_on_the_Bay,38.91675,-76.45838,1.0,7.56,0.997,27.84,7.38,100.4
2019-08-11T02:30:00Z,AOB,Arundel_on_the_Bay,38.91675,-76.45838,1.0,7.44,1.001,27.83,7.37,98.7
2019-08-11T02:45:00Z,AOB,Arundel_on_the_Bay,38.91675,-76.45838,1.0,7.33,0.999,27.8,7.35,97.2
2019-08-11T03:00:00Z,AOB,Arundel_on_the_Bay,38.91675,-76.45838,1.0,7.1,1.004,27.75,7.35,94.0
2019-08-11T03:15:00Z,AOB,Arundel_on_the_Bay,38.91675,-76.45838,1.0,7.11,1.012,27.72,7.37,94.2
2019-08-11T03:30:00Z,AOB,Arundel_on_the_Bay,38.91675,-76.45838,1.0,7.11,1.008,27.69,7.32,94.1
2019-08-11T03:45:00Z,AOB,Arundel_on_the_Bay,38.91675,-76.45838,1.0,6.99,1.007,27.69,7.36,92.6
2019-08-11T04:00:00Z,AOB,Arundel_on_the_Bay,38.91675,-76.45838,1.0,7.92,1.006,27.66,7.22,104.7
2019-08-11T04:15:00Z,AOB,Arundel_on_the_Bay,38.91675,-76.45838,1.0,7.56,1.014,27.63,7.23,99.9
2019-08-11T04:30:00Z,AOB,Arundel_on_the_Bay,38.91675,-76.45838,1.0,7.43,1.013,27.61,7.2,98.1
2019-08-11T04:45:00Z,AOB,Arundel_on_the_Bay,38.91675,-76.45838,1.0,7.58,1.012,27.6,7.19,100.1
2019-08-11T05:00:00Z,AOB,Arundel_on_the_Bay,38.91675,-76.45838,1.0,7.42,1.011,27.57,7.19,97.9
2019-08-11T05:15:00Z,AOB,Arundel_on_the_Bay,38.91675,-76.45838,1.0,7.2,1.012,27.54,7.18,94.9
2019-08-11T05:30:00Z,AOB,Arundel_on_the_Bay,38.91675,-76.45838,1.0,7.06,1.011,27.46,7.2,93.0
2019-08-11T05:45:00Z,AOB,Arundel_on_the_Bay,38.91675,-76.45838,1.0,6.72,1.012,27.42,7.28,88.5
2019-08-11T06:00:00Z,AOB,Arundel_on_the_Bay,38.91675,-76.45838,1.0,6.98,1.018,27.39,7.28,91.9
2019-08-11T06:15:00Z,AOB,Arundel_on_the_Bay,38.91675,-76.45838,1.0,7.02,1.012,27.39,7.3,92.4
2019-08-11T06:30:00Z,AOB,Arundel_on_the_Bay,38.91675,-76.45838,1.0,7.32,1.01,27.28,7.21,96.1
2019-08-11T06:45:00Z,AOB,Arundel_on_the_Bay,38.91675,-76.45838,1.0,7.28,1.01,27.27,7.21,95.5
2019-08-11T07:00:00Z,AOB,Arundel_on_the_Bay,38.91675,-76.45838,1.0,7.17,1.012,27.18,7.24,94.0
2019-08-11T07:15:00Z,AOB,Arundel_on_the_Bay,38.91675,-76.45838,1.0,6.49,1.014,27.11,7.25,85.0
2019-08-11T07:30:00Z,AOB,Arundel_on_the_Bay,38.91675,-76.45838,1.0,6.28,1.018,26.82,7.24,81.9
2019-08-11T07:45:00Z,AOB,Arundel_on_the_Bay,38.91675,-76.45838,1.0,6.45,1.02,26.91,7.18,84.2
2019-08-11T08:00:00Z,AOB,Arundel_on_the_Bay,38.91675,-76.45838,1.0,6.71,1.017,26.96,7.16,87.5
2019-08-11T08:15:00Z,AOB,Arundel_on_the_Bay,38.91675,-76.45838,1.0,6.4,1.013,26.8,7.17,83.3
2019-08-11T08:30:00Z,AOB,Arundel_on_the_Bay,38.91675,-76.45838,1.0,5.95,1.016,26.65,7.19,77.3
2019-08-11T08:45:00Z,AOB,Arundel_on_the_Bay,38.91675,-76.45838,1.0,5.88,1.013,26.54,7.21,76.2
2019-08-11T09:00:00Z,AOB,Arundel_on_the_Bay,38.91675,-76.45838,1.0,6.44,1.012,26.52,7.16,83.4
2019-08-11T09:15:00Z,AOB,Arundel_on_the_Bay,38.91675,-76.45838,1.0,6.72,1.013,26.52,7.14,87.0
2019-08-11T09:30:00Z,AOB,Arundel_on_the_Bay,38.91675,-76.45838,1.0,6.79,1.024,26.54,7.14,88.0
2019-08-11T09:45:00Z,AOB,Arundel_on_the_Bay,38.91675,-76.45838,1.0,6.84,1.023,26.55,7.15,88.6
2019-08-11T10:00:00Z,AOB,Arundel_on_the_Bay,38.91675,-76.45838,1.0,6.76,1.028,26.58,7.15,87.7
2019-08-11T10:15:00Z,AOB,Arundel_on_the_Bay,38.91675,-76.45838,1.0,6.75,1.021,26.58,7.16,87.5
2019-08-11T10:30:00Z,AOB,Arundel_on_the_Bay,38.91675,-76.45838,1.0,6.73,1.027,26.57,7.16,87.2
2019-08-11T10:45:00Z,AOB,Arundel_on_the_Bay,38.91675,-76.45838,1.0,6.63,1.031,26.56,7.13,85.9
2019-08-11T11:00:00Z,AOB,Arundel_on_the_Bay,38.91675,-76.45838,1.0,6.6,1.039,26.58,7.13,85.5
2019-08-11T11:15:00Z,AOB,Arundel_on_the_Bay,38.91675,-76.45838,1.0,6.6,1.031,26.58,7.14,85.5
2019-08-11T11:30:00Z,AOB,Arundel_on_the_Bay,38.91675,-76.45838,1.0,6.55,1.032,26.62,7.13,84.9
2019-08-11T11:45:00Z,AOB,Arundel_on_the_Bay,38.91675,-76.45838,1.0,6.54,1.045,26.62,7.11,84.9
2019-08-11T12:00:00Z,AOB,Arundel_on_the_Bay,38.91675,-76.45838,1.0,6.51,1.041,26.66,7.11,84.5
2019-08-11T12:15:00Z,AOB,Arundel_on_the_Bay,38.91675,-76.45838,1.0,6.53,1.043,26.71,7.09,84.8
2019-08-11T12:30:00Z,AOB,Arundel_on_the_Bay,38.91675,-76.45838,1.0,6.59,1.043,26.71,7.06,85.6
2019-08-11T12:45:00Z,AOB,Arundel_on_the_Bay,38.91675,-76.45838,1.0,6.64,1.045,26.69,7.04,86.3
2019-08-11T13:00:00Z,AOB,Arundel_on_the_Bay,38.91675,-76.45838,1.0,6.7,1.038,26.66,7.07,87.0
2019-08-11T13:15:00Z,AOB,Arundel_on_the_Bay,38.91675,-76.45838,1.0,6.76,1.036,26.66,7.04,87.7
2019-08-11T13:30:00Z,AOB,Arundel_on_the_Bay,38.91675,-76.45838,1.0,6.85,1.033,26.66,7.04,88.9
2019-08-11T13:45:00Z,AOB,Arundel_on_the_Bay,38.91675,-76.45838,1.0,6.93,1.033,26.69,7.07,90.0
2019-08-11T14:00:00Z,AOB,Arundel_on_the_Bay,38.91675,-76.45838,1.0,7.02,1.029,26.72,7.08,91.1
2019-08-11T14:15:00Z,AOB,Arundel_on_the_Bay,38.91675,-76.45838,1.0,7.11,1.043,26.76,7.07,92.4
2019-08-11T14:30:00Z,AOB,Arundel_on_the_Bay,38.91675,-76.45838,1.0,7.16,1.039,26.79,7.06,93.1
2019-08-11T14:45:00Z,AOB,Arundel_on_the_Bay,38.91675,-76.45838,1.0,7.24,1.038,26.83,7.03,94.2
2019-08-11T15:00:00Z,AOB,Arundel_on_the_Bay,38.91675,-76.45838,1.0,7.26,1.042,26.86,7.05,94.6
2019-08-11T15:15:00Z,AOB,Arundel_on_the_Bay,38.91675,-76.45838,1.0,7.33,1.048,26.89,7.05,95.5
2019-08-11T15:30:00Z,AOB,Arundel_on_the_Bay,38.91675,-76.45838,1.0,7.49,1.052,26.88,7.07,97.6
2019-08-11T15:45:00Z,AOB,Arundel_on_the_Bay,38.91675,-76.45838,1.0,7.46,1.048,27.02,7.0,97.4
2019-08-11T16:00:00Z,AOB,Arundel_on_the_Bay,38.91675,-76.45838,1.0,7.56,1.04,27.14,7.0,98.9
2019-08-11T16:15:00Z,AOB,Arundel_on_the_Bay,38.91675,-76.45838,1.0,7.5,1.051,27.18,7.0,98.2
2019-08-11T16:30:00Z,AOB,Arundel_on_the_Bay,38.91675,-76.45838,1.0,5.81,1.041,27.02,7.18,76.0
2019-08-11T16:45:00Z,AOB,Arundel_on_the_Bay,38.91675,-76.45838,1.0,5.95,1.041,27.19,7.23,78.0
2019-08-11T17:00:00Z,AOB,Arundel_on_the_Bay,38.91675,-76.45838,1.0,6.02,1.045,27.27,7.25,79.0
2019-08-11T17:15:00Z,AOB,Arundel_on_the_Bay,38.91675,-76.45838,1.0,5.92,1.039,27.22,7.24,77.7
2019-08-11T17:30:00Z,AOB,Arundel_on_the_Bay,38.91675,-76.45838,1.0,6.26,1.036,27.29,7.21,82.3
2019-08-11T17:45:00Z,AOB,Arundel_on_the_Bay,38.91675,-76.45838,1.0,6.42,1.034,27.42,7.14,84.5
2019-08-11T18:00:00Z,AOB,Arundel_on_the_Bay,38.91675,-76.45838,1.0,6.76,1.024,27.41,7.17,89.0
2019-08-11T18:15:00Z,AOB,Arundel_on_the_Bay,38.91675,-76.45838,1.0,7.41,1.03,27.81,7.13,98.2
2019-08-11T18:30:00Z,AOB,Arundel_on_the_Bay,38.91675,-76.45838,1.0,7.8,1.024,27.71,7.18,103.2
2019-08-11T18:45:00Z,AOB,Arundel_on_the_Bay,38.91675,-76.45838,1.0,7.35,1.022,27.54,7.2,97.0
2019-08-11T19:00:00Z,AOB,Arundel_on_the_Bay,38.91675,-76.45838,1.0,7.0,1.024,27.47,7.19,92.2
2019-08-11T19:15:00Z,AOB,Arundel_on_the_Bay,38.91675,-76.45838,1.0,6.76,1.027,27.41,7.21,89.0
2019-08-11T19:30:00Z,AOB,Arundel_on_the_Bay,38.91675,-76.45838,1.0,6.85,1.024,27.43,7.19,90.2
2019-08-11T19:45:00Z,AOB,Arundel_on_the_Bay,38.91675,-76.45838,1.0,7.04,1.022,27.46,7.23,92.7
2019-08-11T20:00:00Z,AOB,Arundel_on_the_Bay,38.91675,-76.45838,1.0,7.01,1.025,27.55,7.23,92.5
2019-08-11T20:15:00Z,AOB,Arundel_on_the_Bay,38.91675,-76.45838,1.0,7.49,1.019,27.77,7.18,99.2
2019-08-11T20:30:00Z,AOB,Arundel_on_the_Bay,38.91675,-76.45838,1.0,7.48,1.022,27.66,7.2,98.8
2019-08-11T20:45:00Z,AOB,Arundel_on_the_Bay,38.91675,-76.45838,1.0,8.17,1.02,27.98,7.22,108.6
2019-08-11T21:00:00Z,AOB,Arundel_on_the_Bay,38.91675,-76.45838,1.0,8.91,1.018,28.3,7.19,119.1
2019-08-11T21:15:00Z,AOB,Arundel_on_the_Bay,38.91675,-76.45838,1.0,10.44,1.015,28.35,7.17,139.6
2019-08-11T21:30:00Z,AOB,Arundel_on_the_Bay,38.91675,-76.45838,1.0,11.5,1.016,28.25,7.12,153.5
2019-08-11T21:45:00Z,AOB,Arundel_on_the_Bay,38.91675,-76.45838,1.0,11.85,1.022,28.22,7.08,158.1
2019-08-11T22:00:00Z,AOB,Arundel_on_the_Bay,38.91675,-76.45838,1.0,11.64,1.017,28.23,7.03,155.3
2019-08-11T22:15:00Z,AOB,Arundel_on_the_Bay,38.91675,-76.45838,1.0,10.39,1.013,28.27,7.06,138.7
2019-08-11T22:30:00Z,AOB,Arundel_on_the_Bay,38.91675,-76.45838,1.0,11.62,1.016,28.24,7.05,155.0
2019-08-11T22:45:00Z,AOB,Arundel_on_the_Bay,38.91675,-76.45838,1.0,12.23,1.013,28.22,7.03,163.1
2019-08-11T23:00:00Z,AOB,Arundel_on_the_Bay,38.91675,-76.45838,1.0,11.95,1.016,28.23,7.05,159.5
2019-08-12T00:00:00Z,AOB,Arundel_on_the_Bay,38.91675,-76.45838,1.0,10.72,1.021,28.34,7.1,143.3
2019-08-12T00:15:00Z,AOB,Arundel_on_the_Bay,38.91675,-76.45838,1.0,10.66,1.023,28.3,7.09,142.4
2019-08-12T00:30:00Z,AOB,Arundel_on_the_Bay,38.91675,-76.45838,1.0,11.77,1.023,28.31,7.08,157.2
2019-08-12T00:45:00Z,AOB,Arundel_on_the_Bay,38.91675,-76.45838,1.0,12.83,1.018,28.26,7.06,171.3
2019-08-12T01:00:00Z,AOB,Arundel_on_the_Bay,38.91675,-76.45838,1.0,12.9,1.024,28.23,7.05,172.1
2019-08-12T01:15:00Z,AOB,Arundel_on_the_Bay,38.91675,-76.45838,1.0,12.77,1.024,28.19,7.04,170.2
2019-08-12T01:30:00Z,AOB,Arundel_on_the_Bay,38.91675,-76.45838,1.0,12.25,1.026,28.1,7.02,163.0
2019-08-12T01:45:00Z,AOB,Arundel_on_the_Bay,38.91675,-76.45838,1.0,11.65,1.027,28.06,7.03,154.8
2019-08-12T02:00:00Z,AOB,Arundel_on_the_Bay,38.91675,-76.45838,1.0,11.25,1.026,28.01,7.03,149.5
2019-08-12T02:15:00Z,AOB,Arundel_on_the_Bay,38.91675,-76.45838,1.0,10.62,1.029,28.01,7.03,141.1
2019-08-12T02:30:00Z,AOB,Arundel_on_the_Bay,38.91675,-76.45838,1.0,10.12,1.027,27.96,7.05,134.4
2019-08-12T02:45:00Z,AOB,Arundel_on_the_Bay,38.91675,-76.45838,1.0,10.62,1.026,27.92,7.02,140.9
2019-08-12T03:00:00Z,AOB,Arundel_on_the_Bay,38.91675,-76.45838,1.0,10.07,1.027,27.91,7.05,133.6
2019-08-12T03:15:00Z,AOB,Arundel_on_the_Bay,38.91675,-76.45838,1.0,8.74,1.026,27.97,7.2,116.2
2019-08-12T03:30:00Z,AOB,Arundel_on_the_Bay,38.91675,-76.45838,1.0,8.49,1.026,27.92,7.24,112.7
2019-08-12T03:45:00Z,AOB,Arundel_on_the_Bay,38.91675,-76.45838,1.0,8.22,1.026,27.88,7.24,109.1
2019-08-12T04:00:00Z,AOB,Arundel_on_the_Bay,38.91675,-76.45838,1.0,8.18,1.027,27.94,7.27,108.7
2019-08-12T04:15:00Z,AOB,Arundel_on_the_Bay,38.91675,-76.45838,1.0,7.88,1.028,27.89,7.25,104.6
2019-08-12T04:30:00Z,AOB,Arundel_on_the_Bay,38.91675,-76.45838,1.0,7.79,1.027,27.86,7.25,103.3
2019-08-12T04:45:00Z,AOB,Arundel_on_the_Bay,38.91675,-76.45838,1.0,8.08,1.027,27.73,7.18,107.0
2019-08-12T05:00:00Z,AOB,Arundel_on_the_Bay,38.91675,-76.45838,1.0,7.99,1.027,27.66,7.16,105.5
2019-08-12T05:15:00Z,AOB,Arundel_on_the_Bay,38.91675,-76.45838,1.0,7.88,1.029,27.58,7.22,104.1
2019-08-12T05:30:00Z,AOB,Arundel_on_the_Bay,38.91675,-76.45838,1.0,7.8,1.021,27.59,7.21,103.0
2019-08-12T05:45:00Z,AOB,Arundel_on_the_Bay,38.91675,-76.45838,1.0,7.73,1.022,27.56,7.21,102.0
2019-08-12T06:00:00Z,AOB,Arundel_on_the_Bay,38.91675,-76.45838,1.0,7.9,1.017,27.58,7.17,104.3
2019-08-12T06:15:00Z,AOB,Arundel_on_the_Bay,38.91675,-76.45838,1.0,7.65,1.019,27.55,7.16,100.9
2019-08-12T06:30:00Z,AOB,Arundel_on_the_Bay,38.91675,-76.45838,1.0,7.75,1.017,27.61,7.15,102.3
2019-08-12T06:45:00Z,AOB,Arundel_on_the_Bay,38.91675,-76.45838,1.0,7.93,1.02,27.5,7.14,104.5
2019-08-12T07:00:00Z,AOB,Arundel_on_the_Bay,38.91675,-76.45838,1.0,8.09,1.025,27.44,7.12,106.4
2019-08-12T07:15:00Z,AOB,Arundel_on_the_Bay,38.91675,-76.45838,1.0,8.12,1.02,27.46,7.09,106.9
2019-08-12T07:30:00Z,AOB,Arundel_on_the_Bay,38.91675,-76.45838,1.0,8.17,1.027,27.4,7.08,107.4
2019-08-12T07:45:00Z,AOB,Arundel_on_the_Bay,38.91675,-76.45838,1.0,8.2,1.026,27.37,7.09,107.8
2019-08-12T08:00:00Z,AOB,Arundel_on_the_Bay,38.91675,-76.45838,1.0,8.47,1.027,27.37,7.07,111.2
2019-08-12T08:15:00Z,AOB,Arundel_on_the_Bay,38.91675,-76.45838,1.0,8.62,1.024,27.37,7.03,113.2
2019-08-12T08:30:00Z,AOB,Arundel_on_the_Bay,38.91675,-76.45838,1.0,8.99,1.026,27.34,7.02,118.1
2019-08-12T08:45:00Z,AOB,Arundel_on_the_Bay,38.91675,-76.45838,1.0,9.08,1.027,27.31,6.97,119.2
2019-08-12T09:00:00Z,AOB,Arundel_on_the_Bay,38.91675,-76.45838,1.0,8.86,1.029,27.24,6.88,116.0
2019-08-12T09:15:00Z,AOB,Arundel_on_the_Bay,38.91675,-76.45838,1.0,8.81,1.032,27.24,6.83,115.3
2019-08-12T09:30:00Z,AOB,Arundel_on_the_Bay,38.91675,-76.45838,1.0,8.72,1.032,27.21,6.8,114.1
2019-08-12T09:45:00Z,AOB,Arundel_on_the_Bay,38.91675,-76.45838,1.0,8.6,1.034,27.18,6.71,112.4
2019-08-12T10:00:00Z,AOB,Arundel_on_the_Bay,38.91675,-76.45838,1.0,8.58,1.034,27.18,6.7,112.1
2019-08-12T10:15:00Z,AOB,Arundel_on_the_Bay,38.91675,-76.45838,1.0,8.57,1.035,27.1,6.67,111.8
2019-08-12T10:30:00Z,AOB,Arundel_on_the_Bay,38.91675,-76.45838,1.0,8.62,1.039,27.02,6.64,112.3
2019-08-12T10:45:00Z,AOB,Arundel_on_the_Bay,38.91675,-76.45838,1.0,8.63,1.039,27.05,6.61,112.4
2019-08-12T11:00:00Z,AOB,Arundel_on_the_Bay,38.91675,-76.45838,1.0,8.64,1.031,27.07,6.6,112.6
2019-08-12T11:15:00Z,AOB,Arundel_on_the_Bay,38.91675,-76.45838,1.0,8.58,1.037,27.09,6.58,111.9
2019-08-12T11:30:00Z,AOB,Arundel_on_the_Bay,38.91675,-76.45838,1.0,8.74,1.038,27.05,6.54,113.9
2019-08-12T11:45:00Z,AOB,Arundel_on_the_Bay,38.91675,-76.45838,1.0,8.67,1.039,27.06,6.53,113.0
2019-08-12T12:00:00Z,AOB,Arundel_on_the_Bay,38.91675,-76.45838,1.0,8.64,1.036,27.07,6.51,112.6
2019-08-12T12:15:00Z,AOB,Arundel_on_the_Bay,38.91675,-76.45838,1.0,8.68,1.037,27.08,6.48,113.1
2019-08-12T12:30:00Z,AOB,Arundel_on_the_Bay,38.91675,-76.45838,1.0,8.56,1.041,27.09,6.49,111.5
2019-08-12T12:45:00Z,AOB,Arundel_on_the_Bay,38.91675,-76.45838,1.0,8.45,1.038,27.08,6.48,110.1
2019-08-12T13:00:00Z,AOB,Arundel_on_the_Bay,38.91675,-76.45838,1.0,8.26,1.038,27.15,6.51,107.8
2019-08-12T13:15:00Z,AOB,Arundel_on_the_Bay,38.91675,-76.45838,1.0,8.22,1.035,27.17,6.53,107.3
2019-08-12T13:30:00Z,AOB,Arundel_on_the_Bay,38.91675,-76.45838,1.0,8.2,1.037,27.16,6.53,107.1
2019-08-12T13:45:00Z,AOB,Arundel_on_the_Bay,38.91675,-76.45838,1.0,8.08,1.038,27.16,6.55,105.5
2019-08-12T14:00:00Z,AOB,Arundel_on_the_Bay,38.91675,-76.45838,1.0,7.74,1.039,27.13,6.56,101.0
2019-08-12T14:15:00Z,AOB,Arundel_on_the_Bay,38.91675,-76.45838,1.0,7.64,1.038,27.13,6.57,99.7
2019-08-12T14:30:00Z,AOB,Arundel_on_the_Bay,38.91675,-76.45838,1.0,7.84,1.033,27.18,6.61,102.4
2019-08-12T14:45:00Z,AOB,Arundel_on_the_Bay,38.91675,-76.45838,1.0,8.01,1.027,27.26,6.67,104.8
2019-08-12T15:00:00Z,AOB,Arundel_on_the_Bay,38.91675,-76.45838,1.0,7.98,1.022,27.34,6.66,104.6
2019-08-12T15:15:00Z,AOB,Arundel_on_the_Bay,38.91675,-76.45838,1.0,7.97,1.018,27.47,6.72,104.7
2019-08-12T15:30:00Z,AOB,Arundel_on_the_Bay,38.91675,-76.45838,1.0,8.17,1.022,27.63,6.73,107.6
2019-08-12T15:45:00Z,AOB,Arundel_on_the_Bay,38.91675,-76.45838,1.0,8.66,1.017,27.96,6.68,114.7
2019-08-12T16:00:00Z,AOB,Arundel_on_the_Bay,38.91675,-76.45838,1.0,8.87,1.011,28.03,6.69,117.7
2019-08-12T16:15:00Z,AOB,Arundel_on_the_Bay,38.91675,-76.45838,1.0,10.08,1.011,28.12,6.82,134.0
2019-08-12T16:30:00Z,AOB,Arundel_on_the_Bay,38.91675,-76.45838,1.0,10.14,1.009,28.13,6.88,135.0
2019-08-12T16:45:00Z,AOB,Arundel_on_the_Bay,38.91675,-76.45838,1.0,10.05,1.013,28.14,6.9,133.7
2019-08-12T17:00:00Z,AOB,Arundel_on_the_Bay,38.91675,-76.45838,1.0,9.43,1.0,28.07,6.89,125.4
2019-08-12T17:15:00Z,AOB,Arundel_on_the_Bay,38.91675,-76.45838,1.0,9.93,0.998,28.19,6.87,132.3
2019-08-12T17:30:00Z,AOB,Arundel_on_the_Bay,38.91675,-76.45838,1.0,9.54,0.992,28.2,6.9,127.1
2019-08-12T17:45:00Z,AOB,Arundel_on_the_Bay,38.91675,-76.45838,1.0,8.94,0.995,28.11,6.88,118.9
2019-08-12T18:00:00Z,AOB,Arundel_on_the_Bay,38.91675,-76.45838,1.0,10.76,0.987,28.3,6.93,143.6
2019-08-12T18:15:00Z,AOB,Arundel_on_the_Bay,38.91675,-76.45838,1.0,11.63,0.991,28.5,6.99,155.8
2019-08-12T18:30:00Z,AOB,Arundel_on_the_Bay,38.91675,-76.45838,1.0,11.6,0.991,28.68,7.04,155.9
2019-08-12T18:45:00Z,AOB,Arundel_on_the_Bay,38.91675,-76.45838,1.0,11.43,0.982,28.75,7.06,153.8
2019-08-12T19:00:00Z,AOB,Arundel_on_the_Bay,38.91675,-76.45838,1.0,11.44,0.989,28.77,7.08,154.0
2019-08-12T19:15:00Z,AOB,Arundel_on_the_Bay,38.91675,-76.45838,1.0,10.6,0.984,28.73,7.07,142.6
2019-08-12T19:30:00Z,AOB,Arundel_on_the_Bay,38.91675,-76.45838,1.0,10.1,0.982,28.55,7.07,135.5
2019-08-12T19:45:00Z,AOB,Arundel_on_the_Bay,38.91675,-76.45838,1.0,10.06,0.979,28.62,7.02,135.1
2019-08-12T20:00:00Z,AOB,Arundel_on_the_Bay,38.91675,-76.45838,1.0,10.09,0.967,28.67,6.98,135.5
2019-08-12T20:15:00Z,AOB,Arundel_on_the_Bay,38.91675,-76.45838,1.0,9.98,0.979,28.72,6.97,134.2
2019-08-12T20:30:00Z,AOB,Arundel_on_the_Bay,38.91675,-76.45838,1.0,9.88,0.974,28.68,6.95,132.7
2019-08-12T20:45:00Z,AOB,Arundel_on_the_Bay,38.91675,-76.45838,1.0,9.88,0.973,28.74,6.94,132.8
2019-08-12T21:00:00Z,AOB,Arundel_on_the_Bay,38.91675,-76.45838,1.0,9.03,0.975,28.53,6.96,121.0
2019-08-12T21:15:00Z,AOB,Arundel_on_the_Bay,38.91675,-76.45838,1.0,9.1,0.966,28.57,6.95,122.0
2019-08-12T21:30:00Z,AOB,Arundel_on_the_Bay,38.91675,-76.45838,1.0,8.89,0.963,28.48,6.94,119.0
2019-08-12T21:45:00Z,AOB,Arundel_on_the_Bay,38.91675,-76.45838,1.0,8.66,0.972,28.44,6.94,115.9
2019-08-12T22:00:00Z,AOB,Arundel_on_the_Bay,38.91675,-76.45838,1.0,8.69,0.969,28.43,6.92,116.2
2019-08-12T22:15:00Z,AOB,Arundel_on_the_Bay,38.91675,-76.45838,1.0,8.57,0.965,28.39,6.92,114.6
2019-08-12T22:30:00Z,AOB,Arundel_on_the_Bay,38.91675,-76.45838,1.0,8.36,0.969,28.38,6.9,111.8
2019-08-12T22:45:00Z,AOB,Arundel_on_the_Bay,38.91675,-76.45838,1.0,8.15,0.964,28.39,6.93,108.9
2019-08-12T23:00:00Z,AOB,Arundel_on_the_Bay,38.91675,-76.45838,1.0,7.97,0.965,28.38,6.91,106.5
2019-08-13T00:00:00Z,AOB,Arundel_on_the_Bay,38.91675,-76.45838,1.0,7.8,0.962,28.09,6.89,103.7
2019-08-13T00:15:00Z,AOB,Arundel_on_the_Bay,38.91675,-76.45838,1.0,7.85,0.966,27.95,6.89,104.1
2019-08-13T00:30:00Z,AOB,Arundel_on_the_Bay,38.91675,-76.45838,1.0,7.82,0.97,27.77,6.88,103.4
2019-08-13T00:45:00Z,AOB,Arundel_on_the_Bay,38.91675,-76.45838,1.0,7.8,0.971,27.68,6.86,102.9
2019-08-13T01:00:00Z,AOB,Arundel_on_the_Bay,38.91675,-76.45838,1.0,7.71,0.971,27.63,6.87,101.7
2019-08-13T01:15:00Z,AOB,Arundel_on_the_Bay,38.91675,-76.45838,1.0,7.62,0.974,27.58,6.88,100.3
2019-08-13T01:30:00Z,AOB,Arundel_on_the_Bay,38.91675,-76.45838,1.0,7.59,0.975,27.53,6.88,99.8
2019-08-13T01:45:00Z,AOB,Arundel_on_the_Bay,38.91675,-76.45838,1.0,7.58,0.973,27.48,6.88,99.6
2019-08-13T02:00:00Z,AOB,Arundel_on_the_Bay,38.91675,-76.45838,1.0,7.59,0.964,27.41,6.93,99.7
2019-08-13T02:15:00Z,AOB,Arundel_on_the_Bay,38.91675,-76.45838,1.0,7.51,0.977,27.36,6.95,98.6
2019-08-13T02:30:00Z,AOB,Arundel_on_the_Bay,38.91675,-76.45838,1.0,7.45,0.973,27.31,6.98,97.7
2019-08-13T02:45:00Z,AOB,Arundel_on_the_Bay,38.91675,-76.45838,1.0,7.48,0.98,27.28,7.03,98.2
2019-08-13T03:00:00Z,AOB,Arundel_on_the_Bay,38.91675,-76.45838,1.0,7.45,0.978,27.29,7.07,97.8
2019-08-13T03:15:00Z,AOB,Arundel_on_the_Bay,38.91675,-76.45838,1.0,7.37,0.977,27.3,7.09,96.7
2019-08-13T03:30:00Z,AOB,Arundel_on_the_Bay,38.91675,-76.45838,1.0,7.32,0.966,27.55,7.01,96.5
2019-08-13T03:45:00Z,AOB,Arundel_on_the_Bay,38.91675,-76.45838,1.0,7.72,0.971,27.83,6.96,102.2
2019-08-13T04:00:00Z,AOB,Arundel_on_the_Bay,38.91675,-76.45838,1.0,7.57,0.971,27.84,6.94,100.2
2019-08-13T04:15:00Z,AOB,Arundel_on_the_Bay,38.91675,-76.45838,1.0,7.55,0.97,27.84,6.93,99.9
2019-08-13T04:30:00Z,AOB,Arundel_on_the_Bay,38.91675,-76.45838,1.0,7.43,0.969,27.82,6.92,98.3
2019-08-13T04:45:00Z,AOB,Arundel_on_the_Bay,38.91675,-76.45838,1.0,7.32,0.978,27.84,6.94,97.0
2019-08-13T05:00:00Z,AOB,Arundel_on_the_Bay,38.91675,-76.45838,1.0,7.15,0.97,27.77,6.93,94.6
2019-08-13T05:15:00Z,AOB,Arundel_on_the_Bay,38.91675,-76.45838,1.0,7.03,0.974,27.43,6.99,92.4
2019-08-13T05:30:00Z,AOB,Arundel_on_the_Bay,38.91675,-76.45838,1.0,6.98,0.971,27.39,6.99,91.7
2019-08-13T05:45:00Z,AOB,Arundel_on_the_Bay,38.91675,-76.45838,1.0,6.93,0.972,27.36,7.0,91.0
2019-08-13T06:00:00Z,AOB,Arundel_on_the_Bay,38.91675,-76.45838,1.0,6.86,0.966,27.34,7.02,90.1
2019-08-13T06:15:00Z,AOB,Arundel_on_the_Bay,38.91675,-76.45838,1.0,6.87,0.975,27.25,7.03,90.1
2019-08-13T06:30:00Z,AOB,Arundel_on_the_Bay,38.91675,-76.45838,1.0,6.77,0.97,27.23,7.03,88.7
2019-08-13T06:45:00Z,AOB,Arundel_on_the_Bay,38.91675,-76.45838,1.0,6.65,0.976,27.27,6.99,87.2
2019-08-13T07:00:00Z,AOB,Arundel_on_the_Bay,38.91675,-76.45838,1.0,6.68,0.971,27.19,7.01,87.5
2019-08-13T07:15:00Z,AOB,Arundel_on_the_Bay,38.91675,-76.45838,1.0,6.44,0.969,27.17,7.0,84.3
2019-08-13T07:30:00Z,AOB,Arundel_on_the_Bay,38.91675,-76.45838,1.0,6.39,0.974,27.11,6.98,83.6
2019-08-13T07:45:00Z,AOB,Arundel_on_the_Bay,38.91675,-76.45838,1.0,6.29,0.971,27.07,6.94,82.2
2019-08-13T08:00:00Z,AOB,Arundel_on_the_Bay,38.91675,-76.45838,1.0,6.18,0.971,27.07,6.9,80.8
2019-08-13T08:15:00Z,AOB,Arundel_on_the_Bay,38.91675,-76.45838,1.0,6.28,0.972,27.11,6.9,82.1
2019-08-13T08:30:00Z,AOB,Arundel_on_the_Bay,38.91675,-76.45838,1.0,6.17,0.971,27.16,6.87,80.7
2019-08-13T08:45:00Z,AOB,Arundel_on_the_Bay,38.91675,-76.45838,1.0,6.08,0.967,27.2,6.87,79.5
2019-08-13T09:00:00Z,AOB,Arundel_on_the_Bay,38.91675,-76.45838,1.0,6.07,0.967,27.21,6.84,79.4
2019-08-13T09:15:00Z,AOB,Arundel_on_the_Bay,38.91675,-76.45838,1.0,5.98,0.967,27.21,6.86,78.3
2019-08-13T09:30:00Z,AOB,Arundel_on_the_Bay,38.91675,-76.45838,1.0,6.05,0.961,27.2,6.83,79.2
2019-08-13T09:45:00Z,AOB,Arundel_on_the_Bay,38.91675,-76.45838,1.0,5.73,0.957,27.16,6.99,75.0
2019-08-13T10:00:00Z,AOB,Arundel_on_the_Bay,38.91675,-76.45838,1.0,2.35,0.968,27.03,7.82,30.8
2019-08-13T10:15:00Z,AOB,Arundel_on_the_Bay,38.91675,-76.45838,1.0,3.12,0.96,27.08,7.92,41.0
2019-08-13T10:30:00Z,AOB,Arundel_on_the_Bay,38.91675,-76.45838,1.0,2.67,0.964,27.03,7.83,35.0
2019-08-13T10:45:00Z,AOB,Arundel_on_the_Bay,38.91675,-76.45838,1.0,1.86,0.965,26.92,8.27,24.4
2019-08-13T11:00:00Z,AOB,Arundel_on_the_Bay,38.91675,-76.45838,1.0,1.7,0.967,26.86,8.5,22.4
2019-08-13T11:15:00Z,AOB,Arundel_on_the_Bay,38.91675,-76.45838,1.0,1.65,0.97,26.82,8.61,21.6
2019-08-13T11:30:00Z,AOB,Arundel_on_the_Bay,38.91675,-76.45838,1.0,1.98,0.968,26.81,8.51,25.9
2019-08-13T11:45:00Z,AOB,Arundel_on_the_Bay,38.91675,-76.45838,1.0,1.64,0.972,26.82,8.56,21.5
2019-08-13T12:00:00Z,AOB,Arundel_on_the_Bay,38.91675,-76.45838,1.0,1.82,0.973,26.79,8.54,23.9
2019-08-13T12:15:00Z,AOB,Arundel_on_the_Bay,38.91675,-76.45838,1.0,1.91,0.972,26.75,8.47,25.0
2019-08-13T12:30:00Z,AOB,Arundel_on_the_Bay,38.91675,-76.45838,1.0,2.01,0.975,26.73,8.39,26.2
2019-08-13T12:45:00Z,AOB,Arundel_on_the_Bay,38.91675,-76.45838,1.0,2.07,0.974,26.75,8.32,27.1
2019-08-13T13:00:00Z,AOB,Arundel_on_the_Bay,38.91675,-76.45838,1.0,2.38,0.972,26.76,8.23,31.2
2019-08-13T13:15:00Z,AOB,Arundel_on_the_Bay,38.91675,-76.45838,1.0,2.61,0.974,26.77,8.18,34.2
2019-08-13T13:30:00Z,AOB,Arundel_on_the_Bay,38.91675,-76.45838,1.0,3.56,0.973,26.78,7.99,46.5
2019-08-13T13:45:00Z,AOB,Arundel_on_the_Bay,38.91675,-76.45838,1.0,4.45,0.971,26.79,7.7,58.1
2019-08-13T14:00:00Z,AOB,Arundel_on_the_Bay,38.91675,-76.45838,1.0,4.69,0.969,26.79,7.61,61.2
2019-08-13T14:15:00Z,AOB,Arundel_on_the_Bay,38.91675,-76.45838,1.0,4.63,0.972,26.81,7.52,60.4
2019-08-13T14:30:00Z,AOB,Arundel_on_the_Bay,38.91675,-76.45838,1.0,4.69,0.972,26.83,7.48,61.2
2019-08-13T14:45:00Z,AOB,Arundel_on_the_Bay,38.91675,-76.45838,1.0,5.01,0.971,26.85,7.48,65.4
2019-08-13T15:00:00Z,AOB,Arundel_on_the_Bay,38.91675,-76.45838,1.0,4.93,0.972,26.85,7.48,64.4
2019-08-13T15:15:00Z,AOB,Arundel_on_the_Bay,38.91675,-76.45838,1.0,5.27,0.969,26.86,7.45,68.8
2019-08-13T15:30:00Z,AOB,Arundel_on_the_Bay,38.91675,-76.45838,1.0,5.35,0.973,26.88,7.42,69.8
2019-08-13T15:45:00Z,AOB,Arundel_on_the_Bay,38.91675,-76.45838,1.0,6.21,0.975,26.94,7.37,81.1
2019-08-13T16:00:00Z,AOB,Arundel_on_the_Bay,38.91675,-76.45838,1.0,6.09,0.972,27.01,7.34,79.6
2019-08-13T16:15:00Z,AOB,Arundel_on_the_Bay,38.91675,-76.45838,1.0,6.23,0.972,27.04,7.35,81.5
2019-08-13T16:30:00Z,AOB,Arundel_on_the_Bay,38.91675,-76.45838,1.0,6.26,0.974,27.02,7.34,81.9
2019-08-13T16:45:00Z,AOB,Arundel_on_the_Bay,38.91675,-76.45838,1.0,6.43,0.975,27.02,7.34,84.1
2019-08-13T17:00:00Z,AOB,Arundel_on_the_Bay,38.91675,-76.45838,1.0,5.69,0.973,27.0,7.38,74.4
2019-08-13T17:15:00Z,AOB,Arundel_on_the_Bay,38.91675,-76.45838,1.0,5.52,0.973,26.99,7.39,72.2
2019-08-13T17:30:00Z,AOB,Arundel_on_the_Bay,38.91675,-76.45838,1.0,5.12,0.97,26.96,7.47,67.0
2019-08-13T17:45:00Z,AOB,Arundel_on_the_Bay,38.91675,-76.45838,1.0,4.48,0.964,26.9,7.55,58.6
2019-08-13T18:00:00Z,AOB,Arundel_on_the_Bay,38.91675,-76.45838,1.0,7.96,-0.01,26.55,0.0,99.0
2019-08-13T18:15:00Z,AOB,Arundel_on_the_Bay,38.91675,-76.45838,1.0,4.38,0.991,27.02,9.49,58.0
2019-08-13T18:30:00Z,AOB,Arundel_on_the_Bay,38.91675,-76.45838,1.0,3.95,0.992,27.02,9.61,52.3
2019-08-13T18:45:00Z,AOB,Arundel_on_the_Bay,38.91675,-76.45838,1.0,3.86,0.992,27.06,9.62,51.2
2019-08-13T19:00:00Z,AOB,Arundel_on_the_Bay,38.91675,-76.45838,1.0,3.72,0.991,27.03,9.62,49.3
2019-08-13T19:15:00Z,AOB,Arundel_on_the_Bay,38.91675,-76.45838,1.0,3.91,0.99,27.08,9.72,51.9
2019-08-13T19:30:00Z,AOB,Arundel_on_the_Bay,38.91675,-76.45838,1.0,5.31,0.989,27.18,9.54,70.5
2019-08-13T19:45:00Z,AOB,Arundel_on_the_Bay,38.91675,-76.45838,1.0,5.48,0.991,27.16,9.52,72.8
2019-08-13T20:00:00Z,AOB,Arundel_on_the_Bay,38.91675,-76.45838,1.0,5.63,0.986,27.22,9.49,74.7
2019-08-13T20:15:00Z,AOB,Arundel_on_the_Bay,38.91675,-76.45838,1.0,6.04,0.988,27.33,9.4,80.3
2019-08-13T20:30:00Z,AOB,Arundel_on_the_Bay,38.91675,-76.45838,1.0,6.01,0.979,27.37,9.41,80.0
2019-08-13T20:45:00Z,AOB,Arundel_on_the_Bay,38.91675,-76.45838,1.0,5.28,0.982,27.23,9.54,70.2
2019-08-13T21:00:00Z,AOB,Arundel_on_the_Bay,38.91675,-76.45838,1.0,5.35,0.983,27.25,9.51,71.1
2019-08-13T21:15:00Z,AOB,Arundel_on_the_Bay,38.91675,-76.45838,1.0,5.16,0.981,27.38,9.47,68.7
2019-08-13T21:30:00Z,AOB,Arundel_on_the_Bay,38.91675,-76.45838,1.0,4.88,0.984,27.32,9.52,65.0
2019-08-13T21:45:00Z,AOB,Arundel_on_the_Bay,38.91675,-76.45838,1.0,5.62,0.98,27.39,9.47,74.8
2019-08-13T22:00:00Z,AOB,Arundel_on_the_Bay,38.91675,-76.45838,1.0,6.22,0.98,27.46,9.42,83.0
2019-08-13T22:15:00Z,AOB,Arundel_on_the_Bay,38.91675,-76.45838,1.0,6.11,0.98,27.4,9.44,81.4
2019-08-13T22:30:00Z,AOB,Arundel_on_the_Bay,38.91675,-76.45838,1.0,5.96,0.98,27.46,9.42,79.5
2019-08-13T22:45:00Z,AOB,Arundel_on_the_Bay,38.91675,-76.45838,1.0,6.89,0.982,27.6,9.37,92.1
2019-08-13T23:00:00Z,AOB,Arundel_on_the_Bay,38.91675,-76.45838,1.0,6.56,0.982,27.63,9.35,87.6
2019-08-14T00:00:00Z,AOB,Arundel_on_the_Bay,38.91675,-76.45838,1.0,6.73,0.986,27.47,9.33,89.8
2019-08-14T00:15:00Z,AOB,Arundel_on_the_Bay,38.91675,-76.45838,1.0,7.08,0.984,27.44,9.3,94.3
2019-08-14T00:30:00Z,AOB,Arundel_on_the_Bay,38.91675,-76.45838,1.0,7.23,0.98,27.44,9.28,96.3
2019-08-14T00:45:00Z,AOB,Arundel_on_the_Bay,38.91675,-76.45838,1.0,6.91,0.985,27.41,9.26,92.0
2019-08-14T01:00:00Z,AOB,Arundel_on_the_Bay,38.91675,-76.45838,1.0,6.72,0.988,27.41,9.25,89.4
2019-08-14T01:15:00Z,AOB,Arundel_on_the_Bay,38.91675,-76.45838,1.0,6.72,0.987,27.4,9.24,89.4
2019-08-14T01:30:00Z,AOB,Arundel_on_the_Bay,38.91675,-76.45838,1.0,6.65,0.988,27.4,9.21,88.5
2019-08-14T01:45:00Z,AOB,Arundel_on_the_Bay,38.91675,-76.45838,1.0,6.97,0.987,27.42,9.2,92.8
2019-08-14T02:00:00Z,AOB,Arundel_on_the_Bay,38.91675,-76.45838,1.0,6.96,0.984,27.4,9.21,92.6
2019-08-14T02:15:00Z,AOB,Arundel_on_the_Bay,38.91675,-76.45838,1.0,6.68,0.982,27.39,9.24,88.9
2019-08-14T02:30:00Z,AOB,Arundel_on_the_Bay,38.91675,-76.45838,1.0,6.58,0.982,27.39,9.25,87.5
2019-08-14T02:45:00Z,AOB,Arundel_on_the_Bay,38.91675,-76.45838,1.0,6.6,0.98,27.38,9.25,87.8
2019-08-14T03:00:00Z,AOB,Arundel_on_the_Bay,38.91675,-76.45838,1.0,6.67,0.977,27.36,9.27,88.7
2019-08-14T03:15:00Z,AOB,Arundel_on_the_Bay,38.91675,-76.45838,1.0,6.51,0.981,27.33,9.29,86.6
2019-08-14T03:30:00Z,AOB,Arundel_on_the_Bay,38.91675,-76.45838,1.0,6.42,0.979,27.32,9.3,85.4
2019-08-14T03:45:00Z,AOB,Arundel_on_the_Bay,38.91675,-76.45838,1.0,6.37,0.978,27.31,9.3,84.7
2019-08-14T04:00:00Z,AOB,Arundel_on_the_Bay,38.91675,-76.45838,1.0,6.26,0.981,27.29,9.32,83.1
2019-08-14T04:15:00Z,AOB,Arundel_on_the_Bay,38.91675,-76.45838,1.0,6.13,0.978,27.27,9.33,81.4
2019-08-14T04:30:00Z,AOB,Arundel_on_the_Bay,38.91675,-76.45838,1.0,5.97,0.979,27.29,9.29,79.3
2019-08-14T04:45:00Z,AOB,Arundel_on_the_Bay,38.91675,-76.45838,1.0,5.85,0.981,27.27,9.29,77.7
2019-08-14T05:00:00Z,AOB,Arundel_on_the_Bay,38.91675,-76.45838,1.0,5.73,0.981,27.36,9.33,76.2
2019-08-14T05:15:00Z,AOB,Arundel_on_the_Bay,38.91675,-76.45838,1.0,6.04,0.981,27.42,9.31,80.4
2019-08-14T05:30:00Z,AOB,Arundel_on_the_Bay,38.91675,-76.45838,1.0,5.95,0.979,27.48,9.31,79.3
2019-08-14T05:45:00Z,AOB,Arundel_on_the_Bay,38.91675,-76.45838,1.0,5.03,0.976,27.4,9.38,67.0
2019-08-14T06:00:00Z,AOB,Arundel_on_the_Bay,38.91675,-76.45838,1.0,5.04,0.972,27.36,9.39,67.1
2019-08-14T06:15:00Z,AOB,Arundel_on_the_Bay,38.91675,-76.45838,1.0,5.5,0.972,27.34,9.34,73.2
2019-08-14T06:30:00Z,AOB,Arundel_on_the_Bay,38.91675,-76.45838,1.0,4.9,0.97,27.33,9.4,65.2
2019-08-14T06:45:00Z,AOB,Arundel_on_the_Bay,38.91675,-76.45838,1.0,5.39,0.974,27.31,9.34,71.7
2019-08-14T07:00:00Z,AOB,Arundel_on_the_Bay,38.91675,-76.45838,1.0,5.13,0.973,27.3,9.37,68.2
2019-08-14T07:15:00Z,AOB,Arundel_on_the_Bay,38.91675,-76.45838,1.0,5.4,0.976,27.25,9.35,71.7
2019-08-14T07:30:00Z,AOB,Arundel_on_the_Bay,38.91675,-76.45838,1.0,4.92,0.976,27.24,9.33,65.4
2019-08-14T07:45:00Z,AOB,Arundel_on_the_Bay,38.91675,-76.45838,1.0,4.92,0.974,27.26,9.34,65.4
2019-08-14T08:00:00Z,AOB,Arundel_on_the_Bay,38.91675,-76.45838,1.0,5.03,0.974,27.3,9.34,66.9
2019-08-14T08:15:00Z,AOB,Arundel_on_the_Bay,38.91675,-76.45838,1.0,5.12,0.974,27.3,9.35,68.0
2019-08-14T08:30:00Z,AOB,Arundel_on_the_Bay,38.91675,-76.45838,1.0,5.04,0.973,27.25,9.36,66.9
2019-08-14T08:45:00Z,AOB,Arundel_on_the_Bay,38.91675,-76.45838,1.0,5.02,0.974,27.24,9.36,66.6
2019-08-14T09:00:00Z,AOB,Arundel_on_the_Bay,38.91675,-76.45838,1.0,5.05,0.975,27.24,9.35,67.0
2019-08-14T09:15:00Z,AOB,Arundel_on_the_Bay,38.91675,-76.45838,1.0,5.49,0.978,27.13,9.12,72.6
2019-08-14T09:30:00Z,AOB,Arundel_on_the_Bay,38.91675,-76.45838,1.0,5.24,0.977,27.1,9.1,69.3
2019-08-14T09:45:00Z,AOB,Arundel_on_the_Bay,38.91675,-76.45838,1.0,5.48,0.977,27.08,8.98,72.4
2019-08-14T10:00:00Z,AOB,Arundel_on_the_Bay,38.91675,-76.45838,1.0,5.58,0.981,27.07,8.93,73.7
2019-08-14T10:15:00Z,AOB,Arundel_on_the_Bay,38.91675,-76.45838,1.0,5.66,0.983,27.06,8.88,74.8
2019-08-14T10:30:00Z,AOB,Arundel_on_the_Bay,38.91675,-76.45838,1.0,5.68,0.983,27.06,8.85,75.0
2019-08-14T10:45:00Z,AOB,Arundel_on_the_Bay,38.91675,-76.45838,1.0,5.69,0.986,27.06,8.85,75.1
2019-08-14T11:00:00Z,AOB,Arundel_on_the_Bay,38.91675,-76.45838,1.0,5.68,0.987,27.06,8.84,75.0
2019-08-14T11:15:00Z,AOB,Arundel_on_the_Bay,38.91675,-76.45838,1.0,5.69,0.99,27.06,8.84,75.1
2019-08-14T11:30:00Z,AOB,Arundel_on_the_Bay,38.91675,-76.45838,1.0,5.73,0.991,27.05,8.8,75.6
2019-08-14T11:45:00Z,AOB,Arundel_on_the_Bay,38.91675,-76.45838,1.0,5.72,0.992,27.06,8.8,75.5
2019-08-14T12:00:00Z,AOB,Arundel_on_the_Bay,38.91675,-76.45838,1.0,5.69,0.992,27.07,8.79,75.1
2019-08-14T12:15:00Z,AOB,Arundel_on_the_Bay,38.91675,-76.45838,1.0,5.72,0.99,27.09,8.79,75.5
2019-08-14T12:30:00Z,AOB,Arundel_on_the_Bay,38.91675,-76.45838,1.0,5.72,0.989,27.11,8.79,75.5
2019-08-14T12:45:00Z,AOB,Arundel_on_the_Bay,38.91675,-76.45838,1.0,5.71,0.989,27.13,8.82,75.4
2019-08-14T13:00:00Z,AOB,Arundel_on_the_Bay,38.91675,-76.45838,1.0,5.74,0.989,27.18,8.86,75.9
2019-08-14T13:15:00Z,AOB,Arundel_on_the_Bay,38.91675,-76.45838,1.0,5.77,0.989,27.24,8.88,76.4
2019-08-14T13:30:00Z,AOB,Arundel_on_the_Bay,38.91675,-76.45838,1.0,5.79,0.991,27.27,8.93,76.7
2019-08-14T13:45:00Z,AOB,Arundel_on_the_Bay,38.91675,-76.45838,1.0,5.69,0.99,27.28,9.06,75.4
2019-08-14T14:00:00Z,AOB,Arundel_on_the_Bay,38.91675,-76.45838,1.0,5.69,0.99,27.28,9.16,75.5
2019-08-14T14:15:00Z,AOB,Arundel_on_the_Bay,38.91675,-76.45838,1.0,5.89,0.989,27.28,9.19,78.2
2019-08-14T14:30:00Z,AOB,Arundel_on_the_Bay,38.91675,-76.45838,1.0,6.13,0.987,27.26,9.23,81.4
2019-08-14T14:45:00Z,AOB,Arundel_on_the_Bay,38.91675,-76.45838,1.0,6.3,0.986,27.44,9.11,83.9
2019-08-14T15:00:00Z,AOB,Arundel_on_the_Bay,38.91675,-76.45838,1.0,6.41,0.984,27.57,8.98,85.4
2019-08-14T15:15:00Z,AOB,Arundel_on_the_Bay,38.91675,-76.45838,1.0,6.85,0.985,27.54,8.94,91.3
2019-08-14T15:30:00Z,AOB,Arundel_on_the_Bay,38.91675,-76.45838,1.0,6.79,0.988,27.44,9.04,90.3
2019-08-14T15:45:00Z,AOB,Arundel_on_the_Bay,38.91675,-76.45838,1.0,6.81,0.986,27.43,9.05,90.6
2019-08-14T16:00:00Z,AOB,Arundel_on_the_Bay,38.91675,-76.45838,1.0,6.99,0.988,27.52,8.99,93.1
2019-08-14T16:15:00Z,AOB,Arundel_on_the_Bay,38.91675,-76.45838,1.0,7.21,0.986,27.66,8.88,96.2
2019-08-14T16:30:00Z,AOB,Arundel_on_the_Bay,38.91675,-76.45838,1.0,7.15,0.984,27.65,8.93,95.4
2019-08-14T16:45:00Z,AOB,Arundel_on_the_Bay,38.91675,-76.45838,1.0,7.15,0.981,27.66,8.95,95.5
2019-08-14T17:00:00Z,AOB,Arundel_on_the_Bay,38.91675,-76.45838,1.0,7.3,0.984,27.67,8.95,97.4
2019-08-14T17:15:00Z,AOB,Arundel_on_the_Bay,38.91675,-76.45838,1.0,7.39,0.985,27.7,8.96,98.7
2019-08-14T17:30:00Z,AOB,Arundel_on_the_Bay,38.91675,-76.45838,1.0,7.5,0.99,27.73,8.96,100.2
2019-08-14T17:45:00Z,AOB,Arundel_on_the_Bay,38.91675,-76.45838,1.0,7.61,0.99,27.79,8.97,101.9
2019-08-14T18:00:00Z,AOB,Arundel_on_the_Bay,38.91675,-76.45838,1.0,7.54,0.994,27.89,8.98,101.0
2019-08-14T18:15:00Z,AOB,Arundel_on_the_Bay,38.91675,-76.45838,1.0,7.61,0.99,27.94,8.98,102.1
2019-08-14T18:30:00Z,AOB,Arundel_on_the_Bay,38.91675,-76.45838,1.0,7.11,0.994,28.08,8.97,95.6
2019-08-14T18:45:00Z,AOB,Arundel_on_the_Bay,38.91675,-76.45838,1.0,7.38,0.994,28.11,8.97,99.2
2019-08-14T19:00:00Z,AOB,Arundel_on_the_Bay,38.91675,-76.45838,1.0,7.81,0.998,28.06,8.97,104.9
2019-08-14T19:15:00Z,AOB,Arundel_on_the_Bay,38.91675,-76.45838,1.0,7.43,1.0,28.1,9.11,100.0
2019-08-14T19:30:00Z,AOB,Arundel_on_the_Bay,38.91675,-76.45838,1.0,6.36,0.992,28.06,9.27,85.6
2019-08-14T19:45:00Z,AOB,Arundel_on_the_Bay,38.91675,-76.45838,1.0,6.47,0.995,28.02,9.24,87.0
2019-08-14T20:00:00Z,AOB,Arundel_on_the_Bay,38.91675,-76.45838,1.0,6.36,0.995,28.02,9.25,85.5
2019-08-14T20:15:00Z,AOB,Arundel_on_the_Bay,38.91675,-76.45838,1.0,6.5,0.996,28.06,9.24,87.5
2019-08-14T20:30:00Z,AOB,Arundel_on_the_Bay,38.91675,-76.45838,1.0,6.85,0.994,28.2,9.23,92.5
2019-08-14T20:45:00Z,AOB,Arundel_on_the_Bay,38.91675,-76.45838,1.0,6.79,0.994,28.17,9.22,91.6
2019-08-14T21:00:00Z,AOB,Arundel_on_the_Bay,38.91675,-76.45838,1.0,6.76,0.991,28.14,9.22,91.1
2019-08-14T21:15:00Z,AOB,Arundel_on_the_Bay,38.91675,-76.45838,1.0,6.79,0.989,28.16,9.22,91.6
2019-08-14T21:30:00Z,AOB,Arundel_on_the_Bay,38.91675,-76.45838,1.0,6.97,0.995,28.2,9.21,94.0
2019-08-14T21:45:00Z,AOB,Arundel_on_the_Bay,38.91675,-76.45838,1.0,7.79,0.994,28.28,9.14,105.2
2019-08-14T22:00:00Z,AOB,Arundel_on_the_Bay,38.91675,-76.45838,1.0,8.39,0.99,28.34,9.08,113.4
2019-08-14T22:15:00Z,AOB,Arundel_on_the_Bay,38.91675,-76.45838,1.0,8.24,0.995,28.44,9.04,111.5
2019-08-14T22:30:00Z,AOB,Arundel_on_the_Bay,38.91675,-76.45838,1.0,8.42,0.998,28.37,9.01,113.8
2019-08-14T22:45:00Z,AOB,Arundel_on_the_Bay,38.91675,-76.45838,1.0,8.8,0.999,28.36,8.99,118.9
2019-08-14T23:00:00Z,AOB,Arundel_on_the_Bay,38.91675,-76.45838,1.0,9.04,1.0,28.39,9.01,122.2
2019-08-15T00:00:00Z,AOB,Arundel_on_the_Bay,38.91675,-76.45838,1.0,8.21,1.006,28.38,9.06,111.1
2019-08-15T00:15:00Z,AOB,Arundel_on_the_Bay,38.91675,-76.45838,1.0,8.32,1.006,28.31,9.08,112.3
2019-08-15T00:30:00Z,AOB,Arundel_on_the_Bay,38.91675,-76.45838,1.0,8.48,1.005,28.21,9.06,114.4
2019-08-15T00:45:00Z,AOB,Arundel_on_the_Bay,38.91675,-76.45838,1.0,8.39,1.012,28.18,9.03,113.1
2019-08-15T01:00:00Z,AOB,Arundel_on_the_Bay,38.91675,-76.45838,1.0,8.29,1.015,28.15,9.03,111.6
2019-08-15T01:15:00Z,AOB,Arundel_on_the_Bay,38.91675,-76.45838,1.0,8.21,1.018,28.14,9.03,110.5
2019-08-15T01:30:00Z,AOB,Arundel_on_the_Bay,38.91675,-76.45838,1.0,8.12,1.02,28.13,9.05,109.4
2019-08-15T01:45:00Z,AOB,Arundel_on_the_Bay,38.91675,-76.45838,1.0,8.23,1.021,28.15,9.0,110.8
2019-08-15T02:00:00Z,AOB,Arundel_on_the_Bay,38.91675,-76.45838,1.0,8.29,1.023,28.2,8.96,111.7
2019-08-15T02:15:00Z,AOB,Arundel_on_the_Bay,38.91675,-76.45838,1.0,8.27,1.024,28.19,8.91,111.3
2019-08-15T02:30:00Z,AOB,Arundel_on_the_Bay,38.91675,-76.45838,1.0,8.21,1.022,28.17,8.87,110.6
2019-08-15T02:45:00Z,AOB,Arundel_on_the_Bay,38.91675,-76.45838,1.0,8.14,1.021,28.12,8.84,109.4
2019-08-15T03:00:00Z,AOB,Arundel_on_the_Bay,38.91675,-76.45838,1.0,8.06,1.018,28.05,8.83,108.3
2019-08-15T03:15:00Z,AOB,Arundel_on_the_Bay,38.91675,-76.45838,1.0,8.1,1.014,27.97,8.83,108.6
2019-08-15T03:30:00Z,AOB,Arundel_on_the_Bay,38.91675,-76.45838,1.0,8.06,1.013,27.91,8.84,108.0
2019-08-15T03:45:00Z,AOB,Arundel_on_the_Bay,38.91675,-76.45838,1.0,7.92,1.019,27.87,8.86,106.0
2019-08-15T04:00:00Z,AOB,Arundel_on_the_Bay,38.91675,-76.45838,1.0,7.79,1.013,27.83,8.88,104.3
2019-08-15T04:15:00Z,AOB,Arundel_on_the_Bay,38.91675,-76.45838,1.0,7.68,1.015,27.81,8.89,102.8
2019-08-15T04:30:00Z,AOB,Arundel_on_the_Bay,38.91675,-76.45838,1.0,7.55,1.022,27.78,8.94,101.0
2019-08-15T04:45:00Z,AOB,Arundel_on_the_Bay,38.91675,-76.45838,1.0,7.16,1.027,27.7,8.94,95.7
2019-08-15T05:00:00Z,AOB,Arundel_on_the_Bay,38.91675,-76.45838,1.0,6.79,1.017,27.59,8.93,90.5
2019-08-15T05:15:00Z,AOB,Arundel_on_the_Bay,38.91675,-76.45838,1.0,6.73,1.027,27.54,8.93,89.7
2019-08-15T05:30:00Z,AOB,Arundel_on_the_Bay,38.91675,-76.45838,1.0,6.8,1.025,27.6,8.94,90.6
2019-08-15T05:45:00Z,AOB,Arundel_on_the_Bay,38.91675,-76.45838,1.0,6.72,1.03,27.71,9.09,89.8
2019-08-15T06:00:00Z,AOB,Arundel_on_the_Bay,38.91675,-76.45838,1.0,6.54,1.026,27.79,9.12,87.6
2019-08-15T06:15:00Z,AOB,Arundel_on_the_Bay,38.91675,-76.45838,1.0,6.51,1.027,27.78,9.11,87.1
2019-08-15T06:30:00Z,AOB,Arundel_on_the_Bay,38.91675,-76.45838,1.0,6.49,1.029,27.77,9.11,86.8
2019-08-15T06:45:00Z,AOB,Arundel_on_the_Bay,38.91675,-76.45838,1.0,6.56,1.031,27.78,9.08,87.8
2019-08-15T07:00:00Z,AOB,Arundel_on_the_Bay,38.91675,-76.45838,1.0,6.44,1.03,27.76,9.1,86.2
2019-08-15T07:15:00Z,AOB,Arundel_on_the_Bay,38.91675,-76.45838,1.0,6.5,1.03,27.6,9.03,86.7
2019-08-15T07:30:00Z,AOB,Arundel_on_the_Bay,38.91675,-76.45838,1.0,6.27,1.03,27.62,9.05,83.7
2019-08-15T07:45:00Z,AOB,Arundel_on_the_Bay,38.91675,-76.45838,1.0,6.2,1.02,27.67,9.09,82.8
2019-08-15T08:00:00Z,AOB,Arundel_on_the_Bay,38.91675,-76.45838,1.0,6.17,1.021,27.62,9.09,82.3
2019-08-15T08:15:00Z,AOB,Arundel_on_the_Bay,38.91675,-76.45838,1.0,6.15,1.018,27.59,9.08,82.0
2019-08-15T08:30:00Z,AOB,Arundel_on_the_Bay,38.91675,-76.45838,1.0,6.14,1.021,27.56,9.07,81.9
2019-08-15T08:45:00Z,AOB,Arundel_on_the_Bay,38.91675,-76.45838,1.0,6.24,1.023,27.52,9.07,83.1
2019-08-15T09:00:00Z,AOB,Arundel_on_the_Bay,38.91675,-76.45838,1.0,6.27,1.024,27.55,9.1,83.6
2019-08-15T09:15:00Z,AOB,Arundel_on_the_Bay,38.91675,-76.45838,1.0,6.26,1.02,27.51,9.07,83.4
2019-08-15T09:30:00Z,AOB,Arundel_on_the_Bay,38.91675,-76.45838,1.0,6.27,1.024,27.5,9.08,83.5
2019-08-15T09:45:00Z,AOB,Arundel_on_the_Bay,38.91675,-76.45838,1.0,6.28,1.024,27.42,9.05,83.5
2019-08-15T10:00:00Z,AOB,Arundel_on_the_Bay,38.91675,-76.45838,1.0,6.28,1.023,27.44,9.07,83.6
2019-08-15T10:15:00Z,AOB,Arundel_on_the_Bay,38.91675,-76.45838,1.0,6.32,1.027,27.34,9.02,83.9
2019-08-15T10:30:00Z,AOB,Arundel_on_the_Bay,38.91675,-76.45838,1.0,6.53,1.035,27.28,8.9,86.6
2019-08-15T10:45:00Z,AOB,Arundel_on_the_Bay,38.91675,-76.45838,1.0,6.43,1.029,27.36,8.84,85.3
2019-08-15T11:00:00Z,AOB,Arundel_on_the_Bay,38.91675,-76.45838,1.0,6.66,1.036,27.3,8.79,88.2
2019-08-15T11:15:00Z,AOB,Arundel_on_the_Bay,38.91675,-76.45838,1.0,6.81,1.034,27.21,8.79,90.1
2019-08-15T11:30:00Z,AOB,Arundel_on_the_Bay,38.91675,-76.45838,1.0,6.81,1.037,27.18,8.83,90.1
2019-08-15T11:45:00Z,AOB,Arundel_on_the_Bay,38.91675,-76.45838,1.0,6.83,1.037,27.19,8.88,90.4
2019-08-15T12:00:00Z,AOB,Arundel_on_the_Bay,38.91675,-76.45838,1.0,6.83,1.044,27.21,8.89,90.4
2019-08-15T12:15:00Z,AOB,Arundel_on_the_Bay,38.91675,-76.45838,1.0,6.89,1.045,27.23,8.87,91.2
2019-08-15T12:30:00Z,AOB,Arundel_on_the_Bay,38.91675,-76.45838,1.0,6.98,1.046,27.22,8.85,92.4
2019-08-15T12:45:00Z,AOB,Arundel_on_the_Bay,38.91675,-76.45838,1.0,7.05,1.048,27.2,8.8,93.3
2019-08-15T13:00:00Z,AOB,Arundel_on_the_Bay,38.91675,-76.45838,1.0,7.15,1.047,27.21,8.79,94.7
2019-08-15T13:15:00Z,AOB,Arundel_on_the_Bay,38.91675,-76.45838,1.0,7.23,1.05,27.21,8.76,95.7
2019-08-15T13:30:00Z,AOB,Arundel_on_the_Bay,38.91675,-76.45838,1.0,7.36,1.048,27.27,8.76,97.5
2019-08-15T13:45:00Z,AOB,Arundel_on_the_Bay,38.91675,-76.45838,1.0,7.49,1.051,27.32,8.75,99.2
2019-08-15T14:00:00Z,AOB,Arundel_on_the_Bay,38.91675,-76.45838,1.0,7.53,1.053,27.36,8.77,99.9
2019-08-15T14:15:00Z,AOB,Arundel_on_the_Bay,38.91675,-76.45838,1.0,7.65,1.053,27.45,8.79,101.6
2019-08-15T14:30:00Z,AOB,Arundel_on_the_Bay,38.91675,-76.45838,1.0,7.75,1.051,27.52,8.8,103.1
2019-08-15T14:45:00Z,AOB,Arundel_on_the_Bay,38.91675,-76.45838,1.0,7.78,1.057,27.56,8.81,103.6
2019-08-15T15:00:00Z,AOB,Arundel_on_the_Bay,38.91675,-76.45838,1.0,7.83,1.053,27.6,8.83,104.3
2019-08-15T15:15:00Z,AOB,Arundel_on_the_Bay,38.91675,-76.45838,1.0,9.55,1.05,27.75,8.75,127.5
2019-08-15T15:30:00Z,AOB,Arundel_on_the_Bay,38.91675,-76.45838,1.0,8.53,1.054,27.82,8.85,114.1
2019-08-15T15:45:00Z,AOB,Arundel_on_the_Bay,38.91675,-76.45838,1.0,9.49,1.051,27.84,8.76,126.9
2019-08-15T16:00:00Z,AOB,Arundel_on_the_Bay,38.91675,-76.45838,1.0,9.43,1.055,27.83,8.74,126.1
2019-08-15T16:15:00Z,AOB,Arundel_on_the_Bay,38.91675,-76.45838,1.0,9.98,1.051,27.94,8.74,133.6
2019-08-15T16:30:00Z,AOB,Arundel_on_the_Bay,38.91675,-76.45838,1.0,10.2,1.049,28.01,8.75,136.8
2019-08-15T16:45:00Z,AOB,Arundel_on_the_Bay,38.91675,-76.45838,1.0,10.87,1.05,28.1,8.72,146.0
2019-08-15T17:00:00Z,AOB,Arundel_on_the_Bay,38.91675,-76.45838,1.0,11.21,1.05,28.19,8.71,150.7
2019-08-15T17:15:00Z,AOB,Arundel_on_the_Bay,38.91675,-76.45838,1.0,11.28,1.043,28.24,8.71,151.9
2019-08-15T17:30:00Z,AOB,Arundel_on_the_Bay,38.91675,-76.45838,1.0,11.4,1.047,28.31,8.69,153.7
2019-08-15T17:45:00Z,AOB,Arundel_on_the_Bay,38.91675,-76.45838,1.0,11.54,1.043,28.29,8.71,155.5
2019-08-15T18:00:00Z,AOB,Arundel_on_the_Bay,38.91675,-76.45838,1.0,12.01,1.038,28.36,8.72,162.0
2019-08-15T18:15:00Z,AOB,Arundel_on_the_Bay,38.91675,-76.45838,1.0,11.8,1.04,28.38,8.68,159.3
2019-08-15T18:30:00Z,AOB,Arundel_on_the_Bay,38.91675,-76.45838,1.0,11.2,1.049,28.38,8.74,151.2
2019-08-15T18:45:00Z,AOB,Arundel_on_the_Bay,38.91675,-76.45838,1.0,8.04,1.043,28.09,9.06,108.2
2019-08-15T19:00:00Z,AOB,Arundel_on_the_Bay,38.91675,-76.45838,1.0,7.93,1.044,28.06,9.06,106.7
2019-08-15T19:15:00Z,AOB,Arundel_on_the_Bay,38.91675,-76.45838,1.0,9.63,1.04,28.49,8.96,130.3
2019-08-15T19:30:00Z,AOB,Arundel_on_the_Bay,38.91675,-76.45838,1.0,8.8,1.039,28.26,8.98,118.6
2019-08-15T19:45:00Z,AOB,Arundel_on_the_Bay,38.91675,-76.45838,1.0,9.52,1.04,28.42,8.96,128.7
2019-08-15T20:00:00Z,AOB,Arundel_on_the_Bay,38.91675,-76.45838,1.0,11.36,1.04,28.76,8.83,154.4
2019-08-15T20:15:00Z,AOB,Arundel_on_the_Bay,38.91675,-76.45838,1.0,9.73,1.037,28.58,8.96,132.0
2019-08-15T20:30:00Z,AOB,Arundel_on_the_Bay,38.91675,-76.45838,1.0,9.46,1.031,28.53,8.95,128.2
2019-08-15T20:45:00Z,AOB,Arundel_on_the_Bay,38.91675,-76.45838,1.0,8.63,1.031,28.44,8.99,116.7
2019-08-15T21:00:00Z,AOB,Arundel_on_the_Bay,38.91675,-76.45838,1.0,8.62,1.039,28.45,9.15,116.7
2019-08-15T21:15:00Z,AOB,Arundel_on_the_Bay,38.91675,-76.45838,1.0,8.53,1.036,28.38,9.04,115.3
2019-08-15T21:30:00Z,AOB,Arundel_on_the_Bay,38.91675,-76.45838,1.0,9.23,1.033,28.54,8.99,125.1
2019-08-15T21:45:00Z,AOB,Arundel_on_the_Bay,38.91675,-76.45838,1.0,9.54,1.037,28.66,8.97,129.6
2019-08-15T22:00:00Z,AOB,Arundel_on_the_Bay,38.91675,-76.45838,1.0,9.94,1.035,28.68,8.95,135.0
2019-08-15T22:15:00Z,AOB,Arundel_on_the_Bay,38.91675,-76.45838,1.0,9.83,1.036,28.51,8.98,133.2
2019-08-15T22:30:00Z,AOB,Arundel_on_the_Bay,38.91675,-76.45838,1.0,9.33,1.042,28.4,8.98,126.2
2019-08-15T22:45:00Z,AOB,Arundel_on_the_Bay,38.91675,-76.45838,1.0,9.44,1.033,28.41,8.97,127.7
2019-08-15T23:00:00Z,AOB,Arundel_on_the_Bay,38.91675,-76.45838,1.0,10.86,1.033,28.68,8.92,147.5
2019-08-16T00:00:00Z,AOB,Arundel_on_the_Bay,38.91675,-76.45838,1.0,12.68,1.027,28.77,8.72,172.3
2019-08-16T00:15:00Z,AOB,Arundel_on_the_Bay,38.91675,-76.45838,1.0,12.18,1.027,28.58,8.72,165.0
2019-08-16T00:30:00Z,AOB,Arundel_on_the_Bay,38.91675,-76.45838,1.0,11.66,1.026,28.46,8.73,157.6
2019-08-16T00:45:00Z,AOB,Arundel_on_the_Bay,38.91675,-76.45838,1.0,12.58,1.032,28.64,8.69,170.6
2019-08-16T01:00:00Z,AOB,Arundel_on_the_Bay,38.91675,-76.45838,1.0,12.89,1.028,28.69,8.69,174.9
2019-08-16T01:15:00Z,AOB,Arundel_on_the_Bay,38.91675,-76.45838,1.0,12.64,1.037,28.61,8.66,171.2
2019-08-16T01:30:00Z,AOB,Arundel_on_the_Bay,38.91675,-76.45838,1.0,12.16,1.028,28.5,8.62,164.4
2019-08-16T01:45:00Z,AOB,Arundel_on_the_Bay,38.91675,-76.45838,1.0,11.33,1.036,28.34,8.59,152.7
2019-08-16T02:00:00Z,AOB,Arundel_on_the_Bay,38.91675,-76.45838,1.0,10.69,1.03,28.22,8.58,143.8
2019-08-16T02:15:00Z,AOB,Arundel_on_the_Bay,38.91675,-76.45838,1.0,10.38,1.043,28.18,8.57,139.5
2019-08-16T02:30:00Z,AOB,Arundel_on_the_Bay,38.91675,-76.45838,1.0,10.04,1.043,28.11,8.56,134.7
2019-08-16T02:45:00Z,AOB,Arundel_on_the_Bay,38.91675,-76.45838,1.0,9.71,1.052,28.06,8.55,130.2
2019-08-16T03:00:00Z,AOB,Arundel_on_the_Bay,38.91675,-76.45838,1.0,9.5,1.05,28.03,8.54,127.3
2019-08-16T03:15:00Z,AOB,Arundel_on_the_Bay,38.91675,-76.45838,1.0,9.31,1.058,28.0,8.53,124.8
2019-08-16T03:30:00Z,AOB,Arundel_on_the_Bay,38.91675,-76.45838,1.0,9.18,1.06,27.98,8.53,122.9
2019-08-16T03:45:00Z,AOB,Arundel_on_the_Bay,38.91675,-76.45838,1.0,9.04,1.054,27.97,8.52,121.0
2019-08-16T04:00:00Z,AOB,Arundel_on_the_Bay,38.91675,-76.45838,1.0,8.95,1.053,27.97,8.52,119.9
2019-08-16T04:15:00Z,AOB,Arundel_on_the_Bay,38.91675,-76.45838,1.0,8.85,1.055,27.96,8.51,118.5
2019-08-16T04:30:00Z,AOB,Arundel_on_the_Bay,38.91675,-76.45838,1.0,8.61,1.052,27.94,8.51,115.2
2019-08-16T04:45:00Z,AOB,Arundel_on_the_Bay,38.91675,-76.45838,1.0,8.49,1.047,27.91,8.51,113.5
2019-08-16T05:00:00Z,AOB,Arundel_on_the_Bay,38.91675,-76.45838,1.0,8.47,1.045,27.88,8.52,113.2
2019-08-16T05:15:00Z,AOB,Arundel_on_the_Bay,38.91675,-76.45838,1.0,8.24,1.048,27.83,8.62,110.0
2019-08-16T05:30:00Z,AOB,Arundel_on_the_Bay,38.91675,-76.45838,1.0,8.27,1.048,27.75,8.65,110.4
2019-08-16T05:45:00Z,AOB,Arundel_on_the_Bay,38.91675,-76.45838,1.0,7.97,1.05,27.71,8.71,106.3
2019-08-16T06:00:00Z,AOB,Arundel_on_the_Bay,38.91675,-76.45838,1.0,7.87,1.05,27.72,8.75,105.0
2019-08-16T06:15:00Z,AOB,Arundel_on_the_Bay,38.91675,-76.45838,1.0,8.01,1.052,27.79,8.86,107.1
2019-08-16T06:30:00Z,AOB,Arundel_on_the_Bay,38.91675,-76.45838,1.0,7.96,1.046,27.8,8.88,106.5
2019-08-16T06:45:00Z,AOB,Arundel_on_the_Bay,38.91675,-76.45838,1.0,7.77,1.05,27.75,8.91,103.8
2019-08-16T07:00:00Z,AOB,Arundel_on_the_Bay,38.91675,-76.45838,1.0,7.81,1.047,27.79,8.9,104.4
2019-08-16T07:15:00Z,AOB,Arundel_on_the_Bay,38.91675,-76.45838,1.0,7.54,1.042,27.71,8.91,100.7
2019-08-16T07:30:00Z,AOB,Arundel_on_the_Bay,38.91675,-76.45838,1.0,7.52,1.044,27.77,8.89,100.5
2019-08-16T07:45:00Z,AOB,Arundel_on_the_Bay,38.91675,-76.45838,1.0,7.37,1.043,27.69,8.9,98.3
2019-08-16T08:00:00Z,AOB,Arundel_on_the_Bay,38.91675,-76.45838,1.0,7.23,1.039,27.61,8.88,96.4
2019-08-16T08:15:00Z,AOB,Arundel_on_the_Bay,38.91675,-76.45838,1.0,7.05,1.045,27.5,8.87,93.8
2019-08-16T08:30:00Z,AOB,Arundel_on_the_Bay,38.91675,-76.45838,1.0,6.97,1.045,27.6,8.94,93.0
2019-08-16T08:45:00Z,AOB,Arundel_on_the_Bay,38.91675,-76.45838,1.0,6.98,1.044,27.62,8.95,93.1
2019-08-16T09:00:00Z,AOB,Arundel_on_the_Bay,38.91675,-76.45838,1.0,6.61,1.045,27.53,8.86,88.0
2019-08-16T09:15:00Z,AOB,Arundel_on_the_Bay,38.91675,-76.45838,1.0,6.81,1.053,27.57,8.87,90.7
2019-08-16T09:30:00Z,AOB,Arundel_on_the_Bay,38.91675,-76.45838,1.0,6.82,1.049,27.56,8.87,90.8
2019-08-16T09:45:00Z,AOB,Arundel_on_the_Bay,38.91675,-76.45838,1.0,6.85,1.052,27.57,8.89,91.3
2019-08-16T10:00:00Z,AOB,Arundel_on_the_Bay,38.91675,-76.45838,1.0,6.57,1.052,27.47,8.88,87.3
2019-08-16T10:15:00Z,AOB,Arundel_on_the_Bay,38.91675,-76.45838,1.0,6.52,1.05,27.46,8.92,86.8
2019-08-16T10:30:00Z,AOB,Arundel_on_the_Bay,38.91675,-76.45838,1.0,6.49,1.054,27.47,8.82,86.3
2019-08-16T10:45:00Z,AOB,Arundel_on_the_Bay,38.91675,-76.45838,1.0,6.54,1.055,27.47,8.77,86.9
2019-08-16T11:00:00Z,AOB,Arundel_on_the_Bay,38.91675,-76.45838,1.0,6.66,1.053,27.45,8.71,88.4
2019-08-16T11:15:00Z,AOB,Arundel_on_the_Bay,38.91675,-76.45838,1.0,6.74,1.047,27.45,8.68,89.5
2019-08-16T11:30:00Z,AOB,Arundel_on_the_Bay,38.91675,-76.45838,1.0,6.8,1.053,27.43,8.61,90.2
2019-08-16T11:45:00Z,AOB,Arundel_on_the_Bay,38.91675,-76.45838,1.0,6.75,1.049,27.38,8.56,89.4
2019-08-16T12:00:00Z,AOB,Arundel_on_the_Bay,38.91675,-76.45838,1.0,6.79,1.053,27.37,8.56,89.9
2019-08-16T12:15:00Z,AOB,Arundel_on_the_Bay,38.91675,-76.45838,1.0,7.18,1.053,27.36,8.58,95.1
2019-08-16T12:30:00Z,AOB,Arundel_on_the_Bay,38.91675,-76.45838,1.0,7.35,1.052,27.33,8.61,97.4
2019-08-16T12:45:00Z,AOB,Arundel_on_the_Bay,38.91675,-76.45838,1.0,7.38,1.052,27.31,8.63,97.8
2019-08-16T13:00:00Z,AOB,Arundel_on_the_Bay,38.91675,-76.45838,1.0,7.91,1.052,27.31,8.73,104.8
2019-08-16T13:15:00Z,AOB,Arundel_on_the_Bay,38.91675,-76.45838,1.0,7.97,1.056,27.34,8.7,105.6
2019-08-16T13:30:00Z,AOB,Arundel_on_the_Bay,38.91675,-76.45838,1.0,8.1,1.057,27.38,8.67,107.4
2019-08-16T13:45:00Z,AOB,Arundel_on_the_Bay,38.91675,-76.45838,1.0,8.17,1.057,27.41,8.65,108.4
2019-08-16T14:00:00Z,AOB,Arundel_on_the_Bay,38.91675,-76.45838,1.0,8.52,1.061,27.47,8.67,113.1
2019-08-16T14:15:00Z,AOB,Arundel_on_the_Bay,38.91675,-76.45838,1.0,8.5,1.064,27.51,8.65,112.9
2019-08-16T14:30:00Z,AOB,Arundel_on_the_Bay,38.91675,-76.45838,1.0,8.7,1.055,27.56,8.65,115.8
2019-08-16T14:45:00Z,AOB,Arundel_on_the_Bay,38.91675,-76.45838,1.0,8.83,1.06,27.6,8.68,117.5
2019-08-16T15:00:00Z,AOB,Arundel_on_the_Bay,38.91675,-76.45838,1.0,9.0,1.059,27.66,8.7,120.0
2019-08-16T15:15:00Z,AOB,Arundel_on_the_Bay,38.91675,-76.45838,1.0,8.98,1.065,27.7,8.71,119.8
2019-08-16T15:30:00Z,AOB,Arundel_on_the_Bay,38.91675,-76.45838,1.0,9.43,1.062,27.79,8.71,126.0
2019-08-16T15:45:00Z,AOB,Arundel_on_the_Bay,38.91675,-76.45838,1.0,8.99,1.068,27.79,8.71,120.2
2019-08-16T16:00:00Z,AOB,Arundel_on_the_Bay,38.91675,-76.45838,1.0,10.21,1.064,27.94,8.66,136.7
2019-08-16T16:15:00Z,AOB,Arundel_on_the_Bay,38.91675,-76.45838,1.0,9.94,1.065,28.2,8.72,133.8
2019-08-16T16:30:00Z,AOB,Arundel_on_the_Bay,38.91675,-76.45838,1.0,11.1,1.059,28.47,8.69,150.1
2019-08-16T16:45:00Z,AOB,Arundel_on_the_Bay,38.91675,-76.45838,1.0,11.54,1.06,28.52,8.69,156.1
2019-08-16T17:00:00Z,AOB,Arundel_on_the_Bay,38.91675,-76.45838,1.0,11.85,1.057,28.57,8.68,160.5
2019-08-16T17:15:00Z,AOB,Arundel_on_the_Bay,38.91675,-76.45838,1.0,11.5,1.055,28.71,8.67,156.1
2019-08-16T17:30:00Z,AOB,Arundel_on_the_Bay,38.91675,-76.45838,1.0,12.17,1.061,28.71,8.67,165.2
2019-08-16T17:45:00Z,AOB,Arundel_on_the_Bay,38.91675,-76.45838,1.0,11.57,1.062,28.64,8.67,156.8
2019-08-16T18:00:00Z,AOB,Arundel_on_the_Bay,38.91675,-76.45838,1.0,11.44,1.06,28.71,8.67,155.3
2019-08-16T18:15:00Z,AOB,Arundel_on_the_Bay,38.91675,-76.45838,1.0,11.6,1.057,28.73,8.68,157.4
2019-08-16T18:30:00Z,AOB,Arundel_on_the_Bay,38.91675,-76.45838,1.0,11.1,1.061,28.52,8.69,150.2
2019-08-16T18:45:00Z,AOB,Arundel_on_the_Bay,38.91675,-76.45838,1.0,11.29,1.058,28.9,8.74,153.7
2019-08-16T19:00:00Z,AOB,Arundel_on_the_Bay,38.91675,-76.45838,1.0,10.48,1.054,29.23,8.83,143.6
2019-08-16T19:15:00Z,AOB,Arundel_on_the_Bay,38.91675,-76.45838,1.0,10.58,1.055,28.99,8.87,144.4
2019-08-16T19:30:00Z,AOB,Arundel_on_the_Bay,38.91675,-76.45838,1.0,9.69,1.051,28.41,8.88,131.0
2019-08-16T19:45:00Z,AOB,Arundel_on_the_Bay,38.91675,-76.45838,1.0,10.29,1.045,28.75,8.88,139.8
2019-08-16T20:00:00Z,AOB,Arundel_on_the_Bay,38.91675,-76.45838,1.0,9.68,1.047,28.52,8.88,131.1
2019-08-16T20:15:00Z,AOB,Arundel_on_the_Bay,38.91675,-76.45838,1.0,10.8,1.048,29.0,8.88,147.4
2019-08-16T20:30:00Z,AOB,Arundel_on_the_Bay,38.91675,-76.45838,1.0,10.14,1.046,28.66,8.88,137.7
2019-08-16T20:45:00Z,AOB,Arundel_on_the_Bay,38.91675,-76.45838,1.0,10.71,1.046,29.0,8.96,146.2
2019-08-16T21:00:00Z,AOB,Arundel_on_the_Bay,38.91675,-76.45838,1.0,10.45,1.043,28.97,9.0,142.7
2019-08-16T21:15:00Z,AOB,Arundel_on_the_Bay,38.91675,-76.45838,1.0,10.31,1.044,29.03,9.06,141.0
2019-08-16T21:30:00Z,AOB,Arundel_on_the_Bay,38.91675,-76.45838,1.0,10.15,1.048,29.0,9.07,138.8
2019-08-16T21:45:00Z,AOB,Arundel_on_the_Bay,38.91675,-76.45838,1.0,9.9,1.045,28.99,9.08,135.3
2019-08-16T22:00:00Z,AOB,Arundel_on_the_Bay,38.91675,-76.45838,1.0,10.06,1.043,29.01,9.04,137.5
2019-08-16T22:15:00Z,AOB,Arundel_on_the_Bay,38.91675,-76.45838,1.0,9.83,1.045,28.67,8.93,133.5
2019-08-16T22:30:00Z,AOB,Arundel_on_the_Bay,38.91675,-76.45838,1.0,9.81,1.042,28.51,8.89,132.8
2019-08-16T22:45:00Z,AOB,Arundel_on_the_Bay,38.91675,-76.45838,1.0,9.83,1.043,28.5,8.89,133.0
2019-08-16T23:00:00Z,AOB,Arundel_on_the_Bay,38.91675,-76.45838,1.0,9.87,1.035,28.57,8.88,133.8
2019-08-17T00:00:00Z,AOB,Arundel_on_the_Bay,38.91675,-76.45838,1.0,11.81,1.041,28.61,8.74,160.1
2019-08-17T00:15:00Z,AOB,Arundel_on_the_Bay,38.91675,-76.45838,1.0,11.95,1.043,28.59,8.73,162.0
2019-08-17T00:30:00Z,AOB,Arundel_on_the_Bay,38.91675,-76.45838,1.0,12.39,1.039,28.57,8.69,167.7
2019-08-17T00:45:00Z,AOB,Arundel_on_the_Bay,38.91675,-76.45838,1.0,11.08,1.041,28.36,8.7,149.5
2019-08-17T01:00:00Z,AOB,Arundel_on_the_Bay,38.91675,-76.45838,1.0,10.96,1.044,28.37,8.7,147.9
2019-08-17T01:15:00Z,AOB,Arundel_on_the_Bay,38.91675,-76.45838,1.0,11.35,1.045,28.46,8.69,153.4
2019-08-17T01:30:00Z,AOB,Arundel_on_the_Bay,38.91675,-76.45838,1.0,10.54,1.045,28.37,8.71,142.3
2019-08-17T01:45:00Z,AOB,Arundel_on_the_Bay,38.91675,-76.45838,1.0,9.97,1.047,28.28,8.73,134.3
2019-08-17T02:00:00Z,AOB,Arundel_on_the_Bay,38.91675,-76.45838,1.0,9.58,1.05,28.22,8.75,129.0
2019-08-17T02:15:00Z,AOB,Arundel_on_the_Bay,38.91675,-76.45838,1.0,8.82,1.048,28.17,8.81,118.6
2019-08-17T02:30:00Z,AOB,Arundel_on_the_Bay,38.91675,-76.45838,1.0,8.55,1.05,28.2,8.87,115.1
2019-08-17T02:45:00Z,AOB,Arundel_on_the_Bay,38.91675,-76.45838,1.0,8.38,1.049,28.17,8.89,112.8
2019-08-17T03:00:00Z,AOB,Arundel_on_the_Bay,38.91675,-76.45838,1.0,8.32,1.049,28.14,8.88,112.0
2019-08-17T03:15:00Z,AOB,Arundel_on_the_Bay,38.91675,-76.45838,1.0,8.91,1.05,28.15,8.78,119.8
2019-08-17T03:30:00Z,AOB,Arundel_on_the_Bay,38.91675,-76.45838,1.0,8.98,1.046,28.27,8.82,121.1
2019-08-17T03:45:00Z,AOB,Arundel_on_the_Bay,38.91675,-76.45838,1.0,8.47,1.046,28.16,8.87,114.0
2019-08-17T04:00:00Z,AOB,Arundel_on_the_Bay,38.91675,-76.45838,1.0,7.89,1.05,27.98,8.89,105.9
2019-08-17T04:15:00Z,AOB,Arundel_on_the_Bay,38.91675,-76.45838,1.0,7.66,1.051,27.91,8.89,102.7
2019-08-17T04:30:00Z,AOB,Arundel_on_the_Bay,38.91675,-76.45838,1.0,7.58,1.048,27.85,8.89,101.5
2019-08-17T04:45:00Z,AOB,Arundel_on_the_Bay,38.91675,-76.45838,1.0,7.64,1.052,27.76,8.78,102.0
2019-08-17T05:00:00Z,AOB,Arundel_on_the_Bay,38.91675,-76.45838,1.0,7.45,1.055,27.66,8.76,99.4
2019-08-17T05:15:00Z,AOB,Arundel_on_the_Bay,38.91675,-76.45838,1.0,7.41,1.037,27.69,8.78,98.9
2019-08-17T05:30:00Z,AOB,Arundel_on_the_Bay,38.91675,-76.45838,1.0,7.51,1.045,27.63,8.78,100.0
2019-08-17T05:45:00Z,AOB,Arundel_on_the_Bay,38.91675,-76.45838,1.0,7.56,1.049,27.61,8.77,100.7
2019-08-17T06:00:00Z,AOB,Arundel_on_the_Bay,38.91675,-76.45838,1.0,7.63,1.054,27.77,8.68,101.9
2019-08-17T06:15:00Z,AOB,Arundel_on_the_Bay,38.91675,-76.45838,1.0,8.0,1.053,27.86,8.7,107.0
2019-08-17T06:30:00Z,AOB,Arundel_on_the_Bay,38.91675,-76.45838,1.0,7.94,1.047,27.93,8.71,106.4
2019-08-17T06:45:00Z,AOB,Arundel_on_the_Bay,38.91675,-76.45838,1.0,8.05,1.051,28.01,8.75,107.9
2019-08-17T07:00:00Z,AOB,Arundel_on_the_Bay,38.91675,-76.45838,1.0,8.0,1.048,28.11,8.76,107.4
2019-08-17T07:15:00Z,AOB,Arundel_on_the_Bay,38.91675,-76.45838,1.0,7.94,1.045,28.14,8.77,106.7
2019-08-17T07:30:00Z,AOB,Arundel_on_the_Bay,38.91675,-76.45838,1.0,7.89,1.051,28.14,8.76,106.1
2019-08-17T07:45:00Z,AOB,Arundel_on_the_Bay,38.91675,-76.45838,1.0,7.67,1.05,28.14,8.76,103.0
2019-08-17T08:00:00Z,AOB,Arundel_on_the_Bay,38.91675,-76.45838,1.0,7.59,1.052,28.09,8.76,102.0
2019-08-17T08:15:00Z,AOB,Arundel_on_the_Bay,38.91675,-76.45838,1.0,7.53,1.052,27.89,8.73,100.8
2019-08-17T08:30:00Z,AOB,Arundel_on_the_Bay,38.91675,-76.45838,1.0,7.53,1.052,27.86,8.74,100.7
2019-08-17T08:45:00Z,AOB,Arundel_on_the_Bay,38.91675,-76.45838,1.0,7.45,1.051,27.78,8.73,99.5
2019-08-17T09:00:00Z,AOB,Arundel_on_the_Bay,38.91675,-76.45838,1.0,7.21,1.049,27.78,8.74,96.3
2019-08-17T09:15:00Z,AOB,Arundel_on_the_Bay,38.91675,-76.45838,1.0,6.98,1.05,27.75,8.77,93.1
2019-08-17T09:30:00Z,AOB,Arundel_on_the_Bay,38.91675,-76.45838,1.0,7.0,1.05,27.97,8.93,93.9
2019-08-17T09:45:00Z,AOB,Arundel_on_the_Bay,38.91675,-76.45838,1.0,6.98,1.051,28.01,8.99,93.8
2019-08-17T10:00:00Z,AOB,Arundel_on_the_Bay,38.91675,-76.45838,1.0,6.61,1.05,27.84,8.76,88.3
2019-08-17T10:15:00Z,AOB,Arundel_on_the_Bay,38.91675,-76.45838,1.0,6.89,1.05,27.93,8.83,92.3
2019-08-17T10:30:00Z,AOB,Arundel_on_the_Bay,38.91675,-76.45838,1.0,7.0,1.048,27.84,8.75,93.6
2019-08-17T10:45:00Z,AOB,Arundel_on_the_Bay,38.91675,-76.45838,1.0,7.01,1.051,27.85,8.75,93.7
2019-08-17T11:00:00Z,AOB,Arundel_on_the_Bay,38.91675,-76.45838,1.0,7.03,1.05,27.76,8.74,93.8
2019-08-17T11:15:00Z,AOB,Arundel_on_the_Bay,38.91675,-76.45838,1.0,7.04,1.048,27.7,8.74,94.0
2019-08-17T11:30:00Z,AOB,Arundel_on_the_Bay,38.91675,-76.45838,1.0,7.11,1.051,27.68,8.74,94.9
2019-08-17T11:45:00Z,AOB,Arundel_on_the_Bay,38.91675,-76.45838,1.0,7.1,1.047,27.72,8.74,94.8
2019-08-17T12:00:00Z,AOB,Arundel_on_the_Bay,38.91675,-76.45838,1.0,6.54,1.051,27.54,8.67,87.0
2019-08-17T12:15:00Z,AOB,Arundel_on_the_Bay,38.91675,-76.45838,1.0,6.21,1.056,27.45,8.62,82.4
2019-08-17T12:30:00Z,AOB,Arundel_on_the_Bay,38.91675,-76.45838,1.0,6.3,1.055,27.42,8.61,83.5
2019-08-17T12:45:00Z,AOB,Arundel_on_the_Bay,38.91675,-76.45838,1.0,6.43,1.053,27.37,8.64,85.2
2019-08-17T13:00:00Z,AOB,Arundel_on_the_Bay,38.91675,-76.45838,1.0,6.79,1.055,27.35,8.67,90.0
2019-08-17T13:15:00Z,AOB,Arundel_on_the_Bay,38.91675,-76.45838,1.0,6.68,1.056,27.35,8.66,88.6
2019-08-17T13:30:00Z,AOB,Arundel_on_the_Bay,38.91675,-76.45838,1.0,7.1,1.054,27.39,8.71,94.2
2019-08-17T13:45:00Z,AOB,Arundel_on_the_Bay,38.91675,-76.45838,1.0,7.34,1.058,27.41,8.72,97.4
2019-08-17T14:00:00Z,AOB,Arundel_on_the_Bay,38.91675,-76.45838,1.0,7.21,1.054,27.41,8.71,95.6
2019-08-17T14:15:00Z,AOB,Arundel_on_the_Bay,38.91675,-76.45838,1.0,7.47,1.055,27.47,8.73,99.2
2019-08-17T14:30:00Z,AOB,Arundel_on_the_Bay,38.91675,-76.45838,1.0,7.74,1.06,27.55,8.74,103.0
2019-08-17T14:45:00Z,AOB,Arundel_on_the_Bay,38.91675,-76.45838,1.0,7.83,1.059,27.63,8.74,104.3
2019-08-17T15:00:00Z,AOB,Arundel_on_the_Bay,38.91675,-76.45838,1.0,7.82,1.061,27.69,8.75,104.4
2019-08-17T15:15:00Z,AOB,Arundel_on_the_Bay,38.91675,-76.45838,1.0,7.79,1.064,27.77,8.76,104.1
2019-08-17T15:30:00Z,AOB,Arundel_on_the_Bay,38.91675,-76.45838,1.0,7.86,1.062,27.85,8.77,105.1
2019-08-17T15:45:00Z,AOB,Arundel_on_the_Bay,38.91675,-76.45838,1.0,8.06,1.061,27.93,8.79,108.0
2019-08-17T16:00:00Z,AOB,Arundel_on_the_Bay,38.91675,-76.45838,1.0,8.4,1.061,28.24,8.78,113.2
2019-08-17T16:15:00Z,AOB,Arundel_on_the_Bay,38.91675,-76.45838,1.0,9.99,1.064,28.45,8.79,135.1
2019-08-17T16:30:00Z,AOB,Arundel_on_the_Bay,38.91675,-76.45838,1.0,10.16,1.059,28.44,8.79,137.3
2019-08-17T16:45:00Z,AOB,Arundel_on_the_Bay,38.91675,-76.45838,1.0,10.43,1.052,28.74,8.84,141.7
2019-08-17T17:00:00Z,AOB,Arundel_on_the_Bay,38.91675,-76.45838,1.0,9.99,1.058,28.95,8.86,136.3
2019-08-17T17:15:00Z,AOB,Arundel_on_the_Bay,38.91675,-76.45838,1.0,9.76,1.058,28.88,8.84,132.9
2019-08-17T17:30:00Z,AOB,Arundel_on_the_Bay,38.91675,-76.45838,1.0,10.01,1.051,28.86,8.84,136.4
2019-08-17T17:45:00Z,AOB,Arundel_on_the_Bay,38.91675,-76.45838,1.0,10.12,1.053,29.15,8.84,138.5
2019-08-17T18:00:00Z,AOB,Arundel_on_the_Bay,38.91675,-76.45838,1.0,10.06,1.055,28.83,8.83,136.9
2019-08-17T18:15:00Z,AOB,Arundel_on_the_Bay,38.91675,-76.45838,1.0,10.52,1.045,29.39,8.86,144.6
2019-08-17T18:30:00Z,AOB,Arundel_on_the_Bay,38.91675,-76.45838,1.0,9.92,1.051,29.06,8.88,135.6
2019-08-17T18:45:00Z,AOB,Arundel_on_the_Bay,38.91675,-76.45838,1.0,10.04,1.043,29.14,8.89,137.4
2019-08-17T19:00:00Z,AOB,Arundel_on_the_Bay,38.91675,-76.45838,1.0,9.35,1.043,29.13,8.86,127.9
2019-08-17T19:15:00Z,AOB,Arundel_on_the_Bay,38.91675,-76.45838,1.0,9.5,1.041,29.24,8.85,130.3
2019-08-17T19:30:00Z,AOB,Arundel_on_the_Bay,38.91675,-76.45838,1.0,8.96,1.044,29.13,8.87,122.6
2019-08-17T19:45:00Z,AOB,Arundel_on_the_Bay,38.91675,-76.45838,1.0,8.77,1.043,29.02,8.86,119.8
2019-08-17T20:00:00Z,AOB,Arundel_on_the_Bay,38.91675,-76.45838,1.0,9.21,1.046,28.99,8.88,125.7
2019-08-17T20:15:00Z,AOB,Arundel_on_the_Bay,38.91675,-76.45838,1.0,8.75,1.044,28.89,8.87,119.3
2019-08-17T20:30:00Z,AOB,Arundel_on_the_Bay,38.91675,-76.45838,1.0,9.49,1.043,29.11,8.93,129.8
2019-08-17T20:45:00Z,AOB,Arundel_on_the_Bay,38.91675,-76.45838,1.0,9.5,1.043,29.22,8.92,130.2
2019-08-17T21:00:00Z,AOB,Arundel_on_the_Bay,38.91675,-76.45838,1.0,9.56,1.037,29.4,9.01,131.6
2019-08-17T21:15:00Z,AOB,Arundel_on_the_Bay,38.91675,-76.45838,1.0,9.71,1.035,29.55,9.03,133.9
2019-08-17T21:30:00Z,AOB,Arundel_on_the_Bay,38.91675,-76.45838,1.0,9.52,1.039,29.5,9.04,131.3
2019-08-17T21:45:00Z,AOB,Arundel_on_the_Bay,38.91675,-76.45838,1.0,9.29,1.04,29.49,9.03,128.0
2019-08-17T22:00:00Z,AOB,Arundel_on_the_Bay,38.91675,-76.45838,1.0,9.14,1.037,29.49,9.02,125.9
2019-08-17T22:15:00Z,AOB,Arundel_on_the_Bay,38.91675,-76.45838,1.0,9.25,1.034,29.5,9.01,127.5
2019-08-17T22:30:00Z,AOB,Arundel_on_the_Bay,38.91675,-76.45838,1.0,9.22,1.034,29.45,9.0,127.0
2019-08-17T22:45:00Z,AOB,Arundel_on_the_Bay,38.91675,-76.45838,1.0,8.97,1.033,29.11,8.9,122.7
2019-08-17T23:00:00Z,AOB,Arundel_on_the_Bay,38.91675,-76.45838,1.0,9.12,1.035,29.09,8.91,124.8
2019-08-18T00:00:00Z,AOB,Arundel_on_the_Bay,38.91675,-76.45838,1.0,9.58,1.044,29.11,8.92,131.1
2019-08-18T00:15:00Z,AOB,Arundel_on_the_Bay,38.91675,-76.45838,1.0,9.66,1.039,29.11,8.9,132.1
2019-08-18T00:30:00Z,AOB,Arundel_on_the_Bay,38.91675,-76.45838,1.0,9.8,1.04,29.13,8.87,134.1
2019-08-18T00:45:00Z,AOB,Arundel_on_the_Bay,38.91675,-76.45838,1.0,9.6,1.035,29.14,8.89,131.4
2019-08-18T01:00:00Z,AOB,Arundel_on_the_Bay,38.91675,-76.45838,1.0,9.82,1.032,29.17,8.89,134.5
2019-08-18T01:15:00Z,AOB,Arundel_on_the_Bay,38.91675,-76.45838,1.0,9.87,1.039,29.15,8.89,135.2
2019-08-18T01:30:00Z,AOB,Arundel_on_the_Bay,38.91675,-76.45838,1.0,9.96,1.039,29.12,8.9,136.3
2019-08-18T01:45:00Z,AOB,Arundel_on_the_Bay,38.91675,-76.45838,1.0,10.19,1.049,29.07,8.93,139.4
2019-08-18T02:00:00Z,AOB,Arundel_on_the_Bay,38.91675,-76.45838,1.0,10.21,1.045,29.04,8.93,139.6
2019-08-18T02:15:00Z,AOB,Arundel_on_the_Bay,38.91675,-76.45838,1.0,10.04,1.049,28.9,8.96,137.0
2019-08-18T02:30:00Z,AOB,Arundel_on_the_Bay,38.91675,-76.45838,1.0,9.68,1.046,28.81,8.97,131.8
2019-08-18T02:45:00Z,AOB,Arundel_on_the_Bay,38.91675,-76.45838,1.0,9.19,1.045,28.7,8.97,124.9
2019-08-18T03:00:00Z,AOB,Arundel_on_the_Bay,38.91675,-76.45838,1.0,8.57,1.044,28.54,8.99,116.2
2019-08-18T03:15:00Z,AOB,Arundel_on_the_Bay,38.91675,-76.45838,1.0,8.01,1.046,28.4,9.03,108.3
2019-08-18T03:30:00Z,AOB,Arundel_on_the_Bay,38.91675,-76.45838,1.0,7.57,1.046,28.28,9.06,102.2
2019-08-18T03:45:00Z,AOB,Arundel_on_the_Bay,38.91675,-76.45838,1.0,7.35,1.045,28.22,9.07,99.1
2019-08-18T04:00:00Z,AOB,Arundel_on_the_Bay,38.91675,-76.45838,1.0,7.14,1.044,28.19,9.09,96.3
2019-08-18T04:15:00Z,AOB,Arundel_on_the_Bay,38.91675,-76.45838,1.0,6.66,1.045,28.09,9.14,89.7
2019-08-18T04:30:00Z,AOB,Arundel_on_the_Bay,38.91675,-76.45838,1.0,6.43,1.045,28.03,9.17,86.4
2019-08-18T04:45:00Z,AOB,Arundel_on_the_Bay,38.91675,-76.45838,1.0,6.22,1.044,27.97,9.2,83.6
2019-08-18T05:00:00Z,AOB,Arundel_on_the_Bay,38.91675,-76.45838,1.0,6.03,1.044,27.93,9.21,81.0
2019-08-18T05:15:00Z,AOB,Arundel_on_the_Bay,38.91675,-76.45838,1.0,5.9,1.042,27.93,9.2,79.2
2019-08-18T05:30:00Z,AOB,Arundel_on_the_Bay,38.91675,-76.45838,1.0,5.88,1.046,27.94,9.2,79.0
2019-08-18T05:45:00Z,AOB,Arundel_on_the_Bay,38.91675,-76.45838,1.0,5.72,1.044,27.89,9.22,76.7
2019-08-18T06:00:00Z,AOB,Arundel_on_the_Bay,38.91675,-76.45838,1.0,5.89,1.048,27.86,9.23,79.0
2019-08-18T06:15:00Z,AOB,Arundel_on_the_Bay,38.91675,-76.45838,1.0,5.79,1.044,27.87,9.21,77.7
2019-08-18T06:30:00Z,AOB,Arundel_on_the_Bay,38.91675,-76.45838,1.0,5.95,1.043,27.83,9.22,79.8
2019-08-18T06:45:00Z,AOB,Arundel_on_the_Bay,38.91675,-76.45838,1.0,6.2,1.048,27.88,9.23,83.2
2019-08-18T07:00:00Z,AOB,Arundel_on_the_Bay,38.91675,-76.45838,1.0,6.44,1.047,27.85,9.26,86.3
2019-08-18T07:15:00Z,AOB,Arundel_on_the_Bay,38.91675,-76.45838,1.0,6.59,1.045,28.0,9.24,88.6
2019-08-18T07:30:00Z,AOB,Arundel_on_the_Bay,38.91675,-76.45838,1.0,6.78,1.046,28.25,9.16,91.6
2019-08-18T07:45:00Z,AOB,Arundel_on_the_Bay,38.91675,-76.45838,1.0,6.83,1.047,28.38,9.11,92.5
2019-08-18T08:00:00Z,AOB,Arundel_on_the_Bay,38.91675,-76.45838,1.0,6.61,1.046,28.37,9.12,89.4
2019-08-18T08:15:00Z,AOB,Arundel_on_the_Bay,38.91675,-76.45838,1.0,6.52,1.047,28.16,9.21,87.9
2019-08-18T08:30:00Z,AOB,Arundel_on_the_Bay,38.91675,-76.45838,1.0,6.15,1.048,28.05,9.25,82.8
2019-08-18T08:45:00Z,AOB,Arundel_on_the_Bay,38.91675,-76.45838,1.0,6.05,1.045,27.92,9.35,81.3
2019-08-18T09:00:00Z,AOB,Arundel_on_the_Bay,38.91675,-76.45838,1.0,6.12,1.046,28.07,9.26,82.4
2019-08-18T09:15:00Z,AOB,Arundel_on_the_Bay,38.91675,-76.45838,1.0,6.85,1.049,28.32,9.24,92.6
2019-08-18T09:30:00Z,AOB,Arundel_on_the_Bay,38.91675,-76.45838,1.0,6.81,1.049,28.33,9.21,92.1
2019-08-18T09:45:00Z,AOB,Arundel_on_the_Bay,38.91675,-76.45838,1.0,6.57,1.05,28.27,9.21,88.8
2019-08-18T10:00:00Z,AOB,Arundel_on_the_Bay,38.91675,-76.45838,1.0,6.6,1.054,28.31,9.21,89.2
2019-08-18T10:15:00Z,AOB,Arundel_on_the_Bay,38.91675,-76.45838,1.0,6.47,1.051,28.3,9.21,87.5
2019-08-18T10:30:00Z,AOB,Arundel_on_the_Bay,38.91675,-76.45838,1.0,6.36,1.053,28.27,9.2,85.9
2019-08-18T10:45:00Z,AOB,Arundel_on_the_Bay,38.91675,-76.45838,1.0,5.98,1.054,28.16,9.21,80.6
2019-08-18T11:00:00Z,AOB,Arundel_on_the_Bay,38.91675,-76.45838,1.0,5.61,1.054,27.99,9.21,75.4
2019-08-18T11:15:00Z,AOB,Arundel_on_the_Bay,38.91675,-76.45838,1.0,5.56,1.056,27.88,9.23,74.5
2019-08-18T11:30:00Z,AOB,Arundel_on_the_Bay,38.91675,-76.45838,1.0,5.44,1.057,27.9,9.25,73.1
2019-08-18T11:45:00Z,AOB,Arundel_on_the_Bay,38.91675,-76.45838,1.0,5.47,1.057,27.92,9.26,73.5
2019-08-18T12:00:00Z,AOB,Arundel_on_the_Bay,38.91675,-76.45838,1.0,5.98,1.054,27.94,9.25,80.4
2019-08-18T12:15:00Z,AOB,Arundel_on_the_Bay,38.91675,-76.45838,1.0,5.3,1.061,27.86,9.22,71.1
2019-08-18T12:30:00Z,AOB,Arundel_on_the_Bay,38.91675,-76.45838,1.0,4.64,1.059,27.71,9.18,62.0
2019-08-18T12:45:00Z,AOB,Arundel_on_the_Bay,38.91675,-76.45838,1.0,5.45,1.054,27.83,9.21,73.1
2019-08-18T13:00:00Z,AOB,Arundel_on_the_Bay,38.91675,-76.45838,1.0,4.81,1.055,27.76,9.22,64.5
2019-08-18T13:15:00Z,AOB,Arundel_on_the_Bay,38.91675,-76.45838,1.0,5.16,1.054,27.79,9.31,69.2
2019-08-18T13:30:00Z,AOB,Arundel_on_the_Bay,38.91675,-76.45838,1.0,5.5,1.046,27.83,9.35,73.8
2019-08-18T13:45:00Z,AOB,Arundel_on_the_Bay,38.91675,-76.45838,1.0,5.79,1.052,27.87,9.39,77.8
2019-08-18T14:00:00Z,AOB,Arundel_on_the_Bay,38.91675,-76.45838,1.0,5.68,1.054,27.81,9.43,76.2
2019-08-18T14:15:00Z,AOB,Arundel_on_the_Bay,38.91675,-76.45838,1.0,5.7,1.056,27.78,9.49,76.5
2019-08-18T14:30:00Z,AOB,Arundel_on_the_Bay,38.91675,-76.45838,1.0,5.73,1.059,27.79,9.52,76.9
2019-08-18T14:45:00Z,AOB,Arundel_on_the_Bay,38.91675,-76.45838,1.0,5.6,1.058,27.8,9.58,75.2
2019-08-18T15:00:00Z,AOB,Arundel_on_the_Bay,38.91675,-76.45838,1.0,5.38,1.055,27.81,9.62,72.2
2019-08-18T15:15:00Z,AOB,Arundel_on_the_Bay,38.91675,-76.45838,1.0,5.39,1.059,27.83,9.64,72.4
2019-08-18T15:30:00Z,AOB,Arundel_on_the_Bay,38.91675,-76.45838,1.0,5.37,1.053,27.84,9.66,72.1
2019-08-18T15:45:00Z,AOB,Arundel_on_the_Bay,38.91675,-76.45838,1.0,5.49,1.055,27.89,9.67,73.9
2019-08-18T16:00:00Z,AOB,Arundel_on_the_Bay,38.91675,-76.45838,1.0,5.4,1.056,27.88,9.67,72.6
2019-08-18T16:15:00Z,AOB,Arundel_on_the_Bay,38.91675,-76.45838,1.0,5.69,1.054,27.85,9.68,76.5
2019-08-18T16:30:00Z,AOB,Arundel_on_the_Bay,38.91675,-76.45838,1.0,5.61,1.057,27.88,9.71,75.4
2019-08-18T16:45:00Z,AOB,Arundel_on_the_Bay,38.91675,-76.45838,1.0,6.43,1.058,28.11,9.64,86.8
2019-08-18T17:00:00Z,AOB,Arundel_on_the_Bay,38.91675,-76.45838,1.0,7.36,1.052,28.52,9.54,100.1
2019-08-18T17:15:00Z,AOB,Arundel_on_the_Bay,38.91675,-76.45838,1.0,7.46,1.048,28.42,9.56,101.3
2019-08-18T17:30:00Z,AOB,Arundel_on_the_Bay,38.91675,-76.45838,1.0,7.37,1.055,28.36,9.58,99.9
2019-08-18T17:45:00Z,AOB,Arundel_on_the_Bay,38.91675,-76.45838,1.0,7.45,1.051,28.44,9.54,101.2
2019-08-18T18:00:00Z,AOB,Arundel_on_the_Bay,38.91675,-76.45838,1.0,8.66,1.057,28.79,9.41,118.1
2019-08-18T18:15:00Z,AOB,Arundel_on_the_Bay,38.91675,-76.45838,1.0,8.24,1.053,28.67,9.45,112.3
2019-08-18T18:30:00Z,AOB,Arundel_on_the_Bay,38.91675,-76.45838,1.0,8.23,1.041,28.71,9.45,112.2
2019-08-18T18:45:00Z,AOB,Arundel_on_the_Bay,38.91675,-76.45838,1.0,8.01,1.05,28.64,9.48,109.1
2019-08-18T19:00:00Z,AOB,Arundel_on_the_Bay,38.91675,-76.45838,1.0,7.86,1.045,28.63,9.48,107.0
2019-08-18T19:15:00Z,AOB,Arundel_on_the_Bay,38.91675,-76.45838,1.0,8.59,1.037,29.09,9.35,117.7
2019-08-18T19:30:00Z,AOB,Arundel_on_the_Bay,38.91675,-76.45838,1.0,8.56,1.043,29.38,9.23,118.0
2019-08-18T19:45:00Z,AOB,Arundel_on_the_Bay,38.91675,-76.45838,1.0,8.29,1.032,29.28,9.28,113.9
2019-08-18T20:00:00Z,AOB,Arundel_on_the_Bay,38.91675,-76.45838,1.0,8.32,1.042,29.11,9.35,114.2
2019-08-18T20:15:00Z,AOB,Arundel_on_the_Bay,38.91675,-76.45838,1.0,8.16,1.04,29.1,9.4,111.9
2019-08-18T20:30:00Z,AOB,Arundel_on_the_Bay,38.91675,-76.45838,1.0,8.52,1.035,29.45,9.36,117.6
2019-08-18T20:45:00Z,AOB,Arundel_on_the_Bay,38.91675,-76.45838,1.0,9.0,1.04,29.68,9.31,124.6
2019-08-18T21:00:00Z,AOB,Arundel_on_the_Bay,38.91675,-76.45838,1.0,9.84,1.044,30.03,9.2,137.0
2019-08-18T21:15:00Z,AOB,Arundel_on_the_Bay,38.91675,-76.45838,1.0,10.1,1.045,30.21,9.14,141.1
2019-08-18T21:30:00Z,AOB,Arundel_on_the_Bay,38.91675,-76.45838,1.0,10.18,1.037,30.28,9.12,142.2
2019-08-18T21:45:00Z,AOB,Arundel_on_the_Bay,38.91675,-76.45838,1.0,10.02,1.039,30.26,9.11,140.0
2019-08-18T22:00:00Z,AOB,Arundel_on_the_Bay,38.91675,-76.45838,1.0,9.82,1.039,30.23,9.08,137.1
2019-08-18T22:15:00Z,AOB,Arundel_on_the_Bay,38.91675,-76.45838,1.0,9.34,1.03,30.1,9.13,130.2
2019-08-18T22:30:00Z,AOB,Arundel_on_the_Bay,38.91675,-76.45838,1.0,9.02,1.039,29.99,9.12,125.4
2019-08-18T22:45:00Z,AOB,Arundel_on_the_Bay,38.91675,-76.45838,1.0,8.9,1.035,29.86,9.11,123.5
2019-08-18T23:00:00Z,AOB,Arundel_on_the_Bay,38.91675,-76.45838,1.0,8.7,1.03,29.93,9.17,120.8
2019-08-19T00:00:00Z,AOB,Arundel_on_the_Bay,38.91675,-76.45838,1.0,8.15,1.034,29.8,9.12,113.0
2019-08-19T00:15:00Z,AOB,Arundel_on_the_Bay,38.91675,-76.45838,1.0,8.3,1.036,29.79,9.14,115.1
2019-08-19T00:30:00Z,AOB,Arundel_on_the_Bay,38.91675,-76.45838,1.0,8.53,1.04,29.77,9.18,118.3
2019-08-19T00:45:00Z,AOB,Arundel_on_the_Bay,38.91675,-76.45838,1.0,8.5,1.042,29.74,9.2,117.7
2019-08-19T01:00:00Z,AOB,Arundel_on_the_Bay,38.91675,-76.45838,1.0,8.22,1.038,29.58,9.25,113.6
2019-08-19T01:15:00Z,AOB,Arundel_on_the_Bay,38.91675,-76.45838,1.0,7.22,1.043,29.22,9.4,99.2
2019-08-19T01:30:00Z,AOB,Arundel_on_the_Bay,38.91675,-76.45838,1.0,6.08,1.047,28.68,9.59,82.9
2019-08-19T01:45:00Z,AOB,Arundel_on_the_Bay,38.91675,-76.45838,1.0,6.16,1.047,28.62,9.59,83.9
2019-08-19T02:00:00Z,AOB,Arundel_on_the_Bay,38.91675,-76.45838,1.0,6.25,1.049,28.54,9.6,85.0
2019-08-19T02:15:00Z,AOB,Arundel_on_the_Bay,38.91675,-76.45838,1.0,6.19,1.049,28.49,9.6,84.2
2019-08-19T02:30:00Z,AOB,Arundel_on_the_Bay,38.91675,-76.45838,1.0,5.14,1.046,28.1,9.73,69.5
2019-08-19T02:45:00Z,AOB,Arundel_on_the_Bay,38.91675,-76.45838,1.0,4.72,1.054,27.93,9.79,63.6
2019-08-19T03:00:00Z,AOB,Arundel_on_the_Bay,38.91675,-76.45838,1.0,4.36,1.053,27.8,9.86,58.7
2019-08-19T03:15:00Z,AOB,Arundel_on_the_Bay,38.91675,-76.45838,1.0,4.15,1.048,27.73,9.89,55.8
2019-08-19T03:30:00Z,AOB,Arundel_on_the_Bay,38.91675,-76.45838,1.0,3.94,1.044,27.68,9.92,52.8
2019-08-19T03:45:00Z,AOB,Arundel_on_the_Bay,38.91675,-76.45838,1.0,3.96,1.039,27.71,9.93,53.2
2019-08-19T04:00:00Z,AOB,Arundel_on_the_Bay,38.91675,-76.45838,1.0,4.11,1.04,27.75,9.9,55.2
2019-08-19T04:15:00Z,AOB,Arundel_on_the_Bay,38.91675,-76.45838,1.0,4.17,1.04,27.77,9.89,56.1
2019-08-19T04:30:00Z,AOB,Arundel_on_the_Bay,38.91675,-76.45838,1.0,4.09,1.042,27.74,9.91,55.0
2019-08-19T04:45:00Z,AOB,Arundel_on_the_Bay,38.91675,-76.45838,1.0,3.91,1.044,27.7,9.94,52.5
2019-08-19T05:00:00Z,AOB,Arundel_on_the_Bay,38.91675,-76.45838,1.0,3.89,1.043,27.69,9.9,52.2
2019-08-19T05:15:00Z,AOB,Arundel_on_the_Bay,38.91675,-76.45838,1.0,3.85,1.046,27.67,9.92,51.7
2019-08-19T05:30:00Z,AOB,Arundel_on_the_Bay,38.91675,-76.45838,1.0,3.82,1.046,27.65,9.9,51.2
2019-08-19T05:45:00Z,AOB,Arundel_on_the_Bay,38.91675,-76.45838,1.0,3.62,1.045,27.6,9.94,48.5
2019-08-19T06:00:00Z,AOB,Arundel_on_the_Bay,38.91675,-76.45838,1.0,3.46,1.048,27.56,9.98,46.3
2019-08-19T06:15:00Z,AOB,Arundel_on_the_Bay,38.91675,-76.45838,1.0,3.17,1.045,27.52,10.04,42.5
2019-08-19T06:30:00Z,AOB,Arundel_on_the_Bay,38.91675,-76.45838,1.0,3.41,1.046,27.54,10.0,45.7
2019-08-19T06:45:00Z,AOB,Arundel_on_the_Bay,38.91675,-76.45838,1.0,3.25,1.041,27.54,10.02,43.5
2019-08-19T07:00:00Z,AOB,Arundel_on_the_Bay,38.91675,-76.45838,1.0,3.48,1.043,27.56,9.97,46.6
2019-08-19T07:15:00Z,AOB,Arundel_on_the_Bay,38.91675,-76.45838,1.0,4.24,1.038,27.66,9.82,56.8
2019-08-19T07:30:00Z,AOB,Arundel_on_the_Bay,38.91675,-76.45838,1.0,4.32,1.034,27.75,9.84,58.0
2019-08-19T07:45:00Z,AOB,Arundel_on_the_Bay,38.91675,-76.45838,1.0,4.29,1.037,27.71,9.88,57.6
2019-08-19T08:00:00Z,AOB,Arundel_on_the_Bay,38.91675,-76.45838,1.0,4.81,1.033,28.16,9.65,64.9
2019-08-19T08:15:00Z,AOB,Arundel_on_the_Bay,38.91675,-76.45838,1.0,4.82,1.035,28.37,9.54,65.3
2019-08-19T08:30:00Z,AOB,Arundel_on_the_Bay,38.91675,-76.45838,1.0,4.98,1.036,28.38,9.53,67.6
2019-08-19T08:45:00Z,AOB,Arundel_on_the_Bay,38.91675,-76.45838,1.0,4.67,1.04,28.26,9.59,63.3
2019-08-19T09:00:00Z,AOB,Arundel_on_the_Bay,38.91675,-76.45838,1.0,5.01,1.039,27.95,9.68,67.4
2019-08-19T09:15:00Z,AOB,Arundel_on_the_Bay,38.91675,-76.45838,1.0,5.17,1.042,27.92,9.64,69.6
2019-08-19T09:30:00Z,AOB,Arundel_on_the_Bay,38.91675,-76.45838,1.0,5.45,1.043,28.09,9.52,73.5
2019-08-19T09:45:00Z,AOB,Arundel_on_the_Bay,38.91675,-76.45838,1.0,5.76,1.036,28.24,9.43,77.9
2019-08-19T10:00:00Z,AOB,Arundel_on_the_Bay,38.91675,-76.45838,1.0,5.94,1.04,28.42,9.29,80.5
2019-08-19T10:15:00Z,AOB,Arundel_on_the_Bay,38.91675,-76.45838,1.0,5.94,1.045,28.46,9.23,80.5
2019-08-19T10:30:00Z,AOB,Arundel_on_the_Bay,38.91675,-76.45838,1.0,5.87,1.046,28.46,9.25,79.6
2019-08-19T10:45:00Z,AOB,Arundel_on_the_Bay,38.91675,-76.45838,1.0,5.7,1.047,28.41,9.29,77.2
2019-08-19T11:00:00Z,AOB,Arundel_on_the_Bay,38.91675,-76.45838,1.0,5.22,1.045,28.29,9.37,70.6
2019-08-19T11:15:00Z,AOB,Arundel_on_the_Bay,38.91675,-76.45838,1.0,5.21,1.049,28.29,9.35,70.4
2019-08-19T11:30:00Z,AOB,Arundel_on_the_Bay,38.91675,-76.45838,1.0,5.15,1.046,28.24,9.38,69.6
2019-08-19T11:45:00Z,AOB,Arundel_on_the_Bay,38.91675,-76.45838,1.0,5.16,1.042,28.18,9.41,69.7
2019-08-19T12:00:00Z,AOB,Arundel_on_the_Bay,38.91675,-76.45838,1.0,5.24,1.048,28.12,9.46,70.7
2019-08-19T12:15:00Z,AOB,Arundel_on_the_Bay,38.91675,-76.45838,1.0,5.4,1.045,28.1,9.47,72.9
2019-08-19T12:30:00Z,AOB,Arundel_on_the_Bay,38.91675,-76.45838,1.0,4.95,1.044,27.95,9.59,66.6
2019-08-19T12:45:00Z,AOB,Arundel_on_the_Bay,38.91675,-76.45838,1.0,4.93,1.045,27.92,9.61,66.3
2019-08-19T13:00:00Z,AOB,Arundel_on_the_Bay,38.91675,-76.45838,1.0,4.81,1.051,27.88,9.66,64.7
2019-08-19T13:15:00Z,AOB,Arundel_on_the_Bay,38.91675,-76.45838,1.0,4.8,1.05,27.8,9.7,64.5
2019-08-19T13:30:00Z,AOB,Arundel_on_the_Bay,38.91675,-76.45838,1.0,4.26,1.051,27.7,9.75,57.1
2019-08-19T13:45:00Z,AOB,Arundel_on_the_Bay,38.91675,-76.45838,1.0,4.38,1.046,27.65,9.75,58.7
2019-08-19T14:00:00Z,AOB,Arundel_on_the_Bay,38.91675,-76.45838,1.0,4.8,1.053,27.7,9.76,64.5
2019-08-19T14:15:00Z,AOB,Arundel_on_the_Bay,38.91675,-76.45838,1.0,5.22,1.052,27.73,9.78,70.1
2019-08-19T14:30:00Z,AOB,Arundel_on_the_Bay,38.91675,-76.45838,1.0,5.61,1.054,27.79,9.8,75.3
2019-08-19T14:45:00Z,AOB,Arundel_on_the_Bay,38.91675,-76.45838,1.0,5.76,1.056,27.83,9.8,77.5
2019-08-19T15:00:00Z,AOB,Arundel_on_the_Bay,38.91675,-76.45838,1.0,5.46,1.056,27.86,9.81,73.5
2019-08-19T15:15:00Z,AOB,Arundel_on_the_Bay,38.91675,-76.45838,1.0,5.43,1.054,27.94,9.82,73.1
2019-08-19T15:30:00Z,AOB,Arundel_on_the_Bay,38.91675,-76.45838,1.0,5.54,1.053,27.98,9.83,74.7
2019-08-19T15:45:00Z,AOB,Arundel_on_the_Bay,38.91675,-76.45838,1.0,5.59,1.051,28.04,9.83,75.5
2019-08-19T16:00:00Z,AOB,Arundel_on_the_Bay,38.91675,-76.45838,1.0,5.7,1.05,28.07,9.83,77.0
2019-08-19T16:15:00Z,AOB,Arundel_on_the_Bay,38.91675,-76.45838,1.0,5.82,1.05,28.11,9.82,78.6
2019-08-19T16:30:00Z,AOB,Arundel_on_the_Bay,38.91675,-76.45838,1.0,5.99,1.045,28.18,9.82,81.0
2019-08-19T16:45:00Z,AOB,Arundel_on_the_Bay,38.91675,-76.45838,1.0,6.04,1.048,28.17,9.82,81.7
2019-08-19T17:00:00Z,AOB,Arundel_on_the_Bay,38.91675,-76.45838,1.0,6.54,1.052,28.63,9.8,89.3
2019-08-19T17:15:00Z,AOB,Arundel_on_the_Bay,38.91675,-76.45838,1.0,6.52,1.05,28.56,9.81,88.9
2019-08-19T17:30:00Z,AOB,Arundel_on_the_Bay,38.91675,-76.45838,1.0,6.82,1.042,29.07,9.81,93.7
2019-08-19T17:45:00Z,AOB,Arundel_on_the_Bay,38.91675,-76.45838,1.0,7.25,1.046,29.21,9.69,99.9
2019-08-19T18:00:00Z,AOB,Arundel_on_the_Bay,38.91675,-76.45838,1.0,7.13,1.044,28.97,9.74,97.8
2019-08-19T18:15:00Z,AOB,Arundel_on_the_Bay,38.91675,-76.45838,1.0,7.47,1.042,29.21,9.62,102.7
2019-08-19T18:30:00Z,AOB,Arundel_on_the_Bay,38.91675,-76.45838,1.0,7.74,1.034,29.34,9.57,106.7
2019-08-19T18:45:00Z,AOB,Arundel_on_the_Bay,38.91675,-76.45838,1.0,7.81,1.041,29.44,9.53,107.9
2019-08-19T19:00:00Z,AOB,Arundel_on_the_Bay,38.91675,-76.45838,1.0,7.76,1.038,29.5,9.53,107.3
2019-08-19T19:15:00Z,AOB,Arundel_on_the_Bay,38.91675,-76.45838,1.0,7.97,1.038,29.61,9.5,110.3
2019-08-19T19:30:00Z,AOB,Arundel_on_the_Bay,38.91675,-76.45838,1.0,7.87,1.037,29.42,9.53,108.6
2019-08-19T19:45:00Z,AOB,Arundel_on_the_Bay,38.91675,-76.45838,1.0,7.85,1.037,29.33,9.53,108.2
2019-08-19T20:00:00Z,AOB,Arundel_on_the_Bay,38.91675,-76.45838,1.0,7.77,1.033,29.36,9.55,107.2
2019-08-19T20:15:00Z,AOB,Arundel_on_the_Bay,38.91675,-76.45838,1.0,7.96,1.035,29.61,9.49,110.2
2019-08-19T20:30:00Z,AOB,Arundel_on_the_Bay,38.91675,-76.45838,1.0,7.02,1.037,29.41,9.49,96.9
2019-08-19T20:45:00Z,AOB,Arundel_on_the_Bay,38.91675,-76.45838,1.0,7.3,1.035,29.37,9.49,100.7
2019-08-19T21:00:00Z,AOB,Arundel_on_the_Bay,38.91675,-76.45838,1.0,7.35,1.031,29.15,9.53,101.0
2019-08-19T21:15:00Z,AOB,Arundel_on_the_Bay,38.91675,-76.45838,1.0,7.45,1.037,29.16,9.52,102.4
2019-08-19T21:30:00Z,AOB,Arundel_on_the_Bay,38.91675,-76.45838,1.0,7.46,1.03,29.25,9.5,102.7
2019-08-19T21:45:00Z,AOB,Arundel_on_the_Bay,38.91675,-76.45838,1.0,7.46,1.03,29.25,9.5,102.7
2019-08-19T22:00:00Z,AOB,Arundel_on_the_Bay,38.91675,-76.45838,1.0,8.15,1.031,29.54,9.43,112.7
2019-08-19T22:15:00Z,AOB,Arundel_on_the_Bay,38.91675,-76.45838,1.0,8.14,1.035,29.5,9.42,112.4
2019-08-19T22:30:00Z,AOB,Arundel_on_the_Bay,38.91675,-76.45838,1.0,8.18,1.035,29.61,9.4,113.2
2019-08-19T22:45:00Z,AOB,Arundel_on_the_Bay,38.91675,-76.45838,1.0,7.86,1.036,29.57,9.42,108.7
2019-08-19T23:00:00Z,AOB,Arundel_on_the_Bay,38.91675,-76.45838,1.0,8.0,1.04,29.57,9.41,110.6
2019-08-20T00:00:00Z,AOB,Arundel_on_the_Bay,38.91675,-76.45838,1.0,7.78,1.044,29.4,9.43,107.2
2019-08-20T00:15:00Z,AOB,Arundel_on_the_Bay,38.91675,-76.45838,1.0,7.3,1.04,29.21,9.52,100.4
2019-08-20T00:30:00Z,AOB,Arundel_on_the_Bay,38.91675,-76.45838,1.0,7.44,1.046,29.26,9.5,102.3
2019-08-20T00:45:00Z,AOB,Arundel_on_the_Bay,38.91675,-76.45838,1.0,7.68,1.049,29.26,9.48,105.7
2019-08-20T01:00:00Z,AOB,Arundel_on_the_Bay,38.91675,-76.45838,1.0,7.74,1.054,29.31,9.49,106.7
2019-08-20T01:15:00Z,AOB,Arundel_on_the_Bay,38.91675,-76.45838,1.0,7.77,1.057,29.39,9.59,107.2
2019-08-20T01:30:00Z,AOB,Arundel_on_the_Bay,38.91675,-76.45838,1.0,7.75,1.051,29.38,9.59,106.9
2019-08-20T01:45:00Z,AOB,Arundel_on_the_Bay,38.91675,-76.45838,1.0,7.91,1.057,29.42,9.6,109.2
2019-08-20T02:00:00Z,AOB,Arundel_on_the_Bay,38.91675,-76.45838,1.0,7.97,1.054,29.41,9.59,110.0
2019-08-20T02:15:00Z,AOB,Arundel_on_the_Bay,38.91675,-76.45838,1.0,8.01,1.056,29.35,9.55,110.5
2019-08-20T02:30:00Z,AOB,Arundel_on_the_Bay,38.91675,-76.45838,1.0,7.56,1.055,29.21,9.53,104.0
2019-08-20T02:45:00Z,AOB,Arundel_on_the_Bay,38.91675,-76.45838,1.0,7.35,1.059,29.15,9.52,101.0
2019-08-20T03:00:00Z,AOB,Arundel_on_the_Bay,38.91675,-76.45838,1.0,7.21,1.059,29.06,9.51,98.8
2019-08-20T03:15:00Z,AOB,Arundel_on_the_Bay,38.91675,-76.45838,1.0,7.17,1.061,29.0,9.49,98.2
2019-08-20T03:30:00Z,AOB,Arundel_on_the_Bay,38.91675,-76.45838,1.0,6.56,1.062,28.78,9.5,89.6
2019-08-20T03:45:00Z,AOB,Arundel_on_the_Bay,38.91675,-76.45838,1.0,5.89,1.062,28.59,9.56,80.2
2019-08-20T04:00:00Z,AOB,Arundel_on_the_Bay,38.91675,-76.45838,1.0,5.6,1.061,28.49,9.6,76.1
2019-08-20T04:15:00Z,AOB,Arundel_on_the_Bay,38.91675,-76.45838,1.0,5.17,1.058,28.34,9.65,70.2
2019-08-20T04:30:00Z,AOB,Arundel_on_the_Bay,38.91675,-76.45838,1.0,4.93,1.058,28.26,9.69,66.7
2019-08-20T04:45:00Z,AOB,Arundel_on_the_Bay,38.91675,-76.45838,1.0,4.72,1.057,28.19,9.72,63.8
2019-08-20T05:00:00Z,AOB,Arundel_on_the_Bay,38.91675,-76.45838,1.0,4.52,1.057,28.1,9.75,61.1
2019-08-20T05:15:00Z,AOB,Arundel_on_the_Bay,38.91675,-76.45838,1.0,4.44,1.055,28.03,9.77,59.9
2019-08-20T05:30:00Z,AOB,Arundel_on_the_Bay,38.91675,-76.45838,1.0,4.43,1.056,28.03,9.76,59.8
2019-08-20T05:45:00Z,AOB,Arundel_on_the_Bay,38.91675,-76.45838,1.0,4.41,1.059,27.99,9.76,59.5
2019-08-20T06:00:00Z,AOB,Arundel_on_the_Bay,38.91675,-76.45838,1.0,4.4,1.059,27.95,9.77,59.3
2019-08-20T06:15:00Z,AOB,Arundel_on_the_Bay,38.91675,-76.45838,1.0,4.41,1.06,27.91,9.77,59.3
2019-08-20T06:30:00Z,AOB,Arundel_on_the_Bay,38.91675,-76.45838,1.0,4.37,1.058,27.83,9.8,58.8
2019-08-20T06:45:00Z,AOB,Arundel_on_the_Bay,38.91675,-76.45838,1.0,4.36,1.062,27.85,9.78,58.6
2019-08-20T07:00:00Z,AOB,Arundel_on_the_Bay,38.91675,-76.45838,1.0,4.5,1.063,27.84,9.76,60.5
2019-08-20T07:15:00Z,AOB,Arundel_on_the_Bay,38.91675,-76.45838,1.0,4.5,1.064,27.83,9.75,60.5
2019-08-20T07:30:00Z,AOB,Arundel_on_the_Bay,38.91675,-76.45838,1.0,4.65,1.064,27.8,9.75,62.5
2019-08-20T07:45:00Z,AOB,Arundel_on_the_Bay,38.91675,-76.45838,1.0,4.91,1.063,27.78,9.74,66.0
2019-08-20T08:00:00Z,AOB,Arundel_on_the_Bay,38.91675,-76.45838,1.0,4.99,1.062,27.76,9.75,67.0
2019-08-20T08:15:00Z,AOB,Arundel_on_the_Bay,38.91675,-76.45838,1.0,5.21,1.063,27.76,9.75,69.9
2019-08-20T08:30:00Z,AOB,Arundel_on_the_Bay,38.91675,-76.45838,1.0,5.06,1.066,27.82,9.74,68.0
2019-08-20T08:45:00Z,AOB,Arundel_on_the_Bay,38.91675,-76.45838,1.0,5.21,1.067,27.89,9.72,70.2
2019-08-20T09:00:00Z,AOB,Arundel_on_the_Bay,38.91675,-76.45838,1.0,5.17,1.067,27.92,9.71,69.7
2019-08-20T09:15:00Z,AOB,Arundel_on_the_Bay,38.91675,-76.45838,1.0,5.12,1.069,28.01,9.68,69.0
2019-08-20T09:30:00Z,AOB,Arundel_on_the_Bay,38.91675,-76.45838,1.0,5.12,1.069,28.19,9.66,69.2
2019-08-20T09:45:00Z,AOB,Arundel_on_the_Bay,38.91675,-76.45838,1.0,4.63,1.072,28.09,9.69,62.4
2019-08-20T10:00:00Z,AOB,Arundel_on_the_Bay,38.91675,-76.45838,1.0,4.63,1.072,28.05,9.7,62.5
2019-08-20T10:15:00Z,AOB,Arundel_on_the_Bay,38.91675,-76.45838,1.0,4.41,1.073,28.02,9.72,59.5
2019-08-20T10:30:00Z,AOB,Arundel_on_the_Bay,38.91675,-76.45838,1.0,4.54,1.074,27.99,9.73,61.2
2019-08-20T10:45:00Z,AOB,Arundel_on_the_Bay,38.91675,-76.45838,1.0,4.58,1.075,27.94,9.75,61.7
2019-08-20T11:00:00Z,AOB,Arundel_on_the_Bay,38.91675,-76.45838,1.0,4.96,1.075,28.06,9.7,66.9
2019-08-20T11:15:00Z,AOB,Arundel_on_the_Bay,38.91675,-76.45838,1.0,5.09,1.075,28.13,9.66,68.7
2019-08-20T11:30:00Z,AOB,Arundel_on_the_Bay,38.91675,-76.45838,1.0,5.26,1.077,28.21,9.64,71.1
2019-08-20T11:45:00Z,AOB,Arundel_on_the_Bay,38.91675,-76.45838,1.0,5.36,1.078,28.27,9.68,72.6
2019-08-20T12:00:00Z,AOB,Arundel_on_the_Bay,38.91675,-76.45838,1.0,5.08,1.08,28.24,9.68,68.8
2019-08-20T12:15:00Z,AOB,Arundel_on_the_Bay,38.91675,-76.45838,1.0,4.85,1.08,28.14,9.69,65.6
2019-08-20T12:30:00Z,AOB,Arundel_on_the_Bay,38.91675,-76.45838,1.0,5.13,1.075,28.13,9.68,69.3
2019-08-20T12:45:00Z,AOB,Arundel_on_the_Bay,38.91675,-76.45838,1.0,5.15,1.077,28.01,9.69,69.4
2019-08-20T13:00:00Z,AOB,Arundel_on_the_Bay,38.91675,-76.45838,1.0,5.71,1.075,28.2,9.68,77.2
2019-08-20T13:15:00Z,AOB,Arundel_on_the_Bay,38.91675,-76.45838,1.0,5.79,1.073,28.21,9.68,78.3
2019-08-20T13:30:00Z,AOB,Arundel_on_the_Bay,38.91675,-76.45838,1.0,5.89,1.074,28.21,9.67,79.7
2019-08-20T13:45:00Z,AOB,Arundel_on_the_Bay,38.91675,-76.45838,1.0,5.61,1.071,28.09,9.69,75.8
2019-08-20T14:00:00Z,AOB,Arundel_on_the_Bay,38.91675,-76.45838,1.0,5.46,1.076,28.07,9.7,73.7
2019-08-20T14:15:00Z,AOB,Arundel_on_the_Bay,38.91675,-76.45838,1.0,5.43,1.072,28.04,9.73,73.3
2019-08-20T14:30:00Z,AOB,Arundel_on_the_Bay,38.91675,-76.45838,1.0,5.18,1.075,28.02,9.76,69.9
2019-08-20T14:45:00Z,AOB,Arundel_on_the_Bay,38.91675,-76.45838,1.0,5.06,1.08,28.08,9.79,68.3
2019-08-20T15:00:00Z,AOB,Arundel_on_the_Bay,38.91675,-76.45838,1.0,5.41,1.083,28.13,9.79,73.2
2019-08-20T15:15:00Z,AOB,Arundel_on_the_Bay,38.91675,-76.45838,1.0,6.5,1.082,28.39,9.63,88.2
2019-08-20T15:30:00Z,AOB,Arundel_on_the_Bay,38.91675,-76.45838,1.0,6.87,1.076,28.53,9.56,93.4
2019-08-20T15:45:00Z,AOB,Arundel_on_the_Bay,38.91675,-76.45838,1.0,7.16,1.083,28.64,9.53,97.5
2019-08-20T16:00:00Z,AOB,Arundel_on_the_Bay,38.91675,-76.45838,1.0,7.27,1.077,28.74,9.53,99.2
2019-08-20T16:15:00Z,AOB,Arundel_on_the_Bay,38.91675,-76.45838,1.0,7.44,1.078,28.86,9.51,101.7
2019-08-20T16:30:00Z,AOB,Arundel_on_the_Bay,38.91675,-76.45838,1.0,7.48,1.077,28.99,9.52,102.4
2019-08-20T16:45:00Z,AOB,Arundel_on_the_Bay,38.91675,-76.45838,1.0,7.57,1.074,29.09,9.52,103.8
2019-08-20T17:00:00Z,AOB,Arundel_on_the_Bay,38.91675,-76.45838,1.0,7.89,1.075,29.19,9.5,108.4
2019-08-20T17:15:00Z,AOB,Arundel_on_the_Bay,38.91675,-76.45838,1.0,8.07,1.067,29.37,9.49,111.3
2019-08-20T17:30:00Z,AOB,Arundel_on_the_Bay,38.91675,-76.45838,1.0,8.33,1.071,29.46,9.48,115.0
2019-08-20T17:45:00Z,AOB,Arundel_on_the_Bay,38.91675,-76.45838,1.0,8.37,1.072,29.6,9.47,115.8
2019-08-20T18:00:00Z,AOB,Arundel_on_the_Bay,38.91675,-76.45838,1.0,8.8,1.072,29.79,9.44,122.1
2019-08-20T18:15:00Z,AOB,Arundel_on_the_Bay,38.91675,-76.45838,1.0,8.89,1.064,29.91,9.44,123.6
2019-08-20T18:30:00Z,AOB,Arundel_on_the_Bay,38.91675,-76.45838,1.0,9.21,1.065,29.95,9.4,128.1
2019-08-20T18:45:00Z,AOB,Arundel_on_the_Bay,38.91675,-76.45838,1.0,9.53,1.067,30.04,9.36,132.8
2019-08-20T19:00:00Z,AOB,Arundel_on_the_Bay,38.91675,-76.45838,1.0,9.58,1.066,30.07,9.35,133.5
2019-08-20T19:15:00Z,AOB,Arundel_on_the_Bay,38.91675,-76.45838,1.0,9.77,1.065,30.3,9.35,136.7
2019-08-20T19:30:00Z,AOB,Arundel_on_the_Bay,38.91675,-76.45838,1.0,9.78,1.061,30.35,9.34,137.1
2019-08-20T19:45:00Z,AOB,Arundel_on_the_Bay,38.91675,-76.45838,1.0,9.82,1.06,30.11,9.33,136.9
2019-08-20T20:00:00Z,AOB,Arundel_on_the_Bay,38.91675,-76.45838,1.0,9.7,1.061,30.04,9.33,135.2
2019-08-20T20:15:00Z,AOB,Arundel_on_the_Bay,38.91675,-76.45838,1.0,9.94,1.064,30.12,9.32,138.7
2019-08-20T20:30:00Z,AOB,Arundel_on_the_Bay,38.91675,-76.45838,1.0,9.98,1.059,30.07,9.34,139.1
2019-08-20T20:45:00Z,AOB,Arundel_on_the_Bay,38.91675,-76.45838,1.0,10.25,1.048,30.29,9.57,143.6
2019-08-20T21:00:00Z,AOB,Arundel_on_the_Bay,38.91675,-76.45838,1.0,9.0,1.051,29.84,9.57,125.1
2019-08-20T21:15:00Z,AOB,Arundel_on_the_Bay,38.91675,-76.45838,1.0,8.15,1.054,29.59,9.56,112.9
2019-08-20T21:30:00Z,AOB,Arundel_on_the_Bay,38.91675,-76.45838,1.0,8.09,1.057,29.6,9.55,112.0
2019-08-20T21:45:00Z,AOB,Arundel_on_the_Bay,38.91675,-76.45838,1.0,8.03,1.058,29.6,9.55,111.1
2019-08-20T22:00:00Z,AOB,Arundel_on_the_Bay,38.91675,-76.45838,1.0,8.16,1.057,29.68,9.55,113.1
2019-08-20T22:15:00Z,AOB,Arundel_on_the_Bay,38.91675,-76.45838,1.0,7.85,1.055,29.69,9.55,108.9
2019-08-20T22:30:00Z,AOB,Arundel_on_the_Bay,38.91675,-76.45838,1.0,7.87,1.053,29.73,9.54,109.2
2019-08-20T22:45:00Z,AOB,Arundel_on_the_Bay,38.91675,-76.45838,1.0,7.98,1.054,29.74,9.54,110.7
2019-08-20T23:00:00Z,AOB,Arundel_on_the_Bay,38.91675,-76.45838,1.0,8.13,1.056,29.6,9.53,112.6
2019-08-21T00:00:00Z,AOB,Arundel_on_the_Bay,38.91675,-76.45838,1.0,7.87,1.074,29.51,9.53,108.9
2019-08-21T00:15:00Z,AOB,Arundel_on_the_Bay,38.91675,-76.45838,1.0,7.74,1.076,29.49,9.53,107.0
2019-08-21T00:30:00Z,AOB,Arundel_on_the_Bay,38.91675,-76.45838,1.0,7.65,1.077,29.47,9.54,105.7
2019-08-21T00:45:00Z,AOB,Arundel_on_the_Bay,38.91675,-76.45838,1.0,7.69,1.075,29.45,9.54,106.2
2019-08-21T01:00:00Z,AOB,Arundel_on_the_Bay,38.91675,-76.45838,1.0,7.68,1.079,29.4,9.54,106.0
2019-08-21T01:15:00Z,AOB,Arundel_on_the_Bay,38.91675,-76.45838,1.0,7.66,1.072,29.48,9.52,105.9
2019-08-21T01:30:00Z,AOB,Arundel_on_the_Bay,38.91675,-76.45838,1.0,7.7,1.068,29.51,9.52,106.4
2019-08-21T01:45:00Z,AOB,Arundel_on_the_Bay,38.91675,-76.45838,1.0,7.76,1.06,29.63,9.48,107.5
2019-08-21T02:00:00Z,AOB,Arundel_on_the_Bay,38.91675,-76.45838,1.0,7.87,1.06,29.66,9.45,109.0
2019-08-21T02:15:00Z,AOB,Arundel_on_the_Bay,38.91675,-76.45838,1.0,8.18,1.057,29.67,9.39,113.3
2019-08-21T02:30:00Z,AOB,Arundel_on_the_Bay,38.91675,-76.45838,1.0,8.36,1.061,29.66,9.34,115.7
2019-08-21T02:45:00Z,AOB,Arundel_on_the_Bay,38.91675,-76.45838,1.0,8.53,1.058,29.61,9.29,117.9
2019-08-21T03:00:00Z,AOB,Arundel_on_the_Bay,38.91675,-76.45838,1.0,8.7,1.062,29.56,9.27,120.2
2019-08-21T03:15:00Z,AOB,Arundel_on_the_Bay,38.91675,-76.45838,1.0,8.69,1.068,29.5,9.29,120.0
2019-08-21T03:30:00Z,AOB,Arundel_on_the_Bay,38.91675,-76.45838,1.0,8.58,1.063,29.46,9.28,118.3
2019-08-21T03:45:00Z,AOB,Arundel_on_the_Bay,38.91675,-76.45838,1.0,8.37,1.064,29.49,9.28,115.5
2019-08-21T04:00:00Z,AOB,Arundel_on_the_Bay,38.91675,-76.45838,1.0,8.01,1.065,29.56,9.29,110.6
2019-08-21T04:15:00Z,AOB,Arundel_on_the_Bay,38.91675,-76.45838,1.0,7.99,1.069,29.5,9.28,110.3
2019-08-21T04:30:00Z,AOB,Arundel_on_the_Bay,38.91675,-76.45838,1.0,7.63,1.063,29.53,9.29,105.4
2019-08-21T04:45:00Z,AOB,Arundel_on_the_Bay,38.91675,-76.45838,1.0,7.64,1.054,29.47,9.28,105.4
2019-08-21T05:00:00Z,AOB,Arundel_on_the_Bay,38.91675,-76.45838,1.0,7.52,1.054,29.44,9.28,103.7
2019-08-21T05:15:00Z,AOB,Arundel_on_the_Bay,38.91675,-76.45838,1.0,7.83,1.054,29.31,9.26,107.7
2019-08-21T05:30:00Z,AOB,Arundel_on_the_Bay,38.91675,-76.45838,1.0,7.98,1.056,29.19,9.27,109.6
2019-08-21T05:45:00Z,AOB,Arundel_on_the_Bay,38.91675,-76.45838,1.0,8.0,1.051,29.06,9.31,109.6
2019-08-21T06:00:00Z,AOB,Arundel_on_the_Bay,38.91675,-76.45838,1.0,7.9,1.054,28.94,9.34,108.1
2019-08-21T06:15:00Z,AOB,Arundel_on_the_Bay,38.91675,-76.45838,1.0,7.84,1.055,28.88,9.35,107.1
2019-08-21T06:30:00Z,AOB,Arundel_on_the_Bay,38.91675,-76.45838,1.0,7.78,1.054,28.84,9.35,106.3
2019-08-21T06:45:00Z,AOB,Arundel_on_the_Bay,38.91675,-76.45838,1.0,7.74,1.053,28.81,9.35,105.6
2019-08-21T07:00:00Z,AOB,Arundel_on_the_Bay,38.91675,-76.45838,1.0,7.66,1.052,28.8,9.34,104.5
2019-08-21T07:15:00Z,AOB,Arundel_on_the_Bay,38.91675,-76.45838,1.0,7.62,1.053,28.77,9.35,103.9
2019-08-21T07:30:00Z,AOB,Arundel_on_the_Bay,38.91675,-76.45838,1.0,7.53,1.051,28.76,9.35,102.7
2019-08-21T07:45:00Z,AOB,Arundel_on_the_Bay,38.91675,-76.45838,1.0,7.47,1.051,28.74,9.36,101.8
2019-08-21T08:00:00Z,AOB,Arundel_on_the_Bay,38.91675,-76.45838,1.0,7.33,1.05,28.72,9.36,99.9
2019-08-21T08:15:00Z,AOB,Arundel_on_the_Bay,38.91675,-76.45838,1.0,7.17,1.049,28.69,9.37,97.7
2019-08-21T08:30:00Z,AOB,Arundel_on_the_Bay,38.91675,-76.45838,1.0,7.1,1.051,28.69,9.36,96.7
2019-08-21T08:45:00Z,AOB,Arundel_on_the_Bay,38.91675,-76.45838,1.0,7.08,1.05,28.68,9.36,96.4
2019-08-21T09:00:00Z,AOB,Arundel_on_the_Bay,38.91675,-76.45838,1.0,6.86,1.049,28.69,9.36,93.4
2019-08-21T09:15:00Z,AOB,Arundel_on_the_Bay,38.91675,-76.45838,1.0,7.03,1.049,28.61,9.37,95.6
2019-08-21T09:30:00Z,AOB,Arundel_on_the_Bay,38.91675,-76.45838,1.0,6.46,1.049,28.41,9.45,87.6
2019-08-21T09:45:00Z,AOB,Arundel_on_the_Bay,38.91675,-76.45838,1.0,6.55,1.049,28.5,9.46,89.0
2019-08-21T10:00:00Z,AOB,Arundel_on_the_Bay,38.91675,-76.45838,1.0,6.34,1.047,28.5,9.47,86.1
2019-08-21T10:15:00Z,AOB,Arundel_on_the_Bay,38.91675,-76.45838,1.0,6.13,1.048,28.46,9.47,83.2
2019-08-21T10:30:00Z,AOB,Arundel_on_the_Bay,38.91675,-76.45838,1.0,6.0,1.051,28.43,9.47,81.4
2019-08-21T10:45:00Z,AOB,Arundel_on_the_Bay,38.91675,-76.45838,1.0,5.79,1.051,28.41,9.47,78.5
2019-08-21T11:00:00Z,AOB,Arundel_on_the_Bay,38.91675,-76.45838,1.0,5.61,1.047,28.37,9.47,76.0
2019-08-21T11:15:00Z,AOB,Arundel_on_the_Bay,38.91675,-76.45838,1.0,5.7,1.05,28.33,9.46,77.2
2019-08-21T11:30:00Z,AOB,Arundel_on_the_Bay,38.91675,-76.45838,1.0,5.62,1.051,28.35,9.45,76.1
2019-08-21T11:45:00Z,AOB,Arundel_on_the_Bay,38.91675,-76.45838,1.0,5.37,1.05,28.34,9.46,72.7
2019-08-21T12:00:00Z,AOB,Arundel_on_the_Bay,38.91675,-76.45838,1.0,5.72,1.045,28.37,9.46,77.5
2019-08-21T12:15:00Z,AOB,Arundel_on_the_Bay,38.91675,-76.45838,1.0,5.77,1.047,28.4,9.46,78.3
2019-08-21T12:30:00Z,AOB,Arundel_on_the_Bay,38.91675,-76.45838,1.0,5.68,1.051,28.31,9.43,76.9
2019-08-21T12:45:00Z,AOB,Arundel_on_the_Bay,38.91675,-76.45838,1.0,6.01,1.043,28.37,9.47,81.4
2019-08-21T13:00:00Z,AOB,Arundel_on_the_Bay,38.91675,-76.45838,1.0,5.96,1.041,28.4,9.47,80.8
2019-08-21T13:15:00Z,AOB,Arundel_on_the_Bay,38.91675,-76.45838,1.0,6.17,1.035,28.42,9.46,83.7
2019-08-21T13:30:00Z,AOB,Arundel_on_the_Bay,38.91675,-76.45838,1.0,6.6,1.038,28.44,9.45,89.5
2019-08-21T13:45:00Z,AOB,Arundel_on_the_Bay,38.91675,-76.45838,1.0,6.48,1.033,28.43,9.45,87.9
2019-08-21T14:00:00Z,AOB,Arundel_on_the_Bay,38.91675,-76.45838,1.0,6.54,1.029,28.45,9.45,88.8
2019-08-21T14:15:00Z,AOB,Arundel_on_the_Bay,38.91675,-76.45838,1.0,6.76,1.036,28.49,9.43,91.7
2019-08-21T14:30:00Z,AOB,Arundel_on_the_Bay,38.91675,-76.45838,1.0,7.0,1.036,28.53,9.42,95.0
2019-08-21T14:45:00Z,AOB,Arundel_on_the_Bay,38.91675,-76.45838,1.0,7.19,1.038,28.53,9.4,97.7
2019-08-21T15:00:00Z,AOB,Arundel_on_the_Bay,38.91675,-76.45838,1.0,7.5,1.035,28.55,9.39,101.9
2019-08-21T15:15:00Z,AOB,Arundel_on_the_Bay,38.91675,-76.45838,1.0,7.7,1.036,28.56,9.38,104.7
2019-08-21T15:30:00Z,AOB,Arundel_on_the_Bay,38.91675,-76.45838,1.0,8.08,1.037,28.59,9.38,109.8
2019-08-21T15:45:00Z,AOB,Arundel_on_the_Bay,38.91675,-76.45838,1.0,8.17,1.032,28.75,9.38,111.4
2019-08-21T16:00:00Z,AOB,Arundel_on_the_Bay,38.91675,-76.45838,1.0,8.12,1.031,28.88,9.39,111.0
2019-08-21T16:15:00Z,AOB,Arundel_on_the_Bay,38.91675,-76.45838,1.0,8.0,1.024,28.87,9.41,109.3
2019-08-21T16:30:00Z,AOB,Arundel_on_the_Bay,38.91675,-76.45838,1.0,8.0,1.024,29.02,9.4,109.6
2019-08-21T16:45:00Z,AOB,Arundel_on_the_Bay,38.91675,-76.45838,1.0,7.91,1.022,29.09,9.41,108.6
2019-08-21T17:00:00Z,AOB,Arundel_on_the_Bay,38.91675,-76.45838,1.0,7.98,1.026,29.18,9.41,109.6
2019-08-21T17:15:00Z,AOB,Arundel_on_the_Bay,38.91675,-76.45838,1.0,7.79,1.023,29.34,9.4,107.3
2019-08-21T17:30:00Z,AOB,Arundel_on_the_Bay,38.91675,-76.45838,1.0,7.61,1.011,29.41,9.41,105.0
2019-08-21T17:45:00Z,AOB,Arundel_on_the_Bay,38.91675,-76.45838,1.0,7.45,1.014,29.39,9.41,102.7
2019-08-21T18:00:00Z,AOB,Arundel_on_the_Bay,38.91675,-76.45838,1.0,7.48,1.015,29.19,9.42,102.8
2019-08-21T18:15:00Z,AOB,Arundel_on_the_Bay,38.91675,-76.45838,1.0,7.06,1.008,29.39,9.38,97.3
2019-08-21T18:30:00Z,AOB,Arundel_on_the_Bay,38.91675,-76.45838,1.0,8.59,1.012,29.35,9.39,118.3
2019-08-21T18:45:00Z,AOB,Arundel_on_the_Bay,38.91675,-76.45838,1.0,8.22,1.005,29.45,9.4,113.4
2019-08-21T19:00:00Z,AOB,Arundel_on_the_Bay,38.91675,-76.45838,1.0,8.05,1.013,29.3,9.49,110.9
2019-08-21T19:15:00Z,AOB,Arundel_on_the_Bay,38.91675,-76.45838,1.0,8.28,1.007,29.33,9.5,114.1
2019-08-21T19:30:00Z,AOB,Arundel_on_the_Bay,38.91675,-76.45838,1.0,8.1,1.01,29.28,9.54,111.5
2019-08-21T19:45:00Z,AOB,Arundel_on_the_Bay,38.91675,-76.45838,1.0,7.59,1.01,29.19,9.66,104.4
2019-08-21T20:00:00Z,AOB,Arundel_on_the_Bay,38.91675,-76.45838,1.0,7.28,1.004,29.17,9.72,100.2
2019-08-21T20:15:00Z,AOB,Arundel_on_the_Bay,38.91675,-76.45838,1.0,6.86,1.002,29.08,9.81,94.2
2019-08-21T20:30:00Z,AOB,Arundel_on_the_Bay,38.91675,-76.45838,1.0,6.58,1.003,29.03,9.86,90.4
2019-08-21T20:45:00Z,AOB,Arundel_on_the_Bay,38.91675,-76.45838,1.0,6.81,1.007,29.11,9.83,93.6
2019-08-21T21:00:00Z,AOB,Arundel_on_the_Bay,38.91675,-76.45838,1.0,7.07,0.993,29.12,9.76,97.3
2019-08-21T21:15:00Z,AOB,Arundel_on_the_Bay,38.91675,-76.45838,1.0,7.53,0.999,29.25,9.63,103.7
2019-08-21T21:30:00Z,AOB,Arundel_on_the_Bay,38.91675,-76.45838,1.0,7.73,1.0,29.37,9.55,106.7
2019-08-21T21:45:00Z,AOB,Arundel_on_the_Bay,38.91675,-76.45838,1.0,7.77,1.002,29.49,9.48,107.4
2019-08-21T22:00:00Z,AOB,Arundel_on_the_Bay,38.91675,-76.45838,1.0,7.6,1.001,29.46,9.47,104.9
2019-08-21T22:15:00Z,AOB,Arundel_on_the_Bay,38.91675,-76.45838,1.0,7.35,1.002,29.41,9.46,101.4
2019-08-21T22:30:00Z,AOB,Arundel_on_the_Bay,38.91675,-76.45838,1.0,7.24,0.997,29.29,9.56,99.7
2019-08-21T22:45:00Z,AOB,Arundel_on_the_Bay,38.91675,-76.45838,1.0,7.28,1.008,29.25,9.57,100.3
2019-08-21T23:00:00Z,AOB,Arundel_on_the_Bay,38.91675,-76.45838,1.0,7.33,1.018,29.2,9.61,100.9
2019-08-22T00:00:00Z,AOB,Arundel_on_the_Bay,38.91675,-76.45838,1.0,7.01,1.007,29.19,9.6,96.4
2019-08-22T00:15:00Z,AOB,Arundel_on_the_Bay,38.91675,-76.45838,1.0,6.81,1.011,29.22,9.6,93.7
2019-08-22T00:30:00Z,AOB,Arundel_on_the_Bay,38.91675,-76.45838,1.0,6.57,1.01,29.21,9.63,90.4
2019-08-22T00:45:00Z,AOB,Arundel_on_the_Bay,38.91675,-76.45838,1.0,7.09,1.01,29.15,9.65,97.5
2019-08-22T01:00:00Z,AOB,Arundel_on_the_Bay,38.91675,-76.45838,1.0,6.82,1.014,29.12,9.63,93.7
2019-08-22T01:15:00Z,AOB,Arundel_on_the_Bay,38.91675,-76.45838,1.0,6.8,1.016,29.11,9.64,93.4
2019-08-22T01:30:00Z,AOB,Arundel_on_the_Bay,38.91675,-76.45838,1.0,6.58,1.018,29.06,9.61,90.3
2019-08-22T01:45:00Z,AOB,Arundel_on_the_Bay,38.91675,-76.45838,1.0,6.68,1.026,29.03,9.57,91.6
2019-08-22T02:00:00Z,AOB,Arundel_on_the_Bay,38.91675,-76.45838,1.0,6.59,1.024,29.08,9.69,90.5
2019-08-22T02:15:00Z,AOB,Arundel_on_the_Bay,38.91675,-76.45838,1.0,6.3,1.021,29.07,9.69,86.5
2019-08-22T02:30:00Z,AOB,Arundel_on_the_Bay,38.91675,-76.45838,1.0,6.35,1.021,29.02,9.7,87.1
2019-08-22T02:45:00Z,AOB,Arundel_on_the_Bay,38.91675,-76.45838,1.0,6.14,1.019,28.96,9.77,84.1
2019-08-22T03:00:00Z,AOB,Arundel_on_the_Bay,38.91675,-76.45838,1.0,6.21,1.016,28.92,9.79,85.1
2019-08-22T03:15:00Z,AOB,Arundel_on_the_Bay,38.91675,-76.45838,1.0,6.24,1.017,28.89,9.81,85.5
2019-08-22T03:30:00Z,AOB,Arundel_on_the_Bay,38.91675,-76.45838,1.0,6.09,1.016,28.86,9.8,83.3
2019-08-22T03:45:00Z,AOB,Arundel_on_the_Bay,38.91675,-76.45838,1.0,5.93,1.019,28.79,9.81,81.1
2019-08-22T04:00:00Z,AOB,Arundel_on_the_Bay,38.91675,-76.45838,1.0,5.84,1.021,28.74,9.8,79.8
2019-08-22T04:15:00Z,AOB,Arundel_on_the_Bay,38.91675,-76.45838,1.0,5.74,1.018,28.69,9.81,78.3
2019-08-22T04:30:00Z,AOB,Arundel_on_the_Bay,38.91675,-76.45838,1.0,5.64,1.023,28.63,9.81,77.0
2019-08-22T04:45:00Z,AOB,Arundel_on_the_Bay,38.91675,-76.45838,1.0,5.78,1.021,28.61,9.78,78.9
2019-08-22T05:00:00Z,AOB,Arundel_on_the_Bay,38.91675,-76.45838,1.0,5.65,1.023,28.57,9.79,77.0
2019-08-22T05:15:00Z,AOB,Arundel_on_the_Bay,38.91675,-76.45838,1.0,5.65,1.023,28.56,9.79,76.9
2019-08-22T05:30:00Z,AOB,Arundel_on_the_Bay,38.91675,-76.45838,1.0,5.61,1.023,28.53,9.79,76.4
2019-08-22T05:45:00Z,AOB,Arundel_on_the_Bay,38.91675,-76.45838,1.0,5.39,1.022,28.43,9.87,73.3
2019-08-22T06:00:00Z,AOB,Arundel_on_the_Bay,38.91675,-76.45838,1.0,4.83,1.02,28.33,10.0,65.6
2019-08-22T06:15:00Z,AOB,Arundel_on_the_Bay,38.91675,-76.45838,1.0,4.54,1.019,28.28,10.1,61.6
2019-08-22T06:30:00Z,AOB,Arundel_on_the_Bay,38.91675,-76.45838,1.0,4.52,1.022,28.25,10.11,61.3
2019-08-22T06:45:00Z,AOB,Arundel_on_the_Bay,38.91675,-76.45838,1.0,4.76,1.02,28.29,10.0,64.6
2019-08-22T07:00:00Z,AOB,Arundel_on_the_Bay,38.91675,-76.45838,1.0,4.7,1.021,28.27,10.02,63.8
2019-08-22T07:15:00Z,AOB,Arundel_on_the_Bay,38.91675,-76.45838,1.0,4.85,1.02,28.25,10.03,65.7
2019-08-22T07:30:00Z,AOB,Arundel_on_the_Bay,38.91675,-76.45838,1.0,4.79,1.019,28.22,10.05,64.9
2019-08-22T07:45:00Z,AOB,Arundel_on_the_Bay,38.91675,-76.45838,1.0,4.7,1.017,28.21,10.07,63.7
2019-08-22T08:00:00Z,AOB,Arundel_on_the_Bay,38.91675,-76.45838,1.0,4.96,1.016,28.17,10.02,67.2
2019-08-22T08:15:00Z,AOB,Arundel_on_the_Bay,38.91675,-76.45838,1.0,5.04,1.015,28.15,10.0,68.2
2019-08-22T08:30:00Z,AOB,Arundel_on_the_Bay,38.91675,-76.45838,1.0,5.25,1.015,28.1,9.98,71.0
2019-08-22T08:45:00Z,AOB,Arundel_on_the_Bay,38.91675,-76.45838,1.0,5.14,1.014,28.09,10.0,69.5
2019-08-22T09:00:00Z,AOB,Arundel_on_the_Bay,38.91675,-76.45838,1.0,5.04,1.015,28.05,10.01,68.1
2019-08-22T09:15:00Z,AOB,Arundel_on_the_Bay,38.91675,-76.45838,1.0,5.1,1.014,28.0,10.0,68.9
2019-08-22T09:30:00Z,AOB,Arundel_on_the_Bay,38.91675,-76.45838,1.0,5.04,1.016,27.98,9.99,68.0
2019-08-22T09:45:00Z,AOB,Arundel_on_the_Bay,38.91675,-76.45838,1.0,4.91,1.02,27.91,9.9,66.2
2019-08-22T10:00:00Z,AOB,Arundel_on_the_Bay,38.91675,-76.45838,1.0,4.85,1.021,27.93,9.88,65.3
2019-08-22T10:15:00Z,AOB,Arundel_on_the_Bay,38.91675,-76.45838,1.0,4.68,1.023,27.96,9.89,63.1
2019-08-22T10:30:00Z,AOB,Arundel_on_the_Bay,38.91675,-76.45838,1.0,4.62,1.026,27.96,9.86,62.2
2019-08-22T10:45:00Z,AOB,Arundel_on_the_Bay,38.91675,-76.45838,1.0,4.63,1.028,27.93,9.84,62.4
2019-08-22T11:00:00Z,AOB,Arundel_on_the_Bay,38.91675,-76.45838,1.0,4.71,1.025,27.89,9.81,63.4
2019-08-22T11:15:00Z,AOB,Arundel_on_the_Bay,38.91675,-76.45838,1.0,4.62,1.032,27.96,9.85,62.3
2019-08-22T11:30:00Z,AOB,Arundel_on_the_Bay,38.91675,-76.45838,1.0,4.75,1.032,28.01,9.88,64.1
2019-08-22T11:45:00Z,AOB,Arundel_on_the_Bay,38.91675,-76.45838,1.0,4.85,1.035,28.09,9.85,65.6
2019-08-22T12:00:00Z,AOB,Arundel_on_the_Bay,38.91675,-76.45838,1.0,4.85,1.036,28.16,9.82,65.6
2019-08-22T12:15:00Z,AOB,Arundel_on_the_Bay,38.91675,-76.45838,1.0,4.59,1.037,28.12,9.84,62.1
2019-08-22T12:30:00Z,AOB,Arundel_on_the_Bay,38.91675,-76.45838,1.0,4.83,1.035,28.15,9.83,65.4
2019-08-22T12:45:00Z,AOB,Arundel_on_the_Bay,38.91675,-76.45838,1.0,4.71,1.038,28.11,9.85,63.7
2019-08-22T13:00:00Z,AOB,Arundel_on_the_Bay,38.91675,-76.45838,1.0,4.74,1.036,28.12,9.85,64.1
2019-08-22T13:15:00Z,AOB,Arundel_on_the_Bay,38.91675,-76.45838,1.0,4.73,1.036,28.1,9.85,63.9
2019-08-22T13:30:00Z,AOB,Arundel_on_the_Bay,38.91675,-76.45838,1.0,4.91,1.039,28.1,9.85,66.4
2019-08-22T13:45:00Z,AOB,Arundel_on_the_Bay,38.91675,-76.45838,1.0,5.32,1.037,28.12,9.86,71.9
2019-08-22T14:00:00Z,AOB,Arundel_on_the_Bay,38.91675,-76.45838,1.0,5.11,1.041,28.13,9.85,69.1
2019-08-22T14:15:00Z,AOB,Arundel_on_the_Bay,38.91675,-76.45838,1.0,5.06,1.04,28.13,9.86,68.5
2019-08-22T14:30:00Z,AOB,Arundel_on_the_Bay,38.91675,-76.45838,1.0,5.39,1.04,28.19,9.85,72.9
2019-08-22T14:45:00Z,AOB,Arundel_on_the_Bay,38.91675,-76.45838,1.0,5.54,1.04,28.17,9.83,74.9
2019-08-22T15:00:00Z,AOB,Arundel_on_the_Bay,38.91675,-76.45838,1.0,5.99,1.037,28.22,9.83,81.1
2019-08-22T15:15:00Z,AOB,Arundel_on_the_Bay,38.91675,-76.45838,1.0,6.28,1.038,28.3,9.82,85.1
2019-08-22T15:30:00Z,AOB,Arundel_on_the_Bay,38.91675,-76.45838,1.0,6.41,1.038,28.27,9.83,86.8
2019-08-22T15:45:00Z,AOB,Arundel_on_the_Bay,38.91675,-76.45838,1.0,6.74,1.034,28.37,9.83,91.5
2019-08-22T16:00:00Z,AOB,Arundel_on_the_Bay,38.91675,-76.45838,1.0,6.78,1.032,28.37,9.82,92.0
2019-08-22T16:15:00Z,AOB,Arundel_on_the_Bay,38.91675,-76.45838,1.0,7.13,1.03,28.41,9.79,96.9
2019-08-22T16:30:00Z,AOB,Arundel_on_the_Bay,38.91675,-76.45838,1.0,7.49,1.029,28.42,9.78,101.8
2019-08-22T16:45:00Z,AOB,Arundel_on_the_Bay,38.91675,-76.45838,1.0,7.83,1.028,28.43,9.76,106.3
2019-08-22T17:00:00Z,AOB,Arundel_on_the_Bay,38.91675,-76.45838,1.0,7.89,1.027,28.44,9.75,107.3
2019-08-22T17:15:00Z,AOB,Arundel_on_the_Bay,38.91675,-76.45838,1.0,7.71,1.027,28.46,9.73,104.8
2019-08-22T17:30:00Z,AOB,Arundel_on_the_Bay,38.91675,-76.45838,1.0,7.49,1.027,28.47,9.73,101.9
2019-08-22T17:45:00Z,AOB,Arundel_on_the_Bay,38.91675,-76.45838,1.0,7.33,1.028,28.45,9.72,99.6
2019-08-22T18:00:00Z,AOB,Arundel_on_the_Bay,38.91675,-76.45838,1.0,7.24,1.025,28.45,9.72,98.3
2019-08-22T18:15:00Z,AOB,Arundel_on_the_Bay,38.91675,-76.45838,1.0,7.09,1.027,28.44,9.71,96.3
2019-08-22T18:30:00Z,AOB,Arundel_on_the_Bay,38.91675,-76.45838,1.0,6.99,1.025,28.44,9.71,94.9
2019-08-22T18:45:00Z,AOB,Arundel_on_the_Bay,38.91675,-76.45838,1.0,6.85,1.024,28.48,9.73,93.1
2019-08-22T19:00:00Z,AOB,Arundel_on_the_Bay,38.91675,-76.45838,1.0,6.51,1.022,28.57,9.81,88.7
2019-08-22T19:15:00Z,AOB,Arundel_on_the_Bay,38.91675,-76.45838,1.0,6.79,1.018,28.5,9.83,92.4
2019-08-22T19:30:00Z,AOB,Arundel_on_the_Bay,38.91675,-76.45838,1.0,7.06,1.017,28.46,9.87,96.0
2019-08-22T19:45:00Z,AOB,Arundel_on_the_Bay,38.91675,-76.45838,1.0,7.1,1.013,28.45,9.91,96.5
2019-08-22T20:00:00Z,AOB,Arundel_on_the_Bay,38.91675,-76.45838,1.0,7.12,1.008,28.45,9.91,96.8
2019-08-22T20:15:00Z,AOB,Arundel_on_the_Bay,38.91675,-76.45838,1.0,7.08,1.004,28.49,9.91,96.3
2019-08-22T20:30:00Z,AOB,Arundel_on_the_Bay,38.91675,-76.45838,1.0,7.19,1.006,28.61,9.89,98.1
2019-08-22T20:45:00Z,AOB,Arundel_on_the_Bay,38.91675,-76.45838,1.0,7.64,0.999,28.86,9.86,104.6
2019-08-22T21:00:00Z,AOB,Arundel_on_the_Bay,38.91675,-76.45838,1.0,8.72,1.008,29.47,9.8,120.7
2019-08-22T21:15:00Z,AOB,Arundel_on_the_Bay,38.91675,-76.45838,1.0,8.57,1.009,29.47,9.8,118.5
2019-08-22T21:30:00Z,AOB,Arundel_on_the_Bay,38.91675,-76.45838,1.0,8.34,1.007,29.38,9.81,115.2
2019-08-22T21:45:00Z,AOB,Arundel_on_the_Bay,38.91675,-76.45838,1.0,8.68,1.009,29.55,9.79,120.3
2019-08-22T22:00:00Z,AOB,Arundel_on_the_Bay,38.91675,-76.45838,1.0,8.96,0.999,29.8,9.76,124.6
2019-08-23T00:00:00Z,AOB,Arundel_on_the_Bay,38.91675,-76.45838,1.0,8.19,1.005,29.5,9.64,113.2
2019-08-23T00:15:00Z,AOB,Arundel_on_the_Bay,38.91675,-76.45838,1.0,8.37,1.003,29.68,9.52,116.1
2019-08-23T00:30:00Z,AOB,Arundel_on_the_Bay,38.91675,-76.45838,1.0,8.26,1.006,29.61,9.54,114.3
2019-08-23T00:45:00Z,AOB,Arundel_on_the_Bay,38.91675,-76.45838,1.0,8.1,1.011,29.65,9.5,112.3
2019-08-23T01:00:00Z,AOB,Arundel_on_the_Bay,38.91675,-76.45838,1.0,8.17,1.01,29.68,9.46,113.1
2019-08-23T01:15:00Z,AOB,Arundel_on_the_Bay,38.91675,-76.45838,1.0,7.8,1.017,29.61,9.49,108.0
2019-08-23T01:30:00Z,AOB,Arundel_on_the_Bay,38.91675,-76.45838,1.0,7.78,1.026,29.57,9.5,107.6
2019-08-23T01:45:00Z,AOB,Arundel_on_the_Bay,38.91675,-76.45838,1.0,7.66,1.025,29.41,9.6,105.7
2019-08-23T02:00:00Z,AOB,Arundel_on_the_Bay,38.91675,-76.45838,1.0,7.57,1.024,29.15,9.73,104.1
2019-08-23T02:15:00Z,AOB,Arundel_on_the_Bay,38.91675,-76.45838,1.0,7.29,1.028,28.97,9.8,100.0
2019-08-23T02:30:00Z,AOB,Arundel_on_the_Bay,38.91675,-76.45838,1.0,6.98,1.029,28.88,9.81,95.6
2019-08-23T02:45:00Z,AOB,Arundel_on_the_Bay,38.91675,-76.45838,1.0,6.84,1.036,28.75,9.82,93.5
2019-08-23T03:00:00Z,AOB,Arundel_on_the_Bay,38.91675,-76.45838,1.0,7.07,1.037,28.65,9.85,96.4
2019-08-23T03:15:00Z,AOB,Arundel_on_the_Bay,38.91675,-76.45838,1.0,6.76,1.033,28.69,9.82,92.3
2019-08-23T03:30:00Z,AOB,Arundel_on_the_Bay,38.91675,-76.45838,1.0,6.61,1.037,28.63,9.84,90.2
2019-08-23T03:45:00Z,AOB,Arundel_on_the_Bay,38.91675,-76.45838,1.0,6.58,1.032,28.62,9.84,89.7
2019-08-23T04:00:00Z,AOB,Arundel_on_the_Bay,38.91675,-76.45838,1.0,6.4,1.033,28.56,9.87,87.2
2019-08-23T04:15:00Z,AOB,Arundel_on_the_Bay,38.91675,-76.45838,1.0,6.44,1.033,28.48,9.92,87.6
2019-08-23T04:30:00Z,AOB,Arundel_on_the_Bay,38.91675,-76.45838,1.0,6.14,1.032,28.43,9.91,83.4
2019-08-23T04:45:00Z,AOB,Arundel_on_the_Bay,38.91675,-76.45838,1.0,6.01,1.028,28.4,9.9,81.7
2019-08-23T05:00:00Z,AOB,Arundel_on_the_Bay,38.91675,-76.45838,1.0,6.38,1.029,28.38,9.89,86.6
2019-08-23T05:15:00Z,AOB,Arundel_on_the_Bay,38.91675,-76.45838,1.0,6.68,1.027,28.42,9.84,90.7
2019-08-23T05:30:00Z,AOB,Arundel_on_the_Bay,38.91675,-76.45838,1.0,6.88,1.028,28.46,9.81,93.6
2019-08-23T05:45:00Z,AOB,Arundel_on_the_Bay,38.91675,-76.45838,1.0,6.97,1.024,28.49,9.78,94.8
2019-08-23T06:00:00Z,AOB,Arundel_on_the_Bay,38.91675,-76.45838,1.0,7.03,1.026,28.49,9.76,95.6
2019-08-23T06:15:00Z,AOB,Arundel_on_the_Bay,38.91675,-76.45838,1.0,7.12,1.024,28.5,9.74,96.9
2019-08-23T06:30:00Z,AOB,Arundel_on_the_Bay,38.91675,-76.45838,1.0,7.22,1.023,28.5,9.72,98.1
2019-08-23T06:45:00Z,AOB,Arundel_on_the_Bay,38.91675,-76.45838,1.0,7.06,1.022,28.51,9.71,96.1
2019-08-23T07:00:00Z,AOB,Arundel_on_the_Bay,38.91675,-76.45838,1.0,6.8,1.021,28.54,9.71,92.6
2019-08-23T07:15:00Z,AOB,Arundel_on_the_Bay,38.91675,-76.45838,1.0,6.67,1.025,28.51,9.73,90.7
2019-08-23T07:30:00Z,AOB,Arundel_on_the_Bay,38.91675,-76.45838,1.0,7.24,1.026,28.45,9.67,98.4
2019-08-23T07:45:00Z,AOB,Arundel_on_the_Bay,38.91675,-76.45838,1.0,7.24,1.021,28.36,9.68,98.2
2019-08-23T08:00:00Z,AOB,Arundel_on_the_Bay,38.91675,-76.45838,1.0,6.91,1.026,28.36,9.69,93.8
2019-08-23T08:15:00Z,AOB,Arundel_on_the_Bay,38.91675,-76.45838,1.0,7.04,1.027,28.38,9.67,95.5
2019-08-23T08:30:00Z,AOB,Arundel_on_the_Bay,38.91675,-76.45838,1.0,7.08,1.028,28.39,9.65,96.0
2019-08-23T08:45:00Z,AOB,Arundel_on_the_Bay,38.91675,-76.45838,1.0,7.08,1.027,28.39,9.65,96.0
2019-08-23T09:00:00Z,AOB,Arundel_on_the_Bay,38.91675,-76.45838,1.0,6.94,1.031,28.39,9.64,94.2
2019-08-23T09:15:00Z,AOB,Arundel_on_the_Bay,38.91675,-76.45838,1.0,6.69,1.03,28.38,9.66,90.7
2019-08-23T09:30:00Z,AOB,Arundel_on_the_Bay,38.91675,-76.45838,1.0,6.6,1.031,28.35,9.66,89.5
2019-08-23T09:45:00Z,AOB,Arundel_on_the_Bay,38.91675,-76.45838,1.0,6.44,1.035,28.32,9.64,87.3
2019-08-23T10:00:00Z,AOB,Arundel_on_the_Bay,38.91675,-76.45838,1.0,6.25,1.035,28.3,9.65,84.7
2019-08-23T10:15:00Z,AOB,Arundel_on_the_Bay,38.91675,-76.45838,1.0,6.15,1.038,28.3,9.66,83.4
2019-08-23T10:30:00Z,AOB,Arundel_on_the_Bay,38.91675,-76.45838,1.0,6.08,1.038,28.26,9.66,82.3
2019-08-23T10:45:00Z,AOB,Arundel_on_the_Bay,38.91675,-76.45838,1.0,5.83,1.04,28.22,9.67,78.8
2019-08-23T11:00:00Z,AOB,Arundel_on_the_Bay,38.91675,-76.45838,1.0,5.98,1.035,28.17,9.67,80.9
2019-08-23T11:15:00Z,AOB,Arundel_on_the_Bay,38.91675,-76.45838,1.0,5.93,1.032,28.16,9.68,80.2
2019-08-23T11:30:00Z,AOB,Arundel_on_the_Bay,38.91675,-76.45838,1.0,5.97,1.031,28.13,9.67,80.6
2019-08-23T11:45:00Z,AOB,Arundel_on_the_Bay,38.91675,-76.45838,1.0,5.85,1.031,28.11,9.66,79.0
2019-08-23T12:00:00Z,AOB,Arundel_on_the_Bay,38.91675,-76.45838,1.0,5.56,1.034,28.14,9.66,75.1
2019-08-23T12:15:00Z,AOB,Arundel_on_the_Bay,38.91675,-76.45838,1.0,5.62,1.023,28.29,9.65,76.2
2019-08-23T12:30:00Z,AOB,Arundel_on_the_Bay,38.91675,-76.45838,1.0,5.61,1.032,28.32,9.65,76.0
2019-08-23T12:45:00Z,AOB,Arundel_on_the_Bay,38.91675,-76.45838,1.0,5.62,1.036,28.32,9.65,76.2
2019-08-23T13:00:00Z,AOB,Arundel_on_the_Bay,38.91675,-76.45838,1.0,5.85,1.035,28.27,9.65,79.2
2019-08-23T13:15:00Z,AOB,Arundel_on_the_Bay,38.91675,-76.45838,1.0,5.86,1.036,28.15,9.65,79.1
2019-08-23T13:30:00Z,AOB,Arundel_on_the_Bay,38.91675,-76.45838,1.0,5.93,1.019,28.09,9.66,80.1
2019-08-23T13:45:00Z,AOB,Arundel_on_the_Bay,38.91675,-76.45838,1.0,6.12,1.033,28.03,9.66,82.5
2019-08-23T14:00:00Z,AOB,Arundel_on_the_Bay,38.91675,-76.45838,1.0,6.41,1.03,27.95,9.67,86.4
2019-08-23T14:15:00Z,AOB,Arundel_on_the_Bay,38.91675,-76.45838,1.0,6.54,1.028,27.9,9.67,88.0
2019-08-23T14:30:00Z,AOB,Arundel_on_the_Bay,38.91675,-76.45838,1.0,6.6,1.033,27.9,9.67,88.8
2019-08-23T14:45:00Z,AOB,Arundel_on_the_Bay,38.91675,-76.45838,1.0,6.76,1.038,27.85,9.67,90.9
2019-08-23T15:00:00Z,AOB,Arundel_on_the_Bay,38.91675,-76.45838,1.0,6.83,1.043,27.78,9.67,91.7
2019-08-23T15:15:00Z,AOB,Arundel_on_the_Bay,38.91675,-76.45838,1.0,6.88,1.045,27.74,9.67,92.3
2019-08-23T15:30:00Z,AOB,Arundel_on_the_Bay,38.91675,-76.45838,1.0,6.84,1.04,27.71,9.67,91.8
2019-08-23T15:45:00Z,AOB,Arundel_on_the_Bay,38.91675,-76.45838,1.0,6.85,1.039,27.68,9.67,91.8
2019-08-23T16:00:00Z,AOB,Arundel_on_the_Bay,38.91675,-76.45838,1.0,6.86,1.04,27.67,9.67,92.0
2019-08-23T16:15:00Z,AOB,Arundel_on_the_Bay,38.91675,-76.45838,1.0,6.97,1.038,27.62,9.66,93.3
2019-08-23T16:30:00Z,AOB,Arundel_on_the_Bay,38.91675,-76.45838,1.0,6.95,1.045,27.57,9.66,93.0
2019-08-23T16:45:00Z,AOB,Arundel_on_the_Bay,38.91675,-76.45838,1.0,6.84,1.031,27.52,9.65,91.4
2019-08-23T17:00:00Z,AOB,Arundel_on_the_Bay,38.91675,-76.45838,1.0,6.82,1.044,27.47,9.64,91.2
2019-08-23T17:15:00Z,AOB,Arundel_on_the_Bay,38.91675,-76.45838,1.0,6.82,1.038,27.44,9.65,91.0
2019-08-23T17:30:00Z,AOB,Arundel_on_the_Bay,38.91675,-76.45838,1.0,6.8,1.051,27.43,9.64,90.8
2019-08-23T17:45:00Z,AOB,Arundel_on_the_Bay,38.91675,-76.45838,1.0,6.87,1.038,27.4,9.66,91.7
2019-08-23T18:00:00Z,AOB,Arundel_on_the_Bay,38.91675,-76.45838,1.0,6.95,1.041,27.32,9.68,92.6
2019-08-23T18:15:00Z,AOB,Arundel_on_the_Bay,38.91675,-76.45838,1.0,6.96,1.044,27.22,9.7,92.6
2019-08-23T18:30:00Z,AOB,Arundel_on_the_Bay,38.91675,-76.45838,1.0,6.97,1.044,27.23,9.67,92.7
2019-08-23T18:45:00Z,AOB,Arundel_on_the_Bay,38.91675,-76.45838,1.0,7.03,1.035,27.24,9.63,93.5
2019-08-23T19:00:00Z,AOB,Arundel_on_the_Bay,38.91675,-76.45838,1.0,7.09,1.041,27.22,9.61,94.3
2019-08-23T19:15:00Z,AOB,Arundel_on_the_Bay,38.91675,-76.45838,1.0,7.17,1.042,27.2,9.59,95.3
2019-08-23T19:30:00Z,AOB,Arundel_on_the_Bay,38.91675,-76.45838,1.0,7.19,1.044,27.17,9.58,95.5
2019-08-23T19:45:00Z,AOB,Arundel_on_the_Bay,38.91675,-76.45838,1.0,7.17,1.045,27.13,9.57,95.2
2019-08-23T20:00:00Z,AOB,Arundel_on_the_Bay,38.91675,-76.45838,1.0,7.18,1.039,27.1,9.57,95.2
2019-08-23T20:15:00Z,AOB,Arundel_on_the_Bay,38.91675,-76.45838,1.0,7.21,1.044,27.07,9.56,95.6
2019-08-23T20:30:00Z,AOB,Arundel_on_the_Bay,38.91675,-76.45838,1.0,7.22,1.05,27.05,9.56,95.7
2019-08-23T20:45:00Z,AOB,Arundel_on_the_Bay,38.91675,-76.45838,1.0,7.23,1.05,27.01,9.55,95.8
2019-08-23T21:00:00Z,AOB,Arundel_on_the_Bay,38.91675,-76.45838,1.0,7.27,1.049,26.98,9.56,96.2
2019-08-23T21:15:00Z,AOB,Arundel_on_the_Bay,38.91675,-76.45838,1.0,7.26,1.051,26.94,9.55,96.1
2019-08-23T21:30:00Z,AOB,Arundel_on_the_Bay,38.91675,-76.45838,1.0,7.26,1.06,26.91,9.55,95.9
2019-08-23T21:45:00Z,AOB,Arundel_on_the_Bay,38.91675,-76.45838,1.0,7.24,1.052,26.92,9.55,95.6
2019-08-23T22:00:00Z,AOB,Arundel_on_the_Bay,38.91675,-76.45838,1.0,7.19,1.06,26.9,9.55,95.0
2019-08-23T22:15:00Z,AOB,Arundel_on_the_Bay,38.91675,-76.45838,1.0,7.13,1.058,26.88,9.55,94.2
2019-08-23T22:30:00Z,AOB,Arundel_on_the_Bay,38.91675,-76.45838,1.0,7.03,1.06,26.87,9.55,92.9
2019-08-23T22:45:00Z,AOB,Arundel_on_the_Bay,38.91675,-76.45838,1.0,6.96,1.058,26.82,9.55,91.8
2019-08-23T23:00:00Z,AOB,Arundel_on_the_Bay,38.91675,-76.45838,1.0,6.97,1.058,26.69,9.54,91.8
2019-08-24T00:00:00Z,AOB,Arundel_on_the_Bay,38.91675,-76.45838,1.0,5.69,1.062,26.99,9.61,75.3
2019-08-24T00:15:00Z,AOB,Arundel_on_the_Bay,38.91675,-76.45838,1.0,5.74,1.061,27.0,9.61,75.9
2019-08-24T00:30:00Z,AOB,Arundel_on_the_Bay,38.91675,-76.45838,1.0,5.66,1.066,26.98,9.61,75.0
2019-08-24T00:45:00Z,AOB,Arundel_on_the_Bay,38.91675,-76.45838,1.0,5.54,1.07,26.98,9.61,73.4
2019-08-24T01:00:00Z,AOB,Arundel_on_the_Bay,38.91675,-76.45838,1.0,5.76,1.072,26.95,9.61,76.2
2019-08-24T01:15:00Z,AOB,Arundel_on_the_Bay,38.91675,-76.45838,1.0,5.49,1.07,26.91,9.61,72.6
2019-08-24T01:30:00Z,AOB,Arundel_on_the_Bay,38.91675,-76.45838,1.0,5.95,1.078,26.86,9.59,78.6
2019-08-24T01:45:00Z,AOB,Arundel_on_the_Bay,38.91675,-76.45838,1.0,5.65,1.077,26.84,9.6,74.6
2019-08-24T02:00:00Z,AOB,Arundel_on_the_Bay,38.91675,-76.45838,1.0,5.7,1.079,26.89,9.62,75.3
2019-08-24T02:15:00Z,AOB,Arundel_on_the_Bay,38.91675,-76.45838,1.0,5.83,1.078,27.18,9.78,77.5
2019-08-24T02:30:00Z,AOB,Arundel_on_the_Bay,38.91675,-76.45838,1.0,5.61,1.078,27.14,9.78,74.5
2019-08-24T02:45:00Z,AOB,Arundel_on_the_Bay,38.91675,-76.45838,1.0,5.58,1.077,27.04,9.75,74.0
2019-08-24T03:00:00Z,AOB,Arundel_on_the_Bay,38.91675,-76.45838,1.0,5.46,1.078,27.02,9.76,72.4
2019-08-24T03:15:00Z,AOB,Arundel_on_the_Bay,38.91675,-76.45838,1.0,5.55,1.081,26.74,9.66,73.1
2019-08-24T03:30:00Z,AOB,Arundel_on_the_Bay,38.91675,-76.45838,1.0,5.34,1.083,26.57,9.6,70.2
2019-08-24T03:45:00Z,AOB,Arundel_on_the_Bay,38.91675,-76.45838,1.0,5.42,1.084,26.57,9.6,71.3
2019-08-24T04:00:00Z,AOB,Arundel_on_the_Bay,38.91675,-76.45838,1.0,5.46,1.083,26.47,9.59,71.7
2019-08-24T04:15:00Z,AOB,Arundel_on_the_Bay,38.91675,-76.45838,1.0,5.63,1.082,26.65,9.65,74.2
2019-08-24T04:30:00Z,AOB,Arundel_on_the_Bay,38.91675,-76.45838,1.0,5.74,1.08,26.83,9.69,75.9
2019-08-24T04:45:00Z,AOB,Arundel_on_the_Bay,38.91675,-76.45838,1.0,5.93,1.079,26.79,9.64,78.2
2019-08-24T05:00:00Z,AOB,Arundel_on_the_Bay,38.91675,-76.45838,1.0,6.01,1.079,26.73,9.52,79.2
2019-08-24T05:15:00Z,AOB,Arundel_on_the_Bay,38.91675,-76.45838,1.0,5.94,1.08,26.63,9.53,78.1
2019-08-24T05:30:00Z,AOB,Arundel_on_the_Bay,38.91675,-76.45838,1.0,5.76,1.072,26.51,9.56,75.6
2019-08-24T05:45:00Z,AOB,Arundel_on_the_Bay,38.91675,-76.45838,1.0,5.94,1.074,26.41,9.44,77.8
2019-08-24T06:00:00Z,AOB,Arundel_on_the_Bay,38.91675,-76.45838,1.0,6.01,1.073,26.27,9.43,78.5
2019-08-24T06:15:00Z,AOB,Arundel_on_the_Bay,38.91675,-76.45838,1.0,5.9,1.073,26.08,9.58,76.9
2019-08-24T06:30:00Z,AOB,Arundel_on_the_Bay,38.91675,-76.45838,1.0,6.03,1.074,25.71,9.52,78.0
2019-08-24T06:45:00Z,AOB,Arundel_on_the_Bay,38.91675,-76.45838,1.0,6.04,1.073,25.57,9.49,78.0
2019-08-24T07:00:00Z,AOB,Arundel_on_the_Bay,38.91675,-76.45838,1.0,6.23,1.075,25.77,9.47,80.7
2019-08-24T07:15:00Z,AOB,Arundel_on_the_Bay,38.91675,-76.45838,1.0,6.19,1.075,25.85,9.47,80.3
2019-08-24T07:30:00Z,AOB,Arundel_on_the_Bay,38.91675,-76.45838,1.0,6.2,1.074,25.95,9.47,80.5
2019-08-24T07:45:00Z,AOB,Arundel_on_the_Bay,38.91675,-76.45838,1.0,6.18,1.069,25.98,9.47,80.3
2019-08-24T08:00:00Z,AOB,Arundel_on_the_Bay,38.91675,-76.45838,1.0,6.14,1.081,26.08,9.33,79.9
2019-08-24T08:15:00Z,AOB,Arundel_on_the_Bay,38.91675,-76.45838,1.0,6.06,1.075,25.97,9.34,78.7
2019-08-24T08:30:00Z,AOB,Arundel_on_the_Bay,38.91675,-76.45838,1.0,6.05,1.078,26.11,9.23,78.7
2019-08-24T08:45:00Z,AOB,Arundel_on_the_Bay,38.91675,-76.45838,1.0,6.02,1.075,26.16,9.2,78.3
2019-08-24T09:00:00Z,AOB,Arundel_on_the_Bay,38.91675,-76.45838,1.0,5.99,1.081,26.19,9.18,78.0
2019-08-24T09:15:00Z,AOB,Arundel_on_the_Bay,38.91675,-76.45838,1.0,5.99,1.084,26.22,9.15,78.1
2019-08-24T09:30:00Z,AOB,Arundel_on_the_Bay,38.91675,-76.45838,1.0,6.01,1.08,26.22,9.14,78.2
2019-08-24T09:45:00Z,AOB,Arundel_on_the_Bay,38.91675,-76.45838,1.0,5.98,1.08,26.05,9.18,77.7
2019-08-24T10:00:00Z,AOB,Arundel_on_the_Bay,38.91675,-76.45838,1.0,5.97,1.082,26.01,9.18,77.5
2019-08-24T10:15:00Z,AOB,Arundel_on_the_Bay,38.91675,-76.45838,1.0,5.94,1.086,25.99,9.18,77.1
2019-08-24T10:30:00Z,AOB,Arundel_on_the_Bay,38.91675,-76.45838,1.0,5.9,1.084,25.98,9.17,76.6
2019-08-24T10:45:00Z,AOB,Arundel_on_the_Bay,38.91675,-76.45838,1.0,5.95,1.087,26.08,9.12,77.3
2019-08-24T11:00:00Z,AOB,Arundel_on_the_Bay,38.91675,-76.45838,1.0,5.96,1.097,26.14,9.1,77.5
2019-08-24T11:15:00Z,AOB,Arundel_on_the_Bay,38.91675,-76.45838,1.0,5.88,1.099,26.07,9.11,76.4
2019-08-24T11:30:00Z,AOB,Arundel_on_the_Bay,38.91675,-76.45838,1.0,5.9,1.1,26.04,9.11,76.6
2019-08-24T11:45:00Z,AOB,Arundel_on_the_Bay,38.91675,-76.45838,1.0,5.94,1.106,26.0,9.11,77.1
2019-08-24T12:00:00Z,AOB,Arundel_on_the_Bay,38.91675,-76.45838,1.0,6.11,1.091,26.07,9.04,79.3
2019-08-24T12:15:00Z,AOB,Arundel_on_the_Bay,38.91675,-76.45838,1.0,6.22,1.094,26.07,9.0,80.8
2019-08-24T12:30:00Z,AOB,Arundel_on_the_Bay,38.91675,-76.45838,1.0,6.27,1.098,26.01,9.0,81.4
2019-08-24T12:45:00Z,AOB,Arundel_on_the_Bay,38.91675,-76.45838,1.0,6.43,1.105,26.02,8.98,83.4
2019-08-24T13:00:00Z,AOB,Arundel_on_the_Bay,38.91675,-76.45838,1.0,6.42,1.098,26.01,9.0,83.3
2019-08-24T13:15:00Z,AOB,Arundel_on_the_Bay,38.91675,-76.45838,1.0,6.49,1.102,25.99,9.0,84.2
2019-08-24T13:30:00Z,AOB,Arundel_on_the_Bay,38.91675,-76.45838,1.0,6.68,1.097,25.9,9.04,86.5
2019-08-24T13:45:00Z,AOB,Arundel_on_the_Bay,38.91675,-76.45838,1.0,6.77,1.106,25.88,9.04,87.6
2019-08-24T14:00:00Z,AOB,Arundel_on_the_Bay,38.91675,-76.45838,1.0,6.77,1.104,25.91,9.04,87.6
2019-08-24T14:15:00Z,AOB,Arundel_on_the_Bay,38.91675,-76.45838,1.0,6.83,1.105,25.96,9.04,88.5
2019-08-24T14:30:00Z,AOB,Arundel_on_the_Bay,38.91675,-76.45838,1.0,6.84,1.102,25.97,9.05,88.6
2019-08-24T14:45:00Z,AOB,Arundel_on_the_Bay,38.91675,-76.45838,1.0,6.83,1.104,25.89,9.1,88.5
2019-08-24T15:00:00Z,AOB,Arundel_on_the_Bay,38.91675,-76.45838,1.0,6.94,1.105,25.87,9.14,89.8
2019-08-24T15:15:00Z,AOB,Arundel_on_the_Bay,38.91675,-76.45838,1.0,7.05,1.11,25.9,9.15,91.3
2019-08-24T15:30:00Z,AOB,Arundel_on_the_Bay,38.91675,-76.45838,1.0,7.09,1.102,25.89,9.16,91.8
2019-08-24T15:45:00Z,AOB,Arundel_on_the_Bay,38.91675,-76.45838,1.0,7.14,1.107,25.93,9.18,92.5
2019-08-24T16:00:00Z,AOB,Arundel_on_the_Bay,38.91675,-76.45838,1.0,7.14,1.098,25.93,9.18,92.5
2019-08-24T16:15:00Z,AOB,Arundel_on_the_Bay,38.91675,-76.45838,1.0,7.7,1.1,26.1,9.17,100.2
2019-08-24T16:30:00Z,AOB,Arundel_on_the_Bay,38.91675,-76.45838,1.0,7.91,1.103,26.34,9.12,103.2
2019-08-24T16:45:00Z,AOB,Arundel_on_the_Bay,38.91675,-76.45838,1.0,8.0,1.104,26.54,9.07,104.7
2019-08-24T17:00:00Z,AOB,Arundel_on_the_Bay,38.91675,-76.45838,1.0,8.08,1.102,26.71,9.04,106.1
2019-08-24T17:15:00Z,AOB,Arundel_on_the_Bay,38.91675,-76.45838,1.0,8.25,1.105,26.82,9.06,108.6
2019-08-24T17:30:00Z,AOB,Arundel_on_the_Bay,38.91675,-76.45838,1.0,8.35,1.105,26.81,9.08,109.9
2019-08-24T17:45:00Z,AOB,Arundel_on_the_Bay,38.91675,-76.45838,1.0,8.35,1.103,26.8,9.12,109.9
2019-08-24T18:00:00Z,AOB,Arundel_on_the_Bay,38.91675,-76.45838,1.0,8.63,1.101,27.03,9.07,114.0
2019-08-24T18:15:00Z,AOB,Arundel_on_the_Bay,38.91675,-76.45838,1.0,8.79,1.101,27.1,9.04,116.2
2019-08-24T18:30:00Z,AOB,Arundel_on_the_Bay,38.91675,-76.45838,1.0,9.1,1.098,27.33,8.95,120.8
2019-08-24T18:45:00Z,AOB,Arundel_on_the_Bay,38.91675,-76.45838,1.0,9.34,1.097,27.48,8.89,124.2
2019-08-24T19:00:00Z,AOB,Arundel_on_the_Bay,38.91675,-76.45838,1.0,9.5,1.098,27.55,8.86,126.5
2019-08-24T19:15:00Z,AOB,Arundel_on_the_Bay,38.91675,-76.45838,1.0,9.77,1.096,27.6,8.88,130.2
2019-08-24T19:30:00Z,AOB,Arundel_on_the_Bay,38.91675,-76.45838,1.0,9.98,1.096,27.62,8.89,133.1
2019-08-24T19:45:00Z,AOB,Arundel_on_the_Bay,38.91675,-76.45838,1.0,10.08,1.098,27.64,8.9,134.4
2019-08-24T20:00:00Z,AOB,Arundel_on_the_Bay,38.91675,-76.45838,1.0,10.24,1.1,27.67,8.9,136.7
2019-08-24T20:15:00Z,AOB,Arundel_on_the_Bay,38.91675,-76.45838,1.0,10.46,1.096,27.72,8.9,139.7
2019-08-24T20:30:00Z,AOB,Arundel_on_the_Bay,38.91675,-76.45838,1.0,10.71,1.095,27.78,8.9,143.3
2019-08-24T20:45:00Z,AOB,Arundel_on_the_Bay,38.91675,-76.45838,1.0,10.78,1.098,27.79,8.9,144.1
2019-08-24T21:00:00Z,AOB,Arundel_on_the_Bay,38.91675,-76.45838,1.0,11.24,1.096,27.83,8.88,150.4
2019-08-24T21:15:00Z,AOB,Arundel_on_the_Bay,38.91675,-76.45838,1.0,11.48,1.097,27.83,8.86,153.6
2019-08-24T21:30:00Z,AOB,Arundel_on_the_Bay,38.91675,-76.45838,1.0,11.54,1.102,27.8,8.87,154.3
2019-08-24T21:45:00Z,AOB,Arundel_on_the_Bay,38.91675,-76.45838,1.0,11.55,1.096,27.78,8.86,154.5
2019-08-24T22:00:00Z,AOB,Arundel_on_the_Bay,38.91675,-76.45838,1.0,11.55,1.097,27.76,8.87,154.4
2019-08-24T22:15:00Z,AOB,Arundel_on_the_Bay,38.91675,-76.45838,1.0,11.85,1.088,27.75,8.85,158.3
2019-08-24T22:30:00Z,AOB,Arundel_on_the_Bay,38.91675,-76.45838,1.0,11.79,1.083,27.7,8.87,157.4
2019-08-24T22:45:00Z,AOB,Arundel_on_the_Bay,38.91675,-76.45838,1.0,11.82,1.1,27.65,8.87,157.6
2019-08-24T23:00:00Z,AOB,Arundel_on_the_Bay,38.91675,-76.45838,1.0,11.69,1.094,27.59,8.86,155.8
2019-08-25T00:00:00Z,AOB,Arundel_on_the_Bay,38.91675,-76.45838,1.0,10.34,1.106,27.31,8.9,137.2
2019-08-25T00:15:00Z,AOB,Arundel_on_the_Bay,38.91675,-76.45838,1.0,10.38,1.106,27.28,8.86,137.5
2019-08-25T00:30:00Z,AOB,Arundel_on_the_Bay,38.91675,-76.45838,1.0,10.56,1.105,27.29,8.77,139.9
2019-08-25T00:45:00Z,AOB,Arundel_on_the_Bay,38.91675,-76.45838,1.0,10.05,1.104,27.2,8.81,133.0
2019-08-25T01:00:00Z,AOB,Arundel_on_the_Bay,38.91675,-76.45838,1.0,9.25,1.106,27.05,9.25,122.3
2019-08-25T01:15:00Z,AOB,Arundel_on_the_Bay,38.91675,-76.45838,1.0,9.22,1.112,27.11,9.27,122.1
2019-08-25T01:30:00Z,AOB,Arundel_on_the_Bay,38.91675,-76.45838,1.0,8.89,1.106,27.1,9.26,117.7
2019-08-25T01:45:00Z,AOB,Arundel_on_the_Bay,38.91675,-76.45838,1.0,8.56,1.112,27.06,9.26,113.3
2019-08-25T02:00:00Z,AOB,Arundel_on_the_Bay,38.91675,-76.45838,1.0,8.49,1.111,27.0,9.27,112.2
2019-08-25T02:15:00Z,AOB,Arundel_on_the_Bay,38.91675,-76.45838,1.0,8.6,1.114,26.83,9.12,113.2
2019-08-25T02:30:00Z,AOB,Arundel_on_the_Bay,38.91675,-76.45838,1.0,8.31,1.116,26.91,9.14,109.6
2019-08-25T02:45:00Z,AOB,Arundel_on_the_Bay,38.91675,-76.45838,1.0,8.37,1.113,26.83,9.12,110.2
2019-08-25T03:00:00Z,AOB,Arundel_on_the_Bay,38.91675,-76.45838,1.0,8.19,1.113,26.82,9.15,107.9
2019-08-25T03:15:00Z,AOB,Arundel_on_the_Bay,38.91675,-76.45838,1.0,7.92,1.12,26.82,9.16,104.3
2019-08-25T03:30:00Z,AOB,Arundel_on_the_Bay,38.91675,-76.45838,1.0,7.91,1.119,26.78,9.14,104.0
2019-08-25T03:45:00Z,AOB,Arundel_on_the_Bay,38.91675,-76.45838,1.0,7.67,1.119,26.69,9.19,100.8
2019-08-25T04:00:00Z,AOB,Arundel_on_the_Bay,38.91675,-76.45838,1.0,7.63,1.121,26.64,9.18,100.1
2019-08-25T04:15:00Z,AOB,Arundel_on_the_Bay,38.91675,-76.45838,1.0,7.49,1.118,26.51,9.12,98.1
2019-08-25T04:30:00Z,AOB,Arundel_on_the_Bay,38.91675,-76.45838,1.0,8.39,1.119,26.63,9.14,110.1
2019-08-25T04:45:00Z,AOB,Arundel_on_the_Bay,38.91675,-76.45838,1.0,8.26,1.11,26.5,9.12,108.2
2019-08-25T05:00:00Z,AOB,Arundel_on_the_Bay,38.91675,-76.45838,1.0,8.09,1.117,26.53,9.09,106.0
2019-08-25T05:15:00Z,AOB,Arundel_on_the_Bay,38.91675,-76.45838,1.0,8.14,1.121,26.48,9.11,106.5
2019-08-25T05:30:00Z,AOB,Arundel_on_the_Bay,38.91675,-76.45838,1.0,8.0,1.112,26.47,9.15,104.6
2019-08-25T05:45:00Z,AOB,Arundel_on_the_Bay,38.91675,-76.45838,1.0,7.86,1.099,26.46,9.13,102.8
2019-08-25T06:00:00Z,AOB,Arundel_on_the_Bay,38.91675,-76.45838,1.0,7.78,1.101,26.36,9.13,101.7
2019-08-25T06:15:00Z,AOB,Arundel_on_the_Bay,38.91675,-76.45838,1.0,7.91,1.098,26.3,9.1,103.2
2019-08-25T06:30:00Z,AOB,Arundel_on_the_Bay,38.91675,-76.45838,1.0,8.09,1.1,26.26,9.09,105.5
2019-08-25T06:45:00Z,AOB,Arundel_on_the_Bay,38.91675,-76.45838,1.0,8.27,1.105,26.19,8.97,107.6
2019-08-25T07:00:00Z,AOB,Arundel_on_the_Bay,38.91675,-76.45838,1.0,8.27,1.108,26.1,8.98,107.4
2019-08-25T07:15:00Z,AOB,Arundel_on_the_Bay,38.91675,-76.45838,1.0,8.2,1.11,26.04,8.8,106.3
2019-08-25T07:30:00Z,AOB,Arundel_on_the_Bay,38.91675,-76.45838,1.0,7.84,1.111,26.22,8.7,101.9
2019-08-25T07:45:00Z,AOB,Arundel_on_the_Bay,38.91675,-76.45838,1.0,7.7,1.109,26.22,8.69,100.1
2019-08-25T08:00:00Z,AOB,Arundel_on_the_Bay,38.91675,-76.45838,1.0,7.68,1.108,26.25,8.65,99.8
2019-08-25T08:15:00Z,AOB,Arundel_on_the_Bay,38.91675,-76.45838,1.0,7.65,1.102,26.22,8.65,99.3
2019-08-25T08:30:00Z,AOB,Arundel_on_the_Bay,38.91675,-76.45838,1.0,7.62,1.103,26.19,8.64,99.0
2019-08-25T08:45:00Z,AOB,Arundel_on_the_Bay,38.91675,-76.45838,1.0,7.64,1.103,26.1,8.64,99.0
2019-08-25T09:00:00Z,AOB,Arundel_on_the_Bay,38.91675,-76.45838,1.0,7.62,1.107,26.03,8.65,98.6
2019-08-25T09:15:00Z,AOB,Arundel_on_the_Bay,38.91675,-76.45838,1.0,7.63,1.105,25.93,8.66,98.7
2019-08-25T09:30:00Z,AOB,Arundel_on_the_Bay,38.91675,-76.45838,1.0,7.63,1.104,25.8,8.69,98.4
2019-08-25T09:45:00Z,AOB,Arundel_on_the_Bay,38.91675,-76.45838,1.0,7.68,1.107,25.74,8.71,99.0
2019-08-25T10:00:00Z,AOB,Arundel_on_the_Bay,38.91675,-76.45838,1.0,7.71,1.107,25.73,8.72,99.3
2019-08-25T10:15:00Z,AOB,Arundel_on_the_Bay,38.91675,-76.45838,1.0,7.67,1.097,25.66,8.7,98.7
2019-08-25T10:30:00Z,AOB,Arundel_on_the_Bay,38.91675,-76.45838,1.0,7.72,1.11,25.61,8.68,99.2
2019-08-25T10:45:00Z,AOB,Arundel_on_the_Bay,38.91675,-76.45838,1.0,7.66,1.108,25.63,8.66,98.4
2019-08-25T11:00:00Z,AOB,Arundel_on_the_Bay,38.91675,-76.45838,1.0,7.61,1.107,25.64,8.65,97.8
2019-08-25T11:15:00Z,AOB,Arundel_on_the_Bay,38.91675,-76.45838,1.0,7.58,1.114,25.61,8.66,97.4
2019-08-25T11:30:00Z,AOB,Arundel_on_the_Bay,38.91675,-76.45838,1.0,7.62,1.112,25.52,8.66,97.7
2019-08-25T11:45:00Z,AOB,Arundel_on_the_Bay,38.91675,-76.45838,1.0,7.62,1.107,25.48,8.66,97.7
2019-08-25T12:00:00Z,AOB,Arundel_on_the_Bay,38.91675,-76.45838,1.0,7.64,1.105,25.45,8.66,97.9
2019-08-25T12:15:00Z,AOB,Arundel_on_the_Bay,38.91675,-76.45838,1.0,7.66,1.11,25.43,8.66,98.1
2019-08-25T12:30:00Z,AOB,Arundel_on_the_Bay,38.91675,-76.45838,1.0,7.67,1.112,25.48,8.66,98.4
2019-08-25T12:45:00Z,AOB,Arundel_on_the_Bay,38.91675,-76.45838,1.0,7.7,1.11,25.4,8.66,98.6
2019-08-25T13:00:00Z,AOB,Arundel_on_the_Bay,38.91675,-76.45838,1.0,7.73,1.119,25.41,8.66,98.9
2019-08-25T13:15:00Z,AOB,Arundel_on_the_Bay,38.91675,-76.45838,1.0,7.79,1.105,25.33,8.66,99.6
2019-08-25T13:30:00Z,AOB,Arundel_on_the_Bay,38.91675,-76.45838,1.0,7.88,1.113,25.18,8.68,100.4
2019-08-25T13:45:00Z,AOB,Arundel_on_the_Bay,38.91675,-76.45838,1.0,7.87,1.104,25.08,8.68,100.2
2019-08-25T14:00:00Z,AOB,Arundel_on_the_Bay,38.91675,-76.45838,1.0,7.93,1.108,25.02,8.7,100.9
2019-08-25T14:15:00Z,AOB,Arundel_on_the_Bay,38.91675,-76.45838,1.0,7.97,1.103,25.0,8.72,101.3
2019-08-25T14:30:00Z,AOB,Arundel_on_the_Bay,38.91675,-76.45838,1.0,7.85,1.117,24.94,8.76,99.7
2019-08-25T14:45:00Z,AOB,Arundel_on_the_Bay,38.91675,-76.45838,1.0,7.84,1.116,24.93,8.8,99.6
2019-08-25T15:00:00Z,AOB,Arundel_on_the_Bay,38.91675,-76.45838,1.0,7.77,1.113,24.86,8.81,98.6
2019-08-25T15:15:00Z,AOB,Arundel_on_the_Bay,38.91675,-76.45838,1.0,7.83,1.115,24.85,8.8,99.3
2019-08-25T15:30:00Z,AOB,Arundel_on_the_Bay,38.91675,-76.45838,1.0,8.01,1.113,24.87,8.77,101.7
2019-08-25T15:45:00Z,AOB,Arundel_on_the_Bay,38.91675,-76.45838,1.0,8.17,1.105,24.92,8.75,103.8
2019-08-25T16:00:00Z,AOB,Arundel_on_the_Bay,38.91675,-76.45838,1.0,8.31,1.106,25.03,8.71,105.7
2019-08-25T16:15:00Z,AOB,Arundel_on_the_Bay,38.91675,-76.45838,1.0,8.41,1.112,25.15,8.69,107.3
2019-08-25T16:30:00Z,AOB,Arundel_on_the_Bay,38.91675,-76.45838,1.0,8.46,1.112,25.26,8.68,108.0
2019-08-25T16:45:00Z,AOB,Arundel_on_the_Bay,38.91675,-76.45838,1.0,8.54,1.101,25.41,8.67,109.4
2019-08-25T17:00:00Z,AOB,Arundel_on_the_Bay,38.91675,-76.45838,1.0,8.68,1.11,25.53,8.66,111.3
2019-08-25T17:15:00Z,AOB,Arundel_on_the_Bay,38.91675,-76.45838,1.0,8.87,1.109,25.63,8.65,114.0
2019-08-25T17:30:00Z,AOB,Arundel_on_the_Bay,38.91675,-76.45838,1.0,9.05,1.113,25.68,8.64,116.5
2019-08-25T17:45:00Z,AOB,Arundel_on_the_Bay,38.91675,-76.45838,1.0,9.23,1.102,25.73,8.64,118.9
2019-08-25T18:00:00Z,AOB,Arundel_on_the_Bay,38.91675,-76.45838,1.0,9.6,1.106,25.77,8.64,123.7
2019-08-25T18:15:00Z,AOB,Arundel_on_the_Bay,38.91675,-76.45838,1.0,9.81,1.096,25.71,8.63,126.3
2019-08-25T18:30:00Z,AOB,Arundel_on_the_Bay,38.91675,-76.45838,1.0,10.08,1.101,25.85,8.6,130.0
2019-08-25T18:45:00Z,AOB,Arundel_on_the_Bay,38.91675,-76.45838,1.0,10.16,1.098,25.96,8.59,131.4
2019-08-25T19:00:00Z,AOB,Arundel_on_the_Bay,38.91675,-76.45838,1.0,10.2,1.104,26.09,8.57,132.2
2019-08-25T19:15:00Z,AOB,Arundel_on_the_Bay,38.91675,-76.45838,1.0,10.18,1.095,26.09,8.57,131.9
2019-08-25T19:30:00Z,AOB,Arundel_on_the_Bay,38.91675,-76.45838,1.0,10.1,1.1,26.07,8.56,130.8
2019-08-25T19:45:00Z,AOB,Arundel_on_the_Bay,38.91675,-76.45838,1.0,10.29,1.102,26.05,8.57,133.2
2019-08-25T20:00:00Z,AOB,Arundel_on_the_Bay,38.91675,-76.45838,1.0,10.4,1.097,26.17,8.57,135.0
2019-08-25T20:15:00Z,AOB,Arundel_on_the_Bay,38.91675,-76.45838,1.0,10.63,1.096,26.3,8.56,138.2
2019-08-25T20:30:00Z,AOB,Arundel_on_the_Bay,38.91675,-76.45838,1.0,10.41,1.097,26.35,8.57,135.5
2019-08-25T20:45:00Z,AOB,Arundel_on_the_Bay,38.91675,-76.45838,1.0,10.89,1.104,26.33,8.6,141.8
2019-08-25T21:00:00Z,AOB,Arundel_on_the_Bay,38.91675,-76.45838,1.0,10.77,1.091,26.35,8.64,140.2
2019-08-25T21:15:00Z,AOB,Arundel_on_the_Bay,38.91675,-76.45838,1.0,10.41,1.1,26.4,8.65,135.7
2019-08-25T21:30:00Z,AOB,Arundel_on_the_Bay,38.91675,-76.45838,1.0,10.32,1.099,26.43,8.66,134.6
2019-08-25T21:45:00Z,AOB,Arundel_on_the_Bay,38.91675,-76.45838,1.0,10.16,1.105,26.43,8.66,132.6
2019-08-25T22:00:00Z,AOB,Arundel_on_the_Bay,38.91675,-76.45838,1.0,10.03,1.101,26.43,8.65,130.8
2019-08-25T22:15:00Z,AOB,Arundel_on_the_Bay,38.91675,-76.45838,1.0,9.9,1.102,26.42,8.64,129.0
2019-08-25T22:30:00Z,AOB,Arundel_on_the_Bay,38.91675,-76.45838,1.0,9.83,1.105,26.38,8.64,128.1
2019-08-25T22:45:00Z,AOB,Arundel_on_the_Bay,38.91675,-76.45838,1.0,9.76,1.104,26.35,8.63,127.0
2019-08-25T23:00:00Z,AOB,Arundel_on_the_Bay,38.91675,-76.45838,1.0,9.67,1.098,26.32,8.63,125.9
2019-08-26T00:00:00Z,AOB,Arundel_on_the_Bay,38.91675,-76.45838,1.0,9.22,1.095,26.1,8.61,119.5
2019-08-26T00:15:00Z,AOB,Arundel_on_the_Bay,38.91675,-76.45838,1.0,8.99,1.099,26.05,8.59,116.4
2019-08-26T00:30:00Z,AOB,Arundel_on_the_Bay,38.91675,-76.45838,1.0,8.84,1.098,25.95,8.6,114.3
2019-08-26T00:45:00Z,AOB,Arundel_on_the_Bay,38.91675,-76.45838,1.0,8.72,1.101,25.88,8.61,112.6
2019-08-26T01:00:00Z,AOB,Arundel_on_the_Bay,38.91675,-76.45838,1.0,8.32,1.101,25.87,8.56,107.4
2019-08-26T01:15:00Z,AOB,Arundel_on_the_Bay,38.91675,-76.45838,1.0,8.15,1.107,25.83,8.56,105.1
2019-08-26T01:30:00Z,AOB,Arundel_on_the_Bay,38.91675,-76.45838,1.0,8.01,1.106,25.68,8.69,103.1
2019-08-26T01:45:00Z,AOB,Arundel_on_the_Bay,38.91675,-76.45838,1.0,8.1,1.1,25.54,8.77,104.1
2019-08-26T02:00:00Z,AOB,Arundel_on_the_Bay,38.91675,-76.45838,1.0,8.35,1.098,25.49,8.91,107.2
2019-08-26T02:15:00Z,AOB,Arundel_on_the_Bay,38.91675,-76.45838,1.0,8.34,1.104,25.53,8.94,107.3
2019-08-26T02:30:00Z,AOB,Arundel_on_the_Bay,38.91675,-76.45838,1.0,8.28,1.105,25.52,8.92,106.4
2019-08-26T02:45:00Z,AOB,Arundel_on_the_Bay,38.91675,-76.45838,1.0,8.18,1.113,25.47,8.9,105.0
2019-08-26T03:00:00Z,AOB,Arundel_on_the_Bay,38.91675,-76.45838,1.0,8.06,1.108,25.43,8.86,103.3
2019-08-26T03:15:00Z,AOB,Arundel_on_the_Bay,38.91675,-76.45838,1.0,8.02,1.111,25.38,8.89,102.8
2019-08-26T03:30:00Z,AOB,Arundel_on_the_Bay,38.91675,-76.45838,1.0,7.93,1.109,25.3,8.85,101.5
2019-08-26T03:45:00Z,AOB,Arundel_on_the_Bay,38.91675,-76.45838,1.0,7.86,1.105,25.21,8.87,100.4
2019-08-26T04:00:00Z,AOB,Arundel_on_the_Bay,38.91675,-76.45838,1.0,7.64,1.099,25.26,8.75,97.7
2019-08-26T04:15:00Z,AOB,Arundel_on_the_Bay,38.91675,-76.45838,1.0,7.49,1.099,25.19,8.71,95.6
2019-08-26T04:30:00Z,AOB,Arundel_on_the_Bay,38.91675,-76.45838,1.0,7.41,1.104,25.09,8.69,94.3
2019-08-26T04:45:00Z,AOB,Arundel_on_the_Bay,38.91675,-76.45838,1.0,7.53,1.103,25.01,8.73,95.8
2019-08-26T05:00:00Z,AOB,Arundel_on_the_Bay,38.91675,-76.45838,1.0,7.68,1.109,25.03,8.8,97.8
2019-08-26T05:15:00Z,AOB,Arundel_on_the_Bay,38.91675,-76.45838,1.0,7.75,1.1,25.08,8.83,98.7
2019-08-26T05:30:00Z,AOB,Arundel_on_the_Bay,38.91675,-76.45838,1.0,7.69,1.104,25.04,8.81,97.9
2019-08-26T05:45:00Z,AOB,Arundel_on_the_Bay,38.91675,-76.45838,1.0,7.63,1.101,25.08,8.77,97.2
2019-08-26T06:00:00Z,AOB,Arundel_on_the_Bay,38.91675,-76.45838,1.0,7.68,1.104,24.84,8.83,97.5
2019-08-26T06:15:00Z,AOB,Arundel_on_the_Bay,38.91675,-76.45838,1.0,7.65,1.098,24.87,8.74,97.0
2019-08-26T06:30:00Z,AOB,Arundel_on_the_Bay,38.91675,-76.45838,1.0,7.59,1.101,24.76,8.65,96.1
2019-08-26T06:45:00Z,AOB,Arundel_on_the_Bay,38.91675,-76.45838,1.0,7.74,1.102,24.69,8.69,97.9
2019-08-26T07:00:00Z,AOB,Arundel_on_the_Bay,38.91675,-76.45838,1.0,7.71,1.098,24.66,8.69,97.4
2019-08-26T07:15:00Z,AOB,Arundel_on_the_Bay,38.91675,-76.45838,1.0,7.57,1.097,24.3,8.8,95.0
2019-08-26T07:30:00Z,AOB,Arundel_on_the_Bay,38.91675,-76.45838,1.0,7.51,1.099,24.43,8.71,94.5
2019-08-26T07:45:00Z,AOB,Arundel_on_the_Bay,38.91675,-76.45838,1.0,7.51,1.1,24.57,8.63,94.7
2019-08-26T08:00:00Z,AOB,Arundel_on_the_Bay,38.91675,-76.45838,1.0,7.46,1.102,24.67,8.6,94.2
2019-08-26T08:15:00Z,AOB,Arundel_on_the_Bay,38.91675,-76.45838,1.0,7.45,1.106,24.81,8.59,94.4
2019-08-26T08:30:00Z,AOB,Arundel_on_the_Bay,38.91675,-76.45838,1.0,7.44,1.093,24.88,8.57,94.3
2019-08-26T08:45:00Z,AOB,Arundel_on_the_Bay,38.91675,-76.45838,1.0,7.53,1.101,24.94,8.6,95.6
2019-08-26T09:00:00Z,AOB,Arundel_on_the_Bay,38.91675,-76.45838,1.0,7.55,1.097,24.9,8.6,95.8
2019-08-26T09:15:00Z,AOB,Arundel_on_the_Bay,38.91675,-76.45838,1.0,7.55,1.097,24.88,8.61,95.7
2019-08-26T09:30:00Z,AOB,Arundel_on_the_Bay,38.91675,-76.45838,1.0,7.52,1.09,24.88,8.61,95.3
2019-08-26T09:45:00Z,AOB,Arundel_on_the_Bay,38.91675,-76.45838,1.0,7.5,1.104,24.85,8.6,95.1
2019-08-26T10:00:00Z,AOB,Arundel_on_the_Bay,38.91675,-76.45838,1.0,7.48,1.106,24.85,8.6,94.7
2019-08-26T10:15:00Z,AOB,Arundel_on_the_Bay,38.91675,-76.45838,1.0,7.35,1.099,24.84,8.6,93.1
2019-08-26T10:30:00Z,AOB,Arundel_on_the_Bay,38.91675,-76.45838,1.0,7.34,1.102,24.82,8.6,92.9
2019-08-26T10:45:00Z,AOB,Arundel_on_the_Bay,38.91675,-76.45838,1.0,7.23,1.098,24.8,8.61,91.5
2019-08-26T11:00:00Z,AOB,Arundel_on_the_Bay,38.91675,-76.45838,1.0,7.18,1.102,24.77,8.6,90.9
2019-08-26T11:15:00Z,AOB,Arundel_on_the_Bay,38.91675,-76.45838,1.0,7.24,1.102,24.75,8.59,91.6
2019-08-26T11:30:00Z,AOB,Arundel_on_the_Bay,38.91675,-76.45838,1.0,7.3,1.102,24.71,8.6,92.3
2019-08-26T11:45:00Z,AOB,Arundel_on_the_Bay,38.91675,-76.45838,1.0,7.36,1.105,24.68,8.6,93.0
2019-08-26T12:00:00Z,AOB,Arundel_on_the_Bay,38.91675,-76.45838,1.0,7.46,1.104,24.7,8.59,94.3
2019-08-26T12:15:00Z,AOB,Arundel_on_the_Bay,38.91675,-76.45838,1.0,7.56,1.096,24.67,8.6,95.5
2019-08-26T12:30:00Z,AOB,Arundel_on_the_Bay,38.91675,-76.45838,1.0,7.54,1.103,24.61,8.6,95.1
2019-08-26T12:45:00Z,AOB,Arundel_on_the_Bay,38.91675,-76.45838,1.0,7.56,1.11,24.58,8.6,95.4
2019-08-26T13:00:00Z,AOB,Arundel_on_the_Bay,38.91675,-76.45838,1.0,7.62,1.102,24.58,8.6,96.0
2019-08-26T13:15:00Z,AOB,Arundel_on_the_Bay,38.91675,-76.45838,1.0,7.66,1.1,24.54,8.6,96.5
2019-08-26T13:30:00Z,AOB,Arundel_on_the_Bay,38.91675,-76.45838,1.0,7.76,1.109,24.53,8.59,97.8
2019-08-26T13:45:00Z,AOB,Arundel_on_the_Bay,38.91675,-76.45838,1.0,7.78,1.112,24.48,8.61,98.0
2019-08-26T14:00:00Z,AOB,Arundel_on_the_Bay,38.91675,-76.45838,1.0,7.86,1.108,24.46,8.61,98.9
2019-08-26T14:15:00Z,AOB,Arundel_on_the_Bay,38.91675,-76.45838,1.0,7.94,1.109,24.48,8.61,100.0
2019-08-26T14:30:00Z,AOB,Arundel_on_the_Bay,38.91675,-76.45838,1.0,8.0,1.109,24.41,8.62,100.6
2019-08-26T14:45:00Z,AOB,Arundel_on_the_Bay,38.91675,-76.45838,1.0,7.99,1.109,24.33,8.63,100.3
2019-08-26T15:00:00Z,AOB,Arundel_on_the_Bay,38.91675,-76.45838,1.0,8.31,1.106,24.65,8.61,104.9
2019-08-26T15:15:00Z,AOB,Arundel_on_the_Bay,38.91675,-76.45838,1.0,8.34,1.108,24.69,8.62,105.4
2019-08-26T15:30:00Z,AOB,Arundel_on_the_Bay,38.91675,-76.45838,1.0,8.08,1.111,24.75,8.72,102.3
2019-08-26T15:45:00Z,AOB,Arundel_on_the_Bay,38.91675,-76.45838,1.0,7.65,1.109,24.78,8.94,97.1
2019-08-26T16:00:00Z,AOB,Arundel_on_the_Bay,38.91675,-76.45838,1.0,7.65,1.104,24.76,8.91,97.0
2019-08-26T16:15:00Z,AOB,Arundel_on_the_Bay,38.91675,-76.45838,1.0,7.9,1.107,24.82,8.91,100.2
2019-08-26T16:30:00Z,AOB,Arundel_on_the_Bay,38.91675,-76.45838,1.0,8.42,1.104,24.92,8.83,107.0
2019-08-26T16:45:00Z,AOB,Arundel_on_the_Bay,38.91675,-76.45838,1.0,8.7,1.104,24.86,8.76,110.3
2019-08-26T17:00:00Z,AOB,Arundel_on_the_Bay,38.91675,-76.45838,1.0,8.96,1.102,24.99,8.81,113.9
2019-08-26T17:15:00Z,AOB,Arundel_on_the_Bay,38.91675,-76.45838,1.0,9.14,1.097,25.02,8.78,116.2
2019-08-26T17:30:00Z,AOB,Arundel_on_the_Bay,38.91675,-76.45838,1.0,9.15,1.103,24.93,8.76,116.2
2019-08-26T17:45:00Z,AOB,Arundel_on_the_Bay,38.91675,-76.45838,1.0,9.13,1.1,24.96,8.78,116.1
2019-08-26T18:00:00Z,AOB,Arundel_on_the_Bay,38.91675,-76.45838,1.0,9.22,1.099,25.04,8.83,117.5
2019-08-26T18:15:00Z,AOB,Arundel_on_the_Bay,38.91675,-76.45838,1.0,9.33,1.103,25.04,8.84,118.8
2019-08-26T18:30:00Z,AOB,Arundel_on_the_Bay,38.91675,-76.45838,1.0,9.29,1.1,24.98,8.79,118.2
2019-08-26T18:45:00Z,AOB,Arundel_on_the_Bay,38.91675,-76.45838,1.0,9.58,1.095,24.76,8.68,121.2
2019-08-26T19:00:00Z,AOB,Arundel_on_the_Bay,38.91675,-76.45838,1.0,9.66,1.093,24.79,8.67,122.3
2019-08-26T19:15:00Z,AOB,Arundel_on_the_Bay,38.91675,-76.45838,1.0,9.72,1.094,24.79,8.63,123.0
2019-08-26T19:30:00Z,AOB,Arundel_on_the_Bay,38.91675,-76.45838,1.0,9.69,1.089,24.81,8.62,122.8
2019-08-26T19:45:00Z,AOB,Arundel_on_the_Bay,38.91675,-76.45838,1.0,9.74,1.088,24.85,8.62,123.4
2019-08-26T20:00:00Z,AOB,Arundel_on_the_Bay,38.91675,-76.45838,1.0,9.89,1.089,24.92,8.63,125.5
2019-08-26T20:15:00Z,AOB,Arundel_on_the_Bay,38.91675,-76.45838,1.0,9.95,1.091,24.94,8.62,126.3
2019-08-26T20:30:00Z,AOB,Arundel_on_the_Bay,38.91675,-76.45838,1.0,9.97,1.089,24.99,8.62,126.7
2019-08-26T20:45:00Z,AOB,Arundel_on_the_Bay,38.91675,-76.45838,1.0,9.89,1.087,25.05,8.62,125.9
2019-08-26T21:00:00Z,AOB,Arundel_on_the_Bay,38.91675,-76.45838,1.0,9.85,1.084,25.1,8.62,125.4
2019-08-26T21:15:00Z,AOB,Arundel_on_the_Bay,38.91675,-76.45838,1.0,9.79,1.081,25.13,8.62,124.8
2019-08-26T21:30:00Z,AOB,Arundel_on_the_Bay,38.91675,-76.45838,1.0,9.7,1.08,25.17,8.62,123.7
2019-08-26T21:45:00Z,AOB,Arundel_on_the_Bay,38.91675,-76.45838,1.0,9.62,1.074,25.17,8.62,122.7
2019-08-26T22:00:00Z,AOB,Arundel_on_the_Bay,38.91675,-76.45838,1.0,9.5,1.081,25.18,8.64,121.2
2019-08-26T22:15:00Z,AOB,Arundel_on_the_Bay,38.91675,-76.45838,1.0,9.32,1.077,25.21,8.67,118.9
2019-08-26T22:30:00Z,AOB,Arundel_on_the_Bay,38.91675,-76.45838,1.0,9.4,1.078,25.24,8.71,120.1
2019-08-26T22:45:00Z,AOB,Arundel_on_the_Bay,38.91675,-76.45838,1.0,9.41,1.082,25.18,8.71,120.1
2019-08-26T23:00:00Z,AOB,Arundel_on_the_Bay,38.91675,-76.45838,1.0,9.59,1.084,25.23,8.79,122.5
2019-08-27T00:00:00Z,AOB,Arundel_on_the_Bay,38.91675,-76.45838,1.0,9.4,1.08,25.16,8.84,120.0
2019-08-27T00:15:00Z,AOB,Arundel_on_the_Bay,38.91675,-76.45838,1.0,9.3,1.084,25.13,8.85,118.6
2019-08-27T00:30:00Z,AOB,Arundel_on_the_Bay,38.91675,-76.45838,1.0,9.2,1.087,25.11,8.85,117.4
2019-08-27T00:45:00Z,AOB,Arundel_on_the_Bay,38.91675,-76.45838,1.0,9.04,1.092,25.12,8.87,115.2
2019-08-27T01:00:00Z,AOB,Arundel_on_the_Bay,38.91675,-76.45838,1.0,8.67,1.091,25.08,8.89,110.6
2019-08-27T01:15:00Z,AOB,Arundel_on_the_Bay,38.91675,-76.45838,1.0,8.66,1.095,25.06,8.89,110.3
2019-08-27T01:30:00Z,AOB,Arundel_on_the_Bay,38.91675,-76.45838,1.0,8.3,1.092,25.03,8.92,105.7
2019-08-27T01:45:00Z,AOB,Arundel_on_the_Bay,38.91675,-76.45838,1.0,8.19,1.101,24.6,8.83,103.5
2019-08-27T02:00:00Z,AOB,Arundel_on_the_Bay,38.91675,-76.45838,1.0,8.04,1.101,24.6,8.85,101.6
2019-08-27T02:15:00Z,AOB,Arundel_on_the_Bay,38.91675,-76.45838,1.0,7.87,1.086,24.58,8.89,99.4
2019-08-27T02:30:00Z,AOB,Arundel_on_the_Bay,38.91675,-76.45838,1.0,8.08,1.103,24.63,8.88,102.2
2019-08-27T02:45:00Z,AOB,Arundel_on_the_Bay,38.91675,-76.45838,1.0,7.74,1.097,24.53,8.88,97.6
2019-08-27T03:00:00Z,AOB,Arundel_on_the_Bay,38.91675,-76.45838,1.0,8.09,1.095,24.64,8.91,102.4
2019-08-27T03:15:00Z,AOB,Arundel_on_the_Bay,38.91675,-76.45838,1.0,7.82,1.099,24.51,8.88,98.6
2019-08-27T03:30:00Z,AOB,Arundel_on_the_Bay,38.91675,-76.45838,1.0,7.25,1.1,25.05,9.09,92.5
2019-08-27T03:45:00Z,AOB,Arundel_on_the_Bay,38.91675,-76.45838,1.0,8.05,1.096,24.65,8.9,101.8
2019-08-27T04:00:00Z,AOB,Arundel_on_the_Bay,38.91675,-76.45838,1.0,8.23,1.097,24.55,8.91,103.9
2019-08-27T04:15:00Z,AOB,Arundel_on_the_Bay,38.91675,-76.45838,1.0,8.19,1.096,24.61,8.88,103.5
2019-08-27T04:30:00Z,AOB,Arundel_on_the_Bay,38.91675,-76.45838,1.0,8.09,1.095,24.63,8.87,102.3
2019-08-27T04:45:00Z,AOB,Arundel_on_the_Bay,38.91675,-76.45838,1.0,7.91,1.086,24.57,8.9,99.9
2019-08-27T05:00:00Z,AOB,Arundel_on_the_Bay,38.91675,-76.45838,1.0,8.08,1.088,24.54,8.9,101.9
2019-08-27T05:15:00Z,AOB,Arundel_on_the_Bay,38.91675,-76.45838,1.0,8.04,1.088,24.58,8.89,101.6
2019-08-27T05:30:00Z,AOB,Arundel_on_the_Bay,38.91675,-76.45838,1.0,8.01,1.087,24.58,8.89,101.2
2019-08-27T05:45:00Z,AOB,Arundel_on_the_Bay,38.91675,-76.45838,1.0,7.92,1.087,24.53,8.89,99.9
2019-08-27T06:00:00Z,AOB,Arundel_on_the_Bay,38.91675,-76.45838,1.0,7.55,1.089,24.31,8.86,94.9
2019-08-27T06:15:00Z,AOB,Arundel_on_the_Bay,38.91675,-76.45838,1.0,7.41,1.083,24.15,8.82,92.8
2019-08-27T06:30:00Z,AOB,Arundel_on_the_Bay,38.91675,-76.45838,1.0,7.59,1.084,24.18,8.88,95.2
2019-08-27T06:45:00Z,AOB,Arundel_on_the_Bay,38.91675,-76.45838,1.0,7.48,1.083,24.26,8.94,93.9
2019-08-27T07:00:00Z,AOB,Arundel_on_the_Bay,38.91675,-76.45838,1.0,7.41,1.077,24.37,8.97,93.3
2019-08-27T07:15:00Z,AOB,Arundel_on_the_Bay,38.91675,-76.45838,1.0,7.57,1.081,24.27,8.92,95.1
2019-08-27T07:30:00Z,AOB,Arundel_on_the_Bay,38.91675,-76.45838,1.0,7.56,1.076,24.19,8.9,94.8
2019-08-27T07:45:00Z,AOB,Arundel_on_the_Bay,38.91675,-76.45838,1.0,7.71,1.068,24.21,8.91,96.7
2019-08-27T08:00:00Z,AOB,Arundel_on_the_Bay,38.91675,-76.45838,1.0,7.68,1.076,24.18,8.9,96.3
2019-08-27T08:15:00Z,AOB,Arundel_on_the_Bay,38.91675,-76.45838,1.0,7.45,1.074,24.05,8.88,93.2
2019-08-27T08:30:00Z,AOB,Arundel_on_the_Bay,38.91675,-76.45838,1.0,7.57,1.069,24.01,8.85,94.6
2019-08-27T08:45:00Z,AOB,Arundel_on_the_Bay,38.91675,-76.45838,1.0,7.57,1.067,24.08,8.87,94.7
2019-08-27T09:00:00Z,AOB,Arundel_on_the_Bay,38.91675,-76.45838,1.0,7.59,1.061,24.0,8.8,94.9
2019-08-27T09:15:00Z,AOB,Arundel_on_the_Bay,38.91675,-76.45838,1.0,7.71,1.066,24.06,8.82,96.5
2019-08-27T09:30:00Z,AOB,Arundel_on_the_Bay,38.91675,-76.45838,1.0,7.66,1.056,24.0,8.8,95.6
2019-08-27T09:45:00Z,AOB,Arundel_on_the_Bay,38.91675,-76.45838,1.0,7.62,1.062,24.01,8.81,95.3
2019-08-27T10:00:00Z,AOB,Arundel_on_the_Bay,38.91675,-76.45838,1.0,7.57,1.066,24.03,8.8,94.6
2019-08-27T10:15:00Z,AOB,Arundel_on_the_Bay,38.91675,-76.45838,1.0,7.56,1.061,23.9,8.75,94.3
2019-08-27T10:30:00Z,AOB,Arundel_on_the_Bay,38.91675,-76.45838,1.0,7.57,1.069,23.94,8.74,94.5
2019-08-27T10:45:00Z,AOB,Arundel_on_the_Bay,38.91675,-76.45838,1.0,7.57,1.064,24.01,8.8,94.6
2019-08-27T11:00:00Z,AOB,Arundel_on_the_Bay,38.91675,-76.45838,1.0,7.5,1.064,24.15,8.85,94.0
2019-08-27T11:15:00Z,AOB,Arundel_on_the_Bay,38.91675,-76.45838,1.0,7.16,1.076,24.47,8.99,90.3
2019-08-27T11:30:00Z,AOB,Arundel_on_the_Bay,38.91675,-76.45838,1.0,7.19,1.074,24.46,8.99,90.7
2019-08-27T11:45:00Z,AOB,Arundel_on_the_Bay,38.91675,-76.45838,1.0,7.01,1.075,24.6,9.1,88.7
2019-08-27T12:00:00Z,AOB,Arundel_on_the_Bay,38.91675,-76.45838,1.0,7.1,1.064,24.6,9.12,89.8
2019-08-27T12:15:00Z,AOB,Arundel_on_the_Bay,38.91675,-76.45838,1.0,7.24,1.076,24.63,9.16,91.7
2019-08-27T12:30:00Z,AOB,Arundel_on_the_Bay,38.91675,-76.45838,1.0,7.27,1.077,24.67,9.16,92.2
2019-08-27T12:45:00Z,AOB,Arundel_on_the_Bay,38.91675,-76.45838,1.0,7.27,1.07,24.75,9.15,92.3
2019-08-27T13:00:00Z,AOB,Arundel_on_the_Bay,38.91675,-76.45838,1.0,7.28,1.076,24.77,9.15,92.4
2019-08-27T13:15:00Z,AOB,Arundel_on_the_Bay,38.91675,-76.45838,1.0,7.36,1.075,24.78,9.1,93.4
2019-08-27T13:30:00Z,AOB,Arundel_on_the_Bay,38.91675,-76.45838,1.0,7.37,1.076,24.79,9.09,93.5
2019-08-27T13:45:00Z,AOB,Arundel_on_the_Bay,38.91675,-76.45838,1.0,7.41,1.073,24.77,9.1,94.1
2019-08-27T14:00:00Z,AOB,Arundel_on_the_Bay,38.91675,-76.45838,1.0,7.66,1.074,24.76,9.05,97.2
2019-08-27T14:15:00Z,AOB,Arundel_on_the_Bay,38.91675,-76.45838,1.0,7.79,1.072,24.73,9.03,98.8
2019-08-27T14:30:00Z,AOB,Arundel_on_the_Bay,38.91675,-76.45838,1.0,7.79,1.071,24.71,9.02,98.7
2019-08-27T14:45:00Z,AOB,Arundel_on_the_Bay,38.91675,-76.45838,1.0,7.85,1.071,24.73,9.03,99.5
2019-08-27T15:00:00Z,AOB,Arundel_on_the_Bay,38.91675,-76.45838,1.0,7.84,1.07,24.44,8.99,98.8
2019-08-27T15:15:00Z,AOB,Arundel_on_the_Bay,38.91675,-76.45838,1.0,8.0,1.06,24.31,8.98,100.6
2019-08-27T15:30:00Z,AOB,Arundel_on_the_Bay,38.91675,-76.45838,1.0,7.55,1.064,24.16,8.97,94.7
2019-08-27T15:45:00Z,AOB,Arundel_on_the_Bay,38.91675,-76.45838,1.0,7.57,1.064,24.16,8.98,94.9
2019-08-27T16:00:00Z,AOB,Arundel_on_the_Bay,38.91675,-76.45838,1.0,7.43,1.066,24.19,8.97,93.2
2019-08-27T16:15:00Z,AOB,Arundel_on_the_Bay,38.91675,-76.45838,1.0,7.52,1.065,24.21,8.97,94.4
2019-08-27T16:30:00Z,AOB,Arundel_on_the_Bay,38.91675,-76.45838,1.0,7.74,1.067,24.29,8.98,97.2
2019-08-27T16:45:00Z,AOB,Arundel_on_the_Bay,38.91675,-76.45838,1.0,7.9,1.063,24.38,8.97,99.5
2019-08-27T17:00:00Z,AOB,Arundel_on_the_Bay,38.91675,-76.45838,1.0,7.89,1.063,24.26,9.01,99.1
2019-08-27T17:15:00Z,AOB,Arundel_on_the_Bay,38.91675,-76.45838,1.0,8.11,1.06,24.28,8.98,102.0
2019-08-27T17:30:00Z,AOB,Arundel_on_the_Bay,38.91675,-76.45838,1.0,8.41,1.062,24.55,9.1,106.4
2019-08-27T17:45:00Z,AOB,Arundel_on_the_Bay,38.91675,-76.45838,1.0,8.15,1.06,24.41,9.04,102.7
2019-08-27T18:00:00Z,AOB,Arundel_on_the_Bay,38.91675,-76.45838,1.0,8.2,1.063,24.5,8.99,103.5
2019-08-27T18:15:00Z,AOB,Arundel_on_the_Bay,38.91675,-76.45838,1.0,8.92,1.063,24.77,9.05,113.1
2019-08-27T18:30:00Z,AOB,Arundel_on_the_Bay,38.91675,-76.45838,1.0,8.8,1.061,24.63,9.01,111.3
2019-08-27T18:45:00Z,AOB,Arundel_on_the_Bay,38.91675,-76.45838,1.0,8.78,1.059,24.39,8.98,110.6
2019-08-27T19:00:00Z,AOB,Arundel_on_the_Bay,38.91675,-76.45838,1.0,8.51,1.058,24.37,8.98,107.1
2019-08-27T19:15:00Z,AOB,Arundel_on_the_Bay,38.91675,-76.45838,1.0,8.83,1.054,24.45,8.98,111.3
2019-08-27T19:30:00Z,AOB,Arundel_on_the_Bay,38.91675,-76.45838,1.0,8.63,1.053,24.43,9.01,108.8
2019-08-27T19:45:00Z,AOB,Arundel_on_the_Bay,38.91675,-76.45838,1.0,9.08,1.054,24.64,9.11,114.9
2019-08-27T20:00:00Z,AOB,Arundel_on_the_Bay,38.91675,-76.45838,1.0,9.17,1.053,24.68,9.11,116.2
2019-08-27T20:15:00Z,AOB,Arundel_on_the_Bay,38.91675,-76.45838,1.0,9.47,1.048,24.6,8.99,119.7
2019-08-27T20:30:00Z,AOB,Arundel_on_the_Bay,38.91675,-76.45838,1.0,10.17,1.049,24.76,8.98,128.9
2019-08-27T20:45:00Z,AOB,Arundel_on_the_Bay,38.91675,-76.45838,1.0,9.88,1.049,24.68,8.98,125.1
2019-08-27T21:00:00Z,AOB,Arundel_on_the_Bay,38.91675,-76.45838,1.0,10.37,1.047,24.9,8.99,131.8
2019-08-27T21:15:00Z,AOB,Arundel_on_the_Bay,38.91675,-76.45838,1.0,11.34,1.047,25.11,8.98,144.8
2019-08-27T21:30:00Z,AOB,Arundel_on_the_Bay,38.91675,-76.45838,1.0,13.26,1.045,25.36,9.01,170.0
2019-08-27T21:45:00Z,AOB,Arundel_on_the_Bay,38.91675,-76.45838,1.0,13.54,1.048,25.51,9.02,174.0
2019-08-27T22:00:00Z,AOB,Arundel_on_the_Bay,38.91675,-76.45838,1.0,15.0,1.043,25.89,9.02,194.1
2019-08-27T22:15:00Z,AOB,Arundel_on_the_Bay,38.91675,-76.45838,1.0,15.31,1.044,25.83,8.94,197.9
2019-08-27T22:30:00Z,AOB,Arundel_on_the_Bay,38.91675,-76.45838,1.0,15.03,1.046,25.71,8.9,193.7
2019-08-27T22:45:00Z,AOB,Arundel_on_the_Bay,38.91675,-76.45838,1.0,13.99,1.042,25.53,8.9,179.8
2019-08-27T23:00:00Z,AOB,Arundel_on_the_Bay,38.91675,-76.45838,1.0,13.81,1.037,25.48,8.91,177.3
2019-08-28T00:00:00Z,AOB,Arundel_on_the_Bay,38.91675,-76.45838,1.0,12.93,1.04,25.34,8.92,165.6
2019-08-28T00:15:00Z,AOB,Arundel_on_the_Bay,38.91675,-76.45838,1.0,12.27,1.04,25.26,8.93,157.0
2019-08-28T00:30:00Z,AOB,Arundel_on_the_Bay,38.91675,-76.45838,1.0,11.92,1.043,25.2,8.93,152.3
2019-08-28T00:45:00Z,AOB,Arundel_on_the_Bay,38.91675,-76.45838,1.0,12.0,1.045,25.2,8.94,153.3
2019-08-28T01:00:00Z,AOB,Arundel_on_the_Bay,38.91675,-76.45838,1.0,11.59,1.051,25.16,8.94,148.0
2019-08-28T01:15:00Z,AOB,Arundel_on_the_Bay,38.91675,-76.45838,1.0,11.57,1.05,25.13,8.94,147.7
2019-08-28T01:30:00Z,AOB,Arundel_on_the_Bay,38.91675,-76.45838,1.0,11.21,1.049,25.06,8.96,142.8
2019-08-28T01:45:00Z,AOB,Arundel_on_the_Bay,38.91675,-76.45838,1.0,10.46,1.054,25.01,8.99,133.3
2019-08-28T02:00:00Z,AOB,Arundel_on_the_Bay,38.91675,-76.45838,1.0,10.28,1.039,24.97,8.99,130.9
2019-08-28T02:15:00Z,AOB,Arundel_on_the_Bay,38.91675,-76.45838,1.0,10.0,1.037,24.96,9.01,127.2
2019-08-28T02:30:00Z,AOB,Arundel_on_the_Bay,38.91675,-76.45838,1.0,9.75,1.027,25.01,9.03,124.2
2019-08-28T02:45:00Z,AOB,Arundel_on_the_Bay,38.91675,-76.45838,1.0,9.09,1.038,24.83,9.07,115.4
2019-08-28T03:00:00Z,AOB,Arundel_on_the_Bay,38.91675,-76.45838,1.0,9.1,1.042,24.8,9.07,115.6
2019-08-28T03:15:00Z,AOB,Arundel_on_the_Bay,38.91675,-76.45838,1.0,8.59,1.033,24.82,9.08,109.1
2019-08-28T03:30:00Z,AOB,Arundel_on_the_Bay,38.91675,-76.45838,1.0,9.72,1.039,24.79,9.05,123.4
2019-08-28T03:45:00Z,AOB,Arundel_on_the_Bay,38.91675,-76.45838,1.0,8.88,1.034,24.77,9.07,112.7
2019-08-28T04:00:00Z,AOB,Arundel_on_the_Bay,38.91675,-76.45838,1.0,9.49,1.041,24.76,9.05,120.3
2019-08-28T04:15:00Z,AOB,Arundel_on_the_Bay,38.91675,-76.45838,1.0,8.62,1.038,24.79,9.2,109.5
2019-08-28T04:30:00Z,AOB,Arundel_on_the_Bay,38.91675,-76.45838,1.0,8.43,1.033,24.81,9.26,107.2
2019-08-28T04:45:00Z,AOB,Arundel_on_the_Bay,38.91675,-76.45838,1.0,8.5,1.038,24.77,9.2,107.9
2019-08-28T05:00:00Z,AOB,Arundel_on_the_Bay,38.91675,-76.45838,1.0,8.61,1.036,24.91,9.2,109.6
2019-08-28T05:15:00Z,AOB,Arundel_on_the_Bay,38.91675,-76.45838,1.0,8.54,1.037,24.92,9.19,108.7
2019-08-28T05:30:00Z,AOB,Arundel_on_the_Bay,38.91675,-76.45838,1.0,8.48,1.028,24.92,9.19,108.0
2019-08-28T05:45:00Z,AOB,Arundel_on_the_Bay,38.91675,-76.45838,1.0,8.16,1.036,24.84,9.19,103.7
2019-08-28T06:00:00Z,AOB,Arundel_on_the_Bay,38.91675,-76.45838,1.0,8.0,1.033,24.74,9.12,101.5
2019-08-28T06:15:00Z,AOB,Arundel_on_the_Bay,38.91675,-76.45838,1.0,8.72,1.035,24.64,9.06,110.3
2019-08-28T06:30:00Z,AOB,Arundel_on_the_Bay,38.91675,-76.45838,1.0,8.74,1.038,24.65,9.11,110.6
2019-08-28T06:45:00Z,AOB,Arundel_on_the_Bay,38.91675,-76.45838,1.0,8.51,1.029,24.66,9.13,107.8
2019-08-28T07:00:00Z,AOB,Arundel_on_the_Bay,38.91675,-76.45838,1.0,8.57,1.034,24.65,9.14,108.5
2019-08-28T07:15:00Z,AOB,Arundel_on_the_Bay,38.91675,-76.45838,1.0,8.41,1.031,24.68,9.16,106.5
2019-08-28T07:30:00Z,AOB,Arundel_on_the_Bay,38.91675,-76.45838,1.0,8.3,1.028,24.77,9.18,105.4
2019-08-28T07:45:00Z,AOB,Arundel_on_the_Bay,38.91675,-76.45838,1.0,8.39,1.029,24.74,9.13,106.4
2019-08-28T08:00:00Z,AOB,Arundel_on_the_Bay,38.91675,-76.45838,1.0,8.74,1.027,24.7,9.06,110.8
2019-08-28T08:15:00Z,AOB,Arundel_on_the_Bay,38.91675,-76.45838,1.0,8.76,1.03,24.67,9.06,110.9
2019-08-28T08:30:00Z,AOB,Arundel_on_the_Bay,38.91675,-76.45838,1.0,8.7,1.03,24.68,9.04,110.3
2019-08-28T08:45:00Z,AOB,Arundel_on_the_Bay,38.91675,-76.45838,1.0,8.73,1.029,24.68,9.02,110.5
2019-08-28T09:00:00Z,AOB,Arundel_on_the_Bay,38.91675,-76.45838,1.0,8.58,1.026,24.68,9.03,108.7
2019-08-28T09:15:00Z,AOB,Arundel_on_the_Bay,38.91675,-76.45838,1.0,8.42,1.023,24.62,9.03,106.5
2019-08-28T09:30:00Z,AOB,Arundel_on_the_Bay,38.91675,-76.45838,1.0,8.37,1.021,24.6,9.03,105.8
2019-08-28T09:45:00Z,AOB,Arundel_on_the_Bay,38.91675,-76.45838,1.0,8.3,1.021,24.57,9.02,104.9
2019-08-28T10:00:00Z,AOB,Arundel_on_the_Bay,38.91675,-76.45838,1.0,8.43,1.02,24.56,9.01,106.6
2019-08-28T10:15:00Z,AOB,Arundel_on_the_Bay,38.91675,-76.45838,1.0,8.71,1.023,24.59,9.01,110.2
2019-08-28T10:30:00Z,AOB,Arundel_on_the_Bay,38.91675,-76.45838,1.0,8.81,1.019,24.62,9.01,111.5
2019-08-28T10:45:00Z,AOB,Arundel_on_the_Bay,38.91675,-76.45838,1.0,8.48,1.018,24.65,9.06,107.4
2019-08-28T11:00:00Z,AOB,Arundel_on_the_Bay,38.91675,-76.45838,1.0,8.21,1.02,24.65,9.15,103.9
2019-08-28T11:15:00Z,AOB,Arundel_on_the_Bay,38.91675,-76.45838,1.0,8.39,1.018,24.77,9.26,106.6
2019-08-28T11:30:00Z,AOB,Arundel_on_the_Bay,38.91675,-76.45838,1.0,8.86,1.017,24.89,9.29,112.8
2019-08-28T11:45:00Z,AOB,Arundel_on_the_Bay,38.91675,-76.45838,1.0,9.02,1.011,24.96,9.32,115.0
2019-08-28T12:00:00Z,AOB,Arundel_on_the_Bay,38.91675,-76.45838,1.0,8.94,1.014,24.94,9.35,114.0
2019-08-28T12:15:00Z,AOB,Arundel_on_the_Bay,38.91675,-76.45838,1.0,8.89,1.004,24.94,9.37,113.4
2019-08-28T12:30:00Z,AOB,Arundel_on_the_Bay,38.91675,-76.45838,1.0,8.86,1.012,24.94,9.39,113.0
2019-08-28T12:45:00Z,AOB,Arundel_on_the_Bay,38.91675,-76.45838,1.0,8.79,1.018,24.92,9.42,112.0
2019-08-28T13:00:00Z,AOB,Arundel_on_the_Bay,38.91675,-76.45838,1.0,8.93,1.018,24.92,9.41,113.8
2019-08-28T13:15:00Z,AOB,Arundel_on_the_Bay,38.91675,-76.45838,1.0,8.9,1.018,24.88,9.41,113.3
2019-08-28T13:30:00Z,AOB,Arundel_on_the_Bay,38.91675,-76.45838,1.0,8.81,1.015,24.85,9.4,112.1
2019-08-28T13:45:00Z,AOB,Arundel_on_the_Bay,38.91675,-76.45838,1.0,8.91,1.014,24.87,9.2,113.3
2019-08-28T14:00:00Z,AOB,Arundel_on_the_Bay,38.91675,-76.45838,1.0,8.77,1.015,24.96,9.12,111.7
2019-08-28T14:15:00Z,AOB,Arundel_on_the_Bay,38.91675,-76.45838,1.0,8.85,1.016,25.02,9.11,112.8
2019-08-28T14:30:00Z,AOB,Arundel_on_the_Bay,38.91675,-76.45838,1.0,8.94,1.016,25.08,9.08,114.0
2019-08-28T14:45:00Z,AOB,Arundel_on_the_Bay,38.91675,-76.45838,1.0,8.97,1.013,25.14,9.04,114.6
2019-08-28T15:00:00Z,AOB,Arundel_on_the_Bay,38.91675,-76.45838,1.0,9.02,1.017,25.24,9.01,115.4
2019-08-28T15:15:00Z,AOB,Arundel_on_the_Bay,38.91675,-76.45838,1.0,9.04,1.015,25.22,9.02,115.6
2019-08-28T15:30:00Z,AOB,Arundel_on_the_Bay,38.91675,-76.45838,1.0,9.26,1.014,25.34,8.99,118.7
2019-08-28T15:45:00Z,AOB,Arundel_on_the_Bay,38.91675,-76.45838,1.0,9.49,1.012,25.48,8.97,121.9
2019-08-28T16:00:00Z,AOB,Arundel_on_the_Bay,38.91675,-76.45838,1.0,9.6,1.012,25.59,8.98,123.6
2019-08-28T16:15:00Z,AOB,Arundel_on_the_Bay,38.91675,-76.45838,1.0,9.33,1.007,25.71,9.07,120.5
2019-08-28T16:30:00Z,AOB,Arundel_on_the_Bay,38.91675,-76.45838,1.0,8.12,1.009,25.16,9.15,103.8
2019-08-28T16:45:00Z,AOB,Arundel_on_the_Bay,38.91675,-76.45838,1.0,8.02,1.008,24.94,9.16,102.2
2019-08-28T17:00:00Z,AOB,Arundel_on_the_Bay,38.91675,-76.45838,1.0,7.89,1.006,24.99,9.17,100.6
2019-08-28T17:15:00Z,AOB,Arundel_on_the_Bay,38.91675,-76.45838,1.0,8.38,1.008,25.28,9.12,107.3
2019-08-28T17:30:00Z,AOB,Arundel_on_the_Bay,38.91675,-76.45838,1.0,8.38,1.005,25.25,9.12,107.3
2019-08-28T17:45:00Z,AOB,Arundel_on_the_Bay,38.91675,-76.45838,1.0,8.79,1.002,25.44,9.13,112.9
2019-08-28T18:00:00Z,AOB,Arundel_on_the_Bay,38.91675,-76.45838,1.0,8.91,1.003,25.33,9.13,114.2
2019-08-28T18:15:00Z,AOB,Arundel_on_the_Bay,38.91675,-76.45838,1.0,8.84,0.977,25.43,9.28,113.7
2019-08-28T18:30:00Z,AOB,Arundel_on_the_Bay,38.91675,-76.45838,1.0,8.85,0.978,25.47,9.26,113.8
2019-08-28T18:45:00Z,AOB,Arundel_on_the_Bay,38.91675,-76.45838,1.0,8.82,0.977,25.48,9.27,113.5
2019-08-28T19:00:00Z,AOB,Arundel_on_the_Bay,38.91675,-76.45838,1.0,8.91,0.974,25.65,9.24,115.0
2019-08-28T19:15:00Z,AOB,Arundel_on_the_Bay,38.91675,-76.45838,1.0,9.06,0.974,25.51,9.23,116.6
2019-08-28T19:30:00Z,AOB,Arundel_on_the_Bay,38.91675,-76.45838,1.0,9.16,0.976,25.33,9.2,117.5
2019-08-28T19:45:00Z,AOB,Arundel_on_the_Bay,38.91675,-76.45838,1.0,8.9,0.976,25.17,9.15,113.7
2019-08-28T20:00:00Z,AOB,Arundel_on_the_Bay,38.91675,-76.45838,1.0,9.12,0.975,25.16,9.16,116.6
2019-08-28T20:15:00Z,AOB,Arundel_on_the_Bay,38.91675,-76.45838,1.0,9.17,0.975,25.22,9.16,117.3
2019-08-28T20:30:00Z,AOB,Arundel_on_the_Bay,38.91675,-76.45838,1.0,9.87,0.973,25.47,9.14,126.9
2019-08-28T20:45:00Z,AOB,Arundel_on_the_Bay,38.91675,-76.45838,1.0,9.93,0.973,25.52,9.15,127.7
2019-08-28T21:00:00Z,AOB,Arundel_on_the_Bay,38.91675,-76.45838,1.0,9.93,0.975,25.53,9.15,127.7
2019-08-28T21:15:00Z,AOB,Arundel_on_the_Bay,38.91675,-76.45838,1.0,10.25,0.973,25.68,9.12,132.3
2019-08-28T21:30:00Z,AOB,Arundel_on_the_Bay,38.91675,-76.45838,1.0,10.24,0.972,25.74,9.09,132.2
2019-08-28T21:45:00Z,AOB,Arundel_on_the_Bay,38.91675,-76.45838,1.0,9.99,0.972,25.68,9.07,128.9
2019-08-28T22:00:00Z,AOB,Arundel_on_the_Bay,38.91675,-76.45838,1.0,10.01,0.973,25.72,9.04,129.2
2019-08-28T22:15:00Z,AOB,Arundel_on_the_Bay,38.91675,-76.45838,1.0,10.04,0.975,25.72,9.04,129.6
2019-08-28T22:30:00Z,AOB,Arundel_on_the_Bay,38.91675,-76.45838,1.0,10.03,0.974,25.73,9.05,129.5
2019-08-28T22:45:00Z,AOB,Arundel_on_the_Bay,38.91675,-76.45838,1.0,10.09,0.975,25.74,9.04,130.2
2019-08-28T23:00:00Z,AOB,Arundel_on_the_Bay,38.91675,-76.45838,1.0,10.07,0.973,25.73,9.03,130.0
2019-08-29T00:00:00Z,AOB,Arundel_on_the_Bay,38.91675,-76.45838,1.0,10.68,0.979,26.0,8.95,138.4
2019-08-29T00:15:00Z,AOB,Arundel_on_the_Bay,38.91675,-76.45838,1.0,10.4,0.975,25.9,8.96,134.6
2019-08-29T00:30:00Z,AOB,Arundel_on_the_Bay,38.91675,-76.45838,1.0,10.3,0.973,25.85,8.97,133.2
2019-08-29T00:45:00Z,AOB,Arundel_on_the_Bay,38.91675,-76.45838,1.0,10.34,0.975,25.81,9.0,133.6
2019-08-29T01:00:00Z,AOB,Arundel_on_the_Bay,38.91675,-76.45838,1.0,10.55,0.981,25.83,9.03,136.3
2019-08-29T01:15:00Z,AOB,Arundel_on_the_Bay,38.91675,-76.45838,1.0,10.9,0.977,25.85,9.09,141.1
2019-08-29T01:30:00Z,AOB,Arundel_on_the_Bay,38.91675,-76.45838,1.0,11.08,0.975,25.8,9.04,143.2
2019-08-29T01:45:00Z,AOB,Arundel_on_the_Bay,38.91675,-76.45838,1.0,11.18,0.981,25.79,9.0,144.4
2019-08-29T02:00:00Z,AOB,Arundel_on_the_Bay,38.91675,-76.45838,1.0,11.04,0.98,25.75,8.97,142.5
2019-08-29T02:15:00Z,AOB,Arundel_on_the_Bay,38.91675,-76.45838,1.0,11.05,0.984,25.72,8.95,142.6
2019-08-29T02:30:00Z,AOB,Arundel_on_the_Bay,38.91675,-76.45838,1.0,11.25,0.986,25.7,8.95,145.0
2019-08-29T02:45:00Z,AOB,Arundel_on_the_Bay,38.91675,-76.45838,1.0,11.44,0.987,25.69,8.93,147.4
2019-08-29T03:00:00Z,AOB,Arundel_on_the_Bay,38.91675,-76.45838,1.0,11.51,0.988,25.62,8.92,148.2
2019-08-29T03:15:00Z,AOB,Arundel_on_the_Bay,38.91675,-76.45838,1.0,11.13,0.99,25.54,8.96,143.1
2019-08-29T03:30:00Z,AOB,Arundel_on_the_Bay,38.91675,-76.45838,1.0,10.93,0.992,25.48,8.98,140.3
2019-08-29T03:45:00Z,AOB,Arundel_on_the_Bay,38.91675,-76.45838,1.0,9.08,0.992,25.29,9.11,116.3
2019-08-29T04:00:00Z,AOB,Arundel_on_the_Bay,38.91675,-76.45838,1.0,8.77,0.991,25.23,9.16,112.2
2019-08-29T04:15:00Z,AOB,Arundel_on_the_Bay,38.91675,-76.45838,1.0,8.54,0.994,25.22,9.18,109.3
2019-08-29T04:30:00Z,AOB,Arundel_on_the_Bay,38.91675,-76.45838,1.0,8.07,0.993,25.17,9.19,103.3
2019-08-29T04:45:00Z,AOB,Arundel_on_the_Bay,38.91675,-76.45838,1.0,8.66,0.993,25.19,9.17,110.8
2019-08-29T05:00:00Z,AOB,Arundel_on_the_Bay,38.91675,-76.45838,1.0,8.34,0.992,25.14,9.23,106.6
2019-08-29T05:15:00Z,AOB,Arundel_on_the_Bay,38.91675,-76.45838,1.0,8.09,0.993,25.13,9.19,103.4
2019-08-29T05:30:00Z,AOB,Arundel_on_the_Bay,38.91675,-76.45838,1.0,9.02,0.992,25.17,9.27,115.5
2019-08-29T05:45:00Z,AOB,Arundel_on_the_Bay,38.91675,-76.45838,1.0,7.88,0.993,24.98,9.37,100.5
2019-08-29T06:00:00Z,AOB,Arundel_on_the_Bay,38.91675,-76.45838,1.0,7.85,0.992,24.96,9.38,100.2
2019-08-29T06:15:00Z,AOB,Arundel_on_the_Bay,38.91675,-76.45838,1.0,7.68,0.993,24.97,9.47,98.1
2019-08-29T06:30:00Z,AOB,Arundel_on_the_Bay,38.91675,-76.45838,1.0,7.72,0.993,24.95,9.38,98.4
2019-08-29T06:45:00Z,AOB,Arundel_on_the_Bay,38.91675,-76.45838,1.0,7.84,0.994,24.95,9.27,99.9
2019-08-29T07:00:00Z,AOB,Arundel_on_the_Bay,38.91675,-76.45838,1.0,7.93,0.995,24.97,9.22,101.1
2019-08-29T07:15:00Z,AOB,Arundel_on_the_Bay,38.91675,-76.45838,1.0,7.93,0.996,24.96,9.26,101.1
2019-08-29T07:30:00Z,AOB,Arundel_on_the_Bay,38.91675,-76.45838,1.0,8.09,0.997,24.92,9.25,103.0
2019-08-29T07:45:00Z,AOB,Arundel_on_the_Bay,38.91675,-76.45838,1.0,8.2,0.998,24.89,9.24,104.4
2019-08-29T08:00:00Z,AOB,Arundel_on_the_Bay,38.91675,-76.45838,1.0,8.19,0.998,24.83,9.2,104.1
2019-08-29T08:15:00Z,AOB,Arundel_on_the_Bay,38.91675,-76.45838,1.0,8.21,0.998,24.92,9.19,104.5
2019-08-29T08:30:00Z,AOB,Arundel_on_the_Bay,38.91675,-76.45838,1.0,8.4,0.999,24.98,9.1,107.0
2019-08-29T08:45:00Z,AOB,Arundel_on_the_Bay,38.91675,-76.45838,1.0,8.54,1.0,25.02,9.07,108.8
2019-08-29T09:00:00Z,AOB,Arundel_on_the_Bay,38.91675,-76.45838,1.0,8.47,1.0,25.05,9.04,107.9
2019-08-29T09:15:00Z,AOB,Arundel_on_the_Bay,38.91675,-76.45838,1.0,8.38,1.001,25.07,9.17,107.0
2019-08-29T09:30:00Z,AOB,Arundel_on_the_Bay,38.91675,-76.45838,1.0,8.28,1.002,25.01,9.2,105.6
2019-08-29T09:45:00Z,AOB,Arundel_on_the_Bay,38.91675,-76.45838,1.0,8.18,1.003,24.97,9.18,104.3
2019-08-29T10:00:00Z,AOB,Arundel_on_the_Bay,38.91675,-76.45838,1.0,8.16,1.006,24.89,9.2,103.8
2019-08-29T10:15:00Z,AOB,Arundel_on_the_Bay,38.91675,-76.45838,1.0,7.97,1.005,24.83,9.23,101.4
2019-08-29T10:30:00Z,AOB,Arundel_on_the_Bay,38.91675,-76.45838,1.0,7.8,1.007,24.75,9.28,99.1
2019-08-29T10:45:00Z,AOB,Arundel_on_the_Bay,38.91675,-76.45838,1.0,7.55,1.007,24.69,9.32,95.8
2019-08-29T11:00:00Z,AOB,Arundel_on_the_Bay,38.91675,-76.45838,1.0,7.41,1.009,24.66,9.36,94.0
2019-08-29T11:15:00Z,AOB,Arundel_on_the_Bay,38.91675,-76.45838,1.0,7.35,1.01,24.63,9.41,93.2
2019-08-29T11:30:00Z,AOB,Arundel_on_the_Bay,38.91675,-76.45838,1.0,7.44,1.013,24.59,9.41,94.2
2019-08-29T11:45:00Z,AOB,Arundel_on_the_Bay,38.91675,-76.45838,1.0,7.53,1.007,24.55,9.38,95.4
2019-08-29T12:00:00Z,AOB,Arundel_on_the_Bay,38.91675,-76.45838,1.0,7.78,1.012,24.53,9.44,98.5
2019-08-29T12:15:00Z,AOB,Arundel_on_the_Bay,38.91675,-76.45838,1.0,7.77,1.012,24.59,9.51,98.5
2019-08-29T12:30:00Z,AOB,Arundel_on_the_Bay,38.91675,-76.45838,1.0,8.15,1.014,24.47,9.43,103.1
2019-08-29T12:45:00Z,AOB,Arundel_on_the_Bay,38.91675,-76.45838,1.0,8.27,1.015,24.47,9.42,104.6
2019-08-29T13:00:00Z,AOB,Arundel_on_the_Bay,38.91675,-76.45838,1.0,8.55,1.015,24.48,9.4,108.2
2019-08-29T13:15:00Z,AOB,Arundel_on_the_Bay,38.91675,-76.45838,1.0,8.82,1.018,24.52,9.38,111.7
2019-08-29T13:30:00Z,AOB,Arundel_on_the_Bay,38.91675,-76.45838,1.0,8.95,1.022,24.57,9.37,113.4
2019-08-29T13:45:00Z,AOB,Arundel_on_the_Bay,38.91675,-76.45838,1.0,8.67,1.022,24.62,9.45,109.9
2019-08-29T14:00:00Z,AOB,Arundel_on_the_Bay,38.91675,-76.45838,1.0,8.75,1.018,24.73,9.48,111.2
2019-08-29T14:15:00Z,AOB,Arundel_on_the_Bay,38.91675,-76.45838,1.0,8.82,1.024,24.76,9.47,112.1
2019-08-29T14:30:00Z,AOB,Arundel_on_the_Bay,38.91675,-76.45838,1.0,8.91,1.027,24.83,9.49,113.5
2019-08-29T14:45:00Z,AOB,Arundel_on_the_Bay,38.91675,-76.45838,1.0,8.96,1.027,24.89,9.52,114.2
2019-08-29T15:00:00Z,AOB,Arundel_on_the_Bay,38.91675,-76.45838,1.0,8.96,1.026,24.96,9.55,114.4
2019-08-29T15:15:00Z,AOB,Arundel_on_the_Bay,38.91675,-76.45838,1.0,9.05,1.028,25.03,9.56,115.7
2019-08-29T15:30:00Z,AOB,Arundel_on_the_Bay,38.91675,-76.45838,1.0,9.15,1.029,25.08,9.56,117.1
2019-08-29T15:45:00Z,AOB,Arundel_on_the_Bay,38.91675,-76.45838,1.0,9.26,1.024,25.16,9.56,118.6
2019-08-29T16:00:00Z,AOB,Arundel_on_the_Bay,38.91675,-76.45838,1.0,9.42,1.022,25.2,9.53,120.7
2019-08-29T16:15:00Z,AOB,Arundel_on_the_Bay,38.91675,-76.45838,1.0,9.55,1.026,25.22,9.51,122.5
2019-08-29T16:30:00Z,AOB,Arundel_on_the_Bay,38.91675,-76.45838,1.0,9.61,1.029,25.25,9.5,123.3
2019-08-29T16:45:00Z,AOB,Arundel_on_the_Bay,38.91675,-76.45838,1.0,9.73,1.028,25.32,9.46,125.0
2019-08-29T17:00:00Z,AOB,Arundel_on_the_Bay,38.91675,-76.45838,1.0,10.08,1.026,25.42,9.37,129.6
2019-08-29T17:15:00Z,AOB,Arundel_on_the_Bay,38.91675,-76.45838,1.0,10.17,1.024,25.55,9.36,131.1
2019-08-29T17:30:00Z,AOB,Arundel_on_the_Bay,38.91675,-76.45838,1.0,9.8,1.025,25.45,9.4,126.1
2019-08-29T17:45:00Z,AOB,Arundel_on_the_Bay,38.91675,-76.45838,1.0,9.46,1.023,25.45,9.38,121.7
2019-08-29T18:00:00Z,AOB,Arundel_on_the_Bay,38.91675,-76.45838,1.0,9.21,1.024,25.32,9.38,118.2
2019-08-29T18:15:00Z,AOB,Arundel_on_the_Bay,38.91675,-76.45838,1.0,9.07,1.021,25.34,9.37,116.5
2019-08-29T18:30:00Z,AOB,Arundel_on_the_Bay,38.91675,-76.45838,1.0,8.99,1.022,25.38,9.37,115.6
2019-08-29T18:45:00Z,AOB,Arundel_on_the_Bay,38.91675,-76.45838,1.0,9.26,1.02,25.67,9.38,119.6
2019-08-29T19:00:00Z,AOB,Arundel_on_the_Bay,38.91675,-76.45838,1.0,9.2,1.018,25.51,9.37,118.5
2019-08-29T19:15:00Z,AOB,Arundel_on_the_Bay,38.91675,-76.45838,1.0,9.43,1.018,25.77,9.39,122.0
2019-08-29T19:30:00Z,AOB,Arundel_on_the_Bay,38.91675,-76.45838,1.0,9.31,1.018,25.59,9.37,120.0
2019-08-29T19:45:00Z,AOB,Arundel_on_the_Bay,38.91675,-76.45838,1.0,9.43,1.017,25.67,9.38,121.8
2019-08-29T20:00:00Z,AOB,Arundel_on_the_Bay,38.91675,-76.45838,1.0,9.59,1.016,25.82,9.39,124.2
2019-08-29T20:15:00Z,AOB,Arundel_on_the_Bay,38.91675,-76.45838,1.0,9.48,1.014,25.76,9.37,122.7
2019-08-29T20:30:00Z,AOB,Arundel_on_the_Bay,38.91675,-76.45838,1.0,10.61,1.014,25.88,9.37,137.6
2019-08-29T20:45:00Z,AOB,Arundel_on_the_Bay,38.91675,-76.45838,1.0,10.61,1.017,25.9,9.36,137.6
2019-08-29T21:00:00Z,AOB,Arundel_on_the_Bay,38.91675,-76.45838,1.0,10.03,1.016,25.67,9.35,129.6
2019-08-29T21:15:00Z,AOB,Arundel_on_the_Bay,38.91675,-76.45838,1.0,10.34,1.019,25.81,9.36,133.9
2019-08-29T21:30:00Z,AOB,Arundel_on_the_Bay,38.91675,-76.45838,1.0,10.36,1.017,25.78,9.37,134.1
2019-08-29T21:45:00Z,AOB,Arundel_on_the_Bay,38.91675,-76.45838,1.0,10.61,1.019,25.94,9.35,137.8
2019-08-29T22:00:00Z,AOB,Arundel_on_the_Bay,38.91675,-76.45838,1.0,10.9,1.019,25.94,9.35,141.5
2019-08-29T22:15:00Z,AOB,Arundel_on_the_Bay,38.91675,-76.45838,1.0,11.29,1.019,25.98,9.37,146.6
2019-08-29T22:30:00Z,AOB,Arundel_on_the_Bay,38.91675,-76.45838,1.0,11.46,1.018,26.16,9.39,149.3
2019-08-29T22:45:00Z,AOB,Arundel_on_the_Bay,38.91675,-76.45838,1.0,11.44,1.019,26.29,9.4,149.4
2019-08-29T23:00:00Z,AOB,Arundel_on_the_Bay,38.91675,-76.45838,1.0,11.4,1.022,26.36,9.44,149.1
2019-08-30T00:00:00Z,AOB,Arundel_on_the_Bay,38.91675,-76.45838,1.0,10.24,1.027,25.8,9.28,132.5
2019-08-30T00:15:00Z,AOB,Arundel_on_the_Bay,38.91675,-76.45838,1.0,9.95,1.026,25.58,9.23,128.2
2019-08-30T00:30:00Z,AOB,Arundel_on_the_Bay,38.91675,-76.45838,1.0,9.87,1.031,25.58,9.24,127.2
2019-08-30T00:45:00Z,AOB,Arundel_on_the_Bay,38.91675,-76.45838,1.0,9.79,1.033,25.67,9.28,126.5
2019-08-30T01:00:00Z,AOB,Arundel_on_the_Bay,38.91675,-76.45838,1.0,9.75,1.033,25.6,9.26,125.7
2019-08-30T01:15:00Z,AOB,Arundel_on_the_Bay,38.91675,-76.45838,1.0,9.43,1.036,25.4,9.22,121.1
2019-08-30T01:30:00Z,AOB,Arundel_on_the_Bay,38.91675,-76.45838,1.0,9.11,1.033,25.22,9.2,116.7
2019-08-30T01:45:00Z,AOB,Arundel_on_the_Bay,38.91675,-76.45838,1.0,9.0,1.036,25.12,9.17,115.0
2019-08-30T02:00:00Z,AOB,Arundel_on_the_Bay,38.91675,-76.45838,1.0,8.89,1.037,25.07,9.16,113.5
2019-08-30T02:15:00Z,AOB,Arundel_on_the_Bay,38.91675,-76.45838,1.0,8.84,1.036,25.0,9.16,112.6
2019-08-30T02:30:00Z,AOB,Arundel_on_the_Bay,38.91675,-76.45838,1.0,8.8,1.036,24.97,9.16,112.1
2019-08-30T02:45:00Z,AOB,Arundel_on_the_Bay,38.91675,-76.45838,1.0,8.73,1.036,24.94,9.16,111.2
2019-08-30T03:00:00Z,AOB,Arundel_on_the_Bay,38.91675,-76.45838,1.0,8.7,1.04,24.89,9.16,110.7
2019-08-30T03:15:00Z,AOB,Arundel_on_the_Bay,38.91675,-76.45838,1.0,9.69,1.04,24.94,9.05,123.3
2019-08-30T03:30:00Z,AOB,Arundel_on_the_Bay,38.91675,-76.45838,1.0,9.56,1.039,24.93,9.07,121.6
2019-08-30T03:45:00Z,AOB,Arundel_on_the_Bay,38.91675,-76.45838,1.0,9.38,1.04,24.97,9.0,119.4
2019-08-30T04:00:00Z,AOB,Arundel_on_the_Bay,38.91675,-76.45838,1.0,9.46,1.041,24.99,8.99,120.5
2019-08-30T04:15:00Z,AOB,Arundel_on_the_Bay,38.91675,-76.45838,1.0,9.48,1.041,24.9,8.94,120.5
2019-08-30T04:30:00Z,AOB,Arundel_on_the_Bay,38.91675,-76.45838,1.0,9.21,1.041,24.97,9.01,117.2
2019-08-30T04:45:00Z,AOB,Arundel_on_the_Bay,38.91675,-76.45838,1.0,8.92,1.042,25.29,9.27,114.4
2019-08-30T05:00:00Z,AOB,Arundel_on_the_Bay,38.91675,-76.45838,1.0,8.6,1.044,25.42,9.36,110.6
2019-08-30T05:15:00Z,AOB,Arundel_on_the_Bay,38.91675,-76.45838,1.0,8.41,1.042,25.32,9.36,108.0
2019-08-30T05:30:00Z,AOB,Arundel_on_the_Bay,38.91675,-76.45838,1.0,8.6,1.044,25.22,9.24,110.1
2019-08-30T05:45:00Z,AOB,Arundel_on_the_Bay,38.91675,-76.45838,1.0,9.04,1.043,25.03,9.04,115.2
2019-08-30T06:00:00Z,AOB,Arundel_on_the_Bay,38.91675,-76.45838,1.0,8.89,1.044,25.07,9.11,113.4
2019-08-30T06:15:00Z,AOB,Arundel_on_the_Bay,38.91675,-76.45838,1.0,8.56,1.042,25.05,9.17,109.2
2019-08-30T06:30:00Z,AOB,Arundel_on_the_Bay,38.91675,-76.45838,1.0,8.42,1.043,25.09,9.21,107.5
2019-08-30T06:45:00Z,AOB,Arundel_on_the_Bay,38.91675,-76.45838,1.0,8.8,1.044,25.06,9.14,112.3
2019-08-30T07:00:00Z,AOB,Arundel_on_the_Bay,38.91675,-76.45838,1.0,8.24,1.045,25.13,9.42,105.4
2019-08-30T07:15:00Z,AOB,Arundel_on_the_Bay,38.91675,-76.45838,1.0,7.78,1.043,25.04,9.33,99.3
2019-08-30T07:30:00Z,AOB,Arundel_on_the_Bay,38.91675,-76.45838,1.0,7.94,1.042,25.0,9.33,101.3
2019-08-30T07:45:00Z,AOB,Arundel_on_the_Bay,38.91675,-76.45838,1.0,8.17,1.042,24.98,9.25,104.1
2019-08-30T08:00:00Z,AOB,Arundel_on_the_Bay,38.91675,-76.45838,1.0,8.23,1.042,25.01,9.23,105.0
2019-08-30T08:15:00Z,AOB,Arundel_on_the_Bay,38.91675,-76.45838,1.0,8.45,1.042,24.95,9.16,107.6
2019-08-30T08:30:00Z,AOB,Arundel_on_the_Bay,38.91675,-76.45838,1.0,8.41,1.044,24.94,9.16,107.1
2019-08-30T08:45:00Z,AOB,Arundel_on_the_Bay,38.91675,-76.45838,1.0,8.86,1.045,24.71,8.96,112.2
2019-08-30T09:00:00Z,AOB,Arundel_on_the_Bay,38.91675,-76.45838,1.0,8.7,1.044,24.63,8.91,110.0
2019-08-30T09:15:00Z,AOB,Arundel_on_the_Bay,38.91675,-76.45838,1.0,8.5,1.046,24.62,8.91,107.5
2019-08-30T09:30:00Z,AOB,Arundel_on_the_Bay,38.91675,-76.45838,1.0,8.7,1.046,24.5,8.75,109.6
2019-08-30T09:45:00Z,AOB,Arundel_on_the_Bay,38.91675,-76.45838,1.0,8.89,1.046,24.41,8.64,111.8
2019-08-30T10:00:00Z,AOB,Arundel_on_the_Bay,38.91675,-76.45838,1.0,8.79,1.048,24.28,8.58,110.2
2019-08-30T10:15:00Z,AOB,Arundel_on_the_Bay,38.91675,-76.45838,1.0,8.82,1.048,24.27,8.59,110.6
2019-08-30T10:30:00Z,AOB,Arundel_on_the_Bay,38.91675,-76.45838,1.0,8.86,1.05,24.25,8.58,111.0
2019-08-30T10:45:00Z,AOB,Arundel_on_the_Bay,38.91675,-76.45838,1.0,8.88,1.05,24.23,8.56,111.2
2019-08-30T11:00:00Z,AOB,Arundel_on_the_Bay,38.91675,-76.45838,1.0,8.86,1.05,24.21,8.54,110.9
2019-08-30T11:15:00Z,AOB,Arundel_on_the_Bay,38.91675,-76.45838,1.0,8.82,1.05,24.21,8.57,110.5
2019-08-30T11:30:00Z,AOB,Arundel_on_the_Bay,38.91675,-76.45838,1.0,8.84,1.05,24.15,8.58,110.6
2019-08-30T11:45:00Z,AOB,Arundel_on_the_Bay,38.91675,-76.45838,1.0,8.84,1.051,24.21,8.66,110.8
2019-08-30T12:00:00Z,AOB,Arundel_on_the_Bay,38.91675,-76.45838,1.0,8.8,1.05,24.3,8.72,110.4
2019-08-30T12:15:00Z,AOB,Arundel_on_the_Bay,38.91675,-76.45838,1.0,8.7,1.048,24.41,8.84,109.6
2019-08-30T12:30:00Z,AOB,Arundel_on_the_Bay,38.91675,-76.45838,1.0,8.16,1.049,24.54,9.04,103.1
2019-08-30T12:45:00Z,AOB,Arundel_on_the_Bay,38.91675,-76.45838,1.0,8.19,1.049,24.59,9.09,103.5
2019-08-30T13:00:00Z,AOB,Arundel_on_the_Bay,38.91675,-76.45838,1.0,8.11,1.053,24.67,9.14,102.7
2019-08-30T13:15:00Z,AOB,Arundel_on_the_Bay,38.91675,-76.45838,1.0,8.49,1.053,24.64,9.05,107.5
2019-08-30T13:30:00Z,AOB,Arundel_on_the_Bay,38.91675,-76.45838,1.0,8.75,1.054,24.66,8.99,110.7
2019-08-30T13:45:00Z,AOB,Arundel_on_the_Bay,38.91675,-76.45838,1.0,8.99,1.058,24.67,8.95,113.8
2019-08-30T14:00:00Z,AOB,Arundel_on_the_Bay,38.91675,-76.45838,1.0,9.21,1.056,24.69,8.93,116.5
2019-08-30T14:15:00Z,AOB,Arundel_on_the_Bay,38.91675,-76.45838,1.0,9.42,1.056,24.75,8.91,119.4
2019-08-30T14:30:00Z,AOB,Arundel_on_the_Bay,38.91675,-76.45838,1.0,9.29,1.056,24.76,8.94,117.8
2019-08-30T14:45:00Z,AOB,Arundel_on_the_Bay,38.91675,-76.45838,1.0,9.19,1.058,24.76,8.95,116.5
2019-08-30T15:00:00Z,AOB,Arundel_on_the_Bay,38.91675,-76.45838,1.0,9.17,1.061,24.9,8.96,116.5
2019-08-30T15:15:00Z,AOB,Arundel_on_the_Bay,38.91675,-76.45838,1.0,9.07,1.056,24.92,9.06,115.3
2019-08-30T15:30:00Z,AOB,Arundel_on_the_Bay,38.91675,-76.45838,1.0,9.06,1.057,25.15,9.23,115.8
2019-08-30T15:45:00Z,AOB,Arundel_on_the_Bay,38.91675,-76.45838,1.0,8.86,1.057,25.16,9.31,113.4
2019-08-30T16:00:00Z,AOB,Arundel_on_the_Bay,38.91675,-76.45838,1.0,8.91,1.051,25.25,9.32,114.1
2019-08-30T16:15:00Z,AOB,Arundel_on_the_Bay,38.91675,-76.45838,1.0,8.69,1.049,25.3,9.39,111.5
2019-08-30T16:30:00Z,AOB,Arundel_on_the_Bay,38.91675,-76.45838,1.0,8.61,1.049,25.35,9.44,110.6
2019-08-30T16:45:00Z,AOB,Arundel_on_the_Bay,38.91675,-76.45838,1.0,8.59,1.047,25.41,9.49,110.6
2019-08-30T17:00:00Z,AOB,Arundel_on_the_Bay,38.91675,-76.45838,1.0,9.0,1.043,25.54,9.45,116.0
2019-08-30T17:15:00Z,AOB,Arundel_on_the_Bay,38.91675,-76.45838,1.0,9.14,1.038,25.56,9.37,117.8
2019-08-30T17:30:00Z,AOB,Arundel_on_the_Bay,38.91675,-76.45838,1.0,9.48,1.045,25.7,9.25,122.4
2019-08-30T17:45:00Z,AOB,Arundel_on_the_Bay,38.91675,-76.45838,1.0,9.51,1.04,25.66,9.22,122.7
2019-08-30T18:00:00Z,AOB,Arundel_on_the_Bay,38.91675,-76.45838,1.0,9.52,1.042,25.66,9.19,122.8
2019-08-30T18:15:00Z,AOB,Arundel_on_the_Bay,38.91675,-76.45838,1.0,9.46,1.043,25.66,9.2,122.0
2019-08-30T18:30:00Z,AOB,Arundel_on_the_Bay,38.91675,-76.45838,1.0,9.31,1.042,25.63,9.29,120.1
2019-08-30T18:45:00Z,AOB,Arundel_on_the_Bay,38.91675,-76.45838,1.0,9.41,1.039,25.7,9.34,121.6
2019-08-30T19:00:00Z,AOB,Arundel_on_the_Bay,38.91675,-76.45838,1.0,9.87,1.034,25.8,9.23,127.7
2019-08-30T19:15:00Z,AOB,Arundel_on_the_Bay,38.91675,-76.45838,1.0,10.35,1.032,25.76,9.15,133.7
2019-08-30T19:30:00Z,AOB,Arundel_on_the_Bay,38.91675,-76.45838,1.0,10.56,1.024,25.87,9.12,136.7
2019-08-30T19:45:00Z,AOB,Arundel_on_the_Bay,38.91675,-76.45838,1.0,10.42,1.027,25.99,9.15,135.2
2019-08-30T20:00:00Z,AOB,Arundel_on_the_Bay,38.91675,-76.45838,1.0,10.32,1.033,26.11,9.17,134.2
2019-08-30T20:15:00Z,AOB,Arundel_on_the_Bay,38.91675,-76.45838,1.0,9.78,1.03,26.22,9.2,127.5
2019-08-30T20:30:00Z,AOB,Arundel_on_the_Bay,38.91675,-76.45838,1.0,10.13,1.031,26.18,9.18,131.9
2019-08-30T20:45:00Z,AOB,Arundel_on_the_Bay,38.91675,-76.45838,1.0,9.8,1.035,26.15,9.19,127.5
2019-08-30T21:00:00Z,AOB,Arundel_on_the_Bay,38.91675,-76.45838,1.0,9.7,1.03,26.18,9.19,126.3
2019-08-30T21:15:00Z,AOB,Arundel_on_the_Bay,38.91675,-76.45838,1.0,9.7,1.032,26.16,9.18,126.3
2019-08-30T21:30:00Z,AOB,Arundel_on_the_Bay,38.91675,-76.45838,1.0,9.9,1.03,26.08,9.19,128.7
2019-08-30T21:45:00Z,AOB,Arundel_on_the_Bay,38.91675,-76.45838,1.0,9.61,1.032,26.14,9.19,125.1
2019-08-30T22:00:00Z,AOB,Arundel_on_the_Bay,38.91675,-76.45838,1.0,9.43,1.032,26.14,9.19,122.7
2019-08-30T22:15:00Z,AOB,Arundel_on_the_Bay,38.91675,-76.45838,1.0,9.34,1.028,26.13,9.19,121.5
2019-08-30T22:30:00Z,AOB,Arundel_on_the_Bay,38.91675,-76.45838,1.0,9.51,1.033,26.29,9.26,124.1
2019-08-30T22:45:00Z,AOB,Arundel_on_the_Bay,38.91675,-76.45838,1.0,9.84,1.034,26.21,9.22,128.2
2019-08-30T23:00:00Z,AOB,Arundel_on_the_Bay,38.91675,-76.45838,1.0,9.81,1.031,26.19,9.19,127.7
2019-08-31T00:00:00Z,AOB,Arundel_on_the_Bay,38.91675,-76.45838,1.0,10.09,1.04,26.05,9.2,131.0
2019-08-31T00:15:00Z,AOB,Arundel_on_the_Bay,38.91675,-76.45838,1.0,9.23,1.038,26.0,9.39,119.9
2019-08-31T00:30:00Z,AOB,Arundel_on_the_Bay,38.91675,-76.45838,1.0,8.46,1.044,25.91,9.45,109.8
2019-08-31T00:45:00Z,AOB,Arundel_on_the_Bay,38.91675,-76.45838,1.0,7.32,1.048,25.62,9.9,94.8
2019-08-31T01:00:00Z,AOB,Arundel_on_the_Bay,38.91675,-76.45838,1.0,5.88,1.045,25.3,10.33,75.9
2019-08-31T01:15:00Z,AOB,Arundel_on_the_Bay,38.91675,-76.45838,1.0,5.07,1.052,25.09,10.85,65.4
2019-08-31T01:30:00Z,AOB,Arundel_on_the_Bay,38.91675,-76.45838,1.0,4.9,1.054,25.11,11.09,63.2
2019-08-31T01:45:00Z,AOB,Arundel_on_the_Bay,38.91675,-76.45838,1.0,5.46,1.054,25.21,10.58,70.5
2019-08-31T02:00:00Z,AOB,Arundel_on_the_Bay,38.91675,-76.45838,1.0,5.63,1.056,25.23,10.62,72.7
2019-08-31T02:15:00Z,AOB,Arundel_on_the_Bay,38.91675,-76.45838,1.0,6.25,1.059,25.28,10.43,80.6
2019-08-31T02:30:00Z,AOB,Arundel_on_the_Bay,38.91675,-76.45838,1.0,6.59,1.057,25.28,10.29,85.0
2019-08-31T02:45:00Z,AOB,Arundel_on_the_Bay,38.91675,-76.45838,1.0,7.08,1.058,25.28,10.12,91.1
2019-08-31T03:00:00Z,AOB,Arundel_on_the_Bay,38.91675,-76.45838,1.0,7.94,1.062,25.23,9.8,102.0
2019-08-31T03:15:00Z,AOB,Arundel_on_the_Bay,38.91675,-76.45838,1.0,8.05,1.061,25.2,9.78,103.4
2019-08-31T03:30:00Z,AOB,Arundel_on_the_Bay,38.91675,-76.45838,1.0,8.23,1.062,25.16,9.72,105.6
2019-08-31T03:45:00Z,AOB,Arundel_on_the_Bay,38.91675,-76.45838,1.0,8.38,1.062,25.23,9.67,107.5
2019-08-31T04:00:00Z,AOB,Arundel_on_the_Bay,38.91675,-76.45838,1.0,8.44,1.063,25.24,9.62,108.4
2019-08-31T04:15:00Z,AOB,Arundel_on_the_Bay,38.91675,-76.45838,1.0,8.3,1.062,25.29,9.62,106.7
2019-08-31T04:30:00Z,AOB,Arundel_on_the_Bay,38.91675,-76.45838,1.0,8.09,1.065,25.33,9.69,104.1
2019-08-31T04:45:00Z,AOB,Arundel_on_the_Bay,38.91675,-76.45838,1.0,7.75,1.065,25.34,9.81,99.8
2019-08-31T05:00:00Z,AOB,Arundel_on_the_Bay,38.91675,-76.45838,1.0,7.77,1.064,25.35,9.77,100.0
2019-08-31T05:15:00Z,AOB,Arundel_on_the_Bay,38.91675,-76.45838,1.0,7.75,1.066,25.36,9.73,99.7
2019-08-31T05:30:00Z,AOB,Arundel_on_the_Bay,38.91675,-76.45838,1.0,7.46,1.065,25.39,9.74,96.1
2019-08-31T05:45:00Z,AOB,Arundel_on_the_Bay,38.91675,-76.45838,1.0,6.91,1.063,25.36,9.9,89.0
2019-08-31T06:00:00Z,AOB,Arundel_on_the_Bay,38.91675,-76.45838,1.0,6.45,1.063,25.32,10.1,83.1
2019-08-31T06:15:00Z,AOB,Arundel_on_the_Bay,38.91675,-76.45838,1.0,6.28,1.064,25.28,10.28,81.0
2019-08-31T06:30:00Z,AOB,Arundel_on_the_Bay,38.91675,-76.45838,1.0,6.47,1.062,25.24,10.22,83.3
2019-08-31T06:45:00Z,AOB,Arundel_on_the_Bay,38.91675,-76.45838,1.0,7.12,1.064,25.21,9.96,91.5
2019-08-31T07:00:00Z,AOB,Arundel_on_the_Bay,38.91675,-76.45838,1.0,7.63,1.062,25.17,9.67,97.9
2019-08-31T07:15:00Z,AOB,Arundel_on_the_Bay,38.91675,-76.45838,1.0,7.78,1.062,25.09,9.55,99.5
2019-08-31T07:30:00Z,AOB,Arundel_on_the_Bay,38.91675,-76.45838,1.0,7.75,1.064,25.08,9.5,99.2
2019-08-31T07:45:00Z,AOB,Arundel_on_the_Bay,38.91675,-76.45838,1.0,7.66,1.064,25.07,9.42,98.0
2019-08-31T08:00:00Z,AOB,Arundel_on_the_Bay,38.91675,-76.45838,1.0,7.56,1.062,25.06,9.39,96.6
2019-08-31T08:15:00Z,AOB,Arundel_on_the_Bay,38.91675,-76.45838,1.0,7.55,1.064,25.07,9.37,96.4
2019-08-31T08:30:00Z,AOB,Arundel_on_the_Bay,38.91675,-76.45838,1.0,7.38,1.066,25.09,9.44,94.4
2019-08-31T08:45:00Z,AOB,Arundel_on_the_Bay,38.91675,-76.45838,1.0,7.16,1.069,25.11,9.53,91.6
2019-08-31T09:00:00Z,AOB,Arundel_on_the_Bay,38.91675,-76.45838,1.0,6.96,1.067,25.11,9.54,89.1
2019-08-31T09:15:00Z,AOB,Arundel_on_the_Bay,38.91675,-76.45838,1.0,6.7,1.066,25.12,9.62,85.8
2019-08-31T09:30:00Z,AOB,Arundel_on_the_Bay,38.91675,-76.45838,1.0,6.55,1.067,25.1,9.66,83.8
2019-08-31T09:45:00Z,AOB,Arundel_on_the_Bay,38.91675,-76.45838,1.0,6.62,1.07,25.08,9.63,84.7
2019-08-31T10:00:00Z,AOB,Arundel_on_the_Bay,38.91675,-76.45838,1.0,6.62,1.072,25.03,9.61,84.6
2019-08-31T10:15:00Z,AOB,Arundel_on_the_Bay,38.91675,-76.45838,1.0,6.65,1.076,24.92,9.61,84.8
2019-08-31T10:30:00Z,AOB,Arundel_on_the_Bay,38.91675,-76.45838,1.0,6.65,1.078,24.87,9.73,84.8
2019-08-31T10:45:00Z,AOB,Arundel_on_the_Bay,38.91675,-76.45838,1.0,6.33,1.075,24.96,9.81,81.0
2019-08-31T11:00:00Z,AOB,Arundel_on_the_Bay,38.91675,-76.45838,1.0,6.56,1.078,24.92,9.83,83.9
2019-08-31T11:15:00Z,AOB,Arundel_on_the_Bay,38.91675,-76.45838,1.0,6.38,1.081,24.96,9.89,81.6
2019-08-31T11:30:00Z,AOB,Arundel_on_the_Bay,38.91675,-76.45838,1.0,6.34,1.08,24.97,9.92,81.1
2019-08-31T11:45:00Z,AOB,Arundel_on_the_Bay,38.91675,-76.45838,1.0,5.93,1.082,25.15,10.34,76.3
2019-08-31T12:00:00Z,AOB,Arundel_on_the_Bay,38.91675,-76.45838,1.0,5.48,1.082,25.19,10.64,70.7
2019-08-31T12:15:00Z,AOB,Arundel_on_the_Bay,38.91675,-76.45838,1.0,5.6,1.085,25.16,10.6,72.2
2019-08-31T12:30:00Z,AOB,Arundel_on_the_Bay,38.91675,-76.45838,1.0,5.19,1.084,25.21,10.94,67.1
2019-08-31T12:45:00Z,AOB,Arundel_on_the_Bay,38.91675,-76.45838,1.0,5.36,1.077,25.19,10.92,69.2
2019-08-31T13:00:00Z,AOB,Arundel_on_the_Bay,38.91675,-76.45838,1.0,5.72,1.074,25.14,10.78,73.8
2019-08-31T13:15:00Z,AOB,Arundel_on_the_Bay,38.91675,-76.45838,1.0,6.11,1.078,25.09,10.65,78.7
2019-08-31T13:30:00Z,AOB,Arundel_on_the_Bay,38.91675,-76.45838,1.0,6.44,1.069,25.06,10.61,82.9
2019-08-31T13:45:00Z,AOB,Arundel_on_the_Bay,38.91675,-76.45838,1.0,7.05,1.068,25.03,10.38,90.6
2019-08-31T14:00:00Z,AOB,Arundel_on_the_Bay,38.91675,-76.45838,1.0,7.31,1.064,25.04,10.3,93.9
2019-08-31T14:15:00Z,AOB,Arundel_on_the_Bay,38.91675,-76.45838,1.0,7.52,1.077,25.07,10.24,96.6
2019-08-31T14:30:00Z,AOB,Arundel_on_the_Bay,38.91675,-76.45838,1.0,7.65,1.077,25.11,10.22,98.3
2019-08-31T14:45:00Z,AOB,Arundel_on_the_Bay,38.91675,-76.45838,1.0,7.77,1.079,25.16,10.2,99.9
2019-08-31T15:00:00Z,AOB,Arundel_on_the_Bay,38.91675,-76.45838,1.0,7.86,1.086,25.22,10.18,101.2
2019-08-31T15:15:00Z,AOB,Arundel_on_the_Bay,38.91675,-76.45838,1.0,7.92,1.084,25.28,10.17,102.1
2019-08-31T15:30:00Z,AOB,Arundel_on_the_Bay,38.91675,-76.45838,1.0,8.04,1.083,25.36,10.12,103.8
2019-08-31T15:45:00Z,AOB,Arundel_on_the_Bay,38.91675,-76.45838,1.0,8.13,1.086,25.41,10.08,104.9
2019-08-31T16:00:00Z,AOB,Arundel_on_the_Bay,38.91675,-76.45838,1.0,8.2,1.087,25.47,10.06,105.9
2019-08-31T16:15:00Z,AOB,Arundel_on_the_Bay,38.91675,-76.45838,1.0,8.21,1.085,25.52,10.08,106.2
2019-08-31T16:30:00Z,AOB,Arundel_on_the_Bay,38.91675,-76.45838,1.0,8.24,1.077,25.6,10.08,106.7
2019-08-31T16:45:00Z,AOB,Arundel_on_the_Bay,38.91675,-76.45838,1.0,8.33,1.085,25.66,10.09,108.0
2019-08-31T17:00:00Z,AOB,Arundel_on_the_Bay,38.91675,-76.45838,1.0,8.35,1.082,25.72,10.09,108.4
2019-08-31T17:15:00Z,AOB,Arundel_on_the_Bay,38.91675,-76.45838,1.0,8.44,1.084,25.79,10.09,109.7
2019-08-31T17:30:00Z,AOB,Arundel_on_the_Bay,38.91675,-76.45838,1.0,8.52,1.078,25.85,10.1,110.9
2019-08-31T17:45:00Z,AOB,Arundel_on_the_Bay,38.91675,-76.45838,1.0,8.59,1.084,25.93,10.1,112.0
2019-08-31T18:00:00Z,AOB,Arundel_on_the_Bay,38.91675,-76.45838,1.0,8.69,1.083,25.99,10.1,113.3
2019-08-31T18:15:00Z,AOB,Arundel_on_the_Bay,38.91675,-76.45838,1.0,8.71,1.079,26.02,10.12,113.7
2019-08-31T18:30:00Z,AOB,Arundel_on_the_Bay,38.91675,-76.45838,1.0,8.82,1.082,26.17,10.16,115.4
2019-08-31T18:45:00Z,AOB,Arundel_on_the_Bay,38.91675,-76.45838,1.0,9.07,1.08,26.22,10.14,118.9
2019-08-31T19:00:00Z,AOB,Arundel_on_the_Bay,38.91675,-76.45838,1.0,8.82,1.082,26.2,10.11,115.6
2019-08-31T19:15:00Z,AOB,Arundel_on_the_Bay,38.91675,-76.45838,1.0,7.93,1.086,26.03,10.07,103.5
2019-08-31T19:30:00Z,AOB,Arundel_on_the_Bay,38.91675,-76.45838,1.0,6.89,1.082,25.79,10.19,89.5
2019-08-31T19:45:00Z,AOB,Arundel_on_the_Bay,38.91675,-76.45838,1.0,6.7,1.081,25.74,10.2,87.0
2019-08-31T20:00:00Z,AOB,Arundel_on_the_Bay,38.91675,-76.45838,1.0,6.9,1.082,25.84,10.18,89.8
2019-08-31T20:15:00Z,AOB,Arundel_on_the_Bay,38.91675,-76.45838,1.0,7.14,1.083,25.92,10.17,93.1
2019-08-31T20:30:00Z,AOB,Arundel_on_the_Bay,38.91675,-76.45838,1.0,7.51,1.08,26.09,10.16,98.2
2019-08-31T20:45:00Z,AOB,Arundel_on_the_Bay,38.91675,-76.45838,1.0,7.6,1.084,26.06,10.16,99.3
2019-08-31T21:00:00Z,AOB,Arundel_on_the_Bay,38.91675,-76.45838,1.0,7.72,1.081,26.19,10.16,101.1
2019-08-31T21:15:00Z,AOB,Arundel_on_the_Bay,38.91675,-76.45838,1.0,7.9,1.083,26.19,10.17,103.5
2019-08-31T21:30:00Z,AOB,Arundel_on_the_Bay,38.91675,-76.45838,1.0,8.2,1.083,26.37,10.16,107.7
2019-08-31T21:45:00Z,AOB,Arundel_on_the_Bay,38.91675,-76.45838,1.0,8.85,1.079,26.57,10.16,116.7
2019-08-31T22:00:00Z,AOB,Arundel_on_the_Bay,38.91675,-76.45838,1.0,8.63,1.075,26.45,10.15,113.5
2019-08-31T22:15:00Z,AOB,Arundel_on_the_Bay,38.91675,-76.45838,1.0,8.31,1.08,26.27,10.14,108.9
2019-08-31T22:30:00Z,AOB,Arundel_on_the_Bay,38.91675,-76.45838,1.0,7.88,1.08,26.1,10.17,103.0
2019-08-31T22:45:00Z,AOB,Arundel_on_the_Bay,38.91675,-76.45838,1.0,8.51,1.086,26.2,10.11,111.5
2019-08-31T23:00:00Z,AOB,Arundel_on_the_Bay,38.91675,-76.45838,1.0,9.0,1.079,26.4,10.12,118.3
2019-09-01T00:00:00Z,AOB,Arundel_on_the_Bay,38.91675,-76.45838,1.0,9.96,1.082,26.75,9.79,131.5
