time,station_id,station_name,latitude,longitude,depth,mass_concentration_of_oxygen_in_sea_water,sample_depth,sea_water_temperature,sea_water_salinity,fractional_saturation_of_oxygen_in_sea_water
UTC,,,degrees_north,degrees_east,m,mg/L,m,degree_C,,percent
2018-06-01T00:00:00Z,HAD,Harris_Creek_Downstream,38.712517,-76.316803,0.3,5.44,3.482,25.28,9.96,69.977
2018-06-01T00:15:00Z,HAD,Harris_Creek_Downstream,38.712517,-76.316803,0.3,5.75,3.453,25.27,9.96,74.005
2018-06-01T00:30:00Z,HAD,Harris_Creek_Downstream,38.712517,-76.316803,0.3,5.93,3.433,25.29,9.96,76.279
2018-06-01T00:45:00Z,HAD,Harris_Creek_Downstream,38.712517,-76.316803,0.3,6.41,3.413,25.39,9.96,82.725
2018-06-01T01:00:00Z,HAD,Harris_Creek_Downstream,38.712517,-76.316803,0.3,6.83,3.385,25.49,9.95,88.197
2018-06-01T01:15:00Z,HAD,Harris_Creek_Downstream,38.712517,-76.316803,0.3,7.12,3.365,25.55,9.91,92.116
2018-06-01T01:30:00Z,HAD,Harris_Creek_Downstream,38.712517,-76.316803,0.3,7.0,3.337,25.52,9.91,90.446
2018-06-01T01:45:00Z,HAD,Harris_Creek_Downstream,38.712517,-76.316803,0.3,6.59,3.342,25.51,9.9,85.091
2018-06-01T02:00:00Z,HAD,Harris_Creek_Downstream,38.712517,-76.316803,0.3,6.35,3.311,25.48,9.89,82.011
2018-06-01T02:15:00Z,HAD,Harris_Creek_Downstream,38.712517,-76.316803,0.3,6.26,3.272,25.47,9.89,80.87
2018-06-01T02:30:00Z,HAD,Harris_Creek_Downstream,38.712517,-76.316803,0.3,6.2,3.264,25.46,9.85,79.98
2018-06-01T02:45:00Z,HAD,Harris_Creek_Downstream,38.712517,-76.316803,0.3,6.27,3.262,25.46,9.87,80.853
2018-06-01T03:00:00Z,HAD,Harris_Creek_Downstream,38.712517,-76.316803,0.3,6.22,3.234,25.48,9.87,80.316
2018-06-01T03:15:00Z,HAD,Harris_Creek_Downstream,38.712517,-76.316803,0.3,6.05,3.23,25.48,9.85,78.134
2018-06-01T03:30:00Z,HAD,Harris_Creek_Downstream,38.712517,-76.316803,0.3,5.99,3.23,25.47,9.84,77.295
2018-06-01T03:45:00Z,HAD,Harris_Creek_Downstream,38.712517,-76.316803,0.3,5.95,3.224,25.42,9.86,76.733
2018-06-01T04:00:00Z,HAD,Harris_Creek_Downstream,38.712517,-76.316803,0.3,5.8,3.215,25.42,9.85,74.836
2018-06-01T04:15:00Z,HAD,Harris_Creek_Downstream,38.712517,-76.316803,0.3,5.74,3.21,25.39,9.87,73.955
2018-06-01T04:30:00Z,HAD,Harris_Creek_Downstream,38.712517,-76.316803,0.3,5.54,3.233,25.37,9.85,71.42
2018-06-01T04:45:00Z,HAD,Harris_Creek_Downstream,38.712517,-76.316803,0.3,5.5,3.239,25.36,9.84,70.858
2018-06-01T05:00:00Z,HAD,Harris_Creek_Downstream,38.712517,-76.316803,0.3,5.35,3.251,25.35,9.82,68.953
2018-06-01T05:15:00Z,HAD,Harris_Creek_Downstream,38.712517,-76.316803,0.3,4.97,3.26,25.35,9.84,64.035
2018-06-01T05:30:00Z,HAD,Harris_Creek_Downstream,38.712517,-76.316803,0.3,4.93,3.279,25.36,9.82,63.531
2018-06-01T05:45:00Z,HAD,Harris_Creek_Downstream,38.712517,-76.316803,0.3,5.47,3.294,25.36,9.82,70.38
2018-06-01T06:00:00Z,HAD,Harris_Creek_Downstream,38.712517,-76.316803,0.3,4.98,3.323,25.34,9.83,64.111
2018-06-01T06:15:00Z,HAD,Harris_Creek_Downstream,38.712517,-76.316803,0.3,5.43,3.356,25.36,9.82,69.985
2018-06-01T06:30:00Z,HAD,Harris_Creek_Downstream,38.712517,-76.316803,0.3,5.46,3.373,25.35,9.86,70.38
2018-06-01T06:45:00Z,HAD,Harris_Creek_Downstream,38.712517,-76.316803,0.3,5.87,3.402,25.3,9.86,75.549
2018-06-01T07:00:00Z,HAD,Harris_Creek_Downstream,38.712517,-76.316803,0.3,5.93,3.426,25.29,9.87,76.288
2018-06-01T07:15:00Z,HAD,Harris_Creek_Downstream,38.712517,-76.316803,0.3,5.87,3.459,25.28,9.88,75.474
2018-06-01T07:30:00Z,HAD,Harris_Creek_Downstream,38.712517,-76.316803,0.3,5.66,3.486,25.29,9.86,72.797
2018-06-01T07:45:00Z,HAD,Harris_Creek_Downstream,38.712517,-76.316803,0.3,5.41,3.527,25.29,9.86,69.633
2018-06-01T08:00:00Z,HAD,Harris_Creek_Downstream,38.712517,-76.316803,0.3,5.76,3.563,25.3,9.87,74.072
2018-06-01T08:15:00Z,HAD,Harris_Creek_Downstream,38.712517,-76.316803,0.3,5.81,3.583,25.33,9.89,74.87
2018-06-01T08:30:00Z,HAD,Harris_Creek_Downstream,38.712517,-76.316803,0.3,5.98,3.603,25.32,9.89,76.934
2018-06-01T08:45:00Z,HAD,Harris_Creek_Downstream,38.712517,-76.316803,0.3,6.09,3.633,25.31,9.88,78.378
2018-06-01T09:00:00Z,HAD,Harris_Creek_Downstream,38.712517,-76.316803,0.3,6.1,3.647,25.28,9.89,78.47
2018-06-01T09:15:00Z,HAD,Harris_Creek_Downstream,38.712517,-76.316803,0.3,6.0,3.669,25.24,9.89,77.161
2018-06-01T09:30:00Z,HAD,Harris_Creek_Downstream,38.712517,-76.316803,0.3,6.27,3.681,25.19,9.92,80.551
2018-06-01T09:45:00Z,HAD,Harris_Creek_Downstream,38.712517,-76.316803,0.3,6.18,3.7,25.19,9.91,79.351
2018-06-01T10:00:00Z,HAD,Harris_Creek_Downstream,38.712517,-76.316803,0.3,6.25,3.707,25.2,9.88,80.325
2018-06-01T10:15:00Z,HAD,Harris_Creek_Downstream,38.712517,-76.316803,0.3,6.1,3.703,25.18,9.89,78.361
2018-06-01T10:30:00Z,HAD,Harris_Creek_Downstream,38.712517,-76.316803,0.3,6.2,3.7,25.17,9.91,79.628
2018-06-01T10:45:00Z,HAD,Harris_Creek_Downstream,38.712517,-76.316803,0.3,5.06,3.699,25.18,9.89,65.0
2018-06-01T11:00:00Z,HAD,Harris_Creek_Downstream,38.712517,-76.316803,0.3,5.34,3.687,25.18,9.9,68.533
2018-06-01T11:15:00Z,HAD,Harris_Creek_Downstream,38.712517,-76.316803,0.3,4.99,3.678,25.19,9.88,64.069
2018-06-01T11:30:00Z,HAD,Harris_Creek_Downstream,38.712517,-76.316803,0.3,5.65,3.655,25.16,9.88,72.553
2018-06-01T11:45:00Z,HAD,Harris_Creek_Downstream,38.712517,-76.316803,0.3,5.75,3.638,25.15,9.88,73.854
2018-06-01T12:00:00Z,HAD,Harris_Creek_Downstream,38.712517,-76.316803,0.3,5.48,3.622,25.15,9.89,70.38
2018-06-01T12:15:00Z,HAD,Harris_Creek_Downstream,38.712517,-76.316803,0.3,5.53,3.597,25.14,9.9,70.925
2018-06-01T12:30:00Z,HAD,Harris_Creek_Downstream,38.712517,-76.316803,0.3,5.39,3.574,25.15,9.9,69.18
2018-06-01T12:45:00Z,HAD,Harris_Creek_Downstream,38.712517,-76.316803,0.3,5.51,3.548,25.15,9.88,70.707
2018-06-01T13:00:00Z,HAD,Harris_Creek_Downstream,38.712517,-76.316803,0.3,5.45,3.525,25.17,9.88,69.968
2018-06-01T13:15:00Z,HAD,Harris_Creek_Downstream,38.712517,-76.316803,0.3,5.29,3.501,25.17,9.88,67.954
2018-06-01T13:30:00Z,HAD,Harris_Creek_Downstream,38.712517,-76.316803,0.3,5.24,3.474,25.15,9.88,67.241
2018-06-01T13:45:00Z,HAD,Harris_Creek_Downstream,38.712517,-76.316803,0.3,5.08,3.443,25.15,9.89,65.168
2018-06-01T14:00:00Z,HAD,Harris_Creek_Downstream,38.712517,-76.316803,0.3,5.05,3.428,25.17,9.87,64.891
2018-06-01T14:15:00Z,HAD,Harris_Creek_Downstream,38.712517,-76.316803,0.3,5.02,3.393,25.18,9.87,64.455
2018-06-01T14:30:00Z,HAD,Harris_Creek_Downstream,38.712517,-76.316803,0.3,4.83,3.374,25.2,9.86,62.096
2018-06-01T14:45:00Z,HAD,Harris_Creek_Downstream,38.712517,-76.316803,0.3,4.75,3.352,25.21,9.86,61.022
2018-06-01T15:00:00Z,HAD,Harris_Creek_Downstream,38.712517,-76.316803,0.3,4.67,3.331,25.22,9.87,60.032
2018-06-01T15:15:00Z,HAD,Harris_Creek_Downstream,38.712517,-76.316803,0.3,4.54,3.317,25.23,9.88,58.362
2018-06-01T15:30:00Z,HAD,Harris_Creek_Downstream,38.712517,-76.316803,0.3,4.83,3.297,25.23,9.89,62.029
2018-06-01T15:45:00Z,HAD,Harris_Creek_Downstream,38.712517,-76.316803,0.3,4.98,3.274,25.26,9.87,64.043
2018-06-01T16:00:00Z,HAD,Harris_Creek_Downstream,38.712517,-76.316803,0.3,5.16,3.261,25.3,9.85,66.351
2018-06-01T16:15:00Z,HAD,Harris_Creek_Downstream,38.712517,-76.316803,0.3,5.15,3.246,25.29,9.86,66.284
2018-06-01T16:30:00Z,HAD,Harris_Creek_Downstream,38.712517,-76.316803,0.3,5.28,3.232,25.31,9.86,67.929
2018-06-01T16:45:00Z,HAD,Harris_Creek_Downstream,38.712517,-76.316803,0.3,5.39,3.225,25.32,9.86,69.364
2018-06-01T17:00:00Z,HAD,Harris_Creek_Downstream,38.712517,-76.316803,0.3,5.34,3.218,25.34,9.85,68.71
2018-06-01T17:15:00Z,HAD,Harris_Creek_Downstream,38.712517,-76.316803,0.3,5.43,3.215,25.37,9.85,69.985
2018-06-01T17:30:00Z,HAD,Harris_Creek_Downstream,38.712517,-76.316803,0.3,5.75,3.215,25.41,9.86,74.198
2018-06-01T17:45:00Z,HAD,Harris_Creek_Downstream,38.712517,-76.316803,0.3,5.59,3.214,25.42,9.86,72.117
2018-06-01T18:00:00Z,HAD,Harris_Creek_Downstream,38.712517,-76.316803,0.3,5.19,3.216,25.42,9.85,66.939
2018-06-01T18:15:00Z,HAD,Harris_Creek_Downstream,38.712517,-76.316803,0.3,6.39,3.231,25.5,9.84,82.532
2018-06-01T18:30:00Z,HAD,Harris_Creek_Downstream,38.712517,-76.316803,0.3,6.45,3.245,25.5,9.84,83.27
2018-06-01T18:45:00Z,HAD,Harris_Creek_Downstream,38.712517,-76.316803,0.3,5.69,3.258,25.52,9.84,73.468
2018-06-01T19:00:00Z,HAD,Harris_Creek_Downstream,38.712517,-76.316803,0.3,5.66,3.278,25.51,9.84,73.132
2018-06-01T19:15:00Z,HAD,Harris_Creek_Downstream,38.712517,-76.316803,0.3,5.52,3.3,25.53,9.83,71.336
2018-06-01T19:30:00Z,HAD,Harris_Creek_Downstream,38.712517,-76.316803,0.3,5.98,3.322,25.56,9.85,77.32
2018-06-01T19:45:00Z,HAD,Harris_Creek_Downstream,38.712517,-76.316803,0.3,6.46,3.345,25.6,9.82,83.522
2018-06-01T20:00:00Z,HAD,Harris_Creek_Downstream,38.712517,-76.316803,0.3,6.61,3.371,25.61,9.82,85.528
2018-06-01T20:15:00Z,HAD,Harris_Creek_Downstream,38.712517,-76.316803,0.3,5.95,3.399,25.59,9.82,76.959
2018-06-01T20:30:00Z,HAD,Harris_Creek_Downstream,38.712517,-76.316803,0.3,5.53,3.416,25.6,9.81,71.487
2018-06-01T20:45:00Z,HAD,Harris_Creek_Downstream,38.712517,-76.316803,0.3,5.42,3.442,25.59,9.82,70.094
2018-06-01T21:00:00Z,HAD,Harris_Creek_Downstream,38.712517,-76.316803,0.3,4.77,3.457,25.58,9.82,61.66
2018-06-01T21:15:00Z,HAD,Harris_Creek_Downstream,38.712517,-76.316803,0.3,6.04,3.475,25.61,9.81,78.134
2018-06-01T21:30:00Z,HAD,Harris_Creek_Downstream,38.712517,-76.316803,0.3,4.86,3.486,25.56,9.83,62.877
2018-06-01T21:45:00Z,HAD,Harris_Creek_Downstream,38.712517,-76.316803,0.3,4.38,3.503,25.61,9.8,56.692
2018-06-01T22:00:00Z,HAD,Harris_Creek_Downstream,38.712517,-76.316803,0.3,4.35,3.51,25.58,9.8,56.197
2018-06-01T22:15:00Z,HAD,Harris_Creek_Downstream,38.712517,-76.316803,0.3,5.16,3.505,25.58,9.8,66.653
2018-06-01T22:30:00Z,HAD,Harris_Creek_Downstream,38.712517,-76.316803,0.3,4.51,3.509,25.48,9.81,58.219
2018-06-01T22:45:00Z,HAD,Harris_Creek_Downstream,38.712517,-76.316803,0.3,4.97,3.508,25.42,9.84,64.077
2018-06-01T23:00:00Z,HAD,Harris_Creek_Downstream,38.712517,-76.316803,0.3,5.39,3.501,25.45,9.82,69.566
2018-06-01T23:15:00Z,HAD,Harris_Creek_Downstream,38.712517,-76.316803,0.3,5.82,3.486,25.48,9.8,75.138
2018-06-01T23:30:00Z,HAD,Harris_Creek_Downstream,38.712517,-76.316803,0.3,6.03,3.477,25.48,9.8,77.866
2018-06-01T23:45:00Z,HAD,Harris_Creek_Downstream,38.712517,-76.316803,0.3,5.98,3.463,25.5,9.78,77.177
2018-06-02T00:00:00Z,HAD,Harris_Creek_Downstream,38.712517,-76.316803,0.3,5.05,3.442,25.48,9.8,65.118
2018-06-02T00:15:00Z,HAD,Harris_Creek_Downstream,38.712517,-76.316803,0.3,5.0,3.425,25.46,9.8,64.547
2018-06-02T00:30:00Z,HAD,Harris_Creek_Downstream,38.712517,-76.316803,0.3,5.5,3.402,25.45,9.78,70.934
2018-06-02T00:45:00Z,HAD,Harris_Creek_Downstream,38.712517,-76.316803,0.3,5.74,3.384,25.45,9.78,74.072
2018-06-02T01:00:00Z,HAD,Harris_Creek_Downstream,38.712517,-76.316803,0.3,5.92,3.354,25.49,9.78,76.422
2018-06-02T01:15:00Z,HAD,Harris_Creek_Downstream,38.712517,-76.316803,0.3,6.04,3.328,25.52,9.77,77.916
2018-06-02T01:30:00Z,HAD,Harris_Creek_Downstream,38.712517,-76.316803,0.3,6.01,3.311,25.55,9.76,77.639
2018-06-02T01:45:00Z,HAD,Harris_Creek_Downstream,38.712517,-76.316803,0.3,5.85,3.284,25.53,9.78,75.574
2018-06-02T02:00:00Z,HAD,Harris_Creek_Downstream,38.712517,-76.316803,0.3,5.91,3.259,25.54,9.76,76.363
2018-06-02T02:15:00Z,HAD,Harris_Creek_Downstream,38.712517,-76.316803,0.3,5.72,3.241,25.54,9.76,73.904
2018-06-02T02:30:00Z,HAD,Harris_Creek_Downstream,38.712517,-76.316803,0.3,5.8,3.211,25.55,9.75,74.878
2018-06-02T02:45:00Z,HAD,Harris_Creek_Downstream,38.712517,-76.316803,0.3,5.94,3.194,25.61,9.75,76.775
2018-06-02T03:00:00Z,HAD,Harris_Creek_Downstream,38.712517,-76.316803,0.3,6.08,3.166,25.65,9.75,78.629
2018-06-02T03:15:00Z,HAD,Harris_Creek_Downstream,38.712517,-76.316803,0.3,6.17,3.152,25.7,9.73,79.955
2018-06-02T03:30:00Z,HAD,Harris_Creek_Downstream,38.712517,-76.316803,0.3,6.36,3.138,25.73,9.73,82.439
2018-06-02T03:45:00Z,HAD,Harris_Creek_Downstream,38.712517,-76.316803,0.3,6.19,3.121,25.74,9.74,80.249
2018-06-02T04:00:00Z,HAD,Harris_Creek_Downstream,38.712517,-76.316803,0.3,6.06,3.113,25.77,9.73,78.537
2018-06-02T04:15:00Z,HAD,Harris_Creek_Downstream,38.712517,-76.316803,0.3,5.9,3.107,25.8,9.74,76.54
2018-06-02T04:30:00Z,HAD,Harris_Creek_Downstream,38.712517,-76.316803,0.3,5.77,3.098,25.85,9.73,74.903
2018-06-02T04:45:00Z,HAD,Harris_Creek_Downstream,38.712517,-76.316803,0.3,5.47,3.096,25.81,9.73,70.984
2018-06-02T05:00:00Z,HAD,Harris_Creek_Downstream,38.712517,-76.316803,0.3,6.21,3.099,26.0,9.7,80.895
2018-06-02T05:15:00Z,HAD,Harris_Creek_Downstream,38.712517,-76.316803,0.3,7.03,3.106,26.61,9.68,92.485
2018-06-02T05:30:00Z,HAD,Harris_Creek_Downstream,38.712517,-76.316803,0.3,6.94,3.13,26.64,9.69,91.352
2018-06-02T05:45:00Z,HAD,Harris_Creek_Downstream,38.712517,-76.316803,0.3,5.86,3.135,26.26,9.72,76.665
2018-06-02T06:00:00Z,HAD,Harris_Creek_Downstream,38.712517,-76.316803,0.3,5.77,3.156,25.87,9.72,74.886
2018-06-02T06:15:00Z,HAD,Harris_Creek_Downstream,38.712517,-76.316803,0.3,5.71,3.179,25.8,9.74,74.131
2018-06-02T06:30:00Z,HAD,Harris_Creek_Downstream,38.712517,-76.316803,0.3,5.84,3.199,25.78,9.72,75.793
2018-06-02T06:45:00Z,HAD,Harris_Creek_Downstream,38.712517,-76.316803,0.3,5.85,3.24,25.72,9.73,75.793
2018-06-02T07:00:00Z,HAD,Harris_Creek_Downstream,38.712517,-76.316803,0.3,5.85,3.271,25.72,9.75,75.784
2018-06-02T07:15:00Z,HAD,Harris_Creek_Downstream,38.712517,-76.316803,0.3,6.1,3.303,25.81,9.73,79.2
2018-06-02T07:30:00Z,HAD,Harris_Creek_Downstream,38.712517,-76.316803,0.3,6.28,3.32,25.85,9.72,81.525
2018-06-02T07:45:00Z,HAD,Harris_Creek_Downstream,38.712517,-76.316803,0.3,6.3,3.359,25.88,9.72,81.793
2018-06-02T08:00:00Z,HAD,Harris_Creek_Downstream,38.712517,-76.316803,0.3,6.22,3.385,25.94,9.71,80.87
2018-06-02T08:15:00Z,HAD,Harris_Creek_Downstream,38.712517,-76.316803,0.3,6.37,3.406,25.99,9.71,82.876
2018-06-02T08:30:00Z,HAD,Harris_Creek_Downstream,38.712517,-76.316803,0.3,6.53,3.439,26.06,9.72,85.083
2018-06-02T08:45:00Z,HAD,Harris_Creek_Downstream,38.712517,-76.316803,0.3,6.38,3.458,26.02,9.71,83.119
2018-06-02T09:00:00Z,HAD,Harris_Creek_Downstream,38.712517,-76.316803,0.3,6.47,3.482,26.0,9.71,84.21
2018-06-02T09:15:00Z,HAD,Harris_Creek_Downstream,38.712517,-76.316803,0.3,6.39,3.503,25.97,9.74,83.153
2018-06-02T09:30:00Z,HAD,Harris_Creek_Downstream,38.712517,-76.316803,0.3,6.37,3.519,25.91,9.74,82.767
2018-06-02T09:45:00Z,HAD,Harris_Creek_Downstream,38.712517,-76.316803,0.3,6.2,3.544,25.89,9.73,80.618
2018-06-02T10:00:00Z,HAD,Harris_Creek_Downstream,38.712517,-76.316803,0.3,6.21,3.555,25.87,9.75,80.643
2018-06-02T10:15:00Z,HAD,Harris_Creek_Downstream,38.712517,-76.316803,0.3,6.01,3.568,25.89,9.73,78.117
2018-06-02T10:30:00Z,HAD,Harris_Creek_Downstream,38.712517,-76.316803,0.3,5.75,3.585,25.89,9.73,74.76
2018-06-02T10:45:00Z,HAD,Harris_Creek_Downstream,38.712517,-76.316803,0.3,5.55,3.587,25.88,9.75,72.167
2018-06-02T11:00:00Z,HAD,Harris_Creek_Downstream,38.712517,-76.316803,0.3,5.06,3.589,25.9,9.73,65.755
2018-06-02T11:15:00Z,HAD,Harris_Creek_Downstream,38.712517,-76.316803,0.3,5.03,3.584,25.9,9.74,65.344
2018-06-02T11:30:00Z,HAD,Harris_Creek_Downstream,38.712517,-76.316803,0.3,5.59,3.579,25.82,9.71,72.52
2018-06-02T11:45:00Z,HAD,Harris_Creek_Downstream,38.712517,-76.316803,0.3,5.39,3.574,25.79,9.71,69.843
2018-06-02T12:00:00Z,HAD,Harris_Creek_Downstream,38.712517,-76.316803,0.3,5.45,3.551,25.78,9.72,70.699
2018-06-02T12:15:00Z,HAD,Harris_Creek_Downstream,38.712517,-76.316803,0.3,5.34,3.542,25.72,9.73,69.196
2018-06-02T12:30:00Z,HAD,Harris_Creek_Downstream,38.712517,-76.316803,0.3,5.04,3.526,25.7,9.74,65.319
2018-06-02T12:45:00Z,HAD,Harris_Creek_Downstream,38.712517,-76.316803,0.3,4.99,3.507,25.67,9.75,64.648
2018-06-02T13:00:00Z,HAD,Harris_Creek_Downstream,38.712517,-76.316803,0.3,5.0,3.486,25.68,9.72,64.664
2018-06-02T13:15:00Z,HAD,Harris_Creek_Downstream,38.712517,-76.316803,0.3,4.83,3.469,25.67,9.74,62.491
2018-06-02T13:30:00Z,HAD,Harris_Creek_Downstream,38.712517,-76.316803,0.3,5.15,3.444,25.66,9.74,66.603
2018-06-02T13:45:00Z,HAD,Harris_Creek_Downstream,38.712517,-76.316803,0.3,5.29,3.421,25.66,9.74,68.424
2018-06-02T14:00:00Z,HAD,Harris_Creek_Downstream,38.712517,-76.316803,0.3,5.09,3.392,25.65,9.73,65.856
2018-06-02T14:15:00Z,HAD,Harris_Creek_Downstream,38.712517,-76.316803,0.3,4.94,3.368,25.64,9.75,63.926
2018-06-02T14:30:00Z,HAD,Harris_Creek_Downstream,38.712517,-76.316803,0.3,4.77,3.34,25.64,9.74,61.668
2018-06-02T14:45:00Z,HAD,Harris_Creek_Downstream,38.712517,-76.316803,0.3,4.99,3.321,25.63,9.75,64.597
2018-06-02T15:00:00Z,HAD,Harris_Creek_Downstream,38.712517,-76.316803,0.3,4.71,3.296,25.64,9.75,60.955
2018-06-02T15:15:00Z,HAD,Harris_Creek_Downstream,38.712517,-76.316803,0.3,4.55,3.267,25.65,9.75,58.865
2018-06-02T15:30:00Z,HAD,Harris_Creek_Downstream,38.712517,-76.316803,0.3,4.56,3.247,25.69,9.73,59.1
2018-06-02T15:45:00Z,HAD,Harris_Creek_Downstream,38.712517,-76.316803,0.3,4.57,3.226,25.7,9.74,59.159
2018-06-02T16:00:00Z,HAD,Harris_Creek_Downstream,38.712517,-76.316803,0.3,4.2,3.207,25.67,9.76,54.359
2018-06-02T16:15:00Z,HAD,Harris_Creek_Downstream,38.712517,-76.316803,0.3,4.19,3.192,25.69,9.74,54.292
2018-06-02T16:30:00Z,HAD,Harris_Creek_Downstream,38.712517,-76.316803,0.3,4.16,3.179,25.7,9.73,53.88
2018-06-02T16:45:00Z,HAD,Harris_Creek_Downstream,38.712517,-76.316803,0.3,4.49,3.166,25.71,9.74,58.186
2018-06-02T17:00:00Z,HAD,Harris_Creek_Downstream,38.712517,-76.316803,0.3,4.42,3.16,25.76,9.72,57.237
2018-06-02T17:15:00Z,HAD,Harris_Creek_Downstream,38.712517,-76.316803,0.3,4.4,3.149,25.81,9.73,57.078
2018-06-02T17:30:00Z,HAD,Harris_Creek_Downstream,38.712517,-76.316803,0.3,4.24,3.136,25.83,9.71,55.038
2018-06-02T17:45:00Z,HAD,Harris_Creek_Downstream,38.712517,-76.316803,0.3,3.93,3.137,25.76,9.73,50.977
2018-06-02T18:00:00Z,HAD,Harris_Creek_Downstream,38.712517,-76.316803,0.3,4.16,3.127,25.88,9.7,53.998
2018-06-02T18:15:00Z,HAD,Harris_Creek_Downstream,38.712517,-76.316803,0.3,3.82,3.122,25.86,9.71,49.642
2018-06-02T18:30:00Z,HAD,Harris_Creek_Downstream,38.712517,-76.316803,0.3,3.73,3.148,25.78,9.72,48.434
2018-06-02T18:45:00Z,HAD,Harris_Creek_Downstream,38.712517,-76.316803,0.3,4.76,3.147,26.0,9.66,61.92
2018-06-02T19:00:00Z,HAD,Harris_Creek_Downstream,38.712517,-76.316803,0.3,4.66,3.161,25.96,9.69,60.619
2018-06-02T19:15:00Z,HAD,Harris_Creek_Downstream,38.712517,-76.316803,0.3,4.69,3.172,26.04,9.67,61.106
2018-06-02T19:30:00Z,HAD,Harris_Creek_Downstream,38.712517,-76.316803,0.3,4.52,3.19,26.04,9.68,58.882
2018-06-02T19:45:00Z,HAD,Harris_Creek_Downstream,38.712517,-76.316803,0.3,5.95,3.209,26.23,9.64,77.723
2018-06-02T20:00:00Z,HAD,Harris_Creek_Downstream,38.712517,-76.316803,0.3,5.48,3.235,26.09,9.63,71.404
2018-06-02T20:15:00Z,HAD,Harris_Creek_Downstream,38.712517,-76.316803,0.3,5.4,3.251,26.05,9.61,70.262
2018-06-02T20:30:00Z,HAD,Harris_Creek_Downstream,38.712517,-76.316803,0.3,4.67,3.283,25.99,9.63,60.728
2018-06-02T20:45:00Z,HAD,Harris_Creek_Downstream,38.712517,-76.316803,0.3,4.7,3.313,25.98,9.63,61.182
2018-06-02T21:00:00Z,HAD,Harris_Creek_Downstream,38.712517,-76.316803,0.3,4.51,3.321,25.97,9.64,58.723
2018-06-02T21:15:00Z,HAD,Harris_Creek_Downstream,38.712517,-76.316803,0.3,5.01,3.339,25.99,9.65,65.185
2018-06-02T21:30:00Z,HAD,Harris_Creek_Downstream,38.712517,-76.316803,0.3,4.85,3.366,26.0,9.64,63.171
2018-06-02T21:45:00Z,HAD,Harris_Creek_Downstream,38.712517,-76.316803,0.3,5.06,3.384,26.03,9.63,65.89
2018-06-02T22:00:00Z,HAD,Harris_Creek_Downstream,38.712517,-76.316803,0.3,4.97,3.404,26.05,9.62,64.774
2018-06-02T22:15:00Z,HAD,Harris_Creek_Downstream,38.712517,-76.316803,0.3,6.12,3.418,26.11,9.63,79.787
2018-06-02T22:30:00Z,HAD,Harris_Creek_Downstream,38.712517,-76.316803,0.3,5.51,3.433,26.06,9.64,71.781
2018-06-02T22:45:00Z,HAD,Harris_Creek_Downstream,38.712517,-76.316803,0.3,5.14,3.44,26.06,9.62,66.964
2018-06-02T23:00:00Z,HAD,Harris_Creek_Downstream,38.712517,-76.316803,0.3,4.61,3.439,26.05,9.63,60.099
2018-06-02T23:15:00Z,HAD,Harris_Creek_Downstream,38.712517,-76.316803,0.3,4.16,3.452,26.03,9.64,54.199
2018-06-02T23:30:00Z,HAD,Harris_Creek_Downstream,38.712517,-76.316803,0.3,5.28,3.447,26.09,9.62,68.785
2018-06-02T23:45:00Z,HAD,Harris_Creek_Downstream,38.712517,-76.316803,0.3,4.56,3.439,26.03,9.64,59.327
2018-06-03T00:00:00Z,HAD,Harris_Creek_Downstream,38.712517,-76.316803,0.3,4.22,3.429,25.97,9.66,54.845
2018-06-03T00:15:00Z,HAD,Harris_Creek_Downstream,38.712517,-76.316803,0.3,4.01,3.422,25.91,9.66,52.101
2018-06-03T00:30:00Z,HAD,Harris_Creek_Downstream,38.712517,-76.316803,0.3,3.77,3.4,25.91,9.65,48.996
2018-06-03T00:45:00Z,HAD,Harris_Creek_Downstream,38.712517,-76.316803,0.3,4.11,3.387,25.98,9.65,53.461
2018-06-03T01:00:00Z,HAD,Harris_Creek_Downstream,38.712517,-76.316803,0.3,4.48,3.368,25.97,9.66,58.261
2018-06-03T01:15:00Z,HAD,Harris_Creek_Downstream,38.712517,-76.316803,0.3,4.36,3.35,26.04,9.65,56.759
2018-06-03T01:30:00Z,HAD,Harris_Creek_Downstream,38.712517,-76.316803,0.3,5.14,3.342,26.16,9.61,67.09
2018-06-03T01:45:00Z,HAD,Harris_Creek_Downstream,38.712517,-76.316803,0.3,6.22,3.315,26.13,9.62,81.063
2018-06-03T02:00:00Z,HAD,Harris_Creek_Downstream,38.712517,-76.316803,0.3,5.87,3.298,26.19,9.61,76.582
2018-06-03T02:15:00Z,HAD,Harris_Creek_Downstream,38.712517,-76.316803,0.3,6.36,3.273,26.17,9.62,83.044
2018-06-03T02:30:00Z,HAD,Harris_Creek_Downstream,38.712517,-76.316803,0.3,4.82,3.256,26.06,9.62,62.81
2018-06-03T02:45:00Z,HAD,Harris_Creek_Downstream,38.712517,-76.316803,0.3,6.29,3.238,26.12,9.63,81.995
2018-06-03T03:00:00Z,HAD,Harris_Creek_Downstream,38.712517,-76.316803,0.3,6.38,3.216,26.09,9.64,83.153
2018-06-03T03:15:00Z,HAD,Harris_Creek_Downstream,38.712517,-76.316803,0.3,5.81,3.203,26.05,9.64,75.65
2018-06-03T03:30:00Z,HAD,Harris_Creek_Downstream,38.712517,-76.316803,0.3,5.52,3.188,26.04,9.66,71.932
2018-06-03T03:45:00Z,HAD,Harris_Creek_Downstream,38.712517,-76.316803,0.3,5.54,3.179,26.05,9.65,72.159
2018-06-03T04:00:00Z,HAD,Harris_Creek_Downstream,38.712517,-76.316803,0.3,5.56,3.163,26.09,9.64,72.495
2018-06-03T04:15:00Z,HAD,Harris_Creek_Downstream,38.712517,-76.316803,0.3,5.66,3.158,26.1,9.64,73.762
2018-06-03T04:30:00Z,HAD,Harris_Creek_Downstream,38.712517,-76.316803,0.3,5.64,3.145,26.07,9.66,73.527
2018-06-03T04:45:00Z,HAD,Harris_Creek_Downstream,38.712517,-76.316803,0.3,5.83,3.14,26.11,9.66,75.994
2018-06-03T05:00:00Z,HAD,Harris_Creek_Downstream,38.712517,-76.316803,0.3,5.57,3.141,26.1,9.66,72.629
2018-06-03T05:15:00Z,HAD,Harris_Creek_Downstream,38.712517,-76.316803,0.3,6.0,3.14,26.13,9.66,78.26
2018-06-03T05:30:00Z,HAD,Harris_Creek_Downstream,38.712517,-76.316803,0.3,5.67,3.138,26.12,9.66,73.988
2018-06-03T05:45:00Z,HAD,Harris_Creek_Downstream,38.712517,-76.316803,0.3,6.27,3.146,26.14,9.65,81.734
2018-06-03T06:00:00Z,HAD,Harris_Creek_Downstream,38.712517,-76.316803,0.3,5.86,3.148,26.12,9.65,76.397
2018-06-03T06:15:00Z,HAD,Harris_Creek_Downstream,38.712517,-76.316803,0.3,5.99,3.151,26.12,9.64,78.05
2018-06-03T06:30:00Z,HAD,Harris_Creek_Downstream,38.712517,-76.316803,0.3,5.68,3.158,26.1,9.66,74.005
2018-06-03T06:45:00Z,HAD,Harris_Creek_Downstream,38.712517,-76.316803,0.3,5.78,3.168,26.08,9.65,75.306
2018-06-03T07:00:00Z,HAD,Harris_Creek_Downstream,38.712517,-76.316803,0.3,5.94,3.19,26.06,9.65,77.404
2018-06-03T07:15:00Z,HAD,Harris_Creek_Downstream,38.712517,-76.316803,0.3,6.17,3.221,26.03,9.66,80.308
2018-06-03T07:30:00Z,HAD,Harris_Creek_Downstream,38.712517,-76.316803,0.3,6.15,3.232,26.02,9.65,80.039
2018-06-03T07:45:00Z,HAD,Harris_Creek_Downstream,38.712517,-76.316803,0.3,5.86,3.253,26.0,9.65,76.263
2018-06-03T08:00:00Z,HAD,Harris_Creek_Downstream,38.712517,-76.316803,0.3,6.2,3.289,26.0,9.58,80.61
2018-06-03T08:15:00Z,HAD,Harris_Creek_Downstream,38.712517,-76.316803,0.3,6.48,3.316,25.95,9.57,84.252
2018-06-03T08:30:00Z,HAD,Harris_Creek_Downstream,38.712517,-76.316803,0.3,6.42,3.33,25.91,9.58,83.379
2018-06-03T08:45:00Z,HAD,Harris_Creek_Downstream,38.712517,-76.316803,0.3,6.37,3.357,25.9,9.56,82.683
2018-06-03T09:00:00Z,HAD,Harris_Creek_Downstream,38.712517,-76.316803,0.3,6.47,3.393,25.87,9.56,83.992
2018-06-03T09:15:00Z,HAD,Harris_Creek_Downstream,38.712517,-76.316803,0.3,6.4,3.426,25.85,9.56,83.027
2018-06-03T09:30:00Z,HAD,Harris_Creek_Downstream,38.712517,-76.316803,0.3,6.34,3.442,25.84,9.55,82.162
2018-06-03T09:45:00Z,HAD,Harris_Creek_Downstream,38.712517,-76.316803,0.3,6.73,3.48,25.81,9.55,87.282
2018-06-03T10:00:00Z,HAD,Harris_Creek_Downstream,38.712517,-76.316803,0.3,6.82,3.503,25.78,9.57,88.406
2018-06-03T10:15:00Z,HAD,Harris_Creek_Downstream,38.712517,-76.316803,0.3,7.07,3.509,25.77,9.54,91.545
2018-06-03T10:30:00Z,HAD,Harris_Creek_Downstream,38.712517,-76.316803,0.3,7.02,3.542,25.75,9.54,90.941
2018-06-03T10:45:00Z,HAD,Harris_Creek_Downstream,38.712517,-76.316803,0.3,7.14,3.547,25.73,9.55,92.376
2018-06-03T11:00:00Z,HAD,Harris_Creek_Downstream,38.712517,-76.316803,0.3,7.14,3.568,25.74,9.51,92.351
2018-06-03T11:15:00Z,HAD,Harris_Creek_Downstream,38.712517,-76.316803,0.3,7.11,3.582,25.73,9.5,92.04
2018-06-03T11:30:00Z,HAD,Harris_Creek_Downstream,38.712517,-76.316803,0.3,7.25,3.6,25.72,9.49,93.744
2018-06-03T11:45:00Z,HAD,Harris_Creek_Downstream,38.712517,-76.316803,0.3,7.03,3.587,25.72,9.49,90.891
2018-06-03T12:00:00Z,HAD,Harris_Creek_Downstream,38.712517,-76.316803,0.3,7.02,3.603,25.75,9.49,90.865
2018-06-03T12:15:00Z,HAD,Harris_Creek_Downstream,38.712517,-76.316803,0.3,6.95,3.594,25.74,9.49,89.934
2018-06-03T12:30:00Z,HAD,Harris_Creek_Downstream,38.712517,-76.316803,0.3,7.09,3.581,25.71,9.49,91.772
2018-06-03T12:45:00Z,HAD,Harris_Creek_Downstream,38.712517,-76.316803,0.3,7.14,3.594,25.67,9.51,92.267
2018-06-03T13:00:00Z,HAD,Harris_Creek_Downstream,38.712517,-76.316803,0.3,6.92,3.573,25.66,9.53,89.388
2018-06-03T13:15:00Z,HAD,Harris_Creek_Downstream,38.712517,-76.316803,0.3,6.83,3.559,25.64,9.59,88.255
2018-06-03T13:30:00Z,HAD,Harris_Creek_Downstream,38.712517,-76.316803,0.3,6.63,3.537,25.62,9.63,85.696
2018-06-03T13:45:00Z,HAD,Harris_Creek_Downstream,38.712517,-76.316803,0.3,6.9,3.53,25.59,9.59,89.086
2018-06-03T14:00:00Z,HAD,Harris_Creek_Downstream,38.712517,-76.316803,0.3,6.82,3.476,25.55,9.65,88.046
2018-06-03T14:15:00Z,HAD,Harris_Creek_Downstream,38.712517,-76.316803,0.3,6.76,3.479,25.51,9.63,87.181
2018-06-03T14:30:00Z,HAD,Harris_Creek_Downstream,38.712517,-76.316803,0.3,7.08,3.435,25.43,9.64,91.159
2018-06-03T14:45:00Z,HAD,Harris_Creek_Downstream,38.712517,-76.316803,0.3,6.92,3.388,25.4,9.63,89.078
2018-06-03T15:00:00Z,HAD,Harris_Creek_Downstream,38.712517,-76.316803,0.3,6.98,3.407,25.32,9.65,89.724
2018-06-03T15:15:00Z,HAD,Harris_Creek_Downstream,38.712517,-76.316803,0.3,7.01,3.421,25.29,9.66,90.127
2018-06-03T15:30:00Z,HAD,Harris_Creek_Downstream,38.712517,-76.316803,0.3,6.93,3.401,25.3,9.64,89.002
2018-06-03T15:45:00Z,HAD,Harris_Creek_Downstream,38.712517,-76.316803,0.3,6.97,3.382,25.28,9.69,89.623
2018-06-03T16:00:00Z,HAD,Harris_Creek_Downstream,38.712517,-76.316803,0.3,6.79,3.314,25.28,9.68,87.307
2018-06-03T16:15:00Z,HAD,Harris_Creek_Downstream,38.712517,-76.316803,0.3,6.71,3.435,25.26,9.67,86.224
2018-06-03T16:30:00Z,HAD,Harris_Creek_Downstream,38.712517,-76.316803,0.3,6.55,3.398,25.17,9.72,84.026
2018-06-03T16:45:00Z,HAD,Harris_Creek_Downstream,38.712517,-76.316803,0.3,6.11,3.382,25.13,9.75,78.31
2018-06-03T17:00:00Z,HAD,Harris_Creek_Downstream,38.712517,-76.316803,0.3,6.05,3.431,25.07,9.77,77.538
2018-06-03T17:15:00Z,HAD,Harris_Creek_Downstream,38.712517,-76.316803,0.3,6.11,3.388,25.04,9.74,78.218
2018-06-03T17:30:00Z,HAD,Harris_Creek_Downstream,38.712517,-76.316803,0.3,6.13,3.369,25.02,9.74,78.478
2018-06-03T17:45:00Z,HAD,Harris_Creek_Downstream,38.712517,-76.316803,0.3,6.26,3.447,24.97,9.72,80.056
2018-06-03T18:00:00Z,HAD,Harris_Creek_Downstream,38.712517,-76.316803,0.3,6.3,3.37,24.94,9.71,80.476
2018-06-03T18:15:00Z,HAD,Harris_Creek_Downstream,38.712517,-76.316803,0.3,6.28,3.429,24.91,9.69,80.19
2018-06-03T18:30:00Z,HAD,Harris_Creek_Downstream,38.712517,-76.316803,0.3,6.02,3.394,24.89,9.7,76.808
2018-06-03T18:45:00Z,HAD,Harris_Creek_Downstream,38.712517,-76.316803,0.3,6.01,3.34,24.82,9.7,76.565
2018-06-03T19:00:00Z,HAD,Harris_Creek_Downstream,38.712517,-76.316803,0.3,5.93,3.35,24.8,9.7,75.516
2018-06-03T19:15:00Z,HAD,Harris_Creek_Downstream,38.712517,-76.316803,0.3,6.0,3.402,24.78,9.68,76.431
2018-06-03T19:30:00Z,HAD,Harris_Creek_Downstream,38.712517,-76.316803,0.3,5.83,3.423,24.76,9.66,74.249
2018-06-03T19:45:00Z,HAD,Harris_Creek_Downstream,38.712517,-76.316803,0.3,5.94,3.423,24.73,9.68,75.591
2018-06-03T20:00:00Z,HAD,Harris_Creek_Downstream,38.712517,-76.316803,0.3,6.0,3.433,24.67,9.72,76.237
2018-06-03T20:15:00Z,HAD,Harris_Creek_Downstream,38.712517,-76.316803,0.3,5.93,3.452,24.62,9.72,75.306
2018-06-03T20:30:00Z,HAD,Harris_Creek_Downstream,38.712517,-76.316803,0.3,5.81,3.465,24.6,9.69,73.762
2018-06-03T20:45:00Z,HAD,Harris_Creek_Downstream,38.712517,-76.316803,0.3,6.25,3.498,24.41,9.61,79.041
2018-06-03T21:00:00Z,HAD,Harris_Creek_Downstream,38.712517,-76.316803,0.3,6.6,3.519,24.23,9.69,83.228
2018-06-03T21:15:00Z,HAD,Harris_Creek_Downstream,38.712517,-76.316803,0.3,6.45,3.545,24.22,9.71,81.34
2018-06-03T21:30:00Z,HAD,Harris_Creek_Downstream,38.712517,-76.316803,0.3,6.19,3.577,24.29,9.66,78.092
2018-06-03T21:45:00Z,HAD,Harris_Creek_Downstream,38.712517,-76.316803,0.3,6.16,3.584,24.26,9.61,77.673
2018-06-03T22:00:00Z,HAD,Harris_Creek_Downstream,38.712517,-76.316803,0.3,6.37,3.605,24.18,9.59,80.199
2018-06-03T22:15:00Z,HAD,Harris_Creek_Downstream,38.712517,-76.316803,0.3,6.62,3.628,24.11,9.54,83.203
2018-06-03T22:30:00Z,HAD,Harris_Creek_Downstream,38.712517,-76.316803,0.3,6.85,3.647,24.09,9.48,86.015
2018-06-03T22:45:00Z,HAD,Harris_Creek_Downstream,38.712517,-76.316803,0.3,6.84,3.667,24.07,9.45,85.83
2018-06-03T23:00:00Z,HAD,Harris_Creek_Downstream,38.712517,-76.316803,0.3,6.72,3.684,24.07,9.42,84.353
2018-06-03T23:15:00Z,HAD,Harris_Creek_Downstream,38.712517,-76.316803,0.3,6.77,3.691,24.07,9.42,85.007
2018-06-03T23:30:00Z,HAD,Harris_Creek_Downstream,38.712517,-76.316803,0.3,6.85,3.701,24.11,9.45,86.048
2018-06-03T23:45:00Z,HAD,Harris_Creek_Downstream,38.712517,-76.316803,0.3,6.91,3.706,24.2,9.49,86.921
2018-06-04T00:00:00Z,HAD,Harris_Creek_Downstream,38.712517,-76.316803,0.3,7.02,3.709,24.36,9.54,88.616
2018-06-04T00:15:00Z,HAD,Harris_Creek_Downstream,38.712517,-76.316803,0.3,6.94,3.714,24.41,9.58,87.718
2018-06-04T00:30:00Z,HAD,Harris_Creek_Downstream,38.712517,-76.316803,0.3,6.94,3.715,24.41,9.57,87.743
2018-06-04T00:45:00Z,HAD,Harris_Creek_Downstream,38.712517,-76.316803,0.3,6.98,3.705,24.4,9.56,88.264
2018-06-04T01:00:00Z,HAD,Harris_Creek_Downstream,38.712517,-76.316803,0.3,6.85,3.7,24.4,9.56,86.552
2018-06-04T01:15:00Z,HAD,Harris_Creek_Downstream,38.712517,-76.316803,0.3,6.82,3.688,24.37,9.57,86.14
2018-06-04T01:30:00Z,HAD,Harris_Creek_Downstream,38.712517,-76.316803,0.3,6.86,3.681,24.33,9.59,86.61
2018-06-04T01:45:00Z,HAD,Harris_Creek_Downstream,38.712517,-76.316803,0.3,6.72,3.661,24.32,9.59,84.781
2018-06-04T02:00:00Z,HAD,Harris_Creek_Downstream,38.712517,-76.316803,0.3,6.79,3.651,24.29,9.59,85.595
2018-06-04T02:15:00Z,HAD,Harris_Creek_Downstream,38.712517,-76.316803,0.3,6.78,3.632,24.27,9.58,85.452
2018-06-04T02:30:00Z,HAD,Harris_Creek_Downstream,38.712517,-76.316803,0.3,6.89,3.617,24.22,9.59,86.845
2018-06-04T02:45:00Z,HAD,Harris_Creek_Downstream,38.712517,-76.316803,0.3,6.77,3.594,24.16,9.57,85.15
2018-06-04T03:00:00Z,HAD,Harris_Creek_Downstream,38.712517,-76.316803,0.3,6.7,3.57,24.08,9.58,84.21
2018-06-04T03:15:00Z,HAD,Harris_Creek_Downstream,38.712517,-76.316803,0.3,6.87,3.559,24.01,9.56,86.233
2018-06-04T03:30:00Z,HAD,Harris_Creek_Downstream,38.712517,-76.316803,0.3,6.87,3.539,23.97,9.57,86.174
2018-06-04T03:45:00Z,HAD,Harris_Creek_Downstream,38.712517,-76.316803,0.3,6.48,3.521,23.97,9.56,81.248
2018-06-04T04:00:00Z,HAD,Harris_Creek_Downstream,38.712517,-76.316803,0.3,6.72,3.507,23.79,9.54,83.958
2018-06-04T04:15:00Z,HAD,Harris_Creek_Downstream,38.712517,-76.316803,0.3,6.81,3.489,23.74,9.53,85.041
2018-06-04T04:30:00Z,HAD,Harris_Creek_Downstream,38.712517,-76.316803,0.3,6.83,3.467,23.68,9.53,85.15
2018-06-04T04:45:00Z,HAD,Harris_Creek_Downstream,38.712517,-76.316803,0.3,6.58,3.459,23.63,9.54,81.978
2018-06-04T05:00:00Z,HAD,Harris_Creek_Downstream,38.712517,-76.316803,0.3,6.67,3.427,23.57,9.51,82.977
2018-06-04T05:15:00Z,HAD,Harris_Creek_Downstream,38.712517,-76.316803,0.3,6.61,3.419,23.53,9.48,82.213
2018-06-04T05:30:00Z,HAD,Harris_Creek_Downstream,38.712517,-76.316803,0.3,6.57,3.397,23.47,9.49,81.651
2018-06-04T05:45:00Z,HAD,Harris_Creek_Downstream,38.712517,-76.316803,0.3,6.67,3.387,23.44,9.49,82.758
2018-06-04T06:00:00Z,HAD,Harris_Creek_Downstream,38.712517,-76.316803,0.3,6.57,3.371,23.43,9.5,81.609
2018-06-04T06:15:00Z,HAD,Harris_Creek_Downstream,38.712517,-76.316803,0.3,6.74,3.361,23.41,9.51,83.64
2018-06-04T06:30:00Z,HAD,Harris_Creek_Downstream,38.712517,-76.316803,0.3,6.75,3.353,23.4,9.51,83.74
2018-06-04T06:45:00Z,HAD,Harris_Creek_Downstream,38.712517,-76.316803,0.3,6.7,3.35,23.39,9.49,83.102
2018-06-04T07:00:00Z,HAD,Harris_Creek_Downstream,38.712517,-76.316803,0.3,6.59,3.346,23.38,9.49,81.726
2018-06-04T07:15:00Z,HAD,Harris_Creek_Downstream,38.712517,-76.316803,0.3,6.53,3.346,23.37,9.48,80.979
2018-06-04T07:30:00Z,HAD,Harris_Creek_Downstream,38.712517,-76.316803,0.3,6.5,3.349,23.34,9.48,80.576
2018-06-04T07:45:00Z,HAD,Harris_Creek_Downstream,38.712517,-76.316803,0.3,6.45,3.351,23.31,9.48,79.871
2018-06-04T08:00:00Z,HAD,Harris_Creek_Downstream,38.712517,-76.316803,0.3,6.44,3.364,23.27,9.49,79.72
2018-06-04T08:15:00Z,HAD,Harris_Creek_Downstream,38.712517,-76.316803,0.3,6.25,3.376,23.26,9.51,77.295
2018-06-04T08:30:00Z,HAD,Harris_Creek_Downstream,38.712517,-76.316803,0.3,6.42,3.397,23.22,9.51,79.393
2018-06-04T08:45:00Z,HAD,Harris_Creek_Downstream,38.712517,-76.316803,0.3,6.5,3.416,23.3,9.49,80.417
2018-06-04T09:00:00Z,HAD,Harris_Creek_Downstream,38.712517,-76.316803,0.3,6.38,3.432,23.34,9.53,79.099
2018-06-04T09:15:00Z,HAD,Harris_Creek_Downstream,38.712517,-76.316803,0.3,6.55,3.446,23.36,9.55,81.264
2018-06-04T09:30:00Z,HAD,Harris_Creek_Downstream,38.712517,-76.316803,0.3,6.84,3.464,23.31,9.52,84.689
2018-06-04T09:45:00Z,HAD,Harris_Creek_Downstream,38.712517,-76.316803,0.3,6.66,3.482,23.38,9.5,82.523
2018-06-04T10:00:00Z,HAD,Harris_Creek_Downstream,38.712517,-76.316803,0.3,6.57,3.502,23.07,9.53,81.021
2018-06-04T10:15:00Z,HAD,Harris_Creek_Downstream,38.712517,-76.316803,0.3,6.35,3.53,22.89,9.55,78.059
2018-06-04T10:30:00Z,HAD,Harris_Creek_Downstream,38.712517,-76.316803,0.3,6.41,3.541,22.77,9.56,78.671
2018-06-04T10:45:00Z,HAD,Harris_Creek_Downstream,38.712517,-76.316803,0.3,6.53,3.563,22.71,9.54,79.989
2018-06-04T11:00:00Z,HAD,Harris_Creek_Downstream,38.712517,-76.316803,0.3,6.53,3.578,22.67,9.56,79.905
2018-06-04T11:15:00Z,HAD,Harris_Creek_Downstream,38.712517,-76.316803,0.3,6.57,3.593,22.65,9.54,80.358
2018-06-04T11:30:00Z,HAD,Harris_Creek_Downstream,38.712517,-76.316803,0.3,6.58,3.604,22.66,9.51,80.484
2018-06-04T11:45:00Z,HAD,Harris_Creek_Downstream,38.712517,-76.316803,0.3,6.56,3.608,22.55,9.51,80.115
2018-06-04T12:00:00Z,HAD,Harris_Creek_Downstream,38.712517,-76.316803,0.3,6.6,3.619,22.47,9.52,80.526
2018-06-04T12:15:00Z,HAD,Harris_Creek_Downstream,38.712517,-76.316803,0.3,6.61,3.63,22.5,9.52,80.66
2018-06-04T12:30:00Z,HAD,Harris_Creek_Downstream,38.712517,-76.316803,0.3,6.53,3.634,22.54,9.52,79.745
2018-06-04T12:45:00Z,HAD,Harris_Creek_Downstream,38.712517,-76.316803,0.3,6.26,3.63,22.54,9.51,76.372
2018-06-04T13:00:00Z,HAD,Harris_Creek_Downstream,38.712517,-76.316803,0.3,6.21,3.629,22.55,9.49,75.843
2018-06-04T13:15:00Z,HAD,Harris_Creek_Downstream,38.712517,-76.316803,0.3,6.13,3.615,22.54,9.51,74.786
2018-06-04T13:30:00Z,HAD,Harris_Creek_Downstream,38.712517,-76.316803,0.3,6.21,3.604,22.54,9.49,75.851
2018-06-04T13:45:00Z,HAD,Harris_Creek_Downstream,38.712517,-76.316803,0.3,6.22,3.588,22.55,9.51,75.969
2018-06-04T14:00:00Z,HAD,Harris_Creek_Downstream,38.712517,-76.316803,0.3,5.9,3.579,22.57,9.48,72.108
2018-06-04T14:15:00Z,HAD,Harris_Creek_Downstream,38.712517,-76.316803,0.3,5.83,3.568,22.58,9.49,71.261
2018-06-04T14:30:00Z,HAD,Harris_Creek_Downstream,38.712517,-76.316803,0.3,5.49,3.546,22.58,9.51,67.048
2018-06-04T14:45:00Z,HAD,Harris_Creek_Downstream,38.712517,-76.316803,0.3,5.31,3.532,22.6,9.51,64.883
2018-06-04T15:00:00Z,HAD,Harris_Creek_Downstream,38.712517,-76.316803,0.3,5.11,3.519,22.61,9.5,62.516
2018-06-04T15:15:00Z,HAD,Harris_Creek_Downstream,38.712517,-76.316803,0.3,5.25,3.495,22.57,9.5,64.161
2018-06-04T15:30:00Z,HAD,Harris_Creek_Downstream,38.712517,-76.316803,0.3,5.23,3.477,22.53,9.49,63.834
2018-06-04T15:45:00Z,HAD,Harris_Creek_Downstream,38.712517,-76.316803,0.3,5.57,3.456,22.45,9.49,67.854
2018-06-04T16:00:00Z,HAD,Harris_Creek_Downstream,38.712517,-76.316803,0.3,5.84,3.439,22.4,9.5,71.076
2018-06-04T16:15:00Z,HAD,Harris_Creek_Downstream,38.712517,-76.316803,0.3,5.78,3.43,22.39,9.49,70.363
2018-06-04T16:30:00Z,HAD,Harris_Creek_Downstream,38.712517,-76.316803,0.3,5.72,3.402,22.42,9.48,69.633
2018-06-04T16:45:00Z,HAD,Harris_Creek_Downstream,38.712517,-76.316803,0.3,5.74,3.385,22.42,9.49,69.876
2018-06-04T17:00:00Z,HAD,Harris_Creek_Downstream,38.712517,-76.316803,0.3,5.66,3.376,22.43,9.47,68.978
2018-06-04T17:15:00Z,HAD,Harris_Creek_Downstream,38.712517,-76.316803,0.3,5.56,3.356,22.48,9.47,67.795
2018-06-04T17:30:00Z,HAD,Harris_Creek_Downstream,38.712517,-76.316803,0.3,5.75,3.341,22.51,9.49,70.153
2018-06-04T17:45:00Z,HAD,Harris_Creek_Downstream,38.712517,-76.316803,0.3,5.72,3.333,22.54,9.45,69.759
2018-06-04T18:00:00Z,HAD,Harris_Creek_Downstream,38.712517,-76.316803,0.3,5.86,3.329,22.55,9.48,71.555
2018-06-04T18:15:00Z,HAD,Harris_Creek_Downstream,38.712517,-76.316803,0.3,6.07,3.309,22.5,9.48,74.081
2018-06-04T18:30:00Z,HAD,Harris_Creek_Downstream,38.712517,-76.316803,0.3,5.95,3.305,22.52,9.48,72.545
2018-06-04T18:45:00Z,HAD,Harris_Creek_Downstream,38.712517,-76.316803,0.3,5.82,3.302,22.53,9.48,71.001
2018-06-04T19:00:00Z,HAD,Harris_Creek_Downstream,38.712517,-76.316803,0.3,5.76,3.299,22.54,9.48,70.346
2018-06-04T19:15:00Z,HAD,Harris_Creek_Downstream,38.712517,-76.316803,0.3,5.91,3.304,22.5,9.53,72.058
2018-06-04T19:30:00Z,HAD,Harris_Creek_Downstream,38.712517,-76.316803,0.3,6.02,3.31,22.56,9.5,73.485
2018-06-04T19:45:00Z,HAD,Harris_Creek_Downstream,38.712517,-76.316803,0.3,6.15,3.32,22.59,9.51,75.197
2018-06-04T20:00:00Z,HAD,Harris_Creek_Downstream,38.712517,-76.316803,0.3,6.16,3.339,22.61,9.49,75.256
2018-06-04T20:15:00Z,HAD,Harris_Creek_Downstream,38.712517,-76.316803,0.3,6.14,3.356,22.58,9.49,74.945
2018-06-04T20:30:00Z,HAD,Harris_Creek_Downstream,38.712517,-76.316803,0.3,6.26,3.376,22.58,9.49,76.514
2018-06-04T20:45:00Z,HAD,Harris_Creek_Downstream,38.712517,-76.316803,0.3,6.29,3.401,22.59,9.47,76.9
2018-06-04T21:00:00Z,HAD,Harris_Creek_Downstream,38.712517,-76.316803,0.3,6.2,3.431,22.6,9.45,75.793
2018-06-04T21:15:00Z,HAD,Harris_Creek_Downstream,38.712517,-76.316803,0.3,6.16,3.456,22.6,9.48,75.323
2018-06-04T21:30:00Z,HAD,Harris_Creek_Downstream,38.712517,-76.316803,0.3,6.17,3.487,22.63,9.46,75.474
2018-06-04T21:45:00Z,HAD,Harris_Creek_Downstream,38.712517,-76.316803,0.3,6.07,3.515,22.64,9.47,74.223
2018-06-04T22:00:00Z,HAD,Harris_Creek_Downstream,38.712517,-76.316803,0.3,6.17,3.547,22.66,9.47,75.465
2018-06-04T22:15:00Z,HAD,Harris_Creek_Downstream,38.712517,-76.316803,0.3,6.05,3.574,22.66,9.47,73.972
2018-06-04T22:30:00Z,HAD,Harris_Creek_Downstream,38.712517,-76.316803,0.3,6.2,3.602,22.69,9.43,75.919
2018-06-04T22:45:00Z,HAD,Harris_Creek_Downstream,38.712517,-76.316803,0.3,6.15,3.635,22.68,9.46,75.214
2018-06-04T23:00:00Z,HAD,Harris_Creek_Downstream,38.712517,-76.316803,0.3,6.23,3.659,22.67,9.47,76.246
2018-06-04T23:15:00Z,HAD,Harris_Creek_Downstream,38.712517,-76.316803,0.3,6.24,3.689,22.69,9.45,76.389
2018-06-04T23:30:00Z,HAD,Harris_Creek_Downstream,38.712517,-76.316803,0.3,6.32,3.715,22.69,9.47,77.37
2018-06-04T23:45:00Z,HAD,Harris_Creek_Downstream,38.712517,-76.316803,0.3,6.37,3.735,22.7,9.48,78.008
2018-06-05T00:00:00Z,HAD,Harris_Creek_Downstream,38.712517,-76.316803,0.3,6.35,3.755,22.71,9.47,77.698
2018-06-05T00:15:00Z,HAD,Harris_Creek_Downstream,38.712517,-76.316803,0.3,6.28,3.772,22.7,9.47,76.817
2018-06-05T00:30:00Z,HAD,Harris_Creek_Downstream,38.712517,-76.316803,0.3,6.19,3.78,22.68,9.5,75.717
2018-06-05T00:45:00Z,HAD,Harris_Creek_Downstream,38.712517,-76.316803,0.3,6.1,3.797,22.69,9.49,74.643
2018-06-05T01:00:00Z,HAD,Harris_Creek_Downstream,38.712517,-76.316803,0.3,5.98,3.796,22.7,9.47,73.174
2018-06-05T01:15:00Z,HAD,Harris_Creek_Downstream,38.712517,-76.316803,0.3,5.91,3.802,22.69,9.5,72.31
2018-06-05T01:30:00Z,HAD,Harris_Creek_Downstream,38.712517,-76.316803,0.3,5.99,3.801,22.69,9.5,73.376
2018-06-05T01:45:00Z,HAD,Harris_Creek_Downstream,38.712517,-76.316803,0.3,6.38,3.8,22.65,9.48,78.033
2018-06-05T02:00:00Z,HAD,Harris_Creek_Downstream,38.712517,-76.316803,0.3,6.12,3.797,22.63,9.51,74.878
2018-06-05T02:15:00Z,HAD,Harris_Creek_Downstream,38.712517,-76.316803,0.3,5.92,3.789,22.62,9.51,72.335
2018-06-05T02:30:00Z,HAD,Harris_Creek_Downstream,38.712517,-76.316803,0.3,5.97,3.78,22.62,9.5,72.948
2018-06-05T02:45:00Z,HAD,Harris_Creek_Downstream,38.712517,-76.316803,0.3,5.92,3.774,22.59,9.5,72.352
2018-06-05T03:00:00Z,HAD,Harris_Creek_Downstream,38.712517,-76.316803,0.3,6.01,3.755,22.55,9.52,73.351
2018-06-05T03:15:00Z,HAD,Harris_Creek_Downstream,38.712517,-76.316803,0.3,5.84,3.736,22.54,9.52,71.269
2018-06-05T03:30:00Z,HAD,Harris_Creek_Downstream,38.712517,-76.316803,0.3,5.73,3.722,22.52,9.52,69.96
2018-06-05T03:45:00Z,HAD,Harris_Creek_Downstream,38.712517,-76.316803,0.3,5.59,3.713,22.51,9.51,68.273
2018-06-05T04:00:00Z,HAD,Harris_Creek_Downstream,38.712517,-76.316803,0.3,5.38,3.686,22.5,9.52,65.596
2018-06-05T04:15:00Z,HAD,Harris_Creek_Downstream,38.712517,-76.316803,0.3,5.26,3.666,22.49,9.55,64.194
2018-06-05T04:30:00Z,HAD,Harris_Creek_Downstream,38.712517,-76.316803,0.3,5.1,3.653,22.48,9.55,62.206
2018-06-05T04:45:00Z,HAD,Harris_Creek_Downstream,38.712517,-76.316803,0.3,5.2,3.643,22.45,9.56,63.38
2018-06-05T05:00:00Z,HAD,Harris_Creek_Downstream,38.712517,-76.316803,0.3,5.19,3.628,22.45,9.53,63.213
2018-06-05T05:15:00Z,HAD,Harris_Creek_Downstream,38.712517,-76.316803,0.3,5.07,3.618,22.43,9.56,61.845
2018-06-05T05:30:00Z,HAD,Harris_Creek_Downstream,38.712517,-76.316803,0.3,4.83,3.603,22.42,9.56,58.916
2018-06-05T05:45:00Z,HAD,Harris_Creek_Downstream,38.712517,-76.316803,0.3,4.91,3.591,22.42,9.56,59.881
2018-06-05T06:00:00Z,HAD,Harris_Creek_Downstream,38.712517,-76.316803,0.3,4.97,3.589,22.43,9.53,60.619
2018-06-05T06:15:00Z,HAD,Harris_Creek_Downstream,38.712517,-76.316803,0.3,5.12,3.587,22.44,9.54,62.44
2018-06-05T06:30:00Z,HAD,Harris_Creek_Downstream,38.712517,-76.316803,0.3,5.13,3.588,22.44,9.56,62.583
2018-06-05T06:45:00Z,HAD,Harris_Creek_Downstream,38.712517,-76.316803,0.3,5.04,3.593,22.42,9.57,61.433
2018-06-05T07:00:00Z,HAD,Harris_Creek_Downstream,38.712517,-76.316803,0.3,5.03,3.591,22.43,9.54,61.24
2018-06-05T07:15:00Z,HAD,Harris_Creek_Downstream,38.712517,-76.316803,0.3,5.04,3.598,22.42,9.58,61.467
2018-06-05T07:30:00Z,HAD,Harris_Creek_Downstream,38.712517,-76.316803,0.3,5.1,3.608,22.43,9.58,62.13
2018-06-05T07:45:00Z,HAD,Harris_Creek_Downstream,38.712517,-76.316803,0.3,5.1,3.624,22.44,9.57,62.164
2018-06-05T08:00:00Z,HAD,Harris_Creek_Downstream,38.712517,-76.316803,0.3,5.12,3.632,22.46,9.55,62.415
2018-06-05T08:15:00Z,HAD,Harris_Creek_Downstream,38.712517,-76.316803,0.3,5.09,3.657,22.45,9.55,62.096
2018-06-05T08:30:00Z,HAD,Harris_Creek_Downstream,38.712517,-76.316803,0.3,4.72,3.684,22.45,9.56,57.556
2018-06-05T08:45:00Z,HAD,Harris_Creek_Downstream,38.712517,-76.316803,0.3,4.44,3.691,22.43,9.59,54.073
2018-06-05T09:00:00Z,HAD,Harris_Creek_Downstream,38.712517,-76.316803,0.3,4.3,3.718,22.42,9.61,52.454
2018-06-05T09:15:00Z,HAD,Harris_Creek_Downstream,38.712517,-76.316803,0.3,4.88,3.752,22.41,9.66,59.503
2018-06-05T09:30:00Z,HAD,Harris_Creek_Downstream,38.712517,-76.316803,0.3,4.67,3.768,22.4,9.67,56.885
2018-06-05T09:45:00Z,HAD,Harris_Creek_Downstream,38.712517,-76.316803,0.3,4.32,3.788,22.34,9.81,52.63
2018-06-05T10:00:00Z,HAD,Harris_Creek_Downstream,38.712517,-76.316803,0.3,4.38,3.821,22.33,9.88,53.326
2018-06-05T10:15:00Z,HAD,Harris_Creek_Downstream,38.712517,-76.316803,0.3,4.05,3.847,22.31,9.91,49.306
2018-06-05T10:30:00Z,HAD,Harris_Creek_Downstream,38.712517,-76.316803,0.3,4.15,3.873,22.32,9.89,50.624
2018-06-05T10:45:00Z,HAD,Harris_Creek_Downstream,38.712517,-76.316803,0.3,4.11,3.892,22.3,9.92,50.112
2018-06-05T11:00:00Z,HAD,Harris_Creek_Downstream,38.712517,-76.316803,0.3,4.26,3.914,22.3,9.91,51.875
2018-06-05T11:15:00Z,HAD,Harris_Creek_Downstream,38.712517,-76.316803,0.3,4.08,3.935,22.29,9.95,49.693
2018-06-05T11:30:00Z,HAD,Harris_Creek_Downstream,38.712517,-76.316803,0.3,4.08,3.959,22.29,9.94,49.701
2018-06-05T11:45:00Z,HAD,Harris_Creek_Downstream,38.712517,-76.316803,0.3,3.71,3.969,22.29,9.95,45.144
2018-06-05T12:00:00Z,HAD,Harris_Creek_Downstream,38.712517,-76.316803,0.3,3.51,3.98,22.28,9.97,42.727
2018-06-05T12:15:00Z,HAD,Harris_Creek_Downstream,38.712517,-76.316803,0.3,3.73,3.989,22.29,9.97,45.471
2018-06-05T12:30:00Z,HAD,Harris_Creek_Downstream,38.712517,-76.316803,0.3,3.23,4.006,22.14,10.21,39.252
2018-06-05T12:45:00Z,HAD,Harris_Creek_Downstream,38.712517,-76.316803,0.3,3.47,4.001,22.05,10.31,42.223
2018-06-05T13:00:00Z,HAD,Harris_Creek_Downstream,38.712517,-76.316803,0.3,3.33,3.985,22.03,10.35,40.427
2018-06-05T13:15:00Z,HAD,Harris_Creek_Downstream,38.712517,-76.316803,0.3,3.82,3.808,22.02,10.51,46.503
2018-06-05T13:30:00Z,HAD,Harris_Creek_Downstream,38.712517,-76.316803,0.3,4.27,3.853,21.97,10.49,51.875
2018-06-05T13:45:00Z,HAD,Harris_Creek_Downstream,38.712517,-76.316803,0.3,4.55,3.843,22.02,10.43,55.324
2018-06-05T14:00:00Z,HAD,Harris_Creek_Downstream,38.712517,-76.316803,0.3,4.73,3.832,22.05,10.38,57.548
2018-06-05T14:15:00Z,HAD,Harris_Creek_Downstream,38.712517,-76.316803,0.3,4.54,3.817,22.04,10.37,55.24
2018-06-05T14:30:00Z,HAD,Harris_Creek_Downstream,38.712517,-76.316803,0.3,4.43,3.797,22.04,10.37,53.847
2018-06-05T14:45:00Z,HAD,Harris_Creek_Downstream,38.712517,-76.316803,0.3,4.56,3.779,22.01,10.38,55.374
2018-06-05T15:00:00Z,HAD,Harris_Creek_Downstream,38.712517,-76.316803,0.3,4.19,3.757,21.96,10.45,50.817
2018-06-05T15:15:00Z,HAD,Harris_Creek_Downstream,38.712517,-76.316803,0.3,4.57,3.735,21.95,10.42,55.45
2018-06-05T15:30:00Z,HAD,Harris_Creek_Downstream,38.712517,-76.316803,0.3,4.65,3.711,21.97,10.38,56.44
2018-06-05T15:45:00Z,HAD,Harris_Creek_Downstream,38.712517,-76.316803,0.3,4.89,3.685,22.06,10.3,59.377
2018-06-05T16:00:00Z,HAD,Harris_Creek_Downstream,38.712517,-76.316803,0.3,5.13,3.658,22.1,10.25,62.399
2018-06-05T16:15:00Z,HAD,Harris_Creek_Downstream,38.712517,-76.316803,0.3,5.08,3.631,22.15,10.2,61.794
2018-06-05T16:30:00Z,HAD,Harris_Creek_Downstream,38.712517,-76.316803,0.3,4.37,3.607,22.12,10.24,53.133
2018-06-05T16:45:00Z,HAD,Harris_Creek_Downstream,38.712517,-76.316803,0.3,4.99,3.588,22.21,10.12,60.804
2018-06-05T17:00:00Z,HAD,Harris_Creek_Downstream,38.712517,-76.316803,0.3,5.01,3.564,22.25,10.07,61.014
2018-06-05T17:15:00Z,HAD,Harris_Creek_Downstream,38.712517,-76.316803,0.3,5.01,3.542,22.28,10.03,61.073
2018-06-05T17:30:00Z,HAD,Harris_Creek_Downstream,38.712517,-76.316803,0.3,5.19,3.52,22.31,9.99,63.238
2018-06-05T17:45:00Z,HAD,Harris_Creek_Downstream,38.712517,-76.316803,0.3,4.88,3.501,22.32,10.01,59.52
2018-06-05T18:00:00Z,HAD,Harris_Creek_Downstream,38.712517,-76.316803,0.3,4.98,3.478,22.29,10.06,60.653
2018-06-05T18:15:00Z,HAD,Harris_Creek_Downstream,38.712517,-76.316803,0.3,5.0,3.464,22.31,10.05,61.005
2018-06-05T18:30:00Z,HAD,Harris_Creek_Downstream,38.712517,-76.316803,0.3,5.57,3.451,22.32,10.03,67.971
2018-06-05T18:45:00Z,HAD,Harris_Creek_Downstream,38.712517,-76.316803,0.3,5.0,3.434,22.31,10.05,60.955
2018-06-05T19:00:00Z,HAD,Harris_Creek_Downstream,38.712517,-76.316803,0.3,5.52,3.428,22.4,9.95,67.434
2018-06-05T19:15:00Z,HAD,Harris_Creek_Downstream,38.712517,-76.316803,0.3,5.6,3.417,22.42,9.92,68.349
2018-06-05T19:30:00Z,HAD,Harris_Creek_Downstream,38.712517,-76.316803,0.3,5.49,3.406,22.41,9.94,67.065
2018-06-05T19:45:00Z,HAD,Harris_Creek_Downstream,38.712517,-76.316803,0.3,5.33,3.405,22.4,9.94,65.126
2018-06-05T20:00:00Z,HAD,Harris_Creek_Downstream,38.712517,-76.316803,0.3,5.06,3.396,22.41,9.93,61.777
2018-06-05T20:15:00Z,HAD,Harris_Creek_Downstream,38.712517,-76.316803,0.3,4.88,3.411,22.39,9.95,59.52
2018-06-05T20:30:00Z,HAD,Harris_Creek_Downstream,38.712517,-76.316803,0.3,4.83,3.418,22.34,10.0,58.882
2018-06-05T20:45:00Z,HAD,Harris_Creek_Downstream,38.712517,-76.316803,0.3,4.9,3.412,22.24,10.11,59.721
2018-06-05T21:00:00Z,HAD,Harris_Creek_Downstream,38.712517,-76.316803,0.3,5.01,3.429,22.14,10.19,60.972
2018-06-05T21:15:00Z,HAD,Harris_Creek_Downstream,38.712517,-76.316803,0.3,4.94,3.445,22.14,10.21,60.141
2018-06-05T21:30:00Z,HAD,Harris_Creek_Downstream,38.712517,-76.316803,0.3,5.0,3.451,22.08,10.24,60.804
2018-06-05T21:45:00Z,HAD,Harris_Creek_Downstream,38.712517,-76.316803,0.3,4.75,3.471,21.96,10.35,57.665
2018-06-05T22:00:00Z,HAD,Harris_Creek_Downstream,38.712517,-76.316803,0.3,4.55,3.494,21.97,10.37,55.24
2018-06-05T22:15:00Z,HAD,Harris_Creek_Downstream,38.712517,-76.316803,0.3,4.51,3.513,21.95,10.38,54.694
2018-06-05T22:30:00Z,HAD,Harris_Creek_Downstream,38.712517,-76.316803,0.3,4.42,3.539,21.93,10.39,53.629
2018-06-05T22:45:00Z,HAD,Harris_Creek_Downstream,38.712517,-76.316803,0.3,4.22,3.559,21.97,10.4,51.287
2018-06-05T23:00:00Z,HAD,Harris_Creek_Downstream,38.712517,-76.316803,0.3,4.2,3.575,21.94,10.43,50.968
2018-06-05T23:15:00Z,HAD,Harris_Creek_Downstream,38.712517,-76.316803,0.3,4.16,3.598,21.88,10.46,50.49
2018-06-05T23:30:00Z,HAD,Harris_Creek_Downstream,38.712517,-76.316803,0.3,3.99,3.613,21.86,10.48,48.383
2018-06-05T23:45:00Z,HAD,Harris_Creek_Downstream,38.712517,-76.316803,0.3,3.84,3.633,21.85,10.49,46.579
2018-06-06T00:00:00Z,HAD,Harris_Creek_Downstream,38.712517,-76.316803,0.3,3.67,3.649,21.85,10.49,44.473
2018-06-06T00:15:00Z,HAD,Harris_Creek_Downstream,38.712517,-76.316803,0.3,3.68,3.659,21.84,10.5,44.632
2018-06-06T00:30:00Z,HAD,Harris_Creek_Downstream,38.712517,-76.316803,0.3,3.45,3.669,21.84,10.5,41.862
2018-06-06T00:45:00Z,HAD,Harris_Creek_Downstream,38.712517,-76.316803,0.3,4.02,3.67,21.87,10.47,48.761
2018-06-06T01:00:00Z,HAD,Harris_Creek_Downstream,38.712517,-76.316803,0.3,3.67,3.673,21.92,10.42,44.473
2018-06-06T01:15:00Z,HAD,Harris_Creek_Downstream,38.712517,-76.316803,0.3,3.9,3.675,21.92,10.42,47.368
2018-06-06T01:30:00Z,HAD,Harris_Creek_Downstream,38.712517,-76.316803,0.3,3.94,3.676,21.91,10.44,47.737
2018-06-06T01:45:00Z,HAD,Harris_Creek_Downstream,38.712517,-76.316803,0.3,3.81,3.685,21.88,10.45,46.143
2018-06-06T02:00:00Z,HAD,Harris_Creek_Downstream,38.712517,-76.316803,0.3,3.72,3.673,21.89,10.47,45.144
2018-06-06T02:15:00Z,HAD,Harris_Creek_Downstream,38.712517,-76.316803,0.3,3.62,3.649,21.88,10.47,43.893
2018-06-06T02:30:00Z,HAD,Harris_Creek_Downstream,38.712517,-76.316803,0.3,3.5,3.636,21.89,10.47,42.492
2018-06-06T02:45:00Z,HAD,Harris_Creek_Downstream,38.712517,-76.316803,0.3,3.51,3.634,21.92,10.46,42.651
2018-06-06T03:00:00Z,HAD,Harris_Creek_Downstream,38.712517,-76.316803,0.3,3.58,3.61,21.89,10.47,43.474
2018-06-06T03:15:00Z,HAD,Harris_Creek_Downstream,38.712517,-76.316803,0.3,3.41,3.597,21.92,10.46,41.434
2018-06-06T03:30:00Z,HAD,Harris_Creek_Downstream,38.712517,-76.316803,0.3,2.98,3.593,21.92,10.47,36.147
2018-06-06T03:45:00Z,HAD,Harris_Creek_Downstream,38.712517,-76.316803,0.3,2.82,3.575,21.88,10.49,34.158
2018-06-06T04:00:00Z,HAD,Harris_Creek_Downstream,38.712517,-76.316803,0.3,2.64,3.558,21.87,10.51,32.01
2018-06-06T04:15:00Z,HAD,Harris_Creek_Downstream,38.712517,-76.316803,0.3,2.3,3.519,21.93,10.46,27.94
2018-06-06T04:30:00Z,HAD,Harris_Creek_Downstream,38.712517,-76.316803,0.3,2.5,3.504,21.78,10.59,30.222
2018-06-06T04:45:00Z,HAD,Harris_Creek_Downstream,38.712517,-76.316803,0.3,2.76,3.473,21.78,10.56,33.395
2018-06-06T05:00:00Z,HAD,Harris_Creek_Downstream,38.712517,-76.316803,0.3,3.25,3.44,21.78,10.54,39.404
2018-06-06T05:15:00Z,HAD,Harris_Creek_Downstream,38.712517,-76.316803,0.3,3.14,3.418,21.78,10.55,38.044
2018-06-06T05:30:00Z,HAD,Harris_Creek_Downstream,38.712517,-76.316803,0.3,3.07,3.389,21.78,10.56,37.196
2018-06-06T05:45:00Z,HAD,Harris_Creek_Downstream,38.712517,-76.316803,0.3,2.82,3.359,21.78,10.55,34.2
2018-06-06T06:00:00Z,HAD,Harris_Creek_Downstream,38.712517,-76.316803,0.3,2.81,3.338,21.8,10.55,34.024
2018-06-06T06:15:00Z,HAD,Harris_Creek_Downstream,38.712517,-76.316803,0.3,2.37,3.315,21.81,10.52,28.678
2018-06-06T06:30:00Z,HAD,Harris_Creek_Downstream,38.712517,-76.316803,0.3,2.53,3.296,21.81,10.53,30.625
2018-06-06T06:45:00Z,HAD,Harris_Creek_Downstream,38.712517,-76.316803,0.3,2.44,3.286,21.81,10.54,29.576
2018-06-06T07:00:00Z,HAD,Harris_Creek_Downstream,38.712517,-76.316803,0.3,2.24,3.272,21.79,10.56,27.134
2018-06-06T07:15:00Z,HAD,Harris_Creek_Downstream,38.712517,-76.316803,0.3,2.29,3.261,21.74,10.62,27.679
2018-06-06T07:30:00Z,HAD,Harris_Creek_Downstream,38.712517,-76.316803,0.3,2.52,3.257,21.71,10.64,30.482
2018-06-06T07:45:00Z,HAD,Harris_Creek_Downstream,38.712517,-76.316803,0.3,2.81,3.247,21.74,10.61,34.058
2018-06-06T08:00:00Z,HAD,Harris_Creek_Downstream,38.712517,-76.316803,0.3,2.97,3.239,21.81,10.52,36.013
2018-06-06T08:15:00Z,HAD,Harris_Creek_Downstream,38.712517,-76.316803,0.3,2.55,3.237,21.79,10.56,30.852
2018-06-06T08:30:00Z,HAD,Harris_Creek_Downstream,38.712517,-76.316803,0.3,2.25,3.24,21.74,10.6,27.193
2018-06-06T08:45:00Z,HAD,Harris_Creek_Downstream,38.712517,-76.316803,0.3,2.84,3.248,21.74,10.58,34.318
2018-06-06T09:00:00Z,HAD,Harris_Creek_Downstream,38.712517,-76.316803,0.3,3.4,3.249,21.83,10.47,41.208
2018-06-06T09:15:00Z,HAD,Harris_Creek_Downstream,38.712517,-76.316803,0.3,3.76,3.262,21.88,10.36,45.622
2018-06-06T09:30:00Z,HAD,Harris_Creek_Downstream,38.712517,-76.316803,0.3,4.13,3.279,21.94,10.25,50.129
2018-06-06T09:45:00Z,HAD,Harris_Creek_Downstream,38.712517,-76.316803,0.3,6.11,3.297,22.1,9.83,74.097
2018-06-06T10:00:00Z,HAD,Harris_Creek_Downstream,38.712517,-76.316803,0.3,6.46,3.314,22.1,9.78,78.394
2018-06-06T10:15:00Z,HAD,Harris_Creek_Downstream,38.712517,-76.316803,0.3,6.79,3.335,22.1,9.76,82.314
2018-06-06T10:30:00Z,HAD,Harris_Creek_Downstream,38.712517,-76.316803,0.3,6.51,3.364,22.08,9.78,78.864
2018-06-06T10:45:00Z,HAD,Harris_Creek_Downstream,38.712517,-76.316803,0.3,6.99,3.386,22.08,9.74,84.68
2018-06-06T11:00:00Z,HAD,Harris_Creek_Downstream,38.712517,-76.316803,0.3,6.33,3.42,22.07,9.81,76.791
2018-06-06T11:15:00Z,HAD,Harris_Creek_Downstream,38.712517,-76.316803,0.3,6.12,3.427,22.06,9.85,74.148
2018-06-06T11:30:00Z,HAD,Harris_Creek_Downstream,38.712517,-76.316803,0.3,6.02,3.446,22.07,9.88,72.99
2018-06-06T11:45:00Z,HAD,Harris_Creek_Downstream,38.712517,-76.316803,0.3,5.8,3.464,22.08,9.92,70.329
2018-06-06T12:00:00Z,HAD,Harris_Creek_Downstream,38.712517,-76.316803,0.3,5.69,3.482,22.07,9.94,68.987
2018-06-06T12:15:00Z,HAD,Harris_Creek_Downstream,38.712517,-76.316803,0.3,5.97,3.507,22.08,9.93,72.436
2018-06-06T12:30:00Z,HAD,Harris_Creek_Downstream,38.712517,-76.316803,0.3,5.68,3.521,22.08,9.94,68.903
2018-06-06T12:45:00Z,HAD,Harris_Creek_Downstream,38.712517,-76.316803,0.3,5.64,3.533,22.07,9.96,68.483
2018-06-06T13:00:00Z,HAD,Harris_Creek_Downstream,38.712517,-76.316803,0.3,5.97,3.542,22.06,9.96,72.478
2018-06-06T13:15:00Z,HAD,Harris_Creek_Downstream,38.712517,-76.316803,0.3,6.0,3.551,22.05,9.95,72.805
2018-06-06T13:30:00Z,HAD,Harris_Creek_Downstream,38.712517,-76.316803,0.3,6.11,3.554,22.02,9.95,74.039
2018-06-06T13:45:00Z,HAD,Harris_Creek_Downstream,38.712517,-76.316803,0.3,6.21,3.557,22.02,9.93,75.205
2018-06-06T14:00:00Z,HAD,Harris_Creek_Downstream,38.712517,-76.316803,0.3,6.45,3.559,22.01,9.91,78.159
2018-06-06T14:15:00Z,HAD,Harris_Creek_Downstream,38.712517,-76.316803,0.3,6.48,3.558,21.97,9.9,78.478
2018-06-06T14:30:00Z,HAD,Harris_Creek_Downstream,38.712517,-76.316803,0.3,6.59,3.546,22.01,9.88,79.846
2018-06-06T14:45:00Z,HAD,Harris_Creek_Downstream,38.712517,-76.316803,0.3,6.65,3.534,22.01,9.88,80.56
2018-06-06T15:00:00Z,HAD,Harris_Creek_Downstream,38.712517,-76.316803,0.3,6.48,3.52,22.0,9.89,78.487
2018-06-06T15:15:00Z,HAD,Harris_Creek_Downstream,38.712517,-76.316803,0.3,6.25,3.51,22.02,9.88,75.734
2018-06-06T15:30:00Z,HAD,Harris_Creek_Downstream,38.712517,-76.316803,0.3,6.15,3.494,22.02,9.9,74.492
2018-06-06T15:45:00Z,HAD,Harris_Creek_Downstream,38.712517,-76.316803,0.3,6.25,3.479,21.98,9.92,75.726
2018-06-06T16:00:00Z,HAD,Harris_Creek_Downstream,38.712517,-76.316803,0.3,5.88,3.464,21.97,9.94,71.177
2018-06-06T16:15:00Z,HAD,Harris_Creek_Downstream,38.712517,-76.316803,0.3,6.11,3.448,22.01,9.93,74.097
2018-06-06T16:30:00Z,HAD,Harris_Creek_Downstream,38.712517,-76.316803,0.3,6.25,3.428,22.01,9.92,75.759
2018-06-06T16:45:00Z,HAD,Harris_Creek_Downstream,38.712517,-76.316803,0.3,6.66,3.425,22.1,9.9,80.761
2018-06-06T17:00:00Z,HAD,Harris_Creek_Downstream,38.712517,-76.316803,0.3,5.86,3.394,22.05,9.95,71.093
2018-06-06T17:15:00Z,HAD,Harris_Creek_Downstream,38.712517,-76.316803,0.3,6.08,3.366,22.07,9.93,73.779
2018-06-06T17:30:00Z,HAD,Harris_Creek_Downstream,38.712517,-76.316803,0.3,6.52,3.346,22.07,9.94,79.116
2018-06-06T17:45:00Z,HAD,Harris_Creek_Downstream,38.712517,-76.316803,0.3,6.23,3.323,22.07,9.96,75.633
2018-06-06T18:00:00Z,HAD,Harris_Creek_Downstream,38.712517,-76.316803,0.3,6.51,3.302,22.1,9.96,79.024
2018-06-06T18:15:00Z,HAD,Harris_Creek_Downstream,38.712517,-76.316803,0.3,6.48,3.282,22.14,9.96,78.772
2018-06-06T18:30:00Z,HAD,Harris_Creek_Downstream,38.712517,-76.316803,0.3,6.45,3.264,22.19,9.95,78.453
2018-06-06T18:45:00Z,HAD,Harris_Creek_Downstream,38.712517,-76.316803,0.3,6.56,3.249,22.25,9.95,79.905
2018-06-06T19:00:00Z,HAD,Harris_Creek_Downstream,38.712517,-76.316803,0.3,6.73,3.235,22.33,9.93,81.995
2018-06-06T19:15:00Z,HAD,Harris_Creek_Downstream,38.712517,-76.316803,0.3,6.78,3.221,22.43,9.91,82.8
2018-06-06T19:30:00Z,HAD,Harris_Creek_Downstream,38.712517,-76.316803,0.3,7.16,3.208,22.55,9.89,87.576
2018-06-06T19:45:00Z,HAD,Harris_Creek_Downstream,38.712517,-76.316803,0.3,7.58,3.198,22.68,9.88,92.947
2018-06-06T20:00:00Z,HAD,Harris_Creek_Downstream,38.712517,-76.316803,0.3,7.65,3.192,22.75,9.87,93.912
2018-06-06T20:15:00Z,HAD,Harris_Creek_Downstream,38.712517,-76.316803,0.3,7.47,3.19,22.8,9.86,91.805
2018-06-06T20:30:00Z,HAD,Harris_Creek_Downstream,38.712517,-76.316803,0.3,7.23,3.191,22.84,9.86,88.893
2018-06-06T20:45:00Z,HAD,Harris_Creek_Downstream,38.712517,-76.316803,0.3,7.6,3.194,22.9,9.85,93.584
2018-06-06T21:00:00Z,HAD,Harris_Creek_Downstream,38.712517,-76.316803,0.3,6.94,3.202,22.89,9.86,85.461
2018-06-06T21:15:00Z,HAD,Harris_Creek_Downstream,38.712517,-76.316803,0.3,7.74,3.211,22.96,9.85,95.372
2018-06-06T21:30:00Z,HAD,Harris_Creek_Downstream,38.712517,-76.316803,0.3,7.26,3.227,22.95,9.85,89.497
2018-06-06T21:45:00Z,HAD,Harris_Creek_Downstream,38.712517,-76.316803,0.3,7.23,3.245,22.96,9.85,89.12
2018-06-06T22:00:00Z,HAD,Harris_Creek_Downstream,38.712517,-76.316803,0.3,7.07,3.264,22.93,9.86,87.106
2018-06-06T22:15:00Z,HAD,Harris_Creek_Downstream,38.712517,-76.316803,0.3,6.89,3.294,22.93,9.86,84.932
2018-06-06T22:30:00Z,HAD,Harris_Creek_Downstream,38.712517,-76.316803,0.3,6.89,3.325,22.94,9.87,84.865
2018-06-06T22:45:00Z,HAD,Harris_Creek_Downstream,38.712517,-76.316803,0.3,6.93,3.361,22.93,9.87,85.394
2018-06-06T23:00:00Z,HAD,Harris_Creek_Downstream,38.712517,-76.316803,0.3,6.68,3.401,22.87,9.89,82.263
2018-06-06T23:15:00Z,HAD,Harris_Creek_Downstream,38.712517,-76.316803,0.3,6.86,3.443,22.92,9.89,84.546
2018-06-06T23:30:00Z,HAD,Harris_Creek_Downstream,38.712517,-76.316803,0.3,6.81,3.47,22.88,9.91,83.858
2018-06-06T23:45:00Z,HAD,Harris_Creek_Downstream,38.712517,-76.316803,0.3,7.22,3.496,22.92,9.92,88.977
2018-06-07T00:00:00Z,HAD,Harris_Creek_Downstream,38.712517,-76.316803,0.3,7.79,3.523,22.96,9.91,96.027
2018-06-07T00:15:00Z,HAD,Harris_Creek_Downstream,38.712517,-76.316803,0.3,8.38,3.548,22.98,9.9,103.37
2018-06-07T00:30:00Z,HAD,Harris_Creek_Downstream,38.712517,-76.316803,0.3,8.66,3.575,23.01,9.88,106.895
2018-06-07T00:45:00Z,HAD,Harris_Creek_Downstream,38.712517,-76.316803,0.3,8.52,3.597,23.01,9.88,105.157
2018-06-07T01:00:00Z,HAD,Harris_Creek_Downstream,38.712517,-76.316803,0.3,8.71,3.621,22.99,9.87,107.432
2018-06-07T01:15:00Z,HAD,Harris_Creek_Downstream,38.712517,-76.316803,0.3,8.61,3.64,22.99,9.87,106.223
2018-06-07T01:30:00Z,HAD,Harris_Creek_Downstream,38.712517,-76.316803,0.3,8.66,3.655,22.99,9.86,106.861
2018-06-07T01:45:00Z,HAD,Harris_Creek_Downstream,38.712517,-76.316803,0.3,8.45,3.664,22.99,9.86,104.268
2018-06-07T02:00:00Z,HAD,Harris_Creek_Downstream,38.712517,-76.316803,0.3,8.52,3.676,22.98,9.85,105.107
2018-06-07T02:15:00Z,HAD,Harris_Creek_Downstream,38.712517,-76.316803,0.3,8.39,3.691,22.96,9.85,103.487
2018-06-07T02:30:00Z,HAD,Harris_Creek_Downstream,38.712517,-76.316803,0.3,8.4,3.697,22.95,9.85,103.546
2018-06-07T02:45:00Z,HAD,Harris_Creek_Downstream,38.712517,-76.316803,0.3,8.4,3.7,22.94,9.85,103.529
2018-06-07T03:00:00Z,HAD,Harris_Creek_Downstream,38.712517,-76.316803,0.3,7.96,3.706,22.91,9.88,98.1
2018-06-07T03:15:00Z,HAD,Harris_Creek_Downstream,38.712517,-76.316803,0.3,7.77,3.7,22.89,9.88,95.75
2018-06-07T03:30:00Z,HAD,Harris_Creek_Downstream,38.712517,-76.316803,0.3,7.66,3.694,22.88,9.87,94.365
2018-06-07T03:45:00Z,HAD,Harris_Creek_Downstream,38.712517,-76.316803,0.3,8.0,3.687,22.86,9.87,98.444
2018-06-07T04:00:00Z,HAD,Harris_Creek_Downstream,38.712517,-76.316803,0.3,7.87,3.677,22.85,9.86,96.857
2018-06-07T04:15:00Z,HAD,Harris_Creek_Downstream,38.712517,-76.316803,0.3,8.13,3.669,22.84,9.86,100.038
2018-06-07T04:30:00Z,HAD,Harris_Creek_Downstream,38.712517,-76.316803,0.3,8.25,3.652,22.82,9.86,101.398
2018-06-07T04:45:00Z,HAD,Harris_Creek_Downstream,38.712517,-76.316803,0.3,8.17,3.643,22.81,9.86,100.466
2018-06-07T05:00:00Z,HAD,Harris_Creek_Downstream,38.712517,-76.316803,0.3,8.26,3.636,22.81,9.85,101.599
2018-06-07T05:15:00Z,HAD,Harris_Creek_Downstream,38.712517,-76.316803,0.3,8.13,3.621,22.81,9.85,99.887
2018-06-07T05:30:00Z,HAD,Harris_Creek_Downstream,38.712517,-76.316803,0.3,8.28,3.608,22.79,9.85,101.809
2018-06-07T05:45:00Z,HAD,Harris_Creek_Downstream,38.712517,-76.316803,0.3,8.24,3.594,22.78,9.85,101.188
2018-06-07T06:00:00Z,HAD,Harris_Creek_Downstream,38.712517,-76.316803,0.3,8.12,3.588,22.76,9.85,99.753
2018-06-07T06:15:00Z,HAD,Harris_Creek_Downstream,38.712517,-76.316803,0.3,8.2,3.573,22.74,9.85,100.684
2018-06-07T06:30:00Z,HAD,Harris_Creek_Downstream,38.712517,-76.316803,0.3,8.16,3.564,22.74,9.84,100.198
2018-06-07T06:45:00Z,HAD,Harris_Creek_Downstream,38.712517,-76.316803,0.3,7.75,3.553,22.73,9.84,95.154
2018-06-07T07:00:00Z,HAD,Harris_Creek_Downstream,38.712517,-76.316803,0.3,7.63,3.547,22.71,9.85,93.576
2018-06-07T07:15:00Z,HAD,Harris_Creek_Downstream,38.712517,-76.316803,0.3,7.78,3.537,22.67,9.86,95.347
2018-06-07T07:30:00Z,HAD,Harris_Creek_Downstream,38.712517,-76.316803,0.3,7.72,3.529,22.65,9.86,94.692
2018-06-07T07:45:00Z,HAD,Harris_Creek_Downstream,38.712517,-76.316803,0.3,7.75,3.526,22.66,9.86,95.02
2018-06-07T08:00:00Z,HAD,Harris_Creek_Downstream,38.712517,-76.316803,0.3,7.61,3.528,22.66,9.86,93.324
2018-06-07T08:15:00Z,HAD,Harris_Creek_Downstream,38.712517,-76.316803,0.3,7.68,3.527,22.65,9.86,94.088
2018-06-07T08:30:00Z,HAD,Harris_Creek_Downstream,38.712517,-76.316803,0.3,7.63,3.535,22.63,9.86,93.551
2018-06-07T08:45:00Z,HAD,Harris_Creek_Downstream,38.712517,-76.316803,0.3,7.5,3.541,22.61,9.86,91.839
2018-06-07T09:00:00Z,HAD,Harris_Creek_Downstream,38.712517,-76.316803,0.3,7.59,3.557,22.6,9.86,92.913
2018-06-07T09:15:00Z,HAD,Harris_Creek_Downstream,38.712517,-76.316803,0.3,7.54,3.572,22.59,9.85,92.376
2018-06-07T09:30:00Z,HAD,Harris_Creek_Downstream,38.712517,-76.316803,0.3,7.59,3.588,22.58,9.86,92.888
2018-06-07T09:45:00Z,HAD,Harris_Creek_Downstream,38.712517,-76.316803,0.3,7.24,3.602,22.54,9.86,88.599
2018-06-07T10:00:00Z,HAD,Harris_Creek_Downstream,38.712517,-76.316803,0.3,7.0,3.626,22.46,9.85,85.553
2018-06-07T10:15:00Z,HAD,Harris_Creek_Downstream,38.712517,-76.316803,0.3,6.71,3.643,22.45,9.85,81.961
2018-06-07T10:30:00Z,HAD,Harris_Creek_Downstream,38.712517,-76.316803,0.3,6.41,3.667,22.45,9.85,78.252
2018-06-07T10:45:00Z,HAD,Harris_Creek_Downstream,38.712517,-76.316803,0.3,6.21,3.693,22.45,9.85,75.86
2018-06-07T11:00:00Z,HAD,Harris_Creek_Downstream,38.712517,-76.316803,0.3,6.22,3.714,22.42,9.84,75.961
2018-06-07T11:15:00Z,HAD,Harris_Creek_Downstream,38.712517,-76.316803,0.3,6.67,3.739,22.4,9.84,81.407
2018-06-07T11:30:00Z,HAD,Harris_Creek_Downstream,38.712517,-76.316803,0.3,6.88,3.762,22.4,9.84,83.95
2018-06-07T11:45:00Z,HAD,Harris_Creek_Downstream,38.712517,-76.316803,0.3,6.97,3.781,22.42,9.84,85.091
2018-06-07T12:00:00Z,HAD,Harris_Creek_Downstream,38.712517,-76.316803,0.3,7.24,3.807,22.41,9.84,88.314
2018-06-07T12:15:00Z,HAD,Harris_Creek_Downstream,38.712517,-76.316803,0.3,7.2,3.831,22.41,9.85,87.869
2018-06-07T12:30:00Z,HAD,Harris_Creek_Downstream,38.712517,-76.316803,0.3,7.41,3.853,22.4,9.85,90.379
2018-06-07T12:45:00Z,HAD,Harris_Creek_Downstream,38.712517,-76.316803,0.3,7.45,3.876,22.42,9.85,90.899
2018-06-07T13:00:00Z,HAD,Harris_Creek_Downstream,38.712517,-76.316803,0.3,7.36,3.893,22.41,9.85,89.858
2018-06-07T13:15:00Z,HAD,Harris_Creek_Downstream,38.712517,-76.316803,0.3,7.32,3.909,22.39,9.85,89.346
2018-06-07T13:30:00Z,HAD,Harris_Creek_Downstream,38.712517,-76.316803,0.3,7.11,3.925,22.39,9.85,86.77
2018-06-07T13:45:00Z,HAD,Harris_Creek_Downstream,38.712517,-76.316803,0.3,7.12,3.937,22.39,9.85,86.787
2018-06-07T14:00:00Z,HAD,Harris_Creek_Downstream,38.712517,-76.316803,0.3,7.09,3.95,22.4,9.85,86.459
2018-06-07T14:15:00Z,HAD,Harris_Creek_Downstream,38.712517,-76.316803,0.3,7.13,3.96,22.38,9.86,86.996
2018-06-07T14:30:00Z,HAD,Harris_Creek_Downstream,38.712517,-76.316803,0.3,7.04,3.964,22.37,9.85,85.914
2018-06-07T14:45:00Z,HAD,Harris_Creek_Downstream,38.712517,-76.316803,0.3,7.05,3.968,22.38,9.85,85.922
2018-06-07T15:00:00Z,HAD,Harris_Creek_Downstream,38.712517,-76.316803,0.3,6.86,3.966,22.37,9.85,83.656
2018-06-07T15:15:00Z,HAD,Harris_Creek_Downstream,38.712517,-76.316803,0.3,6.79,3.958,22.37,9.85,82.851
2018-06-07T15:30:00Z,HAD,Harris_Creek_Downstream,38.712517,-76.316803,0.3,6.77,3.952,22.37,9.85,82.59
2018-06-07T15:45:00Z,HAD,Harris_Creek_Downstream,38.712517,-76.316803,0.3,7.03,3.937,22.37,9.85,85.738
2018-06-07T16:00:00Z,HAD,Harris_Creek_Downstream,38.712517,-76.316803,0.3,7.34,3.922,22.37,9.85,89.523
2018-06-07T16:15:00Z,HAD,Harris_Creek_Downstream,38.712517,-76.316803,0.3,7.39,3.904,22.37,9.85,90.093
2018-06-07T16:30:00Z,HAD,Harris_Creek_Downstream,38.712517,-76.316803,0.3,7.53,3.879,22.4,9.84,91.914
2018-06-07T16:45:00Z,HAD,Harris_Creek_Downstream,38.712517,-76.316803,0.3,7.47,3.861,22.42,9.85,91.193
2018-06-07T17:00:00Z,HAD,Harris_Creek_Downstream,38.712517,-76.316803,0.3,7.51,3.839,22.41,9.85,91.663
2018-06-07T17:15:00Z,HAD,Harris_Creek_Downstream,38.712517,-76.316803,0.3,7.59,3.814,22.43,9.85,92.703
2018-06-07T17:30:00Z,HAD,Harris_Creek_Downstream,38.712517,-76.316803,0.3,7.23,3.789,22.49,9.84,88.39
2018-06-07T17:45:00Z,HAD,Harris_Creek_Downstream,38.712517,-76.316803,0.3,6.92,3.763,22.52,9.84,84.63
2018-06-07T18:00:00Z,HAD,Harris_Creek_Downstream,38.712517,-76.316803,0.3,6.83,3.74,22.51,9.84,83.505
2018-06-07T18:15:00Z,HAD,Harris_Creek_Downstream,38.712517,-76.316803,0.3,6.69,3.716,22.51,9.84,81.768
2018-06-07T18:30:00Z,HAD,Harris_Creek_Downstream,38.712517,-76.316803,0.3,6.99,3.691,22.53,9.84,85.452
2018-06-07T18:45:00Z,HAD,Harris_Creek_Downstream,38.712517,-76.316803,0.3,7.5,3.667,22.55,9.83,91.721
2018-06-07T19:00:00Z,HAD,Harris_Creek_Downstream,38.712517,-76.316803,0.3,7.71,3.642,22.55,9.83,94.348
2018-06-07T19:15:00Z,HAD,Harris_Creek_Downstream,38.712517,-76.316803,0.3,7.69,3.621,22.56,9.83,94.155
2018-06-07T19:30:00Z,HAD,Harris_Creek_Downstream,38.712517,-76.316803,0.3,7.79,3.601,22.6,9.83,95.338
2018-06-07T19:45:00Z,HAD,Harris_Creek_Downstream,38.712517,-76.316803,0.3,7.78,3.582,22.61,9.84,95.33
2018-06-07T20:00:00Z,HAD,Harris_Creek_Downstream,38.712517,-76.316803,0.3,7.8,3.565,22.66,9.84,95.615
2018-06-07T20:15:00Z,HAD,Harris_Creek_Downstream,38.712517,-76.316803,0.3,7.75,3.549,22.67,9.84,95.078
2018-06-07T20:30:00Z,HAD,Harris_Creek_Downstream,38.712517,-76.316803,0.3,7.7,3.538,22.68,9.84,94.407
2018-06-07T20:45:00Z,HAD,Harris_Creek_Downstream,38.712517,-76.316803,0.3,7.59,3.527,22.7,9.84,93.064
2018-06-07T21:00:00Z,HAD,Harris_Creek_Downstream,38.712517,-76.316803,0.3,7.58,3.52,22.71,9.84,92.963
2018-06-07T21:15:00Z,HAD,Harris_Creek_Downstream,38.712517,-76.316803,0.3,7.52,3.519,22.73,9.84,92.359
2018-06-07T21:30:00Z,HAD,Harris_Creek_Downstream,38.712517,-76.316803,0.3,7.5,3.519,22.75,9.84,92.065
2018-06-07T21:45:00Z,HAD,Harris_Creek_Downstream,38.712517,-76.316803,0.3,7.48,3.522,22.77,9.84,91.931
2018-06-07T22:00:00Z,HAD,Harris_Creek_Downstream,38.712517,-76.316803,0.3,7.53,3.529,22.78,9.85,92.468
2018-06-07T22:15:00Z,HAD,Harris_Creek_Downstream,38.712517,-76.316803,0.3,7.46,3.541,22.78,9.85,91.646
2018-06-07T22:30:00Z,HAD,Harris_Creek_Downstream,38.712517,-76.316803,0.3,7.39,3.552,22.77,9.86,90.773
2018-06-07T22:45:00Z,HAD,Harris_Creek_Downstream,38.712517,-76.316803,0.3,7.15,3.58,22.77,9.86,87.844
2018-06-07T23:00:00Z,HAD,Harris_Creek_Downstream,38.712517,-76.316803,0.3,7.05,3.603,22.77,9.86,86.602
2018-06-07T23:15:00Z,HAD,Harris_Creek_Downstream,38.712517,-76.316803,0.3,6.8,3.634,22.77,9.86,83.505
2018-06-07T23:30:00Z,HAD,Harris_Creek_Downstream,38.712517,-76.316803,0.3,6.8,3.657,22.78,9.86,83.539
2018-06-07T23:45:00Z,HAD,Harris_Creek_Downstream,38.712517,-76.316803,0.3,7.63,3.681,23.24,9.83,94.524
2018-06-08T00:00:00Z,HAD,Harris_Creek_Downstream,38.712517,-76.316803,0.3,7.28,3.703,23.14,9.84,90.068
2018-06-08T00:15:00Z,HAD,Harris_Creek_Downstream,38.712517,-76.316803,0.3,7.74,3.725,23.25,9.83,95.901
2018-06-08T00:30:00Z,HAD,Harris_Creek_Downstream,38.712517,-76.316803,0.3,8.07,3.752,23.16,9.83,99.887
2018-06-08T00:45:00Z,HAD,Harris_Creek_Downstream,38.712517,-76.316803,0.3,8.03,3.772,23.11,9.83,99.274
2018-06-08T01:00:00Z,HAD,Harris_Creek_Downstream,38.712517,-76.316803,0.3,8.04,3.797,23.09,9.83,99.316
2018-06-08T01:15:00Z,HAD,Harris_Creek_Downstream,38.712517,-76.316803,0.3,8.2,3.821,23.08,9.83,101.263
2018-06-08T01:30:00Z,HAD,Harris_Creek_Downstream,38.712517,-76.316803,0.3,8.02,3.838,23.07,9.83,99.09
2018-06-08T01:45:00Z,HAD,Harris_Creek_Downstream,38.712517,-76.316803,0.3,8.12,3.857,23.05,9.83,100.29
2018-06-08T02:00:00Z,HAD,Harris_Creek_Downstream,38.712517,-76.316803,0.3,8.03,3.878,23.03,9.82,99.065
2018-06-08T02:15:00Z,HAD,Harris_Creek_Downstream,38.712517,-76.316803,0.3,7.95,3.894,23.02,9.82,98.041
2018-06-08T02:30:00Z,HAD,Harris_Creek_Downstream,38.712517,-76.316803,0.3,7.97,3.906,23.01,9.81,98.351
2018-06-08T02:45:00Z,HAD,Harris_Creek_Downstream,38.712517,-76.316803,0.3,7.99,3.915,23.0,9.81,98.536
2018-06-08T03:00:00Z,HAD,Harris_Creek_Downstream,38.712517,-76.316803,0.3,7.78,3.922,23.0,9.8,95.976
2018-06-08T03:15:00Z,HAD,Harris_Creek_Downstream,38.712517,-76.316803,0.3,7.71,3.922,23.0,9.79,95.112
2018-06-08T03:30:00Z,HAD,Harris_Creek_Downstream,38.712517,-76.316803,0.3,7.9,3.92,23.01,9.79,97.504
2018-06-08T03:45:00Z,HAD,Harris_Creek_Downstream,38.712517,-76.316803,0.3,7.56,3.914,23.0,9.79,93.19
2018-06-08T04:00:00Z,HAD,Harris_Creek_Downstream,38.712517,-76.316803,0.3,7.59,3.912,22.99,9.79,93.652
2018-06-08T04:15:00Z,HAD,Harris_Creek_Downstream,38.712517,-76.316803,0.3,7.77,3.911,22.97,9.79,95.741
2018-06-08T04:30:00Z,HAD,Harris_Creek_Downstream,38.712517,-76.316803,0.3,7.74,3.898,22.96,9.79,95.347
2018-06-08T04:45:00Z,HAD,Harris_Creek_Downstream,38.712517,-76.316803,0.3,7.7,3.887,22.94,9.79,94.843
2018-06-08T05:00:00Z,HAD,Harris_Creek_Downstream,38.712517,-76.316803,0.3,7.59,3.872,22.92,9.79,93.433
2018-06-08T05:15:00Z,HAD,Harris_Creek_Downstream,38.712517,-76.316803,0.3,7.54,3.853,22.89,9.8,92.796
2018-06-08T05:30:00Z,HAD,Harris_Creek_Downstream,38.712517,-76.316803,0.3,7.71,3.821,22.86,9.81,94.86
2018-06-08T05:45:00Z,HAD,Harris_Creek_Downstream,38.712517,-76.316803,0.3,7.59,3.811,22.87,9.82,93.383
2018-06-08T06:00:00Z,HAD,Harris_Creek_Downstream,38.712517,-76.316803,0.3,7.61,3.8,22.86,9.83,93.584
2018-06-08T06:15:00Z,HAD,Harris_Creek_Downstream,38.712517,-76.316803,0.3,7.48,3.779,22.84,9.82,92.04
2018-06-08T06:30:00Z,HAD,Harris_Creek_Downstream,38.712517,-76.316803,0.3,7.42,3.757,22.82,9.82,91.285
2018-06-08T06:45:00Z,HAD,Harris_Creek_Downstream,38.712517,-76.316803,0.3,7.56,3.738,22.82,9.81,92.955
2018-06-08T07:00:00Z,HAD,Harris_Creek_Downstream,38.712517,-76.316803,0.3,7.26,3.717,22.85,9.82,89.304
2018-06-08T07:15:00Z,HAD,Harris_Creek_Downstream,38.712517,-76.316803,0.3,6.93,3.7,22.86,9.8,85.251
2018-06-08T07:30:00Z,HAD,Harris_Creek_Downstream,38.712517,-76.316803,0.3,6.91,3.676,22.87,9.79,84.966
2018-06-08T07:45:00Z,HAD,Harris_Creek_Downstream,38.712517,-76.316803,0.3,6.96,3.663,22.89,9.79,85.654
2018-06-08T08:00:00Z,HAD,Harris_Creek_Downstream,38.712517,-76.316803,0.3,6.86,3.642,22.91,9.8,84.479
2018-06-08T08:15:00Z,HAD,Harris_Creek_Downstream,38.712517,-76.316803,0.3,6.85,3.627,22.93,9.8,84.386
2018-06-08T08:30:00Z,HAD,Harris_Creek_Downstream,38.712517,-76.316803,0.3,6.8,3.607,22.95,9.8,83.833
2018-06-08T08:45:00Z,HAD,Harris_Creek_Downstream,38.712517,-76.316803,0.3,6.67,3.59,22.98,9.8,82.297
2018-06-08T09:00:00Z,HAD,Harris_Creek_Downstream,38.712517,-76.316803,0.3,6.64,3.582,22.99,9.8,81.86
2018-06-08T09:15:00Z,HAD,Harris_Creek_Downstream,38.712517,-76.316803,0.3,6.45,3.573,22.98,9.8,79.51
2018-06-08T09:30:00Z,HAD,Harris_Creek_Downstream,38.712517,-76.316803,0.3,6.45,3.569,22.97,9.8,79.46
2018-06-08T09:45:00Z,HAD,Harris_Creek_Downstream,38.712517,-76.316803,0.3,6.36,3.565,22.96,9.79,78.386
2018-06-08T10:00:00Z,HAD,Harris_Creek_Downstream,38.712517,-76.316803,0.3,6.32,3.564,22.95,9.79,77.857
2018-06-08T10:15:00Z,HAD,Harris_Creek_Downstream,38.712517,-76.316803,0.3,6.31,3.564,22.93,9.79,77.773
2018-06-08T10:30:00Z,HAD,Harris_Creek_Downstream,38.712517,-76.316803,0.3,6.47,3.57,22.88,9.78,79.603
2018-06-08T10:45:00Z,HAD,Harris_Creek_Downstream,38.712517,-76.316803,0.3,6.54,3.574,22.85,9.78,80.4
2018-06-08T11:00:00Z,HAD,Harris_Creek_Downstream,38.712517,-76.316803,0.3,6.49,3.586,22.83,9.78,79.787
2018-06-08T11:15:00Z,HAD,Harris_Creek_Downstream,38.712517,-76.316803,0.3,6.42,3.599,22.83,9.78,78.873
2018-06-08T11:30:00Z,HAD,Harris_Creek_Downstream,38.712517,-76.316803,0.3,6.35,3.611,22.84,9.78,78.134
2018-06-08T11:45:00Z,HAD,Harris_Creek_Downstream,38.712517,-76.316803,0.3,6.06,3.624,22.84,9.78,74.458
2018-06-08T12:00:00Z,HAD,Harris_Creek_Downstream,38.712517,-76.316803,0.3,6.21,3.643,22.81,9.81,76.347
2018-06-08T12:15:00Z,HAD,Harris_Creek_Downstream,38.712517,-76.316803,0.3,6.2,3.663,22.79,9.81,76.17
2018-06-08T12:30:00Z,HAD,Harris_Creek_Downstream,38.712517,-76.316803,0.3,6.13,3.679,22.77,9.81,75.306
2018-06-08T12:45:00Z,HAD,Harris_Creek_Downstream,38.712517,-76.316803,0.3,6.23,3.701,22.74,9.8,76.439
2018-06-08T13:00:00Z,HAD,Harris_Creek_Downstream,38.712517,-76.316803,0.3,6.21,3.725,22.73,9.8,76.271
2018-06-08T13:15:00Z,HAD,Harris_Creek_Downstream,38.712517,-76.316803,0.3,6.03,3.74,22.73,9.8,73.98
2018-06-08T13:30:00Z,HAD,Harris_Creek_Downstream,38.712517,-76.316803,0.3,6.12,3.754,22.73,9.8,75.121
2018-06-08T13:45:00Z,HAD,Harris_Creek_Downstream,38.712517,-76.316803,0.3,6.23,3.767,22.73,9.79,76.405
2018-06-08T14:00:00Z,HAD,Harris_Creek_Downstream,38.712517,-76.316803,0.3,6.09,3.786,22.75,9.79,74.727
2018-06-08T14:15:00Z,HAD,Harris_Creek_Downstream,38.712517,-76.316803,0.3,6.17,3.799,22.83,9.79,75.818
2018-06-08T14:30:00Z,HAD,Harris_Creek_Downstream,38.712517,-76.316803,0.3,5.91,3.809,22.89,9.8,72.704
2018-06-08T14:45:00Z,HAD,Harris_Creek_Downstream,38.712517,-76.316803,0.3,5.05,3.82,22.83,9.8,62.038
2018-06-08T15:00:00Z,HAD,Harris_Creek_Downstream,38.712517,-76.316803,0.3,4.98,3.829,22.85,9.8,61.207
2018-06-08T15:15:00Z,HAD,Harris_Creek_Downstream,38.712517,-76.316803,0.3,5.27,3.831,22.8,9.81,64.706
2018-06-08T15:30:00Z,HAD,Harris_Creek_Downstream,38.712517,-76.316803,0.3,6.42,3.829,22.72,9.79,78.747
2018-06-08T15:45:00Z,HAD,Harris_Creek_Downstream,38.712517,-76.316803,0.3,6.4,3.83,22.74,9.78,78.571
2018-06-08T16:00:00Z,HAD,Harris_Creek_Downstream,38.712517,-76.316803,0.3,6.48,3.822,22.76,9.78,79.628
2018-06-08T16:15:00Z,HAD,Harris_Creek_Downstream,38.712517,-76.316803,0.3,6.33,3.812,22.79,9.79,77.748
2018-06-08T16:30:00Z,HAD,Harris_Creek_Downstream,38.712517,-76.316803,0.3,6.29,3.795,22.87,9.79,77.421
2018-06-08T16:45:00Z,HAD,Harris_Creek_Downstream,38.712517,-76.316803,0.3,6.28,3.781,22.95,9.8,77.37
2018-06-08T17:00:00Z,HAD,Harris_Creek_Downstream,38.712517,-76.316803,0.3,6.37,3.765,23.05,9.8,78.646
2018-06-08T17:15:00Z,HAD,Harris_Creek_Downstream,38.712517,-76.316803,0.3,6.39,3.748,23.14,9.8,78.957
2018-06-08T17:30:00Z,HAD,Harris_Creek_Downstream,38.712517,-76.316803,0.3,6.23,3.723,23.19,9.8,77.135
2018-06-08T17:45:00Z,HAD,Harris_Creek_Downstream,38.712517,-76.316803,0.3,6.54,3.698,23.24,9.8,80.988
2018-06-08T18:00:00Z,HAD,Harris_Creek_Downstream,38.712517,-76.316803,0.3,6.89,3.677,23.23,9.81,85.36
2018-06-08T18:15:00Z,HAD,Harris_Creek_Downstream,38.712517,-76.316803,0.3,7.02,3.647,23.24,9.81,86.954
2018-06-08T18:30:00Z,HAD,Harris_Creek_Downstream,38.712517,-76.316803,0.3,7.07,3.62,23.26,9.8,87.559
2018-06-08T18:45:00Z,HAD,Harris_Creek_Downstream,38.712517,-76.316803,0.3,7.07,3.591,23.27,9.81,87.634
2018-06-08T19:00:00Z,HAD,Harris_Creek_Downstream,38.712517,-76.316803,0.3,7.07,3.568,23.27,9.81,87.659
2018-06-08T19:15:00Z,HAD,Harris_Creek_Downstream,38.712517,-76.316803,0.3,7.05,3.54,23.28,9.81,87.357
2018-06-08T19:30:00Z,HAD,Harris_Creek_Downstream,38.712517,-76.316803,0.3,7.05,3.514,23.29,9.81,87.483
2018-06-08T19:45:00Z,HAD,Harris_Creek_Downstream,38.712517,-76.316803,0.3,7.09,3.493,23.31,9.8,87.97
2018-06-08T20:00:00Z,HAD,Harris_Creek_Downstream,38.712517,-76.316803,0.3,7.15,3.468,23.31,9.79,88.65
2018-06-08T20:15:00Z,HAD,Harris_Creek_Downstream,38.712517,-76.316803,0.3,7.2,3.45,23.33,9.78,89.38
2018-06-08T20:30:00Z,HAD,Harris_Creek_Downstream,38.712517,-76.316803,0.3,6.96,3.431,23.33,9.78,86.392
2018-06-08T20:45:00Z,HAD,Harris_Creek_Downstream,38.712517,-76.316803,0.3,7.1,3.409,23.34,9.78,88.104
2018-06-08T21:00:00Z,HAD,Harris_Creek_Downstream,38.712517,-76.316803,0.3,7.04,3.396,23.35,9.77,87.357
2018-06-08T21:15:00Z,HAD,Harris_Creek_Downstream,38.712517,-76.316803,0.3,7.0,3.383,23.36,9.77,86.929
2018-06-08T21:30:00Z,HAD,Harris_Creek_Downstream,38.712517,-76.316803,0.3,7.11,3.37,23.38,9.77,88.331
2018-06-08T21:45:00Z,HAD,Harris_Creek_Downstream,38.712517,-76.316803,0.3,7.25,3.358,23.41,9.76,90.026
2018-06-08T22:00:00Z,HAD,Harris_Creek_Downstream,38.712517,-76.316803,0.3,7.15,3.352,23.44,9.75,88.943
2018-06-08T22:15:00Z,HAD,Harris_Creek_Downstream,38.712517,-76.316803,0.3,7.02,3.349,23.47,9.74,87.299
2018-06-08T22:30:00Z,HAD,Harris_Creek_Downstream,38.712517,-76.316803,0.3,7.63,3.35,23.55,9.72,95.003
2018-06-08T22:45:00Z,HAD,Harris_Creek_Downstream,38.712517,-76.316803,0.3,7.51,3.357,23.61,9.72,93.601
2018-06-08T23:00:00Z,HAD,Harris_Creek_Downstream,38.712517,-76.316803,0.3,7.24,3.366,23.63,9.71,90.295
2018-06-08T23:15:00Z,HAD,Harris_Creek_Downstream,38.712517,-76.316803,0.3,7.41,3.38,23.7,9.71,92.577
2018-06-08T23:30:00Z,HAD,Harris_Creek_Downstream,38.712517,-76.316803,0.3,7.38,3.393,23.76,9.7,92.25
2018-06-08T23:45:00Z,HAD,Harris_Creek_Downstream,38.712517,-76.316803,0.3,6.96,3.416,23.7,9.71,86.946
2018-06-09T00:00:00Z,HAD,Harris_Creek_Downstream,38.712517,-76.316803,0.3,6.78,3.448,23.7,9.7,84.655
2018-06-09T00:15:00Z,HAD,Harris_Creek_Downstream,38.712517,-76.316803,0.3,6.89,3.469,23.78,9.69,86.191
2018-06-09T00:30:00Z,HAD,Harris_Creek_Downstream,38.712517,-76.316803,0.3,6.59,3.497,23.81,9.69,82.515
2018-06-09T00:45:00Z,HAD,Harris_Creek_Downstream,38.712517,-76.316803,0.3,7.12,3.526,23.85,9.7,89.153
2018-06-09T01:00:00Z,HAD,Harris_Creek_Downstream,38.712517,-76.316803,0.3,7.57,3.555,23.9,9.7,94.86
2018-06-09T01:15:00Z,HAD,Harris_Creek_Downstream,38.712517,-76.316803,0.3,7.99,3.587,23.93,9.69,100.156
2018-06-09T01:30:00Z,HAD,Harris_Creek_Downstream,38.712517,-76.316803,0.3,8.1,3.623,23.89,9.67,101.448
2018-06-09T01:45:00Z,HAD,Harris_Creek_Downstream,38.712517,-76.316803,0.3,8.03,3.654,23.8,9.65,100.441
2018-06-09T02:00:00Z,HAD,Harris_Creek_Downstream,38.712517,-76.316803,0.3,7.95,3.686,23.77,9.65,99.342
2018-06-09T02:15:00Z,HAD,Harris_Creek_Downstream,38.712517,-76.316803,0.3,7.92,3.713,23.73,9.65,98.914
2018-06-09T02:30:00Z,HAD,Harris_Creek_Downstream,38.712517,-76.316803,0.3,7.86,3.736,23.72,9.65,98.2
2018-06-09T02:45:00Z,HAD,Harris_Creek_Downstream,38.712517,-76.316803,0.3,7.96,3.76,23.73,9.66,99.451
2018-06-09T03:00:00Z,HAD,Harris_Creek_Downstream,38.712517,-76.316803,0.3,7.91,3.779,23.73,9.6,98.804
2018-06-09T03:15:00Z,HAD,Harris_Creek_Downstream,38.712517,-76.316803,0.3,7.79,3.794,23.71,9.67,97.269
2018-06-09T03:30:00Z,HAD,Harris_Creek_Downstream,38.712517,-76.316803,0.3,7.95,3.809,23.65,9.67,99.191
2018-06-09T03:45:00Z,HAD,Harris_Creek_Downstream,38.712517,-76.316803,0.3,7.82,3.818,23.66,9.65,97.52
2018-06-09T04:00:00Z,HAD,Harris_Creek_Downstream,38.712517,-76.316803,0.3,7.87,3.828,23.65,9.71,98.158
2018-06-09T04:15:00Z,HAD,Harris_Creek_Downstream,38.712517,-76.316803,0.3,7.7,3.828,23.63,9.67,95.976
2018-06-09T04:30:00Z,HAD,Harris_Creek_Downstream,38.712517,-76.316803,0.3,7.68,3.826,23.63,9.66,95.808
2018-06-09T04:45:00Z,HAD,Harris_Creek_Downstream,38.712517,-76.316803,0.3,7.31,3.829,23.62,9.75,91.235
2018-06-09T05:00:00Z,HAD,Harris_Creek_Downstream,38.712517,-76.316803,0.3,7.41,3.816,23.68,9.72,92.46
2018-06-09T05:15:00Z,HAD,Harris_Creek_Downstream,38.712517,-76.316803,0.3,6.87,3.806,23.65,9.69,85.696
2018-06-09T05:30:00Z,HAD,Harris_Creek_Downstream,38.712517,-76.316803,0.3,6.81,3.792,23.7,9.71,84.999
2018-06-09T05:45:00Z,HAD,Harris_Creek_Downstream,38.712517,-76.316803,0.3,6.9,3.775,23.72,9.71,86.241
2018-06-09T06:00:00Z,HAD,Harris_Creek_Downstream,38.712517,-76.316803,0.3,7.21,3.765,23.69,9.7,90.085
2018-06-09T06:15:00Z,HAD,Harris_Creek_Downstream,38.712517,-76.316803,0.3,7.31,3.736,23.67,9.7,91.251
2018-06-09T06:30:00Z,HAD,Harris_Creek_Downstream,38.712517,-76.316803,0.3,7.6,3.711,23.64,9.69,94.743
2018-06-09T06:45:00Z,HAD,Harris_Creek_Downstream,38.712517,-76.316803,0.3,7.58,3.695,23.59,9.68,94.432
2018-06-09T07:00:00Z,HAD,Harris_Creek_Downstream,38.712517,-76.316803,0.3,7.41,3.663,23.57,9.68,92.275
2018-06-09T07:15:00Z,HAD,Harris_Creek_Downstream,38.712517,-76.316803,0.3,7.41,3.646,23.56,9.68,92.334
2018-06-09T07:30:00Z,HAD,Harris_Creek_Downstream,38.712517,-76.316803,0.3,7.28,3.617,23.57,9.68,90.697
2018-06-09T07:45:00Z,HAD,Harris_Creek_Downstream,38.712517,-76.316803,0.3,7.07,3.591,23.61,9.69,88.087
2018-06-09T08:00:00Z,HAD,Harris_Creek_Downstream,38.712517,-76.316803,0.3,7.13,3.575,23.69,9.71,88.994
2018-06-09T08:15:00Z,HAD,Harris_Creek_Downstream,38.712517,-76.316803,0.3,7.26,3.544,23.8,9.75,90.865
2018-06-09T08:30:00Z,HAD,Harris_Creek_Downstream,38.712517,-76.316803,0.3,7.25,3.525,23.82,9.76,90.748
2018-06-09T08:45:00Z,HAD,Harris_Creek_Downstream,38.712517,-76.316803,0.3,7.19,3.506,23.81,9.76,90.034
2018-06-09T09:00:00Z,HAD,Harris_Creek_Downstream,38.712517,-76.316803,0.3,7.27,3.488,23.79,9.75,90.924
2018-06-09T09:15:00Z,HAD,Harris_Creek_Downstream,38.712517,-76.316803,0.3,7.23,3.467,23.8,9.75,90.521
2018-06-09T09:30:00Z,HAD,Harris_Creek_Downstream,38.712517,-76.316803,0.3,7.1,3.454,23.79,9.75,88.792
2018-06-09T09:45:00Z,HAD,Harris_Creek_Downstream,38.712517,-76.316803,0.3,6.98,3.454,23.78,9.75,87.315
2018-06-09T10:00:00Z,HAD,Harris_Creek_Downstream,38.712517,-76.316803,0.3,6.73,3.429,23.79,9.74,84.151
2018-06-09T10:15:00Z,HAD,Harris_Creek_Downstream,38.712517,-76.316803,0.3,6.75,3.421,23.79,9.75,84.428
2018-06-09T10:30:00Z,HAD,Harris_Creek_Downstream,38.712517,-76.316803,0.3,6.72,3.415,23.79,9.75,84.093
2018-06-09T10:45:00Z,HAD,Harris_Creek_Downstream,38.712517,-76.316803,0.3,6.45,3.409,23.78,9.74,80.652
2018-06-09T11:00:00Z,HAD,Harris_Creek_Downstream,38.712517,-76.316803,0.3,6.72,3.405,23.79,9.74,84.009
2018-06-09T11:15:00Z,HAD,Harris_Creek_Downstream,38.712517,-76.316803,0.3,6.38,3.405,23.78,9.74,79.754
2018-06-09T11:30:00Z,HAD,Harris_Creek_Downstream,38.712517,-76.316803,0.3,6.47,3.41,23.79,9.74,80.971
2018-06-09T11:45:00Z,HAD,Harris_Creek_Downstream,38.712517,-76.316803,0.3,6.5,3.42,23.8,9.74,81.374
2018-06-09T12:00:00Z,HAD,Harris_Creek_Downstream,38.712517,-76.316803,0.3,6.5,3.434,23.81,9.78,81.357
2018-06-09T12:15:00Z,HAD,Harris_Creek_Downstream,38.712517,-76.316803,0.3,6.3,3.458,23.81,9.73,78.797
2018-06-09T12:30:00Z,HAD,Harris_Creek_Downstream,38.712517,-76.316803,0.3,6.38,3.464,23.81,9.67,79.779
2018-06-09T12:45:00Z,HAD,Harris_Creek_Downstream,38.712517,-76.316803,0.3,6.32,3.481,23.82,9.73,79.108
2018-06-09T13:00:00Z,HAD,Harris_Creek_Downstream,38.712517,-76.316803,0.3,6.25,3.487,23.83,9.73,78.201
2018-06-09T13:15:00Z,HAD,Harris_Creek_Downstream,38.712517,-76.316803,0.3,6.42,3.502,23.83,9.69,80.341
2018-06-09T13:30:00Z,HAD,Harris_Creek_Downstream,38.712517,-76.316803,0.3,6.48,3.524,23.84,9.68,81.097
2018-06-09T13:45:00Z,HAD,Harris_Creek_Downstream,38.712517,-76.316803,0.3,6.34,3.544,23.84,9.7,79.393
2018-06-09T14:00:00Z,HAD,Harris_Creek_Downstream,38.712517,-76.316803,0.3,6.29,3.558,23.81,9.71,78.73
2018-06-09T14:15:00Z,HAD,Harris_Creek_Downstream,38.712517,-76.316803,0.3,6.32,3.584,23.65,9.72,78.898
2018-06-09T14:30:00Z,HAD,Harris_Creek_Downstream,38.712517,-76.316803,0.3,6.37,3.602,23.48,9.65,79.141
2018-06-09T14:45:00Z,HAD,Harris_Creek_Downstream,38.712517,-76.316803,0.3,6.46,3.623,23.36,9.57,80.098
2018-06-09T15:00:00Z,HAD,Harris_Creek_Downstream,38.712517,-76.316803,0.3,6.74,3.643,23.34,9.55,83.572
2018-06-09T15:15:00Z,HAD,Harris_Creek_Downstream,38.712517,-76.316803,0.3,6.65,3.656,23.36,9.55,82.49
2018-06-09T15:30:00Z,HAD,Harris_Creek_Downstream,38.712517,-76.316803,0.3,6.59,3.669,23.4,9.61,81.844
2018-06-09T15:45:00Z,HAD,Harris_Creek_Downstream,38.712517,-76.316803,0.3,6.57,3.678,23.42,9.61,81.609
2018-06-09T16:00:00Z,HAD,Harris_Creek_Downstream,38.712517,-76.316803,0.3,6.6,3.681,23.44,9.6,81.953
2018-06-09T16:15:00Z,HAD,Harris_Creek_Downstream,38.712517,-76.316803,0.3,6.44,3.688,23.45,9.6,80.039
2018-06-09T16:30:00Z,HAD,Harris_Creek_Downstream,38.712517,-76.316803,0.3,6.13,3.688,23.47,9.62,76.145
2018-06-09T16:45:00Z,HAD,Harris_Creek_Downstream,38.712517,-76.316803,0.3,6.25,3.677,23.46,9.75,77.765
2018-06-09T17:00:00Z,HAD,Harris_Creek_Downstream,38.712517,-76.316803,0.3,6.16,3.671,23.51,9.78,76.674
2018-06-09T17:15:00Z,HAD,Harris_Creek_Downstream,38.712517,-76.316803,0.3,6.07,3.654,23.67,9.84,75.801
2018-06-09T17:30:00Z,HAD,Harris_Creek_Downstream,38.712517,-76.316803,0.3,6.05,3.636,23.73,9.86,75.658
2018-06-09T17:45:00Z,HAD,Harris_Creek_Downstream,38.712517,-76.316803,0.3,6.12,3.621,23.78,9.87,76.649
2018-06-09T18:00:00Z,HAD,Harris_Creek_Downstream,38.712517,-76.316803,0.3,6.28,3.595,23.86,9.88,78.688
2018-06-09T18:15:00Z,HAD,Harris_Creek_Downstream,38.712517,-76.316803,0.3,6.22,3.572,23.9,9.87,78.059
2018-06-09T18:30:00Z,HAD,Harris_Creek_Downstream,38.712517,-76.316803,0.3,6.17,3.551,23.93,9.87,77.396
2018-06-09T18:45:00Z,HAD,Harris_Creek_Downstream,38.712517,-76.316803,0.3,5.95,3.522,23.92,9.75,74.601
2018-06-09T19:00:00Z,HAD,Harris_Creek_Downstream,38.712517,-76.316803,0.3,5.92,3.493,23.93,9.75,74.316
2018-06-09T19:15:00Z,HAD,Harris_Creek_Downstream,38.712517,-76.316803,0.3,5.91,3.474,23.96,9.75,74.131
2018-06-09T19:30:00Z,HAD,Harris_Creek_Downstream,38.712517,-76.316803,0.3,5.85,3.457,23.96,9.75,73.451
2018-06-09T19:45:00Z,HAD,Harris_Creek_Downstream,38.712517,-76.316803,0.3,5.65,3.413,23.96,9.75,70.959
2018-06-09T20:00:00Z,HAD,Harris_Creek_Downstream,38.712517,-76.316803,0.3,5.97,3.379,24.0,9.74,75.021
2018-06-09T20:15:00Z,HAD,Harris_Creek_Downstream,38.712517,-76.316803,0.3,5.94,3.365,23.99,9.75,74.618
2018-06-09T20:30:00Z,HAD,Harris_Creek_Downstream,38.712517,-76.316803,0.3,5.68,3.347,23.99,9.74,71.286
2018-06-09T20:45:00Z,HAD,Harris_Creek_Downstream,38.712517,-76.316803,0.3,6.13,3.328,24.02,9.74,76.976
2018-06-09T21:00:00Z,HAD,Harris_Creek_Downstream,38.712517,-76.316803,0.3,5.72,3.299,24.0,9.75,71.882
2018-06-09T21:15:00Z,HAD,Harris_Creek_Downstream,38.712517,-76.316803,0.3,5.66,3.298,23.99,9.75,71.127
2018-06-09T21:30:00Z,HAD,Harris_Creek_Downstream,38.712517,-76.316803,0.3,5.88,3.262,23.99,9.74,73.77
2018-06-09T21:45:00Z,HAD,Harris_Creek_Downstream,38.712517,-76.316803,0.3,6.21,3.246,24.01,9.74,78.008
2018-06-09T22:00:00Z,HAD,Harris_Creek_Downstream,38.712517,-76.316803,0.3,6.28,3.242,24.04,9.73,78.889
2018-06-09T22:15:00Z,HAD,Harris_Creek_Downstream,38.712517,-76.316803,0.3,6.37,3.23,24.05,9.73,80.073
2018-06-09T22:30:00Z,HAD,Harris_Creek_Downstream,38.712517,-76.316803,0.3,6.36,3.223,24.08,9.72,80.006
2018-06-09T22:45:00Z,HAD,Harris_Creek_Downstream,38.712517,-76.316803,0.3,6.49,3.21,24.08,9.72,81.558
2018-06-09T23:00:00Z,HAD,Harris_Creek_Downstream,38.712517,-76.316803,0.3,6.56,3.222,24.13,9.72,82.507
2018-06-09T23:15:00Z,HAD,Harris_Creek_Downstream,38.712517,-76.316803,0.3,6.76,3.222,24.19,9.72,85.192
2018-06-09T23:30:00Z,HAD,Harris_Creek_Downstream,38.712517,-76.316803,0.3,7.2,3.246,24.52,9.71,91.226
2018-06-09T23:45:00Z,HAD,Harris_Creek_Downstream,38.712517,-76.316803,0.3,7.12,3.26,24.6,9.7,90.37
2018-06-10T00:00:00Z,HAD,Harris_Creek_Downstream,38.712517,-76.316803,0.3,6.97,3.278,24.65,9.7,88.515
2018-06-10T00:15:00Z,HAD,Harris_Creek_Downstream,38.712517,-76.316803,0.3,6.57,3.283,24.66,9.7,83.48
2018-06-10T00:30:00Z,HAD,Harris_Creek_Downstream,38.712517,-76.316803,0.3,7.21,3.313,24.78,9.69,91.763
2018-06-10T00:45:00Z,HAD,Harris_Creek_Downstream,38.712517,-76.316803,0.3,6.6,3.333,24.74,9.68,84.026
2018-06-10T01:00:00Z,HAD,Harris_Creek_Downstream,38.712517,-76.316803,0.3,7.4,3.348,24.78,9.67,94.189
2018-06-10T01:15:00Z,HAD,Harris_Creek_Downstream,38.712517,-76.316803,0.3,7.19,3.383,24.8,9.67,91.595
2018-06-10T01:30:00Z,HAD,Harris_Creek_Downstream,38.712517,-76.316803,0.3,7.6,3.416,24.86,9.65,96.849
2018-06-10T01:45:00Z,HAD,Harris_Creek_Downstream,38.712517,-76.316803,0.3,7.53,3.469,24.86,9.65,96.018
2018-06-10T02:00:00Z,HAD,Harris_Creek_Downstream,38.712517,-76.316803,0.3,7.66,3.495,24.9,9.64,97.772
2018-06-10T02:15:00Z,HAD,Harris_Creek_Downstream,38.712517,-76.316803,0.3,7.59,3.529,24.93,9.63,96.874
2018-06-10T02:30:00Z,HAD,Harris_Creek_Downstream,38.712517,-76.316803,0.3,7.54,3.562,24.93,9.6,96.22
2018-06-10T02:45:00Z,HAD,Harris_Creek_Downstream,38.712517,-76.316803,0.3,7.65,3.59,24.88,9.59,97.546
2018-06-10T03:00:00Z,HAD,Harris_Creek_Downstream,38.712517,-76.316803,0.3,7.73,3.613,24.79,9.57,98.444
2018-06-10T03:15:00Z,HAD,Harris_Creek_Downstream,38.712517,-76.316803,0.3,7.62,3.647,24.75,9.6,96.883
2018-06-10T03:30:00Z,HAD,Harris_Creek_Downstream,38.712517,-76.316803,0.3,7.71,3.674,24.68,9.67,97.932
2018-06-10T03:45:00Z,HAD,Harris_Creek_Downstream,38.712517,-76.316803,0.3,7.58,3.698,24.61,9.67,96.245
2018-06-10T04:00:00Z,HAD,Harris_Creek_Downstream,38.712517,-76.316803,0.3,7.59,3.71,24.57,9.66,96.262
2018-06-10T04:15:00Z,HAD,Harris_Creek_Downstream,38.712517,-76.316803,0.3,7.72,3.725,24.52,9.61,97.789
2018-06-10T04:30:00Z,HAD,Harris_Creek_Downstream,38.712517,-76.316803,0.3,7.69,3.731,24.5,9.62,97.386
2018-06-10T04:45:00Z,HAD,Harris_Creek_Downstream,38.712517,-76.316803,0.3,7.32,3.741,24.48,9.62,92.678
2018-06-10T05:00:00Z,HAD,Harris_Creek_Downstream,38.712517,-76.316803,0.3,7.28,3.747,24.45,9.64,92.191
2018-06-10T05:15:00Z,HAD,Harris_Creek_Downstream,38.712517,-76.316803,0.3,7.41,3.751,24.44,9.64,93.71
2018-06-10T05:30:00Z,HAD,Harris_Creek_Downstream,38.712517,-76.316803,0.3,7.25,3.739,24.43,9.63,91.671
2018-06-10T05:45:00Z,HAD,Harris_Creek_Downstream,38.712517,-76.316803,0.3,7.16,3.735,24.41,9.65,90.555
2018-06-10T06:00:00Z,HAD,Harris_Creek_Downstream,38.712517,-76.316803,0.3,7.28,3.726,24.4,9.64,92.032
2018-06-10T06:15:00Z,HAD,Harris_Creek_Downstream,38.712517,-76.316803,0.3,7.08,3.711,24.37,9.65,89.497
2018-06-10T06:30:00Z,HAD,Harris_Creek_Downstream,38.712517,-76.316803,0.3,7.11,3.697,24.36,9.63,89.875
2018-06-10T06:45:00Z,HAD,Harris_Creek_Downstream,38.712517,-76.316803,0.3,7.18,3.673,24.34,9.64,90.656
2018-06-10T07:00:00Z,HAD,Harris_Creek_Downstream,38.712517,-76.316803,0.3,7.01,3.656,24.32,9.63,88.465
2018-06-10T07:15:00Z,HAD,Harris_Creek_Downstream,38.712517,-76.316803,0.3,7.08,3.63,24.33,9.64,89.363
2018-06-10T07:30:00Z,HAD,Harris_Creek_Downstream,38.712517,-76.316803,0.3,6.71,3.602,24.32,9.65,84.772
2018-06-10T07:45:00Z,HAD,Harris_Creek_Downstream,38.712517,-76.316803,0.3,6.79,3.576,24.32,9.65,85.687
2018-06-10T08:00:00Z,HAD,Harris_Creek_Downstream,38.712517,-76.316803,0.3,7.04,3.552,24.42,9.65,89.027
2018-06-10T08:15:00Z,HAD,Harris_Creek_Downstream,38.712517,-76.316803,0.3,6.93,3.528,24.4,9.65,87.659
2018-06-10T08:30:00Z,HAD,Harris_Creek_Downstream,38.712517,-76.316803,0.3,7.0,3.507,24.38,9.65,88.457
2018-06-10T08:45:00Z,HAD,Harris_Creek_Downstream,38.712517,-76.316803,0.3,6.95,3.482,24.36,9.65,87.811
2018-06-10T09:00:00Z,HAD,Harris_Creek_Downstream,38.712517,-76.316803,0.3,6.98,3.463,24.36,9.64,88.171
2018-06-10T09:15:00Z,HAD,Harris_Creek_Downstream,38.712517,-76.316803,0.3,6.8,3.428,24.37,9.63,85.931
2018-06-10T09:30:00Z,HAD,Harris_Creek_Downstream,38.712517,-76.316803,0.3,6.9,3.402,24.38,9.62,87.223
2018-06-10T09:45:00Z,HAD,Harris_Creek_Downstream,38.712517,-76.316803,0.3,6.93,3.385,24.38,9.62,87.634
2018-06-10T10:00:00Z,HAD,Harris_Creek_Downstream,38.712517,-76.316803,0.3,6.83,3.369,24.39,9.61,86.375
2018-06-10T10:15:00Z,HAD,Harris_Creek_Downstream,38.712517,-76.316803,0.3,6.83,3.36,24.39,9.6,86.392
2018-06-10T10:30:00Z,HAD,Harris_Creek_Downstream,38.712517,-76.316803,0.3,6.79,3.342,24.4,9.6,85.855
2018-06-10T10:45:00Z,HAD,Harris_Creek_Downstream,38.712517,-76.316803,0.3,6.76,3.32,24.39,9.62,85.503
2018-06-10T11:00:00Z,HAD,Harris_Creek_Downstream,38.712517,-76.316803,0.3,6.68,3.309,24.37,9.62,84.437
2018-06-10T11:15:00Z,HAD,Harris_Creek_Downstream,38.712517,-76.316803,0.3,6.67,3.297,24.35,9.63,84.21
2018-06-10T11:30:00Z,HAD,Harris_Creek_Downstream,38.712517,-76.316803,0.3,6.57,3.288,24.35,9.63,82.951
2018-06-10T11:45:00Z,HAD,Harris_Creek_Downstream,38.712517,-76.316803,0.3,6.49,3.279,24.35,9.63,81.953
2018-06-10T12:00:00Z,HAD,Harris_Creek_Downstream,38.712517,-76.316803,0.3,6.56,3.28,24.33,9.62,82.8
2018-06-10T12:15:00Z,HAD,Harris_Creek_Downstream,38.712517,-76.316803,0.3,6.45,3.28,24.34,9.62,81.424
2018-06-10T12:30:00Z,HAD,Harris_Creek_Downstream,38.712517,-76.316803,0.3,6.57,3.278,24.34,9.62,82.985
2018-06-10T12:45:00Z,HAD,Harris_Creek_Downstream,38.712517,-76.316803,0.3,6.49,3.283,24.34,9.62,82.011
2018-06-10T13:00:00Z,HAD,Harris_Creek_Downstream,38.712517,-76.316803,0.3,6.34,3.289,24.35,9.62,80.106
2018-06-10T13:15:00Z,HAD,Harris_Creek_Downstream,38.712517,-76.316803,0.3,6.26,3.306,24.35,9.62,79.099
2018-06-10T13:30:00Z,HAD,Harris_Creek_Downstream,38.712517,-76.316803,0.3,6.45,3.325,24.36,9.62,81.499
2018-06-10T13:45:00Z,HAD,Harris_Creek_Downstream,38.712517,-76.316803,0.3,6.5,3.344,24.39,9.62,82.188
2018-06-10T14:00:00Z,HAD,Harris_Creek_Downstream,38.712517,-76.316803,0.3,6.09,3.362,24.4,9.63,77.026
2018-06-10T14:15:00Z,HAD,Harris_Creek_Downstream,38.712517,-76.316803,0.3,6.02,3.391,24.41,9.64,76.07
2018-06-10T14:30:00Z,HAD,Harris_Creek_Downstream,38.712517,-76.316803,0.3,6.15,3.414,24.42,9.64,77.765
2018-06-10T14:45:00Z,HAD,Harris_Creek_Downstream,38.712517,-76.316803,0.3,6.26,3.439,24.42,9.64,79.158
2018-06-10T15:00:00Z,HAD,Harris_Creek_Downstream,38.712517,-76.316803,0.3,6.34,3.483,24.43,9.64,80.257
2018-06-10T15:15:00Z,HAD,Harris_Creek_Downstream,38.712517,-76.316803,0.3,6.47,3.503,24.42,9.64,81.776
2018-06-10T15:30:00Z,HAD,Harris_Creek_Downstream,38.712517,-76.316803,0.3,6.5,3.516,24.42,9.64,82.204
2018-06-10T15:45:00Z,HAD,Harris_Creek_Downstream,38.712517,-76.316803,0.3,6.53,3.538,24.44,9.64,82.59
2018-06-10T16:00:00Z,HAD,Harris_Creek_Downstream,38.712517,-76.316803,0.3,6.6,3.556,24.46,9.63,83.505
2018-06-10T16:15:00Z,HAD,Harris_Creek_Downstream,38.712517,-76.316803,0.3,6.77,3.571,24.47,9.62,85.712
2018-06-10T16:30:00Z,HAD,Harris_Creek_Downstream,38.712517,-76.316803,0.3,6.78,3.587,24.48,9.63,85.822
2018-06-10T16:45:00Z,HAD,Harris_Creek_Downstream,38.712517,-76.316803,0.3,6.87,3.595,24.48,9.62,86.929
2018-06-10T17:00:00Z,HAD,Harris_Creek_Downstream,38.712517,-76.316803,0.3,6.8,3.598,24.48,9.62,86.057
2018-06-10T17:15:00Z,HAD,Harris_Creek_Downstream,38.712517,-76.316803,0.3,6.6,3.603,24.49,9.62,83.606
2018-06-10T17:30:00Z,HAD,Harris_Creek_Downstream,38.712517,-76.316803,0.3,6.63,3.601,24.48,9.62,83.933
2018-06-10T17:45:00Z,HAD,Harris_Creek_Downstream,38.712517,-76.316803,0.3,6.09,3.599,24.45,9.63,77.035
2018-06-10T18:00:00Z,HAD,Harris_Creek_Downstream,38.712517,-76.316803,0.3,6.17,3.587,24.36,9.64,77.983
2018-06-10T18:15:00Z,HAD,Harris_Creek_Downstream,38.712517,-76.316803,0.3,6.44,3.568,24.34,9.65,81.39
2018-06-10T18:30:00Z,HAD,Harris_Creek_Downstream,38.712517,-76.316803,0.3,6.48,3.555,24.35,9.64,81.886
2018-06-10T18:45:00Z,HAD,Harris_Creek_Downstream,38.712517,-76.316803,0.3,6.57,3.533,24.36,9.64,82.977
2018-06-10T19:00:00Z,HAD,Harris_Creek_Downstream,38.712517,-76.316803,0.3,6.67,3.514,24.37,9.65,84.286
2018-06-10T19:15:00Z,HAD,Harris_Creek_Downstream,38.712517,-76.316803,0.3,6.74,3.496,24.39,9.65,85.268
2018-06-10T19:30:00Z,HAD,Harris_Creek_Downstream,38.712517,-76.316803,0.3,6.53,3.486,24.44,9.65,82.632
2018-06-10T19:45:00Z,HAD,Harris_Creek_Downstream,38.712517,-76.316803,0.3,6.51,3.445,24.47,9.66,82.423
2018-06-10T20:00:00Z,HAD,Harris_Creek_Downstream,38.712517,-76.316803,0.3,6.44,3.418,24.48,9.66,81.508
2018-06-10T20:15:00Z,HAD,Harris_Creek_Downstream,38.712517,-76.316803,0.3,6.43,3.391,24.51,9.67,81.449
2018-06-10T20:30:00Z,HAD,Harris_Creek_Downstream,38.712517,-76.316803,0.3,6.47,3.366,24.53,9.67,81.961
2018-06-10T20:45:00Z,HAD,Harris_Creek_Downstream,38.712517,-76.316803,0.3,6.49,3.336,24.55,9.68,82.297
2018-06-10T21:00:00Z,HAD,Harris_Creek_Downstream,38.712517,-76.316803,0.3,6.49,3.31,24.57,9.68,82.297
2018-06-10T21:15:00Z,HAD,Harris_Creek_Downstream,38.712517,-76.316803,0.3,6.53,3.28,24.59,9.68,82.842
2018-06-10T21:30:00Z,HAD,Harris_Creek_Downstream,38.712517,-76.316803,0.3,6.48,3.256,24.58,9.68,82.162
2018-06-10T21:45:00Z,HAD,Harris_Creek_Downstream,38.712517,-76.316803,0.3,6.31,3.231,24.58,9.68,80.022
2018-06-10T22:00:00Z,HAD,Harris_Creek_Downstream,38.712517,-76.316803,0.3,6.18,3.208,24.56,9.67,78.394
2018-06-10T22:15:00Z,HAD,Harris_Creek_Downstream,38.712517,-76.316803,0.3,6.67,3.196,24.62,9.68,84.672
2018-06-10T22:30:00Z,HAD,Harris_Creek_Downstream,38.712517,-76.316803,0.3,7.06,3.184,24.79,9.66,89.9
2018-06-10T22:45:00Z,HAD,Harris_Creek_Downstream,38.712517,-76.316803,0.3,7.14,3.174,24.88,9.64,91.109
2018-06-10T23:00:00Z,HAD,Harris_Creek_Downstream,38.712517,-76.316803,0.3,7.2,3.154,24.96,9.62,91.931
2018-06-10T23:15:00Z,HAD,Harris_Creek_Downstream,38.712517,-76.316803,0.3,7.52,3.143,25.09,9.62,96.262
2018-06-10T23:30:00Z,HAD,Harris_Creek_Downstream,38.712517,-76.316803,0.3,7.47,3.138,25.08,9.62,95.599
2018-06-10T23:45:00Z,HAD,Harris_Creek_Downstream,38.712517,-76.316803,0.3,7.57,3.131,25.08,9.62,96.857
2018-06-11T00:00:00Z,HAD,Harris_Creek_Downstream,38.712517,-76.316803,0.3,7.42,3.137,25.05,9.61,94.877
2018-06-11T00:15:00Z,HAD,Harris_Creek_Downstream,38.712517,-76.316803,0.3,7.34,3.142,25.03,9.61,93.845
2018-06-11T00:30:00Z,HAD,Harris_Creek_Downstream,38.712517,-76.316803,0.3,7.34,3.165,25.1,9.62,93.962
2018-06-11T00:45:00Z,HAD,Harris_Creek_Downstream,38.712517,-76.316803,0.3,7.26,3.224,25.27,9.61,93.274
2018-06-11T01:00:00Z,HAD,Harris_Creek_Downstream,38.712517,-76.316803,0.3,7.36,3.204,25.25,9.6,94.44
2018-06-11T01:15:00Z,HAD,Harris_Creek_Downstream,38.712517,-76.316803,0.3,7.42,3.237,25.22,9.59,95.246
2018-06-11T01:30:00Z,HAD,Harris_Creek_Downstream,38.712517,-76.316803,0.3,7.48,3.284,25.13,9.58,95.842
2018-06-11T01:45:00Z,HAD,Harris_Creek_Downstream,38.712517,-76.316803,0.3,7.47,3.307,25.08,9.58,95.615
2018-06-11T02:00:00Z,HAD,Harris_Creek_Downstream,38.712517,-76.316803,0.3,7.38,3.349,25.04,9.57,94.331
2018-06-11T02:15:00Z,HAD,Harris_Creek_Downstream,38.712517,-76.316803,0.3,7.49,3.395,25.04,9.57,95.775
2018-06-11T02:30:00Z,HAD,Harris_Creek_Downstream,38.712517,-76.316803,0.3,7.57,3.438,24.99,9.54,96.69
2018-06-11T02:45:00Z,HAD,Harris_Creek_Downstream,38.712517,-76.316803,0.3,7.17,3.485,24.82,9.52,91.277
2018-06-11T03:00:00Z,HAD,Harris_Creek_Downstream,38.712517,-76.316803,0.3,7.14,3.511,24.7,9.51,90.689
2018-06-11T03:15:00Z,HAD,Harris_Creek_Downstream,38.712517,-76.316803,0.3,7.09,3.54,24.71,9.51,90.043
2018-06-11T03:30:00Z,HAD,Harris_Creek_Downstream,38.712517,-76.316803,0.3,7.29,3.577,24.74,9.53,92.619
2018-06-11T03:45:00Z,HAD,Harris_Creek_Downstream,38.712517,-76.316803,0.3,7.2,3.607,24.82,9.54,91.654
2018-06-11T04:00:00Z,HAD,Harris_Creek_Downstream,38.712517,-76.316803,0.3,7.05,3.63,24.86,9.54,89.799
2018-06-11T04:15:00Z,HAD,Harris_Creek_Downstream,38.712517,-76.316803,0.3,6.97,3.657,24.91,9.53,88.902
2018-06-11T04:30:00Z,HAD,Harris_Creek_Downstream,38.712517,-76.316803,0.3,7.13,3.686,24.98,9.52,91.092
2018-06-11T04:45:00Z,HAD,Harris_Creek_Downstream,38.712517,-76.316803,0.3,7.24,3.704,24.97,9.52,92.426
2018-06-11T05:00:00Z,HAD,Harris_Creek_Downstream,38.712517,-76.316803,0.3,7.29,3.719,24.68,9.53,92.619
2018-06-11T05:15:00Z,HAD,Harris_Creek_Downstream,38.712517,-76.316803,0.3,7.09,3.725,24.62,9.51,89.892
2018-06-11T05:30:00Z,HAD,Harris_Creek_Downstream,38.712517,-76.316803,0.3,7.16,3.741,24.5,9.48,90.555
2018-06-11T05:45:00Z,HAD,Harris_Creek_Downstream,38.712517,-76.316803,0.3,7.36,3.754,24.45,9.45,93.039
2018-06-11T06:00:00Z,HAD,Harris_Creek_Downstream,38.712517,-76.316803,0.3,7.31,3.758,24.47,9.45,92.376
2018-06-11T06:15:00Z,HAD,Harris_Creek_Downstream,38.712517,-76.316803,0.3,7.27,3.76,24.46,9.45,91.931
2018-06-11T06:30:00Z,HAD,Harris_Creek_Downstream,38.712517,-76.316803,0.3,7.36,3.758,24.45,9.45,93.005
2018-06-11T06:45:00Z,HAD,Harris_Creek_Downstream,38.712517,-76.316803,0.3,7.13,3.755,24.45,9.45,90.076
2018-06-11T07:00:00Z,HAD,Harris_Creek_Downstream,38.712517,-76.316803,0.3,7.25,3.745,24.43,9.44,91.663
2018-06-11T07:15:00Z,HAD,Harris_Creek_Downstream,38.712517,-76.316803,0.3,7.26,3.733,24.4,9.44,91.696
2018-06-11T07:30:00Z,HAD,Harris_Creek_Downstream,38.712517,-76.316803,0.3,6.96,3.724,24.39,9.44,87.903
2018-06-11T07:45:00Z,HAD,Harris_Creek_Downstream,38.712517,-76.316803,0.3,6.94,3.711,24.37,9.43,87.617
2018-06-11T08:00:00Z,HAD,Harris_Creek_Downstream,38.712517,-76.316803,0.3,7.09,3.691,24.36,9.43,89.464
2018-06-11T08:15:00Z,HAD,Harris_Creek_Downstream,38.712517,-76.316803,0.3,7.34,3.672,24.35,9.41,92.645
2018-06-11T08:30:00Z,HAD,Harris_Creek_Downstream,38.712517,-76.316803,0.3,7.21,3.656,24.35,9.41,90.907
2018-06-11T08:45:00Z,HAD,Harris_Creek_Downstream,38.712517,-76.316803,0.3,7.27,3.633,24.33,9.4,91.738
2018-06-11T09:00:00Z,HAD,Harris_Creek_Downstream,38.712517,-76.316803,0.3,7.33,3.617,24.33,9.39,92.368
2018-06-11T09:15:00Z,HAD,Harris_Creek_Downstream,38.712517,-76.316803,0.3,7.38,3.592,24.32,9.39,93.089
2018-06-11T09:30:00Z,HAD,Harris_Creek_Downstream,38.712517,-76.316803,0.3,7.2,3.571,24.32,9.39,90.832
2018-06-11T09:45:00Z,HAD,Harris_Creek_Downstream,38.712517,-76.316803,0.3,7.22,3.549,24.31,9.39,90.974
2018-06-11T10:00:00Z,HAD,Harris_Creek_Downstream,38.712517,-76.316803,0.3,7.35,3.524,24.3,9.38,92.586
2018-06-11T10:15:00Z,HAD,Harris_Creek_Downstream,38.712517,-76.316803,0.3,7.36,3.49,24.3,9.38,92.796
2018-06-11T10:30:00Z,HAD,Harris_Creek_Downstream,38.712517,-76.316803,0.3,7.35,3.475,24.31,9.42,92.628
2018-06-11T10:45:00Z,HAD,Harris_Creek_Downstream,38.712517,-76.316803,0.3,7.18,3.443,24.29,9.45,90.471
2018-06-11T11:00:00Z,HAD,Harris_Creek_Downstream,38.712517,-76.316803,0.3,6.79,3.417,24.38,9.49,85.754
2018-06-11T11:15:00Z,HAD,Harris_Creek_Downstream,38.712517,-76.316803,0.3,6.7,3.394,24.45,9.5,84.672
2018-06-11T11:30:00Z,HAD,Harris_Creek_Downstream,38.712517,-76.316803,0.3,6.75,3.37,24.41,9.52,85.326
2018-06-11T11:45:00Z,HAD,Harris_Creek_Downstream,38.712517,-76.316803,0.3,6.81,3.367,24.44,9.52,86.124
2018-06-11T12:00:00Z,HAD,Harris_Creek_Downstream,38.712517,-76.316803,0.3,6.92,3.344,24.47,9.52,87.567
2018-06-11T12:15:00Z,HAD,Harris_Creek_Downstream,38.712517,-76.316803,0.3,6.83,3.335,24.49,9.52,86.401
2018-06-11T12:30:00Z,HAD,Harris_Creek_Downstream,38.712517,-76.316803,0.3,6.73,3.314,24.5,9.52,85.167
2018-06-11T12:45:00Z,HAD,Harris_Creek_Downstream,38.712517,-76.316803,0.3,6.94,3.309,24.49,9.52,87.819
2018-06-11T13:00:00Z,HAD,Harris_Creek_Downstream,38.712517,-76.316803,0.3,6.98,3.31,24.5,9.52,88.322
2018-06-11T13:15:00Z,HAD,Harris_Creek_Downstream,38.712517,-76.316803,0.3,6.89,3.302,24.46,9.53,87.097
2018-06-11T13:30:00Z,HAD,Harris_Creek_Downstream,38.712517,-76.316803,0.3,6.91,3.313,24.42,9.54,87.315
2018-06-11T13:45:00Z,HAD,Harris_Creek_Downstream,38.712517,-76.316803,0.3,6.51,3.325,24.4,9.55,82.246
2018-06-11T14:00:00Z,HAD,Harris_Creek_Downstream,38.712517,-76.316803,0.3,6.07,3.336,24.3,9.57,76.523
2018-06-11T14:15:00Z,HAD,Harris_Creek_Downstream,38.712517,-76.316803,0.3,5.94,3.358,24.31,9.57,74.962
2018-06-11T14:30:00Z,HAD,Harris_Creek_Downstream,38.712517,-76.316803,0.3,6.66,3.38,24.39,9.52,84.135
2018-06-11T14:45:00Z,HAD,Harris_Creek_Downstream,38.712517,-76.316803,0.3,6.62,3.408,24.38,9.51,83.572
2018-06-11T15:00:00Z,HAD,Harris_Creek_Downstream,38.712517,-76.316803,0.3,6.72,3.429,24.33,9.51,84.756
2018-06-11T15:15:00Z,HAD,Harris_Creek_Downstream,38.712517,-76.316803,0.3,6.65,3.466,24.29,9.51,83.841
2018-06-11T15:30:00Z,HAD,Harris_Creek_Downstream,38.712517,-76.316803,0.3,6.6,3.504,24.21,9.51,83.111
2018-06-11T15:45:00Z,HAD,Harris_Creek_Downstream,38.712517,-76.316803,0.3,6.59,3.53,24.1,9.51,82.8
2018-06-11T16:00:00Z,HAD,Harris_Creek_Downstream,38.712517,-76.316803,0.3,6.61,3.556,23.99,9.46,82.809
2018-06-11T16:15:00Z,HAD,Harris_Creek_Downstream,38.712517,-76.316803,0.3,6.8,3.574,23.96,9.42,85.142
2018-06-11T16:30:00Z,HAD,Harris_Creek_Downstream,38.712517,-76.316803,0.3,6.78,3.605,23.94,9.39,84.882
2018-06-11T16:45:00Z,HAD,Harris_Creek_Downstream,38.712517,-76.316803,0.3,7.01,3.618,23.86,9.37,87.651
2018-06-11T17:00:00Z,HAD,Harris_Creek_Downstream,38.712517,-76.316803,0.3,6.85,3.63,23.84,9.36,85.662
2018-06-11T17:15:00Z,HAD,Harris_Creek_Downstream,38.712517,-76.316803,0.3,6.82,3.655,23.85,9.36,85.234
2018-06-11T17:30:00Z,HAD,Harris_Creek_Downstream,38.712517,-76.316803,0.3,6.87,3.664,23.86,9.36,85.922
2018-06-11T17:45:00Z,HAD,Harris_Creek_Downstream,38.712517,-76.316803,0.3,7.1,3.674,23.87,9.36,88.725
2018-06-11T18:00:00Z,HAD,Harris_Creek_Downstream,38.712517,-76.316803,0.3,7.15,3.67,23.87,9.37,89.38
2018-06-11T18:15:00Z,HAD,Harris_Creek_Downstream,38.712517,-76.316803,0.3,7.15,3.661,23.87,9.37,89.338
2018-06-11T18:30:00Z,HAD,Harris_Creek_Downstream,38.712517,-76.316803,0.3,7.12,3.657,23.86,9.39,88.952
2018-06-11T18:45:00Z,HAD,Harris_Creek_Downstream,38.712517,-76.316803,0.3,7.08,3.651,23.86,9.39,88.549
2018-06-11T19:00:00Z,HAD,Harris_Creek_Downstream,38.712517,-76.316803,0.3,6.93,3.639,23.86,9.39,86.585
2018-06-11T19:15:00Z,HAD,Harris_Creek_Downstream,38.712517,-76.316803,0.3,7.11,3.632,23.86,9.39,88.86
2018-06-11T19:30:00Z,HAD,Harris_Creek_Downstream,38.712517,-76.316803,0.3,7.12,3.622,23.86,9.38,88.96
2018-06-11T19:45:00Z,HAD,Harris_Creek_Downstream,38.712517,-76.316803,0.3,6.96,3.605,23.86,9.38,87.013
2018-06-11T20:00:00Z,HAD,Harris_Creek_Downstream,38.712517,-76.316803,0.3,7.06,3.582,23.84,9.37,88.239
2018-06-11T20:15:00Z,HAD,Harris_Creek_Downstream,38.712517,-76.316803,0.3,6.91,3.558,23.85,9.37,86.417
2018-06-11T20:30:00Z,HAD,Harris_Creek_Downstream,38.712517,-76.316803,0.3,7.13,3.545,23.86,9.37,89.12
2018-06-11T20:45:00Z,HAD,Harris_Creek_Downstream,38.712517,-76.316803,0.3,7.01,3.522,23.88,9.37,87.701
2018-06-11T21:00:00Z,HAD,Harris_Creek_Downstream,38.712517,-76.316803,0.3,7.19,3.505,23.92,9.38,89.934
2018-06-11T21:15:00Z,HAD,Harris_Creek_Downstream,38.712517,-76.316803,0.3,7.03,3.492,23.97,9.4,88.087
2018-06-11T21:30:00Z,HAD,Harris_Creek_Downstream,38.712517,-76.316803,0.3,7.13,3.465,23.97,9.4,89.38
2018-06-11T21:45:00Z,HAD,Harris_Creek_Downstream,38.712517,-76.316803,0.3,7.01,3.444,24.0,9.42,87.827
2018-06-11T22:00:00Z,HAD,Harris_Creek_Downstream,38.712517,-76.316803,0.3,6.92,3.412,23.95,9.43,86.644
2018-06-11T22:15:00Z,HAD,Harris_Creek_Downstream,38.712517,-76.316803,0.3,7.0,3.39,23.87,9.42,87.592
2018-06-11T22:30:00Z,HAD,Harris_Creek_Downstream,38.712517,-76.316803,0.3,7.05,3.37,23.8,9.4,88.037
2018-06-11T22:45:00Z,HAD,Harris_Creek_Downstream,38.712517,-76.316803,0.3,7.08,3.349,23.79,9.4,88.465
2018-06-11T23:00:00Z,HAD,Harris_Creek_Downstream,38.712517,-76.316803,0.3,6.95,3.332,23.82,9.41,86.829
2018-06-11T23:15:00Z,HAD,Harris_Creek_Downstream,38.712517,-76.316803,0.3,6.84,3.323,23.83,9.43,85.528
2018-06-11T23:30:00Z,HAD,Harris_Creek_Downstream,38.712517,-76.316803,0.3,6.83,3.312,23.87,9.44,85.36
2018-06-11T23:45:00Z,HAD,Harris_Creek_Downstream,38.712517,-76.316803,0.3,6.88,3.307,23.88,9.45,86.073
2018-06-12T00:00:00Z,HAD,Harris_Creek_Downstream,38.712517,-76.316803,0.3,6.86,3.303,23.89,9.45,85.889
2018-06-12T00:15:00Z,HAD,Harris_Creek_Downstream,38.712517,-76.316803,0.3,6.74,3.303,23.86,9.46,84.269
2018-06-12T00:30:00Z,HAD,Harris_Creek_Downstream,38.712517,-76.316803,0.3,6.84,3.309,23.83,9.46,85.469
2018-06-12T00:45:00Z,HAD,Harris_Creek_Downstream,38.712517,-76.316803,0.3,6.54,3.32,23.83,9.46,81.693
2018-06-12T01:00:00Z,HAD,Harris_Creek_Downstream,38.712517,-76.316803,0.3,6.72,3.339,23.78,9.46,83.967
2018-06-12T01:15:00Z,HAD,Harris_Creek_Downstream,38.712517,-76.316803,0.3,6.6,3.361,23.77,9.46,82.364
2018-06-12T01:30:00Z,HAD,Harris_Creek_Downstream,38.712517,-76.316803,0.3,6.68,3.395,23.74,9.46,83.304
2018-06-12T01:45:00Z,HAD,Harris_Creek_Downstream,38.712517,-76.316803,0.3,6.59,3.434,23.68,9.44,82.087
2018-06-12T02:00:00Z,HAD,Harris_Creek_Downstream,38.712517,-76.316803,0.3,6.71,3.469,23.66,9.44,83.623
2018-06-12T02:15:00Z,HAD,Harris_Creek_Downstream,38.712517,-76.316803,0.3,6.7,3.512,23.67,9.44,83.497
2018-06-12T02:30:00Z,HAD,Harris_Creek_Downstream,38.712517,-76.316803,0.3,6.76,3.548,23.71,9.44,84.252
2018-06-12T02:45:00Z,HAD,Harris_Creek_Downstream,38.712517,-76.316803,0.3,6.78,3.587,23.38,9.39,84.009
2018-06-12T03:00:00Z,HAD,Harris_Creek_Downstream,38.712517,-76.316803,0.3,6.75,3.628,23.39,9.39,83.681
2018-06-12T03:15:00Z,HAD,Harris_Creek_Downstream,38.712517,-76.316803,0.3,6.92,3.671,23.39,9.38,85.805
2018-06-12T03:30:00Z,HAD,Harris_Creek_Downstream,38.712517,-76.316803,0.3,7.04,3.716,23.37,9.37,87.164
2018-06-12T03:45:00Z,HAD,Harris_Creek_Downstream,38.712517,-76.316803,0.3,7.08,3.754,23.33,9.35,87.668
2018-06-12T04:00:00Z,HAD,Harris_Creek_Downstream,38.712517,-76.316803,0.3,7.13,3.793,23.33,9.35,88.297
2018-06-12T04:15:00Z,HAD,Harris_Creek_Downstream,38.712517,-76.316803,0.3,7.0,3.822,23.35,9.35,86.661
2018-06-12T04:30:00Z,HAD,Harris_Creek_Downstream,38.712517,-76.316803,0.3,7.0,3.854,23.35,9.35,86.72
2018-06-12T04:45:00Z,HAD,Harris_Creek_Downstream,38.712517,-76.316803,0.3,7.09,3.884,23.33,9.35,87.785
2018-06-12T05:00:00Z,HAD,Harris_Creek_Downstream,38.712517,-76.316803,0.3,7.01,3.912,23.31,9.34,86.711
2018-06-12T05:15:00Z,HAD,Harris_Creek_Downstream,38.712517,-76.316803,0.3,6.98,3.938,23.31,9.34,86.342
2018-06-12T05:30:00Z,HAD,Harris_Creek_Downstream,38.712517,-76.316803,0.3,6.94,3.961,23.32,9.34,85.83
2018-06-12T05:45:00Z,HAD,Harris_Creek_Downstream,38.712517,-76.316803,0.3,7.03,3.981,23.3,9.34,86.938
2018-06-12T06:00:00Z,HAD,Harris_Creek_Downstream,38.712517,-76.316803,0.3,6.94,4.002,23.28,9.33,85.78
2018-06-12T06:15:00Z,HAD,Harris_Creek_Downstream,38.712517,-76.316803,0.3,6.87,4.011,23.27,9.33,84.982
2018-06-12T06:30:00Z,HAD,Harris_Creek_Downstream,38.712517,-76.316803,0.3,6.91,4.017,23.24,9.32,85.41
2018-06-12T06:45:00Z,HAD,Harris_Creek_Downstream,38.712517,-76.316803,0.3,6.85,4.021,23.25,9.3,84.689
2018-06-12T07:00:00Z,HAD,Harris_Creek_Downstream,38.712517,-76.316803,0.3,6.92,4.022,23.21,9.3,85.461
2018-06-12T07:15:00Z,HAD,Harris_Creek_Downstream,38.712517,-76.316803,0.3,6.96,4.021,23.21,9.29,85.981
2018-06-12T07:30:00Z,HAD,Harris_Creek_Downstream,38.712517,-76.316803,0.3,6.66,4.016,23.19,9.3,82.23
2018-06-12T07:45:00Z,HAD,Harris_Creek_Downstream,38.712517,-76.316803,0.3,6.51,4.009,23.21,9.29,80.392
2018-06-12T08:00:00Z,HAD,Harris_Creek_Downstream,38.712517,-76.316803,0.3,6.61,3.995,23.21,9.3,81.617
2018-06-12T08:15:00Z,HAD,Harris_Creek_Downstream,38.712517,-76.316803,0.3,6.91,3.979,23.2,9.3,85.276
2018-06-12T08:30:00Z,HAD,Harris_Creek_Downstream,38.712517,-76.316803,0.3,6.72,3.96,23.2,9.3,82.935
2018-06-12T08:45:00Z,HAD,Harris_Creek_Downstream,38.712517,-76.316803,0.3,6.73,3.936,23.2,9.31,83.035
2018-06-12T09:00:00Z,HAD,Harris_Creek_Downstream,38.712517,-76.316803,0.3,6.64,3.914,23.2,9.31,82.003
2018-06-12T09:15:00Z,HAD,Harris_Creek_Downstream,38.712517,-76.316803,0.3,6.84,3.887,23.17,9.32,84.386
2018-06-12T09:30:00Z,HAD,Harris_Creek_Downstream,38.712517,-76.316803,0.3,6.97,3.861,23.16,9.33,85.947
2018-06-12T09:45:00Z,HAD,Harris_Creek_Downstream,38.712517,-76.316803,0.3,6.87,3.834,23.15,9.33,84.806
2018-06-12T10:00:00Z,HAD,Harris_Creek_Downstream,38.712517,-76.316803,0.3,6.92,3.804,23.14,9.34,85.293
2018-06-12T10:15:00Z,HAD,Harris_Creek_Downstream,38.712517,-76.316803,0.3,6.77,3.779,23.13,9.35,83.463
2018-06-12T10:30:00Z,HAD,Harris_Creek_Downstream,38.712517,-76.316803,0.3,6.88,3.752,23.09,9.35,84.814
2018-06-12T10:45:00Z,HAD,Harris_Creek_Downstream,38.712517,-76.316803,0.3,6.56,3.725,23.07,9.36,80.853
2018-06-12T11:00:00Z,HAD,Harris_Creek_Downstream,38.712517,-76.316803,0.3,6.39,3.699,23.06,9.37,78.738
2018-06-12T11:15:00Z,HAD,Harris_Creek_Downstream,38.712517,-76.316803,0.3,6.5,3.675,22.91,9.37,79.846
2018-06-12T11:30:00Z,HAD,Harris_Creek_Downstream,38.712517,-76.316803,0.3,6.4,3.653,22.89,9.39,78.621
2018-06-12T11:45:00Z,HAD,Harris_Creek_Downstream,38.712517,-76.316803,0.3,6.44,3.628,22.87,9.4,79.066
2018-06-12T12:00:00Z,HAD,Harris_Creek_Downstream,38.712517,-76.316803,0.3,6.35,3.61,22.85,9.41,77.891
2018-06-12T12:15:00Z,HAD,Harris_Creek_Downstream,38.712517,-76.316803,0.3,6.29,3.596,22.88,9.43,77.211
2018-06-12T12:30:00Z,HAD,Harris_Creek_Downstream,38.712517,-76.316803,0.3,6.12,3.58,22.9,9.46,75.138
2018-06-12T12:45:00Z,HAD,Harris_Creek_Downstream,38.712517,-76.316803,0.3,6.06,3.566,22.89,9.49,74.433
2018-06-12T13:00:00Z,HAD,Harris_Creek_Downstream,38.712517,-76.316803,0.3,6.01,3.552,22.88,9.5,73.77
2018-06-12T13:15:00Z,HAD,Harris_Creek_Downstream,38.712517,-76.316803,0.3,6.07,3.547,22.88,9.5,74.567
2018-06-12T13:30:00Z,HAD,Harris_Creek_Downstream,38.712517,-76.316803,0.3,6.1,3.535,22.89,9.5,74.97
2018-06-12T13:45:00Z,HAD,Harris_Creek_Downstream,38.712517,-76.316803,0.3,6.09,3.536,22.91,9.5,74.886
2018-06-12T14:00:00Z,HAD,Harris_Creek_Downstream,38.712517,-76.316803,0.3,6.01,3.532,22.93,9.49,73.955
2018-06-12T14:15:00Z,HAD,Harris_Creek_Downstream,38.712517,-76.316803,0.3,6.04,3.539,22.95,9.48,74.282
2018-06-12T14:30:00Z,HAD,Harris_Creek_Downstream,38.712517,-76.316803,0.3,6.08,3.546,22.97,9.47,74.836
2018-06-12T14:45:00Z,HAD,Harris_Creek_Downstream,38.712517,-76.316803,0.3,6.16,3.554,23.01,9.46,75.818
2018-06-12T15:00:00Z,HAD,Harris_Creek_Downstream,38.712517,-76.316803,0.3,6.1,3.569,23.0,9.45,75.088
2018-06-12T15:15:00Z,HAD,Harris_Creek_Downstream,38.712517,-76.316803,0.3,6.11,3.587,22.98,9.45,75.172
2018-06-12T15:30:00Z,HAD,Harris_Creek_Downstream,38.712517,-76.316803,0.3,6.13,3.61,23.01,9.44,75.482
2018-06-12T15:45:00Z,HAD,Harris_Creek_Downstream,38.712517,-76.316803,0.3,6.22,3.634,23.01,9.43,76.556
2018-06-12T16:00:00Z,HAD,Harris_Creek_Downstream,38.712517,-76.316803,0.3,6.23,3.66,23.02,9.42,76.749
2018-06-12T16:15:00Z,HAD,Harris_Creek_Downstream,38.712517,-76.316803,0.3,6.03,3.687,23.05,9.41,74.341
2018-06-12T16:30:00Z,HAD,Harris_Creek_Downstream,38.712517,-76.316803,0.3,6.12,3.71,23.07,9.4,75.415
2018-06-12T16:45:00Z,HAD,Harris_Creek_Downstream,38.712517,-76.316803,0.3,6.16,3.737,23.1,9.39,75.969
2018-06-12T17:00:00Z,HAD,Harris_Creek_Downstream,38.712517,-76.316803,0.3,6.26,3.763,23.12,9.38,77.135
2018-06-12T17:15:00Z,HAD,Harris_Creek_Downstream,38.712517,-76.316803,0.3,6.51,3.788,23.12,9.37,80.299
2018-06-12T17:30:00Z,HAD,Harris_Creek_Downstream,38.712517,-76.316803,0.3,6.96,3.807,23.14,9.37,85.847
2018-06-12T17:45:00Z,HAD,Harris_Creek_Downstream,38.712517,-76.316803,0.3,7.02,3.832,23.14,9.37,86.627
2018-06-12T18:00:00Z,HAD,Harris_Creek_Downstream,38.712517,-76.316803,0.3,6.86,3.843,23.16,9.37,84.596
2018-06-12T18:15:00Z,HAD,Harris_Creek_Downstream,38.712517,-76.316803,0.3,5.85,3.861,23.1,9.41,72.1
2018-06-12T18:30:00Z,HAD,Harris_Creek_Downstream,38.712517,-76.316803,0.3,5.69,3.862,23.07,9.43,70.111
2018-06-12T18:45:00Z,HAD,Harris_Creek_Downstream,38.712517,-76.316803,0.3,5.73,3.865,23.05,9.44,70.598
2018-06-12T19:00:00Z,HAD,Harris_Creek_Downstream,38.712517,-76.316803,0.3,5.61,3.864,23.06,9.45,69.163
2018-06-12T19:15:00Z,HAD,Harris_Creek_Downstream,38.712517,-76.316803,0.3,5.88,3.86,23.06,9.45,72.495
2018-06-12T19:30:00Z,HAD,Harris_Creek_Downstream,38.712517,-76.316803,0.3,6.28,3.85,23.09,9.45,77.438
2018-06-12T19:45:00Z,HAD,Harris_Creek_Downstream,38.712517,-76.316803,0.3,6.37,3.84,23.11,9.46,78.613
2018-06-12T20:00:00Z,HAD,Harris_Creek_Downstream,38.712517,-76.316803,0.3,6.39,3.825,23.13,9.46,78.822
2018-06-12T20:15:00Z,HAD,Harris_Creek_Downstream,38.712517,-76.316803,0.3,6.2,3.808,23.14,9.46,76.531
2018-06-12T20:30:00Z,HAD,Harris_Creek_Downstream,38.712517,-76.316803,0.3,6.12,3.786,23.11,9.47,75.457
2018-06-12T20:45:00Z,HAD,Harris_Creek_Downstream,38.712517,-76.316803,0.3,6.17,3.761,23.09,9.47,76.053
2018-06-12T21:00:00Z,HAD,Harris_Creek_Downstream,38.712517,-76.316803,0.3,6.42,3.738,23.1,9.47,79.141
2018-06-12T21:15:00Z,HAD,Harris_Creek_Downstream,38.712517,-76.316803,0.3,6.68,3.709,23.13,9.47,82.423
2018-06-12T21:30:00Z,HAD,Harris_Creek_Downstream,38.712517,-76.316803,0.3,6.94,3.678,23.2,9.46,85.796
2018-06-12T21:45:00Z,HAD,Harris_Creek_Downstream,38.712517,-76.316803,0.3,6.98,3.65,23.26,9.46,86.333
2018-06-12T22:00:00Z,HAD,Harris_Creek_Downstream,38.712517,-76.316803,0.3,6.97,3.619,23.29,9.45,86.275
2018-06-12T22:15:00Z,HAD,Harris_Creek_Downstream,38.712517,-76.316803,0.3,6.82,3.588,23.3,9.45,84.378
2018-06-12T22:30:00Z,HAD,Harris_Creek_Downstream,38.712517,-76.316803,0.3,6.87,3.554,23.39,9.45,85.117
2018-06-12T22:45:00Z,HAD,Harris_Creek_Downstream,38.712517,-76.316803,0.3,6.8,3.525,23.35,9.47,84.294
2018-06-12T23:00:00Z,HAD,Harris_Creek_Downstream,38.712517,-76.316803,0.3,6.88,3.494,23.29,9.49,85.192
2018-06-12T23:15:00Z,HAD,Harris_Creek_Downstream,38.712517,-76.316803,0.3,6.93,3.475,23.36,9.48,85.822
2018-06-12T23:30:00Z,HAD,Harris_Creek_Downstream,38.712517,-76.316803,0.3,6.92,3.438,23.42,9.47,85.83
2018-06-12T23:45:00Z,HAD,Harris_Creek_Downstream,38.712517,-76.316803,0.3,6.9,3.409,23.52,9.46,85.796
2018-06-13T00:00:00Z,HAD,Harris_Creek_Downstream,38.712517,-76.316803,0.3,6.92,3.39,23.61,9.44,86.208
2018-06-13T00:15:00Z,HAD,Harris_Creek_Downstream,38.712517,-76.316803,0.3,6.91,3.372,23.68,9.43,86.132
2018-06-13T00:30:00Z,HAD,Harris_Creek_Downstream,38.712517,-76.316803,0.3,6.87,3.356,23.7,9.43,85.595
2018-06-13T00:45:00Z,HAD,Harris_Creek_Downstream,38.712517,-76.316803,0.3,6.79,3.344,23.74,9.42,84.663
2018-06-13T01:00:00Z,HAD,Harris_Creek_Downstream,38.712517,-76.316803,0.3,6.87,3.338,23.79,9.4,85.763
2018-06-13T01:15:00Z,HAD,Harris_Creek_Downstream,38.712517,-76.316803,0.3,6.81,3.336,23.81,9.4,85.091
2018-06-13T01:30:00Z,HAD,Harris_Creek_Downstream,38.712517,-76.316803,0.3,7.05,3.338,23.85,9.39,88.104
2018-06-13T01:45:00Z,HAD,Harris_Creek_Downstream,38.712517,-76.316803,0.3,7.08,3.343,23.92,9.38,88.658
2018-06-13T02:00:00Z,HAD,Harris_Creek_Downstream,38.712517,-76.316803,0.3,7.6,3.36,23.97,9.37,95.162
2018-06-13T02:15:00Z,HAD,Harris_Creek_Downstream,38.712517,-76.316803,0.3,7.74,3.374,23.93,9.37,96.874
2018-06-13T02:30:00Z,HAD,Harris_Creek_Downstream,38.712517,-76.316803,0.3,7.52,3.394,23.89,9.38,94.021
2018-06-13T02:45:00Z,HAD,Harris_Creek_Downstream,38.712517,-76.316803,0.3,7.31,3.415,23.7,9.29,91.016
2018-06-13T03:00:00Z,HAD,Harris_Creek_Downstream,38.712517,-76.316803,0.3,7.46,3.446,23.64,9.27,92.838
2018-06-13T03:15:00Z,HAD,Harris_Creek_Downstream,38.712517,-76.316803,0.3,7.55,3.49,23.67,9.24,93.954
2018-06-13T03:30:00Z,HAD,Harris_Creek_Downstream,38.712517,-76.316803,0.3,7.31,3.513,23.42,9.29,90.597
2018-06-13T03:45:00Z,HAD,Harris_Creek_Downstream,38.712517,-76.316803,0.3,7.28,3.549,23.33,9.32,90.102
2018-06-13T04:00:00Z,HAD,Harris_Creek_Downstream,38.712517,-76.316803,0.3,7.4,3.59,23.33,9.34,91.528
2018-06-13T04:15:00Z,HAD,Harris_Creek_Downstream,38.712517,-76.316803,0.3,7.18,3.629,23.29,9.35,88.776
2018-06-13T04:30:00Z,HAD,Harris_Creek_Downstream,38.712517,-76.316803,0.3,7.25,3.672,23.26,9.37,89.615
2018-06-13T04:45:00Z,HAD,Harris_Creek_Downstream,38.712517,-76.316803,0.3,7.26,3.715,23.29,9.36,89.799
2018-06-13T05:00:00Z,HAD,Harris_Creek_Downstream,38.712517,-76.316803,0.3,7.29,3.754,23.32,9.34,90.244
2018-06-13T05:15:00Z,HAD,Harris_Creek_Downstream,38.712517,-76.316803,0.3,7.22,3.794,23.35,9.33,89.413
2018-06-13T05:30:00Z,HAD,Harris_Creek_Downstream,38.712517,-76.316803,0.3,7.31,3.828,23.38,9.33,90.546
2018-06-13T05:45:00Z,HAD,Harris_Creek_Downstream,38.712517,-76.316803,0.3,7.27,3.859,23.42,9.32,90.152
2018-06-13T06:00:00Z,HAD,Harris_Creek_Downstream,38.712517,-76.316803,0.3,7.47,3.885,23.47,9.31,92.695
2018-06-13T06:15:00Z,HAD,Harris_Creek_Downstream,38.712517,-76.316803,0.3,7.34,3.912,23.47,9.31,91.042
2018-06-13T06:30:00Z,HAD,Harris_Creek_Downstream,38.712517,-76.316803,0.3,7.46,3.929,23.42,9.32,92.485
2018-06-13T06:45:00Z,HAD,Harris_Creek_Downstream,38.712517,-76.316803,0.3,7.45,3.942,23.4,9.31,92.342
2018-06-13T07:00:00Z,HAD,Harris_Creek_Downstream,38.712517,-76.316803,0.3,7.51,3.95,23.38,9.31,92.963
2018-06-13T07:15:00Z,HAD,Harris_Creek_Downstream,38.712517,-76.316803,0.3,7.53,3.959,23.37,9.31,93.299
2018-06-13T07:30:00Z,HAD,Harris_Creek_Downstream,38.712517,-76.316803,0.3,7.39,3.959,23.36,9.31,91.512
2018-06-13T07:45:00Z,HAD,Harris_Creek_Downstream,38.712517,-76.316803,0.3,7.45,3.956,23.37,9.31,92.25
2018-06-13T08:00:00Z,HAD,Harris_Creek_Downstream,38.712517,-76.316803,0.3,7.4,3.945,23.35,9.3,91.604
2018-06-13T08:15:00Z,HAD,Harris_Creek_Downstream,38.712517,-76.316803,0.3,7.14,3.937,23.35,9.31,88.339
2018-06-13T08:30:00Z,HAD,Harris_Creek_Downstream,38.712517,-76.316803,0.3,7.05,3.922,23.34,9.31,87.206
2018-06-13T08:45:00Z,HAD,Harris_Creek_Downstream,38.712517,-76.316803,0.3,7.06,3.905,23.34,9.31,87.416
2018-06-13T09:00:00Z,HAD,Harris_Creek_Downstream,38.712517,-76.316803,0.3,6.85,3.887,23.35,9.31,84.806
2018-06-13T09:15:00Z,HAD,Harris_Creek_Downstream,38.712517,-76.316803,0.3,6.99,3.859,23.37,9.32,86.602
2018-06-13T09:30:00Z,HAD,Harris_Creek_Downstream,38.712517,-76.316803,0.3,7.17,3.834,23.35,9.32,88.734
2018-06-13T09:45:00Z,HAD,Harris_Creek_Downstream,38.712517,-76.316803,0.3,7.21,3.804,23.32,9.31,89.229
2018-06-13T10:00:00Z,HAD,Harris_Creek_Downstream,38.712517,-76.316803,0.3,7.04,3.776,23.3,9.32,87.022
2018-06-13T10:15:00Z,HAD,Harris_Creek_Downstream,38.712517,-76.316803,0.3,6.99,3.746,23.27,9.32,86.451
2018-06-13T10:30:00Z,HAD,Harris_Creek_Downstream,38.712517,-76.316803,0.3,6.77,3.709,23.25,9.32,83.614
2018-06-13T10:45:00Z,HAD,Harris_Creek_Downstream,38.712517,-76.316803,0.3,6.61,3.681,23.25,9.32,81.642
2018-06-13T11:00:00Z,HAD,Harris_Creek_Downstream,38.712517,-76.316803,0.3,6.82,3.647,23.22,9.3,84.202
2018-06-13T11:15:00Z,HAD,Harris_Creek_Downstream,38.712517,-76.316803,0.3,6.81,3.613,23.24,9.3,84.16
2018-06-13T11:30:00Z,HAD,Harris_Creek_Downstream,38.712517,-76.316803,0.3,6.79,3.585,23.29,9.31,83.916
2018-06-13T11:45:00Z,HAD,Harris_Creek_Downstream,38.712517,-76.316803,0.3,6.81,3.554,23.3,9.31,84.277
2018-06-13T12:00:00Z,HAD,Harris_Creek_Downstream,38.712517,-76.316803,0.3,6.76,3.522,23.31,9.3,83.648
2018-06-13T12:15:00Z,HAD,Harris_Creek_Downstream,38.712517,-76.316803,0.3,6.78,3.497,23.29,9.29,83.807
2018-06-13T12:30:00Z,HAD,Harris_Creek_Downstream,38.712517,-76.316803,0.3,6.94,3.479,23.3,9.28,85.796
2018-06-13T12:45:00Z,HAD,Harris_Creek_Downstream,38.712517,-76.316803,0.3,6.83,3.45,23.34,9.29,84.538
2018-06-13T13:00:00Z,HAD,Harris_Creek_Downstream,38.712517,-76.316803,0.3,6.79,3.428,23.36,9.29,84.076
2018-06-13T13:15:00Z,HAD,Harris_Creek_Downstream,38.712517,-76.316803,0.3,6.85,3.404,23.39,9.31,84.873
2018-06-13T13:30:00Z,HAD,Harris_Creek_Downstream,38.712517,-76.316803,0.3,6.78,3.382,23.4,9.32,83.975
2018-06-13T13:45:00Z,HAD,Harris_Creek_Downstream,38.712517,-76.316803,0.3,6.83,3.364,23.42,9.33,84.613
2018-06-13T14:00:00Z,HAD,Harris_Creek_Downstream,38.712517,-76.316803,0.3,6.67,3.348,23.43,9.33,82.75
2018-06-13T14:15:00Z,HAD,Harris_Creek_Downstream,38.712517,-76.316803,0.3,6.61,3.333,23.45,9.33,81.986
2018-06-13T14:30:00Z,HAD,Harris_Creek_Downstream,38.712517,-76.316803,0.3,6.58,3.326,23.46,9.33,81.659
2018-06-13T14:45:00Z,HAD,Harris_Creek_Downstream,38.712517,-76.316803,0.3,6.55,3.322,23.47,9.32,81.323
2018-06-13T15:00:00Z,HAD,Harris_Creek_Downstream,38.712517,-76.316803,0.3,6.46,3.32,23.48,9.32,80.182
2018-06-13T15:15:00Z,HAD,Harris_Creek_Downstream,38.712517,-76.316803,0.3,6.55,3.324,23.49,9.31,81.298
2018-06-13T15:30:00Z,HAD,Harris_Creek_Downstream,38.712517,-76.316803,0.3,6.68,3.326,23.51,9.3,82.884
2018-06-13T15:45:00Z,HAD,Harris_Creek_Downstream,38.712517,-76.316803,0.3,6.46,3.341,23.52,9.3,80.257
2018-06-13T16:00:00Z,HAD,Harris_Creek_Downstream,38.712517,-76.316803,0.3,6.58,3.358,23.53,9.31,81.667
2018-06-13T16:15:00Z,HAD,Harris_Creek_Downstream,38.712517,-76.316803,0.3,6.63,3.375,23.58,9.29,82.406
2018-06-13T16:30:00Z,HAD,Harris_Creek_Downstream,38.712517,-76.316803,0.3,6.83,3.394,23.63,9.27,84.907
2018-06-13T16:45:00Z,HAD,Harris_Creek_Downstream,38.712517,-76.316803,0.3,6.87,3.418,23.66,9.27,85.553
2018-06-13T17:00:00Z,HAD,Harris_Creek_Downstream,38.712517,-76.316803,0.3,6.96,3.449,23.68,9.27,86.711
2018-06-13T17:15:00Z,HAD,Harris_Creek_Downstream,38.712517,-76.316803,0.3,7.08,3.469,23.72,9.27,88.222
2018-06-13T17:30:00Z,HAD,Harris_Creek_Downstream,38.712517,-76.316803,0.3,7.06,3.496,23.75,9.29,88.062
2018-06-13T17:45:00Z,HAD,Harris_Creek_Downstream,38.712517,-76.316803,0.3,7.03,3.522,23.75,9.29,87.617
2018-06-13T18:00:00Z,HAD,Harris_Creek_Downstream,38.712517,-76.316803,0.3,7.09,3.548,23.8,9.3,88.482
2018-06-13T18:15:00Z,HAD,Harris_Creek_Downstream,38.712517,-76.316803,0.3,7.15,3.565,23.86,9.31,89.371
2018-06-13T18:30:00Z,HAD,Harris_Creek_Downstream,38.712517,-76.316803,0.3,6.79,3.582,23.82,9.32,84.756
2018-06-13T18:45:00Z,HAD,Harris_Creek_Downstream,38.712517,-76.316803,0.3,7.03,3.6,23.89,9.32,87.936
2018-06-13T19:00:00Z,HAD,Harris_Creek_Downstream,38.712517,-76.316803,0.3,6.17,3.61,23.79,9.34,77.068
2018-06-13T19:15:00Z,HAD,Harris_Creek_Downstream,38.712517,-76.316803,0.3,6.13,3.624,23.78,9.35,76.565
2018-06-13T19:30:00Z,HAD,Harris_Creek_Downstream,38.712517,-76.316803,0.3,6.03,3.631,23.77,9.36,75.281
2018-06-13T19:45:00Z,HAD,Harris_Creek_Downstream,38.712517,-76.316803,0.3,6.35,3.628,23.81,9.36,79.259
2018-06-13T20:00:00Z,HAD,Harris_Creek_Downstream,38.712517,-76.316803,0.3,6.35,3.623,23.82,9.37,79.368
2018-06-13T20:15:00Z,HAD,Harris_Creek_Downstream,38.712517,-76.316803,0.3,6.3,3.617,23.84,9.38,78.73
2018-06-13T20:30:00Z,HAD,Harris_Creek_Downstream,38.712517,-76.316803,0.3,6.21,3.608,23.87,9.38,77.664
2018-06-13T20:45:00Z,HAD,Harris_Creek_Downstream,38.712517,-76.316803,0.3,6.23,3.592,23.9,9.38,78.0
2018-06-13T21:00:00Z,HAD,Harris_Creek_Downstream,38.712517,-76.316803,0.3,6.67,3.575,23.94,9.37,83.547
2018-06-13T21:15:00Z,HAD,Harris_Creek_Downstream,38.712517,-76.316803,0.3,7.25,3.552,24.0,9.34,90.857
2018-06-13T21:30:00Z,HAD,Harris_Creek_Downstream,38.712517,-76.316803,0.3,7.26,3.524,24.03,9.32,91.025
2018-06-13T21:45:00Z,HAD,Harris_Creek_Downstream,38.712517,-76.316803,0.3,6.62,3.501,23.95,9.34,82.909
2018-06-13T22:00:00Z,HAD,Harris_Creek_Downstream,38.712517,-76.316803,0.3,6.81,3.47,23.95,9.38,85.276
2018-06-13T22:15:00Z,HAD,Harris_Creek_Downstream,38.712517,-76.316803,0.3,6.76,3.438,23.91,9.4,84.605
2018-06-13T22:30:00Z,HAD,Harris_Creek_Downstream,38.712517,-76.316803,0.3,6.78,3.403,23.93,9.4,84.89
2018-06-13T22:45:00Z,HAD,Harris_Creek_Downstream,38.712517,-76.316803,0.3,6.86,3.374,23.97,9.4,85.989
2018-06-13T23:00:00Z,HAD,Harris_Creek_Downstream,38.712517,-76.316803,0.3,6.88,3.343,23.98,9.4,86.266
2018-06-13T23:15:00Z,HAD,Harris_Creek_Downstream,38.712517,-76.316803,0.3,6.99,3.313,24.01,9.39,87.634
2018-06-13T23:30:00Z,HAD,Harris_Creek_Downstream,38.712517,-76.316803,0.3,6.84,3.286,24.02,9.39,85.754
2018-06-13T23:45:00Z,HAD,Harris_Creek_Downstream,38.712517,-76.316803,0.3,6.85,3.258,24.04,9.38,85.931
2018-06-14T00:00:00Z,HAD,Harris_Creek_Downstream,38.712517,-76.316803,0.3,6.92,3.229,24.06,9.37,86.887
2018-06-14T00:15:00Z,HAD,Harris_Creek_Downstream,38.712517,-76.316803,0.3,6.83,3.201,24.06,9.37,85.696
2018-06-14T00:30:00Z,HAD,Harris_Creek_Downstream,38.712517,-76.316803,0.3,6.88,3.174,24.08,9.36,86.308
2018-06-14T00:45:00Z,HAD,Harris_Creek_Downstream,38.712517,-76.316803,0.3,6.82,3.152,24.11,9.35,85.637
2018-06-14T01:00:00Z,HAD,Harris_Creek_Downstream,38.712517,-76.316803,0.3,6.8,3.13,24.15,9.34,85.444
2018-06-14T01:15:00Z,HAD,Harris_Creek_Downstream,38.712517,-76.316803,0.3,6.75,3.108,24.16,9.35,84.823
2018-06-14T01:30:00Z,HAD,Harris_Creek_Downstream,38.712517,-76.316803,0.3,6.5,3.094,24.17,9.35,81.676
2018-06-14T01:45:00Z,HAD,Harris_Creek_Downstream,38.712517,-76.316803,0.3,6.44,3.079,24.18,9.34,80.937
2018-06-14T02:00:00Z,HAD,Harris_Creek_Downstream,38.712517,-76.316803,0.3,6.18,3.07,24.18,9.35,77.681
2018-06-14T02:15:00Z,HAD,Harris_Creek_Downstream,38.712517,-76.316803,0.3,6.23,3.066,24.19,9.34,78.344
2018-06-14T02:30:00Z,HAD,Harris_Creek_Downstream,38.712517,-76.316803,0.3,6.04,3.067,24.2,9.33,76.019
2018-06-14T02:45:00Z,HAD,Harris_Creek_Downstream,38.712517,-76.316803,0.3,6.13,3.073,24.21,9.32,77.119
2018-06-14T03:00:00Z,HAD,Harris_Creek_Downstream,38.712517,-76.316803,0.3,6.61,3.085,24.21,9.3,83.136
2018-06-14T03:15:00Z,HAD,Harris_Creek_Downstream,38.712517,-76.316803,0.3,7.41,3.106,24.21,9.24,93.207
2018-06-14T03:30:00Z,HAD,Harris_Creek_Downstream,38.712517,-76.316803,0.3,7.44,3.129,24.17,9.24,93.475
2018-06-14T03:45:00Z,HAD,Harris_Creek_Downstream,38.712517,-76.316803,0.3,7.05,3.159,24.14,9.26,88.482
2018-06-14T04:00:00Z,HAD,Harris_Creek_Downstream,38.712517,-76.316803,0.3,6.95,3.189,24.15,9.28,87.299
2018-06-14T04:15:00Z,HAD,Harris_Creek_Downstream,38.712517,-76.316803,0.3,7.04,3.224,24.14,9.3,88.44
2018-06-14T04:30:00Z,HAD,Harris_Creek_Downstream,38.712517,-76.316803,0.3,7.07,3.261,24.12,9.3,88.717
2018-06-14T04:45:00Z,HAD,Harris_Creek_Downstream,38.712517,-76.316803,0.3,7.05,3.305,24.1,9.3,88.465
2018-06-14T05:00:00Z,HAD,Harris_Creek_Downstream,38.712517,-76.316803,0.3,7.09,3.348,24.07,9.3,88.918
2018-06-14T05:15:00Z,HAD,Harris_Creek_Downstream,38.712517,-76.316803,0.3,7.12,3.391,24.06,9.3,89.262
2018-06-14T05:30:00Z,HAD,Harris_Creek_Downstream,38.712517,-76.316803,0.3,7.09,3.429,24.06,9.29,88.918
2018-06-14T05:45:00Z,HAD,Harris_Creek_Downstream,38.712517,-76.316803,0.3,7.07,3.487,24.08,9.29,88.734
2018-06-14T06:00:00Z,HAD,Harris_Creek_Downstream,38.712517,-76.316803,0.3,7.11,3.511,24.09,9.28,89.195
2018-06-14T06:15:00Z,HAD,Harris_Creek_Downstream,38.712517,-76.316803,0.3,7.07,3.543,24.09,9.28,88.708
2018-06-14T06:30:00Z,HAD,Harris_Creek_Downstream,38.712517,-76.316803,0.3,7.14,3.578,24.09,9.28,89.598
2018-06-14T06:45:00Z,HAD,Harris_Creek_Downstream,38.712517,-76.316803,0.3,7.27,3.61,24.1,9.28,91.251
2018-06-14T07:00:00Z,HAD,Harris_Creek_Downstream,38.712517,-76.316803,0.3,7.33,3.636,24.1,9.27,91.956
2018-06-14T07:15:00Z,HAD,Harris_Creek_Downstream,38.712517,-76.316803,0.3,7.36,3.66,24.1,9.28,92.376
2018-06-14T07:30:00Z,HAD,Harris_Creek_Downstream,38.712517,-76.316803,0.3,7.49,3.676,24.11,9.27,93.979
2018-06-14T07:45:00Z,HAD,Harris_Creek_Downstream,38.712517,-76.316803,0.3,7.32,3.694,24.11,9.28,91.847
2018-06-14T08:00:00Z,HAD,Harris_Creek_Downstream,38.712517,-76.316803,0.3,7.18,3.701,24.11,9.29,90.169
2018-06-14T08:15:00Z,HAD,Harris_Creek_Downstream,38.712517,-76.316803,0.3,7.24,3.707,24.11,9.28,90.916
2018-06-14T08:30:00Z,HAD,Harris_Creek_Downstream,38.712517,-76.316803,0.3,7.22,3.71,24.11,9.29,90.614
2018-06-14T08:45:00Z,HAD,Harris_Creek_Downstream,38.712517,-76.316803,0.3,7.0,3.711,24.1,9.29,87.794
2018-06-14T09:00:00Z,HAD,Harris_Creek_Downstream,38.712517,-76.316803,0.3,7.19,3.706,24.09,9.28,90.269
2018-06-14T09:15:00Z,HAD,Harris_Creek_Downstream,38.712517,-76.316803,0.3,7.03,3.695,24.09,9.29,88.264
2018-06-14T09:30:00Z,HAD,Harris_Creek_Downstream,38.712517,-76.316803,0.3,7.07,3.682,24.09,9.29,88.667
2018-06-14T09:45:00Z,HAD,Harris_Creek_Downstream,38.712517,-76.316803,0.3,6.5,3.663,24.08,9.29,81.592
2018-06-14T10:00:00Z,HAD,Harris_Creek_Downstream,38.712517,-76.316803,0.3,6.64,3.642,24.07,9.28,83.337
2018-06-14T10:15:00Z,HAD,Harris_Creek_Downstream,38.712517,-76.316803,0.3,6.87,3.616,24.06,9.27,86.082
2018-06-14T10:30:00Z,HAD,Harris_Creek_Downstream,38.712517,-76.316803,0.3,7.19,3.588,24.05,9.27,90.118
2018-06-14T10:45:00Z,HAD,Harris_Creek_Downstream,38.712517,-76.316803,0.3,7.12,3.558,24.03,9.25,89.237
2018-06-14T11:00:00Z,HAD,Harris_Creek_Downstream,38.712517,-76.316803,0.3,7.09,3.528,24.03,9.22,88.834
2018-06-14T11:15:00Z,HAD,Harris_Creek_Downstream,38.712517,-76.316803,0.3,7.21,3.504,24.03,9.22,90.379
2018-06-14T11:30:00Z,HAD,Harris_Creek_Downstream,38.712517,-76.316803,0.3,7.1,3.482,24.04,9.23,88.977
2018-06-14T11:45:00Z,HAD,Harris_Creek_Downstream,38.712517,-76.316803,0.3,7.15,3.454,24.04,9.23,89.565
2018-06-14T12:00:00Z,HAD,Harris_Creek_Downstream,38.712517,-76.316803,0.3,7.08,3.421,24.05,9.24,88.75
2018-06-14T12:15:00Z,HAD,Harris_Creek_Downstream,38.712517,-76.316803,0.3,6.89,3.387,24.05,9.24,86.409
2018-06-14T12:30:00Z,HAD,Harris_Creek_Downstream,38.712517,-76.316803,0.3,6.75,3.356,24.06,9.24,84.621
2018-06-14T12:45:00Z,HAD,Harris_Creek_Downstream,38.712517,-76.316803,0.3,6.77,3.328,24.07,9.24,84.915
2018-06-14T13:00:00Z,HAD,Harris_Creek_Downstream,38.712517,-76.316803,0.3,6.94,3.305,24.08,9.23,86.963
2018-06-14T13:15:00Z,HAD,Harris_Creek_Downstream,38.712517,-76.316803,0.3,6.97,3.277,24.08,9.23,87.349
2018-06-14T13:30:00Z,HAD,Harris_Creek_Downstream,38.712517,-76.316803,0.3,7.03,3.249,24.1,9.22,88.129
2018-06-14T13:45:00Z,HAD,Harris_Creek_Downstream,38.712517,-76.316803,0.3,7.09,3.226,24.13,9.23,89.036
2018-06-14T14:00:00Z,HAD,Harris_Creek_Downstream,38.712517,-76.316803,0.3,6.99,3.206,24.17,9.23,87.844
2018-06-14T14:15:00Z,HAD,Harris_Creek_Downstream,38.712517,-76.316803,0.3,6.83,3.189,24.2,9.24,85.914
2018-06-14T14:30:00Z,HAD,Harris_Creek_Downstream,38.712517,-76.316803,0.3,6.88,3.163,24.25,9.25,86.568
2018-06-14T14:45:00Z,HAD,Harris_Creek_Downstream,38.712517,-76.316803,0.3,6.57,3.143,24.26,9.25,82.725
2018-06-14T15:00:00Z,HAD,Harris_Creek_Downstream,38.712517,-76.316803,0.3,6.64,3.125,24.29,9.25,83.556
2018-06-14T15:15:00Z,HAD,Harris_Creek_Downstream,38.712517,-76.316803,0.3,6.72,3.109,24.31,9.26,84.663
2018-06-14T15:30:00Z,HAD,Harris_Creek_Downstream,38.712517,-76.316803,0.3,6.71,3.1,24.32,9.26,84.512
2018-06-14T15:45:00Z,HAD,Harris_Creek_Downstream,38.712517,-76.316803,0.3,6.65,3.085,24.36,9.26,83.791
2018-06-14T16:00:00Z,HAD,Harris_Creek_Downstream,38.712517,-76.316803,0.3,6.77,3.083,24.38,9.26,85.352
2018-06-14T16:15:00Z,HAD,Harris_Creek_Downstream,38.712517,-76.316803,0.3,6.88,3.087,24.37,9.26,86.745
2018-06-14T16:30:00Z,HAD,Harris_Creek_Downstream,38.712517,-76.316803,0.3,6.94,3.095,24.3,9.25,87.399
2018-06-14T16:45:00Z,HAD,Harris_Creek_Downstream,38.712517,-76.316803,0.3,7.12,3.104,24.26,9.24,89.606
2018-06-14T17:00:00Z,HAD,Harris_Creek_Downstream,38.712517,-76.316803,0.3,7.05,3.118,24.24,9.23,88.683
2018-06-14T17:15:00Z,HAD,Harris_Creek_Downstream,38.712517,-76.316803,0.3,7.06,3.135,24.24,9.24,88.834
2018-06-14T17:30:00Z,HAD,Harris_Creek_Downstream,38.712517,-76.316803,0.3,7.16,3.156,24.28,9.24,90.11
2018-06-14T17:45:00Z,HAD,Harris_Creek_Downstream,38.712517,-76.316803,0.3,7.19,3.186,24.31,9.24,90.563
2018-06-14T18:00:00Z,HAD,Harris_Creek_Downstream,38.712517,-76.316803,0.3,7.39,3.21,24.34,9.24,93.089
2018-06-14T18:15:00Z,HAD,Harris_Creek_Downstream,38.712517,-76.316803,0.3,7.48,3.238,24.37,9.24,94.323
2018-06-14T18:30:00Z,HAD,Harris_Creek_Downstream,38.712517,-76.316803,0.3,7.5,3.264,24.38,9.25,94.642
2018-06-14T18:45:00Z,HAD,Harris_Creek_Downstream,38.712517,-76.316803,0.3,7.55,3.29,24.4,9.25,95.238
2018-06-14T19:00:00Z,HAD,Harris_Creek_Downstream,38.712517,-76.316803,0.3,7.62,3.31,24.39,9.26,96.136
2018-06-14T19:15:00Z,HAD,Harris_Creek_Downstream,38.712517,-76.316803,0.3,7.63,3.329,24.4,9.26,96.211
2018-06-14T19:30:00Z,HAD,Harris_Creek_Downstream,38.712517,-76.316803,0.3,7.55,3.352,24.41,9.27,95.338
2018-06-14T19:45:00Z,HAD,Harris_Creek_Downstream,38.712517,-76.316803,0.3,7.64,3.37,24.42,9.27,96.446
2018-06-14T20:00:00Z,HAD,Harris_Creek_Downstream,38.712517,-76.316803,0.3,7.5,3.387,24.42,9.27,94.675
2018-06-14T20:15:00Z,HAD,Harris_Creek_Downstream,38.712517,-76.316803,0.3,7.41,3.395,24.43,9.28,93.517
2018-06-14T20:30:00Z,HAD,Harris_Creek_Downstream,38.712517,-76.316803,0.3,7.36,3.4,24.44,9.29,92.955
2018-06-14T20:45:00Z,HAD,Harris_Creek_Downstream,38.712517,-76.316803,0.3,7.35,3.405,24.47,9.29,92.879
2018-06-14T21:00:00Z,HAD,Harris_Creek_Downstream,38.712517,-76.316803,0.3,7.3,3.405,24.49,9.28,92.317
2018-06-14T21:15:00Z,HAD,Harris_Creek_Downstream,38.712517,-76.316803,0.3,7.25,3.402,24.5,9.28,91.637
2018-06-14T21:30:00Z,HAD,Harris_Creek_Downstream,38.712517,-76.316803,0.3,7.14,3.389,24.51,9.28,90.228
2018-06-14T21:45:00Z,HAD,Harris_Creek_Downstream,38.712517,-76.316803,0.3,7.07,3.375,24.52,9.29,89.447
2018-06-14T22:00:00Z,HAD,Harris_Creek_Downstream,38.712517,-76.316803,0.3,6.95,3.358,24.53,9.29,87.92
2018-06-14T22:15:00Z,HAD,Harris_Creek_Downstream,38.712517,-76.316803,0.3,6.95,3.331,24.53,9.29,87.962
2018-06-14T22:30:00Z,HAD,Harris_Creek_Downstream,38.712517,-76.316803,0.3,7.06,3.309,24.54,9.29,89.355
2018-06-14T22:45:00Z,HAD,Harris_Creek_Downstream,38.712517,-76.316803,0.3,6.96,3.281,24.55,9.29,88.062
2018-06-14T23:00:00Z,HAD,Harris_Creek_Downstream,38.712517,-76.316803,0.3,6.7,3.254,24.57,9.28,84.756
2018-06-14T23:15:00Z,HAD,Harris_Creek_Downstream,38.712517,-76.316803,0.3,6.9,3.226,24.6,9.28,87.341
2018-06-14T23:30:00Z,HAD,Harris_Creek_Downstream,38.712517,-76.316803,0.3,6.9,3.197,24.63,9.27,87.458
2018-06-14T23:45:00Z,HAD,Harris_Creek_Downstream,38.712517,-76.316803,0.3,6.69,3.169,24.61,9.27,84.697
2018-06-15T00:00:00Z,HAD,Harris_Creek_Downstream,38.712517,-76.316803,0.3,6.72,3.138,24.6,9.26,85.033
2018-06-15T00:15:00Z,HAD,Harris_Creek_Downstream,38.712517,-76.316803,0.3,7.03,3.108,24.51,9.27,88.818
2018-06-15T00:30:00Z,HAD,Harris_Creek_Downstream,38.712517,-76.316803,0.3,7.13,3.078,24.51,9.27,90.093
2018-06-15T00:45:00Z,HAD,Harris_Creek_Downstream,38.712517,-76.316803,0.3,7.1,3.052,24.51,9.27,89.825
2018-06-15T01:00:00Z,HAD,Harris_Creek_Downstream,38.712517,-76.316803,0.3,6.88,3.025,24.51,9.28,86.996
2018-06-15T01:15:00Z,HAD,Harris_Creek_Downstream,38.712517,-76.316803,0.3,6.93,3.002,24.58,9.27,87.743
2018-06-15T01:30:00Z,HAD,Harris_Creek_Downstream,38.712517,-76.316803,0.3,6.93,2.98,24.62,9.27,87.785
2018-06-15T01:45:00Z,HAD,Harris_Creek_Downstream,38.712517,-76.316803,0.3,6.8,2.961,24.61,9.28,86.082
2018-06-15T02:00:00Z,HAD,Harris_Creek_Downstream,38.712517,-76.316803,0.3,6.96,2.945,24.64,9.28,88.222
2018-06-15T02:15:00Z,HAD,Harris_Creek_Downstream,38.712517,-76.316803,0.3,6.92,2.93,24.66,9.27,87.735
2018-06-15T02:30:00Z,HAD,Harris_Creek_Downstream,38.712517,-76.316803,0.3,7.08,2.921,24.7,9.28,89.825
2018-06-15T02:45:00Z,HAD,Harris_Creek_Downstream,38.712517,-76.316803,0.3,6.73,2.914,24.69,9.28,85.377
2018-06-15T03:00:00Z,HAD,Harris_Creek_Downstream,38.712517,-76.316803,0.3,6.52,2.909,24.7,9.28,82.691
2018-06-15T03:15:00Z,HAD,Harris_Creek_Downstream,38.712517,-76.316803,0.3,6.31,2.915,24.7,9.28,80.048
2018-06-15T03:30:00Z,HAD,Harris_Creek_Downstream,38.712517,-76.316803,0.3,6.22,2.926,24.74,9.28,79.015
2018-06-15T03:45:00Z,HAD,Harris_Creek_Downstream,38.712517,-76.316803,0.3,6.35,2.942,24.69,9.29,80.61
2018-06-15T04:00:00Z,HAD,Harris_Creek_Downstream,38.712517,-76.316803,0.3,6.5,2.963,24.68,9.28,82.406
2018-06-15T04:15:00Z,HAD,Harris_Creek_Downstream,38.712517,-76.316803,0.3,6.51,2.992,24.65,9.28,82.49
2018-06-15T04:30:00Z,HAD,Harris_Creek_Downstream,38.712517,-76.316803,0.3,6.96,3.023,24.66,9.28,88.264
2018-06-15T04:45:00Z,HAD,Harris_Creek_Downstream,38.712517,-76.316803,0.3,6.79,3.053,24.65,9.27,86.015
2018-06-15T05:00:00Z,HAD,Harris_Creek_Downstream,38.712517,-76.316803,0.3,6.77,3.089,24.58,9.26,85.696
2018-06-15T05:15:00Z,HAD,Harris_Creek_Downstream,38.712517,-76.316803,0.3,6.88,3.125,24.5,9.23,86.988
2018-06-15T05:30:00Z,HAD,Harris_Creek_Downstream,38.712517,-76.316803,0.3,6.85,3.166,24.49,9.24,86.619
2018-06-15T05:45:00Z,HAD,Harris_Creek_Downstream,38.712517,-76.316803,0.3,6.74,3.209,24.42,9.21,85.058
2018-06-15T06:00:00Z,HAD,Harris_Creek_Downstream,38.712517,-76.316803,0.3,6.83,3.253,24.4,9.21,86.174
2018-06-15T06:15:00Z,HAD,Harris_Creek_Downstream,38.712517,-76.316803,0.3,6.99,3.297,24.39,9.22,88.188
2018-06-15T06:30:00Z,HAD,Harris_Creek_Downstream,38.712517,-76.316803,0.3,7.21,3.337,24.39,9.24,90.974
2018-06-15T06:45:00Z,HAD,Harris_Creek_Downstream,38.712517,-76.316803,0.3,7.22,3.373,24.41,9.24,91.075
2018-06-15T07:00:00Z,HAD,Harris_Creek_Downstream,38.712517,-76.316803,0.3,7.27,3.407,24.38,9.24,91.663
2018-06-15T07:15:00Z,HAD,Harris_Creek_Downstream,38.712517,-76.316803,0.3,7.33,3.438,24.35,9.24,92.342
2018-06-15T07:30:00Z,HAD,Harris_Creek_Downstream,38.712517,-76.316803,0.3,7.28,3.488,24.3,9.24,91.671
2018-06-15T07:45:00Z,HAD,Harris_Creek_Downstream,38.712517,-76.316803,0.3,7.07,3.502,24.27,9.24,88.994
2018-06-15T08:00:00Z,HAD,Harris_Creek_Downstream,38.712517,-76.316803,0.3,7.04,3.525,24.29,9.23,88.675
2018-06-15T08:15:00Z,HAD,Harris_Creek_Downstream,38.712517,-76.316803,0.3,6.9,3.542,24.28,9.23,86.812
2018-06-15T08:30:00Z,HAD,Harris_Creek_Downstream,38.712517,-76.316803,0.3,7.23,3.556,24.19,9.21,90.84
2018-06-15T08:45:00Z,HAD,Harris_Creek_Downstream,38.712517,-76.316803,0.3,6.94,3.573,24.16,9.19,87.164
2018-06-15T09:00:00Z,HAD,Harris_Creek_Downstream,38.712517,-76.316803,0.3,6.63,3.581,24.13,9.18,83.212
2018-06-15T09:15:00Z,HAD,Harris_Creek_Downstream,38.712517,-76.316803,0.3,7.09,3.586,24.07,9.16,88.885
2018-06-15T09:30:00Z,HAD,Harris_Creek_Downstream,38.712517,-76.316803,0.3,6.85,3.589,24.06,9.16,85.889
2018-06-15T09:45:00Z,HAD,Harris_Creek_Downstream,38.712517,-76.316803,0.3,6.88,3.59,23.99,9.12,86.115
2018-06-15T10:00:00Z,HAD,Harris_Creek_Downstream,38.712517,-76.316803,0.3,6.61,3.593,23.99,9.13,82.666
2018-06-15T10:15:00Z,HAD,Harris_Creek_Downstream,38.712517,-76.316803,0.3,6.86,3.582,23.97,9.13,85.855
2018-06-15T10:30:00Z,HAD,Harris_Creek_Downstream,38.712517,-76.316803,0.3,6.95,3.569,23.97,9.14,86.913
2018-06-15T10:45:00Z,HAD,Harris_Creek_Downstream,38.712517,-76.316803,0.3,6.52,3.557,23.98,9.15,81.541
2018-06-15T11:00:00Z,HAD,Harris_Creek_Downstream,38.712517,-76.316803,0.3,6.77,3.537,24.0,9.15,84.722
2018-06-15T11:15:00Z,HAD,Harris_Creek_Downstream,38.712517,-76.316803,0.3,6.98,3.521,23.98,9.17,87.315
2018-06-15T11:30:00Z,HAD,Harris_Creek_Downstream,38.712517,-76.316803,0.3,6.88,3.505,23.98,9.17,86.107
2018-06-15T11:45:00Z,HAD,Harris_Creek_Downstream,38.712517,-76.316803,0.3,6.61,3.482,23.94,9.16,82.632
2018-06-15T12:00:00Z,HAD,Harris_Creek_Downstream,38.712517,-76.316803,0.3,6.89,3.461,24.0,9.18,86.258
2018-06-15T12:15:00Z,HAD,Harris_Creek_Downstream,38.712517,-76.316803,0.3,7.01,3.427,24.06,9.19,87.92
2018-06-15T12:30:00Z,HAD,Harris_Creek_Downstream,38.712517,-76.316803,0.3,6.88,3.398,24.06,9.16,86.199
2018-06-15T12:45:00Z,HAD,Harris_Creek_Downstream,38.712517,-76.316803,0.3,6.78,3.369,24.06,9.13,84.949
2018-06-15T13:00:00Z,HAD,Harris_Creek_Downstream,38.712517,-76.316803,0.3,6.88,3.341,24.08,9.11,86.233
2018-06-15T13:15:00Z,HAD,Harris_Creek_Downstream,38.712517,-76.316803,0.3,6.95,3.312,24.1,9.12,87.173
2018-06-15T13:30:00Z,HAD,Harris_Creek_Downstream,38.712517,-76.316803,0.3,6.87,3.28,24.12,9.12,86.191
2018-06-15T13:45:00Z,HAD,Harris_Creek_Downstream,38.712517,-76.316803,0.3,6.72,3.253,24.14,9.12,84.303
2018-06-15T14:00:00Z,HAD,Harris_Creek_Downstream,38.712517,-76.316803,0.3,6.89,3.224,24.18,9.13,86.451
2018-06-15T14:15:00Z,HAD,Harris_Creek_Downstream,38.712517,-76.316803,0.3,6.91,3.201,24.21,9.13,86.845
2018-06-15T14:30:00Z,HAD,Harris_Creek_Downstream,38.712517,-76.316803,0.3,6.78,3.176,24.24,9.13,85.217
2018-06-15T14:45:00Z,HAD,Harris_Creek_Downstream,38.712517,-76.316803,0.3,6.94,3.155,24.27,9.13,87.29
2018-06-15T15:00:00Z,HAD,Harris_Creek_Downstream,38.712517,-76.316803,0.3,6.67,3.138,24.29,9.13,83.916
2018-06-15T15:15:00Z,HAD,Harris_Creek_Downstream,38.712517,-76.316803,0.3,6.64,3.12,24.3,9.14,83.606
2018-06-15T15:30:00Z,HAD,Harris_Creek_Downstream,38.712517,-76.316803,0.3,6.75,3.109,24.34,9.14,84.966
2018-06-15T15:45:00Z,HAD,Harris_Creek_Downstream,38.712517,-76.316803,0.3,6.6,3.092,24.36,9.14,83.212
2018-06-15T16:00:00Z,HAD,Harris_Creek_Downstream,38.712517,-76.316803,0.3,6.63,3.081,24.38,9.14,83.606
2018-06-15T16:15:00Z,HAD,Harris_Creek_Downstream,38.712517,-76.316803,0.3,6.57,3.072,24.39,9.14,82.859
2018-06-15T16:30:00Z,HAD,Harris_Creek_Downstream,38.712517,-76.316803,0.3,6.48,3.072,24.39,9.14,81.684
2018-06-15T16:45:00Z,HAD,Harris_Creek_Downstream,38.712517,-76.316803,0.3,6.63,3.071,24.36,9.14,83.497
2018-06-15T17:00:00Z,HAD,Harris_Creek_Downstream,38.712517,-76.316803,0.3,6.43,3.077,24.36,9.14,81.046
2018-06-15T17:15:00Z,HAD,Harris_Creek_Downstream,38.712517,-76.316803,0.3,6.34,3.089,24.34,9.14,79.888
2018-06-15T17:30:00Z,HAD,Harris_Creek_Downstream,38.712517,-76.316803,0.3,6.43,3.104,24.32,9.14,80.937
2018-06-15T17:45:00Z,HAD,Harris_Creek_Downstream,38.712517,-76.316803,0.3,6.74,3.121,24.3,9.13,84.873
2018-06-15T18:00:00Z,HAD,Harris_Creek_Downstream,38.712517,-76.316803,0.3,6.75,3.144,24.29,9.13,84.898
2018-06-15T18:15:00Z,HAD,Harris_Creek_Downstream,38.712517,-76.316803,0.3,6.74,3.167,24.3,9.13,84.789
2018-06-15T18:30:00Z,HAD,Harris_Creek_Downstream,38.712517,-76.316803,0.3,6.68,3.2,24.34,9.12,84.143
2018-06-15T18:45:00Z,HAD,Harris_Creek_Downstream,38.712517,-76.316803,0.3,6.7,3.23,24.35,9.12,84.353
2018-06-15T19:00:00Z,HAD,Harris_Creek_Downstream,38.712517,-76.316803,0.3,6.8,3.262,24.38,9.12,85.746
2018-06-15T19:15:00Z,HAD,Harris_Creek_Downstream,38.712517,-76.316803,0.3,7.04,3.291,24.42,9.11,88.809
2018-06-15T19:30:00Z,HAD,Harris_Creek_Downstream,38.712517,-76.316803,0.3,7.08,3.326,24.45,9.11,89.313
2018-06-15T19:45:00Z,HAD,Harris_Creek_Downstream,38.712517,-76.316803,0.3,7.06,3.353,24.46,9.12,89.095
2018-06-15T20:00:00Z,HAD,Harris_Creek_Downstream,38.712517,-76.316803,0.3,7.13,3.384,24.49,9.12,90.06
2018-06-15T20:15:00Z,HAD,Harris_Creek_Downstream,38.712517,-76.316803,0.3,7.17,3.409,24.54,9.13,90.639
2018-06-15T20:30:00Z,HAD,Harris_Creek_Downstream,38.712517,-76.316803,0.3,7.23,3.435,24.59,9.13,91.512
2018-06-15T20:45:00Z,HAD,Harris_Creek_Downstream,38.712517,-76.316803,0.3,7.25,3.453,24.57,9.14,91.738
2018-06-15T21:00:00Z,HAD,Harris_Creek_Downstream,38.712517,-76.316803,0.3,7.11,3.487,24.59,9.15,89.976
2018-06-15T21:15:00Z,HAD,Harris_Creek_Downstream,38.712517,-76.316803,0.3,7.12,3.496,24.61,9.16,90.102
2018-06-15T21:30:00Z,HAD,Harris_Creek_Downstream,38.712517,-76.316803,0.3,7.16,3.505,24.63,9.16,90.656
2018-06-15T21:45:00Z,HAD,Harris_Creek_Downstream,38.712517,-76.316803,0.3,7.09,3.504,24.61,9.16,89.791
2018-06-15T22:00:00Z,HAD,Harris_Creek_Downstream,38.712517,-76.316803,0.3,6.67,3.509,24.6,9.16,84.454
2018-06-15T22:15:00Z,HAD,Harris_Creek_Downstream,38.712517,-76.316803,0.3,6.74,3.511,24.58,9.17,85.301
2018-06-15T22:30:00Z,HAD,Harris_Creek_Downstream,38.712517,-76.316803,0.3,6.73,3.502,24.57,9.17,85.133
2018-06-15T22:45:00Z,HAD,Harris_Creek_Downstream,38.712517,-76.316803,0.3,6.38,3.497,24.57,9.17,80.66
2018-06-15T23:00:00Z,HAD,Harris_Creek_Downstream,38.712517,-76.316803,0.3,6.38,3.476,24.56,9.17,80.66
2018-06-15T23:15:00Z,HAD,Harris_Creek_Downstream,38.712517,-76.316803,0.3,6.11,3.462,24.56,9.17,77.27
2018-06-15T23:30:00Z,HAD,Harris_Creek_Downstream,38.712517,-76.316803,0.3,6.0,3.437,24.57,9.17,75.843
2018-06-15T23:45:00Z,HAD,Harris_Creek_Downstream,38.712517,-76.316803,0.3,6.15,3.417,24.57,9.17,77.79
2018-06-16T00:00:00Z,HAD,Harris_Creek_Downstream,38.712517,-76.316803,0.3,6.14,3.395,24.61,9.17,77.664
2018-06-16T00:15:00Z,HAD,Harris_Creek_Downstream,38.712517,-76.316803,0.3,5.99,3.369,24.61,9.17,75.776
2018-06-16T00:30:00Z,HAD,Harris_Creek_Downstream,38.712517,-76.316803,0.3,6.89,3.343,24.64,9.16,87.24
2018-06-16T00:45:00Z,HAD,Harris_Creek_Downstream,38.712517,-76.316803,0.3,6.66,3.315,24.53,9.17,84.126
2018-06-16T01:00:00Z,HAD,Harris_Creek_Downstream,38.712517,-76.316803,0.3,6.9,3.287,24.48,9.18,87.08
2018-06-16T01:15:00Z,HAD,Harris_Creek_Downstream,38.712517,-76.316803,0.3,7.15,3.261,24.45,9.17,90.228
2018-06-16T01:30:00Z,HAD,Harris_Creek_Downstream,38.712517,-76.316803,0.3,7.13,3.229,24.45,9.17,89.934
2018-06-16T01:45:00Z,HAD,Harris_Creek_Downstream,38.712517,-76.316803,0.3,7.28,3.201,24.49,9.16,91.889
2018-06-16T02:00:00Z,HAD,Harris_Creek_Downstream,38.712517,-76.316803,0.3,7.31,3.173,24.53,9.14,92.435
2018-06-16T02:15:00Z,HAD,Harris_Creek_Downstream,38.712517,-76.316803,0.3,7.37,3.148,24.58,9.13,93.232
2018-06-16T02:30:00Z,HAD,Harris_Creek_Downstream,38.712517,-76.316803,0.3,7.44,3.124,24.62,9.12,94.164
2018-06-16T02:45:00Z,HAD,Harris_Creek_Downstream,38.712517,-76.316803,0.3,7.48,3.101,24.71,9.14,94.877
2018-06-16T03:00:00Z,HAD,Harris_Creek_Downstream,38.712517,-76.316803,0.3,7.44,3.083,24.79,9.18,94.491
2018-06-16T03:15:00Z,HAD,Harris_Creek_Downstream,38.712517,-76.316803,0.3,7.45,3.068,24.81,9.2,94.642
2018-06-16T03:30:00Z,HAD,Harris_Creek_Downstream,38.712517,-76.316803,0.3,7.26,3.059,24.84,9.2,92.292
2018-06-16T03:45:00Z,HAD,Harris_Creek_Downstream,38.712517,-76.316803,0.3,7.35,3.055,24.85,9.21,93.425
2018-06-16T04:00:00Z,HAD,Harris_Creek_Downstream,38.712517,-76.316803,0.3,7.0,3.052,24.86,9.22,88.985
2018-06-16T04:15:00Z,HAD,Harris_Creek_Downstream,38.712517,-76.316803,0.3,7.13,3.058,24.84,9.23,90.664
2018-06-16T04:30:00Z,HAD,Harris_Creek_Downstream,38.712517,-76.316803,0.3,6.83,3.069,24.84,9.23,86.896
2018-06-16T04:45:00Z,HAD,Harris_Creek_Downstream,38.712517,-76.316803,0.3,7.14,3.086,24.83,9.23,90.765
2018-06-16T05:00:00Z,HAD,Harris_Creek_Downstream,38.712517,-76.316803,0.3,6.96,3.108,24.83,9.23,88.482
2018-06-16T05:15:00Z,HAD,Harris_Creek_Downstream,38.712517,-76.316803,0.3,6.91,3.139,24.83,9.22,87.903
2018-06-16T05:30:00Z,HAD,Harris_Creek_Downstream,38.712517,-76.316803,0.3,7.1,3.176,24.77,9.19,90.177
2018-06-16T05:45:00Z,HAD,Harris_Creek_Downstream,38.712517,-76.316803,0.3,6.64,3.212,24.57,9.14,84.0
2018-06-16T06:00:00Z,HAD,Harris_Creek_Downstream,38.712517,-76.316803,0.3,6.63,3.254,24.47,9.1,83.656
2018-06-16T06:15:00Z,HAD,Harris_Creek_Downstream,38.712517,-76.316803,0.3,6.75,3.297,24.43,9.1,85.159
2018-06-16T06:30:00Z,HAD,Harris_Creek_Downstream,38.712517,-76.316803,0.3,7.12,3.347,24.43,9.1,89.758
2018-06-16T06:45:00Z,HAD,Harris_Creek_Downstream,38.712517,-76.316803,0.3,7.29,3.389,24.4,9.09,91.872
2018-06-16T07:00:00Z,HAD,Harris_Creek_Downstream,38.712517,-76.316803,0.3,7.19,3.434,24.41,9.1,90.647
2018-06-16T07:15:00Z,HAD,Harris_Creek_Downstream,38.712517,-76.316803,0.3,7.24,3.485,24.37,9.09,91.26
2018-06-16T07:30:00Z,HAD,Harris_Creek_Downstream,38.712517,-76.316803,0.3,7.29,3.527,24.34,9.08,91.805
2018-06-16T07:45:00Z,HAD,Harris_Creek_Downstream,38.712517,-76.316803,0.3,7.26,3.568,24.41,9.09,91.579
2018-06-16T08:00:00Z,HAD,Harris_Creek_Downstream,38.712517,-76.316803,0.3,7.14,3.603,24.46,9.11,90.144
2018-06-16T08:15:00Z,HAD,Harris_Creek_Downstream,38.712517,-76.316803,0.3,6.92,3.641,24.48,9.11,87.315
2018-06-16T08:30:00Z,HAD,Harris_Creek_Downstream,38.712517,-76.316803,0.3,6.86,3.674,24.49,9.11,86.636
2018-06-16T08:45:00Z,HAD,Harris_Creek_Downstream,38.712517,-76.316803,0.3,7.03,3.708,24.52,9.09,88.767
2018-06-16T09:00:00Z,HAD,Harris_Creek_Downstream,38.712517,-76.316803,0.3,7.01,3.733,24.49,9.09,88.49
2018-06-16T09:15:00Z,HAD,Harris_Creek_Downstream,38.712517,-76.316803,0.3,6.81,3.754,24.46,9.08,85.947
2018-06-16T09:30:00Z,HAD,Harris_Creek_Downstream,38.712517,-76.316803,0.3,7.21,3.773,24.42,9.06,90.899
2018-06-16T09:45:00Z,HAD,Harris_Creek_Downstream,38.712517,-76.316803,0.3,6.77,3.789,24.42,9.06,85.385
2018-06-16T10:00:00Z,HAD,Harris_Creek_Downstream,38.712517,-76.316803,0.3,6.68,3.798,24.4,9.06,84.193
2018-06-16T10:15:00Z,HAD,Harris_Creek_Downstream,38.712517,-76.316803,0.3,7.29,3.805,24.36,9.05,91.73
2018-06-16T10:30:00Z,HAD,Harris_Creek_Downstream,38.712517,-76.316803,0.3,7.18,3.803,24.27,9.04,90.211
2018-06-16T10:45:00Z,HAD,Harris_Creek_Downstream,38.712517,-76.316803,0.3,7.24,3.799,24.26,9.04,91.042
2018-06-16T11:00:00Z,HAD,Harris_Creek_Downstream,38.712517,-76.316803,0.3,6.88,3.79,24.24,9.04,86.493
2018-06-16T11:15:00Z,HAD,Harris_Creek_Downstream,38.712517,-76.316803,0.3,6.81,3.78,24.21,9.04,85.511
2018-06-16T11:30:00Z,HAD,Harris_Creek_Downstream,38.712517,-76.316803,0.3,6.74,3.764,24.21,9.04,84.605
2018-06-16T11:45:00Z,HAD,Harris_Creek_Downstream,38.712517,-76.316803,0.3,6.79,3.747,24.21,9.04,85.209
2018-06-16T12:00:00Z,HAD,Harris_Creek_Downstream,38.712517,-76.316803,0.3,6.93,3.726,24.19,9.05,87.055
2018-06-16T12:15:00Z,HAD,Harris_Creek_Downstream,38.712517,-76.316803,0.3,6.82,3.701,24.19,9.05,85.561
2018-06-16T12:30:00Z,HAD,Harris_Creek_Downstream,38.712517,-76.316803,0.3,6.56,3.675,24.18,8.98,82.347
2018-06-16T12:45:00Z,HAD,Harris_Creek_Downstream,38.712517,-76.316803,0.3,6.87,3.647,24.16,9.05,86.216
2018-06-16T13:00:00Z,HAD,Harris_Creek_Downstream,38.712517,-76.316803,0.3,6.89,3.616,24.14,9.04,86.359
2018-06-16T13:15:00Z,HAD,Harris_Creek_Downstream,38.712517,-76.316803,0.3,6.72,3.587,24.14,9.04,84.311
2018-06-16T13:30:00Z,HAD,Harris_Creek_Downstream,38.712517,-76.316803,0.3,6.69,3.558,24.14,9.05,83.883
2018-06-16T13:45:00Z,HAD,Harris_Creek_Downstream,38.712517,-76.316803,0.3,6.48,3.527,24.15,9.05,81.29
2018-06-16T14:00:00Z,HAD,Harris_Creek_Downstream,38.712517,-76.316803,0.3,6.86,3.496,24.15,9.04,86.048
2018-06-16T14:15:00Z,HAD,Harris_Creek_Downstream,38.712517,-76.316803,0.3,6.81,3.477,24.17,9.05,85.419
2018-06-16T14:30:00Z,HAD,Harris_Creek_Downstream,38.712517,-76.316803,0.3,6.85,3.439,24.17,9.05,85.931
2018-06-16T14:45:00Z,HAD,Harris_Creek_Downstream,38.712517,-76.316803,0.3,6.93,3.411,24.17,9.05,86.963
2018-06-16T15:00:00Z,HAD,Harris_Creek_Downstream,38.712517,-76.316803,0.3,7.13,3.388,24.18,9.05,89.497
2018-06-16T15:15:00Z,HAD,Harris_Creek_Downstream,38.712517,-76.316803,0.3,7.09,3.366,24.18,9.05,88.994
2018-06-16T15:30:00Z,HAD,Harris_Creek_Downstream,38.712517,-76.316803,0.3,7.26,3.345,24.21,9.05,91.184
2018-06-16T15:45:00Z,HAD,Harris_Creek_Downstream,38.712517,-76.316803,0.3,6.92,3.325,24.23,9.05,86.98
2018-06-16T16:00:00Z,HAD,Harris_Creek_Downstream,38.712517,-76.316803,0.3,7.18,3.306,24.25,9.05,90.169
2018-06-16T16:15:00Z,HAD,Harris_Creek_Downstream,38.712517,-76.316803,0.3,7.16,3.29,24.3,9.05,90.102
2018-06-16T16:30:00Z,HAD,Harris_Creek_Downstream,38.712517,-76.316803,0.3,6.95,3.275,24.35,9.06,87.542
2018-06-16T16:45:00Z,HAD,Harris_Creek_Downstream,38.712517,-76.316803,0.3,6.91,3.266,24.39,9.06,87.005
2018-06-16T17:00:00Z,HAD,Harris_Creek_Downstream,38.712517,-76.316803,0.3,6.75,3.256,24.42,9.06,85.15
2018-06-16T17:15:00Z,HAD,Harris_Creek_Downstream,38.712517,-76.316803,0.3,6.69,3.254,24.47,9.06,84.428
2018-06-16T17:30:00Z,HAD,Harris_Creek_Downstream,38.712517,-76.316803,0.3,6.64,3.258,24.49,9.07,83.774
2018-06-16T17:45:00Z,HAD,Harris_Creek_Downstream,38.712517,-76.316803,0.3,6.65,3.261,24.55,9.07,84.026
2018-06-16T18:00:00Z,HAD,Harris_Creek_Downstream,38.712517,-76.316803,0.3,6.53,3.271,24.6,9.07,82.574
2018-06-16T18:15:00Z,HAD,Harris_Creek_Downstream,38.712517,-76.316803,0.3,6.39,3.283,24.57,9.07,80.761
2018-06-16T18:30:00Z,HAD,Harris_Creek_Downstream,38.712517,-76.316803,0.3,6.58,3.304,24.55,9.07,83.178
2018-06-16T18:45:00Z,HAD,Harris_Creek_Downstream,38.712517,-76.316803,0.3,6.45,3.328,24.56,9.07,81.491
2018-06-16T19:00:00Z,HAD,Harris_Creek_Downstream,38.712517,-76.316803,0.3,6.72,3.354,24.61,9.07,84.982
2018-06-16T19:15:00Z,HAD,Harris_Creek_Downstream,38.712517,-76.316803,0.3,6.68,3.385,24.64,9.07,84.563
2018-06-16T19:30:00Z,HAD,Harris_Creek_Downstream,38.712517,-76.316803,0.3,6.93,3.413,24.67,9.1,87.743
2018-06-16T19:45:00Z,HAD,Harris_Creek_Downstream,38.712517,-76.316803,0.3,7.32,3.449,24.73,9.13,92.829
2018-06-16T20:00:00Z,HAD,Harris_Creek_Downstream,38.712517,-76.316803,0.3,7.29,3.482,24.72,9.13,92.418
2018-06-16T20:15:00Z,HAD,Harris_Creek_Downstream,38.712517,-76.316803,0.3,7.29,3.513,24.75,9.13,92.535
2018-06-16T20:30:00Z,HAD,Harris_Creek_Downstream,38.712517,-76.316803,0.3,7.22,3.545,24.75,9.14,91.654
2018-06-16T20:45:00Z,HAD,Harris_Creek_Downstream,38.712517,-76.316803,0.3,7.4,3.572,24.77,9.16,93.954
2018-06-16T21:00:00Z,HAD,Harris_Creek_Downstream,38.712517,-76.316803,0.3,7.34,3.6,24.79,9.17,93.249
2018-06-16T21:15:00Z,HAD,Harris_Creek_Downstream,38.712517,-76.316803,0.3,7.2,3.628,24.76,9.17,91.344
2018-06-16T21:30:00Z,HAD,Harris_Creek_Downstream,38.712517,-76.316803,0.3,7.17,3.653,24.72,9.16,90.958
2018-06-16T21:45:00Z,HAD,Harris_Creek_Downstream,38.712517,-76.316803,0.3,7.13,3.67,24.71,9.15,90.404
2018-06-16T22:00:00Z,HAD,Harris_Creek_Downstream,38.712517,-76.316803,0.3,6.93,3.688,24.71,9.15,87.928
2018-06-16T22:15:00Z,HAD,Harris_Creek_Downstream,38.712517,-76.316803,0.3,6.88,3.702,24.7,9.15,87.189
2018-06-16T22:30:00Z,HAD,Harris_Creek_Downstream,38.712517,-76.316803,0.3,6.71,3.708,24.69,9.15,85.007
2018-06-16T22:45:00Z,HAD,Harris_Creek_Downstream,38.712517,-76.316803,0.3,6.83,3.72,24.66,9.15,86.543
2018-06-16T23:00:00Z,HAD,Harris_Creek_Downstream,38.712517,-76.316803,0.3,6.79,3.712,24.66,9.16,86.04
2018-06-16T23:15:00Z,HAD,Harris_Creek_Downstream,38.712517,-76.316803,0.3,6.92,3.711,24.7,9.19,87.811
2018-06-16T23:30:00Z,HAD,Harris_Creek_Downstream,38.712517,-76.316803,0.3,6.95,3.703,24.77,9.22,88.297
2018-06-16T23:45:00Z,HAD,Harris_Creek_Downstream,38.712517,-76.316803,0.3,7.01,3.685,24.84,9.25,89.153
2018-06-17T00:00:00Z,HAD,Harris_Creek_Downstream,38.712517,-76.316803,0.3,6.8,3.673,24.88,9.26,86.485
2018-06-17T00:15:00Z,HAD,Harris_Creek_Downstream,38.712517,-76.316803,0.3,6.5,3.651,24.9,9.25,82.767
2018-06-17T00:30:00Z,HAD,Harris_Creek_Downstream,38.712517,-76.316803,0.3,6.46,3.63,24.89,9.25,82.204
2018-06-17T00:45:00Z,HAD,Harris_Creek_Downstream,38.712517,-76.316803,0.3,6.83,3.605,24.86,9.24,86.829
2018-06-17T01:00:00Z,HAD,Harris_Creek_Downstream,38.712517,-76.316803,0.3,6.85,3.577,24.86,9.22,87.064
2018-06-17T01:15:00Z,HAD,Harris_Creek_Downstream,38.712517,-76.316803,0.3,6.79,3.553,24.9,9.2,86.417
2018-06-17T01:30:00Z,HAD,Harris_Creek_Downstream,38.712517,-76.316803,0.3,6.87,3.528,24.92,9.17,87.5
2018-06-17T01:45:00Z,HAD,Harris_Creek_Downstream,38.712517,-76.316803,0.3,7.08,3.506,24.99,9.12,90.236
2018-06-17T02:00:00Z,HAD,Harris_Creek_Downstream,38.712517,-76.316803,0.3,7.32,3.494,25.14,9.1,93.45
2018-06-17T02:15:00Z,HAD,Harris_Creek_Downstream,38.712517,-76.316803,0.3,7.69,3.457,25.16,9.1,98.276
2018-06-17T02:30:00Z,HAD,Harris_Creek_Downstream,38.712517,-76.316803,0.3,7.43,3.437,25.11,9.1,94.894
2018-06-17T02:45:00Z,HAD,Harris_Creek_Downstream,38.712517,-76.316803,0.3,7.23,3.412,25.08,9.09,92.284
2018-06-17T03:00:00Z,HAD,Harris_Creek_Downstream,38.712517,-76.316803,0.3,7.06,3.39,25.05,9.1,90.068
2018-06-17T03:15:00Z,HAD,Harris_Creek_Downstream,38.712517,-76.316803,0.3,7.09,3.373,25.09,9.1,90.521
2018-06-17T03:30:00Z,HAD,Harris_Creek_Downstream,38.712517,-76.316803,0.3,7.2,3.354,25.12,9.11,91.99
2018-06-17T03:45:00Z,HAD,Harris_Creek_Downstream,38.712517,-76.316803,0.3,7.15,3.339,25.12,9.11,91.26
2018-06-17T04:00:00Z,HAD,Harris_Creek_Downstream,38.712517,-76.316803,0.3,7.31,3.323,25.09,9.1,93.307
2018-06-17T04:15:00Z,HAD,Harris_Creek_Downstream,38.712517,-76.316803,0.3,7.1,3.312,25.06,9.1,90.588
2018-06-17T04:30:00Z,HAD,Harris_Creek_Downstream,38.712517,-76.316803,0.3,7.35,3.305,25.04,9.1,93.694
2018-06-17T04:45:00Z,HAD,Harris_Creek_Downstream,38.712517,-76.316803,0.3,7.16,3.303,25.04,9.1,91.327
2018-06-17T05:00:00Z,HAD,Harris_Creek_Downstream,38.712517,-76.316803,0.3,6.96,3.302,25.02,9.1,88.7
2018-06-17T05:15:00Z,HAD,Harris_Creek_Downstream,38.712517,-76.316803,0.3,6.68,3.302,25.02,9.09,85.1
2018-06-17T05:30:00Z,HAD,Harris_Creek_Downstream,38.712517,-76.316803,0.3,6.79,3.307,25.02,9.09,86.594
2018-06-17T05:45:00Z,HAD,Harris_Creek_Downstream,38.712517,-76.316803,0.3,6.57,3.319,25.01,9.1,83.707
2018-06-17T06:00:00Z,HAD,Harris_Creek_Downstream,38.712517,-76.316803,0.3,6.62,3.342,25.0,9.1,84.344
2018-06-17T06:15:00Z,HAD,Harris_Creek_Downstream,38.712517,-76.316803,0.3,6.37,3.357,24.94,9.12,81.038
2018-06-17T06:30:00Z,HAD,Harris_Creek_Downstream,38.712517,-76.316803,0.3,5.91,3.385,24.81,9.12,75.079
2018-06-17T06:45:00Z,HAD,Harris_Creek_Downstream,38.712517,-76.316803,0.3,6.42,3.416,24.73,9.16,81.449
2018-06-17T07:00:00Z,HAD,Harris_Creek_Downstream,38.712517,-76.316803,0.3,6.72,3.444,24.83,9.13,85.368
2018-06-17T07:15:00Z,HAD,Harris_Creek_Downstream,38.712517,-76.316803,0.3,6.82,3.49,24.84,9.14,86.711
2018-06-17T07:30:00Z,HAD,Harris_Creek_Downstream,38.712517,-76.316803,0.3,6.86,3.519,24.85,9.15,87.156
2018-06-17T07:45:00Z,HAD,Harris_Creek_Downstream,38.712517,-76.316803,0.3,6.82,3.556,24.85,9.16,86.711
2018-06-17T08:00:00Z,HAD,Harris_Creek_Downstream,38.712517,-76.316803,0.3,7.12,3.592,24.65,9.09,90.102
2018-06-17T08:15:00Z,HAD,Harris_Creek_Downstream,38.712517,-76.316803,0.3,7.21,3.63,24.6,9.06,91.226
2018-06-17T08:30:00Z,HAD,Harris_Creek_Downstream,38.712517,-76.316803,0.3,7.06,3.665,24.6,9.06,89.288
2018-06-17T08:45:00Z,HAD,Harris_Creek_Downstream,38.712517,-76.316803,0.3,7.02,3.699,24.57,9.06,88.708
2018-06-17T09:00:00Z,HAD,Harris_Creek_Downstream,38.712517,-76.316803,0.3,6.9,3.731,24.54,9.07,87.181
2018-06-17T09:15:00Z,HAD,Harris_Creek_Downstream,38.712517,-76.316803,0.3,6.76,3.76,24.47,9.06,85.326
2018-06-17T09:30:00Z,HAD,Harris_Creek_Downstream,38.712517,-76.316803,0.3,6.97,3.786,24.37,9.04,87.811
2018-06-17T09:45:00Z,HAD,Harris_Creek_Downstream,38.712517,-76.316803,0.3,6.88,3.813,24.31,9.01,86.493
2018-06-17T10:00:00Z,HAD,Harris_Creek_Downstream,38.712517,-76.316803,0.3,6.8,3.83,24.31,9.0,85.553
2018-06-17T10:15:00Z,HAD,Harris_Creek_Downstream,38.712517,-76.316803,0.3,6.61,3.846,24.32,9.0,83.094
2018-06-17T10:30:00Z,HAD,Harris_Creek_Downstream,38.712517,-76.316803,0.3,6.53,3.856,24.31,9.0,82.112
2018-06-17T10:45:00Z,HAD,Harris_Creek_Downstream,38.712517,-76.316803,0.3,6.63,3.865,24.31,9.0,83.363
2018-06-17T11:00:00Z,HAD,Harris_Creek_Downstream,38.712517,-76.316803,0.3,6.2,3.87,24.31,9.0,77.991
2018-06-17T11:15:00Z,HAD,Harris_Creek_Downstream,38.712517,-76.316803,0.3,6.78,3.87,24.33,9.0,85.36
2018-06-17T11:30:00Z,HAD,Harris_Creek_Downstream,38.712517,-76.316803,0.3,5.99,3.865,24.33,9.0,75.398
2018-06-17T11:45:00Z,HAD,Harris_Creek_Downstream,38.712517,-76.316803,0.3,5.68,3.854,24.33,9.0,71.479
2018-06-17T12:00:00Z,HAD,Harris_Creek_Downstream,38.712517,-76.316803,0.3,6.17,3.843,24.32,9.0,77.58
2018-06-17T12:15:00Z,HAD,Harris_Creek_Downstream,38.712517,-76.316803,0.3,6.35,3.825,24.32,9.0,79.922
2018-06-17T12:30:00Z,HAD,Harris_Creek_Downstream,38.712517,-76.316803,0.3,6.55,3.807,24.33,9.0,82.439
2018-06-17T12:45:00Z,HAD,Harris_Creek_Downstream,38.712517,-76.316803,0.3,6.44,3.786,24.34,9.0,81.013
2018-06-17T13:00:00Z,HAD,Harris_Creek_Downstream,38.712517,-76.316803,0.3,6.56,3.762,24.35,9.01,82.54
2018-06-17T13:15:00Z,HAD,Harris_Creek_Downstream,38.712517,-76.316803,0.3,6.76,3.738,24.42,9.02,85.234
2018-06-17T13:30:00Z,HAD,Harris_Creek_Downstream,38.712517,-76.316803,0.3,6.87,3.707,24.41,9.02,86.585
2018-06-17T13:45:00Z,HAD,Harris_Creek_Downstream,38.712517,-76.316803,0.3,6.79,3.679,24.45,9.02,85.603
2018-06-17T14:00:00Z,HAD,Harris_Creek_Downstream,38.712517,-76.316803,0.3,6.7,3.646,24.52,9.04,84.672
2018-06-17T14:15:00Z,HAD,Harris_Creek_Downstream,38.712517,-76.316803,0.3,6.44,3.618,24.53,9.05,81.365
2018-06-17T14:30:00Z,HAD,Harris_Creek_Downstream,38.712517,-76.316803,0.3,6.28,3.588,24.6,9.07,79.427
2018-06-17T14:45:00Z,HAD,Harris_Creek_Downstream,38.712517,-76.316803,0.3,6.1,3.56,24.68,9.08,77.27
2018-06-17T15:00:00Z,HAD,Harris_Creek_Downstream,38.712517,-76.316803,0.3,5.98,3.53,24.72,9.09,75.784
2018-06-17T15:15:00Z,HAD,Harris_Creek_Downstream,38.712517,-76.316803,0.3,5.97,3.503,24.75,9.1,75.768
2018-06-17T15:30:00Z,HAD,Harris_Creek_Downstream,38.712517,-76.316803,0.3,6.09,3.478,24.77,9.1,77.295
2018-06-17T15:45:00Z,HAD,Harris_Creek_Downstream,38.712517,-76.316803,0.3,6.09,3.446,24.76,9.11,77.328
2018-06-17T16:00:00Z,HAD,Harris_Creek_Downstream,38.712517,-76.316803,0.3,6.14,3.415,24.78,9.1,77.874
2018-06-17T16:15:00Z,HAD,Harris_Creek_Downstream,38.712517,-76.316803,0.3,6.11,3.39,24.81,9.11,77.622
2018-06-17T16:30:00Z,HAD,Harris_Creek_Downstream,38.712517,-76.316803,0.3,6.3,3.362,24.83,9.11,80.073
2018-06-17T16:45:00Z,HAD,Harris_Creek_Downstream,38.712517,-76.316803,0.3,6.24,3.345,24.86,9.11,79.368
2018-06-17T17:00:00Z,HAD,Harris_Creek_Downstream,38.712517,-76.316803,0.3,6.14,3.325,24.88,9.11,78.134
2018-06-17T17:15:00Z,HAD,Harris_Creek_Downstream,38.712517,-76.316803,0.3,6.15,3.309,24.93,9.11,78.252
2018-06-17T17:30:00Z,HAD,Harris_Creek_Downstream,38.712517,-76.316803,0.3,6.15,3.294,24.97,9.11,78.319
2018-06-17T17:45:00Z,HAD,Harris_Creek_Downstream,38.712517,-76.316803,0.3,6.15,3.277,25.01,9.11,78.386
2018-06-17T18:00:00Z,HAD,Harris_Creek_Downstream,38.712517,-76.316803,0.3,6.24,3.266,25.06,9.11,79.653
2018-06-17T18:15:00Z,HAD,Harris_Creek_Downstream,38.712517,-76.316803,0.3,6.28,3.258,25.11,9.11,80.173
2018-06-17T18:30:00Z,HAD,Harris_Creek_Downstream,38.712517,-76.316803,0.3,6.13,3.253,25.11,9.11,78.26
2018-06-17T18:45:00Z,HAD,Harris_Creek_Downstream,38.712517,-76.316803,0.3,6.05,3.254,25.14,9.11,77.345
2018-06-17T19:00:00Z,HAD,Harris_Creek_Downstream,38.712517,-76.316803,0.3,6.09,3.259,25.16,9.11,77.79
2018-06-17T19:15:00Z,HAD,Harris_Creek_Downstream,38.712517,-76.316803,0.3,6.01,3.268,25.21,9.11,76.867
2018-06-17T19:30:00Z,HAD,Harris_Creek_Downstream,38.712517,-76.316803,0.3,6.41,3.287,25.41,9.12,82.28
2018-06-17T19:45:00Z,HAD,Harris_Creek_Downstream,38.712517,-76.316803,0.3,6.31,3.306,25.48,9.13,81.105
2018-06-17T20:00:00Z,HAD,Harris_Creek_Downstream,38.712517,-76.316803,0.3,6.61,3.326,25.63,9.15,85.268
2018-06-17T20:15:00Z,HAD,Harris_Creek_Downstream,38.712517,-76.316803,0.3,6.48,3.352,25.66,9.15,83.539
2018-06-17T20:30:00Z,HAD,Harris_Creek_Downstream,38.712517,-76.316803,0.3,6.01,3.38,25.54,9.13,77.362
2018-06-17T20:45:00Z,HAD,Harris_Creek_Downstream,38.712517,-76.316803,0.3,6.41,3.409,25.52,9.13,82.431
2018-06-17T21:00:00Z,HAD,Harris_Creek_Downstream,38.712517,-76.316803,0.3,6.45,3.436,25.47,9.12,82.834
2018-06-17T21:15:00Z,HAD,Harris_Creek_Downstream,38.712517,-76.316803,0.3,6.35,3.465,25.43,9.11,81.55
2018-06-17T21:30:00Z,HAD,Harris_Creek_Downstream,38.712517,-76.316803,0.3,6.52,3.503,25.46,9.11,83.807
2018-06-17T21:45:00Z,HAD,Harris_Creek_Downstream,38.712517,-76.316803,0.3,6.43,3.523,25.45,9.11,82.649
2018-06-17T22:00:00Z,HAD,Harris_Creek_Downstream,38.712517,-76.316803,0.3,6.7,3.545,25.44,9.11,86.04
2018-06-17T22:15:00Z,HAD,Harris_Creek_Downstream,38.712517,-76.316803,0.3,6.44,3.565,25.44,9.11,82.658
2018-06-17T22:30:00Z,HAD,Harris_Creek_Downstream,38.712517,-76.316803,0.3,6.34,3.584,25.48,9.12,81.432
2018-06-17T22:45:00Z,HAD,Harris_Creek_Downstream,38.712517,-76.316803,0.3,6.42,3.604,25.47,9.12,82.574
2018-06-17T23:00:00Z,HAD,Harris_Creek_Downstream,38.712517,-76.316803,0.3,6.59,3.616,25.48,9.12,84.764
2018-06-17T23:15:00Z,HAD,Harris_Creek_Downstream,38.712517,-76.316803,0.3,6.31,3.624,25.47,9.13,81.046
2018-06-17T23:30:00Z,HAD,Harris_Creek_Downstream,38.712517,-76.316803,0.3,5.9,3.631,25.46,9.13,75.843
2018-06-17T23:45:00Z,HAD,Harris_Creek_Downstream,38.712517,-76.316803,0.3,5.75,3.636,25.46,9.13,73.888
2018-06-18T00:00:00Z,HAD,Harris_Creek_Downstream,38.712517,-76.316803,0.3,6.26,3.635,25.45,9.13,80.392
2018-06-18T00:15:00Z,HAD,Harris_Creek_Downstream,38.712517,-76.316803,0.3,6.11,3.631,25.43,9.12,78.428
2018-06-18T00:30:00Z,HAD,Harris_Creek_Downstream,38.712517,-76.316803,0.3,6.13,3.617,25.4,9.12,78.705
2018-06-18T00:45:00Z,HAD,Harris_Creek_Downstream,38.712517,-76.316803,0.3,6.26,3.604,25.37,9.12,80.375
2018-06-18T01:00:00Z,HAD,Harris_Creek_Downstream,38.712517,-76.316803,0.3,6.24,3.589,25.34,9.12,79.989
2018-06-18T01:15:00Z,HAD,Harris_Creek_Downstream,38.712517,-76.316803,0.3,6.11,3.569,25.33,9.12,78.394
2018-06-18T01:30:00Z,HAD,Harris_Creek_Downstream,38.712517,-76.316803,0.3,6.15,3.549,25.36,9.12,78.864
2018-06-18T01:45:00Z,HAD,Harris_Creek_Downstream,38.712517,-76.316803,0.3,6.3,3.528,25.41,9.14,80.904
2018-06-18T02:00:00Z,HAD,Harris_Creek_Downstream,38.712517,-76.316803,0.3,6.26,3.508,25.47,9.21,80.484
2018-06-18T02:15:00Z,HAD,Harris_Creek_Downstream,38.712517,-76.316803,0.3,5.97,3.484,25.5,9.13,76.766
2018-06-18T02:30:00Z,HAD,Harris_Creek_Downstream,38.712517,-76.316803,0.3,5.89,3.456,25.51,9.13,75.768
2018-06-18T02:45:00Z,HAD,Harris_Creek_Downstream,38.712517,-76.316803,0.3,6.01,3.43,25.53,9.15,77.37
2018-06-18T03:00:00Z,HAD,Harris_Creek_Downstream,38.712517,-76.316803,0.3,6.14,3.401,25.57,9.14,79.082
2018-06-18T03:15:00Z,HAD,Harris_Creek_Downstream,38.712517,-76.316803,0.3,6.23,3.376,25.62,9.15,80.316
2018-06-18T03:30:00Z,HAD,Harris_Creek_Downstream,38.712517,-76.316803,0.3,6.19,3.348,25.62,9.15,79.779
2018-06-18T03:45:00Z,HAD,Harris_Creek_Downstream,38.712517,-76.316803,0.3,6.1,3.325,25.66,9.15,78.646
2018-06-18T04:00:00Z,HAD,Harris_Creek_Downstream,38.712517,-76.316803,0.3,6.11,3.301,25.7,9.15,78.856
2018-06-18T04:15:00Z,HAD,Harris_Creek_Downstream,38.712517,-76.316803,0.3,6.11,3.271,25.77,9.14,78.898
2018-06-18T04:30:00Z,HAD,Harris_Creek_Downstream,38.712517,-76.316803,0.3,6.14,3.252,25.84,9.13,79.502
2018-06-18T04:45:00Z,HAD,Harris_Creek_Downstream,38.712517,-76.316803,0.3,6.47,3.234,25.96,9.1,83.95
2018-06-18T05:00:00Z,HAD,Harris_Creek_Downstream,38.712517,-76.316803,0.3,7.07,3.216,26.12,9.07,91.906
2018-06-18T05:15:00Z,HAD,Harris_Creek_Downstream,38.712517,-76.316803,0.3,7.3,3.206,26.19,9.06,95.028
2018-06-18T05:30:00Z,HAD,Harris_Creek_Downstream,38.712517,-76.316803,0.3,7.17,3.196,26.22,9.05,93.324
2018-06-18T05:45:00Z,HAD,Harris_Creek_Downstream,38.712517,-76.316803,0.3,7.31,3.189,26.26,9.05,95.229
2018-06-18T06:00:00Z,HAD,Harris_Creek_Downstream,38.712517,-76.316803,0.3,7.24,3.183,26.26,9.05,94.281
2018-06-18T06:15:00Z,HAD,Harris_Creek_Downstream,38.712517,-76.316803,0.3,6.96,3.188,26.23,9.05,90.614
2018-06-18T06:30:00Z,HAD,Harris_Creek_Downstream,38.712517,-76.316803,0.3,6.84,3.196,26.2,9.06,89.011
2018-06-18T06:45:00Z,HAD,Harris_Creek_Downstream,38.712517,-76.316803,0.3,6.57,3.209,26.17,9.06,85.427
2018-06-18T07:00:00Z,HAD,Harris_Creek_Downstream,38.712517,-76.316803,0.3,6.55,3.225,26.14,9.06,85.159
2018-06-18T07:15:00Z,HAD,Harris_Creek_Downstream,38.712517,-76.316803,0.3,6.76,3.247,26.12,9.06,87.878
2018-06-18T07:30:00Z,HAD,Harris_Creek_Downstream,38.712517,-76.316803,0.3,6.33,3.273,25.99,9.06,82.07
2018-06-18T07:45:00Z,HAD,Harris_Creek_Downstream,38.712517,-76.316803,0.3,6.05,3.305,25.87,9.05,78.336
2018-06-18T08:00:00Z,HAD,Harris_Creek_Downstream,38.712517,-76.316803,0.3,5.9,3.337,25.88,9.05,76.372
2018-06-18T08:15:00Z,HAD,Harris_Creek_Downstream,38.712517,-76.316803,0.3,5.81,3.368,25.9,9.06,75.247
2018-06-18T08:30:00Z,HAD,Harris_Creek_Downstream,38.712517,-76.316803,0.3,6.12,3.411,25.97,9.06,79.359
2018-06-18T08:45:00Z,HAD,Harris_Creek_Downstream,38.712517,-76.316803,0.3,5.99,3.444,25.99,9.06,77.723
2018-06-18T09:00:00Z,HAD,Harris_Creek_Downstream,38.712517,-76.316803,0.3,6.18,3.481,26.04,9.05,80.241
2018-06-18T09:15:00Z,HAD,Harris_Creek_Downstream,38.712517,-76.316803,0.3,6.76,3.52,26.06,9.05,87.785
2018-06-18T09:30:00Z,HAD,Harris_Creek_Downstream,38.712517,-76.316803,0.3,6.64,3.555,26.01,9.07,86.199
2018-06-18T09:45:00Z,HAD,Harris_Creek_Downstream,38.712517,-76.316803,0.3,6.61,3.582,25.96,9.07,85.721
2018-06-18T10:00:00Z,HAD,Harris_Creek_Downstream,38.712517,-76.316803,0.3,6.63,3.611,25.9,9.08,85.83
2018-06-18T10:15:00Z,HAD,Harris_Creek_Downstream,38.712517,-76.316803,0.3,6.52,3.641,25.87,9.08,84.378
2018-06-18T10:30:00Z,HAD,Harris_Creek_Downstream,38.712517,-76.316803,0.3,6.65,3.669,25.83,9.07,86.057
2018-06-18T10:45:00Z,HAD,Harris_Creek_Downstream,38.712517,-76.316803,0.3,6.56,3.692,25.81,9.08,84.756
2018-06-18T11:00:00Z,HAD,Harris_Creek_Downstream,38.712517,-76.316803,0.3,6.33,3.713,25.81,9.08,81.827
2018-06-18T11:15:00Z,HAD,Harris_Creek_Downstream,38.712517,-76.316803,0.3,6.41,3.731,25.82,9.08,82.893
2018-06-18T11:30:00Z,HAD,Harris_Creek_Downstream,38.712517,-76.316803,0.3,6.62,3.747,25.85,9.09,85.654
2018-06-18T11:45:00Z,HAD,Harris_Creek_Downstream,38.712517,-76.316803,0.3,6.5,3.752,25.85,9.09,84.101
2018-06-18T12:00:00Z,HAD,Harris_Creek_Downstream,38.712517,-76.316803,0.3,5.84,3.758,25.83,9.09,75.516
2018-06-18T12:15:00Z,HAD,Harris_Creek_Downstream,38.712517,-76.316803,0.3,5.81,3.761,25.84,9.08,75.214
2018-06-18T12:30:00Z,HAD,Harris_Creek_Downstream,38.712517,-76.316803,0.3,5.82,3.759,25.84,9.09,75.323
2018-06-18T12:45:00Z,HAD,Harris_Creek_Downstream,38.712517,-76.316803,0.3,5.74,3.751,25.86,9.08,74.29
2018-06-18T13:00:00Z,HAD,Harris_Creek_Downstream,38.712517,-76.316803,0.3,6.43,3.741,25.88,9.09,83.279
2018-06-18T13:15:00Z,HAD,Harris_Creek_Downstream,38.712517,-76.316803,0.3,6.67,3.727,25.91,9.08,86.367
2018-06-18T13:30:00Z,HAD,Harris_Creek_Downstream,38.712517,-76.316803,0.3,6.78,3.703,25.96,9.08,87.869
2018-06-18T13:45:00Z,HAD,Harris_Creek_Downstream,38.712517,-76.316803,0.3,6.66,3.686,25.97,9.08,86.359
2018-06-18T14:00:00Z,HAD,Harris_Creek_Downstream,38.712517,-76.316803,0.3,6.5,3.661,25.98,9.08,84.261
2018-06-18T14:15:00Z,HAD,Harris_Creek_Downstream,38.712517,-76.316803,0.3,6.19,3.636,26.0,9.07,80.299
2018-06-18T14:30:00Z,HAD,Harris_Creek_Downstream,38.712517,-76.316803,0.3,6.14,3.609,26.02,9.06,79.611
2018-06-18T14:45:00Z,HAD,Harris_Creek_Downstream,38.712517,-76.316803,0.3,6.08,3.583,26.03,9.06,78.948
2018-06-18T15:00:00Z,HAD,Harris_Creek_Downstream,38.712517,-76.316803,0.3,6.13,3.555,26.06,9.06,79.536
2018-06-18T15:15:00Z,HAD,Harris_Creek_Downstream,38.712517,-76.316803,0.3,5.96,3.533,26.09,9.05,77.379
2018-06-18T15:30:00Z,HAD,Harris_Creek_Downstream,38.712517,-76.316803,0.3,5.91,3.504,26.12,9.05,76.842
2018-06-18T15:45:00Z,HAD,Harris_Creek_Downstream,38.712517,-76.316803,0.3,6.1,3.467,26.16,9.05,79.385
2018-06-18T16:00:00Z,HAD,Harris_Creek_Downstream,38.712517,-76.316803,0.3,6.42,3.436,26.21,9.06,83.589
2018-06-18T16:15:00Z,HAD,Harris_Creek_Downstream,38.712517,-76.316803,0.3,6.62,3.409,26.31,9.1,86.325
2018-06-18T16:30:00Z,HAD,Harris_Creek_Downstream,38.712517,-76.316803,0.3,6.6,3.38,26.34,9.11,86.157
2018-06-18T16:45:00Z,HAD,Harris_Creek_Downstream,38.712517,-76.316803,0.3,6.62,3.354,26.39,9.12,86.501
2018-06-18T17:00:00Z,HAD,Harris_Creek_Downstream,38.712517,-76.316803,0.3,6.49,3.328,26.4,9.13,84.831
2018-06-18T17:15:00Z,HAD,Harris_Creek_Downstream,38.712517,-76.316803,0.3,6.61,3.307,26.46,9.13,86.493
2018-06-18T17:30:00Z,HAD,Harris_Creek_Downstream,38.712517,-76.316803,0.3,6.59,3.282,26.51,9.13,86.308
2018-06-18T17:45:00Z,HAD,Harris_Creek_Downstream,38.712517,-76.316803,0.3,6.53,3.263,26.55,9.13,85.587
2018-06-18T18:00:00Z,HAD,Harris_Creek_Downstream,38.712517,-76.316803,0.3,6.52,3.251,26.6,9.14,85.494
2018-06-18T18:15:00Z,HAD,Harris_Creek_Downstream,38.712517,-76.316803,0.3,6.39,3.234,26.62,9.14,83.866
2018-06-18T18:30:00Z,HAD,Harris_Creek_Downstream,38.712517,-76.316803,0.3,6.44,3.228,26.62,9.13,84.529
2018-06-18T18:45:00Z,HAD,Harris_Creek_Downstream,38.712517,-76.316803,0.3,6.54,3.215,26.63,9.12,85.847
2018-06-18T19:00:00Z,HAD,Harris_Creek_Downstream,38.712517,-76.316803,0.3,6.5,3.211,26.63,9.12,85.293
2018-06-18T19:15:00Z,HAD,Harris_Creek_Downstream,38.712517,-76.316803,0.3,6.67,3.212,26.68,9.11,87.592
2018-06-18T19:30:00Z,HAD,Harris_Creek_Downstream,38.712517,-76.316803,0.3,6.54,3.214,26.67,9.1,85.905
2018-06-18T19:45:00Z,HAD,Harris_Creek_Downstream,38.712517,-76.316803,0.3,6.63,3.224,26.68,9.08,87.089
2018-06-18T20:00:00Z,HAD,Harris_Creek_Downstream,38.712517,-76.316803,0.3,6.94,3.232,26.74,9.07,91.176
2018-06-18T20:15:00Z,HAD,Harris_Creek_Downstream,38.712517,-76.316803,0.3,7.02,3.248,26.84,9.07,92.443
2018-06-18T20:30:00Z,HAD,Harris_Creek_Downstream,38.712517,-76.316803,0.3,7.22,3.267,27.26,9.05,95.817
2018-06-18T20:45:00Z,HAD,Harris_Creek_Downstream,38.712517,-76.316803,0.3,7.27,3.291,27.16,9.06,96.295
2018-06-18T21:00:00Z,HAD,Harris_Creek_Downstream,38.712517,-76.316803,0.3,7.55,3.318,27.23,9.05,100.03
2018-06-18T21:15:00Z,HAD,Harris_Creek_Downstream,38.712517,-76.316803,0.3,7.72,3.35,27.31,9.03,102.438
2018-06-18T21:30:00Z,HAD,Harris_Creek_Downstream,38.712517,-76.316803,0.3,7.61,3.377,27.35,9.04,101.037
2018-06-18T21:45:00Z,HAD,Harris_Creek_Downstream,38.712517,-76.316803,0.3,7.3,3.406,27.19,9.04,96.698
2018-06-18T22:00:00Z,HAD,Harris_Creek_Downstream,38.712517,-76.316803,0.3,6.84,3.44,27.02,9.04,90.345
2018-06-18T22:15:00Z,HAD,Harris_Creek_Downstream,38.712517,-76.316803,0.3,6.14,3.471,26.97,9.09,81.063
2018-06-18T22:30:00Z,HAD,Harris_Creek_Downstream,38.712517,-76.316803,0.3,6.22,3.501,27.03,9.11,82.238
2018-06-18T22:45:00Z,HAD,Harris_Creek_Downstream,38.712517,-76.316803,0.3,6.85,3.525,27.1,9.11,90.58
2018-06-18T23:00:00Z,HAD,Harris_Creek_Downstream,38.712517,-76.316803,0.3,7.24,3.553,27.1,9.09,95.8
2018-06-18T23:15:00Z,HAD,Harris_Creek_Downstream,38.712517,-76.316803,0.3,7.58,3.575,27.06,9.06,100.206
2018-06-18T23:30:00Z,HAD,Harris_Creek_Downstream,38.712517,-76.316803,0.3,7.47,3.595,27.06,9.07,98.712
2018-06-18T23:45:00Z,HAD,Harris_Creek_Downstream,38.712517,-76.316803,0.3,7.6,3.616,27.03,9.06,100.416
2018-06-19T00:00:00Z,HAD,Harris_Creek_Downstream,38.712517,-76.316803,0.3,7.58,3.632,27.02,9.05,100.122
2018-06-19T00:15:00Z,HAD,Harris_Creek_Downstream,38.712517,-76.316803,0.3,7.64,3.638,27.0,9.05,100.827
2018-06-19T00:30:00Z,HAD,Harris_Creek_Downstream,38.712517,-76.316803,0.3,7.61,3.643,26.98,9.05,100.382
2018-06-19T00:45:00Z,HAD,Harris_Creek_Downstream,38.712517,-76.316803,0.3,7.57,3.645,26.97,9.05,99.879
2018-06-19T01:00:00Z,HAD,Harris_Creek_Downstream,38.712517,-76.316803,0.3,7.44,3.643,26.96,9.05,98.133
2018-06-19T01:15:00Z,HAD,Harris_Creek_Downstream,38.712517,-76.316803,0.3,6.65,3.636,26.95,9.05,87.718
2018-06-19T01:30:00Z,HAD,Harris_Creek_Downstream,38.712517,-76.316803,0.3,7.51,3.628,26.93,9.04,99.023
2018-06-19T01:45:00Z,HAD,Harris_Creek_Downstream,38.712517,-76.316803,0.3,7.16,3.616,26.93,9.05,94.44
2018-06-19T02:00:00Z,HAD,Harris_Creek_Downstream,38.712517,-76.316803,0.3,7.02,3.598,26.93,9.05,92.569
2018-06-19T02:15:00Z,HAD,Harris_Creek_Downstream,38.712517,-76.316803,0.3,6.87,3.581,26.93,9.05,90.572
2018-06-19T02:30:00Z,HAD,Harris_Creek_Downstream,38.712517,-76.316803,0.3,7.04,3.562,26.93,9.05,92.871
2018-06-19T02:45:00Z,HAD,Harris_Creek_Downstream,38.712517,-76.316803,0.3,7.06,3.54,26.97,9.07,93.173
2018-06-19T03:00:00Z,HAD,Harris_Creek_Downstream,38.712517,-76.316803,0.3,7.02,3.506,26.95,9.07,92.586
2018-06-19T03:15:00Z,HAD,Harris_Creek_Downstream,38.712517,-76.316803,0.3,7.14,3.479,26.95,9.05,94.239
2018-06-19T03:30:00Z,HAD,Harris_Creek_Downstream,38.712517,-76.316803,0.3,7.01,3.452,26.98,9.07,92.51
2018-06-19T03:45:00Z,HAD,Harris_Creek_Downstream,38.712517,-76.316803,0.3,6.85,3.421,26.99,9.06,90.454
2018-06-19T04:00:00Z,HAD,Harris_Creek_Downstream,38.712517,-76.316803,0.3,6.59,3.392,27.01,9.06,86.996
2018-06-19T04:15:00Z,HAD,Harris_Creek_Downstream,38.712517,-76.316803,0.3,6.44,3.363,27.05,9.06,85.108
2018-06-19T04:30:00Z,HAD,Harris_Creek_Downstream,38.712517,-76.316803,0.3,6.6,3.336,27.12,9.05,87.366
2018-06-19T04:45:00Z,HAD,Harris_Creek_Downstream,38.712517,-76.316803,0.3,6.84,3.311,27.2,9.04,90.672
2018-06-19T05:00:00Z,HAD,Harris_Creek_Downstream,38.712517,-76.316803,0.3,6.76,3.286,27.23,9.05,89.565
2018-06-19T05:15:00Z,HAD,Harris_Creek_Downstream,38.712517,-76.316803,0.3,6.82,3.263,27.23,9.04,90.412
2018-06-19T05:30:00Z,HAD,Harris_Creek_Downstream,38.712517,-76.316803,0.3,6.73,3.243,27.2,9.04,89.095
2018-06-19T05:45:00Z,HAD,Harris_Creek_Downstream,38.712517,-76.316803,0.3,6.35,3.223,27.18,9.04,84.101
2018-06-19T06:00:00Z,HAD,Harris_Creek_Downstream,38.712517,-76.316803,0.3,6.2,3.208,27.17,9.04,82.07
2018-06-19T06:15:00Z,HAD,Harris_Creek_Downstream,38.712517,-76.316803,0.3,6.17,3.192,27.08,9.04,81.617
2018-06-19T06:30:00Z,HAD,Harris_Creek_Downstream,38.712517,-76.316803,0.3,6.12,3.182,26.97,9.04,80.803
2018-06-19T06:45:00Z,HAD,Harris_Creek_Downstream,38.712517,-76.316803,0.3,6.06,3.175,26.99,9.04,80.039
2018-06-19T07:00:00Z,HAD,Harris_Creek_Downstream,38.712517,-76.316803,0.3,5.58,3.169,26.97,9.04,73.627
2018-06-19T07:15:00Z,HAD,Harris_Creek_Downstream,38.712517,-76.316803,0.3,5.29,3.169,26.97,9.04,69.859
2018-06-19T07:30:00Z,HAD,Harris_Creek_Downstream,38.712517,-76.316803,0.3,5.3,3.178,26.98,9.04,69.935
2018-06-19T07:45:00Z,HAD,Harris_Creek_Downstream,38.712517,-76.316803,0.3,5.74,3.188,27.04,9.05,75.776
2018-06-19T08:00:00Z,HAD,Harris_Creek_Downstream,38.712517,-76.316803,0.3,6.1,3.206,27.04,9.05,80.543
2018-06-19T08:15:00Z,HAD,Harris_Creek_Downstream,38.712517,-76.316803,0.3,6.24,3.227,27.05,9.05,82.389
2018-06-19T08:30:00Z,HAD,Harris_Creek_Downstream,38.712517,-76.316803,0.3,6.41,3.253,27.05,9.05,84.747
2018-06-19T08:45:00Z,HAD,Harris_Creek_Downstream,38.712517,-76.316803,0.3,6.5,3.279,27.02,9.05,85.822
2018-06-19T09:00:00Z,HAD,Harris_Creek_Downstream,38.712517,-76.316803,0.3,5.62,3.307,26.82,9.04,73.93
2018-06-19T09:15:00Z,HAD,Harris_Creek_Downstream,38.712517,-76.316803,0.3,5.93,3.338,26.51,9.02,77.538
2018-06-19T09:30:00Z,HAD,Harris_Creek_Downstream,38.712517,-76.316803,0.3,6.43,3.373,26.42,9.02,84.034
2018-06-19T09:45:00Z,HAD,Harris_Creek_Downstream,38.712517,-76.316803,0.3,6.46,3.408,26.46,9.02,84.428
2018-06-19T10:00:00Z,HAD,Harris_Creek_Downstream,38.712517,-76.316803,0.3,6.17,3.444,26.54,9.02,80.836
2018-06-19T10:15:00Z,HAD,Harris_Creek_Downstream,38.712517,-76.316803,0.3,6.18,3.478,26.65,9.03,81.088
2018-06-19T10:30:00Z,HAD,Harris_Creek_Downstream,38.712517,-76.316803,0.3,6.64,3.509,26.53,9.02,86.887
2018-06-19T10:45:00Z,HAD,Harris_Creek_Downstream,38.712517,-76.316803,0.3,6.72,3.544,26.26,8.97,87.458
2018-06-19T11:00:00Z,HAD,Harris_Creek_Downstream,38.712517,-76.316803,0.3,6.72,3.57,26.17,8.93,87.299
2018-06-19T11:15:00Z,HAD,Harris_Creek_Downstream,38.712517,-76.316803,0.3,6.79,3.592,26.15,8.92,88.239
2018-06-19T11:30:00Z,HAD,Harris_Creek_Downstream,38.712517,-76.316803,0.3,6.89,3.614,26.17,8.92,89.573
2018-06-19T11:45:00Z,HAD,Harris_Creek_Downstream,38.712517,-76.316803,0.3,6.79,3.632,26.18,8.92,88.339
2018-06-19T12:00:00Z,HAD,Harris_Creek_Downstream,38.712517,-76.316803,0.3,6.78,3.648,26.19,8.93,88.197
2018-06-19T12:15:00Z,HAD,Harris_Creek_Downstream,38.712517,-76.316803,0.3,6.7,3.661,26.2,8.93,87.131
2018-06-19T12:30:00Z,HAD,Harris_Creek_Downstream,38.712517,-76.316803,0.3,6.54,3.672,26.2,8.94,85.024
2018-06-19T12:45:00Z,HAD,Harris_Creek_Downstream,38.712517,-76.316803,0.3,6.52,3.633,26.2,9.13,84.856
2018-06-19T13:00:00Z,HAD,Harris_Creek_Downstream,38.712517,-76.316803,0.3,6.47,3.545,26.26,9.21,84.428
2018-06-19T13:15:00Z,HAD,Harris_Creek_Downstream,38.712517,-76.316803,0.3,6.49,3.542,26.25,9.2,84.563
2018-06-19T13:30:00Z,HAD,Harris_Creek_Downstream,38.712517,-76.316803,0.3,6.3,3.534,26.25,9.2,82.129
2018-06-19T13:45:00Z,HAD,Harris_Creek_Downstream,38.712517,-76.316803,0.3,6.3,3.52,26.26,9.21,82.213
2018-06-19T14:00:00Z,HAD,Harris_Creek_Downstream,38.712517,-76.316803,0.3,6.5,3.511,26.28,9.21,84.747
2018-06-19T14:15:00Z,HAD,Harris_Creek_Downstream,38.712517,-76.316803,0.3,6.32,3.495,26.28,9.21,82.397
2018-06-19T14:30:00Z,HAD,Harris_Creek_Downstream,38.712517,-76.316803,0.3,6.2,3.47,26.29,9.21,80.878
2018-06-19T14:45:00Z,HAD,Harris_Creek_Downstream,38.712517,-76.316803,0.3,6.32,3.449,26.31,9.21,82.439
2018-06-19T15:00:00Z,HAD,Harris_Creek_Downstream,38.712517,-76.316803,0.3,6.7,3.424,26.31,9.2,87.399
2018-06-19T15:15:00Z,HAD,Harris_Creek_Downstream,38.712517,-76.316803,0.3,6.86,3.397,26.31,9.2,89.59
2018-06-19T15:30:00Z,HAD,Harris_Creek_Downstream,38.712517,-76.316803,0.3,6.71,3.368,26.29,9.2,87.492
2018-06-19T15:45:00Z,HAD,Harris_Creek_Downstream,38.712517,-76.316803,0.3,6.81,3.343,26.29,9.2,88.851
2018-06-19T16:00:00Z,HAD,Harris_Creek_Downstream,38.712517,-76.316803,0.3,6.71,3.311,26.28,9.2,87.525
2018-06-19T16:15:00Z,HAD,Harris_Creek_Downstream,38.712517,-76.316803,0.3,6.75,3.28,26.29,9.2,88.087
2018-06-19T16:30:00Z,HAD,Harris_Creek_Downstream,38.712517,-76.316803,0.3,6.81,3.254,26.3,9.2,88.885
2018-06-19T16:45:00Z,HAD,Harris_Creek_Downstream,38.712517,-76.316803,0.3,6.46,3.224,26.34,9.22,84.428
2018-06-19T17:00:00Z,HAD,Harris_Creek_Downstream,38.712517,-76.316803,0.3,6.29,3.195,26.4,9.24,82.221
2018-06-19T17:15:00Z,HAD,Harris_Creek_Downstream,38.712517,-76.316803,0.3,6.21,3.167,26.45,9.26,81.306
2018-06-19T17:30:00Z,HAD,Harris_Creek_Downstream,38.712517,-76.316803,0.3,5.92,3.14,26.49,9.27,77.488
2018-06-19T17:45:00Z,HAD,Harris_Creek_Downstream,38.712517,-76.316803,0.3,5.93,3.115,26.52,9.27,77.79
2018-06-19T18:00:00Z,HAD,Harris_Creek_Downstream,38.712517,-76.316803,0.3,6.03,3.095,26.56,9.27,79.108
2018-06-19T18:15:00Z,HAD,Harris_Creek_Downstream,38.712517,-76.316803,0.3,6.18,3.077,26.62,9.27,81.147
2018-06-19T18:30:00Z,HAD,Harris_Creek_Downstream,38.712517,-76.316803,0.3,6.22,3.053,26.62,9.26,81.625
2018-06-19T18:45:00Z,HAD,Harris_Creek_Downstream,38.712517,-76.316803,0.3,6.61,3.035,26.97,9.27,87.391
2018-06-19T19:00:00Z,HAD,Harris_Creek_Downstream,38.712517,-76.316803,0.3,7.04,3.01,27.49,9.28,93.803
2018-06-19T19:15:00Z,HAD,Harris_Creek_Downstream,38.712517,-76.316803,0.3,6.76,3.015,27.24,9.28,89.749
2018-06-19T19:30:00Z,HAD,Harris_Creek_Downstream,38.712517,-76.316803,0.3,7.4,2.999,27.73,9.32,99.132
2018-06-19T19:45:00Z,HAD,Harris_Creek_Downstream,38.712517,-76.316803,0.3,7.29,2.993,27.73,9.32,97.554
2018-06-19T20:00:00Z,HAD,Harris_Creek_Downstream,38.712517,-76.316803,0.3,7.24,2.984,27.79,9.34,97.118
2018-06-19T20:15:00Z,HAD,Harris_Creek_Downstream,38.712517,-76.316803,0.3,7.29,2.976,27.89,9.34,97.957
2018-06-19T20:30:00Z,HAD,Harris_Creek_Downstream,38.712517,-76.316803,0.3,6.99,2.977,27.81,9.35,93.736
2018-06-19T20:45:00Z,HAD,Harris_Creek_Downstream,38.712517,-76.316803,0.3,7.0,2.974,27.86,9.35,93.97
2018-06-19T21:00:00Z,HAD,Harris_Creek_Downstream,38.712517,-76.316803,0.3,6.67,2.985,27.78,9.36,89.422
2018-06-19T21:15:00Z,HAD,Harris_Creek_Downstream,38.712517,-76.316803,0.3,6.46,2.985,27.81,9.37,86.703
2018-06-19T21:30:00Z,HAD,Harris_Creek_Downstream,38.712517,-76.316803,0.3,6.89,3.013,27.94,9.37,92.661
2018-06-19T21:45:00Z,HAD,Harris_Creek_Downstream,38.712517,-76.316803,0.3,6.76,3.035,27.96,9.37,90.966
2018-06-19T22:00:00Z,HAD,Harris_Creek_Downstream,38.712517,-76.316803,0.3,5.81,3.053,27.88,9.37,78.075
2018-06-19T22:15:00Z,HAD,Harris_Creek_Downstream,38.712517,-76.316803,0.3,5.76,3.073,27.8,9.36,77.253
2018-06-19T22:30:00Z,HAD,Harris_Creek_Downstream,38.712517,-76.316803,0.3,6.07,3.096,27.83,9.35,81.399
2018-06-19T22:45:00Z,HAD,Harris_Creek_Downstream,38.712517,-76.316803,0.3,6.27,3.132,27.8,9.35,84.109
2018-06-19T23:00:00Z,HAD,Harris_Creek_Downstream,38.712517,-76.316803,0.3,6.13,3.162,27.76,9.34,82.188
2018-06-19T23:15:00Z,HAD,Harris_Creek_Downstream,38.712517,-76.316803,0.3,5.93,3.192,27.71,9.34,79.385
2018-06-19T23:30:00Z,HAD,Harris_Creek_Downstream,38.712517,-76.316803,0.3,6.25,3.214,27.72,9.34,83.732
2018-06-19T23:45:00Z,HAD,Harris_Creek_Downstream,38.712517,-76.316803,0.3,6.63,3.241,27.74,9.34,88.776
2018-06-20T00:00:00Z,HAD,Harris_Creek_Downstream,38.712517,-76.316803,0.3,6.35,3.268,27.75,9.33,85.066
2018-06-20T00:15:00Z,HAD,Harris_Creek_Downstream,38.712517,-76.316803,0.3,6.4,3.288,27.74,9.33,85.696
2018-06-20T00:30:00Z,HAD,Harris_Creek_Downstream,38.712517,-76.316803,0.3,6.7,3.309,27.72,9.33,89.699
2018-06-20T00:45:00Z,HAD,Harris_Creek_Downstream,38.712517,-76.316803,0.3,6.87,3.325,27.63,9.32,91.864
2018-06-20T01:00:00Z,HAD,Harris_Creek_Downstream,38.712517,-76.316803,0.3,6.67,3.336,27.59,9.32,89.12
2018-06-20T01:15:00Z,HAD,Harris_Creek_Downstream,38.712517,-76.316803,0.3,6.6,3.343,27.58,9.32,88.079
2018-06-20T01:30:00Z,HAD,Harris_Creek_Downstream,38.712517,-76.316803,0.3,6.49,3.345,27.54,9.32,86.568
2018-06-20T01:45:00Z,HAD,Harris_Creek_Downstream,38.712517,-76.316803,0.3,6.28,3.355,27.51,9.33,83.732
2018-06-20T02:00:00Z,HAD,Harris_Creek_Downstream,38.712517,-76.316803,0.3,6.15,3.355,27.49,9.33,82.003
2018-06-20T02:15:00Z,HAD,Harris_Creek_Downstream,38.712517,-76.316803,0.3,6.51,3.349,27.43,9.34,86.711
2018-06-20T02:30:00Z,HAD,Harris_Creek_Downstream,38.712517,-76.316803,0.3,6.4,3.343,27.34,9.34,85.192
2018-06-20T02:45:00Z,HAD,Harris_Creek_Downstream,38.712517,-76.316803,0.3,6.41,3.328,27.22,9.34,85.033
2018-06-20T03:00:00Z,HAD,Harris_Creek_Downstream,38.712517,-76.316803,0.3,6.13,3.308,27.16,9.34,81.231
2018-06-20T03:15:00Z,HAD,Harris_Creek_Downstream,38.712517,-76.316803,0.3,5.99,3.286,27.12,9.34,79.385
2018-06-20T03:30:00Z,HAD,Harris_Creek_Downstream,38.712517,-76.316803,0.3,5.74,3.269,27.08,9.34,76.028
2018-06-20T03:45:00Z,HAD,Harris_Creek_Downstream,38.712517,-76.316803,0.3,5.48,3.252,27.05,9.33,72.553
2018-06-20T04:00:00Z,HAD,Harris_Creek_Downstream,38.712517,-76.316803,0.3,5.41,3.226,27.01,9.33,71.496
2018-06-20T04:15:00Z,HAD,Harris_Creek_Downstream,38.712517,-76.316803,0.3,5.79,3.2,26.93,9.33,76.489
2018-06-20T04:30:00Z,HAD,Harris_Creek_Downstream,38.712517,-76.316803,0.3,5.77,3.174,26.91,9.33,76.145
2018-06-20T04:45:00Z,HAD,Harris_Creek_Downstream,38.712517,-76.316803,0.3,5.67,3.148,26.92,9.33,74.886
2018-06-20T05:00:00Z,HAD,Harris_Creek_Downstream,38.712517,-76.316803,0.3,5.99,3.126,27.02,9.33,79.234
2018-06-20T05:15:00Z,HAD,Harris_Creek_Downstream,38.712517,-76.316803,0.3,6.21,3.101,27.16,9.34,82.339
2018-06-20T05:30:00Z,HAD,Harris_Creek_Downstream,38.712517,-76.316803,0.3,6.49,3.077,27.27,9.34,86.25
2018-06-20T05:45:00Z,HAD,Harris_Creek_Downstream,38.712517,-76.316803,0.3,6.66,3.054,27.34,9.33,88.557
2018-06-20T06:00:00Z,HAD,Harris_Creek_Downstream,38.712517,-76.316803,0.3,6.32,3.026,27.26,9.33,83.916
2018-06-20T06:15:00Z,HAD,Harris_Creek_Downstream,38.712517,-76.316803,0.3,6.28,3.005,27.18,9.33,83.346
2018-06-20T06:30:00Z,HAD,Harris_Creek_Downstream,38.712517,-76.316803,0.3,5.98,2.982,27.11,9.33,79.234
2018-06-20T06:45:00Z,HAD,Harris_Creek_Downstream,38.712517,-76.316803,0.3,6.21,2.961,27.14,9.34,82.347
2018-06-20T07:00:00Z,HAD,Harris_Creek_Downstream,38.712517,-76.316803,0.3,6.44,2.945,27.17,9.33,85.41
2018-06-20T07:15:00Z,HAD,Harris_Creek_Downstream,38.712517,-76.316803,0.3,6.33,2.932,27.15,9.33,83.925
2018-06-20T07:30:00Z,HAD,Harris_Creek_Downstream,38.712517,-76.316803,0.3,6.35,2.918,27.11,9.33,84.084
2018-06-20T07:45:00Z,HAD,Harris_Creek_Downstream,38.712517,-76.316803,0.3,6.21,2.911,27.11,9.33,82.272
2018-06-20T08:00:00Z,HAD,Harris_Creek_Downstream,38.712517,-76.316803,0.3,6.2,2.899,27.11,9.32,82.179
2018-06-20T08:15:00Z,HAD,Harris_Creek_Downstream,38.712517,-76.316803,0.3,6.15,2.895,27.09,9.32,81.432
2018-06-20T08:30:00Z,HAD,Harris_Creek_Downstream,38.712517,-76.316803,0.3,6.17,2.89,27.09,9.34,81.734
2018-06-20T08:45:00Z,HAD,Harris_Creek_Downstream,38.712517,-76.316803,0.3,6.09,2.894,27.09,9.34,80.635
2018-06-20T09:00:00Z,HAD,Harris_Creek_Downstream,38.712517,-76.316803,0.3,6.08,2.902,27.07,9.34,80.518
2018-06-20T09:15:00Z,HAD,Harris_Creek_Downstream,38.712517,-76.316803,0.3,6.11,2.921,27.04,9.34,80.836
2018-06-20T09:30:00Z,HAD,Harris_Creek_Downstream,38.712517,-76.316803,0.3,6.04,2.934,27.01,9.34,79.897
2018-06-20T09:45:00Z,HAD,Harris_Creek_Downstream,38.712517,-76.316803,0.3,6.05,2.954,26.99,9.34,79.955
2018-06-20T10:00:00Z,HAD,Harris_Creek_Downstream,38.712517,-76.316803,0.3,5.95,2.979,26.95,9.33,78.663
2018-06-20T10:15:00Z,HAD,Harris_Creek_Downstream,38.712517,-76.316803,0.3,5.8,3.001,26.95,9.33,76.64
2018-06-20T10:30:00Z,HAD,Harris_Creek_Downstream,38.712517,-76.316803,0.3,5.79,3.031,26.92,9.33,76.397
2018-06-20T10:45:00Z,HAD,Harris_Creek_Downstream,38.712517,-76.316803,0.3,5.93,3.057,26.91,9.33,78.336
2018-06-20T11:00:00Z,HAD,Harris_Creek_Downstream,38.712517,-76.316803,0.3,6.03,3.092,26.9,9.33,79.636
2018-06-20T11:15:00Z,HAD,Harris_Creek_Downstream,38.712517,-76.316803,0.3,6.19,3.121,26.89,9.33,81.718
2018-06-20T11:30:00Z,HAD,Harris_Creek_Downstream,38.712517,-76.316803,0.3,6.11,3.154,26.88,9.33,80.576
2018-06-20T11:45:00Z,HAD,Harris_Creek_Downstream,38.712517,-76.316803,0.3,6.12,3.186,26.88,9.33,80.778
2018-06-20T12:00:00Z,HAD,Harris_Creek_Downstream,38.712517,-76.316803,0.3,6.19,3.214,26.89,9.33,81.743
2018-06-20T12:15:00Z,HAD,Harris_Creek_Downstream,38.712517,-76.316803,0.3,6.15,3.239,26.89,9.33,81.122
2018-06-20T12:30:00Z,HAD,Harris_Creek_Downstream,38.712517,-76.316803,0.3,6.16,3.263,26.9,9.33,81.34
2018-06-20T12:45:00Z,HAD,Harris_Creek_Downstream,38.712517,-76.316803,0.3,6.36,3.285,26.89,9.33,83.942
2018-06-20T13:00:00Z,HAD,Harris_Creek_Downstream,38.712517,-76.316803,0.3,6.25,3.303,26.89,9.33,82.523
2018-06-20T13:15:00Z,HAD,Harris_Creek_Downstream,38.712517,-76.316803,0.3,6.32,3.318,26.88,9.33,83.413
2018-06-20T13:30:00Z,HAD,Harris_Creek_Downstream,38.712517,-76.316803,0.3,6.48,3.331,26.87,9.33,85.494
2018-06-20T13:45:00Z,HAD,Harris_Creek_Downstream,38.712517,-76.316803,0.3,6.26,3.34,26.87,9.33,82.565
2018-06-20T14:00:00Z,HAD,Harris_Creek_Downstream,38.712517,-76.316803,0.3,6.18,3.345,26.87,9.33,81.483
2018-06-20T14:15:00Z,HAD,Harris_Creek_Downstream,38.712517,-76.316803,0.3,6.19,3.346,26.86,9.32,81.659
2018-06-20T14:30:00Z,HAD,Harris_Creek_Downstream,38.712517,-76.316803,0.3,5.99,3.345,26.87,9.32,79.074
2018-06-20T14:45:00Z,HAD,Harris_Creek_Downstream,38.712517,-76.316803,0.3,6.08,3.34,26.87,9.32,80.199
2018-06-20T15:00:00Z,HAD,Harris_Creek_Downstream,38.712517,-76.316803,0.3,5.71,3.33,26.88,9.32,75.314
2018-06-20T15:15:00Z,HAD,Harris_Creek_Downstream,38.712517,-76.316803,0.3,6.1,3.319,26.87,9.32,80.442
2018-06-20T15:30:00Z,HAD,Harris_Creek_Downstream,38.712517,-76.316803,0.3,6.2,3.304,26.87,9.32,81.734
2018-06-20T15:45:00Z,HAD,Harris_Creek_Downstream,38.712517,-76.316803,0.3,6.36,3.286,26.86,9.31,83.824
2018-06-20T16:00:00Z,HAD,Harris_Creek_Downstream,38.712517,-76.316803,0.3,6.51,3.263,26.86,9.31,85.813
2018-06-20T16:15:00Z,HAD,Harris_Creek_Downstream,38.712517,-76.316803,0.3,6.63,3.242,26.83,9.3,87.341
2018-06-20T16:30:00Z,HAD,Harris_Creek_Downstream,38.712517,-76.316803,0.3,6.57,3.219,26.84,9.3,86.644
2018-06-20T16:45:00Z,HAD,Harris_Creek_Downstream,38.712517,-76.316803,0.3,6.65,3.192,26.87,9.3,87.735
2018-06-20T17:00:00Z,HAD,Harris_Creek_Downstream,38.712517,-76.316803,0.3,6.55,3.164,26.89,9.3,86.401
2018-06-20T17:15:00Z,HAD,Harris_Creek_Downstream,38.712517,-76.316803,0.3,6.42,3.138,26.9,9.29,84.68
2018-06-20T17:30:00Z,HAD,Harris_Creek_Downstream,38.712517,-76.316803,0.3,6.24,3.113,26.95,9.3,82.355
2018-06-20T17:45:00Z,HAD,Harris_Creek_Downstream,38.712517,-76.316803,0.3,6.07,3.085,26.97,9.31,80.266
2018-06-20T18:00:00Z,HAD,Harris_Creek_Downstream,38.712517,-76.316803,0.3,5.96,3.056,26.98,9.31,78.713
2018-06-20T18:15:00Z,HAD,Harris_Creek_Downstream,38.712517,-76.316803,0.3,6.2,3.035,27.0,9.31,81.961
2018-06-20T18:30:00Z,HAD,Harris_Creek_Downstream,38.712517,-76.316803,0.3,6.1,3.008,27.0,9.31,80.602
2018-06-20T18:45:00Z,HAD,Harris_Creek_Downstream,38.712517,-76.316803,0.3,6.04,2.987,27.0,9.31,79.804
2018-06-20T19:00:00Z,HAD,Harris_Creek_Downstream,38.712517,-76.316803,0.3,5.94,2.965,27.0,9.31,78.571
2018-06-20T19:15:00Z,HAD,Harris_Creek_Downstream,38.712517,-76.316803,0.3,5.71,2.945,26.99,9.32,75.482
2018-06-20T19:30:00Z,HAD,Harris_Creek_Downstream,38.712517,-76.316803,0.3,5.61,2.926,26.99,9.31,74.114
2018-06-20T19:45:00Z,HAD,Harris_Creek_Downstream,38.712517,-76.316803,0.3,5.58,2.908,27.01,9.31,73.82
2018-06-20T20:00:00Z,HAD,Harris_Creek_Downstream,38.712517,-76.316803,0.3,5.25,2.894,27.0,9.31,69.448
2018-06-20T20:15:00Z,HAD,Harris_Creek_Downstream,38.712517,-76.316803,0.3,5.39,2.885,26.99,9.31,71.236
2018-06-20T20:30:00Z,HAD,Harris_Creek_Downstream,38.712517,-76.316803,0.3,5.8,2.88,27.0,9.31,76.657
2018-06-20T20:45:00Z,HAD,Harris_Creek_Downstream,38.712517,-76.316803,0.3,5.66,2.878,27.03,9.31,74.886
2018-06-20T21:00:00Z,HAD,Harris_Creek_Downstream,38.712517,-76.316803,0.3,5.45,2.88,27.05,9.31,72.134
2018-06-20T21:15:00Z,HAD,Harris_Creek_Downstream,38.712517,-76.316803,0.3,5.74,2.889,27.05,9.31,75.902
2018-06-20T21:30:00Z,HAD,Harris_Creek_Downstream,38.712517,-76.316803,0.3,5.49,2.899,27.04,9.31,72.612
2018-06-20T21:45:00Z,HAD,Harris_Creek_Downstream,38.712517,-76.316803,0.3,5.75,2.913,27.13,9.31,76.221
2018-06-20T22:00:00Z,HAD,Harris_Creek_Downstream,38.712517,-76.316803,0.3,6.04,2.932,27.1,9.31,79.989
2018-06-20T22:15:00Z,HAD,Harris_Creek_Downstream,38.712517,-76.316803,0.3,6.09,2.959,27.19,9.31,80.761
2018-06-20T22:30:00Z,HAD,Harris_Creek_Downstream,38.712517,-76.316803,0.3,6.03,2.989,27.17,9.31,79.905
2018-06-20T22:45:00Z,HAD,Harris_Creek_Downstream,38.712517,-76.316803,0.3,6.43,3.018,27.16,9.3,85.201
2018-06-20T23:00:00Z,HAD,Harris_Creek_Downstream,38.712517,-76.316803,0.3,6.58,3.055,27.15,9.29,87.265
2018-06-20T23:15:00Z,HAD,Harris_Creek_Downstream,38.712517,-76.316803,0.3,6.89,3.091,27.17,9.27,91.402
2018-06-20T23:30:00Z,HAD,Harris_Creek_Downstream,38.712517,-76.316803,0.3,7.19,3.127,27.12,9.26,95.196
2018-06-20T23:45:00Z,HAD,Harris_Creek_Downstream,38.712517,-76.316803,0.3,7.37,3.158,27.16,9.25,97.705
2018-06-21T00:00:00Z,HAD,Harris_Creek_Downstream,38.712517,-76.316803,0.3,7.48,3.192,27.19,9.24,99.132
2018-06-21T00:15:00Z,HAD,Harris_Creek_Downstream,38.712517,-76.316803,0.3,7.35,3.226,27.17,9.23,97.462
2018-06-21T00:30:00Z,HAD,Harris_Creek_Downstream,38.712517,-76.316803,0.3,7.47,3.26,27.12,9.23,98.897
2018-06-21T00:45:00Z,HAD,Harris_Creek_Downstream,38.712517,-76.316803,0.3,7.31,3.282,27.07,9.23,96.723
2018-06-21T01:00:00Z,HAD,Harris_Creek_Downstream,38.712517,-76.316803,0.3,7.2,3.31,27.04,9.23,95.154
2018-06-21T01:15:00Z,HAD,Harris_Creek_Downstream,38.712517,-76.316803,0.3,7.1,3.339,27.01,9.22,93.794
2018-06-21T01:30:00Z,HAD,Harris_Creek_Downstream,38.712517,-76.316803,0.3,6.88,3.363,26.97,9.22,90.874
2018-06-21T01:45:00Z,HAD,Harris_Creek_Downstream,38.712517,-76.316803,0.3,6.81,3.381,26.89,9.22,89.858
2018-06-21T02:00:00Z,HAD,Harris_Creek_Downstream,38.712517,-76.316803,0.3,6.71,3.4,26.86,9.21,88.398
2018-06-21T02:15:00Z,HAD,Harris_Creek_Downstream,38.712517,-76.316803,0.3,6.83,3.414,26.82,9.2,89.976
2018-06-21T02:30:00Z,HAD,Harris_Creek_Downstream,38.712517,-76.316803,0.3,6.59,3.426,26.78,9.2,86.694
2018-06-21T02:45:00Z,HAD,Harris_Creek_Downstream,38.712517,-76.316803,0.3,6.63,3.435,26.73,9.19,87.215
2018-06-21T03:00:00Z,HAD,Harris_Creek_Downstream,38.712517,-76.316803,0.3,6.46,3.434,26.7,9.19,84.966
2018-06-21T03:15:00Z,HAD,Harris_Creek_Downstream,38.712517,-76.316803,0.3,6.23,3.433,26.67,9.19,81.877
2018-06-21T03:30:00Z,HAD,Harris_Creek_Downstream,38.712517,-76.316803,0.3,6.23,3.435,26.65,9.18,81.743
2018-06-21T03:45:00Z,HAD,Harris_Creek_Downstream,38.712517,-76.316803,0.3,5.85,3.421,26.64,9.18,76.783
2018-06-21T04:00:00Z,HAD,Harris_Creek_Downstream,38.712517,-76.316803,0.3,5.95,3.418,26.62,9.17,78.025
2018-06-21T04:15:00Z,HAD,Harris_Creek_Downstream,38.712517,-76.316803,0.3,5.75,3.41,26.62,9.17,75.449
2018-06-21T04:30:00Z,HAD,Harris_Creek_Downstream,38.712517,-76.316803,0.3,5.79,3.391,26.59,9.17,75.977
2018-06-21T04:45:00Z,HAD,Harris_Creek_Downstream,38.712517,-76.316803,0.3,5.55,3.371,26.6,9.17,72.729
2018-06-21T05:00:00Z,HAD,Harris_Creek_Downstream,38.712517,-76.316803,0.3,5.48,3.352,26.63,9.16,71.957
2018-06-21T05:15:00Z,HAD,Harris_Creek_Downstream,38.712517,-76.316803,0.3,5.92,3.331,26.81,9.17,77.983
2018-06-21T05:30:00Z,HAD,Harris_Creek_Downstream,38.712517,-76.316803,0.3,5.76,3.315,26.84,9.18,75.86
2018-06-21T05:45:00Z,HAD,Harris_Creek_Downstream,38.712517,-76.316803,0.3,6.06,3.293,26.89,9.18,79.838
2018-06-21T06:00:00Z,HAD,Harris_Creek_Downstream,38.712517,-76.316803,0.3,6.46,3.267,26.87,9.19,85.201
2018-06-21T06:15:00Z,HAD,Harris_Creek_Downstream,38.712517,-76.316803,0.3,5.97,3.239,26.77,9.18,78.613
2018-06-21T06:30:00Z,HAD,Harris_Creek_Downstream,38.712517,-76.316803,0.3,5.88,3.208,26.8,9.2,77.471
2018-06-21T06:45:00Z,HAD,Harris_Creek_Downstream,38.712517,-76.316803,0.3,5.97,3.181,26.89,9.21,78.73
2018-06-21T07:00:00Z,HAD,Harris_Creek_Downstream,38.712517,-76.316803,0.3,5.91,3.159,26.96,9.22,78.008
2018-06-21T07:15:00Z,HAD,Harris_Creek_Downstream,38.712517,-76.316803,0.3,5.84,3.138,27.0,9.23,77.203
2018-06-21T07:30:00Z,HAD,Harris_Creek_Downstream,38.712517,-76.316803,0.3,5.95,3.118,27.04,9.23,78.722
2018-06-21T07:45:00Z,HAD,Harris_Creek_Downstream,38.712517,-76.316803,0.3,5.84,3.104,27.03,9.23,77.261
2018-06-21T08:00:00Z,HAD,Harris_Creek_Downstream,38.712517,-76.316803,0.3,5.8,3.087,27.0,9.23,76.59
2018-06-21T08:15:00Z,HAD,Harris_Creek_Downstream,38.712517,-76.316803,0.3,5.69,3.076,26.99,9.23,75.146
2018-06-21T08:30:00Z,HAD,Harris_Creek_Downstream,38.712517,-76.316803,0.3,5.53,3.07,26.98,9.23,73.099
2018-06-21T08:45:00Z,HAD,Harris_Creek_Downstream,38.712517,-76.316803,0.3,5.5,3.065,26.98,9.23,72.646
2018-06-21T09:00:00Z,HAD,Harris_Creek_Downstream,38.712517,-76.316803,0.3,5.91,3.063,26.97,9.23,78.05
2018-06-21T09:15:00Z,HAD,Harris_Creek_Downstream,38.712517,-76.316803,0.3,5.55,3.063,26.97,9.22,73.317
2018-06-21T09:30:00Z,HAD,Harris_Creek_Downstream,38.712517,-76.316803,0.3,5.1,3.077,26.94,9.24,67.316
2018-06-21T09:45:00Z,HAD,Harris_Creek_Downstream,38.712517,-76.316803,0.3,5.47,3.085,26.9,9.25,72.159
2018-06-21T10:00:00Z,HAD,Harris_Creek_Downstream,38.712517,-76.316803,0.3,5.38,3.097,26.88,9.25,70.984
2018-06-21T10:15:00Z,HAD,Harris_Creek_Downstream,38.712517,-76.316803,0.3,5.21,3.111,26.83,9.24,68.575
2018-06-21T10:30:00Z,HAD,Harris_Creek_Downstream,38.712517,-76.316803,0.3,5.15,3.129,26.79,9.23,67.803
2018-06-21T10:45:00Z,HAD,Harris_Creek_Downstream,38.712517,-76.316803,0.3,5.04,3.15,26.78,9.23,66.335
2018-06-21T11:00:00Z,HAD,Harris_Creek_Downstream,38.712517,-76.316803,0.3,5.06,3.171,26.75,9.22,66.553
2018-06-21T11:15:00Z,HAD,Harris_Creek_Downstream,38.712517,-76.316803,0.3,5.14,3.19,26.74,9.21,67.61
2018-06-21T11:30:00Z,HAD,Harris_Creek_Downstream,38.712517,-76.316803,0.3,5.33,3.213,26.75,9.24,70.078
2018-06-21T11:45:00Z,HAD,Harris_Creek_Downstream,38.712517,-76.316803,0.3,5.49,3.243,26.75,9.21,72.184
2018-06-21T12:00:00Z,HAD,Harris_Creek_Downstream,38.712517,-76.316803,0.3,5.42,3.267,26.73,9.21,71.219
2018-06-21T12:15:00Z,HAD,Harris_Creek_Downstream,38.712517,-76.316803,0.3,5.57,3.293,26.67,9.2,73.183
2018-06-21T12:30:00Z,HAD,Harris_Creek_Downstream,38.712517,-76.316803,0.3,5.74,3.321,26.67,9.19,75.34
2018-06-21T12:45:00Z,HAD,Harris_Creek_Downstream,38.712517,-76.316803,0.3,5.67,3.348,26.67,9.19,74.509
2018-06-21T13:00:00Z,HAD,Harris_Creek_Downstream,38.712517,-76.316803,0.3,5.72,3.369,26.68,9.19,75.18
2018-06-21T13:15:00Z,HAD,Harris_Creek_Downstream,38.712517,-76.316803,0.3,5.69,3.394,26.68,9.19,74.777
2018-06-21T13:30:00Z,HAD,Harris_Creek_Downstream,38.712517,-76.316803,0.3,5.71,3.416,26.68,9.19,75.021
2018-06-21T13:45:00Z,HAD,Harris_Creek_Downstream,38.712517,-76.316803,0.3,5.72,3.436,26.69,9.19,75.188
2018-06-21T14:00:00Z,HAD,Harris_Creek_Downstream,38.712517,-76.316803,0.3,5.75,3.452,26.71,9.18,75.574
2018-06-21T14:15:00Z,HAD,Harris_Creek_Downstream,38.712517,-76.316803,0.3,5.83,3.463,26.71,9.18,76.649
2018-06-21T14:30:00Z,HAD,Harris_Creek_Downstream,38.712517,-76.316803,0.3,5.68,3.476,26.7,9.18,74.576
2018-06-21T14:45:00Z,HAD,Harris_Creek_Downstream,38.712517,-76.316803,0.3,5.71,3.479,26.7,9.18,74.97
2018-06-21T15:00:00Z,HAD,Harris_Creek_Downstream,38.712517,-76.316803,0.3,5.73,3.479,26.7,9.18,75.306
2018-06-21T15:15:00Z,HAD,Harris_Creek_Downstream,38.712517,-76.316803,0.3,5.76,3.482,26.69,9.18,75.709
2018-06-21T15:30:00Z,HAD,Harris_Creek_Downstream,38.712517,-76.316803,0.3,5.71,3.477,26.68,9.17,74.979
2018-06-21T15:45:00Z,HAD,Harris_Creek_Downstream,38.712517,-76.316803,0.3,5.86,3.471,26.67,9.17,76.993
2018-06-21T16:00:00Z,HAD,Harris_Creek_Downstream,38.712517,-76.316803,0.3,5.92,3.456,26.67,9.16,77.715
2018-06-21T16:15:00Z,HAD,Harris_Creek_Downstream,38.712517,-76.316803,0.3,5.68,3.443,26.67,9.16,74.534
2018-06-21T16:30:00Z,HAD,Harris_Creek_Downstream,38.712517,-76.316803,0.3,5.89,3.434,26.66,9.16,77.354
2018-06-21T16:45:00Z,HAD,Harris_Creek_Downstream,38.712517,-76.316803,0.3,5.78,3.411,26.66,9.16,75.927
2018-06-21T17:00:00Z,HAD,Harris_Creek_Downstream,38.712517,-76.316803,0.3,5.85,3.388,26.65,9.16,76.859
2018-06-21T17:15:00Z,HAD,Harris_Creek_Downstream,38.712517,-76.316803,0.3,5.82,3.365,26.66,9.16,76.439
2018-06-21T17:30:00Z,HAD,Harris_Creek_Downstream,38.712517,-76.316803,0.3,5.72,3.342,26.66,9.16,75.155
2018-06-21T17:45:00Z,HAD,Harris_Creek_Downstream,38.712517,-76.316803,0.3,5.75,3.316,26.66,9.16,75.533
2018-06-21T18:00:00Z,HAD,Harris_Creek_Downstream,38.712517,-76.316803,0.3,5.58,3.285,26.67,9.16,73.241
2018-06-21T18:15:00Z,HAD,Harris_Creek_Downstream,38.712517,-76.316803,0.3,5.32,3.259,26.69,9.16,69.876
2018-06-21T18:30:00Z,HAD,Harris_Creek_Downstream,38.712517,-76.316803,0.3,5.48,3.229,26.74,9.16,72.016
2018-06-21T18:45:00Z,HAD,Harris_Creek_Downstream,38.712517,-76.316803,0.3,5.5,3.204,26.79,9.17,72.377
2018-06-21T19:00:00Z,HAD,Harris_Creek_Downstream,38.712517,-76.316803,0.3,6.16,3.174,27.1,9.16,81.525
2018-06-21T19:15:00Z,HAD,Harris_Creek_Downstream,38.712517,-76.316803,0.3,6.39,3.136,27.17,9.17,84.621
2018-06-21T19:30:00Z,HAD,Harris_Creek_Downstream,38.712517,-76.316803,0.3,7.05,3.113,27.38,9.17,93.752
2018-06-21T19:45:00Z,HAD,Harris_Creek_Downstream,38.712517,-76.316803,0.3,7.06,3.084,27.46,9.19,94.063
2018-06-21T20:00:00Z,HAD,Harris_Creek_Downstream,38.712517,-76.316803,0.3,6.88,3.056,27.59,9.21,91.814
2018-06-21T20:15:00Z,HAD,Harris_Creek_Downstream,38.712517,-76.316803,0.3,6.93,3.032,27.7,9.22,92.754
2018-06-21T20:30:00Z,HAD,Harris_Creek_Downstream,38.712517,-76.316803,0.3,7.13,3.012,27.87,9.23,95.641
2018-06-21T20:45:00Z,HAD,Harris_Creek_Downstream,38.712517,-76.316803,0.3,7.29,2.99,27.96,9.24,97.999
2018-06-21T21:00:00Z,HAD,Harris_Creek_Downstream,38.712517,-76.316803,0.3,7.29,2.979,27.93,9.25,97.898
2018-06-21T21:15:00Z,HAD,Harris_Creek_Downstream,38.712517,-76.316803,0.3,6.98,2.967,27.92,9.25,93.769
2018-06-21T21:30:00Z,HAD,Harris_Creek_Downstream,38.712517,-76.316803,0.3,7.01,2.957,27.9,9.25,94.071
2018-06-21T21:45:00Z,HAD,Harris_Creek_Downstream,38.712517,-76.316803,0.3,7.06,2.95,27.89,9.25,94.818
2018-06-21T22:00:00Z,HAD,Harris_Creek_Downstream,38.712517,-76.316803,0.3,7.11,2.949,27.88,9.24,95.439
2018-06-21T22:15:00Z,HAD,Harris_Creek_Downstream,38.712517,-76.316803,0.3,6.84,2.958,27.87,9.24,91.772
2018-06-21T22:30:00Z,HAD,Harris_Creek_Downstream,38.712517,-76.316803,0.3,6.76,2.967,27.85,9.24,90.639
2018-06-21T22:45:00Z,HAD,Harris_Creek_Downstream,38.712517,-76.316803,0.3,6.94,2.98,27.84,9.24,93.081
2018-06-21T23:00:00Z,HAD,Harris_Creek_Downstream,38.712517,-76.316803,0.3,6.89,3.002,27.82,9.24,92.426
2018-06-21T23:15:00Z,HAD,Harris_Creek_Downstream,38.712517,-76.316803,0.3,6.79,3.029,27.82,9.23,91.05
2018-06-21T23:30:00Z,HAD,Harris_Creek_Downstream,38.712517,-76.316803,0.3,6.81,3.055,27.8,9.23,91.218
2018-06-21T23:45:00Z,HAD,Harris_Creek_Downstream,38.712517,-76.316803,0.3,6.99,3.084,27.81,9.23,93.719
2018-06-22T00:00:00Z,HAD,Harris_Creek_Downstream,38.712517,-76.316803,0.3,6.91,3.119,27.82,9.23,92.594
2018-06-22T00:15:00Z,HAD,Harris_Creek_Downstream,38.712517,-76.316803,0.3,7.06,3.156,27.83,9.23,94.667
2018-06-22T00:30:00Z,HAD,Harris_Creek_Downstream,38.712517,-76.316803,0.3,7.26,3.196,27.82,9.23,97.378
2018-06-22T00:45:00Z,HAD,Harris_Creek_Downstream,38.712517,-76.316803,0.3,7.36,3.232,27.83,9.23,98.628
2018-06-22T01:00:00Z,HAD,Harris_Creek_Downstream,38.712517,-76.316803,0.3,7.29,3.271,27.83,9.23,97.705
2018-06-22T01:15:00Z,HAD,Harris_Creek_Downstream,38.712517,-76.316803,0.3,7.34,3.304,27.85,9.23,98.385
2018-06-22T01:30:00Z,HAD,Harris_Creek_Downstream,38.712517,-76.316803,0.3,7.35,3.34,27.86,9.23,98.603
2018-06-22T01:45:00Z,HAD,Harris_Creek_Downstream,38.712517,-76.316803,0.3,7.35,3.374,27.87,9.23,98.637
2018-06-22T02:00:00Z,HAD,Harris_Creek_Downstream,38.712517,-76.316803,0.3,7.56,3.404,27.86,9.23,101.456
2018-06-22T02:15:00Z,HAD,Harris_Creek_Downstream,38.712517,-76.316803,0.3,7.57,3.434,27.83,9.22,101.524
2018-06-22T02:30:00Z,HAD,Harris_Creek_Downstream,38.712517,-76.316803,0.3,7.59,3.46,27.76,9.21,101.675
2018-06-22T02:45:00Z,HAD,Harris_Creek_Downstream,38.712517,-76.316803,0.3,7.46,3.482,27.76,9.21,99.845
2018-06-22T03:00:00Z,HAD,Harris_Creek_Downstream,38.712517,-76.316803,0.3,7.66,3.503,27.74,9.2,102.573
2018-06-22T03:15:00Z,HAD,Harris_Creek_Downstream,38.712517,-76.316803,0.3,7.56,3.516,27.7,9.2,101.087
2018-06-22T03:30:00Z,HAD,Harris_Creek_Downstream,38.712517,-76.316803,0.3,7.7,3.528,27.65,9.18,102.934
2018-06-22T03:45:00Z,HAD,Harris_Creek_Downstream,38.712517,-76.316803,0.3,7.51,3.542,27.61,9.17,100.248
2018-06-22T04:00:00Z,HAD,Harris_Creek_Downstream,38.712517,-76.316803,0.3,7.61,3.544,27.59,9.17,101.582
2018-06-22T04:15:00Z,HAD,Harris_Creek_Downstream,38.712517,-76.316803,0.3,7.57,3.542,27.53,9.16,100.945
2018-06-22T04:30:00Z,HAD,Harris_Creek_Downstream,38.712517,-76.316803,0.3,7.73,3.538,27.49,9.15,102.95
2018-06-22T04:45:00Z,HAD,Harris_Creek_Downstream,38.712517,-76.316803,0.3,7.5,3.529,27.47,9.14,99.82
2018-06-22T05:00:00Z,HAD,Harris_Creek_Downstream,38.712517,-76.316803,0.3,7.48,3.515,27.45,9.14,99.602
2018-06-22T05:15:00Z,HAD,Harris_Creek_Downstream,38.712517,-76.316803,0.3,7.42,3.498,27.41,9.12,98.721
2018-06-22T05:30:00Z,HAD,Harris_Creek_Downstream,38.712517,-76.316803,0.3,7.54,3.481,27.38,9.12,100.181
2018-06-22T05:45:00Z,HAD,Harris_Creek_Downstream,38.712517,-76.316803,0.3,7.66,3.464,27.34,9.11,101.826
2018-06-22T06:00:00Z,HAD,Harris_Creek_Downstream,38.712517,-76.316803,0.3,7.42,3.44,27.32,9.11,98.502
2018-06-22T06:15:00Z,HAD,Harris_Creek_Downstream,38.712517,-76.316803,0.3,7.36,3.414,27.33,9.11,97.814
2018-06-22T06:30:00Z,HAD,Harris_Creek_Downstream,38.712517,-76.316803,0.3,7.46,3.394,27.3,9.11,98.964
2018-06-22T06:45:00Z,HAD,Harris_Creek_Downstream,38.712517,-76.316803,0.3,7.53,3.371,27.3,9.12,100.005
2018-06-22T07:00:00Z,HAD,Harris_Creek_Downstream,38.712517,-76.316803,0.3,7.15,3.347,27.28,9.13,94.835
2018-06-22T07:15:00Z,HAD,Harris_Creek_Downstream,38.712517,-76.316803,0.3,6.83,3.324,27.26,9.13,90.622
2018-06-22T07:30:00Z,HAD,Harris_Creek_Downstream,38.712517,-76.316803,0.3,6.54,3.301,27.26,9.14,86.703
2018-06-22T07:45:00Z,HAD,Harris_Creek_Downstream,38.712517,-76.316803,0.3,6.16,3.284,27.28,9.17,81.818
2018-06-22T08:00:00Z,HAD,Harris_Creek_Downstream,38.712517,-76.316803,0.3,6.07,3.262,27.27,9.17,80.551
2018-06-22T08:15:00Z,HAD,Harris_Creek_Downstream,38.712517,-76.316803,0.3,6.24,3.241,27.28,9.18,82.859
2018-06-22T08:30:00Z,HAD,Harris_Creek_Downstream,38.712517,-76.316803,0.3,6.37,3.224,27.28,9.18,84.621
2018-06-22T08:45:00Z,HAD,Harris_Creek_Downstream,38.712517,-76.316803,0.3,6.54,3.214,27.23,9.18,86.795
2018-06-22T09:00:00Z,HAD,Harris_Creek_Downstream,38.712517,-76.316803,0.3,6.5,3.198,27.23,9.2,86.191
2018-06-22T09:15:00Z,HAD,Harris_Creek_Downstream,38.712517,-76.316803,0.3,6.39,3.193,27.22,9.22,84.798
2018-06-22T09:30:00Z,HAD,Harris_Creek_Downstream,38.712517,-76.316803,0.3,6.29,3.186,27.2,9.23,83.438
2018-06-22T09:45:00Z,HAD,Harris_Creek_Downstream,38.712517,-76.316803,0.3,6.24,3.181,27.18,9.24,82.674
2018-06-22T10:00:00Z,HAD,Harris_Creek_Downstream,38.712517,-76.316803,0.3,5.93,3.18,27.16,9.25,78.587
2018-06-22T10:15:00Z,HAD,Harris_Creek_Downstream,38.712517,-76.316803,0.3,5.99,3.182,27.14,9.25,79.343
2018-06-22T10:30:00Z,HAD,Harris_Creek_Downstream,38.712517,-76.316803,0.3,5.8,3.188,27.12,9.25,76.842
2018-06-22T10:45:00Z,HAD,Harris_Creek_Downstream,38.712517,-76.316803,0.3,5.76,3.2,27.09,9.26,76.246
2018-06-22T11:00:00Z,HAD,Harris_Creek_Downstream,38.712517,-76.316803,0.3,5.87,3.207,27.06,9.26,77.664
2018-06-22T11:15:00Z,HAD,Harris_Creek_Downstream,38.712517,-76.316803,0.3,6.05,3.214,27.04,9.26,80.064
2018-06-22T11:30:00Z,HAD,Harris_Creek_Downstream,38.712517,-76.316803,0.3,5.92,3.24,27.04,9.26,78.252
2018-06-22T11:45:00Z,HAD,Harris_Creek_Downstream,38.712517,-76.316803,0.3,5.8,3.245,27.02,9.26,76.707
2018-06-22T12:00:00Z,HAD,Harris_Creek_Downstream,38.712517,-76.316803,0.3,5.87,3.278,26.98,9.22,77.538
2018-06-22T12:15:00Z,HAD,Harris_Creek_Downstream,38.712517,-76.316803,0.3,6.3,3.296,26.89,9.22,83.06
2018-06-22T12:30:00Z,HAD,Harris_Creek_Downstream,38.712517,-76.316803,0.3,6.57,3.34,26.68,9.17,86.25
2018-06-22T12:45:00Z,HAD,Harris_Creek_Downstream,38.712517,-76.316803,0.3,6.47,3.366,26.65,9.16,84.89
2018-06-22T13:00:00Z,HAD,Harris_Creek_Downstream,38.712517,-76.316803,0.3,6.43,3.395,26.68,9.19,84.538
2018-06-22T13:15:00Z,HAD,Harris_Creek_Downstream,38.712517,-76.316803,0.3,6.33,3.425,26.69,9.21,83.212
2018-06-22T13:30:00Z,HAD,Harris_Creek_Downstream,38.712517,-76.316803,0.3,4.69,3.459,26.08,9.32,61.022
2018-06-22T13:45:00Z,HAD,Harris_Creek_Downstream,38.712517,-76.316803,0.3,4.74,3.485,25.98,9.33,61.576
2018-06-22T14:00:00Z,HAD,Harris_Creek_Downstream,38.712517,-76.316803,0.3,4.76,3.514,25.92,9.34,61.777
2018-06-22T14:15:00Z,HAD,Harris_Creek_Downstream,38.712517,-76.316803,0.3,4.8,3.539,25.84,9.35,62.172
2018-06-22T14:30:00Z,HAD,Harris_Creek_Downstream,38.712517,-76.316803,0.3,5.09,3.554,25.9,9.35,65.948
2018-06-22T14:45:00Z,HAD,Harris_Creek_Downstream,38.712517,-76.316803,0.3,4.95,3.574,25.81,9.35,64.111
2018-06-22T15:00:00Z,HAD,Harris_Creek_Downstream,38.712517,-76.316803,0.3,4.5,3.584,25.63,9.38,58.026
2018-06-22T15:15:00Z,HAD,Harris_Creek_Downstream,38.712517,-76.316803,0.3,4.54,3.596,25.59,9.38,58.563
2018-06-22T15:30:00Z,HAD,Harris_Creek_Downstream,38.712517,-76.316803,0.3,4.84,3.618,25.7,9.36,62.508
2018-06-22T15:45:00Z,HAD,Harris_Creek_Downstream,38.712517,-76.316803,0.3,5.7,3.631,26.03,9.28,74.097
2018-06-22T16:00:00Z,HAD,Harris_Creek_Downstream,38.712517,-76.316803,0.3,4.85,3.627,25.76,9.33,62.776
2018-06-22T16:15:00Z,HAD,Harris_Creek_Downstream,38.712517,-76.316803,0.3,4.99,3.625,25.78,9.33,64.547
2018-06-22T16:30:00Z,HAD,Harris_Creek_Downstream,38.712517,-76.316803,0.3,5.83,3.632,26.09,9.25,75.809
2018-06-22T16:45:00Z,HAD,Harris_Creek_Downstream,38.712517,-76.316803,0.3,6.51,3.635,26.3,9.2,84.94
2018-06-22T17:00:00Z,HAD,Harris_Creek_Downstream,38.712517,-76.316803,0.3,5.73,3.634,26.2,9.23,74.635
2018-06-22T17:15:00Z,HAD,Harris_Creek_Downstream,38.712517,-76.316803,0.3,7.06,3.614,26.34,9.18,92.242
2018-06-22T17:30:00Z,HAD,Harris_Creek_Downstream,38.712517,-76.316803,0.3,6.17,3.617,26.25,9.21,80.459
2018-06-22T17:45:00Z,HAD,Harris_Creek_Downstream,38.712517,-76.316803,0.3,6.13,3.611,26.24,9.22,79.913
2018-06-22T18:00:00Z,HAD,Harris_Creek_Downstream,38.712517,-76.316803,0.3,5.66,3.572,26.16,9.24,73.753
2018-06-22T18:15:00Z,HAD,Harris_Creek_Downstream,38.712517,-76.316803,0.3,5.85,3.551,26.19,9.22,76.237
2018-06-22T18:30:00Z,HAD,Harris_Creek_Downstream,38.712517,-76.316803,0.3,6.06,3.537,26.18,9.22,78.948
2018-06-22T18:45:00Z,HAD,Harris_Creek_Downstream,38.712517,-76.316803,0.3,6.28,3.514,26.16,9.22,81.768
2018-06-22T19:00:00Z,HAD,Harris_Creek_Downstream,38.712517,-76.316803,0.3,6.38,3.491,26.13,9.21,83.06
2018-06-22T19:15:00Z,HAD,Harris_Creek_Downstream,38.712517,-76.316803,0.3,6.74,3.438,26.07,9.21,87.634
2018-06-22T19:30:00Z,HAD,Harris_Creek_Downstream,38.712517,-76.316803,0.3,6.62,3.437,26.03,9.22,85.973
2018-06-22T19:45:00Z,HAD,Harris_Creek_Downstream,38.712517,-76.316803,0.3,6.6,3.418,25.99,9.22,85.654
2018-06-22T20:00:00Z,HAD,Harris_Creek_Downstream,38.712517,-76.316803,0.3,6.46,3.393,25.96,9.22,83.841
2018-06-22T20:15:00Z,HAD,Harris_Creek_Downstream,38.712517,-76.316803,0.3,6.49,3.366,25.94,9.22,84.16
2018-06-22T20:30:00Z,HAD,Harris_Creek_Downstream,38.712517,-76.316803,0.3,6.44,3.361,25.93,9.22,83.556
2018-06-22T20:45:00Z,HAD,Harris_Creek_Downstream,38.712517,-76.316803,0.3,6.51,3.355,25.94,9.21,84.47
2018-06-22T21:00:00Z,HAD,Harris_Creek_Downstream,38.712517,-76.316803,0.3,6.72,3.333,25.94,9.2,87.08
2018-06-22T21:15:00Z,HAD,Harris_Creek_Downstream,38.712517,-76.316803,0.3,6.43,3.321,25.94,9.2,83.421
2018-06-22T21:30:00Z,HAD,Harris_Creek_Downstream,38.712517,-76.316803,0.3,6.27,3.305,25.94,9.19,81.298
2018-06-22T21:45:00Z,HAD,Harris_Creek_Downstream,38.712517,-76.316803,0.3,6.27,3.292,25.94,9.21,81.248
2018-06-22T22:00:00Z,HAD,Harris_Creek_Downstream,38.712517,-76.316803,0.3,6.37,3.294,25.94,9.21,82.607
2018-06-22T22:15:00Z,HAD,Harris_Creek_Downstream,38.712517,-76.316803,0.3,6.21,3.289,25.94,9.22,80.518
2018-06-22T22:30:00Z,HAD,Harris_Creek_Downstream,38.712517,-76.316803,0.3,6.01,3.288,25.95,9.24,77.924
2018-06-22T22:45:00Z,HAD,Harris_Creek_Downstream,38.712517,-76.316803,0.3,5.74,3.295,25.97,9.25,74.467
2018-06-22T23:00:00Z,HAD,Harris_Creek_Downstream,38.712517,-76.316803,0.3,5.73,3.294,25.95,9.28,74.358
2018-06-22T23:15:00Z,HAD,Harris_Creek_Downstream,38.712517,-76.316803,0.3,5.7,3.312,25.86,9.25,73.779
2018-06-22T23:30:00Z,HAD,Harris_Creek_Downstream,38.712517,-76.316803,0.3,6.04,3.322,25.7,9.22,78.05
2018-06-22T23:45:00Z,HAD,Harris_Creek_Downstream,38.712517,-76.316803,0.3,5.95,3.335,25.65,9.2,76.817
2018-06-23T00:00:00Z,HAD,Harris_Creek_Downstream,38.712517,-76.316803,0.3,5.94,3.366,25.69,9.21,76.741
2018-06-23T00:15:00Z,HAD,Harris_Creek_Downstream,38.712517,-76.316803,0.3,5.65,3.394,25.65,9.22,72.906
2018-06-23T00:30:00Z,HAD,Harris_Creek_Downstream,38.712517,-76.316803,0.3,6.07,3.412,25.68,9.24,78.419
2018-06-23T00:45:00Z,HAD,Harris_Creek_Downstream,38.712517,-76.316803,0.3,6.82,3.44,25.41,9.22,87.659
2018-06-23T01:00:00Z,HAD,Harris_Creek_Downstream,38.712517,-76.316803,0.3,6.35,3.48,25.51,9.23,81.776
2018-06-23T01:15:00Z,HAD,Harris_Creek_Downstream,38.712517,-76.316803,0.3,6.2,3.509,25.43,9.22,79.729
2018-06-23T01:30:00Z,HAD,Harris_Creek_Downstream,38.712517,-76.316803,0.3,6.43,3.549,25.2,9.26,82.297
2018-06-23T01:45:00Z,HAD,Harris_Creek_Downstream,38.712517,-76.316803,0.3,6.68,3.579,25.16,9.25,85.377
2018-06-23T02:00:00Z,HAD,Harris_Creek_Downstream,38.712517,-76.316803,0.3,6.65,3.613,25.17,9.24,85.066
2018-06-23T02:15:00Z,HAD,Harris_Creek_Downstream,38.712517,-76.316803,0.3,6.65,3.637,25.18,9.24,85.15
2018-06-23T02:30:00Z,HAD,Harris_Creek_Downstream,38.712517,-76.316803,0.3,6.59,3.66,25.2,9.24,84.311
2018-06-23T02:45:00Z,HAD,Harris_Creek_Downstream,38.712517,-76.316803,0.3,6.47,3.682,25.17,9.24,82.784
2018-06-23T03:00:00Z,HAD,Harris_Creek_Downstream,38.712517,-76.316803,0.3,6.44,3.702,25.15,9.24,82.364
2018-06-23T03:15:00Z,HAD,Harris_Creek_Downstream,38.712517,-76.316803,0.3,6.45,3.732,25.18,9.24,82.481
2018-06-23T03:30:00Z,HAD,Harris_Creek_Downstream,38.712517,-76.316803,0.3,6.15,3.738,25.13,9.24,78.621
2018-06-23T03:45:00Z,HAD,Harris_Creek_Downstream,38.712517,-76.316803,0.3,6.3,3.751,25.1,9.24,80.543
2018-06-23T04:00:00Z,HAD,Harris_Creek_Downstream,38.712517,-76.316803,0.3,6.34,3.772,25.06,9.23,80.912
2018-06-23T04:15:00Z,HAD,Harris_Creek_Downstream,38.712517,-76.316803,0.3,6.14,3.77,25.04,9.22,78.319
2018-06-23T04:30:00Z,HAD,Harris_Creek_Downstream,38.712517,-76.316803,0.3,6.39,3.77,25.09,9.2,81.651
2018-06-23T04:45:00Z,HAD,Harris_Creek_Downstream,38.712517,-76.316803,0.3,6.09,3.784,25.1,9.2,77.815
2018-06-23T05:00:00Z,HAD,Harris_Creek_Downstream,38.712517,-76.316803,0.3,6.13,3.774,25.08,9.19,78.294
2018-06-23T05:15:00Z,HAD,Harris_Creek_Downstream,38.712517,-76.316803,0.3,6.19,3.764,25.09,9.19,79.024
2018-06-23T05:30:00Z,HAD,Harris_Creek_Downstream,38.712517,-76.316803,0.3,6.16,3.756,25.14,9.2,78.78
2018-06-23T05:45:00Z,HAD,Harris_Creek_Downstream,38.712517,-76.316803,0.3,6.47,3.735,25.14,9.19,82.683
2018-06-23T06:00:00Z,HAD,Harris_Creek_Downstream,38.712517,-76.316803,0.3,6.29,3.728,25.08,9.19,80.333
2018-06-23T06:15:00Z,HAD,Harris_Creek_Downstream,38.712517,-76.316803,0.3,6.38,3.713,25.02,9.19,81.374
2018-06-23T06:30:00Z,HAD,Harris_Creek_Downstream,38.712517,-76.316803,0.3,6.47,3.705,24.94,9.19,82.439
2018-06-23T06:45:00Z,HAD,Harris_Creek_Downstream,38.712517,-76.316803,0.3,6.33,3.674,24.89,9.19,80.585
2018-06-23T07:00:00Z,HAD,Harris_Creek_Downstream,38.712517,-76.316803,0.3,6.39,3.648,24.85,9.2,81.206
2018-06-23T07:15:00Z,HAD,Harris_Creek_Downstream,38.712517,-76.316803,0.3,6.33,3.622,24.85,9.21,80.543
2018-06-23T07:30:00Z,HAD,Harris_Creek_Downstream,38.712517,-76.316803,0.3,6.28,3.596,24.88,9.22,79.846
2018-06-23T07:45:00Z,HAD,Harris_Creek_Downstream,38.712517,-76.316803,0.3,6.15,3.577,24.88,9.22,78.226
2018-06-23T08:00:00Z,HAD,Harris_Creek_Downstream,38.712517,-76.316803,0.3,6.17,3.553,24.9,9.22,78.503
2018-06-23T08:15:00Z,HAD,Harris_Creek_Downstream,38.712517,-76.316803,0.3,6.09,3.525,24.92,9.22,77.513
2018-06-23T08:30:00Z,HAD,Harris_Creek_Downstream,38.712517,-76.316803,0.3,6.22,3.502,24.97,9.21,79.25
2018-06-23T08:45:00Z,HAD,Harris_Creek_Downstream,38.712517,-76.316803,0.3,5.97,3.474,25.04,9.2,76.145
2018-06-23T09:00:00Z,HAD,Harris_Creek_Downstream,38.712517,-76.316803,0.3,6.03,3.452,25.05,9.2,76.942
2018-06-23T09:15:00Z,HAD,Harris_Creek_Downstream,38.712517,-76.316803,0.3,6.17,3.433,25.07,9.19,78.797
2018-06-23T09:30:00Z,HAD,Harris_Creek_Downstream,38.712517,-76.316803,0.3,5.98,3.414,25.09,9.2,76.338
2018-06-23T09:45:00Z,HAD,Harris_Creek_Downstream,38.712517,-76.316803,0.3,5.97,3.393,25.13,9.2,76.288
2018-06-23T10:00:00Z,HAD,Harris_Creek_Downstream,38.712517,-76.316803,0.3,5.86,3.374,25.14,9.21,74.853
2018-06-23T10:15:00Z,HAD,Harris_Creek_Downstream,38.712517,-76.316803,0.3,5.73,3.356,25.16,9.21,73.25
2018-06-23T10:30:00Z,HAD,Harris_Creek_Downstream,38.712517,-76.316803,0.3,5.78,3.346,25.17,9.21,73.879
2018-06-23T10:45:00Z,HAD,Harris_Creek_Downstream,38.712517,-76.316803,0.3,5.86,3.338,25.2,9.22,74.937
2018-06-23T11:00:00Z,HAD,Harris_Creek_Downstream,38.712517,-76.316803,0.3,5.91,3.327,25.23,9.22,75.616
2018-06-23T11:15:00Z,HAD,Harris_Creek_Downstream,38.712517,-76.316803,0.3,5.69,3.318,25.24,9.22,72.914
2018-06-23T11:30:00Z,HAD,Harris_Creek_Downstream,38.712517,-76.316803,0.3,5.85,3.313,25.26,9.22,74.953
2018-06-23T11:45:00Z,HAD,Harris_Creek_Downstream,38.712517,-76.316803,0.3,5.73,3.312,25.27,9.22,73.409
2018-06-23T12:00:00Z,HAD,Harris_Creek_Downstream,38.712517,-76.316803,0.3,5.4,3.321,25.27,9.22,69.221
2018-06-23T12:15:00Z,HAD,Harris_Creek_Downstream,38.712517,-76.316803,0.3,5.52,3.33,25.27,9.22,70.724
2018-06-23T12:30:00Z,HAD,Harris_Creek_Downstream,38.712517,-76.316803,0.3,5.56,3.339,25.27,9.22,71.194
2018-06-23T12:45:00Z,HAD,Harris_Creek_Downstream,38.712517,-76.316803,0.3,5.6,3.35,25.27,9.22,71.697
2018-06-23T13:00:00Z,HAD,Harris_Creek_Downstream,38.712517,-76.316803,0.3,5.47,3.36,25.26,9.22,70.111
2018-06-23T13:15:00Z,HAD,Harris_Creek_Downstream,38.712517,-76.316803,0.3,5.23,3.372,25.26,9.22,66.989
2018-06-23T13:30:00Z,HAD,Harris_Creek_Downstream,38.712517,-76.316803,0.3,5.48,3.397,25.25,9.22,70.145
2018-06-23T13:45:00Z,HAD,Harris_Creek_Downstream,38.712517,-76.316803,0.3,5.31,3.419,25.23,9.22,67.963
2018-06-23T14:00:00Z,HAD,Harris_Creek_Downstream,38.712517,-76.316803,0.3,5.45,3.444,25.2,9.22,69.75
2018-06-23T14:15:00Z,HAD,Harris_Creek_Downstream,38.712517,-76.316803,0.3,5.54,3.462,25.19,9.22,70.917
2018-06-23T14:30:00Z,HAD,Harris_Creek_Downstream,38.712517,-76.316803,0.3,5.36,3.485,25.19,9.22,68.592
2018-06-23T14:45:00Z,HAD,Harris_Creek_Downstream,38.712517,-76.316803,0.3,5.02,3.508,25.14,9.22,64.161
2018-06-23T15:00:00Z,HAD,Harris_Creek_Downstream,38.712517,-76.316803,0.3,5.06,3.53,25.06,9.21,64.614
2018-06-23T15:15:00Z,HAD,Harris_Creek_Downstream,38.712517,-76.316803,0.3,5.19,3.552,25.01,9.2,66.209
2018-06-23T15:30:00Z,HAD,Harris_Creek_Downstream,38.712517,-76.316803,0.3,5.06,3.57,25.0,9.2,64.463
2018-06-23T15:45:00Z,HAD,Harris_Creek_Downstream,38.712517,-76.316803,0.3,5.18,3.584,24.97,9.2,66.024
2018-06-23T16:00:00Z,HAD,Harris_Creek_Downstream,38.712517,-76.316803,0.3,5.09,3.597,24.96,9.2,64.908
2018-06-23T16:15:00Z,HAD,Harris_Creek_Downstream,38.712517,-76.316803,0.3,5.12,3.604,24.99,9.2,65.302
2018-06-23T16:30:00Z,HAD,Harris_Creek_Downstream,38.712517,-76.316803,0.3,5.03,3.609,24.97,9.21,64.085
2018-06-23T16:45:00Z,HAD,Harris_Creek_Downstream,38.712517,-76.316803,0.3,4.94,3.612,24.97,9.23,62.944
2018-06-23T17:00:00Z,HAD,Harris_Creek_Downstream,38.712517,-76.316803,0.3,5.43,3.609,24.9,9.24,69.121
2018-06-23T17:15:00Z,HAD,Harris_Creek_Downstream,38.712517,-76.316803,0.3,5.42,3.605,24.91,9.24,69.062
2018-06-23T17:30:00Z,HAD,Harris_Creek_Downstream,38.712517,-76.316803,0.3,5.62,3.599,24.96,9.23,71.655
2018-06-23T17:45:00Z,HAD,Harris_Creek_Downstream,38.712517,-76.316803,0.3,5.42,3.584,25.1,9.23,69.297
2018-06-23T18:00:00Z,HAD,Harris_Creek_Downstream,38.712517,-76.316803,0.3,5.22,3.567,25.14,9.23,66.704
2018-06-23T18:15:00Z,HAD,Harris_Creek_Downstream,38.712517,-76.316803,0.3,4.99,3.551,25.19,9.22,63.909
2018-06-23T18:30:00Z,HAD,Harris_Creek_Downstream,38.712517,-76.316803,0.3,5.09,3.53,25.24,9.22,65.227
2018-06-23T18:45:00Z,HAD,Harris_Creek_Downstream,38.712517,-76.316803,0.3,5.07,3.509,25.26,9.21,65.0
2018-06-23T19:00:00Z,HAD,Harris_Creek_Downstream,38.712517,-76.316803,0.3,5.07,3.48,25.27,9.21,64.983
2018-06-23T19:15:00Z,HAD,Harris_Creek_Downstream,38.712517,-76.316803,0.3,5.01,3.454,25.26,9.21,64.136
2018-06-23T19:30:00Z,HAD,Harris_Creek_Downstream,38.712517,-76.316803,0.3,5.28,3.427,25.28,9.21,67.677
2018-06-23T19:45:00Z,HAD,Harris_Creek_Downstream,38.712517,-76.316803,0.3,5.42,3.399,25.3,9.2,69.473
2018-06-23T20:00:00Z,HAD,Harris_Creek_Downstream,38.712517,-76.316803,0.3,5.61,3.37,25.33,9.2,71.966
2018-06-23T20:15:00Z,HAD,Harris_Creek_Downstream,38.712517,-76.316803,0.3,5.43,3.345,25.34,9.2,69.641
2018-06-23T20:30:00Z,HAD,Harris_Creek_Downstream,38.712517,-76.316803,0.3,5.56,3.319,25.36,9.2,71.32
2018-06-23T20:45:00Z,HAD,Harris_Creek_Downstream,38.712517,-76.316803,0.3,5.51,3.289,25.37,9.2,70.657
2018-06-23T21:00:00Z,HAD,Harris_Creek_Downstream,38.712517,-76.316803,0.3,5.5,3.261,25.38,9.2,70.589
2018-06-23T21:15:00Z,HAD,Harris_Creek_Downstream,38.712517,-76.316803,0.3,5.56,3.237,25.41,9.2,71.395
2018-06-23T21:30:00Z,HAD,Harris_Creek_Downstream,38.712517,-76.316803,0.3,5.76,3.209,25.45,9.21,74.064
2018-06-23T21:45:00Z,HAD,Harris_Creek_Downstream,38.712517,-76.316803,0.3,5.59,3.187,25.46,9.21,71.832
2018-06-23T22:00:00Z,HAD,Harris_Creek_Downstream,38.712517,-76.316803,0.3,5.71,3.174,25.48,9.21,73.434
2018-06-23T22:15:00Z,HAD,Harris_Creek_Downstream,38.712517,-76.316803,0.3,5.89,3.156,25.55,9.21,75.835
2018-06-23T22:30:00Z,HAD,Harris_Creek_Downstream,38.712517,-76.316803,0.3,5.58,3.145,25.53,9.21,71.823
2018-06-23T22:45:00Z,HAD,Harris_Creek_Downstream,38.712517,-76.316803,0.3,5.9,3.135,25.56,9.22,75.969
2018-06-23T23:00:00Z,HAD,Harris_Creek_Downstream,38.712517,-76.316803,0.3,6.18,3.129,25.64,9.21,79.712
2018-06-23T23:15:00Z,HAD,Harris_Creek_Downstream,38.712517,-76.316803,0.3,6.27,3.125,25.68,9.22,80.878
2018-06-23T23:30:00Z,HAD,Harris_Creek_Downstream,38.712517,-76.316803,0.3,5.95,3.126,25.65,9.22,76.808
2018-06-23T23:45:00Z,HAD,Harris_Creek_Downstream,38.712517,-76.316803,0.3,5.58,3.132,25.65,9.22,71.966
2018-06-24T00:00:00Z,HAD,Harris_Creek_Downstream,38.712517,-76.316803,0.3,5.62,3.137,25.7,9.21,72.57
2018-06-24T00:15:00Z,HAD,Harris_Creek_Downstream,38.712517,-76.316803,0.3,5.59,3.151,25.71,9.22,72.251
2018-06-24T00:30:00Z,HAD,Harris_Creek_Downstream,38.712517,-76.316803,0.3,5.26,3.163,25.73,9.23,67.946
2018-06-24T00:45:00Z,HAD,Harris_Creek_Downstream,38.712517,-76.316803,0.3,5.2,3.18,25.65,9.22,67.123
2018-06-24T01:00:00Z,HAD,Harris_Creek_Downstream,38.712517,-76.316803,0.3,5.26,3.205,25.67,9.22,67.862
2018-06-24T01:15:00Z,HAD,Harris_Creek_Downstream,38.712517,-76.316803,0.3,5.64,3.235,25.72,9.22,72.872
2018-06-24T01:30:00Z,HAD,Harris_Creek_Downstream,38.712517,-76.316803,0.3,5.49,3.267,25.73,9.22,70.967
2018-06-24T01:45:00Z,HAD,Harris_Creek_Downstream,38.712517,-76.316803,0.3,5.65,3.302,25.82,9.22,73.082
2018-06-24T02:00:00Z,HAD,Harris_Creek_Downstream,38.712517,-76.316803,0.3,6.02,3.335,25.87,9.22,77.975
2018-06-24T02:15:00Z,HAD,Harris_Creek_Downstream,38.712517,-76.316803,0.3,5.79,3.366,25.87,9.22,74.962
2018-06-24T02:30:00Z,HAD,Harris_Creek_Downstream,38.712517,-76.316803,0.3,5.6,3.403,25.89,9.22,72.536
2018-06-24T02:45:00Z,HAD,Harris_Creek_Downstream,38.712517,-76.316803,0.3,6.46,3.432,26.08,9.21,84.0
2018-06-24T03:00:00Z,HAD,Harris_Creek_Downstream,38.712517,-76.316803,0.3,6.05,3.465,26.02,9.21,78.512
2018-06-24T03:15:00Z,HAD,Harris_Creek_Downstream,38.712517,-76.316803,0.3,5.84,3.495,26.02,9.21,75.851
2018-06-24T03:30:00Z,HAD,Harris_Creek_Downstream,38.712517,-76.316803,0.3,5.86,3.522,26.02,9.2,76.12
2018-06-24T03:45:00Z,HAD,Harris_Creek_Downstream,38.712517,-76.316803,0.3,5.54,3.552,25.94,9.2,71.89
2018-06-24T04:00:00Z,HAD,Harris_Creek_Downstream,38.712517,-76.316803,0.3,5.36,3.581,25.79,9.21,69.347
2018-06-24T04:15:00Z,HAD,Harris_Creek_Downstream,38.712517,-76.316803,0.3,5.38,3.602,25.75,9.2,69.549
2018-06-24T04:30:00Z,HAD,Harris_Creek_Downstream,38.712517,-76.316803,0.3,5.49,3.618,25.73,9.2,70.908
2018-06-24T04:45:00Z,HAD,Harris_Creek_Downstream,38.712517,-76.316803,0.3,5.45,3.638,25.68,9.2,70.396
2018-06-24T05:00:00Z,HAD,Harris_Creek_Downstream,38.712517,-76.316803,0.3,5.42,3.649,25.64,9.2,69.851
2018-06-24T05:15:00Z,HAD,Harris_Creek_Downstream,38.712517,-76.316803,0.3,5.33,3.654,25.62,9.2,68.718
2018-06-24T05:30:00Z,HAD,Harris_Creek_Downstream,38.712517,-76.316803,0.3,5.25,3.66,25.62,9.2,67.644
2018-06-24T05:45:00Z,HAD,Harris_Creek_Downstream,38.712517,-76.316803,0.3,5.11,3.656,25.6,9.2,65.89
2018-06-24T06:00:00Z,HAD,Harris_Creek_Downstream,38.712517,-76.316803,0.3,5.07,3.652,25.53,9.21,65.319
2018-06-24T06:15:00Z,HAD,Harris_Creek_Downstream,38.712517,-76.316803,0.3,4.96,3.641,25.5,9.21,63.808
2018-06-24T06:30:00Z,HAD,Harris_Creek_Downstream,38.712517,-76.316803,0.3,5.0,3.631,25.48,9.21,64.304
2018-06-24T06:45:00Z,HAD,Harris_Creek_Downstream,38.712517,-76.316803,0.3,5.03,3.621,25.48,9.21,64.715
2018-06-24T07:00:00Z,HAD,Harris_Creek_Downstream,38.712517,-76.316803,0.3,4.83,3.605,25.47,9.21,62.071
2018-06-24T07:15:00Z,HAD,Harris_Creek_Downstream,38.712517,-76.316803,0.3,4.71,3.591,25.46,9.2,60.619
2018-06-24T07:30:00Z,HAD,Harris_Creek_Downstream,38.712517,-76.316803,0.3,4.84,3.574,25.46,9.2,62.222
2018-06-24T07:45:00Z,HAD,Harris_Creek_Downstream,38.712517,-76.316803,0.3,4.57,3.555,25.46,9.2,58.748
2018-06-24T08:00:00Z,HAD,Harris_Creek_Downstream,38.712517,-76.316803,0.3,4.35,3.535,25.46,9.2,55.953
2018-06-24T08:15:00Z,HAD,Harris_Creek_Downstream,38.712517,-76.316803,0.3,4.55,3.509,25.44,9.2,58.429
2018-06-24T08:30:00Z,HAD,Harris_Creek_Downstream,38.712517,-76.316803,0.3,4.93,3.486,25.38,9.19,63.305
2018-06-24T08:45:00Z,HAD,Harris_Creek_Downstream,38.712517,-76.316803,0.3,5.18,3.459,25.35,9.19,66.41
2018-06-24T09:00:00Z,HAD,Harris_Creek_Downstream,38.712517,-76.316803,0.3,5.21,3.432,25.36,9.19,66.922
2018-06-24T09:15:00Z,HAD,Harris_Creek_Downstream,38.712517,-76.316803,0.3,5.24,3.408,25.46,9.2,67.35
2018-06-24T09:30:00Z,HAD,Harris_Creek_Downstream,38.712517,-76.316803,0.3,5.13,3.389,25.44,9.19,65.915
2018-06-24T09:45:00Z,HAD,Harris_Creek_Downstream,38.712517,-76.316803,0.3,5.07,3.366,25.47,9.21,65.218
2018-06-24T10:00:00Z,HAD,Harris_Creek_Downstream,38.712517,-76.316803,0.3,4.98,3.347,25.55,9.19,64.077
2018-06-24T10:15:00Z,HAD,Harris_Creek_Downstream,38.712517,-76.316803,0.3,4.94,3.325,25.71,9.21,63.783
2018-06-24T10:30:00Z,HAD,Harris_Creek_Downstream,38.712517,-76.316803,0.3,5.23,3.307,25.74,9.23,67.543
2018-06-24T10:45:00Z,HAD,Harris_Creek_Downstream,38.712517,-76.316803,0.3,5.47,3.295,25.77,9.23,70.673
2018-06-24T11:00:00Z,HAD,Harris_Creek_Downstream,38.712517,-76.316803,0.3,5.42,3.281,25.77,9.23,70.086
2018-06-24T11:15:00Z,HAD,Harris_Creek_Downstream,38.712517,-76.316803,0.3,5.35,3.271,25.78,9.24,69.221
2018-06-24T11:30:00Z,HAD,Harris_Creek_Downstream,38.712517,-76.316803,0.3,5.39,3.263,25.79,9.24,69.759
2018-06-24T11:45:00Z,HAD,Harris_Creek_Downstream,38.712517,-76.316803,0.3,5.43,3.252,25.8,9.24,70.195
2018-06-24T12:00:00Z,HAD,Harris_Creek_Downstream,38.712517,-76.316803,0.3,5.65,3.244,25.85,9.24,73.208
2018-06-24T12:15:00Z,HAD,Harris_Creek_Downstream,38.712517,-76.316803,0.3,5.16,3.236,25.8,9.24,66.813
2018-06-24T12:30:00Z,HAD,Harris_Creek_Downstream,38.712517,-76.316803,0.3,5.23,3.239,25.81,9.24,67.728
2018-06-24T12:45:00Z,HAD,Harris_Creek_Downstream,38.712517,-76.316803,0.3,5.15,3.237,25.83,9.24,66.611
2018-06-24T13:00:00Z,HAD,Harris_Creek_Downstream,38.712517,-76.316803,0.3,5.28,3.242,25.84,9.24,68.315
2018-06-24T13:15:00Z,HAD,Harris_Creek_Downstream,38.712517,-76.316803,0.3,4.93,3.247,25.84,9.24,63.817
2018-06-24T13:30:00Z,HAD,Harris_Creek_Downstream,38.712517,-76.316803,0.3,4.81,3.259,25.83,9.24,62.231
2018-06-24T13:45:00Z,HAD,Harris_Creek_Downstream,38.712517,-76.316803,0.3,5.03,3.271,25.85,9.24,65.176
2018-06-24T14:00:00Z,HAD,Harris_Creek_Downstream,38.712517,-76.316803,0.3,5.06,3.287,25.87,9.24,65.479
2018-06-24T14:15:00Z,HAD,Harris_Creek_Downstream,38.712517,-76.316803,0.3,5.32,3.307,25.85,9.24,68.827
2018-06-24T14:30:00Z,HAD,Harris_Creek_Downstream,38.712517,-76.316803,0.3,5.41,3.327,25.86,9.24,70.002
2018-06-24T14:45:00Z,HAD,Harris_Creek_Downstream,38.712517,-76.316803,0.3,5.45,3.352,25.89,9.23,70.564
2018-06-24T15:00:00Z,HAD,Harris_Creek_Downstream,38.712517,-76.316803,0.3,5.74,3.37,25.92,9.23,74.358
2018-06-24T15:15:00Z,HAD,Harris_Creek_Downstream,38.712517,-76.316803,0.3,5.59,3.394,25.92,9.23,72.461
2018-06-24T15:30:00Z,HAD,Harris_Creek_Downstream,38.712517,-76.316803,0.3,5.34,3.415,25.9,9.23,69.247
2018-06-24T15:45:00Z,HAD,Harris_Creek_Downstream,38.712517,-76.316803,0.3,5.52,3.435,25.91,9.22,71.563
2018-06-24T16:00:00Z,HAD,Harris_Creek_Downstream,38.712517,-76.316803,0.3,5.24,3.456,25.91,9.23,67.921
2018-06-24T16:15:00Z,HAD,Harris_Creek_Downstream,38.712517,-76.316803,0.3,5.26,3.477,25.91,9.21,68.139
2018-06-24T16:30:00Z,HAD,Harris_Creek_Downstream,38.712517,-76.316803,0.3,5.24,3.491,25.91,9.21,67.904
2018-06-24T16:45:00Z,HAD,Harris_Creek_Downstream,38.712517,-76.316803,0.3,5.09,3.504,25.91,9.21,65.94
2018-06-24T17:00:00Z,HAD,Harris_Creek_Downstream,38.712517,-76.316803,0.3,5.06,3.521,25.91,9.21,65.562
2018-06-24T17:15:00Z,HAD,Harris_Creek_Downstream,38.712517,-76.316803,0.3,4.85,3.534,25.92,9.21,62.927
2018-06-24T17:30:00Z,HAD,Harris_Creek_Downstream,38.712517,-76.316803,0.3,5.16,3.536,25.93,9.21,66.93
2018-06-24T17:45:00Z,HAD,Harris_Creek_Downstream,38.712517,-76.316803,0.3,4.54,3.536,25.95,9.21,58.874
2018-06-24T18:00:00Z,HAD,Harris_Creek_Downstream,38.712517,-76.316803,0.3,4.71,3.531,25.94,9.21,61.123
2018-06-24T18:15:00Z,HAD,Harris_Creek_Downstream,38.712517,-76.316803,0.3,4.61,3.526,25.91,9.21,59.688
2018-06-24T18:30:00Z,HAD,Harris_Creek_Downstream,38.712517,-76.316803,0.3,4.95,3.514,25.89,9.22,64.144
2018-06-24T18:45:00Z,HAD,Harris_Creek_Downstream,38.712517,-76.316803,0.3,4.97,3.5,25.86,9.22,64.388
2018-06-24T19:00:00Z,HAD,Harris_Creek_Downstream,38.712517,-76.316803,0.3,4.9,3.484,25.84,9.22,63.406
2018-06-24T19:15:00Z,HAD,Harris_Creek_Downstream,38.712517,-76.316803,0.3,4.98,3.466,25.84,9.22,64.522
2018-06-24T19:30:00Z,HAD,Harris_Creek_Downstream,38.712517,-76.316803,0.3,5.12,3.44,25.87,9.22,66.318
2018-06-24T19:45:00Z,HAD,Harris_Creek_Downstream,38.712517,-76.316803,0.3,5.02,3.423,25.95,9.23,65.118
2018-06-24T20:00:00Z,HAD,Harris_Creek_Downstream,38.712517,-76.316803,0.3,4.82,3.401,25.99,9.23,62.617
2018-06-24T20:15:00Z,HAD,Harris_Creek_Downstream,38.712517,-76.316803,0.3,4.76,3.378,26.0,9.23,61.786
2018-06-24T20:30:00Z,HAD,Harris_Creek_Downstream,38.712517,-76.316803,0.3,5.01,3.358,26.02,9.23,65.118
2018-06-24T20:45:00Z,HAD,Harris_Creek_Downstream,38.712517,-76.316803,0.3,5.21,3.333,26.06,9.24,67.652
2018-06-24T21:00:00Z,HAD,Harris_Creek_Downstream,38.712517,-76.316803,0.3,5.27,3.304,26.1,9.24,68.584
2018-06-24T21:15:00Z,HAD,Harris_Creek_Downstream,38.712517,-76.316803,0.3,5.34,3.287,26.14,9.24,69.574
2018-06-24T21:30:00Z,HAD,Harris_Creek_Downstream,38.712517,-76.316803,0.3,5.36,3.267,26.18,9.24,69.851
2018-06-24T21:45:00Z,HAD,Harris_Creek_Downstream,38.712517,-76.316803,0.3,5.78,3.237,26.26,9.24,75.457
2018-06-24T22:00:00Z,HAD,Harris_Creek_Downstream,38.712517,-76.316803,0.3,6.01,3.221,26.32,9.23,78.47
2018-06-24T22:15:00Z,HAD,Harris_Creek_Downstream,38.712517,-76.316803,0.3,5.98,3.202,26.37,9.24,78.159
2018-06-24T22:30:00Z,HAD,Harris_Creek_Downstream,38.712517,-76.316803,0.3,6.25,3.177,26.42,9.23,81.751
2018-06-24T22:45:00Z,HAD,Harris_Creek_Downstream,38.712517,-76.316803,0.3,6.32,3.161,26.47,9.24,82.725
2018-06-24T23:00:00Z,HAD,Harris_Creek_Downstream,38.712517,-76.316803,0.3,6.34,3.153,26.49,9.24,82.993
2018-06-24T23:15:00Z,HAD,Harris_Creek_Downstream,38.712517,-76.316803,0.3,6.45,3.142,26.56,9.23,84.554
2018-06-24T23:30:00Z,HAD,Harris_Creek_Downstream,38.712517,-76.316803,0.3,6.38,3.123,26.56,9.23,83.598
2018-06-24T23:45:00Z,HAD,Harris_Creek_Downstream,38.712517,-76.316803,0.3,6.15,3.124,26.52,9.24,80.643
2018-06-25T00:00:00Z,HAD,Harris_Creek_Downstream,38.712517,-76.316803,0.3,6.03,3.114,26.55,9.23,79.074
2018-06-25T00:15:00Z,HAD,Harris_Creek_Downstream,38.712517,-76.316803,0.3,5.98,3.108,26.59,9.24,78.445
2018-06-25T00:30:00Z,HAD,Harris_Creek_Downstream,38.712517,-76.316803,0.3,5.83,3.104,26.6,9.24,76.506
2018-06-25T00:45:00Z,HAD,Harris_Creek_Downstream,38.712517,-76.316803,0.3,5.76,3.11,26.61,9.25,75.591
2018-06-25T01:00:00Z,HAD,Harris_Creek_Downstream,38.712517,-76.316803,0.3,5.65,3.13,26.6,9.25,74.198
2018-06-25T01:15:00Z,HAD,Harris_Creek_Downstream,38.712517,-76.316803,0.3,5.72,3.144,26.64,9.26,75.079
2018-06-25T01:30:00Z,HAD,Harris_Creek_Downstream,38.712517,-76.316803,0.3,5.2,3.162,26.68,9.25,68.29
2018-06-25T01:45:00Z,HAD,Harris_Creek_Downstream,38.712517,-76.316803,0.3,5.25,3.191,26.66,9.23,68.995
2018-06-25T02:00:00Z,HAD,Harris_Creek_Downstream,38.712517,-76.316803,0.3,6.14,3.217,26.7,9.22,80.635
2018-06-25T02:15:00Z,HAD,Harris_Creek_Downstream,38.712517,-76.316803,0.3,6.03,3.247,26.67,9.21,79.166
2018-06-25T02:30:00Z,HAD,Harris_Creek_Downstream,38.712517,-76.316803,0.3,6.54,3.279,26.66,9.18,85.847
2018-06-25T02:45:00Z,HAD,Harris_Creek_Downstream,38.712517,-76.316803,0.3,6.59,3.317,26.59,9.18,86.392
2018-06-25T03:00:00Z,HAD,Harris_Creek_Downstream,38.712517,-76.316803,0.3,5.92,3.363,26.47,9.22,77.488
2018-06-25T03:15:00Z,HAD,Harris_Creek_Downstream,38.712517,-76.316803,0.3,5.78,3.393,26.44,9.23,75.616
2018-06-25T03:30:00Z,HAD,Harris_Creek_Downstream,38.712517,-76.316803,0.3,5.88,3.422,26.46,9.23,77.026
2018-06-25T03:45:00Z,HAD,Harris_Creek_Downstream,38.712517,-76.316803,0.3,6.07,3.449,26.46,9.23,79.41
2018-06-25T04:00:00Z,HAD,Harris_Creek_Downstream,38.712517,-76.316803,0.3,5.95,3.478,26.44,9.23,77.807
2018-06-25T04:15:00Z,HAD,Harris_Creek_Downstream,38.712517,-76.316803,0.3,6.08,3.507,26.46,9.22,79.611
2018-06-25T04:30:00Z,HAD,Harris_Creek_Downstream,38.712517,-76.316803,0.3,5.89,3.533,26.43,9.22,77.077
2018-06-25T04:45:00Z,HAD,Harris_Creek_Downstream,38.712517,-76.316803,0.3,5.83,3.553,26.38,9.23,76.145
2018-06-25T05:00:00Z,HAD,Harris_Creek_Downstream,38.712517,-76.316803,0.3,5.56,3.577,26.37,9.23,72.671
2018-06-25T05:15:00Z,HAD,Harris_Creek_Downstream,38.712517,-76.316803,0.3,5.48,3.59,26.38,9.23,71.58
2018-06-25T05:30:00Z,HAD,Harris_Creek_Downstream,38.712517,-76.316803,0.3,5.51,3.597,26.41,9.24,72.092
2018-06-25T05:45:00Z,HAD,Harris_Creek_Downstream,38.712517,-76.316803,0.3,5.22,3.612,26.41,9.23,68.214
2018-06-25T06:00:00Z,HAD,Harris_Creek_Downstream,38.712517,-76.316803,0.3,5.33,3.618,26.42,9.23,69.717
2018-06-25T06:15:00Z,HAD,Harris_Creek_Downstream,38.712517,-76.316803,0.3,5.63,3.617,26.45,9.22,73.678
2018-06-25T06:30:00Z,HAD,Harris_Creek_Downstream,38.712517,-76.316803,0.3,4.69,3.621,26.42,9.23,61.408
2018-06-25T06:45:00Z,HAD,Harris_Creek_Downstream,38.712517,-76.316803,0.3,5.19,3.619,26.43,9.24,67.904
2018-06-25T07:00:00Z,HAD,Harris_Creek_Downstream,38.712517,-76.316803,0.3,5.22,3.607,26.42,9.25,68.298
2018-06-25T07:15:00Z,HAD,Harris_Creek_Downstream,38.712517,-76.316803,0.3,5.14,3.595,26.41,9.24,67.283
2018-06-25T07:30:00Z,HAD,Harris_Creek_Downstream,38.712517,-76.316803,0.3,5.07,3.582,26.39,9.24,66.225
2018-06-25T07:45:00Z,HAD,Harris_Creek_Downstream,38.712517,-76.316803,0.3,5.7,3.577,26.4,9.22,74.517
2018-06-25T08:00:00Z,HAD,Harris_Creek_Downstream,38.712517,-76.316803,0.3,4.86,3.558,26.39,9.22,63.557
2018-06-25T08:15:00Z,HAD,Harris_Creek_Downstream,38.712517,-76.316803,0.3,5.72,3.531,26.4,9.2,74.811
2018-06-25T08:30:00Z,HAD,Harris_Creek_Downstream,38.712517,-76.316803,0.3,5.18,3.511,26.39,9.2,67.669
2018-06-25T08:45:00Z,HAD,Harris_Creek_Downstream,38.712517,-76.316803,0.3,5.85,3.495,26.39,9.19,76.414
2018-06-25T09:00:00Z,HAD,Harris_Creek_Downstream,38.712517,-76.316803,0.3,5.81,3.471,26.4,9.19,76.011
2018-06-25T09:15:00Z,HAD,Harris_Creek_Downstream,38.712517,-76.316803,0.3,6.35,3.445,26.52,9.16,83.161
2018-06-25T09:30:00Z,HAD,Harris_Creek_Downstream,38.712517,-76.316803,0.3,6.85,3.423,26.5,9.16,89.707
2018-06-25T09:45:00Z,HAD,Harris_Creek_Downstream,38.712517,-76.316803,0.3,6.49,3.395,26.47,9.16,84.882
2018-06-25T10:00:00Z,HAD,Harris_Creek_Downstream,38.712517,-76.316803,0.3,6.54,3.37,26.44,9.16,85.603
2018-06-25T10:15:00Z,HAD,Harris_Creek_Downstream,38.712517,-76.316803,0.3,6.53,3.344,26.41,9.16,85.301
2018-06-25T10:30:00Z,HAD,Harris_Creek_Downstream,38.712517,-76.316803,0.3,6.38,3.312,26.34,9.16,83.245
2018-06-25T10:45:00Z,HAD,Harris_Creek_Downstream,38.712517,-76.316803,0.3,6.38,3.29,26.33,9.17,83.279
2018-06-25T11:00:00Z,HAD,Harris_Creek_Downstream,38.712517,-76.316803,0.3,6.27,3.273,26.33,9.17,81.81
2018-06-25T11:15:00Z,HAD,Harris_Creek_Downstream,38.712517,-76.316803,0.3,6.13,3.259,26.34,9.18,80.006
2018-06-25T11:30:00Z,HAD,Harris_Creek_Downstream,38.712517,-76.316803,0.3,6.01,3.238,26.35,9.17,78.503
2018-06-25T11:45:00Z,HAD,Harris_Creek_Downstream,38.712517,-76.316803,0.3,6.46,3.209,26.38,9.17,84.445
2018-06-25T12:00:00Z,HAD,Harris_Creek_Downstream,38.712517,-76.316803,0.3,6.38,3.199,26.39,9.17,83.329
2018-06-25T12:15:00Z,HAD,Harris_Creek_Downstream,38.712517,-76.316803,0.3,6.37,3.185,26.41,9.17,83.262
2018-06-25T12:30:00Z,HAD,Harris_Creek_Downstream,38.712517,-76.316803,0.3,6.64,3.172,26.43,9.15,86.862
2018-06-25T12:45:00Z,HAD,Harris_Creek_Downstream,38.712517,-76.316803,0.3,6.51,3.157,26.43,9.15,85.091
2018-06-25T13:00:00Z,HAD,Harris_Creek_Downstream,38.712517,-76.316803,0.3,6.51,3.145,26.44,9.15,85.201
2018-06-25T13:15:00Z,HAD,Harris_Creek_Downstream,38.712517,-76.316803,0.3,6.61,3.142,26.45,9.15,86.443
2018-06-25T13:30:00Z,HAD,Harris_Creek_Downstream,38.712517,-76.316803,0.3,6.8,3.132,26.47,9.14,88.952
2018-06-25T13:45:00Z,HAD,Harris_Creek_Downstream,38.712517,-76.316803,0.3,6.88,3.115,26.49,9.14,90.118
2018-06-25T14:00:00Z,HAD,Harris_Creek_Downstream,38.712517,-76.316803,0.3,6.64,3.114,26.51,9.14,87.005
2018-06-25T14:15:00Z,HAD,Harris_Creek_Downstream,38.712517,-76.316803,0.3,6.59,3.123,26.5,9.14,86.233
2018-06-25T14:30:00Z,HAD,Harris_Creek_Downstream,38.712517,-76.316803,0.3,6.13,3.135,26.48,9.15,80.249
2018-06-25T14:45:00Z,HAD,Harris_Creek_Downstream,38.712517,-76.316803,0.3,6.51,3.143,26.48,9.17,85.226
2018-06-25T15:00:00Z,HAD,Harris_Creek_Downstream,38.712517,-76.316803,0.3,6.44,3.15,26.45,9.14,84.177
2018-06-25T15:15:00Z,HAD,Harris_Creek_Downstream,38.712517,-76.316803,0.3,6.56,3.16,26.43,9.14,85.788
2018-06-25T15:30:00Z,HAD,Harris_Creek_Downstream,38.712517,-76.316803,0.3,6.71,3.177,26.42,9.15,87.676
2018-06-25T15:45:00Z,HAD,Harris_Creek_Downstream,38.712517,-76.316803,0.3,6.7,3.19,26.44,9.14,87.567
2018-06-25T16:00:00Z,HAD,Harris_Creek_Downstream,38.712517,-76.316803,0.3,6.68,3.209,26.45,9.14,87.341
2018-06-25T16:15:00Z,HAD,Harris_Creek_Downstream,38.712517,-76.316803,0.3,6.59,3.23,26.45,9.15,86.258
2018-06-25T16:30:00Z,HAD,Harris_Creek_Downstream,38.712517,-76.316803,0.3,6.83,3.244,26.47,9.15,89.388
2018-06-25T16:45:00Z,HAD,Harris_Creek_Downstream,38.712517,-76.316803,0.3,6.8,3.259,26.47,9.15,89.011
2018-06-25T17:00:00Z,HAD,Harris_Creek_Downstream,38.712517,-76.316803,0.3,6.83,3.272,26.48,9.14,89.321
2018-06-25T17:15:00Z,HAD,Harris_Creek_Downstream,38.712517,-76.316803,0.3,6.85,3.281,26.5,9.14,89.623
2018-06-25T17:30:00Z,HAD,Harris_Creek_Downstream,38.712517,-76.316803,0.3,7.03,3.289,26.52,9.14,92.057
2018-06-25T17:45:00Z,HAD,Harris_Creek_Downstream,38.712517,-76.316803,0.3,7.0,3.297,26.52,9.13,91.629
2018-06-25T18:00:00Z,HAD,Harris_Creek_Downstream,38.712517,-76.316803,0.3,7.01,3.304,26.51,9.13,91.73
2018-06-25T18:15:00Z,HAD,Harris_Creek_Downstream,38.712517,-76.316803,0.3,7.1,3.311,26.49,9.12,92.947
2018-06-25T18:30:00Z,HAD,Harris_Creek_Downstream,38.712517,-76.316803,0.3,7.09,3.308,26.5,9.12,92.754
2018-06-25T18:45:00Z,HAD,Harris_Creek_Downstream,38.712517,-76.316803,0.3,6.95,3.302,26.5,9.12,91.016
2018-06-25T19:00:00Z,HAD,Harris_Creek_Downstream,38.712517,-76.316803,0.3,7.27,3.3,26.5,9.13,95.145
2018-06-25T19:15:00Z,HAD,Harris_Creek_Downstream,38.712517,-76.316803,0.3,6.94,3.296,26.51,9.13,90.899
2018-06-25T19:30:00Z,HAD,Harris_Creek_Downstream,38.712517,-76.316803,0.3,7.28,3.284,26.5,9.13,95.246
2018-06-25T19:45:00Z,HAD,Harris_Creek_Downstream,38.712517,-76.316803,0.3,7.35,3.272,26.57,9.12,96.329
2018-06-25T20:00:00Z,HAD,Harris_Creek_Downstream,38.712517,-76.316803,0.3,6.88,3.253,26.55,9.12,90.169
2018-06-25T20:15:00Z,HAD,Harris_Creek_Downstream,38.712517,-76.316803,0.3,7.48,3.235,26.61,9.11,98.041
2018-06-25T20:30:00Z,HAD,Harris_Creek_Downstream,38.712517,-76.316803,0.3,8.65,3.213,26.81,9.09,113.793
2018-06-25T20:45:00Z,HAD,Harris_Creek_Downstream,38.712517,-76.316803,0.3,8.82,3.194,26.85,9.1,116.151
2018-06-25T21:00:00Z,HAD,Harris_Creek_Downstream,38.712517,-76.316803,0.3,8.64,3.174,26.84,9.12,113.827
2018-06-25T21:15:00Z,HAD,Harris_Creek_Downstream,38.712517,-76.316803,0.3,8.64,3.154,26.84,9.16,113.768
2018-06-25T21:30:00Z,HAD,Harris_Creek_Downstream,38.712517,-76.316803,0.3,8.59,3.132,26.84,9.2,113.223
2018-06-25T21:45:00Z,HAD,Harris_Creek_Downstream,38.712517,-76.316803,0.3,8.44,3.106,26.85,9.11,111.175
2018-06-25T22:00:00Z,HAD,Harris_Creek_Downstream,38.712517,-76.316803,0.3,8.66,3.083,26.87,9.12,114.129
2018-06-25T22:15:00Z,HAD,Harris_Creek_Downstream,38.712517,-76.316803,0.3,8.44,3.064,26.9,9.12,111.309
2018-06-25T22:30:00Z,HAD,Harris_Creek_Downstream,38.712517,-76.316803,0.3,8.26,3.043,26.95,9.11,108.951
2018-06-25T22:45:00Z,HAD,Harris_Creek_Downstream,38.712517,-76.316803,0.3,8.12,3.02,27.0,9.11,107.214
2018-06-25T23:00:00Z,HAD,Harris_Creek_Downstream,38.712517,-76.316803,0.3,8.42,3.0,27.08,9.13,111.376
2018-06-25T23:15:00Z,HAD,Harris_Creek_Downstream,38.712517,-76.316803,0.3,8.46,2.98,27.13,9.15,111.997
2018-06-25T23:30:00Z,HAD,Harris_Creek_Downstream,38.712517,-76.316803,0.3,8.11,2.965,27.12,9.17,107.381
2018-06-25T23:45:00Z,HAD,Harris_Creek_Downstream,38.712517,-76.316803,0.3,8.11,2.952,27.13,9.18,107.323
2018-06-26T00:00:00Z,HAD,Harris_Creek_Downstream,38.712517,-76.316803,0.3,7.84,2.938,27.11,9.18,103.739
2018-06-26T00:15:00Z,HAD,Harris_Creek_Downstream,38.712517,-76.316803,0.3,7.9,2.928,27.1,9.21,104.595
2018-06-26T00:30:00Z,HAD,Harris_Creek_Downstream,38.712517,-76.316803,0.3,7.79,2.92,27.09,9.18,103.076
2018-06-26T00:45:00Z,HAD,Harris_Creek_Downstream,38.712517,-76.316803,0.3,7.32,2.918,27.09,9.17,96.883
2018-06-26T01:00:00Z,HAD,Harris_Creek_Downstream,38.712517,-76.316803,0.3,7.31,2.917,27.08,9.19,96.774
2018-06-26T01:15:00Z,HAD,Harris_Creek_Downstream,38.712517,-76.316803,0.3,6.99,2.925,27.05,9.2,92.477
2018-06-26T01:30:00Z,HAD,Harris_Creek_Downstream,38.712517,-76.316803,0.3,7.17,2.936,27.04,9.19,94.843
2018-06-26T01:45:00Z,HAD,Harris_Creek_Downstream,38.712517,-76.316803,0.3,6.99,2.951,27.02,9.2,92.443
2018-06-26T02:00:00Z,HAD,Harris_Creek_Downstream,38.712517,-76.316803,0.3,7.17,2.973,27.0,9.19,94.759
2018-06-26T02:15:00Z,HAD,Harris_Creek_Downstream,38.712517,-76.316803,0.3,7.55,2.996,26.96,9.19,99.702
2018-06-26T02:30:00Z,HAD,Harris_Creek_Downstream,38.712517,-76.316803,0.3,7.75,3.024,26.92,9.18,102.203
2018-06-26T02:45:00Z,HAD,Harris_Creek_Downstream,38.712517,-76.316803,0.3,7.93,3.052,26.88,9.17,104.57
2018-06-26T03:00:00Z,HAD,Harris_Creek_Downstream,38.712517,-76.316803,0.3,8.22,3.084,26.81,9.15,108.279
2018-06-26T03:15:00Z,HAD,Harris_Creek_Downstream,38.712517,-76.316803,0.3,8.33,3.118,26.74,9.15,109.589
2018-06-26T03:30:00Z,HAD,Harris_Creek_Downstream,38.712517,-76.316803,0.3,8.49,3.151,26.69,9.14,111.536
2018-06-26T03:45:00Z,HAD,Harris_Creek_Downstream,38.712517,-76.316803,0.3,8.4,3.187,26.57,9.13,110.075
2018-06-26T04:00:00Z,HAD,Harris_Creek_Downstream,38.712517,-76.316803,0.3,8.16,3.221,26.53,9.13,106.903
2018-06-26T04:15:00Z,HAD,Harris_Creek_Downstream,38.712517,-76.316803,0.3,8.17,3.257,26.48,9.12,106.979
2018-06-26T04:30:00Z,HAD,Harris_Creek_Downstream,38.712517,-76.316803,0.3,8.17,3.293,26.45,9.12,106.903
2018-06-26T04:45:00Z,HAD,Harris_Creek_Downstream,38.712517,-76.316803,0.3,7.96,3.329,26.43,9.12,104.125
2018-06-26T05:00:00Z,HAD,Harris_Creek_Downstream,38.712517,-76.316803,0.3,8.34,3.361,26.38,9.11,108.951
2018-06-26T05:15:00Z,HAD,Harris_Creek_Downstream,38.712517,-76.316803,0.3,8.22,3.393,26.36,9.11,107.306
2018-06-26T05:30:00Z,HAD,Harris_Creek_Downstream,38.712517,-76.316803,0.3,8.09,3.423,26.33,9.12,105.602
2018-06-26T05:45:00Z,HAD,Harris_Creek_Downstream,38.712517,-76.316803,0.3,8.12,3.449,26.29,9.12,105.871
2018-06-26T06:00:00Z,HAD,Harris_Creek_Downstream,38.712517,-76.316803,0.3,8.21,3.473,26.27,9.13,107.063
2018-06-26T06:15:00Z,HAD,Harris_Creek_Downstream,38.712517,-76.316803,0.3,8.09,3.497,26.24,9.13,105.46
2018-06-26T06:30:00Z,HAD,Harris_Creek_Downstream,38.712517,-76.316803,0.3,7.75,3.515,26.21,9.12,100.978
2018-06-26T06:45:00Z,HAD,Harris_Creek_Downstream,38.712517,-76.316803,0.3,7.75,3.534,26.18,9.13,100.827
2018-06-26T07:00:00Z,HAD,Harris_Creek_Downstream,38.712517,-76.316803,0.3,7.75,3.546,26.14,9.12,100.852
2018-06-26T07:15:00Z,HAD,Harris_Creek_Downstream,38.712517,-76.316803,0.3,7.66,3.55,26.13,9.12,99.593
2018-06-26T07:30:00Z,HAD,Harris_Creek_Downstream,38.712517,-76.316803,0.3,7.71,3.554,26.13,9.12,100.214
2018-06-26T07:45:00Z,HAD,Harris_Creek_Downstream,38.712517,-76.316803,0.3,7.64,3.556,26.14,9.11,99.392
2018-06-26T08:00:00Z,HAD,Harris_Creek_Downstream,38.712517,-76.316803,0.3,7.39,3.551,26.13,9.11,96.035
2018-06-26T08:15:00Z,HAD,Harris_Creek_Downstream,38.712517,-76.316803,0.3,7.34,3.548,26.15,9.12,95.439
2018-06-26T08:30:00Z,HAD,Harris_Creek_Downstream,38.712517,-76.316803,0.3,7.22,3.542,26.19,9.12,93.97
2018-06-26T08:45:00Z,HAD,Harris_Creek_Downstream,38.712517,-76.316803,0.3,7.24,3.53,26.25,9.14,94.407
2018-06-26T09:00:00Z,HAD,Harris_Creek_Downstream,38.712517,-76.316803,0.3,7.01,3.513,26.27,9.16,91.436
2018-06-26T09:15:00Z,HAD,Harris_Creek_Downstream,38.712517,-76.316803,0.3,6.94,3.504,26.27,9.15,90.488
2018-06-26T09:30:00Z,HAD,Harris_Creek_Downstream,38.712517,-76.316803,0.3,7.25,3.483,26.26,9.15,94.491
2018-06-26T09:45:00Z,HAD,Harris_Creek_Downstream,38.712517,-76.316803,0.3,6.98,3.462,26.25,9.15,90.924
2018-06-26T10:00:00Z,HAD,Harris_Creek_Downstream,38.712517,-76.316803,0.3,7.14,3.444,26.25,9.15,93.089
2018-06-26T10:15:00Z,HAD,Harris_Creek_Downstream,38.712517,-76.316803,0.3,7.07,3.418,26.2,9.15,92.133
2018-06-26T10:30:00Z,HAD,Harris_Creek_Downstream,38.712517,-76.316803,0.3,7.14,3.398,26.17,9.15,92.905
2018-06-26T10:45:00Z,HAD,Harris_Creek_Downstream,38.712517,-76.316803,0.3,7.08,3.377,26.12,9.15,92.023
2018-06-26T11:00:00Z,HAD,Harris_Creek_Downstream,38.712517,-76.316803,0.3,6.89,3.36,26.12,9.13,89.556
2018-06-26T11:15:00Z,HAD,Harris_Creek_Downstream,38.712517,-76.316803,0.3,7.03,3.339,26.11,9.15,91.411
2018-06-26T11:30:00Z,HAD,Harris_Creek_Downstream,38.712517,-76.316803,0.3,7.0,3.315,26.05,9.13,90.865
2018-06-26T11:45:00Z,HAD,Harris_Creek_Downstream,38.712517,-76.316803,0.3,6.9,3.294,25.93,9.12,89.413
2018-06-26T12:00:00Z,HAD,Harris_Creek_Downstream,38.712517,-76.316803,0.3,6.81,3.277,25.95,9.12,88.239
2018-06-26T12:15:00Z,HAD,Harris_Creek_Downstream,38.712517,-76.316803,0.3,6.92,3.263,25.96,9.12,89.665
2018-06-26T12:30:00Z,HAD,Harris_Creek_Downstream,38.712517,-76.316803,0.3,6.89,3.248,25.97,9.1,89.313
2018-06-26T12:45:00Z,HAD,Harris_Creek_Downstream,38.712517,-76.316803,0.3,6.87,3.235,25.97,9.12,89.137
2018-06-26T13:00:00Z,HAD,Harris_Creek_Downstream,38.712517,-76.316803,0.3,6.85,3.223,25.95,9.11,88.767
2018-06-26T13:15:00Z,HAD,Harris_Creek_Downstream,38.712517,-76.316803,0.3,6.6,3.215,25.94,9.11,85.511
2018-06-26T13:30:00Z,HAD,Harris_Creek_Downstream,38.712517,-76.316803,0.3,6.65,3.21,25.94,9.1,86.182
2018-06-26T13:45:00Z,HAD,Harris_Creek_Downstream,38.712517,-76.316803,0.3,6.8,3.206,25.96,9.1,88.146
2018-06-26T14:00:00Z,HAD,Harris_Creek_Downstream,38.712517,-76.316803,0.3,6.67,3.211,25.98,9.11,86.493
2018-06-26T14:15:00Z,HAD,Harris_Creek_Downstream,38.712517,-76.316803,0.3,6.28,3.213,25.99,9.11,81.483
2018-06-26T14:30:00Z,HAD,Harris_Creek_Downstream,38.712517,-76.316803,0.3,5.97,3.219,26.05,9.14,77.522
2018-06-26T14:45:00Z,HAD,Harris_Creek_Downstream,38.712517,-76.316803,0.3,5.65,3.231,26.1,9.17,73.426
2018-06-26T15:00:00Z,HAD,Harris_Creek_Downstream,38.712517,-76.316803,0.3,5.62,3.245,26.12,9.18,73.099
2018-06-26T15:15:00Z,HAD,Harris_Creek_Downstream,38.712517,-76.316803,0.3,5.58,3.262,26.14,9.18,72.604
2018-06-26T15:30:00Z,HAD,Harris_Creek_Downstream,38.712517,-76.316803,0.3,5.49,3.284,26.15,9.17,71.412
2018-06-26T15:45:00Z,HAD,Harris_Creek_Downstream,38.712517,-76.316803,0.3,5.88,3.307,26.13,9.15,76.472
2018-06-26T16:00:00Z,HAD,Harris_Creek_Downstream,38.712517,-76.316803,0.3,6.45,3.333,26.18,9.12,83.958
2018-06-26T16:15:00Z,HAD,Harris_Creek_Downstream,38.712517,-76.316803,0.3,6.61,3.356,26.15,9.12,86.04
2018-06-26T16:30:00Z,HAD,Harris_Creek_Downstream,38.712517,-76.316803,0.3,6.58,3.383,26.18,9.12,85.696
2018-06-26T16:45:00Z,HAD,Harris_Creek_Downstream,38.712517,-76.316803,0.3,6.73,3.411,26.14,9.13,87.542
2018-06-26T17:00:00Z,HAD,Harris_Creek_Downstream,38.712517,-76.316803,0.3,6.02,3.445,26.16,9.13,78.319
2018-06-26T17:15:00Z,HAD,Harris_Creek_Downstream,38.712517,-76.316803,0.3,6.63,3.471,26.29,9.13,86.493
2018-06-26T17:30:00Z,HAD,Harris_Creek_Downstream,38.712517,-76.316803,0.3,7.04,3.497,26.31,9.12,91.797
2018-06-26T17:45:00Z,HAD,Harris_Creek_Downstream,38.712517,-76.316803,0.3,7.63,3.528,26.35,9.24,99.702
2018-06-26T18:00:00Z,HAD,Harris_Creek_Downstream,38.712517,-76.316803,0.3,7.98,3.545,26.37,9.11,104.167
2018-06-26T18:15:00Z,HAD,Harris_Creek_Downstream,38.712517,-76.316803,0.3,8.07,3.567,26.36,9.11,105.317
2018-06-26T18:30:00Z,HAD,Harris_Creek_Downstream,38.712517,-76.316803,0.3,7.52,3.584,26.35,9.13,98.125
2018-06-26T18:45:00Z,HAD,Harris_Creek_Downstream,38.712517,-76.316803,0.3,8.2,3.601,26.39,9.13,107.205
2018-06-26T19:00:00Z,HAD,Harris_Creek_Downstream,38.712517,-76.316803,0.3,8.06,3.617,26.4,9.13,105.376
2018-06-26T19:15:00Z,HAD,Harris_Creek_Downstream,38.712517,-76.316803,0.3,7.73,3.619,26.38,9.13,100.986
2018-06-26T19:30:00Z,HAD,Harris_Creek_Downstream,38.712517,-76.316803,0.3,7.61,3.629,26.4,9.13,99.467
2018-06-26T19:45:00Z,HAD,Harris_Creek_Downstream,38.712517,-76.316803,0.3,7.64,3.633,26.41,9.13,99.845
2018-06-26T20:00:00Z,HAD,Harris_Creek_Downstream,38.712517,-76.316803,0.3,7.46,3.636,26.41,9.13,97.554
2018-06-26T20:15:00Z,HAD,Harris_Creek_Downstream,38.712517,-76.316803,0.3,7.78,3.625,26.43,9.13,101.683
2018-06-26T20:30:00Z,HAD,Harris_Creek_Downstream,38.712517,-76.316803,0.3,7.6,3.621,26.44,9.13,99.417
2018-06-26T20:45:00Z,HAD,Harris_Creek_Downstream,38.712517,-76.316803,0.3,7.63,3.607,26.47,9.13,99.82
2018-06-26T21:00:00Z,HAD,Harris_Creek_Downstream,38.712517,-76.316803,0.3,7.58,3.588,26.47,9.12,99.123
2018-06-26T21:15:00Z,HAD,Harris_Creek_Downstream,38.712517,-76.316803,0.3,7.98,3.576,26.45,9.13,104.427
2018-06-26T21:30:00Z,HAD,Harris_Creek_Downstream,38.712517,-76.316803,0.3,8.18,3.555,26.46,9.13,107.021
2018-06-26T21:45:00Z,HAD,Harris_Creek_Downstream,38.712517,-76.316803,0.3,8.36,3.523,26.48,9.13,109.396
2018-06-26T22:00:00Z,HAD,Harris_Creek_Downstream,38.712517,-76.316803,0.3,8.05,3.502,26.52,9.13,105.443
2018-06-26T22:15:00Z,HAD,Harris_Creek_Downstream,38.712517,-76.316803,0.3,7.44,3.476,26.58,9.13,97.562
2018-06-26T22:30:00Z,HAD,Harris_Creek_Downstream,38.712517,-76.316803,0.3,7.54,3.456,26.62,9.13,98.855
2018-06-26T22:45:00Z,HAD,Harris_Creek_Downstream,38.712517,-76.316803,0.3,7.65,3.431,26.65,9.12,100.391
2018-06-26T23:00:00Z,HAD,Harris_Creek_Downstream,38.712517,-76.316803,0.3,7.8,3.411,26.64,9.12,102.388
2018-06-26T23:15:00Z,HAD,Harris_Creek_Downstream,38.712517,-76.316803,0.3,7.72,3.387,26.62,9.13,101.339
2018-06-26T23:30:00Z,HAD,Harris_Creek_Downstream,38.712517,-76.316803,0.3,8.01,3.36,26.56,9.13,104.956
2018-06-26T23:45:00Z,HAD,Harris_Creek_Downstream,38.712517,-76.316803,0.3,8.07,3.347,26.48,9.13,105.619
2018-06-27T00:00:00Z,HAD,Harris_Creek_Downstream,38.712517,-76.316803,0.3,8.08,3.325,26.45,9.13,105.728
2018-06-27T00:15:00Z,HAD,Harris_Creek_Downstream,38.712517,-76.316803,0.3,8.03,3.311,26.42,9.13,105.015
2018-06-27T00:30:00Z,HAD,Harris_Creek_Downstream,38.712517,-76.316803,0.3,7.83,3.292,26.43,9.13,102.363
2018-06-27T00:45:00Z,HAD,Harris_Creek_Downstream,38.712517,-76.316803,0.3,7.79,3.28,26.45,9.13,101.868
2018-06-27T01:00:00Z,HAD,Harris_Creek_Downstream,38.712517,-76.316803,0.3,7.74,3.274,26.45,9.13,101.196
2018-06-27T01:15:00Z,HAD,Harris_Creek_Downstream,38.712517,-76.316803,0.3,7.41,3.262,26.43,9.13,96.916
2018-06-27T01:30:00Z,HAD,Harris_Creek_Downstream,38.712517,-76.316803,0.3,7.49,3.263,26.35,9.12,97.789
2018-06-27T01:45:00Z,HAD,Harris_Creek_Downstream,38.712517,-76.316803,0.3,7.2,3.267,26.3,9.12,93.853
2018-06-27T02:00:00Z,HAD,Harris_Creek_Downstream,38.712517,-76.316803,0.3,7.53,3.276,26.23,9.14,98.049
2018-06-27T02:15:00Z,HAD,Harris_Creek_Downstream,38.712517,-76.316803,0.3,7.38,3.287,26.19,9.17,96.052
2018-06-27T02:30:00Z,HAD,Harris_Creek_Downstream,38.712517,-76.316803,0.3,7.59,3.304,26.12,9.12,98.628
2018-06-27T02:45:00Z,HAD,Harris_Creek_Downstream,38.712517,-76.316803,0.3,7.39,3.32,26.05,9.18,95.985
2018-06-27T03:00:00Z,HAD,Harris_Creek_Downstream,38.712517,-76.316803,0.3,7.21,3.337,25.99,9.18,93.542
2018-06-27T03:15:00Z,HAD,Harris_Creek_Downstream,38.712517,-76.316803,0.3,7.14,3.369,26.0,9.17,92.678
2018-06-27T03:30:00Z,HAD,Harris_Creek_Downstream,38.712517,-76.316803,0.3,7.35,3.392,26.08,9.17,95.573
2018-06-27T03:45:00Z,HAD,Harris_Creek_Downstream,38.712517,-76.316803,0.3,7.7,3.43,25.91,9.17,99.803
2018-06-27T04:00:00Z,HAD,Harris_Creek_Downstream,38.712517,-76.316803,0.3,7.64,3.453,25.93,9.19,98.981
2018-06-27T04:15:00Z,HAD,Harris_Creek_Downstream,38.712517,-76.316803,0.3,7.67,3.489,25.87,9.19,99.325
2018-06-27T04:30:00Z,HAD,Harris_Creek_Downstream,38.712517,-76.316803,0.3,7.93,3.523,25.75,9.2,102.472
2018-06-27T04:45:00Z,HAD,Harris_Creek_Downstream,38.712517,-76.316803,0.3,8.09,3.567,25.69,9.17,104.385
2018-06-27T05:00:00Z,HAD,Harris_Creek_Downstream,38.712517,-76.316803,0.3,8.2,3.597,25.71,9.16,105.913
2018-06-27T05:15:00Z,HAD,Harris_Creek_Downstream,38.712517,-76.316803,0.3,7.89,3.636,25.69,9.16,101.801
2018-06-27T05:30:00Z,HAD,Harris_Creek_Downstream,38.712517,-76.316803,0.3,7.96,3.667,25.57,9.1,102.455
2018-06-27T05:45:00Z,HAD,Harris_Creek_Downstream,38.712517,-76.316803,0.3,7.71,3.695,25.5,9.11,99.132
2018-06-27T06:00:00Z,HAD,Harris_Creek_Downstream,38.712517,-76.316803,0.3,7.79,3.725,25.43,9.11,100.097
2018-06-27T06:15:00Z,HAD,Harris_Creek_Downstream,38.712517,-76.316803,0.3,7.75,3.751,25.41,9.11,99.476
2018-06-27T06:30:00Z,HAD,Harris_Creek_Downstream,38.712517,-76.316803,0.3,7.54,3.772,25.41,9.1,96.732
2018-06-27T06:45:00Z,HAD,Harris_Creek_Downstream,38.712517,-76.316803,0.3,7.73,3.794,25.38,9.17,99.191
2018-06-27T07:00:00Z,HAD,Harris_Creek_Downstream,38.712517,-76.316803,0.3,7.7,3.815,25.35,9.14,98.721
2018-06-27T07:15:00Z,HAD,Harris_Creek_Downstream,38.712517,-76.316803,0.3,7.74,3.821,25.33,9.13,99.216
2018-06-27T07:30:00Z,HAD,Harris_Creek_Downstream,38.712517,-76.316803,0.3,7.56,3.834,25.35,9.09,96.916
2018-06-27T07:45:00Z,HAD,Harris_Creek_Downstream,38.712517,-76.316803,0.3,7.64,3.843,25.36,9.1,98.049
2018-06-27T08:00:00Z,HAD,Harris_Creek_Downstream,38.712517,-76.316803,0.3,7.39,3.85,25.36,9.17,94.751
2018-06-27T08:15:00Z,HAD,Harris_Creek_Downstream,38.712517,-76.316803,0.3,7.33,3.85,25.35,9.1,94.004
2018-06-27T08:30:00Z,HAD,Harris_Creek_Downstream,38.712517,-76.316803,0.3,7.35,3.844,25.33,9.1,94.18
2018-06-27T08:45:00Z,HAD,Harris_Creek_Downstream,38.712517,-76.316803,0.3,7.15,3.845,25.33,9.11,91.604
2018-06-27T09:00:00Z,HAD,Harris_Creek_Downstream,38.712517,-76.316803,0.3,7.21,3.834,25.28,9.18,92.41
2018-06-27T09:15:00Z,HAD,Harris_Creek_Downstream,38.712517,-76.316803,0.3,7.21,3.824,25.26,9.14,92.292
2018-06-27T09:30:00Z,HAD,Harris_Creek_Downstream,38.712517,-76.316803,0.3,7.19,3.805,25.24,9.22,92.082
2018-06-27T09:45:00Z,HAD,Harris_Creek_Downstream,38.712517,-76.316803,0.3,7.16,3.791,25.23,9.25,91.738
2018-06-27T10:00:00Z,HAD,Harris_Creek_Downstream,38.712517,-76.316803,0.3,7.4,3.768,25.22,9.23,94.793
2018-06-27T10:15:00Z,HAD,Harris_Creek_Downstream,38.712517,-76.316803,0.3,7.41,3.752,25.2,9.26,94.877
2018-06-27T10:30:00Z,HAD,Harris_Creek_Downstream,38.712517,-76.316803,0.3,7.2,3.728,25.18,9.25,92.158
2018-06-27T10:45:00Z,HAD,Harris_Creek_Downstream,38.712517,-76.316803,0.3,7.04,3.707,25.2,9.16,90.06
2018-06-27T11:00:00Z,HAD,Harris_Creek_Downstream,38.712517,-76.316803,0.3,6.84,3.69,25.23,9.16,87.576
2018-06-27T11:15:00Z,HAD,Harris_Creek_Downstream,38.712517,-76.316803,0.3,7.03,3.657,25.22,9.22,89.942
2018-06-27T11:30:00Z,HAD,Harris_Creek_Downstream,38.712517,-76.316803,0.3,7.1,3.641,25.23,9.25,90.882
2018-06-27T11:45:00Z,HAD,Harris_Creek_Downstream,38.712517,-76.316803,0.3,7.06,3.608,25.19,9.17,90.303
2018-06-27T12:00:00Z,HAD,Harris_Creek_Downstream,38.712517,-76.316803,0.3,7.07,3.596,25.14,9.18,90.311
2018-06-27T12:15:00Z,HAD,Harris_Creek_Downstream,38.712517,-76.316803,0.3,6.87,3.57,25.12,9.18,87.785
2018-06-27T12:30:00Z,HAD,Harris_Creek_Downstream,38.712517,-76.316803,0.3,6.84,3.557,25.18,9.27,87.483
2018-06-27T12:45:00Z,HAD,Harris_Creek_Downstream,38.712517,-76.316803,0.3,6.88,3.535,25.21,9.22,88.062
2018-06-27T13:00:00Z,HAD,Harris_Creek_Downstream,38.712517,-76.316803,0.3,6.9,3.518,25.23,9.22,88.339
2018-06-27T13:15:00Z,HAD,Harris_Creek_Downstream,38.712517,-76.316803,0.3,6.95,3.523,25.24,9.22,89.027
2018-06-27T13:30:00Z,HAD,Harris_Creek_Downstream,38.712517,-76.316803,0.3,6.99,3.509,25.24,9.16,89.523
2018-06-27T13:45:00Z,HAD,Harris_Creek_Downstream,38.712517,-76.316803,0.3,6.99,3.507,25.25,9.25,89.506
2018-06-27T14:00:00Z,HAD,Harris_Creek_Downstream,38.712517,-76.316803,0.3,6.95,3.502,25.23,9.15,88.994
2018-06-27T14:15:00Z,HAD,Harris_Creek_Downstream,38.712517,-76.316803,0.3,6.82,3.499,25.21,9.16,87.215
2018-06-27T14:30:00Z,HAD,Harris_Creek_Downstream,38.712517,-76.316803,0.3,6.82,3.497,25.2,9.15,87.299
2018-06-27T14:45:00Z,HAD,Harris_Creek_Downstream,38.712517,-76.316803,0.3,6.82,3.501,25.19,9.17,87.257
2018-06-27T15:00:00Z,HAD,Harris_Creek_Downstream,38.712517,-76.316803,0.3,6.92,3.516,25.17,9.17,88.515
2018-06-27T15:15:00Z,HAD,Harris_Creek_Downstream,38.712517,-76.316803,0.3,6.75,3.514,25.16,9.2,86.308
2018-06-27T15:30:00Z,HAD,Harris_Creek_Downstream,38.712517,-76.316803,0.3,6.9,3.516,25.15,9.23,88.188
2018-06-27T15:45:00Z,HAD,Harris_Creek_Downstream,38.712517,-76.316803,0.3,6.78,3.516,25.15,9.24,86.711
2018-06-27T16:00:00Z,HAD,Harris_Creek_Downstream,38.712517,-76.316803,0.3,6.83,3.538,25.18,9.21,87.366
2018-06-27T16:15:00Z,HAD,Harris_Creek_Downstream,38.712517,-76.316803,0.3,7.0,3.555,25.14,9.23,89.439
2018-06-27T16:30:00Z,HAD,Harris_Creek_Downstream,38.712517,-76.316803,0.3,6.8,3.571,25.14,9.21,86.904
2018-06-27T16:45:00Z,HAD,Harris_Creek_Downstream,38.712517,-76.316803,0.3,6.85,3.587,25.11,9.15,87.433
2018-06-27T17:00:00Z,HAD,Harris_Creek_Downstream,38.712517,-76.316803,0.3,7.18,3.618,25.14,9.13,91.679
2018-06-27T17:15:00Z,HAD,Harris_Creek_Downstream,38.712517,-76.316803,0.3,7.35,3.63,25.12,9.13,93.912
2018-06-27T17:30:00Z,HAD,Harris_Creek_Downstream,38.712517,-76.316803,0.3,7.36,3.648,25.12,9.18,94.038
2018-06-27T17:45:00Z,HAD,Harris_Creek_Downstream,38.712517,-76.316803,0.3,7.54,3.67,25.22,9.16,96.497
2018-06-27T18:00:00Z,HAD,Harris_Creek_Downstream,38.712517,-76.316803,0.3,7.7,3.686,25.29,9.14,98.687
2018-06-27T18:15:00Z,HAD,Harris_Creek_Downstream,38.712517,-76.316803,0.3,7.72,3.705,25.33,9.13,98.997
2018-06-27T18:30:00Z,HAD,Harris_Creek_Downstream,38.712517,-76.316803,0.3,7.77,3.717,25.4,9.09,99.652
2018-06-27T18:45:00Z,HAD,Harris_Creek_Downstream,38.712517,-76.316803,0.3,7.77,3.743,25.45,9.07,99.786
2018-06-27T19:00:00Z,HAD,Harris_Creek_Downstream,38.712517,-76.316803,0.3,7.72,3.755,25.44,8.97,99.132
2018-06-27T19:15:00Z,HAD,Harris_Creek_Downstream,38.712517,-76.316803,0.3,7.68,3.768,25.37,8.96,98.385
2018-06-27T19:30:00Z,HAD,Harris_Creek_Downstream,38.712517,-76.316803,0.3,7.81,3.773,25.38,9.03,100.114
2018-06-27T19:45:00Z,HAD,Harris_Creek_Downstream,38.712517,-76.316803,0.3,7.78,3.777,25.37,9.04,99.795
2018-06-27T20:00:00Z,HAD,Harris_Creek_Downstream,38.712517,-76.316803,0.3,7.93,3.788,25.38,9.08,101.759
2018-06-27T20:15:00Z,HAD,Harris_Creek_Downstream,38.712517,-76.316803,0.3,7.61,3.788,25.36,9.07,97.546
2018-06-27T20:30:00Z,HAD,Harris_Creek_Downstream,38.712517,-76.316803,0.3,7.56,3.775,25.3,8.99,96.74
2018-06-27T20:45:00Z,HAD,Harris_Creek_Downstream,38.712517,-76.316803,0.3,7.74,3.772,25.25,9.01,98.997
2018-06-27T21:00:00Z,HAD,Harris_Creek_Downstream,38.712517,-76.316803,0.3,7.65,3.762,25.26,9.0,97.839
2018-06-27T21:15:00Z,HAD,Harris_Creek_Downstream,38.712517,-76.316803,0.3,7.36,3.743,25.27,9.01,94.247
2018-06-27T21:30:00Z,HAD,Harris_Creek_Downstream,38.712517,-76.316803,0.3,7.66,3.731,25.29,8.97,98.032
2018-06-27T21:45:00Z,HAD,Harris_Creek_Downstream,38.712517,-76.316803,0.3,7.52,3.718,25.29,9.02,96.329
2018-06-27T22:00:00Z,HAD,Harris_Creek_Downstream,38.712517,-76.316803,0.3,7.36,3.695,25.29,9.01,94.239
2018-06-27T22:15:00Z,HAD,Harris_Creek_Downstream,38.712517,-76.316803,0.3,7.35,3.674,25.23,9.0,93.987
2018-06-27T22:30:00Z,HAD,Harris_Creek_Downstream,38.712517,-76.316803,0.3,7.38,3.655,25.15,8.95,94.264
2018-06-27T22:45:00Z,HAD,Harris_Creek_Downstream,38.712517,-76.316803,0.3,7.44,3.647,25.06,8.93,94.785
2018-06-27T23:00:00Z,HAD,Harris_Creek_Downstream,38.712517,-76.316803,0.3,7.38,3.609,25.03,8.98,93.962
2018-06-27T23:15:00Z,HAD,Harris_Creek_Downstream,38.712517,-76.316803,0.3,7.33,3.597,25.04,8.98,93.4
2018-06-27T23:30:00Z,HAD,Harris_Creek_Downstream,38.712517,-76.316803,0.3,7.2,3.562,25.13,8.99,91.906
2018-06-27T23:45:00Z,HAD,Harris_Creek_Downstream,38.712517,-76.316803,0.3,7.0,3.541,25.21,8.98,89.43
2018-06-28T00:00:00Z,HAD,Harris_Creek_Downstream,38.712517,-76.316803,0.3,6.98,3.519,25.29,8.98,89.338
2018-06-28T00:15:00Z,HAD,Harris_Creek_Downstream,38.712517,-76.316803,0.3,6.97,3.5,25.36,8.99,89.288
2018-06-28T00:30:00Z,HAD,Harris_Creek_Downstream,38.712517,-76.316803,0.3,6.87,3.461,25.41,9.01,88.096
2018-06-28T00:45:00Z,HAD,Harris_Creek_Downstream,38.712517,-76.316803,0.3,6.85,3.443,25.43,9.02,87.911
2018-06-28T01:00:00Z,HAD,Harris_Creek_Downstream,38.712517,-76.316803,0.3,6.79,3.425,25.43,8.98,87.181
2018-06-28T01:15:00Z,HAD,Harris_Creek_Downstream,38.712517,-76.316803,0.3,6.96,3.409,25.38,8.97,89.246
2018-06-28T01:30:00Z,HAD,Harris_Creek_Downstream,38.712517,-76.316803,0.3,6.95,3.393,25.31,8.96,89.027
2018-06-28T01:45:00Z,HAD,Harris_Creek_Downstream,38.712517,-76.316803,0.3,6.77,3.393,25.27,8.95,86.661
2018-06-28T02:00:00Z,HAD,Harris_Creek_Downstream,38.712517,-76.316803,0.3,6.92,3.389,25.24,8.96,88.457
2018-06-28T02:15:00Z,HAD,Harris_Creek_Downstream,38.712517,-76.316803,0.3,6.82,3.386,25.22,8.96,87.122
2018-06-28T02:30:00Z,HAD,Harris_Creek_Downstream,38.712517,-76.316803,0.3,7.03,3.383,25.19,8.96,89.858
2018-06-28T02:45:00Z,HAD,Harris_Creek_Downstream,38.712517,-76.316803,0.3,6.94,3.385,25.17,8.95,88.641
2018-06-28T03:00:00Z,HAD,Harris_Creek_Downstream,38.712517,-76.316803,0.3,7.07,3.401,25.18,8.99,90.286
2018-06-28T03:15:00Z,HAD,Harris_Creek_Downstream,38.712517,-76.316803,0.3,7.34,3.404,25.26,9.02,93.937
2018-06-28T03:30:00Z,HAD,Harris_Creek_Downstream,38.712517,-76.316803,0.3,7.18,3.43,25.26,9.01,91.864
2018-06-28T03:45:00Z,HAD,Harris_Creek_Downstream,38.712517,-76.316803,0.3,7.34,3.446,25.25,9.01,93.87
2018-06-28T04:00:00Z,HAD,Harris_Creek_Downstream,38.712517,-76.316803,0.3,7.32,3.47,25.18,8.98,93.459
2018-06-28T04:15:00Z,HAD,Harris_Creek_Downstream,38.712517,-76.316803,0.3,7.28,3.496,25.06,8.94,92.829
2018-06-28T04:30:00Z,HAD,Harris_Creek_Downstream,38.712517,-76.316803,0.3,7.35,3.516,25.18,8.99,93.887
2018-06-28T04:45:00Z,HAD,Harris_Creek_Downstream,38.712517,-76.316803,0.3,7.52,3.548,25.16,9.04,96.027
2018-06-28T05:00:00Z,HAD,Harris_Creek_Downstream,38.712517,-76.316803,0.3,7.46,3.577,25.01,9.02,95.045
2018-06-28T05:15:00Z,HAD,Harris_Creek_Downstream,38.712517,-76.316803,0.3,7.4,3.614,25.07,9.06,94.382
2018-06-28T05:30:00Z,HAD,Harris_Creek_Downstream,38.712517,-76.316803,0.3,7.5,3.642,24.72,8.99,94.978
2018-06-28T05:45:00Z,HAD,Harris_Creek_Downstream,38.712517,-76.316803,0.3,7.48,3.674,24.42,9.05,94.239
2018-06-28T06:00:00Z,HAD,Harris_Creek_Downstream,38.712517,-76.316803,0.3,7.33,3.704,24.42,9.14,92.435
2018-06-28T06:15:00Z,HAD,Harris_Creek_Downstream,38.712517,-76.316803,0.3,7.31,3.724,24.39,9.3,92.292
2018-06-28T06:30:00Z,HAD,Harris_Creek_Downstream,38.712517,-76.316803,0.3,7.25,3.746,24.38,9.34,91.503
2018-06-28T06:45:00Z,HAD,Harris_Creek_Downstream,38.712517,-76.316803,0.3,7.22,3.772,24.38,9.32,91.058
2018-06-28T07:00:00Z,HAD,Harris_Creek_Downstream,38.712517,-76.316803,0.3,7.11,3.788,24.38,9.32,89.64
2018-06-28T07:15:00Z,HAD,Harris_Creek_Downstream,38.712517,-76.316803,0.3,7.18,3.805,24.38,9.3,90.588
2018-06-28T07:30:00Z,HAD,Harris_Creek_Downstream,38.712517,-76.316803,0.3,7.18,3.818,24.39,9.26,90.555
2018-06-28T07:45:00Z,HAD,Harris_Creek_Downstream,38.712517,-76.316803,0.3,6.83,3.83,24.4,9.26,86.166
2018-06-28T08:00:00Z,HAD,Harris_Creek_Downstream,38.712517,-76.316803,0.3,7.11,3.841,24.4,9.24,89.724
2018-06-28T08:15:00Z,HAD,Harris_Creek_Downstream,38.712517,-76.316803,0.3,6.97,3.844,24.42,9.22,87.97
2018-06-28T08:30:00Z,HAD,Harris_Creek_Downstream,38.712517,-76.316803,0.3,7.05,3.846,24.41,9.23,88.985
2018-06-28T08:45:00Z,HAD,Harris_Creek_Downstream,38.712517,-76.316803,0.3,6.64,3.842,24.41,9.23,83.732
2018-06-28T09:00:00Z,HAD,Harris_Creek_Downstream,38.712517,-76.316803,0.3,6.65,3.835,24.4,9.24,83.925
2018-06-28T09:15:00Z,HAD,Harris_Creek_Downstream,38.712517,-76.316803,0.3,6.63,3.829,24.39,9.26,83.64
2018-06-28T09:30:00Z,HAD,Harris_Creek_Downstream,38.712517,-76.316803,0.3,6.72,3.81,24.38,9.27,84.789
2018-06-28T09:45:00Z,HAD,Harris_Creek_Downstream,38.712517,-76.316803,0.3,6.76,3.804,24.37,9.28,85.209
2018-06-28T10:00:00Z,HAD,Harris_Creek_Downstream,38.712517,-76.316803,0.3,6.72,3.791,24.37,9.27,84.789
2018-06-28T10:15:00Z,HAD,Harris_Creek_Downstream,38.712517,-76.316803,0.3,6.84,3.768,24.36,9.28,86.292
2018-06-28T10:30:00Z,HAD,Harris_Creek_Downstream,38.712517,-76.316803,0.3,6.84,3.746,24.36,9.27,86.174
2018-06-28T10:45:00Z,HAD,Harris_Creek_Downstream,38.712517,-76.316803,0.3,6.8,3.728,24.37,9.26,85.763
2018-06-28T11:00:00Z,HAD,Harris_Creek_Downstream,38.712517,-76.316803,0.3,6.68,3.706,24.37,9.25,84.269
2018-06-28T11:15:00Z,HAD,Harris_Creek_Downstream,38.712517,-76.316803,0.3,6.53,3.682,24.37,9.25,82.389
2018-06-28T11:30:00Z,HAD,Harris_Creek_Downstream,38.712517,-76.316803,0.3,6.57,3.652,24.38,9.24,82.859
2018-06-28T11:45:00Z,HAD,Harris_Creek_Downstream,38.712517,-76.316803,0.3,6.49,3.626,24.39,9.23,81.869
2018-06-28T12:00:00Z,HAD,Harris_Creek_Downstream,38.712517,-76.316803,0.3,6.45,3.599,24.4,9.23,81.306
2018-06-28T12:15:00Z,HAD,Harris_Creek_Downstream,38.712517,-76.316803,0.3,6.36,3.573,24.4,9.23,80.215
2018-06-28T12:30:00Z,HAD,Harris_Creek_Downstream,38.712517,-76.316803,0.3,6.42,3.546,24.42,9.23,80.996
2018-06-28T12:45:00Z,HAD,Harris_Creek_Downstream,38.712517,-76.316803,0.3,6.26,3.522,24.42,9.25,78.982
2018-06-28T13:00:00Z,HAD,Harris_Creek_Downstream,38.712517,-76.316803,0.3,6.17,3.498,24.43,9.23,77.866
2018-06-28T13:15:00Z,HAD,Harris_Creek_Downstream,38.712517,-76.316803,0.3,6.23,3.481,24.44,9.2,78.613
2018-06-28T13:30:00Z,HAD,Harris_Creek_Downstream,38.712517,-76.316803,0.3,6.0,3.457,24.44,9.21,75.734
2018-06-28T13:45:00Z,HAD,Harris_Creek_Downstream,38.712517,-76.316803,0.3,5.99,3.44,24.45,9.2,75.608
2018-06-28T14:00:00Z,HAD,Harris_Creek_Downstream,38.712517,-76.316803,0.3,6.03,3.422,24.47,9.17,76.12
2018-06-28T14:15:00Z,HAD,Harris_Creek_Downstream,38.712517,-76.316803,0.3,5.95,3.408,24.48,9.17,75.13
2018-06-28T14:30:00Z,HAD,Harris_Creek_Downstream,38.712517,-76.316803,0.3,5.81,3.393,24.49,9.17,73.426
2018-06-28T14:45:00Z,HAD,Harris_Creek_Downstream,38.712517,-76.316803,0.3,5.84,3.38,24.51,9.17,73.795
2018-06-28T15:00:00Z,HAD,Harris_Creek_Downstream,38.712517,-76.316803,0.3,6.08,3.369,24.56,9.16,76.909
2018-06-28T15:15:00Z,HAD,Harris_Creek_Downstream,38.712517,-76.316803,0.3,6.07,3.36,24.59,9.16,76.808
2018-06-28T15:30:00Z,HAD,Harris_Creek_Downstream,38.712517,-76.316803,0.3,6.01,3.352,24.56,9.18,76.019
2018-06-28T15:45:00Z,HAD,Harris_Creek_Downstream,38.712517,-76.316803,0.3,5.96,3.346,24.58,9.18,75.381
2018-06-28T16:00:00Z,HAD,Harris_Creek_Downstream,38.712517,-76.316803,0.3,5.78,3.347,24.58,9.19,73.116
2018-06-28T16:15:00Z,HAD,Harris_Creek_Downstream,38.712517,-76.316803,0.3,6.05,3.347,24.61,9.18,76.548
2018-06-28T16:30:00Z,HAD,Harris_Creek_Downstream,38.712517,-76.316803,0.3,6.26,3.351,24.68,9.16,79.334
2018-06-28T16:45:00Z,HAD,Harris_Creek_Downstream,38.712517,-76.316803,0.3,6.09,3.36,24.71,9.15,77.253
2018-06-28T17:00:00Z,HAD,Harris_Creek_Downstream,38.712517,-76.316803,0.3,6.63,3.369,24.84,9.11,84.219
2018-06-28T17:15:00Z,HAD,Harris_Creek_Downstream,38.712517,-76.316803,0.3,6.8,3.381,24.87,9.11,86.417
2018-06-28T17:30:00Z,HAD,Harris_Creek_Downstream,38.712517,-76.316803,0.3,7.02,3.397,24.99,9.08,89.439
2018-06-28T17:45:00Z,HAD,Harris_Creek_Downstream,38.712517,-76.316803,0.3,6.86,3.417,25.02,9.06,87.433
2018-06-28T18:00:00Z,HAD,Harris_Creek_Downstream,38.712517,-76.316803,0.3,7.07,3.428,25.04,9.05,90.093
2018-06-28T18:15:00Z,HAD,Harris_Creek_Downstream,38.712517,-76.316803,0.3,7.02,3.448,25.01,9.06,89.43
2018-06-28T18:30:00Z,HAD,Harris_Creek_Downstream,38.712517,-76.316803,0.3,6.62,3.465,25.0,9.06,84.37
2018-06-28T18:45:00Z,HAD,Harris_Creek_Downstream,38.712517,-76.316803,0.3,6.99,3.482,25.03,9.03,89.086
2018-06-28T19:00:00Z,HAD,Harris_Creek_Downstream,38.712517,-76.316803,0.3,6.71,3.497,25.01,9.04,85.528
2018-06-28T19:15:00Z,HAD,Harris_Creek_Downstream,38.712517,-76.316803,0.3,7.05,3.513,25.03,9.03,89.867
2018-06-28T19:30:00Z,HAD,Harris_Creek_Downstream,38.712517,-76.316803,0.3,6.98,3.527,25.02,9.03,88.935
2018-06-28T19:45:00Z,HAD,Harris_Creek_Downstream,38.712517,-76.316803,0.3,6.09,3.536,25.0,9.06,77.597
2018-06-28T20:00:00Z,HAD,Harris_Creek_Downstream,38.712517,-76.316803,0.3,6.15,3.542,25.02,9.05,78.419
2018-06-28T20:15:00Z,HAD,Harris_Creek_Downstream,38.712517,-76.316803,0.3,6.26,3.548,25.06,9.06,79.838
2018-06-28T20:30:00Z,HAD,Harris_Creek_Downstream,38.712517,-76.316803,0.3,6.07,3.545,25.05,9.06,77.354
2018-06-28T20:45:00Z,HAD,Harris_Creek_Downstream,38.712517,-76.316803,0.3,6.34,3.541,25.12,9.09,80.929
2018-06-28T21:00:00Z,HAD,Harris_Creek_Downstream,38.712517,-76.316803,0.3,6.38,3.533,25.13,9.13,81.499
2018-06-28T21:15:00Z,HAD,Harris_Creek_Downstream,38.712517,-76.316803,0.3,6.34,3.52,25.19,9.17,81.063
2018-06-28T21:30:00Z,HAD,Harris_Creek_Downstream,38.712517,-76.316803,0.3,6.24,3.505,25.24,9.18,79.855
2018-06-28T21:45:00Z,HAD,Harris_Creek_Downstream,38.712517,-76.316803,0.3,6.21,3.486,25.24,9.18,79.527
2018-06-28T22:00:00Z,HAD,Harris_Creek_Downstream,38.712517,-76.316803,0.3,6.15,3.466,25.22,9.16,78.696
2018-06-28T22:15:00Z,HAD,Harris_Creek_Downstream,38.712517,-76.316803,0.3,6.22,3.443,25.2,9.15,79.561
2018-06-28T22:30:00Z,HAD,Harris_Creek_Downstream,38.712517,-76.316803,0.3,6.21,3.419,25.19,9.15,79.435
2018-06-28T22:45:00Z,HAD,Harris_Creek_Downstream,38.712517,-76.316803,0.3,5.98,3.396,25.17,9.14,76.481
2018-06-28T23:00:00Z,HAD,Harris_Creek_Downstream,38.712517,-76.316803,0.3,5.89,3.372,25.15,9.13,75.264
2018-06-28T23:15:00Z,HAD,Harris_Creek_Downstream,38.712517,-76.316803,0.3,5.95,3.349,25.14,9.13,76.07
2018-06-28T23:30:00Z,HAD,Harris_Creek_Downstream,38.712517,-76.316803,0.3,5.99,3.323,25.13,9.12,76.514
2018-06-28T23:45:00Z,HAD,Harris_Creek_Downstream,38.712517,-76.316803,0.3,5.82,3.296,25.13,9.12,74.383
2018-06-29T00:00:00Z,HAD,Harris_Creek_Downstream,38.712517,-76.316803,0.3,6.21,3.272,25.14,9.12,79.351
2018-06-29T00:15:00Z,HAD,Harris_Creek_Downstream,38.712517,-76.316803,0.3,6.21,3.248,25.14,9.12,79.393
2018-06-29T00:30:00Z,HAD,Harris_Creek_Downstream,38.712517,-76.316803,0.3,5.78,3.223,25.14,9.13,73.879
2018-06-29T00:45:00Z,HAD,Harris_Creek_Downstream,38.712517,-76.316803,0.3,5.53,3.203,25.15,9.12,70.707
2018-06-29T01:00:00Z,HAD,Harris_Creek_Downstream,38.712517,-76.316803,0.3,5.11,3.18,25.04,9.13,65.176
2018-06-29T01:15:00Z,HAD,Harris_Creek_Downstream,38.712517,-76.316803,0.3,5.11,3.161,24.97,9.12,65.042
2018-06-29T01:30:00Z,HAD,Harris_Creek_Downstream,38.712517,-76.316803,0.3,5.24,3.141,24.93,9.09,66.737
2018-06-29T01:45:00Z,HAD,Harris_Creek_Downstream,38.712517,-76.316803,0.3,5.22,3.124,24.94,9.08,66.477
2018-06-29T02:00:00Z,HAD,Harris_Creek_Downstream,38.712517,-76.316803,0.3,5.34,3.108,24.91,9.07,67.887
2018-06-29T02:15:00Z,HAD,Harris_Creek_Downstream,38.712517,-76.316803,0.3,5.38,3.094,24.9,9.06,68.416
2018-06-29T02:30:00Z,HAD,Harris_Creek_Downstream,38.712517,-76.316803,0.3,5.21,3.082,24.91,9.06,66.301
2018-06-29T02:45:00Z,HAD,Harris_Creek_Downstream,38.712517,-76.316803,0.3,5.33,3.069,24.94,9.05,67.879
2018-06-29T03:00:00Z,HAD,Harris_Creek_Downstream,38.712517,-76.316803,0.3,5.22,3.062,25.0,9.05,66.536
2018-06-29T03:15:00Z,HAD,Harris_Creek_Downstream,38.712517,-76.316803,0.3,5.49,3.058,25.1,9.06,70.052
2018-06-29T03:30:00Z,HAD,Harris_Creek_Downstream,38.712517,-76.316803,0.3,6.02,3.057,25.28,9.05,77.085
2018-06-29T03:45:00Z,HAD,Harris_Creek_Downstream,38.712517,-76.316803,0.3,6.12,3.061,25.42,9.08,78.579
2018-06-29T04:00:00Z,HAD,Harris_Creek_Downstream,38.712517,-76.316803,0.3,6.56,3.068,25.49,9.09,84.395
2018-06-29T04:15:00Z,HAD,Harris_Creek_Downstream,38.712517,-76.316803,0.3,5.88,3.081,25.39,9.08,75.398
2018-06-29T04:30:00Z,HAD,Harris_Creek_Downstream,38.712517,-76.316803,0.3,6.35,3.098,25.5,9.08,81.642
2018-06-29T04:45:00Z,HAD,Harris_Creek_Downstream,38.712517,-76.316803,0.3,6.48,3.122,25.55,9.08,83.447
2018-06-29T05:00:00Z,HAD,Harris_Creek_Downstream,38.712517,-76.316803,0.3,6.3,3.145,25.56,9.09,81.03
2018-06-29T05:15:00Z,HAD,Harris_Creek_Downstream,38.712517,-76.316803,0.3,6.27,3.172,25.6,9.09,80.786
2018-06-29T05:30:00Z,HAD,Harris_Creek_Downstream,38.712517,-76.316803,0.3,5.91,3.205,25.56,9.09,76.036
2018-06-29T05:45:00Z,HAD,Harris_Creek_Downstream,38.712517,-76.316803,0.3,6.01,3.232,25.57,9.1,77.387
2018-06-29T06:00:00Z,HAD,Harris_Creek_Downstream,38.712517,-76.316803,0.3,6.08,3.27,25.63,9.11,78.31
2018-06-29T06:15:00Z,HAD,Harris_Creek_Downstream,38.712517,-76.316803,0.3,5.98,3.299,25.68,9.12,77.127
2018-06-29T06:30:00Z,HAD,Harris_Creek_Downstream,38.712517,-76.316803,0.3,5.78,3.337,25.6,9.12,74.458
2018-06-29T06:45:00Z,HAD,Harris_Creek_Downstream,38.712517,-76.316803,0.3,5.55,3.37,25.41,9.14,71.236
2018-06-29T07:00:00Z,HAD,Harris_Creek_Downstream,38.712517,-76.316803,0.3,5.26,3.399,25.39,9.15,67.501
2018-06-29T07:15:00Z,HAD,Harris_Creek_Downstream,38.712517,-76.316803,0.3,5.56,3.428,25.35,9.15,71.328
2018-06-29T07:30:00Z,HAD,Harris_Creek_Downstream,38.712517,-76.316803,0.3,5.71,3.456,25.29,9.14,73.141
2018-06-29T07:45:00Z,HAD,Harris_Creek_Downstream,38.712517,-76.316803,0.3,5.68,3.477,25.2,9.14,72.662
2018-06-29T08:00:00Z,HAD,Harris_Creek_Downstream,38.712517,-76.316803,0.3,5.39,3.499,25.17,9.14,68.903
2018-06-29T08:15:00Z,HAD,Harris_Creek_Downstream,38.712517,-76.316803,0.3,5.37,3.517,25.14,9.14,68.626
2018-06-29T08:30:00Z,HAD,Harris_Creek_Downstream,38.712517,-76.316803,0.3,5.21,3.536,25.1,9.14,66.519
2018-06-29T08:45:00Z,HAD,Harris_Creek_Downstream,38.712517,-76.316803,0.3,5.17,3.544,25.08,9.13,65.965
2018-06-29T09:00:00Z,HAD,Harris_Creek_Downstream,38.712517,-76.316803,0.3,5.15,3.551,25.08,9.13,65.722
2018-06-29T09:15:00Z,HAD,Harris_Creek_Downstream,38.712517,-76.316803,0.3,4.96,3.557,25.06,9.13,63.338
2018-06-29T09:30:00Z,HAD,Harris_Creek_Downstream,38.712517,-76.316803,0.3,4.93,3.555,25.05,9.13,62.868
2018-06-29T09:45:00Z,HAD,Harris_Creek_Downstream,38.712517,-76.316803,0.3,4.93,3.549,25.03,9.12,62.827
2018-06-29T10:00:00Z,HAD,Harris_Creek_Downstream,38.712517,-76.316803,0.3,5.0,3.541,25.0,9.12,63.75
2018-06-29T10:15:00Z,HAD,Harris_Creek_Downstream,38.712517,-76.316803,0.3,5.02,3.531,24.98,9.13,63.993
2018-06-29T10:30:00Z,HAD,Harris_Creek_Downstream,38.712517,-76.316803,0.3,5.06,3.518,24.98,9.12,64.404
2018-06-29T10:45:00Z,HAD,Harris_Creek_Downstream,38.712517,-76.316803,0.3,4.97,3.498,24.98,9.12,63.322
2018-06-29T11:00:00Z,HAD,Harris_Creek_Downstream,38.712517,-76.316803,0.3,4.86,3.48,24.98,9.13,61.912
2018-06-29T11:15:00Z,HAD,Harris_Creek_Downstream,38.712517,-76.316803,0.3,4.87,3.462,24.98,9.13,62.012
2018-06-29T11:30:00Z,HAD,Harris_Creek_Downstream,38.712517,-76.316803,0.3,4.52,3.438,24.98,9.13,57.581
2018-06-29T11:45:00Z,HAD,Harris_Creek_Downstream,38.712517,-76.316803,0.3,4.49,3.413,24.99,9.13,57.204
2018-06-29T12:00:00Z,HAD,Harris_Creek_Downstream,38.712517,-76.316803,0.3,4.25,3.389,25.01,9.13,54.14
2018-06-29T12:15:00Z,HAD,Harris_Creek_Downstream,38.712517,-76.316803,0.3,5.39,3.359,25.19,9.12,68.97
2018-06-29T12:30:00Z,HAD,Harris_Creek_Downstream,38.712517,-76.316803,0.3,5.77,3.335,25.34,9.12,73.963
2018-06-29T12:45:00Z,HAD,Harris_Creek_Downstream,38.712517,-76.316803,0.3,5.58,3.308,25.31,9.12,71.521
2018-06-29T13:00:00Z,HAD,Harris_Creek_Downstream,38.712517,-76.316803,0.3,4.69,3.288,25.16,9.12,59.889
2018-06-29T13:15:00Z,HAD,Harris_Creek_Downstream,38.712517,-76.316803,0.3,4.5,3.261,25.05,9.13,57.447
2018-06-29T13:30:00Z,HAD,Harris_Creek_Downstream,38.712517,-76.316803,0.3,4.58,3.237,25.05,9.13,58.454
2018-06-29T13:45:00Z,HAD,Harris_Creek_Downstream,38.712517,-76.316803,0.3,4.81,3.215,25.06,9.13,61.383
2018-06-29T14:00:00Z,HAD,Harris_Creek_Downstream,38.712517,-76.316803,0.3,4.85,3.193,25.1,9.12,61.945
2018-06-29T14:15:00Z,HAD,Harris_Creek_Downstream,38.712517,-76.316803,0.3,5.01,3.174,25.14,9.12,64.001
2018-06-29T14:30:00Z,HAD,Harris_Creek_Downstream,38.712517,-76.316803,0.3,5.2,3.159,25.2,9.12,66.544
2018-06-29T14:45:00Z,HAD,Harris_Creek_Downstream,38.712517,-76.316803,0.3,5.38,3.142,25.26,9.12,68.844
2018-06-29T15:00:00Z,HAD,Harris_Creek_Downstream,38.712517,-76.316803,0.3,5.49,3.124,25.32,9.14,70.338
2018-06-29T15:15:00Z,HAD,Harris_Creek_Downstream,38.712517,-76.316803,0.3,5.73,3.111,25.39,9.11,73.535
2018-06-29T15:30:00Z,HAD,Harris_Creek_Downstream,38.712517,-76.316803,0.3,5.78,3.102,25.42,9.11,74.24
2018-06-29T15:45:00Z,HAD,Harris_Creek_Downstream,38.712517,-76.316803,0.3,5.82,3.092,25.46,9.11,74.828
2018-06-29T16:00:00Z,HAD,Harris_Creek_Downstream,38.712517,-76.316803,0.3,5.87,3.087,25.51,9.11,75.474
2018-06-29T16:15:00Z,HAD,Harris_Creek_Downstream,38.712517,-76.316803,0.3,6.11,3.084,25.58,9.11,78.671
2018-06-29T16:30:00Z,HAD,Harris_Creek_Downstream,38.712517,-76.316803,0.3,6.0,3.08,25.6,9.11,77.295
2018-06-29T16:45:00Z,HAD,Harris_Creek_Downstream,38.712517,-76.316803,0.3,5.9,3.09,25.64,9.11,76.112
2018-06-29T17:00:00Z,HAD,Harris_Creek_Downstream,38.712517,-76.316803,0.3,6.26,3.096,25.71,9.11,80.828
2018-06-29T17:15:00Z,HAD,Harris_Creek_Downstream,38.712517,-76.316803,0.3,6.38,3.111,25.73,9.11,82.381
2018-06-29T17:30:00Z,HAD,Harris_Creek_Downstream,38.712517,-76.316803,0.3,6.67,3.123,25.83,9.14,86.266
2018-06-29T17:45:00Z,HAD,Harris_Creek_Downstream,38.712517,-76.316803,0.3,6.37,3.143,25.84,9.13,82.406
2018-06-29T18:00:00Z,HAD,Harris_Creek_Downstream,38.712517,-76.316803,0.3,6.67,3.162,25.9,9.14,86.443
2018-06-29T18:15:00Z,HAD,Harris_Creek_Downstream,38.712517,-76.316803,0.3,6.39,3.182,25.89,9.14,82.75
2018-06-29T18:30:00Z,HAD,Harris_Creek_Downstream,38.712517,-76.316803,0.3,6.46,3.207,25.92,9.13,83.723
2018-06-29T18:45:00Z,HAD,Harris_Creek_Downstream,38.712517,-76.316803,0.3,6.66,3.228,25.95,9.14,86.401
2018-06-29T19:00:00Z,HAD,Harris_Creek_Downstream,38.712517,-76.316803,0.3,6.27,3.252,25.86,9.13,81.214
2018-06-29T19:15:00Z,HAD,Harris_Creek_Downstream,38.712517,-76.316803,0.3,6.51,3.281,25.87,9.14,84.336
2018-06-29T19:30:00Z,HAD,Harris_Creek_Downstream,38.712517,-76.316803,0.3,6.6,3.305,25.9,9.14,85.486
2018-06-29T19:45:00Z,HAD,Harris_Creek_Downstream,38.712517,-76.316803,0.3,6.53,3.33,25.91,9.14,84.579
2018-06-29T20:00:00Z,HAD,Harris_Creek_Downstream,38.712517,-76.316803,0.3,6.46,3.347,25.9,9.11,83.64
2018-06-29T20:15:00Z,HAD,Harris_Creek_Downstream,38.712517,-76.316803,0.3,6.18,3.367,25.84,9.12,79.955
2018-06-29T20:30:00Z,HAD,Harris_Creek_Downstream,38.712517,-76.316803,0.3,6.19,3.385,25.81,9.14,80.048
2018-06-29T20:45:00Z,HAD,Harris_Creek_Downstream,38.712517,-76.316803,0.3,6.02,3.398,25.81,9.12,77.832
2018-06-29T21:00:00Z,HAD,Harris_Creek_Downstream,38.712517,-76.316803,0.3,6.18,3.411,25.75,9.12,79.779
2018-06-29T21:15:00Z,HAD,Harris_Creek_Downstream,38.712517,-76.316803,0.3,6.25,3.415,25.69,9.12,80.593
2018-06-29T21:30:00Z,HAD,Harris_Creek_Downstream,38.712517,-76.316803,0.3,6.28,3.421,25.65,9.12,80.946
2018-06-29T21:45:00Z,HAD,Harris_Creek_Downstream,38.712517,-76.316803,0.3,6.2,3.421,25.57,9.12,79.771
2018-06-29T22:00:00Z,HAD,Harris_Creek_Downstream,38.712517,-76.316803,0.3,6.0,3.416,25.51,9.12,77.169
2018-06-29T22:15:00Z,HAD,Harris_Creek_Downstream,38.712517,-76.316803,0.3,5.93,3.412,25.44,9.13,76.17
2018-06-29T22:30:00Z,HAD,Harris_Creek_Downstream,38.712517,-76.316803,0.3,5.67,3.401,25.4,9.13,72.788
2018-06-29T22:45:00Z,HAD,Harris_Creek_Downstream,38.712517,-76.316803,0.3,5.46,3.389,25.34,9.13,69.977
2018-06-29T23:00:00Z,HAD,Harris_Creek_Downstream,38.712517,-76.316803,0.3,5.46,3.374,25.31,9.13,69.952
2018-06-29T23:15:00Z,HAD,Harris_Creek_Downstream,38.712517,-76.316803,0.3,5.49,3.358,25.29,9.13,70.354
2018-06-29T23:30:00Z,HAD,Harris_Creek_Downstream,38.712517,-76.316803,0.3,5.06,3.34,25.28,9.12,64.799
2018-06-29T23:45:00Z,HAD,Harris_Creek_Downstream,38.712517,-76.316803,0.3,5.25,3.319,25.27,9.12,67.199
2018-06-30T00:00:00Z,HAD,Harris_Creek_Downstream,38.712517,-76.316803,0.3,5.35,3.297,25.23,9.12,68.508
2018-06-30T00:15:00Z,HAD,Harris_Creek_Downstream,38.712517,-76.316803,0.3,5.91,3.274,25.36,9.11,75.776
2018-06-30T00:30:00Z,HAD,Harris_Creek_Downstream,38.712517,-76.316803,0.3,5.28,3.252,25.45,9.12,67.879
2018-06-30T00:45:00Z,HAD,Harris_Creek_Downstream,38.712517,-76.316803,0.3,4.99,3.23,25.55,9.12,64.287
2018-06-30T01:00:00Z,HAD,Harris_Creek_Downstream,38.712517,-76.316803,0.3,5.37,3.205,25.57,9.12,69.138
2018-06-30T01:15:00Z,HAD,Harris_Creek_Downstream,38.712517,-76.316803,0.3,5.24,3.184,25.56,9.12,67.434
2018-06-30T01:30:00Z,HAD,Harris_Creek_Downstream,38.712517,-76.316803,0.3,5.2,3.161,25.53,9.13,66.939
2018-06-30T01:45:00Z,HAD,Harris_Creek_Downstream,38.712517,-76.316803,0.3,5.78,3.143,25.56,9.12,74.349
2018-06-30T02:00:00Z,HAD,Harris_Creek_Downstream,38.712517,-76.316803,0.3,5.85,3.123,25.6,9.12,75.323
2018-06-30T02:15:00Z,HAD,Harris_Creek_Downstream,38.712517,-76.316803,0.3,6.23,3.103,25.74,9.14,80.459
2018-06-30T02:30:00Z,HAD,Harris_Creek_Downstream,38.712517,-76.316803,0.3,5.96,3.088,25.77,9.12,76.993
2018-06-30T02:45:00Z,HAD,Harris_Creek_Downstream,38.712517,-76.316803,0.3,5.81,3.076,25.81,9.15,75.155
2018-06-30T03:00:00Z,HAD,Harris_Creek_Downstream,38.712517,-76.316803,0.3,5.51,3.065,25.81,9.13,71.227
2018-06-30T03:15:00Z,HAD,Harris_Creek_Downstream,38.712517,-76.316803,0.3,5.28,3.058,25.84,9.12,68.34
2018-06-30T03:30:00Z,HAD,Harris_Creek_Downstream,38.712517,-76.316803,0.3,5.43,3.059,25.93,9.13,70.346
2018-06-30T03:45:00Z,HAD,Harris_Creek_Downstream,38.712517,-76.316803,0.3,6.03,3.059,26.15,9.12,78.453
2018-06-30T04:00:00Z,HAD,Harris_Creek_Downstream,38.712517,-76.316803,0.3,6.02,3.066,26.16,9.13,78.369
2018-06-30T04:15:00Z,HAD,Harris_Creek_Downstream,38.712517,-76.316803,0.3,5.62,3.076,26.16,9.13,73.124
2018-06-30T04:30:00Z,HAD,Harris_Creek_Downstream,38.712517,-76.316803,0.3,7.0,3.088,26.39,9.12,91.419
2018-06-30T04:45:00Z,HAD,Harris_Creek_Downstream,38.712517,-76.316803,0.3,6.83,3.106,26.37,9.13,89.271
2018-06-30T05:00:00Z,HAD,Harris_Creek_Downstream,38.712517,-76.316803,0.3,6.0,3.131,26.29,9.16,78.252
2018-06-30T05:15:00Z,HAD,Harris_Creek_Downstream,38.712517,-76.316803,0.3,5.54,3.156,26.12,9.13,71.999
2018-06-30T05:30:00Z,HAD,Harris_Creek_Downstream,38.712517,-76.316803,0.3,5.68,3.183,26.06,9.13,73.812
2018-06-30T05:45:00Z,HAD,Harris_Creek_Downstream,38.712517,-76.316803,0.3,5.9,3.208,26.0,9.12,76.514
2018-06-30T06:00:00Z,HAD,Harris_Creek_Downstream,38.712517,-76.316803,0.3,6.19,3.238,25.98,9.12,80.224
2018-06-30T06:15:00Z,HAD,Harris_Creek_Downstream,38.712517,-76.316803,0.3,6.3,3.273,25.95,9.12,81.634
2018-06-30T06:30:00Z,HAD,Harris_Creek_Downstream,38.712517,-76.316803,0.3,6.42,3.307,25.97,9.12,83.279
2018-06-30T06:45:00Z,HAD,Harris_Creek_Downstream,38.712517,-76.316803,0.3,6.66,3.339,26.02,9.11,86.451
2018-06-30T07:00:00Z,HAD,Harris_Creek_Downstream,38.712517,-76.316803,0.3,6.62,3.37,26.04,9.12,85.939
2018-06-30T07:15:00Z,HAD,Harris_Creek_Downstream,38.712517,-76.316803,0.3,6.73,3.406,26.09,9.14,87.5
2018-06-30T07:30:00Z,HAD,Harris_Creek_Downstream,38.712517,-76.316803,0.3,6.6,3.436,26.09,9.12,85.763
2018-06-30T07:45:00Z,HAD,Harris_Creek_Downstream,38.712517,-76.316803,0.3,6.65,3.467,26.03,9.13,86.308
2018-06-30T08:00:00Z,HAD,Harris_Creek_Downstream,38.712517,-76.316803,0.3,6.45,3.494,26.02,9.11,83.69
2018-06-30T08:15:00Z,HAD,Harris_Creek_Downstream,38.712517,-76.316803,0.3,6.58,3.519,25.96,9.11,85.276
2018-06-30T08:30:00Z,HAD,Harris_Creek_Downstream,38.712517,-76.316803,0.3,6.53,3.54,25.99,9.11,84.705
2018-06-30T08:45:00Z,HAD,Harris_Creek_Downstream,38.712517,-76.316803,0.3,6.64,3.563,26.0,9.11,86.098
2018-06-30T09:00:00Z,HAD,Harris_Creek_Downstream,38.712517,-76.316803,0.3,6.27,3.576,26.0,9.11,81.348
2018-06-30T09:15:00Z,HAD,Harris_Creek_Downstream,38.712517,-76.316803,0.3,6.59,3.593,26.01,9.13,85.545
2018-06-30T09:30:00Z,HAD,Harris_Creek_Downstream,38.712517,-76.316803,0.3,6.5,3.602,25.99,9.11,84.269
2018-06-30T09:45:00Z,HAD,Harris_Creek_Downstream,38.712517,-76.316803,0.3,6.28,3.608,25.95,9.11,81.458
2018-06-30T10:00:00Z,HAD,Harris_Creek_Downstream,38.712517,-76.316803,0.3,6.17,3.613,25.93,9.11,79.913
2018-06-30T10:15:00Z,HAD,Harris_Creek_Downstream,38.712517,-76.316803,0.3,6.12,3.606,25.91,9.12,79.234
2018-06-30T10:30:00Z,HAD,Harris_Creek_Downstream,38.712517,-76.316803,0.3,6.07,3.603,25.88,9.11,78.545
2018-06-30T10:45:00Z,HAD,Harris_Creek_Downstream,38.712517,-76.316803,0.3,5.75,3.593,25.87,9.11,74.467
2018-06-30T11:00:00Z,HAD,Harris_Creek_Downstream,38.712517,-76.316803,0.3,5.72,3.579,25.82,9.11,73.93
2018-06-30T11:15:00Z,HAD,Harris_Creek_Downstream,38.712517,-76.316803,0.3,5.89,3.562,25.77,9.12,76.07
2018-06-30T11:30:00Z,HAD,Harris_Creek_Downstream,38.712517,-76.316803,0.3,5.74,3.547,25.74,9.13,74.089
2018-06-30T11:45:00Z,HAD,Harris_Creek_Downstream,38.712517,-76.316803,0.3,5.62,3.526,25.72,9.11,72.562
2018-06-30T12:00:00Z,HAD,Harris_Creek_Downstream,38.712517,-76.316803,0.3,5.63,3.5,25.71,9.12,72.654
2018-06-30T12:15:00Z,HAD,Harris_Creek_Downstream,38.712517,-76.316803,0.3,5.78,3.479,25.69,9.12,74.551
2018-06-30T12:30:00Z,HAD,Harris_Creek_Downstream,38.712517,-76.316803,0.3,5.9,3.455,25.68,9.12,76.061
2018-06-30T12:45:00Z,HAD,Harris_Creek_Downstream,38.712517,-76.316803,0.3,5.91,3.427,25.67,9.12,76.179
2018-06-30T13:00:00Z,HAD,Harris_Creek_Downstream,38.712517,-76.316803,0.3,5.98,3.403,25.69,9.12,77.135
2018-06-30T13:15:00Z,HAD,Harris_Creek_Downstream,38.712517,-76.316803,0.3,5.63,3.376,25.71,9.14,72.729
2018-06-30T13:30:00Z,HAD,Harris_Creek_Downstream,38.712517,-76.316803,0.3,5.46,3.35,25.73,9.11,70.556
2018-06-30T13:45:00Z,HAD,Harris_Creek_Downstream,38.712517,-76.316803,0.3,5.45,3.325,25.74,9.11,70.388
2018-06-30T14:00:00Z,HAD,Harris_Creek_Downstream,38.712517,-76.316803,0.3,5.28,3.299,25.75,9.11,68.231
2018-06-30T14:15:00Z,HAD,Harris_Creek_Downstream,38.712517,-76.316803,0.3,5.44,3.276,25.74,9.11,70.212
2018-06-30T14:30:00Z,HAD,Harris_Creek_Downstream,38.712517,-76.316803,0.3,5.3,3.255,25.76,9.11,68.517
2018-06-30T14:45:00Z,HAD,Harris_Creek_Downstream,38.712517,-76.316803,0.3,5.51,3.232,25.77,9.11,71.244
2018-06-30T15:00:00Z,HAD,Harris_Creek_Downstream,38.712517,-76.316803,0.3,5.75,3.215,25.77,9.11,74.341
2018-06-30T15:15:00Z,HAD,Harris_Creek_Downstream,38.712517,-76.316803,0.3,5.84,3.197,25.79,9.11,75.541
2018-06-30T15:30:00Z,HAD,Harris_Creek_Downstream,38.712517,-76.316803,0.3,5.8,3.183,25.8,9.11,75.012
2018-06-30T15:45:00Z,HAD,Harris_Creek_Downstream,38.712517,-76.316803,0.3,5.89,3.167,25.85,9.11,76.179
2018-06-30T16:00:00Z,HAD,Harris_Creek_Downstream,38.712517,-76.316803,0.3,5.29,3.155,25.82,9.11,68.449
2018-06-30T16:15:00Z,HAD,Harris_Creek_Downstream,38.712517,-76.316803,0.3,5.69,3.147,25.86,9.13,73.611
2018-06-30T16:30:00Z,HAD,Harris_Creek_Downstream,38.712517,-76.316803,0.3,5.88,3.144,25.88,9.11,76.145
2018-06-30T16:45:00Z,HAD,Harris_Creek_Downstream,38.712517,-76.316803,0.3,5.54,3.141,25.88,9.11,71.773
2018-06-30T17:00:00Z,HAD,Harris_Creek_Downstream,38.712517,-76.316803,0.3,5.71,3.137,25.9,9.13,73.921
2018-06-30T17:15:00Z,HAD,Harris_Creek_Downstream,38.712517,-76.316803,0.3,5.82,3.142,25.91,9.13,75.407
2018-06-30T17:30:00Z,HAD,Harris_Creek_Downstream,38.712517,-76.316803,0.3,6.77,3.151,26.05,9.11,87.861
2018-06-30T17:45:00Z,HAD,Harris_Creek_Downstream,38.712517,-76.316803,0.3,6.24,3.152,26.04,9.11,81.055
2018-06-30T18:00:00Z,HAD,Harris_Creek_Downstream,38.712517,-76.316803,0.3,6.85,3.168,26.19,9.12,89.153
2018-06-30T18:15:00Z,HAD,Harris_Creek_Downstream,38.712517,-76.316803,0.3,7.83,3.184,26.34,9.14,102.187
2018-06-30T18:30:00Z,HAD,Harris_Creek_Downstream,38.712517,-76.316803,0.3,7.75,3.204,26.5,9.15,101.423
2018-06-30T18:45:00Z,HAD,Harris_Creek_Downstream,38.712517,-76.316803,0.3,7.75,3.224,26.61,9.16,101.717
2018-06-30T19:00:00Z,HAD,Harris_Creek_Downstream,38.712517,-76.316803,0.3,6.91,3.249,26.53,9.16,90.572
2018-06-30T19:15:00Z,HAD,Harris_Creek_Downstream,38.712517,-76.316803,0.3,7.04,3.27,26.57,9.16,92.284
2018-06-30T19:30:00Z,HAD,Harris_Creek_Downstream,38.712517,-76.316803,0.3,6.82,3.297,26.54,9.16,89.413
2018-06-30T19:45:00Z,HAD,Harris_Creek_Downstream,38.712517,-76.316803,0.3,6.6,3.318,26.51,9.16,86.476
2018-06-30T20:00:00Z,HAD,Harris_Creek_Downstream,38.712517,-76.316803,0.3,6.41,3.34,26.48,9.16,83.891
2018-06-30T20:15:00Z,HAD,Harris_Creek_Downstream,38.712517,-76.316803,0.3,6.42,3.363,26.44,9.16,83.967
2018-06-30T20:30:00Z,HAD,Harris_Creek_Downstream,38.712517,-76.316803,0.3,6.43,3.386,26.43,9.16,84.101
2018-06-30T20:45:00Z,HAD,Harris_Creek_Downstream,38.712517,-76.316803,0.3,6.39,3.405,26.43,9.16,83.505
2018-06-30T21:00:00Z,HAD,Harris_Creek_Downstream,38.712517,-76.316803,0.3,6.55,3.42,26.41,9.15,85.587
2018-06-30T21:15:00Z,HAD,Harris_Creek_Downstream,38.712517,-76.316803,0.3,6.68,3.431,26.38,9.16,87.341
2018-06-30T21:30:00Z,HAD,Harris_Creek_Downstream,38.712517,-76.316803,0.3,6.88,3.442,26.36,9.15,89.816
2018-06-30T21:45:00Z,HAD,Harris_Creek_Downstream,38.712517,-76.316803,0.3,6.75,3.446,26.27,9.15,87.953
2018-06-30T22:00:00Z,HAD,Harris_Creek_Downstream,38.712517,-76.316803,0.3,6.27,3.449,26.19,9.15,81.659
2018-06-30T22:15:00Z,HAD,Harris_Creek_Downstream,38.712517,-76.316803,0.3,5.7,3.45,26.04,9.15,74.064
2018-06-30T22:30:00Z,HAD,Harris_Creek_Downstream,38.712517,-76.316803,0.3,5.35,3.444,25.93,9.13,69.305
2018-06-30T22:45:00Z,HAD,Harris_Creek_Downstream,38.712517,-76.316803,0.3,5.35,3.438,25.88,9.13,69.255
2018-06-30T23:00:00Z,HAD,Harris_Creek_Downstream,38.712517,-76.316803,0.3,5.55,3.429,25.87,9.11,71.89
2018-06-30T23:15:00Z,HAD,Harris_Creek_Downstream,38.712517,-76.316803,0.3,5.43,3.415,25.87,9.12,70.304
2018-06-30T23:30:00Z,HAD,Harris_Creek_Downstream,38.712517,-76.316803,0.3,5.35,3.4,25.86,9.11,69.221
2018-06-30T23:45:00Z,HAD,Harris_Creek_Downstream,38.712517,-76.316803,0.3,5.87,3.383,25.88,9.11,75.961
2018-07-01T00:00:00Z,HAD,Harris_Creek_Downstream,38.712517,-76.316803,0.3,6.25,3.361,25.96,9.14,81.046
2018-07-01T00:15:00Z,HAD,Harris_Creek_Downstream,38.712517,-76.316803,0.3,6.29,3.341,26.02,9.11,81.592
2018-07-01T00:30:00Z,HAD,Harris_Creek_Downstream,38.712517,-76.316803,0.3,5.7,3.318,26.06,9.14,74.081
2018-07-01T00:45:00Z,HAD,Harris_Creek_Downstream,38.712517,-76.316803,0.3,5.32,3.296,26.04,9.14,69.037
2018-07-01T01:00:00Z,HAD,Harris_Creek_Downstream,38.712517,-76.316803,0.3,5.57,3.274,26.09,9.13,72.419
2018-07-01T01:15:00Z,HAD,Harris_Creek_Downstream,38.712517,-76.316803,0.3,5.52,3.25,26.08,9.12,71.672
2018-07-01T01:30:00Z,HAD,Harris_Creek_Downstream,38.712517,-76.316803,0.3,5.54,3.229,26.13,9.13,72.008
2018-07-01T01:45:00Z,HAD,Harris_Creek_Downstream,38.712517,-76.316803,0.3,5.88,3.205,26.18,9.14,76.523
2018-07-01T02:00:00Z,HAD,Harris_Creek_Downstream,38.712517,-76.316803,0.3,5.75,3.184,26.23,9.15,74.928
2018-07-01T02:15:00Z,HAD,Harris_Creek_Downstream,38.712517,-76.316803,0.3,6.36,3.162,26.46,9.15,83.17
2018-07-01T02:30:00Z,HAD,Harris_Creek_Downstream,38.712517,-76.316803,0.3,5.95,3.144,26.36,9.14,77.715
2018-07-01T02:45:00Z,HAD,Harris_Creek_Downstream,38.712517,-76.316803,0.3,6.03,3.127,26.42,9.15,78.822
2018-07-01T03:00:00Z,HAD,Harris_Creek_Downstream,38.712517,-76.316803,0.3,6.38,3.11,26.66,9.14,83.74
2018-07-01T03:15:00Z,HAD,Harris_Creek_Downstream,38.712517,-76.316803,0.3,6.46,3.097,26.77,9.15,84.966
2018-07-01T03:30:00Z,HAD,Harris_Creek_Downstream,38.712517,-76.316803,0.3,6.78,3.082,26.9,9.16,89.397
2018-07-01T03:45:00Z,HAD,Harris_Creek_Downstream,38.712517,-76.316803,0.3,6.37,3.078,26.9,9.17,83.984
2018-07-01T04:00:00Z,HAD,Harris_Creek_Downstream,38.712517,-76.316803,0.3,6.1,3.073,26.94,9.16,80.534
2018-07-01T04:15:00Z,HAD,Harris_Creek_Downstream,38.712517,-76.316803,0.3,5.93,3.072,26.96,9.16,78.243
2018-07-01T04:30:00Z,HAD,Harris_Creek_Downstream,38.712517,-76.316803,0.3,6.26,3.075,27.05,9.16,82.775
2018-07-01T04:45:00Z,HAD,Harris_Creek_Downstream,38.712517,-76.316803,0.3,6.71,3.085,27.23,9.16,88.96
2018-07-01T05:00:00Z,HAD,Harris_Creek_Downstream,38.712517,-76.316803,0.3,6.94,3.094,27.39,9.17,92.351
2018-07-01T05:15:00Z,HAD,Harris_Creek_Downstream,38.712517,-76.316803,0.3,7.64,3.111,27.56,9.16,101.842
2018-07-01T05:30:00Z,HAD,Harris_Creek_Downstream,38.712517,-76.316803,0.3,7.22,3.13,27.47,9.16,96.144
2018-07-01T05:45:00Z,HAD,Harris_Creek_Downstream,38.712517,-76.316803,0.3,5.33,3.152,27.04,9.16,70.472
2018-07-01T06:00:00Z,HAD,Harris_Creek_Downstream,38.712517,-76.316803,0.3,5.84,3.179,26.93,9.16,77.085
2018-07-01T06:15:00Z,HAD,Harris_Creek_Downstream,38.712517,-76.316803,0.3,5.83,3.209,27.01,9.15,76.993
2018-07-01T06:30:00Z,HAD,Harris_Creek_Downstream,38.712517,-76.316803,0.3,5.53,3.239,26.88,9.15,72.881
2018-07-01T06:45:00Z,HAD,Harris_Creek_Downstream,38.712517,-76.316803,0.3,5.07,3.265,26.76,9.15,66.737
2018-07-01T07:00:00Z,HAD,Harris_Creek_Downstream,38.712517,-76.316803,0.3,5.64,3.301,26.72,9.15,74.097
2018-07-01T07:15:00Z,HAD,Harris_Creek_Downstream,38.712517,-76.316803,0.3,5.44,3.341,26.66,9.15,71.412
2018-07-01T07:30:00Z,HAD,Harris_Creek_Downstream,38.712517,-76.316803,0.3,5.87,3.369,26.75,9.15,77.177
2018-07-01T07:45:00Z,HAD,Harris_Creek_Downstream,38.712517,-76.316803,0.3,6.35,3.402,26.84,9.16,83.631
2018-07-01T08:00:00Z,HAD,Harris_Creek_Downstream,38.712517,-76.316803,0.3,5.83,3.429,26.61,9.16,76.489
2018-07-01T08:15:00Z,HAD,Harris_Creek_Downstream,38.712517,-76.316803,0.3,5.74,3.462,26.52,9.15,75.155
2018-07-01T08:30:00Z,HAD,Harris_Creek_Downstream,38.712517,-76.316803,0.3,5.5,3.489,26.47,9.15,72.016
2018-07-01T08:45:00Z,HAD,Harris_Creek_Downstream,38.712517,-76.316803,0.3,5.45,3.517,26.42,9.15,71.269
2018-07-01T09:00:00Z,HAD,Harris_Creek_Downstream,38.712517,-76.316803,0.3,5.54,3.542,26.41,9.15,72.436
2018-07-01T09:15:00Z,HAD,Harris_Creek_Downstream,38.712517,-76.316803,0.3,5.9,3.563,26.4,9.15,77.169
2018-07-01T09:30:00Z,HAD,Harris_Creek_Downstream,38.712517,-76.316803,0.3,6.01,3.577,26.36,9.15,78.461
2018-07-01T09:45:00Z,HAD,Harris_Creek_Downstream,38.712517,-76.316803,0.3,6.22,3.587,26.3,9.14,81.08
2018-07-01T10:00:00Z,HAD,Harris_Creek_Downstream,38.712517,-76.316803,0.3,6.41,3.596,26.26,9.11,83.514
2018-07-01T10:15:00Z,HAD,Harris_Creek_Downstream,38.712517,-76.316803,0.3,6.31,3.606,26.22,9.11,82.246
2018-07-01T10:30:00Z,HAD,Harris_Creek_Downstream,38.712517,-76.316803,0.3,6.2,3.608,26.18,9.11,80.643
2018-07-01T10:45:00Z,HAD,Harris_Creek_Downstream,38.712517,-76.316803,0.3,6.03,3.61,26.15,9.11,78.453
2018-07-01T11:00:00Z,HAD,Harris_Creek_Downstream,38.712517,-76.316803,0.3,5.84,3.601,26.14,9.11,75.961
2018-07-01T11:15:00Z,HAD,Harris_Creek_Downstream,38.712517,-76.316803,0.3,5.63,3.591,26.13,9.11,73.241
2018-07-01T11:30:00Z,HAD,Harris_Creek_Downstream,38.712517,-76.316803,0.3,5.27,3.576,26.13,9.12,68.6
2018-07-01T11:45:00Z,HAD,Harris_Creek_Downstream,38.712517,-76.316803,0.3,4.92,3.559,26.18,9.11,64.035
2018-07-01T12:00:00Z,HAD,Harris_Creek_Downstream,38.712517,-76.316803,0.3,5.4,3.542,26.1,9.12,70.128
2018-07-01T12:15:00Z,HAD,Harris_Creek_Downstream,38.712517,-76.316803,0.3,5.13,3.523,26.09,9.14,66.662
2018-07-01T12:30:00Z,HAD,Harris_Creek_Downstream,38.712517,-76.316803,0.3,5.29,3.504,26.07,9.11,68.777
2018-07-01T12:45:00Z,HAD,Harris_Creek_Downstream,38.712517,-76.316803,0.3,5.53,3.48,26.09,9.11,71.882
2018-07-01T13:00:00Z,HAD,Harris_Creek_Downstream,38.712517,-76.316803,0.3,5.47,3.453,26.09,9.14,71.068
2018-07-01T13:15:00Z,HAD,Harris_Creek_Downstream,38.712517,-76.316803,0.3,6.64,3.428,26.27,9.12,86.619
2018-07-01T13:30:00Z,HAD,Harris_Creek_Downstream,38.712517,-76.316803,0.3,5.84,3.405,26.29,9.14,76.221
2018-07-01T13:45:00Z,HAD,Harris_Creek_Downstream,38.712517,-76.316803,0.3,5.56,3.38,26.17,9.15,72.335
2018-07-01T14:00:00Z,HAD,Harris_Creek_Downstream,38.712517,-76.316803,0.3,5.67,3.356,26.1,9.15,73.711
2018-07-01T14:15:00Z,HAD,Harris_Creek_Downstream,38.712517,-76.316803,0.3,6.01,3.333,26.13,9.12,78.134
2018-07-01T14:30:00Z,HAD,Harris_Creek_Downstream,38.712517,-76.316803,0.3,6.16,3.307,26.14,9.14,80.106
2018-07-01T14:45:00Z,HAD,Harris_Creek_Downstream,38.712517,-76.316803,0.3,5.92,3.284,26.16,9.14,77.035
2018-07-01T15:00:00Z,HAD,Harris_Creek_Downstream,38.712517,-76.316803,0.3,5.78,3.264,26.23,9.13,75.314
2018-07-01T15:15:00Z,HAD,Harris_Creek_Downstream,38.712517,-76.316803,0.3,5.78,3.245,26.29,9.14,75.39
2018-07-01T15:30:00Z,HAD,Harris_Creek_Downstream,38.712517,-76.316803,0.3,5.84,3.23,26.38,9.14,76.338
2018-07-01T15:45:00Z,HAD,Harris_Creek_Downstream,38.712517,-76.316803,0.3,5.66,3.21,26.41,9.14,73.98
2018-07-01T16:00:00Z,HAD,Harris_Creek_Downstream,38.712517,-76.316803,0.3,5.72,3.193,26.57,9.15,74.945
2018-07-01T16:15:00Z,HAD,Harris_Creek_Downstream,38.712517,-76.316803,0.3,5.35,3.18,26.51,9.15,70.027
2018-07-01T16:30:00Z,HAD,Harris_Creek_Downstream,38.712517,-76.316803,0.3,5.71,3.16,26.56,9.15,74.836
2018-07-01T16:45:00Z,HAD,Harris_Creek_Downstream,38.712517,-76.316803,0.3,6.09,3.154,26.64,9.15,79.93
2018-07-01T17:00:00Z,HAD,Harris_Creek_Downstream,38.712517,-76.316803,0.3,6.68,3.145,26.78,9.14,87.945
2018-07-01T17:15:00Z,HAD,Harris_Creek_Downstream,38.712517,-76.316803,0.3,5.9,3.142,26.71,9.15,77.563
2018-07-01T17:30:00Z,HAD,Harris_Creek_Downstream,38.712517,-76.316803,0.3,6.21,3.135,26.8,9.15,81.768
2018-07-01T17:45:00Z,HAD,Harris_Creek_Downstream,38.712517,-76.316803,0.3,6.48,3.133,26.91,9.15,85.486
2018-07-01T18:00:00Z,HAD,Harris_Creek_Downstream,38.712517,-76.316803,0.3,6.71,3.137,27.01,9.15,88.616
2018-07-01T18:15:00Z,HAD,Harris_Creek_Downstream,38.712517,-76.316803,0.3,6.57,3.145,27.12,9.15,86.98
2018-07-01T18:30:00Z,HAD,Harris_Creek_Downstream,38.712517,-76.316803,0.3,6.72,3.159,27.14,9.15,88.994
2018-07-01T18:45:00Z,HAD,Harris_Creek_Downstream,38.712517,-76.316803,0.3,7.29,3.173,27.28,9.14,96.757
2018-07-01T19:00:00Z,HAD,Harris_Creek_Downstream,38.712517,-76.316803,0.3,6.45,3.192,27.24,9.15,85.587
2018-07-01T19:15:00Z,HAD,Harris_Creek_Downstream,38.712517,-76.316803,0.3,6.36,3.21,27.24,9.15,84.353
2018-07-01T19:30:00Z,HAD,Harris_Creek_Downstream,38.712517,-76.316803,0.3,7.42,3.235,27.5,9.17,98.93
2018-07-01T19:45:00Z,HAD,Harris_Creek_Downstream,38.712517,-76.316803,0.3,6.9,3.258,27.51,9.16,91.898
2018-07-01T20:00:00Z,HAD,Harris_Creek_Downstream,38.712517,-76.316803,0.3,6.71,3.286,27.48,9.16,89.43
2018-07-01T20:15:00Z,HAD,Harris_Creek_Downstream,38.712517,-76.316803,0.3,7.02,3.306,27.52,9.16,93.568
2018-07-01T20:30:00Z,HAD,Harris_Creek_Downstream,38.712517,-76.316803,0.3,6.51,3.334,27.52,9.17,86.711
2018-07-01T20:45:00Z,HAD,Harris_Creek_Downstream,38.712517,-76.316803,0.3,6.57,3.356,27.5,9.16,87.559
2018-07-01T21:00:00Z,HAD,Harris_Creek_Downstream,38.712517,-76.316803,0.3,5.93,3.379,27.46,9.16,78.923
2018-07-01T21:15:00Z,HAD,Harris_Creek_Downstream,38.712517,-76.316803,0.3,6.03,3.395,27.51,9.17,80.4
2018-07-01T21:30:00Z,HAD,Harris_Creek_Downstream,38.712517,-76.316803,0.3,6.27,3.413,27.52,9.17,83.539
2018-07-01T21:45:00Z,HAD,Harris_Creek_Downstream,38.712517,-76.316803,0.3,6.64,3.429,27.42,9.16,88.398
2018-07-01T22:00:00Z,HAD,Harris_Creek_Downstream,38.712517,-76.316803,0.3,6.29,3.438,27.33,9.16,83.589
2018-07-01T22:15:00Z,HAD,Harris_Creek_Downstream,38.712517,-76.316803,0.3,5.59,3.448,27.05,9.15,73.879
2018-07-01T22:30:00Z,HAD,Harris_Creek_Downstream,38.712517,-76.316803,0.3,5.49,3.455,26.86,9.15,72.335
2018-07-01T22:45:00Z,HAD,Harris_Creek_Downstream,38.712517,-76.316803,0.3,5.84,3.457,26.78,9.14,76.892
2018-07-01T23:00:00Z,HAD,Harris_Creek_Downstream,38.712517,-76.316803,0.3,5.76,3.461,26.82,9.14,75.885
2018-07-01T23:15:00Z,HAD,Harris_Creek_Downstream,38.712517,-76.316803,0.3,5.87,3.459,26.86,9.14,77.337
2018-07-01T23:30:00Z,HAD,Harris_Creek_Downstream,38.712517,-76.316803,0.3,5.74,3.454,26.86,9.14,75.692
2018-07-01T23:45:00Z,HAD,Harris_Creek_Downstream,38.712517,-76.316803,0.3,5.72,3.448,26.86,9.14,75.314
2018-07-02T00:00:00Z,HAD,Harris_Creek_Downstream,38.712517,-76.316803,0.3,6.06,3.437,26.97,9.14,80.048
2018-07-02T00:15:00Z,HAD,Harris_Creek_Downstream,38.712517,-76.316803,0.3,6.07,3.427,27.1,9.14,80.341
2018-07-02T00:30:00Z,HAD,Harris_Creek_Downstream,38.712517,-76.316803,0.3,5.88,3.411,27.26,9.15,78.008
2018-07-02T00:45:00Z,HAD,Harris_Creek_Downstream,38.712517,-76.316803,0.3,5.62,3.396,27.27,9.15,74.525
2018-07-02T01:00:00Z,HAD,Harris_Creek_Downstream,38.712517,-76.316803,0.3,5.41,3.381,27.28,9.15,71.823
2018-07-02T01:15:00Z,HAD,Harris_Creek_Downstream,38.712517,-76.316803,0.3,5.23,3.367,27.26,9.16,69.389
2018-07-02T01:30:00Z,HAD,Harris_Creek_Downstream,38.712517,-76.316803,0.3,5.41,3.35,27.31,9.15,71.89
2018-07-02T01:45:00Z,HAD,Harris_Creek_Downstream,38.712517,-76.316803,0.3,5.65,3.334,27.27,9.15,74.937
2018-07-02T02:00:00Z,HAD,Harris_Creek_Downstream,38.712517,-76.316803,0.3,5.3,3.314,27.24,9.15,70.304
2018-07-02T02:15:00Z,HAD,Harris_Creek_Downstream,38.712517,-76.316803,0.3,5.73,3.299,27.46,9.15,76.313
2018-07-02T02:30:00Z,HAD,Harris_Creek_Downstream,38.712517,-76.316803,0.3,6.38,3.28,27.62,9.15,85.175
2018-07-02T02:45:00Z,HAD,Harris_Creek_Downstream,38.712517,-76.316803,0.3,6.12,3.262,27.65,9.16,81.734
2018-07-02T03:00:00Z,HAD,Harris_Creek_Downstream,38.712517,-76.316803,0.3,6.54,3.246,27.82,9.16,87.676
2018-07-02T03:15:00Z,HAD,Harris_Creek_Downstream,38.712517,-76.316803,0.3,6.84,3.231,27.96,9.16,91.847
2018-07-02T03:30:00Z,HAD,Harris_Creek_Downstream,38.712517,-76.316803,0.3,6.6,3.216,27.95,9.16,88.692
2018-07-02T03:45:00Z,HAD,Harris_Creek_Downstream,38.712517,-76.316803,0.3,6.68,3.199,28.0,9.16,89.774
2018-07-02T04:00:00Z,HAD,Harris_Creek_Downstream,38.712517,-76.316803,0.3,6.48,3.187,28.01,9.16,87.114
2018-07-02T04:15:00Z,HAD,Harris_Creek_Downstream,38.712517,-76.316803,0.3,6.38,3.18,27.98,9.15,85.696
2018-07-02T04:30:00Z,HAD,Harris_Creek_Downstream,38.712517,-76.316803,0.3,6.05,3.173,27.97,9.15,81.29
2018-07-02T04:45:00Z,HAD,Harris_Creek_Downstream,38.712517,-76.316803,0.3,5.43,3.173,27.87,9.15,72.813
2018-07-02T05:00:00Z,HAD,Harris_Creek_Downstream,38.712517,-76.316803,0.3,5.92,3.17,27.82,9.15,79.309
2018-07-02T05:15:00Z,HAD,Harris_Creek_Downstream,38.712517,-76.316803,0.3,6.13,3.175,27.8,9.15,82.129
2018-07-02T05:30:00Z,HAD,Harris_Creek_Downstream,38.712517,-76.316803,0.3,5.98,3.186,27.76,9.15,80.081
2018-07-02T05:45:00Z,HAD,Harris_Creek_Downstream,38.712517,-76.316803,0.3,5.8,3.194,27.71,9.15,77.597
2018-07-02T06:00:00Z,HAD,Harris_Creek_Downstream,38.712517,-76.316803,0.3,5.83,3.213,27.74,9.15,78.05
2018-07-02T06:15:00Z,HAD,Harris_Creek_Downstream,38.712517,-76.316803,0.3,6.24,3.231,27.78,9.15,83.53
2018-07-02T06:30:00Z,HAD,Harris_Creek_Downstream,38.712517,-76.316803,0.3,6.06,3.259,27.76,9.15,81.063
2018-07-02T06:45:00Z,HAD,Harris_Creek_Downstream,38.712517,-76.316803,0.3,6.62,3.284,27.68,9.15,88.482
2018-07-02T07:00:00Z,HAD,Harris_Creek_Downstream,38.712517,-76.316803,0.3,6.55,3.307,27.64,9.15,87.534
2018-07-02T07:15:00Z,HAD,Harris_Creek_Downstream,38.712517,-76.316803,0.3,6.48,3.331,27.61,9.15,86.443
2018-07-02T07:30:00Z,HAD,Harris_Creek_Downstream,38.712517,-76.316803,0.3,6.13,3.359,27.62,9.15,81.869
2018-07-02T07:45:00Z,HAD,Harris_Creek_Downstream,38.712517,-76.316803,0.3,6.23,3.39,27.66,9.15,83.27
2018-07-02T08:00:00Z,HAD,Harris_Creek_Downstream,38.712517,-76.316803,0.3,6.1,3.418,27.75,9.14,81.634
2018-07-02T08:15:00Z,HAD,Harris_Creek_Downstream,38.712517,-76.316803,0.3,6.12,3.447,27.89,9.15,82.112
2018-07-02T08:30:00Z,HAD,Harris_Creek_Downstream,38.712517,-76.316803,0.3,6.69,3.476,28.14,9.16,90.093
2018-07-02T08:45:00Z,HAD,Harris_Creek_Downstream,38.712517,-76.316803,0.3,6.84,3.502,28.14,9.16,92.133
2018-07-02T09:00:00Z,HAD,Harris_Creek_Downstream,38.712517,-76.316803,0.3,6.57,3.529,28.05,9.16,88.432
2018-07-02T09:15:00Z,HAD,Harris_Creek_Downstream,38.712517,-76.316803,0.3,6.44,3.553,28.06,9.16,86.669
2018-07-02T09:30:00Z,HAD,Harris_Creek_Downstream,38.712517,-76.316803,0.3,5.68,3.574,27.98,9.16,76.372
2018-07-02T09:45:00Z,HAD,Harris_Creek_Downstream,38.712517,-76.316803,0.3,5.83,3.595,27.95,9.15,78.336
2018-07-02T10:00:00Z,HAD,Harris_Creek_Downstream,38.712517,-76.316803,0.3,5.61,3.611,27.99,9.16,75.365
2018-07-02T10:15:00Z,HAD,Harris_Creek_Downstream,38.712517,-76.316803,0.3,5.82,3.623,28.0,9.16,78.243
2018-07-02T10:30:00Z,HAD,Harris_Creek_Downstream,38.712517,-76.316803,0.3,5.83,3.633,27.98,9.16,78.294
2018-07-02T10:45:00Z,HAD,Harris_Creek_Downstream,38.712517,-76.316803,0.3,5.39,3.635,27.8,9.16,72.251
2018-07-02T11:00:00Z,HAD,Harris_Creek_Downstream,38.712517,-76.316803,0.3,5.65,3.641,27.69,9.16,75.491
2018-07-02T11:15:00Z,HAD,Harris_Creek_Downstream,38.712517,-76.316803,0.3,5.64,3.643,27.69,9.15,75.457
2018-07-02T11:30:00Z,HAD,Harris_Creek_Downstream,38.712517,-76.316803,0.3,6.15,3.636,27.69,9.15,82.263
2018-07-02T11:45:00Z,HAD,Harris_Creek_Downstream,38.712517,-76.316803,0.3,5.73,3.634,27.68,9.15,76.54
2018-07-02T12:00:00Z,HAD,Harris_Creek_Downstream,38.712517,-76.316803,0.3,6.0,3.623,27.7,9.15,80.224
2018-07-02T12:15:00Z,HAD,Harris_Creek_Downstream,38.712517,-76.316803,0.3,5.96,3.61,27.72,9.15,79.67
2018-07-02T12:30:00Z,HAD,Harris_Creek_Downstream,38.712517,-76.316803,0.3,5.57,3.594,27.73,9.15,74.542
2018-07-02T12:45:00Z,HAD,Harris_Creek_Downstream,38.712517,-76.316803,0.3,5.69,3.575,27.77,9.15,76.221
2018-07-02T13:00:00Z,HAD,Harris_Creek_Downstream,38.712517,-76.316803,0.3,5.45,3.556,27.77,9.15,72.956
2018-07-02T13:15:00Z,HAD,Harris_Creek_Downstream,38.712517,-76.316803,0.3,5.4,3.534,27.77,9.16,72.318
2018-07-02T13:30:00Z,HAD,Harris_Creek_Downstream,38.712517,-76.316803,0.3,5.16,3.511,27.77,9.15,69.138
2018-07-02T13:45:00Z,HAD,Harris_Creek_Downstream,38.712517,-76.316803,0.3,5.17,3.486,27.83,9.15,69.347
2018-07-02T14:00:00Z,HAD,Harris_Creek_Downstream,38.712517,-76.316803,0.3,4.99,3.462,27.88,9.16,66.972
2018-07-02T14:15:00Z,HAD,Harris_Creek_Downstream,38.712517,-76.316803,0.3,5.24,3.436,27.84,9.16,70.212
2018-07-02T14:30:00Z,HAD,Harris_Creek_Downstream,38.712517,-76.316803,0.3,5.0,3.408,27.83,9.16,67.006
2018-07-02T14:45:00Z,HAD,Harris_Creek_Downstream,38.712517,-76.316803,0.3,4.97,3.386,27.85,9.16,66.687
2018-07-02T15:00:00Z,HAD,Harris_Creek_Downstream,38.712517,-76.316803,0.3,4.88,3.359,27.85,9.16,65.386
2018-07-02T15:15:00Z,HAD,Harris_Creek_Downstream,38.712517,-76.316803,0.3,5.06,3.336,27.88,9.16,67.82
2018-07-02T15:30:00Z,HAD,Harris_Creek_Downstream,38.712517,-76.316803,0.3,4.87,3.313,27.88,9.15,65.336
2018-07-02T15:45:00Z,HAD,Harris_Creek_Downstream,38.712517,-76.316803,0.3,5.05,3.293,27.91,9.16,67.786
2018-07-02T16:00:00Z,HAD,Harris_Creek_Downstream,38.712517,-76.316803,0.3,5.26,3.27,27.95,9.16,70.631
2018-07-02T16:15:00Z,HAD,Harris_Creek_Downstream,38.712517,-76.316803,0.3,5.76,3.251,28.03,9.16,77.488
2018-07-02T16:30:00Z,HAD,Harris_Creek_Downstream,38.712517,-76.316803,0.3,5.42,3.233,28.0,9.16,72.847
2018-07-02T16:45:00Z,HAD,Harris_Creek_Downstream,38.712517,-76.316803,0.3,5.61,3.216,28.07,9.16,75.533
2018-07-02T17:00:00Z,HAD,Harris_Creek_Downstream,38.712517,-76.316803,0.3,5.77,3.205,28.09,9.16,77.715
2018-07-02T17:15:00Z,HAD,Harris_Creek_Downstream,38.712517,-76.316803,0.3,5.92,3.192,28.13,9.16,79.695
2018-07-02T17:30:00Z,HAD,Harris_Creek_Downstream,38.712517,-76.316803,0.3,5.97,3.183,28.19,9.16,80.568
2018-07-02T17:45:00Z,HAD,Harris_Creek_Downstream,38.712517,-76.316803,0.3,6.3,3.175,28.29,9.16,85.1
2018-07-02T18:00:00Z,HAD,Harris_Creek_Downstream,38.712517,-76.316803,0.3,6.54,3.168,28.31,9.16,88.322
2018-07-02T18:15:00Z,HAD,Harris_Creek_Downstream,38.712517,-76.316803,0.3,6.67,3.167,28.36,9.16,90.261
2018-07-02T18:30:00Z,HAD,Harris_Creek_Downstream,38.712517,-76.316803,0.3,6.53,3.172,28.39,9.16,88.356
2018-07-02T18:45:00Z,HAD,Harris_Creek_Downstream,38.712517,-76.316803,0.3,6.62,3.18,28.44,9.15,89.598
2018-07-02T19:00:00Z,HAD,Harris_Creek_Downstream,38.712517,-76.316803,0.3,7.11,3.192,28.53,9.16,96.421
2018-07-02T19:15:00Z,HAD,Harris_Creek_Downstream,38.712517,-76.316803,0.3,6.96,3.203,28.58,9.16,94.566
2018-07-02T19:30:00Z,HAD,Harris_Creek_Downstream,38.712517,-76.316803,0.3,7.38,3.22,28.73,9.16,100.407
2018-07-02T19:45:00Z,HAD,Harris_Creek_Downstream,38.712517,-76.316803,0.3,7.82,3.243,29.07,9.18,107.046
2018-07-02T20:00:00Z,HAD,Harris_Creek_Downstream,38.712517,-76.316803,0.3,6.75,3.267,28.92,9.17,92.149
2018-07-02T20:15:00Z,HAD,Harris_Creek_Downstream,38.712517,-76.316803,0.3,6.89,3.291,28.93,9.16,94.063
2018-07-02T20:30:00Z,HAD,Harris_Creek_Downstream,38.712517,-76.316803,0.3,6.96,3.318,28.94,9.17,95.078
2018-07-02T20:45:00Z,HAD,Harris_Creek_Downstream,38.712517,-76.316803,0.3,6.78,3.344,28.96,9.18,92.628
2018-07-02T21:00:00Z,HAD,Harris_Creek_Downstream,38.712517,-76.316803,0.3,6.86,3.368,28.97,9.18,93.736
2018-07-02T21:15:00Z,HAD,Harris_Creek_Downstream,38.712517,-76.316803,0.3,6.93,3.393,28.97,9.18,94.717
2018-07-02T21:30:00Z,HAD,Harris_Creek_Downstream,38.712517,-76.316803,0.3,6.5,3.418,28.91,9.18,88.809
2018-07-02T21:45:00Z,HAD,Harris_Creek_Downstream,38.712517,-76.316803,0.3,6.59,3.44,28.86,9.18,89.9
2018-07-02T22:00:00Z,HAD,Harris_Creek_Downstream,38.712517,-76.316803,0.3,6.79,3.46,28.81,9.18,92.552
2018-07-02T22:15:00Z,HAD,Harris_Creek_Downstream,38.712517,-76.316803,0.3,6.57,3.479,28.78,9.18,89.464
2018-07-02T22:30:00Z,HAD,Harris_Creek_Downstream,38.712517,-76.316803,0.3,6.57,3.493,28.72,9.17,89.405
2018-07-02T22:45:00Z,HAD,Harris_Creek_Downstream,38.712517,-76.316803,0.3,6.34,3.509,28.58,9.17,86.107
2018-07-02T23:00:00Z,HAD,Harris_Creek_Downstream,38.712517,-76.316803,0.3,5.66,3.517,28.46,9.16,76.624
2018-07-02T23:15:00Z,HAD,Harris_Creek_Downstream,38.712517,-76.316803,0.3,5.22,3.524,28.25,9.14,70.522
2018-07-02T23:30:00Z,HAD,Harris_Creek_Downstream,38.712517,-76.316803,0.3,5.0,3.527,28.16,9.16,67.4
2018-07-02T23:45:00Z,HAD,Harris_Creek_Downstream,38.712517,-76.316803,0.3,5.06,3.528,28.12,9.16,68.139
2018-07-03T00:00:00Z,HAD,Harris_Creek_Downstream,38.712517,-76.316803,0.3,5.16,3.524,28.08,9.15,69.448
2018-07-03T00:15:00Z,HAD,Harris_Creek_Downstream,38.712517,-76.316803,0.3,4.83,3.519,28.04,9.15,65.009
2018-07-03T00:30:00Z,HAD,Harris_Creek_Downstream,38.712517,-76.316803,0.3,5.0,3.508,28.04,9.15,67.224
2018-07-03T00:45:00Z,HAD,Harris_Creek_Downstream,38.712517,-76.316803,0.3,5.07,3.496,28.04,9.15,68.139
2018-07-03T01:00:00Z,HAD,Harris_Creek_Downstream,38.712517,-76.316803,0.3,5.32,3.484,28.18,9.14,71.798
2018-07-03T01:15:00Z,HAD,Harris_Creek_Downstream,38.712517,-76.316803,0.3,5.75,3.467,28.22,9.14,77.597
2018-07-03T01:30:00Z,HAD,Harris_Creek_Downstream,38.712517,-76.316803,0.3,5.95,3.453,28.37,9.14,80.526
2018-07-03T01:45:00Z,HAD,Harris_Creek_Downstream,38.712517,-76.316803,0.3,5.54,3.432,28.49,9.15,75.138
2018-07-03T02:00:00Z,HAD,Harris_Creek_Downstream,38.712517,-76.316803,0.3,5.25,3.416,28.5,9.15,71.194
2018-07-03T02:15:00Z,HAD,Harris_Creek_Downstream,38.712517,-76.316803,0.3,5.02,3.399,28.49,9.16,68.063
2018-07-03T02:30:00Z,HAD,Harris_Creek_Downstream,38.712517,-76.316803,0.3,4.94,3.377,28.44,9.16,66.93
2018-07-03T02:45:00Z,HAD,Harris_Creek_Downstream,38.712517,-76.316803,0.3,5.17,3.36,28.44,9.16,70.01
2018-07-03T03:00:00Z,HAD,Harris_Creek_Downstream,38.712517,-76.316803,0.3,5.2,3.338,28.45,9.16,70.388
2018-07-03T03:15:00Z,HAD,Harris_Creek_Downstream,38.712517,-76.316803,0.3,5.42,3.321,28.57,9.16,73.518
2018-07-03T03:30:00Z,HAD,Harris_Creek_Downstream,38.712517,-76.316803,0.3,5.49,3.299,28.59,9.16,74.525
2018-07-03T03:45:00Z,HAD,Harris_Creek_Downstream,38.712517,-76.316803,0.3,5.55,3.283,28.68,9.16,75.549
2018-07-03T04:00:00Z,HAD,Harris_Creek_Downstream,38.712517,-76.316803,0.3,5.48,3.265,28.7,9.15,74.559
2018-07-03T04:15:00Z,HAD,Harris_Creek_Downstream,38.712517,-76.316803,0.3,5.7,3.247,28.81,9.15,77.748
2018-07-03T04:30:00Z,HAD,Harris_Creek_Downstream,38.712517,-76.316803,0.3,5.82,3.236,28.89,9.16,79.485
2018-07-03T04:45:00Z,HAD,Harris_Creek_Downstream,38.712517,-76.316803,0.3,6.0,3.223,28.94,9.16,81.969
2018-07-03T05:00:00Z,HAD,Harris_Creek_Downstream,38.712517,-76.316803,0.3,6.37,3.214,29.04,9.16,87.231
2018-07-03T05:15:00Z,HAD,Harris_Creek_Downstream,38.712517,-76.316803,0.3,6.14,3.205,29.06,9.16,84.084
2018-07-03T05:30:00Z,HAD,Harris_Creek_Downstream,38.712517,-76.316803,0.3,6.01,3.201,29.04,9.16,82.179
2018-07-03T05:45:00Z,HAD,Harris_Creek_Downstream,38.712517,-76.316803,0.3,6.41,3.202,29.01,9.16,87.617
2018-07-03T06:00:00Z,HAD,Harris_Creek_Downstream,38.712517,-76.316803,0.3,6.9,3.208,29.05,9.16,94.424
2018-07-03T06:15:00Z,HAD,Harris_Creek_Downstream,38.712517,-76.316803,0.3,6.76,3.214,29.05,9.16,92.577
2018-07-03T06:30:00Z,HAD,Harris_Creek_Downstream,38.712517,-76.316803,0.3,6.59,3.223,29.01,9.16,90.127
2018-07-03T06:45:00Z,HAD,Harris_Creek_Downstream,38.712517,-76.316803,0.3,6.51,3.24,29.0,9.16,89.078
2018-07-03T07:00:00Z,HAD,Harris_Creek_Downstream,38.712517,-76.316803,0.3,6.26,3.26,28.95,9.16,85.503
2018-07-03T07:15:00Z,HAD,Harris_Creek_Downstream,38.712517,-76.316803,0.3,5.66,3.281,28.9,9.16,77.228
2018-07-03T07:30:00Z,HAD,Harris_Creek_Downstream,38.712517,-76.316803,0.3,5.13,3.303,28.86,9.16,70.019
2018-07-03T07:45:00Z,HAD,Harris_Creek_Downstream,38.712517,-76.316803,0.3,4.9,3.328,28.86,9.16,66.855
2018-07-03T08:00:00Z,HAD,Harris_Creek_Downstream,38.712517,-76.316803,0.3,4.83,3.357,28.85,9.16,65.94
2018-07-03T08:15:00Z,HAD,Harris_Creek_Downstream,38.712517,-76.316803,0.3,5.02,3.388,28.88,9.16,68.458
2018-07-03T08:30:00Z,HAD,Harris_Creek_Downstream,38.712517,-76.316803,0.3,5.28,3.417,28.88,9.16,72.117
2018-07-03T08:45:00Z,HAD,Harris_Creek_Downstream,38.712517,-76.316803,0.3,5.9,3.458,28.9,9.16,80.518
2018-07-03T09:00:00Z,HAD,Harris_Creek_Downstream,38.712517,-76.316803,0.3,6.29,3.48,28.99,9.16,86.04
2018-07-03T09:15:00Z,HAD,Harris_Creek_Downstream,38.712517,-76.316803,0.3,6.32,3.507,29.0,9.16,86.468
2018-07-03T09:30:00Z,HAD,Harris_Creek_Downstream,38.712517,-76.316803,0.3,6.43,3.537,29.04,9.16,87.962
2018-07-03T09:45:00Z,HAD,Harris_Creek_Downstream,38.712517,-76.316803,0.3,6.84,3.564,29.11,9.16,93.66
2018-07-03T10:00:00Z,HAD,Harris_Creek_Downstream,38.712517,-76.316803,0.3,6.69,3.587,29.12,9.16,91.688
2018-07-03T10:15:00Z,HAD,Harris_Creek_Downstream,38.712517,-76.316803,0.3,6.66,3.607,29.13,9.16,91.235
2018-07-03T10:30:00Z,HAD,Harris_Creek_Downstream,38.712517,-76.316803,0.3,6.61,3.627,29.13,9.16,90.614
2018-07-03T10:45:00Z,HAD,Harris_Creek_Downstream,38.712517,-76.316803,0.3,6.34,3.643,28.96,9.16,86.594
2018-07-03T11:00:00Z,HAD,Harris_Creek_Downstream,38.712517,-76.316803,0.3,6.22,3.655,28.88,9.16,84.932
2018-07-03T11:15:00Z,HAD,Harris_Creek_Downstream,38.712517,-76.316803,0.3,5.65,3.663,28.84,9.16,77.068
2018-07-03T11:30:00Z,HAD,Harris_Creek_Downstream,38.712517,-76.316803,0.3,5.65,3.672,28.85,9.16,77.127
2018-07-03T11:45:00Z,HAD,Harris_Creek_Downstream,38.712517,-76.316803,0.3,5.46,3.671,28.82,9.16,74.408
2018-07-03T12:00:00Z,HAD,Harris_Creek_Downstream,38.712517,-76.316803,0.3,4.43,3.669,28.69,9.16,60.208
2018-07-03T12:15:00Z,HAD,Harris_Creek_Downstream,38.712517,-76.316803,0.3,4.17,3.661,28.65,9.16,56.7
2018-07-03T12:30:00Z,HAD,Harris_Creek_Downstream,38.712517,-76.316803,0.3,4.17,3.654,28.61,9.16,56.683
2018-07-03T12:45:00Z,HAD,Harris_Creek_Downstream,38.712517,-76.316803,0.3,5.44,3.106,28.75,9.38,74.139
2018-07-03T13:00:00Z,HAD,Harris_Creek_Downstream,38.712517,-76.316803,0.3,4.81,3.471,28.76,9.39,65.646
2018-07-03T13:15:00Z,HAD,Harris_Creek_Downstream,38.712517,-76.316803,0.3,4.94,3.455,28.78,9.39,67.409
2018-07-03T13:30:00Z,HAD,Harris_Creek_Downstream,38.712517,-76.316803,0.3,5.04,3.434,28.79,9.39,68.819
2018-07-03T13:45:00Z,HAD,Harris_Creek_Downstream,38.712517,-76.316803,0.3,4.95,3.416,28.73,9.39,67.409
2018-07-03T14:00:00Z,HAD,Harris_Creek_Downstream,38.712517,-76.316803,0.3,5.09,3.392,28.71,9.38,69.347
2018-07-03T14:15:00Z,HAD,Harris_Creek_Downstream,38.712517,-76.316803,0.3,5.33,3.378,28.78,9.38,72.696
2018-07-03T14:30:00Z,HAD,Harris_Creek_Downstream,38.712517,-76.316803,0.3,5.09,3.341,28.7,9.38,69.289
2018-07-03T14:45:00Z,HAD,Harris_Creek_Downstream,38.712517,-76.316803,0.3,5.32,3.315,28.8,9.39,72.604
2018-07-03T15:00:00Z,HAD,Harris_Creek_Downstream,38.712517,-76.316803,0.3,5.33,3.292,28.83,9.39,72.839
2018-07-03T15:15:00Z,HAD,Harris_Creek_Downstream,38.712517,-76.316803,0.3,4.95,3.268,28.85,9.39,67.551
2018-07-03T15:30:00Z,HAD,Harris_Creek_Downstream,38.712517,-76.316803,0.3,5.19,3.242,28.86,9.39,70.9
2018-07-03T15:45:00Z,HAD,Harris_Creek_Downstream,38.712517,-76.316803,0.3,5.51,3.217,29.0,9.39,75.398
2018-07-03T16:00:00Z,HAD,Harris_Creek_Downstream,38.712517,-76.316803,0.3,5.53,3.194,28.99,9.39,75.768
2018-07-03T16:15:00Z,HAD,Harris_Creek_Downstream,38.712517,-76.316803,0.3,5.3,3.174,29.01,9.39,72.57
2018-07-03T16:30:00Z,HAD,Harris_Creek_Downstream,38.712517,-76.316803,0.3,5.18,3.155,28.91,9.38,70.766
2018-07-03T16:45:00Z,HAD,Harris_Creek_Downstream,38.712517,-76.316803,0.3,5.48,3.136,29.05,9.38,75.146
2018-07-03T17:00:00Z,HAD,Harris_Creek_Downstream,38.712517,-76.316803,0.3,5.94,3.119,29.16,9.38,81.592
2018-07-03T17:15:00Z,HAD,Harris_Creek_Downstream,38.712517,-76.316803,0.3,6.29,3.103,29.22,9.39,86.409
2018-07-03T17:30:00Z,HAD,Harris_Creek_Downstream,38.712517,-76.316803,0.3,6.43,3.09,29.31,9.39,88.448
2018-07-03T17:45:00Z,HAD,Harris_Creek_Downstream,38.712517,-76.316803,0.3,6.43,3.074,29.35,9.39,88.583
2018-07-03T18:00:00Z,HAD,Harris_Creek_Downstream,38.712517,-76.316803,0.3,6.38,3.064,29.34,9.39,87.836
2018-07-03T18:15:00Z,HAD,Harris_Creek_Downstream,38.712517,-76.316803,0.3,6.35,3.059,29.45,9.39,87.584
2018-07-03T18:30:00Z,HAD,Harris_Creek_Downstream,38.712517,-76.316803,0.3,5.23,3.053,29.43,9.38,72.15
2018-07-03T18:45:00Z,HAD,Harris_Creek_Downstream,38.712517,-76.316803,0.3,6.59,3.053,29.57,9.38,91.184
2018-07-03T19:00:00Z,HAD,Harris_Creek_Downstream,38.712517,-76.316803,0.3,6.37,3.055,29.6,9.39,88.146
2018-07-03T19:15:00Z,HAD,Harris_Creek_Downstream,38.712517,-76.316803,0.3,6.97,3.063,29.68,9.39,96.614
2018-07-03T19:30:00Z,HAD,Harris_Creek_Downstream,38.712517,-76.316803,0.3,6.99,3.07,29.77,9.39,96.958
2018-07-03T19:45:00Z,HAD,Harris_Creek_Downstream,38.712517,-76.316803,0.3,7.05,3.082,29.73,9.39,97.713
2018-07-03T20:00:00Z,HAD,Harris_Creek_Downstream,38.712517,-76.316803,0.3,7.27,3.102,29.87,9.4,101.028
2018-07-03T20:15:00Z,HAD,Harris_Creek_Downstream,38.712517,-76.316803,0.3,6.78,3.118,29.87,9.4,94.264
2018-07-03T20:30:00Z,HAD,Harris_Creek_Downstream,38.712517,-76.316803,0.3,6.47,3.143,29.84,9.4,89.825
2018-07-03T20:45:00Z,HAD,Harris_Creek_Downstream,38.712517,-76.316803,0.3,6.72,3.162,29.87,9.4,93.425
2018-07-03T21:00:00Z,HAD,Harris_Creek_Downstream,38.712517,-76.316803,0.3,6.69,3.185,29.86,9.4,92.997
2018-07-03T21:15:00Z,HAD,Harris_Creek_Downstream,38.712517,-76.316803,0.3,6.84,3.21,29.85,9.4,95.053
2018-07-03T21:30:00Z,HAD,Harris_Creek_Downstream,38.712517,-76.316803,0.3,6.67,3.237,29.85,9.4,92.695
2018-07-03T21:45:00Z,HAD,Harris_Creek_Downstream,38.712517,-76.316803,0.3,6.41,3.26,29.79,9.4,88.943
2018-07-03T22:00:00Z,HAD,Harris_Creek_Downstream,38.712517,-76.316803,0.3,7.22,3.285,29.83,9.4,100.307
2018-07-03T22:15:00Z,HAD,Harris_Creek_Downstream,38.712517,-76.316803,0.3,6.17,3.31,29.77,9.4,85.587
2018-07-03T22:30:00Z,HAD,Harris_Creek_Downstream,38.712517,-76.316803,0.3,5.3,3.33,29.57,9.4,73.258
2018-07-03T22:45:00Z,HAD,Harris_Creek_Downstream,38.712517,-76.316803,0.3,4.56,3.354,29.2,9.39,62.625
2018-07-03T23:00:00Z,HAD,Harris_Creek_Downstream,38.712517,-76.316803,0.3,4.8,3.386,28.96,9.38,65.739
2018-07-03T23:15:00Z,HAD,Harris_Creek_Downstream,38.712517,-76.316803,0.3,4.5,3.398,28.9,9.38,61.543
2018-07-03T23:30:00Z,HAD,Harris_Creek_Downstream,38.712517,-76.316803,0.3,4.14,3.408,28.82,9.38,56.557
2018-07-03T23:45:00Z,HAD,Harris_Creek_Downstream,38.712517,-76.316803,0.3,4.17,3.414,28.7,9.37,56.834
2018-07-04T00:00:00Z,HAD,Harris_Creek_Downstream,38.712517,-76.316803,0.3,4.24,3.416,28.59,9.37,57.682
2018-07-04T00:15:00Z,HAD,Harris_Creek_Downstream,38.712517,-76.316803,0.3,4.29,3.413,28.51,9.37,58.211
2018-07-04T00:30:00Z,HAD,Harris_Creek_Downstream,38.712517,-76.316803,0.3,4.32,3.415,28.55,9.36,58.639
2018-07-04T00:45:00Z,HAD,Harris_Creek_Downstream,38.712517,-76.316803,0.3,4.5,3.407,28.64,9.37,61.207
2018-07-04T01:00:00Z,HAD,Harris_Creek_Downstream,38.712517,-76.316803,0.3,5.01,3.41,28.87,9.37,68.424
2018-07-04T01:15:00Z,HAD,Harris_Creek_Downstream,38.712517,-76.316803,0.3,4.72,3.396,28.75,9.37,64.371
2018-07-04T01:30:00Z,HAD,Harris_Creek_Downstream,38.712517,-76.316803,0.3,4.56,3.383,28.76,9.36,62.189
2018-07-04T01:45:00Z,HAD,Harris_Creek_Downstream,38.712517,-76.316803,0.3,4.5,3.381,28.71,9.36,61.257
2018-07-04T02:00:00Z,HAD,Harris_Creek_Downstream,38.712517,-76.316803,0.3,4.64,3.361,28.92,9.37,63.448
2018-07-04T02:15:00Z,HAD,Harris_Creek_Downstream,38.712517,-76.316803,0.3,4.37,3.334,29.11,9.37,59.973
2018-07-04T02:30:00Z,HAD,Harris_Creek_Downstream,38.712517,-76.316803,0.3,4.11,3.317,28.98,9.37,56.297
2018-07-04T02:45:00Z,HAD,Harris_Creek_Downstream,38.712517,-76.316803,0.3,4.04,3.305,28.9,9.37,55.257
2018-07-04T03:00:00Z,HAD,Harris_Creek_Downstream,38.712517,-76.316803,0.3,4.39,3.279,28.97,9.37,60.099
2018-07-04T03:15:00Z,HAD,Harris_Creek_Downstream,38.712517,-76.316803,0.3,4.55,3.258,29.01,9.37,62.273
2018-07-04T03:30:00Z,HAD,Harris_Creek_Downstream,38.712517,-76.316803,0.3,4.96,3.246,29.2,9.38,68.206
2018-07-04T03:45:00Z,HAD,Harris_Creek_Downstream,38.712517,-76.316803,0.3,5.35,3.229,29.46,9.38,73.812
2018-07-04T04:00:00Z,HAD,Harris_Creek_Downstream,38.712517,-76.316803,0.3,5.63,3.211,29.6,9.38,77.908
2018-07-04T04:15:00Z,HAD,Harris_Creek_Downstream,38.712517,-76.316803,0.3,5.1,3.198,29.46,9.38,70.321
2018-07-04T04:30:00Z,HAD,Harris_Creek_Downstream,38.712517,-76.316803,0.3,4.67,3.177,29.48,9.38,64.48
2018-07-04T04:45:00Z,HAD,Harris_Creek_Downstream,38.712517,-76.316803,0.3,4.99,3.167,29.71,9.38,69.221
2018-07-04T05:00:00Z,HAD,Harris_Creek_Downstream,38.712517,-76.316803,0.3,5.84,3.14,29.86,9.39,81.164
2018-07-04T05:15:00Z,HAD,Harris_Creek_Downstream,38.712517,-76.316803,0.3,6.15,3.127,29.95,9.39,85.629
2018-07-04T05:30:00Z,HAD,Harris_Creek_Downstream,38.712517,-76.316803,0.3,6.14,3.109,29.97,9.39,85.469
2018-07-04T05:45:00Z,HAD,Harris_Creek_Downstream,38.712517,-76.316803,0.3,6.12,3.095,30.04,9.39,85.242
2018-07-04T06:00:00Z,HAD,Harris_Creek_Downstream,38.712517,-76.316803,0.3,6.51,3.092,30.17,9.39,90.941
2018-07-04T06:15:00Z,HAD,Harris_Creek_Downstream,38.712517,-76.316803,0.3,6.51,3.081,30.18,9.4,91.0
2018-07-04T06:30:00Z,HAD,Harris_Creek_Downstream,38.712517,-76.316803,0.3,6.51,3.081,30.19,9.4,90.966
2018-07-04T06:45:00Z,HAD,Harris_Creek_Downstream,38.712517,-76.316803,0.3,6.42,3.076,30.17,9.4,89.657
2018-07-04T07:00:00Z,HAD,Harris_Creek_Downstream,38.712517,-76.316803,0.3,6.31,3.079,30.2,9.39,88.213
2018-07-04T07:15:00Z,HAD,Harris_Creek_Downstream,38.712517,-76.316803,0.3,5.89,3.088,30.09,9.39,82.221
2018-07-04T07:30:00Z,HAD,Harris_Creek_Downstream,38.712517,-76.316803,0.3,5.7,3.094,29.99,9.39,79.376
2018-07-04T07:45:00Z,HAD,Harris_Creek_Downstream,38.712517,-76.316803,0.3,5.5,3.105,29.94,9.38,76.498
2018-07-04T08:00:00Z,HAD,Harris_Creek_Downstream,38.712517,-76.316803,0.3,5.3,3.122,29.88,9.38,73.653
2018-07-04T08:15:00Z,HAD,Harris_Creek_Downstream,38.712517,-76.316803,0.3,5.34,3.146,29.86,9.39,74.198
2018-07-04T08:30:00Z,HAD,Harris_Creek_Downstream,38.712517,-76.316803,0.3,5.22,3.164,29.82,9.39,72.495
2018-07-04T08:45:00Z,HAD,Harris_Creek_Downstream,38.712517,-76.316803,0.3,5.19,3.191,29.8,9.39,71.999
2018-07-04T09:00:00Z,HAD,Harris_Creek_Downstream,38.712517,-76.316803,0.3,5.34,3.218,29.85,9.39,74.156
2018-07-04T09:15:00Z,HAD,Harris_Creek_Downstream,38.712517,-76.316803,0.3,6.22,3.24,30.11,9.38,86.854
2018-07-04T09:30:00Z,HAD,Harris_Creek_Downstream,38.712517,-76.316803,0.3,5.15,3.269,29.93,9.39,71.597
2018-07-04T09:45:00Z,HAD,Harris_Creek_Downstream,38.712517,-76.316803,0.3,5.0,3.295,29.85,9.39,69.398
2018-07-04T10:00:00Z,HAD,Harris_Creek_Downstream,38.712517,-76.316803,0.3,4.6,3.324,29.68,9.39,63.758
2018-07-04T10:15:00Z,HAD,Harris_Creek_Downstream,38.712517,-76.316803,0.3,4.66,3.348,29.6,9.39,64.505
2018-07-04T10:30:00Z,HAD,Harris_Creek_Downstream,38.712517,-76.316803,0.3,4.71,3.376,29.62,9.39,65.21
2018-07-04T10:45:00Z,HAD,Harris_Creek_Downstream,38.712517,-76.316803,0.3,4.88,3.404,29.56,9.39,67.4
2018-07-04T11:00:00Z,HAD,Harris_Creek_Downstream,38.712517,-76.316803,0.3,4.53,3.435,29.52,9.39,62.533
2018-07-04T11:15:00Z,HAD,Harris_Creek_Downstream,38.712517,-76.316803,0.3,4.9,3.44,29.5,9.39,67.635
2018-07-04T11:30:00Z,HAD,Harris_Creek_Downstream,38.712517,-76.316803,0.3,4.87,3.457,29.48,9.39,67.266
2018-07-04T11:45:00Z,HAD,Harris_Creek_Downstream,38.712517,-76.316803,0.3,4.67,3.473,29.47,9.39,64.429
2018-07-04T12:00:00Z,HAD,Harris_Creek_Downstream,38.712517,-76.316803,0.3,4.98,3.485,29.47,9.38,68.693
2018-07-04T12:15:00Z,HAD,Harris_Creek_Downstream,38.712517,-76.316803,0.3,5.21,3.493,29.47,9.38,71.882
2018-07-04T12:30:00Z,HAD,Harris_Creek_Downstream,38.712517,-76.316803,0.3,4.97,3.499,29.47,9.38,68.617
2018-07-04T12:45:00Z,HAD,Harris_Creek_Downstream,38.712517,-76.316803,0.3,5.38,3.502,29.45,9.38,74.24
2018-07-04T13:00:00Z,HAD,Harris_Creek_Downstream,38.712517,-76.316803,0.3,5.48,3.499,29.45,9.38,75.65
2018-07-04T13:15:00Z,HAD,Harris_Creek_Downstream,38.712517,-76.316803,0.3,5.52,3.493,29.46,9.37,76.212
2018-07-04T13:30:00Z,HAD,Harris_Creek_Downstream,38.712517,-76.316803,0.3,5.91,3.486,29.52,9.37,81.567
2018-07-04T13:45:00Z,HAD,Harris_Creek_Downstream,38.712517,-76.316803,0.3,5.61,3.471,29.55,9.37,77.488
2018-07-04T14:00:00Z,HAD,Harris_Creek_Downstream,38.712517,-76.316803,0.3,6.03,3.456,29.62,9.38,83.497
2018-07-04T14:15:00Z,HAD,Harris_Creek_Downstream,38.712517,-76.316803,0.3,6.07,3.437,29.66,9.37,84.059
2018-07-04T14:30:00Z,HAD,Harris_Creek_Downstream,38.712517,-76.316803,0.3,6.15,3.413,29.78,9.38,85.385
2018-07-04T14:45:00Z,HAD,Harris_Creek_Downstream,38.712517,-76.316803,0.3,5.84,3.406,29.79,9.38,80.979
2018-07-04T15:00:00Z,HAD,Harris_Creek_Downstream,38.712517,-76.316803,0.3,5.62,3.367,29.71,9.37,77.908
2018-07-04T15:15:00Z,HAD,Harris_Creek_Downstream,38.712517,-76.316803,0.3,5.42,3.34,29.72,9.37,75.155
2018-07-04T15:30:00Z,HAD,Harris_Creek_Downstream,38.712517,-76.316803,0.3,5.19,3.314,29.73,9.37,72.008
2018-07-04T15:45:00Z,HAD,Harris_Creek_Downstream,38.712517,-76.316803,0.3,5.03,3.289,29.73,9.37,69.7
2018-07-04T16:00:00Z,HAD,Harris_Creek_Downstream,38.712517,-76.316803,0.3,4.98,3.262,29.77,9.37,69.112
2018-07-04T16:15:00Z,HAD,Harris_Creek_Downstream,38.712517,-76.316803,0.3,5.03,3.236,29.83,9.37,69.91
2018-07-04T16:30:00Z,HAD,Harris_Creek_Downstream,38.712517,-76.316803,0.3,5.26,3.211,29.84,9.37,73.107
2018-07-04T16:45:00Z,HAD,Harris_Creek_Downstream,38.712517,-76.316803,0.3,4.86,3.183,29.81,9.37,67.417
2018-07-04T17:00:00Z,HAD,Harris_Creek_Downstream,38.712517,-76.316803,0.3,5.58,3.162,29.88,9.37,77.513
2018-07-04T17:15:00Z,HAD,Harris_Creek_Downstream,38.712517,-76.316803,0.3,5.71,3.136,29.93,9.37,79.485
2018-07-04T17:30:00Z,HAD,Harris_Creek_Downstream,38.712517,-76.316803,0.3,5.68,3.113,30.01,9.37,79.166
2018-07-04T17:45:00Z,HAD,Harris_Creek_Downstream,38.712517,-76.316803,0.3,4.92,3.093,29.92,9.37,68.5
2018-07-04T18:00:00Z,HAD,Harris_Creek_Downstream,38.712517,-76.316803,0.3,5.4,3.078,29.98,9.37,75.172
2018-07-04T18:15:00Z,HAD,Harris_Creek_Downstream,38.712517,-76.316803,0.3,5.98,3.058,30.05,9.37,83.371
2018-07-04T18:30:00Z,HAD,Harris_Creek_Downstream,38.712517,-76.316803,0.3,7.13,3.047,30.33,9.38,99.921
2018-07-04T18:45:00Z,HAD,Harris_Creek_Downstream,38.712517,-76.316803,0.3,7.16,3.036,30.37,9.38,100.29
2018-07-04T19:00:00Z,HAD,Harris_Creek_Downstream,38.712517,-76.316803,0.3,7.49,3.028,30.58,9.39,105.359
2018-07-04T19:15:00Z,HAD,Harris_Creek_Downstream,38.712517,-76.316803,0.3,7.09,3.027,30.47,9.39,99.501
2018-07-04T19:30:00Z,HAD,Harris_Creek_Downstream,38.712517,-76.316803,0.3,6.06,3.025,30.48,9.4,85.142
2018-07-04T19:45:00Z,HAD,Harris_Creek_Downstream,38.712517,-76.316803,0.3,6.32,3.031,30.57,9.38,88.809
2018-07-04T20:00:00Z,HAD,Harris_Creek_Downstream,38.712517,-76.316803,0.3,6.13,3.037,30.53,9.39,86.166
2018-07-04T20:15:00Z,HAD,Harris_Creek_Downstream,38.712517,-76.316803,0.3,6.89,3.05,30.66,9.38,97.076
2018-07-04T20:30:00Z,HAD,Harris_Creek_Downstream,38.712517,-76.316803,0.3,7.41,3.062,30.75,9.38,104.562
2018-07-04T20:45:00Z,HAD,Harris_Creek_Downstream,38.712517,-76.316803,0.3,7.53,3.083,30.79,9.38,106.341
2018-07-04T21:00:00Z,HAD,Harris_Creek_Downstream,38.712517,-76.316803,0.3,8.19,3.106,31.01,9.38,115.958
2018-07-04T21:15:00Z,HAD,Harris_Creek_Downstream,38.712517,-76.316803,0.3,7.92,3.132,31.06,9.37,112.299
2018-07-04T21:30:00Z,HAD,Harris_Creek_Downstream,38.712517,-76.316803,0.3,7.32,3.157,30.87,9.38,103.403
2018-07-04T21:45:00Z,HAD,Harris_Creek_Downstream,38.712517,-76.316803,0.3,6.76,3.188,30.88,9.38,95.523
2018-07-04T22:00:00Z,HAD,Harris_Creek_Downstream,38.712517,-76.316803,0.3,7.02,3.211,30.9,9.38,99.224
2018-07-04T22:15:00Z,HAD,Harris_Creek_Downstream,38.712517,-76.316803,0.3,6.98,3.238,30.9,9.37,98.754
2018-07-04T22:30:00Z,HAD,Harris_Creek_Downstream,38.712517,-76.316803,0.3,7.47,3.266,30.99,9.37,105.804
2018-07-04T22:45:00Z,HAD,Harris_Creek_Downstream,38.712517,-76.316803,0.3,6.04,3.29,30.83,9.38,85.284
2018-07-04T23:00:00Z,HAD,Harris_Creek_Downstream,38.712517,-76.316803,0.3,5.78,3.315,30.74,9.38,81.499
2018-07-04T23:15:00Z,HAD,Harris_Creek_Downstream,38.712517,-76.316803,0.3,6.28,3.34,30.7,9.39,88.457
2018-07-04T23:30:00Z,HAD,Harris_Creek_Downstream,38.712517,-76.316803,0.3,6.55,3.361,30.62,9.38,92.166
2018-07-04T23:45:00Z,HAD,Harris_Creek_Downstream,38.712517,-76.316803,0.3,6.4,3.382,30.55,9.38,90.034
2018-07-05T00:00:00Z,HAD,Harris_Creek_Downstream,38.712517,-76.316803,0.3,6.32,3.4,30.51,9.39,88.759
2018-07-05T00:15:00Z,HAD,Harris_Creek_Downstream,38.712517,-76.316803,0.3,6.22,3.417,30.45,9.4,87.231
2018-07-05T00:30:00Z,HAD,Harris_Creek_Downstream,38.712517,-76.316803,0.3,5.64,3.439,30.42,9.41,79.192
2018-07-05T00:45:00Z,HAD,Harris_Creek_Downstream,38.712517,-76.316803,0.3,5.9,3.431,30.43,9.39,82.775
2018-07-05T01:00:00Z,HAD,Harris_Creek_Downstream,38.712517,-76.316803,0.3,5.3,3.441,30.39,9.38,74.324
2018-07-05T01:15:00Z,HAD,Harris_Creek_Downstream,38.712517,-76.316803,0.3,5.45,3.451,30.27,9.36,76.179
2018-07-05T01:30:00Z,HAD,Harris_Creek_Downstream,38.712517,-76.316803,0.3,5.34,3.441,30.19,9.36,74.609
2018-07-05T01:45:00Z,HAD,Harris_Creek_Downstream,38.712517,-76.316803,0.3,5.22,3.43,30.13,9.36,72.822
2018-07-05T02:00:00Z,HAD,Harris_Creek_Downstream,38.712517,-76.316803,0.3,5.65,3.431,30.28,9.36,79.066
2018-07-05T02:15:00Z,HAD,Harris_Creek_Downstream,38.712517,-76.316803,0.3,5.85,3.423,30.35,9.36,81.986
2018-07-05T02:30:00Z,HAD,Harris_Creek_Downstream,38.712517,-76.316803,0.3,6.58,3.401,30.65,9.35,92.619
2018-07-05T02:45:00Z,HAD,Harris_Creek_Downstream,38.712517,-76.316803,0.3,7.54,3.378,30.84,9.33,106.425
2018-07-05T03:00:00Z,HAD,Harris_Creek_Downstream,38.712517,-76.316803,0.3,6.93,3.362,30.84,9.34,97.881
2018-07-05T03:15:00Z,HAD,Harris_Creek_Downstream,38.712517,-76.316803,0.3,6.61,3.344,30.85,9.34,93.358
2018-07-05T03:30:00Z,HAD,Harris_Creek_Downstream,38.712517,-76.316803,0.3,7.26,3.322,30.96,9.33,102.724
2018-07-05T03:45:00Z,HAD,Harris_Creek_Downstream,38.712517,-76.316803,0.3,7.21,3.303,31.01,9.34,102.069
2018-07-05T04:00:00Z,HAD,Harris_Creek_Downstream,38.712517,-76.316803,0.3,7.19,3.281,30.99,9.34,101.851
2018-07-05T04:15:00Z,HAD,Harris_Creek_Downstream,38.712517,-76.316803,0.3,7.2,3.256,31.0,9.35,101.901
2018-07-05T04:30:00Z,HAD,Harris_Creek_Downstream,38.712517,-76.316803,0.3,7.31,3.235,31.09,9.35,103.664
2018-07-05T04:45:00Z,HAD,Harris_Creek_Downstream,38.712517,-76.316803,0.3,7.28,3.217,31.14,9.35,103.286
2018-07-05T05:00:00Z,HAD,Harris_Creek_Downstream,38.712517,-76.316803,0.3,7.44,3.193,31.21,9.36,105.753
2018-07-05T05:15:00Z,HAD,Harris_Creek_Downstream,38.712517,-76.316803,0.3,7.35,3.177,31.25,9.37,104.511
2018-07-05T05:30:00Z,HAD,Harris_Creek_Downstream,38.712517,-76.316803,0.3,7.45,3.159,31.26,9.37,105.913
2018-07-05T05:45:00Z,HAD,Harris_Creek_Downstream,38.712517,-76.316803,0.3,7.42,3.143,31.27,9.37,105.619
2018-07-05T06:00:00Z,HAD,Harris_Creek_Downstream,38.712517,-76.316803,0.3,7.33,3.131,31.26,9.37,104.268
2018-07-05T06:15:00Z,HAD,Harris_Creek_Downstream,38.712517,-76.316803,0.3,7.27,3.119,31.22,9.36,103.278
2018-07-05T06:30:00Z,HAD,Harris_Creek_Downstream,38.712517,-76.316803,0.3,7.24,3.111,31.19,9.36,102.824
2018-07-05T06:45:00Z,HAD,Harris_Creek_Downstream,38.712517,-76.316803,0.3,7.32,3.107,31.16,9.36,104.008
2018-07-05T07:00:00Z,HAD,Harris_Creek_Downstream,38.712517,-76.316803,0.3,7.18,3.1,31.12,9.35,101.952
2018-07-05T07:15:00Z,HAD,Harris_Creek_Downstream,38.712517,-76.316803,0.3,7.15,3.099,31.08,9.35,101.373
2018-07-05T07:30:00Z,HAD,Harris_Creek_Downstream,38.712517,-76.316803,0.3,6.94,3.096,31.05,9.35,98.402
2018-07-05T07:45:00Z,HAD,Harris_Creek_Downstream,38.712517,-76.316803,0.3,6.88,3.104,31.01,9.35,97.403
2018-07-05T08:00:00Z,HAD,Harris_Creek_Downstream,38.712517,-76.316803,0.3,6.72,3.109,31.0,9.35,95.162
2018-07-05T08:15:00Z,HAD,Harris_Creek_Downstream,38.712517,-76.316803,0.3,6.47,3.123,30.99,9.35,91.679
2018-07-05T08:30:00Z,HAD,Harris_Creek_Downstream,38.712517,-76.316803,0.3,6.63,3.137,30.96,9.35,93.836
2018-07-05T08:45:00Z,HAD,Harris_Creek_Downstream,38.712517,-76.316803,0.3,6.39,3.157,30.96,9.35,90.37
2018-07-05T09:00:00Z,HAD,Harris_Creek_Downstream,38.712517,-76.316803,0.3,6.66,3.175,30.95,9.35,94.222
2018-07-05T09:15:00Z,HAD,Harris_Creek_Downstream,38.712517,-76.316803,0.3,6.66,3.197,30.95,9.35,94.289
2018-07-05T09:30:00Z,HAD,Harris_Creek_Downstream,38.712517,-76.316803,0.3,6.65,3.22,30.96,9.35,94.105
2018-07-05T09:45:00Z,HAD,Harris_Creek_Downstream,38.712517,-76.316803,0.3,6.38,3.244,30.97,9.35,90.362
2018-07-05T10:00:00Z,HAD,Harris_Creek_Downstream,38.712517,-76.316803,0.3,6.71,3.271,30.97,9.35,94.944
2018-07-05T10:15:00Z,HAD,Harris_Creek_Downstream,38.712517,-76.316803,0.3,6.6,3.296,30.97,9.35,93.45
2018-07-05T10:30:00Z,HAD,Harris_Creek_Downstream,38.712517,-76.316803,0.3,6.56,3.323,30.97,9.35,92.854
2018-07-05T10:45:00Z,HAD,Harris_Creek_Downstream,38.712517,-76.316803,0.3,6.63,3.348,30.86,9.33,93.702
2018-07-05T11:00:00Z,HAD,Harris_Creek_Downstream,38.712517,-76.316803,0.3,5.53,3.372,30.78,9.35,78.067
2018-07-05T11:15:00Z,HAD,Harris_Creek_Downstream,38.712517,-76.316803,0.3,5.1,3.396,30.6,9.34,71.806
2018-07-05T11:30:00Z,HAD,Harris_Creek_Downstream,38.712517,-76.316803,0.3,5.39,3.428,30.44,9.31,75.675
2018-07-05T11:45:00Z,HAD,Harris_Creek_Downstream,38.712517,-76.316803,0.3,5.38,3.44,30.42,9.31,75.365
2018-07-05T12:00:00Z,HAD,Harris_Creek_Downstream,38.712517,-76.316803,0.3,6.14,3.453,30.51,9.29,86.25
2018-07-05T12:15:00Z,HAD,Harris_Creek_Downstream,38.712517,-76.316803,0.3,6.21,3.466,30.51,9.29,87.215
2018-07-05T12:30:00Z,HAD,Harris_Creek_Downstream,38.712517,-76.316803,0.3,5.01,3.477,30.37,9.29,70.153
2018-07-05T12:45:00Z,HAD,Harris_Creek_Downstream,38.712517,-76.316803,0.3,5.33,3.485,30.37,9.29,74.668
2018-07-05T13:00:00Z,HAD,Harris_Creek_Downstream,38.712517,-76.316803,0.3,5.62,3.485,30.35,9.29,78.722
2018-07-05T13:15:00Z,HAD,Harris_Creek_Downstream,38.712517,-76.316803,0.3,5.47,3.481,30.34,9.29,76.64
2018-07-05T13:30:00Z,HAD,Harris_Creek_Downstream,38.712517,-76.316803,0.3,5.19,3.482,30.28,9.29,72.646
2018-07-05T13:45:00Z,HAD,Harris_Creek_Downstream,38.712517,-76.316803,0.3,5.88,3.466,30.05,9.25,81.86
2018-07-05T14:00:00Z,HAD,Harris_Creek_Downstream,38.712517,-76.316803,0.3,5.71,3.45,30.02,9.25,79.502
2018-07-05T14:15:00Z,HAD,Harris_Creek_Downstream,38.712517,-76.316803,0.3,5.61,3.446,30.06,9.25,78.109
2018-07-05T14:30:00Z,HAD,Harris_Creek_Downstream,38.712517,-76.316803,0.3,5.45,3.441,30.03,9.25,75.935
2018-07-05T14:45:00Z,HAD,Harris_Creek_Downstream,38.712517,-76.316803,0.3,5.44,3.419,30.05,9.25,75.793
2018-07-05T15:00:00Z,HAD,Harris_Creek_Downstream,38.712517,-76.316803,0.3,5.49,3.4,30.06,9.25,76.431
2018-07-05T15:15:00Z,HAD,Harris_Creek_Downstream,38.712517,-76.316803,0.3,5.73,3.363,30.09,9.25,79.88
2018-07-05T15:30:00Z,HAD,Harris_Creek_Downstream,38.712517,-76.316803,0.3,5.52,3.34,30.1,9.25,76.993
2018-07-05T15:45:00Z,HAD,Harris_Creek_Downstream,38.712517,-76.316803,0.3,5.6,3.315,30.13,9.26,78.067
2018-07-05T16:00:00Z,HAD,Harris_Creek_Downstream,38.712517,-76.316803,0.3,5.46,3.289,30.15,9.26,76.162
2018-07-05T16:15:00Z,HAD,Harris_Creek_Downstream,38.712517,-76.316803,0.3,5.24,3.263,30.32,9.27,73.384
2018-07-05T16:30:00Z,HAD,Harris_Creek_Downstream,38.712517,-76.316803,0.3,5.16,3.24,30.31,9.27,72.251
2018-07-05T16:45:00Z,HAD,Harris_Creek_Downstream,38.712517,-76.316803,0.3,5.11,3.211,30.37,9.28,71.555
2018-07-05T17:00:00Z,HAD,Harris_Creek_Downstream,38.712517,-76.316803,0.3,5.16,3.182,30.45,9.28,72.335
2018-07-05T17:15:00Z,HAD,Harris_Creek_Downstream,38.712517,-76.316803,0.3,5.05,3.159,30.4,9.28,70.757
2018-07-05T17:30:00Z,HAD,Harris_Creek_Downstream,38.712517,-76.316803,0.3,5.14,3.134,30.33,9.28,71.899
2018-07-05T17:45:00Z,HAD,Harris_Creek_Downstream,38.712517,-76.316803,0.3,5.07,3.118,30.38,9.28,71.085
2018-07-05T18:00:00Z,HAD,Harris_Creek_Downstream,38.712517,-76.316803,0.3,5.24,3.097,30.45,9.28,73.51
2018-07-05T18:15:00Z,HAD,Harris_Creek_Downstream,38.712517,-76.316803,0.3,5.32,3.079,30.52,9.28,74.702
2018-07-05T18:30:00Z,HAD,Harris_Creek_Downstream,38.712517,-76.316803,0.3,4.84,3.059,30.47,9.28,67.837
2018-07-05T18:45:00Z,HAD,Harris_Creek_Downstream,38.712517,-76.316803,0.3,5.02,3.047,30.48,9.28,70.464
2018-07-05T19:00:00Z,HAD,Harris_Creek_Downstream,38.712517,-76.316803,0.3,5.18,3.039,30.55,9.28,72.713
2018-07-05T19:15:00Z,HAD,Harris_Creek_Downstream,38.712517,-76.316803,0.3,5.42,3.028,30.6,9.27,76.17
2018-07-05T19:30:00Z,HAD,Harris_Creek_Downstream,38.712517,-76.316803,0.3,5.68,3.016,30.64,9.27,79.964
2018-07-05T19:45:00Z,HAD,Harris_Creek_Downstream,38.712517,-76.316803,0.3,5.84,3.004,30.69,9.26,82.238
2018-07-05T20:00:00Z,HAD,Harris_Creek_Downstream,38.712517,-76.316803,0.3,5.99,2.997,30.7,9.26,84.403
2018-07-05T20:15:00Z,HAD,Harris_Creek_Downstream,38.712517,-76.316803,0.3,6.09,2.999,31.07,9.28,86.333
2018-07-05T20:30:00Z,HAD,Harris_Creek_Downstream,38.712517,-76.316803,0.3,5.99,3.003,30.9,9.28,84.596
2018-07-05T20:45:00Z,HAD,Harris_Creek_Downstream,38.712517,-76.316803,0.3,7.04,3.011,31.3,9.27,100.122
2018-07-05T21:00:00Z,HAD,Harris_Creek_Downstream,38.712517,-76.316803,0.3,7.6,3.018,31.47,9.27,108.38
2018-07-05T21:15:00Z,HAD,Harris_Creek_Downstream,38.712517,-76.316803,0.3,7.18,3.034,31.41,9.27,102.321
2018-07-05T21:30:00Z,HAD,Harris_Creek_Downstream,38.712517,-76.316803,0.3,7.33,3.051,31.44,9.27,104.486
2018-07-05T21:45:00Z,HAD,Harris_Creek_Downstream,38.712517,-76.316803,0.3,7.26,3.072,31.41,9.27,103.487
2018-07-05T22:00:00Z,HAD,Harris_Creek_Downstream,38.712517,-76.316803,0.3,7.33,3.091,31.39,9.27,104.385
2018-07-05T22:15:00Z,HAD,Harris_Creek_Downstream,38.712517,-76.316803,0.3,6.97,3.12,31.18,9.28,99.006
2018-07-05T22:30:00Z,HAD,Harris_Creek_Downstream,38.712517,-76.316803,0.3,6.63,3.152,31.03,9.34,93.92
2018-07-05T22:45:00Z,HAD,Harris_Creek_Downstream,38.712517,-76.316803,0.3,6.65,3.178,30.97,9.36,94.088
2018-07-05T23:00:00Z,HAD,Harris_Creek_Downstream,38.712517,-76.316803,0.3,6.89,3.201,30.99,9.35,97.537
2018-07-05T23:15:00Z,HAD,Harris_Creek_Downstream,38.712517,-76.316803,0.3,7.02,3.229,31.01,9.35,99.451
2018-07-05T23:30:00Z,HAD,Harris_Creek_Downstream,38.712517,-76.316803,0.3,7.17,3.26,31.06,9.35,101.616
2018-07-05T23:45:00Z,HAD,Harris_Creek_Downstream,38.712517,-76.316803,0.3,7.23,3.285,31.11,9.35,102.606
2018-07-06T00:00:00Z,HAD,Harris_Creek_Downstream,38.712517,-76.316803,0.3,7.47,3.311,31.16,9.34,106.131
2018-07-06T00:15:00Z,HAD,Harris_Creek_Downstream,38.712517,-76.316803,0.3,7.6,3.337,31.18,9.34,108.002
2018-07-06T00:30:00Z,HAD,Harris_Creek_Downstream,38.712517,-76.316803,0.3,7.66,3.361,31.18,9.34,108.766
2018-07-06T00:45:00Z,HAD,Harris_Creek_Downstream,38.712517,-76.316803,0.3,7.59,3.378,31.17,9.33,107.759
2018-07-06T01:00:00Z,HAD,Harris_Creek_Downstream,38.712517,-76.316803,0.3,7.88,3.409,31.06,9.32,111.645
2018-07-06T01:15:00Z,HAD,Harris_Creek_Downstream,38.712517,-76.316803,0.3,7.8,3.425,30.98,9.32,110.445
2018-07-06T01:30:00Z,HAD,Harris_Creek_Downstream,38.712517,-76.316803,0.3,7.75,3.431,30.88,9.31,109.471
2018-07-06T01:45:00Z,HAD,Harris_Creek_Downstream,38.712517,-76.316803,0.3,7.64,3.446,30.79,9.32,107.835
2018-07-06T02:00:00Z,HAD,Harris_Creek_Downstream,38.712517,-76.316803,0.3,7.42,3.448,30.74,9.32,104.62
2018-07-06T02:15:00Z,HAD,Harris_Creek_Downstream,38.712517,-76.316803,0.3,7.41,3.451,30.64,9.29,104.327
2018-07-06T02:30:00Z,HAD,Harris_Creek_Downstream,38.712517,-76.316803,0.3,7.43,3.46,30.59,9.28,104.494
2018-07-06T02:45:00Z,HAD,Harris_Creek_Downstream,38.712517,-76.316803,0.3,7.38,3.456,30.55,9.28,103.655
2018-07-06T03:00:00Z,HAD,Harris_Creek_Downstream,38.712517,-76.316803,0.3,7.26,3.448,30.52,9.28,101.994
2018-07-06T03:15:00Z,HAD,Harris_Creek_Downstream,38.712517,-76.316803,0.3,7.17,3.44,30.47,9.28,100.634
2018-07-06T03:30:00Z,HAD,Harris_Creek_Downstream,38.712517,-76.316803,0.3,6.84,3.434,30.47,9.28,96.035
2018-07-06T03:45:00Z,HAD,Harris_Creek_Downstream,38.712517,-76.316803,0.3,6.88,3.405,30.43,9.28,96.53
2018-07-06T04:00:00Z,HAD,Harris_Creek_Downstream,38.712517,-76.316803,0.3,6.75,3.388,30.42,9.28,94.633
2018-07-06T04:15:00Z,HAD,Harris_Creek_Downstream,38.712517,-76.316803,0.3,6.64,3.368,30.44,9.28,93.056
2018-07-06T04:30:00Z,HAD,Harris_Creek_Downstream,38.712517,-76.316803,0.3,6.75,3.352,30.45,9.27,94.701
2018-07-06T04:45:00Z,HAD,Harris_Creek_Downstream,38.712517,-76.316803,0.3,7.12,3.33,30.6,9.28,100.156
2018-07-06T05:00:00Z,HAD,Harris_Creek_Downstream,38.712517,-76.316803,0.3,6.66,3.306,30.62,9.28,93.652
2018-07-06T05:15:00Z,HAD,Harris_Creek_Downstream,38.712517,-76.316803,0.3,6.82,3.282,30.74,9.31,96.186
2018-07-06T05:30:00Z,HAD,Harris_Creek_Downstream,38.712517,-76.316803,0.3,6.15,3.269,30.74,9.32,86.678
2018-07-06T05:45:00Z,HAD,Harris_Creek_Downstream,38.712517,-76.316803,0.3,6.19,3.248,30.68,9.32,87.139
2018-07-06T06:00:00Z,HAD,Harris_Creek_Downstream,38.712517,-76.316803,0.3,6.04,3.23,30.61,9.3,84.999
2018-07-06T06:15:00Z,HAD,Harris_Creek_Downstream,38.712517,-76.316803,0.3,6.2,3.213,30.53,9.3,87.055
2018-07-06T06:30:00Z,HAD,Harris_Creek_Downstream,38.712517,-76.316803,0.3,6.04,3.201,30.49,9.3,84.731
2018-07-06T06:45:00Z,HAD,Harris_Creek_Downstream,38.712517,-76.316803,0.3,6.1,3.188,30.54,9.3,85.687
2018-07-06T07:00:00Z,HAD,Harris_Creek_Downstream,38.712517,-76.316803,0.3,6.13,3.171,30.6,9.3,86.266
2018-07-06T07:15:00Z,HAD,Harris_Creek_Downstream,38.712517,-76.316803,0.3,6.26,3.161,30.63,9.3,88.054
2018-07-06T07:30:00Z,HAD,Harris_Creek_Downstream,38.712517,-76.316803,0.3,6.35,3.158,30.63,9.3,89.33
2018-07-06T07:45:00Z,HAD,Harris_Creek_Downstream,38.712517,-76.316803,0.3,6.3,3.146,30.63,9.3,88.641
2018-07-06T08:00:00Z,HAD,Harris_Creek_Downstream,38.712517,-76.316803,0.3,5.92,3.142,30.62,9.3,83.295
2018-07-06T08:15:00Z,HAD,Harris_Creek_Downstream,38.712517,-76.316803,0.3,6.2,3.141,30.59,9.3,87.106
2018-07-06T08:30:00Z,HAD,Harris_Creek_Downstream,38.712517,-76.316803,0.3,5.86,3.142,30.58,9.3,82.431
2018-07-06T08:45:00Z,HAD,Harris_Creek_Downstream,38.712517,-76.316803,0.3,6.17,3.146,30.51,9.3,86.619
2018-07-06T09:00:00Z,HAD,Harris_Creek_Downstream,38.712517,-76.316803,0.3,5.99,3.154,30.47,9.3,84.051
2018-07-06T09:15:00Z,HAD,Harris_Creek_Downstream,38.712517,-76.316803,0.3,6.13,3.172,30.33,9.29,85.88
2018-07-06T09:30:00Z,HAD,Harris_Creek_Downstream,38.712517,-76.316803,0.3,5.85,3.181,30.31,9.29,81.877
2018-07-06T09:45:00Z,HAD,Harris_Creek_Downstream,38.712517,-76.316803,0.3,5.81,3.194,30.38,9.29,81.466
2018-07-06T10:00:00Z,HAD,Harris_Creek_Downstream,38.712517,-76.316803,0.3,6.06,3.215,30.45,9.29,84.949
2018-07-06T10:15:00Z,HAD,Harris_Creek_Downstream,38.712517,-76.316803,0.3,6.21,3.234,30.5,9.29,87.198
2018-07-06T10:30:00Z,HAD,Harris_Creek_Downstream,38.712517,-76.316803,0.3,6.03,3.256,30.52,9.3,84.747
2018-07-06T10:45:00Z,HAD,Harris_Creek_Downstream,38.712517,-76.316803,0.3,6.19,3.27,30.59,9.3,87.089
2018-07-06T11:00:00Z,HAD,Harris_Creek_Downstream,38.712517,-76.316803,0.3,6.33,3.294,30.64,9.31,89.078
2018-07-06T11:15:00Z,HAD,Harris_Creek_Downstream,38.712517,-76.316803,0.3,6.38,3.315,30.62,9.31,89.825
2018-07-06T11:30:00Z,HAD,Harris_Creek_Downstream,38.712517,-76.316803,0.3,6.35,3.339,30.61,9.31,89.355
2018-07-06T11:45:00Z,HAD,Harris_Creek_Downstream,38.712517,-76.316803,0.3,6.22,3.358,30.62,9.31,87.559
2018-07-06T12:00:00Z,HAD,Harris_Creek_Downstream,38.712517,-76.316803,0.3,6.32,3.372,30.59,9.3,88.893
2018-07-06T12:15:00Z,HAD,Harris_Creek_Downstream,38.712517,-76.316803,0.3,6.11,3.396,30.53,9.3,85.822
2018-07-06T12:30:00Z,HAD,Harris_Creek_Downstream,38.712517,-76.316803,0.3,6.24,3.425,29.97,9.23,86.837
2018-07-06T12:45:00Z,HAD,Harris_Creek_Downstream,38.712517,-76.316803,0.3,6.39,3.431,29.75,9.22,88.482
2018-07-06T13:00:00Z,HAD,Harris_Creek_Downstream,38.712517,-76.316803,0.3,6.2,3.437,29.7,9.21,85.847
2018-07-06T13:15:00Z,HAD,Harris_Creek_Downstream,38.712517,-76.316803,0.3,6.2,3.451,29.67,9.21,85.805
2018-07-06T13:30:00Z,HAD,Harris_Creek_Downstream,38.712517,-76.316803,0.3,6.13,3.45,29.66,9.2,84.856
2018-07-06T13:45:00Z,HAD,Harris_Creek_Downstream,38.712517,-76.316803,0.3,6.06,3.452,29.68,9.2,83.849
2018-07-06T14:00:00Z,HAD,Harris_Creek_Downstream,38.712517,-76.316803,0.3,5.99,3.452,29.69,9.21,82.867
2018-07-06T14:15:00Z,HAD,Harris_Creek_Downstream,38.712517,-76.316803,0.3,5.99,3.446,29.69,9.2,82.926
2018-07-06T14:30:00Z,HAD,Harris_Creek_Downstream,38.712517,-76.316803,0.3,5.86,3.443,29.7,9.21,81.071
2018-07-06T14:45:00Z,HAD,Harris_Creek_Downstream,38.712517,-76.316803,0.3,5.47,3.439,29.71,9.21,75.709
2018-07-06T15:00:00Z,HAD,Harris_Creek_Downstream,38.712517,-76.316803,0.3,5.6,3.417,29.73,9.2,77.496
2018-07-06T15:15:00Z,HAD,Harris_Creek_Downstream,38.712517,-76.316803,0.3,5.39,3.405,29.73,9.2,74.702
2018-07-06T15:30:00Z,HAD,Harris_Creek_Downstream,38.712517,-76.316803,0.3,5.63,3.392,29.73,9.2,77.966
2018-07-06T15:45:00Z,HAD,Harris_Creek_Downstream,38.712517,-76.316803,0.3,4.55,3.365,29.7,9.21,63.028
2018-07-06T16:00:00Z,HAD,Harris_Creek_Downstream,38.712517,-76.316803,0.3,4.71,3.341,29.7,9.22,65.21
2018-07-06T16:15:00Z,HAD,Harris_Creek_Downstream,38.712517,-76.316803,0.3,4.62,3.32,29.69,9.24,63.918
2018-07-06T16:30:00Z,HAD,Harris_Creek_Downstream,38.712517,-76.316803,0.3,4.38,3.298,29.69,9.22,60.569
2018-07-06T16:45:00Z,HAD,Harris_Creek_Downstream,38.712517,-76.316803,0.3,4.05,3.275,29.7,9.21,56.138
2018-07-06T17:00:00Z,HAD,Harris_Creek_Downstream,38.712517,-76.316803,0.3,5.32,3.243,29.72,9.21,73.737
2018-07-06T17:15:00Z,HAD,Harris_Creek_Downstream,38.712517,-76.316803,0.3,5.45,3.209,29.7,9.2,75.407
2018-07-06T17:30:00Z,HAD,Harris_Creek_Downstream,38.712517,-76.316803,0.3,5.41,3.183,29.66,9.21,74.828
2018-07-06T17:45:00Z,HAD,Harris_Creek_Downstream,38.712517,-76.316803,0.3,5.71,3.156,29.8,9.2,79.116
2018-07-06T18:00:00Z,HAD,Harris_Creek_Downstream,38.712517,-76.316803,0.3,4.94,3.128,29.74,9.21,68.483
2018-07-06T18:15:00Z,HAD,Harris_Creek_Downstream,38.712517,-76.316803,0.3,5.22,3.099,29.73,9.21,72.343
2018-07-06T18:30:00Z,HAD,Harris_Creek_Downstream,38.712517,-76.316803,0.3,5.78,3.075,29.71,9.21,79.972
2018-07-06T18:45:00Z,HAD,Harris_Creek_Downstream,38.712517,-76.316803,0.3,5.7,3.05,29.71,9.21,78.931
2018-07-06T19:00:00Z,HAD,Harris_Creek_Downstream,38.712517,-76.316803,0.3,5.81,3.022,29.75,9.21,80.492
2018-07-06T19:15:00Z,HAD,Harris_Creek_Downstream,38.712517,-76.316803,0.3,5.27,2.996,29.77,9.23,73.04
2018-07-06T19:30:00Z,HAD,Harris_Creek_Downstream,38.712517,-76.316803,0.3,5.62,2.973,29.84,9.24,78.059
2018-07-06T19:45:00Z,HAD,Harris_Creek_Downstream,38.712517,-76.316803,0.3,5.96,2.954,29.91,9.24,82.8
2018-07-06T20:00:00Z,HAD,Harris_Creek_Downstream,38.712517,-76.316803,0.3,6.27,2.934,29.98,9.25,87.29
2018-07-06T20:15:00Z,HAD,Harris_Creek_Downstream,38.712517,-76.316803,0.3,5.86,2.919,29.96,9.25,81.516
2018-07-06T20:30:00Z,HAD,Harris_Creek_Downstream,38.712517,-76.316803,0.3,6.35,2.908,29.98,9.25,88.314
2018-07-06T20:45:00Z,HAD,Harris_Creek_Downstream,38.712517,-76.316803,0.3,6.24,2.898,29.98,9.26,86.845
2018-07-06T21:00:00Z,HAD,Harris_Creek_Downstream,38.712517,-76.316803,0.3,6.25,2.894,30.01,9.25,87.013
2018-07-06T21:15:00Z,HAD,Harris_Creek_Downstream,38.712517,-76.316803,0.3,5.32,2.893,29.99,9.26,73.988
2018-07-06T21:30:00Z,HAD,Harris_Creek_Downstream,38.712517,-76.316803,0.3,4.66,2.889,29.97,9.26,64.799
2018-07-06T21:45:00Z,HAD,Harris_Creek_Downstream,38.712517,-76.316803,0.3,4.85,2.894,29.97,9.26,67.476
2018-07-06T22:00:00Z,HAD,Harris_Creek_Downstream,38.712517,-76.316803,0.3,6.14,2.909,30.06,9.26,85.57
2018-07-06T22:15:00Z,HAD,Harris_Creek_Downstream,38.712517,-76.316803,0.3,5.47,2.928,30.05,9.27,76.254
2018-07-06T22:30:00Z,HAD,Harris_Creek_Downstream,38.712517,-76.316803,0.3,5.3,2.946,30.03,9.27,73.82
2018-07-06T22:45:00Z,HAD,Harris_Creek_Downstream,38.712517,-76.316803,0.3,5.6,2.968,30.07,9.27,77.991
2018-07-06T23:00:00Z,HAD,Harris_Creek_Downstream,38.712517,-76.316803,0.3,5.33,2.995,30.07,9.27,74.307
2018-07-06T23:15:00Z,HAD,Harris_Creek_Downstream,38.712517,-76.316803,0.3,5.13,3.024,30.05,9.27,71.429
2018-07-06T23:30:00Z,HAD,Harris_Creek_Downstream,38.712517,-76.316803,0.3,5.09,3.051,30.06,9.27,70.917
2018-07-06T23:45:00Z,HAD,Harris_Creek_Downstream,38.712517,-76.316803,0.3,5.26,3.083,30.09,9.27,73.283
2018-07-07T00:00:00Z,HAD,Harris_Creek_Downstream,38.712517,-76.316803,0.3,5.32,3.11,30.11,9.27,74.181
2018-07-07T00:15:00Z,HAD,Harris_Creek_Downstream,38.712517,-76.316803,0.3,5.39,3.15,30.13,9.27,75.239
2018-07-07T00:30:00Z,HAD,Harris_Creek_Downstream,38.712517,-76.316803,0.3,7.11,3.181,30.22,9.27,99.283
2018-07-07T00:45:00Z,HAD,Harris_Creek_Downstream,38.712517,-76.316803,0.3,7.7,3.205,30.24,9.27,107.625
2018-07-07T01:00:00Z,HAD,Harris_Creek_Downstream,38.712517,-76.316803,0.3,7.33,3.23,30.24,9.28,102.455
2018-07-07T01:15:00Z,HAD,Harris_Creek_Downstream,38.712517,-76.316803,0.3,6.91,3.258,30.24,9.28,96.589
2018-07-07T01:30:00Z,HAD,Harris_Creek_Downstream,38.712517,-76.316803,0.3,6.84,3.281,30.23,9.28,95.641
2018-07-07T01:45:00Z,HAD,Harris_Creek_Downstream,38.712517,-76.316803,0.3,6.89,3.291,30.2,9.29,96.194
2018-07-07T02:00:00Z,HAD,Harris_Creek_Downstream,38.712517,-76.316803,0.3,6.48,3.304,30.18,9.29,90.429
2018-07-07T02:15:00Z,HAD,Harris_Creek_Downstream,38.712517,-76.316803,0.3,6.02,3.314,29.81,9.31,83.572
2018-07-07T02:30:00Z,HAD,Harris_Creek_Downstream,38.712517,-76.316803,0.3,6.49,3.316,29.75,9.3,89.993
2018-07-07T02:45:00Z,HAD,Harris_Creek_Downstream,38.712517,-76.316803,0.3,6.56,3.316,29.73,9.3,90.899
2018-07-07T03:00:00Z,HAD,Harris_Creek_Downstream,38.712517,-76.316803,0.3,6.49,3.31,29.71,9.3,89.917
2018-07-07T03:15:00Z,HAD,Harris_Creek_Downstream,38.712517,-76.316803,0.3,6.52,3.302,29.69,9.3,90.353
2018-07-07T03:30:00Z,HAD,Harris_Creek_Downstream,38.712517,-76.316803,0.3,6.41,3.291,29.85,9.28,88.935
2018-07-07T03:45:00Z,HAD,Harris_Creek_Downstream,38.712517,-76.316803,0.3,6.51,3.275,29.76,9.29,90.236
2018-07-07T04:00:00Z,HAD,Harris_Creek_Downstream,38.712517,-76.316803,0.3,6.36,3.263,29.8,9.29,88.28
2018-07-07T04:15:00Z,HAD,Harris_Creek_Downstream,38.712517,-76.316803,0.3,6.62,3.248,29.82,9.29,91.94
2018-07-07T04:30:00Z,HAD,Harris_Creek_Downstream,38.712517,-76.316803,0.3,6.38,3.23,29.82,9.29,88.541
2018-07-07T04:45:00Z,HAD,Harris_Creek_Downstream,38.712517,-76.316803,0.3,6.39,3.207,29.8,9.29,88.591
2018-07-07T05:00:00Z,HAD,Harris_Creek_Downstream,38.712517,-76.316803,0.3,6.46,3.184,29.78,9.29,89.632
2018-07-07T05:15:00Z,HAD,Harris_Creek_Downstream,38.712517,-76.316803,0.3,6.6,3.176,29.78,9.29,91.579
2018-07-07T05:30:00Z,HAD,Harris_Creek_Downstream,38.712517,-76.316803,0.3,6.56,3.163,29.77,9.29,90.949
2018-07-07T05:45:00Z,HAD,Harris_Creek_Downstream,38.712517,-76.316803,0.3,6.44,3.135,29.73,9.29,89.212
2018-07-07T06:00:00Z,HAD,Harris_Creek_Downstream,38.712517,-76.316803,0.3,6.18,3.084,29.65,9.29,85.511
2018-07-07T06:15:00Z,HAD,Harris_Creek_Downstream,38.712517,-76.316803,0.3,6.18,3.057,29.62,9.29,85.511
2018-07-07T06:30:00Z,HAD,Harris_Creek_Downstream,38.712517,-76.316803,0.3,6.28,3.032,29.57,9.29,86.854
2018-07-07T06:45:00Z,HAD,Harris_Creek_Downstream,38.712517,-76.316803,0.3,6.26,3.014,29.52,9.29,86.375
2018-07-07T07:00:00Z,HAD,Harris_Creek_Downstream,38.712517,-76.316803,0.3,6.11,2.984,29.48,9.28,84.311
2018-07-07T07:15:00Z,HAD,Harris_Creek_Downstream,38.712517,-76.316803,0.3,6.19,2.959,29.37,9.28,85.293
2018-07-07T07:30:00Z,HAD,Harris_Creek_Downstream,38.712517,-76.316803,0.3,5.99,2.933,29.34,9.28,82.397
2018-07-07T07:45:00Z,HAD,Harris_Creek_Downstream,38.712517,-76.316803,0.3,5.88,2.911,29.29,9.28,80.912
2018-07-07T08:00:00Z,HAD,Harris_Creek_Downstream,38.712517,-76.316803,0.3,5.97,2.875,29.21,9.29,82.011
2018-07-07T08:15:00Z,HAD,Harris_Creek_Downstream,38.712517,-76.316803,0.3,5.97,2.864,29.17,9.29,81.927
2018-07-07T08:30:00Z,HAD,Harris_Creek_Downstream,38.712517,-76.316803,0.3,5.86,2.842,29.11,9.3,80.392
2018-07-07T08:45:00Z,HAD,Harris_Creek_Downstream,38.712517,-76.316803,0.3,5.88,2.822,29.03,9.31,80.501
2018-07-07T09:00:00Z,HAD,Harris_Creek_Downstream,38.712517,-76.316803,0.3,6.04,2.818,28.98,9.31,82.658
2018-07-07T09:15:00Z,HAD,Harris_Creek_Downstream,38.712517,-76.316803,0.3,6.07,2.811,28.93,9.3,83.002
2018-07-07T09:30:00Z,HAD,Harris_Creek_Downstream,38.712517,-76.316803,0.3,5.77,2.8,28.89,9.3,78.814
2018-07-07T09:45:00Z,HAD,Harris_Creek_Downstream,38.712517,-76.316803,0.3,5.95,2.793,28.83,9.3,81.189
2018-07-07T10:00:00Z,HAD,Harris_Creek_Downstream,38.712517,-76.316803,0.3,5.76,2.79,28.81,9.3,78.537
2018-07-07T10:15:00Z,HAD,Harris_Creek_Downstream,38.712517,-76.316803,0.3,6.01,2.788,28.76,9.3,81.919
2018-07-07T10:30:00Z,HAD,Harris_Creek_Downstream,38.712517,-76.316803,0.3,6.13,2.791,28.71,9.3,83.43
2018-07-07T10:45:00Z,HAD,Harris_Creek_Downstream,38.712517,-76.316803,0.3,6.04,2.796,28.68,9.29,82.196
2018-07-07T11:00:00Z,HAD,Harris_Creek_Downstream,38.712517,-76.316803,0.3,6.05,2.804,28.67,9.29,82.339
2018-07-07T11:15:00Z,HAD,Harris_Creek_Downstream,38.712517,-76.316803,0.3,6.17,2.81,28.64,9.28,83.984
2018-07-07T11:30:00Z,HAD,Harris_Creek_Downstream,38.712517,-76.316803,0.3,6.04,2.818,28.61,9.28,82.121
2018-07-07T11:45:00Z,HAD,Harris_Creek_Downstream,38.712517,-76.316803,0.3,5.88,2.825,28.5,9.28,79.771
2018-07-07T12:00:00Z,HAD,Harris_Creek_Downstream,38.712517,-76.316803,0.3,5.81,2.829,28.45,9.28,78.814
2018-07-07T12:15:00Z,HAD,Harris_Creek_Downstream,38.712517,-76.316803,0.3,5.88,2.843,28.37,9.29,79.611
2018-07-07T12:30:00Z,HAD,Harris_Creek_Downstream,38.712517,-76.316803,0.3,5.94,2.855,28.42,9.28,80.492
2018-07-07T12:45:00Z,HAD,Harris_Creek_Downstream,38.712517,-76.316803,0.3,5.94,2.87,28.43,9.27,80.459
2018-07-07T13:00:00Z,HAD,Harris_Creek_Downstream,38.712517,-76.316803,0.3,6.01,2.88,28.45,9.27,81.416
2018-07-07T13:15:00Z,HAD,Harris_Creek_Downstream,38.712517,-76.316803,0.3,6.27,2.892,28.5,9.26,84.991
2018-07-07T13:30:00Z,HAD,Harris_Creek_Downstream,38.712517,-76.316803,0.3,6.45,2.902,28.52,9.25,87.508
2018-07-07T13:45:00Z,HAD,Harris_Creek_Downstream,38.712517,-76.316803,0.3,6.67,2.914,28.56,9.25,90.504
2018-07-07T14:00:00Z,HAD,Harris_Creek_Downstream,38.712517,-76.316803,0.3,6.86,2.931,28.61,9.25,93.182
2018-07-07T14:15:00Z,HAD,Harris_Creek_Downstream,38.712517,-76.316803,0.3,6.85,2.946,28.61,9.24,93.081
2018-07-07T14:30:00Z,HAD,Harris_Creek_Downstream,38.712517,-76.316803,0.3,6.99,2.959,28.54,9.24,94.894
2018-07-07T14:45:00Z,HAD,Harris_Creek_Downstream,38.712517,-76.316803,0.3,6.96,2.973,28.47,9.22,94.306
2018-07-07T15:00:00Z,HAD,Harris_Creek_Downstream,38.712517,-76.316803,0.3,7.04,2.982,28.43,9.22,95.322
2018-07-07T15:15:00Z,HAD,Harris_Creek_Downstream,38.712517,-76.316803,0.3,7.07,2.992,28.45,9.22,95.808
2018-07-07T15:30:00Z,HAD,Harris_Creek_Downstream,38.712517,-76.316803,0.3,7.16,3.002,28.48,9.22,97.067
2018-07-07T15:45:00Z,HAD,Harris_Creek_Downstream,38.712517,-76.316803,0.3,7.08,3.009,28.51,9.22,96.027
2018-07-07T16:00:00Z,HAD,Harris_Creek_Downstream,38.712517,-76.316803,0.3,7.04,3.01,28.52,9.22,95.573
2018-07-07T16:15:00Z,HAD,Harris_Creek_Downstream,38.712517,-76.316803,0.3,6.96,3.014,28.54,9.22,94.449
2018-07-07T16:30:00Z,HAD,Harris_Creek_Downstream,38.712517,-76.316803,0.3,7.1,3.019,28.53,9.22,96.287
2018-07-07T16:45:00Z,HAD,Harris_Creek_Downstream,38.712517,-76.316803,0.3,7.18,3.013,28.5,9.22,97.361
2018-07-07T17:00:00Z,HAD,Harris_Creek_Downstream,38.712517,-76.316803,0.3,6.81,3.01,28.49,9.22,92.359
2018-07-07T17:15:00Z,HAD,Harris_Creek_Downstream,38.712517,-76.316803,0.3,7.32,3.008,28.52,9.21,99.274
2018-07-07T17:30:00Z,HAD,Harris_Creek_Downstream,38.712517,-76.316803,0.3,7.33,3.001,28.56,9.22,99.551
2018-07-07T17:45:00Z,HAD,Harris_Creek_Downstream,38.712517,-76.316803,0.3,7.11,2.994,28.56,9.21,96.48
2018-07-07T18:00:00Z,HAD,Harris_Creek_Downstream,38.712517,-76.316803,0.3,7.13,2.99,28.59,9.21,96.891
2018-07-07T18:15:00Z,HAD,Harris_Creek_Downstream,38.712517,-76.316803,0.3,7.01,2.98,28.6,9.21,95.221
2018-07-07T18:30:00Z,HAD,Harris_Creek_Downstream,38.712517,-76.316803,0.3,7.2,2.969,28.64,9.21,97.823
2018-07-07T18:45:00Z,HAD,Harris_Creek_Downstream,38.712517,-76.316803,0.3,7.03,2.964,28.69,9.21,95.691
2018-07-07T19:00:00Z,HAD,Harris_Creek_Downstream,38.712517,-76.316803,0.3,6.84,2.951,28.71,9.22,93.131
2018-07-07T19:15:00Z,HAD,Harris_Creek_Downstream,38.712517,-76.316803,0.3,7.08,2.937,28.73,9.22,96.429
2018-07-07T19:30:00Z,HAD,Harris_Creek_Downstream,38.712517,-76.316803,0.3,7.39,2.927,28.75,9.22,100.609
2018-07-07T19:45:00Z,HAD,Harris_Creek_Downstream,38.712517,-76.316803,0.3,7.01,2.92,28.76,9.22,95.54
2018-07-07T20:00:00Z,HAD,Harris_Creek_Downstream,38.712517,-76.316803,0.3,6.94,2.914,28.76,9.22,94.541
2018-07-07T20:15:00Z,HAD,Harris_Creek_Downstream,38.712517,-76.316803,0.3,7.37,2.912,28.77,9.22,100.433
2018-07-07T20:30:00Z,HAD,Harris_Creek_Downstream,38.712517,-76.316803,0.3,7.55,2.911,28.76,9.22,102.808
2018-07-07T20:45:00Z,HAD,Harris_Creek_Downstream,38.712517,-76.316803,0.3,7.46,2.91,28.74,9.22,101.658
2018-07-07T21:00:00Z,HAD,Harris_Creek_Downstream,38.712517,-76.316803,0.3,7.38,2.914,28.73,9.22,100.433
2018-07-07T21:15:00Z,HAD,Harris_Creek_Downstream,38.712517,-76.316803,0.3,7.55,2.912,28.73,9.22,102.766
2018-07-07T21:30:00Z,HAD,Harris_Creek_Downstream,38.712517,-76.316803,0.3,7.75,2.925,28.7,9.23,105.544
2018-07-07T21:45:00Z,HAD,Harris_Creek_Downstream,38.712517,-76.316803,0.3,6.73,2.936,28.63,9.23,91.486
2018-07-07T22:00:00Z,HAD,Harris_Creek_Downstream,38.712517,-76.316803,0.3,6.39,2.957,28.36,9.24,86.493
2018-07-07T22:15:00Z,HAD,Harris_Creek_Downstream,38.712517,-76.316803,0.3,6.39,2.976,28.31,9.25,86.443
2018-07-07T22:30:00Z,HAD,Harris_Creek_Downstream,38.712517,-76.316803,0.3,6.44,2.995,28.26,9.26,87.064
2018-07-07T22:45:00Z,HAD,Harris_Creek_Downstream,38.712517,-76.316803,0.3,6.84,3.021,28.36,9.26,92.552
2018-07-07T23:00:00Z,HAD,Harris_Creek_Downstream,38.712517,-76.316803,0.3,7.17,3.057,28.38,9.26,97.0
2018-07-07T23:15:00Z,HAD,Harris_Creek_Downstream,38.712517,-76.316803,0.3,6.94,3.086,28.39,9.26,93.912
2018-07-07T23:30:00Z,HAD,Harris_Creek_Downstream,38.712517,-76.316803,0.3,7.26,3.118,28.46,9.25,98.402
2018-07-07T23:45:00Z,HAD,Harris_Creek_Downstream,38.712517,-76.316803,0.3,7.38,3.151,28.48,9.24,100.08
2018-07-08T00:00:00Z,HAD,Harris_Creek_Downstream,38.712517,-76.316803,0.3,7.79,3.192,28.49,9.23,105.711
2018-07-08T00:15:00Z,HAD,Harris_Creek_Downstream,38.712517,-76.316803,0.3,7.94,3.225,28.48,9.23,107.608
2018-07-08T00:30:00Z,HAD,Harris_Creek_Downstream,38.712517,-76.316803,0.3,8.06,3.26,28.44,9.23,109.203
2018-07-08T00:45:00Z,HAD,Harris_Creek_Downstream,38.712517,-76.316803,0.3,7.86,3.304,28.43,9.22,106.416
2018-07-08T01:00:00Z,HAD,Harris_Creek_Downstream,38.712517,-76.316803,0.3,7.96,3.34,28.37,9.22,107.7
2018-07-08T01:15:00Z,HAD,Harris_Creek_Downstream,38.712517,-76.316803,0.3,7.9,3.372,28.36,9.21,106.945
2018-07-08T01:30:00Z,HAD,Harris_Creek_Downstream,38.712517,-76.316803,0.3,7.91,3.397,28.28,9.21,106.903
2018-07-08T01:45:00Z,HAD,Harris_Creek_Downstream,38.712517,-76.316803,0.3,7.98,3.42,28.2,9.22,107.734
2018-07-08T02:00:00Z,HAD,Harris_Creek_Downstream,38.712517,-76.316803,0.3,7.97,3.449,28.15,9.22,107.407
2018-07-08T02:15:00Z,HAD,Harris_Creek_Downstream,38.712517,-76.316803,0.3,7.89,3.482,28.12,9.22,106.349
2018-07-08T02:30:00Z,HAD,Harris_Creek_Downstream,38.712517,-76.316803,0.3,7.58,3.503,28.13,9.21,102.103
2018-07-08T02:45:00Z,HAD,Harris_Creek_Downstream,38.712517,-76.316803,0.3,7.83,3.521,28.06,9.21,105.392
2018-07-08T03:00:00Z,HAD,Harris_Creek_Downstream,38.712517,-76.316803,0.3,7.8,3.53,28.01,9.22,104.847
2018-07-08T03:15:00Z,HAD,Harris_Creek_Downstream,38.712517,-76.316803,0.3,7.72,3.538,27.99,9.22,103.806
2018-07-08T03:30:00Z,HAD,Harris_Creek_Downstream,38.712517,-76.316803,0.3,7.67,3.545,27.96,9.22,103.026
2018-07-08T03:45:00Z,HAD,Harris_Creek_Downstream,38.712517,-76.316803,0.3,7.55,3.552,27.94,9.22,101.448
2018-07-08T04:00:00Z,HAD,Harris_Creek_Downstream,38.712517,-76.316803,0.3,7.41,3.557,27.9,9.22,99.417
2018-07-08T04:15:00Z,HAD,Harris_Creek_Downstream,38.712517,-76.316803,0.3,7.34,3.564,27.88,9.22,98.519
2018-07-08T04:30:00Z,HAD,Harris_Creek_Downstream,38.712517,-76.316803,0.3,6.89,3.563,27.88,9.22,92.443
2018-07-08T04:45:00Z,HAD,Harris_Creek_Downstream,38.712517,-76.316803,0.3,7.06,3.559,27.86,9.21,94.642
2018-07-08T05:00:00Z,HAD,Harris_Creek_Downstream,38.712517,-76.316803,0.3,6.64,3.548,27.85,9.22,89.103
2018-07-08T05:15:00Z,HAD,Harris_Creek_Downstream,38.712517,-76.316803,0.3,7.17,3.538,27.8,9.23,96.144
2018-07-08T05:30:00Z,HAD,Harris_Creek_Downstream,38.712517,-76.316803,0.3,6.9,3.53,27.83,9.23,92.51
2018-07-08T05:45:00Z,HAD,Harris_Creek_Downstream,38.712517,-76.316803,0.3,7.3,3.517,27.78,9.23,97.814
2018-07-08T06:00:00Z,HAD,Harris_Creek_Downstream,38.712517,-76.316803,0.3,7.41,3.501,27.77,9.24,99.249
2018-07-08T06:15:00Z,HAD,Harris_Creek_Downstream,38.712517,-76.316803,0.3,7.51,3.486,27.77,9.24,100.609
2018-07-08T06:30:00Z,HAD,Harris_Creek_Downstream,38.712517,-76.316803,0.3,7.37,3.468,27.75,9.24,98.628
2018-07-08T06:45:00Z,HAD,Harris_Creek_Downstream,38.712517,-76.316803,0.3,7.58,3.45,27.73,9.24,101.398
2018-07-08T07:00:00Z,HAD,Harris_Creek_Downstream,38.712517,-76.316803,0.3,7.35,3.435,27.75,9.24,98.46
2018-07-08T07:15:00Z,HAD,Harris_Creek_Downstream,38.712517,-76.316803,0.3,7.41,3.425,27.73,9.24,99.191
2018-07-08T07:30:00Z,HAD,Harris_Creek_Downstream,38.712517,-76.316803,0.3,7.32,3.408,27.71,9.23,97.89
2018-07-08T07:45:00Z,HAD,Harris_Creek_Downstream,38.712517,-76.316803,0.3,7.39,3.395,27.68,9.23,98.796
2018-07-08T08:00:00Z,HAD,Harris_Creek_Downstream,38.712517,-76.316803,0.3,7.19,3.387,27.67,9.23,96.127
2018-07-08T08:15:00Z,HAD,Harris_Creek_Downstream,38.712517,-76.316803,0.3,7.42,3.366,27.66,9.23,99.149
2018-07-08T08:30:00Z,HAD,Harris_Creek_Downstream,38.712517,-76.316803,0.3,7.04,3.358,27.65,9.23,94.063
2018-07-08T08:45:00Z,HAD,Harris_Creek_Downstream,38.712517,-76.316803,0.3,6.87,3.36,27.64,9.23,91.788
2018-07-08T09:00:00Z,HAD,Harris_Creek_Downstream,38.712517,-76.316803,0.3,6.59,3.347,27.59,9.23,87.953
2018-07-08T09:15:00Z,HAD,Harris_Creek_Downstream,38.712517,-76.316803,0.3,6.49,3.353,27.58,9.23,86.585
2018-07-08T09:30:00Z,HAD,Harris_Creek_Downstream,38.712517,-76.316803,0.3,6.01,3.339,27.53,9.23,80.157
2018-07-08T09:45:00Z,HAD,Harris_Creek_Downstream,38.712517,-76.316803,0.3,6.38,3.338,27.49,9.23,85.075
2018-07-08T10:00:00Z,HAD,Harris_Creek_Downstream,38.712517,-76.316803,0.3,6.34,3.344,27.47,9.23,84.462
2018-07-08T10:15:00Z,HAD,Harris_Creek_Downstream,38.712517,-76.316803,0.3,6.37,3.346,27.41,9.22,84.84
2018-07-08T10:30:00Z,HAD,Harris_Creek_Downstream,38.712517,-76.316803,0.3,6.12,3.367,27.39,9.22,81.466
2018-07-08T10:45:00Z,HAD,Harris_Creek_Downstream,38.712517,-76.316803,0.3,6.41,3.352,27.37,9.22,85.31
2018-07-08T11:00:00Z,HAD,Harris_Creek_Downstream,38.712517,-76.316803,0.3,6.26,3.367,27.35,9.22,83.195
2018-07-08T11:15:00Z,HAD,Harris_Creek_Downstream,38.712517,-76.316803,0.3,6.34,3.375,27.34,9.22,84.336
2018-07-08T11:30:00Z,HAD,Harris_Creek_Downstream,38.712517,-76.316803,0.3,6.75,3.391,27.34,9.22,89.674
2018-07-08T11:45:00Z,HAD,Harris_Creek_Downstream,38.712517,-76.316803,0.3,6.96,3.411,27.39,9.23,92.619
2018-07-08T12:00:00Z,HAD,Harris_Creek_Downstream,38.712517,-76.316803,0.3,7.18,3.428,27.37,9.25,95.54
2018-07-08T12:15:00Z,HAD,Harris_Creek_Downstream,38.712517,-76.316803,0.3,7.05,3.45,27.34,9.25,93.702
2018-07-08T12:30:00Z,HAD,Harris_Creek_Downstream,38.712517,-76.316803,0.3,7.16,3.467,27.29,9.25,95.061
2018-07-08T12:45:00Z,HAD,Harris_Creek_Downstream,38.712517,-76.316803,0.3,6.81,3.492,27.27,9.25,90.454
2018-07-08T13:00:00Z,HAD,Harris_Creek_Downstream,38.712517,-76.316803,0.3,6.72,3.512,27.16,9.25,89.078
2018-07-08T13:15:00Z,HAD,Harris_Creek_Downstream,38.712517,-76.316803,0.3,6.42,3.53,27.03,9.25,84.915
2018-07-08T13:30:00Z,HAD,Harris_Creek_Downstream,38.712517,-76.316803,0.3,6.36,3.553,26.94,9.26,84.0
2018-07-08T13:45:00Z,HAD,Harris_Creek_Downstream,38.712517,-76.316803,0.3,6.38,3.571,26.89,9.26,84.143
2018-07-08T14:00:00Z,HAD,Harris_Creek_Downstream,38.712517,-76.316803,0.3,6.32,3.585,26.87,9.26,83.312
2018-07-08T14:15:00Z,HAD,Harris_Creek_Downstream,38.712517,-76.316803,0.3,6.47,3.606,26.87,9.26,85.301
2018-07-08T14:30:00Z,HAD,Harris_Creek_Downstream,38.712517,-76.316803,0.3,6.23,3.618,26.79,9.26,82.02
2018-07-08T14:45:00Z,HAD,Harris_Creek_Downstream,38.712517,-76.316803,0.3,6.41,3.629,26.79,9.25,84.344
2018-07-08T15:00:00Z,HAD,Harris_Creek_Downstream,38.712517,-76.316803,0.3,6.01,3.637,26.84,9.25,79.25
2018-07-08T15:15:00Z,HAD,Harris_Creek_Downstream,38.712517,-76.316803,0.3,5.77,3.637,26.84,9.25,76.028
2018-07-08T15:30:00Z,HAD,Harris_Creek_Downstream,38.712517,-76.316803,0.3,5.41,3.636,26.84,9.25,71.303
2018-07-08T15:45:00Z,HAD,Harris_Creek_Downstream,38.712517,-76.316803,0.3,5.6,3.636,26.84,9.25,73.745
2018-07-08T16:00:00Z,HAD,Harris_Creek_Downstream,38.712517,-76.316803,0.3,5.75,3.63,26.85,9.24,75.826
2018-07-08T16:15:00Z,HAD,Harris_Creek_Downstream,38.712517,-76.316803,0.3,6.15,3.619,26.87,9.24,81.08
2018-07-08T16:30:00Z,HAD,Harris_Creek_Downstream,38.712517,-76.316803,0.3,6.44,3.603,26.9,9.25,84.94
2018-07-08T16:45:00Z,HAD,Harris_Creek_Downstream,38.712517,-76.316803,0.3,6.79,3.591,26.94,9.25,89.606
2018-07-08T17:00:00Z,HAD,Harris_Creek_Downstream,38.712517,-76.316803,0.3,6.77,3.578,26.98,9.25,89.388
2018-07-08T17:15:00Z,HAD,Harris_Creek_Downstream,38.712517,-76.316803,0.3,6.63,3.554,27.0,9.25,87.601
2018-07-08T17:30:00Z,HAD,Harris_Creek_Downstream,38.712517,-76.316803,0.3,6.84,3.532,27.07,9.27,90.504
2018-07-08T17:45:00Z,HAD,Harris_Creek_Downstream,38.712517,-76.316803,0.3,7.04,3.521,27.13,9.27,93.291
2018-07-08T18:00:00Z,HAD,Harris_Creek_Downstream,38.712517,-76.316803,0.3,6.78,3.494,27.17,9.27,89.841
2018-07-08T18:15:00Z,HAD,Harris_Creek_Downstream,38.712517,-76.316803,0.3,6.98,3.473,27.22,9.27,92.678
2018-07-08T18:30:00Z,HAD,Harris_Creek_Downstream,38.712517,-76.316803,0.3,7.2,3.448,27.31,9.26,95.691
2018-07-08T18:45:00Z,HAD,Harris_Creek_Downstream,38.712517,-76.316803,0.3,7.19,3.426,27.34,9.26,95.657
2018-07-08T19:00:00Z,HAD,Harris_Creek_Downstream,38.712517,-76.316803,0.3,7.11,3.403,27.39,9.25,94.583
2018-07-08T19:15:00Z,HAD,Harris_Creek_Downstream,38.712517,-76.316803,0.3,7.19,3.379,27.42,9.26,95.75
2018-07-08T19:30:00Z,HAD,Harris_Creek_Downstream,38.712517,-76.316803,0.3,7.1,3.354,27.45,9.25,94.583
2018-07-08T19:45:00Z,HAD,Harris_Creek_Downstream,38.712517,-76.316803,0.3,6.87,3.347,27.46,9.25,91.537
2018-07-08T20:00:00Z,HAD,Harris_Creek_Downstream,38.712517,-76.316803,0.3,7.15,3.312,27.52,9.24,95.389
2018-07-08T20:15:00Z,HAD,Harris_Creek_Downstream,38.712517,-76.316803,0.3,7.47,3.284,27.6,9.23,99.812
2018-07-08T20:30:00Z,HAD,Harris_Creek_Downstream,38.712517,-76.316803,0.3,7.2,3.268,27.66,9.23,96.194
2018-07-08T20:45:00Z,HAD,Harris_Creek_Downstream,38.712517,-76.316803,0.3,7.3,3.252,27.63,9.23,97.512
2018-07-08T21:00:00Z,HAD,Harris_Creek_Downstream,38.712517,-76.316803,0.3,7.45,3.238,27.69,9.23,99.602
2018-07-08T21:15:00Z,HAD,Harris_Creek_Downstream,38.712517,-76.316803,0.3,7.76,3.219,27.75,9.23,103.865
2018-07-08T21:30:00Z,HAD,Harris_Creek_Downstream,38.712517,-76.316803,0.3,7.22,3.21,27.75,9.23,96.656
2018-07-08T21:45:00Z,HAD,Harris_Creek_Downstream,38.712517,-76.316803,0.3,7.06,3.2,27.77,9.23,94.499
2018-07-08T22:00:00Z,HAD,Harris_Creek_Downstream,38.712517,-76.316803,0.3,6.76,3.192,27.75,9.23,90.546
2018-07-08T22:15:00Z,HAD,Harris_Creek_Downstream,38.712517,-76.316803,0.3,6.61,3.188,27.78,9.23,88.507
2018-07-08T22:30:00Z,HAD,Harris_Creek_Downstream,38.712517,-76.316803,0.3,6.94,3.187,27.8,9.22,93.056
2018-07-08T22:45:00Z,HAD,Harris_Creek_Downstream,38.712517,-76.316803,0.3,7.83,3.188,27.88,9.21,105.048
2018-07-08T23:00:00Z,HAD,Harris_Creek_Downstream,38.712517,-76.316803,0.3,8.18,3.194,27.87,9.21,109.773
2018-07-08T23:15:00Z,HAD,Harris_Creek_Downstream,38.712517,-76.316803,0.3,7.68,3.203,27.85,9.21,103.043
2018-07-08T23:30:00Z,HAD,Harris_Creek_Downstream,38.712517,-76.316803,0.3,7.85,3.22,27.82,9.21,105.267
2018-07-08T23:45:00Z,HAD,Harris_Creek_Downstream,38.712517,-76.316803,0.3,8.04,3.24,27.8,9.22,107.759
2018-07-09T00:00:00Z,HAD,Harris_Creek_Downstream,38.712517,-76.316803,0.3,8.17,3.264,27.83,9.21,109.563
2018-07-09T00:15:00Z,HAD,Harris_Creek_Downstream,38.712517,-76.316803,0.3,8.11,3.293,27.83,9.21,108.749
2018-07-09T00:30:00Z,HAD,Harris_Creek_Downstream,38.712517,-76.316803,0.3,7.92,3.324,27.79,9.21,106.089
2018-07-09T00:45:00Z,HAD,Harris_Creek_Downstream,38.712517,-76.316803,0.3,8.19,3.364,27.74,9.21,109.605
2018-07-09T01:00:00Z,HAD,Harris_Creek_Downstream,38.712517,-76.316803,0.3,8.03,3.382,27.72,9.22,107.449
2018-07-09T01:15:00Z,HAD,Harris_Creek_Downstream,38.712517,-76.316803,0.3,8.43,3.409,27.69,9.22,112.786
2018-07-09T01:30:00Z,HAD,Harris_Creek_Downstream,38.712517,-76.316803,0.3,8.27,3.436,27.58,9.22,110.369
2018-07-09T01:45:00Z,HAD,Harris_Creek_Downstream,38.712517,-76.316803,0.3,8.24,3.473,27.37,9.22,109.631
2018-07-09T02:00:00Z,HAD,Harris_Creek_Downstream,38.712517,-76.316803,0.3,8.16,3.499,27.23,9.23,108.195
2018-07-09T02:15:00Z,HAD,Harris_Creek_Downstream,38.712517,-76.316803,0.3,8.04,3.533,27.17,9.23,106.534
2018-07-09T02:30:00Z,HAD,Harris_Creek_Downstream,38.712517,-76.316803,0.3,7.87,3.557,27.24,9.23,104.377
2018-07-09T02:45:00Z,HAD,Harris_Creek_Downstream,38.712517,-76.316803,0.3,8.11,3.583,27.33,9.21,107.742
2018-07-09T03:00:00Z,HAD,Harris_Creek_Downstream,38.712517,-76.316803,0.3,8.22,3.605,27.34,9.21,109.27
2018-07-09T03:15:00Z,HAD,Harris_Creek_Downstream,38.712517,-76.316803,0.3,8.14,3.623,27.35,9.2,108.221
2018-07-09T03:30:00Z,HAD,Harris_Creek_Downstream,38.712517,-76.316803,0.3,8.29,3.64,27.37,9.2,110.243
2018-07-09T03:45:00Z,HAD,Harris_Creek_Downstream,38.712517,-76.316803,0.3,8.09,3.645,27.35,9.2,107.491
2018-07-09T04:00:00Z,HAD,Harris_Creek_Downstream,38.712517,-76.316803,0.3,7.81,3.653,27.36,9.2,103.899
2018-07-09T04:15:00Z,HAD,Harris_Creek_Downstream,38.712517,-76.316803,0.3,8.05,3.663,27.34,9.2,106.937
2018-07-09T04:30:00Z,HAD,Harris_Creek_Downstream,38.712517,-76.316803,0.3,7.78,3.661,27.33,9.19,103.429
2018-07-09T04:45:00Z,HAD,Harris_Creek_Downstream,38.712517,-76.316803,0.3,7.6,3.659,27.31,9.19,100.911
2018-07-09T05:00:00Z,HAD,Harris_Creek_Downstream,38.712517,-76.316803,0.3,7.57,3.654,27.29,9.2,100.475
2018-07-09T05:15:00Z,HAD,Harris_Creek_Downstream,38.712517,-76.316803,0.3,7.74,3.646,27.24,9.2,102.74
2018-07-09T05:30:00Z,HAD,Harris_Creek_Downstream,38.712517,-76.316803,0.3,7.45,3.633,27.24,9.2,98.788
2018-07-09T05:45:00Z,HAD,Harris_Creek_Downstream,38.712517,-76.316803,0.3,7.2,3.618,27.21,9.2,95.54
2018-07-09T06:00:00Z,HAD,Harris_Creek_Downstream,38.712517,-76.316803,0.3,7.7,3.607,27.15,9.2,101.943
2018-07-09T06:15:00Z,HAD,Harris_Creek_Downstream,38.712517,-76.316803,0.3,7.51,3.586,27.12,9.2,99.434
2018-07-09T06:30:00Z,HAD,Harris_Creek_Downstream,38.712517,-76.316803,0.3,7.55,3.567,27.07,9.2,99.854
2018-07-09T06:45:00Z,HAD,Harris_Creek_Downstream,38.712517,-76.316803,0.3,7.63,3.545,27.03,9.2,100.911
2018-07-09T07:00:00Z,HAD,Harris_Creek_Downstream,38.712517,-76.316803,0.3,7.63,3.525,27.02,9.2,100.877
2018-07-09T07:15:00Z,HAD,Harris_Creek_Downstream,38.712517,-76.316803,0.3,7.48,3.504,26.98,9.21,98.863
2018-07-09T07:30:00Z,HAD,Harris_Creek_Downstream,38.712517,-76.316803,0.3,7.26,3.48,26.93,9.21,95.859
2018-07-09T07:45:00Z,HAD,Harris_Creek_Downstream,38.712517,-76.316803,0.3,6.96,3.458,26.96,9.21,91.881
2018-07-09T08:00:00Z,HAD,Harris_Creek_Downstream,38.712517,-76.316803,0.3,6.94,3.433,26.97,9.21,91.696
2018-07-09T08:15:00Z,HAD,Harris_Creek_Downstream,38.712517,-76.316803,0.3,6.78,3.412,26.98,9.21,89.615
2018-07-09T08:30:00Z,HAD,Harris_Creek_Downstream,38.712517,-76.316803,0.3,6.72,3.385,27.01,9.21,88.801
2018-07-09T08:45:00Z,HAD,Harris_Creek_Downstream,38.712517,-76.316803,0.3,6.76,3.368,27.01,9.21,89.279
2018-07-09T09:00:00Z,HAD,Harris_Creek_Downstream,38.712517,-76.316803,0.3,6.64,3.344,27.0,9.22,87.794
2018-07-09T09:15:00Z,HAD,Harris_Creek_Downstream,38.712517,-76.316803,0.3,6.42,3.325,27.0,9.21,84.882
2018-07-09T09:30:00Z,HAD,Harris_Creek_Downstream,38.712517,-76.316803,0.3,6.43,3.314,27.0,9.21,84.949
2018-07-09T09:45:00Z,HAD,Harris_Creek_Downstream,38.712517,-76.316803,0.3,6.67,3.289,27.0,9.2,88.104
2018-07-09T10:00:00Z,HAD,Harris_Creek_Downstream,38.712517,-76.316803,0.3,6.61,3.273,27.01,9.2,87.366
2018-07-09T10:15:00Z,HAD,Harris_Creek_Downstream,38.712517,-76.316803,0.3,6.65,3.259,26.99,9.2,87.861
2018-07-09T10:30:00Z,HAD,Harris_Creek_Downstream,38.712517,-76.316803,0.3,6.34,3.249,26.99,9.2,83.807
2018-07-09T10:45:00Z,HAD,Harris_Creek_Downstream,38.712517,-76.316803,0.3,6.29,3.236,26.98,9.21,83.111
2018-07-09T11:00:00Z,HAD,Harris_Creek_Downstream,38.712517,-76.316803,0.3,6.73,3.228,26.97,9.2,88.918
2018-07-09T11:15:00Z,HAD,Harris_Creek_Downstream,38.712517,-76.316803,0.3,6.54,3.224,26.97,9.2,86.359
2018-07-09T11:30:00Z,HAD,Harris_Creek_Downstream,38.712517,-76.316803,0.3,6.28,3.223,26.97,9.2,82.935
2018-07-09T11:45:00Z,HAD,Harris_Creek_Downstream,38.712517,-76.316803,0.3,5.8,3.223,26.97,9.2,76.59
2018-07-09T12:00:00Z,HAD,Harris_Creek_Downstream,38.712517,-76.316803,0.3,6.09,3.226,26.97,9.21,80.476
2018-07-09T12:15:00Z,HAD,Harris_Creek_Downstream,38.712517,-76.316803,0.3,6.19,3.229,26.97,9.2,81.751
2018-07-09T12:30:00Z,HAD,Harris_Creek_Downstream,38.712517,-76.316803,0.3,6.29,3.238,26.95,9.21,83.035
2018-07-09T12:45:00Z,HAD,Harris_Creek_Downstream,38.712517,-76.316803,0.3,6.25,3.251,26.95,9.21,82.557
2018-07-09T13:00:00Z,HAD,Harris_Creek_Downstream,38.712517,-76.316803,0.3,5.93,3.263,26.95,9.21,78.31
2018-07-09T13:15:00Z,HAD,Harris_Creek_Downstream,38.712517,-76.316803,0.3,5.01,3.277,26.87,9.22,66.058
2018-07-09T13:30:00Z,HAD,Harris_Creek_Downstream,38.712517,-76.316803,0.3,4.89,3.293,26.78,9.22,64.371
2018-07-09T13:45:00Z,HAD,Harris_Creek_Downstream,38.712517,-76.316803,0.3,4.82,3.318,26.75,9.22,63.439
2018-07-09T14:00:00Z,HAD,Harris_Creek_Downstream,38.712517,-76.316803,0.3,4.95,3.337,26.71,9.23,65.118
2018-07-09T14:15:00Z,HAD,Harris_Creek_Downstream,38.712517,-76.316803,0.3,4.87,3.349,26.68,9.23,64.001
2018-07-09T14:30:00Z,HAD,Harris_Creek_Downstream,38.712517,-76.316803,0.3,4.87,3.371,26.68,9.23,63.993
2018-07-09T14:45:00Z,HAD,Harris_Creek_Downstream,38.712517,-76.316803,0.3,4.69,3.389,26.67,9.22,61.66
2018-07-09T15:00:00Z,HAD,Harris_Creek_Downstream,38.712517,-76.316803,0.3,4.59,3.407,26.64,9.23,60.242
2018-07-09T15:15:00Z,HAD,Harris_Creek_Downstream,38.712517,-76.316803,0.3,4.66,3.422,26.63,9.23,61.123
2018-07-09T15:30:00Z,HAD,Harris_Creek_Downstream,38.712517,-76.316803,0.3,4.26,3.437,26.62,9.23,55.978
2018-07-09T15:45:00Z,HAD,Harris_Creek_Downstream,38.712517,-76.316803,0.3,4.66,3.447,26.6,9.24,61.148
2018-07-09T16:00:00Z,HAD,Harris_Creek_Downstream,38.712517,-76.316803,0.3,4.8,3.452,26.41,9.27,62.818
2018-07-09T16:15:00Z,HAD,Harris_Creek_Downstream,38.712517,-76.316803,0.3,5.34,3.456,26.3,9.29,69.742
2018-07-09T16:30:00Z,HAD,Harris_Creek_Downstream,38.712517,-76.316803,0.3,5.17,3.456,26.24,9.3,67.434
2018-07-09T16:45:00Z,HAD,Harris_Creek_Downstream,38.712517,-76.316803,0.3,5.75,3.449,26.1,9.31,74.786
2018-07-09T17:00:00Z,HAD,Harris_Creek_Downstream,38.712517,-76.316803,0.3,6.06,3.441,26.14,9.31,78.856
2018-07-09T17:15:00Z,HAD,Harris_Creek_Downstream,38.712517,-76.316803,0.3,6.07,3.423,26.11,9.31,79.015
2018-07-09T17:30:00Z,HAD,Harris_Creek_Downstream,38.712517,-76.316803,0.3,6.79,3.411,26.4,9.27,88.792
2018-07-09T17:45:00Z,HAD,Harris_Creek_Downstream,38.712517,-76.316803,0.3,6.04,3.393,26.51,9.25,79.116
2018-07-09T18:00:00Z,HAD,Harris_Creek_Downstream,38.712517,-76.316803,0.3,5.74,3.372,26.63,9.24,75.365
2018-07-09T18:15:00Z,HAD,Harris_Creek_Downstream,38.712517,-76.316803,0.3,5.39,3.349,26.73,9.23,70.934
2018-07-09T18:30:00Z,HAD,Harris_Creek_Downstream,38.712517,-76.316803,0.3,5.55,3.328,26.72,9.22,72.923
2018-07-09T18:45:00Z,HAD,Harris_Creek_Downstream,38.712517,-76.316803,0.3,5.86,3.303,26.75,9.21,77.068
2018-07-09T19:00:00Z,HAD,Harris_Creek_Downstream,38.712517,-76.316803,0.3,5.76,3.269,26.71,9.21,75.667
2018-07-09T19:15:00Z,HAD,Harris_Creek_Downstream,38.712517,-76.316803,0.3,5.85,3.236,26.75,9.2,76.976
2018-07-09T19:30:00Z,HAD,Harris_Creek_Downstream,38.712517,-76.316803,0.3,5.51,3.211,26.71,9.19,72.377
2018-07-09T19:45:00Z,HAD,Harris_Creek_Downstream,38.712517,-76.316803,0.3,5.12,3.182,26.61,9.19,67.165
2018-07-09T20:00:00Z,HAD,Harris_Creek_Downstream,38.712517,-76.316803,0.3,5.01,3.157,26.54,9.18,65.638
2018-07-09T20:15:00Z,HAD,Harris_Creek_Downstream,38.712517,-76.316803,0.3,5.42,3.129,26.53,9.18,71.034
2018-07-09T20:30:00Z,HAD,Harris_Creek_Downstream,38.712517,-76.316803,0.3,5.53,3.104,26.5,9.18,72.411
2018-07-09T20:45:00Z,HAD,Harris_Creek_Downstream,38.712517,-76.316803,0.3,6.21,3.076,26.56,9.18,81.449
2018-07-09T21:00:00Z,HAD,Harris_Creek_Downstream,38.712517,-76.316803,0.3,6.43,3.051,26.61,9.18,84.311
2018-07-09T21:15:00Z,HAD,Harris_Creek_Downstream,38.712517,-76.316803,0.3,6.26,3.026,26.63,9.18,82.104
2018-07-09T21:30:00Z,HAD,Harris_Creek_Downstream,38.712517,-76.316803,0.3,6.13,3.004,26.64,9.18,80.476
2018-07-09T21:45:00Z,HAD,Harris_Creek_Downstream,38.712517,-76.316803,0.3,6.3,2.983,26.67,9.18,82.742
2018-07-09T22:00:00Z,HAD,Harris_Creek_Downstream,38.712517,-76.316803,0.3,6.11,2.968,26.69,9.18,80.266
2018-07-09T22:15:00Z,HAD,Harris_Creek_Downstream,38.712517,-76.316803,0.3,6.19,2.952,26.7,9.19,81.29
2018-07-09T22:30:00Z,HAD,Harris_Creek_Downstream,38.712517,-76.316803,0.3,6.17,2.94,26.71,9.19,81.155
2018-07-09T22:45:00Z,HAD,Harris_Creek_Downstream,38.712517,-76.316803,0.3,5.7,2.933,26.7,9.19,74.92
2018-07-09T23:00:00Z,HAD,Harris_Creek_Downstream,38.712517,-76.316803,0.3,5.71,2.928,26.74,9.2,75.063
2018-07-09T23:15:00Z,HAD,Harris_Creek_Downstream,38.712517,-76.316803,0.3,5.96,2.932,26.78,9.22,78.503
2018-07-09T23:30:00Z,HAD,Harris_Creek_Downstream,38.712517,-76.316803,0.3,5.77,2.939,26.81,9.21,75.952
2018-07-09T23:45:00Z,HAD,Harris_Creek_Downstream,38.712517,-76.316803,0.3,6.7,2.954,27.21,9.22,88.801
2018-07-10T00:00:00Z,HAD,Harris_Creek_Downstream,38.712517,-76.316803,0.3,7.26,2.969,27.44,9.24,96.715
2018-07-10T00:15:00Z,HAD,Harris_Creek_Downstream,38.712517,-76.316803,0.3,7.22,2.993,27.34,9.22,95.959
2018-07-10T00:30:00Z,HAD,Harris_Creek_Downstream,38.712517,-76.316803,0.3,7.03,3.019,27.39,9.22,93.593
2018-07-10T00:45:00Z,HAD,Harris_Creek_Downstream,38.712517,-76.316803,0.3,7.55,3.056,27.5,9.23,100.642
2018-07-10T01:00:00Z,HAD,Harris_Creek_Downstream,38.712517,-76.316803,0.3,7.38,3.087,27.47,9.23,98.293
2018-07-10T01:15:00Z,HAD,Harris_Creek_Downstream,38.712517,-76.316803,0.3,7.65,3.116,27.54,9.23,102.086
2018-07-10T01:30:00Z,HAD,Harris_Creek_Downstream,38.712517,-76.316803,0.3,7.93,3.152,27.5,9.23,105.678
2018-07-10T01:45:00Z,HAD,Harris_Creek_Downstream,38.712517,-76.316803,0.3,7.75,3.187,27.42,9.21,103.135
2018-07-10T02:00:00Z,HAD,Harris_Creek_Downstream,38.712517,-76.316803,0.3,7.51,3.219,27.35,9.22,99.795
2018-07-10T02:15:00Z,HAD,Harris_Creek_Downstream,38.712517,-76.316803,0.3,7.66,3.26,27.26,9.22,101.733
2018-07-10T02:30:00Z,HAD,Harris_Creek_Downstream,38.712517,-76.316803,0.3,7.46,3.294,27.17,9.21,98.855
2018-07-10T02:45:00Z,HAD,Harris_Creek_Downstream,38.712517,-76.316803,0.3,7.45,3.345,27.06,9.21,98.502
2018-07-10T03:00:00Z,HAD,Harris_Creek_Downstream,38.712517,-76.316803,0.3,7.38,3.366,27.08,9.22,97.613
2018-07-10T03:15:00Z,HAD,Harris_Creek_Downstream,38.712517,-76.316803,0.3,7.31,3.394,27.09,9.23,96.732
2018-07-10T03:30:00Z,HAD,Harris_Creek_Downstream,38.712517,-76.316803,0.3,7.22,3.425,27.1,9.23,95.54
2018-07-10T03:45:00Z,HAD,Harris_Creek_Downstream,38.712517,-76.316803,0.3,7.44,3.451,27.08,9.24,98.519
2018-07-10T04:00:00Z,HAD,Harris_Creek_Downstream,38.712517,-76.316803,0.3,7.42,3.472,27.1,9.24,98.267
2018-07-10T04:15:00Z,HAD,Harris_Creek_Downstream,38.712517,-76.316803,0.3,7.31,3.494,27.1,9.23,96.723
2018-07-10T04:30:00Z,HAD,Harris_Creek_Downstream,38.712517,-76.316803,0.3,7.41,3.512,27.08,9.23,98.108
2018-07-10T04:45:00Z,HAD,Harris_Creek_Downstream,38.712517,-76.316803,0.3,7.27,3.528,27.06,9.22,96.178
2018-07-10T05:00:00Z,HAD,Harris_Creek_Downstream,38.712517,-76.316803,0.3,6.94,3.537,27.04,9.22,91.705
2018-07-10T05:15:00Z,HAD,Harris_Creek_Downstream,38.712517,-76.316803,0.3,6.65,3.545,27.01,9.22,87.936
2018-07-10T05:30:00Z,HAD,Harris_Creek_Downstream,38.712517,-76.316803,0.3,6.66,3.547,26.99,9.22,88.029
2018-07-10T05:45:00Z,HAD,Harris_Creek_Downstream,38.712517,-76.316803,0.3,6.53,3.543,26.95,9.21,86.233
2018-07-10T06:00:00Z,HAD,Harris_Creek_Downstream,38.712517,-76.316803,0.3,6.17,3.539,26.95,9.22,81.424
2018-07-10T06:15:00Z,HAD,Harris_Creek_Downstream,38.712517,-76.316803,0.3,6.71,3.527,26.9,9.21,88.448
2018-07-10T06:30:00Z,HAD,Harris_Creek_Downstream,38.712517,-76.316803,0.3,6.47,3.518,26.89,9.21,85.343
2018-07-10T06:45:00Z,HAD,Harris_Creek_Downstream,38.712517,-76.316803,0.3,5.84,3.505,26.89,9.21,77.035
2018-07-10T07:00:00Z,HAD,Harris_Creek_Downstream,38.712517,-76.316803,0.3,6.74,3.481,26.86,9.21,88.893
2018-07-10T07:15:00Z,HAD,Harris_Creek_Downstream,38.712517,-76.316803,0.3,6.61,3.468,26.85,9.21,87.156
2018-07-10T07:30:00Z,HAD,Harris_Creek_Downstream,38.712517,-76.316803,0.3,6.6,3.441,26.84,9.21,87.022
2018-07-10T07:45:00Z,HAD,Harris_Creek_Downstream,38.712517,-76.316803,0.3,6.62,3.415,26.84,9.21,87.24
2018-07-10T08:00:00Z,HAD,Harris_Creek_Downstream,38.712517,-76.316803,0.3,6.73,3.386,26.84,9.21,88.625
2018-07-10T08:15:00Z,HAD,Harris_Creek_Downstream,38.712517,-76.316803,0.3,6.81,3.364,26.81,9.22,89.699
2018-07-10T08:30:00Z,HAD,Harris_Creek_Downstream,38.712517,-76.316803,0.3,6.65,3.347,26.78,9.22,87.5
2018-07-10T08:45:00Z,HAD,Harris_Creek_Downstream,38.712517,-76.316803,0.3,6.39,3.316,26.74,9.22,83.992
2018-07-10T09:00:00Z,HAD,Harris_Creek_Downstream,38.712517,-76.316803,0.3,6.09,3.282,26.74,9.22,80.073
2018-07-10T09:15:00Z,HAD,Harris_Creek_Downstream,38.712517,-76.316803,0.3,5.91,3.258,26.76,9.21,77.773
2018-07-10T09:30:00Z,HAD,Harris_Creek_Downstream,38.712517,-76.316803,0.3,6.11,3.236,26.79,9.21,80.392
2018-07-10T09:45:00Z,HAD,Harris_Creek_Downstream,38.712517,-76.316803,0.3,6.38,3.211,26.78,9.22,84.026
2018-07-10T10:00:00Z,HAD,Harris_Creek_Downstream,38.712517,-76.316803,0.3,6.29,3.184,26.78,9.22,82.767
2018-07-10T10:15:00Z,HAD,Harris_Creek_Downstream,38.712517,-76.316803,0.3,6.31,3.163,26.78,9.22,83.102
2018-07-10T10:30:00Z,HAD,Harris_Creek_Downstream,38.712517,-76.316803,0.3,6.13,3.145,26.8,9.21,80.744
2018-07-10T10:45:00Z,HAD,Harris_Creek_Downstream,38.712517,-76.316803,0.3,6.22,3.13,26.83,9.22,81.919
2018-07-10T11:00:00Z,HAD,Harris_Creek_Downstream,38.712517,-76.316803,0.3,6.18,3.108,26.83,9.22,81.483
2018-07-10T11:15:00Z,HAD,Harris_Creek_Downstream,38.712517,-76.316803,0.3,6.09,3.096,26.84,9.22,80.241
2018-07-10T11:30:00Z,HAD,Harris_Creek_Downstream,38.712517,-76.316803,0.3,5.99,3.077,26.83,9.22,78.973
2018-07-10T11:45:00Z,HAD,Harris_Creek_Downstream,38.712517,-76.316803,0.3,5.96,3.067,26.82,9.22,78.47
2018-07-10T12:00:00Z,HAD,Harris_Creek_Downstream,38.712517,-76.316803,0.3,5.77,3.054,26.82,9.22,76.019
2018-07-10T12:15:00Z,HAD,Harris_Creek_Downstream,38.712517,-76.316803,0.3,5.17,3.043,26.82,9.22,68.072
2018-07-10T12:30:00Z,HAD,Harris_Creek_Downstream,38.712517,-76.316803,0.3,4.92,3.041,26.72,9.23,64.673
2018-07-10T12:45:00Z,HAD,Harris_Creek_Downstream,38.712517,-76.316803,0.3,4.88,3.039,26.7,9.23,64.085
2018-07-10T13:00:00Z,HAD,Harris_Creek_Downstream,38.712517,-76.316803,0.3,5.11,3.042,26.65,9.23,67.065
2018-07-10T13:15:00Z,HAD,Harris_Creek_Downstream,38.712517,-76.316803,0.3,4.72,3.045,26.62,9.23,61.987
2018-07-10T13:30:00Z,HAD,Harris_Creek_Downstream,38.712517,-76.316803,0.3,4.66,3.057,26.62,9.23,61.198
2018-07-10T13:45:00Z,HAD,Harris_Creek_Downstream,38.712517,-76.316803,0.3,4.7,3.069,26.59,9.23,61.66
2018-07-10T14:00:00Z,HAD,Harris_Creek_Downstream,38.712517,-76.316803,0.3,4.53,3.085,26.62,9.23,59.47
2018-07-10T14:15:00Z,HAD,Harris_Creek_Downstream,38.712517,-76.316803,0.3,4.65,3.104,26.64,9.22,61.073
2018-07-10T14:30:00Z,HAD,Harris_Creek_Downstream,38.712517,-76.316803,0.3,4.42,3.124,26.67,9.22,58.118
2018-07-10T14:45:00Z,HAD,Harris_Creek_Downstream,38.712517,-76.316803,0.3,4.26,3.146,26.69,9.22,56.029
2018-07-10T15:00:00Z,HAD,Harris_Creek_Downstream,38.712517,-76.316803,0.3,4.54,3.168,26.71,9.22,59.654
2018-07-10T15:15:00Z,HAD,Harris_Creek_Downstream,38.712517,-76.316803,0.3,4.8,3.191,26.72,9.24,63.187
2018-07-10T15:30:00Z,HAD,Harris_Creek_Downstream,38.712517,-76.316803,0.3,4.8,3.214,26.74,9.24,63.154
2018-07-10T15:45:00Z,HAD,Harris_Creek_Downstream,38.712517,-76.316803,0.3,4.42,3.231,26.7,9.24,58.169
2018-07-10T16:00:00Z,HAD,Harris_Creek_Downstream,38.712517,-76.316803,0.3,6.43,3.251,26.62,9.31,84.479
2018-07-10T16:15:00Z,HAD,Harris_Creek_Downstream,38.712517,-76.316803,0.3,5.67,3.27,26.73,9.25,74.593
2018-07-10T16:30:00Z,HAD,Harris_Creek_Downstream,38.712517,-76.316803,0.3,5.77,3.283,26.74,9.23,75.868
2018-07-10T16:45:00Z,HAD,Harris_Creek_Downstream,38.712517,-76.316803,0.3,5.99,3.298,26.73,9.24,78.747
2018-07-10T17:00:00Z,HAD,Harris_Creek_Downstream,38.712517,-76.316803,0.3,6.01,3.319,26.75,9.24,79.041
2018-07-10T17:15:00Z,HAD,Harris_Creek_Downstream,38.712517,-76.316803,0.3,5.65,3.325,26.7,9.29,74.265
2018-07-10T17:30:00Z,HAD,Harris_Creek_Downstream,38.712517,-76.316803,0.3,5.31,3.32,26.59,9.33,69.65
2018-07-10T17:45:00Z,HAD,Harris_Creek_Downstream,38.712517,-76.316803,0.3,6.0,3.331,26.53,9.36,78.713
2018-07-10T18:00:00Z,HAD,Harris_Creek_Downstream,38.712517,-76.316803,0.3,6.13,3.311,26.51,9.35,80.308
2018-07-10T18:15:00Z,HAD,Harris_Creek_Downstream,38.712517,-76.316803,0.3,6.44,3.299,26.53,9.34,84.454
2018-07-10T18:30:00Z,HAD,Harris_Creek_Downstream,38.712517,-76.316803,0.3,6.63,3.278,26.57,9.34,87.047
2018-07-10T18:45:00Z,HAD,Harris_Creek_Downstream,38.712517,-76.316803,0.3,6.64,3.258,26.57,9.34,87.131
2018-07-10T19:00:00Z,HAD,Harris_Creek_Downstream,38.712517,-76.316803,0.3,6.55,3.239,26.58,9.35,85.973
2018-07-10T19:15:00Z,HAD,Harris_Creek_Downstream,38.712517,-76.316803,0.3,6.53,3.214,26.57,9.35,85.721
2018-07-10T19:30:00Z,HAD,Harris_Creek_Downstream,38.712517,-76.316803,0.3,6.19,3.188,26.6,9.35,81.323
2018-07-10T19:45:00Z,HAD,Harris_Creek_Downstream,38.712517,-76.316803,0.3,6.0,3.163,26.64,9.34,78.797
2018-07-10T20:00:00Z,HAD,Harris_Creek_Downstream,38.712517,-76.316803,0.3,5.9,3.135,26.73,9.32,77.622
2018-07-10T20:15:00Z,HAD,Harris_Creek_Downstream,38.712517,-76.316803,0.3,5.78,3.103,26.81,9.29,76.179
2018-07-10T20:30:00Z,HAD,Harris_Creek_Downstream,38.712517,-76.316803,0.3,5.65,3.072,26.82,9.29,74.45
2018-07-10T20:45:00Z,HAD,Harris_Creek_Downstream,38.712517,-76.316803,0.3,5.59,3.043,26.84,9.28,73.728
2018-07-10T21:00:00Z,HAD,Harris_Creek_Downstream,38.712517,-76.316803,0.3,5.7,3.012,26.84,9.29,75.105
2018-07-10T21:15:00Z,HAD,Harris_Creek_Downstream,38.712517,-76.316803,0.3,5.48,2.984,26.78,9.3,72.1
2018-07-10T21:30:00Z,HAD,Harris_Creek_Downstream,38.712517,-76.316803,0.3,5.68,2.954,26.82,9.29,74.794
2018-07-10T21:45:00Z,HAD,Harris_Creek_Downstream,38.712517,-76.316803,0.3,5.91,2.927,26.93,9.27,77.991
2018-07-10T22:00:00Z,HAD,Harris_Creek_Downstream,38.712517,-76.316803,0.3,6.69,2.903,27.07,9.25,88.499
2018-07-10T22:15:00Z,HAD,Harris_Creek_Downstream,38.712517,-76.316803,0.3,6.69,2.877,27.08,9.25,88.566
2018-07-10T22:30:00Z,HAD,Harris_Creek_Downstream,38.712517,-76.316803,0.3,7.03,2.854,27.18,9.25,93.198
2018-07-10T22:45:00Z,HAD,Harris_Creek_Downstream,38.712517,-76.316803,0.3,7.38,2.834,27.35,9.25,98.066
2018-07-10T23:00:00Z,HAD,Harris_Creek_Downstream,38.712517,-76.316803,0.3,6.96,2.819,27.25,9.25,92.401
2018-07-10T23:15:00Z,HAD,Harris_Creek_Downstream,38.712517,-76.316803,0.3,6.94,2.809,27.27,9.24,92.149
2018-07-10T23:30:00Z,HAD,Harris_Creek_Downstream,38.712517,-76.316803,0.3,7.13,2.794,27.33,9.24,94.717
2018-07-10T23:45:00Z,HAD,Harris_Creek_Downstream,38.712517,-76.316803,0.3,7.02,2.787,27.4,9.25,93.417
2018-07-11T00:00:00Z,HAD,Harris_Creek_Downstream,38.712517,-76.316803,0.3,7.3,2.783,27.56,9.25,97.403
2018-07-11T00:15:00Z,HAD,Harris_Creek_Downstream,38.712517,-76.316803,0.3,7.02,2.783,27.68,9.26,93.945
2018-07-11T00:30:00Z,HAD,Harris_Creek_Downstream,38.712517,-76.316803,0.3,6.69,2.787,27.72,9.27,89.523
2018-07-11T00:45:00Z,HAD,Harris_Creek_Downstream,38.712517,-76.316803,0.3,6.68,2.805,27.64,9.27,89.229
2018-07-11T01:00:00Z,HAD,Harris_Creek_Downstream,38.712517,-76.316803,0.3,7.18,2.826,27.84,9.27,96.295
2018-07-11T01:15:00Z,HAD,Harris_Creek_Downstream,38.712517,-76.316803,0.3,6.99,2.853,27.84,9.26,93.694
2018-07-11T01:30:00Z,HAD,Harris_Creek_Downstream,38.712517,-76.316803,0.3,5.9,2.88,27.78,9.29,79.015
2018-07-11T01:45:00Z,HAD,Harris_Creek_Downstream,38.712517,-76.316803,0.3,5.49,2.909,27.54,9.27,73.258
2018-07-11T02:00:00Z,HAD,Harris_Creek_Downstream,38.712517,-76.316803,0.3,5.8,2.944,27.49,9.26,77.37
2018-07-11T02:15:00Z,HAD,Harris_Creek_Downstream,38.712517,-76.316803,0.3,5.62,2.984,27.5,9.26,74.895
2018-07-11T02:30:00Z,HAD,Harris_Creek_Downstream,38.712517,-76.316803,0.3,5.13,3.023,27.44,9.25,68.315
2018-07-11T02:45:00Z,HAD,Harris_Creek_Downstream,38.712517,-76.316803,0.3,5.63,3.061,27.36,9.25,74.928
2018-07-11T03:00:00Z,HAD,Harris_Creek_Downstream,38.712517,-76.316803,0.3,5.82,3.102,27.3,9.25,77.379
2018-07-11T03:15:00Z,HAD,Harris_Creek_Downstream,38.712517,-76.316803,0.3,5.84,3.139,27.32,9.26,77.647
2018-07-11T03:30:00Z,HAD,Harris_Creek_Downstream,38.712517,-76.316803,0.3,6.31,3.181,27.45,9.25,84.017
2018-07-11T03:45:00Z,HAD,Harris_Creek_Downstream,38.712517,-76.316803,0.3,6.13,3.217,27.45,9.26,81.651
2018-07-11T04:00:00Z,HAD,Harris_Creek_Downstream,38.712517,-76.316803,0.3,6.45,3.254,27.44,9.26,85.964
2018-07-11T04:15:00Z,HAD,Harris_Creek_Downstream,38.712517,-76.316803,0.3,6.61,3.288,27.37,9.23,87.978
2018-07-11T04:30:00Z,HAD,Harris_Creek_Downstream,38.712517,-76.316803,0.3,6.79,3.318,27.38,9.23,90.337
2018-07-11T04:45:00Z,HAD,Harris_Creek_Downstream,38.712517,-76.316803,0.3,6.68,3.354,27.39,9.22,88.86
2018-07-11T05:00:00Z,HAD,Harris_Creek_Downstream,38.712517,-76.316803,0.3,6.02,3.375,27.33,9.23,80.064
2018-07-11T05:15:00Z,HAD,Harris_Creek_Downstream,38.712517,-76.316803,0.3,5.77,3.392,27.28,9.25,76.657
2018-07-11T05:30:00Z,HAD,Harris_Creek_Downstream,38.712517,-76.316803,0.3,5.82,3.409,27.25,9.26,77.228
2018-07-11T05:45:00Z,HAD,Harris_Creek_Downstream,38.712517,-76.316803,0.3,5.71,3.425,27.22,9.27,75.809
2018-07-11T06:00:00Z,HAD,Harris_Creek_Downstream,38.712517,-76.316803,0.3,5.92,3.436,27.18,9.27,78.545
2018-07-11T06:15:00Z,HAD,Harris_Creek_Downstream,38.712517,-76.316803,0.3,5.67,3.442,27.13,9.27,75.046
2018-07-11T06:30:00Z,HAD,Harris_Creek_Downstream,38.712517,-76.316803,0.3,5.66,3.446,27.11,9.26,74.97
2018-07-11T06:45:00Z,HAD,Harris_Creek_Downstream,38.712517,-76.316803,0.3,5.76,3.442,27.08,9.27,76.212
2018-07-11T07:00:00Z,HAD,Harris_Creek_Downstream,38.712517,-76.316803,0.3,5.62,3.436,27.06,9.27,74.425
2018-07-11T07:15:00Z,HAD,Harris_Creek_Downstream,38.712517,-76.316803,0.3,5.48,3.428,27.05,9.26,72.453
2018-07-11T07:30:00Z,HAD,Harris_Creek_Downstream,38.712517,-76.316803,0.3,5.35,3.413,27.03,9.27,70.749
2018-07-11T07:45:00Z,HAD,Harris_Creek_Downstream,38.712517,-76.316803,0.3,5.22,3.398,27.04,9.26,68.978
2018-07-11T08:00:00Z,HAD,Harris_Creek_Downstream,38.712517,-76.316803,0.3,4.87,3.376,27.07,9.26,64.505
2018-07-11T08:15:00Z,HAD,Harris_Creek_Downstream,38.712517,-76.316803,0.3,5.81,3.355,27.18,9.25,77.043
2018-07-11T08:30:00Z,HAD,Harris_Creek_Downstream,38.712517,-76.316803,0.3,5.51,3.341,27.16,9.25,73.065
2018-07-11T08:45:00Z,HAD,Harris_Creek_Downstream,38.712517,-76.316803,0.3,5.47,3.304,27.13,9.26,72.486
2018-07-11T09:00:00Z,HAD,Harris_Creek_Downstream,38.712517,-76.316803,0.3,6.11,3.273,27.3,9.24,81.214
2018-07-11T09:15:00Z,HAD,Harris_Creek_Downstream,38.712517,-76.316803,0.3,5.97,3.245,27.33,9.23,79.41
2018-07-11T09:30:00Z,HAD,Harris_Creek_Downstream,38.712517,-76.316803,0.3,5.73,3.222,27.24,9.24,76.036
2018-07-11T09:45:00Z,HAD,Harris_Creek_Downstream,38.712517,-76.316803,0.3,5.26,3.195,27.12,9.26,69.7
2018-07-11T10:00:00Z,HAD,Harris_Creek_Downstream,38.712517,-76.316803,0.3,5.34,3.169,27.17,9.25,70.799
2018-07-11T10:15:00Z,HAD,Harris_Creek_Downstream,38.712517,-76.316803,0.3,5.28,3.14,27.23,9.24,70.078
2018-07-11T10:30:00Z,HAD,Harris_Creek_Downstream,38.712517,-76.316803,0.3,5.41,3.114,27.25,9.25,71.857
2018-07-11T10:45:00Z,HAD,Harris_Creek_Downstream,38.712517,-76.316803,0.3,5.77,3.093,27.36,9.26,76.716
2018-07-11T11:00:00Z,HAD,Harris_Creek_Downstream,38.712517,-76.316803,0.3,5.67,3.072,27.37,9.26,75.44
2018-07-11T11:15:00Z,HAD,Harris_Creek_Downstream,38.712517,-76.316803,0.3,5.7,3.045,27.39,9.26,75.868
2018-07-11T11:30:00Z,HAD,Harris_Creek_Downstream,38.712517,-76.316803,0.3,5.6,3.027,27.4,9.27,74.5
2018-07-11T11:45:00Z,HAD,Harris_Creek_Downstream,38.712517,-76.316803,0.3,5.47,3.009,27.42,9.27,72.864
2018-07-11T12:00:00Z,HAD,Harris_Creek_Downstream,38.712517,-76.316803,0.3,5.45,2.991,27.44,9.27,72.62
2018-07-11T12:15:00Z,HAD,Harris_Creek_Downstream,38.712517,-76.316803,0.3,5.51,2.973,27.48,9.27,73.426
2018-07-11T12:30:00Z,HAD,Harris_Creek_Downstream,38.712517,-76.316803,0.3,5.61,2.958,27.52,9.27,74.886
2018-07-11T12:45:00Z,HAD,Harris_Creek_Downstream,38.712517,-76.316803,0.3,5.59,2.947,27.5,9.28,74.534
2018-07-11T13:00:00Z,HAD,Harris_Creek_Downstream,38.712517,-76.316803,0.3,5.55,2.941,27.55,9.28,74.005
2018-07-11T13:15:00Z,HAD,Harris_Creek_Downstream,38.712517,-76.316803,0.3,5.5,2.936,27.57,9.27,73.451
2018-07-11T13:30:00Z,HAD,Harris_Creek_Downstream,38.712517,-76.316803,0.3,5.54,2.935,27.61,9.28,74.064
2018-07-11T13:45:00Z,HAD,Harris_Creek_Downstream,38.712517,-76.316803,0.3,5.77,2.937,27.6,9.27,77.119
2018-07-11T14:00:00Z,HAD,Harris_Creek_Downstream,38.712517,-76.316803,0.3,6.17,2.94,27.64,9.27,82.515
2018-07-11T14:15:00Z,HAD,Harris_Creek_Downstream,38.712517,-76.316803,0.3,5.47,2.953,27.59,9.28,73.074
2018-07-11T14:30:00Z,HAD,Harris_Creek_Downstream,38.712517,-76.316803,0.3,5.76,2.962,27.59,9.28,76.917
2018-07-11T14:45:00Z,HAD,Harris_Creek_Downstream,38.712517,-76.316803,0.3,5.87,2.98,27.65,9.28,78.411
2018-07-11T15:00:00Z,HAD,Harris_Creek_Downstream,38.712517,-76.316803,0.3,5.79,3.001,27.66,9.28,77.396
2018-07-11T15:15:00Z,HAD,Harris_Creek_Downstream,38.712517,-76.316803,0.3,5.98,3.023,27.68,9.28,79.939
2018-07-11T15:30:00Z,HAD,Harris_Creek_Downstream,38.712517,-76.316803,0.3,5.72,3.045,27.68,9.28,76.523
2018-07-11T15:45:00Z,HAD,Harris_Creek_Downstream,38.712517,-76.316803,0.3,5.52,3.07,27.7,9.27,73.93
2018-07-11T16:00:00Z,HAD,Harris_Creek_Downstream,38.712517,-76.316803,0.3,5.55,3.092,27.72,9.28,74.232
2018-07-11T16:15:00Z,HAD,Harris_Creek_Downstream,38.712517,-76.316803,0.3,5.42,3.118,27.73,9.27,72.629
2018-07-11T16:30:00Z,HAD,Harris_Creek_Downstream,38.712517,-76.316803,0.3,5.18,3.138,27.72,9.27,69.331
2018-07-11T16:45:00Z,HAD,Harris_Creek_Downstream,38.712517,-76.316803,0.3,4.98,3.16,27.7,9.27,66.603
2018-07-11T17:00:00Z,HAD,Harris_Creek_Downstream,38.712517,-76.316803,0.3,5.22,3.182,27.71,9.26,69.91
2018-07-11T17:15:00Z,HAD,Harris_Creek_Downstream,38.712517,-76.316803,0.3,5.35,3.203,27.68,9.26,71.58
2018-07-11T17:30:00Z,HAD,Harris_Creek_Downstream,38.712517,-76.316803,0.3,5.5,3.218,27.66,9.26,73.586
2018-07-11T17:45:00Z,HAD,Harris_Creek_Downstream,38.712517,-76.316803,0.3,5.77,3.229,27.67,9.25,77.177
2018-07-11T18:00:00Z,HAD,Harris_Creek_Downstream,38.712517,-76.316803,0.3,5.78,3.241,27.65,9.25,77.203
2018-07-11T18:15:00Z,HAD,Harris_Creek_Downstream,38.712517,-76.316803,0.3,5.81,3.246,27.64,9.24,77.597
2018-07-11T18:30:00Z,HAD,Harris_Creek_Downstream,38.712517,-76.316803,0.3,5.98,3.25,27.67,9.24,80.022
2018-07-11T18:45:00Z,HAD,Harris_Creek_Downstream,38.712517,-76.316803,0.3,5.79,3.25,27.69,9.24,77.421
2018-07-11T19:00:00Z,HAD,Harris_Creek_Downstream,38.712517,-76.316803,0.3,6.3,3.244,27.85,9.23,84.512
2018-07-11T19:15:00Z,HAD,Harris_Creek_Downstream,38.712517,-76.316803,0.3,7.53,3.237,28.06,9.24,101.322
2018-07-11T19:30:00Z,HAD,Harris_Creek_Downstream,38.712517,-76.316803,0.3,7.54,3.222,28.12,9.24,101.557
2018-07-11T19:45:00Z,HAD,Harris_Creek_Downstream,38.712517,-76.316803,0.3,4.94,3.202,27.77,9.24,66.225
2018-07-11T20:00:00Z,HAD,Harris_Creek_Downstream,38.712517,-76.316803,0.3,5.28,3.181,27.76,9.26,70.707
2018-07-11T20:15:00Z,HAD,Harris_Creek_Downstream,38.712517,-76.316803,0.3,5.12,3.159,27.77,9.26,68.559
2018-07-11T20:30:00Z,HAD,Harris_Creek_Downstream,38.712517,-76.316803,0.3,5.16,3.134,27.79,9.26,69.112
2018-07-11T20:45:00Z,HAD,Harris_Creek_Downstream,38.712517,-76.316803,0.3,5.35,3.103,27.78,9.26,71.664
2018-07-11T21:00:00Z,HAD,Harris_Creek_Downstream,38.712517,-76.316803,0.3,5.29,3.073,27.77,9.26,70.799
2018-07-11T21:15:00Z,HAD,Harris_Creek_Downstream,38.712517,-76.316803,0.3,5.17,3.047,27.78,9.26,69.289
2018-07-11T21:30:00Z,HAD,Harris_Creek_Downstream,38.712517,-76.316803,0.3,4.9,3.019,27.78,9.26,65.68
2018-07-11T21:45:00Z,HAD,Harris_Creek_Downstream,38.712517,-76.316803,0.3,4.96,2.988,27.83,9.26,66.444
2018-07-11T22:00:00Z,HAD,Harris_Creek_Downstream,38.712517,-76.316803,0.3,7.36,2.958,28.2,9.23,99.375
2018-07-11T22:15:00Z,HAD,Harris_Creek_Downstream,38.712517,-76.316803,0.3,7.64,2.93,28.27,9.24,103.236
2018-07-11T22:30:00Z,HAD,Harris_Creek_Downstream,38.712517,-76.316803,0.3,6.89,2.904,28.27,9.24,93.148
2018-07-11T22:45:00Z,HAD,Harris_Creek_Downstream,38.712517,-76.316803,0.3,6.68,2.877,28.28,9.24,90.32
2018-07-11T23:00:00Z,HAD,Harris_Creek_Downstream,38.712517,-76.316803,0.3,7.01,2.852,28.33,9.26,94.877
2018-07-11T23:15:00Z,HAD,Harris_Creek_Downstream,38.712517,-76.316803,0.3,7.17,2.828,28.39,9.26,97.134
2018-07-11T23:30:00Z,HAD,Harris_Creek_Downstream,38.712517,-76.316803,0.3,7.03,2.808,28.37,9.27,95.187
2018-07-11T23:45:00Z,HAD,Harris_Creek_Downstream,38.712517,-76.316803,0.3,7.06,2.791,28.35,9.27,95.498
2018-07-12T00:00:00Z,HAD,Harris_Creek_Downstream,38.712517,-76.316803,0.3,7.08,2.772,28.33,9.3,95.842
2018-07-12T00:15:00Z,HAD,Harris_Creek_Downstream,38.712517,-76.316803,0.3,6.92,2.762,28.3,9.3,93.593
2018-07-12T00:30:00Z,HAD,Harris_Creek_Downstream,38.712517,-76.316803,0.3,6.81,2.753,28.29,9.3,92.04
2018-07-12T00:45:00Z,HAD,Harris_Creek_Downstream,38.712517,-76.316803,0.3,6.91,2.753,28.25,NaN,93.123
2018-07-12T01:00:00Z,HAD,Harris_Creek_Downstream,38.712517,-76.316803,0.3,6.39,2.752,28.24,NaN,85.939
2018-07-12T01:15:00Z,HAD,Harris_Creek_Downstream,38.712517,-76.316803,0.3,6.56,2.755,28.2,NaN,88.314
2018-07-12T01:30:00Z,HAD,Harris_Creek_Downstream,38.712517,-76.316803,0.3,6.44,2.77,28.18,NaN,86.602
2018-07-12T01:45:00Z,HAD,Harris_Creek_Downstream,38.712517,-76.316803,0.3,6.28,2.785,28.17,NaN,84.529
2018-07-12T02:00:00Z,HAD,Harris_Creek_Downstream,38.712517,-76.316803,0.3,6.27,2.807,28.14,NaN,84.328
2018-07-12T02:15:00Z,HAD,Harris_Creek_Downstream,38.712517,-76.316803,0.3,6.56,2.834,28.13,NaN,88.046
2018-07-12T02:30:00Z,HAD,Harris_Creek_Downstream,38.712517,-76.316803,0.3,6.48,2.864,28.14,9.27,87.374
2018-07-12T02:45:00Z,HAD,Harris_Creek_Downstream,38.712517,-76.316803,0.3,6.61,2.899,28.13,9.33,89.195
2018-07-12T03:00:00Z,HAD,Harris_Creek_Downstream,38.712517,-76.316803,0.3,6.6,2.938,28.15,9.33,89.086
2018-07-12T03:15:00Z,HAD,Harris_Creek_Downstream,38.712517,-76.316803,0.3,6.78,2.977,28.15,NaN,91.134
2018-07-12T03:30:00Z,HAD,Harris_Creek_Downstream,38.712517,-76.316803,0.3,6.8,3.018,28.14,9.33,91.696
2018-07-12T03:45:00Z,HAD,Harris_Creek_Downstream,38.712517,-76.316803,0.3,6.83,3.065,28.15,9.33,92.065
2018-07-12T04:00:00Z,HAD,Harris_Creek_Downstream,38.712517,-76.316803,0.3,7.01,3.112,28.15,NaN,94.289
2018-07-12T04:15:00Z,HAD,Harris_Creek_Downstream,38.712517,-76.316803,0.3,7.31,3.154,28.08,9.3,98.477
2018-07-12T04:30:00Z,HAD,Harris_Creek_Downstream,38.712517,-76.316803,0.3,7.34,3.199,27.96,NaN,98.427
2018-07-12T04:45:00Z,HAD,Harris_Creek_Downstream,38.712517,-76.316803,0.3,7.35,3.246,27.91,9.29,98.687
2018-07-12T05:00:00Z,HAD,Harris_Creek_Downstream,38.712517,-76.316803,0.3,7.32,3.295,27.87,NaN,98.041
2018-07-12T05:15:00Z,HAD,Harris_Creek_Downstream,38.712517,-76.316803,0.3,7.26,3.349,27.84,9.29,97.42
2018-07-12T05:30:00Z,HAD,Harris_Creek_Downstream,38.712517,-76.316803,0.3,7.15,3.384,27.8,NaN,95.641
2018-07-12T05:45:00Z,HAD,Harris_Creek_Downstream,38.712517,-76.316803,0.3,7.19,3.417,27.77,9.29,96.329
2018-07-12T06:00:00Z,HAD,Harris_Creek_Downstream,38.712517,-76.316803,0.3,7.21,3.443,27.78,9.29,96.673
2018-07-12T06:15:00Z,HAD,Harris_Creek_Downstream,38.712517,-76.316803,0.3,6.95,3.467,27.79,9.29,93.207
2018-07-12T06:30:00Z,HAD,Harris_Creek_Downstream,38.712517,-76.316803,0.3,6.73,3.488,27.78,9.29,90.211
2018-07-12T06:45:00Z,HAD,Harris_Creek_Downstream,38.712517,-76.316803,0.3,6.94,3.503,27.72,9.29,92.863
2018-07-12T07:00:00Z,HAD,Harris_Creek_Downstream,38.712517,-76.316803,0.3,6.97,3.515,27.65,9.29,93.232
2018-07-12T07:15:00Z,HAD,Harris_Creek_Downstream,38.712517,-76.316803,0.3,6.92,3.521,27.63,9.29,92.426
2018-07-12T07:30:00Z,HAD,Harris_Creek_Downstream,38.712517,-76.316803,0.3,6.41,3.521,27.64,NaN,85.528
2018-07-12T07:45:00Z,HAD,Harris_Creek_Downstream,38.712517,-76.316803,0.3,6.71,3.52,27.62,9.29,89.606
2018-07-12T08:00:00Z,HAD,Harris_Creek_Downstream,38.712517,-76.316803,0.3,6.64,3.515,27.62,9.29,88.75
2018-07-12T08:15:00Z,HAD,Harris_Creek_Downstream,38.712517,-76.316803,0.3,6.57,3.504,27.61,9.29,87.827
2018-07-12T08:30:00Z,HAD,Harris_Creek_Downstream,38.712517,-76.316803,0.3,6.54,3.489,27.6,9.29,87.383
2018-07-12T08:45:00Z,HAD,Harris_Creek_Downstream,38.712517,-76.316803,0.3,6.73,3.47,27.6,9.29,89.883
2018-07-12T09:00:00Z,HAD,Harris_Creek_Downstream,38.712517,-76.316803,0.3,6.62,3.459,27.58,9.29,88.415
2018-07-12T09:15:00Z,HAD,Harris_Creek_Downstream,38.712517,-76.316803,0.3,6.29,3.436,27.57,9.29,84.026
2018-07-12T09:30:00Z,HAD,Harris_Creek_Downstream,38.712517,-76.316803,0.3,6.59,3.414,27.56,9.28,87.936
2018-07-12T09:45:00Z,HAD,Harris_Creek_Downstream,38.712517,-76.316803,0.3,6.78,3.393,27.53,9.28,90.446
2018-07-12T10:00:00Z,HAD,Harris_Creek_Downstream,38.712517,-76.316803,0.3,6.64,3.369,27.52,9.28,88.515
2018-07-12T10:15:00Z,HAD,Harris_Creek_Downstream,38.712517,-76.316803,0.3,6.58,3.337,27.51,9.28,87.752
2018-07-12T10:30:00Z,HAD,Harris_Creek_Downstream,38.712517,-76.316803,0.3,6.53,3.31,27.49,9.29,87.022
2018-07-12T10:45:00Z,HAD,Harris_Creek_Downstream,38.712517,-76.316803,0.3,6.26,3.282,27.5,9.29,83.43
2018-07-12T11:00:00Z,HAD,Harris_Creek_Downstream,38.712517,-76.316803,0.3,6.01,3.254,27.5,9.29,80.165
2018-07-12T11:15:00Z,HAD,Harris_Creek_Downstream,38.712517,-76.316803,0.3,5.62,3.231,27.49,9.28,74.92
2018-07-12T11:30:00Z,HAD,Harris_Creek_Downstream,38.712517,-76.316803,0.3,5.63,3.207,27.48,9.28,75.079
2018-07-12T11:45:00Z,HAD,Harris_Creek_Downstream,38.712517,-76.316803,0.3,5.55,3.183,27.48,9.28,74.039
2018-07-12T12:00:00Z,HAD,Harris_Creek_Downstream,38.712517,-76.316803,0.3,6.08,3.164,27.49,9.28,81.004
2018-07-12T12:15:00Z,HAD,Harris_Creek_Downstream,38.712517,-76.316803,0.3,6.16,3.148,27.52,9.28,82.179
2018-07-12T12:30:00Z,HAD,Harris_Creek_Downstream,38.712517,-76.316803,0.3,6.28,3.123,27.54,9.28,83.765
2018-07-12T12:45:00Z,HAD,Harris_Creek_Downstream,38.712517,-76.316803,0.3,6.11,3.106,27.55,9.28,81.516
2018-07-12T13:00:00Z,HAD,Harris_Creek_Downstream,38.712517,-76.316803,0.3,6.13,3.092,27.57,9.28,81.852
2018-07-12T13:15:00Z,HAD,Harris_Creek_Downstream,38.712517,-76.316803,0.3,6.17,3.081,27.58,9.27,82.364
2018-07-12T13:30:00Z,HAD,Harris_Creek_Downstream,38.712517,-76.316803,0.3,6.04,3.074,27.57,9.28,80.643
2018-07-12T13:45:00Z,HAD,Harris_Creek_Downstream,38.712517,-76.316803,0.3,5.96,3.073,27.58,9.28,79.569
2018-07-12T14:00:00Z,HAD,Harris_Creek_Downstream,38.712517,-76.316803,0.3,5.91,3.068,27.59,9.27,78.923
2018-07-12T14:15:00Z,HAD,Harris_Creek_Downstream,38.712517,-76.316803,0.3,5.61,3.078,27.59,9.27,74.861
2018-07-12T14:30:00Z,HAD,Harris_Creek_Downstream,38.712517,-76.316803,0.3,5.78,3.086,27.6,9.27,77.203
2018-07-12T14:45:00Z,HAD,Harris_Creek_Downstream,38.712517,-76.316803,0.3,5.89,3.098,27.59,9.27,78.663
2018-07-12T15:00:00Z,HAD,Harris_Creek_Downstream,38.712517,-76.316803,0.3,5.74,3.114,27.59,9.27,76.699
2018-07-12T15:15:00Z,HAD,Harris_Creek_Downstream,38.712517,-76.316803,0.3,5.65,3.133,27.6,9.28,75.516
2018-07-12T15:30:00Z,HAD,Harris_Creek_Downstream,38.712517,-76.316803,0.3,5.38,3.154,27.6,9.27,71.899
2018-07-12T15:45:00Z,HAD,Harris_Creek_Downstream,38.712517,-76.316803,0.3,5.19,3.181,27.6,9.27,69.263
2018-07-12T16:00:00Z,HAD,Harris_Creek_Downstream,38.712517,-76.316803,0.3,5.24,3.21,27.62,9.27,69.977
2018-07-12T16:15:00Z,HAD,Harris_Creek_Downstream,38.712517,-76.316803,0.3,5.34,3.24,27.62,9.27,71.378
2018-07-12T16:30:00Z,HAD,Harris_Creek_Downstream,38.712517,-76.316803,0.3,5.33,3.277,27.63,9.27,71.21
2018-07-12T16:45:00Z,HAD,Harris_Creek_Downstream,38.712517,-76.316803,0.3,5.31,3.307,27.69,9.27,71.017
2018-07-12T17:00:00Z,HAD,Harris_Creek_Downstream,38.712517,-76.316803,0.3,5.13,3.361,27.68,9.27,68.651
2018-07-12T17:15:00Z,HAD,Harris_Creek_Downstream,38.712517,-76.316803,0.3,5.27,3.368,27.66,9.27,70.489
2018-07-12T17:30:00Z,HAD,Harris_Creek_Downstream,38.712517,-76.316803,0.3,6.12,3.387,27.67,9.26,81.894
2018-07-12T17:45:00Z,HAD,Harris_Creek_Downstream,38.712517,-76.316803,0.3,6.41,3.411,27.68,9.27,85.679
2018-07-12T18:00:00Z,HAD,Harris_Creek_Downstream,38.712517,-76.316803,0.3,6.66,3.44,27.65,9.26,89.002
2018-07-12T18:15:00Z,HAD,Harris_Creek_Downstream,38.712517,-76.316803,0.3,6.64,3.463,27.66,9.27,88.767
2018-07-12T18:30:00Z,HAD,Harris_Creek_Downstream,38.712517,-76.316803,0.3,6.42,3.477,27.68,9.26,85.922
2018-07-12T18:45:00Z,HAD,Harris_Creek_Downstream,38.712517,-76.316803,0.3,6.26,3.504,27.68,9.27,83.698
2018-07-12T19:00:00Z,HAD,Harris_Creek_Downstream,38.712517,-76.316803,0.3,6.31,3.513,27.68,9.27,84.428
2018-07-12T19:15:00Z,HAD,Harris_Creek_Downstream,38.712517,-76.316803,0.3,6.72,3.507,27.87,9.26,90.16
2018-07-12T19:30:00Z,HAD,Harris_Creek_Downstream,38.712517,-76.316803,0.3,6.37,3.504,27.87,9.27,85.511
2018-07-12T19:45:00Z,HAD,Harris_Creek_Downstream,38.712517,-76.316803,0.3,7.12,3.506,28.08,9.29,95.876
2018-07-12T20:00:00Z,HAD,Harris_Creek_Downstream,38.712517,-76.316803,0.3,5.84,3.492,27.71,9.31,78.21
2018-07-12T20:15:00Z,HAD,Harris_Creek_Downstream,38.712517,-76.316803,0.3,5.68,3.49,27.76,9.34,76.12
2018-07-12T20:30:00Z,HAD,Harris_Creek_Downstream,38.712517,-76.316803,0.3,6.38,3.478,28.07,9.32,85.998
2018-07-12T20:45:00Z,HAD,Harris_Creek_Downstream,38.712517,-76.316803,0.3,6.53,3.458,28.08,9.34,87.928
2018-07-12T21:00:00Z,HAD,Harris_Creek_Downstream,38.712517,-76.316803,0.3,6.51,3.44,28.14,9.32,87.76
2018-07-12T21:15:00Z,HAD,Harris_Creek_Downstream,38.712517,-76.316803,0.3,6.86,3.415,28.15,9.32,92.527
2018-07-12T21:30:00Z,HAD,Harris_Creek_Downstream,38.712517,-76.316803,0.3,6.66,3.397,28.16,9.31,89.9
2018-07-12T21:45:00Z,HAD,Harris_Creek_Downstream,38.712517,-76.316803,0.3,6.43,3.378,28.14,9.31,86.678
2018-07-12T22:00:00Z,HAD,Harris_Creek_Downstream,38.712517,-76.316803,0.3,6.37,3.344,28.14,9.3,85.889
2018-07-12T22:15:00Z,HAD,Harris_Creek_Downstream,38.712517,-76.316803,0.3,6.68,3.305,28.11,9.3,90.034
2018-07-12T22:30:00Z,HAD,Harris_Creek_Downstream,38.712517,-76.316803,0.3,6.89,3.277,28.11,9.3,92.863
2018-07-12T22:45:00Z,HAD,Harris_Creek_Downstream,38.712517,-76.316803,0.3,6.86,3.251,28.13,9.3,92.519
2018-07-12T23:00:00Z,HAD,Harris_Creek_Downstream,38.712517,-76.316803,0.3,6.97,3.225,28.16,9.29,94.054
2018-07-12T23:15:00Z,HAD,Harris_Creek_Downstream,38.712517,-76.316803,0.3,7.25,3.2,28.18,9.29,97.865
2018-07-12T23:30:00Z,HAD,Harris_Creek_Downstream,38.712517,-76.316803,0.3,7.1,3.17,28.25,9.28,95.959
2018-07-12T23:45:00Z,HAD,Harris_Creek_Downstream,38.712517,-76.316803,0.3,6.99,3.141,28.29,9.27,94.533
2018-07-13T00:00:00Z,HAD,Harris_Creek_Downstream,38.712517,-76.316803,0.3,7.2,3.119,28.33,9.25,97.319
2018-07-13T00:15:00Z,HAD,Harris_Creek_Downstream,38.712517,-76.316803,0.3,7.24,3.095,28.29,9.25,97.915
2018-07-13T00:30:00Z,HAD,Harris_Creek_Downstream,38.712517,-76.316803,0.3,7.2,3.074,28.18,9.25,97.067
2018-07-13T00:45:00Z,HAD,Harris_Creek_Downstream,38.712517,-76.316803,0.3,7.05,3.056,28.17,9.24,95.053
2018-07-13T01:00:00Z,HAD,Harris_Creek_Downstream,38.712517,-76.316803,0.3,7.19,3.042,28.2,9.25,97.034
2018-07-13T01:15:00Z,HAD,Harris_Creek_Downstream,38.712517,-76.316803,0.3,7.09,3.037,28.14,9.26,95.54
2018-07-13T01:30:00Z,HAD,Harris_Creek_Downstream,38.712517,-76.316803,0.3,7.06,3.026,28.08,9.26,95.112
2018-07-13T01:45:00Z,HAD,Harris_Creek_Downstream,38.712517,-76.316803,0.3,6.94,3.022,28.07,9.26,93.442
2018-07-13T02:00:00Z,HAD,Harris_Creek_Downstream,38.712517,-76.316803,0.3,7.07,3.025,28.05,9.26,95.103
2018-07-13T02:15:00Z,HAD,Harris_Creek_Downstream,38.712517,-76.316803,0.3,6.96,3.032,28.03,9.26,93.593
2018-07-13T02:30:00Z,HAD,Harris_Creek_Downstream,38.712517,-76.316803,0.3,6.59,3.048,28.0,9.25,88.683
2018-07-13T02:45:00Z,HAD,Harris_Creek_Downstream,38.712517,-76.316803,0.3,6.5,3.064,27.98,9.26,87.324
2018-07-13T03:00:00Z,HAD,Harris_Creek_Downstream,38.712517,-76.316803,0.3,6.66,3.082,27.94,9.26,89.43
2018-07-13T03:15:00Z,HAD,Harris_Creek_Downstream,38.712517,-76.316803,0.3,6.77,3.111,27.94,9.25,90.949
2018-07-13T03:30:00Z,HAD,Harris_Creek_Downstream,38.712517,-76.316803,0.3,6.75,3.144,27.94,9.23,90.723
2018-07-13T03:45:00Z,HAD,Harris_Creek_Downstream,38.712517,-76.316803,0.3,6.45,3.178,28.0,9.23,86.795
2018-07-13T04:00:00Z,HAD,Harris_Creek_Downstream,38.712517,-76.316803,0.3,6.93,3.218,27.76,9.26,92.846
2018-07-13T04:15:00Z,HAD,Harris_Creek_Downstream,38.712517,-76.316803,0.3,6.98,3.264,27.79,9.27,93.501
2018-07-13T04:30:00Z,HAD,Harris_Creek_Downstream,38.712517,-76.316803,0.3,6.81,3.307,27.77,9.29,91.251
2018-07-13T04:45:00Z,HAD,Harris_Creek_Downstream,38.712517,-76.316803,0.3,7.01,3.364,27.71,9.27,93.744
2018-07-13T05:00:00Z,HAD,Harris_Creek_Downstream,38.712517,-76.316803,0.3,7.05,3.397,27.65,9.26,94.306
2018-07-13T05:15:00Z,HAD,Harris_Creek_Downstream,38.712517,-76.316803,0.3,7.03,3.436,27.58,9.26,93.861
2018-07-13T05:30:00Z,HAD,Harris_Creek_Downstream,38.712517,-76.316803,0.3,6.88,3.476,27.56,9.26,91.78
2018-07-13T05:45:00Z,HAD,Harris_Creek_Downstream,38.712517,-76.316803,0.3,7.08,3.511,27.54,9.26,94.508
2018-07-13T06:00:00Z,HAD,Harris_Creek_Downstream,38.712517,-76.316803,0.3,6.88,3.556,27.57,9.26,91.83
2018-07-13T06:15:00Z,HAD,Harris_Creek_Downstream,38.712517,-76.316803,0.3,6.87,3.583,27.61,9.26,91.73
2018-07-13T06:30:00Z,HAD,Harris_Creek_Downstream,38.712517,-76.316803,0.3,6.82,3.615,27.64,9.26,91.167
2018-07-13T06:45:00Z,HAD,Harris_Creek_Downstream,38.712517,-76.316803,0.3,6.85,3.636,27.68,9.25,91.688
2018-07-13T07:00:00Z,HAD,Harris_Creek_Downstream,38.712517,-76.316803,0.3,6.63,3.659,27.7,9.24,88.641
2018-07-13T07:15:00Z,HAD,Harris_Creek_Downstream,38.712517,-76.316803,0.3,6.67,3.676,27.71,9.25,89.22
2018-07-13T07:30:00Z,HAD,Harris_Creek_Downstream,38.712517,-76.316803,0.3,6.78,3.687,27.7,9.25,90.765
2018-07-13T07:45:00Z,HAD,Harris_Creek_Downstream,38.712517,-76.316803,0.3,6.66,3.701,27.69,9.24,89.103
2018-07-13T08:00:00Z,HAD,Harris_Creek_Downstream,38.712517,-76.316803,0.3,6.28,3.703,27.68,9.25,83.967
2018-07-13T08:15:00Z,HAD,Harris_Creek_Downstream,38.712517,-76.316803,0.3,6.26,3.706,27.68,9.25,83.74
2018-07-13T08:30:00Z,HAD,Harris_Creek_Downstream,38.712517,-76.316803,0.3,5.63,3.702,27.7,9.26,75.373
2018-07-13T08:45:00Z,HAD,Harris_Creek_Downstream,38.712517,-76.316803,0.3,6.02,3.691,27.66,9.32,80.484
2018-07-13T09:00:00Z,HAD,Harris_Creek_Downstream,38.712517,-76.316803,0.3,5.91,3.682,27.65,9.32,79.091
2018-07-13T09:15:00Z,HAD,Harris_Creek_Downstream,38.712517,-76.316803,0.3,5.47,3.668,27.63,9.33,73.149
2018-07-13T09:30:00Z,HAD,Harris_Creek_Downstream,38.712517,-76.316803,0.3,5.91,3.651,27.61,9.31,78.999
2018-07-13T09:45:00Z,HAD,Harris_Creek_Downstream,38.712517,-76.316803,0.3,5.43,3.629,27.63,9.32,72.536
2018-07-13T10:00:00Z,HAD,Harris_Creek_Downstream,38.712517,-76.316803,0.3,5.72,3.606,27.59,9.31,76.414
2018-07-13T10:15:00Z,HAD,Harris_Creek_Downstream,38.712517,-76.316803,0.3,5.89,3.579,27.59,9.31,78.713
2018-07-13T10:30:00Z,HAD,Harris_Creek_Downstream,38.712517,-76.316803,0.3,5.86,3.55,27.54,9.3,78.218
2018-07-13T10:45:00Z,HAD,Harris_Creek_Downstream,38.712517,-76.316803,0.3,6.28,3.521,27.51,9.29,83.791
2018-07-13T11:00:00Z,HAD,Harris_Creek_Downstream,38.712517,-76.316803,0.3,6.57,3.496,27.46,9.26,87.542
2018-07-13T11:15:00Z,HAD,Harris_Creek_Downstream,38.712517,-76.316803,0.3,6.47,3.464,27.45,9.26,86.182
2018-07-13T11:30:00Z,HAD,Harris_Creek_Downstream,38.712517,-76.316803,0.3,6.5,3.433,27.42,9.25,86.535
2018-07-13T11:45:00Z,HAD,Harris_Creek_Downstream,38.712517,-76.316803,0.3,6.38,3.4,27.41,9.25,84.898
2018-07-13T12:00:00Z,HAD,Harris_Creek_Downstream,38.712517,-76.316803,0.3,6.06,3.368,27.42,9.26,80.652
2018-07-13T12:15:00Z,HAD,Harris_Creek_Downstream,38.712517,-76.316803,0.3,5.96,3.346,27.38,9.25,79.326
2018-07-13T12:30:00Z,HAD,Harris_Creek_Downstream,38.712517,-76.316803,0.3,6.27,3.313,27.32,9.25,83.354
2018-07-13T12:45:00Z,HAD,Harris_Creek_Downstream,38.712517,-76.316803,0.3,6.2,3.287,27.3,9.25,82.305
2018-07-13T13:00:00Z,HAD,Harris_Creek_Downstream,38.712517,-76.316803,0.3,5.97,3.263,27.31,9.25,79.376
2018-07-13T13:15:00Z,HAD,Harris_Creek_Downstream,38.712517,-76.316803,0.3,5.96,3.242,27.33,9.25,79.166
2018-07-13T13:30:00Z,HAD,Harris_Creek_Downstream,38.712517,-76.316803,0.3,5.71,3.219,27.33,9.25,75.86
2018-07-13T13:45:00Z,HAD,Harris_Creek_Downstream,38.712517,-76.316803,0.3,5.55,3.197,27.33,9.25,73.812
2018-07-13T14:00:00Z,HAD,Harris_Creek_Downstream,38.712517,-76.316803,0.3,5.63,3.182,27.35,9.24,74.853
2018-07-13T14:15:00Z,HAD,Harris_Creek_Downstream,38.712517,-76.316803,0.3,5.45,3.165,27.34,9.24,72.461
2018-07-13T14:30:00Z,HAD,Harris_Creek_Downstream,38.712517,-76.316803,0.3,5.35,3.157,27.34,9.24,71.16
2018-07-13T14:45:00Z,HAD,Harris_Creek_Downstream,38.712517,-76.316803,0.3,5.21,3.148,27.34,9.23,69.255
2018-07-13T15:00:00Z,HAD,Harris_Creek_Downstream,38.712517,-76.316803,0.3,5.13,3.147,27.34,9.23,68.181
2018-07-13T15:15:00Z,HAD,Harris_Creek_Downstream,38.712517,-76.316803,0.3,5.14,3.147,27.35,9.23,68.399
2018-07-13T15:30:00Z,HAD,Harris_Creek_Downstream,38.712517,-76.316803,0.3,5.09,3.154,27.37,9.22,67.661
2018-07-13T15:45:00Z,HAD,Harris_Creek_Downstream,38.712517,-76.316803,0.3,5.08,3.159,27.41,9.23,67.577
2018-07-13T16:00:00Z,HAD,Harris_Creek_Downstream,38.712517,-76.316803,0.3,5.15,3.169,27.44,9.22,68.617
2018-07-13T16:15:00Z,HAD,Harris_Creek_Downstream,38.712517,-76.316803,0.3,5.04,3.184,27.43,9.23,67.065
2018-07-13T16:30:00Z,HAD,Harris_Creek_Downstream,38.712517,-76.316803,0.3,5.32,3.201,27.48,9.23,70.942
2018-07-13T16:45:00Z,HAD,Harris_Creek_Downstream,38.712517,-76.316803,0.3,5.33,3.224,27.49,9.24,71.059
2018-07-13T17:00:00Z,HAD,Harris_Creek_Downstream,38.712517,-76.316803,0.3,5.18,3.249,27.52,9.24,69.079
2018-07-13T17:15:00Z,HAD,Harris_Creek_Downstream,38.712517,-76.316803,0.3,4.94,3.28,27.54,9.25,65.957
2018-07-13T17:30:00Z,HAD,Harris_Creek_Downstream,38.712517,-76.316803,0.3,4.98,3.313,27.57,9.25,66.536
2018-07-13T17:45:00Z,HAD,Harris_Creek_Downstream,38.712517,-76.316803,0.3,5.46,3.36,27.59,9.25,72.847
2018-07-13T18:00:00Z,HAD,Harris_Creek_Downstream,38.712517,-76.316803,0.3,5.13,3.381,27.59,9.26,68.5
2018-07-13T18:15:00Z,HAD,Harris_Creek_Downstream,38.712517,-76.316803,0.3,4.94,3.41,27.59,9.26,66.007
2018-07-13T18:30:00Z,HAD,Harris_Creek_Downstream,38.712517,-76.316803,0.3,5.77,3.438,27.63,9.25,77.077
2018-07-13T18:45:00Z,HAD,Harris_Creek_Downstream,38.712517,-76.316803,0.3,6.38,3.469,27.66,9.25,85.318
2018-07-13T19:00:00Z,HAD,Harris_Creek_Downstream,38.712517,-76.316803,0.3,5.02,3.493,27.65,9.26,67.09
2018-07-13T19:15:00Z,HAD,Harris_Creek_Downstream,38.712517,-76.316803,0.3,4.49,3.515,27.62,9.26,59.982
2018-07-13T19:30:00Z,HAD,Harris_Creek_Downstream,38.712517,-76.316803,0.3,4.65,3.538,27.64,9.25,62.13
2018-07-13T19:45:00Z,HAD,Harris_Creek_Downstream,38.712517,-76.316803,0.3,5.86,3.551,27.79,9.43,78.554
2018-07-13T20:00:00Z,HAD,Harris_Creek_Downstream,38.712517,-76.316803,0.3,5.96,3.566,27.96,9.51,80.207
2018-07-13T20:15:00Z,HAD,Harris_Creek_Downstream,38.712517,-76.316803,0.3,6.08,3.569,28.03,9.49,81.936
2018-07-13T20:30:00Z,HAD,Harris_Creek_Downstream,38.712517,-76.316803,0.3,5.26,3.572,27.69,9.34,70.338
2018-07-13T20:45:00Z,HAD,Harris_Creek_Downstream,38.712517,-76.316803,0.3,5.04,3.567,27.57,9.28,67.266
2018-07-13T21:00:00Z,HAD,Harris_Creek_Downstream,38.712517,-76.316803,0.3,5.17,3.563,27.57,9.26,69.028
2018-07-13T21:15:00Z,HAD,Harris_Creek_Downstream,38.712517,-76.316803,0.3,5.59,3.551,27.58,9.26,74.66
2018-07-13T21:30:00Z,HAD,Harris_Creek_Downstream,38.712517,-76.316803,0.3,5.63,3.53,27.57,9.25,75.146
2018-07-13T21:45:00Z,HAD,Harris_Creek_Downstream,38.712517,-76.316803,0.3,5.28,3.509,27.57,9.25,70.514
2018-07-13T22:00:00Z,HAD,Harris_Creek_Downstream,38.712517,-76.316803,0.3,5.22,3.484,27.56,9.26,69.708
2018-07-13T22:15:00Z,HAD,Harris_Creek_Downstream,38.712517,-76.316803,0.3,4.98,3.454,27.58,9.25,66.469
2018-07-13T22:30:00Z,HAD,Harris_Creek_Downstream,38.712517,-76.316803,0.3,5.16,3.427,27.6,9.26,68.928
2018-07-13T22:45:00Z,HAD,Harris_Creek_Downstream,38.712517,-76.316803,0.3,5.71,3.399,27.62,9.26,76.271
2018-07-13T23:00:00Z,HAD,Harris_Creek_Downstream,38.712517,-76.316803,0.3,5.87,3.37,27.63,9.27,78.394
2018-07-13T23:15:00Z,HAD,Harris_Creek_Downstream,38.712517,-76.316803,0.3,5.85,3.346,27.64,9.27,78.218
2018-07-13T23:30:00Z,HAD,Harris_Creek_Downstream,38.712517,-76.316803,0.3,5.88,3.309,27.68,9.26,78.621
2018-07-13T23:45:00Z,HAD,Harris_Creek_Downstream,38.712517,-76.316803,0.3,5.99,3.282,27.77,9.26,80.224
2018-07-14T00:00:00Z,HAD,Harris_Creek_Downstream,38.712517,-76.316803,0.3,5.86,3.248,27.79,9.25,78.571
2018-07-14T00:15:00Z,HAD,Harris_Creek_Downstream,38.712517,-76.316803,0.3,5.7,3.218,27.76,9.25,76.288
2018-07-14T00:30:00Z,HAD,Harris_Creek_Downstream,38.712517,-76.316803,0.3,5.75,3.19,27.79,9.24,77.11
2018-07-14T00:45:00Z,HAD,Harris_Creek_Downstream,38.712517,-76.316803,0.3,5.64,3.159,27.81,9.24,75.6
2018-07-14T01:00:00Z,HAD,Harris_Creek_Downstream,38.712517,-76.316803,0.3,5.73,3.135,27.88,9.23,76.892
2018-07-14T01:15:00Z,HAD,Harris_Creek_Downstream,38.712517,-76.316803,0.3,5.74,3.106,27.96,9.22,77.177
2018-07-14T01:30:00Z,HAD,Harris_Creek_Downstream,38.712517,-76.316803,0.3,5.88,3.085,28.08,9.24,79.124
2018-07-14T01:45:00Z,HAD,Harris_Creek_Downstream,38.712517,-76.316803,0.3,5.93,3.07,28.15,9.25,80.022
2018-07-14T02:00:00Z,HAD,Harris_Creek_Downstream,38.712517,-76.316803,0.3,6.07,3.054,28.22,9.26,81.944
2018-07-14T02:15:00Z,HAD,Harris_Creek_Downstream,38.712517,-76.316803,0.3,6.6,3.034,28.26,9.25,89.111
2018-07-14T02:30:00Z,HAD,Harris_Creek_Downstream,38.712517,-76.316803,0.3,6.84,3.018,28.27,9.25,92.477
2018-07-14T02:45:00Z,HAD,Harris_Creek_Downstream,38.712517,-76.316803,0.3,6.91,3.013,28.25,9.25,93.333
2018-07-14T03:00:00Z,HAD,Harris_Creek_Downstream,38.712517,-76.316803,0.3,6.89,3.012,28.23,9.24,92.989
2018-07-14T03:15:00Z,HAD,Harris_Creek_Downstream,38.712517,-76.316803,0.3,6.87,3.017,28.2,9.24,92.703
2018-07-14T03:30:00Z,HAD,Harris_Creek_Downstream,38.712517,-76.316803,0.3,6.69,3.031,28.16,9.26,90.228
2018-07-14T03:45:00Z,HAD,Harris_Creek_Downstream,38.712517,-76.316803,0.3,6.58,3.045,28.15,9.28,88.75
2018-07-14T04:00:00Z,HAD,Harris_Creek_Downstream,38.712517,-76.316803,0.3,6.47,3.077,28.12,NaN,86.98
2018-07-14T04:15:00Z,HAD,Harris_Creek_Downstream,38.712517,-76.316803,0.3,6.57,3.105,28.09,NaN,88.322
2018-07-14T04:30:00Z,HAD,Harris_Creek_Downstream,38.712517,-76.316803,0.3,6.71,3.143,28.04,NaN,90.152
2018-07-14T04:45:00Z,HAD,Harris_Creek_Downstream,38.712517,-76.316803,0.3,6.46,3.179,27.97,NaN,86.644
2018-07-14T05:00:00Z,HAD,Harris_Creek_Downstream,38.712517,-76.316803,0.3,6.15,3.217,27.89,NaN,82.372
2018-07-14T05:15:00Z,HAD,Harris_Creek_Downstream,38.712517,-76.316803,0.3,6.57,3.254,27.86,NaN,88.046
2018-07-14T05:30:00Z,HAD,Harris_Creek_Downstream,38.712517,-76.316803,0.3,6.57,3.3,27.75,NaN,87.852
2018-07-14T05:45:00Z,HAD,Harris_Creek_Downstream,38.712517,-76.316803,0.3,6.55,3.356,27.71,NaN,87.5
2018-07-14T06:00:00Z,HAD,Harris_Creek_Downstream,38.712517,-76.316803,0.3,6.68,3.387,27.73,NaN,89.296
2018-07-14T06:15:00Z,HAD,Harris_Creek_Downstream,38.712517,-76.316803,0.3,6.7,3.424,27.73,NaN,89.548
2018-07-14T06:30:00Z,HAD,Harris_Creek_Downstream,38.712517,-76.316803,0.3,6.62,3.458,27.54,NaN,88.213
2018-07-14T06:45:00Z,HAD,Harris_Creek_Downstream,38.712517,-76.316803,0.3,6.44,3.499,27.34,NaN,85.477
2018-07-14T07:00:00Z,HAD,Harris_Creek_Downstream,38.712517,-76.316803,0.3,6.17,3.534,27.22,9.36,81.919
2018-07-14T07:15:00Z,HAD,Harris_Creek_Downstream,38.712517,-76.316803,0.3,6.18,3.567,27.1,9.36,81.81
2018-07-14T07:30:00Z,HAD,Harris_Creek_Downstream,38.712517,-76.316803,0.3,6.15,3.592,27.06,9.38,81.407
2018-07-14T07:45:00Z,HAD,Harris_Creek_Downstream,38.712517,-76.316803,0.3,6.45,3.62,27.07,9.38,85.435
2018-07-14T08:00:00Z,HAD,Harris_Creek_Downstream,38.712517,-76.316803,0.3,6.4,3.646,27.08,9.38,84.781
2018-07-14T08:15:00Z,HAD,Harris_Creek_Downstream,38.712517,-76.316803,0.3,6.37,3.662,27.07,9.38,84.311
2018-07-14T08:30:00Z,HAD,Harris_Creek_Downstream,38.712517,-76.316803,0.3,6.29,3.678,27.08,9.38,83.321
2018-07-14T08:45:00Z,HAD,Harris_Creek_Downstream,38.712517,-76.316803,0.3,6.38,3.686,27.08,NaN,84.227
2018-07-14T09:00:00Z,HAD,Harris_Creek_Downstream,38.712517,-76.316803,0.3,6.17,3.691,27.07,9.38,81.743
2018-07-14T09:15:00Z,HAD,Harris_Creek_Downstream,38.712517,-76.316803,0.3,6.13,3.69,27.05,9.39,81.172
2018-07-14T09:30:00Z,HAD,Harris_Creek_Downstream,38.712517,-76.316803,0.3,5.84,3.687,27.04,9.39,77.32
2018-07-14T09:45:00Z,HAD,Harris_Creek_Downstream,38.712517,-76.316803,0.3,5.97,3.681,27.01,9.39,79.007
2018-07-14T10:00:00Z,HAD,Harris_Creek_Downstream,38.712517,-76.316803,0.3,5.9,3.674,26.99,9.39,78.092
2018-07-14T10:15:00Z,HAD,Harris_Creek_Downstream,38.712517,-76.316803,0.3,5.9,3.653,26.97,9.39,78.0
2018-07-14T10:30:00Z,HAD,Harris_Creek_Downstream,38.712517,-76.316803,0.3,6.0,3.634,26.95,9.38,79.259
2018-07-14T10:45:00Z,HAD,Harris_Creek_Downstream,38.712517,-76.316803,0.3,5.91,3.611,26.97,9.38,78.067
2018-07-14T11:00:00Z,HAD,Harris_Creek_Downstream,38.712517,-76.316803,0.3,5.99,3.586,26.95,9.37,79.158
2018-07-14T11:15:00Z,HAD,Harris_Creek_Downstream,38.712517,-76.316803,0.3,6.11,3.558,26.9,9.36,80.677
2018-07-14T11:30:00Z,HAD,Harris_Creek_Downstream,38.712517,-76.316803,0.3,5.93,3.529,26.88,9.36,78.277
2018-07-14T11:45:00Z,HAD,Harris_Creek_Downstream,38.712517,-76.316803,0.3,5.83,3.498,26.89,9.36,76.993
2018-07-14T12:00:00Z,HAD,Harris_Creek_Downstream,38.712517,-76.316803,0.3,5.67,3.467,26.92,9.37,74.911
2018-07-14T12:15:00Z,HAD,Harris_Creek_Downstream,38.712517,-76.316803,0.3,5.55,3.435,26.95,9.36,73.283
2018-07-14T12:30:00Z,HAD,Harris_Creek_Downstream,38.712517,-76.316803,0.3,5.39,3.404,26.98,9.35,71.252
2018-07-14T12:45:00Z,HAD,Harris_Creek_Downstream,38.712517,-76.316803,0.3,5.33,3.372,27.05,9.36,70.531
2018-07-14T13:00:00Z,HAD,Harris_Creek_Downstream,38.712517,-76.316803,0.3,5.66,3.346,27.15,9.36,74.987
2018-07-14T13:15:00Z,HAD,Harris_Creek_Downstream,38.712517,-76.316803,0.3,5.54,3.312,27.2,9.35,73.468
2018-07-14T13:30:00Z,HAD,Harris_Creek_Downstream,38.712517,-76.316803,0.3,5.45,3.282,27.22,9.35,72.301
2018-07-14T13:45:00Z,HAD,Harris_Creek_Downstream,38.712517,-76.316803,0.3,5.38,3.259,27.19,9.35,71.345
2018-07-14T14:00:00Z,HAD,Harris_Creek_Downstream,38.712517,-76.316803,0.3,5.34,3.229,27.16,9.36,70.875
2018-07-14T14:15:00Z,HAD,Harris_Creek_Downstream,38.712517,-76.316803,0.3,5.26,3.209,27.16,9.35,69.792
2018-07-14T14:30:00Z,HAD,Harris_Creek_Downstream,38.712517,-76.316803,0.3,5.11,3.184,27.17,9.36,67.761
2018-07-14T14:45:00Z,HAD,Harris_Creek_Downstream,38.712517,-76.316803,0.3,5.23,3.167,27.18,9.35,69.44
2018-07-14T15:00:00Z,HAD,Harris_Creek_Downstream,38.712517,-76.316803,0.3,5.12,3.148,27.21,9.35,68.013
2018-07-14T15:15:00Z,HAD,Harris_Creek_Downstream,38.712517,-76.316803,0.3,5.25,3.133,27.22,9.36,69.725
2018-07-14T15:30:00Z,HAD,Harris_Creek_Downstream,38.712517,-76.316803,0.3,5.16,3.123,27.23,9.37,68.483
2018-07-14T15:45:00Z,HAD,Harris_Creek_Downstream,38.712517,-76.316803,0.3,5.16,3.114,27.26,9.38,68.559
2018-07-14T16:00:00Z,HAD,Harris_Creek_Downstream,38.712517,-76.316803,0.3,5.26,3.107,27.27,9.37,69.893
2018-07-14T16:15:00Z,HAD,Harris_Creek_Downstream,38.712517,-76.316803,0.3,5.1,3.109,27.28,9.38,67.786
2018-07-14T16:30:00Z,HAD,Harris_Creek_Downstream,38.712517,-76.316803,0.3,5.5,3.11,27.31,9.37,73.158
2018-07-14T16:45:00Z,HAD,Harris_Creek_Downstream,38.712517,-76.316803,0.3,5.7,3.114,27.34,9.37,75.86
2018-07-14T17:00:00Z,HAD,Harris_Creek_Downstream,38.712517,-76.316803,0.3,5.62,3.127,27.36,9.36,74.744
2018-07-14T17:15:00Z,HAD,Harris_Creek_Downstream,38.712517,-76.316803,0.3,5.59,3.145,27.47,9.39,74.483
2018-07-14T17:30:00Z,HAD,Harris_Creek_Downstream,38.712517,-76.316803,0.3,6.14,3.169,27.5,9.46,81.986
2018-07-14T17:45:00Z,HAD,Harris_Creek_Downstream,38.712517,-76.316803,0.3,6.37,3.192,27.5,9.52,85.1
2018-07-14T18:00:00Z,HAD,Harris_Creek_Downstream,38.712517,-76.316803,0.3,6.21,3.208,27.49,9.53,82.943
2018-07-14T18:15:00Z,HAD,Harris_Creek_Downstream,38.712517,-76.316803,0.3,5.87,3.243,27.51,9.52,78.436
2018-07-14T18:30:00Z,HAD,Harris_Creek_Downstream,38.712517,-76.316803,0.3,5.71,3.274,27.53,9.5,76.313
2018-07-14T18:45:00Z,HAD,Harris_Creek_Downstream,38.712517,-76.316803,0.3,6.27,3.306,27.57,9.49,83.875
2018-07-14T19:00:00Z,HAD,Harris_Creek_Downstream,38.712517,-76.316803,0.3,5.68,3.346,27.53,9.5,75.919
2018-07-14T19:15:00Z,HAD,Harris_Creek_Downstream,38.712517,-76.316803,0.3,5.83,3.372,27.55,9.46,77.933
2018-07-14T19:30:00Z,HAD,Harris_Creek_Downstream,38.712517,-76.316803,0.3,5.94,3.404,27.55,9.42,79.326
2018-07-14T19:45:00Z,HAD,Harris_Creek_Downstream,38.712517,-76.316803,0.3,5.87,3.428,27.63,9.41,78.512
2018-07-14T20:00:00Z,HAD,Harris_Creek_Downstream,38.712517,-76.316803,0.3,5.98,3.453,27.72,9.4,80.165
2018-07-14T20:15:00Z,HAD,Harris_Creek_Downstream,38.712517,-76.316803,0.3,5.73,3.479,27.74,9.4,76.817
2018-07-14T20:30:00Z,HAD,Harris_Creek_Downstream,38.712517,-76.316803,0.3,5.93,3.495,27.77,9.41,79.51
2018-07-14T20:45:00Z,HAD,Harris_Creek_Downstream,38.712517,-76.316803,0.3,5.55,3.51,27.76,9.42,74.341
2018-07-14T21:00:00Z,HAD,Harris_Creek_Downstream,38.712517,-76.316803,0.3,5.66,3.518,27.84,9.4,75.944
2018-07-14T21:15:00Z,HAD,Harris_Creek_Downstream,38.712517,-76.316803,0.3,6.52,3.525,27.94,9.38,87.668
2018-07-14T21:30:00Z,HAD,Harris_Creek_Downstream,38.712517,-76.316803,0.3,4.85,3.528,27.87,9.4,65.101
2018-07-14T21:45:00Z,HAD,Harris_Creek_Downstream,38.712517,-76.316803,0.3,6.16,3.522,27.97,9.38,82.8
2018-07-14T22:00:00Z,HAD,Harris_Creek_Downstream,38.712517,-76.316803,0.3,6.47,3.512,28.0,9.38,87.089
2018-07-14T22:15:00Z,HAD,Harris_Creek_Downstream,38.712517,-76.316803,0.3,7.06,3.501,28.03,9.37,95.095
2018-07-14T22:30:00Z,HAD,Harris_Creek_Downstream,38.712517,-76.316803,0.3,6.8,3.485,28.0,9.37,91.453
2018-07-14T22:45:00Z,HAD,Harris_Creek_Downstream,38.712517,-76.316803,0.3,7.12,3.46,28.01,9.36,95.884
2018-07-14T23:00:00Z,HAD,Harris_Creek_Downstream,38.712517,-76.316803,0.3,6.72,3.433,27.99,9.36,90.421
2018-07-14T23:15:00Z,HAD,Harris_Creek_Downstream,38.712517,-76.316803,0.3,7.37,3.41,27.98,9.37,99.199
2018-07-14T23:30:00Z,HAD,Harris_Creek_Downstream,38.712517,-76.316803,0.3,6.95,3.387,27.97,9.38,93.526
2018-07-14T23:45:00Z,HAD,Harris_Creek_Downstream,38.712517,-76.316803,0.3,6.91,3.361,27.97,9.37,92.972
2018-07-15T00:00:00Z,HAD,Harris_Creek_Downstream,38.712517,-76.316803,0.3,7.22,3.323,27.99,9.38,97.084
2018-07-15T00:15:00Z,HAD,Harris_Creek_Downstream,38.712517,-76.316803,0.3,7.4,3.296,27.97,9.38,99.568
2018-07-15T00:30:00Z,HAD,Harris_Creek_Downstream,38.712517,-76.316803,0.3,7.18,3.266,28.0,9.38,96.572
2018-07-15T00:45:00Z,HAD,Harris_Creek_Downstream,38.712517,-76.316803,0.3,7.0,3.234,27.99,9.38,94.205
2018-07-15T01:00:00Z,HAD,Harris_Creek_Downstream,38.712517,-76.316803,0.3,6.86,3.205,27.95,9.39,92.317
2018-07-15T01:15:00Z,HAD,Harris_Creek_Downstream,38.712517,-76.316803,0.3,6.97,3.177,27.96,9.39,93.727
2018-07-15T01:30:00Z,HAD,Harris_Creek_Downstream,38.712517,-76.316803,0.3,6.75,3.153,27.96,9.39,90.739
2018-07-15T01:45:00Z,HAD,Harris_Creek_Downstream,38.712517,-76.316803,0.3,7.13,3.129,27.97,9.39,95.876
2018-07-15T02:00:00Z,HAD,Harris_Creek_Downstream,38.712517,-76.316803,0.3,6.94,3.106,27.98,9.41,93.324
2018-07-15T02:15:00Z,HAD,Harris_Creek_Downstream,38.712517,-76.316803,0.3,7.13,3.083,28.01,NaN,95.649
2018-07-15T02:30:00Z,HAD,Harris_Creek_Downstream,38.712517,-76.316803,0.3,7.07,3.053,28.03,NaN,94.969
2018-07-15T02:45:00Z,HAD,Harris_Creek_Downstream,38.712517,-76.316803,0.3,7.02,3.032,28.01,NaN,94.289
2018-07-15T03:00:00Z,HAD,Harris_Creek_Downstream,38.712517,-76.316803,0.3,7.09,3.011,27.96,9.51,95.422
2018-07-15T03:15:00Z,HAD,Harris_Creek_Downstream,38.712517,-76.316803,0.3,6.95,3.005,27.93,NaN,93.232
2018-07-15T03:30:00Z,HAD,Harris_Creek_Downstream,38.712517,-76.316803,0.3,6.93,3.0,27.9,NaN,92.955
2018-07-15T03:45:00Z,HAD,Harris_Creek_Downstream,38.712517,-76.316803,0.3,6.79,2.996,27.89,9.51,91.285
2018-07-15T04:00:00Z,HAD,Harris_Creek_Downstream,38.712517,-76.316803,0.3,6.6,3.0,27.86,9.52,88.692
2018-07-15T04:15:00Z,HAD,Harris_Creek_Downstream,38.712517,-76.316803,0.3,6.68,3.015,27.83,9.5,89.632
2018-07-15T04:30:00Z,HAD,Harris_Creek_Downstream,38.712517,-76.316803,0.3,6.82,3.026,27.73,9.46,91.461
2018-07-15T04:45:00Z,HAD,Harris_Creek_Downstream,38.712517,-76.316803,0.3,6.4,3.042,27.63,9.45,85.654
2018-07-15T05:00:00Z,HAD,Harris_Creek_Downstream,38.712517,-76.316803,0.3,5.81,3.069,27.44,9.44,77.505
2018-07-15T05:15:00Z,HAD,Harris_Creek_Downstream,38.712517,-76.316803,0.3,6.03,3.096,27.32,9.45,80.215
2018-07-15T05:30:00Z,HAD,Harris_Creek_Downstream,38.712517,-76.316803,0.3,6.21,3.124,27.48,9.45,82.893
2018-07-15T05:45:00Z,HAD,Harris_Creek_Downstream,38.712517,-76.316803,0.3,6.61,3.155,27.63,9.46,88.398
2018-07-15T06:00:00Z,HAD,Harris_Creek_Downstream,38.712517,-76.316803,0.3,7.0,3.195,27.72,9.49,93.761
2018-07-15T06:15:00Z,HAD,Harris_Creek_Downstream,38.712517,-76.316803,0.3,6.97,3.24,27.67,9.48,93.349
2018-07-15T06:30:00Z,HAD,Harris_Creek_Downstream,38.712517,-76.316803,0.3,6.82,3.28,27.36,9.43,90.857
2018-07-15T06:45:00Z,HAD,Harris_Creek_Downstream,38.712517,-76.316803,0.3,6.68,3.317,27.13,9.45,88.608
2018-07-15T07:00:00Z,HAD,Harris_Creek_Downstream,38.712517,-76.316803,0.3,6.8,3.36,27.07,9.49,90.093
2018-07-15T07:15:00Z,HAD,Harris_Creek_Downstream,38.712517,-76.316803,0.3,6.73,3.396,27.13,9.49,89.271
2018-07-15T07:30:00Z,HAD,Harris_Creek_Downstream,38.712517,-76.316803,0.3,6.8,3.432,27.16,9.5,90.286
2018-07-15T07:45:00Z,HAD,Harris_Creek_Downstream,38.712517,-76.316803,0.3,6.78,3.463,27.17,9.49,90.06
2018-07-15T08:00:00Z,HAD,Harris_Creek_Downstream,38.712517,-76.316803,0.3,6.64,3.5,27.16,9.47,88.146
2018-07-15T08:15:00Z,HAD,Harris_Creek_Downstream,38.712517,-76.316803,0.3,6.51,3.529,27.16,9.48,86.417
2018-07-15T08:30:00Z,HAD,Harris_Creek_Downstream,38.712517,-76.316803,0.3,6.75,3.555,27.13,9.48,89.531
2018-07-15T08:45:00Z,HAD,Harris_Creek_Downstream,38.712517,-76.316803,0.3,6.61,3.575,27.08,9.48,87.592
2018-07-15T09:00:00Z,HAD,Harris_Creek_Downstream,38.712517,-76.316803,0.3,6.41,3.59,27.02,9.46,84.806
2018-07-15T09:15:00Z,HAD,Harris_Creek_Downstream,38.712517,-76.316803,0.3,6.56,3.604,26.95,9.45,86.778
2018-07-15T09:30:00Z,HAD,Harris_Creek_Downstream,38.712517,-76.316803,0.3,6.58,3.615,26.88,NaN,86.594
2018-07-15T09:45:00Z,HAD,Harris_Creek_Downstream,38.712517,-76.316803,0.3,6.52,3.624,26.85,9.45,86.006
2018-07-15T10:00:00Z,HAD,Harris_Creek_Downstream,38.712517,-76.316803,0.3,6.42,3.624,26.81,9.46,84.621
2018-07-15T10:15:00Z,HAD,Harris_Creek_Downstream,38.712517,-76.316803,0.3,6.26,3.626,26.83,9.46,82.549
2018-07-15T10:30:00Z,HAD,Harris_Creek_Downstream,38.712517,-76.316803,0.3,6.29,3.62,26.85,9.45,83.044
2018-07-15T10:45:00Z,HAD,Harris_Creek_Downstream,38.712517,-76.316803,0.3,6.16,3.612,26.83,9.45,81.281
2018-07-15T11:00:00Z,HAD,Harris_Creek_Downstream,38.712517,-76.316803,0.3,5.92,3.595,26.84,9.45,78.117
2018-07-15T11:15:00Z,HAD,Harris_Creek_Downstream,38.712517,-76.316803,0.3,5.88,3.58,26.91,9.45,77.689
2018-07-15T11:30:00Z,HAD,Harris_Creek_Downstream,38.712517,-76.316803,0.3,6.49,3.563,26.91,9.46,85.771
2018-07-15T11:45:00Z,HAD,Harris_Creek_Downstream,38.712517,-76.316803,0.3,6.58,3.538,26.94,9.46,86.954
2018-07-15T12:00:00Z,HAD,Harris_Creek_Downstream,38.712517,-76.316803,0.3,6.34,3.515,26.98,9.46,83.807
2018-07-15T12:15:00Z,HAD,Harris_Creek_Downstream,38.712517,-76.316803,0.3,6.54,3.484,26.99,9.46,86.501
2018-07-15T12:30:00Z,HAD,Harris_Creek_Downstream,38.712517,-76.316803,0.3,6.59,3.453,26.98,9.45,87.223
2018-07-15T12:45:00Z,HAD,Harris_Creek_Downstream,38.712517,-76.316803,0.3,6.42,3.42,26.98,9.45,84.957
2018-07-15T13:00:00Z,HAD,Harris_Creek_Downstream,38.712517,-76.316803,0.3,5.99,3.392,26.86,9.42,78.982
2018-07-15T13:15:00Z,HAD,Harris_Creek_Downstream,38.712517,-76.316803,0.3,6.0,3.359,26.84,9.42,79.15
2018-07-15T13:30:00Z,HAD,Harris_Creek_Downstream,38.712517,-76.316803,0.3,6.03,3.329,26.86,9.41,79.544
2018-07-15T13:45:00Z,HAD,Harris_Creek_Downstream,38.712517,-76.316803,0.3,6.05,3.31,26.89,9.41,79.863
2018-07-15T14:00:00Z,HAD,Harris_Creek_Downstream,38.712517,-76.316803,0.3,5.88,3.271,26.9,9.4,77.58
2018-07-15T14:15:00Z,HAD,Harris_Creek_Downstream,38.712517,-76.316803,0.3,5.87,3.242,26.94,9.4,77.597
2018-07-15T14:30:00Z,HAD,Harris_Creek_Downstream,38.712517,-76.316803,0.3,5.75,3.216,26.93,9.4,75.944
2018-07-15T14:45:00Z,HAD,Harris_Creek_Downstream,38.712517,-76.316803,0.3,5.8,3.194,26.96,9.4,76.64
2018-07-15T15:00:00Z,HAD,Harris_Creek_Downstream,38.712517,-76.316803,0.3,5.83,3.171,26.99,9.4,77.144
2018-07-15T15:15:00Z,HAD,Harris_Creek_Downstream,38.712517,-76.316803,0.3,5.78,3.15,27.0,9.4,76.472
2018-07-15T15:30:00Z,HAD,Harris_Creek_Downstream,38.712517,-76.316803,0.3,5.77,3.127,27.01,9.39,76.305
2018-07-15T15:45:00Z,HAD,Harris_Creek_Downstream,38.712517,-76.316803,0.3,5.6,3.109,27.01,9.39,74.081
2018-07-15T16:00:00Z,HAD,Harris_Creek_Downstream,38.712517,-76.316803,0.3,5.53,3.091,27.01,9.37,73.191
2018-07-15T16:15:00Z,HAD,Harris_Creek_Downstream,38.712517,-76.316803,0.3,5.34,3.076,27.02,9.39,70.64
2018-07-15T16:30:00Z,HAD,Harris_Creek_Downstream,38.712517,-76.316803,0.3,5.77,3.066,27.0,9.39,76.355
2018-07-15T16:45:00Z,HAD,Harris_Creek_Downstream,38.712517,-76.316803,0.3,5.81,3.057,26.94,9.39,76.808
2018-07-15T17:00:00Z,HAD,Harris_Creek_Downstream,38.712517,-76.316803,0.3,5.78,3.056,26.91,9.38,76.372
2018-07-15T17:15:00Z,HAD,Harris_Creek_Downstream,38.712517,-76.316803,0.3,5.67,3.057,26.89,9.39,74.811
2018-07-15T17:30:00Z,HAD,Harris_Creek_Downstream,38.712517,-76.316803,0.3,6.02,3.065,26.95,9.39,79.536
2018-07-15T17:45:00Z,HAD,Harris_Creek_Downstream,38.712517,-76.316803,0.3,5.87,3.069,26.98,9.4,77.589
2018-07-15T18:00:00Z,HAD,Harris_Creek_Downstream,38.712517,-76.316803,0.3,5.76,3.079,27.03,9.39,76.229
2018-07-15T18:15:00Z,HAD,Harris_Creek_Downstream,38.712517,-76.316803,0.3,5.55,3.1,27.05,9.39,73.409
2018-07-15T18:30:00Z,HAD,Harris_Creek_Downstream,38.712517,-76.316803,0.3,5.64,3.12,27.1,9.41,74.76
2018-07-15T18:45:00Z,HAD,Harris_Creek_Downstream,38.712517,-76.316803,0.3,5.39,3.141,27.12,9.41,71.437
2018-07-15T19:00:00Z,HAD,Harris_Creek_Downstream,38.712517,-76.316803,0.3,5.4,3.173,27.14,9.41,71.546
2018-07-15T19:15:00Z,HAD,Harris_Creek_Downstream,38.712517,-76.316803,0.3,5.68,3.208,27.16,9.41,75.356
2018-07-15T19:30:00Z,HAD,Harris_Creek_Downstream,38.712517,-76.316803,0.3,5.37,3.241,27.07,9.4,71.068
2018-07-15T19:45:00Z,HAD,Harris_Creek_Downstream,38.712517,-76.316803,0.3,5.34,3.276,27.05,9.41,70.699
2018-07-15T20:00:00Z,HAD,Harris_Creek_Downstream,38.712517,-76.316803,0.3,5.3,3.319,27.09,9.41,70.187
2018-07-15T20:15:00Z,HAD,Harris_Creek_Downstream,38.712517,-76.316803,0.3,5.71,3.349,27.13,9.4,75.709
2018-07-15T20:30:00Z,HAD,Harris_Creek_Downstream,38.712517,-76.316803,0.3,5.68,3.365,27.14,9.4,75.34
2018-07-15T20:45:00Z,HAD,Harris_Creek_Downstream,38.712517,-76.316803,0.3,5.64,3.384,27.1,9.39,74.71
2018-07-15T21:00:00Z,HAD,Harris_Creek_Downstream,38.712517,-76.316803,0.3,5.46,3.41,27.09,9.39,72.343
2018-07-15T21:15:00Z,HAD,Harris_Creek_Downstream,38.712517,-76.316803,0.3,5.29,3.425,27.09,9.4,70.103
2018-07-15T21:30:00Z,HAD,Harris_Creek_Downstream,38.712517,-76.316803,0.3,4.65,3.441,27.09,9.4,61.643
2018-07-15T21:45:00Z,HAD,Harris_Creek_Downstream,38.712517,-76.316803,0.3,4.06,3.452,27.07,9.41,53.738
2018-07-15T22:00:00Z,HAD,Harris_Creek_Downstream,38.712517,-76.316803,0.3,4.31,3.458,27.06,9.4,57.053
2018-07-15T22:15:00Z,HAD,Harris_Creek_Downstream,38.712517,-76.316803,0.3,4.37,3.459,27.04,9.4,57.858
2018-07-15T22:30:00Z,HAD,Harris_Creek_Downstream,38.712517,-76.316803,0.3,4.2,3.467,27.04,9.41,55.592
2018-07-15T22:45:00Z,HAD,Harris_Creek_Downstream,38.712517,-76.316803,0.3,4.06,3.46,27.07,9.4,53.704
2018-07-15T23:00:00Z,HAD,Harris_Creek_Downstream,38.712517,-76.316803,0.3,4.32,3.452,27.0,9.41,57.111
2018-07-15T23:15:00Z,HAD,Harris_Creek_Downstream,38.712517,-76.316803,0.3,4.82,3.44,26.97,9.41,63.766
2018-07-15T23:30:00Z,HAD,Harris_Creek_Downstream,38.712517,-76.316803,0.3,5.2,3.424,26.98,9.41,68.81
2018-07-15T23:45:00Z,HAD,Harris_Creek_Downstream,38.712517,-76.316803,0.3,5.26,3.405,26.99,9.4,69.574
2018-07-16T00:00:00Z,HAD,Harris_Creek_Downstream,38.712517,-76.316803,0.3,5.26,3.382,27.04,9.4,69.566
2018-07-16T00:15:00Z,HAD,Harris_Creek_Downstream,38.712517,-76.316803,0.3,5.05,3.364,27.08,9.41,66.939
2018-07-16T00:30:00Z,HAD,Harris_Creek_Downstream,38.712517,-76.316803,0.3,4.74,3.341,27.11,9.42,62.818
2018-07-16T00:45:00Z,HAD,Harris_Creek_Downstream,38.712517,-76.316803,0.3,4.75,3.307,27.12,9.37,62.919
2018-07-16T01:00:00Z,HAD,Harris_Creek_Downstream,38.712517,-76.316803,0.3,4.94,3.277,27.12,9.42,65.428
2018-07-16T01:15:00Z,HAD,Harris_Creek_Downstream,38.712517,-76.316803,0.3,5.19,3.249,27.14,9.41,68.81
2018-07-16T01:30:00Z,HAD,Harris_Creek_Downstream,38.712517,-76.316803,0.3,5.48,3.223,27.16,9.41,72.738
2018-07-16T01:45:00Z,HAD,Harris_Creek_Downstream,38.712517,-76.316803,0.3,5.53,3.195,27.17,9.41,73.376
2018-07-16T02:00:00Z,HAD,Harris_Creek_Downstream,38.712517,-76.316803,0.3,5.73,3.169,27.19,9.41,76.044
2018-07-16T02:15:00Z,HAD,Harris_Creek_Downstream,38.712517,-76.316803,0.3,5.59,3.144,27.19,9.42,74.207
2018-07-16T02:30:00Z,HAD,Harris_Creek_Downstream,38.712517,-76.316803,0.3,5.66,3.114,27.19,9.43,75.13
2018-07-16T02:45:00Z,HAD,Harris_Creek_Downstream,38.712517,-76.316803,0.3,5.84,3.089,27.2,9.42,77.513
2018-07-16T03:00:00Z,HAD,Harris_Creek_Downstream,38.712517,-76.316803,0.3,5.82,3.063,27.22,9.43,77.245
2018-07-16T03:15:00Z,HAD,Harris_Creek_Downstream,38.712517,-76.316803,0.3,5.73,3.04,27.22,9.42,76.137
2018-07-16T03:30:00Z,HAD,Harris_Creek_Downstream,38.712517,-76.316803,0.3,5.84,3.022,27.23,9.42,77.547
2018-07-16T03:45:00Z,HAD,Harris_Creek_Downstream,38.712517,-76.316803,0.3,6.15,3.0,27.24,9.4,81.726
2018-07-16T04:00:00Z,HAD,Harris_Creek_Downstream,38.712517,-76.316803,0.3,6.11,2.987,27.26,9.4,81.172
2018-07-16T04:15:00Z,HAD,Harris_Creek_Downstream,38.712517,-76.316803,0.3,5.92,2.976,27.26,9.4,78.646
2018-07-16T04:30:00Z,HAD,Harris_Creek_Downstream,38.712517,-76.316803,0.3,6.05,2.969,27.29,9.4,80.484
2018-07-16T04:45:00Z,HAD,Harris_Creek_Downstream,38.712517,-76.316803,0.3,6.4,2.963,27.34,9.39,85.1
2018-07-16T05:00:00Z,HAD,Harris_Creek_Downstream,38.712517,-76.316803,0.3,5.38,2.965,27.28,9.4,71.479
2018-07-16T05:15:00Z,HAD,Harris_Creek_Downstream,38.712517,-76.316803,0.3,5.61,2.976,27.31,9.4,74.609
2018-07-16T05:30:00Z,HAD,Harris_Creek_Downstream,38.712517,-76.316803,0.3,5.61,2.986,27.32,9.4,74.593
2018-07-16T05:45:00Z,HAD,Harris_Creek_Downstream,38.712517,-76.316803,0.3,5.48,3.004,27.3,9.39,72.847
2018-07-16T06:00:00Z,HAD,Harris_Creek_Downstream,38.712517,-76.316803,0.3,5.6,3.026,27.3,9.41,74.45
2018-07-16T06:15:00Z,HAD,Harris_Creek_Downstream,38.712517,-76.316803,0.3,5.44,3.054,27.29,9.4,72.285
2018-07-16T06:30:00Z,HAD,Harris_Creek_Downstream,38.712517,-76.316803,0.3,5.29,3.088,27.28,9.41,70.388
2018-07-16T06:45:00Z,HAD,Harris_Creek_Downstream,38.712517,-76.316803,0.3,5.14,3.121,27.26,9.41,68.307
2018-07-16T07:00:00Z,HAD,Harris_Creek_Downstream,38.712517,-76.316803,0.3,5.0,3.158,27.24,9.41,66.41
2018-07-16T07:15:00Z,HAD,Harris_Creek_Downstream,38.712517,-76.316803,0.3,4.61,3.197,27.24,9.41,61.207
2018-07-16T07:30:00Z,HAD,Harris_Creek_Downstream,38.712517,-76.316803,0.3,4.51,3.236,27.24,9.42,59.856
2018-07-16T07:45:00Z,HAD,Harris_Creek_Downstream,38.712517,-76.316803,0.3,4.95,3.275,27.23,9.43,65.739
2018-07-16T08:00:00Z,HAD,Harris_Creek_Downstream,38.712517,-76.316803,0.3,5.21,3.326,27.24,9.43,69.238
2018-07-16T08:15:00Z,HAD,Harris_Creek_Downstream,38.712517,-76.316803,0.3,5.37,3.361,27.25,9.43,71.395
2018-07-16T08:30:00Z,HAD,Harris_Creek_Downstream,38.712517,-76.316803,0.3,5.63,3.393,27.24,9.42,74.794
2018-07-16T08:45:00Z,HAD,Harris_Creek_Downstream,38.712517,-76.316803,0.3,5.72,3.428,27.23,9.42,75.977
2018-07-16T09:00:00Z,HAD,Harris_Creek_Downstream,38.712517,-76.316803,0.3,5.75,3.458,27.21,9.43,76.313
2018-07-16T09:15:00Z,HAD,Harris_Creek_Downstream,38.712517,-76.316803,0.3,5.66,3.488,27.19,9.42,75.146
2018-07-16T09:30:00Z,HAD,Harris_Creek_Downstream,38.712517,-76.316803,0.3,5.64,3.514,27.17,9.42,74.819
2018-07-16T09:45:00Z,HAD,Harris_Creek_Downstream,38.712517,-76.316803,0.3,5.48,3.538,27.14,9.43,72.696
2018-07-16T10:00:00Z,HAD,Harris_Creek_Downstream,38.712517,-76.316803,0.3,5.63,3.557,27.11,9.4,74.651
2018-07-16T10:15:00Z,HAD,Harris_Creek_Downstream,38.712517,-76.316803,0.3,5.47,3.572,27.08,9.42,72.528
2018-07-16T10:30:00Z,HAD,Harris_Creek_Downstream,38.712517,-76.316803,0.3,5.15,3.583,27.08,9.41,68.24
2018-07-16T10:45:00Z,HAD,Harris_Creek_Downstream,38.712517,-76.316803,0.3,5.1,3.59,27.08,9.41,67.619
2018-07-16T11:00:00Z,HAD,Harris_Creek_Downstream,38.712517,-76.316803,0.3,5.33,3.59,27.05,9.42,70.564
2018-07-16T11:15:00Z,HAD,Harris_Creek_Downstream,38.712517,-76.316803,0.3,4.97,3.588,27.05,9.41,65.781
2018-07-16T11:30:00Z,HAD,Harris_Creek_Downstream,38.712517,-76.316803,0.3,5.39,3.583,27.04,9.4,71.412
2018-07-16T11:45:00Z,HAD,Harris_Creek_Downstream,38.712517,-76.316803,0.3,5.31,3.571,27.05,9.41,70.313
2018-07-16T12:00:00Z,HAD,Harris_Creek_Downstream,38.712517,-76.316803,0.3,5.39,3.555,27.05,9.41,71.336
2018-07-16T12:15:00Z,HAD,Harris_Creek_Downstream,38.712517,-76.316803,0.3,5.28,3.536,27.06,9.4,69.901
2018-07-16T12:30:00Z,HAD,Harris_Creek_Downstream,38.712517,-76.316803,0.3,5.64,3.515,27.07,9.39,74.635
2018-07-16T12:45:00Z,HAD,Harris_Creek_Downstream,38.712517,-76.316803,0.3,5.74,3.49,27.07,9.4,76.07
2018-07-16T13:00:00Z,HAD,Harris_Creek_Downstream,38.712517,-76.316803,0.3,5.95,3.419,27.11,9.41,78.923
2018-08-09T14:00:00Z,HAD,Harris_Creek_Downstream,38.712517,-76.316803,0.3,5.53,3.049,29.12,8.66,75.608
2018-08-09T14:15:00Z,HAD,Harris_Creek_Downstream,38.712517,-76.316803,0.3,5.47,3.062,29.09,8.66,74.71
2018-08-09T14:30:00Z,HAD,Harris_Creek_Downstream,38.712517,-76.316803,0.3,5.37,3.079,29.06,8.65,73.258
2018-08-09T14:45:00Z,HAD,Harris_Creek_Downstream,38.712517,-76.316803,0.3,6.11,3.098,29.05,8.65,83.337
2018-08-09T15:00:00Z,HAD,Harris_Creek_Downstream,38.712517,-76.316803,0.3,6.28,3.12,29.02,8.64,85.612
2018-08-09T15:15:00Z,HAD,Harris_Creek_Downstream,38.712517,-76.316803,0.3,6.31,3.142,28.91,8.63,85.931
2018-08-09T15:30:00Z,HAD,Harris_Creek_Downstream,38.712517,-76.316803,0.3,6.33,3.163,28.87,8.62,86.166
2018-08-09T15:45:00Z,HAD,Harris_Creek_Downstream,38.712517,-76.316803,0.3,6.23,3.185,28.81,8.62,84.621
2018-08-09T16:00:00Z,HAD,Harris_Creek_Downstream,38.712517,-76.316803,0.3,6.28,3.206,28.74,8.63,85.251
2018-08-09T16:15:00Z,HAD,Harris_Creek_Downstream,38.712517,-76.316803,0.3,6.22,3.231,28.66,8.62,84.277
2018-08-09T16:30:00Z,HAD,Harris_Creek_Downstream,38.712517,-76.316803,0.3,6.1,3.254,28.61,8.62,82.632
2018-08-09T16:45:00Z,HAD,Harris_Creek_Downstream,38.712517,-76.316803,0.3,6.28,3.272,28.53,8.61,84.966
2018-08-09T17:00:00Z,HAD,Harris_Creek_Downstream,38.712517,-76.316803,0.3,6.3,3.29,28.51,8.59,85.175
2018-08-09T17:15:00Z,HAD,Harris_Creek_Downstream,38.712517,-76.316803,0.3,6.24,3.305,28.47,8.58,84.353
2018-08-09T17:30:00Z,HAD,Harris_Creek_Downstream,38.712517,-76.316803,0.3,6.31,3.318,28.44,8.57,85.217
2018-08-09T17:45:00Z,HAD,Harris_Creek_Downstream,38.712517,-76.316803,0.3,6.32,3.327,28.41,8.55,85.293
2018-08-09T18:00:00Z,HAD,Harris_Creek_Downstream,38.712517,-76.316803,0.3,6.57,3.336,28.41,8.55,88.65
2018-08-09T18:15:00Z,HAD,Harris_Creek_Downstream,38.712517,-76.316803,0.3,6.45,3.336,28.41,8.55,86.963
2018-08-09T18:30:00Z,HAD,Harris_Creek_Downstream,38.712517,-76.316803,0.3,6.37,3.336,28.41,8.54,85.998
2018-08-09T18:45:00Z,HAD,Harris_Creek_Downstream,38.712517,-76.316803,0.3,6.36,3.33,28.41,8.55,85.754
2018-08-09T19:00:00Z,HAD,Harris_Creek_Downstream,38.712517,-76.316803,0.3,6.16,3.322,28.42,8.54,83.094
2018-08-09T19:15:00Z,HAD,Harris_Creek_Downstream,38.712517,-76.316803,0.3,5.76,3.311,28.42,8.54,77.673
2018-08-09T19:30:00Z,HAD,Harris_Creek_Downstream,38.712517,-76.316803,0.3,5.77,3.291,28.41,8.54,77.849
2018-08-09T19:45:00Z,HAD,Harris_Creek_Downstream,38.712517,-76.316803,0.3,5.99,3.269,28.41,8.54,80.845
2018-08-09T20:00:00Z,HAD,Harris_Creek_Downstream,38.712517,-76.316803,0.3,6.12,3.25,28.41,8.54,82.607
2018-08-09T20:15:00Z,HAD,Harris_Creek_Downstream,38.712517,-76.316803,0.3,6.1,3.217,28.42,8.54,82.272
2018-08-09T20:30:00Z,HAD,Harris_Creek_Downstream,38.712517,-76.316803,0.3,5.74,3.193,28.42,8.54,77.438
2018-08-09T20:45:00Z,HAD,Harris_Creek_Downstream,38.712517,-76.316803,0.3,5.8,3.163,28.42,8.55,78.243
2018-08-09T21:00:00Z,HAD,Harris_Creek_Downstream,38.712517,-76.316803,0.3,5.77,3.134,28.42,8.54,77.832
2018-08-09T21:15:00Z,HAD,Harris_Creek_Downstream,38.712517,-76.316803,0.3,5.95,3.105,28.42,8.54,80.35
2018-08-09T21:30:00Z,HAD,Harris_Creek_Downstream,38.712517,-76.316803,0.3,5.87,3.077,28.42,8.54,79.242
2018-08-09T21:45:00Z,HAD,Harris_Creek_Downstream,38.712517,-76.316803,0.3,5.88,3.047,28.42,8.53,79.301
2018-08-09T22:00:00Z,HAD,Harris_Creek_Downstream,38.712517,-76.316803,0.3,5.92,3.016,28.42,8.53,79.939
2018-08-09T22:15:00Z,HAD,Harris_Creek_Downstream,38.712517,-76.316803,0.3,5.72,2.988,28.43,8.53,77.144
2018-08-09T22:30:00Z,HAD,Harris_Creek_Downstream,38.712517,-76.316803,0.3,5.8,2.96,28.44,8.53,78.243
2018-08-09T22:45:00Z,HAD,Harris_Creek_Downstream,38.712517,-76.316803,0.3,5.73,2.936,28.46,8.52,77.337
2018-08-09T23:00:00Z,HAD,Harris_Creek_Downstream,38.712517,-76.316803,0.3,5.8,2.911,28.5,8.53,78.378
2018-08-09T23:15:00Z,HAD,Harris_Creek_Downstream,38.712517,-76.316803,0.3,5.71,2.892,28.53,8.53,77.219
2018-08-09T23:30:00Z,HAD,Harris_Creek_Downstream,38.712517,-76.316803,0.3,5.7,2.873,28.55,8.53,77.102
2018-08-09T23:45:00Z,HAD,Harris_Creek_Downstream,38.712517,-76.316803,0.3,5.88,2.856,28.58,8.53,79.561
2018-08-10T00:00:00Z,HAD,Harris_Creek_Downstream,38.712517,-76.316803,0.3,5.89,2.844,28.57,8.53,79.636
2018-08-10T00:15:00Z,HAD,Harris_Creek_Downstream,38.712517,-76.316803,0.3,5.7,2.835,28.6,8.53,77.203
2018-08-10T00:30:00Z,HAD,Harris_Creek_Downstream,38.712517,-76.316803,0.3,6.56,2.83,28.95,8.54,89.262
2018-08-10T00:45:00Z,HAD,Harris_Creek_Downstream,38.712517,-76.316803,0.3,5.92,2.833,28.78,8.54,80.408
2018-08-10T01:00:00Z,HAD,Harris_Creek_Downstream,38.712517,-76.316803,0.3,5.81,2.84,28.97,8.57,79.124
2018-08-10T01:15:00Z,HAD,Harris_Creek_Downstream,38.712517,-76.316803,0.3,5.78,2.854,28.89,8.56,78.596
2018-08-10T01:30:00Z,HAD,Harris_Creek_Downstream,38.712517,-76.316803,0.3,6.91,2.872,29.46,8.59,94.994
2018-08-10T01:45:00Z,HAD,Harris_Creek_Downstream,38.712517,-76.316803,0.3,6.68,2.895,29.22,8.6,91.444
2018-08-10T02:00:00Z,HAD,Harris_Creek_Downstream,38.712517,-76.316803,0.3,6.22,2.922,29.16,8.58,85.016
2018-08-10T02:15:00Z,HAD,Harris_Creek_Downstream,38.712517,-76.316803,0.3,6.13,2.953,29.21,8.59,83.908
2018-08-10T02:30:00Z,HAD,Harris_Creek_Downstream,38.712517,-76.316803,0.3,6.71,2.986,29.57,8.63,92.418
2018-08-10T02:45:00Z,HAD,Harris_Creek_Downstream,38.712517,-76.316803,0.3,6.57,3.024,29.52,8.64,90.387
2018-08-10T03:00:00Z,HAD,Harris_Creek_Downstream,38.712517,-76.316803,0.3,6.42,3.066,29.39,8.62,88.146
2018-08-10T03:15:00Z,HAD,Harris_Creek_Downstream,38.712517,-76.316803,0.3,6.39,3.109,29.35,8.62,87.701
2018-08-10T03:30:00Z,HAD,Harris_Creek_Downstream,38.712517,-76.316803,0.3,6.04,3.154,29.26,8.61,82.775
2018-08-10T03:45:00Z,HAD,Harris_Creek_Downstream,38.712517,-76.316803,0.3,5.84,3.197,29.1,8.59,79.687
2018-08-10T04:00:00Z,HAD,Harris_Creek_Downstream,38.712517,-76.316803,0.3,6.02,3.242,29.03,8.57,82.045
2018-08-10T04:15:00Z,HAD,Harris_Creek_Downstream,38.712517,-76.316803,0.3,5.92,3.284,28.89,8.55,80.476
2018-08-10T04:30:00Z,HAD,Harris_Creek_Downstream,38.712517,-76.316803,0.3,6.16,3.324,28.81,8.54,83.648
2018-08-10T04:45:00Z,HAD,Harris_Creek_Downstream,38.712517,-76.316803,0.3,6.21,3.363,28.69,8.54,84.185
2018-08-10T05:00:00Z,HAD,Harris_Creek_Downstream,38.712517,-76.316803,0.3,5.88,3.396,28.59,8.54,79.594
2018-08-10T05:15:00Z,HAD,Harris_Creek_Downstream,38.712517,-76.316803,0.3,5.76,3.429,28.58,8.56,77.941
2018-08-10T05:30:00Z,HAD,Harris_Creek_Downstream,38.712517,-76.316803,0.3,5.57,3.456,28.56,8.55,75.407
2018-08-10T05:45:00Z,HAD,Harris_Creek_Downstream,38.712517,-76.316803,0.3,5.67,3.478,28.53,8.54,76.665
2018-08-10T06:00:00Z,HAD,Harris_Creek_Downstream,38.712517,-76.316803,0.3,5.67,3.498,28.5,8.53,76.598
2018-08-10T06:15:00Z,HAD,Harris_Creek_Downstream,38.712517,-76.316803,0.3,5.56,3.515,28.47,8.51,75.105
2018-08-10T06:30:00Z,HAD,Harris_Creek_Downstream,38.712517,-76.316803,0.3,5.34,3.525,28.43,8.49,72.1
2018-08-10T06:45:00Z,HAD,Harris_Creek_Downstream,38.712517,-76.316803,0.3,5.16,3.531,28.36,8.46,69.54
2018-08-10T07:00:00Z,HAD,Harris_Creek_Downstream,38.712517,-76.316803,0.3,4.85,3.537,28.33,8.45,65.378
2018-08-10T07:15:00Z,HAD,Harris_Creek_Downstream,38.712517,-76.316803,0.3,4.67,3.536,28.31,8.43,62.843
2018-08-10T07:30:00Z,HAD,Harris_Creek_Downstream,38.712517,-76.316803,0.3,4.51,3.53,28.27,8.42,60.661
2018-08-10T07:45:00Z,HAD,Harris_Creek_Downstream,38.712517,-76.316803,0.3,4.25,3.518,28.26,8.41,57.095
2018-08-10T08:00:00Z,HAD,Harris_Creek_Downstream,38.712517,-76.316803,0.3,4.2,3.506,28.25,8.4,56.457
2018-08-10T08:15:00Z,HAD,Harris_Creek_Downstream,38.712517,-76.316803,0.3,4.06,3.492,28.24,8.39,54.585
2018-08-10T08:30:00Z,HAD,Harris_Creek_Downstream,38.712517,-76.316803,0.3,3.75,3.473,28.23,8.39,50.397
2018-08-10T08:45:00Z,HAD,Harris_Creek_Downstream,38.712517,-76.316803,0.3,3.65,3.453,28.22,8.39,49.03
2018-08-10T09:00:00Z,HAD,Harris_Creek_Downstream,38.712517,-76.316803,0.3,3.6,3.431,28.22,8.39,48.409
2018-08-10T09:15:00Z,HAD,Harris_Creek_Downstream,38.712517,-76.316803,0.3,3.79,3.404,28.22,8.38,50.893
2018-08-10T09:30:00Z,HAD,Harris_Creek_Downstream,38.712517,-76.316803,0.3,3.46,3.38,28.25,8.39,46.52
2018-08-10T09:45:00Z,HAD,Harris_Creek_Downstream,38.712517,-76.316803,0.3,4.32,3.356,28.42,8.4,58.303
2018-08-10T10:00:00Z,HAD,Harris_Creek_Downstream,38.712517,-76.316803,0.3,3.98,3.323,28.4,8.4,53.696
2018-08-10T10:15:00Z,HAD,Harris_Creek_Downstream,38.712517,-76.316803,0.3,3.58,3.302,28.34,8.41,48.174
2018-08-10T10:30:00Z,HAD,Harris_Creek_Downstream,38.712517,-76.316803,0.3,3.55,3.278,28.34,8.42,47.762
2018-08-10T10:45:00Z,HAD,Harris_Creek_Downstream,38.712517,-76.316803,0.3,4.08,3.249,28.35,8.43,55.013
2018-08-10T11:00:00Z,HAD,Harris_Creek_Downstream,38.712517,-76.316803,0.3,4.22,3.224,28.35,8.43,56.801
2018-08-10T11:15:00Z,HAD,Harris_Creek_Downstream,38.712517,-76.316803,0.3,4.56,3.198,28.43,8.45,61.492
2018-08-10T11:30:00Z,HAD,Harris_Creek_Downstream,38.712517,-76.316803,0.3,4.63,3.174,28.49,8.46,62.499
2018-08-10T11:45:00Z,HAD,Harris_Creek_Downstream,38.712517,-76.316803,0.3,4.71,3.154,28.52,8.46,63.632
2018-08-10T12:00:00Z,HAD,Harris_Creek_Downstream,38.712517,-76.316803,0.3,5.14,3.132,28.54,8.46,69.498
2018-08-10T12:15:00Z,HAD,Harris_Creek_Downstream,38.712517,-76.316803,0.3,5.21,3.112,28.54,8.46,70.38
2018-08-10T12:30:00Z,HAD,Harris_Creek_Downstream,38.712517,-76.316803,0.3,5.43,3.092,28.55,8.46,73.376
2018-08-10T12:45:00Z,HAD,Harris_Creek_Downstream,38.712517,-76.316803,0.3,5.19,3.074,28.55,8.46,70.22
2018-08-10T13:00:00Z,HAD,Harris_Creek_Downstream,38.712517,-76.316803,0.3,5.13,3.062,28.56,8.46,69.364
2018-08-10T13:15:00Z,HAD,Harris_Creek_Downstream,38.712517,-76.316803,0.3,5.3,3.051,28.56,8.46,71.63
2018-08-10T13:30:00Z,HAD,Harris_Creek_Downstream,38.712517,-76.316803,0.3,4.94,3.042,28.57,8.47,66.813
2018-08-10T13:45:00Z,HAD,Harris_Creek_Downstream,38.712517,-76.316803,0.3,4.92,3.04,28.56,8.47,66.494
2018-08-10T14:00:00Z,HAD,Harris_Creek_Downstream,38.712517,-76.316803,0.3,5.05,3.038,28.57,8.46,68.265
2018-08-10T14:15:00Z,HAD,Harris_Creek_Downstream,38.712517,-76.316803,0.3,4.64,3.04,28.57,8.47,62.726
2018-08-10T14:30:00Z,HAD,Harris_Creek_Downstream,38.712517,-76.316803,0.3,4.72,3.05,28.58,8.46,63.783
2018-08-10T14:45:00Z,HAD,Harris_Creek_Downstream,38.712517,-76.316803,0.3,4.85,3.062,28.55,8.47,65.604
2018-08-10T15:00:00Z,HAD,Harris_Creek_Downstream,38.712517,-76.316803,0.3,4.97,3.079,28.56,8.48,67.266
2018-08-10T15:15:00Z,HAD,Harris_Creek_Downstream,38.712517,-76.316803,0.3,4.97,3.102,28.57,8.47,67.274
2018-08-10T15:30:00Z,HAD,Harris_Creek_Downstream,38.712517,-76.316803,0.3,4.99,3.127,28.6,8.47,67.585
2018-08-10T15:45:00Z,HAD,Harris_Creek_Downstream,38.712517,-76.316803,0.3,5.39,3.155,28.71,8.48,73.057
2018-08-10T16:00:00Z,HAD,Harris_Creek_Downstream,38.712517,-76.316803,0.3,5.28,3.183,28.84,8.5,71.722
2018-08-10T16:15:00Z,HAD,Harris_Creek_Downstream,38.712517,-76.316803,0.3,5.06,3.216,28.7,8.47,68.525
2018-08-10T16:30:00Z,HAD,Harris_Creek_Downstream,38.712517,-76.316803,0.3,5.46,3.248,28.69,8.46,73.921
2018-08-10T16:45:00Z,HAD,Harris_Creek_Downstream,38.712517,-76.316803,0.3,5.57,3.279,28.69,8.45,75.465
2018-08-10T17:00:00Z,HAD,Harris_Creek_Downstream,38.712517,-76.316803,0.3,5.33,3.308,28.69,8.45,72.285
2018-08-10T17:15:00Z,HAD,Harris_Creek_Downstream,38.712517,-76.316803,0.3,5.57,3.341,28.72,8.45,75.465
2018-08-10T17:30:00Z,HAD,Harris_Creek_Downstream,38.712517,-76.316803,0.3,5.48,3.371,28.72,8.44,74.249
2018-08-10T17:45:00Z,HAD,Harris_Creek_Downstream,38.712517,-76.316803,0.3,5.86,3.394,28.76,8.44,79.485
2018-08-10T18:00:00Z,HAD,Harris_Creek_Downstream,38.712517,-76.316803,0.3,5.82,3.419,28.76,8.44,79.007
2018-08-10T18:15:00Z,HAD,Harris_Creek_Downstream,38.712517,-76.316803,0.3,5.69,3.438,28.76,8.44,77.211
2018-08-10T18:30:00Z,HAD,Harris_Creek_Downstream,38.712517,-76.316803,0.3,4.97,3.456,28.74,8.44,67.375
2018-08-10T18:45:00Z,HAD,Harris_Creek_Downstream,38.712517,-76.316803,0.3,4.93,3.466,28.72,8.44,66.888
2018-08-10T19:00:00Z,HAD,Harris_Creek_Downstream,38.712517,-76.316803,0.3,5.06,3.478,28.71,8.44,68.55
2018-08-10T19:15:00Z,HAD,Harris_Creek_Downstream,38.712517,-76.316803,0.3,4.65,3.479,28.69,8.44,63.02
2018-08-10T19:30:00Z,HAD,Harris_Creek_Downstream,38.712517,-76.316803,0.3,4.64,3.478,28.68,8.44,62.919
2018-08-10T19:45:00Z,HAD,Harris_Creek_Downstream,38.712517,-76.316803,0.3,5.04,3.469,28.65,8.44,68.248
2018-08-10T20:00:00Z,HAD,Harris_Creek_Downstream,38.712517,-76.316803,0.3,4.83,3.458,28.63,8.44,65.395
2018-08-10T20:15:00Z,HAD,Harris_Creek_Downstream,38.712517,-76.316803,0.3,5.07,3.446,28.62,8.43,68.668
2018-08-10T20:30:00Z,HAD,Harris_Creek_Downstream,38.712517,-76.316803,0.3,5.05,3.426,28.6,8.42,68.298
2018-08-10T20:45:00Z,HAD,Harris_Creek_Downstream,38.712517,-76.316803,0.3,5.07,3.407,28.58,8.42,68.5
2018-08-10T21:00:00Z,HAD,Harris_Creek_Downstream,38.712517,-76.316803,0.3,5.05,3.38,28.58,8.42,68.332
2018-08-10T21:15:00Z,HAD,Harris_Creek_Downstream,38.712517,-76.316803,0.3,4.92,3.353,28.61,8.42,66.536
2018-08-10T21:30:00Z,HAD,Harris_Creek_Downstream,38.712517,-76.316803,0.3,4.53,3.325,28.64,8.42,61.333
2018-08-10T21:45:00Z,HAD,Harris_Creek_Downstream,38.712517,-76.316803,0.3,4.64,3.296,28.65,8.43,62.835
2018-08-10T22:00:00Z,HAD,Harris_Creek_Downstream,38.712517,-76.316803,0.3,4.82,3.268,28.65,8.43,65.294
2018-08-10T22:15:00Z,HAD,Harris_Creek_Downstream,38.712517,-76.316803,0.3,4.98,3.237,28.61,8.42,67.367
2018-08-10T22:30:00Z,HAD,Harris_Creek_Downstream,38.712517,-76.316803,0.3,5.05,3.208,28.62,8.42,68.324
2018-08-10T22:45:00Z,HAD,Harris_Creek_Downstream,38.712517,-76.316803,0.3,5.2,3.176,28.66,8.43,70.464
2018-08-10T23:00:00Z,HAD,Harris_Creek_Downstream,38.712517,-76.316803,0.3,5.44,3.143,28.72,8.43,73.779
2018-08-10T23:15:00Z,HAD,Harris_Creek_Downstream,38.712517,-76.316803,0.3,5.47,3.116,28.77,8.44,74.19
2018-08-10T23:30:00Z,HAD,Harris_Creek_Downstream,38.712517,-76.316803,0.3,5.5,3.091,28.82,8.45,74.685
2018-08-10T23:45:00Z,HAD,Harris_Creek_Downstream,38.712517,-76.316803,0.3,5.46,3.064,28.87,8.42,74.207
2018-08-11T00:00:00Z,HAD,Harris_Creek_Downstream,38.712517,-76.316803,0.3,5.55,3.04,28.92,8.46,75.507
2018-08-11T00:15:00Z,HAD,Harris_Creek_Downstream,38.712517,-76.316803,0.3,5.67,3.02,28.97,8.47,77.261
2018-08-11T00:30:00Z,HAD,Harris_Creek_Downstream,38.712517,-76.316803,0.3,5.7,3.001,29.02,8.47,77.647
2018-08-11T00:45:00Z,HAD,Harris_Creek_Downstream,38.712517,-76.316803,0.3,6.09,2.982,29.1,8.47,83.052
2018-08-11T01:00:00Z,HAD,Harris_Creek_Downstream,38.712517,-76.316803,0.3,6.01,2.968,29.11,8.47,82.079
2018-08-11T01:15:00Z,HAD,Harris_Creek_Downstream,38.712517,-76.316803,0.3,5.9,2.96,29.12,8.47,80.501
2018-08-11T01:30:00Z,HAD,Harris_Creek_Downstream,38.712517,-76.316803,0.3,5.74,2.956,29.14,8.47,78.445
2018-08-11T01:45:00Z,HAD,Harris_Creek_Downstream,38.712517,-76.316803,0.3,5.68,2.955,29.15,8.47,77.631
2018-08-11T02:00:00Z,HAD,Harris_Creek_Downstream,38.712517,-76.316803,0.3,5.19,2.96,29.15,8.47,70.9
2018-08-11T02:15:00Z,HAD,Harris_Creek_Downstream,38.712517,-76.316803,0.3,5.38,2.969,29.19,8.48,73.544
2018-08-11T02:30:00Z,HAD,Harris_Creek_Downstream,38.712517,-76.316803,0.3,5.38,2.984,29.22,8.48,73.56
2018-08-11T02:45:00Z,HAD,Harris_Creek_Downstream,38.712517,-76.316803,0.3,5.12,3.004,29.24,8.48,70.01
2018-08-11T03:00:00Z,HAD,Harris_Creek_Downstream,38.712517,-76.316803,0.3,6.12,3.03,29.27,8.46,83.782
2018-08-11T03:15:00Z,HAD,Harris_Creek_Downstream,38.712517,-76.316803,0.3,7.6,3.061,29.41,8.39,104.184
2018-08-11T03:30:00Z,HAD,Harris_Creek_Downstream,38.712517,-76.316803,0.3,6.32,3.096,29.39,8.42,86.661
2018-08-11T03:45:00Z,HAD,Harris_Creek_Downstream,38.712517,-76.316803,0.3,5.17,3.136,29.32,8.45,70.782
2018-08-11T04:00:00Z,HAD,Harris_Creek_Downstream,38.712517,-76.316803,0.3,5.06,3.179,29.23,8.47,69.238
2018-08-11T04:15:00Z,HAD,Harris_Creek_Downstream,38.712517,-76.316803,0.3,5.39,3.224,29.14,8.46,73.644
2018-08-11T04:30:00Z,HAD,Harris_Creek_Downstream,38.712517,-76.316803,0.3,5.39,3.27,29.1,8.46,73.51
2018-08-11T04:45:00Z,HAD,Harris_Creek_Downstream,38.712517,-76.316803,0.3,5.54,3.313,29.11,8.44,75.616
2018-08-11T05:00:00Z,HAD,Harris_Creek_Downstream,38.712517,-76.316803,0.3,5.75,3.359,29.11,8.42,78.453
2018-08-11T05:15:00Z,HAD,Harris_Creek_Downstream,38.712517,-76.316803,0.3,5.88,3.403,29.13,8.41,80.316
2018-08-11T05:30:00Z,HAD,Harris_Creek_Downstream,38.712517,-76.316803,0.3,6.0,3.442,29.14,8.39,81.869
2018-08-11T05:45:00Z,HAD,Harris_Creek_Downstream,38.712517,-76.316803,0.3,6.15,3.479,29.14,8.39,83.975
2018-08-11T06:00:00Z,HAD,Harris_Creek_Downstream,38.712517,-76.316803,0.3,6.3,3.512,29.14,8.38,86.048
2018-08-11T06:15:00Z,HAD,Harris_Creek_Downstream,38.712517,-76.316803,0.3,6.43,3.543,29.14,8.38,87.735
2018-08-11T06:30:00Z,HAD,Harris_Creek_Downstream,38.712517,-76.316803,0.3,6.55,3.571,29.14,8.37,89.371
2018-08-11T06:45:00Z,HAD,Harris_Creek_Downstream,38.712517,-76.316803,0.3,6.51,3.6,29.13,8.37,88.876
2018-08-11T07:00:00Z,HAD,Harris_Creek_Downstream,38.712517,-76.316803,0.3,6.23,3.618,29.1,8.38,85.024
2018-08-11T07:15:00Z,HAD,Harris_Creek_Downstream,38.712517,-76.316803,0.3,6.54,3.632,29.05,8.37,89.17
2018-08-11T07:30:00Z,HAD,Harris_Creek_Downstream,38.712517,-76.316803,0.3,6.45,3.64,29.02,8.37,87.911
2018-08-11T07:45:00Z,HAD,Harris_Creek_Downstream,38.712517,-76.316803,0.3,4.89,3.644,28.76,8.4,66.284
2018-08-11T08:00:00Z,HAD,Harris_Creek_Downstream,38.712517,-76.316803,0.3,4.77,3.647,28.69,8.4,64.589
2018-08-11T08:15:00Z,HAD,Harris_Creek_Downstream,38.712517,-76.316803,0.3,4.79,3.645,28.68,8.4,64.841
2018-08-11T08:30:00Z,HAD,Harris_Creek_Downstream,38.712517,-76.316803,0.3,4.66,3.637,28.68,8.4,63.162
2018-08-11T08:45:00Z,HAD,Harris_Creek_Downstream,38.712517,-76.316803,0.3,4.93,3.628,28.7,8.4,66.788
2018-08-11T09:00:00Z,HAD,Harris_Creek_Downstream,38.712517,-76.316803,0.3,5.12,3.612,28.74,8.39,69.373
2018-08-11T09:15:00Z,HAD,Harris_Creek_Downstream,38.712517,-76.316803,0.3,5.38,3.596,28.78,8.38,73.048
2018-08-11T09:30:00Z,HAD,Harris_Creek_Downstream,38.712517,-76.316803,0.3,5.8,3.587,28.8,8.38,78.713
2018-08-11T09:45:00Z,HAD,Harris_Creek_Downstream,38.712517,-76.316803,0.3,5.21,3.55,28.77,8.39,70.732
2018-08-11T10:00:00Z,HAD,Harris_Creek_Downstream,38.712517,-76.316803,0.3,5.48,3.526,28.79,8.38,74.416
2018-08-11T10:15:00Z,HAD,Harris_Creek_Downstream,38.712517,-76.316803,0.3,5.36,3.498,28.8,8.38,72.679
2018-08-11T10:30:00Z,HAD,Harris_Creek_Downstream,38.712517,-76.316803,0.3,5.62,3.47,28.82,8.37,76.246
2018-08-11T10:45:00Z,HAD,Harris_Creek_Downstream,38.712517,-76.316803,0.3,5.76,3.441,28.82,8.37,78.159
2018-08-11T11:00:00Z,HAD,Harris_Creek_Downstream,38.712517,-76.316803,0.3,6.05,3.409,28.83,8.37,82.121
2018-08-11T11:15:00Z,HAD,Harris_Creek_Downstream,38.712517,-76.316803,0.3,5.61,3.38,28.84,8.37,76.128
2018-08-11T11:30:00Z,HAD,Harris_Creek_Downstream,38.712517,-76.316803,0.3,5.6,3.352,28.86,8.37,76.061
2018-08-11T11:45:00Z,HAD,Harris_Creek_Downstream,38.712517,-76.316803,0.3,5.57,3.321,28.88,8.37,75.667
2018-08-11T12:00:00Z,HAD,Harris_Creek_Downstream,38.712517,-76.316803,0.3,5.62,3.296,28.9,8.37,76.321
2018-08-11T12:15:00Z,HAD,Harris_Creek_Downstream,38.712517,-76.316803,0.3,5.55,3.266,28.9,8.37,75.381
2018-08-11T12:30:00Z,HAD,Harris_Creek_Downstream,38.712517,-76.316803,0.3,5.51,3.243,28.91,8.37,74.911
2018-08-11T12:45:00Z,HAD,Harris_Creek_Downstream,38.712517,-76.316803,0.3,5.4,3.222,28.93,8.37,73.401
2018-08-11T13:00:00Z,HAD,Harris_Creek_Downstream,38.712517,-76.316803,0.3,5.24,3.199,28.94,8.36,71.303
2018-08-11T13:15:00Z,HAD,Harris_Creek_Downstream,38.712517,-76.316803,0.3,5.16,3.173,28.97,8.36,70.153
2018-08-11T13:30:00Z,HAD,Harris_Creek_Downstream,38.712517,-76.316803,0.3,5.33,3.161,29.0,8.36,72.612
2018-08-11T13:45:00Z,HAD,Harris_Creek_Downstream,38.712517,-76.316803,0.3,5.52,3.149,29.03,8.36,75.197
2018-08-11T14:00:00Z,HAD,Harris_Creek_Downstream,38.712517,-76.316803,0.3,5.41,3.134,29.05,8.36,73.661
2018-08-11T14:15:00Z,HAD,Harris_Creek_Downstream,38.712517,-76.316803,0.3,5.15,3.127,29.07,8.36,70.17
2018-08-11T14:30:00Z,HAD,Harris_Creek_Downstream,38.712517,-76.316803,0.3,4.95,3.123,29.06,8.36,67.509
2018-08-11T14:45:00Z,HAD,Harris_Creek_Downstream,38.712517,-76.316803,0.3,4.66,3.123,29.04,8.36,63.515
2018-08-11T15:00:00Z,HAD,Harris_Creek_Downstream,38.712517,-76.316803,0.3,5.38,3.12,29.14,8.38,73.468
2018-08-11T15:15:00Z,HAD,Harris_Creek_Downstream,38.712517,-76.316803,0.3,5.94,3.125,29.29,8.42,81.298
2018-08-11T15:30:00Z,HAD,Harris_Creek_Downstream,38.712517,-76.316803,0.3,5.98,3.137,29.32,8.43,81.835
2018-08-11T15:45:00Z,HAD,Harris_Creek_Downstream,38.712517,-76.316803,0.3,5.44,3.15,29.31,8.43,74.483
2018-08-11T16:00:00Z,HAD,Harris_Creek_Downstream,38.712517,-76.316803,0.3,4.57,3.17,29.13,8.39,62.34
2018-08-11T16:15:00Z,HAD,Harris_Creek_Downstream,38.712517,-76.316803,0.3,5.46,3.187,29.33,8.43,74.853
2018-08-11T16:30:00Z,HAD,Harris_Creek_Downstream,38.712517,-76.316803,0.3,5.57,3.214,29.37,8.43,76.279
2018-08-11T16:45:00Z,HAD,Harris_Creek_Downstream,38.712517,-76.316803,0.3,5.68,3.242,29.38,8.43,77.941
2018-08-11T17:00:00Z,HAD,Harris_Creek_Downstream,38.712517,-76.316803,0.3,5.3,3.275,29.35,8.43,72.679
2018-08-11T17:15:00Z,HAD,Harris_Creek_Downstream,38.712517,-76.316803,0.3,5.17,3.3,29.29,8.42,70.741
2018-08-11T17:30:00Z,HAD,Harris_Creek_Downstream,38.712517,-76.316803,0.3,5.3,3.336,29.12,8.37,72.285
2018-08-11T17:45:00Z,HAD,Harris_Creek_Downstream,38.712517,-76.316803,0.3,5.18,3.365,29.07,8.37,70.598
2018-08-11T18:00:00Z,HAD,Harris_Creek_Downstream,38.712517,-76.316803,0.3,5.27,3.394,29.06,8.36,71.823
2018-08-11T18:15:00Z,HAD,Harris_Creek_Downstream,38.712517,-76.316803,0.3,5.41,3.422,29.05,8.37,73.745
2018-08-11T18:30:00Z,HAD,Harris_Creek_Downstream,38.712517,-76.316803,0.3,5.48,3.448,29.03,8.37,74.693
2018-08-11T18:45:00Z,HAD,Harris_Creek_Downstream,38.712517,-76.316803,0.3,5.56,3.47,29.03,8.36,75.801
2018-08-11T19:00:00Z,HAD,Harris_Creek_Downstream,38.712517,-76.316803,0.3,5.36,3.494,29.02,8.36,72.99
2018-08-11T19:15:00Z,HAD,Harris_Creek_Downstream,38.712517,-76.316803,0.3,5.31,3.51,29.0,8.36,72.318
2018-08-11T19:30:00Z,HAD,Harris_Creek_Downstream,38.712517,-76.316803,0.3,5.03,3.521,29.0,8.36,68.483
2018-08-11T19:45:00Z,HAD,Harris_Creek_Downstream,38.712517,-76.316803,0.3,4.62,3.533,29.0,8.36,62.843
2018-08-11T20:00:00Z,HAD,Harris_Creek_Downstream,38.712517,-76.316803,0.3,4.79,3.537,29.02,8.36,65.21
2018-08-11T20:15:00Z,HAD,Harris_Creek_Downstream,38.712517,-76.316803,0.3,4.33,3.54,29.02,8.36,58.941
2018-08-11T20:30:00Z,HAD,Harris_Creek_Downstream,38.712517,-76.316803,0.3,4.17,3.54,28.97,8.36,56.734
2018-08-11T20:45:00Z,HAD,Harris_Creek_Downstream,38.712517,-76.316803,0.3,4.35,3.534,28.92,8.36,59.193
2018-08-11T21:00:00Z,HAD,Harris_Creek_Downstream,38.712517,-76.316803,0.3,4.75,3.531,28.89,8.37,64.622
2018-08-11T21:15:00Z,HAD,Harris_Creek_Downstream,38.712517,-76.316803,0.3,4.82,3.507,28.91,8.37,65.479
2018-08-11T21:30:00Z,HAD,Harris_Creek_Downstream,38.712517,-76.316803,0.3,4.87,3.485,28.92,8.38,66.175
2018-08-11T21:45:00Z,HAD,Harris_Creek_Downstream,38.712517,-76.316803,0.3,4.86,3.458,28.95,8.38,66.175
2018-08-11T22:00:00Z,HAD,Harris_Creek_Downstream,38.712517,-76.316803,0.3,4.83,3.438,28.99,8.38,65.814
2018-08-11T22:15:00Z,HAD,Harris_Creek_Downstream,38.712517,-76.316803,0.3,4.66,3.415,29.1,8.4,63.531
2018-08-11T22:30:00Z,HAD,Harris_Creek_Downstream,38.712517,-76.316803,0.3,4.55,3.387,29.15,8.42,62.13
2018-08-11T22:45:00Z,HAD,Harris_Creek_Downstream,38.712517,-76.316803,0.3,4.8,3.355,29.13,8.42,65.462
2018-08-11T23:00:00Z,HAD,Harris_Creek_Downstream,38.712517,-76.316803,0.3,4.91,3.331,29.04,8.4,66.972
2018-08-11T23:15:00Z,HAD,Harris_Creek_Downstream,38.712517,-76.316803,0.3,4.84,3.301,28.99,8.39,65.94
2018-08-11T23:30:00Z,HAD,Harris_Creek_Downstream,38.712517,-76.316803,0.3,4.99,3.273,29.02,8.39,68.021
2018-08-11T23:45:00Z,HAD,Harris_Creek_Downstream,38.712517,-76.316803,0.3,5.05,3.256,29.08,8.39,68.844
2018-08-12T00:00:00Z,HAD,Harris_Creek_Downstream,38.712517,-76.316803,0.3,5.21,3.228,29.15,8.39,71.152
2018-08-12T00:15:00Z,HAD,Harris_Creek_Downstream,38.712517,-76.316803,0.3,5.43,3.198,29.21,8.39,74.24
2018-08-12T00:30:00Z,HAD,Harris_Creek_Downstream,38.712517,-76.316803,0.3,6.87,3.101,29.46,8.32,94.205
2018-08-12T00:45:00Z,HAD,Harris_Creek_Downstream,38.712517,-76.316803,0.3,6.92,3.044,29.47,8.28,94.902
2018-08-12T01:00:00Z,HAD,Harris_Creek_Downstream,38.712517,-76.316803,0.3,6.81,3.119,29.44,8.27,93.383
2018-08-12T01:15:00Z,HAD,Harris_Creek_Downstream,38.712517,-76.316803,0.3,6.88,3.129,29.43,8.27,94.348
2018-08-12T01:30:00Z,HAD,Harris_Creek_Downstream,38.712517,-76.316803,0.3,6.58,3.118,29.4,8.28,90.102
2018-08-12T01:45:00Z,HAD,Harris_Creek_Downstream,38.712517,-76.316803,0.3,6.68,3.085,29.45,8.28,91.545
2018-08-12T02:00:00Z,HAD,Harris_Creek_Downstream,38.712517,-76.316803,0.3,6.71,3.084,29.44,8.25,91.931
2018-08-12T02:15:00Z,HAD,Harris_Creek_Downstream,38.712517,-76.316803,0.3,6.46,3.103,29.42,8.24,88.591
2018-08-12T02:30:00Z,HAD,Harris_Creek_Downstream,38.712517,-76.316803,0.3,6.12,3.116,29.42,8.25,83.807
2018-08-12T02:45:00Z,HAD,Harris_Creek_Downstream,38.712517,-76.316803,0.3,6.27,3.124,29.35,8.23,85.83
2018-08-12T03:00:00Z,HAD,Harris_Creek_Downstream,38.712517,-76.316803,0.3,5.51,3.124,29.28,8.25,75.407
2018-08-12T03:15:00Z,HAD,Harris_Creek_Downstream,38.712517,-76.316803,0.3,5.2,3.133,29.2,8.26,71.026
2018-08-12T03:30:00Z,HAD,Harris_Creek_Downstream,38.712517,-76.316803,0.3,5.39,3.112,29.2,8.24,73.569
2018-08-12T03:45:00Z,HAD,Harris_Creek_Downstream,38.712517,-76.316803,0.3,5.21,3.12,29.15,8.24,71.135
2018-08-12T04:00:00Z,HAD,Harris_Creek_Downstream,38.712517,-76.316803,0.3,5.24,3.121,29.11,8.23,71.479
2018-08-12T04:15:00Z,HAD,Harris_Creek_Downstream,38.712517,-76.316803,0.3,5.71,3.172,28.99,8.21,77.597
2018-08-12T04:30:00Z,HAD,Harris_Creek_Downstream,38.712517,-76.316803,0.3,5.64,3.195,28.79,8.13,76.464
2018-08-12T04:45:00Z,HAD,Harris_Creek_Downstream,38.712517,-76.316803,0.3,5.99,3.219,28.83,8.13,81.231
2018-08-12T05:00:00Z,HAD,Harris_Creek_Downstream,38.712517,-76.316803,0.3,6.13,3.249,28.83,8.15,83.17
2018-08-12T05:15:00Z,HAD,Harris_Creek_Downstream,38.712517,-76.316803,0.3,6.1,3.269,28.82,8.15,82.742
2018-08-12T05:30:00Z,HAD,Harris_Creek_Downstream,38.712517,-76.316803,0.3,5.92,3.303,28.77,8.16,80.224
2018-08-12T05:45:00Z,HAD,Harris_Creek_Downstream,38.712517,-76.316803,0.3,5.89,3.333,28.71,8.19,79.662
2018-08-12T06:00:00Z,HAD,Harris_Creek_Downstream,38.712517,-76.316803,0.3,5.9,3.367,28.74,8.23,79.98
2018-08-12T06:15:00Z,HAD,Harris_Creek_Downstream,38.712517,-76.316803,0.3,5.83,3.407,28.75,8.22,78.982
2018-08-12T06:30:00Z,HAD,Harris_Creek_Downstream,38.712517,-76.316803,0.3,5.78,3.44,28.69,8.2,78.26
2018-08-12T06:45:00Z,HAD,Harris_Creek_Downstream,38.712517,-76.316803,0.3,5.76,3.47,28.53,8.17,77.715
2018-08-12T07:00:00Z,HAD,Harris_Creek_Downstream,38.712517,-76.316803,0.3,5.71,3.501,28.5,8.17,76.951
2018-08-12T07:15:00Z,HAD,Harris_Creek_Downstream,38.712517,-76.316803,0.3,5.64,3.528,28.52,8.18,76.028
2018-08-12T07:30:00Z,HAD,Harris_Creek_Downstream,38.712517,-76.316803,0.3,5.68,3.573,28.52,8.19,76.657
2018-08-12T07:45:00Z,HAD,Harris_Creek_Downstream,38.712517,-76.316803,0.3,5.64,3.593,28.51,8.19,76.12
2018-08-12T08:00:00Z,HAD,Harris_Creek_Downstream,38.712517,-76.316803,0.3,5.5,3.612,28.5,8.19,74.24
2018-08-12T08:15:00Z,HAD,Harris_Creek_Downstream,38.712517,-76.316803,0.3,5.7,3.636,28.46,8.18,76.775
2018-08-12T08:30:00Z,HAD,Harris_Creek_Downstream,38.712517,-76.316803,0.3,5.58,3.646,28.44,8.18,75.105
2018-08-12T08:45:00Z,HAD,Harris_Creek_Downstream,38.712517,-76.316803,0.3,5.48,3.66,28.44,8.18,73.804
2018-08-12T09:00:00Z,HAD,Harris_Creek_Downstream,38.712517,-76.316803,0.3,5.46,3.657,28.44,8.18,73.577
2018-08-12T09:15:00Z,HAD,Harris_Creek_Downstream,38.712517,-76.316803,0.3,5.26,3.651,28.44,8.18,70.934
2018-08-12T09:30:00Z,HAD,Harris_Creek_Downstream,38.712517,-76.316803,0.3,5.24,3.645,28.44,8.18,70.556
2018-08-12T09:45:00Z,HAD,Harris_Creek_Downstream,38.712517,-76.316803,0.3,4.99,3.636,28.42,8.18,67.258
2018-08-12T10:00:00Z,HAD,Harris_Creek_Downstream,38.712517,-76.316803,0.3,5.34,3.623,28.45,8.17,71.949
2018-08-12T10:15:00Z,HAD,Harris_Creek_Downstream,38.712517,-76.316803,0.3,5.4,3.607,28.52,8.19,72.906
2018-08-12T10:30:00Z,HAD,Harris_Creek_Downstream,38.712517,-76.316803,0.3,5.55,3.581,28.56,8.19,74.937
2018-08-12T10:45:00Z,HAD,Harris_Creek_Downstream,38.712517,-76.316803,0.3,5.62,3.559,28.59,8.19,75.927
2018-08-12T11:00:00Z,HAD,Harris_Creek_Downstream,38.712517,-76.316803,0.3,5.9,3.528,28.59,8.19,79.737
2018-08-12T11:15:00Z,HAD,Harris_Creek_Downstream,38.712517,-76.316803,0.3,5.91,3.505,28.62,8.19,79.863
2018-08-12T11:30:00Z,HAD,Harris_Creek_Downstream,38.712517,-76.316803,0.3,5.82,3.482,28.64,8.18,78.613
2018-08-12T11:45:00Z,HAD,Harris_Creek_Downstream,38.712517,-76.316803,0.3,5.86,3.448,28.63,8.17,79.158
2018-08-12T12:00:00Z,HAD,Harris_Creek_Downstream,38.712517,-76.316803,0.3,5.56,3.415,28.63,8.17,75.163
2018-08-12T12:15:00Z,HAD,Harris_Creek_Downstream,38.712517,-76.316803,0.3,5.58,3.382,28.64,8.16,75.482
2018-08-12T12:30:00Z,HAD,Harris_Creek_Downstream,38.712517,-76.316803,0.3,5.52,3.348,28.67,8.16,74.677
2018-08-12T12:45:00Z,HAD,Harris_Creek_Downstream,38.712517,-76.316803,0.3,5.38,3.318,28.7,8.16,72.763
2018-08-12T13:00:00Z,HAD,Harris_Creek_Downstream,38.712517,-76.316803,0.3,5.41,3.286,28.76,8.16,73.3
2018-08-12T13:15:00Z,HAD,Harris_Creek_Downstream,38.712517,-76.316803,0.3,5.62,3.254,28.8,8.18,76.128
2018-08-12T13:30:00Z,HAD,Harris_Creek_Downstream,38.712517,-76.316803,0.3,5.48,3.226,28.81,8.18,74.282
2018-08-12T13:45:00Z,HAD,Harris_Creek_Downstream,38.712517,-76.316803,0.3,5.64,3.197,28.86,8.18,76.573
2018-08-12T14:00:00Z,HAD,Harris_Creek_Downstream,38.712517,-76.316803,0.3,5.73,3.164,28.85,8.17,77.748
2018-08-12T14:15:00Z,HAD,Harris_Creek_Downstream,38.712517,-76.316803,0.3,5.48,3.148,28.83,8.15,74.366
2018-08-12T14:30:00Z,HAD,Harris_Creek_Downstream,38.712517,-76.316803,0.3,5.37,3.13,28.81,8.15,72.847
2018-08-12T14:45:00Z,HAD,Harris_Creek_Downstream,38.712517,-76.316803,0.3,5.1,3.112,28.8,8.15,69.07
2018-08-12T15:00:00Z,HAD,Harris_Creek_Downstream,38.712517,-76.316803,0.3,5.11,3.098,28.78,8.14,69.196
2018-08-12T15:15:00Z,HAD,Harris_Creek_Downstream,38.712517,-76.316803,0.3,4.64,3.089,28.77,8.13,62.877
2018-08-12T15:30:00Z,HAD,Harris_Creek_Downstream,38.712517,-76.316803,0.3,4.74,3.083,28.75,8.12,64.153
2018-08-12T15:45:00Z,HAD,Harris_Creek_Downstream,38.712517,-76.316803,0.3,4.91,3.079,28.73,8.12,66.486
2018-08-12T16:00:00Z,HAD,Harris_Creek_Downstream,38.712517,-76.316803,0.3,4.92,3.079,28.7,8.1,66.544
2018-08-12T16:15:00Z,HAD,Harris_Creek_Downstream,38.712517,-76.316803,0.3,4.68,3.085,28.69,8.09,63.288
2018-08-12T16:30:00Z,HAD,Harris_Creek_Downstream,38.712517,-76.316803,0.3,4.81,3.098,28.71,8.1,65.017
2018-08-12T16:45:00Z,HAD,Harris_Creek_Downstream,38.712517,-76.316803,0.3,4.78,3.111,28.7,8.09,64.606
2018-08-12T17:00:00Z,HAD,Harris_Creek_Downstream,38.712517,-76.316803,0.3,5.15,3.131,28.74,8.08,69.633
2018-08-12T17:15:00Z,HAD,Harris_Creek_Downstream,38.712517,-76.316803,0.3,5.6,3.156,28.91,8.1,75.986
2018-08-12T17:30:00Z,HAD,Harris_Creek_Downstream,38.712517,-76.316803,0.3,5.46,3.181,28.82,8.08,74.005
2018-08-12T17:45:00Z,HAD,Harris_Creek_Downstream,38.712517,-76.316803,0.3,5.71,3.211,28.9,8.1,77.538
2018-08-12T18:00:00Z,HAD,Harris_Creek_Downstream,38.712517,-76.316803,0.3,5.73,3.243,28.96,8.11,77.798
2018-08-12T18:15:00Z,HAD,Harris_Creek_Downstream,38.712517,-76.316803,0.3,5.59,3.279,28.94,8.11,75.952
2018-08-12T18:30:00Z,HAD,Harris_Creek_Downstream,38.712517,-76.316803,0.3,5.96,3.312,28.92,8.12,80.904
2018-08-12T18:45:00Z,HAD,Harris_Creek_Downstream,38.712517,-76.316803,0.3,6.2,3.344,29.02,8.14,84.277
2018-08-12T19:00:00Z,HAD,Harris_Creek_Downstream,38.712517,-76.316803,0.3,6.07,3.374,28.95,8.15,82.49
2018-08-12T19:15:00Z,HAD,Harris_Creek_Downstream,38.712517,-76.316803,0.3,6.09,3.406,28.97,8.15,82.767
2018-08-12T19:30:00Z,HAD,Harris_Creek_Downstream,38.712517,-76.316803,0.3,6.22,3.434,28.99,8.16,84.588
2018-08-12T19:45:00Z,HAD,Harris_Creek_Downstream,38.712517,-76.316803,0.3,6.23,3.464,29.0,8.17,84.689
2018-08-12T20:00:00Z,HAD,Harris_Creek_Downstream,38.712517,-76.316803,0.3,6.23,3.485,29.01,8.17,84.756
2018-08-12T20:15:00Z,HAD,Harris_Creek_Downstream,38.712517,-76.316803,0.3,6.2,3.499,29.0,8.17,84.328
2018-08-12T20:30:00Z,HAD,Harris_Creek_Downstream,38.712517,-76.316803,0.3,6.08,3.518,29.0,8.18,82.725
2018-08-12T20:45:00Z,HAD,Harris_Creek_Downstream,38.712517,-76.316803,0.3,5.88,3.525,28.97,8.18,79.98
2018-08-12T21:00:00Z,HAD,Harris_Creek_Downstream,38.712517,-76.316803,0.3,5.65,3.534,28.95,8.18,76.825
2018-08-12T21:15:00Z,HAD,Harris_Creek_Downstream,38.712517,-76.316803,0.3,5.6,3.532,28.91,8.18,76.019
2018-08-12T21:30:00Z,HAD,Harris_Creek_Downstream,38.712517,-76.316803,0.3,5.14,3.526,28.91,8.18,69.75
2018-08-12T21:45:00Z,HAD,Harris_Creek_Downstream,38.712517,-76.316803,0.3,5.11,3.519,28.78,8.18,69.196
2018-08-12T22:00:00Z,HAD,Harris_Creek_Downstream,38.712517,-76.316803,0.3,5.63,3.508,28.62,8.16,76.078
2018-08-12T22:15:00Z,HAD,Harris_Creek_Downstream,38.712517,-76.316803,0.3,5.55,3.493,28.56,8.17,74.911
2018-08-12T22:30:00Z,HAD,Harris_Creek_Downstream,38.712517,-76.316803,0.3,5.5,3.468,28.52,8.17,74.215
2018-08-12T22:45:00Z,HAD,Harris_Creek_Downstream,38.712517,-76.316803,0.3,5.36,3.448,28.51,8.16,72.293
2018-08-12T23:00:00Z,HAD,Harris_Creek_Downstream,38.712517,-76.316803,0.3,5.35,3.422,28.48,8.16,72.167
2018-08-12T23:15:00Z,HAD,Harris_Creek_Downstream,38.712517,-76.316803,0.3,5.5,3.389,28.46,8.16,74.139
2018-08-12T23:30:00Z,HAD,Harris_Creek_Downstream,38.712517,-76.316803,0.3,5.28,3.363,28.46,8.16,71.194
2018-08-12T23:45:00Z,HAD,Harris_Creek_Downstream,38.712517,-76.316803,0.3,5.34,3.339,28.44,8.16,71.957
2018-08-13T00:00:00Z,HAD,Harris_Creek_Downstream,38.712517,-76.316803,0.3,5.22,3.312,28.44,8.17,70.329
2018-08-13T00:15:00Z,HAD,Harris_Creek_Downstream,38.712517,-76.316803,0.3,5.12,3.295,28.44,8.16,68.945
2018-08-13T00:30:00Z,HAD,Harris_Creek_Downstream,38.712517,-76.316803,0.3,4.79,3.276,28.45,8.17,64.53
2018-08-13T00:45:00Z,HAD,Harris_Creek_Downstream,38.712517,-76.316803,0.3,4.54,3.231,28.45,8.17,61.165
2018-08-13T01:00:00Z,HAD,Harris_Creek_Downstream,38.712517,-76.316803,0.3,4.17,3.21,28.49,8.16,56.205
2018-08-13T01:15:00Z,HAD,Harris_Creek_Downstream,38.712517,-76.316803,0.3,4.47,3.196,28.59,8.16,60.393
2018-08-13T01:30:00Z,HAD,Harris_Creek_Downstream,38.712517,-76.316803,0.3,5.06,3.158,28.52,8.15,68.198
2018-08-13T01:45:00Z,HAD,Harris_Creek_Downstream,38.712517,-76.316803,0.3,5.31,3.127,28.5,8.2,71.63
2018-08-13T02:00:00Z,HAD,Harris_Creek_Downstream,38.712517,-76.316803,0.3,5.37,3.106,28.52,8.2,72.411
2018-08-13T02:15:00Z,HAD,Harris_Creek_Downstream,38.712517,-76.316803,0.3,5.36,3.078,28.59,8.2,72.352
2018-08-13T02:30:00Z,HAD,Harris_Creek_Downstream,38.712517,-76.316803,0.3,5.34,3.049,28.67,8.2,72.184
2018-08-13T02:45:00Z,HAD,Harris_Creek_Downstream,38.712517,-76.316803,0.3,5.38,3.026,28.75,8.19,72.839
2018-08-13T03:00:00Z,HAD,Harris_Creek_Downstream,38.712517,-76.316803,0.3,5.77,3.001,28.87,8.2,78.319
2018-08-13T03:15:00Z,HAD,Harris_Creek_Downstream,38.712517,-76.316803,0.3,5.87,2.997,28.92,8.21,79.762
2018-08-13T03:30:00Z,HAD,Harris_Creek_Downstream,38.712517,-76.316803,0.3,5.88,2.994,28.94,8.21,79.846
2018-08-13T03:45:00Z,HAD,Harris_Creek_Downstream,38.712517,-76.316803,0.3,5.9,2.985,28.94,8.21,80.199
2018-08-13T04:00:00Z,HAD,Harris_Creek_Downstream,38.712517,-76.316803,0.3,5.54,2.983,28.93,8.21,75.222
2018-08-13T04:15:00Z,HAD,Harris_Creek_Downstream,38.712517,-76.316803,0.3,5.6,2.992,28.94,8.21,76.086
2018-08-13T04:30:00Z,HAD,Harris_Creek_Downstream,38.712517,-76.316803,0.3,5.9,3.011,28.92,8.21,80.173
2018-08-13T04:45:00Z,HAD,Harris_Creek_Downstream,38.712517,-76.316803,0.3,5.76,3.03,28.9,8.21,78.243
2018-08-13T05:00:00Z,HAD,Harris_Creek_Downstream,38.712517,-76.316803,0.3,5.92,3.056,28.84,8.2,80.291
2018-08-13T05:15:00Z,HAD,Harris_Creek_Downstream,38.712517,-76.316803,0.3,5.93,3.092,28.8,8.19,80.325
2018-08-13T05:30:00Z,HAD,Harris_Creek_Downstream,38.712517,-76.316803,0.3,5.94,3.127,28.82,8.19,80.543
2018-08-13T05:45:00Z,HAD,Harris_Creek_Downstream,38.712517,-76.316803,0.3,5.94,3.162,28.83,8.19,80.593
2018-08-13T06:00:00Z,HAD,Harris_Creek_Downstream,38.712517,-76.316803,0.3,6.03,3.191,28.84,8.19,81.81
2018-08-13T06:15:00Z,HAD,Harris_Creek_Downstream,38.712517,-76.316803,0.3,5.94,3.232,28.83,8.18,80.618
2018-08-13T06:30:00Z,HAD,Harris_Creek_Downstream,38.712517,-76.316803,0.3,6.08,3.275,28.81,8.18,82.498
2018-08-13T06:45:00Z,HAD,Harris_Creek_Downstream,38.712517,-76.316803,0.3,6.02,3.313,28.81,8.18,81.617
2018-08-13T07:00:00Z,HAD,Harris_Creek_Downstream,38.712517,-76.316803,0.3,6.27,3.346,28.81,8.18,85.041
2018-08-13T07:15:00Z,HAD,Harris_Creek_Downstream,38.712517,-76.316803,0.3,6.24,3.383,28.82,8.18,84.647
2018-08-13T07:30:00Z,HAD,Harris_Creek_Downstream,38.712517,-76.316803,0.3,6.45,3.416,28.82,8.19,87.466
2018-08-13T07:45:00Z,HAD,Harris_Creek_Downstream,38.712517,-76.316803,0.3,6.36,3.449,28.76,8.19,86.208
2018-08-13T08:00:00Z,HAD,Harris_Creek_Downstream,38.712517,-76.316803,0.3,6.29,3.474,28.65,8.19,85.041
2018-08-13T08:15:00Z,HAD,Harris_Creek_Downstream,38.712517,-76.316803,0.3,6.08,3.501,28.56,8.18,82.112
2018-08-13T08:30:00Z,HAD,Harris_Creek_Downstream,38.712517,-76.316803,0.3,6.02,3.526,28.55,8.18,81.306
2018-08-13T08:45:00Z,HAD,Harris_Creek_Downstream,38.712517,-76.316803,0.3,6.04,3.544,28.52,8.18,81.516
2018-08-13T09:00:00Z,HAD,Harris_Creek_Downstream,38.712517,-76.316803,0.3,5.98,3.567,28.5,8.17,80.635
2018-08-13T09:15:00Z,HAD,Harris_Creek_Downstream,38.712517,-76.316803,0.3,5.89,3.575,28.48,8.16,79.401
2018-08-13T09:30:00Z,HAD,Harris_Creek_Downstream,38.712517,-76.316803,0.3,5.85,3.576,28.45,8.15,78.747
2018-08-13T09:45:00Z,HAD,Harris_Creek_Downstream,38.712517,-76.316803,0.3,5.88,3.583,28.42,8.13,79.133
2018-08-13T10:00:00Z,HAD,Harris_Creek_Downstream,38.712517,-76.316803,0.3,5.63,3.58,28.42,8.14,75.776
2018-08-13T10:15:00Z,HAD,Harris_Creek_Downstream,38.712517,-76.316803,0.3,5.6,3.565,28.43,8.14,75.381
2018-08-13T10:30:00Z,HAD,Harris_Creek_Downstream,38.712517,-76.316803,0.3,5.49,3.555,28.45,8.15,73.913
2018-08-13T10:45:00Z,HAD,Harris_Creek_Downstream,38.712517,-76.316803,0.3,5.36,3.539,28.46,8.15,72.176
2018-08-13T11:00:00Z,HAD,Harris_Creek_Downstream,38.712517,-76.316803,0.3,5.22,3.519,28.46,8.15,70.396
2018-08-13T11:15:00Z,HAD,Harris_Creek_Downstream,38.712517,-76.316803,0.3,5.11,3.496,28.46,8.15,68.819
2018-08-13T11:30:00Z,HAD,Harris_Creek_Downstream,38.712517,-76.316803,0.3,4.99,3.471,28.46,8.15,67.216
2018-08-13T11:45:00Z,HAD,Harris_Creek_Downstream,38.712517,-76.316803,0.3,5.04,3.447,28.44,8.15,67.946
2018-08-13T12:00:00Z,HAD,Harris_Creek_Downstream,38.712517,-76.316803,0.3,5.31,3.414,28.43,8.15,71.538
2018-08-13T12:15:00Z,HAD,Harris_Creek_Downstream,38.712517,-76.316803,0.3,5.1,3.385,28.43,8.15,68.735
2018-08-13T12:30:00Z,HAD,Harris_Creek_Downstream,38.712517,-76.316803,0.3,5.06,3.356,28.43,8.12,68.164
2018-08-13T12:45:00Z,HAD,Harris_Creek_Downstream,38.712517,-76.316803,0.3,5.28,3.324,28.44,8.09,71.085
2018-08-13T13:00:00Z,HAD,Harris_Creek_Downstream,38.712517,-76.316803,0.3,5.56,3.294,28.48,8.09,74.937
2018-08-13T13:15:00Z,HAD,Harris_Creek_Downstream,38.712517,-76.316803,0.3,5.65,3.265,28.49,8.12,76.221
2018-08-13T13:30:00Z,HAD,Harris_Creek_Downstream,38.712517,-76.316803,0.3,5.6,3.239,28.52,8.14,75.574
2018-08-13T13:45:00Z,HAD,Harris_Creek_Downstream,38.712517,-76.316803,0.3,5.55,3.214,28.52,8.14,74.794
2018-08-13T14:00:00Z,HAD,Harris_Creek_Downstream,38.712517,-76.316803,0.3,5.52,3.188,28.54,8.15,74.416
2018-08-13T14:15:00Z,HAD,Harris_Creek_Downstream,38.712517,-76.316803,0.3,5.36,3.164,28.54,8.15,72.268
2018-08-13T14:30:00Z,HAD,Harris_Creek_Downstream,38.712517,-76.316803,0.3,5.26,3.138,28.55,8.15,70.984
2018-08-13T14:45:00Z,HAD,Harris_Creek_Downstream,38.712517,-76.316803,0.3,5.03,3.115,28.56,8.15,67.87
2018-08-13T15:00:00Z,HAD,Harris_Creek_Downstream,38.712517,-76.316803,0.3,5.02,3.095,28.57,8.15,67.744
2018-08-13T15:15:00Z,HAD,Harris_Creek_Downstream,38.712517,-76.316803,0.3,5.3,3.072,28.63,8.15,71.588
2018-08-13T15:30:00Z,HAD,Harris_Creek_Downstream,38.712517,-76.316803,0.3,5.35,3.057,28.67,8.15,72.318
2018-08-13T15:45:00Z,HAD,Harris_Creek_Downstream,38.712517,-76.316803,0.3,5.22,3.044,28.64,8.15,70.598
2018-08-13T16:00:00Z,HAD,Harris_Creek_Downstream,38.712517,-76.316803,0.3,5.19,3.031,28.68,8.15,70.136
2018-08-13T16:15:00Z,HAD,Harris_Creek_Downstream,38.712517,-76.316803,0.3,4.68,3.021,28.64,8.15,63.204
2018-08-13T16:30:00Z,HAD,Harris_Creek_Downstream,38.712517,-76.316803,0.3,4.25,3.017,28.6,8.15,57.338
2018-08-13T16:45:00Z,HAD,Harris_Creek_Downstream,38.712517,-76.316803,0.3,4.79,3.015,28.61,8.15,64.774
2018-08-13T17:00:00Z,HAD,Harris_Creek_Downstream,38.712517,-76.316803,0.3,4.95,3.024,28.63,8.15,66.83
2018-08-13T17:15:00Z,HAD,Harris_Creek_Downstream,38.712517,-76.316803,0.3,4.94,3.037,28.64,8.15,66.704
2018-08-13T17:30:00Z,HAD,Harris_Creek_Downstream,38.712517,-76.316803,0.3,5.2,3.055,28.67,8.15,70.262
2018-08-13T17:45:00Z,HAD,Harris_Creek_Downstream,38.712517,-76.316803,0.3,5.19,3.079,28.7,8.16,70.279
2018-08-13T18:00:00Z,HAD,Harris_Creek_Downstream,38.712517,-76.316803,0.3,5.44,3.106,28.74,8.16,73.686
2018-08-13T18:15:00Z,HAD,Harris_Creek_Downstream,38.712517,-76.316803,0.3,5.71,3.14,28.75,8.16,77.27
2018-08-13T18:30:00Z,HAD,Harris_Creek_Downstream,38.712517,-76.316803,0.3,5.82,3.173,28.75,8.14,78.864
2018-08-13T18:45:00Z,HAD,Harris_Creek_Downstream,38.712517,-76.316803,0.3,6.08,3.208,28.78,8.14,82.305
2018-08-13T19:00:00Z,HAD,Harris_Creek_Downstream,38.712517,-76.316803,0.3,6.24,3.242,28.79,8.14,84.554
2018-08-13T19:15:00Z,HAD,Harris_Creek_Downstream,38.712517,-76.316803,0.3,6.16,3.279,28.81,8.13,83.438
2018-08-13T19:30:00Z,HAD,Harris_Creek_Downstream,38.712517,-76.316803,0.3,6.24,3.317,28.83,8.13,84.647
2018-08-13T19:45:00Z,HAD,Harris_Creek_Downstream,38.712517,-76.316803,0.3,6.24,3.354,28.87,8.12,84.621
2018-08-13T20:00:00Z,HAD,Harris_Creek_Downstream,38.712517,-76.316803,0.3,6.28,3.387,28.91,8.13,85.326
2018-08-13T20:15:00Z,HAD,Harris_Creek_Downstream,38.712517,-76.316803,0.3,5.98,3.419,28.91,8.12,81.164
2018-08-13T20:30:00Z,HAD,Harris_Creek_Downstream,38.712517,-76.316803,0.3,5.58,3.443,28.8,8.12,75.658
2018-08-13T20:45:00Z,HAD,Harris_Creek_Downstream,38.712517,-76.316803,0.3,5.53,3.466,28.73,8.11,74.844
2018-08-13T21:00:00Z,HAD,Harris_Creek_Downstream,38.712517,-76.316803,0.3,5.56,3.491,28.7,8.11,75.222
2018-08-13T21:15:00Z,HAD,Harris_Creek_Downstream,38.712517,-76.316803,0.3,5.43,3.504,28.65,8.1,73.392
2018-08-13T21:30:00Z,HAD,Harris_Creek_Downstream,38.712517,-76.316803,0.3,5.41,3.519,28.59,8.08,72.99
2018-08-13T21:45:00Z,HAD,Harris_Creek_Downstream,38.712517,-76.316803,0.3,5.35,3.531,28.48,8.05,72.117
2018-08-13T22:00:00Z,HAD,Harris_Creek_Downstream,38.712517,-76.316803,0.3,5.23,3.533,28.39,8.03,70.346
2018-08-13T22:15:00Z,HAD,Harris_Creek_Downstream,38.712517,-76.316803,0.3,5.21,3.533,28.35,8.04,69.968
2018-08-13T22:30:00Z,HAD,Harris_Creek_Downstream,38.712517,-76.316803,0.3,5.34,3.531,28.36,8.05,71.748
2018-08-13T22:45:00Z,HAD,Harris_Creek_Downstream,38.712517,-76.316803,0.3,5.2,3.525,28.36,8.05,69.859
2018-08-13T23:00:00Z,HAD,Harris_Creek_Downstream,38.712517,-76.316803,0.3,5.26,3.515,28.38,8.07,70.732
2018-08-13T23:15:00Z,HAD,Harris_Creek_Downstream,38.712517,-76.316803,0.3,5.4,3.5,28.39,8.1,72.612
2018-08-13T23:30:00Z,HAD,Harris_Creek_Downstream,38.712517,-76.316803,0.3,5.3,3.479,28.37,8.1,71.32
2018-08-13T23:45:00Z,HAD,Harris_Creek_Downstream,38.712517,-76.316803,0.3,5.11,3.451,28.37,8.1,68.71
2018-08-14T00:00:00Z,HAD,Harris_Creek_Downstream,38.712517,-76.316803,0.3,5.06,3.425,28.37,8.11,68.055
2018-08-14T00:15:00Z,HAD,Harris_Creek_Downstream,38.712517,-76.316803,0.3,5.15,3.401,28.42,8.12,69.28
2018-08-14T00:30:00Z,HAD,Harris_Creek_Downstream,38.712517,-76.316803,0.3,4.93,3.377,28.43,8.13,66.385
2018-08-14T00:45:00Z,HAD,Harris_Creek_Downstream,38.712517,-76.316803,0.3,4.93,3.349,28.44,8.13,66.368
2018-08-14T01:00:00Z,HAD,Harris_Creek_Downstream,38.712517,-76.316803,0.3,4.61,3.325,28.44,8.13,62.088
2018-08-14T01:15:00Z,HAD,Harris_Creek_Downstream,38.712517,-76.316803,0.3,4.37,3.303,28.44,8.13,58.874
2018-08-14T01:30:00Z,HAD,Harris_Creek_Downstream,38.712517,-76.316803,0.3,4.54,3.276,28.45,8.13,61.182
2018-08-14T01:45:00Z,HAD,Harris_Creek_Downstream,38.712517,-76.316803,0.3,5.02,3.251,28.48,8.11,67.677
2018-08-14T02:00:00Z,HAD,Harris_Creek_Downstream,38.712517,-76.316803,0.3,4.74,3.222,28.47,8.1,63.901
2018-08-14T02:15:00Z,HAD,Harris_Creek_Downstream,38.712517,-76.316803,0.3,4.87,3.193,28.46,8.1,65.604
2018-08-14T02:30:00Z,HAD,Harris_Creek_Downstream,38.712517,-76.316803,0.3,5.13,3.159,28.49,8.08,69.096
2018-08-14T02:45:00Z,HAD,Harris_Creek_Downstream,38.712517,-76.316803,0.3,5.2,3.121,28.49,8.08,70.078
2018-08-14T03:00:00Z,HAD,Harris_Creek_Downstream,38.712517,-76.316803,0.3,5.13,3.103,28.49,8.08,69.104
2018-08-14T03:15:00Z,HAD,Harris_Creek_Downstream,38.712517,-76.316803,0.3,5.13,3.081,28.49,8.08,69.079
2018-08-14T03:30:00Z,HAD,Harris_Creek_Downstream,38.712517,-76.316803,0.3,5.47,3.059,28.48,8.08,73.703
2018-08-14T03:45:00Z,HAD,Harris_Creek_Downstream,38.712517,-76.316803,0.3,5.4,3.044,28.47,8.09,72.688
2018-08-14T04:00:00Z,HAD,Harris_Creek_Downstream,38.712517,-76.316803,0.3,5.4,3.037,28.44,8.09,72.688
2018-08-14T04:15:00Z,HAD,Harris_Creek_Downstream,38.712517,-76.316803,0.3,5.28,3.029,28.45,8.09,71.101
2018-08-14T04:30:00Z,HAD,Harris_Creek_Downstream,38.712517,-76.316803,0.3,5.15,3.026,28.44,8.09,69.381
2018-08-14T04:45:00Z,HAD,Harris_Creek_Downstream,38.712517,-76.316803,0.3,5.41,3.031,28.4,8.09,72.788
2018-08-14T05:00:00Z,HAD,Harris_Creek_Downstream,38.712517,-76.316803,0.3,5.26,3.028,28.36,8.08,70.749
2018-08-14T05:15:00Z,HAD,Harris_Creek_Downstream,38.712517,-76.316803,0.3,5.36,3.037,28.34,8.07,72.016
2018-08-14T05:30:00Z,HAD,Harris_Creek_Downstream,38.712517,-76.316803,0.3,5.08,3.045,28.34,8.07,68.206
2018-08-14T05:45:00Z,HAD,Harris_Creek_Downstream,38.712517,-76.316803,0.3,5.01,3.062,28.34,8.06,67.3
2018-08-14T06:00:00Z,HAD,Harris_Creek_Downstream,38.712517,-76.316803,0.3,5.09,3.088,28.33,8.06,68.349
2018-08-14T06:15:00Z,HAD,Harris_Creek_Downstream,38.712517,-76.316803,0.3,5.17,3.125,28.32,8.05,69.389
2018-08-14T06:30:00Z,HAD,Harris_Creek_Downstream,38.712517,-76.316803,0.3,5.27,3.163,28.29,8.05,70.774
2018-08-14T06:45:00Z,HAD,Harris_Creek_Downstream,38.712517,-76.316803,0.3,5.3,3.185,28.26,8.05,71.127
2018-08-14T07:00:00Z,HAD,Harris_Creek_Downstream,38.712517,-76.316803,0.3,5.2,3.223,28.21,8.04,69.767
2018-08-14T07:15:00Z,HAD,Harris_Creek_Downstream,38.712517,-76.316803,0.3,5.2,3.257,28.15,8.03,69.616
2018-08-14T07:30:00Z,HAD,Harris_Creek_Downstream,38.712517,-76.316803,0.3,5.15,3.299,28.07,8.02,68.886
2018-08-14T07:45:00Z,HAD,Harris_Creek_Downstream,38.712517,-76.316803,0.3,5.39,3.338,28.01,8.05,71.957
2018-08-14T08:00:00Z,HAD,Harris_Creek_Downstream,38.712517,-76.316803,0.3,5.38,3.369,28.0,8.04,71.84
2018-08-14T08:15:00Z,HAD,Harris_Creek_Downstream,38.712517,-76.316803,0.3,5.39,3.4,28.01,8.03,72.075
2018-08-14T08:30:00Z,HAD,Harris_Creek_Downstream,38.712517,-76.316803,0.3,5.46,3.427,28.01,8.02,72.923
2018-08-14T08:45:00Z,HAD,Harris_Creek_Downstream,38.712517,-76.316803,0.3,5.35,3.457,28.02,8.01,71.496
2018-08-14T09:00:00Z,HAD,Harris_Creek_Downstream,38.712517,-76.316803,0.3,5.47,3.482,28.01,8.0,73.006
2018-08-14T09:15:00Z,HAD,Harris_Creek_Downstream,38.712517,-76.316803,0.3,5.63,3.507,28.0,8.0,75.214
2018-08-14T09:30:00Z,HAD,Harris_Creek_Downstream,38.712517,-76.316803,0.3,5.49,3.522,28.02,8.01,73.342
2018-08-14T09:45:00Z,HAD,Harris_Creek_Downstream,38.712517,-76.316803,0.3,5.44,3.539,28.01,8.01,72.646
2018-08-14T10:00:00Z,HAD,Harris_Creek_Downstream,38.712517,-76.316803,0.3,5.67,3.558,27.99,8.0,75.726
2018-08-14T10:15:00Z,HAD,Harris_Creek_Downstream,38.712517,-76.316803,0.3,5.48,3.554,28.0,8.0,73.191
2018-08-14T10:30:00Z,HAD,Harris_Creek_Downstream,38.712517,-76.316803,0.3,5.59,3.569,27.96,8.0,74.576
2018-08-14T10:45:00Z,HAD,Harris_Creek_Downstream,38.712517,-76.316803,0.3,5.66,3.566,27.95,7.99,75.591
2018-08-14T11:00:00Z,HAD,Harris_Creek_Downstream,38.712517,-76.316803,0.3,5.43,3.556,27.95,7.99,72.461
2018-08-14T11:15:00Z,HAD,Harris_Creek_Downstream,38.712517,-76.316803,0.3,5.47,3.544,27.93,7.99,72.964
2018-08-14T11:30:00Z,HAD,Harris_Creek_Downstream,38.712517,-76.316803,0.3,5.43,3.532,27.92,8.0,72.394
2018-08-14T11:45:00Z,HAD,Harris_Creek_Downstream,38.712517,-76.316803,0.3,5.55,3.515,27.89,7.99,73.988
2018-08-14T12:00:00Z,HAD,Harris_Creek_Downstream,38.712517,-76.316803,0.3,5.26,3.491,27.89,7.99,70.044
2018-08-14T12:15:00Z,HAD,Harris_Creek_Downstream,38.712517,-76.316803,0.3,5.4,3.471,27.8,7.95,71.915
2018-08-14T12:30:00Z,HAD,Harris_Creek_Downstream,38.712517,-76.316803,0.3,5.23,3.445,27.78,7.93,69.574
2018-08-14T12:45:00Z,HAD,Harris_Creek_Downstream,38.712517,-76.316803,0.3,5.38,3.419,27.79,7.93,71.546
2018-08-14T13:00:00Z,HAD,Harris_Creek_Downstream,38.712517,-76.316803,0.3,5.53,3.391,27.78,7.93,73.56
2018-08-14T13:15:00Z,HAD,Harris_Creek_Downstream,38.712517,-76.316803,0.3,5.35,3.363,27.78,7.93,71.101
2018-08-14T13:30:00Z,HAD,Harris_Creek_Downstream,38.712517,-76.316803,0.3,5.19,3.338,27.8,7.93,69.07
2018-08-14T13:45:00Z,HAD,Harris_Creek_Downstream,38.712517,-76.316803,0.3,5.39,3.3,27.83,7.96,71.714
2018-08-14T14:00:00Z,HAD,Harris_Creek_Downstream,38.712517,-76.316803,0.3,5.03,3.269,27.84,7.96,66.939
2018-08-14T14:15:00Z,HAD,Harris_Creek_Downstream,38.712517,-76.316803,0.3,5.07,3.242,27.86,7.94,67.577
2018-08-14T14:30:00Z,HAD,Harris_Creek_Downstream,38.712517,-76.316803,0.3,5.41,3.213,27.9,7.94,72.092
2018-08-14T14:45:00Z,HAD,Harris_Creek_Downstream,38.712517,-76.316803,0.3,5.27,3.188,27.88,7.94,70.271
2018-08-14T15:00:00Z,HAD,Harris_Creek_Downstream,38.712517,-76.316803,0.3,5.37,3.163,27.89,7.95,71.513
2018-08-14T15:15:00Z,HAD,Harris_Creek_Downstream,38.712517,-76.316803,0.3,5.33,3.141,27.91,7.95,71.009
2018-08-14T15:30:00Z,HAD,Harris_Creek_Downstream,38.712517,-76.316803,0.3,5.11,3.121,27.94,7.96,68.214
2018-08-14T15:45:00Z,HAD,Harris_Creek_Downstream,38.712517,-76.316803,0.3,5.35,3.097,27.96,7.96,71.445
2018-08-14T16:00:00Z,HAD,Harris_Creek_Downstream,38.712517,-76.316803,0.3,5.45,3.081,28.0,7.97,72.755
2018-08-14T16:15:00Z,HAD,Harris_Creek_Downstream,38.712517,-76.316803,0.3,5.31,3.066,28.03,7.98,70.925
2018-08-14T16:30:00Z,HAD,Harris_Creek_Downstream,38.712517,-76.316803,0.3,5.23,3.051,28.07,7.98,69.893
2018-08-14T16:45:00Z,HAD,Harris_Creek_Downstream,38.712517,-76.316803,0.3,5.24,3.042,28.08,7.99,70.052
2018-08-14T17:00:00Z,HAD,Harris_Creek_Downstream,38.712517,-76.316803,0.3,5.26,3.028,28.03,8.0,70.304
2018-08-14T17:15:00Z,HAD,Harris_Creek_Downstream,38.712517,-76.316803,0.3,5.38,3.028,28.07,8.04,71.991
2018-08-14T17:30:00Z,HAD,Harris_Creek_Downstream,38.712517,-76.316803,0.3,5.27,3.027,28.07,8.05,70.489
2018-08-14T17:45:00Z,HAD,Harris_Creek_Downstream,38.712517,-76.316803,0.3,5.44,3.028,28.17,8.09,72.931
2018-08-14T18:00:00Z,HAD,Harris_Creek_Downstream,38.712517,-76.316803,0.3,5.46,3.035,28.21,8.1,73.275
2018-08-14T18:15:00Z,HAD,Harris_Creek_Downstream,38.712517,-76.316803,0.3,5.56,3.046,28.26,8.11,74.643
2018-08-14T18:30:00Z,HAD,Harris_Creek_Downstream,38.712517,-76.316803,0.3,5.43,3.059,28.27,8.12,72.864
2018-08-14T18:45:00Z,HAD,Harris_Creek_Downstream,38.712517,-76.316803,0.3,5.61,3.081,28.31,8.12,75.356
2018-08-14T19:00:00Z,HAD,Harris_Creek_Downstream,38.712517,-76.316803,0.3,5.6,3.103,28.33,8.13,75.222
2018-08-14T19:15:00Z,HAD,Harris_Creek_Downstream,38.712517,-76.316803,0.3,5.59,3.138,28.33,8.12,75.197
2018-08-14T19:30:00Z,HAD,Harris_Creek_Downstream,38.712517,-76.316803,0.3,5.63,3.164,28.33,8.11,75.726
2018-08-14T19:45:00Z,HAD,Harris_Creek_Downstream,38.712517,-76.316803,0.3,5.7,3.197,28.33,8.11,76.615
2018-08-14T20:00:00Z,HAD,Harris_Creek_Downstream,38.712517,-76.316803,0.3,5.68,3.23,28.31,8.08,76.288
2018-08-14T20:15:00Z,HAD,Harris_Creek_Downstream,38.712517,-76.316803,0.3,5.71,3.262,28.27,8.06,76.59
2018-08-14T20:30:00Z,HAD,Harris_Creek_Downstream,38.712517,-76.316803,0.3,5.78,3.296,28.24,8.02,77.53
2018-08-14T20:45:00Z,HAD,Harris_Creek_Downstream,38.712517,-76.316803,0.3,5.95,3.33,28.2,8.0,79.687
2018-08-14T21:00:00Z,HAD,Harris_Creek_Downstream,38.712517,-76.316803,0.3,5.77,3.365,28.19,8.0,77.32
2018-08-14T21:15:00Z,HAD,Harris_Creek_Downstream,38.712517,-76.316803,0.3,5.99,3.397,28.16,8.0,80.241
2018-08-14T21:30:00Z,HAD,Harris_Creek_Downstream,38.712517,-76.316803,0.3,5.83,3.427,28.19,8.01,78.075
2018-08-14T21:45:00Z,HAD,Harris_Creek_Downstream,38.712517,-76.316803,0.3,5.69,3.449,28.22,8.04,76.229
2018-08-14T22:00:00Z,HAD,Harris_Creek_Downstream,38.712517,-76.316803,0.3,5.86,3.471,28.27,8.05,78.671
2018-08-14T22:15:00Z,HAD,Harris_Creek_Downstream,38.712517,-76.316803,0.3,5.95,3.483,28.32,8.04,79.98
2018-08-14T22:30:00Z,HAD,Harris_Creek_Downstream,38.712517,-76.316803,0.3,6.15,3.496,28.35,8.04,82.632
2018-08-14T22:45:00Z,HAD,Harris_Creek_Downstream,38.712517,-76.316803,0.3,5.71,3.507,28.35,8.03,76.783
2018-08-14T23:00:00Z,HAD,Harris_Creek_Downstream,38.712517,-76.316803,0.3,5.8,3.511,28.36,8.02,77.899
2018-08-14T23:15:00Z,HAD,Harris_Creek_Downstream,38.712517,-76.316803,0.3,5.92,3.515,28.38,8.01,79.611
2018-08-14T23:30:00Z,HAD,Harris_Creek_Downstream,38.712517,-76.316803,0.3,5.99,3.516,28.4,8.01,80.543
2018-08-14T23:45:00Z,HAD,Harris_Creek_Downstream,38.712517,-76.316803,0.3,5.78,3.5,28.4,8.0,77.715
2018-08-15T00:00:00Z,HAD,Harris_Creek_Downstream,38.712517,-76.316803,0.3,6.65,3.495,28.39,7.99,89.338
2018-08-15T00:15:00Z,HAD,Harris_Creek_Downstream,38.712517,-76.316803,0.3,6.68,3.493,28.35,7.98,89.783
2018-08-15T00:30:00Z,HAD,Harris_Creek_Downstream,38.712517,-76.316803,0.3,6.82,3.456,28.33,7.97,91.545
2018-08-15T00:45:00Z,HAD,Harris_Creek_Downstream,38.712517,-76.316803,0.3,6.49,3.431,28.32,7.97,87.097
2018-08-15T01:00:00Z,HAD,Harris_Creek_Downstream,38.712517,-76.316803,0.3,6.66,3.409,28.33,7.96,89.397
2018-08-15T01:15:00Z,HAD,Harris_Creek_Downstream,38.712517,-76.316803,0.3,6.97,3.379,28.32,7.97,93.568
2018-08-15T01:30:00Z,HAD,Harris_Creek_Downstream,38.712517,-76.316803,0.3,6.94,3.369,28.34,7.97,93.207
2018-08-15T01:45:00Z,HAD,Harris_Creek_Downstream,38.712517,-76.316803,0.3,6.92,3.325,28.33,7.97,92.879
2018-08-15T02:00:00Z,HAD,Harris_Creek_Downstream,38.712517,-76.316803,0.3,6.73,3.305,28.3,7.96,90.32
2018-08-15T02:15:00Z,HAD,Harris_Creek_Downstream,38.712517,-76.316803,0.3,6.53,3.277,28.27,7.96,87.626
2018-08-15T02:30:00Z,HAD,Harris_Creek_Downstream,38.712517,-76.316803,0.3,6.27,3.242,28.28,7.96,84.076
2018-08-15T02:45:00Z,HAD,Harris_Creek_Downstream,38.712517,-76.316803,0.3,6.01,3.209,28.29,7.95,80.711
2018-08-15T03:00:00Z,HAD,Harris_Creek_Downstream,38.712517,-76.316803,0.3,6.2,3.179,28.24,7.93,83.178
2018-08-15T03:15:00Z,HAD,Harris_Creek_Downstream,38.712517,-76.316803,0.3,6.13,3.157,28.2,7.91,82.053
2018-08-15T03:30:00Z,HAD,Harris_Creek_Downstream,38.712517,-76.316803,0.3,6.21,3.136,28.21,7.9,83.161
2018-08-15T03:45:00Z,HAD,Harris_Creek_Downstream,38.712517,-76.316803,0.3,5.98,3.11,28.22,7.9,80.165
2018-08-15T04:00:00Z,HAD,Harris_Creek_Downstream,38.712517,-76.316803,0.3,6.12,3.09,28.21,7.9,81.936
2018-08-15T04:15:00Z,HAD,Harris_Creek_Downstream,38.712517,-76.316803,0.3,5.95,3.074,28.23,7.9,79.754
2018-08-15T04:30:00Z,HAD,Harris_Creek_Downstream,38.712517,-76.316803,0.3,6.13,3.053,28.2,7.9,82.053
2018-08-15T04:45:00Z,HAD,Harris_Creek_Downstream,38.712517,-76.316803,0.3,6.03,3.041,28.17,7.9,80.669
2018-08-15T05:00:00Z,HAD,Harris_Creek_Downstream,38.712517,-76.316803,0.3,6.01,3.03,28.17,7.89,80.408
2018-08-15T05:15:00Z,HAD,Harris_Creek_Downstream,38.712517,-76.316803,0.3,6.1,3.02,28.16,7.89,81.609
2018-08-15T05:30:00Z,HAD,Harris_Creek_Downstream,38.712517,-76.316803,0.3,5.93,3.014,28.16,7.89,79.368
2018-08-15T05:45:00Z,HAD,Harris_Creek_Downstream,38.712517,-76.316803,0.3,5.98,3.005,28.16,7.9,80.106
2018-08-15T06:00:00Z,HAD,Harris_Creek_Downstream,38.712517,-76.316803,0.3,6.07,3.01,28.13,7.9,81.248
2018-08-15T06:15:00Z,HAD,Harris_Creek_Downstream,38.712517,-76.316803,0.3,5.77,3.017,28.08,7.9,77.177
2018-08-15T06:30:00Z,HAD,Harris_Creek_Downstream,38.712517,-76.316803,0.3,5.84,3.027,28.06,7.89,78.059
2018-08-15T06:45:00Z,HAD,Harris_Creek_Downstream,38.712517,-76.316803,0.3,5.75,3.043,27.99,7.89,76.691
2018-08-15T07:00:00Z,HAD,Harris_Creek_Downstream,38.712517,-76.316803,0.3,5.77,3.062,27.98,7.89,77.01
2018-08-15T07:15:00Z,HAD,Harris_Creek_Downstream,38.712517,-76.316803,0.3,5.5,3.082,27.94,7.86,73.342
2018-08-15T07:30:00Z,HAD,Harris_Creek_Downstream,38.712517,-76.316803,0.3,5.7,3.105,27.98,7.88,76.028
2018-08-15T07:45:00Z,HAD,Harris_Creek_Downstream,38.712517,-76.316803,0.3,5.74,3.135,27.97,7.88,76.548
2018-08-15T08:00:00Z,HAD,Harris_Creek_Downstream,38.712517,-76.316803,0.3,5.59,3.167,27.93,7.86,74.509
2018-08-15T08:15:00Z,HAD,Harris_Creek_Downstream,38.712517,-76.316803,0.3,5.63,3.207,27.89,7.87,74.945
2018-08-15T08:30:00Z,HAD,Harris_Creek_Downstream,38.712517,-76.316803,0.3,5.54,3.238,27.89,7.88,73.787
2018-08-15T08:45:00Z,HAD,Harris_Creek_Downstream,38.712517,-76.316803,0.3,5.64,3.269,27.88,7.9,75.071
2018-08-15T09:00:00Z,HAD,Harris_Creek_Downstream,38.712517,-76.316803,0.3,5.51,3.299,27.87,7.91,73.401
2018-08-15T09:15:00Z,HAD,Harris_Creek_Downstream,38.712517,-76.316803,0.3,5.78,3.325,27.85,7.93,76.976
2018-08-15T09:30:00Z,HAD,Harris_Creek_Downstream,38.712517,-76.316803,0.3,5.56,3.357,27.82,7.94,74.005
2018-08-15T09:45:00Z,HAD,Harris_Creek_Downstream,38.712517,-76.316803,0.3,5.62,3.382,27.75,7.92,74.635
2018-08-15T10:00:00Z,HAD,Harris_Creek_Downstream,38.712517,-76.316803,0.3,5.66,3.405,27.71,7.93,75.155
2018-08-15T10:15:00Z,HAD,Harris_Creek_Downstream,38.712517,-76.316803,0.3,5.75,3.425,27.71,7.92,76.405
2018-08-15T10:30:00Z,HAD,Harris_Creek_Downstream,38.712517,-76.316803,0.3,6.14,3.446,27.66,7.89,81.508
2018-08-15T10:45:00Z,HAD,Harris_Creek_Downstream,38.712517,-76.316803,0.3,6.05,3.462,27.68,7.89,80.308
2018-08-15T11:00:00Z,HAD,Harris_Creek_Downstream,38.712517,-76.316803,0.3,6.16,3.469,27.65,7.89,81.709
2018-08-15T11:15:00Z,HAD,Harris_Creek_Downstream,38.712517,-76.316803,0.3,6.08,3.473,27.64,7.89,80.61
2018-08-15T11:30:00Z,HAD,Harris_Creek_Downstream,38.712517,-76.316803,0.3,5.92,3.471,27.62,7.89,78.495
2018-08-15T11:45:00Z,HAD,Harris_Creek_Downstream,38.712517,-76.316803,0.3,5.95,3.468,27.61,7.89,78.806
2018-08-15T12:00:00Z,HAD,Harris_Creek_Downstream,38.712517,-76.316803,0.3,5.72,3.461,27.59,7.89,75.751
2018-08-15T12:15:00Z,HAD,Harris_Creek_Downstream,38.712517,-76.316803,0.3,5.73,3.452,27.57,7.88,75.86
2018-08-15T12:30:00Z,HAD,Harris_Creek_Downstream,38.712517,-76.316803,0.3,5.62,3.432,27.55,7.86,74.391
2018-08-15T12:45:00Z,HAD,Harris_Creek_Downstream,38.712517,-76.316803,0.3,5.69,3.417,27.53,7.83,75.331
2018-08-15T13:00:00Z,HAD,Harris_Creek_Downstream,38.712517,-76.316803,0.3,5.19,3.398,27.6,7.89,68.827
2018-08-15T13:15:00Z,HAD,Harris_Creek_Downstream,38.712517,-76.316803,0.3,5.59,3.375,27.58,7.86,74.064
2018-08-15T13:30:00Z,HAD,Harris_Creek_Downstream,38.712517,-76.316803,0.3,5.8,3.35,27.59,7.88,76.859
2018-08-15T13:45:00Z,HAD,Harris_Creek_Downstream,38.712517,-76.316803,0.3,5.63,3.323,27.61,7.9,74.651
2018-08-15T14:00:00Z,HAD,Harris_Creek_Downstream,38.712517,-76.316803,0.3,5.63,3.296,27.6,7.91,74.635
2018-08-15T14:15:00Z,HAD,Harris_Creek_Downstream,38.712517,-76.316803,0.3,5.3,3.266,27.6,7.91,70.296
2018-08-15T14:30:00Z,HAD,Harris_Creek_Downstream,38.712517,-76.316803,0.3,5.52,3.236,27.58,7.91,73.191
2018-08-15T14:45:00Z,HAD,Harris_Creek_Downstream,38.712517,-76.316803,0.3,5.45,3.208,27.58,7.9,72.26
2018-08-15T15:00:00Z,HAD,Harris_Creek_Downstream,38.712517,-76.316803,0.3,5.46,3.18,27.57,7.89,72.352
2018-08-15T15:15:00Z,HAD,Harris_Creek_Downstream,38.712517,-76.316803,0.3,5.49,3.152,27.58,7.88,72.696
2018-08-15T15:30:00Z,HAD,Harris_Creek_Downstream,38.712517,-76.316803,0.3,5.74,3.124,27.58,7.88,76.103
2018-08-15T15:45:00Z,HAD,Harris_Creek_Downstream,38.712517,-76.316803,0.3,5.86,3.098,27.61,7.85,77.706
2018-08-15T16:00:00Z,HAD,Harris_Creek_Downstream,38.712517,-76.316803,0.3,6.03,3.072,27.65,7.85,80.031
2018-08-15T16:15:00Z,HAD,Harris_Creek_Downstream,38.712517,-76.316803,0.3,6.02,3.048,27.67,7.85,79.888
2018-08-15T16:30:00Z,HAD,Harris_Creek_Downstream,38.712517,-76.316803,0.3,5.52,3.025,27.68,7.86,73.241
2018-08-15T16:45:00Z,HAD,Harris_Creek_Downstream,38.712517,-76.316803,0.3,5.75,3.005,27.72,7.87,76.321
2018-08-15T17:00:00Z,HAD,Harris_Creek_Downstream,38.712517,-76.316803,0.3,6.02,2.987,27.76,7.88,80.056
2018-08-15T17:15:00Z,HAD,Harris_Creek_Downstream,38.712517,-76.316803,0.3,6.19,2.974,27.8,7.9,82.305
2018-08-15T17:30:00Z,HAD,Harris_Creek_Downstream,38.712517,-76.316803,0.3,6.31,2.962,27.82,7.93,83.967
2018-08-15T17:45:00Z,HAD,Harris_Creek_Downstream,38.712517,-76.316803,0.3,6.31,2.952,27.89,7.98,84.059
2018-08-15T18:00:00Z,HAD,Harris_Creek_Downstream,38.712517,-76.316803,0.3,6.09,2.944,27.91,8.0,81.223
2018-08-15T18:15:00Z,HAD,Harris_Creek_Downstream,38.712517,-76.316803,0.3,6.08,2.945,27.9,8.0,81.03
2018-08-15T18:30:00Z,HAD,Harris_Creek_Downstream,38.712517,-76.316803,0.3,5.83,2.945,27.87,7.99,77.639
2018-08-15T18:45:00Z,HAD,Harris_Creek_Downstream,38.712517,-76.316803,0.3,5.98,2.956,27.86,7.99,79.729
2018-08-15T19:00:00Z,HAD,Harris_Creek_Downstream,38.712517,-76.316803,0.3,5.84,2.967,27.77,7.95,77.689
2018-08-15T19:15:00Z,HAD,Harris_Creek_Downstream,38.712517,-76.316803,0.3,5.67,2.987,27.73,7.95,75.289
2018-08-15T19:30:00Z,HAD,Harris_Creek_Downstream,38.712517,-76.316803,0.3,5.95,3.01,27.7,7.94,79.041
2018-08-15T19:45:00Z,HAD,Harris_Creek_Downstream,38.712517,-76.316803,0.3,6.18,3.038,27.72,7.94,82.053
2018-08-15T20:00:00Z,HAD,Harris_Creek_Downstream,38.712517,-76.316803,0.3,6.56,3.069,27.76,7.93,87.206
2018-08-15T20:15:00Z,HAD,Harris_Creek_Downstream,38.712517,-76.316803,0.3,6.57,3.101,27.78,7.92,87.374
2018-08-15T20:30:00Z,HAD,Harris_Creek_Downstream,38.712517,-76.316803,0.3,6.67,3.135,27.82,7.84,88.7
2018-08-15T20:45:00Z,HAD,Harris_Creek_Downstream,38.712517,-76.316803,0.3,6.8,3.17,27.88,7.93,90.63
2018-08-15T21:00:00Z,HAD,Harris_Creek_Downstream,38.712517,-76.316803,0.3,6.81,3.205,27.86,7.91,90.723
2018-08-15T21:15:00Z,HAD,Harris_Creek_Downstream,38.712517,-76.316803,0.3,6.94,3.238,27.93,7.91,92.544
2018-08-15T21:30:00Z,HAD,Harris_Creek_Downstream,38.712517,-76.316803,0.3,7.09,3.273,27.99,7.92,94.558
2018-08-15T21:45:00Z,HAD,Harris_Creek_Downstream,38.712517,-76.316803,0.3,7.28,3.305,28.02,7.91,97.218
2018-08-15T22:00:00Z,HAD,Harris_Creek_Downstream,38.712517,-76.316803,0.3,7.23,3.332,28.0,7.89,96.539
2018-08-15T22:15:00Z,HAD,Harris_Creek_Downstream,38.712517,-76.316803,0.3,7.19,3.36,27.98,7.88,95.876
2018-08-15T22:30:00Z,HAD,Harris_Creek_Downstream,38.712517,-76.316803,0.3,6.72,3.385,27.93,7.88,89.539
2018-08-15T22:45:00Z,HAD,Harris_Creek_Downstream,38.712517,-76.316803,0.3,6.67,3.406,27.91,7.87,88.943
2018-08-15T23:00:00Z,HAD,Harris_Creek_Downstream,38.712517,-76.316803,0.3,6.53,3.426,27.9,7.88,86.98
2018-08-15T23:15:00Z,HAD,Harris_Creek_Downstream,38.712517,-76.316803,0.3,6.14,3.44,27.9,7.88,81.818
2018-08-15T23:30:00Z,HAD,Harris_Creek_Downstream,38.712517,-76.316803,0.3,5.91,3.456,27.89,7.89,78.772
2018-08-15T23:45:00Z,HAD,Harris_Creek_Downstream,38.712517,-76.316803,0.3,5.66,3.464,27.88,7.9,75.365
2018-08-16T00:00:00Z,HAD,Harris_Creek_Downstream,38.712517,-76.316803,0.3,5.63,3.467,27.86,7.91,74.92
2018-08-16T00:15:00Z,HAD,Harris_Creek_Downstream,38.712517,-76.316803,0.3,5.5,3.47,27.84,7.92,73.166
2018-08-16T00:30:00Z,HAD,Harris_Creek_Downstream,38.712517,-76.316803,0.3,5.57,3.467,27.82,7.93,74.123
2018-08-16T00:45:00Z,HAD,Harris_Creek_Downstream,38.712517,-76.316803,0.3,5.45,3.458,27.82,7.93,72.553
2018-08-16T01:00:00Z,HAD,Harris_Creek_Downstream,38.712517,-76.316803,0.3,5.45,3.444,27.81,7.93,72.553
2018-08-16T01:15:00Z,HAD,Harris_Creek_Downstream,38.712517,-76.316803,0.3,5.36,3.429,27.82,7.94,71.336
2018-08-16T01:30:00Z,HAD,Harris_Creek_Downstream,38.712517,-76.316803,0.3,5.31,3.413,27.83,7.94,70.724
2018-08-16T01:45:00Z,HAD,Harris_Creek_Downstream,38.712517,-76.316803,0.3,5.31,3.392,27.85,7.93,70.724
2018-08-16T02:00:00Z,HAD,Harris_Creek_Downstream,38.712517,-76.316803,0.3,5.08,3.371,27.86,7.93,67.635
2018-08-16T02:15:00Z,HAD,Harris_Creek_Downstream,38.712517,-76.316803,0.3,5.21,3.349,27.84,7.93,69.398
2018-08-16T02:30:00Z,HAD,Harris_Creek_Downstream,38.712517,-76.316803,0.3,5.23,3.325,27.84,7.93,69.557
2018-08-16T02:45:00Z,HAD,Harris_Creek_Downstream,38.712517,-76.316803,0.3,5.24,3.302,27.84,7.93,69.742
2018-08-16T03:00:00Z,HAD,Harris_Creek_Downstream,38.712517,-76.316803,0.3,5.34,3.277,27.84,7.93,71.152
2018-08-16T03:15:00Z,HAD,Harris_Creek_Downstream,38.712517,-76.316803,0.3,5.1,3.251,27.84,7.93,67.887
2018-08-16T03:30:00Z,HAD,Harris_Creek_Downstream,38.712517,-76.316803,0.3,5.18,3.228,27.84,7.92,68.953
2018-08-16T03:45:00Z,HAD,Harris_Creek_Downstream,38.712517,-76.316803,0.3,4.95,3.207,27.87,7.91,65.873
2018-08-16T04:00:00Z,HAD,Harris_Creek_Downstream,38.712517,-76.316803,0.3,4.88,3.182,27.88,7.92,64.95
2018-08-16T04:15:00Z,HAD,Harris_Creek_Downstream,38.712517,-76.316803,0.3,4.93,3.161,27.89,7.92,65.663
2018-08-16T04:30:00Z,HAD,Harris_Creek_Downstream,38.712517,-76.316803,0.3,5.31,3.142,27.91,7.92,70.741
2018-08-16T04:45:00Z,HAD,Harris_Creek_Downstream,38.712517,-76.316803,0.3,5.33,3.121,27.92,7.92,71.118
2018-08-16T05:00:00Z,HAD,Harris_Creek_Downstream,38.712517,-76.316803,0.3,5.57,3.104,27.92,7.92,74.299
2018-08-16T05:15:00Z,HAD,Harris_Creek_Downstream,38.712517,-76.316803,0.3,5.82,3.087,27.92,7.92,77.639
2018-08-16T05:30:00Z,HAD,Harris_Creek_Downstream,38.712517,-76.316803,0.3,6.24,3.075,27.9,7.9,83.161
2018-08-16T05:45:00Z,HAD,Harris_Creek_Downstream,38.712517,-76.316803,0.3,6.47,3.064,27.85,7.88,86.124
2018-08-16T06:00:00Z,HAD,Harris_Creek_Downstream,38.712517,-76.316803,0.3,6.22,3.055,27.84,7.87,82.733
2018-08-16T06:15:00Z,HAD,Harris_Creek_Downstream,38.712517,-76.316803,0.3,5.88,3.051,27.84,7.86,78.252
2018-08-16T06:30:00Z,HAD,Harris_Creek_Downstream,38.712517,-76.316803,0.3,5.79,3.048,27.85,7.87,77.077
2018-08-16T06:45:00Z,HAD,Harris_Creek_Downstream,38.712517,-76.316803,0.3,5.81,3.049,27.83,7.88,77.328
2018-08-16T07:00:00Z,HAD,Harris_Creek_Downstream,38.712517,-76.316803,0.3,6.0,3.054,27.81,7.87,79.871
2018-08-16T07:15:00Z,HAD,Harris_Creek_Downstream,38.712517,-76.316803,0.3,6.81,3.063,27.83,7.81,90.555
2018-08-16T07:30:00Z,HAD,Harris_Creek_Downstream,38.712517,-76.316803,0.3,5.78,3.074,27.81,7.85,76.934
2018-08-16T07:45:00Z,HAD,Harris_Creek_Downstream,38.712517,-76.316803,0.3,5.26,3.091,27.82,7.86,70.002
2018-08-16T08:00:00Z,HAD,Harris_Creek_Downstream,38.712517,-76.316803,0.3,5.3,3.113,27.82,7.86,70.556
2018-08-16T08:15:00Z,HAD,Harris_Creek_Downstream,38.712517,-76.316803,0.3,5.29,3.135,27.81,7.86,70.38
2018-08-16T08:30:00Z,HAD,Harris_Creek_Downstream,38.712517,-76.316803,0.3,5.53,3.16,27.84,7.88,73.594
2018-08-16T08:45:00Z,HAD,Harris_Creek_Downstream,38.712517,-76.316803,0.3,5.67,3.191,27.87,7.89,75.457
2018-08-16T09:00:00Z,HAD,Harris_Creek_Downstream,38.712517,-76.316803,0.3,5.54,3.222,27.84,7.88,73.762
2018-08-16T09:15:00Z,HAD,Harris_Creek_Downstream,38.712517,-76.316803,0.3,5.5,3.253,27.82,7.87,73.233
2018-08-16T09:30:00Z,HAD,Harris_Creek_Downstream,38.712517,-76.316803,0.3,5.29,3.285,27.81,7.87,70.388
2018-08-16T09:45:00Z,HAD,Harris_Creek_Downstream,38.712517,-76.316803,0.3,5.2,3.318,27.78,7.86,69.163
2018-08-16T10:00:00Z,HAD,Harris_Creek_Downstream,38.712517,-76.316803,0.3,5.13,3.347,27.77,7.86,68.172
2018-08-16T10:15:00Z,HAD,Harris_Creek_Downstream,38.712517,-76.316803,0.3,5.24,3.375,27.75,7.83,69.641
2018-08-16T10:30:00Z,HAD,Harris_Creek_Downstream,38.712517,-76.316803,0.3,5.38,3.401,27.73,7.82,71.471
2018-08-16T10:45:00Z,HAD,Harris_Creek_Downstream,38.712517,-76.316803,0.3,5.52,3.425,27.7,7.8,73.317
2018-08-16T11:00:00Z,HAD,Harris_Creek_Downstream,38.712517,-76.316803,0.3,5.44,3.446,27.69,7.78,72.192
2018-08-16T11:15:00Z,HAD,Harris_Creek_Downstream,38.712517,-76.316803,0.3,5.62,3.464,27.67,7.77,74.567
2018-08-16T11:30:00Z,HAD,Harris_Creek_Downstream,38.712517,-76.316803,0.3,5.4,3.478,27.67,7.77,71.613
2018-08-16T11:45:00Z,HAD,Harris_Creek_Downstream,38.712517,-76.316803,0.3,5.3,3.49,27.65,7.77,70.254
2018-08-16T12:00:00Z,HAD,Harris_Creek_Downstream,38.712517,-76.316803,0.3,5.2,3.497,27.64,7.77,68.978
2018-08-16T12:15:00Z,HAD,Harris_Creek_Downstream,38.712517,-76.316803,0.3,5.21,3.499,27.64,7.76,69.02
2018-08-16T12:30:00Z,HAD,Harris_Creek_Downstream,38.712517,-76.316803,0.3,5.04,3.498,27.65,7.76,66.821
2018-08-16T12:45:00Z,HAD,Harris_Creek_Downstream,38.712517,-76.316803,0.3,4.8,3.492,27.65,7.76,63.666
2018-08-16T13:00:00Z,HAD,Harris_Creek_Downstream,38.712517,-76.316803,0.3,4.78,3.481,27.64,7.76,63.389
2018-08-16T13:15:00Z,HAD,Harris_Creek_Downstream,38.712517,-76.316803,0.3,4.41,3.471,27.64,7.76,58.446
2018-08-16T13:30:00Z,HAD,Harris_Creek_Downstream,38.712517,-76.316803,0.3,4.57,3.454,27.64,7.76,60.502
2018-08-16T13:45:00Z,HAD,Harris_Creek_Downstream,38.712517,-76.316803,0.3,4.35,3.436,27.64,7.76,57.607
2018-08-16T14:00:00Z,HAD,Harris_Creek_Downstream,38.712517,-76.316803,0.3,4.25,3.414,27.64,7.76,56.306
2018-08-16T14:15:00Z,HAD,Harris_Creek_Downstream,38.712517,-76.316803,0.3,4.2,3.393,27.65,7.76,55.668
2018-08-16T14:30:00Z,HAD,Harris_Creek_Downstream,38.712517,-76.316803,0.3,4.36,3.367,27.65,7.76,57.858
2018-08-16T14:45:00Z,HAD,Harris_Creek_Downstream,38.712517,-76.316803,0.3,4.54,3.344,27.66,7.77,60.166
2018-08-16T15:00:00Z,HAD,Harris_Creek_Downstream,38.712517,-76.316803,0.3,4.84,3.316,27.66,7.76,64.178
2018-08-16T15:15:00Z,HAD,Harris_Creek_Downstream,38.712517,-76.316803,0.3,5.11,3.289,27.69,7.76,67.837
2018-08-16T15:30:00Z,HAD,Harris_Creek_Downstream,38.712517,-76.316803,0.3,5.06,3.266,27.7,7.77,67.149
2018-08-16T15:45:00Z,HAD,Harris_Creek_Downstream,38.712517,-76.316803,0.3,5.0,3.238,27.7,7.77,66.36
2018-08-16T16:00:00Z,HAD,Harris_Creek_Downstream,38.712517,-76.316803,0.3,4.82,3.216,27.71,7.77,63.968
2018-08-16T16:15:00Z,HAD,Harris_Creek_Downstream,38.712517,-76.316803,0.3,4.57,3.188,27.72,7.77,60.611
2018-08-16T16:30:00Z,HAD,Harris_Creek_Downstream,38.712517,-76.316803,0.3,4.51,3.166,27.74,7.78,59.881
2018-08-16T16:45:00Z,HAD,Harris_Creek_Downstream,38.712517,-76.316803,0.3,5.06,3.142,27.78,7.8,67.216
2018-08-16T17:00:00Z,HAD,Harris_Creek_Downstream,38.712517,-76.316803,0.3,5.06,3.121,27.81,7.81,67.325
2018-08-16T17:15:00Z,HAD,Harris_Creek_Downstream,38.712517,-76.316803,0.3,4.95,3.104,27.83,7.82,65.823
2018-08-16T17:30:00Z,HAD,Harris_Creek_Downstream,38.712517,-76.316803,0.3,4.99,3.084,27.85,7.83,66.444
2018-08-16T17:45:00Z,HAD,Harris_Creek_Downstream,38.712517,-76.316803,0.3,5.0,3.066,27.88,7.84,66.553
2018-08-16T18:00:00Z,HAD,Harris_Creek_Downstream,38.712517,-76.316803,0.3,5.12,3.053,27.95,7.86,68.206
2018-08-16T18:15:00Z,HAD,Harris_Creek_Downstream,38.712517,-76.316803,0.3,5.35,3.038,28.03,8.02,71.546
2018-08-16T18:30:00Z,HAD,Harris_Creek_Downstream,38.712517,-76.316803,0.3,5.23,3.033,28.05,8.03,69.96
2018-08-16T18:45:00Z,HAD,Harris_Creek_Downstream,38.712517,-76.316803,0.3,5.43,3.028,28.1,8.04,72.62
2018-08-16T19:00:00Z,HAD,Harris_Creek_Downstream,38.712517,-76.316803,0.3,5.37,3.024,28.12,8.05,71.832
2018-08-16T19:15:00Z,HAD,Harris_Creek_Downstream,38.712517,-76.316803,0.3,5.37,3.022,28.16,8.04,71.974
2018-08-16T19:30:00Z,HAD,Harris_Creek_Downstream,38.712517,-76.316803,0.3,5.05,3.031,28.14,8.04,67.686
2018-08-16T19:45:00Z,HAD,Harris_Creek_Downstream,38.712517,-76.316803,0.3,4.78,3.042,28.16,8.04,64.094
2018-08-16T20:00:00Z,HAD,Harris_Creek_Downstream,38.712517,-76.316803,0.3,4.52,3.058,28.11,8.04,60.468
2018-08-16T20:15:00Z,HAD,Harris_Creek_Downstream,38.712517,-76.316803,0.3,4.9,3.077,28.1,8.02,65.596
2018-08-16T20:30:00Z,HAD,Harris_Creek_Downstream,38.712517,-76.316803,0.3,5.1,3.103,28.17,8.02,68.298
2018-08-16T20:45:00Z,HAD,Harris_Creek_Downstream,38.712517,-76.316803,0.3,5.24,3.132,28.2,8.03,70.203
2018-08-16T21:00:00Z,HAD,Harris_Creek_Downstream,38.712517,-76.316803,0.3,5.05,3.16,28.16,8.02,67.644
2018-08-16T21:15:00Z,HAD,Harris_Creek_Downstream,38.712517,-76.316803,0.3,5.43,3.194,28.21,8.01,72.78
2018-08-16T21:30:00Z,HAD,Harris_Creek_Downstream,38.712517,-76.316803,0.3,5.3,3.228,28.17,8.0,71.068
2018-08-16T21:45:00Z,HAD,Harris_Creek_Downstream,38.712517,-76.316803,0.3,5.08,3.263,28.14,8.0,67.963
2018-08-16T22:00:00Z,HAD,Harris_Creek_Downstream,38.712517,-76.316803,0.3,5.12,3.298,28.15,8.0,68.542
2018-08-16T22:15:00Z,HAD,Harris_Creek_Downstream,38.712517,-76.316803,0.3,5.01,3.334,28.22,8.0,67.191
2018-08-16T22:30:00Z,HAD,Harris_Creek_Downstream,38.712517,-76.316803,0.3,4.84,3.365,28.21,8.0,64.941
2018-08-16T22:45:00Z,HAD,Harris_Creek_Downstream,38.712517,-76.316803,0.3,5.54,3.394,28.28,7.98,74.307
2018-08-16T23:00:00Z,HAD,Harris_Creek_Downstream,38.712517,-76.316803,0.3,5.42,3.421,28.3,7.97,72.704
2018-08-16T23:15:00Z,HAD,Harris_Creek_Downstream,38.712517,-76.316803,0.3,5.67,3.452,28.28,7.96,76.112
2018-08-16T23:30:00Z,HAD,Harris_Creek_Downstream,38.712517,-76.316803,0.3,5.78,3.473,28.31,7.94,77.563
2018-08-16T23:45:00Z,HAD,Harris_Creek_Downstream,38.712517,-76.316803,0.3,6.5,3.495,28.34,7.93,87.315
2018-08-17T00:00:00Z,HAD,Harris_Creek_Downstream,38.712517,-76.316803,0.3,6.55,3.512,28.33,7.92,87.911
2018-08-17T00:15:00Z,HAD,Harris_Creek_Downstream,38.712517,-76.316803,0.3,6.6,3.53,28.33,7.91,88.541
2018-08-17T00:30:00Z,HAD,Harris_Creek_Downstream,38.712517,-76.316803,0.3,6.16,3.542,28.32,7.91,82.641
2018-08-17T00:45:00Z,HAD,Harris_Creek_Downstream,38.712517,-76.316803,0.3,6.55,3.548,28.3,7.91,87.945
2018-08-17T01:00:00Z,HAD,Harris_Creek_Downstream,38.712517,-76.316803,0.3,5.19,3.565,28.23,7.94,69.515
2018-08-17T01:15:00Z,HAD,Harris_Creek_Downstream,38.712517,-76.316803,0.3,5.62,3.566,28.23,7.93,75.323
2018-08-17T01:30:00Z,HAD,Harris_Creek_Downstream,38.712517,-76.316803,0.3,5.41,3.557,28.21,7.94,72.427
2018-08-17T01:45:00Z,HAD,Harris_Creek_Downstream,38.712517,-76.316803,0.3,5.57,3.547,28.22,7.94,74.618
2018-08-17T02:00:00Z,HAD,Harris_Creek_Downstream,38.712517,-76.316803,0.3,5.15,3.536,28.22,7.94,69.045
2018-08-17T02:15:00Z,HAD,Harris_Creek_Downstream,38.712517,-76.316803,0.3,5.45,3.524,28.23,7.95,73.015
2018-08-17T02:30:00Z,HAD,Harris_Creek_Downstream,38.712517,-76.316803,0.3,6.07,3.505,28.25,7.94,81.374
2018-08-17T02:45:00Z,HAD,Harris_Creek_Downstream,38.712517,-76.316803,0.3,6.58,3.482,28.25,7.94,88.28
2018-08-17T03:00:00Z,HAD,Harris_Creek_Downstream,38.712517,-76.316803,0.3,6.67,3.46,28.25,7.94,89.472
2018-08-17T03:15:00Z,HAD,Harris_Creek_Downstream,38.712517,-76.316803,0.3,6.86,3.439,28.22,7.93,91.973
2018-08-17T03:30:00Z,HAD,Harris_Creek_Downstream,38.712517,-76.316803,0.3,6.74,3.416,28.25,7.92,90.328
2018-08-17T03:45:00Z,HAD,Harris_Creek_Downstream,38.712517,-76.316803,0.3,6.48,3.391,28.24,7.91,86.829
2018-08-17T04:00:00Z,HAD,Harris_Creek_Downstream,38.712517,-76.316803,0.3,5.96,3.37,28.28,7.91,79.888
2018-08-17T04:15:00Z,HAD,Harris_Creek_Downstream,38.712517,-76.316803,0.3,5.01,3.343,28.33,7.96,67.233
2018-08-17T04:30:00Z,HAD,Harris_Creek_Downstream,38.712517,-76.316803,0.3,5.9,3.324,28.36,7.96,79.301
2018-08-17T04:45:00Z,HAD,Harris_Creek_Downstream,38.712517,-76.316803,0.3,6.28,3.303,28.35,7.95,84.303
2018-08-17T05:00:00Z,HAD,Harris_Creek_Downstream,38.712517,-76.316803,0.3,6.46,3.283,28.34,7.96,86.787
2018-08-17T05:15:00Z,HAD,Harris_Creek_Downstream,38.712517,-76.316803,0.3,6.53,3.263,28.4,7.97,87.811
2018-08-17T05:30:00Z,HAD,Harris_Creek_Downstream,38.712517,-76.316803,0.3,6.46,3.249,28.4,7.97,86.837
2018-08-17T05:45:00Z,HAD,Harris_Creek_Downstream,38.712517,-76.316803,0.3,6.37,3.219,28.41,7.96,85.654
2018-08-17T06:00:00Z,HAD,Harris_Creek_Downstream,38.712517,-76.316803,0.3,6.26,3.214,28.44,7.97,84.227
2018-08-17T06:15:00Z,HAD,Harris_Creek_Downstream,38.712517,-76.316803,0.3,6.15,3.192,28.48,7.98,82.75
2018-08-17T06:30:00Z,HAD,Harris_Creek_Downstream,38.712517,-76.316803,0.3,6.54,3.181,28.53,7.98,88.129
2018-08-17T06:45:00Z,HAD,Harris_Creek_Downstream,38.712517,-76.316803,0.3,6.36,3.167,28.54,7.98,85.721
2018-08-17T07:00:00Z,HAD,Harris_Creek_Downstream,38.712517,-76.316803,0.3,6.33,3.157,28.55,7.97,85.377
2018-08-17T07:15:00Z,HAD,Harris_Creek_Downstream,38.712517,-76.316803,0.3,6.52,3.155,28.55,7.97,87.894
2018-08-17T07:30:00Z,HAD,Harris_Creek_Downstream,38.712517,-76.316803,0.3,6.35,3.148,28.53,7.96,85.62
2018-08-17T07:45:00Z,HAD,Harris_Creek_Downstream,38.712517,-76.316803,0.3,6.36,3.151,28.51,7.96,85.687
2018-08-17T08:00:00Z,HAD,Harris_Creek_Downstream,38.712517,-76.316803,0.3,6.19,3.151,28.49,7.96,83.363
2018-08-17T08:15:00Z,HAD,Harris_Creek_Downstream,38.712517,-76.316803,0.3,6.38,3.162,28.47,7.97,85.863
2018-08-17T08:30:00Z,HAD,Harris_Creek_Downstream,38.712517,-76.316803,0.3,6.09,3.174,28.46,7.97,81.961
2018-08-17T08:45:00Z,HAD,Harris_Creek_Downstream,38.712517,-76.316803,0.3,5.94,3.187,28.46,7.97,79.98
2018-08-17T09:00:00Z,HAD,Harris_Creek_Downstream,38.712517,-76.316803,0.3,5.92,3.203,28.45,7.97,79.687
2018-08-17T09:15:00Z,HAD,Harris_Creek_Downstream,38.712517,-76.316803,0.3,5.88,3.225,28.45,7.96,79.082
2018-08-17T09:30:00Z,HAD,Harris_Creek_Downstream,38.712517,-76.316803,0.3,5.88,3.248,28.4,7.95,78.999
2018-08-17T09:45:00Z,HAD,Harris_Creek_Downstream,38.712517,-76.316803,0.3,5.8,3.274,28.33,7.95,77.857
2018-08-17T10:00:00Z,HAD,Harris_Creek_Downstream,38.712517,-76.316803,0.3,5.49,3.295,28.23,7.95,73.56
2018-08-17T10:15:00Z,HAD,Harris_Creek_Downstream,38.712517,-76.316803,0.3,5.09,3.324,28.07,7.91,67.979
2018-08-17T10:30:00Z,HAD,Harris_Creek_Downstream,38.712517,-76.316803,0.3,5.47,3.349,27.97,7.89,72.948
2018-08-17T10:45:00Z,HAD,Harris_Creek_Downstream,38.712517,-76.316803,0.3,5.51,3.38,27.97,7.89,73.468
2018-08-17T11:00:00Z,HAD,Harris_Creek_Downstream,38.712517,-76.316803,0.3,5.48,3.404,27.98,7.9,73.124
2018-08-17T11:15:00Z,HAD,Harris_Creek_Downstream,38.712517,-76.316803,0.3,5.47,3.423,28.03,7.91,73.023
2018-08-17T11:30:00Z,HAD,Harris_Creek_Downstream,38.712517,-76.316803,0.3,5.37,3.445,28.07,7.92,71.756
2018-08-17T11:45:00Z,HAD,Harris_Creek_Downstream,38.712517,-76.316803,0.3,5.36,3.46,28.08,7.92,71.689
2018-08-17T12:00:00Z,HAD,Harris_Creek_Downstream,38.712517,-76.316803,0.3,5.69,3.476,28.11,7.94,76.103
2018-08-17T12:15:00Z,HAD,Harris_Creek_Downstream,38.712517,-76.316803,0.3,5.69,3.489,28.1,7.93,76.145
2018-08-17T12:30:00Z,HAD,Harris_Creek_Downstream,38.712517,-76.316803,0.3,5.79,3.499,28.01,7.9,77.312
2018-08-17T12:45:00Z,HAD,Harris_Creek_Downstream,38.712517,-76.316803,0.3,5.28,3.509,28.02,7.91,70.514
2018-08-17T13:00:00Z,HAD,Harris_Creek_Downstream,38.712517,-76.316803,0.3,5.5,3.505,28.02,7.91,73.418
2018-08-17T13:15:00Z,HAD,Harris_Creek_Downstream,38.712517,-76.316803,0.3,5.16,3.501,28.04,7.89,68.869
2018-08-17T13:30:00Z,HAD,Harris_Creek_Downstream,38.712517,-76.316803,0.3,4.89,3.497,28.13,7.93,65.445
2018-08-17T13:45:00Z,HAD,Harris_Creek_Downstream,38.712517,-76.316803,0.3,5.25,3.488,28.16,7.93,70.304
2018-08-17T14:00:00Z,HAD,Harris_Creek_Downstream,38.712517,-76.316803,0.3,5.39,3.476,28.18,7.94,72.201
2018-08-17T14:15:00Z,HAD,Harris_Creek_Downstream,38.712517,-76.316803,0.3,5.5,3.463,28.21,7.94,73.653
2018-08-17T14:30:00Z,HAD,Harris_Creek_Downstream,38.712517,-76.316803,0.3,5.31,3.448,28.08,7.91,70.967
2018-08-17T14:45:00Z,HAD,Harris_Creek_Downstream,38.712517,-76.316803,0.3,5.22,3.428,28.08,7.9,69.826
2018-08-17T15:00:00Z,HAD,Harris_Creek_Downstream,38.712517,-76.316803,0.3,5.27,3.405,28.11,7.9,70.506
2018-08-17T15:15:00Z,HAD,Harris_Creek_Downstream,38.712517,-76.316803,0.3,5.19,3.383,28.15,7.89,69.473
2018-08-17T15:30:00Z,HAD,Harris_Creek_Downstream,38.712517,-76.316803,0.3,5.17,3.353,28.21,7.89,69.247
2018-08-17T15:45:00Z,HAD,Harris_Creek_Downstream,38.712517,-76.316803,0.3,5.08,3.326,28.22,7.89,68.063
2018-08-17T16:00:00Z,HAD,Harris_Creek_Downstream,38.712517,-76.316803,0.3,5.02,3.297,28.26,7.88,67.35
2018-08-17T16:15:00Z,HAD,Harris_Creek_Downstream,38.712517,-76.316803,0.3,4.87,3.272,28.28,7.87,65.361
2018-08-17T16:30:00Z,HAD,Harris_Creek_Downstream,38.712517,-76.316803,0.3,4.71,3.244,28.3,7.87,63.129
2018-08-17T16:45:00Z,HAD,Harris_Creek_Downstream,38.712517,-76.316803,0.3,4.89,3.214,28.43,7.9,65.781
2018-08-17T17:00:00Z,HAD,Harris_Creek_Downstream,38.712517,-76.316803,0.3,5.43,3.194,28.61,7.95,73.258
2018-08-17T17:15:00Z,HAD,Harris_Creek_Downstream,38.712517,-76.316803,0.3,5.57,3.167,28.71,7.98,75.348
2018-08-17T17:30:00Z,HAD,Harris_Creek_Downstream,38.712517,-76.316803,0.3,5.71,3.141,28.76,7.98,77.203
2018-08-17T17:45:00Z,HAD,Harris_Creek_Downstream,38.712517,-76.316803,0.3,5.75,3.118,28.79,7.98,77.824
2018-08-17T18:00:00Z,HAD,Harris_Creek_Downstream,38.712517,-76.316803,0.3,5.99,3.098,28.83,7.99,81.214
2018-08-17T18:15:00Z,HAD,Harris_Creek_Downstream,38.712517,-76.316803,0.3,6.08,3.079,28.83,7.98,82.406
2018-08-17T18:30:00Z,HAD,Harris_Creek_Downstream,38.712517,-76.316803,0.3,5.97,3.062,28.79,7.97,80.87
2018-08-17T18:45:00Z,HAD,Harris_Creek_Downstream,38.712517,-76.316803,0.3,5.8,3.045,28.73,7.93,78.378
2018-08-17T19:00:00Z,HAD,Harris_Creek_Downstream,38.712517,-76.316803,0.3,5.72,3.036,28.67,7.9,77.219
2018-08-17T19:15:00Z,HAD,Harris_Creek_Downstream,38.712517,-76.316803,0.3,5.64,3.032,28.64,7.86,76.12
2018-08-17T19:30:00Z,HAD,Harris_Creek_Downstream,38.712517,-76.316803,0.3,5.84,3.027,28.69,7.85,78.831
2018-08-17T19:45:00Z,HAD,Harris_Creek_Downstream,38.712517,-76.316803,0.3,5.77,3.028,28.72,7.85,77.908
2018-08-17T20:00:00Z,HAD,Harris_Creek_Downstream,38.712517,-76.316803,0.3,5.84,3.033,28.73,7.83,78.898
2018-08-17T20:15:00Z,HAD,Harris_Creek_Downstream,38.712517,-76.316803,0.3,5.78,3.036,28.81,7.83,78.151
2018-08-17T20:30:00Z,HAD,Harris_Creek_Downstream,38.712517,-76.316803,0.3,6.45,3.052,29.01,7.84,87.584
2018-08-17T20:45:00Z,HAD,Harris_Creek_Downstream,38.712517,-76.316803,0.3,6.81,3.065,29.18,7.85,92.812
2018-08-17T21:00:00Z,HAD,Harris_Creek_Downstream,38.712517,-76.316803,0.3,6.61,3.087,29.15,7.85,89.934
2018-08-17T21:15:00Z,HAD,Harris_Creek_Downstream,38.712517,-76.316803,0.3,7.45,3.112,29.2,7.85,101.566
2018-08-17T21:30:00Z,HAD,Harris_Creek_Downstream,38.712517,-76.316803,0.3,7.84,3.144,29.24,7.85,106.895
2018-08-17T21:45:00Z,HAD,Harris_Creek_Downstream,38.712517,-76.316803,0.3,7.52,3.172,29.22,7.86,102.447
2018-08-17T22:00:00Z,HAD,Harris_Creek_Downstream,38.712517,-76.316803,0.3,7.54,3.195,29.23,7.88,102.749
2018-08-17T22:15:00Z,HAD,Harris_Creek_Downstream,38.712517,-76.316803,0.3,6.93,3.232,29.11,7.9,94.273
2018-08-17T22:30:00Z,HAD,Harris_Creek_Downstream,38.712517,-76.316803,0.3,7.15,3.26,29.09,7.88,97.26
2018-08-17T22:45:00Z,HAD,Harris_Creek_Downstream,38.712517,-76.316803,0.3,7.28,3.298,29.06,7.86,98.972
2018-08-17T23:00:00Z,HAD,Harris_Creek_Downstream,38.712517,-76.316803,0.3,7.24,3.331,28.99,7.86,98.326
2018-08-17T23:15:00Z,HAD,Harris_Creek_Downstream,38.712517,-76.316803,0.3,7.35,3.365,28.98,7.83,99.719
2018-08-17T23:30:00Z,HAD,Harris_Creek_Downstream,38.712517,-76.316803,0.3,7.53,3.395,28.98,7.8,102.17
2018-08-17T23:45:00Z,HAD,Harris_Creek_Downstream,38.712517,-76.316803,0.3,7.93,3.424,28.99,7.79,107.667
2018-08-18T00:00:00Z,HAD,Harris_Creek_Downstream,38.712517,-76.316803,0.3,7.7,3.451,29.0,7.79,104.545
2018-08-18T00:15:00Z,HAD,Harris_Creek_Downstream,38.712517,-76.316803,0.3,7.95,3.476,28.98,7.78,107.793
2018-08-18T00:30:00Z,HAD,Harris_Creek_Downstream,38.712517,-76.316803,0.3,7.7,3.5,28.95,7.77,104.453
2018-08-18T00:45:00Z,HAD,Harris_Creek_Downstream,38.712517,-76.316803,0.3,7.97,3.52,28.86,7.73,107.868
2018-08-18T01:00:00Z,HAD,Harris_Creek_Downstream,38.712517,-76.316803,0.3,7.72,3.538,28.84,7.72,104.494
2018-08-18T01:15:00Z,HAD,Harris_Creek_Downstream,38.712517,-76.316803,0.3,7.83,3.549,28.78,7.7,105.804
2018-08-18T01:30:00Z,HAD,Harris_Creek_Downstream,38.712517,-76.316803,0.3,7.81,3.56,28.71,7.68,105.376
2018-08-18T01:45:00Z,HAD,Harris_Creek_Downstream,38.712517,-76.316803,0.3,7.67,3.577,28.71,7.68,103.546
2018-08-18T02:00:00Z,HAD,Harris_Creek_Downstream,38.712517,-76.316803,0.3,7.41,3.569,28.71,7.67,100.03
2018-08-18T02:15:00Z,HAD,Harris_Creek_Downstream,38.712517,-76.316803,0.3,7.69,3.576,28.7,7.67,103.773
2018-08-18T02:30:00Z,HAD,Harris_Creek_Downstream,38.712517,-76.316803,0.3,6.89,3.558,28.71,7.67,93.047
2018-08-18T02:45:00Z,HAD,Harris_Creek_Downstream,38.712517,-76.316803,0.3,7.01,3.55,28.7,7.67,94.608
2018-08-18T03:00:00Z,HAD,Harris_Creek_Downstream,38.712517,-76.316803,0.3,6.99,3.536,28.7,7.67,94.34
2018-08-18T03:15:00Z,HAD,Harris_Creek_Downstream,38.712517,-76.316803,0.3,6.75,3.526,28.7,7.68,91.05
2018-08-18T03:30:00Z,HAD,Harris_Creek_Downstream,38.712517,-76.316803,0.3,6.84,3.509,28.74,7.7,92.342
2018-08-18T03:45:00Z,HAD,Harris_Creek_Downstream,38.712517,-76.316803,0.3,7.04,3.49,28.77,7.7,95.179
2018-08-18T04:00:00Z,HAD,Harris_Creek_Downstream,38.712517,-76.316803,0.3,6.78,3.471,28.77,7.71,91.646
2018-08-18T04:15:00Z,HAD,Harris_Creek_Downstream,38.712517,-76.316803,0.3,7.04,3.454,28.83,7.73,95.246
2018-08-18T04:30:00Z,HAD,Harris_Creek_Downstream,38.712517,-76.316803,0.3,7.03,3.432,28.84,7.74,95.171
2018-08-18T04:45:00Z,HAD,Harris_Creek_Downstream,38.712517,-76.316803,0.3,6.9,3.411,28.84,7.75,93.307
2018-08-18T05:00:00Z,HAD,Harris_Creek_Downstream,38.712517,-76.316803,0.3,7.22,3.388,28.84,7.76,97.747
2018-08-18T05:15:00Z,HAD,Harris_Creek_Downstream,38.712517,-76.316803,0.3,7.01,3.367,28.84,7.76,94.894
2018-08-18T05:30:00Z,HAD,Harris_Creek_Downstream,38.712517,-76.316803,0.3,6.96,3.344,28.84,7.76,94.13
2018-08-18T05:45:00Z,HAD,Harris_Creek_Downstream,38.712517,-76.316803,0.3,6.57,3.325,28.83,7.78,88.868
2018-08-18T06:00:00Z,HAD,Harris_Creek_Downstream,38.712517,-76.316803,0.3,6.2,3.301,28.82,7.79,83.891
2018-08-18T06:15:00Z,HAD,Harris_Creek_Downstream,38.712517,-76.316803,0.3,6.14,3.28,28.79,7.79,83.027
2018-08-18T06:30:00Z,HAD,Harris_Creek_Downstream,38.712517,-76.316803,0.3,5.87,3.259,28.8,7.79,79.435
2018-08-18T06:45:00Z,HAD,Harris_Creek_Downstream,38.712517,-76.316803,0.3,6.01,3.239,28.84,7.81,81.365
2018-08-18T07:00:00Z,HAD,Harris_Creek_Downstream,38.712517,-76.316803,0.3,6.01,3.227,28.88,7.83,81.466
2018-08-18T07:15:00Z,HAD,Harris_Creek_Downstream,38.712517,-76.316803,0.3,6.07,3.211,28.91,7.84,82.221
2018-08-18T07:30:00Z,HAD,Harris_Creek_Downstream,38.712517,-76.316803,0.3,6.28,3.2,28.88,7.83,85.1
2018-08-18T07:45:00Z,HAD,Harris_Creek_Downstream,38.712517,-76.316803,0.3,5.96,3.19,28.88,7.83,80.736
2018-08-18T08:00:00Z,HAD,Harris_Creek_Downstream,38.712517,-76.316803,0.3,5.91,3.18,28.86,7.82,80.039
2018-08-18T08:15:00Z,HAD,Harris_Creek_Downstream,38.712517,-76.316803,0.3,5.95,3.176,28.83,7.81,80.576
2018-08-18T08:30:00Z,HAD,Harris_Creek_Downstream,38.712517,-76.316803,0.3,5.76,3.167,28.81,7.81,77.975
2018-08-18T08:45:00Z,HAD,Harris_Creek_Downstream,38.712517,-76.316803,0.3,5.78,3.168,28.8,7.8,78.235
2018-08-18T09:00:00Z,HAD,Harris_Creek_Downstream,38.712517,-76.316803,0.3,5.78,3.174,28.79,7.8,78.235
2018-08-18T09:15:00Z,HAD,Harris_Creek_Downstream,38.712517,-76.316803,0.3,5.64,3.178,28.78,7.8,76.33
2018-08-18T09:30:00Z,HAD,Harris_Creek_Downstream,38.712517,-76.316803,0.3,5.72,3.192,28.77,7.81,77.295
2018-08-18T09:45:00Z,HAD,Harris_Creek_Downstream,38.712517,-76.316803,0.3,5.73,3.2,28.75,7.81,77.396
2018-08-18T10:00:00Z,HAD,Harris_Creek_Downstream,38.712517,-76.316803,0.3,5.63,3.211,28.75,7.81,76.103
2018-08-18T10:15:00Z,HAD,Harris_Creek_Downstream,38.712517,-76.316803,0.3,5.42,3.228,28.75,7.81,73.258
2018-08-18T10:30:00Z,HAD,Harris_Creek_Downstream,38.712517,-76.316803,0.3,5.53,3.243,28.74,7.81,74.718
2018-08-18T10:45:00Z,HAD,Harris_Creek_Downstream,38.712517,-76.316803,0.3,5.38,3.26,28.73,7.81,72.646
2018-08-18T11:00:00Z,HAD,Harris_Creek_Downstream,38.712517,-76.316803,0.3,5.44,3.283,28.71,7.8,73.443
2018-08-18T11:15:00Z,HAD,Harris_Creek_Downstream,38.712517,-76.316803,0.3,5.41,3.3,28.69,7.79,72.981
2018-08-18T11:30:00Z,HAD,Harris_Creek_Downstream,38.712517,-76.316803,0.3,5.45,3.32,28.68,7.78,73.552
2018-08-18T11:45:00Z,HAD,Harris_Creek_Downstream,38.712517,-76.316803,0.3,5.59,3.339,28.62,7.75,75.423
2018-08-18T12:00:00Z,HAD,Harris_Creek_Downstream,38.712517,-76.316803,0.3,5.56,3.354,28.55,7.72,74.811
2018-08-18T12:15:00Z,HAD,Harris_Creek_Downstream,38.712517,-76.316803,0.3,5.61,3.372,28.49,7.69,75.482
2018-08-18T12:30:00Z,HAD,Harris_Creek_Downstream,38.712517,-76.316803,0.3,5.69,3.389,28.44,7.67,76.464
2018-08-18T12:45:00Z,HAD,Harris_Creek_Downstream,38.712517,-76.316803,0.3,5.78,3.398,28.37,7.65,77.496
2018-08-18T13:00:00Z,HAD,Harris_Creek_Downstream,38.712517,-76.316803,0.3,6.06,3.413,28.45,7.68,81.483
2018-08-18T13:15:00Z,HAD,Harris_Creek_Downstream,38.712517,-76.316803,0.3,6.07,3.423,28.47,7.7,81.583
2018-08-18T13:30:00Z,HAD,Harris_Creek_Downstream,38.712517,-76.316803,0.3,5.95,3.425,28.44,7.68,79.913
2018-08-18T13:45:00Z,HAD,Harris_Creek_Downstream,38.712517,-76.316803,0.3,5.82,3.424,28.48,7.7,78.235
2018-08-18T14:00:00Z,HAD,Harris_Creek_Downstream,38.712517,-76.316803,0.3,5.7,3.423,28.49,7.7,76.607
2018-08-18T14:15:00Z,HAD,Harris_Creek_Downstream,38.712517,-76.316803,0.3,5.53,3.419,28.51,7.71,74.341
2018-08-18T14:30:00Z,HAD,Harris_Creek_Downstream,38.712517,-76.316803,0.3,5.36,3.412,28.5,7.7,72.05
2018-08-18T14:45:00Z,HAD,Harris_Creek_Downstream,38.712517,-76.316803,0.3,5.24,3.398,28.52,7.73,70.497
2018-08-18T15:00:00Z,HAD,Harris_Creek_Downstream,38.712517,-76.316803,0.3,5.27,3.382,28.56,7.73,70.992
2018-08-18T15:15:00Z,HAD,Harris_Creek_Downstream,38.712517,-76.316803,0.3,5.03,3.366,28.6,7.75,67.837
2018-08-18T15:30:00Z,HAD,Harris_Creek_Downstream,38.712517,-76.316803,0.3,4.99,3.346,28.61,7.76,67.216
2018-08-18T15:45:00Z,HAD,Harris_Creek_Downstream,38.712517,-76.316803,0.3,5.29,3.327,28.61,7.76,71.328
2018-08-18T16:00:00Z,HAD,Harris_Creek_Downstream,38.712517,-76.316803,0.3,5.11,3.304,28.58,7.74,68.877
2018-08-18T16:15:00Z,HAD,Harris_Creek_Downstream,38.712517,-76.316803,0.3,5.13,3.284,28.53,7.72,69.062
2018-08-18T16:30:00Z,HAD,Harris_Creek_Downstream,38.712517,-76.316803,0.3,5.17,3.263,28.5,7.7,69.498
2018-08-18T16:45:00Z,HAD,Harris_Creek_Downstream,38.712517,-76.316803,0.3,5.22,3.24,28.54,7.71,70.203
2018-08-18T17:00:00Z,HAD,Harris_Creek_Downstream,38.712517,-76.316803,0.3,5.31,3.214,28.61,7.73,71.597
2018-08-18T17:15:00Z,HAD,Harris_Creek_Downstream,38.712517,-76.316803,0.3,5.24,3.192,28.69,7.76,70.766
2018-08-18T17:30:00Z,HAD,Harris_Creek_Downstream,38.712517,-76.316803,0.3,5.29,3.169,28.82,7.79,71.63
2018-08-18T17:45:00Z,HAD,Harris_Creek_Downstream,38.712517,-76.316803,0.3,5.08,3.142,28.86,7.81,68.844
2018-08-18T18:00:00Z,HAD,Harris_Creek_Downstream,38.712517,-76.316803,0.3,5.02,3.119,28.92,7.83,68.089
2018-08-18T18:15:00Z,HAD,Harris_Creek_Downstream,38.712517,-76.316803,0.3,4.83,3.095,28.98,7.83,65.487
2018-08-18T18:30:00Z,HAD,Harris_Creek_Downstream,38.712517,-76.316803,0.3,4.71,3.073,29.0,7.84,63.892
2018-08-18T18:45:00Z,HAD,Harris_Creek_Downstream,38.712517,-76.316803,0.3,4.66,3.053,29.05,7.84,63.364
2018-08-18T19:00:00Z,HAD,Harris_Creek_Downstream,38.712517,-76.316803,0.3,4.91,3.033,29.09,7.85,66.763
2018-08-18T19:15:00Z,HAD,Harris_Creek_Downstream,38.712517,-76.316803,0.3,5.09,3.012,29.12,7.84,69.289
2018-08-18T19:30:00Z,HAD,Harris_Creek_Downstream,38.712517,-76.316803,0.3,5.1,2.997,29.12,7.84,69.356
2018-08-18T19:45:00Z,HAD,Harris_Creek_Downstream,38.712517,-76.316803,0.3,5.18,2.984,29.11,7.83,70.464
2018-08-18T20:00:00Z,HAD,Harris_Creek_Downstream,38.712517,-76.316803,0.3,4.97,2.965,29.1,7.83,67.535
2018-08-18T20:15:00Z,HAD,Harris_Creek_Downstream,38.712517,-76.316803,0.3,4.9,2.953,29.08,7.82,66.586
2018-08-18T20:30:00Z,HAD,Harris_Creek_Downstream,38.712517,-76.316803,0.3,4.79,2.95,29.07,7.81,65.16
2018-08-18T20:45:00Z,HAD,Harris_Creek_Downstream,38.712517,-76.316803,0.3,4.81,2.955,29.06,7.81,65.319
2018-08-18T21:00:00Z,HAD,Harris_Creek_Downstream,38.712517,-76.316803,0.3,4.56,2.952,29.06,7.81,62.004
2018-08-18T21:15:00Z,HAD,Harris_Creek_Downstream,38.712517,-76.316803,0.3,4.72,2.956,29.06,7.8,64.169
2018-08-18T21:30:00Z,HAD,Harris_Creek_Downstream,38.712517,-76.316803,0.3,4.56,2.963,29.09,7.79,62.054
2018-08-18T21:45:00Z,HAD,Harris_Creek_Downstream,38.712517,-76.316803,0.3,5.35,2.978,29.21,7.8,72.897
2018-08-18T22:00:00Z,HAD,Harris_Creek_Downstream,38.712517,-76.316803,0.3,4.15,2.992,29.1,7.8,56.448
2018-08-18T22:15:00Z,HAD,Harris_Creek_Downstream,38.712517,-76.316803,0.3,4.46,3.009,29.15,7.8,60.636
2018-08-18T22:30:00Z,HAD,Harris_Creek_Downstream,38.712517,-76.316803,0.3,4.94,3.036,29.12,7.8,67.14
2018-08-18T22:45:00Z,HAD,Harris_Creek_Downstream,38.712517,-76.316803,0.3,4.97,3.062,29.11,7.8,67.635
2018-08-18T23:00:00Z,HAD,Harris_Creek_Downstream,38.712517,-76.316803,0.3,4.94,3.095,29.02,7.79,67.098
2018-08-18T23:15:00Z,HAD,Harris_Creek_Downstream,38.712517,-76.316803,0.3,5.03,3.124,29.0,7.78,68.256
2018-08-18T23:30:00Z,HAD,Harris_Creek_Downstream,38.712517,-76.316803,0.3,5.4,3.153,29.05,7.76,73.283
2018-08-18T23:45:00Z,HAD,Harris_Creek_Downstream,38.712517,-76.316803,0.3,5.39,3.182,29.03,7.75,73.174
2018-08-19T00:00:00Z,HAD,Harris_Creek_Downstream,38.712517,-76.316803,0.3,5.91,3.22,29.05,7.73,80.283
2018-08-19T00:15:00Z,HAD,Harris_Creek_Downstream,38.712517,-76.316803,0.3,5.9,3.251,29.07,7.73,80.132
2018-08-19T00:30:00Z,HAD,Harris_Creek_Downstream,38.712517,-76.316803,0.3,5.83,3.277,29.07,7.73,79.133
2018-08-19T00:45:00Z,HAD,Harris_Creek_Downstream,38.712517,-76.316803,0.3,4.99,3.305,29.04,7.75,67.786
2018-08-19T01:00:00Z,HAD,Harris_Creek_Downstream,38.712517,-76.316803,0.3,4.9,3.329,29.04,7.76,66.561
2018-08-19T01:15:00Z,HAD,Harris_Creek_Downstream,38.712517,-76.316803,0.3,4.86,3.355,29.04,7.76,65.974
2018-08-19T01:30:00Z,HAD,Harris_Creek_Downstream,38.712517,-76.316803,0.3,4.75,3.374,29.04,7.76,64.471
2018-08-19T01:45:00Z,HAD,Harris_Creek_Downstream,38.712517,-76.316803,0.3,4.63,3.393,29.01,7.77,62.835
2018-08-19T02:00:00Z,HAD,Harris_Creek_Downstream,38.712517,-76.316803,0.3,4.77,3.409,28.96,7.77,64.681
2018-08-19T02:15:00Z,HAD,Harris_Creek_Downstream,38.712517,-76.316803,0.3,5.05,3.419,28.91,7.77,68.365
2018-08-19T02:30:00Z,HAD,Harris_Creek_Downstream,38.712517,-76.316803,0.3,4.73,3.434,28.89,7.77,64.06
2018-08-19T02:45:00Z,HAD,Harris_Creek_Downstream,38.712517,-76.316803,0.3,4.6,3.445,28.87,7.76,62.298
2018-08-19T03:00:00Z,HAD,Harris_Creek_Downstream,38.712517,-76.316803,0.3,4.66,3.445,28.87,7.75,63.154
2018-08-19T03:15:00Z,HAD,Harris_Creek_Downstream,38.712517,-76.316803,0.3,6.25,3.442,28.86,7.71,84.521
2018-08-19T03:30:00Z,HAD,Harris_Creek_Downstream,38.712517,-76.316803,0.3,6.19,3.444,28.85,7.7,83.757
2018-08-19T03:45:00Z,HAD,Harris_Creek_Downstream,38.712517,-76.316803,0.3,5.95,3.437,28.85,7.7,80.467
2018-08-19T04:00:00Z,HAD,Harris_Creek_Downstream,38.712517,-76.316803,0.3,5.7,3.413,28.84,7.7,77.135
2018-08-19T04:15:00Z,HAD,Harris_Creek_Downstream,38.712517,-76.316803,0.3,5.82,3.392,28.82,7.71,78.722
2018-08-19T04:30:00Z,HAD,Harris_Creek_Downstream,38.712517,-76.316803,0.3,5.7,3.374,28.83,7.7,77.144
2018-08-19T04:45:00Z,HAD,Harris_Creek_Downstream,38.712517,-76.316803,0.3,5.85,3.36,28.84,7.7,79.141
2018-08-19T05:00:00Z,HAD,Harris_Creek_Downstream,38.712517,-76.316803,0.3,6.11,3.339,28.85,7.7,82.616
2018-08-19T05:15:00Z,HAD,Harris_Creek_Downstream,38.712517,-76.316803,0.3,6.17,3.31,28.85,7.69,83.556
2018-08-19T05:30:00Z,HAD,Harris_Creek_Downstream,38.712517,-76.316803,0.3,6.32,3.293,28.87,7.69,85.545
2018-08-19T05:45:00Z,HAD,Harris_Creek_Downstream,38.712517,-76.316803,0.3,6.26,3.271,28.88,7.7,84.772
2018-08-19T06:00:00Z,HAD,Harris_Creek_Downstream,38.712517,-76.316803,0.3,6.27,3.246,28.86,7.7,84.856
2018-08-19T06:15:00Z,HAD,Harris_Creek_Downstream,38.712517,-76.316803,0.3,5.9,3.222,28.82,7.7,79.771
2018-08-19T06:30:00Z,HAD,Harris_Creek_Downstream,38.712517,-76.316803,0.3,5.71,3.199,28.81,7.69,77.261
2018-08-19T06:45:00Z,HAD,Harris_Creek_Downstream,38.712517,-76.316803,0.3,5.44,3.182,28.79,7.65,73.56
2018-08-19T07:00:00Z,HAD,Harris_Creek_Downstream,38.712517,-76.316803,0.3,5.42,3.16,28.8,7.65,73.191
2018-08-19T07:15:00Z,HAD,Harris_Creek_Downstream,38.712517,-76.316803,0.3,5.46,3.138,28.78,7.65,73.753
2018-08-19T07:30:00Z,HAD,Harris_Creek_Downstream,38.712517,-76.316803,0.3,5.46,3.12,28.79,7.65,73.728
2018-08-19T07:45:00Z,HAD,Harris_Creek_Downstream,38.712517,-76.316803,0.3,5.5,3.102,28.8,7.66,74.366
2018-08-19T08:00:00Z,HAD,Harris_Creek_Downstream,38.712517,-76.316803,0.3,5.27,3.089,28.8,7.66,71.185
2018-08-19T08:15:00Z,HAD,Harris_Creek_Downstream,38.712517,-76.316803,0.3,5.57,3.07,28.78,7.66,75.197
2018-08-19T08:30:00Z,HAD,Harris_Creek_Downstream,38.712517,-76.316803,0.3,5.15,3.059,28.79,7.66,69.641
2018-08-19T08:45:00Z,HAD,Harris_Creek_Downstream,38.712517,-76.316803,0.3,5.46,3.051,28.75,7.66,73.737
2018-08-19T09:00:00Z,HAD,Harris_Creek_Downstream,38.712517,-76.316803,0.3,5.23,3.047,28.75,7.66,70.657
2018-08-19T09:15:00Z,HAD,Harris_Creek_Downstream,38.712517,-76.316803,0.3,5.06,3.041,28.75,7.66,68.307
2018-08-19T09:30:00Z,HAD,Harris_Creek_Downstream,38.712517,-76.316803,0.3,5.21,3.043,28.74,7.67,70.354
2018-08-19T09:45:00Z,HAD,Harris_Creek_Downstream,38.712517,-76.316803,0.3,5.24,3.044,28.72,7.67,70.791
2018-08-19T10:00:00Z,HAD,Harris_Creek_Downstream,38.712517,-76.316803,0.3,5.25,3.049,28.71,7.67,70.85
2018-08-19T10:15:00Z,HAD,Harris_Creek_Downstream,38.712517,-76.316803,0.3,5.22,3.059,28.69,7.67,70.413
2018-08-19T10:30:00Z,HAD,Harris_Creek_Downstream,38.712517,-76.316803,0.3,5.16,3.072,28.66,7.67,69.574
2018-08-19T10:45:00Z,HAD,Harris_Creek_Downstream,38.712517,-76.316803,0.3,4.83,3.094,28.67,7.66,65.168
2018-08-19T11:00:00Z,HAD,Harris_Creek_Downstream,38.712517,-76.316803,0.3,5.1,3.111,28.64,7.65,68.693
2018-08-19T11:15:00Z,HAD,Harris_Creek_Downstream,38.712517,-76.316803,0.3,5.12,3.135,28.54,7.63,68.819
2018-08-19T11:30:00Z,HAD,Harris_Creek_Downstream,38.712517,-76.316803,0.3,5.29,3.158,28.54,7.64,71.152
2018-08-19T11:45:00Z,HAD,Harris_Creek_Downstream,38.712517,-76.316803,0.3,5.21,3.177,28.54,7.66,70.145
2018-08-19T12:00:00Z,HAD,Harris_Creek_Downstream,38.712517,-76.316803,0.3,5.04,3.194,28.5,7.67,67.786
2018-08-19T12:15:00Z,HAD,Harris_Creek_Downstream,38.712517,-76.316803,0.3,5.19,3.214,28.45,7.68,69.742
2018-08-19T12:30:00Z,HAD,Harris_Creek_Downstream,38.712517,-76.316803,0.3,5.11,3.235,28.47,7.69,68.71
2018-08-19T12:45:00Z,HAD,Harris_Creek_Downstream,38.712517,-76.316803,0.3,5.58,3.253,28.46,7.68,74.928
2018-08-19T13:00:00Z,HAD,Harris_Creek_Downstream,38.712517,-76.316803,0.3,5.63,3.263,28.46,7.69,75.734
2018-08-19T13:15:00Z,HAD,Harris_Creek_Downstream,38.712517,-76.316803,0.3,5.43,3.281,28.45,7.68,72.906
2018-08-19T13:30:00Z,HAD,Harris_Creek_Downstream,38.712517,-76.316803,0.3,5.28,3.29,28.45,7.68,70.984
2018-08-19T13:45:00Z,HAD,Harris_Creek_Downstream,38.712517,-76.316803,0.3,5.62,3.296,28.46,7.69,75.533
2018-08-19T14:00:00Z,HAD,Harris_Creek_Downstream,38.712517,-76.316803,0.3,5.46,3.302,28.47,7.69,73.392
2018-08-19T14:15:00Z,HAD,Harris_Creek_Downstream,38.712517,-76.316803,0.3,5.42,3.307,28.47,7.69,72.906
2018-08-19T14:30:00Z,HAD,Harris_Creek_Downstream,38.712517,-76.316803,0.3,5.42,3.31,28.46,7.69,72.906
2018-08-19T14:45:00Z,HAD,Harris_Creek_Downstream,38.712517,-76.316803,0.3,5.49,3.312,28.46,7.69,73.846
2018-08-19T15:00:00Z,HAD,Harris_Creek_Downstream,38.712517,-76.316803,0.3,5.39,3.31,28.46,7.68,72.486
2018-08-19T15:15:00Z,HAD,Harris_Creek_Downstream,38.712517,-76.316803,0.3,5.25,3.303,28.44,7.68,70.564
2018-08-19T15:30:00Z,HAD,Harris_Creek_Downstream,38.712517,-76.316803,0.3,5.31,3.296,28.44,7.68,71.37
2018-08-19T15:45:00Z,HAD,Harris_Creek_Downstream,38.712517,-76.316803,0.3,5.22,3.283,28.43,7.67,70.061
2018-08-19T16:00:00Z,HAD,Harris_Creek_Downstream,38.712517,-76.316803,0.3,5.57,3.265,28.47,7.67,74.861
2018-08-19T16:15:00Z,HAD,Harris_Creek_Downstream,38.712517,-76.316803,0.3,5.59,3.253,28.48,7.67,75.105
2018-08-19T16:30:00Z,HAD,Harris_Creek_Downstream,38.712517,-76.316803,0.3,5.57,3.241,28.49,7.67,74.878
2018-08-19T16:45:00Z,HAD,Harris_Creek_Downstream,38.712517,-76.316803,0.3,5.87,3.225,28.52,7.66,78.982
2018-08-19T17:00:00Z,HAD,Harris_Creek_Downstream,38.712517,-76.316803,0.3,5.82,3.207,28.54,7.66,78.26
2018-08-19T17:15:00Z,HAD,Harris_Creek_Downstream,38.712517,-76.316803,0.3,5.36,3.191,28.53,7.66,72.108
2018-08-19T17:30:00Z,HAD,Harris_Creek_Downstream,38.712517,-76.316803,0.3,5.83,3.171,28.66,7.67,78.596
2018-08-19T17:45:00Z,HAD,Harris_Creek_Downstream,38.712517,-76.316803,0.3,5.97,3.152,28.69,7.67,80.576
2018-08-19T18:00:00Z,HAD,Harris_Creek_Downstream,38.712517,-76.316803,0.3,5.86,3.134,28.72,7.67,79.141
2018-08-19T18:15:00Z,HAD,Harris_Creek_Downstream,38.712517,-76.316803,0.3,5.68,3.112,28.71,7.67,76.607
2018-08-19T18:30:00Z,HAD,Harris_Creek_Downstream,38.712517,-76.316803,0.3,4.9,3.097,28.71,7.67,66.125
2018-08-19T18:45:00Z,HAD,Harris_Creek_Downstream,38.712517,-76.316803,0.3,6.2,3.076,28.77,7.67,83.715
2018-08-19T19:00:00Z,HAD,Harris_Creek_Downstream,38.712517,-76.316803,0.3,5.54,3.058,28.68,7.67,74.752
2018-08-19T19:15:00Z,HAD,Harris_Creek_Downstream,38.712517,-76.316803,0.3,6.39,3.038,28.87,7.68,86.485
2018-08-19T19:30:00Z,HAD,Harris_Creek_Downstream,38.712517,-76.316803,0.3,6.6,3.023,28.98,7.68,89.472
2018-08-19T19:45:00Z,HAD,Harris_Creek_Downstream,38.712517,-76.316803,0.3,6.83,3.007,29.0,7.68,92.695
2018-08-19T20:00:00Z,HAD,Harris_Creek_Downstream,38.712517,-76.316803,0.3,5.93,2.991,29.0,7.69,80.434
2018-08-19T20:15:00Z,HAD,Harris_Creek_Downstream,38.712517,-76.316803,0.3,6.42,2.976,29.12,7.7,87.248
2018-08-19T20:30:00Z,HAD,Harris_Creek_Downstream,38.712517,-76.316803,0.3,7.0,2.969,29.18,7.7,95.246
2018-08-19T20:45:00Z,HAD,Harris_Creek_Downstream,38.712517,-76.316803,0.3,6.98,2.958,29.21,7.7,95.045
2018-08-19T21:00:00Z,HAD,Harris_Creek_Downstream,38.712517,-76.316803,0.3,6.52,2.951,29.21,7.7,88.734
2018-08-19T21:15:00Z,HAD,Harris_Creek_Downstream,38.712517,-76.316803,0.3,6.45,2.947,29.23,7.66,87.811
2018-08-19T21:30:00Z,HAD,Harris_Creek_Downstream,38.712517,-76.316803,0.3,7.41,2.943,29.29,7.71,100.953
2018-08-19T21:45:00Z,HAD,Harris_Creek_Downstream,38.712517,-76.316803,0.3,7.2,2.945,29.28,7.71,98.1
2018-08-19T22:00:00Z,HAD,Harris_Creek_Downstream,38.712517,-76.316803,0.3,6.93,2.955,29.26,7.71,94.466
2018-08-19T22:15:00Z,HAD,Harris_Creek_Downstream,38.712517,-76.316803,0.3,7.21,2.962,29.26,7.72,98.251
2018-08-19T22:30:00Z,HAD,Harris_Creek_Downstream,38.712517,-76.316803,0.3,7.35,2.975,29.24,7.71,100.164
2018-08-19T22:45:00Z,HAD,Harris_Creek_Downstream,38.712517,-76.316803,0.3,6.46,2.991,29.19,7.71,87.945
2018-08-19T23:00:00Z,HAD,Harris_Creek_Downstream,38.712517,-76.316803,0.3,6.97,3.015,29.18,7.7,94.835
2018-08-19T23:15:00Z,HAD,Harris_Creek_Downstream,38.712517,-76.316803,0.3,7.28,3.034,29.17,7.71,99.09
2018-08-19T23:30:00Z,HAD,Harris_Creek_Downstream,38.712517,-76.316803,0.3,7.36,3.063,29.17,7.71,100.156
2018-08-19T23:45:00Z,HAD,Harris_Creek_Downstream,38.712517,-76.316803,0.3,7.43,3.095,29.17,7.7,101.062
2018-08-20T00:00:00Z,HAD,Harris_Creek_Downstream,38.712517,-76.316803,0.3,7.52,3.134,29.14,7.7,102.312
2018-08-20T00:15:00Z,HAD,Harris_Creek_Downstream,38.712517,-76.316803,0.3,7.61,3.16,29.13,7.69,103.521
2018-08-20T00:30:00Z,HAD,Harris_Creek_Downstream,38.712517,-76.316803,0.3,7.65,3.19,29.09,7.68,103.957
2018-08-20T00:45:00Z,HAD,Harris_Creek_Downstream,38.712517,-76.316803,0.3,7.79,3.223,29.04,7.67,105.669
2018-08-20T01:00:00Z,HAD,Harris_Creek_Downstream,38.712517,-76.316803,0.3,7.71,3.254,29.02,7.66,104.637
2018-08-20T01:15:00Z,HAD,Harris_Creek_Downstream,38.712517,-76.316803,0.3,7.68,3.286,29.0,7.66,104.184
2018-08-20T01:30:00Z,HAD,Harris_Creek_Downstream,38.712517,-76.316803,0.3,7.64,3.312,28.97,7.66,103.529
2018-08-20T01:45:00Z,HAD,Harris_Creek_Downstream,38.712517,-76.316803,0.3,7.63,3.338,28.92,7.64,103.378
2018-08-20T02:00:00Z,HAD,Harris_Creek_Downstream,38.712517,-76.316803,0.3,7.55,3.362,28.92,7.64,102.203
2018-08-20T02:15:00Z,HAD,Harris_Creek_Downstream,38.712517,-76.316803,0.3,7.6,3.381,28.9,7.63,102.875
2018-08-20T02:30:00Z,HAD,Harris_Creek_Downstream,38.712517,-76.316803,0.3,7.48,3.401,28.84,7.61,101.171
2018-08-20T02:45:00Z,HAD,Harris_Creek_Downstream,38.712517,-76.316803,0.3,7.56,3.418,28.82,7.59,102.203
2018-08-20T03:00:00Z,HAD,Harris_Creek_Downstream,38.712517,-76.316803,0.3,7.42,3.436,28.81,7.58,100.29
2018-08-20T03:15:00Z,HAD,Harris_Creek_Downstream,38.712517,-76.316803,0.3,7.4,3.456,28.8,7.57,99.921
2018-08-20T03:30:00Z,HAD,Harris_Creek_Downstream,38.712517,-76.316803,0.3,7.37,3.467,28.8,7.57,99.635
2018-08-20T03:45:00Z,HAD,Harris_Creek_Downstream,38.712517,-76.316803,0.3,7.19,3.47,28.79,7.56,97.134
2018-08-20T04:00:00Z,HAD,Harris_Creek_Downstream,38.712517,-76.316803,0.3,7.08,3.482,28.78,7.56,95.548
2018-08-20T04:15:00Z,HAD,Harris_Creek_Downstream,38.712517,-76.316803,0.3,7.07,3.482,28.76,7.55,95.464
2018-08-20T04:30:00Z,HAD,Harris_Creek_Downstream,38.712517,-76.316803,0.3,7.05,3.483,28.71,7.54,95.145
2018-08-20T04:45:00Z,HAD,Harris_Creek_Downstream,38.712517,-76.316803,0.3,6.66,3.479,28.68,7.54,89.774
2018-08-20T05:00:00Z,HAD,Harris_Creek_Downstream,38.712517,-76.316803,0.3,6.92,3.473,28.64,7.55,93.257
2018-08-20T05:15:00Z,HAD,Harris_Creek_Downstream,38.712517,-76.316803,0.3,6.7,3.464,28.65,7.55,90.303
2018-08-20T05:30:00Z,HAD,Harris_Creek_Downstream,38.712517,-76.316803,0.3,6.96,3.459,28.64,7.53,93.761
2018-08-20T05:45:00Z,HAD,Harris_Creek_Downstream,38.712517,-76.316803,0.3,6.8,3.443,28.64,7.52,91.537
2018-08-20T06:00:00Z,HAD,Harris_Creek_Downstream,38.712517,-76.316803,0.3,6.91,3.435,28.59,7.5,93.047
2018-08-20T06:15:00Z,HAD,Harris_Creek_Downstream,38.712517,-76.316803,0.3,6.65,3.424,28.58,7.49,89.497
2018-08-20T06:30:00Z,HAD,Harris_Creek_Downstream,38.712517,-76.316803,0.3,6.78,3.409,28.56,7.48,91.125
2018-08-20T06:45:00Z,HAD,Harris_Creek_Downstream,38.712517,-76.316803,0.3,6.55,3.395,28.56,7.49,88.087
2018-08-20T07:00:00Z,HAD,Harris_Creek_Downstream,38.712517,-76.316803,0.3,6.52,3.377,28.54,7.48,87.693
2018-08-20T07:15:00Z,HAD,Harris_Creek_Downstream,38.712517,-76.316803,0.3,6.64,3.361,28.51,7.48,89.254
2018-08-20T07:30:00Z,HAD,Harris_Creek_Downstream,38.712517,-76.316803,0.3,6.45,3.345,28.51,7.47,86.694
2018-08-20T07:45:00Z,HAD,Harris_Creek_Downstream,38.712517,-76.316803,0.3,6.67,3.326,28.47,7.48,89.581
2018-08-20T08:00:00Z,HAD,Harris_Creek_Downstream,38.712517,-76.316803,0.3,6.6,3.313,28.47,7.48,88.557
2018-08-20T08:15:00Z,HAD,Harris_Creek_Downstream,38.712517,-76.316803,0.3,6.37,3.297,28.46,7.49,85.469
2018-08-20T08:30:00Z,HAD,Harris_Creek_Downstream,38.712517,-76.316803,0.3,6.52,3.289,28.43,7.48,87.492
2018-08-20T08:45:00Z,HAD,Harris_Creek_Downstream,38.712517,-76.316803,0.3,6.44,3.276,28.42,7.48,86.409
2018-08-20T09:00:00Z,HAD,Harris_Creek_Downstream,38.712517,-76.316803,0.3,6.32,3.264,28.41,7.48,84.747
2018-08-20T09:15:00Z,HAD,Harris_Creek_Downstream,38.712517,-76.316803,0.3,6.43,3.252,28.38,7.48,86.25
2018-08-20T09:30:00Z,HAD,Harris_Creek_Downstream,38.712517,-76.316803,0.3,6.38,3.249,28.36,7.48,85.435
2018-08-20T09:45:00Z,HAD,Harris_Creek_Downstream,38.712517,-76.316803,0.3,6.32,3.239,28.32,7.47,84.621
2018-08-20T10:00:00Z,HAD,Harris_Creek_Downstream,38.712517,-76.316803,0.3,6.26,3.245,28.31,7.47,83.858
2018-08-20T10:15:00Z,HAD,Harris_Creek_Downstream,38.712517,-76.316803,0.3,6.16,3.242,28.28,7.46,82.448
2018-08-20T10:30:00Z,HAD,Harris_Creek_Downstream,38.712517,-76.316803,0.3,5.8,3.244,28.23,7.44,77.555
2018-08-20T10:45:00Z,HAD,Harris_Creek_Downstream,38.712517,-76.316803,0.3,5.71,3.252,28.24,7.43,76.38
2018-08-20T11:00:00Z,HAD,Harris_Creek_Downstream,38.712517,-76.316803,0.3,6.22,3.259,28.15,7.42,83.086
2018-08-20T11:15:00Z,HAD,Harris_Creek_Downstream,38.712517,-76.316803,0.3,6.0,3.278,28.18,7.41,80.148
2018-08-20T11:30:00Z,HAD,Harris_Creek_Downstream,38.712517,-76.316803,0.3,6.41,3.29,28.09,7.41,85.419
2018-08-20T11:45:00Z,HAD,Harris_Creek_Downstream,38.712517,-76.316803,0.3,6.38,3.303,28.06,7.41,85.016
2018-08-20T12:00:00Z,HAD,Harris_Creek_Downstream,38.712517,-76.316803,0.3,6.45,3.336,28.07,7.41,86.023
2018-08-20T12:15:00Z,HAD,Harris_Creek_Downstream,38.712517,-76.316803,0.3,6.46,3.354,28.09,7.43,86.149
2018-08-20T12:30:00Z,HAD,Harris_Creek_Downstream,38.712517,-76.316803,0.3,6.42,3.382,28.09,7.41,85.587
2018-08-20T12:45:00Z,HAD,Harris_Creek_Downstream,38.712517,-76.316803,0.3,6.36,3.403,28.03,7.38,84.747
2018-08-20T13:00:00Z,HAD,Harris_Creek_Downstream,38.712517,-76.316803,0.3,6.3,3.43,28.03,7.37,83.849
2018-08-20T13:15:00Z,HAD,Harris_Creek_Downstream,38.712517,-76.316803,0.3,6.47,3.457,28.0,7.37,86.09
2018-08-20T13:30:00Z,HAD,Harris_Creek_Downstream,38.712517,-76.316803,0.3,6.44,3.486,28.0,7.37,85.729
2018-08-20T13:45:00Z,HAD,Harris_Creek_Downstream,38.712517,-76.316803,0.3,6.52,3.503,28.05,7.39,86.829
2018-08-20T14:00:00Z,HAD,Harris_Creek_Downstream,38.712517,-76.316803,0.3,6.39,3.527,28.06,7.41,85.167
2018-08-20T14:15:00Z,HAD,Harris_Creek_Downstream,38.712517,-76.316803,0.3,6.41,3.558,28.06,7.42,85.368
2018-08-20T14:30:00Z,HAD,Harris_Creek_Downstream,38.712517,-76.316803,0.3,6.3,3.577,28.07,7.43,83.992
2018-08-20T14:45:00Z,HAD,Harris_Creek_Downstream,38.712517,-76.316803,0.3,6.12,3.59,28.07,7.44,81.625
2018-08-20T15:00:00Z,HAD,Harris_Creek_Downstream,38.712517,-76.316803,0.3,5.95,3.609,28.05,7.45,79.334
2018-08-20T15:15:00Z,HAD,Harris_Creek_Downstream,38.712517,-76.316803,0.3,5.87,3.613,28.05,7.46,78.277
2018-08-20T15:30:00Z,HAD,Harris_Creek_Downstream,38.712517,-76.316803,0.3,5.57,3.62,28.04,7.46,74.282
2018-08-20T15:45:00Z,HAD,Harris_Creek_Downstream,38.712517,-76.316803,0.3,5.61,3.624,28.03,7.46,74.702
2018-08-20T16:00:00Z,HAD,Harris_Creek_Downstream,38.712517,-76.316803,0.3,4.65,3.63,27.93,7.46,61.895
2018-08-20T16:15:00Z,HAD,Harris_Creek_Downstream,38.712517,-76.316803,0.3,4.63,3.637,27.99,7.45,61.61
2018-08-20T16:30:00Z,HAD,Harris_Creek_Downstream,38.712517,-76.316803,0.3,4.55,3.636,27.98,7.46,60.493
2018-08-20T16:45:00Z,HAD,Harris_Creek_Downstream,38.712517,-76.316803,0.3,5.38,3.635,28.03,7.49,71.697
2018-08-20T17:00:00Z,HAD,Harris_Creek_Downstream,38.712517,-76.316803,0.3,5.18,3.626,28.0,7.5,68.995
2018-08-20T17:15:00Z,HAD,Harris_Creek_Downstream,38.712517,-76.316803,0.3,5.08,3.62,27.99,7.51,67.652
2018-08-20T17:30:00Z,HAD,Harris_Creek_Downstream,38.712517,-76.316803,0.3,5.08,3.612,28.01,7.51,67.669
2018-08-20T17:45:00Z,HAD,Harris_Creek_Downstream,38.712517,-76.316803,0.3,5.28,3.601,28.02,7.49,70.279
2018-08-20T18:00:00Z,HAD,Harris_Creek_Downstream,38.712517,-76.316803,0.3,5.34,3.586,28.04,7.49,71.118
2018-08-20T18:15:00Z,HAD,Harris_Creek_Downstream,38.712517,-76.316803,0.3,5.46,3.578,28.05,7.48,72.738
2018-08-20T18:30:00Z,HAD,Harris_Creek_Downstream,38.712517,-76.316803,0.3,5.45,3.556,28.07,7.48,72.721
2018-08-20T18:45:00Z,HAD,Harris_Creek_Downstream,38.712517,-76.316803,0.3,5.6,3.532,28.05,7.47,74.643
2018-08-20T19:00:00Z,HAD,Harris_Creek_Downstream,38.712517,-76.316803,0.3,5.2,3.508,28.03,7.47,69.347
2018-08-20T19:15:00Z,HAD,Harris_Creek_Downstream,38.712517,-76.316803,0.3,5.07,3.489,28.04,7.45,67.61
2018-08-20T19:30:00Z,HAD,Harris_Creek_Downstream,38.712517,-76.316803,0.3,4.65,3.471,28.06,7.46,61.929
2018-08-20T19:45:00Z,HAD,Harris_Creek_Downstream,38.712517,-76.316803,0.3,5.09,3.456,28.07,7.45,67.904
2018-08-20T20:00:00Z,HAD,Harris_Creek_Downstream,38.712517,-76.316803,0.3,5.72,3.437,28.1,7.44,76.296
2018-08-20T20:15:00Z,HAD,Harris_Creek_Downstream,38.712517,-76.316803,0.3,6.15,3.422,28.13,7.42,82.095
2018-08-20T20:30:00Z,HAD,Harris_Creek_Downstream,38.712517,-76.316803,0.3,6.68,3.403,28.15,7.4,89.111
2018-08-20T20:45:00Z,HAD,Harris_Creek_Downstream,38.712517,-76.316803,0.3,6.95,3.387,28.15,7.39,92.703
2018-08-20T21:00:00Z,HAD,Harris_Creek_Downstream,38.712517,-76.316803,0.3,7.18,3.376,28.13,7.38,95.775
2018-08-20T21:15:00Z,HAD,Harris_Creek_Downstream,38.712517,-76.316803,0.3,6.94,3.365,28.13,7.38,92.569
2018-08-20T21:30:00Z,HAD,Harris_Creek_Downstream,38.712517,-76.316803,0.3,7.05,3.355,28.13,7.38,93.996
2018-08-20T21:45:00Z,HAD,Harris_Creek_Downstream,38.712517,-76.316803,0.3,6.72,3.338,28.13,7.38,89.674
2018-08-20T22:00:00Z,HAD,Harris_Creek_Downstream,38.712517,-76.316803,0.3,7.07,3.326,28.14,7.38,94.382
2018-08-20T22:15:00Z,HAD,Harris_Creek_Downstream,38.712517,-76.316803,0.3,7.0,3.318,28.14,7.38,93.375
2018-08-20T22:30:00Z,HAD,Harris_Creek_Downstream,38.712517,-76.316803,0.3,7.08,3.321,28.14,7.38,94.415
2018-08-20T22:45:00Z,HAD,Harris_Creek_Downstream,38.712517,-76.316803,0.3,6.97,3.323,28.14,7.38,92.955
2018-08-20T23:00:00Z,HAD,Harris_Creek_Downstream,38.712517,-76.316803,0.3,6.93,3.331,28.12,7.38,92.485
2018-08-20T23:15:00Z,HAD,Harris_Creek_Downstream,38.712517,-76.316803,0.3,7.07,3.342,28.1,7.38,94.231
2018-08-20T23:30:00Z,HAD,Harris_Creek_Downstream,38.712517,-76.316803,0.3,6.69,3.355,28.1,7.37,89.153
2018-08-20T23:45:00Z,HAD,Harris_Creek_Downstream,38.712517,-76.316803,0.3,6.89,3.364,28.08,7.37,91.814
2018-08-21T00:00:00Z,HAD,Harris_Creek_Downstream,38.712517,-76.316803,0.3,7.16,3.381,28.06,7.36,95.364
2018-08-21T00:15:00Z,HAD,Harris_Creek_Downstream,38.712517,-76.316803,0.3,7.14,3.404,28.05,7.36,95.045
2018-08-21T00:30:00Z,HAD,Harris_Creek_Downstream,38.712517,-76.316803,0.3,7.13,3.429,28.06,7.38,94.952
2018-08-21T00:45:00Z,HAD,Harris_Creek_Downstream,38.712517,-76.316803,0.3,7.22,3.448,28.06,7.38,96.161
2018-08-21T01:00:00Z,HAD,Harris_Creek_Downstream,38.712517,-76.316803,0.3,7.15,3.476,28.08,7.39,95.338
2018-08-21T01:15:00Z,HAD,Harris_Creek_Downstream,38.712517,-76.316803,0.3,7.43,3.514,28.04,7.4,98.947
2018-08-21T01:30:00Z,HAD,Harris_Creek_Downstream,38.712517,-76.316803,0.3,7.29,3.537,27.92,7.43,96.958
2018-08-21T01:45:00Z,HAD,Harris_Creek_Downstream,38.712517,-76.316803,0.3,7.18,3.569,27.88,7.46,95.406
2018-08-21T02:00:00Z,HAD,Harris_Creek_Downstream,38.712517,-76.316803,0.3,7.23,3.593,27.87,7.46,96.102
2018-08-21T02:15:00Z,HAD,Harris_Creek_Downstream,38.712517,-76.316803,0.3,7.11,3.619,27.87,7.45,94.407
2018-08-21T02:30:00Z,HAD,Harris_Creek_Downstream,38.712517,-76.316803,0.3,7.11,3.646,27.86,7.43,94.457
2018-08-21T02:45:00Z,HAD,Harris_Creek_Downstream,38.712517,-76.316803,0.3,7.1,3.666,27.85,7.42,94.281
2018-08-21T03:00:00Z,HAD,Harris_Creek_Downstream,38.712517,-76.316803,0.3,6.96,3.686,27.85,7.42,92.351
2018-08-21T03:15:00Z,HAD,Harris_Creek_Downstream,38.712517,-76.316803,0.3,7.06,3.707,27.81,7.37,93.626
2018-08-21T03:30:00Z,HAD,Harris_Creek_Downstream,38.712517,-76.316803,0.3,7.0,3.726,27.79,7.35,92.745
2018-08-21T03:45:00Z,HAD,Harris_Creek_Downstream,38.712517,-76.316803,0.3,7.04,3.736,27.75,7.33,93.324
2018-08-21T04:00:00Z,HAD,Harris_Creek_Downstream,38.712517,-76.316803,0.3,6.74,3.742,27.76,7.33,89.355
2018-08-21T04:15:00Z,HAD,Harris_Creek_Downstream,38.712517,-76.316803,0.3,6.84,3.75,27.74,7.32,90.605
2018-08-21T04:30:00Z,HAD,Harris_Creek_Downstream,38.712517,-76.316803,0.3,6.62,3.753,27.74,7.31,87.634
2018-08-21T04:45:00Z,HAD,Harris_Creek_Downstream,38.712517,-76.316803,0.3,6.73,3.749,27.7,7.29,89.103
2018-08-21T05:00:00Z,HAD,Harris_Creek_Downstream,38.712517,-76.316803,0.3,6.79,3.746,27.69,7.29,89.816
2018-08-21T05:15:00Z,HAD,Harris_Creek_Downstream,38.712517,-76.316803,0.3,6.8,3.743,27.66,7.28,89.917
2018-08-21T05:30:00Z,HAD,Harris_Creek_Downstream,38.712517,-76.316803,0.3,6.44,3.733,27.66,7.28,85.167
2018-08-21T05:45:00Z,HAD,Harris_Creek_Downstream,38.712517,-76.316803,0.3,6.24,3.725,27.65,7.29,82.49
2018-08-21T06:00:00Z,HAD,Harris_Creek_Downstream,38.712517,-76.316803,0.3,6.22,3.711,27.64,7.29,82.28
2018-08-21T06:15:00Z,HAD,Harris_Creek_Downstream,38.712517,-76.316803,0.3,6.1,3.697,27.62,7.29,80.618
2018-08-21T06:30:00Z,HAD,Harris_Creek_Downstream,38.712517,-76.316803,0.3,6.36,3.681,27.59,7.29,83.958
2018-08-21T06:45:00Z,HAD,Harris_Creek_Downstream,38.712517,-76.316803,0.3,6.24,3.67,27.58,7.3,82.439
2018-08-21T07:00:00Z,HAD,Harris_Creek_Downstream,38.712517,-76.316803,0.3,6.14,3.653,27.57,7.32,81.08
2018-08-21T07:15:00Z,HAD,Harris_Creek_Downstream,38.712517,-76.316803,0.3,6.39,3.635,27.56,7.35,84.386
2018-08-21T07:30:00Z,HAD,Harris_Creek_Downstream,38.712517,-76.316803,0.3,6.26,3.614,27.56,7.38,82.742
2018-08-21T07:45:00Z,HAD,Harris_Creek_Downstream,38.712517,-76.316803,0.3,6.19,3.591,27.55,7.39,81.776
2018-08-21T08:00:00Z,HAD,Harris_Creek_Downstream,38.712517,-76.316803,0.3,6.36,3.573,27.58,7.44,83.992
2018-08-21T08:15:00Z,HAD,Harris_Creek_Downstream,38.712517,-76.316803,0.3,6.32,3.564,27.59,7.45,83.505
2018-08-21T08:30:00Z,HAD,Harris_Creek_Downstream,38.712517,-76.316803,0.3,6.32,3.544,27.55,7.44,83.497
2018-08-21T08:45:00Z,HAD,Harris_Creek_Downstream,38.712517,-76.316803,0.3,6.19,3.519,27.55,7.43,81.718
2018-08-21T09:00:00Z,HAD,Harris_Creek_Downstream,38.712517,-76.316803,0.3,5.94,3.497,27.53,7.43,78.378
2018-08-21T09:15:00Z,HAD,Harris_Creek_Downstream,38.712517,-76.316803,0.3,5.91,3.477,27.46,7.44,77.95
2018-08-21T09:30:00Z,HAD,Harris_Creek_Downstream,38.712517,-76.316803,0.3,5.6,3.464,27.45,7.43,73.896
2018-08-21T09:45:00Z,HAD,Harris_Creek_Downstream,38.712517,-76.316803,0.3,5.61,3.446,27.44,7.42,74.005
2018-08-21T10:00:00Z,HAD,Harris_Creek_Downstream,38.712517,-76.316803,0.3,5.49,3.434,27.44,7.42,72.36
2018-08-21T10:15:00Z,HAD,Harris_Creek_Downstream,38.712517,-76.316803,0.3,5.57,3.424,27.42,7.41,73.434
2018-08-21T10:30:00Z,HAD,Harris_Creek_Downstream,38.712517,-76.316803,0.3,5.77,3.417,27.39,7.41,75.944
2018-08-21T10:45:00Z,HAD,Harris_Creek_Downstream,38.712517,-76.316803,0.3,5.85,3.411,27.37,7.4,77.06
2018-08-21T11:00:00Z,HAD,Harris_Creek_Downstream,38.712517,-76.316803,0.3,5.6,3.416,27.36,7.4,73.678
2018-08-21T11:15:00Z,HAD,Harris_Creek_Downstream,38.712517,-76.316803,0.3,5.49,3.404,27.34,7.4,72.176
2018-08-21T11:30:00Z,HAD,Harris_Creek_Downstream,38.712517,-76.316803,0.3,5.53,3.408,27.32,7.4,72.713
2018-08-21T11:45:00Z,HAD,Harris_Creek_Downstream,38.712517,-76.316803,0.3,5.39,3.419,27.3,7.4,70.833
2018-08-21T12:00:00Z,HAD,Harris_Creek_Downstream,38.712517,-76.316803,0.3,5.31,3.42,27.3,7.4,69.767
2018-08-21T12:15:00Z,HAD,Harris_Creek_Downstream,38.712517,-76.316803,0.3,5.48,3.429,27.3,7.4,72.008
2018-08-21T12:30:00Z,HAD,Harris_Creek_Downstream,38.712517,-76.316803,0.3,5.37,3.442,27.29,7.4,70.648
2018-08-21T12:45:00Z,HAD,Harris_Creek_Downstream,38.712517,-76.316803,0.3,5.47,3.452,27.27,7.41,71.915
2018-08-21T13:00:00Z,HAD,Harris_Creek_Downstream,38.712517,-76.316803,0.3,5.72,3.464,27.26,7.43,75.222
2018-08-21T13:15:00Z,HAD,Harris_Creek_Downstream,38.712517,-76.316803,0.3,6.15,3.501,27.24,7.39,80.836
2018-08-21T13:30:00Z,HAD,Harris_Creek_Downstream,38.712517,-76.316803,0.3,6.28,3.504,27.17,7.35,82.305
2018-08-21T13:45:00Z,HAD,Harris_Creek_Downstream,38.712517,-76.316803,0.3,6.59,3.527,27.15,7.4,86.375
2018-08-21T14:00:00Z,HAD,Harris_Creek_Downstream,38.712517,-76.316803,0.3,6.66,3.545,26.95,7.31,86.971
2018-08-21T14:15:00Z,HAD,Harris_Creek_Downstream,38.712517,-76.316803,0.3,6.67,3.568,26.84,7.29,86.929
2018-08-21T14:30:00Z,HAD,Harris_Creek_Downstream,38.712517,-76.316803,0.3,6.71,3.587,26.93,7.33,87.651
2018-08-21T14:45:00Z,HAD,Harris_Creek_Downstream,38.712517,-76.316803,0.3,6.62,3.612,26.88,7.33,86.392
2018-08-21T15:00:00Z,HAD,Harris_Creek_Downstream,38.712517,-76.316803,0.3,6.78,3.62,26.86,7.3,88.381
2018-08-21T15:15:00Z,HAD,Harris_Creek_Downstream,38.712517,-76.316803,0.3,6.71,3.641,26.93,7.3,87.609
2018-08-21T15:30:00Z,HAD,Harris_Creek_Downstream,38.712517,-76.316803,0.3,6.64,3.668,27.01,7.3,86.871
2018-08-21T15:45:00Z,HAD,Harris_Creek_Downstream,38.712517,-76.316803,0.3,6.46,3.68,27.03,7.3,84.538
2018-08-21T16:00:00Z,HAD,Harris_Creek_Downstream,38.712517,-76.316803,0.3,6.52,3.697,27.09,7.3,85.402
2018-08-21T16:15:00Z,HAD,Harris_Creek_Downstream,38.712517,-76.316803,0.3,6.5,3.707,27.12,7.29,85.091
2018-08-21T16:30:00Z,HAD,Harris_Creek_Downstream,38.712517,-76.316803,0.3,6.55,3.718,27.15,7.28,85.847
2018-08-21T16:45:00Z,HAD,Harris_Creek_Downstream,38.712517,-76.316803,0.3,6.72,3.724,27.2,7.28,88.096
2018-08-21T17:00:00Z,HAD,Harris_Creek_Downstream,38.712517,-76.316803,0.3,6.75,3.724,27.23,7.28,88.557
2018-08-21T17:15:00Z,HAD,Harris_Creek_Downstream,38.712517,-76.316803,0.3,6.42,3.719,27.2,7.28,84.244
2018-08-21T17:30:00Z,HAD,Harris_Creek_Downstream,38.712517,-76.316803,0.3,6.13,3.717,27.19,7.29,80.358
2018-08-21T17:45:00Z,HAD,Harris_Creek_Downstream,38.712517,-76.316803,0.3,6.25,3.714,27.17,7.29,81.927
2018-08-21T18:00:00Z,HAD,Harris_Creek_Downstream,38.712517,-76.316803,0.3,5.83,3.716,27.15,7.29,76.363
2018-08-21T18:15:00Z,HAD,Harris_Creek_Downstream,38.712517,-76.316803,0.3,6.14,3.706,27.17,7.29,80.467
2018-08-21T18:30:00Z,HAD,Harris_Creek_Downstream,38.712517,-76.316803,0.3,6.11,3.683,27.16,7.29,80.106
2018-08-21T18:45:00Z,HAD,Harris_Creek_Downstream,38.712517,-76.316803,0.3,6.42,3.668,27.13,7.29,84.168
2018-08-21T19:00:00Z,HAD,Harris_Creek_Downstream,38.712517,-76.316803,0.3,6.48,3.66,27.08,7.29,84.764
2018-08-21T19:15:00Z,HAD,Harris_Creek_Downstream,38.712517,-76.316803,0.3,6.46,3.629,26.99,7.28,84.386
2018-08-21T19:30:00Z,HAD,Harris_Creek_Downstream,38.712517,-76.316803,0.3,6.08,3.613,27.01,7.29,79.452
2018-08-21T19:45:00Z,HAD,Harris_Creek_Downstream,38.712517,-76.316803,0.3,6.34,3.596,27.01,7.3,82.926
2018-08-21T20:00:00Z,HAD,Harris_Creek_Downstream,38.712517,-76.316803,0.3,6.15,3.571,27.0,7.29,80.4
2018-08-21T20:15:00Z,HAD,Harris_Creek_Downstream,38.712517,-76.316803,0.3,6.03,3.549,27.05,7.31,78.856
2018-08-21T20:30:00Z,HAD,Harris_Creek_Downstream,38.712517,-76.316803,0.3,6.05,3.517,27.13,7.32,79.217
2018-08-21T20:45:00Z,HAD,Harris_Creek_Downstream,38.712517,-76.316803,0.3,5.99,3.489,27.18,7.33,78.562
2018-08-21T21:00:00Z,HAD,Harris_Creek_Downstream,38.712517,-76.316803,0.3,5.94,3.46,27.19,7.32,77.924
2018-08-21T21:15:00Z,HAD,Harris_Creek_Downstream,38.712517,-76.316803,0.3,5.78,3.442,27.17,7.32,75.759
2018-08-21T21:30:00Z,HAD,Harris_Creek_Downstream,38.712517,-76.316803,0.3,5.77,3.423,27.18,7.32,75.625
2018-08-21T21:45:00Z,HAD,Harris_Creek_Downstream,38.712517,-76.316803,0.3,5.73,3.409,27.19,7.32,75.155
2018-08-21T22:00:00Z,HAD,Harris_Creek_Downstream,38.712517,-76.316803,0.3,5.77,3.391,27.21,7.33,75.742
2018-08-21T22:15:00Z,HAD,Harris_Creek_Downstream,38.712517,-76.316803,0.3,5.89,3.378,27.23,7.34,77.261
2018-08-21T22:30:00Z,HAD,Harris_Creek_Downstream,38.712517,-76.316803,0.3,5.78,3.355,27.22,7.34,75.86
2018-08-21T22:45:00Z,HAD,Harris_Creek_Downstream,38.712517,-76.316803,0.3,5.74,3.341,27.21,7.35,75.323
2018-08-21T23:00:00Z,HAD,Harris_Creek_Downstream,38.712517,-76.316803,0.3,5.75,3.336,27.19,7.34,75.465
2018-08-21T23:15:00Z,HAD,Harris_Creek_Downstream,38.712517,-76.316803,0.3,5.52,3.327,27.15,7.36,72.402
2018-08-21T23:30:00Z,HAD,Harris_Creek_Downstream,38.712517,-76.316803,0.3,5.49,3.355,27.12,7.37,71.907
2018-08-21T23:45:00Z,HAD,Harris_Creek_Downstream,38.712517,-76.316803,0.3,5.87,3.369,27.15,7.34,76.926
2018-08-22T00:00:00Z,HAD,Harris_Creek_Downstream,38.712517,-76.316803,0.3,5.9,3.39,27.14,7.34,77.396
2018-08-22T00:15:00Z,HAD,Harris_Creek_Downstream,38.712517,-76.316803,0.3,5.93,3.395,27.03,7.31,77.522
2018-08-22T00:30:00Z,HAD,Harris_Creek_Downstream,38.712517,-76.316803,0.3,6.05,3.396,26.89,7.25,78.889
2018-08-22T00:45:00Z,HAD,Harris_Creek_Downstream,38.712517,-76.316803,0.3,6.12,3.409,26.87,7.24,79.796
2018-08-22T01:00:00Z,HAD,Harris_Creek_Downstream,38.712517,-76.316803,0.3,6.01,3.424,26.89,7.24,78.361
2018-08-22T01:15:00Z,HAD,Harris_Creek_Downstream,38.712517,-76.316803,0.3,6.25,3.444,27.02,7.26,81.667
2018-08-22T01:30:00Z,HAD,Harris_Creek_Downstream,38.712517,-76.316803,0.3,6.52,3.461,27.12,7.27,85.427
2018-08-22T01:45:00Z,HAD,Harris_Creek_Downstream,38.712517,-76.316803,0.3,6.3,3.484,27.1,7.27,82.448
2018-08-22T02:00:00Z,HAD,Harris_Creek_Downstream,38.712517,-76.316803,0.3,5.99,3.506,27.08,7.26,78.394
2018-08-22T02:15:00Z,HAD,Harris_Creek_Downstream,38.712517,-76.316803,0.3,6.05,3.53,26.89,7.25,78.881
2018-08-22T02:30:00Z,HAD,Harris_Creek_Downstream,38.712517,-76.316803,0.3,6.0,3.567,27.0,7.31,78.394
2018-08-22T02:45:00Z,HAD,Harris_Creek_Downstream,38.712517,-76.316803,0.3,6.06,3.594,27.03,7.34,79.25
2018-08-22T03:00:00Z,HAD,Harris_Creek_Downstream,38.712517,-76.316803,0.3,5.99,3.63,27.03,7.33,78.361
2018-08-22T03:15:00Z,HAD,Harris_Creek_Downstream,38.712517,-76.316803,0.3,5.9,3.662,27.03,7.32,77.228
2018-08-22T03:30:00Z,HAD,Harris_Creek_Downstream,38.712517,-76.316803,0.3,5.93,3.683,27.03,7.29,77.572
2018-08-22T03:45:00Z,HAD,Harris_Creek_Downstream,38.712517,-76.316803,0.3,6.08,3.711,26.95,7.28,79.376
2018-08-22T04:00:00Z,HAD,Harris_Creek_Downstream,38.712517,-76.316803,0.3,6.33,3.737,26.87,7.24,82.49
2018-08-22T04:15:00Z,HAD,Harris_Creek_Downstream,38.712517,-76.316803,0.3,6.49,3.76,26.93,7.23,84.647
2018-08-22T04:30:00Z,HAD,Harris_Creek_Downstream,38.712517,-76.316803,0.3,6.5,3.781,26.97,7.23,84.949
2018-08-22T04:45:00Z,HAD,Harris_Creek_Downstream,38.712517,-76.316803,0.3,6.51,3.786,27.0,7.22,85.066
2018-08-22T05:00:00Z,HAD,Harris_Creek_Downstream,38.712517,-76.316803,0.3,6.33,3.799,27.02,7.22,82.708
2018-08-22T05:15:00Z,HAD,Harris_Creek_Downstream,38.712517,-76.316803,0.3,6.73,3.804,27.05,7.23,87.962
2018-08-22T05:30:00Z,HAD,Harris_Creek_Downstream,38.712517,-76.316803,0.3,6.6,3.805,27.05,7.23,86.367
2018-08-22T05:45:00Z,HAD,Harris_Creek_Downstream,38.712517,-76.316803,0.3,6.17,3.804,27.02,7.25,80.602
2018-08-22T06:00:00Z,HAD,Harris_Creek_Downstream,38.712517,-76.316803,0.3,6.25,3.804,27.01,7.25,81.718
2018-08-22T06:15:00Z,HAD,Harris_Creek_Downstream,38.712517,-76.316803,0.3,5.88,3.796,27.01,7.26,76.817
2018-08-22T06:30:00Z,HAD,Harris_Creek_Downstream,38.712517,-76.316803,0.3,5.94,3.784,26.99,7.26,77.597
2018-08-22T06:45:00Z,HAD,Harris_Creek_Downstream,38.712517,-76.316803,0.3,6.19,3.768,26.97,7.26,80.912
2018-08-22T07:00:00Z,HAD,Harris_Creek_Downstream,38.712517,-76.316803,0.3,5.88,3.748,26.96,7.23,76.833
2018-08-22T07:15:00Z,HAD,Harris_Creek_Downstream,38.712517,-76.316803,0.3,5.9,3.727,26.94,7.27,76.993
2018-08-22T07:30:00Z,HAD,Harris_Creek_Downstream,38.712517,-76.316803,0.3,5.95,3.705,26.92,7.28,77.605
2018-08-22T07:45:00Z,HAD,Harris_Creek_Downstream,38.712517,-76.316803,0.3,5.79,3.684,26.91,7.29,75.574
2018-08-22T08:00:00Z,HAD,Harris_Creek_Downstream,38.712517,-76.316803,0.3,5.71,3.663,26.89,7.3,74.45
2018-08-22T08:15:00Z,HAD,Harris_Creek_Downstream,38.712517,-76.316803,0.3,5.78,3.634,26.86,7.3,75.356
2018-08-22T08:30:00Z,HAD,Harris_Creek_Downstream,38.712517,-76.316803,0.3,5.81,3.61,26.85,7.3,75.734
2018-08-22T08:45:00Z,HAD,Harris_Creek_Downstream,38.712517,-76.316803,0.3,5.7,3.583,26.86,7.32,74.324
2018-08-22T09:00:00Z,HAD,Harris_Creek_Downstream,38.712517,-76.316803,0.3,5.56,3.56,26.83,7.32,72.478
2018-08-22T09:15:00Z,HAD,Harris_Creek_Downstream,38.712517,-76.316803,0.3,5.33,3.536,26.81,7.3,69.406
2018-08-22T09:30:00Z,HAD,Harris_Creek_Downstream,38.712517,-76.316803,0.3,5.6,3.505,26.81,7.3,72.956
2018-08-22T09:45:00Z,HAD,Harris_Creek_Downstream,38.712517,-76.316803,0.3,5.62,3.487,26.81,7.32,73.267
2018-08-22T10:00:00Z,HAD,Harris_Creek_Downstream,38.712517,-76.316803,0.3,5.53,3.462,26.82,7.32,72.108
2018-08-22T10:15:00Z,HAD,Harris_Creek_Downstream,38.712517,-76.316803,0.3,5.52,3.447,26.8,7.32,71.89
2018-08-22T10:30:00Z,HAD,Harris_Creek_Downstream,38.712517,-76.316803,0.3,5.51,3.428,26.77,7.31,71.781
2018-08-22T10:45:00Z,HAD,Harris_Creek_Downstream,38.712517,-76.316803,0.3,5.54,3.414,26.74,7.3,72.125
2018-08-22T11:00:00Z,HAD,Harris_Creek_Downstream,38.712517,-76.316803,0.3,5.46,3.398,26.73,7.29,71.076
2018-08-22T11:15:00Z,HAD,Harris_Creek_Downstream,38.712517,-76.316803,0.3,5.38,3.384,26.72,7.29,70.01
2018-08-22T11:30:00Z,HAD,Harris_Creek_Downstream,38.712517,-76.316803,0.3,5.33,3.372,26.7,7.28,69.347
2018-08-22T11:45:00Z,HAD,Harris_Creek_Downstream,38.712517,-76.316803,0.3,5.32,3.361,26.63,7.27,69.087
2018-08-22T12:00:00Z,HAD,Harris_Creek_Downstream,38.712517,-76.316803,0.3,5.1,3.355,26.61,7.25,66.242
2018-08-22T12:15:00Z,HAD,Harris_Creek_Downstream,38.712517,-76.316803,0.3,5.24,3.347,26.6,7.25,68.063
2018-08-22T12:30:00Z,HAD,Harris_Creek_Downstream,38.712517,-76.316803,0.3,5.12,3.341,26.61,7.25,66.502
2018-08-22T12:45:00Z,HAD,Harris_Creek_Downstream,38.712517,-76.316803,0.3,5.02,3.335,26.69,7.29,65.202
2018-08-22T13:00:00Z,HAD,Harris_Creek_Downstream,38.712517,-76.316803,0.3,5.65,3.489,26.48,7.78,73.3
2018-08-22T13:15:00Z,HAD,Harris_Creek_Downstream,38.712517,-76.316803,0.3,5.23,3.493,26.54,7.84,68.1
2018-08-22T13:30:00Z,HAD,Harris_Creek_Downstream,38.712517,-76.316803,0.3,4.74,3.504,26.56,7.86,61.7
2018-08-22T13:45:00Z,HAD,Harris_Creek_Downstream,38.712517,-76.316803,0.3,4.97,3.508,26.56,7.85,64.6
2018-08-22T14:00:00Z,HAD,Harris_Creek_Downstream,38.712517,-76.316803,0.3,5.75,3.519,26.48,7.86,74.7
2018-08-22T14:15:00Z,HAD,Harris_Creek_Downstream,38.712517,-76.316803,0.3,5.84,3.529,26.49,7.88,75.9
2018-08-22T14:30:00Z,HAD,Harris_Creek_Downstream,38.712517,-76.316803,0.3,5.87,3.544,26.51,7.9,76.3
2018-08-22T14:45:00Z,HAD,Harris_Creek_Downstream,38.712517,-76.316803,0.3,5.83,3.556,26.52,7.91,75.8
2018-08-22T15:00:00Z,HAD,Harris_Creek_Downstream,38.712517,-76.316803,0.3,5.95,3.573,26.53,7.92,77.4
2018-08-22T15:15:00Z,HAD,Harris_Creek_Downstream,38.712517,-76.316803,0.3,5.89,3.586,26.54,7.92,76.7
2018-08-22T15:30:00Z,HAD,Harris_Creek_Downstream,38.712517,-76.316803,0.3,5.97,3.597,26.54,7.93,77.7
2018-08-22T15:45:00Z,HAD,Harris_Creek_Downstream,38.712517,-76.316803,0.3,5.95,3.61,26.55,7.93,77.4
2018-08-22T16:00:00Z,HAD,Harris_Creek_Downstream,38.712517,-76.316803,0.3,6.01,3.618,26.56,7.94,78.2
2018-08-22T16:15:00Z,HAD,Harris_Creek_Downstream,38.712517,-76.316803,0.3,5.98,3.628,26.58,7.94,77.9
2018-08-22T16:30:00Z,HAD,Harris_Creek_Downstream,38.712517,-76.316803,0.3,6.0,3.636,26.6,7.93,78.2
2018-08-22T16:45:00Z,HAD,Harris_Creek_Downstream,38.712517,-76.316803,0.3,6.02,3.643,26.61,7.92,78.4
2018-08-22T17:00:00Z,HAD,Harris_Creek_Downstream,38.712517,-76.316803,0.3,5.95,3.649,26.62,7.92,77.5
2018-08-22T17:15:00Z,HAD,Harris_Creek_Downstream,38.712517,-76.316803,0.3,5.97,3.651,26.62,7.91,77.8
2018-08-22T17:30:00Z,HAD,Harris_Creek_Downstream,38.712517,-76.316803,0.3,6.01,3.652,26.62,7.89,78.3
2018-08-22T17:45:00Z,HAD,Harris_Creek_Downstream,38.712517,-76.316803,0.3,5.92,3.645,26.62,7.89,77.2
2018-08-22T18:00:00Z,HAD,Harris_Creek_Downstream,38.712517,-76.316803,0.3,5.9,3.637,26.62,7.89,76.9
2018-08-22T18:15:00Z,HAD,Harris_Creek_Downstream,38.712517,-76.316803,0.3,5.84,3.619,26.62,7.89,76.1
2018-08-22T18:30:00Z,HAD,Harris_Creek_Downstream,38.712517,-76.316803,0.3,5.89,3.608,26.62,7.89,76.7
2018-08-22T18:45:00Z,HAD,Harris_Creek_Downstream,38.712517,-76.316803,0.3,6.18,3.601,26.61,7.79,80.5
2018-08-22T19:00:00Z,HAD,Harris_Creek_Downstream,38.712517,-76.316803,0.3,5.67,3.575,26.62,7.87,73.8
2018-08-22T19:15:00Z,HAD,Harris_Creek_Downstream,38.712517,-76.316803,0.3,5.9,3.557,26.62,7.87,76.9
2018-08-22T19:30:00Z,HAD,Harris_Creek_Downstream,38.712517,-76.316803,0.3,5.62,3.526,26.62,7.87,73.2
2018-08-22T19:45:00Z,HAD,Harris_Creek_Downstream,38.712517,-76.316803,0.3,5.28,3.498,26.63,7.86,68.8
2018-08-22T20:00:00Z,HAD,Harris_Creek_Downstream,38.712517,-76.316803,0.3,5.75,3.48,26.63,7.85,74.9
2018-08-22T20:15:00Z,HAD,Harris_Creek_Downstream,38.712517,-76.316803,0.3,5.83,3.457,26.64,7.83,76.0
2018-08-22T20:30:00Z,HAD,Harris_Creek_Downstream,38.712517,-76.316803,0.3,4.83,3.428,26.64,7.84,62.9
2018-08-22T20:45:00Z,HAD,Harris_Creek_Downstream,38.712517,-76.316803,0.3,4.24,3.399,26.64,7.83,55.3
2018-08-22T21:00:00Z,HAD,Harris_Creek_Downstream,38.712517,-76.316803,0.3,5.47,3.37,26.64,7.82,71.2
2018-08-22T21:15:00Z,HAD,Harris_Creek_Downstream,38.712517,-76.316803,0.3,5.54,3.337,26.64,7.83,72.1
2018-08-22T21:30:00Z,HAD,Harris_Creek_Downstream,38.712517,-76.316803,0.3,5.96,3.307,26.65,7.83,77.6
2018-08-22T21:45:00Z,HAD,Harris_Creek_Downstream,38.712517,-76.316803,0.3,6.04,3.287,26.66,7.83,78.7
2018-08-22T22:00:00Z,HAD,Harris_Creek_Downstream,38.712517,-76.316803,0.3,5.98,3.267,26.65,7.82,77.9
2018-08-22T22:15:00Z,HAD,Harris_Creek_Downstream,38.712517,-76.316803,0.3,5.72,3.243,26.65,7.82,74.5
2018-08-22T22:30:00Z,HAD,Harris_Creek_Downstream,38.712517,-76.316803,0.3,5.34,3.215,26.64,7.8,69.5
2018-08-22T22:45:00Z,HAD,Harris_Creek_Downstream,38.712517,-76.316803,0.3,5.12,3.201,26.63,7.79,66.7
2018-08-22T23:00:00Z,HAD,Harris_Creek_Downstream,38.712517,-76.316803,0.3,5.22,3.187,26.63,7.8,68.0
2018-08-22T23:15:00Z,HAD,Harris_Creek_Downstream,38.712517,-76.316803,0.3,5.07,3.172,26.63,7.8,66.0
2018-08-22T23:30:00Z,HAD,Harris_Creek_Downstream,38.712517,-76.316803,0.3,4.88,3.155,26.62,7.8,63.5
2018-08-22T23:45:00Z,HAD,Harris_Creek_Downstream,38.712517,-76.316803,0.3,4.75,3.147,26.62,7.81,61.8
2018-08-23T00:00:00Z,HAD,Harris_Creek_Downstream,38.712517,-76.316803,0.3,4.71,3.146,26.64,7.81,61.4
2018-08-23T00:15:00Z,HAD,Harris_Creek_Downstream,38.712517,-76.316803,0.3,5.03,3.145,26.67,7.84,65.6
2018-08-23T00:30:00Z,HAD,Harris_Creek_Downstream,38.712517,-76.316803,0.3,5.98,3.147,26.68,7.96,78.0
2018-08-23T00:45:00Z,HAD,Harris_Creek_Downstream,38.712517,-76.316803,0.3,5.93,3.154,26.69,7.99,77.4
2018-08-23T01:00:00Z,HAD,Harris_Creek_Downstream,38.712517,-76.316803,0.3,5.87,3.169,26.71,8.0,76.7
2018-08-23T01:15:00Z,HAD,Harris_Creek_Downstream,38.712517,-76.316803,0.3,5.96,3.175,26.72,8.01,77.8
2018-08-23T01:30:00Z,HAD,Harris_Creek_Downstream,38.712517,-76.316803,0.3,5.93,3.177,26.72,8.01,77.5
2018-08-23T01:45:00Z,HAD,Harris_Creek_Downstream,38.712517,-76.316803,0.3,6.08,3.19,26.72,7.94,79.4
2018-08-23T02:00:00Z,HAD,Harris_Creek_Downstream,38.712517,-76.316803,0.3,5.05,3.215,26.73,7.96,66.0
2018-08-23T02:15:00Z,HAD,Harris_Creek_Downstream,38.712517,-76.316803,0.3,4.83,3.242,26.58,7.83,62.9
2018-08-23T02:30:00Z,HAD,Harris_Creek_Downstream,38.712517,-76.316803,0.3,6.34,3.268,26.61,7.83,82.5
2018-08-23T02:45:00Z,HAD,Harris_Creek_Downstream,38.712517,-76.316803,0.3,6.65,3.29,26.54,7.79,86.5
2018-08-23T03:00:00Z,HAD,Harris_Creek_Downstream,38.712517,-76.316803,0.3,6.72,3.315,26.49,7.76,87.3
2018-08-23T03:15:00Z,HAD,Harris_Creek_Downstream,38.712517,-76.316803,0.3,6.51,3.343,26.46,7.76,84.5
2018-08-23T03:30:00Z,HAD,Harris_Creek_Downstream,38.712517,-76.316803,0.3,6.51,3.372,26.43,7.74,84.4
2018-08-23T03:45:00Z,HAD,Harris_Creek_Downstream,38.712517,-76.316803,0.3,6.29,3.405,26.41,7.72,81.6
2018-08-23T04:00:00Z,HAD,Harris_Creek_Downstream,38.712517,-76.316803,0.3,6.53,3.436,26.39,7.7,84.7
2018-08-23T04:15:00Z,HAD,Harris_Creek_Downstream,38.712517,-76.316803,0.3,6.65,3.458,26.34,7.7,86.2
2018-08-23T04:30:00Z,HAD,Harris_Creek_Downstream,38.712517,-76.316803,0.3,6.62,3.476,26.34,7.7,85.7
2018-08-23T04:45:00Z,HAD,Harris_Creek_Downstream,38.712517,-76.316803,0.3,6.59,3.489,26.31,7.69,85.3
2018-08-23T05:00:00Z,HAD,Harris_Creek_Downstream,38.712517,-76.316803,0.3,6.61,3.505,26.3,7.69,85.5
2018-08-23T05:15:00Z,HAD,Harris_Creek_Downstream,38.712517,-76.316803,0.3,6.52,3.517,26.29,7.7,84.4
2018-08-23T05:30:00Z,HAD,Harris_Creek_Downstream,38.712517,-76.316803,0.3,6.5,3.531,26.29,7.69,84.1
2018-08-23T05:45:00Z,HAD,Harris_Creek_Downstream,38.712517,-76.316803,0.3,6.75,3.541,26.3,7.68,87.3
2018-08-23T06:00:00Z,HAD,Harris_Creek_Downstream,38.712517,-76.316803,0.3,6.68,3.536,26.26,7.63,86.4
2018-08-23T06:15:00Z,HAD,Harris_Creek_Downstream,38.712517,-76.316803,0.3,6.92,3.542,26.2,7.59,89.3
2018-08-23T06:30:00Z,HAD,Harris_Creek_Downstream,38.712517,-76.316803,0.3,7.08,3.534,26.12,7.57,91.3
2018-08-23T06:45:00Z,HAD,Harris_Creek_Downstream,38.712517,-76.316803,0.3,7.12,3.529,26.11,7.57,91.7
2018-08-23T07:00:00Z,HAD,Harris_Creek_Downstream,38.712517,-76.316803,0.3,7.17,3.523,26.12,7.62,92.4
2018-08-23T07:15:00Z,HAD,Harris_Creek_Downstream,38.712517,-76.316803,0.3,7.16,3.513,26.04,7.6,92.2
2018-08-23T07:30:00Z,HAD,Harris_Creek_Downstream,38.712517,-76.316803,0.3,7.17,3.508,26.05,7.61,92.3
2018-08-23T07:45:00Z,HAD,Harris_Creek_Downstream,38.712517,-76.316803,0.3,7.19,3.494,26.03,7.62,92.5
2018-08-23T08:00:00Z,HAD,Harris_Creek_Downstream,38.712517,-76.316803,0.3,7.17,3.474,26.02,7.63,92.3
2018-08-23T08:15:00Z,HAD,Harris_Creek_Downstream,38.712517,-76.316803,0.3,7.22,3.453,26.0,7.66,92.9
2018-08-23T08:30:00Z,HAD,Harris_Creek_Downstream,38.712517,-76.316803,0.3,7.23,3.433,26.04,7.66,93.2
2018-08-23T08:45:00Z,HAD,Harris_Creek_Downstream,38.712517,-76.316803,0.3,7.28,3.415,26.01,7.66,93.7
2018-08-23T09:00:00Z,HAD,Harris_Creek_Downstream,38.712517,-76.316803,0.3,7.28,3.398,25.99,7.67,93.7
2018-08-23T09:15:00Z,HAD,Harris_Creek_Downstream,38.712517,-76.316803,0.3,7.17,3.378,25.98,7.67,92.3
2018-08-23T09:30:00Z,HAD,Harris_Creek_Downstream,38.712517,-76.316803,0.3,6.15,3.356,25.97,7.67,79.1
2018-08-23T09:45:00Z,HAD,Harris_Creek_Downstream,38.712517,-76.316803,0.3,4.88,3.339,25.92,7.68,62.7
2018-08-23T10:00:00Z,HAD,Harris_Creek_Downstream,38.712517,-76.316803,0.3,6.76,3.319,25.89,7.68,86.9
2018-08-23T10:15:00Z,HAD,Harris_Creek_Downstream,38.712517,-76.316803,0.3,6.85,3.3,25.79,7.66,87.8
2018-08-23T10:30:00Z,HAD,Harris_Creek_Downstream,38.712517,-76.316803,0.3,6.44,3.275,25.72,7.64,82.4
2018-08-23T10:45:00Z,HAD,Harris_Creek_Downstream,38.712517,-76.316803,0.3,6.52,3.264,25.66,7.65,83.3
2018-08-23T11:00:00Z,HAD,Harris_Creek_Downstream,38.712517,-76.316803,0.3,6.61,3.249,25.65,7.68,84.6
2018-08-23T11:15:00Z,HAD,Harris_Creek_Downstream,38.712517,-76.316803,0.3,6.38,3.235,25.65,7.66,81.5
2018-08-23T11:30:00Z,HAD,Harris_Creek_Downstream,38.712517,-76.316803,0.3,6.6,3.215,25.66,7.68,84.5
2018-08-23T11:45:00Z,HAD,Harris_Creek_Downstream,38.712517,-76.316803,0.3,6.73,3.203,25.7,7.68,86.2
2018-08-23T12:00:00Z,HAD,Harris_Creek_Downstream,38.712517,-76.316803,0.3,6.85,3.191,25.71,7.68,87.7
2018-08-23T12:15:00Z,HAD,Harris_Creek_Downstream,38.712517,-76.316803,0.3,6.76,3.176,25.71,7.68,86.5
2018-08-23T12:30:00Z,HAD,Harris_Creek_Downstream,38.712517,-76.316803,0.3,6.99,3.163,25.71,7.68,89.5
2018-08-23T12:45:00Z,HAD,Harris_Creek_Downstream,38.712517,-76.316803,0.3,7.14,3.156,25.72,7.68,91.5
2018-08-23T13:00:00Z,HAD,Harris_Creek_Downstream,38.712517,-76.316803,0.3,7.26,3.151,25.72,7.68,93.0
2018-08-23T13:15:00Z,HAD,Harris_Creek_Downstream,38.712517,-76.316803,0.3,7.32,3.149,25.75,7.69,93.7
2018-08-23T13:30:00Z,HAD,Harris_Creek_Downstream,38.712517,-76.316803,0.3,7.43,3.139,25.75,7.69,95.3
2018-08-23T13:45:00Z,HAD,Harris_Creek_Downstream,38.712517,-76.316803,0.3,7.34,3.14,25.75,7.69,94.0
2018-08-23T14:00:00Z,HAD,Harris_Creek_Downstream,38.712517,-76.316803,0.3,7.4,3.142,25.75,7.69,94.9
2018-08-23T14:15:00Z,HAD,Harris_Creek_Downstream,38.712517,-76.316803,0.3,7.39,3.151,25.75,7.69,94.7
2018-08-23T14:30:00Z,HAD,Harris_Creek_Downstream,38.712517,-76.316803,0.3,7.46,3.157,25.76,7.7,95.7
2018-08-23T14:45:00Z,HAD,Harris_Creek_Downstream,38.712517,-76.316803,0.3,7.28,3.163,25.79,7.73,93.4
2018-08-23T15:00:00Z,HAD,Harris_Creek_Downstream,38.712517,-76.316803,0.3,7.28,3.176,25.81,7.74,93.4
2018-08-23T15:15:00Z,HAD,Harris_Creek_Downstream,38.712517,-76.316803,0.3,7.33,3.189,25.84,7.74,94.1
2018-08-23T15:30:00Z,HAD,Harris_Creek_Downstream,38.712517,-76.316803,0.3,7.36,3.199,25.85,7.74,94.5
2018-08-23T15:45:00Z,HAD,Harris_Creek_Downstream,38.712517,-76.316803,0.3,7.44,3.212,25.86,7.73,95.5
2018-08-23T16:00:00Z,HAD,Harris_Creek_Downstream,38.712517,-76.316803,0.3,7.48,3.227,25.85,7.74,96.0
2018-08-23T16:15:00Z,HAD,Harris_Creek_Downstream,38.712517,-76.316803,0.3,7.59,3.242,25.86,7.73,97.5
2018-08-23T16:30:00Z,HAD,Harris_Creek_Downstream,38.712517,-76.316803,0.3,7.6,3.256,25.85,7.72,97.6
2018-08-23T16:45:00Z,HAD,Harris_Creek_Downstream,38.712517,-76.316803,0.3,7.73,3.273,25.86,7.71,99.2
2018-08-23T17:00:00Z,HAD,Harris_Creek_Downstream,38.712517,-76.316803,0.3,7.37,3.285,25.86,7.7,94.6
2018-08-23T17:15:00Z,HAD,Harris_Creek_Downstream,38.712517,-76.316803,0.3,7.41,3.3,25.86,7.69,95.1
2018-08-23T17:30:00Z,HAD,Harris_Creek_Downstream,38.712517,-76.316803,0.3,7.43,3.309,25.86,7.68,95.4
2018-08-23T17:45:00Z,HAD,Harris_Creek_Downstream,38.712517,-76.316803,0.3,7.36,3.316,25.87,7.67,94.5
2018-08-23T18:00:00Z,HAD,Harris_Creek_Downstream,38.712517,-76.316803,0.3,7.53,3.324,25.9,7.65,96.8
2018-08-23T18:15:00Z,HAD,Harris_Creek_Downstream,38.712517,-76.316803,0.3,7.51,3.331,25.89,7.63,96.5
2018-08-23T18:30:00Z,HAD,Harris_Creek_Downstream,38.712517,-76.316803,0.3,7.27,3.336,25.9,7.62,93.3
2018-08-23T18:45:00Z,HAD,Harris_Creek_Downstream,38.712517,-76.316803,0.3,7.38,3.338,25.91,7.62,94.8
2018-08-23T19:00:00Z,HAD,Harris_Creek_Downstream,38.712517,-76.316803,0.3,7.28,3.337,25.93,7.62,93.5
2018-08-23T19:15:00Z,HAD,Harris_Creek_Downstream,38.712517,-76.316803,0.3,7.27,3.328,25.95,7.62,93.4
2018-08-23T19:30:00Z,HAD,Harris_Creek_Downstream,38.712517,-76.316803,0.3,7.34,3.32,25.96,7.62,94.3
2018-08-23T19:45:00Z,HAD,Harris_Creek_Downstream,38.712517,-76.316803,0.3,7.28,3.306,25.97,7.62,93.6
2018-08-23T20:00:00Z,HAD,Harris_Creek_Downstream,38.712517,-76.316803,0.3,7.32,3.294,25.98,7.62,94.1
2018-08-23T20:15:00Z,HAD,Harris_Creek_Downstream,38.712517,-76.316803,0.3,7.31,3.283,25.99,7.62,94.0
2018-08-23T20:30:00Z,HAD,Harris_Creek_Downstream,38.712517,-76.316803,0.3,6.91,3.267,26.0,7.63,88.9
2018-08-23T20:45:00Z,HAD,Harris_Creek_Downstream,38.712517,-76.316803,0.3,6.64,3.251,26.0,7.63,85.4
2018-08-23T21:00:00Z,HAD,Harris_Creek_Downstream,38.712517,-76.316803,0.3,4.81,3.231,26.01,7.63,62.0
2018-08-23T21:15:00Z,HAD,Harris_Creek_Downstream,38.712517,-76.316803,0.3,3.35,3.214,26.01,7.63,43.2
2018-08-23T21:30:00Z,HAD,Harris_Creek_Downstream,38.712517,-76.316803,0.3,6.18,3.193,26.05,7.63,79.6
2018-08-23T21:45:00Z,HAD,Harris_Creek_Downstream,38.712517,-76.316803,0.3,6.27,3.176,25.99,7.63,80.7
2018-08-23T22:00:00Z,HAD,Harris_Creek_Downstream,38.712517,-76.316803,0.3,6.06,3.158,25.97,7.63,77.9
2018-08-23T22:15:00Z,HAD,Harris_Creek_Downstream,38.712517,-76.316803,0.3,5.83,3.139,25.97,7.63,75.0
2018-08-23T22:30:00Z,HAD,Harris_Creek_Downstream,38.712517,-76.316803,0.3,5.85,3.119,25.97,7.63,75.2
2018-08-23T22:45:00Z,HAD,Harris_Creek_Downstream,38.712517,-76.316803,0.3,6.42,3.106,26.01,7.63,82.6
2018-08-23T23:00:00Z,HAD,Harris_Creek_Downstream,38.712517,-76.316803,0.3,5.93,3.089,26.01,7.63,76.3
2018-08-23T23:15:00Z,HAD,Harris_Creek_Downstream,38.712517,-76.316803,0.3,5.86,3.079,26.02,7.63,75.4
2018-08-23T23:30:00Z,HAD,Harris_Creek_Downstream,38.712517,-76.316803,0.3,6.86,3.067,26.07,7.63,88.3
2018-08-23T23:45:00Z,HAD,Harris_Creek_Downstream,38.712517,-76.316803,0.3,7.13,3.057,26.08,7.63,91.9
2018-08-24T00:00:00Z,HAD,Harris_Creek_Downstream,38.712517,-76.316803,0.3,8.17,3.047,26.1,7.64,105.3
2018-08-24T00:15:00Z,HAD,Harris_Creek_Downstream,38.712517,-76.316803,0.3,7.82,3.043,26.09,7.64,100.8
2018-08-24T00:30:00Z,HAD,Harris_Creek_Downstream,38.712517,-76.316803,0.3,7.99,3.043,26.07,7.64,103.0
2018-08-24T00:45:00Z,HAD,Harris_Creek_Downstream,38.712517,-76.316803,0.3,7.74,3.043,26.07,7.64,99.8
2018-08-24T01:00:00Z,HAD,Harris_Creek_Downstream,38.712517,-76.316803,0.3,7.97,3.048,26.05,7.64,102.7
2018-08-24T01:15:00Z,HAD,Harris_Creek_Downstream,38.712517,-76.316803,0.3,7.94,3.062,26.04,7.64,102.2
2018-08-24T01:30:00Z,HAD,Harris_Creek_Downstream,38.712517,-76.316803,0.3,7.86,3.076,26.03,7.64,101.2
2018-08-24T01:45:00Z,HAD,Harris_Creek_Downstream,38.712517,-76.316803,0.3,8.0,3.092,26.01,7.64,103.0
2018-08-24T02:00:00Z,HAD,Harris_Creek_Downstream,38.712517,-76.316803,0.3,5.78,3.109,26.0,7.64,74.3
2018-08-24T02:15:00Z,HAD,Harris_Creek_Downstream,38.712517,-76.316803,0.3,4.47,3.13,25.99,7.63,57.5
2018-08-24T02:30:00Z,HAD,Harris_Creek_Downstream,38.712517,-76.316803,0.3,7.8,3.157,25.98,7.63,100.3
2018-08-24T02:45:00Z,HAD,Harris_Creek_Downstream,38.712517,-76.316803,0.3,8.13,3.183,25.98,7.63,104.6
2018-08-24T03:00:00Z,HAD,Harris_Creek_Downstream,38.712517,-76.316803,0.3,7.64,3.213,25.95,7.62,98.2
2018-08-24T03:15:00Z,HAD,Harris_Creek_Downstream,38.712517,-76.316803,0.3,7.82,3.242,25.93,7.62,100.5
2018-08-24T03:30:00Z,HAD,Harris_Creek_Downstream,38.712517,-76.316803,0.3,8.16,3.274,25.94,7.62,104.9
2018-08-24T03:45:00Z,HAD,Harris_Creek_Downstream,38.712517,-76.316803,0.3,8.08,3.306,25.93,7.61,103.8
2018-08-24T04:00:00Z,HAD,Harris_Creek_Downstream,38.712517,-76.316803,0.3,8.42,3.341,25.85,7.59,108.0
2018-08-24T04:15:00Z,HAD,Harris_Creek_Downstream,38.712517,-76.316803,0.3,8.48,3.371,25.79,7.58,108.6
2018-08-24T04:30:00Z,HAD,Harris_Creek_Downstream,38.712517,-76.316803,0.3,7.81,3.405,25.72,7.57,100.0
2018-08-24T04:45:00Z,HAD,Harris_Creek_Downstream,38.712517,-76.316803,0.3,7.51,3.438,25.69,7.57,96.1
2018-08-24T05:00:00Z,HAD,Harris_Creek_Downstream,38.712517,-76.316803,0.3,8.26,3.462,25.65,7.57,105.6
2018-08-24T05:15:00Z,HAD,Harris_Creek_Downstream,38.712517,-76.316803,0.3,8.38,3.499,25.63,7.56,107.1
2018-08-24T05:30:00Z,HAD,Harris_Creek_Downstream,38.712517,-76.316803,0.3,8.19,3.529,25.63,7.56,104.7
2018-08-24T05:45:00Z,HAD,Harris_Creek_Downstream,38.712517,-76.316803,0.3,8.1,3.552,25.63,7.55,103.5
2018-08-24T06:00:00Z,HAD,Harris_Creek_Downstream,38.712517,-76.316803,0.3,8.0,3.58,25.65,7.55,102.3
2018-08-24T06:15:00Z,HAD,Harris_Creek_Downstream,38.712517,-76.316803,0.3,7.95,3.597,25.66,7.55,101.6
2018-08-24T06:30:00Z,HAD,Harris_Creek_Downstream,38.712517,-76.316803,0.3,7.88,3.617,25.67,7.56,100.7
2018-08-24T06:45:00Z,HAD,Harris_Creek_Downstream,38.712517,-76.316803,0.3,7.75,3.632,25.68,7.56,99.1
2018-08-24T07:00:00Z,HAD,Harris_Creek_Downstream,38.712517,-76.316803,0.3,7.67,3.643,25.67,7.56,98.0
2018-08-24T07:15:00Z,HAD,Harris_Creek_Downstream,38.712517,-76.316803,0.3,7.67,3.652,25.65,7.55,98.0
2018-08-24T07:30:00Z,HAD,Harris_Creek_Downstream,38.712517,-76.316803,0.3,7.72,3.658,25.63,7.55,98.7
2018-08-24T07:45:00Z,HAD,Harris_Creek_Downstream,38.712517,-76.316803,0.3,7.6,3.664,25.68,7.58,97.1
2018-08-24T08:00:00Z,HAD,Harris_Creek_Downstream,38.712517,-76.316803,0.3,7.52,3.661,25.68,7.59,96.1
2018-08-24T08:15:00Z,HAD,Harris_Creek_Downstream,38.712517,-76.316803,0.3,7.43,3.657,25.68,7.6,95.0
2018-08-24T08:30:00Z,HAD,Harris_Creek_Downstream,38.712517,-76.316803,0.3,7.5,3.649,25.68,7.62,95.9
2018-08-24T08:45:00Z,HAD,Harris_Creek_Downstream,38.712517,-76.316803,0.3,7.23,3.639,25.7,7.64,92.5
2018-08-24T09:00:00Z,HAD,Harris_Creek_Downstream,38.712517,-76.316803,0.3,7.05,3.626,25.69,7.65,90.3
2018-08-24T09:15:00Z,HAD,Harris_Creek_Downstream,38.712517,-76.316803,0.3,7.06,3.612,25.68,7.66,90.4
2018-08-24T09:30:00Z,HAD,Harris_Creek_Downstream,38.712517,-76.316803,0.3,7.19,3.594,25.66,7.65,92.0
2018-08-24T09:45:00Z,HAD,Harris_Creek_Downstream,38.712517,-76.316803,0.3,7.06,3.575,25.67,7.66,90.3
2018-08-24T10:00:00Z,HAD,Harris_Creek_Downstream,38.712517,-76.316803,0.3,6.79,3.557,25.65,7.65,86.8
2018-08-24T10:15:00Z,HAD,Harris_Creek_Downstream,38.712517,-76.316803,0.3,7.06,3.54,25.56,7.62,90.1
2018-08-24T10:30:00Z,HAD,Harris_Creek_Downstream,38.712517,-76.316803,0.3,7.29,3.521,25.51,7.59,92.9
2018-08-24T10:45:00Z,HAD,Harris_Creek_Downstream,38.712517,-76.316803,0.3,7.61,3.504,25.46,7.58,97.0
2018-08-24T11:00:00Z,HAD,Harris_Creek_Downstream,38.712517,-76.316803,0.3,6.22,3.485,25.42,7.57,79.1
2018-08-24T11:15:00Z,HAD,Harris_Creek_Downstream,38.712517,-76.316803,0.3,5.33,3.468,25.4,7.56,67.9
2018-08-24T11:30:00Z,HAD,Harris_Creek_Downstream,38.712517,-76.316803,0.3,7.33,3.452,25.4,7.56,93.3
2018-08-24T11:45:00Z,HAD,Harris_Creek_Downstream,38.712517,-76.316803,0.3,7.55,3.438,25.41,7.56,96.1
2018-08-24T12:00:00Z,HAD,Harris_Creek_Downstream,38.712517,-76.316803,0.3,6.07,3.426,25.42,7.56,77.3
2018-08-24T12:15:00Z,HAD,Harris_Creek_Downstream,38.712517,-76.316803,0.3,4.88,3.415,25.44,7.56,62.2
2018-08-24T12:30:00Z,HAD,Harris_Creek_Downstream,38.712517,-76.316803,0.3,6.13,3.402,25.44,7.57,78.1
2018-08-24T12:45:00Z,HAD,Harris_Creek_Downstream,38.712517,-76.316803,0.3,5.4,3.393,25.46,7.57,68.8
2018-08-24T13:00:00Z,HAD,Harris_Creek_Downstream,38.712517,-76.316803,0.3,6.63,3.387,25.46,7.57,84.5
2018-08-24T13:15:00Z,HAD,Harris_Creek_Downstream,38.712517,-76.316803,0.3,6.64,3.383,25.48,7.58,84.6
2018-08-24T13:30:00Z,HAD,Harris_Creek_Downstream,38.712517,-76.316803,0.3,6.89,3.384,25.48,7.58,87.7
2018-08-24T13:45:00Z,HAD,Harris_Creek_Downstream,38.712517,-76.316803,0.3,6.83,3.384,25.47,7.58,87.0
2018-08-24T14:00:00Z,HAD,Harris_Creek_Downstream,38.712517,-76.316803,0.3,6.11,3.39,25.46,7.57,77.8
2018-08-24T14:15:00Z,HAD,Harris_Creek_Downstream,38.712517,-76.316803,0.3,6.05,3.398,25.47,7.57,77.1
2018-08-24T14:30:00Z,HAD,Harris_Creek_Downstream,38.712517,-76.316803,0.3,6.34,3.41,25.45,7.57,80.8
2018-08-24T14:45:00Z,HAD,Harris_Creek_Downstream,38.712517,-76.316803,0.3,6.47,3.423,25.44,7.57,82.4
2018-08-24T15:00:00Z,HAD,Harris_Creek_Downstream,38.712517,-76.316803,0.3,6.45,3.443,25.44,7.56,82.1
2018-08-24T15:15:00Z,HAD,Harris_Creek_Downstream,38.712517,-76.316803,0.3,6.42,3.462,25.45,7.56,81.8
2018-08-24T15:30:00Z,HAD,Harris_Creek_Downstream,38.712517,-76.316803,0.3,6.45,3.484,25.47,7.56,82.2
2018-08-24T15:45:00Z,HAD,Harris_Creek_Downstream,38.712517,-76.316803,0.3,6.89,3.508,25.49,7.56,87.8
2018-08-24T16:00:00Z,HAD,Harris_Creek_Downstream,38.712517,-76.316803,0.3,7.05,3.534,25.46,7.56,89.9
2018-08-24T16:15:00Z,HAD,Harris_Creek_Downstream,38.712517,-76.316803,0.3,6.96,3.561,25.47,7.56,88.7
2018-08-24T16:30:00Z,HAD,Harris_Creek_Downstream,38.712517,-76.316803,0.3,6.88,3.591,25.46,7.55,87.6
2018-08-24T16:45:00Z,HAD,Harris_Creek_Downstream,38.712517,-76.316803,0.3,6.93,3.613,25.47,7.55,88.3
2018-08-24T17:00:00Z,HAD,Harris_Creek_Downstream,38.712517,-76.316803,0.3,7.11,3.645,25.47,7.55,90.6
2018-08-24T17:15:00Z,HAD,Harris_Creek_Downstream,38.712517,-76.316803,0.3,7.04,3.669,25.48,7.56,89.6
2018-08-24T17:30:00Z,HAD,Harris_Creek_Downstream,38.712517,-76.316803,0.3,7.09,3.692,25.48,7.56,90.3
2018-08-24T17:45:00Z,HAD,Harris_Creek_Downstream,38.712517,-76.316803,0.3,7.06,3.719,25.5,7.55,90.0
2018-08-24T18:00:00Z,HAD,Harris_Creek_Downstream,38.712517,-76.316803,0.3,5.61,3.737,25.48,7.56,71.5
2018-08-24T18:15:00Z,HAD,Harris_Creek_Downstream,38.712517,-76.316803,0.3,4.93,3.752,25.48,7.56,62.9
2018-08-24T18:30:00Z,HAD,Harris_Creek_Downstream,38.712517,-76.316803,0.3,5.82,3.766,25.47,7.56,74.2
2018-08-24T18:45:00Z,HAD,Harris_Creek_Downstream,38.712517,-76.316803,0.3,5.14,3.776,25.46,7.56,65.4
2018-08-24T19:00:00Z,HAD,Harris_Creek_Downstream,38.712517,-76.316803,0.3,6.29,3.784,25.45,7.56,80.1
2018-08-24T19:15:00Z,HAD,Harris_Creek_Downstream,38.712517,-76.316803,0.3,6.71,3.785,25.46,7.57,85.4
2018-08-24T19:30:00Z,HAD,Harris_Creek_Downstream,38.712517,-76.316803,0.3,6.54,3.788,25.47,7.58,83.3
2018-08-24T19:45:00Z,HAD,Harris_Creek_Downstream,38.712517,-76.316803,0.3,6.48,3.786,25.5,7.6,82.6
2018-08-24T20:00:00Z,HAD,Harris_Creek_Downstream,38.712517,-76.316803,0.3,6.66,3.78,25.55,7.63,85.0
2018-08-24T20:15:00Z,HAD,Harris_Creek_Downstream,38.712517,-76.316803,0.3,6.85,3.771,25.61,7.68,87.6
2018-08-24T20:30:00Z,HAD,Harris_Creek_Downstream,38.712517,-76.316803,0.3,5.53,3.757,25.63,7.7,70.8
2018-08-24T20:45:00Z,HAD,Harris_Creek_Downstream,38.712517,-76.316803,0.3,4.67,3.742,25.64,7.7,59.7
2018-08-24T21:00:00Z,HAD,Harris_Creek_Downstream,38.712517,-76.316803,0.3,6.42,3.724,25.65,7.71,82.1
2018-08-24T21:15:00Z,HAD,Harris_Creek_Downstream,38.712517,-76.316803,0.3,6.54,3.703,25.66,7.72,83.7
2018-08-24T21:30:00Z,HAD,Harris_Creek_Downstream,38.712517,-76.316803,0.3,6.65,3.681,25.67,7.73,85.1
2018-08-24T21:45:00Z,HAD,Harris_Creek_Downstream,38.712517,-76.316803,0.3,6.63,3.657,25.68,7.73,84.9
2018-08-24T22:00:00Z,HAD,Harris_Creek_Downstream,38.712517,-76.316803,0.3,6.7,3.632,25.67,7.74,85.7
2018-08-24T22:15:00Z,HAD,Harris_Creek_Downstream,38.712517,-76.316803,0.3,6.78,3.608,25.67,7.74,86.7
2018-08-24T22:30:00Z,HAD,Harris_Creek_Downstream,38.712517,-76.316803,0.3,5.88,3.582,25.67,7.73,75.2
2018-08-24T22:45:00Z,HAD,Harris_Creek_Downstream,38.712517,-76.316803,0.3,5.31,3.558,25.67,7.73,67.9
2018-08-24T23:00:00Z,HAD,Harris_Creek_Downstream,38.712517,-76.316803,0.3,6.38,3.533,25.66,7.73,81.6
2018-08-24T23:15:00Z,HAD,Harris_Creek_Downstream,38.712517,-76.316803,0.3,6.43,3.51,25.66,7.73,82.2
2018-08-24T23:30:00Z,HAD,Harris_Creek_Downstream,38.712517,-76.316803,0.3,5.0,3.488,25.65,7.73,64.0
2018-08-24T23:45:00Z,HAD,Harris_Creek_Downstream,38.712517,-76.316803,0.3,3.79,3.468,25.65,7.72,48.5
2018-08-25T00:00:00Z,HAD,Harris_Creek_Downstream,38.712517,-76.316803,0.3,5.44,3.448,25.63,7.72,69.6
2018-08-25T00:15:00Z,HAD,Harris_Creek_Downstream,38.712517,-76.316803,0.3,4.96,3.432,25.56,7.73,63.4
2018-08-25T00:30:00Z,HAD,Harris_Creek_Downstream,38.712517,-76.316803,0.3,5.32,3.415,25.53,7.72,67.9
2018-08-25T00:45:00Z,HAD,Harris_Creek_Downstream,38.712517,-76.316803,0.3,5.08,3.404,25.54,7.72,64.8
2018-08-25T01:00:00Z,HAD,Harris_Creek_Downstream,38.712517,-76.316803,0.3,5.17,3.393,25.57,7.71,66.0
2018-08-25T01:15:00Z,HAD,Harris_Creek_Downstream,38.712517,-76.316803,0.3,5.49,3.385,25.58,7.7,70.1
2018-08-25T01:30:00Z,HAD,Harris_Creek_Downstream,38.712517,-76.316803,0.3,5.29,3.38,25.58,7.7,67.6
2018-08-25T01:45:00Z,HAD,Harris_Creek_Downstream,38.712517,-76.316803,0.3,5.47,3.375,25.59,7.7,69.9
2018-08-25T02:00:00Z,HAD,Harris_Creek_Downstream,38.712517,-76.316803,0.3,5.25,3.377,25.59,7.69,67.1
2018-08-25T02:15:00Z,HAD,Harris_Creek_Downstream,38.712517,-76.316803,0.3,5.29,3.383,25.59,7.69,67.5
2018-08-25T02:30:00Z,HAD,Harris_Creek_Downstream,38.712517,-76.316803,0.3,6.32,3.403,25.71,7.68,80.9
2018-08-25T02:45:00Z,HAD,Harris_Creek_Downstream,38.712517,-76.316803,0.3,7.54,3.414,25.91,7.66,96.8
2018-08-25T03:00:00Z,HAD,Harris_Creek_Downstream,38.712517,-76.316803,0.3,8.25,3.435,25.97,7.67,106.2
2018-08-25T03:15:00Z,HAD,Harris_Creek_Downstream,38.712517,-76.316803,0.3,7.8,3.455,25.93,7.66,100.3
2018-08-25T03:30:00Z,HAD,Harris_Creek_Downstream,38.712517,-76.316803,0.3,7.24,3.483,25.96,7.62,93.1
2018-08-25T03:45:00Z,HAD,Harris_Creek_Downstream,38.712517,-76.316803,0.3,7.71,3.507,25.97,7.6,99.1
2018-08-25T04:00:00Z,HAD,Harris_Creek_Downstream,38.712517,-76.316803,0.3,9.03,3.539,25.95,7.57,116.1
2018-08-25T04:15:00Z,HAD,Harris_Creek_Downstream,38.712517,-76.316803,0.3,9.1,3.564,25.88,7.56,116.7
2018-08-25T04:30:00Z,HAD,Harris_Creek_Downstream,38.712517,-76.316803,0.3,7.76,3.599,25.85,7.55,99.6
2018-08-25T04:45:00Z,HAD,Harris_Creek_Downstream,38.712517,-76.316803,0.3,6.97,3.627,25.84,7.53,89.3
2018-08-25T05:00:00Z,HAD,Harris_Creek_Downstream,38.712517,-76.316803,0.3,8.4,3.659,25.66,7.49,107.3
2018-08-25T05:15:00Z,HAD,Harris_Creek_Downstream,38.712517,-76.316803,0.3,8.22,3.686,25.65,7.46,105.0
2018-08-25T05:30:00Z,HAD,Harris_Creek_Downstream,38.712517,-76.316803,0.3,7.55,3.715,25.53,7.42,96.2
2018-08-25T05:45:00Z,HAD,Harris_Creek_Downstream,38.712517,-76.316803,0.3,7.71,3.74,25.53,7.42,98.2
2018-08-25T06:00:00Z,HAD,Harris_Creek_Downstream,38.712517,-76.316803,0.3,8.04,3.768,25.54,7.44,102.4
2018-08-25T06:15:00Z,HAD,Harris_Creek_Downstream,38.712517,-76.316803,0.3,8.45,3.79,25.54,7.46,107.8
2018-08-25T06:30:00Z,HAD,Harris_Creek_Downstream,38.712517,-76.316803,0.3,8.33,3.812,25.51,7.5,106.2
2018-08-25T06:45:00Z,HAD,Harris_Creek_Downstream,38.712517,-76.316803,0.3,8.61,3.832,25.57,7.54,109.8
2018-08-25T07:00:00Z,HAD,Harris_Creek_Downstream,38.712517,-76.316803,0.3,8.49,3.851,25.58,7.55,108.3
2018-08-25T07:15:00Z,HAD,Harris_Creek_Downstream,38.712517,-76.316803,0.3,8.45,3.861,25.63,7.54,108.0
2018-08-25T07:30:00Z,HAD,Harris_Creek_Downstream,38.712517,-76.316803,0.3,8.71,3.871,25.63,7.54,111.3
2018-08-25T07:45:00Z,HAD,Harris_Creek_Downstream,38.712517,-76.316803,0.3,8.73,3.874,25.64,7.54,111.5
2018-08-25T08:00:00Z,HAD,Harris_Creek_Downstream,38.712517,-76.316803,0.3,8.38,3.874,25.64,7.54,107.1
2018-08-25T08:15:00Z,HAD,Harris_Creek_Downstream,38.712517,-76.316803,0.3,8.46,3.871,25.65,7.55,108.1
2018-08-25T08:30:00Z,HAD,Harris_Creek_Downstream,38.712517,-76.316803,0.3,8.59,3.863,25.64,7.55,109.7
2018-08-25T08:45:00Z,HAD,Harris_Creek_Downstream,38.712517,-76.316803,0.3,8.57,3.855,25.62,7.55,109.5
2018-08-25T09:00:00Z,HAD,Harris_Creek_Downstream,38.712517,-76.316803,0.3,7.28,3.841,25.63,7.55,93.0
2018-08-25T09:15:00Z,HAD,Harris_Creek_Downstream,38.712517,-76.316803,0.3,6.54,3.826,25.65,7.56,83.6
2018-08-25T09:30:00Z,HAD,Harris_Creek_Downstream,38.712517,-76.316803,0.3,7.65,3.808,25.65,7.58,97.8
2018-08-25T09:45:00Z,HAD,Harris_Creek_Downstream,38.712517,-76.316803,0.3,7.92,3.789,25.62,7.58,101.1
2018-08-25T10:00:00Z,HAD,Harris_Creek_Downstream,38.712517,-76.316803,0.3,7.01,3.765,25.6,7.57,89.6
2018-08-25T10:15:00Z,HAD,Harris_Creek_Downstream,38.712517,-76.316803,0.3,6.02,3.745,25.59,7.57,76.8
2018-08-25T10:30:00Z,HAD,Harris_Creek_Downstream,38.712517,-76.316803,0.3,7.35,3.721,25.58,7.58,93.9
2018-08-25T10:45:00Z,HAD,Harris_Creek_Downstream,38.712517,-76.316803,0.3,7.91,3.7,25.48,7.54,100.8
2018-08-25T11:00:00Z,HAD,Harris_Creek_Downstream,38.712517,-76.316803,0.3,7.61,3.674,25.46,7.53,97.0
2018-08-25T11:15:00Z,HAD,Harris_Creek_Downstream,38.712517,-76.316803,0.3,7.27,3.652,25.46,7.53,92.6
2018-08-25T11:30:00Z,HAD,Harris_Creek_Downstream,38.712517,-76.316803,0.3,7.2,3.627,25.43,7.51,91.6
2018-08-25T11:45:00Z,HAD,Harris_Creek_Downstream,38.712517,-76.316803,0.3,7.34,3.607,25.43,7.51,93.5
2018-08-25T12:00:00Z,HAD,Harris_Creek_Downstream,38.712517,-76.316803,0.3,7.28,3.587,25.43,7.51,92.7
2018-08-25T12:15:00Z,HAD,Harris_Creek_Downstream,38.712517,-76.316803,0.3,7.05,3.567,25.4,7.5,89.7
2018-08-25T12:30:00Z,HAD,Harris_Creek_Downstream,38.712517,-76.316803,0.3,6.95,3.547,25.38,7.5,88.4
2018-08-25T12:45:00Z,HAD,Harris_Creek_Downstream,38.712517,-76.316803,0.3,7.11,3.531,25.39,7.5,90.5
2018-08-25T13:00:00Z,HAD,Harris_Creek_Downstream,38.712517,-76.316803,0.3,6.92,3.515,25.4,7.51,88.0
2018-08-25T13:15:00Z,HAD,Harris_Creek_Downstream,38.712517,-76.316803,0.3,7.12,3.502,25.49,7.54,90.7
2018-08-25T13:30:00Z,HAD,Harris_Creek_Downstream,38.712517,-76.316803,0.3,7.01,3.489,25.5,7.56,89.3
2018-08-25T13:45:00Z,HAD,Harris_Creek_Downstream,38.712517,-76.316803,0.3,6.65,3.48,25.51,7.57,84.8
2018-08-25T14:00:00Z,HAD,Harris_Creek_Downstream,38.712517,-76.316803,0.3,6.65,3.474,25.51,7.57,84.8
2018-08-25T14:15:00Z,HAD,Harris_Creek_Downstream,38.712517,-76.316803,0.3,5.94,3.469,25.34,7.57,75.5
2018-08-25T14:30:00Z,HAD,Harris_Creek_Downstream,38.712517,-76.316803,0.3,4.36,3.467,25.17,7.47,55.2
2018-08-25T14:45:00Z,HAD,Harris_Creek_Downstream,38.712517,-76.316803,0.3,3.83,3.467,25.15,7.46,48.5
2018-08-25T15:00:00Z,HAD,Harris_Creek_Downstream,38.712517,-76.316803,0.3,4.86,3.471,25.13,7.45,61.5
2018-08-25T15:15:00Z,HAD,Harris_Creek_Downstream,38.712517,-76.316803,0.3,4.66,3.477,25.13,7.45,58.9
2018-08-25T15:30:00Z,HAD,Harris_Creek_Downstream,38.712517,-76.316803,0.3,3.96,3.488,25.12,7.45,50.1
2018-08-25T15:45:00Z,HAD,Harris_Creek_Downstream,38.712517,-76.316803,0.3,2.92,3.499,25.13,7.45,36.9
2018-08-25T16:00:00Z,HAD,Harris_Creek_Downstream,38.712517,-76.316803,0.3,4.97,3.515,25.14,7.45,62.9
2018-08-25T16:15:00Z,HAD,Harris_Creek_Downstream,38.712517,-76.316803,0.3,5.38,3.529,25.16,7.45,68.1
2018-08-25T16:30:00Z,HAD,Harris_Creek_Downstream,38.712517,-76.316803,0.3,5.32,3.545,25.17,7.45,67.3
2018-08-25T16:45:00Z,HAD,Harris_Creek_Downstream,38.712517,-76.316803,0.3,5.27,3.567,25.22,7.46,66.8
2018-08-25T17:00:00Z,HAD,Harris_Creek_Downstream,38.712517,-76.316803,0.3,5.9,3.585,25.34,7.5,74.9
2018-08-25T17:15:00Z,HAD,Harris_Creek_Downstream,38.712517,-76.316803,0.3,6.17,3.609,25.4,7.52,78.5
2018-08-25T17:30:00Z,HAD,Harris_Creek_Downstream,38.712517,-76.316803,0.3,5.94,3.629,25.34,7.5,75.5
2018-08-25T17:45:00Z,HAD,Harris_Creek_Downstream,38.712517,-76.316803,0.3,5.9,3.649,25.31,7.49,74.9
2018-08-25T18:00:00Z,HAD,Harris_Creek_Downstream,38.712517,-76.316803,0.3,6.19,3.67,25.37,7.5,78.7
2018-08-25T18:15:00Z,HAD,Harris_Creek_Downstream,38.712517,-76.316803,0.3,6.52,3.692,25.4,7.52,82.9
2018-08-25T18:30:00Z,HAD,Harris_Creek_Downstream,38.712517,-76.316803,0.3,6.39,3.706,25.41,7.53,81.3
2018-08-25T18:45:00Z,HAD,Harris_Creek_Downstream,38.712517,-76.316803,0.3,5.92,3.72,25.42,7.59,75.3
2018-08-25T19:00:00Z,HAD,Harris_Creek_Downstream,38.712517,-76.316803,0.3,5.59,3.734,25.39,7.62,71.2
2018-08-25T19:15:00Z,HAD,Harris_Creek_Downstream,38.712517,-76.316803,0.3,5.3,3.742,25.37,7.63,67.4
2018-08-25T19:30:00Z,HAD,Harris_Creek_Downstream,38.712517,-76.316803,0.3,4.97,3.751,25.35,7.64,63.2
2018-08-25T19:45:00Z,HAD,Harris_Creek_Downstream,38.712517,-76.316803,0.3,4.77,3.751,25.33,7.65,60.6
2018-08-25T20:00:00Z,HAD,Harris_Creek_Downstream,38.712517,-76.316803,0.3,4.53,3.751,25.28,7.65,57.6
2018-08-25T20:15:00Z,HAD,Harris_Creek_Downstream,38.712517,-76.316803,0.3,4.06,3.751,25.26,7.66,51.5
2018-08-25T20:30:00Z,HAD,Harris_Creek_Downstream,38.712517,-76.316803,0.3,4.94,3.743,25.22,7.66,62.7
2018-08-25T20:45:00Z,HAD,Harris_Creek_Downstream,38.712517,-76.316803,0.3,5.21,3.73,25.21,7.66,66.1
2018-08-25T21:00:00Z,HAD,Harris_Creek_Downstream,38.712517,-76.316803,0.3,3.96,3.715,25.19,7.66,50.2
2018-08-25T21:15:00Z,HAD,Harris_Creek_Downstream,38.712517,-76.316803,0.3,3.11,3.699,25.17,7.66,39.4
2018-08-25T21:30:00Z,HAD,Harris_Creek_Downstream,38.712517,-76.316803,0.3,4.89,3.677,25.15,7.66,61.9
2018-08-25T21:45:00Z,HAD,Harris_Creek_Downstream,38.712517,-76.316803,0.3,5.09,3.656,25.13,7.65,64.4
2018-08-25T22:00:00Z,HAD,Harris_Creek_Downstream,38.712517,-76.316803,0.3,5.07,3.63,25.09,7.65,64.2
2018-08-25T22:15:00Z,HAD,Harris_Creek_Downstream,38.712517,-76.316803,0.3,4.81,3.604,25.08,7.65,60.9
2018-08-25T22:30:00Z,HAD,Harris_Creek_Downstream,38.712517,-76.316803,0.3,5.28,3.576,25.07,7.65,66.8
2018-08-25T22:45:00Z,HAD,Harris_Creek_Downstream,38.712517,-76.316803,0.3,5.29,3.55,25.09,7.65,66.9
2018-08-25T23:00:00Z,HAD,Harris_Creek_Downstream,38.712517,-76.316803,0.3,5.37,3.521,25.14,7.64,68.1
2018-08-25T23:15:00Z,HAD,Harris_Creek_Downstream,38.712517,-76.316803,0.3,5.46,3.494,25.28,7.64,69.3
2018-08-25T23:30:00Z,HAD,Harris_Creek_Downstream,38.712517,-76.316803,0.3,5.38,3.465,25.35,7.64,68.5
2018-08-25T23:45:00Z,HAD,Harris_Creek_Downstream,38.712517,-76.316803,0.3,5.22,3.44,25.35,7.64,66.4
2018-08-26T00:00:00Z,HAD,Harris_Creek_Downstream,38.712517,-76.316803,0.3,5.23,3.415,25.35,7.65,66.6
2018-08-26T00:15:00Z,HAD,Harris_Creek_Downstream,38.712517,-76.316803,0.3,5.56,3.395,25.39,7.65,70.8
2018-08-26T00:30:00Z,HAD,Harris_Creek_Downstream,38.712517,-76.316803,0.3,5.62,3.371,25.42,7.65,71.6
2018-08-26T00:45:00Z,HAD,Harris_Creek_Downstream,38.712517,-76.316803,0.3,5.85,3.352,25.47,7.64,74.6
2018-08-26T01:00:00Z,HAD,Harris_Creek_Downstream,38.712517,-76.316803,0.3,5.95,3.334,25.51,7.64,75.8
2018-08-26T01:15:00Z,HAD,Harris_Creek_Downstream,38.712517,-76.316803,0.3,6.01,3.318,25.54,7.64,76.7
2018-08-26T01:30:00Z,HAD,Harris_Creek_Downstream,38.712517,-76.316803,0.3,5.48,3.304,25.53,7.64,70.0
2018-08-26T01:45:00Z,HAD,Harris_Creek_Downstream,38.712517,-76.316803,0.3,5.37,3.294,25.59,7.63,68.5
2018-08-26T02:00:00Z,HAD,Harris_Creek_Downstream,38.712517,-76.316803,0.3,5.97,3.282,25.6,7.63,76.2
2018-08-26T02:15:00Z,HAD,Harris_Creek_Downstream,38.712517,-76.316803,0.3,6.25,3.277,25.63,7.63,79.8
2018-08-26T02:30:00Z,HAD,Harris_Creek_Downstream,38.712517,-76.316803,0.3,4.51,3.277,25.63,7.63,57.6
2018-08-26T02:45:00Z,HAD,Harris_Creek_Downstream,38.712517,-76.316803,0.3,3.41,3.277,25.76,7.61,43.7
2018-08-26T03:00:00Z,HAD,Harris_Creek_Downstream,38.712517,-76.316803,0.3,6.09,3.283,25.79,7.62,78.1
2018-08-26T03:15:00Z,HAD,Harris_Creek_Downstream,38.712517,-76.316803,0.3,6.97,3.296,25.8,7.62,89.4
2018-08-26T03:30:00Z,HAD,Harris_Creek_Downstream,38.712517,-76.316803,0.3,5.76,3.312,25.78,7.62,73.8
2018-08-26T03:45:00Z,HAD,Harris_Creek_Downstream,38.712517,-76.316803,0.3,4.85,3.329,25.78,7.62,62.1
2018-08-26T04:00:00Z,HAD,Harris_Creek_Downstream,38.712517,-76.316803,0.3,6.06,3.356,25.78,7.62,77.6
2018-08-26T04:15:00Z,HAD,Harris_Creek_Downstream,38.712517,-76.316803,0.3,5.82,3.38,25.79,7.62,74.6
2018-08-26T04:30:00Z,HAD,Harris_Creek_Downstream,38.712517,-76.316803,0.3,4.26,3.412,25.78,7.62,54.6
2018-08-26T04:45:00Z,HAD,Harris_Creek_Downstream,38.712517,-76.316803,0.3,3.16,3.439,25.82,7.63,40.5
2018-08-26T05:00:00Z,HAD,Harris_Creek_Downstream,38.712517,-76.316803,0.3,5.41,3.475,25.82,7.64,69.4
2018-08-26T05:15:00Z,HAD,Harris_Creek_Downstream,38.712517,-76.316803,0.3,5.75,3.502,25.83,7.61,73.8
2018-08-26T05:30:00Z,HAD,Harris_Creek_Downstream,38.712517,-76.316803,0.3,6.64,3.536,25.82,7.56,85.1
2018-08-26T05:45:00Z,HAD,Harris_Creek_Downstream,38.712517,-76.316803,0.3,7.12,3.565,25.77,7.51,91.2
2018-08-26T06:00:00Z,HAD,Harris_Creek_Downstream,38.712517,-76.316803,0.3,7.69,3.595,25.78,7.47,98.5
2018-08-26T06:15:00Z,HAD,Harris_Creek_Downstream,38.712517,-76.316803,0.3,7.73,3.623,25.79,7.47,98.9
2018-08-26T06:30:00Z,HAD,Harris_Creek_Downstream,38.712517,-76.316803,0.3,7.44,3.65,25.78,7.48,95.3
2018-08-26T06:45:00Z,HAD,Harris_Creek_Downstream,38.712517,-76.316803,0.3,7.75,3.673,25.7,7.49,99.0
2018-08-26T07:00:00Z,HAD,Harris_Creek_Downstream,38.712517,-76.316803,0.3,7.41,3.699,25.69,7.5,94.7
2018-08-26T07:15:00Z,HAD,Harris_Creek_Downstream,38.712517,-76.316803,0.3,7.44,3.72,25.64,7.51,95.1
2018-08-26T07:30:00Z,HAD,Harris_Creek_Downstream,38.712517,-76.316803,0.3,7.63,3.739,25.6,7.5,97.3
2018-08-26T07:45:00Z,HAD,Harris_Creek_Downstream,38.712517,-76.316803,0.3,7.05,3.754,25.67,7.54,90.1
2018-08-26T08:00:00Z,HAD,Harris_Creek_Downstream,38.712517,-76.316803,0.3,6.83,3.765,25.66,7.55,87.3
2018-08-26T08:15:00Z,HAD,Harris_Creek_Downstream,38.712517,-76.316803,0.3,7.11,3.773,25.6,7.54,90.8
2018-08-26T08:30:00Z,HAD,Harris_Creek_Downstream,38.712517,-76.316803,0.3,6.91,3.778,25.62,7.56,88.2
2018-08-26T08:45:00Z,HAD,Harris_Creek_Downstream,38.712517,-76.316803,0.3,6.9,3.778,25.64,7.58,88.2
2018-08-26T09:00:00Z,HAD,Harris_Creek_Downstream,38.712517,-76.316803,0.3,6.18,3.775,25.7,7.62,79.1
2018-08-26T09:15:00Z,HAD,Harris_Creek_Downstream,38.712517,-76.316803,0.3,6.03,3.768,25.67,7.62,77.1
2018-08-26T09:30:00Z,HAD,Harris_Creek_Downstream,38.712517,-76.316803,0.3,6.39,3.759,25.66,7.61,81.8
2018-08-26T09:45:00Z,HAD,Harris_Creek_Downstream,38.712517,-76.316803,0.3,7.23,3.746,25.53,7.56,92.2
2018-08-26T10:00:00Z,HAD,Harris_Creek_Downstream,38.712517,-76.316803,0.3,5.63,3.729,25.54,7.56,71.9
2018-08-26T10:15:00Z,HAD,Harris_Creek_Downstream,38.712517,-76.316803,0.3,4.74,3.712,25.54,7.55,60.4
2018-08-26T10:30:00Z,HAD,Harris_Creek_Downstream,38.712517,-76.316803,0.3,6.65,3.692,25.54,7.55,84.8
2018-08-26T10:45:00Z,HAD,Harris_Creek_Downstream,38.712517,-76.316803,0.3,7.28,3.675,25.53,7.54,92.8
2018-08-26T11:00:00Z,HAD,Harris_Creek_Downstream,38.712517,-76.316803,0.3,7.12,3.65,25.56,7.54,90.8
2018-08-26T11:15:00Z,HAD,Harris_Creek_Downstream,38.712517,-76.316803,0.3,6.94,3.626,25.61,7.54,88.7
2018-08-26T11:30:00Z,HAD,Harris_Creek_Downstream,38.712517,-76.316803,0.3,7.18,3.604,25.65,7.53,91.7
2018-08-26T11:45:00Z,HAD,Harris_Creek_Downstream,38.712517,-76.316803,0.3,7.33,3.575,25.65,7.53,93.6
2018-08-26T12:00:00Z,HAD,Harris_Creek_Downstream,38.712517,-76.316803,0.3,7.25,3.554,25.66,7.54,92.7
2018-08-26T12:15:00Z,HAD,Harris_Creek_Downstream,38.712517,-76.316803,0.3,7.29,3.529,25.66,7.54,93.2
2018-08-26T12:30:00Z,HAD,Harris_Creek_Downstream,38.712517,-76.316803,0.3,7.3,3.502,25.65,7.54,93.3
2018-08-26T12:45:00Z,HAD,Harris_Creek_Downstream,38.712517,-76.316803,0.3,7.39,3.482,25.65,7.53,94.5
2018-08-26T13:00:00Z,HAD,Harris_Creek_Downstream,38.712517,-76.316803,0.3,7.38,3.461,25.64,7.52,94.2
2018-08-26T13:15:00Z,HAD,Harris_Creek_Downstream,38.712517,-76.316803,0.3,7.14,3.438,25.63,7.51,91.1
2018-08-26T13:30:00Z,HAD,Harris_Creek_Downstream,38.712517,-76.316803,0.3,7.02,3.425,25.59,7.49,89.6
2018-08-26T13:45:00Z,HAD,Harris_Creek_Downstream,38.712517,-76.316803,0.3,7.0,3.412,25.57,7.47,89.2
2018-08-26T14:00:00Z,HAD,Harris_Creek_Downstream,38.712517,-76.316803,0.3,6.95,3.399,25.58,7.47,88.6
2018-08-26T14:15:00Z,HAD,Harris_Creek_Downstream,38.712517,-76.316803,0.3,7.0,3.389,25.6,7.47,89.3
2018-08-26T14:30:00Z,HAD,Harris_Creek_Downstream,38.712517,-76.316803,0.3,6.79,3.379,25.61,7.47,86.7
2018-08-26T14:45:00Z,HAD,Harris_Creek_Downstream,38.712517,-76.316803,0.3,6.68,3.379,25.62,7.47,85.3
2018-08-26T15:00:00Z,HAD,Harris_Creek_Downstream,38.712517,-76.316803,0.3,6.95,3.375,25.63,7.47,88.7
2018-08-26T15:15:00Z,HAD,Harris_Creek_Downstream,38.712517,-76.316803,0.3,6.94,3.378,25.64,7.47,88.6
2018-08-26T15:30:00Z,HAD,Harris_Creek_Downstream,38.712517,-76.316803,0.3,5.56,3.381,25.64,7.47,71.1
2018-08-26T15:45:00Z,HAD,Harris_Creek_Downstream,38.712517,-76.316803,0.3,4.9,3.39,25.66,7.52,62.7
2018-08-26T16:00:00Z,HAD,Harris_Creek_Downstream,38.712517,-76.316803,0.3,6.48,3.4,25.68,7.52,82.8
2018-08-26T16:15:00Z,HAD,Harris_Creek_Downstream,38.712517,-76.316803,0.3,6.77,3.417,25.68,7.56,86.5
2018-08-26T16:30:00Z,HAD,Harris_Creek_Downstream,38.712517,-76.316803,0.3,5.83,3.431,25.69,7.57,74.6
2018-08-26T16:45:00Z,HAD,Harris_Creek_Downstream,38.712517,-76.316803,0.3,4.96,3.45,25.69,7.58,63.5
2018-08-26T17:00:00Z,HAD,Harris_Creek_Downstream,38.712517,-76.316803,0.3,6.25,3.479,25.71,7.57,80.0
2018-08-26T17:15:00Z,HAD,Harris_Creek_Downstream,38.712517,-76.316803,0.3,6.2,3.5,25.7,7.58,79.3
2018-08-26T17:30:00Z,HAD,Harris_Creek_Downstream,38.712517,-76.316803,0.3,6.23,3.524,25.73,7.57,79.7
2018-08-26T17:45:00Z,HAD,Harris_Creek_Downstream,38.712517,-76.316803,0.3,6.34,3.546,25.72,7.58,81.2
2018-08-26T18:00:00Z,HAD,Harris_Creek_Downstream,38.712517,-76.316803,0.3,6.27,3.575,25.74,7.58,80.2
2018-08-26T18:15:00Z,HAD,Harris_Creek_Downstream,38.712517,-76.316803,0.3,6.33,3.598,25.75,7.57,81.1
2018-08-26T18:30:00Z,HAD,Harris_Creek_Downstream,38.712517,-76.316803,0.3,6.6,3.622,25.81,7.57,84.6
2018-08-26T18:45:00Z,HAD,Harris_Creek_Downstream,38.712517,-76.316803,0.3,7.45,3.641,25.93,7.55,95.7
2018-08-26T19:00:00Z,HAD,Harris_Creek_Downstream,38.712517,-76.316803,0.3,7.25,3.664,25.96,7.55,93.2
2018-08-26T19:15:00Z,HAD,Harris_Creek_Downstream,38.712517,-76.316803,0.3,6.89,3.685,25.91,7.56,88.4
2018-08-26T19:30:00Z,HAD,Harris_Creek_Downstream,38.712517,-76.316803,0.3,5.73,3.7,25.82,7.58,73.4
2018-08-26T19:45:00Z,HAD,Harris_Creek_Downstream,38.712517,-76.316803,0.3,5.61,3.715,25.82,7.58,71.9
2018-08-26T20:00:00Z,HAD,Harris_Creek_Downstream,38.712517,-76.316803,0.3,5.95,3.728,25.85,7.59,76.3
2018-08-26T20:15:00Z,HAD,Harris_Creek_Downstream,38.712517,-76.316803,0.3,6.12,3.737,25.86,7.59,78.5
2018-08-26T20:30:00Z,HAD,Harris_Creek_Downstream,38.712517,-76.316803,0.3,6.19,3.743,25.87,7.59,79.4
2018-08-26T20:45:00Z,HAD,Harris_Creek_Downstream,38.712517,-76.316803,0.3,6.38,3.746,25.89,7.59,82.0
2018-08-26T21:00:00Z,HAD,Harris_Creek_Downstream,38.712517,-76.316803,0.3,5.94,3.746,25.92,7.55,76.3
2018-08-26T21:15:00Z,HAD,Harris_Creek_Downstream,38.712517,-76.316803,0.3,5.77,3.741,25.92,7.59,74.1
2018-08-26T21:30:00Z,HAD,Harris_Creek_Downstream,38.712517,-76.316803,0.3,6.64,3.736,25.96,7.58,85.3
2018-08-26T21:45:00Z,HAD,Harris_Creek_Downstream,38.712517,-76.316803,0.3,6.63,3.725,25.99,7.58,85.3
2018-08-26T22:00:00Z,HAD,Harris_Creek_Downstream,38.712517,-76.316803,0.3,5.4,3.71,26.02,7.57,69.5
2018-08-26T22:15:00Z,HAD,Harris_Creek_Downstream,38.712517,-76.316803,0.3,4.5,3.692,26.07,7.56,58.0
2018-08-26T22:30:00Z,HAD,Harris_Creek_Downstream,38.712517,-76.316803,0.3,6.76,3.67,26.12,7.55,87.1
2018-08-26T22:45:00Z,HAD,Harris_Creek_Downstream,38.712517,-76.316803,0.3,7.17,3.649,26.12,7.54,92.4
2018-08-26T23:00:00Z,HAD,Harris_Creek_Downstream,38.712517,-76.316803,0.3,6.84,3.625,26.09,7.54,88.2
2018-08-26T23:15:00Z,HAD,Harris_Creek_Downstream,38.712517,-76.316803,0.3,6.05,3.603,26.07,7.55,77.9
2018-08-26T23:30:00Z,HAD,Harris_Creek_Downstream,38.712517,-76.316803,0.3,6.47,3.576,26.06,7.55,83.3
2018-08-26T23:45:00Z,HAD,Harris_Creek_Downstream,38.712517,-76.316803,0.3,6.06,3.551,26.0,7.57,77.9
2018-08-27T00:00:00Z,HAD,Harris_Creek_Downstream,38.712517,-76.316803,0.3,6.18,3.524,26.01,7.57,79.5
2018-08-27T00:15:00Z,HAD,Harris_Creek_Downstream,38.712517,-76.316803,0.3,6.21,3.503,26.02,7.57,79.9
2018-08-27T00:30:00Z,HAD,Harris_Creek_Downstream,38.712517,-76.316803,0.3,6.39,3.478,26.04,7.56,82.3
2018-08-27T00:45:00Z,HAD,Harris_Creek_Downstream,38.712517,-76.316803,0.3,6.49,3.458,26.06,7.56,83.5
2018-08-27T01:00:00Z,HAD,Harris_Creek_Downstream,38.712517,-76.316803,0.3,6.65,3.434,26.1,7.55,85.7
2018-08-27T01:15:00Z,HAD,Harris_Creek_Downstream,38.712517,-76.316803,0.3,6.79,3.417,26.12,7.54,87.5
2018-08-27T01:30:00Z,HAD,Harris_Creek_Downstream,38.712517,-76.316803,0.3,6.62,3.399,26.13,7.54,85.3
2018-08-27T01:45:00Z,HAD,Harris_Creek_Downstream,38.712517,-76.316803,0.3,6.61,3.384,26.12,7.53,85.2
2018-08-27T02:00:00Z,HAD,Harris_Creek_Downstream,38.712517,-76.316803,0.3,6.64,3.369,26.12,7.52,85.5
2018-08-27T02:15:00Z,HAD,Harris_Creek_Downstream,38.712517,-76.316803,0.3,6.62,3.356,26.13,7.5,85.3
2018-08-27T02:30:00Z,HAD,Harris_Creek_Downstream,38.712517,-76.316803,0.3,6.34,3.347,26.13,7.48,81.7
2018-08-27T02:45:00Z,HAD,Harris_Creek_Downstream,38.712517,-76.316803,0.3,6.34,3.343,26.14,7.47,81.7
2018-08-27T03:00:00Z,HAD,Harris_Creek_Downstream,38.712517,-76.316803,0.3,6.37,3.344,26.15,7.46,82.1
2018-08-27T03:15:00Z,HAD,Harris_Creek_Downstream,38.712517,-76.316803,0.3,6.66,3.348,26.15,7.46,85.9
2018-08-27T03:30:00Z,HAD,Harris_Creek_Downstream,38.712517,-76.316803,0.3,4.92,3.359,26.17,7.45,63.4
2018-08-27T03:45:00Z,HAD,Harris_Creek_Downstream,38.712517,-76.316803,0.3,4.03,3.37,26.18,7.45,52.0
2018-08-27T04:00:00Z,HAD,Harris_Creek_Downstream,38.712517,-76.316803,0.3,5.59,3.386,26.18,7.45,72.1
2018-08-27T04:15:00Z,HAD,Harris_Creek_Downstream,38.712517,-76.316803,0.3,6.0,3.404,26.19,7.45,77.3
2018-08-27T04:30:00Z,HAD,Harris_Creek_Downstream,38.712517,-76.316803,0.3,4.7,3.426,26.17,7.45,60.6
2018-08-27T04:45:00Z,HAD,Harris_Creek_Downstream,38.712517,-76.316803,0.3,3.85,3.449,26.13,7.44,49.6
2018-08-27T05:00:00Z,HAD,Harris_Creek_Downstream,38.712517,-76.316803,0.3,6.68,3.477,26.11,7.45,86.0
2018-08-27T05:15:00Z,HAD,Harris_Creek_Downstream,38.712517,-76.316803,0.3,6.91,3.506,26.09,7.43,88.9
2018-08-27T05:30:00Z,HAD,Harris_Creek_Downstream,38.712517,-76.316803,0.3,6.84,3.538,26.04,7.43,88.0
2018-08-27T05:45:00Z,HAD,Harris_Creek_Downstream,38.712517,-76.316803,0.3,6.79,3.567,26.03,7.42,87.3
2018-08-27T06:00:00Z,HAD,Harris_Creek_Downstream,38.712517,-76.316803,0.3,6.92,3.593,26.04,7.43,89.0
2018-08-27T06:15:00Z,HAD,Harris_Creek_Downstream,38.712517,-76.316803,0.3,7.15,3.624,26.07,7.45,92.0
2018-08-27T06:30:00Z,HAD,Harris_Creek_Downstream,38.712517,-76.316803,0.3,7.38,3.653,26.08,7.46,95.0
2018-08-27T06:45:00Z,HAD,Harris_Creek_Downstream,38.712517,-76.316803,0.3,7.51,3.677,26.02,7.42,96.6
2018-08-27T07:00:00Z,HAD,Harris_Creek_Downstream,38.712517,-76.316803,0.3,7.45,3.706,26.01,7.4,95.8
2018-08-27T07:15:00Z,HAD,Harris_Creek_Downstream,38.712517,-76.316803,0.3,7.27,3.726,26.03,7.41,93.5
2018-08-27T07:30:00Z,HAD,Harris_Creek_Downstream,38.712517,-76.316803,0.3,7.19,3.749,26.06,7.42,92.5
2018-08-27T07:45:00Z,HAD,Harris_Creek_Downstream,38.712517,-76.316803,0.3,7.13,3.767,26.07,7.42,91.7
2018-08-27T08:00:00Z,HAD,Harris_Creek_Downstream,38.712517,-76.316803,0.3,6.7,3.782,26.07,7.42,86.2
2018-08-27T08:15:00Z,HAD,Harris_Creek_Downstream,38.712517,-76.316803,0.3,6.13,3.794,26.08,7.42,78.9
2018-08-27T08:30:00Z,HAD,Harris_Creek_Downstream,38.712517,-76.316803,0.3,5.98,3.804,26.08,7.43,77.0
2018-08-27T08:45:00Z,HAD,Harris_Creek_Downstream,38.712517,-76.316803,0.3,6.22,3.807,26.08,7.42,80.0
2018-08-27T09:00:00Z,HAD,Harris_Creek_Downstream,38.712517,-76.316803,0.3,5.07,3.807,26.09,7.43,65.3
2018-08-27T09:15:00Z,HAD,Harris_Creek_Downstream,38.712517,-76.316803,0.3,4.53,3.804,26.1,7.44,58.3
2018-08-27T09:30:00Z,HAD,Harris_Creek_Downstream,38.712517,-76.316803,0.3,6.03,3.797,26.1,7.44,77.6
2018-08-27T09:45:00Z,HAD,Harris_Creek_Downstream,38.712517,-76.316803,0.3,6.34,3.787,26.1,7.44,81.6
2018-08-27T10:00:00Z,HAD,Harris_Creek_Downstream,38.712517,-76.316803,0.3,4.66,3.774,26.1,7.44,60.0
2018-08-27T10:15:00Z,HAD,Harris_Creek_Downstream,38.712517,-76.316803,0.3,3.07,3.759,26.1,7.44,39.5
2018-08-27T10:30:00Z,HAD,Harris_Creek_Downstream,38.712517,-76.316803,0.3,5.65,3.739,26.1,7.44,72.8
2018-08-27T10:45:00Z,HAD,Harris_Creek_Downstream,38.712517,-76.316803,0.3,6.16,3.718,26.11,7.44,79.4
2018-08-27T11:00:00Z,HAD,Harris_Creek_Downstream,38.712517,-76.316803,0.3,6.02,3.691,26.12,7.44,77.5
2018-08-27T11:15:00Z,HAD,Harris_Creek_Downstream,38.712517,-76.316803,0.3,5.47,3.669,26.13,7.45,70.5
2018-08-27T11:30:00Z,HAD,Harris_Creek_Downstream,38.712517,-76.316803,0.3,5.96,3.638,26.13,7.45,76.8
2018-08-27T11:45:00Z,HAD,Harris_Creek_Downstream,38.712517,-76.316803,0.3,6.32,3.613,26.13,7.45,81.4
2018-08-27T12:00:00Z,HAD,Harris_Creek_Downstream,38.712517,-76.316803,0.3,6.21,3.584,26.1,7.44,80.0
2018-08-27T12:15:00Z,HAD,Harris_Creek_Downstream,38.712517,-76.316803,0.3,5.86,3.556,26.07,7.43,75.5
2018-08-27T12:30:00Z,HAD,Harris_Creek_Downstream,38.712517,-76.316803,0.3,5.55,3.527,26.06,7.42,71.4
2018-08-27T12:45:00Z,HAD,Harris_Creek_Downstream,38.712517,-76.316803,0.3,5.65,3.503,26.06,7.4,72.6
2018-08-27T13:00:00Z,HAD,Harris_Creek_Downstream,38.712517,-76.316803,0.3,5.65,3.478,26.07,7.4,72.7
2018-08-27T13:15:00Z,HAD,Harris_Creek_Downstream,38.712517,-76.316803,0.3,5.8,3.455,26.1,7.41,74.6
2018-08-27T13:30:00Z,HAD,Harris_Creek_Downstream,38.712517,-76.316803,0.3,5.78,3.43,26.14,7.41,74.5
2018-08-27T13:45:00Z,HAD,Harris_Creek_Downstream,38.712517,-76.316803,0.3,5.89,3.409,26.19,7.42,76.0
2018-08-27T14:00:00Z,HAD,Harris_Creek_Downstream,38.712517,-76.316803,0.3,5.97,3.392,26.21,7.42,77.0
2018-08-27T14:15:00Z,HAD,Harris_Creek_Downstream,38.712517,-76.316803,0.3,5.99,3.375,26.24,7.43,77.4
2018-08-27T14:30:00Z,HAD,Harris_Creek_Downstream,38.712517,-76.316803,0.3,5.5,3.357,26.25,7.43,71.0
2018-08-27T14:45:00Z,HAD,Harris_Creek_Downstream,38.712517,-76.316803,0.3,4.89,3.343,26.25,7.43,63.1
2018-08-27T15:00:00Z,HAD,Harris_Creek_Downstream,38.712517,-76.316803,0.3,5.49,3.331,26.25,7.43,70.8
2018-08-27T15:15:00Z,HAD,Harris_Creek_Downstream,38.712517,-76.316803,0.3,5.53,3.32,26.25,7.43,71.4
2018-08-27T15:30:00Z,HAD,Harris_Creek_Downstream,38.712517,-76.316803,0.3,3.59,3.315,26.25,7.43,46.3
2018-08-27T15:45:00Z,HAD,Harris_Creek_Downstream,38.712517,-76.316803,0.3,2.37,3.31,26.27,7.42,30.6
2018-08-27T16:00:00Z,HAD,Harris_Creek_Downstream,38.712517,-76.316803,0.3,5.06,3.31,26.28,7.42,65.4
2018-08-27T16:15:00Z,HAD,Harris_Creek_Downstream,38.712517,-76.316803,0.3,5.34,3.315,26.29,7.42,69.0
2018-08-27T16:30:00Z,HAD,Harris_Creek_Downstream,38.712517,-76.316803,0.3,4.94,3.319,26.3,7.42,63.9
2018-08-27T16:45:00Z,HAD,Harris_Creek_Downstream,38.712517,-76.316803,0.3,4.45,3.327,26.34,7.41,57.6
2018-08-27T17:00:00Z,HAD,Harris_Creek_Downstream,38.712517,-76.316803,0.3,5.86,3.34,26.34,7.41,75.8
2018-08-27T17:15:00Z,HAD,Harris_Creek_Downstream,38.712517,-76.316803,0.3,6.09,3.358,26.37,7.41,78.8
2018-08-27T17:30:00Z,HAD,Harris_Creek_Downstream,38.712517,-76.316803,0.3,6.16,3.374,26.4,7.4,79.7
2018-08-27T17:45:00Z,HAD,Harris_Creek_Downstream,38.712517,-76.316803,0.3,6.46,3.398,26.42,7.4,83.7
2018-08-27T18:00:00Z,HAD,Harris_Creek_Downstream,38.712517,-76.316803,0.3,6.56,3.423,26.38,7.38,84.9
2018-08-27T18:15:00Z,HAD,Harris_Creek_Downstream,38.712517,-76.316803,0.3,6.46,3.443,26.37,7.37,83.5
2018-08-27T18:30:00Z,HAD,Harris_Creek_Downstream,38.712517,-76.316803,0.3,6.54,3.467,26.38,7.37,84.6
2018-08-27T18:45:00Z,HAD,Harris_Creek_Downstream,38.712517,-76.316803,0.3,6.68,3.488,26.37,7.36,86.3
2018-08-27T19:00:00Z,HAD,Harris_Creek_Downstream,38.712517,-76.316803,0.3,6.77,3.513,26.38,7.36,87.5
2018-08-27T19:15:00Z,HAD,Harris_Creek_Downstream,38.712517,-76.316803,0.3,6.66,3.534,26.39,7.36,86.1
2018-08-27T19:30:00Z,HAD,Harris_Creek_Downstream,38.712517,-76.316803,0.3,6.67,3.557,26.44,7.36,86.4
2018-08-27T19:45:00Z,HAD,Harris_Creek_Downstream,38.712517,-76.316803,0.3,6.57,3.575,26.45,7.36,85.0
2018-08-27T20:00:00Z,HAD,Harris_Creek_Downstream,38.712517,-76.316803,0.3,6.22,3.588,26.42,7.36,80.5
2018-08-27T20:15:00Z,HAD,Harris_Creek_Downstream,38.712517,-76.316803,0.3,5.93,3.604,26.43,7.36,76.7
2018-08-27T20:30:00Z,HAD,Harris_Creek_Downstream,38.712517,-76.316803,0.3,5.76,3.611,26.43,7.36,74.5
2018-08-27T20:45:00Z,HAD,Harris_Creek_Downstream,38.712517,-76.316803,0.3,5.91,3.619,26.42,7.36,76.5
2018-08-27T21:00:00Z,HAD,Harris_Creek_Downstream,38.712517,-76.316803,0.3,4.98,3.622,26.43,7.37,64.5
2018-08-27T21:15:00Z,HAD,Harris_Creek_Downstream,38.712517,-76.316803,0.3,4.17,3.621,26.45,7.37,54.0
2018-08-27T21:30:00Z,HAD,Harris_Creek_Downstream,38.712517,-76.316803,0.3,6.46,3.618,26.47,7.38,83.7
2018-08-27T21:45:00Z,HAD,Harris_Creek_Downstream,38.712517,-76.316803,0.3,6.89,3.611,26.45,7.39,89.3
2018-08-27T22:00:00Z,HAD,Harris_Creek_Downstream,38.712517,-76.316803,0.3,4.88,3.599,26.43,7.39,63.2
2018-08-27T22:15:00Z,HAD,Harris_Creek_Downstream,38.712517,-76.316803,0.3,3.86,3.586,26.46,7.4,50.0
2018-08-27T22:30:00Z,HAD,Harris_Creek_Downstream,38.712517,-76.316803,0.3,6.21,3.567,26.47,7.4,80.5
2018-08-27T22:45:00Z,HAD,Harris_Creek_Downstream,38.712517,-76.316803,0.3,5.86,3.551,26.46,7.4,76.0
2018-08-27T23:00:00Z,HAD,Harris_Creek_Downstream,38.712517,-76.316803,0.3,6.25,3.53,26.48,7.4,80.9
2018-08-27T23:15:00Z,HAD,Harris_Creek_Downstream,38.712517,-76.316803,0.3,6.66,3.511,26.49,7.41,86.3
2018-08-27T23:30:00Z,HAD,Harris_Creek_Downstream,38.712517,-76.316803,0.3,6.92,3.484,26.5,7.41,89.7
2018-08-27T23:45:00Z,HAD,Harris_Creek_Downstream,38.712517,-76.316803,0.3,7.38,3.461,26.55,7.41,95.8
2018-08-28T00:00:00Z,HAD,Harris_Creek_Downstream,38.712517,-76.316803,0.3,7.5,3.433,26.58,7.4,97.4
2018-08-28T00:15:00Z,HAD,Harris_Creek_Downstream,38.712517,-76.316803,0.3,7.44,3.409,26.6,7.4,96.7
2018-08-28T00:30:00Z,HAD,Harris_Creek_Downstream,38.712517,-76.316803,0.3,7.66,3.382,26.64,7.39,99.5
2018-08-28T00:45:00Z,HAD,Harris_Creek_Downstream,38.712517,-76.316803,0.3,7.82,3.355,26.66,7.38,101.7
2018-08-28T01:00:00Z,HAD,Harris_Creek_Downstream,38.712517,-76.316803,0.3,7.67,3.33,26.63,7.37,99.6
2018-08-28T01:15:00Z,HAD,Harris_Creek_Downstream,38.712517,-76.316803,0.3,7.47,3.306,26.63,7.36,97.0
2018-08-28T01:30:00Z,HAD,Harris_Creek_Downstream,38.712517,-76.316803,0.3,7.22,3.281,26.63,7.36,93.9
2018-08-28T01:45:00Z,HAD,Harris_Creek_Downstream,38.712517,-76.316803,0.3,7.32,3.261,26.65,7.36,95.1
2018-08-28T02:00:00Z,HAD,Harris_Creek_Downstream,38.712517,-76.316803,0.3,7.16,3.237,26.66,7.35,93.1
2018-08-28T02:15:00Z,HAD,Harris_Creek_Downstream,38.712517,-76.316803,0.3,7.1,3.219,26.66,7.36,92.2
2018-08-28T02:30:00Z,HAD,Harris_Creek_Downstream,38.712517,-76.316803,0.3,6.96,3.2,26.67,7.36,90.5
2018-08-28T02:45:00Z,HAD,Harris_Creek_Downstream,38.712517,-76.316803,0.3,6.91,3.186,26.67,7.37,89.8
2018-08-28T03:00:00Z,HAD,Harris_Creek_Downstream,38.712517,-76.316803,0.3,6.93,3.174,26.76,7.42,90.3
2018-08-28T03:15:00Z,HAD,Harris_Creek_Downstream,38.712517,-76.316803,0.3,6.67,3.165,26.74,7.43,86.8
2018-08-28T03:30:00Z,HAD,Harris_Creek_Downstream,38.712517,-76.316803,0.3,6.57,3.158,26.77,7.44,85.6
2018-08-28T03:45:00Z,HAD,Harris_Creek_Downstream,38.712517,-76.316803,0.3,6.78,3.156,26.84,7.47,88.4
2018-08-28T04:00:00Z,HAD,Harris_Creek_Downstream,38.712517,-76.316803,0.3,6.66,3.157,26.87,7.48,87.0
2018-08-28T04:15:00Z,HAD,Harris_Creek_Downstream,38.712517,-76.316803,0.3,6.57,3.165,26.92,7.49,85.9
2018-08-28T04:30:00Z,HAD,Harris_Creek_Downstream,38.712517,-76.316803,0.3,6.25,3.178,26.93,7.5,81.8
2018-08-28T04:45:00Z,HAD,Harris_Creek_Downstream,38.712517,-76.316803,0.3,6.36,3.193,26.98,7.5,83.3
2018-08-28T05:00:00Z,HAD,Harris_Creek_Downstream,38.712517,-76.316803,0.3,5.57,3.212,26.96,7.51,72.9
2018-08-28T05:15:00Z,HAD,Harris_Creek_Downstream,38.712517,-76.316803,0.3,4.85,3.236,26.93,7.5,63.4
2018-08-28T05:30:00Z,HAD,Harris_Creek_Downstream,38.712517,-76.316803,0.3,4.49,3.264,26.88,7.48,58.6
2018-08-28T05:45:00Z,HAD,Harris_Creek_Downstream,38.712517,-76.316803,0.3,5.14,3.29,26.8,7.43,66.9
2018-08-28T06:00:00Z,HAD,Harris_Creek_Downstream,38.712517,-76.316803,0.3,5.39,3.327,26.83,7.42,70.4
2018-08-28T06:15:00Z,HAD,Harris_Creek_Downstream,38.712517,-76.316803,0.3,5.71,3.361,26.94,7.47,74.6
2018-08-28T06:30:00Z,HAD,Harris_Creek_Downstream,38.712517,-76.316803,0.3,4.72,3.393,27.01,7.5,61.8
2018-08-28T06:45:00Z,HAD,Harris_Creek_Downstream,38.712517,-76.316803,0.3,4.03,3.421,27.08,7.52,52.8
2018-08-28T07:00:00Z,HAD,Harris_Creek_Downstream,38.712517,-76.316803,0.3,6.48,3.459,27.1,7.53,85.0
2018-08-28T07:15:00Z,HAD,Harris_Creek_Downstream,38.712517,-76.316803,0.3,6.74,3.486,27.11,7.53,88.4
2018-08-28T07:30:00Z,HAD,Harris_Creek_Downstream,38.712517,-76.316803,0.3,4.77,3.516,27.07,7.5,62.5
2018-08-28T07:45:00Z,HAD,Harris_Creek_Downstream,38.712517,-76.316803,0.3,3.12,3.543,27.0,7.46,40.8
2018-08-28T08:00:00Z,HAD,Harris_Creek_Downstream,38.712517,-76.316803,0.3,7.95,3.568,26.72,7.23,103.4
2018-08-28T08:15:00Z,HAD,Harris_Creek_Downstream,38.712517,-76.316803,0.3,7.82,3.588,26.74,7.23,101.7
2018-08-28T08:30:00Z,HAD,Harris_Creek_Downstream,38.712517,-76.316803,0.3,6.47,3.606,26.89,7.29,84.4
2018-08-28T08:45:00Z,HAD,Harris_Creek_Downstream,38.712517,-76.316803,0.3,6.07,3.619,26.99,7.41,79.4
2018-08-28T09:00:00Z,HAD,Harris_Creek_Downstream,38.712517,-76.316803,0.3,6.51,3.637,27.02,7.44,85.2
2018-08-28T09:15:00Z,HAD,Harris_Creek_Downstream,38.712517,-76.316803,0.3,6.67,3.646,26.99,7.43,87.2
2018-08-28T09:30:00Z,HAD,Harris_Creek_Downstream,38.712517,-76.316803,0.3,6.12,3.653,26.97,7.42,80.0
2018-08-28T09:45:00Z,HAD,Harris_Creek_Downstream,38.712517,-76.316803,0.3,5.64,3.658,26.98,7.44,73.8
2018-08-28T10:00:00Z,HAD,Harris_Creek_Downstream,38.712517,-76.316803,0.3,5.48,3.657,26.87,7.39,71.5
2018-08-28T10:15:00Z,HAD,Harris_Creek_Downstream,38.712517,-76.316803,0.3,6.23,3.654,26.8,7.34,81.2
2018-08-28T10:30:00Z,HAD,Harris_Creek_Downstream,38.712517,-76.316803,0.3,5.1,3.644,26.84,7.33,66.5
2018-08-28T10:45:00Z,HAD,Harris_Creek_Downstream,38.712517,-76.316803,0.3,5.88,3.633,26.9,7.36,76.8
2018-08-28T11:00:00Z,HAD,Harris_Creek_Downstream,38.712517,-76.316803,0.3,5.86,3.619,26.94,7.4,76.5
2018-08-28T11:15:00Z,HAD,Harris_Creek_Downstream,38.712517,-76.316803,0.3,6.04,3.602,26.98,7.41,79.0
2018-08-28T11:30:00Z,HAD,Harris_Creek_Downstream,38.712517,-76.316803,0.3,6.36,3.582,27.01,7.43,83.2
2018-08-28T11:45:00Z,HAD,Harris_Creek_Downstream,38.712517,-76.316803,0.3,6.53,3.561,27.03,7.44,85.5
2018-08-28T12:00:00Z,HAD,Harris_Creek_Downstream,38.712517,-76.316803,0.3,5.94,3.537,27.04,7.44,77.7
2018-08-28T12:15:00Z,HAD,Harris_Creek_Downstream,38.712517,-76.316803,0.3,5.42,3.514,27.04,7.44,70.9
2018-08-28T12:30:00Z,HAD,Harris_Creek_Downstream,38.712517,-76.316803,0.3,5.78,3.485,27.03,7.43,75.6
2018-08-28T12:45:00Z,HAD,Harris_Creek_Downstream,38.712517,-76.316803,0.3,5.7,3.46,27.06,7.45,74.6
2018-08-28T13:00:00Z,HAD,Harris_Creek_Downstream,38.712517,-76.316803,0.3,4.06,3.437,27.07,7.46,53.2
2018-08-28T13:15:00Z,HAD,Harris_Creek_Downstream,38.712517,-76.316803,0.3,3.06,3.413,27.15,7.5,40.1
2018-08-28T13:30:00Z,HAD,Harris_Creek_Downstream,38.712517,-76.316803,0.3,5.64,3.385,27.16,7.51,74.0
2018-08-28T13:45:00Z,HAD,Harris_Creek_Downstream,38.712517,-76.316803,0.3,6.1,3.36,27.18,7.52,80.0
2018-08-28T14:00:00Z,HAD,Harris_Creek_Downstream,38.712517,-76.316803,0.3,4.58,3.342,27.21,7.52,60.2
2018-08-28T14:15:00Z,HAD,Harris_Creek_Downstream,38.712517,-76.316803,0.3,3.16,3.322,27.22,7.51,41.5
2018-08-28T14:30:00Z,HAD,Harris_Creek_Downstream,38.712517,-76.316803,0.3,5.9,3.303,27.24,7.5,77.6
2018-08-28T14:45:00Z,HAD,Harris_Creek_Downstream,38.712517,-76.316803,0.3,6.16,3.288,27.25,7.5,80.9
2018-08-28T15:00:00Z,HAD,Harris_Creek_Downstream,38.712517,-76.316803,0.3,6.1,3.271,27.26,7.5,80.2
2018-08-28T15:15:00Z,HAD,Harris_Creek_Downstream,38.712517,-76.316803,0.3,5.89,3.261,27.27,7.48,77.4
2018-08-28T15:30:00Z,HAD,Harris_Creek_Downstream,38.712517,-76.316803,0.3,5.9,3.253,27.28,7.47,77.5
2018-08-28T15:45:00Z,HAD,Harris_Creek_Downstream,38.712517,-76.316803,0.3,5.82,3.249,27.28,7.47,76.6
2018-08-28T16:00:00Z,HAD,Harris_Creek_Downstream,38.712517,-76.316803,0.3,5.84,3.247,27.29,7.45,76.8
2018-08-28T16:15:00Z,HAD,Harris_Creek_Downstream,38.712517,-76.316803,0.3,5.65,3.244,27.29,7.47,74.3
2018-08-28T16:30:00Z,HAD,Harris_Creek_Downstream,38.712517,-76.316803,0.3,5.47,3.253,27.3,7.47,72.0
2018-08-28T16:45:00Z,HAD,Harris_Creek_Downstream,38.712517,-76.316803,0.3,6.11,3.263,27.33,7.43,80.4
2018-08-28T17:00:00Z,HAD,Harris_Creek_Downstream,38.712517,-76.316803,0.3,5.53,3.273,27.3,7.45,72.7
2018-08-28T17:15:00Z,HAD,Harris_Creek_Downstream,38.712517,-76.316803,0.3,5.52,3.29,27.34,7.44,72.6
2018-08-28T17:30:00Z,HAD,Harris_Creek_Downstream,38.712517,-76.316803,0.3,4.75,3.312,27.32,7.45,62.5
2018-08-28T17:45:00Z,HAD,Harris_Creek_Downstream,38.712517,-76.316803,0.3,5.1,3.334,27.33,7.45,67.1
2018-08-28T18:00:00Z,HAD,Harris_Creek_Downstream,38.712517,-76.316803,0.3,5.72,3.359,27.33,7.44,75.3
2018-08-28T18:15:00Z,HAD,Harris_Creek_Downstream,38.712517,-76.316803,0.3,5.69,3.386,27.34,7.44,74.9
2018-08-28T18:30:00Z,HAD,Harris_Creek_Downstream,38.712517,-76.316803,0.3,5.77,3.416,27.34,7.43,76.0
2018-08-28T18:45:00Z,HAD,Harris_Creek_Downstream,38.712517,-76.316803,0.3,5.3,3.444,27.35,7.42,69.7
2018-08-28T19:00:00Z,HAD,Harris_Creek_Downstream,38.712517,-76.316803,0.3,5.7,3.476,27.34,7.4,75.0
2018-08-28T19:15:00Z,HAD,Harris_Creek_Downstream,38.712517,-76.316803,0.3,5.65,3.506,27.34,7.39,74.3
2018-08-28T19:30:00Z,HAD,Harris_Creek_Downstream,38.712517,-76.316803,0.3,4.47,3.537,27.31,7.37,58.8
2018-08-28T19:45:00Z,HAD,Harris_Creek_Downstream,38.712517,-76.316803,0.3,3.97,3.564,27.31,7.36,52.2
2018-08-28T20:00:00Z,HAD,Harris_Creek_Downstream,38.712517,-76.316803,0.3,5.61,3.594,27.31,7.36,73.8
2018-08-28T20:15:00Z,HAD,Harris_Creek_Downstream,38.712517,-76.316803,0.3,5.96,3.618,27.33,7.36,78.4
2018-08-28T20:30:00Z,HAD,Harris_Creek_Downstream,38.712517,-76.316803,0.3,3.6,3.641,27.32,7.35,47.4
2018-08-28T20:45:00Z,HAD,Harris_Creek_Downstream,38.712517,-76.316803,0.3,1.85,3.658,27.33,7.35,24.4
2018-08-28T21:00:00Z,HAD,Harris_Creek_Downstream,38.712517,-76.316803,0.3,4.52,3.678,27.32,7.36,59.5
2018-08-28T21:15:00Z,HAD,Harris_Creek_Downstream,38.712517,-76.316803,0.3,5.81,3.691,27.31,7.36,76.4
2018-08-28T21:30:00Z,HAD,Harris_Creek_Downstream,38.712517,-76.316803,0.3,5.81,3.701,27.31,7.36,76.4
2018-08-28T21:45:00Z,HAD,Harris_Creek_Downstream,38.712517,-76.316803,0.3,5.61,3.707,27.35,7.38,73.8
2018-08-28T22:00:00Z,HAD,Harris_Creek_Downstream,38.712517,-76.316803,0.3,5.87,3.712,27.31,7.39,77.2
2018-08-28T22:15:00Z,HAD,Harris_Creek_Downstream,38.712517,-76.316803,0.3,6.01,3.711,27.32,7.41,79.1
2018-08-28T22:30:00Z,HAD,Harris_Creek_Downstream,38.712517,-76.316803,0.3,6.03,3.704,27.35,7.42,79.4
2018-08-28T22:45:00Z,HAD,Harris_Creek_Downstream,38.712517,-76.316803,0.3,6.13,3.698,27.38,7.42,80.8
2018-08-28T23:00:00Z,HAD,Harris_Creek_Downstream,38.712517,-76.316803,0.3,6.25,3.687,27.4,7.4,82.3
2018-08-28T23:15:00Z,HAD,Harris_Creek_Downstream,38.712517,-76.316803,0.3,6.04,3.669,27.4,7.38,79.6
2018-08-28T23:30:00Z,HAD,Harris_Creek_Downstream,38.712517,-76.316803,0.3,6.08,3.653,27.44,7.36,80.1
2018-08-28T23:45:00Z,HAD,Harris_Creek_Downstream,38.712517,-76.316803,0.3,6.05,3.631,27.45,7.35,79.7
2018-08-29T00:00:00Z,HAD,Harris_Creek_Downstream,38.712517,-76.316803,0.3,6.06,3.61,27.47,7.34,79.9
2018-08-29T00:15:00Z,HAD,Harris_Creek_Downstream,38.712517,-76.316803,0.3,6.05,3.587,27.48,7.33,79.8
2018-08-29T00:30:00Z,HAD,Harris_Creek_Downstream,38.712517,-76.316803,0.3,5.85,3.562,27.48,7.32,77.1
2018-08-29T00:45:00Z,HAD,Harris_Creek_Downstream,38.712517,-76.316803,0.3,5.77,3.54,27.47,7.32,76.1
2018-08-29T01:00:00Z,HAD,Harris_Creek_Downstream,38.712517,-76.316803,0.3,5.54,3.512,27.47,7.32,73.0
2018-08-29T01:15:00Z,HAD,Harris_Creek_Downstream,38.712517,-76.316803,0.3,5.52,3.488,27.48,7.32,72.8
2018-08-29T01:30:00Z,HAD,Harris_Creek_Downstream,38.712517,-76.316803,0.3,5.58,3.465,27.48,7.34,73.6
2018-08-29T01:45:00Z,HAD,Harris_Creek_Downstream,38.712517,-76.316803,0.3,5.58,3.441,27.49,7.33,73.5
2018-08-29T02:00:00Z,HAD,Harris_Creek_Downstream,38.712517,-76.316803,0.3,4.51,3.417,27.52,7.32,59.5
2018-08-29T02:15:00Z,HAD,Harris_Creek_Downstream,38.712517,-76.316803,0.3,4.07,3.401,27.58,7.31,53.7
2018-08-29T02:30:00Z,HAD,Harris_Creek_Downstream,38.712517,-76.316803,0.3,5.68,3.378,27.61,7.3,75.1
2018-08-29T02:45:00Z,HAD,Harris_Creek_Downstream,38.712517,-76.316803,0.3,5.71,3.363,27.65,7.28,75.4
2018-08-29T03:00:00Z,HAD,Harris_Creek_Downstream,38.712517,-76.316803,0.3,3.42,3.347,27.71,7.33,45.2
2018-08-29T03:15:00Z,HAD,Harris_Creek_Downstream,38.712517,-76.316803,0.3,2.03,3.332,27.74,7.32,26.9
2018-08-29T03:30:00Z,HAD,Harris_Creek_Downstream,38.712517,-76.316803,0.3,6.16,3.321,27.88,7.3,81.8
2018-08-29T03:45:00Z,HAD,Harris_Creek_Downstream,38.712517,-76.316803,0.3,6.06,3.313,27.87,7.29,80.4
2018-08-29T04:00:00Z,HAD,Harris_Creek_Downstream,38.712517,-76.316803,0.3,5.2,3.306,27.88,7.29,69.1
2018-08-29T04:15:00Z,HAD,Harris_Creek_Downstream,38.712517,-76.316803,0.3,3.9,3.305,27.92,7.28,51.8
2018-08-29T04:30:00Z,HAD,Harris_Creek_Downstream,38.712517,-76.316803,0.3,5.82,3.31,27.91,7.29,77.3
2018-08-29T04:45:00Z,HAD,Harris_Creek_Downstream,38.712517,-76.316803,0.3,6.23,3.315,27.93,7.3,82.8
2018-08-29T05:00:00Z,HAD,Harris_Creek_Downstream,38.712517,-76.316803,0.3,5.74,3.325,27.9,7.31,76.3
2018-08-29T05:15:00Z,HAD,Harris_Creek_Downstream,38.712517,-76.316803,0.3,5.9,3.337,27.96,7.33,78.5
2018-08-29T05:30:00Z,HAD,Harris_Creek_Downstream,38.712517,-76.316803,0.3,6.03,3.354,27.99,7.36,80.3
2018-08-29T05:45:00Z,HAD,Harris_Creek_Downstream,38.712517,-76.316803,0.3,5.56,3.372,27.95,7.34,73.9
2018-08-29T06:00:00Z,HAD,Harris_Creek_Downstream,38.712517,-76.316803,0.3,4.74,3.395,27.88,7.33,62.9
2018-08-29T06:15:00Z,HAD,Harris_Creek_Downstream,38.712517,-76.316803,0.3,5.38,3.417,27.82,7.36,71.3
2018-08-29T06:30:00Z,HAD,Harris_Creek_Downstream,38.712517,-76.316803,0.3,5.48,3.445,27.76,7.35,72.6
2018-08-29T06:45:00Z,HAD,Harris_Creek_Downstream,38.712517,-76.316803,0.3,5.71,3.473,27.85,7.39,75.7
2018-08-29T07:00:00Z,HAD,Harris_Creek_Downstream,38.712517,-76.316803,0.3,6.22,3.504,27.98,7.45,82.8
2018-08-29T07:15:00Z,HAD,Harris_Creek_Downstream,38.712517,-76.316803,0.3,6.11,3.534,27.94,7.44,81.2
2018-08-29T07:30:00Z,HAD,Harris_Creek_Downstream,38.712517,-76.316803,0.3,5.85,3.566,27.86,7.41,77.7
2018-08-29T07:45:00Z,HAD,Harris_Creek_Downstream,38.712517,-76.316803,0.3,6.02,3.591,27.75,7.36,79.7
2018-08-29T08:00:00Z,HAD,Harris_Creek_Downstream,38.712517,-76.316803,0.3,6.32,3.619,27.65,7.29,83.5
2018-08-29T08:15:00Z,HAD,Harris_Creek_Downstream,38.712517,-76.316803,0.3,7.08,3.647,27.58,7.2,93.5
2018-08-29T08:30:00Z,HAD,Harris_Creek_Downstream,38.712517,-76.316803,0.3,7.45,3.671,27.61,7.15,98.4
2018-08-29T08:45:00Z,HAD,Harris_Creek_Downstream,38.712517,-76.316803,0.3,7.72,3.695,27.65,7.13,101.9
2018-08-29T09:00:00Z,HAD,Harris_Creek_Downstream,38.712517,-76.316803,0.3,7.93,3.715,27.66,7.12,104.7
2018-08-29T09:15:00Z,HAD,Harris_Creek_Downstream,38.712517,-76.316803,0.3,8.2,3.727,27.7,7.1,108.4
2018-08-29T09:30:00Z,HAD,Harris_Creek_Downstream,38.712517,-76.316803,0.3,5.72,3.737,27.7,7.1,75.6
2018-08-29T09:45:00Z,HAD,Harris_Creek_Downstream,38.712517,-76.316803,0.3,4.33,3.745,27.72,7.09,57.3
2018-08-29T10:00:00Z,HAD,Harris_Creek_Downstream,38.712517,-76.316803,0.3,7.14,3.751,27.73,7.1,94.4
2018-08-29T10:15:00Z,HAD,Harris_Creek_Downstream,38.712517,-76.316803,0.3,7.19,3.754,27.72,7.1,95.0
2018-08-29T10:30:00Z,HAD,Harris_Creek_Downstream,38.712517,-76.316803,0.3,5.66,3.754,27.75,7.11,74.9
2018-08-29T10:45:00Z,HAD,Harris_Creek_Downstream,38.712517,-76.316803,0.3,3.61,3.745,27.84,7.32,47.8
2018-08-29T11:00:00Z,HAD,Harris_Creek_Downstream,38.712517,-76.316803,0.3,5.4,3.732,27.86,7.37,71.7
2018-08-29T11:15:00Z,HAD,Harris_Creek_Downstream,38.712517,-76.316803,0.3,5.4,3.723,27.86,7.38,71.7
2018-08-29T11:30:00Z,HAD,Harris_Creek_Downstream,38.712517,-76.316803,0.3,5.12,3.702,27.86,7.39,68.0
2018-08-29T11:45:00Z,HAD,Harris_Creek_Downstream,38.712517,-76.316803,0.3,4.77,3.682,27.86,7.39,63.3
2018-08-29T12:00:00Z,HAD,Harris_Creek_Downstream,38.712517,-76.316803,0.3,5.52,3.66,27.86,7.38,73.3
2018-08-29T12:15:00Z,HAD,Harris_Creek_Downstream,38.712517,-76.316803,0.3,5.94,3.637,27.84,7.35,78.9
2018-08-29T12:30:00Z,HAD,Harris_Creek_Downstream,38.712517,-76.316803,0.3,6.17,3.608,27.8,7.31,81.8
2018-08-29T12:45:00Z,HAD,Harris_Creek_Downstream,38.712517,-76.316803,0.3,5.9,3.577,27.78,7.28,78.2
2018-08-29T13:00:00Z,HAD,Harris_Creek_Downstream,38.712517,-76.316803,0.3,5.57,3.55,27.79,7.29,73.8
2018-08-29T13:15:00Z,HAD,Harris_Creek_Downstream,38.712517,-76.316803,0.3,5.59,3.525,27.8,7.29,74.2
2018-08-29T13:30:00Z,HAD,Harris_Creek_Downstream,38.712517,-76.316803,0.3,5.83,3.495,27.83,7.3,77.4
2018-08-29T13:45:00Z,HAD,Harris_Creek_Downstream,38.712517,-76.316803,0.3,6.01,3.471,27.86,7.3,79.8
2018-08-29T14:00:00Z,HAD,Harris_Creek_Downstream,38.712517,-76.316803,0.3,6.0,3.447,27.87,7.3,79.7
2018-08-29T14:15:00Z,HAD,Harris_Creek_Downstream,38.712517,-76.316803,0.3,5.89,3.427,27.91,7.31,78.3
2018-08-29T14:30:00Z,HAD,Harris_Creek_Downstream,38.712517,-76.316803,0.3,5.67,3.4,27.92,7.33,75.4
2018-08-29T14:45:00Z,HAD,Harris_Creek_Downstream,38.712517,-76.316803,0.3,5.6,3.384,27.95,7.32,74.5
2018-08-29T15:00:00Z,HAD,Harris_Creek_Downstream,38.712517,-76.316803,0.3,5.25,3.363,27.95,7.32,69.9
2018-08-29T15:15:00Z,HAD,Harris_Creek_Downstream,38.712517,-76.316803,0.3,5.09,3.345,27.97,7.32,67.7
2018-08-29T15:30:00Z,HAD,Harris_Creek_Downstream,38.712517,-76.316803,0.3,5.41,3.329,28.0,7.34,71.9
2018-08-29T15:45:00Z,HAD,Harris_Creek_Downstream,38.712517,-76.316803,0.3,5.42,3.311,28.03,7.34,72.2
2018-08-29T16:00:00Z,HAD,Harris_Creek_Downstream,38.712517,-76.316803,0.3,4.53,3.3,28.04,7.34,60.3
2018-08-29T16:15:00Z,HAD,Harris_Creek_Downstream,38.712517,-76.316803,0.3,4.2,3.287,28.05,7.33,56.0
2018-08-29T16:30:00Z,HAD,Harris_Creek_Downstream,38.712517,-76.316803,0.3,6.54,3.283,28.27,7.29,87.4
2018-08-29T16:45:00Z,HAD,Harris_Creek_Downstream,38.712517,-76.316803,0.3,5.13,3.276,28.1,7.31,68.3
2018-08-29T17:00:00Z,HAD,Harris_Creek_Downstream,38.712517,-76.316803,0.3,3.34,3.273,28.14,7.3,44.5
2018-08-29T17:15:00Z,HAD,Harris_Creek_Downstream,38.712517,-76.316803,0.3,2.04,3.279,28.12,7.3,27.2
2018-08-29T17:30:00Z,HAD,Harris_Creek_Downstream,38.712517,-76.316803,0.3,6.22,3.28,28.31,7.29,83.2
2018-08-29T17:45:00Z,HAD,Harris_Creek_Downstream,38.712517,-76.316803,0.3,4.97,3.29,28.2,7.29,66.4
2018-08-29T18:00:00Z,HAD,Harris_Creek_Downstream,38.712517,-76.316803,0.3,3.86,3.299,28.21,7.29,51.5
2018-08-29T18:15:00Z,HAD,Harris_Creek_Downstream,38.712517,-76.316803,0.3,2.23,3.315,28.21,7.28,29.8
2018-08-29T18:30:00Z,HAD,Harris_Creek_Downstream,38.712517,-76.316803,0.3,5.16,3.334,28.25,7.27,69.0
2018-08-29T18:45:00Z,HAD,Harris_Creek_Downstream,38.712517,-76.316803,0.3,4.99,3.353,28.21,7.28,66.7
2018-08-29T19:00:00Z,HAD,Harris_Creek_Downstream,38.712517,-76.316803,0.3,5.13,3.377,28.25,7.27,68.5
2018-08-29T19:15:00Z,HAD,Harris_Creek_Downstream,38.712517,-76.316803,0.3,5.31,3.401,28.29,7.26,71.0
2018-08-29T19:30:00Z,HAD,Harris_Creek_Downstream,38.712517,-76.316803,0.3,6.15,3.428,28.34,7.25,82.2
2018-08-29T19:45:00Z,HAD,Harris_Creek_Downstream,38.712517,-76.316803,0.3,5.7,3.454,28.34,7.24,76.2
2018-08-29T20:00:00Z,HAD,Harris_Creek_Downstream,38.712517,-76.316803,0.3,6.33,3.484,28.37,7.23,84.7
2018-08-29T20:15:00Z,HAD,Harris_Creek_Downstream,38.712517,-76.316803,0.3,6.58,3.51,28.43,7.22,88.2
2018-08-29T20:30:00Z,HAD,Harris_Creek_Downstream,38.712517,-76.316803,0.3,6.48,3.539,28.43,7.23,86.9
2018-08-29T20:45:00Z,HAD,Harris_Creek_Downstream,38.712517,-76.316803,0.3,5.93,3.56,28.52,7.24,79.5
2018-08-29T21:00:00Z,HAD,Harris_Creek_Downstream,38.712517,-76.316803,0.3,6.14,3.587,28.51,7.25,82.4
2018-08-29T21:15:00Z,HAD,Harris_Creek_Downstream,38.712517,-76.316803,0.3,6.14,3.608,28.5,7.25,82.4
2018-08-29T21:30:00Z,HAD,Harris_Creek_Downstream,38.712517,-76.316803,0.3,6.02,3.622,28.49,7.25,80.8
2018-08-29T21:45:00Z,HAD,Harris_Creek_Downstream,38.712517,-76.316803,0.3,6.03,3.637,28.48,7.26,80.9
2018-08-29T22:00:00Z,HAD,Harris_Creek_Downstream,38.712517,-76.316803,0.3,6.34,3.649,28.5,7.26,85.1
2018-08-29T22:15:00Z,HAD,Harris_Creek_Downstream,38.712517,-76.316803,0.3,6.34,3.658,28.48,7.26,85.0
2018-08-29T22:30:00Z,HAD,Harris_Creek_Downstream,38.712517,-76.316803,0.3,6.18,3.661,28.48,7.26,82.9
2018-08-29T22:45:00Z,HAD,Harris_Creek_Downstream,38.712517,-76.316803,0.3,6.14,3.662,28.49,7.26,82.3
2018-08-29T23:00:00Z,HAD,Harris_Creek_Downstream,38.712517,-76.316803,0.3,6.03,3.657,28.51,7.26,80.9
2018-08-29T23:15:00Z,HAD,Harris_Creek_Downstream,38.712517,-76.316803,0.3,5.71,3.65,28.5,7.26,76.6
2018-08-29T23:30:00Z,HAD,Harris_Creek_Downstream,38.712517,-76.316803,0.3,5.37,3.636,28.5,7.24,72.0
2018-08-29T23:45:00Z,HAD,Harris_Creek_Downstream,38.712517,-76.316803,0.3,5.29,3.622,28.53,7.24,71.0
2018-08-30T00:00:00Z,HAD,Harris_Creek_Downstream,38.712517,-76.316803,0.3,5.42,3.604,28.56,7.25,72.7
2018-08-30T00:15:00Z,HAD,Harris_Creek_Downstream,38.712517,-76.316803,0.3,5.41,3.587,28.56,7.26,72.7
2018-08-30T00:30:00Z,HAD,Harris_Creek_Downstream,38.712517,-76.316803,0.3,4.51,3.566,28.54,7.26,60.5
2018-08-30T00:45:00Z,HAD,Harris_Creek_Downstream,38.712517,-76.316803,0.3,4.25,3.55,28.54,7.24,57.1
2018-08-30T01:00:00Z,HAD,Harris_Creek_Downstream,38.712517,-76.316803,0.3,5.82,3.523,28.52,7.24,78.2
2018-08-30T01:15:00Z,HAD,Harris_Creek_Downstream,38.712517,-76.316803,0.3,6.0,3.502,28.53,7.23,80.5
2018-08-30T01:30:00Z,HAD,Harris_Creek_Downstream,38.712517,-76.316803,0.3,4.02,3.478,28.56,7.22,54.0
2018-08-30T01:45:00Z,HAD,Harris_Creek_Downstream,38.712517,-76.316803,0.3,2.64,3.457,28.62,7.2,35.5
2018-08-30T02:00:00Z,HAD,Harris_Creek_Downstream,38.712517,-76.316803,0.3,6.51,3.429,28.69,7.17,87.6
2018-08-30T02:15:00Z,HAD,Harris_Creek_Downstream,38.712517,-76.316803,0.3,7.16,3.412,28.73,7.16,96.4
2018-08-30T02:30:00Z,HAD,Harris_Creek_Downstream,38.712517,-76.316803,0.3,5.29,3.388,28.69,7.14,71.1
2018-08-30T02:45:00Z,HAD,Harris_Creek_Downstream,38.712517,-76.316803,0.3,3.48,3.366,28.69,7.13,46.9
2018-08-30T03:00:00Z,HAD,Harris_Creek_Downstream,38.712517,-76.316803,0.3,6.37,3.346,28.69,7.12,85.7
2018-08-30T03:15:00Z,HAD,Harris_Creek_Downstream,38.712517,-76.316803,0.3,6.69,3.325,28.7,7.11,90.0
2018-08-30T03:30:00Z,HAD,Harris_Creek_Downstream,38.712517,-76.316803,0.3,6.57,3.305,28.71,7.09,88.4
2018-08-30T03:45:00Z,HAD,Harris_Creek_Downstream,38.712517,-76.316803,0.3,6.09,3.294,28.72,7.08,81.9
2018-08-30T04:00:00Z,HAD,Harris_Creek_Downstream,38.712517,-76.316803,0.3,6.9,3.279,28.71,7.07,92.9
2018-08-30T04:15:00Z,HAD,Harris_Creek_Downstream,38.712517,-76.316803,0.3,7.06,3.269,28.72,7.07,95.0
2018-08-30T04:30:00Z,HAD,Harris_Creek_Downstream,38.712517,-76.316803,0.3,6.95,3.263,28.73,7.07,93.6
2018-08-30T04:45:00Z,HAD,Harris_Creek_Downstream,38.712517,-76.316803,0.3,6.75,3.262,28.76,7.06,90.9
2018-08-30T05:00:00Z,HAD,Harris_Creek_Downstream,38.712517,-76.316803,0.3,6.76,3.262,28.76,7.07,91.0
2018-08-30T05:15:00Z,HAD,Harris_Creek_Downstream,38.712517,-76.316803,0.3,6.61,3.266,28.76,7.07,89.0
2018-08-30T05:30:00Z,HAD,Harris_Creek_Downstream,38.712517,-76.316803,0.3,6.17,3.275,28.76,7.07,83.1
2018-08-30T05:45:00Z,HAD,Harris_Creek_Downstream,38.712517,-76.316803,0.3,6.66,3.284,28.74,7.06,89.6
2018-08-30T06:00:00Z,HAD,Harris_Creek_Downstream,38.712517,-76.316803,0.3,6.27,3.298,28.64,7.05,84.2
2018-08-30T06:15:00Z,HAD,Harris_Creek_Downstream,38.712517,-76.316803,0.3,6.48,3.314,28.49,7.03,86.9
2018-08-30T06:30:00Z,HAD,Harris_Creek_Downstream,38.712517,-76.316803,0.3,6.06,3.335,28.39,7.0,81.1
2018-08-30T06:45:00Z,HAD,Harris_Creek_Downstream,38.712517,-76.316803,0.3,6.17,3.354,28.35,6.99,82.4
2018-08-30T07:00:00Z,HAD,Harris_Creek_Downstream,38.712517,-76.316803,0.3,6.35,3.38,28.26,6.96,84.7
2018-08-30T07:15:00Z,HAD,Harris_Creek_Downstream,38.712517,-76.316803,0.3,6.74,3.399,28.25,6.98,89.9
2018-08-30T07:30:00Z,HAD,Harris_Creek_Downstream,38.712517,-76.316803,0.3,6.43,3.43,28.32,7.04,85.9
2018-08-30T07:45:00Z,HAD,Harris_Creek_Downstream,38.712517,-76.316803,0.3,6.4,3.456,28.36,7.05,85.6
2018-08-30T08:00:00Z,HAD,Harris_Creek_Downstream,38.712517,-76.316803,0.3,6.44,3.488,28.36,7.05,86.1
2018-08-30T08:15:00Z,HAD,Harris_Creek_Downstream,38.712517,-76.316803,0.3,6.59,3.516,28.33,7.07,88.1
2018-08-30T08:30:00Z,HAD,Harris_Creek_Downstream,38.712517,-76.316803,0.3,6.35,3.545,28.24,7.08,84.7
2018-08-30T08:45:00Z,HAD,Harris_Creek_Downstream,38.712517,-76.316803,0.3,6.68,3.568,28.09,7.02,88.8
2018-08-30T09:00:00Z,HAD,Harris_Creek_Downstream,38.712517,-76.316803,0.3,5.67,3.597,28.05,7.0,75.4
2018-08-30T09:15:00Z,HAD,Harris_Creek_Downstream,38.712517,-76.316803,0.3,5.51,3.618,27.87,6.95,73.1
2018-08-30T09:30:00Z,HAD,Harris_Creek_Downstream,38.712517,-76.316803,0.3,6.86,3.638,27.87,6.93,90.9
2018-08-30T09:45:00Z,HAD,Harris_Creek_Downstream,38.712517,-76.316803,0.3,6.63,3.658,27.92,6.93,87.9
2018-08-30T10:00:00Z,HAD,Harris_Creek_Downstream,38.712517,-76.316803,0.3,6.82,3.676,28.04,6.98,90.6
2018-08-30T10:15:00Z,HAD,Harris_Creek_Downstream,38.712517,-76.316803,0.3,6.8,3.686,28.07,6.99,90.4
2018-08-30T10:30:00Z,HAD,Harris_Creek_Downstream,38.712517,-76.316803,0.3,6.67,3.694,28.08,7.0,88.8
2018-08-30T10:45:00Z,HAD,Harris_Creek_Downstream,38.712517,-76.316803,0.3,6.81,3.694,28.08,7.0,90.5
2018-08-30T11:00:00Z,HAD,Harris_Creek_Downstream,38.712517,-76.316803,0.3,6.71,3.696,28.09,7.01,89.3
2018-08-30T11:15:00Z,HAD,Harris_Creek_Downstream,38.712517,-76.316803,0.3,6.45,3.683,28.14,7.04,85.9
2018-08-30T11:30:00Z,HAD,Harris_Creek_Downstream,38.712517,-76.316803,0.3,6.28,3.674,28.13,7.04,83.6
2018-08-30T11:45:00Z,HAD,Harris_Creek_Downstream,38.712517,-76.316803,0.3,5.87,3.664,28.11,7.03,78.1
2018-08-30T12:00:00Z,HAD,Harris_Creek_Downstream,38.712517,-76.316803,0.3,5.81,3.644,28.11,7.04,77.3
2018-08-30T12:15:00Z,HAD,Harris_Creek_Downstream,38.712517,-76.316803,0.3,5.9,3.626,28.11,7.03,78.5
2018-08-30T12:30:00Z,HAD,Harris_Creek_Downstream,38.712517,-76.316803,0.3,5.86,3.599,28.1,7.03,78.0
2018-08-30T12:45:00Z,HAD,Harris_Creek_Downstream,38.712517,-76.316803,0.3,5.37,3.575,28.11,7.04,71.5
2018-08-30T13:00:00Z,HAD,Harris_Creek_Downstream,38.712517,-76.316803,0.3,5.22,3.545,28.11,7.04,69.5
2018-08-30T13:15:00Z,HAD,Harris_Creek_Downstream,38.712517,-76.316803,0.3,5.19,3.517,28.1,7.04,69.0
2018-08-30T13:30:00Z,HAD,Harris_Creek_Downstream,38.712517,-76.316803,0.3,4.83,3.491,28.09,7.04,64.2
2018-08-30T13:45:00Z,HAD,Harris_Creek_Downstream,38.712517,-76.316803,0.3,5.05,3.466,28.09,7.03,67.2
2018-08-30T14:00:00Z,HAD,Harris_Creek_Downstream,38.712517,-76.316803,0.3,5.77,3.436,28.17,6.97,76.8
2018-08-30T14:15:00Z,HAD,Harris_Creek_Downstream,38.712517,-76.316803,0.3,5.23,3.411,28.21,6.97,69.7
2018-08-30T14:30:00Z,HAD,Harris_Creek_Downstream,38.712517,-76.316803,0.3,6.11,3.38,28.32,6.95,81.6
2018-08-30T14:45:00Z,HAD,Harris_Creek_Downstream,38.712517,-76.316803,0.3,6.42,3.357,28.38,6.96,85.8
2018-08-30T15:00:00Z,HAD,Harris_Creek_Downstream,38.712517,-76.316803,0.3,5.26,3.332,28.48,6.96,70.4
2018-08-30T15:15:00Z,HAD,Harris_Creek_Downstream,38.712517,-76.316803,0.3,4.13,3.307,28.66,6.97,55.4
2018-08-30T15:30:00Z,HAD,Harris_Creek_Downstream,38.712517,-76.316803,0.3,6.1,3.285,28.71,6.99,82.0
2018-08-30T15:45:00Z,HAD,Harris_Creek_Downstream,38.712517,-76.316803,0.3,6.66,3.263,28.77,6.98,89.6
2018-08-30T16:00:00Z,HAD,Harris_Creek_Downstream,38.712517,-76.316803,0.3,4.42,3.241,28.87,6.99,59.6
2018-08-30T16:15:00Z,HAD,Harris_Creek_Downstream,38.712517,-76.316803,0.3,2.59,3.224,28.9,7.0,34.9
2018-08-30T16:30:00Z,HAD,Harris_Creek_Downstream,38.712517,-76.316803,0.3,6.52,3.208,28.92,7.01,88.0
2018-08-30T16:45:00Z,HAD,Harris_Creek_Downstream,38.712517,-76.316803,0.3,6.75,3.2,28.93,7.01,91.1
2018-08-30T17:00:00Z,HAD,Harris_Creek_Downstream,38.712517,-76.316803,0.3,4.9,3.187,28.96,7.01,66.2
2018-08-30T17:15:00Z,HAD,Harris_Creek_Downstream,38.712517,-76.316803,0.3,2.75,3.181,28.99,7.01,37.2
2018-08-30T17:30:00Z,HAD,Harris_Creek_Downstream,38.712517,-76.316803,0.3,5.62,3.178,28.97,7.01,75.9
2018-08-30T17:45:00Z,HAD,Harris_Creek_Downstream,38.712517,-76.316803,0.3,6.12,3.179,28.98,7.01,82.6
2018-08-30T18:00:00Z,HAD,Harris_Creek_Downstream,38.712517,-76.316803,0.3,5.91,3.18,29.03,7.02,79.9
2018-08-30T18:15:00Z,HAD,Harris_Creek_Downstream,38.712517,-76.316803,0.3,4.74,3.187,28.93,7.02,64.0
2018-08-30T18:30:00Z,HAD,Harris_Creek_Downstream,38.712517,-76.316803,0.3,5.45,3.195,28.86,7.01,73.5
2018-08-30T18:45:00Z,HAD,Harris_Creek_Downstream,38.712517,-76.316803,0.3,6.06,3.205,28.87,7.0,81.8
2018-08-30T19:00:00Z,HAD,Harris_Creek_Downstream,38.712517,-76.316803,0.3,6.09,3.223,28.91,7.0,82.2
2018-08-30T19:15:00Z,HAD,Harris_Creek_Downstream,38.712517,-76.316803,0.3,6.11,3.243,28.95,7.0,82.5
2018-08-30T19:30:00Z,HAD,Harris_Creek_Downstream,38.712517,-76.316803,0.3,6.48,3.264,29.0,7.0,87.5
2018-08-30T19:45:00Z,HAD,Harris_Creek_Downstream,38.712517,-76.316803,0.3,6.71,3.287,29.05,7.0,90.7
2018-08-30T20:00:00Z,HAD,Harris_Creek_Downstream,38.712517,-76.316803,0.3,7.03,3.312,29.11,7.0,95.2
2018-08-30T20:15:00Z,HAD,Harris_Creek_Downstream,38.712517,-76.316803,0.3,7.0,3.341,29.13,7.0,94.8
2018-08-30T20:30:00Z,HAD,Harris_Creek_Downstream,38.712517,-76.316803,0.3,6.82,3.364,29.16,7.0,92.4
2018-08-30T20:45:00Z,HAD,Harris_Creek_Downstream,38.712517,-76.316803,0.3,7.53,3.395,29.25,6.99,102.1
2018-08-30T21:00:00Z,HAD,Harris_Creek_Downstream,38.712517,-76.316803,0.3,7.36,3.418,29.26,6.99,99.9
2018-08-30T21:15:00Z,HAD,Harris_Creek_Downstream,38.712517,-76.316803,0.3,7.14,3.446,29.25,6.99,97.0
2018-08-30T21:30:00Z,HAD,Harris_Creek_Downstream,38.712517,-76.316803,0.3,6.85,3.473,29.22,7.0,92.9
2018-08-30T21:45:00Z,HAD,Harris_Creek_Downstream,38.712517,-76.316803,0.3,7.17,3.492,29.18,6.99,97.2
2018-08-30T22:00:00Z,HAD,Harris_Creek_Downstream,38.712517,-76.316803,0.3,7.09,3.513,29.21,6.99,96.1
2018-08-30T22:15:00Z,HAD,Harris_Creek_Downstream,38.712517,-76.316803,0.3,6.93,3.531,29.19,6.99,94.0
2018-08-30T22:30:00Z,HAD,Harris_Creek_Downstream,38.712517,-76.316803,0.3,6.82,3.546,29.17,6.99,92.5
2018-08-30T22:45:00Z,HAD,Harris_Creek_Downstream,38.712517,-76.316803,0.3,6.44,3.557,29.15,6.99,87.3
2018-08-30T23:00:00Z,HAD,Harris_Creek_Downstream,38.712517,-76.316803,0.3,7.09,3.564,29.19,6.99,96.1
2018-08-30T23:15:00Z,HAD,Harris_Creek_Downstream,38.712517,-76.316803,0.3,6.66,3.571,29.18,6.99,90.3
2018-08-30T23:30:00Z,HAD,Harris_Creek_Downstream,38.712517,-76.316803,0.3,6.79,3.569,29.23,6.99,92.2
2018-08-30T23:45:00Z,HAD,Harris_Creek_Downstream,38.712517,-76.316803,0.3,7.42,3.564,29.28,6.99,100.8
2018-08-31T00:00:00Z,HAD,Harris_Creek_Downstream,38.712517,-76.316803,0.3,7.42,3.561,29.26,6.99,100.6
2018-08-31T00:15:00Z,HAD,Harris_Creek_Downstream,38.712517,-76.316803,0.3,8.67,3.552,29.22,6.98,117.6
2018-08-31T00:30:00Z,HAD,Harris_Creek_Downstream,38.712517,-76.316803,0.3,7.39,3.537,29.21,6.98,100.2
2018-08-31T00:45:00Z,HAD,Harris_Creek_Downstream,38.712517,-76.316803,0.3,6.61,3.52,29.19,6.97,89.5
2018-08-31T01:00:00Z,HAD,Harris_Creek_Downstream,38.712517,-76.316803,0.3,7.65,3.503,29.17,6.96,103.7
2018-08-31T01:15:00Z,HAD,Harris_Creek_Downstream,38.712517,-76.316803,0.3,7.79,3.488,29.16,6.96,105.5
2018-08-31T01:30:00Z,HAD,Harris_Creek_Downstream,38.712517,-76.316803,0.3,6.26,3.467,29.13,6.95,84.7
2018-08-31T01:45:00Z,HAD,Harris_Creek_Downstream,38.712517,-76.316803,0.3,4.45,3.442,29.12,6.96,60.2
2018-08-31T02:00:00Z,HAD,Harris_Creek_Downstream,38.712517,-76.316803,0.3,6.95,3.42,29.11,6.96,94.1
2018-08-31T02:15:00Z,HAD,Harris_Creek_Downstream,38.712517,-76.316803,0.3,7.27,3.397,29.11,6.96,98.4
2018-08-31T02:30:00Z,HAD,Harris_Creek_Downstream,38.712517,-76.316803,0.3,4.28,3.373,29.11,6.96,57.9
2018-08-31T02:45:00Z,HAD,Harris_Creek_Downstream,38.712517,-76.316803,0.3,2.17,3.353,29.12,6.97,29.4
2018-08-31T03:00:00Z,HAD,Harris_Creek_Downstream,38.712517,-76.316803,0.3,6.23,3.328,29.12,6.97,84.3
2018-08-31T03:15:00Z,HAD,Harris_Creek_Downstream,38.712517,-76.316803,0.3,7.09,3.307,29.12,6.97,96.0
2018-08-31T03:30:00Z,HAD,Harris_Creek_Downstream,38.712517,-76.316803,0.3,4.51,3.29,29.11,6.97,61.0
2018-08-31T03:45:00Z,HAD,Harris_Creek_Downstream,38.712517,-76.316803,0.3,1.77,3.275,29.12,6.98,24.0
2018-08-31T04:00:00Z,HAD,Harris_Creek_Downstream,38.712517,-76.316803,0.3,6.19,3.259,29.11,6.98,83.9
2018-08-31T04:15:00Z,HAD,Harris_Creek_Downstream,38.712517,-76.316803,0.3,6.66,3.245,29.11,6.98,90.2
2018-08-31T04:30:00Z,HAD,Harris_Creek_Downstream,38.712517,-76.316803,0.3,5.33,3.235,29.11,6.99,72.1
2018-08-31T04:45:00Z,HAD,Harris_Creek_Downstream,38.712517,-76.316803,0.3,3.56,3.224,29.11,6.99,48.2
2018-08-31T05:00:00Z,HAD,Harris_Creek_Downstream,38.712517,-76.316803,0.3,5.78,3.222,29.1,7.0,78.2
2018-08-31T05:15:00Z,HAD,Harris_Creek_Downstream,38.712517,-76.316803,0.3,6.39,3.213,29.09,7.0,86.5
2018-08-31T05:30:00Z,HAD,Harris_Creek_Downstream,38.712517,-76.316803,0.3,6.31,3.205,29.07,7.0,85.4
2018-08-31T05:45:00Z,HAD,Harris_Creek_Downstream,38.712517,-76.316803,0.3,5.15,3.206,29.07,7.0,69.7
2018-08-31T06:00:00Z,HAD,Harris_Creek_Downstream,38.712517,-76.316803,0.3,6.78,3.21,29.05,7.0,91.7
2018-08-31T06:15:00Z,HAD,Harris_Creek_Downstream,38.712517,-76.316803,0.3,7.12,3.214,29.05,7.0,96.3
2018-08-31T06:30:00Z,HAD,Harris_Creek_Downstream,38.712517,-76.316803,0.3,6.75,3.236,29.04,6.99,91.2
2018-08-31T06:45:00Z,HAD,Harris_Creek_Downstream,38.712517,-76.316803,0.3,6.85,3.262,29.04,6.98,92.6
2018-08-31T07:00:00Z,HAD,Harris_Creek_Downstream,38.712517,-76.316803,0.3,7.37,3.296,29.02,6.96,99.6
2018-08-31T07:15:00Z,HAD,Harris_Creek_Downstream,38.712517,-76.316803,0.3,7.25,3.321,28.98,6.95,97.9
2018-08-31T07:30:00Z,HAD,Harris_Creek_Downstream,38.712517,-76.316803,0.3,7.45,3.324,28.97,6.94,100.5
2018-08-31T07:45:00Z,HAD,Harris_Creek_Downstream,38.712517,-76.316803,0.3,7.29,3.341,28.98,6.94,98.4
2018-08-31T08:00:00Z,HAD,Harris_Creek_Downstream,38.712517,-76.316803,0.3,7.19,3.363,28.97,6.93,97.1
2018-08-31T08:15:00Z,HAD,Harris_Creek_Downstream,38.712517,-76.316803,0.3,7.09,3.396,28.94,6.93,95.7
2018-08-31T08:30:00Z,HAD,Harris_Creek_Downstream,38.712517,-76.316803,0.3,7.15,3.437,28.91,6.92,96.4
2018-08-31T08:45:00Z,HAD,Harris_Creek_Downstream,38.712517,-76.316803,0.3,7.4,3.47,28.89,6.92,99.8
2018-08-31T09:00:00Z,HAD,Harris_Creek_Downstream,38.712517,-76.316803,0.3,7.28,3.507,28.86,6.91,98.2
2018-08-31T09:15:00Z,HAD,Harris_Creek_Downstream,38.712517,-76.316803,0.3,7.28,3.534,28.85,6.91,98.0
2018-08-31T09:30:00Z,HAD,Harris_Creek_Downstream,38.712517,-76.316803,0.3,7.51,3.556,28.82,6.89,101.1
2018-08-31T09:45:00Z,HAD,Harris_Creek_Downstream,38.712517,-76.316803,0.3,7.54,3.576,28.76,6.87,101.4
2018-08-31T10:00:00Z,HAD,Harris_Creek_Downstream,38.712517,-76.316803,0.3,7.3,3.607,28.7,6.85,98.1
2018-08-31T10:15:00Z,HAD,Harris_Creek_Downstream,38.712517,-76.316803,0.3,7.37,3.63,28.68,6.84,98.9
2018-08-31T10:30:00Z,HAD,Harris_Creek_Downstream,38.712517,-76.316803,0.3,7.42,3.648,28.68,6.83,99.6
2018-08-31T10:45:00Z,HAD,Harris_Creek_Downstream,38.712517,-76.316803,0.3,7.13,3.656,28.69,6.85,95.7
2018-08-31T11:00:00Z,HAD,Harris_Creek_Downstream,38.712517,-76.316803,0.3,6.65,3.667,28.68,6.85,89.3
2018-08-31T11:15:00Z,HAD,Harris_Creek_Downstream,38.712517,-76.316803,0.3,5.85,3.669,28.66,6.86,78.5
2018-08-31T11:30:00Z,HAD,Harris_Creek_Downstream,38.712517,-76.316803,0.3,6.93,3.667,28.64,6.86,93.0
2018-08-31T11:45:00Z,HAD,Harris_Creek_Downstream,38.712517,-76.316803,0.3,7.2,3.668,28.65,6.87,96.6
2018-08-31T12:00:00Z,HAD,Harris_Creek_Downstream,38.712517,-76.316803,0.3,6.3,3.661,28.66,6.88,84.6
2018-08-31T12:15:00Z,HAD,Harris_Creek_Downstream,38.712517,-76.316803,0.3,5.19,3.65,28.66,6.88,69.6
2018-08-31T12:30:00Z,HAD,Harris_Creek_Downstream,38.712517,-76.316803,0.3,6.7,3.633,28.64,6.87,90.0
2018-08-31T12:45:00Z,HAD,Harris_Creek_Downstream,38.712517,-76.316803,0.3,6.9,3.617,28.64,6.87,92.6
2018-08-31T13:00:00Z,HAD,Harris_Creek_Downstream,38.712517,-76.316803,0.3,6.88,3.601,28.66,6.87,92.4
2018-08-31T13:15:00Z,HAD,Harris_Creek_Downstream,38.712517,-76.316803,0.3,6.85,3.583,28.67,6.87,92.0
2018-08-31T13:30:00Z,HAD,Harris_Creek_Downstream,38.712517,-76.316803,0.3,6.88,3.559,28.7,6.87,92.4
2018-08-31T13:45:00Z,HAD,Harris_Creek_Downstream,38.712517,-76.316803,0.3,6.78,3.539,28.7,6.88,91.2
2018-08-31T14:00:00Z,HAD,Harris_Creek_Downstream,38.712517,-76.316803,0.3,6.66,3.512,28.7,6.87,89.4
2018-08-31T14:15:00Z,HAD,Harris_Creek_Downstream,38.712517,-76.316803,0.3,6.68,3.492,28.69,6.87,89.7
2018-08-31T14:30:00Z,HAD,Harris_Creek_Downstream,38.712517,-76.316803,0.3,6.27,3.466,28.7,6.87,84.2
2018-08-31T14:45:00Z,HAD,Harris_Creek_Downstream,38.712517,-76.316803,0.3,5.82,3.445,28.72,6.87,78.2
2018-08-31T15:00:00Z,HAD,Harris_Creek_Downstream,38.712517,-76.316803,0.3,6.27,3.421,28.76,6.88,84.3
2018-08-31T15:15:00Z,HAD,Harris_Creek_Downstream,38.712517,-76.316803,0.3,6.37,3.399,28.81,6.89,85.7
2018-08-31T15:30:00Z,HAD,Harris_Creek_Downstream,38.712517,-76.316803,0.3,6.29,3.377,28.83,6.9,84.7
2018-08-31T15:45:00Z,HAD,Harris_Creek_Downstream,38.712517,-76.316803,0.3,6.35,3.361,28.83,6.9,85.5
2018-08-31T16:00:00Z,HAD,Harris_Creek_Downstream,38.712517,-76.316803,0.3,6.36,3.339,28.85,6.9,85.7
2018-08-31T16:15:00Z,HAD,Harris_Creek_Downstream,38.712517,-76.316803,0.3,6.27,3.324,28.87,6.9,84.5
2018-08-31T16:30:00Z,HAD,Harris_Creek_Downstream,38.712517,-76.316803,0.3,6.15,3.301,28.91,6.9,82.9
2018-08-31T16:45:00Z,HAD,Harris_Creek_Downstream,38.712517,-76.316803,0.3,6.08,3.29,28.94,6.91,82.1
2018-08-31T17:00:00Z,HAD,Harris_Creek_Downstream,38.712517,-76.316803,0.3,5.73,3.279,28.95,6.91,77.3
2018-08-31T17:15:00Z,HAD,Harris_Creek_Downstream,38.712517,-76.316803,0.3,5.98,3.272,28.99,6.92,80.7
2018-08-31T17:30:00Z,HAD,Harris_Creek_Downstream,38.712517,-76.316803,0.3,6.09,3.272,29.02,6.92,82.3
2018-08-31T17:45:00Z,HAD,Harris_Creek_Downstream,38.712517,-76.316803,0.3,6.04,3.267,29.04,6.92,81.7
2018-08-31T18:00:00Z,HAD,Harris_Creek_Downstream,38.712517,-76.316803,0.3,5.82,3.261,29.02,6.92,78.6
2018-08-31T18:15:00Z,HAD,Harris_Creek_Downstream,38.712517,-76.316803,0.3,5.78,3.265,29.05,6.91,78.2
2018-08-31T18:30:00Z,HAD,Harris_Creek_Downstream,38.712517,-76.316803,0.3,6.22,3.274,29.11,6.91,84.2
2018-08-31T18:45:00Z,HAD,Harris_Creek_Downstream,38.712517,-76.316803,0.3,5.7,3.289,29.07,6.9,77.1
2018-08-31T19:00:00Z,HAD,Harris_Creek_Downstream,38.712517,-76.316803,0.3,5.42,3.309,29.12,6.9,73.4
2018-08-31T19:15:00Z,HAD,Harris_Creek_Downstream,38.712517,-76.316803,0.3,5.46,3.333,29.15,6.89,73.9
2018-08-31T19:30:00Z,HAD,Harris_Creek_Downstream,38.712517,-76.316803,0.3,5.65,3.358,29.21,6.9,76.5
2018-08-31T19:45:00Z,HAD,Harris_Creek_Downstream,38.712517,-76.316803,0.3,5.97,3.388,29.3,6.89,81.0
2018-08-31T20:00:00Z,HAD,Harris_Creek_Downstream,38.712517,-76.316803,0.3,5.79,3.419,29.28,6.88,78.6
2018-08-31T20:15:00Z,HAD,Harris_Creek_Downstream,38.712517,-76.316803,0.3,6.55,3.452,29.32,6.86,88.9
2018-08-31T20:30:00Z,HAD,Harris_Creek_Downstream,38.712517,-76.316803,0.3,7.17,3.489,29.37,6.85,97.4
2018-08-31T20:45:00Z,HAD,Harris_Creek_Downstream,38.712517,-76.316803,0.3,7.52,3.522,29.38,6.84,102.1
2018-08-31T21:00:00Z,HAD,Harris_Creek_Downstream,38.712517,-76.316803,0.3,7.46,3.558,29.4,6.83,101.4
2018-08-31T21:15:00Z,HAD,Harris_Creek_Downstream,38.712517,-76.316803,0.3,7.35,3.59,29.42,6.83,100.0
2018-08-31T21:30:00Z,HAD,Harris_Creek_Downstream,38.712517,-76.316803,0.3,6.66,3.625,29.34,6.83,90.4
2018-08-31T21:45:00Z,HAD,Harris_Creek_Downstream,38.712517,-76.316803,0.3,5.65,3.657,29.27,6.84,76.6
2018-08-31T22:00:00Z,HAD,Harris_Creek_Downstream,38.712517,-76.316803,0.3,4.49,3.689,29.1,6.86,60.8
2018-08-31T22:15:00Z,HAD,Harris_Creek_Downstream,38.712517,-76.316803,0.3,3.84,3.718,29.06,6.87,52.0
2018-08-31T22:30:00Z,HAD,Harris_Creek_Downstream,38.712517,-76.316803,0.3,6.73,3.754,29.32,6.81,91.3
2018-08-31T22:45:00Z,HAD,Harris_Creek_Downstream,38.712517,-76.316803,0.3,4.92,3.776,29.08,6.86,66.6
2018-08-31T23:00:00Z,HAD,Harris_Creek_Downstream,38.712517,-76.316803,0.3,3.55,3.788,29.06,6.87,48.0
2018-08-31T23:15:00Z,HAD,Harris_Creek_Downstream,38.712517,-76.316803,0.3,2.59,3.8,29.04,6.88,34.9
2018-08-31T23:30:00Z,HAD,Harris_Creek_Downstream,38.712517,-76.316803,0.3,6.35,3.813,29.18,6.83,86.0
2018-08-31T23:45:00Z,HAD,Harris_Creek_Downstream,38.712517,-76.316803,0.3,6.2,3.829,29.13,6.82,83.9
2018-09-01T00:00:00Z,HAD,Harris_Creek_Downstream,38.712517,-76.316803,0.3,4.33,3.83,29.14,6.79,58.5
