time,station_id,station_name,latitude,longitude,depth,mass_concentration_of_oxygen_in_sea_water,sample_depth,sea_water_temperature,sea_water_salinity,fractional_saturation_of_oxygen_in_sea_water
UTC,,,degrees_north,degrees_east,m,mg/L,m,degree_C,,percent
2018-06-01T00:00:00Z,GYK,Greys_Creek,38.44901667,-75.13245,0.3,8.56,0.034,24.96,1.72,104.5
2018-06-01T00:15:00Z,GYK,Greys_Creek,38.44901667,-75.13245,0.3,8.64,0.05,25.38,1.97,106.5
2018-06-01T00:30:00Z,GYK,Greys_Creek,38.44901667,-75.13245,0.3,8.6,0.068,25.58,2.13,106.5
2018-06-01T00:45:00Z,GYK,Greys_Creek,38.44901667,-75.13245,0.3,8.71,0.084,25.51,2.19,107.7
2018-06-01T01:00:00Z,GYK,Greys_Creek,38.44901667,-75.13245,0.3,8.86,0.098,25.43,2.14,109.4
2018-06-01T01:15:00Z,GYK,Greys_Creek,38.44901667,-75.13245,0.3,10.19,0.119,25.9,3.03,127.5
2018-06-01T01:30:00Z,GYK,Greys_Creek,38.44901667,-75.13245,0.3,10.84,0.143,26.03,3.74,136.5
2018-06-01T01:45:00Z,GYK,Greys_Creek,38.44901667,-75.13245,0.3,9.9,0.162,25.93,3.67,124.4
2018-06-01T02:00:00Z,GYK,Greys_Creek,38.44901667,-75.13245,0.3,10.65,0.18,25.86,3.48,133.5
2018-06-01T02:15:00Z,GYK,Greys_Creek,38.44901667,-75.13245,0.3,10.61,0.199,25.89,3.68,133.3
2018-06-01T02:30:00Z,GYK,Greys_Creek,38.44901667,-75.13245,0.3,10.75,0.219,25.91,3.9,135.2
2018-06-01T02:45:00Z,GYK,Greys_Creek,38.44901667,-75.13245,0.3,10.42,0.232,26.02,4.26,131.6
2018-06-01T03:00:00Z,GYK,Greys_Creek,38.44901667,-75.13245,0.3,9.58,0.245,25.74,4.18,120.3
2018-06-01T03:15:00Z,GYK,Greys_Creek,38.44901667,-75.13245,0.3,9.44,0.264,25.51,3.87,117.8
2018-06-01T03:30:00Z,GYK,Greys_Creek,38.44901667,-75.13245,0.3,9.44,0.274,25.56,4.22,118.2
2018-06-01T03:45:00Z,GYK,Greys_Creek,38.44901667,-75.13245,0.3,9.44,0.282,25.38,3.83,117.6
2018-06-01T04:00:00Z,GYK,Greys_Creek,38.44901667,-75.13245,0.3,9.15,0.292,25.82,5.78,116.2
2018-06-01T04:15:00Z,GYK,Greys_Creek,38.44901667,-75.13245,0.3,8.66,0.302,25.81,5.48,109.7
2018-06-01T04:30:00Z,GYK,Greys_Creek,38.44901667,-75.13245,0.3,8.48,0.309,25.9,6.51,108.3
2018-06-01T04:45:00Z,GYK,Greys_Creek,38.44901667,-75.13245,0.3,8.35,0.311,25.91,6.86,106.7
2018-06-01T05:00:00Z,GYK,Greys_Creek,38.44901667,-75.13245,0.3,8.14,0.311,25.92,7.83,104.6
2018-06-01T05:15:00Z,GYK,Greys_Creek,38.44901667,-75.13245,0.3,7.83,0.307,25.98,8.1,101.0
2018-06-01T05:30:00Z,GYK,Greys_Creek,38.44901667,-75.13245,0.3,7.86,0.301,26.02,8.65,101.8
2018-06-01T05:45:00Z,GYK,Greys_Creek,38.44901667,-75.13245,0.3,8.07,0.285,24.98,4.26,100.0
2018-06-01T06:00:00Z,GYK,Greys_Creek,38.44901667,-75.13245,0.3,7.94,0.267,24.89,3.67,97.9
2018-06-01T06:15:00Z,GYK,Greys_Creek,38.44901667,-75.13245,0.3,7.05,0.244,24.55,3.74,86.4
2018-06-01T06:30:00Z,GYK,Greys_Creek,38.44901667,-75.13245,0.3,7.67,0.217,24.3,2.44,92.9
2018-06-01T06:45:00Z,GYK,Greys_Creek,38.44901667,-75.13245,0.3,6.79,0.198,24.05,1.99,81.7
2018-06-01T07:00:00Z,GYK,Greys_Creek,38.44901667,-75.13245,0.3,6.46,0.186,23.95,1.93,77.5
2018-06-01T07:15:00Z,GYK,Greys_Creek,38.44901667,-75.13245,0.3,6.38,0.171,23.94,2.05,76.6
2018-06-01T07:30:00Z,GYK,Greys_Creek,38.44901667,-75.13245,0.3,6.72,0.157,24.0,2.08,80.8
2018-06-01T07:45:00Z,GYK,Greys_Creek,38.44901667,-75.13245,0.3,6.55,0.142,23.79,1.93,78.4
2018-06-01T08:00:00Z,GYK,Greys_Creek,38.44901667,-75.13245,0.3,6.35,0.128,23.58,1.53,75.5
2018-06-01T08:15:00Z,GYK,Greys_Creek,38.44901667,-75.13245,0.3,6.34,0.112,23.64,1.69,75.5
2018-06-01T08:30:00Z,GYK,Greys_Creek,38.44901667,-75.13245,0.3,6.4,0.093,23.59,1.58,76.1
2018-06-01T08:45:00Z,GYK,Greys_Creek,38.44901667,-75.13245,0.3,6.17,0.082,23.52,1.68,73.3
2018-06-01T09:00:00Z,GYK,Greys_Creek,38.44901667,-75.13245,0.3,6.03,0.07,23.49,1.7,71.7
2018-06-01T09:15:00Z,GYK,Greys_Creek,38.44901667,-75.13245,0.3,6.46,0.058,23.45,1.57,76.6
2018-06-01T09:30:00Z,GYK,Greys_Creek,38.44901667,-75.13245,0.3,6.82,0.048,23.42,1.5,80.8
2018-06-01T09:45:00Z,GYK,Greys_Creek,38.44901667,-75.13245,0.3,6.57,0.034,23.41,1.51,77.9
2018-06-01T10:00:00Z,GYK,Greys_Creek,38.44901667,-75.13245,0.3,6.26,0.025,23.12,1.36,73.7
2018-06-01T10:15:00Z,GYK,Greys_Creek,38.44901667,-75.13245,0.3,6.64,0.015,23.25,1.45,78.4
2018-06-01T10:30:00Z,GYK,Greys_Creek,38.44901667,-75.13245,0.3,6.59,0.005,23.11,1.36,77.6
2018-06-01T10:45:00Z,GYK,Greys_Creek,38.44901667,-75.13245,0.3,6.82,NaN,23.11,1.39,80.3
2018-06-01T11:00:00Z,GYK,Greys_Creek,38.44901667,-75.13245,0.3,6.76,NaN,23.0,1.33,79.4
2018-06-01T11:15:00Z,GYK,Greys_Creek,38.44901667,-75.13245,0.3,6.22,NaN,22.67,1.07,72.5
2018-06-01T11:30:00Z,GYK,Greys_Creek,38.44901667,-75.13245,0.3,6.44,NaN,22.76,1.11,75.3
2018-06-01T11:45:00Z,GYK,Greys_Creek,38.44901667,-75.13245,0.3,6.33,NaN,22.58,1.05,73.6
2018-06-01T12:00:00Z,GYK,Greys_Creek,38.44901667,-75.13245,0.3,6.02,NaN,22.49,0.98,69.9
2018-06-01T12:15:00Z,GYK,Greys_Creek,38.44901667,-75.13245,0.3,6.13,NaN,22.54,0.92,71.2
2018-06-01T12:30:00Z,GYK,Greys_Creek,38.44901667,-75.13245,0.3,6.26,NaN,22.69,0.97,72.9
2018-06-01T12:45:00Z,GYK,Greys_Creek,38.44901667,-75.13245,0.3,6.06,NaN,22.46,0.51,70.1
2018-06-01T13:00:00Z,GYK,Greys_Creek,38.44901667,-75.13245,0.3,7.48,0.023,23.87,1.87,89.6
2018-06-01T13:15:00Z,GYK,Greys_Creek,38.44901667,-75.13245,0.3,8.58,0.039,24.1,3.31,104.0
2018-06-01T13:30:00Z,GYK,Greys_Creek,38.44901667,-75.13245,0.3,6.72,0.059,25.29,5.19,84.2
2018-06-01T13:45:00Z,GYK,Greys_Creek,38.44901667,-75.13245,0.3,6.56,0.083,25.88,8.3,84.5
2018-06-01T14:00:00Z,GYK,Greys_Creek,38.44901667,-75.13245,0.3,5.36,0.1,26.05,8.95,69.6
2018-06-01T14:15:00Z,GYK,Greys_Creek,38.44901667,-75.13245,0.3,6.47,0.108,26.14,9.64,84.4
2018-06-01T14:30:00Z,GYK,Greys_Creek,38.44901667,-75.13245,0.3,6.66,0.115,26.23,7.74,86.1
2018-06-01T14:45:00Z,GYK,Greys_Creek,38.44901667,-75.13245,0.3,7.49,0.135,26.46,10.48,98.8
2018-06-01T15:00:00Z,GYK,Greys_Creek,38.44901667,-75.13245,0.3,7.67,0.152,26.66,10.97,101.7
2018-06-01T15:15:00Z,GYK,Greys_Creek,38.44901667,-75.13245,0.3,7.14,0.163,26.7,10.81,94.7
2018-06-01T15:30:00Z,GYK,Greys_Creek,38.44901667,-75.13245,0.3,8.81,0.168,26.56,8.02,114.7
2018-06-01T15:45:00Z,GYK,Greys_Creek,38.44901667,-75.13245,0.3,12.09,0.174,26.16,4.16,152.9
2018-06-01T16:00:00Z,GYK,Greys_Creek,38.44901667,-75.13245,0.3,17.01,0.183,26.14,4.75,215.8
2018-06-01T16:15:00Z,GYK,Greys_Creek,38.44901667,-75.13245,0.3,18.77,0.181,26.08,4.73,238.0
2018-06-01T16:30:00Z,GYK,Greys_Creek,38.44901667,-75.13245,0.3,14.99,0.178,26.2,5.67,191.5
2018-06-01T16:45:00Z,GYK,Greys_Creek,38.44901667,-75.13245,0.3,13.94,0.185,26.4,6.28,179.3
2018-06-01T17:00:00Z,GYK,Greys_Creek,38.44901667,-75.13245,0.3,12.23,0.19,27.6,7.65,161.9
2018-06-01T17:15:00Z,GYK,Greys_Creek,38.44901667,-75.13245,0.3,13.86,0.18,27.21,6.61,181.2
2018-06-01T17:30:00Z,GYK,Greys_Creek,38.44901667,-75.13245,0.3,14.66,0.173,26.39,4.98,187.1
2018-06-01T17:45:00Z,GYK,Greys_Creek,38.44901667,-75.13245,0.3,13.43,0.157,26.21,7.21,173.0
2018-06-01T18:00:00Z,GYK,Greys_Creek,38.44901667,-75.13245,0.3,9.96,0.141,25.27,2.46,122.8
2018-06-01T18:15:00Z,GYK,Greys_Creek,38.44901667,-75.13245,0.3,8.78,0.123,24.51,2.73,106.9
2018-06-01T18:30:00Z,GYK,Greys_Creek,38.44901667,-75.13245,0.3,8.39,0.108,24.56,1.94,101.9
2018-06-01T18:45:00Z,GYK,Greys_Creek,38.44901667,-75.13245,0.3,8.94,0.088,24.75,1.72,108.7
2018-06-01T19:00:00Z,GYK,Greys_Creek,38.44901667,-75.13245,0.3,8.14,0.076,24.52,2.18,98.8
2018-06-01T19:15:00Z,GYK,Greys_Creek,38.44901667,-75.13245,0.3,7.73,0.057,24.39,2.4,93.8
2018-06-01T19:30:00Z,GYK,Greys_Creek,38.44901667,-75.13245,0.3,9.75,0.048,25.01,2.49,119.7
2018-06-01T19:45:00Z,GYK,Greys_Creek,38.44901667,-75.13245,0.3,8.25,0.035,24.47,1.79,99.9
2018-06-01T20:00:00Z,GYK,Greys_Creek,38.44901667,-75.13245,0.3,7.87,0.008,24.15,1.63,94.6
2018-06-01T20:15:00Z,GYK,Greys_Creek,38.44901667,-75.13245,0.3,9.69,NaN,24.75,1.68,117.9
2018-06-01T20:30:00Z,GYK,Greys_Creek,38.44901667,-75.13245,0.3,8.51,NaN,25.31,1.95,104.7
2018-06-01T20:45:00Z,GYK,Greys_Creek,38.44901667,-75.13245,0.3,8.01,NaN,24.65,1.69,97.2
2018-06-01T21:00:00Z,GYK,Greys_Creek,38.44901667,-75.13245,0.3,7.94,NaN,24.74,3.11,97.3
2018-06-01T21:15:00Z,GYK,Greys_Creek,38.44901667,-75.13245,0.3,8.82,NaN,24.84,1.44,107.3
2018-06-01T21:30:00Z,GYK,Greys_Creek,38.44901667,-75.13245,0.3,8.69,NaN,24.36,1.56,104.8
2018-06-01T21:45:00Z,GYK,Greys_Creek,38.44901667,-75.13245,0.3,8.74,NaN,25.04,3.4,108.0
2018-06-01T22:00:00Z,GYK,Greys_Creek,38.44901667,-75.13245,0.3,7.43,NaN,24.4,1.11,89.4
2018-06-01T22:15:00Z,GYK,Greys_Creek,38.44901667,-75.13245,0.3,8.15,NaN,24.75,2.83,99.7
2018-06-01T22:30:00Z,GYK,Greys_Creek,38.44901667,-75.13245,0.3,7.23,NaN,24.41,1.34,87.2
2018-06-01T22:45:00Z,GYK,Greys_Creek,38.44901667,-75.13245,0.3,7.99,NaN,24.43,1.31,96.4
2018-06-01T23:00:00Z,GYK,Greys_Creek,38.44901667,-75.13245,0.3,7.37,NaN,24.55,1.7,89.3
2018-06-01T23:15:00Z,GYK,Greys_Creek,38.44901667,-75.13245,0.3,8.93,NaN,25.17,3.47,110.5
2018-06-01T23:30:00Z,GYK,Greys_Creek,38.44901667,-75.13245,0.3,11.54,NaN,25.45,2.99,143.3
2018-06-01T23:45:00Z,GYK,Greys_Creek,38.44901667,-75.13245,0.3,8.4,NaN,25.03,2.19,103.0
2018-06-02T00:00:00Z,GYK,Greys_Creek,38.44901667,-75.13245,0.3,8.53,NaN,25.61,2.65,105.9
2018-06-02T00:15:00Z,GYK,Greys_Creek,38.44901667,-75.13245,0.3,9.05,NaN,26.29,2.95,114.1
2018-06-02T00:30:00Z,GYK,Greys_Creek,38.44901667,-75.13245,0.3,9.45,NaN,26.02,2.98,118.5
2018-06-02T00:45:00Z,GYK,Greys_Creek,38.44901667,-75.13245,0.3,9.18,NaN,26.23,3.15,115.6
2018-06-02T01:00:00Z,GYK,Greys_Creek,38.44901667,-75.13245,0.3,9.58,0.006,26.17,4.25,121.3
2018-06-02T01:15:00Z,GYK,Greys_Creek,38.44901667,-75.13245,0.3,9.82,0.025,26.45,4.3,124.9
2018-06-02T01:30:00Z,GYK,Greys_Creek,38.44901667,-75.13245,0.3,12.07,0.045,27.1,5.57,156.6
2018-06-02T01:45:00Z,GYK,Greys_Creek,38.44901667,-75.13245,0.3,12.34,0.066,27.27,6.12,161.0
2018-06-02T02:00:00Z,GYK,Greys_Creek,38.44901667,-75.13245,0.3,11.95,0.084,27.21,6.45,156.0
2018-06-02T02:15:00Z,GYK,Greys_Creek,38.44901667,-75.13245,0.3,10.46,0.105,27.56,7.47,138.3
2018-06-02T02:30:00Z,GYK,Greys_Creek,38.44901667,-75.13245,0.3,9.81,0.12,27.63,7.91,130.1
2018-06-02T02:45:00Z,GYK,Greys_Creek,38.44901667,-75.13245,0.3,9.39,0.135,27.66,7.43,124.2
2018-06-02T03:00:00Z,GYK,Greys_Creek,38.44901667,-75.13245,0.3,9.24,0.152,27.58,8.47,122.8
2018-06-02T03:15:00Z,GYK,Greys_Creek,38.44901667,-75.13245,0.3,9.07,0.167,27.6,9.19,121.1
2018-06-02T03:30:00Z,GYK,Greys_Creek,38.44901667,-75.13245,0.3,8.58,0.184,27.57,9.72,114.9
2018-06-02T03:45:00Z,GYK,Greys_Creek,38.44901667,-75.13245,0.3,8.78,0.199,27.61,10.01,117.7
2018-06-02T04:00:00Z,GYK,Greys_Creek,38.44901667,-75.13245,0.3,8.89,0.213,27.66,10.04,119.4
2018-06-02T04:15:00Z,GYK,Greys_Creek,38.44901667,-75.13245,0.3,8.54,0.227,27.67,10.19,114.8
2018-06-02T04:30:00Z,GYK,Greys_Creek,38.44901667,-75.13245,0.3,8.1,0.24,27.63,10.39,109.0
2018-06-02T04:45:00Z,GYK,Greys_Creek,38.44901667,-75.13245,0.3,8.07,0.245,27.65,10.4,108.6
2018-06-02T05:00:00Z,GYK,Greys_Creek,38.44901667,-75.13245,0.3,7.73,0.247,27.64,10.56,104.1
2018-06-02T05:15:00Z,GYK,Greys_Creek,38.44901667,-75.13245,0.3,7.04,0.254,27.59,10.8,94.8
2018-06-02T05:30:00Z,GYK,Greys_Creek,38.44901667,-75.13245,0.3,6.71,0.258,27.6,10.84,90.4
2018-06-02T05:45:00Z,GYK,Greys_Creek,38.44901667,-75.13245,0.3,6.96,0.254,27.5,10.64,93.5
2018-06-02T06:00:00Z,GYK,Greys_Creek,38.44901667,-75.13245,0.3,6.94,0.251,27.56,10.79,93.4
2018-06-02T06:15:00Z,GYK,Greys_Creek,38.44901667,-75.13245,0.3,7.34,0.25,27.63,10.89,99.0
2018-06-02T06:30:00Z,GYK,Greys_Creek,38.44901667,-75.13245,0.3,8.04,0.233,26.85,8.08,105.3
2018-06-02T06:45:00Z,GYK,Greys_Creek,38.44901667,-75.13245,0.3,8.51,0.207,26.61,6.86,110.2
2018-06-02T07:00:00Z,GYK,Greys_Creek,38.44901667,-75.13245,0.3,7.78,0.188,26.72,7.28,101.2
2018-06-02T07:15:00Z,GYK,Greys_Creek,38.44901667,-75.13245,0.3,6.86,0.173,26.23,6.03,87.8
2018-06-02T07:30:00Z,GYK,Greys_Creek,38.44901667,-75.13245,0.3,6.39,0.158,25.51,4.93,80.3
2018-06-02T07:45:00Z,GYK,Greys_Creek,38.44901667,-75.13245,0.3,6.03,0.141,25.18,3.78,74.8
2018-06-02T08:00:00Z,GYK,Greys_Creek,38.44901667,-75.13245,0.3,5.53,0.126,25.25,4.47,68.9
2018-06-02T08:15:00Z,GYK,Greys_Creek,38.44901667,-75.13245,0.3,5.41,0.115,24.85,3.46,66.5
2018-06-02T08:30:00Z,GYK,Greys_Creek,38.44901667,-75.13245,0.3,5.84,0.108,24.81,3.18,71.7
2018-06-02T08:45:00Z,GYK,Greys_Creek,38.44901667,-75.13245,0.3,6.32,0.08,25.78,5.33,80.0
2018-06-02T09:00:00Z,GYK,Greys_Creek,38.44901667,-75.13245,0.3,5.79,0.062,24.67,2.92,70.8
2018-06-02T09:15:00Z,GYK,Greys_Creek,38.44901667,-75.13245,0.3,5.26,0.05,24.55,2.84,64.1
2018-06-02T09:30:00Z,GYK,Greys_Creek,38.44901667,-75.13245,0.3,5.49,0.036,24.44,2.45,66.7
2018-06-02T09:45:00Z,GYK,Greys_Creek,38.44901667,-75.13245,0.3,5.34,0.021,24.33,2.24,64.7
2018-06-02T10:00:00Z,GYK,Greys_Creek,38.44901667,-75.13245,0.3,5.63,0.009,24.32,2.42,68.2
2018-06-02T10:15:00Z,GYK,Greys_Creek,38.44901667,-75.13245,0.3,5.26,NaN,24.05,2.14,63.3
2018-06-02T10:30:00Z,GYK,Greys_Creek,38.44901667,-75.13245,0.3,5.53,NaN,24.14,2.33,66.7
2018-06-02T10:45:00Z,GYK,Greys_Creek,38.44901667,-75.13245,0.3,5.77,NaN,24.16,2.41,69.6
2018-06-02T11:00:00Z,GYK,Greys_Creek,38.44901667,-75.13245,0.3,5.77,NaN,24.08,2.57,69.6
2018-06-02T11:15:00Z,GYK,Greys_Creek,38.44901667,-75.13245,0.3,5.49,NaN,23.9,2.13,65.8
2018-06-02T11:30:00Z,GYK,Greys_Creek,38.44901667,-75.13245,0.3,5.95,NaN,24.02,2.28,71.6
2018-06-02T11:45:00Z,GYK,Greys_Creek,38.44901667,-75.13245,0.3,6.23,NaN,24.04,2.31,75.0
2018-06-02T12:00:00Z,GYK,Greys_Creek,38.44901667,-75.13245,0.3,5.55,NaN,23.63,1.64,66.0
2018-06-02T12:15:00Z,GYK,Greys_Creek,38.44901667,-75.13245,0.3,5.36,NaN,23.5,1.4,63.6
2018-06-02T12:30:00Z,GYK,Greys_Creek,38.44901667,-75.13245,0.3,5.52,NaN,23.75,1.63,65.8
2018-06-02T12:45:00Z,GYK,Greys_Creek,38.44901667,-75.13245,0.3,5.64,NaN,24.07,1.99,67.8
2018-06-02T13:00:00Z,GYK,Greys_Creek,38.44901667,-75.13245,0.3,5.63,NaN,24.11,1.84,67.7
2018-06-02T13:15:00Z,GYK,Greys_Creek,38.44901667,-75.13245,0.3,7.09,NaN,24.67,1.66,86.0
2018-06-02T13:30:00Z,GYK,Greys_Creek,38.44901667,-75.13245,0.3,6.35,NaN,26.78,7.57,82.8
2018-06-02T13:45:00Z,GYK,Greys_Creek,38.44901667,-75.13245,0.3,6.48,NaN,26.24,4.09,82.1
2018-06-02T14:00:00Z,GYK,Greys_Creek,38.44901667,-75.13245,0.3,7.16,0.018,27.16,8.19,94.3
2018-06-02T14:15:00Z,GYK,Greys_Creek,38.44901667,-75.13245,0.3,7.84,0.04,27.65,5.29,102.5
2018-06-02T14:30:00Z,GYK,Greys_Creek,38.44901667,-75.13245,0.3,9.96,0.054,27.22,5.97,129.7
2018-06-02T14:45:00Z,GYK,Greys_Creek,38.44901667,-75.13245,0.3,9.98,0.063,27.19,6.98,130.7
2018-06-02T15:00:00Z,GYK,Greys_Creek,38.44901667,-75.13245,0.3,8.97,0.074,27.19,6.94,117.4
2018-06-02T15:15:00Z,GYK,Greys_Creek,38.44901667,-75.13245,0.3,8.64,0.081,27.38,7.71,114.0
2018-06-02T15:30:00Z,GYK,Greys_Creek,38.44901667,-75.13245,0.3,7.4,0.102,27.65,8.12,98.3
2018-06-02T15:45:00Z,GYK,Greys_Creek,38.44901667,-75.13245,0.3,10.24,0.116,27.68,7.35,135.5
2018-06-02T16:00:00Z,GYK,Greys_Creek,38.44901667,-75.13245,0.3,9.0,0.113,27.62,7.26,118.9
2018-06-02T16:15:00Z,GYK,Greys_Creek,38.44901667,-75.13245,0.3,10.17,0.127,27.73,8.04,135.2
2018-06-02T16:30:00Z,GYK,Greys_Creek,38.44901667,-75.13245,0.3,10.67,0.131,27.6,7.66,141.3
2018-06-02T16:45:00Z,GYK,Greys_Creek,38.44901667,-75.13245,0.3,14.84,0.131,27.74,6.74,195.9
2018-06-02T17:00:00Z,GYK,Greys_Creek,38.44901667,-75.13245,0.3,13.9,0.136,27.89,8.3,185.6
2018-06-02T17:15:00Z,GYK,Greys_Creek,38.44901667,-75.13245,0.3,14.24,0.14,27.89,8.87,190.7
2018-06-02T17:30:00Z,GYK,Greys_Creek,38.44901667,-75.13245,0.3,15.9,0.136,27.96,8.94,213.3
2018-06-02T17:45:00Z,GYK,Greys_Creek,38.44901667,-75.13245,0.3,12.78,0.129,27.52,8.57,169.8
2018-06-02T18:00:00Z,GYK,Greys_Creek,38.44901667,-75.13245,0.3,10.77,0.121,27.39,9.17,143.3
2018-06-02T18:15:00Z,GYK,Greys_Creek,38.44901667,-75.13245,0.3,15.1,0.105,27.36,8.63,200.1
2018-06-02T18:30:00Z,GYK,Greys_Creek,38.44901667,-75.13245,0.3,9.56,0.079,26.67,6.23,123.5
2018-06-02T18:45:00Z,GYK,Greys_Creek,38.44901667,-75.13245,0.3,9.76,0.07,26.54,6.39,125.9
2018-06-02T19:00:00Z,GYK,Greys_Creek,38.44901667,-75.13245,0.3,7.49,0.058,25.32,4.12,93.3
2018-06-02T19:15:00Z,GYK,Greys_Creek,38.44901667,-75.13245,0.3,9.26,0.051,24.75,2.95,113.5
2018-06-02T19:30:00Z,GYK,Greys_Creek,38.44901667,-75.13245,0.3,7.76,0.033,24.4,2.91,94.5
2018-06-02T19:45:00Z,GYK,Greys_Creek,38.44901667,-75.13245,0.3,8.25,0.022,24.91,4.1,102.0
2018-06-02T20:00:00Z,GYK,Greys_Creek,38.44901667,-75.13245,0.3,7.37,0.009,24.28,2.53,89.3
2018-06-02T20:15:00Z,GYK,Greys_Creek,38.44901667,-75.13245,0.3,10.06,NaN,25.41,3.55,125.2
2018-06-02T20:30:00Z,GYK,Greys_Creek,38.44901667,-75.13245,0.3,7.22,NaN,24.44,2.83,87.9
2018-06-02T20:45:00Z,GYK,Greys_Creek,38.44901667,-75.13245,0.3,6.1,NaN,23.15,1.85,72.0
2018-06-02T21:00:00Z,GYK,Greys_Creek,38.44901667,-75.13245,0.3,6.4,NaN,23.57,2.18,76.3
2018-06-02T21:15:00Z,GYK,Greys_Creek,38.44901667,-75.13245,0.3,6.19,NaN,24.05,3.25,75.0
2018-06-02T21:30:00Z,GYK,Greys_Creek,38.44901667,-75.13245,0.3,10.17,NaN,24.98,2.77,125.0
2018-06-02T21:45:00Z,GYK,Greys_Creek,38.44901667,-75.13245,0.3,8.15,NaN,24.28,2.4,98.6
2018-06-02T22:00:00Z,GYK,Greys_Creek,38.44901667,-75.13245,0.3,7.2,NaN,23.79,2.04,86.1
2018-06-02T22:15:00Z,GYK,Greys_Creek,38.44901667,-75.13245,0.3,7.11,NaN,23.91,1.96,85.2
2018-06-02T22:30:00Z,GYK,Greys_Creek,38.44901667,-75.13245,0.3,7.38,NaN,23.84,1.77,88.3
2018-06-02T22:45:00Z,GYK,Greys_Creek,38.44901667,-75.13245,0.3,7.2,NaN,23.76,1.69,85.9
2018-06-02T23:00:00Z,GYK,Greys_Creek,38.44901667,-75.13245,0.3,6.52,NaN,23.63,1.42,77.5
2018-06-02T23:15:00Z,GYK,Greys_Creek,38.44901667,-75.13245,0.3,6.7,NaN,23.86,1.81,80.2
2018-06-02T23:30:00Z,GYK,Greys_Creek,38.44901667,-75.13245,0.3,6.45,NaN,24.44,2.36,78.3
2018-06-02T23:45:00Z,GYK,Greys_Creek,38.44901667,-75.13245,0.3,6.74,NaN,23.78,2.02,80.6
2018-06-03T00:00:00Z,GYK,Greys_Creek,38.44901667,-75.13245,0.3,6.37,NaN,23.59,1.37,75.7
2018-06-03T00:15:00Z,GYK,Greys_Creek,38.44901667,-75.13245,0.3,6.56,NaN,24.08,1.94,79.0
2018-06-03T00:30:00Z,GYK,Greys_Creek,38.44901667,-75.13245,0.3,6.64,NaN,23.95,1.83,79.6
2018-06-03T00:45:00Z,GYK,Greys_Creek,38.44901667,-75.13245,0.3,7.14,NaN,24.61,2.76,87.2
2018-06-03T01:00:00Z,GYK,Greys_Creek,38.44901667,-75.13245,0.3,7.74,NaN,25.26,3.31,95.9
2018-06-03T01:15:00Z,GYK,Greys_Creek,38.44901667,-75.13245,0.3,7.88,NaN,25.88,4.75,99.6
2018-06-03T01:30:00Z,GYK,Greys_Creek,38.44901667,-75.13245,0.3,6.52,NaN,26.14,6.11,83.4
2018-06-03T01:45:00Z,GYK,Greys_Creek,38.44901667,-75.13245,0.3,6.35,0.009,26.13,6.27,81.2
2018-06-03T02:00:00Z,GYK,Greys_Creek,38.44901667,-75.13245,0.3,6.79,0.028,26.15,6.24,86.9
2018-06-03T02:15:00Z,GYK,Greys_Creek,38.44901667,-75.13245,0.3,6.68,0.056,26.67,7.99,87.1
2018-06-03T02:30:00Z,GYK,Greys_Creek,38.44901667,-75.13245,0.3,6.15,0.075,26.66,7.05,79.8
2018-06-03T02:45:00Z,GYK,Greys_Creek,38.44901667,-75.13245,0.3,6.39,0.089,26.61,7.5,83.0
2018-06-03T03:00:00Z,GYK,Greys_Creek,38.44901667,-75.13245,0.3,5.79,0.106,26.98,9.04,76.4
2018-06-03T03:15:00Z,GYK,Greys_Creek,38.44901667,-75.13245,0.3,4.04,0.122,27.0,9.75,53.6
2018-06-03T03:30:00Z,GYK,Greys_Creek,38.44901667,-75.13245,0.3,5.31,0.139,27.0,9.35,70.2
2018-06-03T03:45:00Z,GYK,Greys_Creek,38.44901667,-75.13245,0.3,5.64,0.154,27.03,9.42,74.6
2018-06-03T04:00:00Z,GYK,Greys_Creek,38.44901667,-75.13245,0.3,6.59,0.162,27.23,9.99,87.8
2018-06-03T04:15:00Z,GYK,Greys_Creek,38.44901667,-75.13245,0.3,4.96,0.176,27.32,10.76,66.4
2018-06-03T04:30:00Z,GYK,Greys_Creek,38.44901667,-75.13245,0.3,4.18,0.195,27.6,12.14,56.8
2018-06-03T04:45:00Z,GYK,Greys_Creek,38.44901667,-75.13245,0.3,4.39,0.219,27.53,12.22,59.6
2018-06-03T05:00:00Z,GYK,Greys_Creek,38.44901667,-75.13245,0.3,5.71,0.231,27.4,11.21,76.8
2018-06-03T05:15:00Z,GYK,Greys_Creek,38.44901667,-75.13245,0.3,6.98,0.239,27.45,11.42,94.1
2018-06-03T05:30:00Z,GYK,Greys_Creek,38.44901667,-75.13245,0.3,6.32,0.247,27.42,11.51,85.3
2018-06-03T05:45:00Z,GYK,Greys_Creek,38.44901667,-75.13245,0.3,6.05,0.255,27.27,11.96,81.6
2018-06-03T06:00:00Z,GYK,Greys_Creek,38.44901667,-75.13245,0.3,6.52,0.273,27.04,10.49,86.8
2018-06-03T06:15:00Z,GYK,Greys_Creek,38.44901667,-75.13245,0.3,4.58,0.282,26.49,8.73,59.8
2018-06-03T06:30:00Z,GYK,Greys_Creek,38.44901667,-75.13245,0.3,4.71,0.278,26.25,7.48,60.8
2018-06-03T06:45:00Z,GYK,Greys_Creek,38.44901667,-75.13245,0.3,5.0,0.273,26.37,8.62,65.1
2018-06-03T07:00:00Z,GYK,Greys_Creek,38.44901667,-75.13245,0.3,4.98,0.258,26.43,8.7,64.9
2018-06-03T07:15:00Z,GYK,Greys_Creek,38.44901667,-75.13245,0.3,4.04,0.246,26.61,8.91,52.9
2018-06-03T07:30:00Z,GYK,Greys_Creek,38.44901667,-75.13245,0.3,4.96,0.231,26.39,8.76,64.6
2018-06-03T07:45:00Z,GYK,Greys_Creek,38.44901667,-75.13245,0.3,4.48,0.204,25.67,7.68,57.3
2018-06-03T08:00:00Z,GYK,Greys_Creek,38.44901667,-75.13245,0.3,4.99,0.181,25.35,6.51,63.1
2018-06-03T08:15:00Z,GYK,Greys_Creek,38.44901667,-75.13245,0.3,4.51,0.169,24.7,5.91,56.2
2018-06-03T08:30:00Z,GYK,Greys_Creek,38.44901667,-75.13245,0.3,4.37,0.154,24.58,5.58,54.2
2018-06-03T08:45:00Z,GYK,Greys_Creek,38.44901667,-75.13245,0.3,4.08,0.149,24.87,4.3,50.4
2018-06-03T09:00:00Z,GYK,Greys_Creek,38.44901667,-75.13245,0.3,4.87,0.143,25.11,6.16,61.2
2018-06-03T09:15:00Z,GYK,Greys_Creek,38.44901667,-75.13245,0.3,4.15,0.134,24.72,6.34,51.8
2018-06-03T09:30:00Z,GYK,Greys_Creek,38.44901667,-75.13245,0.3,5.23,0.118,24.79,6.09,65.2
2018-06-03T09:45:00Z,GYK,Greys_Creek,38.44901667,-75.13245,0.3,4.83,0.107,23.04,2.78,57.2
2018-06-03T10:00:00Z,GYK,Greys_Creek,38.44901667,-75.13245,0.3,3.82,0.112,24.7,5.7,47.5
2018-06-03T10:15:00Z,GYK,Greys_Creek,38.44901667,-75.13245,0.3,3.87,0.104,24.31,5.41,47.6
2018-06-03T10:30:00Z,GYK,Greys_Creek,38.44901667,-75.13245,0.3,3.38,0.106,24.97,6.49,42.4
2018-06-03T10:45:00Z,GYK,Greys_Creek,38.44901667,-75.13245,0.3,5.39,0.098,24.08,5.53,66.1
2018-06-03T11:00:00Z,GYK,Greys_Creek,38.44901667,-75.13245,0.3,5.16,0.073,24.07,5.37,63.3
2018-06-03T11:15:00Z,GYK,Greys_Creek,38.44901667,-75.13245,0.3,4.83,0.055,22.33,1.44,56.1
2018-06-03T11:30:00Z,GYK,Greys_Creek,38.44901667,-75.13245,0.3,3.97,0.071,22.86,3.2,47.0
2018-06-03T11:45:00Z,GYK,Greys_Creek,38.44901667,-75.13245,0.3,4.37,0.087,23.54,4.38,52.8
2018-06-03T12:00:00Z,GYK,Greys_Creek,38.44901667,-75.13245,0.3,4.16,0.087,23.79,4.38,50.5
2018-06-03T12:15:00Z,GYK,Greys_Creek,38.44901667,-75.13245,0.3,4.56,0.076,23.81,4.88,55.5
2018-06-03T12:30:00Z,GYK,Greys_Creek,38.44901667,-75.13245,0.3,5.36,0.07,22.75,3.43,63.4
2018-06-03T12:45:00Z,GYK,Greys_Creek,38.44901667,-75.13245,0.3,5.94,0.059,22.95,3.9,70.7
2018-06-03T13:00:00Z,GYK,Greys_Creek,38.44901667,-75.13245,0.3,5.66,0.074,22.74,3.42,66.9
2018-06-03T13:15:00Z,GYK,Greys_Creek,38.44901667,-75.13245,0.3,4.1,0.093,23.61,4.79,49.6
2018-06-03T13:30:00Z,GYK,Greys_Creek,38.44901667,-75.13245,0.3,4.8,0.126,23.38,5.81,58.3
2018-06-03T13:45:00Z,GYK,Greys_Creek,38.44901667,-75.13245,0.3,6.41,0.187,23.29,8.04,78.7
2018-06-03T14:00:00Z,GYK,Greys_Creek,38.44901667,-75.13245,0.3,6.31,0.18,22.38,5.17,74.9
2018-06-03T14:15:00Z,GYK,Greys_Creek,38.44901667,-75.13245,0.3,5.75,0.126,22.96,4.35,68.7
2018-06-03T14:30:00Z,GYK,Greys_Creek,38.44901667,-75.13245,0.3,5.65,0.22,23.27,7.0,69.0
2018-06-03T14:45:00Z,GYK,Greys_Creek,38.44901667,-75.13245,0.3,6.16,0.282,22.86,8.06,75.1
2018-06-03T15:00:00Z,GYK,Greys_Creek,38.44901667,-75.13245,0.3,3.88,0.172,24.26,8.22,48.5
2018-06-03T15:15:00Z,GYK,Greys_Creek,38.44901667,-75.13245,0.3,5.23,0.232,22.64,5.54,62.5
2018-06-03T15:30:00Z,GYK,Greys_Creek,38.44901667,-75.13245,0.3,4.79,0.267,23.42,6.9,58.5
2018-06-03T15:45:00Z,GYK,Greys_Creek,38.44901667,-75.13245,0.3,5.23,0.27,22.31,4.8,61.8
2018-06-03T16:00:00Z,GYK,Greys_Creek,38.44901667,-75.13245,0.3,4.98,0.263,21.73,3.22,57.7
2018-06-03T16:15:00Z,GYK,Greys_Creek,38.44901667,-75.13245,0.3,5.24,0.28,21.26,2.6,60.0
2018-06-03T16:30:00Z,GYK,Greys_Creek,38.44901667,-75.13245,0.3,5.53,0.295,22.47,4.66,65.5
2018-06-03T16:45:00Z,GYK,Greys_Creek,38.44901667,-75.13245,0.3,5.84,0.305,20.56,2.18,65.8
2018-06-03T17:00:00Z,GYK,Greys_Creek,38.44901667,-75.13245,0.3,6.2,0.319,20.89,3.13,70.6
2018-06-03T17:15:00Z,GYK,Greys_Creek,38.44901667,-75.13245,0.3,5.85,0.341,22.11,5.55,69.2
2018-06-03T17:30:00Z,GYK,Greys_Creek,38.44901667,-75.13245,0.3,6.12,0.361,22.14,4.68,72.1
2018-06-03T17:45:00Z,GYK,Greys_Creek,38.44901667,-75.13245,0.3,5.76,0.352,21.49,4.66,67.0
2018-06-03T18:00:00Z,GYK,Greys_Creek,38.44901667,-75.13245,0.3,6.25,0.345,19.99,1.59,69.4
2018-06-03T18:15:00Z,GYK,Greys_Creek,38.44901667,-75.13245,0.3,6.18,0.348,20.0,1.68,68.6
2018-06-03T18:30:00Z,GYK,Greys_Creek,38.44901667,-75.13245,0.3,6.2,0.352,19.93,1.72,68.8
2018-06-03T18:45:00Z,GYK,Greys_Creek,38.44901667,-75.13245,0.3,5.93,0.346,20.01,2.12,66.0
2018-06-03T19:00:00Z,GYK,Greys_Creek,38.44901667,-75.13245,0.3,6.2,0.34,19.47,1.43,68.0
2018-06-03T19:15:00Z,GYK,Greys_Creek,38.44901667,-75.13245,0.3,6.18,0.336,19.28,1.37,67.5
2018-06-03T19:30:00Z,GYK,Greys_Creek,38.44901667,-75.13245,0.3,6.04,0.327,19.22,1.35,65.9
2018-06-03T19:45:00Z,GYK,Greys_Creek,38.44901667,-75.13245,0.3,5.97,0.325,19.28,1.42,65.3
2018-06-03T20:00:00Z,GYK,Greys_Creek,38.44901667,-75.13245,0.3,5.92,0.314,19.18,1.37,64.6
2018-06-03T20:15:00Z,GYK,Greys_Creek,38.44901667,-75.13245,0.3,5.78,0.294,19.3,1.54,63.3
2018-06-03T20:30:00Z,GYK,Greys_Creek,38.44901667,-75.13245,0.3,5.7,0.278,19.23,1.5,62.3
2018-06-03T20:45:00Z,GYK,Greys_Creek,38.44901667,-75.13245,0.3,5.72,0.263,19.14,1.37,62.3
2018-06-03T21:00:00Z,GYK,Greys_Creek,38.44901667,-75.13245,0.3,5.71,0.25,19.1,1.31,62.2
2018-06-03T21:15:00Z,GYK,Greys_Creek,38.44901667,-75.13245,0.3,5.7,0.236,19.02,1.25,61.9
2018-06-03T21:30:00Z,GYK,Greys_Creek,38.44901667,-75.13245,0.3,5.73,0.218,18.94,1.12,62.1
2018-06-03T21:45:00Z,GYK,Greys_Creek,38.44901667,-75.13245,0.3,5.59,0.202,19.14,1.41,61.0
2018-06-03T22:00:00Z,GYK,Greys_Creek,38.44901667,-75.13245,0.3,5.62,0.195,18.98,1.21,61.0
2018-06-03T22:15:00Z,GYK,Greys_Creek,38.44901667,-75.13245,0.3,5.66,0.18,18.95,1.14,61.3
2018-06-03T22:30:00Z,GYK,Greys_Creek,38.44901667,-75.13245,0.3,5.63,0.164,19.02,1.32,61.2
2018-06-03T22:45:00Z,GYK,Greys_Creek,38.44901667,-75.13245,0.3,5.59,0.155,18.92,1.19,60.6
2018-06-03T23:00:00Z,GYK,Greys_Creek,38.44901667,-75.13245,0.3,5.64,0.151,18.8,1.05,60.9
2018-06-03T23:15:00Z,GYK,Greys_Creek,38.44901667,-75.13245,0.3,5.7,0.14,18.93,1.26,61.8
2018-06-03T23:30:00Z,GYK,Greys_Creek,38.44901667,-75.13245,0.3,5.67,0.128,18.77,1.05,61.2
2018-06-03T23:45:00Z,GYK,Greys_Creek,38.44901667,-75.13245,0.3,5.7,0.125,18.9,1.31,61.8
2018-06-04T00:00:00Z,GYK,Greys_Creek,38.44901667,-75.13245,0.3,5.73,0.115,18.78,1.14,61.9
2018-06-04T00:15:00Z,GYK,Greys_Creek,38.44901667,-75.13245,0.3,5.64,0.119,18.69,1.03,60.8
2018-06-04T00:30:00Z,GYK,Greys_Creek,38.44901667,-75.13245,0.3,5.7,0.119,18.87,1.46,61.8
2018-06-04T00:45:00Z,GYK,Greys_Creek,38.44901667,-75.13245,0.3,5.69,0.118,18.62,1.01,61.2
2018-06-04T01:00:00Z,GYK,Greys_Creek,38.44901667,-75.13245,0.3,5.44,0.144,18.67,1.19,58.6
2018-06-04T01:15:00Z,GYK,Greys_Creek,38.44901667,-75.13245,0.3,5.59,0.168,18.52,0.99,60.0
2018-06-04T01:30:00Z,GYK,Greys_Creek,38.44901667,-75.13245,0.3,5.82,0.176,18.42,0.87,62.3
2018-06-04T01:45:00Z,GYK,Greys_Creek,38.44901667,-75.13245,0.3,5.68,0.19,18.54,1.11,61.1
2018-06-04T02:00:00Z,GYK,Greys_Creek,38.44901667,-75.13245,0.3,4.52,0.213,19.33,2.01,49.6
2018-06-04T02:15:00Z,GYK,Greys_Creek,38.44901667,-75.13245,0.3,4.79,0.233,18.95,1.63,52.1
2018-06-04T02:30:00Z,GYK,Greys_Creek,38.44901667,-75.13245,0.3,5.01,0.235,19.78,2.21,55.6
2018-06-04T02:45:00Z,GYK,Greys_Creek,38.44901667,-75.13245,0.3,5.64,0.243,18.57,1.4,60.8
2018-06-04T03:00:00Z,GYK,Greys_Creek,38.44901667,-75.13245,0.3,3.47,0.26,21.2,5.69,40.4
2018-06-04T03:15:00Z,GYK,Greys_Creek,38.44901667,-75.13245,0.3,3.08,0.274,22.43,9.39,37.5
2018-06-04T03:30:00Z,GYK,Greys_Creek,38.44901667,-75.13245,0.3,3.4,0.283,22.04,8.74,40.9
2018-06-04T03:45:00Z,GYK,Greys_Creek,38.44901667,-75.13245,0.3,2.82,0.306,22.46,9.65,34.5
2018-06-04T04:00:00Z,GYK,Greys_Creek,38.44901667,-75.13245,0.3,2.73,0.33,22.83,10.56,33.7
2018-06-04T04:15:00Z,GYK,Greys_Creek,38.44901667,-75.13245,0.3,3.15,0.348,22.75,10.57,38.9
2018-06-04T04:30:00Z,GYK,Greys_Creek,38.44901667,-75.13245,0.3,3.12,0.355,22.52,9.78,38.2
2018-06-04T04:45:00Z,GYK,Greys_Creek,38.44901667,-75.13245,0.3,3.31,0.369,22.73,10.79,40.9
2018-06-04T05:00:00Z,GYK,Greys_Creek,38.44901667,-75.13245,0.3,3.61,0.387,23.06,11.43,45.0
2018-06-04T05:15:00Z,GYK,Greys_Creek,38.44901667,-75.13245,0.3,3.73,0.393,22.88,11.28,46.3
2018-06-04T05:30:00Z,GYK,Greys_Creek,38.44901667,-75.13245,0.3,3.85,0.395,22.73,10.97,47.5
2018-06-04T05:45:00Z,GYK,Greys_Creek,38.44901667,-75.13245,0.3,3.54,0.407,22.85,11.78,44.1
2018-06-04T06:00:00Z,GYK,Greys_Creek,38.44901667,-75.13245,0.3,3.82,0.418,22.8,12.14,47.5
2018-06-04T06:15:00Z,GYK,Greys_Creek,38.44901667,-75.13245,0.3,3.85,0.416,22.64,11.98,47.8
2018-06-04T06:30:00Z,GYK,Greys_Creek,38.44901667,-75.13245,0.3,3.93,0.429,22.66,12.46,48.9
2018-06-04T06:45:00Z,GYK,Greys_Creek,38.44901667,-75.13245,0.3,4.12,0.432,22.49,12.42,51.1
2018-06-04T07:00:00Z,GYK,Greys_Creek,38.44901667,-75.13245,0.3,4.15,0.428,22.47,12.5,51.5
2018-06-04T07:15:00Z,GYK,Greys_Creek,38.44901667,-75.13245,0.3,4.12,0.424,22.43,12.57,51.2
2018-06-04T07:30:00Z,GYK,Greys_Creek,38.44901667,-75.13245,0.3,4.2,0.425,22.1,11.34,51.4
2018-06-04T07:45:00Z,GYK,Greys_Creek,38.44901667,-75.13245,0.3,4.65,0.428,21.51,8.92,55.5
2018-06-04T08:00:00Z,GYK,Greys_Creek,38.44901667,-75.13245,0.3,5.19,0.419,18.91,3.29,57.0
2018-06-04T08:15:00Z,GYK,Greys_Creek,38.44901667,-75.13245,0.3,5.0,0.403,19.42,4.38,55.8
2018-06-04T08:30:00Z,GYK,Greys_Creek,38.44901667,-75.13245,0.3,5.17,0.389,18.84,2.78,56.5
2018-06-04T08:45:00Z,GYK,Greys_Creek,38.44901667,-75.13245,0.3,5.24,0.365,18.59,2.38,56.9
2018-06-04T09:00:00Z,GYK,Greys_Creek,38.44901667,-75.13245,0.3,5.34,0.35,18.31,2.05,57.5
2018-06-04T09:15:00Z,GYK,Greys_Creek,38.44901667,-75.13245,0.3,5.3,0.328,18.32,2.13,57.1
2018-06-04T09:30:00Z,GYK,Greys_Creek,38.44901667,-75.13245,0.3,5.34,0.303,18.23,1.95,57.3
2018-06-04T09:45:00Z,GYK,Greys_Creek,38.44901667,-75.13245,0.3,5.36,0.294,18.13,1.98,57.4
2018-06-04T10:00:00Z,GYK,Greys_Creek,38.44901667,-75.13245,0.3,5.35,0.294,18.13,2.06,57.4
2018-06-04T10:15:00Z,GYK,Greys_Creek,38.44901667,-75.13245,0.3,5.27,0.281,18.28,2.64,56.9
2018-06-04T10:30:00Z,GYK,Greys_Creek,38.44901667,-75.13245,0.3,5.29,0.268,18.1,1.97,56.6
2018-06-04T10:45:00Z,GYK,Greys_Creek,38.44901667,-75.13245,0.3,5.3,0.255,18.02,1.9,56.6
2018-06-04T11:00:00Z,GYK,Greys_Creek,38.44901667,-75.13245,0.3,5.29,0.24,18.13,2.25,56.7
2018-06-04T11:15:00Z,GYK,Greys_Creek,38.44901667,-75.13245,0.3,5.39,0.23,17.97,2.03,57.6
2018-06-04T11:30:00Z,GYK,Greys_Creek,38.44901667,-75.13245,0.3,5.46,0.219,17.92,1.78,58.2
2018-06-04T11:45:00Z,GYK,Greys_Creek,38.44901667,-75.13245,0.3,5.46,0.205,17.77,1.64,58.0
2018-06-04T12:00:00Z,GYK,Greys_Creek,38.44901667,-75.13245,0.3,5.45,0.192,17.88,1.79,58.0
2018-06-04T12:15:00Z,GYK,Greys_Creek,38.44901667,-75.13245,0.3,5.49,0.182,17.73,1.62,58.3
2018-06-04T12:30:00Z,GYK,Greys_Creek,38.44901667,-75.13245,0.3,5.44,0.167,18.06,2.13,58.3
2018-06-04T12:45:00Z,GYK,Greys_Creek,38.44901667,-75.13245,0.3,5.43,0.157,17.89,1.99,57.9
2018-06-04T13:00:00Z,GYK,Greys_Creek,38.44901667,-75.13245,0.3,5.54,0.153,17.79,1.79,58.9
2018-06-04T13:15:00Z,GYK,Greys_Creek,38.44901667,-75.13245,0.3,5.55,0.148,17.91,1.96,59.2
2018-06-04T13:30:00Z,GYK,Greys_Creek,38.44901667,-75.13245,0.3,5.64,0.147,17.67,1.63,59.8
2018-06-04T13:45:00Z,GYK,Greys_Creek,38.44901667,-75.13245,0.3,5.82,0.142,18.03,2.09,62.3
2018-06-04T14:00:00Z,GYK,Greys_Creek,38.44901667,-75.13245,0.3,5.81,0.136,17.97,1.93,62.1
2018-06-04T14:15:00Z,GYK,Greys_Creek,38.44901667,-75.13245,0.3,5.83,0.134,18.0,1.85,62.3
2018-06-04T14:30:00Z,GYK,Greys_Creek,38.44901667,-75.13245,0.3,5.83,0.145,18.27,2.15,62.7
2018-06-04T14:45:00Z,GYK,Greys_Creek,38.44901667,-75.13245,0.3,6.26,0.156,18.53,2.22,67.8
2018-06-04T15:00:00Z,GYK,Greys_Creek,38.44901667,-75.13245,0.3,5.98,0.178,19.49,4.28,66.8
2018-06-04T15:15:00Z,GYK,Greys_Creek,38.44901667,-75.13245,0.3,5.26,0.201,21.75,15.02,65.3
2018-06-04T15:30:00Z,GYK,Greys_Creek,38.44901667,-75.13245,0.3,5.57,0.219,21.82,15.44,69.5
2018-06-04T15:45:00Z,GYK,Greys_Creek,38.44901667,-75.13245,0.3,5.6,0.23,21.86,14.71,69.5
2018-06-04T16:00:00Z,GYK,Greys_Creek,38.44901667,-75.13245,0.3,5.83,0.239,22.0,15.56,73.0
2018-06-04T16:15:00Z,GYK,Greys_Creek,38.44901667,-75.13245,0.3,6.32,0.248,21.95,12.81,77.8
2018-06-04T16:30:00Z,GYK,Greys_Creek,38.44901667,-75.13245,0.3,6.68,0.263,22.16,15.76,84.0
2018-06-04T16:45:00Z,GYK,Greys_Creek,38.44901667,-75.13245,0.3,7.1,0.281,22.12,15.84,89.2
2018-06-04T17:00:00Z,GYK,Greys_Creek,38.44901667,-75.13245,0.3,7.58,0.287,22.2,15.77,95.4
2018-06-04T17:15:00Z,GYK,Greys_Creek,38.44901667,-75.13245,0.3,7.76,0.299,22.24,15.8,97.8
2018-06-04T17:30:00Z,GYK,Greys_Creek,38.44901667,-75.13245,0.3,8.0,0.307,22.25,15.87,100.8
2018-06-04T17:45:00Z,GYK,Greys_Creek,38.44901667,-75.13245,0.3,8.43,0.315,22.31,15.77,106.3
2018-06-04T18:00:00Z,GYK,Greys_Creek,38.44901667,-75.13245,0.3,8.69,0.322,22.36,15.78,109.7
2018-06-04T18:15:00Z,GYK,Greys_Creek,38.44901667,-75.13245,0.3,8.53,0.322,22.55,15.43,107.8
2018-06-04T18:30:00Z,GYK,Greys_Creek,38.44901667,-75.13245,0.3,9.24,0.323,22.25,15.49,116.1
2018-06-04T18:45:00Z,GYK,Greys_Creek,38.44901667,-75.13245,0.3,8.79,0.33,22.45,15.56,110.9
2018-06-04T19:00:00Z,GYK,Greys_Creek,38.44901667,-75.13245,0.3,9.26,0.337,22.44,15.47,116.8
2018-06-04T19:15:00Z,GYK,Greys_Creek,38.44901667,-75.13245,0.3,9.3,0.34,22.29,15.48,116.9
2018-06-04T19:30:00Z,GYK,Greys_Creek,38.44901667,-75.13245,0.3,9.4,0.336,22.48,15.32,118.5
2018-06-04T19:45:00Z,GYK,Greys_Creek,38.44901667,-75.13245,0.3,9.23,0.335,22.53,15.4,116.6
2018-06-04T20:00:00Z,GYK,Greys_Creek,38.44901667,-75.13245,0.3,9.22,0.323,22.56,15.39,116.5
2018-06-04T20:15:00Z,GYK,Greys_Creek,38.44901667,-75.13245,0.3,8.94,0.318,21.87,5.21,105.1
2018-06-04T20:30:00Z,GYK,Greys_Creek,38.44901667,-75.13245,0.3,8.78,0.298,22.47,7.85,106.0
2018-06-04T20:45:00Z,GYK,Greys_Creek,38.44901667,-75.13245,0.3,8.01,0.285,21.99,3.79,93.7
2018-06-04T21:00:00Z,GYK,Greys_Creek,38.44901667,-75.13245,0.3,8.5,0.279,22.13,4.34,100.0
2018-06-04T21:15:00Z,GYK,Greys_Creek,38.44901667,-75.13245,0.3,8.61,0.268,22.43,5.27,102.3
2018-06-04T21:30:00Z,GYK,Greys_Creek,38.44901667,-75.13245,0.3,7.9,0.255,22.47,3.58,93.1
2018-06-04T21:45:00Z,GYK,Greys_Creek,38.44901667,-75.13245,0.3,7.59,0.248,22.17,3.09,88.7
2018-06-04T22:00:00Z,GYK,Greys_Creek,38.44901667,-75.13245,0.3,7.8,0.233,22.48,4.0,92.2
2018-06-04T22:15:00Z,GYK,Greys_Creek,38.44901667,-75.13245,0.3,7.88,0.218,22.67,3.88,93.4
2018-06-04T22:30:00Z,GYK,Greys_Creek,38.44901667,-75.13245,0.3,7.56,0.208,22.41,7.65,91.1
2018-06-04T22:45:00Z,GYK,Greys_Creek,38.44901667,-75.13245,0.3,7.33,0.198,22.59,2.66,86.1
2018-06-04T23:00:00Z,GYK,Greys_Creek,38.44901667,-75.13245,0.3,7.51,0.189,22.62,3.48,88.6
2018-06-04T23:15:00Z,GYK,Greys_Creek,38.44901667,-75.13245,0.3,7.2,0.182,22.62,3.28,85.0
2018-06-04T23:30:00Z,GYK,Greys_Creek,38.44901667,-75.13245,0.3,7.35,0.178,22.88,2.64,86.8
2018-06-04T23:45:00Z,GYK,Greys_Creek,38.44901667,-75.13245,0.3,7.36,0.171,22.95,3.06,87.3
2018-06-05T00:00:00Z,GYK,Greys_Creek,38.44901667,-75.13245,0.3,7.44,0.166,22.94,4.31,88.8
2018-06-05T00:15:00Z,GYK,Greys_Creek,38.44901667,-75.13245,0.3,7.43,0.158,23.05,3.45,88.5
2018-06-05T00:30:00Z,GYK,Greys_Creek,38.44901667,-75.13245,0.3,7.11,0.151,22.86,4.16,84.7
2018-06-05T00:45:00Z,GYK,Greys_Creek,38.44901667,-75.13245,0.3,6.99,0.15,22.92,2.91,82.7
2018-06-05T01:00:00Z,GYK,Greys_Creek,38.44901667,-75.13245,0.3,6.7,0.151,22.94,5.36,80.5
2018-06-05T01:15:00Z,GYK,Greys_Creek,38.44901667,-75.13245,0.3,6.72,0.152,22.8,3.94,79.9
2018-06-05T01:30:00Z,GYK,Greys_Creek,38.44901667,-75.13245,0.3,6.61,0.155,22.76,2.86,77.9
2018-06-05T01:45:00Z,GYK,Greys_Creek,38.44901667,-75.13245,0.3,6.55,0.166,22.54,9.47,79.9
2018-06-05T02:00:00Z,GYK,Greys_Creek,38.44901667,-75.13245,0.3,6.71,0.181,22.47,14.0,84.0
2018-06-05T02:15:00Z,GYK,Greys_Creek,38.44901667,-75.13245,0.3,6.76,0.193,22.5,13.76,84.6
2018-06-05T02:30:00Z,GYK,Greys_Creek,38.44901667,-75.13245,0.3,7.1,0.212,22.57,13.74,88.9
2018-06-05T02:45:00Z,GYK,Greys_Creek,38.44901667,-75.13245,0.3,7.09,0.232,22.54,14.72,89.2
2018-06-05T03:00:00Z,GYK,Greys_Creek,38.44901667,-75.13245,0.3,7.23,0.249,22.55,15.01,91.2
2018-06-05T03:15:00Z,GYK,Greys_Creek,38.44901667,-75.13245,0.3,6.58,0.259,22.58,14.27,82.6
2018-06-05T03:30:00Z,GYK,Greys_Creek,38.44901667,-75.13245,0.3,6.71,0.272,22.56,14.93,84.5
2018-06-05T03:45:00Z,GYK,Greys_Creek,38.44901667,-75.13245,0.3,6.86,0.287,22.56,15.04,86.5
2018-06-05T04:00:00Z,GYK,Greys_Creek,38.44901667,-75.13245,0.3,6.43,0.302,22.53,14.88,80.9
2018-06-05T04:15:00Z,GYK,Greys_Creek,38.44901667,-75.13245,0.3,6.01,0.312,22.54,14.7,75.6
2018-06-05T04:30:00Z,GYK,Greys_Creek,38.44901667,-75.13245,0.3,6.52,0.325,22.55,15.07,82.2
2018-06-05T04:45:00Z,GYK,Greys_Creek,38.44901667,-75.13245,0.3,5.58,0.343,22.45,15.85,70.5
2018-06-05T05:00:00Z,GYK,Greys_Creek,38.44901667,-75.13245,0.3,6.27,0.352,22.56,15.52,79.3
2018-06-05T05:15:00Z,GYK,Greys_Creek,38.44901667,-75.13245,0.3,6.19,0.362,22.54,15.48,78.3
2018-06-05T05:30:00Z,GYK,Greys_Creek,38.44901667,-75.13245,0.3,5.93,0.376,22.55,16.37,75.3
2018-06-05T05:45:00Z,GYK,Greys_Creek,38.44901667,-75.13245,0.3,5.9,0.386,22.71,16.67,75.3
2018-06-05T06:00:00Z,GYK,Greys_Creek,38.44901667,-75.13245,0.3,5.69,0.401,22.68,16.85,72.7
2018-06-05T06:15:00Z,GYK,Greys_Creek,38.44901667,-75.13245,0.3,5.48,0.416,22.63,17.54,70.3
2018-06-05T06:30:00Z,GYK,Greys_Creek,38.44901667,-75.13245,0.3,5.81,0.422,22.65,17.36,74.3
2018-06-05T06:45:00Z,GYK,Greys_Creek,38.44901667,-75.13245,0.3,5.34,0.43,22.64,17.22,68.3
2018-06-05T07:00:00Z,GYK,Greys_Creek,38.44901667,-75.13245,0.3,4.4,0.435,22.53,17.65,56.3
2018-06-05T07:15:00Z,GYK,Greys_Creek,38.44901667,-75.13245,0.3,4.5,0.44,22.55,17.88,57.7
2018-06-05T07:30:00Z,GYK,Greys_Creek,38.44901667,-75.13245,0.3,4.68,0.441,22.52,18.26,60.0
2018-06-05T07:45:00Z,GYK,Greys_Creek,38.44901667,-75.13245,0.3,4.59,0.44,22.53,18.03,58.8
2018-06-05T08:00:00Z,GYK,Greys_Creek,38.44901667,-75.13245,0.3,4.56,0.433,22.56,17.77,58.4
2018-06-05T08:15:00Z,GYK,Greys_Creek,38.44901667,-75.13245,0.3,4.49,0.419,22.47,17.54,57.4
2018-06-05T08:30:00Z,GYK,Greys_Creek,38.44901667,-75.13245,0.3,4.56,0.407,22.41,16.31,57.8
2018-06-05T08:45:00Z,GYK,Greys_Creek,38.44901667,-75.13245,0.3,4.42,0.389,22.4,16.31,56.0
2018-06-05T09:00:00Z,GYK,Greys_Creek,38.44901667,-75.13245,0.3,4.34,0.365,22.36,15.41,54.6
2018-06-05T09:15:00Z,GYK,Greys_Creek,38.44901667,-75.13245,0.3,4.31,0.353,22.41,16.47,54.6
2018-06-05T09:30:00Z,GYK,Greys_Creek,38.44901667,-75.13245,0.3,4.13,0.344,22.29,16.25,52.2
2018-06-05T09:45:00Z,GYK,Greys_Creek,38.44901667,-75.13245,0.3,4.09,0.332,22.19,13.76,50.8
2018-06-05T10:00:00Z,GYK,Greys_Creek,38.44901667,-75.13245,0.3,3.77,0.323,22.23,14.51,47.1
2018-06-05T10:15:00Z,GYK,Greys_Creek,38.44901667,-75.13245,0.3,3.95,0.309,22.16,14.0,49.2
2018-06-05T10:30:00Z,GYK,Greys_Creek,38.44901667,-75.13245,0.3,4.33,0.299,21.06,8.7,51.2
2018-06-05T10:45:00Z,GYK,Greys_Creek,38.44901667,-75.13245,0.3,4.5,0.285,21.05,7.38,52.8
2018-06-05T11:00:00Z,GYK,Greys_Creek,38.44901667,-75.13245,0.3,4.47,0.271,20.56,6.14,51.5
2018-06-05T11:15:00Z,GYK,Greys_Creek,38.44901667,-75.13245,0.3,4.79,0.255,20.53,5.73,55.1
2018-06-05T11:30:00Z,GYK,Greys_Creek,38.44901667,-75.13245,0.3,5.01,0.244,20.32,4.68,57.0
2018-06-05T11:45:00Z,GYK,Greys_Creek,38.44901667,-75.13245,0.3,5.25,0.231,20.2,4.22,59.4
2018-06-05T12:00:00Z,GYK,Greys_Creek,38.44901667,-75.13245,0.3,4.91,0.216,20.06,3.96,55.3
2018-06-05T12:15:00Z,GYK,Greys_Creek,38.44901667,-75.13245,0.3,5.04,0.205,20.15,4.61,57.1
2018-06-05T12:30:00Z,GYK,Greys_Creek,38.44901667,-75.13245,0.3,5.12,0.192,19.99,3.85,57.6
2018-06-05T12:45:00Z,GYK,Greys_Creek,38.44901667,-75.13245,0.3,5.27,0.182,19.88,3.34,58.9
2018-06-05T13:00:00Z,GYK,Greys_Creek,38.44901667,-75.13245,0.3,5.3,0.172,20.05,3.77,59.7
2018-06-05T13:15:00Z,GYK,Greys_Creek,38.44901667,-75.13245,0.3,5.54,0.162,20.12,4.11,62.5
2018-06-05T13:30:00Z,GYK,Greys_Creek,38.44901667,-75.13245,0.3,5.74,0.151,20.3,3.94,65.0
2018-06-05T13:45:00Z,GYK,Greys_Creek,38.44901667,-75.13245,0.3,5.78,0.137,20.21,3.59,65.2
2018-06-05T14:00:00Z,GYK,Greys_Creek,38.44901667,-75.13245,0.3,5.94,0.127,20.24,3.69,67.1
2018-06-05T14:15:00Z,GYK,Greys_Creek,38.44901667,-75.13245,0.3,6.07,0.122,20.23,3.51,68.4
2018-06-05T14:30:00Z,GYK,Greys_Creek,38.44901667,-75.13245,0.3,6.45,0.111,20.96,4.84,74.4
2018-06-05T14:45:00Z,GYK,Greys_Creek,38.44901667,-75.13245,0.3,6.43,0.107,20.63,3.76,73.2
2018-06-05T15:00:00Z,GYK,Greys_Creek,38.44901667,-75.13245,0.3,7.51,0.11,20.88,4.14,86.1
2018-06-05T15:15:00Z,GYK,Greys_Creek,38.44901667,-75.13245,0.3,7.71,0.103,22.6,11.45,95.4
2018-06-05T15:30:00Z,GYK,Greys_Creek,38.44901667,-75.13245,0.3,7.0,0.109,23.1,15.6,89.5
2018-06-05T15:45:00Z,GYK,Greys_Creek,38.44901667,-75.13245,0.3,7.48,0.117,23.24,17.58,96.9
2018-06-05T16:00:00Z,GYK,Greys_Creek,38.44901667,-75.13245,0.3,6.76,0.129,23.23,19.97,88.8
2018-06-05T16:15:00Z,GYK,Greys_Creek,38.44901667,-75.13245,0.3,7.7,0.148,23.18,20.48,101.3
2018-06-05T16:30:00Z,GYK,Greys_Creek,38.44901667,-75.13245,0.3,7.55,0.167,23.19,20.92,99.7
2018-06-05T16:45:00Z,GYK,Greys_Creek,38.44901667,-75.13245,0.3,7.79,0.187,23.09,21.2,102.8
2018-06-05T17:00:00Z,GYK,Greys_Creek,38.44901667,-75.13245,0.3,7.92,0.199,23.21,21.43,104.8
2018-06-05T17:15:00Z,GYK,Greys_Creek,38.44901667,-75.13245,0.3,7.89,0.201,23.31,21.35,104.6
2018-06-05T17:30:00Z,GYK,Greys_Creek,38.44901667,-75.13245,0.3,7.21,0.21,23.04,21.58,95.2
2018-06-05T17:45:00Z,GYK,Greys_Creek,38.44901667,-75.13245,0.3,7.75,0.216,23.16,21.63,102.7
2018-06-05T18:00:00Z,GYK,Greys_Creek,38.44901667,-75.13245,0.3,7.91,0.225,23.05,21.79,104.6
2018-06-05T18:15:00Z,GYK,Greys_Creek,38.44901667,-75.13245,0.3,8.0,0.235,23.16,21.82,106.1
2018-06-05T18:30:00Z,GYK,Greys_Creek,38.44901667,-75.13245,0.3,8.1,0.238,23.04,21.92,107.3
2018-06-05T18:45:00Z,GYK,Greys_Creek,38.44901667,-75.13245,0.3,7.98,0.247,23.15,21.93,105.9
2018-06-05T19:00:00Z,GYK,Greys_Creek,38.44901667,-75.13245,0.3,8.45,0.251,23.31,21.9,112.4
2018-06-05T19:15:00Z,GYK,Greys_Creek,38.44901667,-75.13245,0.3,8.56,0.253,23.36,21.93,114.0
2018-06-05T19:30:00Z,GYK,Greys_Creek,38.44901667,-75.13245,0.3,9.33,0.255,23.63,21.09,124.2
2018-06-05T19:45:00Z,GYK,Greys_Creek,38.44901667,-75.13245,0.3,9.41,0.25,23.63,20.15,124.6
2018-06-05T20:00:00Z,GYK,Greys_Creek,38.44901667,-75.13245,0.3,9.22,0.247,23.7,21.59,123.2
2018-06-05T20:15:00Z,GYK,Greys_Creek,38.44901667,-75.13245,0.3,9.41,0.249,23.69,21.53,125.7
2018-06-05T20:30:00Z,GYK,Greys_Creek,38.44901667,-75.13245,0.3,10.08,0.235,23.81,19.61,133.5
2018-06-05T20:45:00Z,GYK,Greys_Creek,38.44901667,-75.13245,0.3,10.31,0.22,23.55,20.12,136.3
2018-06-05T21:00:00Z,GYK,Greys_Creek,38.44901667,-75.13245,0.3,10.91,0.204,23.62,19.63,144.0
2018-06-05T21:15:00Z,GYK,Greys_Creek,38.44901667,-75.13245,0.3,10.96,0.19,23.63,19.23,144.3
2018-06-05T21:30:00Z,GYK,Greys_Creek,38.44901667,-75.13245,0.3,9.91,0.185,23.78,20.31,131.8
2018-06-05T21:45:00Z,GYK,Greys_Creek,38.44901667,-75.13245,0.3,9.74,0.174,23.69,20.36,129.3
2018-06-05T22:00:00Z,GYK,Greys_Creek,38.44901667,-75.13245,0.3,11.39,0.16,23.67,19.9,150.7
2018-06-05T22:15:00Z,GYK,Greys_Creek,38.44901667,-75.13245,0.3,9.11,0.16,23.61,21.23,121.3
2018-06-05T22:30:00Z,GYK,Greys_Creek,38.44901667,-75.13245,0.3,8.8,0.145,23.64,20.34,116.7
2018-06-05T22:45:00Z,GYK,Greys_Creek,38.44901667,-75.13245,0.3,10.42,0.135,23.91,17.93,137.0
2018-06-05T23:00:00Z,GYK,Greys_Creek,38.44901667,-75.13245,0.3,8.08,0.124,23.62,18.45,106.0
2018-06-05T23:15:00Z,GYK,Greys_Creek,38.44901667,-75.13245,0.3,10.54,0.115,23.75,18.93,138.9
2018-06-05T23:30:00Z,GYK,Greys_Creek,38.44901667,-75.13245,0.3,10.66,0.103,23.75,18.72,140.3
2018-06-05T23:45:00Z,GYK,Greys_Creek,38.44901667,-75.13245,0.3,8.18,0.092,23.31,9.96,101.6
2018-06-06T00:00:00Z,GYK,Greys_Creek,38.44901667,-75.13245,0.3,8.35,0.091,23.47,11.4,104.9
2018-06-06T00:15:00Z,GYK,Greys_Creek,38.44901667,-75.13245,0.3,9.74,0.074,23.8,16.33,126.6
2018-06-06T00:30:00Z,GYK,Greys_Creek,38.44901667,-75.13245,0.3,8.78,0.058,23.66,8.79,109.0
2018-06-06T00:45:00Z,GYK,Greys_Creek,38.44901667,-75.13245,0.3,7.57,0.046,23.37,5.38,91.7
2018-06-06T01:00:00Z,GYK,Greys_Creek,38.44901667,-75.13245,0.3,7.52,0.045,23.27,5.69,91.0
2018-06-06T01:15:00Z,GYK,Greys_Creek,38.44901667,-75.13245,0.3,7.06,0.043,23.26,5.29,85.3
2018-06-06T01:30:00Z,GYK,Greys_Creek,38.44901667,-75.13245,0.3,9.13,0.032,23.62,11.86,115.2
2018-06-06T01:45:00Z,GYK,Greys_Creek,38.44901667,-75.13245,0.3,8.16,0.028,23.48,7.65,100.3
2018-06-06T02:00:00Z,GYK,Greys_Creek,38.44901667,-75.13245,0.3,7.74,0.026,23.49,10.79,96.9
2018-06-06T02:15:00Z,GYK,Greys_Creek,38.44901667,-75.13245,0.3,6.87,0.027,23.14,6.35,83.3
2018-06-06T02:30:00Z,GYK,Greys_Creek,38.44901667,-75.13245,0.3,7.49,0.034,23.3,10.02,93.0
2018-06-06T02:45:00Z,GYK,Greys_Creek,38.44901667,-75.13245,0.3,8.2,0.052,23.31,17.85,106.5
2018-06-06T03:00:00Z,GYK,Greys_Creek,38.44901667,-75.13245,0.3,8.21,0.079,23.59,20.22,108.8
2018-06-06T03:15:00Z,GYK,Greys_Creek,38.44901667,-75.13245,0.3,7.57,0.071,23.38,16.6,97.8
2018-06-06T03:30:00Z,GYK,Greys_Creek,38.44901667,-75.13245,0.3,6.38,0.067,22.85,6.82,77.2
2018-06-06T03:45:00Z,GYK,Greys_Creek,38.44901667,-75.13245,0.3,7.3,0.081,23.6,19.06,96.1
2018-06-06T04:00:00Z,GYK,Greys_Creek,38.44901667,-75.13245,0.3,7.29,0.105,23.57,20.31,96.5
2018-06-06T04:15:00Z,GYK,Greys_Creek,38.44901667,-75.13245,0.3,7.29,0.135,23.64,20.72,96.9
2018-06-06T04:30:00Z,GYK,Greys_Creek,38.44901667,-75.13245,0.3,6.97,0.147,23.63,20.82,92.7
2018-06-06T04:45:00Z,GYK,Greys_Creek,38.44901667,-75.13245,0.3,7.34,0.152,23.6,20.6,97.4
2018-06-06T05:00:00Z,GYK,Greys_Creek,38.44901667,-75.13245,0.3,7.09,0.164,23.6,20.7,94.1
2018-06-06T05:15:00Z,GYK,Greys_Creek,38.44901667,-75.13245,0.3,7.11,0.184,23.65,21.05,94.7
2018-06-06T05:30:00Z,GYK,Greys_Creek,38.44901667,-75.13245,0.3,6.86,0.203,23.66,21.17,91.4
2018-06-06T05:45:00Z,GYK,Greys_Creek,38.44901667,-75.13245,0.3,7.54,0.217,23.75,21.14,100.7
2018-06-06T06:00:00Z,GYK,Greys_Creek,38.44901667,-75.13245,0.3,7.76,0.227,23.87,21.08,103.8
2018-06-06T06:15:00Z,GYK,Greys_Creek,38.44901667,-75.13245,0.3,7.66,0.237,23.89,21.04,102.4
2018-06-06T06:30:00Z,GYK,Greys_Creek,38.44901667,-75.13245,0.3,7.31,0.252,23.88,20.99,97.7
2018-06-06T06:45:00Z,GYK,Greys_Creek,38.44901667,-75.13245,0.3,7.42,0.264,23.96,20.96,99.4
2018-06-06T07:00:00Z,GYK,Greys_Creek,38.44901667,-75.13245,0.3,8.13,0.273,23.99,20.79,108.8
2018-06-06T07:15:00Z,GYK,Greys_Creek,38.44901667,-75.13245,0.3,7.56,0.28,23.9,20.52,100.9
2018-06-06T07:30:00Z,GYK,Greys_Creek,38.44901667,-75.13245,0.3,6.71,0.284,23.92,20.39,89.5
2018-06-06T07:45:00Z,GYK,Greys_Creek,38.44901667,-75.13245,0.3,7.2,0.288,23.94,20.39,96.1
2018-06-06T08:00:00Z,GYK,Greys_Creek,38.44901667,-75.13245,0.3,7.22,0.289,24.0,20.44,96.5
2018-06-06T08:15:00Z,GYK,Greys_Creek,38.44901667,-75.13245,0.3,7.07,0.299,23.97,20.66,94.4
2018-06-06T08:30:00Z,GYK,Greys_Creek,38.44901667,-75.13245,0.3,7.1,0.303,23.98,20.74,94.9
2018-06-06T08:45:00Z,GYK,Greys_Creek,38.44901667,-75.13245,0.3,6.52,0.294,23.86,20.67,86.9
2018-06-06T09:00:00Z,GYK,Greys_Creek,38.44901667,-75.13245,0.3,5.87,0.29,23.86,20.65,78.3
2018-06-06T09:15:00Z,GYK,Greys_Creek,38.44901667,-75.13245,0.3,5.26,0.286,23.85,20.87,70.2
2018-06-06T09:30:00Z,GYK,Greys_Creek,38.44901667,-75.13245,0.3,5.25,0.274,23.77,20.7,69.9
2018-06-06T09:45:00Z,GYK,Greys_Creek,38.44901667,-75.13245,0.3,4.93,0.264,23.72,20.66,65.5
2018-06-06T10:00:00Z,GYK,Greys_Creek,38.44901667,-75.13245,0.3,5.78,0.242,23.69,20.28,76.7
2018-06-06T10:15:00Z,GYK,Greys_Creek,38.44901667,-75.13245,0.3,5.56,0.227,23.68,20.2,73.7
2018-06-06T10:30:00Z,GYK,Greys_Creek,38.44901667,-75.13245,0.3,4.51,0.219,23.66,20.42,59.8
2018-06-06T10:45:00Z,GYK,Greys_Creek,38.44901667,-75.13245,0.3,4.56,0.208,23.62,20.59,60.5
2018-06-06T11:00:00Z,GYK,Greys_Creek,38.44901667,-75.13245,0.3,4.71,0.2,23.63,20.27,62.5
2018-06-06T11:15:00Z,GYK,Greys_Creek,38.44901667,-75.13245,0.3,4.64,0.191,23.49,19.86,61.1
2018-06-06T11:30:00Z,GYK,Greys_Creek,38.44901667,-75.13245,0.3,4.03,0.181,23.48,19.43,53.0
2018-06-06T11:45:00Z,GYK,Greys_Creek,38.44901667,-75.13245,0.3,5.99,0.168,23.42,18.7,78.4
2018-06-06T12:00:00Z,GYK,Greys_Creek,38.44901667,-75.13245,0.3,5.14,0.157,23.61,19.39,67.7
2018-06-06T12:15:00Z,GYK,Greys_Creek,38.44901667,-75.13245,0.3,5.85,0.149,23.18,18.29,76.0
2018-06-06T12:30:00Z,GYK,Greys_Creek,38.44901667,-75.13245,0.3,5.64,0.14,22.89,14.01,71.2
2018-06-06T12:45:00Z,GYK,Greys_Creek,38.44901667,-75.13245,0.3,6.79,0.127,23.38,15.72,87.3
2018-06-06T13:00:00Z,GYK,Greys_Creek,38.44901667,-75.13245,0.3,6.42,0.118,23.22,8.57,78.9
2018-06-06T13:15:00Z,GYK,Greys_Creek,38.44901667,-75.13245,0.3,6.32,0.11,23.66,18.63,83.0
2018-06-06T13:30:00Z,GYK,Greys_Creek,38.44901667,-75.13245,0.3,5.84,0.101,23.31,14.99,74.6
2018-06-06T13:45:00Z,GYK,Greys_Creek,38.44901667,-75.13245,0.3,5.94,0.097,23.48,19.43,78.1
2018-06-06T14:00:00Z,GYK,Greys_Creek,38.44901667,-75.13245,0.3,6.09,0.093,23.39,13.73,77.4
2018-06-06T14:15:00Z,GYK,Greys_Creek,38.44901667,-75.13245,0.3,6.77,0.083,23.41,17.23,87.8
2018-06-06T14:30:00Z,GYK,Greys_Creek,38.44901667,-75.13245,0.3,7.03,0.078,23.46,17.21,91.2
2018-06-06T14:45:00Z,GYK,Greys_Creek,38.44901667,-75.13245,0.3,9.87,0.082,23.58,14.47,126.4
2018-06-06T15:00:00Z,GYK,Greys_Creek,38.44901667,-75.13245,0.3,8.89,0.089,23.04,9.08,109.3
2018-06-06T15:15:00Z,GYK,Greys_Creek,38.44901667,-75.13245,0.3,12.71,0.076,23.45,12.86,160.9
2018-06-06T15:30:00Z,GYK,Greys_Creek,38.44901667,-75.13245,0.3,13.96,0.084,23.1,11.13,173.8
2018-06-06T15:45:00Z,GYK,Greys_Creek,38.44901667,-75.13245,0.3,11.94,0.101,23.32,9.39,147.8
2018-06-06T16:00:00Z,GYK,Greys_Creek,38.44901667,-75.13245,0.3,15.81,0.129,23.7,7.26,194.6
2018-06-06T16:15:00Z,GYK,Greys_Creek,38.44901667,-75.13245,0.3,16.94,0.159,24.71,13.86,220.7
2018-06-06T16:30:00Z,GYK,Greys_Creek,38.44901667,-75.13245,0.3,16.29,0.18,24.78,16.44,215.6
2018-06-06T16:45:00Z,GYK,Greys_Creek,38.44901667,-75.13245,0.3,17.54,0.194,24.93,16.06,232.3
2018-06-06T17:00:00Z,GYK,Greys_Creek,38.44901667,-75.13245,0.3,17.98,0.205,25.03,17.37,240.3
2018-06-06T17:15:00Z,GYK,Greys_Creek,38.44901667,-75.13245,0.3,17.72,0.214,25.17,17.41,237.4
2018-06-06T17:30:00Z,GYK,Greys_Creek,38.44901667,-75.13245,0.3,17.7,0.221,25.32,17.24,237.6
2018-06-06T17:45:00Z,GYK,Greys_Creek,38.44901667,-75.13245,0.3,15.27,0.23,25.31,17.13,204.7
2018-06-06T18:00:00Z,GYK,Greys_Creek,38.44901667,-75.13245,0.3,14.83,0.249,25.43,17.07,199.3
2018-06-06T18:15:00Z,GYK,Greys_Creek,38.44901667,-75.13245,0.3,13.29,0.264,25.5,17.23,178.9
2018-06-06T18:30:00Z,GYK,Greys_Creek,38.44901667,-75.13245,0.3,12.32,0.27,25.19,17.72,165.5
2018-06-06T18:45:00Z,GYK,Greys_Creek,38.44901667,-75.13245,0.3,13.48,0.282,25.38,17.52,181.3
2018-06-06T19:00:00Z,GYK,Greys_Creek,38.44901667,-75.13245,0.3,13.89,0.292,25.58,17.58,187.7
2018-06-06T19:15:00Z,GYK,Greys_Creek,38.44901667,-75.13245,0.3,14.8,0.311,25.55,17.68,200.0
2018-06-06T19:30:00Z,GYK,Greys_Creek,38.44901667,-75.13245,0.3,14.85,0.331,25.91,17.7,201.9
2018-06-06T19:45:00Z,GYK,Greys_Creek,38.44901667,-75.13245,0.3,14.18,0.341,25.82,17.6,192.4
2018-06-06T20:00:00Z,GYK,Greys_Creek,38.44901667,-75.13245,0.3,16.42,0.349,25.93,17.62,223.3
2018-06-06T20:15:00Z,GYK,Greys_Creek,38.44901667,-75.13245,0.3,15.31,0.349,25.91,17.64,208.1
2018-06-06T20:30:00Z,GYK,Greys_Creek,38.44901667,-75.13245,0.3,14.36,0.355,25.68,18.25,195.0
2018-06-06T20:45:00Z,GYK,Greys_Creek,38.44901667,-75.13245,0.3,13.74,0.364,25.83,18.16,187.0
2018-06-06T21:00:00Z,GYK,Greys_Creek,38.44901667,-75.13245,0.3,13.89,0.369,25.76,18.26,188.9
2018-06-06T21:15:00Z,GYK,Greys_Creek,38.44901667,-75.13245,0.3,15.5,0.364,25.95,17.98,211.3
2018-06-06T21:30:00Z,GYK,Greys_Creek,38.44901667,-75.13245,0.3,16.26,0.365,26.11,17.73,222.0
2018-06-06T21:45:00Z,GYK,Greys_Creek,38.44901667,-75.13245,0.3,16.22,0.36,26.16,17.65,221.5
2018-06-06T22:00:00Z,GYK,Greys_Creek,38.44901667,-75.13245,0.3,17.68,0.354,26.16,17.66,241.4
2018-06-06T22:15:00Z,GYK,Greys_Creek,38.44901667,-75.13245,0.3,18.97,0.333,25.89,18.35,258.9
2018-06-06T22:30:00Z,GYK,Greys_Creek,38.44901667,-75.13245,0.3,19.7,0.317,26.12,18.09,269.4
2018-06-06T22:45:00Z,GYK,Greys_Creek,38.44901667,-75.13245,0.3,19.77,0.307,26.02,17.57,269.2
2018-06-06T23:00:00Z,GYK,Greys_Creek,38.44901667,-75.13245,0.3,20.2,0.288,25.95,17.34,274.3
2018-06-06T23:15:00Z,GYK,Greys_Creek,38.44901667,-75.13245,0.3,14.86,0.277,25.42,16.47,198.9
2018-06-06T23:30:00Z,GYK,Greys_Creek,38.44901667,-75.13245,0.3,16.11,0.271,25.26,16.97,215.7
2018-06-06T23:45:00Z,GYK,Greys_Creek,38.44901667,-75.13245,0.3,17.53,0.268,25.52,17.03,235.8
2018-06-07T00:00:00Z,GYK,Greys_Creek,38.44901667,-75.13245,0.3,16.63,0.261,25.72,16.86,224.3
2018-06-07T00:15:00Z,GYK,Greys_Creek,38.44901667,-75.13245,0.3,19.99,0.248,25.36,16.0,266.6
2018-06-07T00:30:00Z,GYK,Greys_Creek,38.44901667,-75.13245,0.3,18.14,0.232,25.59,15.42,242.2
2018-06-07T00:45:00Z,GYK,Greys_Creek,38.44901667,-75.13245,0.3,12.68,0.22,23.36,8.83,156.5
2018-06-07T01:00:00Z,GYK,Greys_Creek,38.44901667,-75.13245,0.3,9.19,0.211,22.3,5.55,109.1
2018-06-07T01:15:00Z,GYK,Greys_Creek,38.44901667,-75.13245,0.3,14.28,0.211,25.04,10.79,183.9
2018-06-07T01:30:00Z,GYK,Greys_Creek,38.44901667,-75.13245,0.3,15.55,0.198,25.02,14.09,203.9
2018-06-07T01:45:00Z,GYK,Greys_Creek,38.44901667,-75.13245,0.3,14.17,0.186,24.6,9.62,179.8
2018-06-07T02:00:00Z,GYK,Greys_Creek,38.44901667,-75.13245,0.3,10.99,0.179,22.6,5.21,131.0
2018-06-07T02:15:00Z,GYK,Greys_Creek,38.44901667,-75.13245,0.3,12.12,0.174,25.35,15.73,161.4
2018-06-07T02:30:00Z,GYK,Greys_Creek,38.44901667,-75.13245,0.3,11.95,0.171,25.38,16.69,160.1
2018-06-07T02:45:00Z,GYK,Greys_Creek,38.44901667,-75.13245,0.3,12.89,0.172,25.36,15.91,171.8
2018-06-07T03:00:00Z,GYK,Greys_Creek,38.44901667,-75.13245,0.3,13.69,0.171,24.93,14.67,179.8
2018-06-07T03:15:00Z,GYK,Greys_Creek,38.44901667,-75.13245,0.3,13.62,0.173,24.74,14.2,177.8
2018-06-07T03:30:00Z,GYK,Greys_Creek,38.44901667,-75.13245,0.3,14.64,0.189,23.52,9.91,182.4
2018-06-07T03:45:00Z,GYK,Greys_Creek,38.44901667,-75.13245,0.3,12.33,0.2,23.3,8.52,151.8
2018-06-07T04:00:00Z,GYK,Greys_Creek,38.44901667,-75.13245,0.3,12.63,0.208,23.88,10.03,158.6
2018-06-07T04:15:00Z,GYK,Greys_Creek,38.44901667,-75.13245,0.3,12.06,0.227,23.96,10.72,152.2
2018-06-07T04:30:00Z,GYK,Greys_Creek,38.44901667,-75.13245,0.3,10.66,0.256,22.97,9.71,131.4
2018-06-07T04:45:00Z,GYK,Greys_Creek,38.44901667,-75.13245,0.3,10.3,0.273,23.13,11.65,128.7
2018-06-07T05:00:00Z,GYK,Greys_Creek,38.44901667,-75.13245,0.3,9.72,0.275,23.58,13.07,123.4
2018-06-07T05:15:00Z,GYK,Greys_Creek,38.44901667,-75.13245,0.3,9.72,0.276,23.75,13.75,124.4
2018-06-07T05:30:00Z,GYK,Greys_Creek,38.44901667,-75.13245,0.3,8.76,0.295,24.46,16.06,115.0
2018-06-07T05:45:00Z,GYK,Greys_Creek,38.44901667,-75.13245,0.3,9.82,0.312,23.78,16.13,127.5
2018-06-07T06:00:00Z,GYK,Greys_Creek,38.44901667,-75.13245,0.3,9.38,0.325,23.7,16.26,121.5
2018-06-07T06:15:00Z,GYK,Greys_Creek,38.44901667,-75.13245,0.3,9.55,0.343,23.36,16.14,123.0
2018-06-07T06:30:00Z,GYK,Greys_Creek,38.44901667,-75.13245,0.3,9.56,0.359,23.16,15.31,122.0
2018-06-07T06:45:00Z,GYK,Greys_Creek,38.44901667,-75.13245,0.3,8.51,0.368,23.38,15.5,109.3
2018-06-07T07:00:00Z,GYK,Greys_Creek,38.44901667,-75.13245,0.3,6.8,0.375,23.92,16.41,88.6
2018-06-07T07:15:00Z,GYK,Greys_Creek,38.44901667,-75.13245,0.3,7.64,0.385,23.97,17.34,100.2
2018-06-07T07:30:00Z,GYK,Greys_Creek,38.44901667,-75.13245,0.3,6.58,0.403,24.2,18.1,87.0
2018-06-07T07:45:00Z,GYK,Greys_Creek,38.44901667,-75.13245,0.3,6.76,0.415,23.76,17.69,88.4
2018-06-07T08:00:00Z,GYK,Greys_Creek,38.44901667,-75.13245,0.3,6.5,0.427,23.9,17.66,85.2
2018-06-07T08:15:00Z,GYK,Greys_Creek,38.44901667,-75.13245,0.3,5.16,0.434,24.36,18.39,68.5
2018-06-07T08:30:00Z,GYK,Greys_Creek,38.44901667,-75.13245,0.3,4.87,0.436,24.44,18.72,64.9
2018-06-07T08:45:00Z,GYK,Greys_Creek,38.44901667,-75.13245,0.3,4.35,0.443,24.54,19.02,58.2
2018-06-07T09:00:00Z,GYK,Greys_Creek,38.44901667,-75.13245,0.3,4.51,0.453,24.53,19.47,60.5
2018-06-07T09:15:00Z,GYK,Greys_Creek,38.44901667,-75.13245,0.3,4.7,0.455,24.36,19.37,62.8
2018-06-07T09:30:00Z,GYK,Greys_Creek,38.44901667,-75.13245,0.3,5.03,0.452,24.31,19.38,67.1
2018-06-07T09:45:00Z,GYK,Greys_Creek,38.44901667,-75.13245,0.3,4.88,0.448,24.27,19.39,65.1
2018-06-07T10:00:00Z,GYK,Greys_Creek,38.44901667,-75.13245,0.3,5.22,0.441,24.32,19.65,69.8
2018-06-07T10:15:00Z,GYK,Greys_Creek,38.44901667,-75.13245,0.3,7.83,0.421,24.07,18.06,103.2
2018-06-07T10:30:00Z,GYK,Greys_Creek,38.44901667,-75.13245,0.3,7.3,0.399,24.25,18.0,96.5
2018-06-07T10:45:00Z,GYK,Greys_Creek,38.44901667,-75.13245,0.3,6.45,0.388,24.36,18.81,85.9
2018-06-07T11:00:00Z,GYK,Greys_Creek,38.44901667,-75.13245,0.3,6.44,0.37,24.2,18.26,85.3
2018-06-07T11:15:00Z,GYK,Greys_Creek,38.44901667,-75.13245,0.3,4.56,0.356,24.26,18.23,60.4
2018-06-07T11:30:00Z,GYK,Greys_Creek,38.44901667,-75.13245,0.3,5.29,0.346,24.01,18.05,69.7
2018-06-07T11:45:00Z,GYK,Greys_Creek,38.44901667,-75.13245,0.3,4.97,0.339,24.02,18.27,65.5
2018-06-07T12:00:00Z,GYK,Greys_Creek,38.44901667,-75.13245,0.3,4.83,0.328,24.08,18.72,64.0
2018-06-07T12:15:00Z,GYK,Greys_Creek,38.44901667,-75.13245,0.3,5.31,0.311,24.3,18.76,70.6
2018-06-07T12:30:00Z,GYK,Greys_Creek,38.44901667,-75.13245,0.3,6.72,0.299,24.42,18.57,89.4
2018-06-07T12:45:00Z,GYK,Greys_Creek,38.44901667,-75.13245,0.3,5.39,0.291,24.29,18.64,71.6
2018-06-07T13:00:00Z,GYK,Greys_Creek,38.44901667,-75.13245,0.3,8.35,0.275,24.43,12.92,107.6
2018-06-07T13:15:00Z,GYK,Greys_Creek,38.44901667,-75.13245,0.3,8.52,0.266,24.5,16.66,112.3
2018-06-07T13:30:00Z,GYK,Greys_Creek,38.44901667,-75.13245,0.3,8.13,0.253,23.88,15.15,105.1
2018-06-07T13:45:00Z,GYK,Greys_Creek,38.44901667,-75.13245,0.3,9.32,0.244,22.78,6.0,111.9
2018-06-07T14:00:00Z,GYK,Greys_Creek,38.44901667,-75.13245,0.3,8.11,0.234,20.36,4.43,92.2
2018-06-07T14:15:00Z,GYK,Greys_Creek,38.44901667,-75.13245,0.3,11.27,0.224,22.09,6.58,134.1
2018-06-07T14:30:00Z,GYK,Greys_Creek,38.44901667,-75.13245,0.3,13.23,0.22,23.4,13.79,168.2
2018-06-07T14:45:00Z,GYK,Greys_Creek,38.44901667,-75.13245,0.3,10.91,0.215,22.34,6.64,130.5
2018-06-07T15:00:00Z,GYK,Greys_Creek,38.44901667,-75.13245,0.3,15.45,0.203,23.15,3.7,184.5
2018-06-07T15:15:00Z,GYK,Greys_Creek,38.44901667,-75.13245,0.3,10.08,0.194,21.91,3.51,117.5
2018-06-07T15:30:00Z,GYK,Greys_Creek,38.44901667,-75.13245,0.3,7.16,0.18,22.03,3.54,83.6
2018-06-07T15:45:00Z,GYK,Greys_Creek,38.44901667,-75.13245,0.3,6.95,0.179,22.18,2.6,80.9
2018-06-07T16:00:00Z,GYK,Greys_Creek,38.44901667,-75.13245,0.3,7.28,0.181,22.42,2.41,85.1
2018-06-07T16:15:00Z,GYK,Greys_Creek,38.44901667,-75.13245,0.3,7.86,0.183,23.06,2.7,93.1
2018-06-07T16:30:00Z,GYK,Greys_Creek,38.44901667,-75.13245,0.3,7.75,0.184,23.64,3.43,93.2
2018-06-07T16:45:00Z,GYK,Greys_Creek,38.44901667,-75.13245,0.3,7.58,0.181,23.82,3.12,91.3
2018-06-07T17:00:00Z,GYK,Greys_Creek,38.44901667,-75.13245,0.3,8.21,0.184,24.0,3.06,99.2
2018-06-07T17:15:00Z,GYK,Greys_Creek,38.44901667,-75.13245,0.3,9.57,0.204,24.94,4.25,118.5
2018-06-07T17:30:00Z,GYK,Greys_Creek,38.44901667,-75.13245,0.3,14.11,0.229,25.48,5.03,177.2
2018-06-07T17:45:00Z,GYK,Greys_Creek,38.44901667,-75.13245,0.3,14.84,0.244,25.68,5.23,187.2
2018-06-07T18:00:00Z,GYK,Greys_Creek,38.44901667,-75.13245,0.3,15.75,0.259,26.15,5.71,200.9
2018-06-07T18:15:00Z,GYK,Greys_Creek,38.44901667,-75.13245,0.3,15.73,0.269,26.36,6.03,201.9
2018-06-07T18:30:00Z,GYK,Greys_Creek,38.44901667,-75.13245,0.3,16.22,0.283,26.41,6.49,208.8
2018-06-07T18:45:00Z,GYK,Greys_Creek,38.44901667,-75.13245,0.3,16.27,0.291,26.75,6.13,210.4
2018-06-07T19:00:00Z,GYK,Greys_Creek,38.44901667,-75.13245,0.3,16.21,0.3,27.23,5.85,211.0
2018-06-07T19:15:00Z,GYK,Greys_Creek,38.44901667,-75.13245,0.3,16.31,0.308,27.26,6.12,212.8
2018-06-07T19:30:00Z,GYK,Greys_Creek,38.44901667,-75.13245,0.3,16.75,0.325,27.37,6.19,219.1
2018-06-07T19:45:00Z,GYK,Greys_Creek,38.44901667,-75.13245,0.3,17.37,0.338,27.4,6.31,227.5
2018-06-07T20:00:00Z,GYK,Greys_Creek,38.44901667,-75.13245,0.3,16.9,0.347,27.29,6.33,220.8
2018-06-07T20:15:00Z,GYK,Greys_Creek,38.44901667,-75.13245,0.3,15.95,0.355,27.23,7.1,209.1
2018-06-07T20:30:00Z,GYK,Greys_Creek,38.44901667,-75.13245,0.3,16.06,0.363,27.13,7.37,210.5
2018-06-07T20:45:00Z,GYK,Greys_Creek,38.44901667,-75.13245,0.3,15.42,0.37,27.07,8.63,203.4
2018-06-07T21:00:00Z,GYK,Greys_Creek,38.44901667,-75.13245,0.3,14.6,0.377,26.89,10.66,194.1
2018-06-07T21:15:00Z,GYK,Greys_Creek,38.44901667,-75.13245,0.3,14.01,0.382,26.83,11.33,186.7
2018-06-07T21:30:00Z,GYK,Greys_Creek,38.44901667,-75.13245,0.3,14.26,0.387,26.81,12.53,191.3
2018-06-07T21:45:00Z,GYK,Greys_Creek,38.44901667,-75.13245,0.3,16.32,0.39,26.98,12.23,219.2
2018-06-07T22:00:00Z,GYK,Greys_Creek,38.44901667,-75.13245,0.3,15.68,0.382,26.72,13.28,210.9
2018-06-07T22:15:00Z,GYK,Greys_Creek,38.44901667,-75.13245,0.3,18.09,0.376,26.76,12.58,242.6
2018-06-07T22:30:00Z,GYK,Greys_Creek,38.44901667,-75.13245,0.3,19.07,0.367,26.65,13.34,256.4
2018-06-07T22:45:00Z,GYK,Greys_Creek,38.44901667,-75.13245,0.3,18.69,0.353,26.6,12.45,249.7
2018-06-07T23:00:00Z,GYK,Greys_Creek,38.44901667,-75.13245,0.3,17.74,0.334,26.32,12.76,236.2
2018-06-07T23:15:00Z,GYK,Greys_Creek,38.44901667,-75.13245,0.3,18.37,0.321,26.12,10.4,240.6
2018-06-07T23:30:00Z,GYK,Greys_Creek,38.44901667,-75.13245,0.3,16.45,0.309,26.14,9.16,214.0
2018-06-07T23:45:00Z,GYK,Greys_Creek,38.44901667,-75.13245,0.3,15.35,0.299,25.31,7.25,194.6
2018-06-08T00:00:00Z,GYK,Greys_Creek,38.44901667,-75.13245,0.3,13.09,0.289,24.82,9.26,166.4
2018-06-08T00:15:00Z,GYK,Greys_Creek,38.44901667,-75.13245,0.3,16.63,0.277,25.38,7.46,211.4
2018-06-08T00:30:00Z,GYK,Greys_Creek,38.44901667,-75.13245,0.3,17.79,0.265,25.52,8.99,228.7
2018-06-08T00:45:00Z,GYK,Greys_Creek,38.44901667,-75.13245,0.3,11.55,0.253,23.88,6.69,142.2
2018-06-08T01:00:00Z,GYK,Greys_Creek,38.44901667,-75.13245,0.3,15.52,0.24,25.39,7.12,196.9
2018-06-08T01:15:00Z,GYK,Greys_Creek,38.44901667,-75.13245,0.3,15.45,0.228,24.17,6.72,191.3
2018-06-08T01:30:00Z,GYK,Greys_Creek,38.44901667,-75.13245,0.3,8.88,0.223,22.59,4.69,105.5
2018-06-08T01:45:00Z,GYK,Greys_Creek,38.44901667,-75.13245,0.3,12.64,0.213,24.7,8.89,160.1
2018-06-08T02:00:00Z,GYK,Greys_Creek,38.44901667,-75.13245,0.3,11.04,0.203,23.28,4.65,132.9
2018-06-08T02:15:00Z,GYK,Greys_Creek,38.44901667,-75.13245,0.3,14.12,0.19,25.24,9.64,181.2
2018-06-08T02:30:00Z,GYK,Greys_Creek,38.44901667,-75.13245,0.3,9.11,0.182,23.06,4.59,109.2
2018-06-08T02:45:00Z,GYK,Greys_Creek,38.44901667,-75.13245,0.3,8.14,0.171,23.47,6.38,99.3
2018-06-08T03:00:00Z,GYK,Greys_Creek,38.44901667,-75.13245,0.3,8.21,0.159,23.93,8.26,102.2
2018-06-08T03:15:00Z,GYK,Greys_Creek,38.44901667,-75.13245,0.3,8.01,0.153,22.97,4.97,96.1
2018-06-08T03:30:00Z,GYK,Greys_Creek,38.44901667,-75.13245,0.3,9.56,0.156,23.38,5.21,115.7
2018-06-08T03:45:00Z,GYK,Greys_Creek,38.44901667,-75.13245,0.3,10.23,0.147,24.29,6.67,126.9
2018-06-08T04:00:00Z,GYK,Greys_Creek,38.44901667,-75.13245,0.3,10.67,0.14,24.77,8.39,134.9
2018-06-08T04:15:00Z,GYK,Greys_Creek,38.44901667,-75.13245,0.3,8.85,0.139,23.0,5.12,106.2
2018-06-08T04:30:00Z,GYK,Greys_Creek,38.44901667,-75.13245,0.3,11.15,0.146,24.58,7.67,139.9
2018-06-08T04:45:00Z,GYK,Greys_Creek,38.44901667,-75.13245,0.3,10.57,0.154,23.87,5.44,129.2
2018-06-08T05:00:00Z,GYK,Greys_Creek,38.44901667,-75.13245,0.3,11.27,0.164,24.91,14.0,147.5
2018-06-08T05:15:00Z,GYK,Greys_Creek,38.44901667,-75.13245,0.3,9.09,0.175,24.96,14.16,119.1
2018-06-08T05:30:00Z,GYK,Greys_Creek,38.44901667,-75.13245,0.3,9.93,0.193,25.71,16.57,133.6
2018-06-08T05:45:00Z,GYK,Greys_Creek,38.44901667,-75.13245,0.3,8.47,0.218,26.06,17.22,115.2
2018-06-08T06:00:00Z,GYK,Greys_Creek,38.44901667,-75.13245,0.3,7.21,0.237,26.17,17.87,98.6
2018-06-08T06:15:00Z,GYK,Greys_Creek,38.44901667,-75.13245,0.3,9.2,0.242,25.94,17.35,124.9
2018-06-08T06:30:00Z,GYK,Greys_Creek,38.44901667,-75.13245,0.3,8.6,0.251,26.03,17.61,117.1
2018-06-08T06:45:00Z,GYK,Greys_Creek,38.44901667,-75.13245,0.3,6.37,0.266,26.05,17.91,87.0
2018-06-08T07:00:00Z,GYK,Greys_Creek,38.44901667,-75.13245,0.3,7.35,0.278,26.08,18.15,100.5
2018-06-08T07:15:00Z,GYK,Greys_Creek,38.44901667,-75.13245,0.3,6.94,0.293,26.01,18.28,94.8
2018-06-08T07:30:00Z,GYK,Greys_Creek,38.44901667,-75.13245,0.3,6.44,0.306,26.02,18.51,88.1
2018-06-08T07:45:00Z,GYK,Greys_Creek,38.44901667,-75.13245,0.3,6.64,0.316,25.78,18.0,90.2
2018-06-08T08:00:00Z,GYK,Greys_Creek,38.44901667,-75.13245,0.3,6.7,0.326,25.87,17.78,91.0
2018-06-08T08:15:00Z,GYK,Greys_Creek,38.44901667,-75.13245,0.3,5.88,0.337,25.84,17.95,80.0
2018-06-08T08:30:00Z,GYK,Greys_Creek,38.44901667,-75.13245,0.3,6.35,0.349,25.86,18.08,86.4
2018-06-08T08:45:00Z,GYK,Greys_Creek,38.44901667,-75.13245,0.3,6.89,0.362,25.87,18.65,94.2
2018-06-08T09:00:00Z,GYK,Greys_Creek,38.44901667,-75.13245,0.3,7.15,0.369,25.89,18.62,97.7
2018-06-08T09:15:00Z,GYK,Greys_Creek,38.44901667,-75.13245,0.3,7.91,0.374,25.83,18.6,108.0
2018-06-08T09:30:00Z,GYK,Greys_Creek,38.44901667,-75.13245,0.3,7.35,0.377,25.81,18.68,100.4
2018-06-08T09:45:00Z,GYK,Greys_Creek,38.44901667,-75.13245,0.3,5.68,0.38,25.74,18.69,77.4
2018-06-08T10:00:00Z,GYK,Greys_Creek,38.44901667,-75.13245,0.3,6.5,0.383,25.7,18.8,88.6
2018-06-08T10:15:00Z,GYK,Greys_Creek,38.44901667,-75.13245,0.3,6.64,0.381,25.66,18.6,90.4
2018-06-08T10:30:00Z,GYK,Greys_Creek,38.44901667,-75.13245,0.3,6.06,0.374,25.59,17.58,81.9
2018-06-08T10:45:00Z,GYK,Greys_Creek,38.44901667,-75.13245,0.3,6.25,0.365,25.59,17.92,84.7
2018-06-08T11:00:00Z,GYK,Greys_Creek,38.44901667,-75.13245,0.3,6.44,0.347,25.59,17.35,87.0
2018-06-08T11:15:00Z,GYK,Greys_Creek,38.44901667,-75.13245,0.3,6.05,0.329,25.63,17.34,81.7
2018-06-08T11:30:00Z,GYK,Greys_Creek,38.44901667,-75.13245,0.3,5.81,0.313,25.61,17.44,78.5
2018-06-08T11:45:00Z,GYK,Greys_Creek,38.44901667,-75.13245,0.3,5.81,0.3,25.56,17.51,78.4
2018-06-08T12:00:00Z,GYK,Greys_Creek,38.44901667,-75.13245,0.3,4.71,0.29,25.42,17.25,63.3
2018-06-08T12:15:00Z,GYK,Greys_Creek,38.44901667,-75.13245,0.3,5.24,0.278,25.46,16.81,70.4
2018-06-08T12:30:00Z,GYK,Greys_Creek,38.44901667,-75.13245,0.3,6.92,0.266,25.37,16.31,92.5
2018-06-08T12:45:00Z,GYK,Greys_Creek,38.44901667,-75.13245,0.3,7.23,0.254,25.03,12.42,93.9
2018-06-08T13:00:00Z,GYK,Greys_Creek,38.44901667,-75.13245,0.3,7.42,0.239,25.32,14.52,98.1
2018-06-08T13:15:00Z,GYK,Greys_Creek,38.44901667,-75.13245,0.3,8.39,0.222,25.26,12.21,109.3
2018-06-08T13:30:00Z,GYK,Greys_Creek,38.44901667,-75.13245,0.3,5.66,0.211,22.06,6.67,67.3
2018-06-08T13:45:00Z,GYK,Greys_Creek,38.44901667,-75.13245,0.3,6.95,0.203,25.14,15.65,92.1
2018-06-08T14:00:00Z,GYK,Greys_Creek,38.44901667,-75.13245,0.3,7.53,0.195,24.39,5.26,92.8
2018-06-08T14:15:00Z,GYK,Greys_Creek,38.44901667,-75.13245,0.3,9.51,0.181,25.43,14.0,125.6
2018-06-08T14:30:00Z,GYK,Greys_Creek,38.44901667,-75.13245,0.3,6.08,0.172,22.32,5.66,72.3
2018-06-08T14:45:00Z,GYK,Greys_Creek,38.44901667,-75.13245,0.3,13.95,0.164,25.11,6.94,175.9
2018-06-08T15:00:00Z,GYK,Greys_Creek,38.44901667,-75.13245,0.3,12.93,0.159,23.07,5.94,156.2
2018-06-08T15:15:00Z,GYK,Greys_Creek,38.44901667,-75.13245,0.3,14.29,0.152,23.95,5.31,174.8
2018-06-08T15:30:00Z,GYK,Greys_Creek,38.44901667,-75.13245,0.3,18.7,0.14,24.22,5.24,229.9
2018-06-08T15:45:00Z,GYK,Greys_Creek,38.44901667,-75.13245,0.3,7.64,0.137,23.38,2.97,91.2
2018-06-08T16:00:00Z,GYK,Greys_Creek,38.44901667,-75.13245,0.3,9.87,0.127,24.7,3.96,121.4
2018-06-08T16:15:00Z,GYK,Greys_Creek,38.44901667,-75.13245,0.3,8.32,0.121,23.92,2.9,100.4
2018-06-08T16:30:00Z,GYK,Greys_Creek,38.44901667,-75.13245,0.3,9.78,0.117,24.99,4.1,121.1
2018-06-08T16:45:00Z,GYK,Greys_Creek,38.44901667,-75.13245,0.3,9.22,0.104,24.04,3.67,111.9
2018-06-08T17:00:00Z,GYK,Greys_Creek,38.44901667,-75.13245,0.3,9.1,0.107,24.64,3.64,111.7
2018-06-08T17:15:00Z,GYK,Greys_Creek,38.44901667,-75.13245,0.3,12.23,0.108,25.86,4.36,154.1
2018-06-08T17:30:00Z,GYK,Greys_Creek,38.44901667,-75.13245,0.3,12.23,0.109,26.2,4.59,155.3
2018-06-08T17:45:00Z,GYK,Greys_Creek,38.44901667,-75.13245,0.3,11.76,0.106,26.16,4.01,148.6
2018-06-08T18:00:00Z,GYK,Greys_Creek,38.44901667,-75.13245,0.3,11.86,0.122,26.22,4.14,150.2
2018-06-08T18:15:00Z,GYK,Greys_Creek,38.44901667,-75.13245,0.3,16.55,0.147,26.36,5.37,211.6
2018-06-08T18:30:00Z,GYK,Greys_Creek,38.44901667,-75.13245,0.3,16.92,0.165,27.76,7.62,224.5
2018-06-08T18:45:00Z,GYK,Greys_Creek,38.44901667,-75.13245,0.3,18.44,0.176,28.16,8.39,247.5
2018-06-08T19:00:00Z,GYK,Greys_Creek,38.44901667,-75.13245,0.3,20.12,0.188,28.34,8.81,271.5
2018-06-08T19:15:00Z,GYK,Greys_Creek,38.44901667,-75.13245,0.3,20.35,0.192,28.21,6.2,270.1
2018-06-08T19:30:00Z,GYK,Greys_Creek,38.44901667,-75.13245,0.3,20.51,0.211,28.8,10.14,281.0
2018-06-08T19:45:00Z,GYK,Greys_Creek,38.44901667,-75.13245,0.3,18.4,0.235,28.86,11.76,254.7
2018-06-08T20:00:00Z,GYK,Greys_Creek,38.44901667,-75.13245,0.3,18.73,0.252,29.17,10.95,259.5
2018-06-08T20:15:00Z,GYK,Greys_Creek,38.44901667,-75.13245,0.3,20.41,0.252,29.02,8.32,277.9
2018-06-08T20:30:00Z,GYK,Greys_Creek,38.44901667,-75.13245,0.3,18.95,0.254,29.13,11.28,262.8
2018-06-08T20:45:00Z,GYK,Greys_Creek,38.44901667,-75.13245,0.3,18.61,0.274,29.18,11.62,258.8
2018-06-08T21:00:00Z,GYK,Greys_Creek,38.44901667,-75.13245,0.3,15.33,0.298,29.16,12.08,213.6
2018-06-08T21:15:00Z,GYK,Greys_Creek,38.44901667,-75.13245,0.3,17.14,0.3,28.98,12.74,239.0
2018-06-08T21:30:00Z,GYK,Greys_Creek,38.44901667,-75.13245,0.3,16.16,0.293,28.79,12.32,224.1
2018-06-08T21:45:00Z,GYK,Greys_Creek,38.44901667,-75.13245,0.3,13.79,0.303,28.81,14.37,193.5
2018-06-08T22:00:00Z,GYK,Greys_Creek,38.44901667,-75.13245,0.3,13.82,0.316,28.64,15.73,194.8
2018-06-08T22:15:00Z,GYK,Greys_Creek,38.44901667,-75.13245,0.3,13.56,0.323,28.45,15.66,190.5
2018-06-08T22:30:00Z,GYK,Greys_Creek,38.44901667,-75.13245,0.3,18.21,0.314,28.42,14.2,253.6
2018-06-08T22:45:00Z,GYK,Greys_Creek,38.44901667,-75.13245,0.3,12.95,0.316,28.32,15.94,181.7
2018-06-08T23:00:00Z,GYK,Greys_Creek,38.44901667,-75.13245,0.3,12.32,0.321,28.26,16.57,173.4
2018-06-08T23:15:00Z,GYK,Greys_Creek,38.44901667,-75.13245,0.3,11.09,0.321,28.13,16.94,156.0
2018-06-08T23:30:00Z,GYK,Greys_Creek,38.44901667,-75.13245,0.3,19.05,0.303,28.0,14.31,263.5
2018-06-08T23:45:00Z,GYK,Greys_Creek,38.44901667,-75.13245,0.3,18.51,0.285,28.0,14.44,256.2
2018-06-09T00:00:00Z,GYK,Greys_Creek,38.44901667,-75.13245,0.3,18.49,0.273,27.97,14.65,256.2
2018-06-09T00:15:00Z,GYK,Greys_Creek,38.44901667,-75.13245,0.3,16.57,0.259,27.88,15.32,230.0
2018-06-09T00:30:00Z,GYK,Greys_Creek,38.44901667,-75.13245,0.3,14.86,0.241,26.82,11.57,198.4
2018-06-09T00:45:00Z,GYK,Greys_Creek,38.44901667,-75.13245,0.3,11.76,0.229,25.74,10.52,153.1
2018-06-09T01:00:00Z,GYK,Greys_Creek,38.44901667,-75.13245,0.3,14.34,0.221,26.64,12.09,191.3
2018-06-09T01:15:00Z,GYK,Greys_Creek,38.44901667,-75.13245,0.3,13.95,0.207,26.75,12.39,186.9
2018-06-09T01:30:00Z,GYK,Greys_Creek,38.44901667,-75.13245,0.3,12.28,0.195,25.85,10.43,160.0
2018-06-09T01:45:00Z,GYK,Greys_Creek,38.44901667,-75.13245,0.3,8.87,0.185,24.03,5.26,108.6
2018-06-09T02:00:00Z,GYK,Greys_Creek,38.44901667,-75.13245,0.3,15.43,0.172,25.55,9.03,198.5
2018-06-09T02:15:00Z,GYK,Greys_Creek,38.44901667,-75.13245,0.3,10.03,0.162,24.79,5.48,124.7
2018-06-09T02:30:00Z,GYK,Greys_Creek,38.44901667,-75.13245,0.3,10.7,0.148,24.5,7.29,133.7
2018-06-09T02:45:00Z,GYK,Greys_Creek,38.44901667,-75.13245,0.3,15.94,0.134,25.23,7.48,202.1
2018-06-09T03:00:00Z,GYK,Greys_Creek,38.44901667,-75.13245,0.3,8.84,0.119,24.14,5.5,108.7
2018-06-09T03:15:00Z,GYK,Greys_Creek,38.44901667,-75.13245,0.3,7.9,0.106,23.29,4.18,94.8
2018-06-09T03:30:00Z,GYK,Greys_Creek,38.44901667,-75.13245,0.3,8.03,0.095,23.31,4.34,96.6
2018-06-09T03:45:00Z,GYK,Greys_Creek,38.44901667,-75.13245,0.3,7.71,0.083,23.09,3.81,92.1
2018-06-09T04:00:00Z,GYK,Greys_Creek,38.44901667,-75.13245,0.3,7.78,0.074,22.98,3.6,92.6
2018-06-09T04:15:00Z,GYK,Greys_Creek,38.44901667,-75.13245,0.3,8.31,0.066,22.87,3.37,98.5
2018-06-09T04:30:00Z,GYK,Greys_Creek,38.44901667,-75.13245,0.3,7.38,0.062,22.88,3.52,87.6
2018-06-09T04:45:00Z,GYK,Greys_Creek,38.44901667,-75.13245,0.3,7.46,0.06,22.75,3.45,88.3
2018-06-09T05:00:00Z,GYK,Greys_Creek,38.44901667,-75.13245,0.3,7.18,0.06,22.59,3.14,84.6
2018-06-09T05:15:00Z,GYK,Greys_Creek,38.44901667,-75.13245,0.3,7.66,0.059,22.63,3.87,90.7
2018-06-09T05:30:00Z,GYK,Greys_Creek,38.44901667,-75.13245,0.3,8.51,0.058,22.68,3.48,100.6
2018-06-09T05:45:00Z,GYK,Greys_Creek,38.44901667,-75.13245,0.3,7.9,0.057,22.28,2.82,92.3
2018-06-09T06:00:00Z,GYK,Greys_Creek,38.44901667,-75.13245,0.3,6.94,0.056,22.39,3.16,81.5
2018-06-09T06:15:00Z,GYK,Greys_Creek,38.44901667,-75.13245,0.3,8.25,0.054,22.18,2.63,96.1
2018-06-09T06:30:00Z,GYK,Greys_Creek,38.44901667,-75.13245,0.3,8.57,0.06,23.29,3.0,102.2
2018-06-09T06:45:00Z,GYK,Greys_Creek,38.44901667,-75.13245,0.3,7.14,0.084,24.28,12.07,91.4
2018-06-09T07:00:00Z,GYK,Greys_Creek,38.44901667,-75.13245,0.3,6.31,0.1,25.02,12.35,82.0
2018-06-09T07:15:00Z,GYK,Greys_Creek,38.44901667,-75.13245,0.3,5.85,0.119,25.15,15.61,77.6
2018-06-09T07:30:00Z,GYK,Greys_Creek,38.44901667,-75.13245,0.3,5.81,0.133,25.59,16.33,78.0
2018-06-09T07:45:00Z,GYK,Greys_Creek,38.44901667,-75.13245,0.3,6.5,0.137,25.63,16.2,87.2
2018-06-09T08:00:00Z,GYK,Greys_Creek,38.44901667,-75.13245,0.3,5.68,0.152,26.03,16.88,77.0
2018-06-09T08:15:00Z,GYK,Greys_Creek,38.44901667,-75.13245,0.3,5.38,0.176,26.23,17.32,73.3
2018-06-09T08:30:00Z,GYK,Greys_Creek,38.44901667,-75.13245,0.3,4.4,0.19,26.53,17.66,60.4
2018-06-09T08:45:00Z,GYK,Greys_Creek,38.44901667,-75.13245,0.3,4.81,0.197,26.55,17.83,66.2
2018-06-09T09:00:00Z,GYK,Greys_Creek,38.44901667,-75.13245,0.3,4.12,0.207,26.11,17.13,56.1
2018-06-09T09:15:00Z,GYK,Greys_Creek,38.44901667,-75.13245,0.3,4.4,0.221,26.27,17.53,60.2
2018-06-09T09:30:00Z,GYK,Greys_Creek,38.44901667,-75.13245,0.3,4.35,0.238,26.53,17.56,59.8
2018-06-09T09:45:00Z,GYK,Greys_Creek,38.44901667,-75.13245,0.3,4.62,0.245,26.08,16.99,62.7
2018-06-09T10:00:00Z,GYK,Greys_Creek,38.44901667,-75.13245,0.3,3.64,0.251,26.0,16.6,49.3
2018-06-09T10:15:00Z,GYK,Greys_Creek,38.44901667,-75.13245,0.3,4.62,0.26,26.18,17.05,62.9
2018-06-09T10:30:00Z,GYK,Greys_Creek,38.44901667,-75.13245,0.3,5.12,0.266,26.19,17.15,69.7
2018-06-09T10:45:00Z,GYK,Greys_Creek,38.44901667,-75.13245,0.3,4.98,0.27,26.02,17.02,67.5
2018-06-09T11:00:00Z,GYK,Greys_Creek,38.44901667,-75.13245,0.3,5.93,0.266,26.0,16.68,80.2
2018-06-09T11:15:00Z,GYK,Greys_Creek,38.44901667,-75.13245,0.3,6.09,0.254,26.16,16.24,82.5
2018-06-09T11:30:00Z,GYK,Greys_Creek,38.44901667,-75.13245,0.3,6.47,0.24,26.27,16.21,87.8
2018-06-09T11:45:00Z,GYK,Greys_Creek,38.44901667,-75.13245,0.3,6.44,0.224,26.35,16.39,87.6
2018-06-09T12:00:00Z,GYK,Greys_Creek,38.44901667,-75.13245,0.3,6.83,0.207,26.3,16.29,92.8
2018-06-09T12:15:00Z,GYK,Greys_Creek,38.44901667,-75.13245,0.3,5.7,0.187,26.08,16.03,77.0
2018-06-09T12:30:00Z,GYK,Greys_Creek,38.44901667,-75.13245,0.3,5.44,0.171,26.09,15.63,73.3
2018-06-09T12:45:00Z,GYK,Greys_Creek,38.44901667,-75.13245,0.3,5.63,0.161,26.14,15.78,76.1
2018-06-09T13:00:00Z,GYK,Greys_Creek,38.44901667,-75.13245,0.3,5.5,0.153,25.74,14.99,73.4
2018-06-09T13:15:00Z,GYK,Greys_Creek,38.44901667,-75.13245,0.3,7.29,0.14,25.15,9.75,93.5
2018-06-09T13:30:00Z,GYK,Greys_Creek,38.44901667,-75.13245,0.3,5.74,0.125,24.37,6.83,71.4
2018-06-09T13:45:00Z,GYK,Greys_Creek,38.44901667,-75.13245,0.3,6.45,0.113,23.64,4.91,78.3
2018-06-09T14:00:00Z,GYK,Greys_Creek,38.44901667,-75.13245,0.3,6.79,0.098,23.01,5.02,81.5
2018-06-09T14:15:00Z,GYK,Greys_Creek,38.44901667,-75.13245,0.3,6.38,0.084,22.73,4.15,75.7
2018-06-09T14:30:00Z,GYK,Greys_Creek,38.44901667,-75.13245,0.3,7.08,0.079,23.31,5.31,85.6
2018-06-09T14:45:00Z,GYK,Greys_Creek,38.44901667,-75.13245,0.3,6.94,0.078,23.28,3.98,83.2
2018-06-09T15:00:00Z,GYK,Greys_Creek,38.44901667,-75.13245,0.3,7.46,0.077,23.72,3.57,90.0
2018-06-09T15:15:00Z,GYK,Greys_Creek,38.44901667,-75.13245,0.3,12.14,0.062,25.73,10.74,158.1
2018-06-09T15:30:00Z,GYK,Greys_Creek,38.44901667,-75.13245,0.3,8.35,0.059,23.88,3.49,101.0
2018-06-09T15:45:00Z,GYK,Greys_Creek,38.44901667,-75.13245,0.3,14.78,0.05,26.64,5.75,190.3
2018-06-09T16:00:00Z,GYK,Greys_Creek,38.44901667,-75.13245,0.3,9.85,0.043,24.44,3.61,120.4
2018-06-09T16:15:00Z,GYK,Greys_Creek,38.44901667,-75.13245,0.3,7.98,0.045,23.17,2.0,94.4
2018-06-09T16:30:00Z,GYK,Greys_Creek,38.44901667,-75.13245,0.3,8.6,0.043,23.21,2.39,102.1
2018-06-09T16:45:00Z,GYK,Greys_Creek,38.44901667,-75.13245,0.3,10.88,0.066,25.74,8.02,139.7
2018-06-09T17:00:00Z,GYK,Greys_Creek,38.44901667,-75.13245,0.3,10.82,0.107,26.32,10.41,142.2
2018-06-09T17:15:00Z,GYK,Greys_Creek,38.44901667,-75.13245,0.3,9.54,0.109,25.48,9.33,122.8
2018-06-09T17:30:00Z,GYK,Greys_Creek,38.44901667,-75.13245,0.3,8.63,0.048,25.26,9.15,110.5
2018-06-09T17:45:00Z,GYK,Greys_Creek,38.44901667,-75.13245,0.3,8.46,0.135,26.06,12.19,111.8
2018-06-09T18:00:00Z,GYK,Greys_Creek,38.44901667,-75.13245,0.3,7.58,0.152,24.77,9.96,96.7
2018-06-09T18:15:00Z,GYK,Greys_Creek,38.44901667,-75.13245,0.3,7.4,0.166,23.92,8.05,91.9
2018-06-09T18:30:00Z,GYK,Greys_Creek,38.44901667,-75.13245,0.3,6.6,0.098,22.8,6.17,79.4
2018-06-09T18:45:00Z,GYK,Greys_Creek,38.44901667,-75.13245,0.3,7.18,0.044,22.34,3.44,84.3
2018-06-09T19:00:00Z,GYK,Greys_Creek,38.44901667,-75.13245,0.3,7.01,0.088,22.15,2.13,81.4
2018-06-09T19:15:00Z,GYK,Greys_Creek,38.44901667,-75.13245,0.3,6.99,0.185,21.85,1.23,80.3
2018-06-09T19:30:00Z,GYK,Greys_Creek,38.44901667,-75.13245,0.3,6.93,0.258,21.85,1.57,79.8
2018-06-09T19:45:00Z,GYK,Greys_Creek,38.44901667,-75.13245,0.3,6.92,0.236,21.78,1.56,79.6
2018-06-09T20:00:00Z,GYK,Greys_Creek,38.44901667,-75.13245,0.3,6.99,0.222,21.76,1.65,80.3
2018-06-09T20:15:00Z,GYK,Greys_Creek,38.44901667,-75.13245,0.3,7.01,0.237,21.49,0.93,79.8
2018-06-09T20:30:00Z,GYK,Greys_Creek,38.44901667,-75.13245,0.3,7.17,0.279,21.45,1.01,81.6
2018-06-09T20:45:00Z,GYK,Greys_Creek,38.44901667,-75.13245,0.3,7.06,0.315,21.62,1.46,80.9
2018-06-09T21:00:00Z,GYK,Greys_Creek,38.44901667,-75.13245,0.3,6.91,0.338,21.41,0.91,78.5
2018-06-09T21:15:00Z,GYK,Greys_Creek,38.44901667,-75.13245,0.3,6.9,0.318,21.45,1.02,78.6
2018-06-09T21:30:00Z,GYK,Greys_Creek,38.44901667,-75.13245,0.3,6.82,0.355,21.38,0.89,77.4
2018-06-09T21:45:00Z,GYK,Greys_Creek,38.44901667,-75.13245,0.3,6.79,0.38,21.35,0.93,77.0
2018-06-09T22:00:00Z,GYK,Greys_Creek,38.44901667,-75.13245,0.3,6.72,0.372,21.31,0.95,76.2
2018-06-09T22:15:00Z,GYK,Greys_Creek,38.44901667,-75.13245,0.3,6.64,0.379,21.26,0.93,75.3
2018-06-09T22:30:00Z,GYK,Greys_Creek,38.44901667,-75.13245,0.3,6.59,0.396,21.12,0.62,74.3
2018-06-09T22:45:00Z,GYK,Greys_Creek,38.44901667,-75.13245,0.3,6.5,0.398,21.06,0.6,73.3
2018-06-09T23:00:00Z,GYK,Greys_Creek,38.44901667,-75.13245,0.3,6.43,0.403,21.04,0.57,72.4
2018-06-09T23:15:00Z,GYK,Greys_Creek,38.44901667,-75.13245,0.3,6.39,0.421,21.02,0.55,71.9
2018-06-09T23:30:00Z,GYK,Greys_Creek,38.44901667,-75.13245,0.3,6.36,0.399,21.04,0.56,71.6
2018-06-09T23:45:00Z,GYK,Greys_Creek,38.44901667,-75.13245,0.3,6.24,0.371,20.94,0.47,70.1
2018-06-10T00:00:00Z,GYK,Greys_Creek,38.44901667,-75.13245,0.3,6.17,0.356,20.92,0.53,69.3
2018-06-10T00:15:00Z,GYK,Greys_Creek,38.44901667,-75.13245,0.3,6.11,0.342,20.88,0.45,68.6
2018-06-10T00:30:00Z,GYK,Greys_Creek,38.44901667,-75.13245,0.3,6.06,0.334,20.91,0.51,68.1
2018-06-10T00:45:00Z,GYK,Greys_Creek,38.44901667,-75.13245,0.3,5.99,0.323,20.8,0.34,67.1
2018-06-10T01:00:00Z,GYK,Greys_Creek,38.44901667,-75.13245,0.3,5.96,0.312,20.9,0.58,66.9
2018-06-10T01:15:00Z,GYK,Greys_Creek,38.44901667,-75.13245,0.3,5.87,0.297,20.8,0.44,65.8
2018-06-10T01:30:00Z,GYK,Greys_Creek,38.44901667,-75.13245,0.3,5.86,0.28,20.84,0.55,65.8
2018-06-10T01:45:00Z,GYK,Greys_Creek,38.44901667,-75.13245,0.3,5.8,0.257,20.75,0.42,64.8
2018-06-10T02:00:00Z,GYK,Greys_Creek,38.44901667,-75.13245,0.3,5.73,0.249,20.71,0.35,64.0
2018-06-10T02:15:00Z,GYK,Greys_Creek,38.44901667,-75.13245,0.3,5.69,0.238,20.76,0.48,63.6
2018-06-10T02:30:00Z,GYK,Greys_Creek,38.44901667,-75.13245,0.3,5.61,0.213,20.66,0.33,62.6
2018-06-10T02:45:00Z,GYK,Greys_Creek,38.44901667,-75.13245,0.3,5.59,0.192,20.71,0.45,62.5
2018-06-10T03:00:00Z,GYK,Greys_Creek,38.44901667,-75.13245,0.3,5.53,0.186,20.65,0.35,61.7
2018-06-10T03:15:00Z,GYK,Greys_Creek,38.44901667,-75.13245,0.3,5.49,0.174,20.65,0.37,61.3
2018-06-10T03:30:00Z,GYK,Greys_Creek,38.44901667,-75.13245,0.3,5.47,0.161,20.63,0.35,61.0
2018-06-10T03:45:00Z,GYK,Greys_Creek,38.44901667,-75.13245,0.3,5.42,0.144,20.65,0.4,60.5
2018-06-10T04:00:00Z,GYK,Greys_Creek,38.44901667,-75.13245,0.3,5.39,0.133,20.59,0.31,60.1
2018-06-10T04:15:00Z,GYK,Greys_Creek,38.44901667,-75.13245,0.3,5.37,0.124,20.58,0.32,59.8
2018-06-10T04:30:00Z,GYK,Greys_Creek,38.44901667,-75.13245,0.3,5.35,0.106,20.59,0.37,59.7
2018-06-10T04:45:00Z,GYK,Greys_Creek,38.44901667,-75.13245,0.3,5.3,0.096,20.53,0.29,59.0
2018-06-10T05:00:00Z,GYK,Greys_Creek,38.44901667,-75.13245,0.3,5.28,0.082,20.56,0.36,58.8
2018-06-10T05:15:00Z,GYK,Greys_Creek,38.44901667,-75.13245,0.3,5.27,0.07,20.59,0.43,58.8
2018-06-10T05:30:00Z,GYK,Greys_Creek,38.44901667,-75.13245,0.3,5.25,0.064,20.51,0.3,58.4
2018-06-10T05:45:00Z,GYK,Greys_Creek,38.44901667,-75.13245,0.3,5.23,0.059,20.49,0.27,58.2
2018-06-10T06:00:00Z,GYK,Greys_Creek,38.44901667,-75.13245,0.3,5.24,0.049,20.48,0.27,58.2
2018-06-10T06:15:00Z,GYK,Greys_Creek,38.44901667,-75.13245,0.3,5.22,0.039,20.52,0.35,58.1
2018-06-10T06:30:00Z,GYK,Greys_Creek,38.44901667,-75.13245,0.3,5.21,0.037,20.48,0.29,57.9
2018-06-10T06:45:00Z,GYK,Greys_Creek,38.44901667,-75.13245,0.3,5.21,0.04,20.44,0.26,57.9
2018-06-10T07:00:00Z,GYK,Greys_Creek,38.44901667,-75.13245,0.3,5.21,0.042,20.45,0.29,57.9
2018-06-10T07:15:00Z,GYK,Greys_Creek,38.44901667,-75.13245,0.3,5.21,0.054,20.36,0.18,57.8
2018-06-10T07:30:00Z,GYK,Greys_Creek,38.44901667,-75.13245,0.3,5.23,0.079,20.35,0.18,58.0
2018-06-10T07:45:00Z,GYK,Greys_Creek,38.44901667,-75.13245,0.3,5.23,0.099,20.34,0.2,58.0
2018-06-10T08:00:00Z,GYK,Greys_Creek,38.44901667,-75.13245,0.3,5.25,0.118,20.3,0.15,58.2
2018-06-10T08:15:00Z,GYK,Greys_Creek,38.44901667,-75.13245,0.3,5.25,0.139,20.27,0.15,58.1
2018-06-10T08:30:00Z,GYK,Greys_Creek,38.44901667,-75.13245,0.3,5.25,0.158,20.26,0.16,58.1
2018-06-10T08:45:00Z,GYK,Greys_Creek,38.44901667,-75.13245,0.3,5.26,0.174,20.24,0.18,58.2
2018-06-10T09:00:00Z,GYK,Greys_Creek,38.44901667,-75.13245,0.3,5.22,0.184,20.26,0.2,57.8
2018-06-10T09:15:00Z,GYK,Greys_Creek,38.44901667,-75.13245,0.3,5.29,0.201,20.19,0.16,58.5
2018-06-10T09:30:00Z,GYK,Greys_Creek,38.44901667,-75.13245,0.3,5.28,0.219,20.19,0.17,58.3
2018-06-10T09:45:00Z,GYK,Greys_Creek,38.44901667,-75.13245,0.3,5.27,0.233,20.18,0.19,58.2
2018-06-10T10:00:00Z,GYK,Greys_Creek,38.44901667,-75.13245,0.3,5.23,0.244,20.23,0.26,57.8
2018-06-10T10:15:00Z,GYK,Greys_Creek,38.44901667,-75.13245,0.3,5.26,0.259,20.16,0.21,58.2
2018-06-10T10:30:00Z,GYK,Greys_Creek,38.44901667,-75.13245,0.3,5.25,0.272,20.16,0.26,58.1
2018-06-10T10:45:00Z,GYK,Greys_Creek,38.44901667,-75.13245,0.3,5.28,0.282,20.14,0.24,58.4
2018-06-10T11:00:00Z,GYK,Greys_Creek,38.44901667,-75.13245,0.3,5.27,0.289,20.18,0.27,58.2
2018-06-10T11:15:00Z,GYK,Greys_Creek,38.44901667,-75.13245,0.3,5.26,0.295,20.2,0.34,58.2
2018-06-10T11:30:00Z,GYK,Greys_Creek,38.44901667,-75.13245,0.3,5.27,0.292,20.15,0.27,58.3
2018-06-10T11:45:00Z,GYK,Greys_Creek,38.44901667,-75.13245,0.3,5.25,0.29,20.24,0.31,58.1
2018-06-10T12:00:00Z,GYK,Greys_Creek,38.44901667,-75.13245,0.3,5.26,0.287,20.23,0.29,58.3
2018-06-10T12:15:00Z,GYK,Greys_Creek,38.44901667,-75.13245,0.3,5.31,0.281,20.21,0.27,58.7
2018-06-10T12:30:00Z,GYK,Greys_Creek,38.44901667,-75.13245,0.3,5.3,0.268,20.23,0.25,58.6
2018-06-10T12:45:00Z,GYK,Greys_Creek,38.44901667,-75.13245,0.3,5.32,0.255,20.26,0.24,58.9
2018-06-10T13:00:00Z,GYK,Greys_Creek,38.44901667,-75.13245,0.3,5.31,0.241,20.3,0.24,58.9
2018-06-10T13:15:00Z,GYK,Greys_Creek,38.44901667,-75.13245,0.3,5.36,0.221,20.3,0.22,59.4
2018-06-10T13:30:00Z,GYK,Greys_Creek,38.44901667,-75.13245,0.3,5.3,0.201,20.38,0.26,58.8
2018-06-10T13:45:00Z,GYK,Greys_Creek,38.44901667,-75.13245,0.3,5.42,0.189,20.39,0.22,60.1
2018-06-10T14:00:00Z,GYK,Greys_Creek,38.44901667,-75.13245,0.3,5.45,0.179,20.42,0.22,60.5
2018-06-10T14:15:00Z,GYK,Greys_Creek,38.44901667,-75.13245,0.3,5.53,0.163,20.48,0.22,61.5
2018-06-10T14:30:00Z,GYK,Greys_Creek,38.44901667,-75.13245,0.3,5.58,0.143,20.52,0.22,62.1
2018-06-10T14:45:00Z,GYK,Greys_Creek,38.44901667,-75.13245,0.3,5.73,0.13,20.63,0.18,63.9
2018-06-10T15:00:00Z,GYK,Greys_Creek,38.44901667,-75.13245,0.3,5.59,0.107,21.02,0.26,62.9
2018-06-10T15:15:00Z,GYK,Greys_Creek,38.44901667,-75.13245,0.3,5.83,0.094,21.04,0.21,65.6
2018-06-10T15:30:00Z,GYK,Greys_Creek,38.44901667,-75.13245,0.3,5.88,0.081,21.15,0.21,66.3
2018-06-10T15:45:00Z,GYK,Greys_Creek,38.44901667,-75.13245,0.3,6.07,0.077,21.13,0.18,68.3
2018-06-10T16:00:00Z,GYK,Greys_Creek,38.44901667,-75.13245,0.3,5.78,0.063,21.67,0.3,65.8
2018-06-10T16:15:00Z,GYK,Greys_Creek,38.44901667,-75.13245,0.3,5.96,0.042,21.68,0.28,67.9
2018-06-10T16:30:00Z,GYK,Greys_Creek,38.44901667,-75.13245,0.3,6.02,0.02,21.75,0.27,68.6
2018-06-10T16:45:00Z,GYK,Greys_Creek,38.44901667,-75.13245,0.3,6.04,0.016,21.92,0.3,69.1
2018-06-10T17:00:00Z,GYK,Greys_Creek,38.44901667,-75.13245,0.3,6.26,0.013,22.03,0.28,71.7
2018-06-10T17:15:00Z,GYK,Greys_Creek,38.44901667,-75.13245,0.3,6.57,0.01,21.85,0.22,75.0
2018-06-10T17:30:00Z,GYK,Greys_Creek,38.44901667,-75.13245,0.3,6.37,0.006,22.23,0.28,73.3
2018-06-10T17:45:00Z,GYK,Greys_Creek,38.44901667,-75.13245,0.3,6.48,0.006,22.21,0.27,74.5
2018-06-10T18:00:00Z,GYK,Greys_Creek,38.44901667,-75.13245,0.3,6.81,0.006,22.05,0.21,78.0
2018-06-10T18:15:00Z,GYK,Greys_Creek,38.44901667,-75.13245,0.3,6.64,0.003,22.3,0.27,76.4
2018-06-10T18:30:00Z,GYK,Greys_Creek,38.44901667,-75.13245,0.3,6.68,0.002,22.27,0.25,76.9
2018-06-10T18:45:00Z,GYK,Greys_Creek,38.44901667,-75.13245,0.3,6.83,0.001,22.18,0.22,78.5
2018-06-10T19:00:00Z,GYK,Greys_Creek,38.44901667,-75.13245,0.3,7.18,NaN,22.11,0.15,82.4
2018-06-10T19:15:00Z,GYK,Greys_Creek,38.44901667,-75.13245,0.3,7.34,NaN,22.12,0.11,84.1
2018-06-10T19:30:00Z,GYK,Greys_Creek,38.44901667,-75.13245,0.3,7.47,0.017,22.16,0.11,85.8
2018-06-10T19:45:00Z,GYK,Greys_Creek,38.44901667,-75.13245,0.3,7.52,0.047,22.19,0.1,86.4
2018-06-10T20:00:00Z,GYK,Greys_Creek,38.44901667,-75.13245,0.3,7.49,0.062,22.28,0.12,86.2
2018-06-10T20:15:00Z,GYK,Greys_Creek,38.44901667,-75.13245,0.3,7.26,0.065,22.36,0.18,83.7
2018-06-10T20:30:00Z,GYK,Greys_Creek,38.44901667,-75.13245,0.3,7.27,0.085,22.43,0.18,83.9
2018-06-10T20:45:00Z,GYK,Greys_Creek,38.44901667,-75.13245,0.3,7.41,0.118,22.33,0.16,85.3
2018-06-10T21:00:00Z,GYK,Greys_Creek,38.44901667,-75.13245,0.3,7.46,0.133,22.33,0.14,85.9
2018-06-10T21:15:00Z,GYK,Greys_Creek,38.44901667,-75.13245,0.3,7.11,0.138,22.47,0.19,82.1
2018-06-10T21:30:00Z,GYK,Greys_Creek,38.44901667,-75.13245,0.3,7.25,0.156,22.39,0.2,83.7
2018-06-10T21:45:00Z,GYK,Greys_Creek,38.44901667,-75.13245,0.3,7.12,0.194,22.37,0.17,82.0
2018-06-10T22:00:00Z,GYK,Greys_Creek,38.44901667,-75.13245,0.3,7.21,0.208,22.29,0.14,83.0
2018-06-10T22:15:00Z,GYK,Greys_Creek,38.44901667,-75.13245,0.3,7.14,0.214,22.34,0.13,82.3
2018-06-10T22:30:00Z,GYK,Greys_Creek,38.44901667,-75.13245,0.3,6.98,0.228,22.46,0.2,80.6
2018-06-10T22:45:00Z,GYK,Greys_Creek,38.44901667,-75.13245,0.3,6.98,0.249,22.32,0.16,80.3
2018-06-10T23:00:00Z,GYK,Greys_Creek,38.44901667,-75.13245,0.3,6.95,0.271,22.25,0.12,79.9
2018-06-10T23:15:00Z,GYK,Greys_Creek,38.44901667,-75.13245,0.3,6.93,0.284,22.22,0.12,79.6
2018-06-10T23:30:00Z,GYK,Greys_Creek,38.44901667,-75.13245,0.3,6.94,0.297,22.2,0.12,79.7
2018-06-10T23:45:00Z,GYK,Greys_Creek,38.44901667,-75.13245,0.3,6.85,0.311,22.21,0.15,78.8
2018-06-11T00:00:00Z,GYK,Greys_Creek,38.44901667,-75.13245,0.3,6.82,0.311,22.19,0.12,78.3
2018-06-11T00:15:00Z,GYK,Greys_Creek,38.44901667,-75.13245,0.3,6.78,0.313,22.18,0.14,77.9
2018-06-11T00:30:00Z,GYK,Greys_Creek,38.44901667,-75.13245,0.3,6.64,0.322,22.2,0.16,76.2
2018-06-11T00:45:00Z,GYK,Greys_Creek,38.44901667,-75.13245,0.3,6.62,0.337,22.11,0.15,75.9
2018-06-11T01:00:00Z,GYK,Greys_Creek,38.44901667,-75.13245,0.3,6.66,0.331,22.1,0.13,76.4
2018-06-11T01:15:00Z,GYK,Greys_Creek,38.44901667,-75.13245,0.3,6.55,0.325,22.13,0.22,75.1
2018-06-11T01:30:00Z,GYK,Greys_Creek,38.44901667,-75.13245,0.3,6.65,0.322,22.04,0.16,76.2
2018-06-11T01:45:00Z,GYK,Greys_Creek,38.44901667,-75.13245,0.3,6.56,0.307,22.01,0.15,75.1
2018-06-11T02:00:00Z,GYK,Greys_Creek,38.44901667,-75.13245,0.3,6.5,0.282,21.92,0.18,74.3
2018-06-11T02:15:00Z,GYK,Greys_Creek,38.44901667,-75.13245,0.3,6.42,0.255,21.95,0.21,73.4
2018-06-11T02:30:00Z,GYK,Greys_Creek,38.44901667,-75.13245,0.3,6.45,0.243,21.89,0.21,73.6
2018-06-11T02:45:00Z,GYK,Greys_Creek,38.44901667,-75.13245,0.3,6.39,0.23,21.76,0.18,72.8
2018-06-11T03:00:00Z,GYK,Greys_Creek,38.44901667,-75.13245,0.3,6.37,0.206,21.75,0.2,72.6
2018-06-11T03:15:00Z,GYK,Greys_Creek,38.44901667,-75.13245,0.3,6.24,0.182,21.53,0.19,70.8
2018-06-11T03:30:00Z,GYK,Greys_Creek,38.44901667,-75.13245,0.3,6.32,0.171,21.64,0.2,71.8
2018-06-11T03:45:00Z,GYK,Greys_Creek,38.44901667,-75.13245,0.3,6.23,0.166,21.42,0.18,70.6
2018-06-11T04:00:00Z,GYK,Greys_Creek,38.44901667,-75.13245,0.3,6.22,0.153,21.36,0.19,70.3
2018-06-11T04:15:00Z,GYK,Greys_Creek,38.44901667,-75.13245,0.3,6.31,0.143,21.65,0.21,71.7
2018-06-11T04:30:00Z,GYK,Greys_Creek,38.44901667,-75.13245,0.3,6.26,0.117,21.27,0.18,70.7
2018-06-11T04:45:00Z,GYK,Greys_Creek,38.44901667,-75.13245,0.3,6.18,0.106,21.4,0.22,70.0
2018-06-11T05:00:00Z,GYK,Greys_Creek,38.44901667,-75.13245,0.3,6.19,0.09,21.02,0.16,69.5
2018-06-11T05:15:00Z,GYK,Greys_Creek,38.44901667,-75.13245,0.3,6.15,0.076,21.31,0.21,69.5
2018-06-11T05:30:00Z,GYK,Greys_Creek,38.44901667,-75.13245,0.3,6.15,0.059,21.05,0.18,69.1
2018-06-11T05:45:00Z,GYK,Greys_Creek,38.44901667,-75.13245,0.3,6.1,0.036,21.17,0.21,68.8
2018-06-11T06:00:00Z,GYK,Greys_Creek,38.44901667,-75.13245,0.3,6.12,0.028,20.93,0.2,68.6
2018-06-11T06:15:00Z,GYK,Greys_Creek,38.44901667,-75.13245,0.3,6.07,0.017,20.64,0.15,67.6
2018-06-11T06:30:00Z,GYK,Greys_Creek,38.44901667,-75.13245,0.3,5.98,0.015,20.87,0.21,67.0
2018-06-11T06:45:00Z,GYK,Greys_Creek,38.44901667,-75.13245,0.3,6.01,0.009,20.55,0.17,66.9
2018-06-11T07:00:00Z,GYK,Greys_Creek,38.44901667,-75.13245,0.3,5.94,0.003,20.79,0.2,66.4
2018-06-11T07:15:00Z,GYK,Greys_Creek,38.44901667,-75.13245,0.3,5.93,NaN,20.75,0.2,66.3
2018-06-11T07:30:00Z,GYK,Greys_Creek,38.44901667,-75.13245,0.3,5.9,NaN,20.65,0.21,65.9
2018-06-11T07:45:00Z,GYK,Greys_Creek,38.44901667,-75.13245,0.3,5.93,0.021,20.36,0.19,65.8
2018-06-11T08:00:00Z,GYK,Greys_Creek,38.44901667,-75.13245,0.3,5.86,0.04,20.25,0.17,64.9
2018-06-11T08:15:00Z,GYK,Greys_Creek,38.44901667,-75.13245,0.3,5.74,0.074,20.25,0.15,63.5
2018-06-11T08:30:00Z,GYK,Greys_Creek,38.44901667,-75.13245,0.3,5.93,0.088,20.1,0.14,65.4
2018-06-11T08:45:00Z,GYK,Greys_Creek,38.44901667,-75.13245,0.3,5.88,0.11,19.97,0.14,64.7
2018-06-11T09:00:00Z,GYK,Greys_Creek,38.44901667,-75.13245,0.3,5.87,0.107,20.14,0.15,64.7
2018-06-11T09:15:00Z,GYK,Greys_Creek,38.44901667,-75.13245,0.3,5.86,0.125,20.03,0.15,64.5
2018-06-11T09:30:00Z,GYK,Greys_Creek,38.44901667,-75.13245,0.3,5.73,0.153,20.06,0.16,63.1
2018-06-11T09:45:00Z,GYK,Greys_Creek,38.44901667,-75.13245,0.3,5.75,0.183,19.89,0.15,63.2
2018-06-11T10:00:00Z,GYK,Greys_Creek,38.44901667,-75.13245,0.3,5.72,0.208,19.78,0.15,62.7
2018-06-11T10:15:00Z,GYK,Greys_Creek,38.44901667,-75.13245,0.3,5.79,0.222,19.76,0.14,63.4
2018-06-11T10:30:00Z,GYK,Greys_Creek,38.44901667,-75.13245,0.3,5.9,0.223,19.67,0.13,64.5
2018-06-11T10:45:00Z,GYK,Greys_Creek,38.44901667,-75.13245,0.3,5.65,0.252,19.97,0.19,62.1
2018-06-11T11:00:00Z,GYK,Greys_Creek,38.44901667,-75.13245,0.3,5.92,0.25,19.6,0.16,64.7
2018-06-11T11:15:00Z,GYK,Greys_Creek,38.44901667,-75.13245,0.3,5.83,0.263,19.66,0.16,63.7
2018-06-11T11:30:00Z,GYK,Greys_Creek,38.44901667,-75.13245,0.3,5.68,0.268,19.85,0.17,62.4
2018-06-11T11:45:00Z,GYK,Greys_Creek,38.44901667,-75.13245,0.3,5.82,0.288,19.55,0.2,63.5
2018-06-11T12:00:00Z,GYK,Greys_Creek,38.44901667,-75.13245,0.3,5.75,0.308,19.7,0.19,62.9
2018-06-11T12:15:00Z,GYK,Greys_Creek,38.44901667,-75.13245,0.3,5.91,0.334,19.29,0.18,64.2
2018-06-11T12:30:00Z,GYK,Greys_Creek,38.44901667,-75.13245,0.3,5.86,0.342,19.23,0.13,63.5
2018-06-11T12:45:00Z,GYK,Greys_Creek,38.44901667,-75.13245,0.3,5.89,0.361,19.21,0.13,63.8
2018-06-11T13:00:00Z,GYK,Greys_Creek,38.44901667,-75.13245,0.3,5.89,0.367,19.2,0.13,63.7
2018-06-11T13:15:00Z,GYK,Greys_Creek,38.44901667,-75.13245,0.3,5.9,0.344,19.18,0.13,63.9
2018-06-11T13:30:00Z,GYK,Greys_Creek,38.44901667,-75.13245,0.3,5.87,0.345,19.3,0.14,63.8
2018-06-11T13:45:00Z,GYK,Greys_Creek,38.44901667,-75.13245,0.3,5.97,0.335,18.89,0.12,64.3
2018-06-11T14:00:00Z,GYK,Greys_Creek,38.44901667,-75.13245,0.3,5.98,0.315,18.91,0.13,64.4
2018-06-11T14:15:00Z,GYK,Greys_Creek,38.44901667,-75.13245,0.3,5.89,0.293,19.29,0.17,63.9
2018-06-11T14:30:00Z,GYK,Greys_Creek,38.44901667,-75.13245,0.3,6.01,0.266,18.88,0.12,64.6
2018-06-11T14:45:00Z,GYK,Greys_Creek,38.44901667,-75.13245,0.3,5.89,0.242,19.29,0.17,64.0
2018-06-11T15:00:00Z,GYK,Greys_Creek,38.44901667,-75.13245,0.3,6.03,0.227,18.69,0.13,64.7
2018-06-11T15:15:00Z,GYK,Greys_Creek,38.44901667,-75.13245,0.3,6.03,0.231,18.69,0.14,64.6
2018-06-11T15:30:00Z,GYK,Greys_Creek,38.44901667,-75.13245,0.3,5.94,0.209,19.06,0.17,64.1
2018-06-11T15:45:00Z,GYK,Greys_Creek,38.44901667,-75.13245,0.3,6.07,0.193,18.55,0.14,64.9
2018-06-11T16:00:00Z,GYK,Greys_Creek,38.44901667,-75.13245,0.3,6.0,0.196,18.75,0.16,64.4
2018-06-11T16:15:00Z,GYK,Greys_Creek,38.44901667,-75.13245,0.3,5.91,0.172,19.15,0.2,64.0
2018-06-11T16:30:00Z,GYK,Greys_Creek,38.44901667,-75.13245,0.3,6.16,0.143,18.5,0.14,65.8
2018-06-11T16:45:00Z,GYK,Greys_Creek,38.44901667,-75.13245,0.3,6.02,0.125,18.96,0.19,64.9
2018-06-11T17:00:00Z,GYK,Greys_Creek,38.44901667,-75.13245,0.3,6.25,0.121,18.45,0.13,66.6
2018-06-11T17:15:00Z,GYK,Greys_Creek,38.44901667,-75.13245,0.3,6.02,0.097,19.0,0.2,64.9
2018-06-11T17:30:00Z,GYK,Greys_Creek,38.44901667,-75.13245,0.3,6.15,0.083,18.91,0.18,66.2
2018-06-11T17:45:00Z,GYK,Greys_Creek,38.44901667,-75.13245,0.3,6.17,0.095,18.8,0.18,66.3
2018-06-11T18:00:00Z,GYK,Greys_Creek,38.44901667,-75.13245,0.3,6.15,0.085,18.97,0.17,66.4
2018-06-11T18:15:00Z,GYK,Greys_Creek,38.44901667,-75.13245,0.3,6.25,0.065,18.86,0.16,67.3
2018-06-11T18:30:00Z,GYK,Greys_Creek,38.44901667,-75.13245,0.3,6.08,0.049,19.11,0.21,65.8
2018-06-11T18:45:00Z,GYK,Greys_Creek,38.44901667,-75.13245,0.3,6.18,0.032,19.28,0.21,67.0
2018-06-11T19:00:00Z,GYK,Greys_Creek,38.44901667,-75.13245,0.3,6.24,0.034,19.41,0.19,67.9
2018-06-11T19:15:00Z,GYK,Greys_Creek,38.44901667,-75.13245,0.3,6.38,0.031,19.09,0.16,69.0
2018-06-11T19:30:00Z,GYK,Greys_Creek,38.44901667,-75.13245,0.3,6.3,0.03,19.4,0.2,68.5
2018-06-11T19:45:00Z,GYK,Greys_Creek,38.44901667,-75.13245,0.3,6.34,0.034,19.35,0.2,68.9
2018-06-11T20:00:00Z,GYK,Greys_Creek,38.44901667,-75.13245,0.3,6.51,0.06,19.05,0.16,70.3
2018-06-11T20:15:00Z,GYK,Greys_Creek,38.44901667,-75.13245,0.3,6.35,0.116,19.17,0.15,68.7
2018-06-11T20:30:00Z,GYK,Greys_Creek,38.44901667,-75.13245,0.3,6.5,0.141,19.03,0.15,70.2
2018-06-11T20:45:00Z,GYK,Greys_Creek,38.44901667,-75.13245,0.3,6.7,0.155,19.0,0.12,72.3
2018-06-11T21:00:00Z,GYK,Greys_Creek,38.44901667,-75.13245,0.3,6.55,0.173,19.22,0.13,70.9
2018-06-11T21:15:00Z,GYK,Greys_Creek,38.44901667,-75.13245,0.3,6.47,0.201,19.33,0.15,70.2
2018-06-11T21:30:00Z,GYK,Greys_Creek,38.44901667,-75.13245,0.3,6.65,0.221,19.15,0.14,72.0
2018-06-11T21:45:00Z,GYK,Greys_Creek,38.44901667,-75.13245,0.3,6.73,0.225,19.24,0.13,72.9
2018-06-11T22:00:00Z,GYK,Greys_Creek,38.44901667,-75.13245,0.3,6.56,0.235,19.35,0.15,71.3
2018-06-11T22:15:00Z,GYK,Greys_Creek,38.44901667,-75.13245,0.3,6.62,0.268,19.28,0.15,71.8
2018-06-11T22:30:00Z,GYK,Greys_Creek,38.44901667,-75.13245,0.3,6.45,0.299,19.4,0.15,70.2
2018-06-11T22:45:00Z,GYK,Greys_Creek,38.44901667,-75.13245,0.3,6.66,0.318,19.24,0.14,72.2
2018-06-11T23:00:00Z,GYK,Greys_Creek,38.44901667,-75.13245,0.3,6.59,0.34,19.19,0.13,71.4
2018-06-11T23:15:00Z,GYK,Greys_Creek,38.44901667,-75.13245,0.3,6.58,0.362,19.18,0.12,71.3
2018-06-11T23:30:00Z,GYK,Greys_Creek,38.44901667,-75.13245,0.3,6.7,0.378,19.13,0.11,72.4
2018-06-11T23:45:00Z,GYK,Greys_Creek,38.44901667,-75.13245,0.3,6.61,0.397,19.13,0.11,71.4
2018-06-12T00:00:00Z,GYK,Greys_Creek,38.44901667,-75.13245,0.3,6.67,0.406,19.11,0.11,72.1
2018-06-12T00:15:00Z,GYK,Greys_Creek,38.44901667,-75.13245,0.3,6.63,0.415,19.09,0.11,71.7
2018-06-12T00:30:00Z,GYK,Greys_Creek,38.44901667,-75.13245,0.3,6.58,0.427,19.09,0.11,71.1
2018-06-12T00:45:00Z,GYK,Greys_Creek,38.44901667,-75.13245,0.3,6.67,0.444,19.07,0.12,72.1
2018-06-12T01:00:00Z,GYK,Greys_Creek,38.44901667,-75.13245,0.3,6.68,0.454,19.05,0.13,72.1
2018-06-12T01:15:00Z,GYK,Greys_Creek,38.44901667,-75.13245,0.3,6.6,0.463,19.06,0.14,71.2
2018-06-12T01:30:00Z,GYK,Greys_Creek,38.44901667,-75.13245,0.3,6.72,0.476,19.04,0.13,72.6
2018-06-12T01:45:00Z,GYK,Greys_Creek,38.44901667,-75.13245,0.3,6.63,0.477,19.04,0.16,71.6
2018-06-12T02:00:00Z,GYK,Greys_Creek,38.44901667,-75.13245,0.3,6.67,0.47,19.1,0.17,72.1
2018-06-12T02:15:00Z,GYK,Greys_Creek,38.44901667,-75.13245,0.3,6.69,0.463,19.1,0.24,72.3
2018-06-12T02:30:00Z,GYK,Greys_Creek,38.44901667,-75.13245,0.3,6.73,0.461,19.1,0.2,72.7
2018-06-12T02:45:00Z,GYK,Greys_Creek,38.44901667,-75.13245,0.3,6.59,0.435,19.16,0.26,71.4
2018-06-12T03:00:00Z,GYK,Greys_Creek,38.44901667,-75.13245,0.3,6.64,0.402,19.01,0.19,71.6
2018-06-12T03:15:00Z,GYK,Greys_Creek,38.44901667,-75.13245,0.3,6.49,0.382,19.03,0.21,70.1
2018-06-12T03:30:00Z,GYK,Greys_Creek,38.44901667,-75.13245,0.3,6.56,0.371,18.87,0.16,70.6
2018-06-12T03:45:00Z,GYK,Greys_Creek,38.44901667,-75.13245,0.3,6.49,0.348,18.83,0.15,69.7
2018-06-12T04:00:00Z,GYK,Greys_Creek,38.44901667,-75.13245,0.3,6.26,0.329,19.13,0.24,67.7
2018-06-12T04:15:00Z,GYK,Greys_Creek,38.44901667,-75.13245,0.3,6.41,0.316,18.78,0.16,68.9
2018-06-12T04:30:00Z,GYK,Greys_Creek,38.44901667,-75.13245,0.3,6.4,0.307,18.73,0.16,68.7
2018-06-12T04:45:00Z,GYK,Greys_Creek,38.44901667,-75.13245,0.3,6.4,0.29,18.78,0.17,68.7
2018-06-12T05:00:00Z,GYK,Greys_Creek,38.44901667,-75.13245,0.3,6.3,0.268,18.81,0.21,67.7
2018-06-12T05:15:00Z,GYK,Greys_Creek,38.44901667,-75.13245,0.3,6.27,0.253,18.63,0.19,67.1
2018-06-12T05:30:00Z,GYK,Greys_Creek,38.44901667,-75.13245,0.3,6.31,0.241,18.5,0.16,67.4
2018-06-12T05:45:00Z,GYK,Greys_Creek,38.44901667,-75.13245,0.3,6.22,0.232,18.6,0.19,66.5
2018-06-12T06:00:00Z,GYK,Greys_Creek,38.44901667,-75.13245,0.3,6.23,0.216,18.52,0.18,66.6
2018-06-12T06:15:00Z,GYK,Greys_Creek,38.44901667,-75.13245,0.3,6.19,0.2,18.41,0.19,66.0
2018-06-12T06:30:00Z,GYK,Greys_Creek,38.44901667,-75.13245,0.3,6.1,0.186,18.58,0.22,65.3
2018-06-12T06:45:00Z,GYK,Greys_Creek,38.44901667,-75.13245,0.3,6.21,0.174,18.24,0.17,66.0
2018-06-12T07:00:00Z,GYK,Greys_Creek,38.44901667,-75.13245,0.3,6.15,0.161,18.25,0.18,65.3
2018-06-12T07:15:00Z,GYK,Greys_Creek,38.44901667,-75.13245,0.3,6.15,0.151,18.31,0.2,65.4
2018-06-12T07:30:00Z,GYK,Greys_Creek,38.44901667,-75.13245,0.3,6.2,0.141,18.0,0.16,65.6
2018-06-12T07:45:00Z,GYK,Greys_Creek,38.44901667,-75.13245,0.3,6.15,0.136,18.18,0.19,65.3
2018-06-12T08:00:00Z,GYK,Greys_Creek,38.44901667,-75.13245,0.3,6.21,0.128,17.94,0.17,65.6
2018-06-12T08:15:00Z,GYK,Greys_Creek,38.44901667,-75.13245,0.3,6.16,0.126,18.03,0.19,65.2
2018-06-12T08:30:00Z,GYK,Greys_Creek,38.44901667,-75.13245,0.3,6.18,0.13,17.84,0.17,65.2
2018-06-12T08:45:00Z,GYK,Greys_Creek,38.44901667,-75.13245,0.3,6.21,0.135,17.67,0.16,65.2
2018-06-12T09:00:00Z,GYK,Greys_Creek,38.44901667,-75.13245,0.3,6.13,0.148,17.66,0.16,64.4
2018-06-12T09:15:00Z,GYK,Greys_Creek,38.44901667,-75.13245,0.3,6.23,0.167,17.52,0.15,65.2
2018-06-12T09:30:00Z,GYK,Greys_Creek,38.44901667,-75.13245,0.3,6.14,0.198,17.47,0.15,64.2
2018-06-12T09:45:00Z,GYK,Greys_Creek,38.44901667,-75.13245,0.3,5.84,0.228,17.67,0.16,61.3
2018-06-12T10:00:00Z,GYK,Greys_Creek,38.44901667,-75.13245,0.3,5.6,0.25,17.74,0.21,58.9
2018-06-12T10:15:00Z,GYK,Greys_Creek,38.44901667,-75.13245,0.3,5.96,0.266,17.28,0.22,62.1
2018-06-12T10:30:00Z,GYK,Greys_Creek,38.44901667,-75.13245,0.3,5.74,0.283,17.27,0.19,59.8
2018-06-12T10:45:00Z,GYK,Greys_Creek,38.44901667,-75.13245,0.3,6.06,0.299,17.28,0.17,63.1
2018-06-12T11:00:00Z,GYK,Greys_Creek,38.44901667,-75.13245,0.3,6.09,0.311,17.27,0.15,63.4
2018-06-12T11:15:00Z,GYK,Greys_Creek,38.44901667,-75.13245,0.3,6.11,0.326,17.37,0.16,63.8
2018-06-12T11:30:00Z,GYK,Greys_Creek,38.44901667,-75.13245,0.3,5.75,0.345,17.36,0.17,60.0
2018-06-12T11:45:00Z,GYK,Greys_Creek,38.44901667,-75.13245,0.3,6.06,0.361,17.38,0.19,63.3
2018-06-12T12:00:00Z,GYK,Greys_Creek,38.44901667,-75.13245,0.3,6.24,0.367,17.24,0.17,64.9
2018-06-12T12:15:00Z,GYK,Greys_Creek,38.44901667,-75.13245,0.3,6.25,0.378,17.36,0.15,65.2
2018-06-12T12:30:00Z,GYK,Greys_Creek,38.44901667,-75.13245,0.3,6.21,0.393,17.41,0.16,64.9
2018-06-12T12:45:00Z,GYK,Greys_Creek,38.44901667,-75.13245,0.3,6.21,0.401,17.6,0.18,65.2
2018-06-12T13:00:00Z,GYK,Greys_Creek,38.44901667,-75.13245,0.3,6.35,0.404,17.4,0.19,66.3
2018-06-12T13:15:00Z,GYK,Greys_Creek,38.44901667,-75.13245,0.3,6.38,0.402,17.76,0.17,67.2
2018-06-12T13:30:00Z,GYK,Greys_Creek,38.44901667,-75.13245,0.3,6.35,0.403,17.9,0.19,67.0
2018-06-12T13:45:00Z,GYK,Greys_Creek,38.44901667,-75.13245,0.3,6.28,0.402,17.73,0.21,66.0
2018-06-12T14:00:00Z,GYK,Greys_Creek,38.44901667,-75.13245,0.3,6.39,0.396,18.17,0.22,67.8
2018-06-12T14:15:00Z,GYK,Greys_Creek,38.44901667,-75.13245,0.3,6.38,0.385,18.15,0.23,67.6
2018-06-12T14:30:00Z,GYK,Greys_Creek,38.44901667,-75.13245,0.3,6.32,0.361,18.21,0.23,67.2
2018-06-12T14:45:00Z,GYK,Greys_Creek,38.44901667,-75.13245,0.3,6.23,0.337,18.73,0.28,66.9
2018-06-12T15:00:00Z,GYK,Greys_Creek,38.44901667,-75.13245,0.3,6.37,0.317,18.56,0.25,68.1
2018-06-12T15:15:00Z,GYK,Greys_Creek,38.44901667,-75.13245,0.3,6.74,0.298,18.41,0.15,71.8
2018-06-12T15:30:00Z,GYK,Greys_Creek,38.44901667,-75.13245,0.3,6.72,0.294,18.42,0.18,71.7
2018-06-12T15:45:00Z,GYK,Greys_Creek,38.44901667,-75.13245,0.3,6.8,0.279,18.82,0.19,73.1
2018-06-12T16:00:00Z,GYK,Greys_Creek,38.44901667,-75.13245,0.3,6.73,0.259,19.23,0.21,73.0
2018-06-12T16:15:00Z,GYK,Greys_Creek,38.44901667,-75.13245,0.3,6.65,0.244,19.59,0.25,72.6
2018-06-12T16:30:00Z,GYK,Greys_Creek,38.44901667,-75.13245,0.3,6.84,0.23,19.72,0.22,74.9
2018-06-12T16:45:00Z,GYK,Greys_Creek,38.44901667,-75.13245,0.3,6.84,0.207,19.94,0.22,75.2
2018-06-12T17:00:00Z,GYK,Greys_Creek,38.44901667,-75.13245,0.3,6.74,0.186,20.43,0.27,74.8
2018-06-12T17:15:00Z,GYK,Greys_Creek,38.44901667,-75.13245,0.3,6.89,0.169,20.51,0.25,76.6
2018-06-12T17:30:00Z,GYK,Greys_Creek,38.44901667,-75.13245,0.3,7.12,0.16,20.46,0.21,79.1
2018-06-12T17:45:00Z,GYK,Greys_Creek,38.44901667,-75.13245,0.3,7.05,0.144,21.08,0.24,79.3
2018-06-12T18:00:00Z,GYK,Greys_Creek,38.44901667,-75.13245,0.3,7.04,0.129,21.2,0.24,79.4
2018-06-12T18:15:00Z,GYK,Greys_Creek,38.44901667,-75.13245,0.3,7.17,0.119,21.52,0.22,81.4
2018-06-12T18:30:00Z,GYK,Greys_Creek,38.44901667,-75.13245,0.3,7.15,0.104,21.82,0.24,81.6
2018-06-12T18:45:00Z,GYK,Greys_Creek,38.44901667,-75.13245,0.3,7.3,0.088,21.9,0.22,83.4
2018-06-12T19:00:00Z,GYK,Greys_Creek,38.44901667,-75.13245,0.3,7.18,0.089,22.42,0.24,82.9
2018-06-12T19:15:00Z,GYK,Greys_Creek,38.44901667,-75.13245,0.3,7.31,0.087,22.53,0.23,84.6
2018-06-12T19:30:00Z,GYK,Greys_Creek,38.44901667,-75.13245,0.3,7.4,0.085,22.62,0.22,85.8
2018-06-12T19:45:00Z,GYK,Greys_Creek,38.44901667,-75.13245,0.3,7.45,0.081,22.45,0.21,86.1
2018-06-12T20:00:00Z,GYK,Greys_Creek,38.44901667,-75.13245,0.3,7.44,0.078,22.79,0.21,86.5
2018-06-12T20:15:00Z,GYK,Greys_Creek,38.44901667,-75.13245,0.3,7.4,0.075,23.73,0.26,87.6
2018-06-12T20:30:00Z,GYK,Greys_Creek,38.44901667,-75.13245,0.3,7.6,0.071,22.72,0.22,88.3
2018-06-12T20:45:00Z,GYK,Greys_Creek,38.44901667,-75.13245,0.3,7.77,0.073,22.51,0.16,89.8
2018-06-12T21:00:00Z,GYK,Greys_Creek,38.44901667,-75.13245,0.3,7.3,0.072,23.68,0.36,86.4
2018-06-12T21:15:00Z,GYK,Greys_Creek,38.44901667,-75.13245,0.3,7.26,0.099,23.23,0.29,85.1
2018-06-12T21:30:00Z,GYK,Greys_Creek,38.44901667,-75.13245,0.3,7.35,0.13,22.93,0.22,85.7
2018-06-12T21:45:00Z,GYK,Greys_Creek,38.44901667,-75.13245,0.3,7.57,0.143,23.14,0.24,88.6
2018-06-12T22:00:00Z,GYK,Greys_Creek,38.44901667,-75.13245,0.3,7.1,0.157,24.62,0.71,85.7
2018-06-12T22:15:00Z,GYK,Greys_Creek,38.44901667,-75.13245,0.3,6.76,0.178,24.59,0.78,81.5
2018-06-12T22:30:00Z,GYK,Greys_Creek,38.44901667,-75.13245,0.3,7.0,0.201,24.3,0.79,84.0
2018-06-12T22:45:00Z,GYK,Greys_Creek,38.44901667,-75.13245,0.3,7.16,0.217,23.85,0.74,85.2
2018-06-12T23:00:00Z,GYK,Greys_Creek,38.44901667,-75.13245,0.3,6.97,0.24,23.6,0.6,82.4
2018-06-12T23:15:00Z,GYK,Greys_Creek,38.44901667,-75.13245,0.3,7.15,0.263,23.79,0.73,84.9
2018-06-12T23:30:00Z,GYK,Greys_Creek,38.44901667,-75.13245,0.3,6.79,0.281,23.76,0.75,80.7
2018-06-12T23:45:00Z,GYK,Greys_Creek,38.44901667,-75.13245,0.3,6.94,0.301,23.69,0.7,82.2
2018-06-13T00:00:00Z,GYK,Greys_Creek,38.44901667,-75.13245,0.3,6.88,0.321,23.85,1.02,82.0
2018-06-13T00:15:00Z,GYK,Greys_Creek,38.44901667,-75.13245,0.3,6.99,0.339,23.67,1.04,83.0
2018-06-13T00:30:00Z,GYK,Greys_Creek,38.44901667,-75.13245,0.3,7.21,0.352,23.59,1.04,85.5
2018-06-13T00:45:00Z,GYK,Greys_Creek,38.44901667,-75.13245,0.3,6.99,0.361,23.51,0.97,82.8
2018-06-13T01:00:00Z,GYK,Greys_Creek,38.44901667,-75.13245,0.3,6.91,0.376,23.34,1.01,81.5
2018-06-13T01:15:00Z,GYK,Greys_Creek,38.44901667,-75.13245,0.3,6.95,0.382,23.36,1.01,82.1
2018-06-13T01:30:00Z,GYK,Greys_Creek,38.44901667,-75.13245,0.3,6.94,0.391,22.69,0.67,80.8
2018-06-13T01:45:00Z,GYK,Greys_Creek,38.44901667,-75.13245,0.3,6.8,0.406,23.35,0.96,80.2
2018-06-13T02:00:00Z,GYK,Greys_Creek,38.44901667,-75.13245,0.3,6.39,0.418,23.34,1.03,75.4
2018-06-13T02:15:00Z,GYK,Greys_Creek,38.44901667,-75.13245,0.3,6.69,0.421,22.64,0.77,77.8
2018-06-13T02:30:00Z,GYK,Greys_Creek,38.44901667,-75.13245,0.3,7.05,0.417,22.23,0.29,81.1
2018-06-13T02:45:00Z,GYK,Greys_Creek,38.44901667,-75.13245,0.3,7.02,0.412,22.39,0.33,81.0
2018-06-13T03:00:00Z,GYK,Greys_Creek,38.44901667,-75.13245,0.3,7.05,0.407,22.08,0.25,80.8
2018-06-13T03:15:00Z,GYK,Greys_Creek,38.44901667,-75.13245,0.3,6.91,0.378,21.81,0.17,78.8
2018-06-13T03:30:00Z,GYK,Greys_Creek,38.44901667,-75.13245,0.3,6.9,0.35,21.92,0.25,78.9
2018-06-13T03:45:00Z,GYK,Greys_Creek,38.44901667,-75.13245,0.3,6.5,0.331,21.57,0.21,73.8
2018-06-13T04:00:00Z,GYK,Greys_Creek,38.44901667,-75.13245,0.3,6.45,0.317,21.59,0.25,73.3
2018-06-13T04:15:00Z,GYK,Greys_Creek,38.44901667,-75.13245,0.3,6.55,0.298,21.51,0.19,74.2
2018-06-13T04:30:00Z,GYK,Greys_Creek,38.44901667,-75.13245,0.3,6.71,0.279,21.83,0.27,76.6
2018-06-13T04:45:00Z,GYK,Greys_Creek,38.44901667,-75.13245,0.3,6.53,0.268,21.39,0.18,73.9
2018-06-13T05:00:00Z,GYK,Greys_Creek,38.44901667,-75.13245,0.3,6.55,0.25,21.54,0.23,74.3
2018-06-13T05:15:00Z,GYK,Greys_Creek,38.44901667,-75.13245,0.3,6.37,0.228,21.56,0.26,72.4
2018-06-13T05:30:00Z,GYK,Greys_Creek,38.44901667,-75.13245,0.3,6.52,0.207,21.5,0.24,74.0
2018-06-13T05:45:00Z,GYK,Greys_Creek,38.44901667,-75.13245,0.3,6.7,0.19,21.7,0.27,76.3
2018-06-13T06:00:00Z,GYK,Greys_Creek,38.44901667,-75.13245,0.3,6.66,0.167,21.68,0.27,75.8
2018-06-13T06:15:00Z,GYK,Greys_Creek,38.44901667,-75.13245,0.3,6.57,0.153,21.61,0.29,74.7
2018-06-13T06:30:00Z,GYK,Greys_Creek,38.44901667,-75.13245,0.3,6.35,0.135,21.19,0.25,71.6
2018-06-13T06:45:00Z,GYK,Greys_Creek,38.44901667,-75.13245,0.3,6.53,0.115,21.38,0.26,73.9
2018-06-13T07:00:00Z,GYK,Greys_Creek,38.44901667,-75.13245,0.3,6.49,0.1,21.11,0.23,73.0
2018-06-13T07:15:00Z,GYK,Greys_Creek,38.44901667,-75.13245,0.3,6.24,0.086,21.19,0.25,70.3
2018-06-13T07:30:00Z,GYK,Greys_Creek,38.44901667,-75.13245,0.3,6.42,0.069,21.07,0.23,72.2
2018-06-13T07:45:00Z,GYK,Greys_Creek,38.44901667,-75.13245,0.3,6.48,0.05,21.21,0.27,73.1
2018-06-13T08:00:00Z,GYK,Greys_Creek,38.44901667,-75.13245,0.3,6.27,0.046,20.79,0.26,70.2
2018-06-13T08:15:00Z,GYK,Greys_Creek,38.44901667,-75.13245,0.3,6.35,0.037,20.68,0.23,70.8
2018-06-13T08:30:00Z,GYK,Greys_Creek,38.44901667,-75.13245,0.3,6.31,0.02,20.66,0.22,70.4
2018-06-13T08:45:00Z,GYK,Greys_Creek,38.44901667,-75.13245,0.3,6.31,0.02,20.75,0.25,70.5
2018-06-13T09:00:00Z,GYK,Greys_Creek,38.44901667,-75.13245,0.3,6.16,0.021,20.72,0.27,68.8
2018-06-13T09:15:00Z,GYK,Greys_Creek,38.44901667,-75.13245,0.3,6.34,0.019,20.47,0.2,70.4
2018-06-13T09:30:00Z,GYK,Greys_Creek,38.44901667,-75.13245,0.3,6.22,0.022,20.56,0.23,69.2
2018-06-13T09:45:00Z,GYK,Greys_Creek,38.44901667,-75.13245,0.3,6.06,0.023,20.63,0.27,67.6
2018-06-13T10:00:00Z,GYK,Greys_Creek,38.44901667,-75.13245,0.3,6.16,0.032,20.08,0.21,68.0
2018-06-13T10:15:00Z,GYK,Greys_Creek,38.44901667,-75.13245,0.3,6.05,0.046,19.9,0.17,66.4
2018-06-13T10:30:00Z,GYK,Greys_Creek,38.44901667,-75.13245,0.3,5.56,0.077,20.21,0.19,61.4
2018-06-13T10:45:00Z,GYK,Greys_Creek,38.44901667,-75.13245,0.3,5.78,0.101,20.51,0.24,64.3
2018-06-13T11:00:00Z,GYK,Greys_Creek,38.44901667,-75.13245,0.3,5.59,0.116,20.24,0.26,61.9
2018-06-13T11:15:00Z,GYK,Greys_Creek,38.44901667,-75.13245,0.3,5.59,0.133,20.2,0.24,61.8
2018-06-13T11:30:00Z,GYK,Greys_Creek,38.44901667,-75.13245,0.3,5.58,0.15,20.26,0.25,61.8
2018-06-13T11:45:00Z,GYK,Greys_Creek,38.44901667,-75.13245,0.3,5.44,0.167,20.22,0.25,60.2
2018-06-13T12:00:00Z,GYK,Greys_Creek,38.44901667,-75.13245,0.3,5.1,0.179,20.31,0.37,56.6
2018-06-13T12:15:00Z,GYK,Greys_Creek,38.44901667,-75.13245,0.3,5.42,0.188,20.07,0.34,59.8
2018-06-13T12:30:00Z,GYK,Greys_Creek,38.44901667,-75.13245,0.3,5.27,0.205,20.07,0.3,58.2
2018-06-13T12:45:00Z,GYK,Greys_Creek,38.44901667,-75.13245,0.3,4.44,0.225,20.91,0.71,49.9
2018-06-13T13:00:00Z,GYK,Greys_Creek,38.44901667,-75.13245,0.3,4.98,0.235,20.76,0.66,55.8
2018-06-13T13:15:00Z,GYK,Greys_Creek,38.44901667,-75.13245,0.3,5.85,0.237,20.15,0.48,64.7
2018-06-13T13:30:00Z,GYK,Greys_Creek,38.44901667,-75.13245,0.3,6.01,0.24,19.93,0.35,66.1
2018-06-13T13:45:00Z,GYK,Greys_Creek,38.44901667,-75.13245,0.3,5.98,0.242,19.96,0.46,65.9
2018-06-13T14:00:00Z,GYK,Greys_Creek,38.44901667,-75.13245,0.3,5.96,0.242,20.04,0.51,65.8
2018-06-13T14:15:00Z,GYK,Greys_Creek,38.44901667,-75.13245,0.3,6.19,0.236,19.88,0.4,68.1
2018-06-13T14:30:00Z,GYK,Greys_Creek,38.44901667,-75.13245,0.3,6.27,0.229,19.77,0.31,68.8
2018-06-13T14:45:00Z,GYK,Greys_Creek,38.44901667,-75.13245,0.3,6.32,0.219,19.93,0.32,69.5
2018-06-13T15:00:00Z,GYK,Greys_Creek,38.44901667,-75.13245,0.3,6.39,0.202,19.99,0.33,70.3
2018-06-13T15:15:00Z,GYK,Greys_Creek,38.44901667,-75.13245,0.3,6.26,0.18,20.24,0.28,69.3
2018-06-13T15:30:00Z,GYK,Greys_Creek,38.44901667,-75.13245,0.3,6.42,0.155,20.32,0.36,71.2
2018-06-13T15:45:00Z,GYK,Greys_Creek,38.44901667,-75.13245,0.3,6.32,0.145,20.59,0.31,70.4
2018-06-13T16:00:00Z,GYK,Greys_Creek,38.44901667,-75.13245,0.3,6.56,0.131,20.46,0.37,72.9
2018-06-13T16:15:00Z,GYK,Greys_Creek,38.44901667,-75.13245,0.3,6.91,0.131,20.45,0.26,76.8
2018-06-13T16:30:00Z,GYK,Greys_Creek,38.44901667,-75.13245,0.3,7.11,0.122,20.54,0.21,79.2
2018-06-13T16:45:00Z,GYK,Greys_Creek,38.44901667,-75.13245,0.3,7.01,0.108,20.75,0.23,78.4
2018-06-13T17:00:00Z,GYK,Greys_Creek,38.44901667,-75.13245,0.3,7.02,0.089,20.79,0.23,78.6
2018-06-13T17:15:00Z,GYK,Greys_Creek,38.44901667,-75.13245,0.3,6.83,0.072,21.32,0.22,77.2
2018-06-13T17:30:00Z,GYK,Greys_Creek,38.44901667,-75.13245,0.3,6.9,0.059,22.11,0.22,79.2
2018-06-13T17:45:00Z,GYK,Greys_Creek,38.44901667,-75.13245,0.3,6.98,0.029,21.84,0.22,79.7
2018-06-13T18:00:00Z,GYK,Greys_Creek,38.44901667,-75.13245,0.3,6.86,0.011,22.24,0.26,78.9
2018-06-13T18:15:00Z,GYK,Greys_Creek,38.44901667,-75.13245,0.3,7.09,0.0,22.93,0.26,82.6
2018-06-13T18:30:00Z,GYK,Greys_Creek,38.44901667,-75.13245,0.3,7.71,NaN,22.41,0.24,89.0
2018-06-13T18:45:00Z,GYK,Greys_Creek,38.44901667,-75.13245,0.3,7.97,NaN,22.7,0.22,92.5
2018-06-13T19:00:00Z,GYK,Greys_Creek,38.44901667,-75.13245,0.3,7.85,0.0,23.4,0.24,92.4
2018-06-13T19:15:00Z,GYK,Greys_Creek,38.44901667,-75.13245,0.3,7.43,NaN,23.57,0.28,87.7
2018-06-13T19:30:00Z,GYK,Greys_Creek,38.44901667,-75.13245,0.3,7.79,NaN,23.53,0.28,91.9
2018-06-13T19:45:00Z,GYK,Greys_Creek,38.44901667,-75.13245,0.3,7.74,NaN,23.77,0.28,91.7
2018-06-13T20:00:00Z,GYK,Greys_Creek,38.44901667,-75.13245,0.3,8.38,NaN,23.71,0.21,99.2
2018-06-13T20:15:00Z,GYK,Greys_Creek,38.44901667,-75.13245,0.3,7.82,NaN,24.02,0.17,93.0
2018-06-13T20:30:00Z,GYK,Greys_Creek,38.44901667,-75.13245,0.3,8.11,NaN,23.99,0.13,96.4
2018-06-13T20:45:00Z,GYK,Greys_Creek,38.44901667,-75.13245,0.3,8.35,NaN,23.94,0.12,99.1
2018-06-13T21:00:00Z,GYK,Greys_Creek,38.44901667,-75.13245,0.3,8.27,NaN,23.92,0.12,98.1
2018-06-13T21:15:00Z,GYK,Greys_Creek,38.44901667,-75.13245,0.3,8.39,NaN,24.0,0.12,99.7
2018-06-13T21:30:00Z,GYK,Greys_Creek,38.44901667,-75.13245,0.3,8.46,NaN,23.93,0.11,100.4
2018-06-13T21:45:00Z,GYK,Greys_Creek,38.44901667,-75.13245,0.3,7.86,NaN,23.78,0.35,93.2
2018-06-13T22:00:00Z,GYK,Greys_Creek,38.44901667,-75.13245,0.3,7.19,NaN,24.17,0.93,86.1
2018-06-13T22:15:00Z,GYK,Greys_Creek,38.44901667,-75.13245,0.3,7.06,NaN,24.3,0.99,84.9
2018-06-13T22:30:00Z,GYK,Greys_Creek,38.44901667,-75.13245,0.3,6.83,NaN,24.81,1.47,83.0
2018-06-13T22:45:00Z,GYK,Greys_Creek,38.44901667,-75.13245,0.3,6.89,NaN,25.28,1.1,84.3
2018-06-13T23:00:00Z,GYK,Greys_Creek,38.44901667,-75.13245,0.3,6.81,0.017,25.07,1.5,83.2
2018-06-13T23:15:00Z,GYK,Greys_Creek,38.44901667,-75.13245,0.3,6.36,0.044,24.94,1.58,77.5
2018-06-13T23:30:00Z,GYK,Greys_Creek,38.44901667,-75.13245,0.3,6.72,0.062,25.03,1.49,82.0
2018-06-13T23:45:00Z,GYK,Greys_Creek,38.44901667,-75.13245,0.3,7.06,0.078,24.85,0.91,85.7
2018-06-14T00:00:00Z,GYK,Greys_Creek,38.44901667,-75.13245,0.3,5.22,0.107,24.47,0.9,62.9
2018-06-14T00:15:00Z,GYK,Greys_Creek,38.44901667,-75.13245,0.3,5.65,0.13,24.62,3.57,69.3
2018-06-14T00:30:00Z,GYK,Greys_Creek,38.44901667,-75.13245,0.3,6.11,0.146,24.29,0.34,73.1
2018-06-14T00:45:00Z,GYK,Greys_Creek,38.44901667,-75.13245,0.3,7.08,0.165,25.09,4.3,88.0
2018-06-14T01:00:00Z,GYK,Greys_Creek,38.44901667,-75.13245,0.3,5.87,0.185,24.55,4.13,72.1
2018-06-14T01:15:00Z,GYK,Greys_Creek,38.44901667,-75.13245,0.3,8.87,0.204,25.62,4.54,111.4
2018-06-14T01:30:00Z,GYK,Greys_Creek,38.44901667,-75.13245,0.3,9.07,0.224,25.46,5.39,114.1
2018-06-14T01:45:00Z,GYK,Greys_Creek,38.44901667,-75.13245,0.3,9.4,0.241,25.52,4.49,117.8
2018-06-14T02:00:00Z,GYK,Greys_Creek,38.44901667,-75.13245,0.3,9.63,0.252,25.34,4.27,120.1
2018-06-14T02:15:00Z,GYK,Greys_Creek,38.44901667,-75.13245,0.3,9.15,0.261,25.43,4.56,114.5
2018-06-14T02:30:00Z,GYK,Greys_Creek,38.44901667,-75.13245,0.3,8.74,0.271,25.77,5.92,110.9
2018-06-14T02:45:00Z,GYK,Greys_Creek,38.44901667,-75.13245,0.3,8.14,0.28,25.85,5.69,103.3
2018-06-14T03:00:00Z,GYK,Greys_Creek,38.44901667,-75.13245,0.3,8.54,0.286,25.71,5.8,108.2
2018-06-14T03:15:00Z,GYK,Greys_Creek,38.44901667,-75.13245,0.3,8.47,0.282,25.45,2.9,105.1
2018-06-14T03:30:00Z,GYK,Greys_Creek,38.44901667,-75.13245,0.3,8.8,0.277,23.95,1.52,105.3
2018-06-14T03:45:00Z,GYK,Greys_Creek,38.44901667,-75.13245,0.3,6.72,0.268,23.8,0.94,80.0
2018-06-14T04:00:00Z,GYK,Greys_Creek,38.44901667,-75.13245,0.3,6.39,0.251,23.81,1.0,76.1
2018-06-14T04:15:00Z,GYK,Greys_Creek,38.44901667,-75.13245,0.3,6.07,0.222,23.95,0.73,72.4
2018-06-14T04:30:00Z,GYK,Greys_Creek,38.44901667,-75.13245,0.3,6.33,0.196,23.8,0.77,75.3
2018-06-14T04:45:00Z,GYK,Greys_Creek,38.44901667,-75.13245,0.3,6.45,0.177,23.77,0.84,76.7
2018-06-14T05:00:00Z,GYK,Greys_Creek,38.44901667,-75.13245,0.3,6.22,0.166,23.63,0.82,73.7
2018-06-14T05:15:00Z,GYK,Greys_Creek,38.44901667,-75.13245,0.3,6.3,0.156,23.56,0.77,74.6
2018-06-14T05:30:00Z,GYK,Greys_Creek,38.44901667,-75.13245,0.3,6.01,0.129,23.6,0.79,71.1
2018-06-14T05:45:00Z,GYK,Greys_Creek,38.44901667,-75.13245,0.3,6.15,0.108,23.62,0.88,72.9
2018-06-14T06:00:00Z,GYK,Greys_Creek,38.44901667,-75.13245,0.3,6.29,0.087,23.34,0.62,74.1
2018-06-14T06:15:00Z,GYK,Greys_Creek,38.44901667,-75.13245,0.3,6.11,0.073,23.22,0.6,71.8
2018-06-14T06:30:00Z,GYK,Greys_Creek,38.44901667,-75.13245,0.3,6.27,0.055,23.34,0.68,73.9
2018-06-14T06:45:00Z,GYK,Greys_Creek,38.44901667,-75.13245,0.3,6.16,0.04,23.08,0.58,72.2
2018-06-14T07:00:00Z,GYK,Greys_Creek,38.44901667,-75.13245,0.3,6.1,0.018,23.45,0.78,72.0
2018-06-14T07:15:00Z,GYK,Greys_Creek,38.44901667,-75.13245,0.3,5.77,0.003,23.32,1.4,68.2
2018-06-14T07:30:00Z,GYK,Greys_Creek,38.44901667,-75.13245,0.3,6.05,NaN,22.98,0.62,70.8
2018-06-14T07:45:00Z,GYK,Greys_Creek,38.44901667,-75.13245,0.3,5.97,NaN,23.24,0.75,70.2
2018-06-14T08:00:00Z,GYK,Greys_Creek,38.44901667,-75.13245,0.3,5.97,NaN,23.24,0.73,70.2
2018-06-14T08:15:00Z,GYK,Greys_Creek,38.44901667,-75.13245,0.3,5.94,NaN,23.27,0.71,69.8
2018-06-14T08:30:00Z,GYK,Greys_Creek,38.44901667,-75.13245,0.3,5.62,NaN,22.76,0.9,65.6
2018-06-14T08:45:00Z,GYK,Greys_Creek,38.44901667,-75.13245,0.3,5.88,NaN,22.46,0.64,68.1
2018-06-14T09:00:00Z,GYK,Greys_Creek,38.44901667,-75.13245,0.3,5.78,NaN,22.43,0.71,67.0
2018-06-14T09:15:00Z,GYK,Greys_Creek,38.44901667,-75.13245,0.3,5.87,NaN,22.85,0.72,68.5
2018-06-14T09:30:00Z,GYK,Greys_Creek,38.44901667,-75.13245,0.3,5.84,NaN,22.28,0.67,67.4
2018-06-14T09:45:00Z,GYK,Greys_Creek,38.44901667,-75.13245,0.3,5.81,NaN,22.27,0.8,67.0
2018-06-14T10:00:00Z,GYK,Greys_Creek,38.44901667,-75.13245,0.3,5.81,NaN,22.65,0.65,67.5
2018-06-14T10:15:00Z,GYK,Greys_Creek,38.44901667,-75.13245,0.3,5.95,NaN,21.77,0.41,67.9
2018-06-14T10:30:00Z,GYK,Greys_Creek,38.44901667,-75.13245,0.3,5.85,NaN,21.94,0.41,67.0
2018-06-14T10:45:00Z,GYK,Greys_Creek,38.44901667,-75.13245,0.3,5.94,NaN,21.89,0.36,68.0
2018-06-14T11:00:00Z,GYK,Greys_Creek,38.44901667,-75.13245,0.3,5.97,NaN,21.6,0.49,67.9
2018-06-14T11:15:00Z,GYK,Greys_Creek,38.44901667,-75.13245,0.3,5.9,NaN,21.67,0.58,67.3
2018-06-14T11:30:00Z,GYK,Greys_Creek,38.44901667,-75.13245,0.3,2.57,NaN,21.83,0.75,29.4
2018-06-14T11:45:00Z,GYK,Greys_Creek,38.44901667,-75.13245,0.3,2.57,NaN,23.29,1.15,30.4
2018-06-14T12:00:00Z,GYK,Greys_Creek,38.44901667,-75.13245,0.3,4.89,NaN,22.62,0.79,56.9
2018-06-14T12:15:00Z,GYK,Greys_Creek,38.44901667,-75.13245,0.3,6.14,NaN,23.16,0.96,72.2
2018-06-14T12:30:00Z,GYK,Greys_Creek,38.44901667,-75.13245,0.3,5.64,0.011,23.24,1.06,66.4
2018-06-14T12:45:00Z,GYK,Greys_Creek,38.44901667,-75.13245,0.3,5.88,0.025,23.11,0.98,69.1
2018-06-14T13:00:00Z,GYK,Greys_Creek,38.44901667,-75.13245,0.3,4.49,0.037,23.39,1.07,53.0
2018-06-14T13:15:00Z,GYK,Greys_Creek,38.44901667,-75.13245,0.3,4.97,0.049,22.62,1.14,57.9
2018-06-14T13:30:00Z,GYK,Greys_Creek,38.44901667,-75.13245,0.3,4.43,0.07,23.94,6.89,54.7
2018-06-14T13:45:00Z,GYK,Greys_Creek,38.44901667,-75.13245,0.3,4.53,0.09,24.02,8.62,56.5
2018-06-14T14:00:00Z,GYK,Greys_Creek,38.44901667,-75.13245,0.3,5.69,0.101,23.83,2.32,68.2
2018-06-14T14:15:00Z,GYK,Greys_Creek,38.44901667,-75.13245,0.3,7.0,0.101,22.89,1.43,82.0
2018-06-14T14:30:00Z,GYK,Greys_Creek,38.44901667,-75.13245,0.3,6.77,0.108,22.68,1.62,79.1
2018-06-14T14:45:00Z,GYK,Greys_Creek,38.44901667,-75.13245,0.3,6.29,0.117,22.92,1.64,73.9
2018-06-14T15:00:00Z,GYK,Greys_Creek,38.44901667,-75.13245,0.3,6.38,0.126,23.09,1.51,75.1
2018-06-14T15:15:00Z,GYK,Greys_Creek,38.44901667,-75.13245,0.3,6.79,0.115,23.72,1.78,81.1
2018-06-14T15:30:00Z,GYK,Greys_Creek,38.44901667,-75.13245,0.3,8.11,0.099,23.12,1.64,95.7
2018-06-14T15:45:00Z,GYK,Greys_Creek,38.44901667,-75.13245,0.3,8.1,0.095,23.09,2.61,96.0
2018-06-14T16:00:00Z,GYK,Greys_Creek,38.44901667,-75.13245,0.3,8.63,0.081,23.08,2.26,102.1
2018-06-14T16:15:00Z,GYK,Greys_Creek,38.44901667,-75.13245,0.3,8.04,0.053,23.15,1.82,95.0
2018-06-14T16:30:00Z,GYK,Greys_Creek,38.44901667,-75.13245,0.3,10.15,0.023,24.14,2.21,122.4
2018-06-14T16:45:00Z,GYK,Greys_Creek,38.44901667,-75.13245,0.3,9.25,0.012,23.72,2.68,111.0
2018-06-14T17:00:00Z,GYK,Greys_Creek,38.44901667,-75.13245,0.3,8.17,0.004,23.45,1.91,97.2
2018-06-14T17:15:00Z,GYK,Greys_Creek,38.44901667,-75.13245,0.3,9.78,NaN,24.78,2.34,119.4
2018-06-14T17:30:00Z,GYK,Greys_Creek,38.44901667,-75.13245,0.3,9.15,NaN,23.8,1.94,109.4
2018-06-14T17:45:00Z,GYK,Greys_Creek,38.44901667,-75.13245,0.3,10.19,NaN,25.92,2.57,127.2
2018-06-14T18:00:00Z,GYK,Greys_Creek,38.44901667,-75.13245,0.3,9.44,NaN,23.94,1.57,113.0
2018-06-14T18:15:00Z,GYK,Greys_Creek,38.44901667,-75.13245,0.3,10.33,NaN,25.52,2.38,127.9
2018-06-14T18:30:00Z,GYK,Greys_Creek,38.44901667,-75.13245,0.3,11.87,NaN,25.89,2.77,148.3
2018-06-14T18:45:00Z,GYK,Greys_Creek,38.44901667,-75.13245,0.3,9.52,NaN,24.8,1.96,116.1
2018-06-14T19:00:00Z,GYK,Greys_Creek,38.44901667,-75.13245,0.3,10.94,NaN,25.41,1.06,134.2
2018-06-14T19:15:00Z,GYK,Greys_Creek,38.44901667,-75.13245,0.3,10.92,NaN,26.11,1.11,135.7
2018-06-14T19:30:00Z,GYK,Greys_Creek,38.44901667,-75.13245,0.3,NaN,NaN,NaN,NaN,NaN
2018-06-14T19:45:00Z,GYK,Greys_Creek,38.44901667,-75.13245,0.3,NaN,NaN,NaN,NaN,NaN
2018-06-14T20:00:00Z,GYK,Greys_Creek,38.44901667,-75.13245,0.3,NaN,NaN,NaN,NaN,NaN
2018-06-14T20:15:00Z,GYK,Greys_Creek,38.44901667,-75.13245,0.3,NaN,NaN,NaN,NaN,NaN
2018-06-14T20:30:00Z,GYK,Greys_Creek,38.44901667,-75.13245,0.3,NaN,NaN,NaN,NaN,NaN
2018-06-14T20:45:00Z,GYK,Greys_Creek,38.44901667,-75.13245,0.3,NaN,NaN,NaN,NaN,NaN
2018-06-14T21:00:00Z,GYK,Greys_Creek,38.44901667,-75.13245,0.3,NaN,NaN,NaN,NaN,NaN
2018-06-14T21:15:00Z,GYK,Greys_Creek,38.44901667,-75.13245,0.3,NaN,NaN,NaN,NaN,NaN
2018-06-14T21:30:00Z,GYK,Greys_Creek,38.44901667,-75.13245,0.3,NaN,NaN,NaN,NaN,NaN
2018-06-14T21:45:00Z,GYK,Greys_Creek,38.44901667,-75.13245,0.3,NaN,NaN,NaN,NaN,NaN
2018-06-14T22:00:00Z,GYK,Greys_Creek,38.44901667,-75.13245,0.3,NaN,NaN,NaN,NaN,NaN
2018-06-14T22:15:00Z,GYK,Greys_Creek,38.44901667,-75.13245,0.3,NaN,NaN,NaN,NaN,NaN
2018-06-14T22:30:00Z,GYK,Greys_Creek,38.44901667,-75.13245,0.3,NaN,NaN,NaN,NaN,NaN
2018-06-14T22:45:00Z,GYK,Greys_Creek,38.44901667,-75.13245,0.3,NaN,NaN,NaN,NaN,NaN
2018-06-14T23:00:00Z,GYK,Greys_Creek,38.44901667,-75.13245,0.3,NaN,NaN,NaN,NaN,NaN
2018-06-14T23:15:00Z,GYK,Greys_Creek,38.44901667,-75.13245,0.3,12.25,NaN,24.2,3.45,148.9
2018-06-14T23:30:00Z,GYK,Greys_Creek,38.44901667,-75.13245,0.3,9.81,NaN,23.82,1.85,117.3
2018-06-14T23:45:00Z,GYK,Greys_Creek,38.44901667,-75.13245,0.3,10.59,NaN,24.68,2.87,129.5
2018-06-15T00:00:00Z,GYK,Greys_Creek,38.44901667,-75.13245,0.3,11.95,NaN,25.03,2.28,146.6
2018-06-15T00:15:00Z,GYK,Greys_Creek,38.44901667,-75.13245,0.3,12.71,NaN,25.03,5.71,159.0
2018-06-15T00:30:00Z,GYK,Greys_Creek,38.44901667,-75.13245,0.3,12.56,NaN,25.07,5.57,157.0
2018-06-15T00:45:00Z,GYK,Greys_Creek,38.44901667,-75.13245,0.3,12.29,0.017,24.99,4.4,152.4
2018-06-15T01:00:00Z,GYK,Greys_Creek,38.44901667,-75.13245,0.3,11.93,0.044,24.69,8.8,150.9
2018-06-15T01:15:00Z,GYK,Greys_Creek,38.44901667,-75.13245,0.3,10.57,0.073,25.09,9.18,134.9
2018-06-15T01:30:00Z,GYK,Greys_Creek,38.44901667,-75.13245,0.3,10.84,0.099,25.05,9.94,139.0
2018-06-15T01:45:00Z,GYK,Greys_Creek,38.44901667,-75.13245,0.3,10.9,0.123,25.24,9.85,140.1
2018-06-15T02:00:00Z,GYK,Greys_Creek,38.44901667,-75.13245,0.3,11.19,0.147,25.24,9.87,143.9
2018-06-15T02:15:00Z,GYK,Greys_Creek,38.44901667,-75.13245,0.3,11.22,0.169,25.38,10.36,145.0
2018-06-15T02:30:00Z,GYK,Greys_Creek,38.44901667,-75.13245,0.3,10.63,0.187,25.43,10.58,137.7
2018-06-15T02:45:00Z,GYK,Greys_Creek,38.44901667,-75.13245,0.3,10.26,0.199,25.51,10.81,133.2
2018-06-15T03:00:00Z,GYK,Greys_Creek,38.44901667,-75.13245,0.3,10.16,0.215,25.46,10.78,131.7
2018-06-15T03:15:00Z,GYK,Greys_Creek,38.44901667,-75.13245,0.3,9.83,0.231,25.45,10.88,127.6
2018-06-15T03:30:00Z,GYK,Greys_Creek,38.44901667,-75.13245,0.3,9.15,0.245,25.48,10.93,118.9
2018-06-15T03:45:00Z,GYK,Greys_Creek,38.44901667,-75.13245,0.3,9.16,0.254,25.52,11.14,119.2
2018-06-15T04:00:00Z,GYK,Greys_Creek,38.44901667,-75.13245,0.3,9.34,0.262,25.47,11.14,121.4
2018-06-15T04:15:00Z,GYK,Greys_Creek,38.44901667,-75.13245,0.3,8.74,0.264,25.48,11.17,113.7
2018-06-15T04:30:00Z,GYK,Greys_Creek,38.44901667,-75.13245,0.3,8.35,0.264,25.42,11.1,108.4
2018-06-15T04:45:00Z,GYK,Greys_Creek,38.44901667,-75.13245,0.3,8.93,0.254,25.42,7.99,113.9
2018-06-15T05:00:00Z,GYK,Greys_Creek,38.44901667,-75.13245,0.3,9.46,0.245,25.4,8.06,120.7
2018-06-15T05:15:00Z,GYK,Greys_Creek,38.44901667,-75.13245,0.3,8.86,0.224,25.32,7.47,112.6
2018-06-15T05:30:00Z,GYK,Greys_Creek,38.44901667,-75.13245,0.3,7.73,0.195,23.11,2.13,91.4
2018-06-15T05:45:00Z,GYK,Greys_Creek,38.44901667,-75.13245,0.3,6.86,0.169,23.1,2.15,81.1
2018-06-15T06:00:00Z,GYK,Greys_Creek,38.44901667,-75.13245,0.3,6.84,0.146,22.89,2.15,80.6
2018-06-15T06:15:00Z,GYK,Greys_Creek,38.44901667,-75.13245,0.3,6.65,0.137,22.63,1.87,77.7
2018-06-15T06:30:00Z,GYK,Greys_Creek,38.44901667,-75.13245,0.3,6.65,0.121,22.56,1.93,77.8
2018-06-15T06:45:00Z,GYK,Greys_Creek,38.44901667,-75.13245,0.3,6.65,0.103,22.42,1.89,77.5
2018-06-15T07:00:00Z,GYK,Greys_Creek,38.44901667,-75.13245,0.3,6.54,0.086,22.35,1.92,76.1
2018-06-15T07:15:00Z,GYK,Greys_Creek,38.44901667,-75.13245,0.3,6.56,0.066,22.32,1.78,76.2
2018-06-15T07:30:00Z,GYK,Greys_Creek,38.44901667,-75.13245,0.3,6.59,0.049,22.19,1.68,76.4
2018-06-15T07:45:00Z,GYK,Greys_Creek,38.44901667,-75.13245,0.3,6.48,0.034,21.94,1.52,74.7
2018-06-15T08:00:00Z,GYK,Greys_Creek,38.44901667,-75.13245,0.3,6.56,0.018,21.78,1.33,75.3
2018-06-15T08:15:00Z,GYK,Greys_Creek,38.44901667,-75.13245,0.3,6.58,0.002,21.64,1.47,75.4
2018-06-15T08:30:00Z,GYK,Greys_Creek,38.44901667,-75.13245,0.3,6.43,0.001,21.52,1.53,73.5
2018-06-15T08:45:00Z,GYK,Greys_Creek,38.44901667,-75.13245,0.3,6.36,0.001,21.26,1.25,72.2
2018-06-15T09:00:00Z,GYK,Greys_Creek,38.44901667,-75.13245,0.3,6.37,0.001,21.11,1.23,72.1
2018-06-15T09:15:00Z,GYK,Greys_Creek,38.44901667,-75.13245,0.3,6.61,0.0,21.07,1.59,75.0
2018-06-15T09:30:00Z,GYK,Greys_Creek,38.44901667,-75.13245,0.3,6.45,0.003,21.19,2.18,73.6
2018-06-15T09:45:00Z,GYK,Greys_Creek,38.44901667,-75.13245,0.3,6.19,0.003,20.96,2.13,70.2
2018-06-15T10:00:00Z,GYK,Greys_Creek,38.44901667,-75.13245,0.3,6.35,0.004,20.12,0.9,70.3
2018-06-15T10:15:00Z,GYK,Greys_Creek,38.44901667,-75.13245,0.3,6.49,0.005,20.4,0.79,72.2
2018-06-15T10:30:00Z,GYK,Greys_Creek,38.44901667,-75.13245,0.3,6.27,0.006,20.66,0.91,70.2
2018-06-15T10:45:00Z,GYK,Greys_Creek,38.44901667,-75.13245,0.3,6.26,0.009,20.55,0.88,70.0
2018-06-15T11:00:00Z,GYK,Greys_Creek,38.44901667,-75.13245,0.3,6.11,0.011,20.34,0.95,68.0
2018-06-15T11:15:00Z,GYK,Greys_Creek,38.44901667,-75.13245,0.3,6.21,0.012,20.0,0.73,68.5
2018-06-15T11:30:00Z,GYK,Greys_Creek,38.44901667,-75.13245,0.3,6.84,0.012,20.27,0.81,76.0
2018-06-15T11:45:00Z,GYK,Greys_Creek,38.44901667,-75.13245,0.3,6.86,0.013,20.37,2.05,76.9
2018-06-15T12:00:00Z,GYK,Greys_Creek,38.44901667,-75.13245,0.3,5.19,0.016,23.28,8.11,63.7
2018-06-15T12:15:00Z,GYK,Greys_Creek,38.44901667,-75.13245,0.3,7.45,0.017,23.66,9.56,92.9
2018-06-15T12:30:00Z,GYK,Greys_Creek,38.44901667,-75.13245,0.3,7.24,0.018,20.82,2.4,82.0
2018-06-15T12:45:00Z,GYK,Greys_Creek,38.44901667,-75.13245,0.3,8.0,0.026,21.43,2.91,92.0
2018-06-15T13:00:00Z,GYK,Greys_Creek,38.44901667,-75.13245,0.3,8.34,0.051,23.89,10.07,104.7
2018-06-15T13:15:00Z,GYK,Greys_Creek,38.44901667,-75.13245,0.3,10.33,0.075,23.96,10.26,130.1
2018-06-15T13:30:00Z,GYK,Greys_Creek,38.44901667,-75.13245,0.3,9.31,0.093,24.15,10.56,117.7
2018-06-15T13:45:00Z,GYK,Greys_Creek,38.44901667,-75.13245,0.3,9.93,0.114,24.17,10.75,125.9
2018-06-15T14:00:00Z,GYK,Greys_Creek,38.44901667,-75.13245,0.3,9.94,0.137,24.21,10.65,126.0
2018-06-15T14:15:00Z,GYK,Greys_Creek,38.44901667,-75.13245,0.3,9.87,0.161,24.46,10.85,125.8
2018-06-15T14:30:00Z,GYK,Greys_Creek,38.44901667,-75.13245,0.3,9.76,0.175,24.64,11.22,125.1
2018-06-15T14:45:00Z,GYK,Greys_Creek,38.44901667,-75.13245,0.3,9.83,0.186,24.71,11.41,126.3
2018-06-15T15:00:00Z,GYK,Greys_Creek,38.44901667,-75.13245,0.3,11.02,0.196,24.93,11.31,142.0
2018-06-15T15:15:00Z,GYK,Greys_Creek,38.44901667,-75.13245,0.3,10.17,0.208,24.91,11.38,131.0
2018-06-15T15:30:00Z,GYK,Greys_Creek,38.44901667,-75.13245,0.3,10.97,0.222,25.05,11.68,142.0
2018-06-15T15:45:00Z,GYK,Greys_Creek,38.44901667,-75.13245,0.3,11.69,0.228,25.15,11.68,151.6
2018-06-15T16:00:00Z,GYK,Greys_Creek,38.44901667,-75.13245,0.3,12.7,0.226,25.05,10.86,163.6
2018-06-15T16:15:00Z,GYK,Greys_Creek,38.44901667,-75.13245,0.3,11.67,0.226,25.15,11.8,151.4
2018-06-15T16:30:00Z,GYK,Greys_Creek,38.44901667,-75.13245,0.3,11.96,0.234,25.34,11.56,155.5
2018-06-15T16:45:00Z,GYK,Greys_Creek,38.44901667,-75.13245,0.3,13.18,0.237,25.54,11.76,172.1
2018-06-15T17:00:00Z,GYK,Greys_Creek,38.44901667,-75.13245,0.3,20.98,0.223,25.87,8.56,270.8
2018-06-15T17:15:00Z,GYK,Greys_Creek,38.44901667,-75.13245,0.3,15.78,0.196,25.33,4.72,197.3
2018-06-15T17:30:00Z,GYK,Greys_Creek,38.44901667,-75.13245,0.3,16.15,0.172,23.97,3.79,195.9
2018-06-15T17:45:00Z,GYK,Greys_Creek,38.44901667,-75.13245,0.3,12.94,0.159,23.71,4.39,156.8
2018-06-15T18:00:00Z,GYK,Greys_Creek,38.44901667,-75.13245,0.3,11.71,0.152,23.46,2.55,139.7
2018-06-15T18:15:00Z,GYK,Greys_Creek,38.44901667,-75.13245,0.3,12.3,0.126,23.54,3.13,147.4
2018-06-15T18:30:00Z,GYK,Greys_Creek,38.44901667,-75.13245,0.3,10.05,0.107,22.77,1.83,117.9
2018-06-15T18:45:00Z,GYK,Greys_Creek,38.44901667,-75.13245,0.3,12.03,0.096,24.0,2.64,145.1
2018-06-15T19:00:00Z,GYK,Greys_Creek,38.44901667,-75.13245,0.3,11.37,0.067,23.64,2.77,136.3
2018-06-15T19:15:00Z,GYK,Greys_Creek,38.44901667,-75.13245,0.3,11.52,0.057,23.95,2.57,138.8
2018-06-15T19:30:00Z,GYK,Greys_Creek,38.44901667,-75.13245,0.3,11.07,0.035,24.19,2.49,133.9
2018-06-15T19:45:00Z,GYK,Greys_Creek,38.44901667,-75.13245,0.3,12.81,0.048,24.22,2.8,155.3
2018-06-15T20:00:00Z,GYK,Greys_Creek,38.44901667,-75.13245,0.3,13.19,0.02,24.37,3.4,160.8
2018-06-15T20:15:00Z,GYK,Greys_Creek,38.44901667,-75.13245,0.3,12.22,0.016,24.76,2.6,149.4
2018-06-15T20:30:00Z,GYK,Greys_Creek,38.44901667,-75.13245,0.3,10.44,0.013,23.72,2.27,125.0
2018-06-15T20:45:00Z,GYK,Greys_Creek,38.44901667,-75.13245,0.3,10.48,0.012,23.57,1.94,124.9
2018-06-15T21:00:00Z,GYK,Greys_Creek,38.44901667,-75.13245,0.3,12.06,0.012,24.75,2.88,147.7
2018-06-15T21:15:00Z,GYK,Greys_Creek,38.44901667,-75.13245,0.3,11.74,0.011,24.68,2.86,143.6
2018-06-15T21:30:00Z,GYK,Greys_Creek,38.44901667,-75.13245,0.3,10.7,0.013,24.0,1.89,128.5
2018-06-15T21:45:00Z,GYK,Greys_Creek,38.44901667,-75.13245,0.3,10.28,0.015,23.76,1.67,122.7
2018-06-15T22:00:00Z,GYK,Greys_Creek,38.44901667,-75.13245,0.3,10.57,0.017,24.1,1.88,127.2
2018-06-15T22:15:00Z,GYK,Greys_Creek,38.44901667,-75.13245,0.3,10.02,0.015,23.77,1.86,119.7
2018-06-15T22:30:00Z,GYK,Greys_Creek,38.44901667,-75.13245,0.3,9.33,0.016,23.46,1.41,110.6
2018-06-15T22:45:00Z,GYK,Greys_Creek,38.44901667,-75.13245,0.3,9.54,0.019,23.38,1.5,113.0
2018-06-15T23:00:00Z,GYK,Greys_Creek,38.44901667,-75.13245,0.3,9.27,0.019,23.31,1.77,109.8
2018-06-15T23:15:00Z,GYK,Greys_Creek,38.44901667,-75.13245,0.3,9.62,0.019,23.86,2.34,115.5
2018-06-15T23:30:00Z,GYK,Greys_Creek,38.44901667,-75.13245,0.3,12.08,0.018,24.08,2.88,146.1
2018-06-15T23:45:00Z,GYK,Greys_Creek,38.44901667,-75.13245,0.3,12.6,0.018,24.35,3.25,153.5
2018-06-16T00:00:00Z,GYK,Greys_Creek,38.44901667,-75.13245,0.3,13.35,0.036,24.96,4.21,165.3
2018-06-16T00:15:00Z,GYK,Greys_Creek,38.44901667,-75.13245,0.3,12.39,0.046,23.7,2.58,148.5
2018-06-16T00:30:00Z,GYK,Greys_Creek,38.44901667,-75.13245,0.3,14.85,0.064,26.19,5.07,189.0
2018-06-16T00:45:00Z,GYK,Greys_Creek,38.44901667,-75.13245,0.3,14.14,0.089,26.27,7.26,182.4
2018-06-16T01:00:00Z,GYK,Greys_Creek,38.44901667,-75.13245,0.3,13.65,0.118,26.61,8.53,178.5
2018-06-16T01:15:00Z,GYK,Greys_Creek,38.44901667,-75.13245,0.3,13.8,0.143,26.63,8.97,180.9
2018-06-16T01:30:00Z,GYK,Greys_Creek,38.44901667,-75.13245,0.3,13.97,0.171,26.53,9.31,183.2
2018-06-16T01:45:00Z,GYK,Greys_Creek,38.44901667,-75.13245,0.3,14.49,0.198,26.47,9.49,189.9
2018-06-16T02:00:00Z,GYK,Greys_Creek,38.44901667,-75.13245,0.3,14.48,0.223,26.45,9.8,190.1
2018-06-16T02:15:00Z,GYK,Greys_Creek,38.44901667,-75.13245,0.3,14.25,0.242,26.41,10.04,187.2
2018-06-16T02:30:00Z,GYK,Greys_Creek,38.44901667,-75.13245,0.3,13.74,0.267,26.39,10.2,180.6
2018-06-16T02:45:00Z,GYK,Greys_Creek,38.44901667,-75.13245,0.3,13.16,0.287,26.47,10.6,173.6
2018-06-16T03:00:00Z,GYK,Greys_Creek,38.44901667,-75.13245,0.3,12.97,0.307,26.37,10.75,171.0
2018-06-16T03:15:00Z,GYK,Greys_Creek,38.44901667,-75.13245,0.3,12.67,0.323,26.32,10.81,167.0
2018-06-16T03:30:00Z,GYK,Greys_Creek,38.44901667,-75.13245,0.3,12.35,0.339,26.27,10.97,162.8
2018-06-16T03:45:00Z,GYK,Greys_Creek,38.44901667,-75.13245,0.3,11.88,0.356,26.18,11.14,156.4
2018-06-16T04:00:00Z,GYK,Greys_Creek,38.44901667,-75.13245,0.3,11.41,0.369,26.16,11.17,150.1
2018-06-16T04:15:00Z,GYK,Greys_Creek,38.44901667,-75.13245,0.3,11.04,0.381,26.13,11.35,145.4
2018-06-16T04:30:00Z,GYK,Greys_Creek,38.44901667,-75.13245,0.3,10.72,0.39,26.11,11.41,141.2
2018-06-16T04:45:00Z,GYK,Greys_Creek,38.44901667,-75.13245,0.3,10.53,0.4,26.08,11.44,138.6
2018-06-16T05:00:00Z,GYK,Greys_Creek,38.44901667,-75.13245,0.3,10.44,0.406,26.04,11.53,137.5
2018-06-16T05:15:00Z,GYK,Greys_Creek,38.44901667,-75.13245,0.3,10.14,0.406,26.02,11.64,133.5
2018-06-16T05:30:00Z,GYK,Greys_Creek,38.44901667,-75.13245,0.3,9.9,0.405,26.0,11.66,130.3
2018-06-16T05:45:00Z,GYK,Greys_Creek,38.44901667,-75.13245,0.3,9.75,0.394,26.12,9.7,127.2
2018-06-16T06:00:00Z,GYK,Greys_Creek,38.44901667,-75.13245,0.3,11.53,0.383,26.2,9.33,150.4
2018-06-16T06:15:00Z,GYK,Greys_Creek,38.44901667,-75.13245,0.3,11.85,0.36,26.17,9.44,154.6
2018-06-16T06:30:00Z,GYK,Greys_Creek,38.44901667,-75.13245,0.3,12.1,0.329,24.33,6.25,149.8
2018-06-16T06:45:00Z,GYK,Greys_Creek,38.44901667,-75.13245,0.3,11.33,0.307,25.56,9.05,145.8
2018-06-16T07:00:00Z,GYK,Greys_Creek,38.44901667,-75.13245,0.3,11.35,0.295,23.44,5.17,137.4
2018-06-16T07:15:00Z,GYK,Greys_Creek,38.44901667,-75.13245,0.3,8.56,0.28,22.85,3.81,101.7
2018-06-16T07:30:00Z,GYK,Greys_Creek,38.44901667,-75.13245,0.3,9.81,0.259,22.57,4.2,116.2
2018-06-16T07:45:00Z,GYK,Greys_Creek,38.44901667,-75.13245,0.3,8.06,0.243,22.36,3.22,94.5
2018-06-16T08:00:00Z,GYK,Greys_Creek,38.44901667,-75.13245,0.3,8.16,0.226,22.48,3.43,96.0
2018-06-16T08:15:00Z,GYK,Greys_Creek,38.44901667,-75.13245,0.3,8.55,0.209,22.42,3.52,100.6
2018-06-16T08:30:00Z,GYK,Greys_Creek,38.44901667,-75.13245,0.3,8.26,0.191,22.16,2.95,96.4
2018-06-16T08:45:00Z,GYK,Greys_Creek,38.44901667,-75.13245,0.3,7.71,0.176,22.03,2.66,89.6
2018-06-16T09:00:00Z,GYK,Greys_Creek,38.44901667,-75.13245,0.3,7.46,0.164,22.09,2.87,86.9
2018-06-16T09:15:00Z,GYK,Greys_Creek,38.44901667,-75.13245,0.3,7.27,0.148,22.06,3.06,84.7
2018-06-16T09:30:00Z,GYK,Greys_Creek,38.44901667,-75.13245,0.3,6.81,0.132,21.59,2.6,78.4
2018-06-16T09:45:00Z,GYK,Greys_Creek,38.44901667,-75.13245,0.3,6.82,0.118,21.3,2.14,77.9
2018-06-16T10:00:00Z,GYK,Greys_Creek,38.44901667,-75.13245,0.3,6.63,0.107,21.46,2.38,76.1
2018-06-16T10:15:00Z,GYK,Greys_Creek,38.44901667,-75.13245,0.3,6.72,0.095,21.36,2.42,77.0
2018-06-16T10:30:00Z,GYK,Greys_Creek,38.44901667,-75.13245,0.3,7.14,0.081,21.34,2.64,81.8
2018-06-16T10:45:00Z,GYK,Greys_Creek,38.44901667,-75.13245,0.3,6.88,0.068,21.15,2.32,78.5
2018-06-16T11:00:00Z,GYK,Greys_Creek,38.44901667,-75.13245,0.3,6.88,0.057,21.15,2.54,78.5
2018-06-16T11:15:00Z,GYK,Greys_Creek,38.44901667,-75.13245,0.3,6.82,0.049,21.0,2.13,77.5
2018-06-16T11:30:00Z,GYK,Greys_Creek,38.44901667,-75.13245,0.3,6.69,0.049,20.82,1.92,75.6
2018-06-16T11:45:00Z,GYK,Greys_Creek,38.44901667,-75.13245,0.3,6.62,0.051,20.39,1.36,74.0
2018-06-16T12:00:00Z,GYK,Greys_Creek,38.44901667,-75.13245,0.3,6.25,0.051,20.5,1.48,70.0
2018-06-16T12:15:00Z,GYK,Greys_Creek,38.44901667,-75.13245,0.3,6.25,0.05,20.32,1.34,69.8
2018-06-16T12:30:00Z,GYK,Greys_Creek,38.44901667,-75.13245,0.3,6.29,0.049,20.32,1.26,70.1
2018-06-16T12:45:00Z,GYK,Greys_Creek,38.44901667,-75.13245,0.3,8.6,0.059,20.81,1.41,96.9
2018-06-16T13:00:00Z,GYK,Greys_Creek,38.44901667,-75.13245,0.3,7.59,0.086,24.24,9.68,95.7
2018-06-16T13:15:00Z,GYK,Greys_Creek,38.44901667,-75.13245,0.3,7.45,0.117,24.97,10.9,95.9
2018-06-16T13:30:00Z,GYK,Greys_Creek,38.44901667,-75.13245,0.3,7.94,0.141,25.12,11.02,102.5
2018-06-16T13:45:00Z,GYK,Greys_Creek,38.44901667,-75.13245,0.3,8.0,0.162,25.3,11.24,103.7
2018-06-16T14:00:00Z,GYK,Greys_Creek,38.44901667,-75.13245,0.3,7.85,0.176,25.38,11.6,102.2
2018-06-16T14:15:00Z,GYK,Greys_Creek,38.44901667,-75.13245,0.3,8.81,0.195,25.49,11.59,114.8
2018-06-16T14:30:00Z,GYK,Greys_Creek,38.44901667,-75.13245,0.3,9.41,0.212,25.66,11.67,123.2
2018-06-16T14:45:00Z,GYK,Greys_Creek,38.44901667,-75.13245,0.3,9.98,0.225,25.71,11.7,130.7
2018-06-16T15:00:00Z,GYK,Greys_Creek,38.44901667,-75.13245,0.3,10.84,0.243,25.91,11.65,142.4
2018-06-16T15:15:00Z,GYK,Greys_Creek,38.44901667,-75.13245,0.3,10.62,0.26,26.0,11.88,140.0
2018-06-16T15:30:00Z,GYK,Greys_Creek,38.44901667,-75.13245,0.3,12.01,0.272,26.25,11.79,158.9
2018-06-16T15:45:00Z,GYK,Greys_Creek,38.44901667,-75.13245,0.3,11.84,0.288,26.11,11.89,156.4
2018-06-16T16:00:00Z,GYK,Greys_Creek,38.44901667,-75.13245,0.3,12.1,0.3,26.36,11.99,160.6
2018-06-16T16:15:00Z,GYK,Greys_Creek,38.44901667,-75.13245,0.3,12.72,0.307,26.77,11.54,169.6
2018-06-16T16:30:00Z,GYK,Greys_Creek,38.44901667,-75.13245,0.3,14.74,0.314,27.19,10.89,197.3
2018-06-16T16:45:00Z,GYK,Greys_Creek,38.44901667,-75.13245,0.3,20.6,0.316,27.02,8.78,271.6
2018-06-16T17:00:00Z,GYK,Greys_Creek,38.44901667,-75.13245,0.3,20.68,0.314,26.76,9.3,272.2
2018-06-16T17:15:00Z,GYK,Greys_Creek,38.44901667,-75.13245,0.3,17.37,0.322,27.0,10.1,230.7
2018-06-16T17:30:00Z,GYK,Greys_Creek,38.44901667,-75.13245,0.3,20.51,0.315,26.76,9.83,270.8
2018-06-16T17:45:00Z,GYK,Greys_Creek,38.44901667,-75.13245,0.3,24.86,0.299,27.31,9.08,330.0
2018-06-16T18:00:00Z,GYK,Greys_Creek,38.44901667,-75.13245,0.3,25.81,0.273,27.32,9.55,343.5
2018-06-16T18:15:00Z,GYK,Greys_Creek,38.44901667,-75.13245,0.3,23.0,0.244,26.08,8.02,296.9
2018-06-16T18:30:00Z,GYK,Greys_Creek,38.44901667,-75.13245,0.3,11.58,0.223,24.23,3.05,140.6
2018-06-16T18:45:00Z,GYK,Greys_Creek,38.44901667,-75.13245,0.3,12.43,0.216,25.25,3.46,154.0
2018-06-16T19:00:00Z,GYK,Greys_Creek,38.44901667,-75.13245,0.3,11.46,0.204,24.07,3.67,139.2
2018-06-16T19:15:00Z,GYK,Greys_Creek,38.44901667,-75.13245,0.3,12.2,0.19,24.17,3.55,148.3
2018-06-16T19:30:00Z,GYK,Greys_Creek,38.44901667,-75.13245,0.3,12.02,0.18,24.55,3.7,147.3
2018-06-16T19:45:00Z,GYK,Greys_Creek,38.44901667,-75.13245,0.3,12.17,0.162,24.86,3.78,150.0
2018-06-16T20:00:00Z,GYK,Greys_Creek,38.44901667,-75.13245,0.3,11.45,0.146,24.87,3.03,140.6
2018-06-16T20:15:00Z,GYK,Greys_Creek,38.44901667,-75.13245,0.3,12.12,0.129,24.39,2.87,147.4
2018-06-16T20:30:00Z,GYK,Greys_Creek,38.44901667,-75.13245,0.3,11.47,0.112,24.63,2.68,140.0
2018-06-16T20:45:00Z,GYK,Greys_Creek,38.44901667,-75.13245,0.3,10.91,0.099,25.4,2.93,135.2
2018-06-16T21:00:00Z,GYK,Greys_Creek,38.44901667,-75.13245,0.3,10.7,0.086,24.55,1.94,129.8
2018-06-16T21:15:00Z,GYK,Greys_Creek,38.44901667,-75.13245,0.3,11.08,0.065,24.44,2.46,134.5
2018-06-16T21:30:00Z,GYK,Greys_Creek,38.44901667,-75.13245,0.3,10.81,0.055,24.51,2.24,131.2
2018-06-16T21:45:00Z,GYK,Greys_Creek,38.44901667,-75.13245,0.3,11.32,0.044,24.53,2.42,137.7
2018-06-16T22:00:00Z,GYK,Greys_Creek,38.44901667,-75.13245,0.3,10.51,0.033,23.78,1.99,125.7
2018-06-16T22:15:00Z,GYK,Greys_Creek,38.44901667,-75.13245,0.3,10.34,0.03,23.83,1.76,123.6
2018-06-16T22:30:00Z,GYK,Greys_Creek,38.44901667,-75.13245,0.3,10.48,0.03,23.94,2.09,125.9
2018-06-16T22:45:00Z,GYK,Greys_Creek,38.44901667,-75.13245,0.3,10.26,0.03,23.85,1.69,122.6
2018-06-16T23:00:00Z,GYK,Greys_Creek,38.44901667,-75.13245,0.3,10.11,0.031,23.7,1.49,120.4
2018-06-16T23:15:00Z,GYK,Greys_Creek,38.44901667,-75.13245,0.3,10.13,0.032,23.61,1.13,120.2
2018-06-16T23:30:00Z,GYK,Greys_Creek,38.44901667,-75.13245,0.3,10.84,0.033,24.52,3.41,132.6
2018-06-16T23:45:00Z,GYK,Greys_Creek,38.44901667,-75.13245,0.3,9.54,0.033,23.55,1.37,113.2
2018-06-17T00:00:00Z,GYK,Greys_Creek,38.44901667,-75.13245,0.3,9.35,0.032,23.55,1.44,111.1
2018-06-17T00:15:00Z,GYK,Greys_Creek,38.44901667,-75.13245,0.3,10.17,0.032,24.1,2.78,123.0
2018-06-17T00:30:00Z,GYK,Greys_Creek,38.44901667,-75.13245,0.3,12.39,0.034,24.31,3.61,151.2
2018-06-17T00:45:00Z,GYK,Greys_Creek,38.44901667,-75.13245,0.3,11.86,0.036,23.85,3.7,143.5
2018-06-17T01:00:00Z,GYK,Greys_Creek,38.44901667,-75.13245,0.3,12.5,0.053,23.98,3.5,151.4
2018-06-17T01:15:00Z,GYK,Greys_Creek,38.44901667,-75.13245,0.3,11.26,0.071,24.43,4.45,138.2
2018-06-17T01:30:00Z,GYK,Greys_Creek,38.44901667,-75.13245,0.3,12.45,0.097,24.61,4.48,153.5
2018-06-17T01:45:00Z,GYK,Greys_Creek,38.44901667,-75.13245,0.3,13.37,0.121,24.95,5.38,166.7
2018-06-17T02:00:00Z,GYK,Greys_Creek,38.44901667,-75.13245,0.3,14.05,0.145,25.98,5.55,178.6
2018-06-17T02:15:00Z,GYK,Greys_Creek,38.44901667,-75.13245,0.3,13.53,0.167,26.32,7.09,174.5
2018-06-17T02:30:00Z,GYK,Greys_Creek,38.44901667,-75.13245,0.3,12.95,0.192,26.5,9.38,169.8
2018-06-17T02:45:00Z,GYK,Greys_Creek,38.44901667,-75.13245,0.3,12.56,0.215,26.97,9.92,166.5
2018-06-17T03:00:00Z,GYK,Greys_Creek,38.44901667,-75.13245,0.3,12.5,0.232,27.02,9.97,165.9
2018-06-17T03:15:00Z,GYK,Greys_Creek,38.44901667,-75.13245,0.3,12.12,0.254,26.99,10.23,161.0
2018-06-17T03:30:00Z,GYK,Greys_Creek,38.44901667,-75.13245,0.3,12.03,0.275,27.12,10.46,160.4
2018-06-17T03:45:00Z,GYK,Greys_Creek,38.44901667,-75.13245,0.3,11.96,0.295,27.12,10.56,159.6
2018-06-17T04:00:00Z,GYK,Greys_Creek,38.44901667,-75.13245,0.3,11.33,0.316,27.17,10.81,151.5
2018-06-17T04:15:00Z,GYK,Greys_Creek,38.44901667,-75.13245,0.3,10.79,0.335,27.26,11.12,144.8
2018-06-17T04:30:00Z,GYK,Greys_Creek,38.44901667,-75.13245,0.3,10.54,0.347,27.17,11.27,141.3
2018-06-17T04:45:00Z,GYK,Greys_Creek,38.44901667,-75.13245,0.3,9.94,0.36,27.08,11.33,133.1
2018-06-17T05:00:00Z,GYK,Greys_Creek,38.44901667,-75.13245,0.3,9.64,0.37,26.95,11.61,129.0
2018-06-17T05:15:00Z,GYK,Greys_Creek,38.44901667,-75.13245,0.3,9.47,0.381,26.82,11.71,126.5
2018-06-17T05:30:00Z,GYK,Greys_Creek,38.44901667,-75.13245,0.3,9.11,0.386,26.77,11.82,121.6
2018-06-17T05:45:00Z,GYK,Greys_Creek,38.44901667,-75.13245,0.3,8.83,0.388,26.72,11.87,117.8
2018-06-17T06:00:00Z,GYK,Greys_Creek,38.44901667,-75.13245,0.3,8.27,0.39,26.69,11.92,110.3
2018-06-17T06:15:00Z,GYK,Greys_Creek,38.44901667,-75.13245,0.3,8.23,0.386,26.66,11.98,109.8
2018-06-17T06:30:00Z,GYK,Greys_Creek,38.44901667,-75.13245,0.3,8.36,0.377,26.54,9.35,109.7
2018-06-17T06:45:00Z,GYK,Greys_Creek,38.44901667,-75.13245,0.3,10.05,0.356,25.93,9.2,130.3
2018-06-17T07:00:00Z,GYK,Greys_Creek,38.44901667,-75.13245,0.3,10.34,0.326,26.01,7.87,133.3
2018-06-17T07:15:00Z,GYK,Greys_Creek,38.44901667,-75.13245,0.3,10.69,0.302,26.03,7.83,137.8
2018-06-17T07:30:00Z,GYK,Greys_Creek,38.44901667,-75.13245,0.3,9.6,0.286,25.96,8.95,124.4
2018-06-17T07:45:00Z,GYK,Greys_Creek,38.44901667,-75.13245,0.3,9.89,0.271,25.48,7.62,126.0
2018-06-17T08:00:00Z,GYK,Greys_Creek,38.44901667,-75.13245,0.3,10.54,0.253,24.01,3.34,127.6
2018-06-17T08:15:00Z,GYK,Greys_Creek,38.44901667,-75.13245,0.3,9.99,0.237,23.14,3.34,119.0
2018-06-17T08:30:00Z,GYK,Greys_Creek,38.44901667,-75.13245,0.3,7.65,0.221,22.96,3.08,90.7
2018-06-17T08:45:00Z,GYK,Greys_Creek,38.44901667,-75.13245,0.3,7.89,0.204,23.29,3.53,94.4
2018-06-17T09:00:00Z,GYK,Greys_Creek,38.44901667,-75.13245,0.3,7.48,0.185,23.18,3.69,89.3
2018-06-17T09:15:00Z,GYK,Greys_Creek,38.44901667,-75.13245,0.3,6.94,0.168,22.9,3.22,82.3
2018-06-17T09:30:00Z,GYK,Greys_Creek,38.44901667,-75.13245,0.3,6.79,0.155,22.76,3.14,80.3
2018-06-17T09:45:00Z,GYK,Greys_Creek,38.44901667,-75.13245,0.3,6.78,0.141,22.37,2.36,79.2
2018-06-17T10:00:00Z,GYK,Greys_Creek,38.44901667,-75.13245,0.3,6.8,0.123,22.41,2.44,79.5
2018-06-17T10:15:00Z,GYK,Greys_Creek,38.44901667,-75.13245,0.3,6.55,0.107,22.21,2.4,76.2
2018-06-17T10:30:00Z,GYK,Greys_Creek,38.44901667,-75.13245,0.3,6.5,0.092,22.17,2.52,75.7
2018-06-17T10:45:00Z,GYK,Greys_Creek,38.44901667,-75.13245,0.3,6.55,0.079,22.15,2.51,76.2
2018-06-17T11:00:00Z,GYK,Greys_Creek,38.44901667,-75.13245,0.3,6.78,0.067,22.19,2.68,79.1
2018-06-17T11:15:00Z,GYK,Greys_Creek,38.44901667,-75.13245,0.3,6.64,0.053,22.03,2.65,77.2
2018-06-17T11:30:00Z,GYK,Greys_Creek,38.44901667,-75.13245,0.3,6.35,0.052,22.03,2.64,73.8
2018-06-17T11:45:00Z,GYK,Greys_Creek,38.44901667,-75.13245,0.3,6.13,0.05,21.62,1.85,70.4
2018-06-17T12:00:00Z,GYK,Greys_Creek,38.44901667,-75.13245,0.3,5.82,0.052,21.44,1.57,66.4
2018-06-17T12:15:00Z,GYK,Greys_Creek,38.44901667,-75.13245,0.3,5.66,0.052,21.39,1.44,64.5
2018-06-17T12:30:00Z,GYK,Greys_Creek,38.44901667,-75.13245,0.3,6.27,0.053,21.45,1.29,71.4
2018-06-17T12:45:00Z,GYK,Greys_Creek,38.44901667,-75.13245,0.3,5.96,0.056,21.24,0.96,67.6
2018-06-17T13:00:00Z,GYK,Greys_Creek,38.44901667,-75.13245,0.3,5.68,0.057,21.23,0.84,64.3
2018-06-17T13:15:00Z,GYK,Greys_Creek,38.44901667,-75.13245,0.3,5.51,0.058,21.48,1.57,63.0
2018-06-17T13:30:00Z,GYK,Greys_Creek,38.44901667,-75.13245,0.3,6.13,0.059,21.6,1.6,70.2
2018-06-17T13:45:00Z,GYK,Greys_Creek,38.44901667,-75.13245,0.3,7.26,0.058,24.64,3.59,89.1
2018-06-17T14:00:00Z,GYK,Greys_Creek,38.44901667,-75.13245,0.3,10.16,0.075,25.84,6.6,129.6
2018-06-17T14:15:00Z,GYK,Greys_Creek,38.44901667,-75.13245,0.3,11.05,0.105,26.22,7.02,142.2
2018-06-17T14:30:00Z,GYK,Greys_Creek,38.44901667,-75.13245,0.3,11.35,0.12,26.48,6.81,146.7
2018-06-17T14:45:00Z,GYK,Greys_Creek,38.44901667,-75.13245,0.3,12.33,0.136,26.87,6.18,159.8
2018-06-17T15:00:00Z,GYK,Greys_Creek,38.44901667,-75.13245,0.3,12.06,0.154,27.24,6.94,158.0
2018-06-17T15:15:00Z,GYK,Greys_Creek,38.44901667,-75.13245,0.3,12.41,0.174,27.11,7.06,162.3
2018-06-17T15:30:00Z,GYK,Greys_Creek,38.44901667,-75.13245,0.3,13.34,0.192,27.23,7.47,175.3
2018-06-17T15:45:00Z,GYK,Greys_Creek,38.44901667,-75.13245,0.3,13.32,0.204,27.72,7.29,176.4
2018-06-17T16:00:00Z,GYK,Greys_Creek,38.44901667,-75.13245,0.3,14.47,0.225,28.32,7.5,193.8
2018-06-17T16:15:00Z,GYK,Greys_Creek,38.44901667,-75.13245,0.3,15.12,0.237,28.35,7.43,202.6
2018-06-17T16:30:00Z,GYK,Greys_Creek,38.44901667,-75.13245,0.3,15.84,0.243,29.2,7.51,215.3
2018-06-17T16:45:00Z,GYK,Greys_Creek,38.44901667,-75.13245,0.3,15.39,0.252,29.44,6.95,209.4
2018-06-17T17:00:00Z,GYK,Greys_Creek,38.44901667,-75.13245,0.3,15.99,0.26,29.75,7.35,219.3
2018-06-17T17:15:00Z,GYK,Greys_Creek,38.44901667,-75.13245,0.3,15.79,0.272,30.0,7.31,217.5
2018-06-17T17:30:00Z,GYK,Greys_Creek,38.44901667,-75.13245,0.3,16.93,0.281,30.03,7.62,233.6
2018-06-17T17:45:00Z,GYK,Greys_Creek,38.44901667,-75.13245,0.3,16.55,0.285,30.35,7.19,229.1
2018-06-17T18:00:00Z,GYK,Greys_Creek,38.44901667,-75.13245,0.3,16.43,0.278,30.38,6.79,227.1
2018-06-17T18:15:00Z,GYK,Greys_Creek,38.44901667,-75.13245,0.3,16.7,0.28,30.24,6.66,230.1
2018-06-17T18:30:00Z,GYK,Greys_Creek,38.44901667,-75.13245,0.3,16.99,0.265,29.78,5.76,231.1
2018-06-17T18:45:00Z,GYK,Greys_Creek,38.44901667,-75.13245,0.3,16.67,0.256,29.92,5.65,227.1
2018-06-17T19:00:00Z,GYK,Greys_Creek,38.44901667,-75.13245,0.3,13.66,0.246,28.4,4.64,180.3
2018-06-17T19:15:00Z,GYK,Greys_Creek,38.44901667,-75.13245,0.3,11.41,0.224,27.5,3.71,147.5
2018-06-17T19:30:00Z,GYK,Greys_Creek,38.44901667,-75.13245,0.3,13.72,0.21,27.17,4.25,176.8
2018-06-17T19:45:00Z,GYK,Greys_Creek,38.44901667,-75.13245,0.3,10.64,0.189,25.98,2.35,132.8
2018-06-17T20:00:00Z,GYK,Greys_Creek,38.44901667,-75.13245,0.3,12.1,0.176,26.79,2.98,153.8
2018-06-17T20:15:00Z,GYK,Greys_Creek,38.44901667,-75.13245,0.3,11.64,0.165,26.01,2.47,145.5
2018-06-17T20:30:00Z,GYK,Greys_Creek,38.44901667,-75.13245,0.3,11.55,0.153,26.07,2.39,144.4
2018-06-17T20:45:00Z,GYK,Greys_Creek,38.44901667,-75.13245,0.3,12.24,0.133,26.27,2.16,153.5
2018-06-17T21:00:00Z,GYK,Greys_Creek,38.44901667,-75.13245,0.3,12.48,0.115,26.59,2.74,157.9
2018-06-17T21:15:00Z,GYK,Greys_Creek,38.44901667,-75.13245,0.3,12.27,0.1,25.9,2.13,152.8
2018-06-17T21:30:00Z,GYK,Greys_Creek,38.44901667,-75.13245,0.3,11.44,0.079,25.73,1.74,141.7
2018-06-17T21:45:00Z,GYK,Greys_Creek,38.44901667,-75.13245,0.3,11.7,0.06,25.83,1.79,145.1
2018-06-17T22:00:00Z,GYK,Greys_Creek,38.44901667,-75.13245,0.3,11.48,0.052,26.24,2.13,143.8
2018-06-17T22:15:00Z,GYK,Greys_Creek,38.44901667,-75.13245,0.3,11.18,0.048,25.47,1.97,137.9
2018-06-17T22:30:00Z,GYK,Greys_Creek,38.44901667,-75.13245,0.3,10.96,0.046,25.43,2.04,135.2
2018-06-17T22:45:00Z,GYK,Greys_Creek,38.44901667,-75.13245,0.3,10.62,0.047,25.25,1.91,130.5
2018-06-17T23:00:00Z,GYK,Greys_Creek,38.44901667,-75.13245,0.3,11.0,0.048,25.57,1.93,136.0
2018-06-17T23:15:00Z,GYK,Greys_Creek,38.44901667,-75.13245,0.3,10.77,0.051,25.52,1.94,133.0
2018-06-17T23:30:00Z,GYK,Greys_Creek,38.44901667,-75.13245,0.3,10.45,0.053,25.53,1.95,129.2
2018-06-17T23:45:00Z,GYK,Greys_Creek,38.44901667,-75.13245,0.3,10.58,0.051,25.21,1.82,129.9
2018-06-18T00:00:00Z,GYK,Greys_Creek,38.44901667,-75.13245,0.3,9.89,0.051,25.04,1.52,120.8
2018-06-18T00:15:00Z,GYK,Greys_Creek,38.44901667,-75.13245,0.3,11.41,0.052,24.75,1.54,138.6
2018-06-18T00:30:00Z,GYK,Greys_Creek,38.44901667,-75.13245,0.3,10.52,0.053,25.46,2.01,129.8
2018-06-18T00:45:00Z,GYK,Greys_Creek,38.44901667,-75.13245,0.3,11.05,0.054,25.3,2.01,136.0
2018-06-18T01:00:00Z,GYK,Greys_Creek,38.44901667,-75.13245,0.3,10.39,0.055,24.95,1.81,127.0
2018-06-18T01:15:00Z,GYK,Greys_Creek,38.44901667,-75.13245,0.3,10.12,0.056,25.12,2.46,124.5
2018-06-18T01:30:00Z,GYK,Greys_Creek,38.44901667,-75.13245,0.3,10.28,0.058,25.18,2.67,126.7
2018-06-18T01:45:00Z,GYK,Greys_Creek,38.44901667,-75.13245,0.3,10.63,0.059,25.33,3.14,131.7
2018-06-18T02:00:00Z,GYK,Greys_Creek,38.44901667,-75.13245,0.3,9.78,0.061,25.87,3.5,122.6
2018-06-18T02:15:00Z,GYK,Greys_Creek,38.44901667,-75.13245,0.3,9.91,0.077,25.57,3.46,123.5
2018-06-18T02:30:00Z,GYK,Greys_Creek,38.44901667,-75.13245,0.3,9.63,0.092,25.39,3.48,119.7
2018-06-18T02:45:00Z,GYK,Greys_Creek,38.44901667,-75.13245,0.3,9.33,0.114,25.71,3.78,116.8
2018-06-18T03:00:00Z,GYK,Greys_Creek,38.44901667,-75.13245,0.3,9.22,0.137,26.1,4.18,116.5
2018-06-18T03:15:00Z,GYK,Greys_Creek,38.44901667,-75.13245,0.3,9.33,0.156,26.03,4.17,117.7
2018-06-18T03:30:00Z,GYK,Greys_Creek,38.44901667,-75.13245,0.3,9.09,0.177,26.15,4.21,115.0
2018-06-18T03:45:00Z,GYK,Greys_Creek,38.44901667,-75.13245,0.3,10.3,0.198,26.16,4.95,130.9
2018-06-18T04:00:00Z,GYK,Greys_Creek,38.44901667,-75.13245,0.3,10.29,0.214,26.2,5.04,130.9
2018-06-18T04:15:00Z,GYK,Greys_Creek,38.44901667,-75.13245,0.3,9.78,0.229,25.33,4.45,122.1
2018-06-18T04:30:00Z,GYK,Greys_Creek,38.44901667,-75.13245,0.3,9.59,0.245,26.26,4.72,122.0
2018-06-18T04:45:00Z,GYK,Greys_Creek,38.44901667,-75.13245,0.3,9.12,0.268,26.6,5.89,117.5
2018-06-18T05:00:00Z,GYK,Greys_Creek,38.44901667,-75.13245,0.3,9.34,0.284,26.38,5.91,119.9
2018-06-18T05:15:00Z,GYK,Greys_Creek,38.44901667,-75.13245,0.3,9.12,0.296,26.8,5.81,117.8
2018-06-18T05:30:00Z,GYK,Greys_Creek,38.44901667,-75.13245,0.3,9.0,0.312,27.75,10.3,121.3
2018-06-18T05:45:00Z,GYK,Greys_Creek,38.44901667,-75.13245,0.3,8.83,0.326,27.49,10.19,118.3
2018-06-18T06:00:00Z,GYK,Greys_Creek,38.44901667,-75.13245,0.3,8.99,0.332,27.63,10.44,121.0
2018-06-18T06:15:00Z,GYK,Greys_Creek,38.44901667,-75.13245,0.3,8.11,0.335,27.62,10.64,109.2
2018-06-18T06:30:00Z,GYK,Greys_Creek,38.44901667,-75.13245,0.3,6.53,0.344,27.68,10.71,88.0
2018-06-18T06:45:00Z,GYK,Greys_Creek,38.44901667,-75.13245,0.3,5.75,0.35,27.66,11.02,77.7
2018-06-18T07:00:00Z,GYK,Greys_Creek,38.44901667,-75.13245,0.3,6.6,0.351,27.66,11.09,89.2
2018-06-18T07:15:00Z,GYK,Greys_Creek,38.44901667,-75.13245,0.3,5.76,0.348,27.64,10.92,77.7
2018-06-18T07:30:00Z,GYK,Greys_Creek,38.44901667,-75.13245,0.3,5.4,0.34,27.68,11.39,73.0
2018-06-18T07:45:00Z,GYK,Greys_Creek,38.44901667,-75.13245,0.3,10.43,0.324,27.52,6.98,137.3
2018-06-18T08:00:00Z,GYK,Greys_Creek,38.44901667,-75.13245,0.3,14.79,0.297,25.57,4.6,185.6
2018-06-18T08:15:00Z,GYK,Greys_Creek,38.44901667,-75.13245,0.3,10.1,0.268,25.05,3.49,124.8
2018-06-18T08:30:00Z,GYK,Greys_Creek,38.44901667,-75.13245,0.3,7.42,0.25,25.46,4.69,93.0
2018-06-18T08:45:00Z,GYK,Greys_Creek,38.44901667,-75.13245,0.3,7.21,0.24,24.61,3.43,88.4
2018-06-18T09:00:00Z,GYK,Greys_Creek,38.44901667,-75.13245,0.3,6.99,0.226,24.54,3.52,85.6
2018-06-18T09:15:00Z,GYK,Greys_Creek,38.44901667,-75.13245,0.3,6.89,0.208,24.34,2.91,83.7
2018-06-18T09:30:00Z,GYK,Greys_Creek,38.44901667,-75.13245,0.3,7.64,0.19,24.52,2.97,93.2
2018-06-18T09:45:00Z,GYK,Greys_Creek,38.44901667,-75.13245,0.3,6.23,0.179,23.85,2.17,74.7
2018-06-18T10:00:00Z,GYK,Greys_Creek,38.44901667,-75.13245,0.3,8.26,0.156,25.36,3.74,102.7
2018-06-18T10:15:00Z,GYK,Greys_Creek,38.44901667,-75.13245,0.3,8.97,0.132,24.31,2.59,108.8
2018-06-18T10:30:00Z,GYK,Greys_Creek,38.44901667,-75.13245,0.3,6.07,0.12,23.99,2.78,73.3
2018-06-18T10:45:00Z,GYK,Greys_Creek,38.44901667,-75.13245,0.3,5.93,0.11,23.78,2.71,71.2
2018-06-18T11:00:00Z,GYK,Greys_Creek,38.44901667,-75.13245,0.3,6.89,0.092,23.92,2.6,83.0
2018-06-18T11:15:00Z,GYK,Greys_Creek,38.44901667,-75.13245,0.3,7.02,0.074,23.7,2.27,84.0
2018-06-18T11:30:00Z,GYK,Greys_Creek,38.44901667,-75.13245,0.3,7.27,0.063,23.41,1.98,86.4
2018-06-18T11:45:00Z,GYK,Greys_Creek,38.44901667,-75.13245,0.3,5.72,0.054,23.19,1.77,67.6
2018-06-18T12:00:00Z,GYK,Greys_Creek,38.44901667,-75.13245,0.3,5.37,0.049,23.18,2.02,63.5
2018-06-18T12:15:00Z,GYK,Greys_Creek,38.44901667,-75.13245,0.3,5.8,0.049,22.86,1.33,68.0
2018-06-18T12:30:00Z,GYK,Greys_Creek,38.44901667,-75.13245,0.3,5.96,0.049,22.77,1.23,69.7
2018-06-18T12:45:00Z,GYK,Greys_Creek,38.44901667,-75.13245,0.3,5.38,0.049,22.66,1.33,62.8
2018-06-18T13:00:00Z,GYK,Greys_Creek,38.44901667,-75.13245,0.3,5.38,0.049,22.57,0.94,62.5
2018-06-18T13:15:00Z,GYK,Greys_Creek,38.44901667,-75.13245,0.3,5.47,0.048,22.84,1.44,64.1
2018-06-18T13:30:00Z,GYK,Greys_Creek,38.44901667,-75.13245,0.3,6.22,0.047,23.17,1.62,73.4
2018-06-18T13:45:00Z,GYK,Greys_Creek,38.44901667,-75.13245,0.3,6.26,0.044,23.82,2.2,75.1
2018-06-18T14:00:00Z,GYK,Greys_Creek,38.44901667,-75.13245,0.3,5.1,0.042,23.4,2.17,60.7
2018-06-18T14:15:00Z,GYK,Greys_Creek,38.44901667,-75.13245,0.3,6.81,0.041,24.28,2.39,82.5
2018-06-18T14:30:00Z,GYK,Greys_Creek,38.44901667,-75.13245,0.3,6.01,0.041,24.77,3.1,73.7
2018-06-18T14:45:00Z,GYK,Greys_Creek,38.44901667,-75.13245,0.3,7.08,0.043,25.87,4.2,89.2
2018-06-18T15:00:00Z,GYK,Greys_Creek,38.44901667,-75.13245,0.3,7.6,0.054,25.84,4.42,95.7
2018-06-18T15:15:00Z,GYK,Greys_Creek,38.44901667,-75.13245,0.3,11.06,0.085,27.46,5.41,144.3
2018-06-18T15:30:00Z,GYK,Greys_Creek,38.44901667,-75.13245,0.3,10.99,0.099,28.19,5.44,145.2
2018-06-18T15:45:00Z,GYK,Greys_Creek,38.44901667,-75.13245,0.3,11.05,0.114,28.28,5.5,146.3
2018-06-18T16:00:00Z,GYK,Greys_Creek,38.44901667,-75.13245,0.3,11.8,0.128,28.66,5.54,157.2
2018-06-18T16:15:00Z,GYK,Greys_Creek,38.44901667,-75.13245,0.3,12.04,0.142,28.96,5.45,161.3
2018-06-18T16:30:00Z,GYK,Greys_Creek,38.44901667,-75.13245,0.3,12.5,0.154,29.26,5.47,168.3
2018-06-18T16:45:00Z,GYK,Greys_Creek,38.44901667,-75.13245,0.3,12.92,0.182,28.65,5.59,172.2
2018-06-18T17:00:00Z,GYK,Greys_Creek,38.44901667,-75.13245,0.3,14.41,0.195,29.18,5.84,194.1
2018-06-18T17:15:00Z,GYK,Greys_Creek,38.44901667,-75.13245,0.3,14.47,0.204,29.54,5.6,195.8
2018-06-18T17:30:00Z,GYK,Greys_Creek,38.44901667,-75.13245,0.3,14.5,0.217,29.75,5.78,197.2
2018-06-18T17:45:00Z,GYK,Greys_Creek,38.44901667,-75.13245,0.3,14.97,0.221,30.23,5.8,205.2
2018-06-18T18:00:00Z,GYK,Greys_Creek,38.44901667,-75.13245,0.3,15.08,0.23,30.67,5.77,208.2
2018-06-18T18:15:00Z,GYK,Greys_Creek,38.44901667,-75.13245,0.3,16.24,0.243,30.1,6.12,222.5
2018-06-18T18:30:00Z,GYK,Greys_Creek,38.44901667,-75.13245,0.3,15.94,0.247,31.15,5.95,222.1
2018-06-18T18:45:00Z,GYK,Greys_Creek,38.44901667,-75.13245,0.3,15.94,0.244,31.49,5.53,222.9
2018-06-18T19:00:00Z,GYK,Greys_Creek,38.44901667,-75.13245,0.3,17.08,0.249,31.23,5.71,238.0
2018-06-18T19:15:00Z,GYK,Greys_Creek,38.44901667,-75.13245,0.3,17.57,0.251,31.11,5.5,244.1
2018-06-18T19:30:00Z,GYK,Greys_Creek,38.44901667,-75.13245,0.3,18.62,0.244,31.28,5.35,259.2
2018-06-18T19:45:00Z,GYK,Greys_Creek,38.44901667,-75.13245,0.3,17.51,0.23,30.94,5.16,242.1
2018-06-18T20:00:00Z,GYK,Greys_Creek,38.44901667,-75.13245,0.3,15.78,0.218,31.1,4.96,218.5
2018-06-18T20:15:00Z,GYK,Greys_Creek,38.44901667,-75.13245,0.3,13.97,0.197,30.16,4.49,190.0
2018-06-18T20:30:00Z,GYK,Greys_Creek,38.44901667,-75.13245,0.3,13.42,0.176,29.79,3.99,180.8
2018-06-18T20:45:00Z,GYK,Greys_Creek,38.44901667,-75.13245,0.3,10.51,0.164,26.99,2.68,133.8
2018-06-18T21:00:00Z,GYK,Greys_Creek,38.44901667,-75.13245,0.3,12.02,0.144,27.08,2.65,153.3
2018-06-18T21:15:00Z,GYK,Greys_Creek,38.44901667,-75.13245,0.3,12.07,0.126,27.17,2.42,153.9
2018-06-18T21:30:00Z,GYK,Greys_Creek,38.44901667,-75.13245,0.3,11.18,0.115,26.58,2.36,141.0
2018-06-18T21:45:00Z,GYK,Greys_Creek,38.44901667,-75.13245,0.3,11.47,0.095,26.36,1.54,143.5
2018-06-18T22:00:00Z,GYK,Greys_Creek,38.44901667,-75.13245,0.3,12.7,0.078,27.25,1.79,161.7
2018-06-18T22:15:00Z,GYK,Greys_Creek,38.44901667,-75.13245,0.3,12.88,0.059,26.49,1.53,161.5
2018-06-18T22:30:00Z,GYK,Greys_Creek,38.44901667,-75.13245,0.3,12.99,0.039,26.71,1.68,163.7
2018-06-18T22:45:00Z,GYK,Greys_Creek,38.44901667,-75.13245,0.3,14.23,0.02,25.99,1.27,176.7
2018-06-18T23:00:00Z,GYK,Greys_Creek,38.44901667,-75.13245,0.3,12.51,0.01,26.17,1.92,156.3
2018-06-18T23:15:00Z,GYK,Greys_Creek,38.44901667,-75.13245,0.3,12.03,NaN,25.47,0.8,147.5
2018-06-18T23:30:00Z,GYK,Greys_Creek,38.44901667,-75.13245,0.3,12.28,NaN,25.84,0.95,151.7
2018-06-18T23:45:00Z,GYK,Greys_Creek,38.44901667,-75.13245,0.3,12.74,NaN,26.11,1.32,158.5
2018-06-19T00:00:00Z,GYK,Greys_Creek,38.44901667,-75.13245,0.3,12.65,NaN,26.17,1.39,157.6
2018-06-19T00:15:00Z,GYK,Greys_Creek,38.44901667,-75.13245,0.3,11.88,NaN,25.83,1.12,146.9
2018-06-19T00:30:00Z,GYK,Greys_Creek,38.44901667,-75.13245,0.3,11.48,NaN,26.12,1.09,142.6
2018-06-19T00:45:00Z,GYK,Greys_Creek,38.44901667,-75.13245,0.3,10.57,NaN,25.58,1.0,130.0
2018-06-19T01:00:00Z,GYK,Greys_Creek,38.44901667,-75.13245,0.3,10.3,NaN,25.52,0.94,126.5
2018-06-19T01:15:00Z,GYK,Greys_Creek,38.44901667,-75.13245,0.3,9.68,NaN,25.38,0.82,118.5
2018-06-19T01:30:00Z,GYK,Greys_Creek,38.44901667,-75.13245,0.3,9.41,NaN,25.47,0.91,115.4
2018-06-19T01:45:00Z,GYK,Greys_Creek,38.44901667,-75.13245,0.3,9.13,NaN,25.27,0.88,111.6
2018-06-19T02:00:00Z,GYK,Greys_Creek,38.44901667,-75.13245,0.3,8.71,NaN,25.01,0.84,105.9
2018-06-19T02:15:00Z,GYK,Greys_Creek,38.44901667,-75.13245,0.3,8.16,NaN,25.16,0.75,99.5
2018-06-19T02:30:00Z,GYK,Greys_Creek,38.44901667,-75.13245,0.3,8.99,NaN,25.47,1.05,110.4
2018-06-19T02:45:00Z,GYK,Greys_Creek,38.44901667,-75.13245,0.3,14.15,NaN,26.04,1.91,176.4
2018-06-19T03:00:00Z,GYK,Greys_Creek,38.44901667,-75.13245,0.3,14.53,NaN,27.02,2.76,185.3
2018-06-19T03:15:00Z,GYK,Greys_Creek,38.44901667,-75.13245,0.3,9.54,0.004,26.06,2.44,119.3
2018-06-19T03:30:00Z,GYK,Greys_Creek,38.44901667,-75.13245,0.3,14.17,0.02,26.51,2.59,178.8
2018-06-19T03:45:00Z,GYK,Greys_Creek,38.44901667,-75.13245,0.3,11.78,0.042,28.75,7.49,158.9
2018-06-19T04:00:00Z,GYK,Greys_Creek,38.44901667,-75.13245,0.3,8.68,0.062,29.06,9.99,119.3
2018-06-19T04:15:00Z,GYK,Greys_Creek,38.44901667,-75.13245,0.3,7.64,0.076,28.81,6.78,102.8
2018-06-19T04:30:00Z,GYK,Greys_Creek,38.44901667,-75.13245,0.3,9.3,0.092,28.96,10.03,127.8
2018-06-19T04:45:00Z,GYK,Greys_Creek,38.44901667,-75.13245,0.3,8.31,0.107,29.04,10.42,114.5
2018-06-19T05:00:00Z,GYK,Greys_Creek,38.44901667,-75.13245,0.3,7.07,0.125,29.25,10.74,98.0
2018-06-19T05:15:00Z,GYK,Greys_Creek,38.44901667,-75.13245,0.3,5.72,0.141,29.29,10.99,79.4
2018-06-19T05:30:00Z,GYK,Greys_Creek,38.44901667,-75.13245,0.3,6.21,0.158,29.3,11.17,86.3
2018-06-19T05:45:00Z,GYK,Greys_Creek,38.44901667,-75.13245,0.3,6.35,0.174,29.08,11.05,87.8
2018-06-19T06:00:00Z,GYK,Greys_Creek,38.44901667,-75.13245,0.3,6.7,0.182,29.15,11.1,92.9
2018-06-19T06:15:00Z,GYK,Greys_Creek,38.44901667,-75.13245,0.3,6.22,0.193,29.18,11.4,86.4
2018-06-19T06:30:00Z,GYK,Greys_Creek,38.44901667,-75.13245,0.3,5.46,0.207,29.16,11.74,75.9
2018-06-19T06:45:00Z,GYK,Greys_Creek,38.44901667,-75.13245,0.3,4.93,0.219,29.1,11.76,68.5
2018-06-19T07:00:00Z,GYK,Greys_Creek,38.44901667,-75.13245,0.3,4.57,0.229,29.08,11.84,63.6
2018-06-19T07:15:00Z,GYK,Greys_Creek,38.44901667,-75.13245,0.3,4.97,0.23,29.01,11.89,69.0
2018-06-19T07:30:00Z,GYK,Greys_Creek,38.44901667,-75.13245,0.3,5.0,0.225,28.93,10.52,68.8
2018-06-19T07:45:00Z,GYK,Greys_Creek,38.44901667,-75.13245,0.3,3.78,0.228,28.89,11.86,52.4
2018-06-19T08:00:00Z,GYK,Greys_Creek,38.44901667,-75.13245,0.3,3.74,0.231,28.91,12.12,51.9
2018-06-19T08:15:00Z,GYK,Greys_Creek,38.44901667,-75.13245,0.3,7.22,0.22,28.19,8.86,97.2
2018-06-19T08:30:00Z,GYK,Greys_Creek,38.44901667,-75.13245,0.3,7.84,0.205,28.18,8.19,105.2
2018-06-19T08:45:00Z,GYK,Greys_Creek,38.44901667,-75.13245,0.3,5.68,0.182,26.98,7.37,74.3
2018-06-19T09:00:00Z,GYK,Greys_Creek,38.44901667,-75.13245,0.3,5.81,0.154,26.76,5.96,75.1
2018-06-19T09:15:00Z,GYK,Greys_Creek,38.44901667,-75.13245,0.3,4.81,0.135,26.03,5.28,61.2
2018-06-19T09:30:00Z,GYK,Greys_Creek,38.44901667,-75.13245,0.3,4.06,0.121,25.38,4.01,50.6
2018-06-19T09:45:00Z,GYK,Greys_Creek,38.44901667,-75.13245,0.3,4.04,0.109,25.17,3.93,50.1
2018-06-19T10:00:00Z,GYK,Greys_Creek,38.44901667,-75.13245,0.3,3.99,0.096,24.83,3.08,49.0
2018-06-19T10:15:00Z,GYK,Greys_Creek,38.44901667,-75.13245,0.3,4.18,0.081,24.78,3.02,51.3
2018-06-19T10:30:00Z,GYK,Greys_Creek,38.44901667,-75.13245,0.3,3.9,0.068,24.56,2.81,47.5
2018-06-19T10:45:00Z,GYK,Greys_Creek,38.44901667,-75.13245,0.3,4.86,0.045,24.63,2.85,59.4
2018-06-19T11:00:00Z,GYK,Greys_Creek,38.44901667,-75.13245,0.3,4.51,0.027,24.48,2.68,54.9
2018-06-19T11:15:00Z,GYK,Greys_Creek,38.44901667,-75.13245,0.3,4.09,0.014,24.23,2.44,49.4
2018-06-19T11:30:00Z,GYK,Greys_Creek,38.44901667,-75.13245,0.3,4.75,NaN,24.38,2.45,57.6
2018-06-19T11:45:00Z,GYK,Greys_Creek,38.44901667,-75.13245,0.3,4.79,NaN,24.06,2.09,57.7
2018-06-19T12:00:00Z,GYK,Greys_Creek,38.44901667,-75.13245,0.3,4.53,NaN,23.68,1.75,54.0
2018-06-19T12:15:00Z,GYK,Greys_Creek,38.44901667,-75.13245,0.3,4.54,NaN,23.94,2.21,54.5
2018-06-19T12:30:00Z,GYK,Greys_Creek,38.44901667,-75.13245,0.3,4.95,NaN,24.08,2.15,59.6
2018-06-19T12:45:00Z,GYK,Greys_Creek,38.44901667,-75.13245,0.3,5.04,NaN,24.31,2.65,61.1
2018-06-19T13:00:00Z,GYK,Greys_Creek,38.44901667,-75.13245,0.3,4.7,NaN,24.12,2.33,56.7
2018-06-19T13:15:00Z,GYK,Greys_Creek,38.44901667,-75.13245,0.3,4.71,NaN,24.14,1.91,56.8
2018-06-19T13:30:00Z,GYK,Greys_Creek,38.44901667,-75.13245,0.3,5.42,NaN,24.75,2.89,66.3
2018-06-19T13:45:00Z,GYK,Greys_Creek,38.44901667,-75.13245,0.3,5.38,NaN,24.32,1.69,64.9
2018-06-19T14:00:00Z,GYK,Greys_Creek,38.44901667,-75.13245,0.3,5.29,NaN,24.79,1.53,64.3
2018-06-19T14:15:00Z,GYK,Greys_Creek,38.44901667,-75.13245,0.3,NaN,NaN,NaN,NaN,NaN
2018-06-19T14:30:00Z,GYK,Greys_Creek,38.44901667,-75.13245,0.3,NaN,NaN,NaN,NaN,NaN
2018-06-19T14:45:00Z,GYK,Greys_Creek,38.44901667,-75.13245,0.3,NaN,NaN,NaN,NaN,NaN
2018-06-19T15:00:00Z,GYK,Greys_Creek,38.44901667,-75.13245,0.3,NaN,NaN,NaN,NaN,NaN
2018-06-19T15:15:00Z,GYK,Greys_Creek,38.44901667,-75.13245,0.3,NaN,NaN,NaN,NaN,NaN
2018-06-19T15:30:00Z,GYK,Greys_Creek,38.44901667,-75.13245,0.3,NaN,NaN,NaN,NaN,NaN
2018-06-19T15:45:00Z,GYK,Greys_Creek,38.44901667,-75.13245,0.3,11.92,NaN,29.19,3.28,158.4
2018-06-19T16:00:00Z,GYK,Greys_Creek,38.44901667,-75.13245,0.3,11.04,NaN,29.88,7.75,152.1
2018-06-19T16:15:00Z,GYK,Greys_Creek,38.44901667,-75.13245,0.3,10.97,NaN,30.01,6.96,150.9
2018-06-19T16:30:00Z,GYK,Greys_Creek,38.44901667,-75.13245,0.3,10.97,NaN,30.33,9.9,154.0
2018-06-19T16:45:00Z,GYK,Greys_Creek,38.44901667,-75.13245,0.3,10.91,NaN,30.26,11.05,154.0
2018-06-19T17:00:00Z,GYK,Greys_Creek,38.44901667,-75.13245,0.3,11.08,NaN,30.54,11.78,157.8
2018-06-19T17:15:00Z,GYK,Greys_Creek,38.44901667,-75.13245,0.3,12.32,NaN,30.48,7.09,170.8
2018-06-19T17:30:00Z,GYK,Greys_Creek,38.44901667,-75.13245,0.3,15.27,NaN,30.07,5.6,208.6
2018-06-19T17:45:00Z,GYK,Greys_Creek,38.44901667,-75.13245,0.3,15.23,NaN,30.37,5.95,209.5
2018-06-19T18:00:00Z,GYK,Greys_Creek,38.44901667,-75.13245,0.3,15.25,NaN,30.64,10.19,215.7
2018-06-19T18:15:00Z,GYK,Greys_Creek,38.44901667,-75.13245,0.3,14.19,0.022,31.43,11.15,204.4
2018-06-19T18:30:00Z,GYK,Greys_Creek,38.44901667,-75.13245,0.3,13.78,0.045,31.63,11.52,199.6
2018-06-19T18:45:00Z,GYK,Greys_Creek,38.44901667,-75.13245,0.3,14.47,0.05,31.33,6.46,202.9
2018-06-19T19:00:00Z,GYK,Greys_Creek,38.44901667,-75.13245,0.3,17.35,0.044,31.14,6.52,242.5
2018-06-19T19:15:00Z,GYK,Greys_Creek,38.44901667,-75.13245,0.3,14.96,0.063,31.64,11.58,216.7
2018-06-19T19:30:00Z,GYK,Greys_Creek,38.44901667,-75.13245,0.3,13.69,0.078,31.22,11.86,197.3
2018-06-19T19:45:00Z,GYK,Greys_Creek,38.44901667,-75.13245,0.3,14.78,0.084,31.44,7.23,208.5
2018-06-19T20:00:00Z,GYK,Greys_Creek,38.44901667,-75.13245,0.3,15.51,0.088,31.55,9.6,221.9
2018-06-19T20:15:00Z,GYK,Greys_Creek,38.44901667,-75.13245,0.3,17.48,0.078,31.13,6.64,244.4
2018-06-19T20:30:00Z,GYK,Greys_Creek,38.44901667,-75.13245,0.3,14.58,0.071,29.6,5.42,197.4
2018-06-19T20:45:00Z,GYK,Greys_Creek,38.44901667,-75.13245,0.3,14.93,0.052,30.05,5.71,204.0
2018-06-19T21:00:00Z,GYK,Greys_Creek,38.44901667,-75.13245,0.3,18.45,0.042,29.74,5.52,250.4
2018-06-19T21:15:00Z,GYK,Greys_Creek,38.44901667,-75.13245,0.3,11.96,0.034,29.09,4.83,159.9
2018-06-19T21:30:00Z,GYK,Greys_Creek,38.44901667,-75.13245,0.3,13.72,0.012,29.26,4.25,183.5
2018-06-19T21:45:00Z,GYK,Greys_Creek,38.44901667,-75.13245,0.3,11.8,NaN,27.81,3.84,153.5
2018-06-19T22:00:00Z,GYK,Greys_Creek,38.44901667,-75.13245,0.3,11.45,NaN,27.99,3.97,149.5
2018-06-19T22:15:00Z,GYK,Greys_Creek,38.44901667,-75.13245,0.3,10.46,NaN,27.28,2.51,133.8
2018-06-19T22:30:00Z,GYK,Greys_Creek,38.44901667,-75.13245,0.3,11.58,NaN,27.72,3.7,150.2
2018-06-19T22:45:00Z,GYK,Greys_Creek,38.44901667,-75.13245,0.3,10.22,NaN,27.05,3.08,130.6
2018-06-19T23:00:00Z,GYK,Greys_Creek,38.44901667,-75.13245,0.3,9.76,NaN,26.89,2.52,124.0
2018-06-19T23:15:00Z,GYK,Greys_Creek,38.44901667,-75.13245,0.3,9.3,NaN,26.63,2.33,117.5
2018-06-19T23:30:00Z,GYK,Greys_Creek,38.44901667,-75.13245,0.3,9.95,NaN,26.82,2.84,126.5
2018-06-19T23:45:00Z,GYK,Greys_Creek,38.44901667,-75.13245,0.3,9.76,NaN,26.64,1.82,123.0
2018-06-20T00:00:00Z,GYK,Greys_Creek,38.44901667,-75.13245,0.3,8.94,NaN,26.63,2.01,112.7
2018-06-20T00:15:00Z,GYK,Greys_Creek,38.44901667,-75.13245,0.3,8.22,NaN,26.35,2.0,103.1
2018-06-20T00:30:00Z,GYK,Greys_Creek,38.44901667,-75.13245,0.3,8.99,NaN,26.42,1.65,112.7
2018-06-20T00:45:00Z,GYK,Greys_Creek,38.44901667,-75.13245,0.3,12.18,NaN,27.93,1.92,157.1
2018-06-20T01:00:00Z,GYK,Greys_Creek,38.44901667,-75.13245,0.3,NaN,NaN,NaN,NaN,NaN
2018-06-20T01:15:00Z,GYK,Greys_Creek,38.44901667,-75.13245,0.3,NaN,NaN,NaN,NaN,NaN
2018-06-20T01:30:00Z,GYK,Greys_Creek,38.44901667,-75.13245,0.3,NaN,NaN,NaN,NaN,NaN
2018-06-20T01:45:00Z,GYK,Greys_Creek,38.44901667,-75.13245,0.3,NaN,NaN,NaN,NaN,NaN
2018-06-20T02:00:00Z,GYK,Greys_Creek,38.44901667,-75.13245,0.3,NaN,NaN,NaN,NaN,NaN
2018-06-20T02:15:00Z,GYK,Greys_Creek,38.44901667,-75.13245,0.3,NaN,NaN,NaN,NaN,NaN
2018-06-20T02:30:00Z,GYK,Greys_Creek,38.44901667,-75.13245,0.3,NaN,NaN,NaN,NaN,NaN
2018-06-20T02:45:00Z,GYK,Greys_Creek,38.44901667,-75.13245,0.3,NaN,NaN,NaN,NaN,NaN
2018-06-20T03:00:00Z,GYK,Greys_Creek,38.44901667,-75.13245,0.3,NaN,NaN,NaN,NaN,NaN
2018-06-20T03:15:00Z,GYK,Greys_Creek,38.44901667,-75.13245,0.3,NaN,NaN,NaN,NaN,NaN
2018-06-20T03:30:00Z,GYK,Greys_Creek,38.44901667,-75.13245,0.3,NaN,NaN,NaN,NaN,NaN
2018-06-20T03:45:00Z,GYK,Greys_Creek,38.44901667,-75.13245,0.3,6.92,NaN,25.97,1.73,86.0
2018-06-20T04:00:00Z,GYK,Greys_Creek,38.44901667,-75.13245,0.3,7.02,NaN,27.69,6.93,92.7
2018-06-20T04:15:00Z,GYK,Greys_Creek,38.44901667,-75.13245,0.3,8.51,NaN,27.28,5.31,110.5
2018-06-20T04:30:00Z,GYK,Greys_Creek,38.44901667,-75.13245,0.3,8.0,NaN,26.26,2.86,100.7
2018-06-20T04:45:00Z,GYK,Greys_Creek,38.44901667,-75.13245,0.3,7.8,NaN,27.35,4.5,101.1
2018-06-20T05:00:00Z,GYK,Greys_Creek,38.44901667,-75.13245,0.3,8.13,NaN,28.27,6.94,108.4
2018-06-20T05:15:00Z,GYK,Greys_Creek,38.44901667,-75.13245,0.3,6.81,NaN,29.1,7.13,92.3
2018-06-20T05:30:00Z,GYK,Greys_Creek,38.44901667,-75.13245,0.3,5.0,0.005,29.49,10.6,69.5
2018-06-20T05:45:00Z,GYK,Greys_Creek,38.44901667,-75.13245,0.3,4.92,0.022,29.11,9.68,67.6
2018-06-20T06:00:00Z,GYK,Greys_Creek,38.44901667,-75.13245,0.3,5.73,0.037,29.83,11.46,80.4
2018-06-20T06:15:00Z,GYK,Greys_Creek,38.44901667,-75.13245,0.3,5.27,0.054,29.84,11.89,74.1
2018-06-20T06:30:00Z,GYK,Greys_Creek,38.44901667,-75.13245,0.3,5.04,0.072,29.75,11.8,70.8
2018-06-20T06:45:00Z,GYK,Greys_Creek,38.44901667,-75.13245,0.3,3.58,0.088,29.82,12.14,50.5
2018-06-20T07:00:00Z,GYK,Greys_Creek,38.44901667,-75.13245,0.3,3.17,0.106,29.76,12.28,44.7
2018-06-20T07:15:00Z,GYK,Greys_Creek,38.44901667,-75.13245,0.3,3.63,0.12,29.76,12.21,51.2
2018-06-20T07:30:00Z,GYK,Greys_Creek,38.44901667,-75.13245,0.3,4.7,0.134,29.75,12.26,66.3
2018-06-20T07:45:00Z,GYK,Greys_Creek,38.44901667,-75.13245,0.3,4.49,0.149,29.66,12.14,63.1
2018-06-20T08:00:00Z,GYK,Greys_Creek,38.44901667,-75.13245,0.3,3.82,0.163,29.71,12.45,53.8
2018-06-20T08:15:00Z,GYK,Greys_Creek,38.44901667,-75.13245,0.3,3.98,0.17,29.67,12.38,56.0
2018-06-20T08:30:00Z,GYK,Greys_Creek,38.44901667,-75.13245,0.3,2.78,0.182,29.53,12.22,39.1
2018-06-20T08:45:00Z,GYK,Greys_Creek,38.44901667,-75.13245,0.3,4.45,0.184,29.06,10.37,61.3
2018-06-20T09:00:00Z,GYK,Greys_Creek,38.44901667,-75.13245,0.3,5.77,0.179,28.83,8.68,78.4
2018-06-20T09:15:00Z,GYK,Greys_Creek,38.44901667,-75.13245,0.3,4.3,0.174,28.91,9.15,58.7
2018-06-20T09:30:00Z,GYK,Greys_Creek,38.44901667,-75.13245,0.3,3.61,0.174,28.8,9.42,49.3
2018-06-20T09:45:00Z,GYK,Greys_Creek,38.44901667,-75.13245,0.3,3.5,0.164,28.34,8.66,47.1
2018-06-20T10:00:00Z,GYK,Greys_Creek,38.44901667,-75.13245,0.3,3.63,0.137,27.23,6.33,47.5
2018-06-20T10:15:00Z,GYK,Greys_Creek,38.44901667,-75.13245,0.3,2.09,0.112,25.45,3.96,26.1
2018-06-20T10:30:00Z,GYK,Greys_Creek,38.44901667,-75.13245,0.3,2.03,0.094,25.39,3.54,25.3
2018-06-20T10:45:00Z,GYK,Greys_Creek,38.44901667,-75.13245,0.3,2.02,0.081,25.39,3.34,25.1
2018-06-20T11:00:00Z,GYK,Greys_Creek,38.44901667,-75.13245,0.3,2.25,0.069,24.74,2.98,27.5
2018-06-20T11:15:00Z,GYK,Greys_Creek,38.44901667,-75.13245,0.3,2.94,0.053,24.44,2.55,35.7
2018-06-20T11:30:00Z,GYK,Greys_Creek,38.44901667,-75.13245,0.3,3.27,0.038,24.87,2.94,40.2
2018-06-20T11:45:00Z,GYK,Greys_Creek,38.44901667,-75.13245,0.3,3.34,0.024,24.35,2.57,40.6
2018-06-20T12:00:00Z,GYK,Greys_Creek,38.44901667,-75.13245,0.3,3.34,0.012,24.33,2.51,40.5
2018-06-20T12:15:00Z,GYK,Greys_Creek,38.44901667,-75.13245,0.3,2.79,0.006,25.07,3.9,34.6
2018-06-20T12:30:00Z,GYK,Greys_Creek,38.44901667,-75.13245,0.3,2.79,NaN,25.11,3.48,34.5
2018-06-20T12:45:00Z,GYK,Greys_Creek,38.44901667,-75.13245,0.3,4.35,NaN,24.12,1.98,52.4
2018-06-20T13:00:00Z,GYK,Greys_Creek,38.44901667,-75.13245,0.3,4.38,NaN,24.19,2.2,52.8
2018-06-20T13:15:00Z,GYK,Greys_Creek,38.44901667,-75.13245,0.3,4.29,NaN,24.52,2.62,52.2
2018-06-20T13:30:00Z,GYK,Greys_Creek,38.44901667,-75.13245,0.3,4.9,NaN,24.63,2.83,59.9
2018-06-20T13:45:00Z,GYK,Greys_Creek,38.44901667,-75.13245,0.3,5.47,NaN,24.74,2.37,66.8
2018-06-20T14:00:00Z,GYK,Greys_Creek,38.44901667,-75.13245,0.3,5.04,NaN,23.99,1.78,60.5
2018-06-20T14:15:00Z,GYK,Greys_Creek,38.44901667,-75.13245,0.3,5.22,NaN,24.52,2.06,63.4
2018-06-20T14:30:00Z,GYK,Greys_Creek,38.44901667,-75.13245,0.3,4.82,NaN,25.88,3.35,60.4
2018-06-20T14:45:00Z,GYK,Greys_Creek,38.44901667,-75.13245,0.3,5.94,NaN,26.82,3.83,75.9
2018-06-20T15:00:00Z,GYK,Greys_Creek,38.44901667,-75.13245,0.3,6.73,NaN,27.04,4.27,86.6
2018-06-20T15:15:00Z,GYK,Greys_Creek,38.44901667,-75.13245,0.3,7.26,NaN,26.55,3.61,92.2
2018-06-20T15:30:00Z,GYK,Greys_Creek,38.44901667,-75.13245,0.3,7.26,NaN,27.94,4.26,94.9
2018-06-20T15:45:00Z,GYK,Greys_Creek,38.44901667,-75.13245,0.3,6.89,NaN,27.12,3.88,88.5
2018-06-20T16:00:00Z,GYK,Greys_Creek,38.44901667,-75.13245,0.3,6.35,NaN,27.98,4.18,83.0
2018-06-20T16:15:00Z,GYK,Greys_Creek,38.44901667,-75.13245,0.3,6.79,NaN,28.12,4.71,89.2
2018-06-20T16:30:00Z,GYK,Greys_Creek,38.44901667,-75.13245,0.3,9.15,NaN,29.48,6.0,124.0
2018-06-20T16:45:00Z,GYK,Greys_Creek,38.44901667,-75.13245,0.3,9.12,NaN,29.81,6.49,124.7
2018-06-20T17:00:00Z,GYK,Greys_Creek,38.44901667,-75.13245,0.3,9.3,NaN,29.88,6.59,127.4
2018-06-20T17:15:00Z,GYK,Greys_Creek,38.44901667,-75.13245,0.3,10.95,0.001,30.17,6.55,150.6
2018-06-20T17:30:00Z,GYK,Greys_Creek,38.44901667,-75.13245,0.3,11.1,0.017,30.17,6.51,152.5
2018-06-20T17:45:00Z,GYK,Greys_Creek,38.44901667,-75.13245,0.3,11.34,0.035,30.23,6.42,156.1
2018-06-20T18:00:00Z,GYK,Greys_Creek,38.44901667,-75.13245,0.3,11.92,0.054,30.46,6.42,164.7
2018-06-20T18:15:00Z,GYK,Greys_Creek,38.44901667,-75.13245,0.3,12.48,0.072,30.38,6.31,172.0
2018-06-20T18:30:00Z,GYK,Greys_Creek,38.44901667,-75.13245,0.3,12.1,0.09,30.28,6.21,166.4
2018-06-20T18:45:00Z,GYK,Greys_Creek,38.44901667,-75.13245,0.3,12.03,0.106,30.26,6.26,165.5
2018-06-20T19:00:00Z,GYK,Greys_Creek,38.44901667,-75.13245,0.3,11.19,0.12,30.38,6.6,154.5
2018-06-20T19:15:00Z,GYK,Greys_Creek,38.44901667,-75.13245,0.3,11.52,0.132,30.49,6.46,159.2
2018-06-20T19:30:00Z,GYK,Greys_Creek,38.44901667,-75.13245,0.3,12.32,0.14,30.49,6.86,170.6
2018-06-20T19:45:00Z,GYK,Greys_Creek,38.44901667,-75.13245,0.3,12.58,0.151,30.83,6.65,175.1
2018-06-20T20:00:00Z,GYK,Greys_Creek,38.44901667,-75.13245,0.3,13.37,0.162,31.15,7.56,188.0
2018-06-20T20:15:00Z,GYK,Greys_Creek,38.44901667,-75.13245,0.3,13.86,0.175,31.35,8.09,196.0
2018-06-20T20:30:00Z,GYK,Greys_Creek,38.44901667,-75.13245,0.3,13.53,0.181,31.32,7.5,190.7
2018-06-20T20:45:00Z,GYK,Greys_Creek,38.44901667,-75.13245,0.3,13.75,0.182,31.54,6.98,193.9
2018-06-20T21:00:00Z,GYK,Greys_Creek,38.44901667,-75.13245,0.3,13.24,0.185,31.52,6.87,186.7
2018-06-20T21:15:00Z,GYK,Greys_Creek,38.44901667,-75.13245,0.3,13.62,0.194,31.53,7.24,192.4
2018-06-20T21:30:00Z,GYK,Greys_Creek,38.44901667,-75.13245,0.3,13.85,0.193,31.59,7.11,195.6
2018-06-20T21:45:00Z,GYK,Greys_Creek,38.44901667,-75.13245,0.3,14.09,0.197,31.27,6.3,197.1
2018-06-20T22:00:00Z,GYK,Greys_Creek,38.44901667,-75.13245,0.3,14.98,0.193,31.28,6.16,209.5
2018-06-20T22:15:00Z,GYK,Greys_Creek,38.44901667,-75.13245,0.3,15.95,0.172,31.17,6.13,222.6
2018-06-20T22:30:00Z,GYK,Greys_Creek,38.44901667,-75.13245,0.3,15.09,0.151,31.03,6.21,210.2
2018-06-20T22:45:00Z,GYK,Greys_Creek,38.44901667,-75.13245,0.3,14.84,0.135,30.93,5.77,205.8
2018-06-20T23:00:00Z,GYK,Greys_Creek,38.44901667,-75.13245,0.3,7.72,0.122,28.3,4.45,101.6
2018-06-20T23:15:00Z,GYK,Greys_Creek,38.44901667,-75.13245,0.3,8.94,0.109,28.31,4.05,117.4
2018-06-20T23:30:00Z,GYK,Greys_Creek,38.44901667,-75.13245,0.3,8.0,0.093,27.22,3.11,102.6
2018-06-20T23:45:00Z,GYK,Greys_Creek,38.44901667,-75.13245,0.3,9.53,0.071,27.26,2.82,122.0
2018-06-21T00:00:00Z,GYK,Greys_Creek,38.44901667,-75.13245,0.3,9.63,0.055,27.66,3.45,124.6
2018-06-21T00:15:00Z,GYK,Greys_Creek,38.44901667,-75.13245,0.3,10.83,0.042,26.46,1.69,135.9
2018-06-21T00:30:00Z,GYK,Greys_Creek,38.44901667,-75.13245,0.3,11.03,0.027,27.37,2.64,141.4
2018-06-21T00:45:00Z,GYK,Greys_Creek,38.44901667,-75.13245,0.3,11.0,0.006,26.99,2.23,139.7
2018-06-21T01:00:00Z,GYK,Greys_Creek,38.44901667,-75.13245,0.3,11.4,0.001,26.62,1.99,143.7
2018-06-21T01:15:00Z,GYK,Greys_Creek,38.44901667,-75.13245,0.3,10.18,NaN,26.03,1.45,126.6
2018-06-21T01:30:00Z,GYK,Greys_Creek,38.44901667,-75.13245,0.3,9.84,NaN,26.25,1.82,123.1
2018-06-21T01:45:00Z,GYK,Greys_Creek,38.44901667,-75.13245,0.3,9.21,NaN,26.12,1.86,115.0
2018-06-21T02:00:00Z,GYK,Greys_Creek,38.44901667,-75.13245,0.3,9.73,NaN,26.3,1.65,121.6
2018-06-21T02:15:00Z,GYK,Greys_Creek,38.44901667,-75.13245,0.3,9.25,NaN,25.98,1.62,115.1
2018-06-21T02:30:00Z,GYK,Greys_Creek,38.44901667,-75.13245,0.3,8.85,NaN,25.72,1.25,109.3
2018-06-21T02:45:00Z,GYK,Greys_Creek,38.44901667,-75.13245,0.3,8.83,NaN,25.87,1.49,109.5
2018-06-21T03:00:00Z,GYK,Greys_Creek,38.44901667,-75.13245,0.3,7.77,NaN,25.26,0.87,95.0
2018-06-21T03:15:00Z,GYK,Greys_Creek,38.44901667,-75.13245,0.3,7.53,NaN,25.39,0.97,92.3
2018-06-21T03:30:00Z,GYK,Greys_Creek,38.44901667,-75.13245,0.3,7.38,NaN,25.34,1.09,90.4
2018-06-21T03:45:00Z,GYK,Greys_Creek,38.44901667,-75.13245,0.3,10.04,NaN,26.84,1.38,126.7
2018-06-21T04:00:00Z,GYK,Greys_Creek,38.44901667,-75.13245,0.3,9.84,NaN,26.73,2.37,124.5
2018-06-21T04:15:00Z,GYK,Greys_Creek,38.44901667,-75.13245,0.3,7.29,NaN,26.11,1.95,90.9
2018-06-21T04:30:00Z,GYK,Greys_Creek,38.44901667,-75.13245,0.3,6.94,NaN,26.92,4.57,89.2
2018-06-21T04:45:00Z,GYK,Greys_Creek,38.44901667,-75.13245,0.3,6.06,NaN,27.17,4.76,78.3
2018-06-21T05:00:00Z,GYK,Greys_Creek,38.44901667,-75.13245,0.3,5.99,NaN,26.62,3.89,76.3
2018-06-21T05:15:00Z,GYK,Greys_Creek,38.44901667,-75.13245,0.3,5.12,NaN,26.9,4.57,65.8
2018-06-21T05:30:00Z,GYK,Greys_Creek,38.44901667,-75.13245,0.3,5.83,0.013,28.97,5.28,78.0
2018-06-21T05:45:00Z,GYK,Greys_Creek,38.44901667,-75.13245,0.3,6.24,0.032,28.6,6.47,83.5
2018-06-21T06:00:00Z,GYK,Greys_Creek,38.44901667,-75.13245,0.3,5.51,0.046,29.07,8.57,75.2
2018-06-21T06:15:00Z,GYK,Greys_Creek,38.44901667,-75.13245,0.3,5.73,0.06,29.46,10.72,79.7
2018-06-21T06:30:00Z,GYK,Greys_Creek,38.44901667,-75.13245,0.3,3.54,0.079,29.62,11.05,49.4
2018-06-21T06:45:00Z,GYK,Greys_Creek,38.44901667,-75.13245,0.3,2.53,0.1,29.72,11.47,35.5
2018-06-21T07:00:00Z,GYK,Greys_Creek,38.44901667,-75.13245,0.3,2.65,0.115,29.68,11.49,37.1
2018-06-21T07:15:00Z,GYK,Greys_Creek,38.44901667,-75.13245,0.3,2.96,0.123,29.73,11.75,41.6
2018-06-21T07:30:00Z,GYK,Greys_Creek,38.44901667,-75.13245,0.3,2.8,0.136,29.78,11.9,39.3
2018-06-21T07:45:00Z,GYK,Greys_Creek,38.44901667,-75.13245,0.3,2.48,0.15,29.72,12.0,34.9
2018-06-21T08:00:00Z,GYK,Greys_Creek,38.44901667,-75.13245,0.3,2.49,0.166,29.75,12.22,35.0
2018-06-21T08:15:00Z,GYK,Greys_Creek,38.44901667,-75.13245,0.3,1.81,0.178,29.75,12.29,25.5
2018-06-21T08:30:00Z,GYK,Greys_Creek,38.44901667,-75.13245,0.3,1.94,0.187,29.76,12.43,27.3
2018-06-21T08:45:00Z,GYK,Greys_Creek,38.44901667,-75.13245,0.3,2.11,0.198,29.75,12.53,29.7
2018-06-21T09:00:00Z,GYK,Greys_Creek,38.44901667,-75.13245,0.3,1.74,0.204,29.76,12.62,24.6
2018-06-21T09:15:00Z,GYK,Greys_Creek,38.44901667,-75.13245,0.3,1.34,0.213,29.62,12.71,18.9
2018-06-21T09:30:00Z,GYK,Greys_Creek,38.44901667,-75.13245,0.3,1.37,0.219,29.56,12.83,19.3
2018-06-21T09:45:00Z,GYK,Greys_Creek,38.44901667,-75.13245,0.3,1.78,0.223,29.4,12.9,25.0
2018-06-21T10:00:00Z,GYK,Greys_Creek,38.44901667,-75.13245,0.3,1.69,0.222,29.36,12.84,23.7
2018-06-21T10:15:00Z,GYK,Greys_Creek,38.44901667,-75.13245,0.3,2.1,0.219,29.22,12.66,29.4
2018-06-21T10:30:00Z,GYK,Greys_Creek,38.44901667,-75.13245,0.3,1.32,0.212,29.24,11.75,18.3
2018-06-21T10:45:00Z,GYK,Greys_Creek,38.44901667,-75.13245,0.3,2.78,0.197,28.86,9.38,37.9
2018-06-21T11:00:00Z,GYK,Greys_Creek,38.44901667,-75.13245,0.3,0.58,0.17,29.43,9.39,8.0
2018-06-21T11:15:00Z,GYK,Greys_Creek,38.44901667,-75.13245,0.3,0.42,0.145,27.85,6.57,5.5
2018-06-21T11:30:00Z,GYK,Greys_Creek,38.44901667,-75.13245,0.3,0.59,0.126,26.26,5.27,7.5
2018-06-21T11:45:00Z,GYK,Greys_Creek,38.44901667,-75.13245,0.3,0.47,0.115,26.76,4.84,6.0
2018-06-21T12:00:00Z,GYK,Greys_Creek,38.44901667,-75.13245,0.3,1.04,0.101,25.18,3.4,12.9
2018-06-21T12:15:00Z,GYK,Greys_Creek,38.44901667,-75.13245,0.3,2.49,0.084,25.23,3.26,30.8
2018-06-21T12:30:00Z,GYK,Greys_Creek,38.44901667,-75.13245,0.3,1.61,0.071,26.1,2.96,20.3
2018-06-21T12:45:00Z,GYK,Greys_Creek,38.44901667,-75.13245,0.3,0.48,0.063,25.48,2.9,6.0
2018-06-21T13:00:00Z,GYK,Greys_Creek,38.44901667,-75.13245,0.3,3.41,0.045,25.53,3.23,42.5
2018-06-21T13:15:00Z,GYK,Greys_Creek,38.44901667,-75.13245,0.3,6.0,0.021,25.45,2.87,74.4
2018-06-21T13:30:00Z,GYK,Greys_Creek,38.44901667,-75.13245,0.3,4.38,0.008,25.38,2.84,54.2
2018-06-21T13:45:00Z,GYK,Greys_Creek,38.44901667,-75.13245,0.3,3.89,NaN,25.08,2.9,47.9
2018-06-21T14:00:00Z,GYK,Greys_Creek,38.44901667,-75.13245,0.3,4.04,NaN,24.97,2.5,49.5
2018-06-21T14:15:00Z,GYK,Greys_Creek,38.44901667,-75.13245,0.3,4.72,NaN,25.02,2.42,58.0
2018-06-21T14:30:00Z,GYK,Greys_Creek,38.44901667,-75.13245,0.3,4.44,NaN,25.1,2.38,54.6
2018-06-21T14:45:00Z,GYK,Greys_Creek,38.44901667,-75.13245,0.3,3.85,NaN,24.95,2.28,47.1
2018-06-21T15:00:00Z,GYK,Greys_Creek,38.44901667,-75.13245,0.3,7.44,NaN,26.18,3.04,93.5
2018-06-21T15:15:00Z,GYK,Greys_Creek,38.44901667,-75.13245,0.3,6.74,NaN,25.83,2.65,84.0
2018-06-21T15:30:00Z,GYK,Greys_Creek,38.44901667,-75.13245,0.3,5.53,NaN,25.82,2.73,69.0
2018-06-21T15:45:00Z,GYK,Greys_Creek,38.44901667,-75.13245,0.3,4.89,NaN,24.93,1.86,59.7
2018-06-21T16:00:00Z,GYK,Greys_Creek,38.44901667,-75.13245,0.3,7.33,NaN,26.29,3.76,92.8
2018-06-21T16:15:00Z,GYK,Greys_Creek,38.44901667,-75.13245,0.3,6.49,NaN,27.35,5.41,84.5
2018-06-21T16:30:00Z,GYK,Greys_Creek,38.44901667,-75.13245,0.3,9.52,NaN,28.08,5.52,125.5
2018-06-21T16:45:00Z,GYK,Greys_Creek,38.44901667,-75.13245,0.3,10.51,NaN,27.77,3.52,136.4
2018-06-21T17:00:00Z,GYK,Greys_Creek,38.44901667,-75.13245,0.3,6.06,NaN,26.0,2.87,75.9
2018-06-21T17:15:00Z,GYK,Greys_Creek,38.44901667,-75.13245,0.3,10.97,NaN,29.61,9.02,151.5
2018-06-21T17:30:00Z,GYK,Greys_Creek,38.44901667,-75.13245,0.3,9.42,NaN,30.27,10.18,132.3
2018-06-21T17:45:00Z,GYK,Greys_Creek,38.44901667,-75.13245,0.3,10.38,NaN,30.14,10.08,145.5
2018-06-21T18:00:00Z,GYK,Greys_Creek,38.44901667,-75.13245,0.3,11.51,0.013,29.75,8.89,159.2
2018-06-21T18:15:00Z,GYK,Greys_Creek,38.44901667,-75.13245,0.3,12.12,0.036,29.96,9.08,168.5
2018-06-21T18:30:00Z,GYK,Greys_Creek,38.44901667,-75.13245,0.3,12.5,0.065,30.18,9.86,175.0
2018-06-21T18:45:00Z,GYK,Greys_Creek,38.44901667,-75.13245,0.3,13.59,0.092,30.2,10.3,190.9
2018-06-21T19:00:00Z,GYK,Greys_Creek,38.44901667,-75.13245,0.3,14.12,0.099,30.13,9.75,197.6
2018-06-21T19:15:00Z,GYK,Greys_Creek,38.44901667,-75.13245,0.3,14.35,0.11,29.85,7.72,197.5
2018-06-21T19:30:00Z,GYK,Greys_Creek,38.44901667,-75.13245,0.3,14.35,0.124,30.18,10.54,201.8
2018-06-21T19:45:00Z,GYK,Greys_Creek,38.44901667,-75.13245,0.3,14.08,0.141,30.24,10.71,198.3
2018-06-21T20:00:00Z,GYK,Greys_Creek,38.44901667,-75.13245,0.3,12.98,0.155,30.11,10.84,182.5
2018-06-21T20:15:00Z,GYK,Greys_Creek,38.44901667,-75.13245,0.3,12.27,0.161,30.06,10.98,172.5
2018-06-21T20:30:00Z,GYK,Greys_Creek,38.44901667,-75.13245,0.3,13.27,0.176,29.98,11.29,186.7
2018-06-21T20:45:00Z,GYK,Greys_Creek,38.44901667,-75.13245,0.3,13.28,0.196,29.97,11.33,186.9
2018-06-21T21:00:00Z,GYK,Greys_Creek,38.44901667,-75.13245,0.3,14.44,0.211,30.0,11.27,203.2
2018-06-21T21:15:00Z,GYK,Greys_Creek,38.44901667,-75.13245,0.3,13.19,0.217,29.99,11.35,185.7
2018-06-21T21:30:00Z,GYK,Greys_Creek,38.44901667,-75.13245,0.3,12.99,0.227,30.04,11.4,183.1
2018-06-21T21:45:00Z,GYK,Greys_Creek,38.44901667,-75.13245,0.3,12.56,0.238,29.98,11.46,176.9
2018-06-21T22:00:00Z,GYK,Greys_Creek,38.44901667,-75.13245,0.3,12.86,0.245,29.94,11.38,181.0
2018-06-21T22:15:00Z,GYK,Greys_Creek,38.44901667,-75.13245,0.3,12.53,0.245,29.92,11.49,176.3
2018-06-21T22:30:00Z,GYK,Greys_Creek,38.44901667,-75.13245,0.3,12.48,0.247,29.89,11.32,175.3
2018-06-21T22:45:00Z,GYK,Greys_Creek,38.44901667,-75.13245,0.3,11.62,0.251,29.91,11.36,163.3
2018-06-21T23:00:00Z,GYK,Greys_Creek,38.44901667,-75.13245,0.3,10.99,0.25,29.88,11.43,154.5
2018-06-21T23:15:00Z,GYK,Greys_Creek,38.44901667,-75.13245,0.3,13.55,0.237,29.87,11.13,190.1
2018-06-21T23:30:00Z,GYK,Greys_Creek,38.44901667,-75.13245,0.3,9.87,0.222,29.8,11.26,138.4
2018-06-21T23:45:00Z,GYK,Greys_Creek,38.44901667,-75.13245,0.3,11.26,0.218,29.69,10.84,157.2
2018-06-22T00:00:00Z,GYK,Greys_Creek,38.44901667,-75.13245,0.3,11.63,0.195,28.0,9.16,156.4
2018-06-22T00:15:00Z,GYK,Greys_Creek,38.44901667,-75.13245,0.3,12.55,0.161,26.92,5.63,162.3
2018-06-22T00:30:00Z,GYK,Greys_Creek,38.44901667,-75.13245,0.3,12.14,0.151,26.23,5.49,155.0
2018-06-22T00:45:00Z,GYK,Greys_Creek,38.44901667,-75.13245,0.3,7.66,0.144,28.59,7.34,103.0
2018-06-22T01:00:00Z,GYK,Greys_Creek,38.44901667,-75.13245,0.3,6.11,0.135,28.06,8.25,81.8
2018-06-22T01:15:00Z,GYK,Greys_Creek,38.44901667,-75.13245,0.3,11.97,0.117,25.61,4.61,150.4
2018-06-22T01:30:00Z,GYK,Greys_Creek,38.44901667,-75.13245,0.3,8.25,0.095,24.66,2.26,100.4
2018-06-22T01:45:00Z,GYK,Greys_Creek,38.44901667,-75.13245,0.3,7.69,0.078,24.99,2.8,94.6
2018-06-22T02:00:00Z,GYK,Greys_Creek,38.44901667,-75.13245,0.3,7.34,0.068,24.8,2.79,89.9
2018-06-22T02:15:00Z,GYK,Greys_Creek,38.44901667,-75.13245,0.3,7.77,0.054,24.78,3.03,95.3
2018-06-22T02:30:00Z,GYK,Greys_Creek,38.44901667,-75.13245,0.3,6.98,0.037,24.59,2.9,85.3
2018-06-22T02:45:00Z,GYK,Greys_Creek,38.44901667,-75.13245,0.3,6.45,0.026,24.63,2.99,78.8
2018-06-22T03:00:00Z,GYK,Greys_Creek,38.44901667,-75.13245,0.3,6.06,0.021,24.26,2.49,73.4
2018-06-22T03:15:00Z,GYK,Greys_Creek,38.44901667,-75.13245,0.3,5.96,0.012,24.26,2.55,72.2
2018-06-22T03:30:00Z,GYK,Greys_Creek,38.44901667,-75.13245,0.3,5.7,0.003,24.12,2.25,68.7
2018-06-22T03:45:00Z,GYK,Greys_Creek,38.44901667,-75.13245,0.3,5.55,NaN,24.17,2.22,66.9
2018-06-22T04:00:00Z,GYK,Greys_Creek,38.44901667,-75.13245,0.3,5.48,NaN,24.06,1.99,65.9
2018-06-22T04:15:00Z,GYK,Greys_Creek,38.44901667,-75.13245,0.3,5.5,NaN,23.86,1.85,65.8
2018-06-22T04:30:00Z,GYK,Greys_Creek,38.44901667,-75.13245,0.3,5.89,NaN,24.05,1.79,70.7
2018-06-22T04:45:00Z,GYK,Greys_Creek,38.44901667,-75.13245,0.3,5.43,NaN,23.89,1.77,65.1
2018-06-22T05:00:00Z,GYK,Greys_Creek,38.44901667,-75.13245,0.3,5.28,NaN,23.75,1.78,63.0
2018-06-22T05:15:00Z,GYK,Greys_Creek,38.44901667,-75.13245,0.3,2.71,NaN,28.14,5.31,35.7
2018-06-22T05:30:00Z,GYK,Greys_Creek,38.44901667,-75.13245,0.3,4.36,0.005,27.64,9.11,58.2
2018-06-22T05:45:00Z,GYK,Greys_Creek,38.44901667,-75.13245,0.3,4.86,0.024,28.1,9.77,65.7
2018-06-22T06:00:00Z,GYK,Greys_Creek,38.44901667,-75.13245,0.3,5.5,0.055,27.97,11.17,74.7
2018-06-22T06:15:00Z,GYK,Greys_Creek,38.44901667,-75.13245,0.3,5.11,0.074,27.75,10.82,69.0
2018-06-22T06:30:00Z,GYK,Greys_Creek,38.44901667,-75.13245,0.3,2.9,0.085,27.72,10.09,38.9
2018-06-22T06:45:00Z,GYK,Greys_Creek,38.44901667,-75.13245,0.3,2.16,0.107,27.05,10.07,28.7
2018-06-22T07:00:00Z,GYK,Greys_Creek,38.44901667,-75.13245,0.3,3.05,0.117,26.16,7.34,39.3
2018-06-22T07:15:00Z,GYK,Greys_Creek,38.44901667,-75.13245,0.3,2.9,0.131,25.59,6.7,36.9
2018-06-22T07:30:00Z,GYK,Greys_Creek,38.44901667,-75.13245,0.3,1.98,0.151,26.2,7.05,25.5
2018-06-22T07:45:00Z,GYK,Greys_Creek,38.44901667,-75.13245,0.3,1.8,0.167,26.38,7.81,23.3
2018-06-22T08:00:00Z,GYK,Greys_Creek,38.44901667,-75.13245,0.3,2.09,0.18,26.34,8.1,27.2
2018-06-22T08:15:00Z,GYK,Greys_Creek,38.44901667,-75.13245,0.3,3.53,0.192,25.23,7.81,44.9
2018-06-22T08:30:00Z,GYK,Greys_Creek,38.44901667,-75.13245,0.3,1.59,0.207,26.11,8.06,20.6
2018-06-22T08:45:00Z,GYK,Greys_Creek,38.44901667,-75.13245,0.3,1.57,0.218,26.28,8.58,20.4
2018-06-22T09:00:00Z,GYK,Greys_Creek,38.44901667,-75.13245,0.3,1.85,0.231,26.54,9.07,24.2
2018-06-22T09:15:00Z,GYK,Greys_Creek,38.44901667,-75.13245,0.3,2.24,0.252,26.88,10.1,29.7
2018-06-22T09:30:00Z,GYK,Greys_Creek,38.44901667,-75.13245,0.3,3.08,0.269,26.56,10.24,40.6
2018-06-22T09:45:00Z,GYK,Greys_Creek,38.44901667,-75.13245,0.3,3.22,0.277,26.33,9.22,42.0
2018-06-22T10:00:00Z,GYK,Greys_Creek,38.44901667,-75.13245,0.3,1.36,0.277,26.3,8.74,17.7
2018-06-22T10:15:00Z,GYK,Greys_Creek,38.44901667,-75.13245,0.3,1.32,0.28,26.31,9.33,17.3
2018-06-22T10:30:00Z,GYK,Greys_Creek,38.44901667,-75.13245,0.3,2.51,0.293,26.78,10.91,33.4
2018-06-22T10:45:00Z,GYK,Greys_Creek,38.44901667,-75.13245,0.3,2.63,0.304,25.68,8.94,33.9
2018-06-22T11:00:00Z,GYK,Greys_Creek,38.44901667,-75.13245,0.3,1.66,0.299,25.88,7.92,21.3
2018-06-22T11:15:00Z,GYK,Greys_Creek,38.44901667,-75.13245,0.3,2.88,0.292,25.54,8.02,36.9
2018-06-22T11:30:00Z,GYK,Greys_Creek,38.44901667,-75.13245,0.3,0.41,0.288,25.34,7.46,5.2
2018-06-22T11:45:00Z,GYK,Greys_Creek,38.44901667,-75.13245,0.3,0.42,0.276,25.37,7.16,5.4
2018-06-22T12:00:00Z,GYK,Greys_Creek,38.44901667,-75.13245,0.3,2.99,0.259,24.59,7.17,37.4
2018-06-22T12:15:00Z,GYK,Greys_Creek,38.44901667,-75.13245,0.3,3.24,0.238,24.41,6.45,40.2
2018-06-22T12:30:00Z,GYK,Greys_Creek,38.44901667,-75.13245,0.3,2.2,0.224,24.77,6.27,27.5
2018-06-22T12:45:00Z,GYK,Greys_Creek,38.44901667,-75.13245,0.3,2.5,0.222,24.52,6.5,31.1
2018-06-22T13:00:00Z,GYK,Greys_Creek,38.44901667,-75.13245,0.3,1.12,0.206,24.25,6.18,13.9
2018-06-22T13:15:00Z,GYK,Greys_Creek,38.44901667,-75.13245,0.3,2.47,0.187,23.67,4.46,30.0
2018-06-22T13:30:00Z,GYK,Greys_Creek,38.44901667,-75.13245,0.3,3.04,0.179,24.65,5.01,37.6
2018-06-22T13:45:00Z,GYK,Greys_Creek,38.44901667,-75.13245,0.3,2.09,0.172,24.72,5.66,26.0
2018-06-22T14:00:00Z,GYK,Greys_Creek,38.44901667,-75.13245,0.3,3.88,0.16,23.62,3.93,46.8
2018-06-22T14:15:00Z,GYK,Greys_Creek,38.44901667,-75.13245,0.3,5.01,0.139,23.04,3.02,59.5
2018-06-22T14:30:00Z,GYK,Greys_Creek,38.44901667,-75.13245,0.3,4.37,0.126,22.48,1.98,51.0
2018-06-22T14:45:00Z,GYK,Greys_Creek,38.44901667,-75.13245,0.3,3.73,0.111,22.33,1.85,43.3
2018-06-22T15:00:00Z,GYK,Greys_Creek,38.44901667,-75.13245,0.3,6.93,0.099,22.43,2.1,80.9
2018-06-22T15:15:00Z,GYK,Greys_Creek,38.44901667,-75.13245,0.3,4.02,0.096,22.24,1.78,46.7
2018-06-22T15:30:00Z,GYK,Greys_Creek,38.44901667,-75.13245,0.3,4.62,0.08,22.76,2.38,54.3
2018-06-22T15:45:00Z,GYK,Greys_Creek,38.44901667,-75.13245,0.3,4.71,0.074,22.21,1.82,54.6
2018-06-22T16:00:00Z,GYK,Greys_Creek,38.44901667,-75.13245,0.3,6.44,0.072,23.16,2.06,76.2
2018-06-22T16:15:00Z,GYK,Greys_Creek,38.44901667,-75.13245,0.3,5.12,0.057,22.89,2.21,60.3
2018-06-22T16:30:00Z,GYK,Greys_Creek,38.44901667,-75.13245,0.3,5.69,0.048,22.31,2.19,66.3
2018-06-22T16:45:00Z,GYK,Greys_Creek,38.44901667,-75.13245,0.3,6.04,0.041,23.07,3.21,71.8
2018-06-22T17:00:00Z,GYK,Greys_Creek,38.44901667,-75.13245,0.3,6.24,0.04,22.38,1.93,72.6
2018-06-22T17:15:00Z,GYK,Greys_Creek,38.44901667,-75.13245,0.3,5.12,0.041,22.8,2.21,60.2
2018-06-22T17:30:00Z,GYK,Greys_Creek,38.44901667,-75.13245,0.3,6.09,0.044,23.12,2.38,72.1
2018-06-22T17:45:00Z,GYK,Greys_Creek,38.44901667,-75.13245,0.3,4.55,0.061,24.15,4.33,55.6
2018-06-22T18:00:00Z,GYK,Greys_Creek,38.44901667,-75.13245,0.3,5.8,0.078,24.15,6.14,71.5
2018-06-22T18:15:00Z,GYK,Greys_Creek,38.44901667,-75.13245,0.3,6.64,0.089,24.25,6.75,82.4
2018-06-22T18:30:00Z,GYK,Greys_Creek,38.44901667,-75.13245,0.3,7.86,0.108,24.21,7.18,97.6
2018-06-22T18:45:00Z,GYK,Greys_Creek,38.44901667,-75.13245,0.3,8.27,0.13,24.36,9.14,104.1
2018-06-22T19:00:00Z,GYK,Greys_Creek,38.44901667,-75.13245,0.3,8.71,0.154,24.48,9.62,110.2
2018-06-22T19:15:00Z,GYK,Greys_Creek,38.44901667,-75.13245,0.3,9.29,0.16,24.34,8.58,116.6
2018-06-22T19:30:00Z,GYK,Greys_Creek,38.44901667,-75.13245,0.3,9.38,0.168,24.25,8.26,117.4
2018-06-22T19:45:00Z,GYK,Greys_Creek,38.44901667,-75.13245,0.3,8.51,0.189,24.49,9.13,107.5
2018-06-22T20:00:00Z,GYK,Greys_Creek,38.44901667,-75.13245,0.3,8.74,0.231,24.66,10.61,111.6
2018-06-22T20:15:00Z,GYK,Greys_Creek,38.44901667,-75.13245,0.3,8.42,0.241,24.63,10.73,107.6
2018-06-22T20:30:00Z,GYK,Greys_Creek,38.44901667,-75.13245,0.3,8.61,0.241,24.54,7.5,107.9
2018-06-22T20:45:00Z,GYK,Greys_Creek,38.44901667,-75.13245,0.3,8.85,0.259,24.63,10.25,112.7
2018-06-22T21:00:00Z,GYK,Greys_Creek,38.44901667,-75.13245,0.3,8.41,0.292,24.63,10.63,107.3
2018-06-22T21:15:00Z,GYK,Greys_Creek,38.44901667,-75.13245,0.3,7.96,0.284,24.63,10.15,101.4
2018-06-22T21:30:00Z,GYK,Greys_Creek,38.44901667,-75.13245,0.3,8.01,0.301,24.62,10.34,102.1
2018-06-22T21:45:00Z,GYK,Greys_Creek,38.44901667,-75.13245,0.3,7.67,0.317,24.62,10.52,97.8
2018-06-22T22:00:00Z,GYK,Greys_Creek,38.44901667,-75.13245,0.3,7.67,0.326,24.47,10.39,97.5
2018-06-22T22:15:00Z,GYK,Greys_Creek,38.44901667,-75.13245,0.3,7.22,0.332,24.48,10.64,92.0
2018-06-22T22:30:00Z,GYK,Greys_Creek,38.44901667,-75.13245,0.3,7.28,0.338,24.46,10.65,92.6
2018-06-22T22:45:00Z,GYK,Greys_Creek,38.44901667,-75.13245,0.3,7.13,0.354,24.44,10.75,90.7
2018-06-22T23:00:00Z,GYK,Greys_Creek,38.44901667,-75.13245,0.3,6.89,0.367,24.39,10.92,87.8
2018-06-22T23:15:00Z,GYK,Greys_Creek,38.44901667,-75.13245,0.3,6.48,0.373,24.39,10.66,82.4
2018-06-22T23:30:00Z,GYK,Greys_Creek,38.44901667,-75.13245,0.3,7.8,0.367,24.29,10.34,98.9
2018-06-22T23:45:00Z,GYK,Greys_Creek,38.44901667,-75.13245,0.3,7.12,0.357,24.93,9.26,90.7
2018-06-23T00:00:00Z,GYK,Greys_Creek,38.44901667,-75.13245,0.3,6.71,0.348,24.49,9.96,85.2
2018-06-23T00:15:00Z,GYK,Greys_Creek,38.44901667,-75.13245,0.3,6.07,0.351,24.43,10.46,77.2
2018-06-23T00:30:00Z,GYK,Greys_Creek,38.44901667,-75.13245,0.3,4.71,0.344,24.43,10.71,60.0
2018-06-23T00:45:00Z,GYK,Greys_Creek,38.44901667,-75.13245,0.3,5.35,0.327,25.4,10.09,69.1
2018-06-23T01:00:00Z,GYK,Greys_Creek,38.44901667,-75.13245,0.3,6.85,0.3,24.94,8.79,87.0
2018-06-23T01:15:00Z,GYK,Greys_Creek,38.44901667,-75.13245,0.3,6.23,0.27,25.02,8.92,79.4
2018-06-23T01:30:00Z,GYK,Greys_Creek,38.44901667,-75.13245,0.3,3.46,0.256,24.74,9.53,43.9
2018-06-23T01:45:00Z,GYK,Greys_Creek,38.44901667,-75.13245,0.3,3.53,0.258,25.14,10.42,45.4
2018-06-23T02:00:00Z,GYK,Greys_Creek,38.44901667,-75.13245,0.3,3.59,0.227,24.48,8.44,45.2
2018-06-23T02:15:00Z,GYK,Greys_Creek,38.44901667,-75.13245,0.3,4.26,0.211,24.32,8.04,53.4
2018-06-23T02:30:00Z,GYK,Greys_Creek,38.44901667,-75.13245,0.3,3.25,0.198,25.04,9.3,41.6
2018-06-23T02:45:00Z,GYK,Greys_Creek,38.44901667,-75.13245,0.3,3.23,0.187,23.68,6.97,39.7
2018-06-23T03:00:00Z,GYK,Greys_Creek,38.44901667,-75.13245,0.3,5.33,0.158,22.12,4.24,62.7
2018-06-23T03:15:00Z,GYK,Greys_Creek,38.44901667,-75.13245,0.3,4.16,0.14,21.6,2.38,47.9
2018-06-23T03:30:00Z,GYK,Greys_Creek,38.44901667,-75.13245,0.3,3.3,0.129,23.63,6.28,40.4
2018-06-23T03:45:00Z,GYK,Greys_Creek,38.44901667,-75.13245,0.3,2.82,0.133,22.74,3.18,33.3
2018-06-23T04:00:00Z,GYK,Greys_Creek,38.44901667,-75.13245,0.3,2.55,0.116,22.7,3.7,30.2
2018-06-23T04:15:00Z,GYK,Greys_Creek,38.44901667,-75.13245,0.3,4.72,0.087,21.53,2.3,54.2
2018-06-23T04:30:00Z,GYK,Greys_Creek,38.44901667,-75.13245,0.3,4.26,0.082,21.38,2.28,48.7
2018-06-23T04:45:00Z,GYK,Greys_Creek,38.44901667,-75.13245,0.3,2.57,0.071,23.39,5.3,31.1
2018-06-23T05:00:00Z,GYK,Greys_Creek,38.44901667,-75.13245,0.3,2.0,0.068,21.92,3.1,23.3
2018-06-23T05:15:00Z,GYK,Greys_Creek,38.44901667,-75.13245,0.3,1.63,0.064,21.34,1.78,18.6
2018-06-23T05:30:00Z,GYK,Greys_Creek,38.44901667,-75.13245,0.3,2.42,0.052,22.47,2.1,28.2
2018-06-23T05:45:00Z,GYK,Greys_Creek,38.44901667,-75.13245,0.3,3.17,0.045,21.52,2.84,36.5
2018-06-23T06:00:00Z,GYK,Greys_Creek,38.44901667,-75.13245,0.3,3.01,0.049,22.09,3.03,35.1
2018-06-23T06:15:00Z,GYK,Greys_Creek,38.44901667,-75.13245,0.3,4.32,0.052,21.91,3.12,50.2
2018-06-23T06:30:00Z,GYK,Greys_Creek,38.44901667,-75.13245,0.3,2.89,0.047,22.37,3.52,33.9
2018-06-23T06:45:00Z,GYK,Greys_Creek,38.44901667,-75.13245,0.3,1.44,0.065,23.13,4.63,17.3
2018-06-23T07:00:00Z,GYK,Greys_Creek,38.44901667,-75.13245,0.3,0.87,0.087,23.85,7.21,10.7
2018-06-23T07:15:00Z,GYK,Greys_Creek,38.44901667,-75.13245,0.3,0.47,0.112,23.65,7.23,5.8
2018-06-23T07:30:00Z,GYK,Greys_Creek,38.44901667,-75.13245,0.3,0.36,0.129,23.54,7.99,4.4
2018-06-23T07:45:00Z,GYK,Greys_Creek,38.44901667,-75.13245,0.3,0.31,0.135,23.76,9.88,3.8
2018-06-23T08:00:00Z,GYK,Greys_Creek,38.44901667,-75.13245,0.3,0.3,0.155,23.87,9.88,3.7
2018-06-23T08:15:00Z,GYK,Greys_Creek,38.44901667,-75.13245,0.3,0.29,0.172,24.08,11.01,3.7
2018-06-23T08:30:00Z,GYK,Greys_Creek,38.44901667,-75.13245,0.3,0.32,0.183,24.07,11.11,4.1
2018-06-23T08:45:00Z,GYK,Greys_Creek,38.44901667,-75.13245,0.3,1.07,0.191,23.97,11.16,13.5
2018-06-23T09:00:00Z,GYK,Greys_Creek,38.44901667,-75.13245,0.3,1.24,0.211,23.9,11.15,15.6
2018-06-23T09:15:00Z,GYK,Greys_Creek,38.44901667,-75.13245,0.3,1.24,0.232,23.83,11.25,15.7
2018-06-23T09:30:00Z,GYK,Greys_Creek,38.44901667,-75.13245,0.3,1.07,0.241,23.95,11.36,13.6
2018-06-23T09:45:00Z,GYK,Greys_Creek,38.44901667,-75.13245,0.3,1.21,0.249,24.06,11.81,15.4
2018-06-23T10:00:00Z,GYK,Greys_Creek,38.44901667,-75.13245,0.3,0.39,0.263,24.05,11.89,5.0
2018-06-23T10:15:00Z,GYK,Greys_Creek,38.44901667,-75.13245,0.3,0.28,0.277,24.29,12.02,3.6
2018-06-23T10:30:00Z,GYK,Greys_Creek,38.44901667,-75.13245,0.3,0.53,0.282,24.08,12.04,6.8
2018-06-23T10:45:00Z,GYK,Greys_Creek,38.44901667,-75.13245,0.3,0.65,0.289,24.09,12.31,8.4
2018-06-23T11:00:00Z,GYK,Greys_Creek,38.44901667,-75.13245,0.3,0.32,0.296,24.17,12.19,4.1
2018-06-23T11:15:00Z,GYK,Greys_Creek,38.44901667,-75.13245,0.3,0.41,0.299,24.23,12.53,5.2
2018-06-23T11:30:00Z,GYK,Greys_Creek,38.44901667,-75.13245,0.3,0.32,0.308,24.33,12.75,4.2
2018-06-23T11:45:00Z,GYK,Greys_Creek,38.44901667,-75.13245,0.3,0.49,0.313,24.42,12.86,6.3
2018-06-23T12:00:00Z,GYK,Greys_Creek,38.44901667,-75.13245,0.3,0.72,0.307,24.4,12.76,9.2
2018-06-23T12:15:00Z,GYK,Greys_Creek,38.44901667,-75.13245,0.3,0.58,0.311,24.44,12.57,7.5
2018-06-23T12:30:00Z,GYK,Greys_Creek,38.44901667,-75.13245,0.3,0.43,0.305,24.75,12.61,5.6
2018-06-23T12:45:00Z,GYK,Greys_Creek,38.44901667,-75.13245,0.3,0.34,0.278,25.37,10.31,4.4
2018-06-23T13:00:00Z,GYK,Greys_Creek,38.44901667,-75.13245,0.3,0.41,0.253,25.4,10.37,5.3
2018-06-23T13:15:00Z,GYK,Greys_Creek,38.44901667,-75.13245,0.3,0.32,0.235,24.58,10.01,4.0
2018-06-23T13:30:00Z,GYK,Greys_Creek,38.44901667,-75.13245,0.3,0.48,0.217,24.31,9.98,6.1
2018-06-23T13:45:00Z,GYK,Greys_Creek,38.44901667,-75.13245,0.3,0.55,0.208,24.6,10.39,7.0
2018-06-23T14:00:00Z,GYK,Greys_Creek,38.44901667,-75.13245,0.3,1.47,0.194,24.86,10.09,18.8
2018-06-23T14:15:00Z,GYK,Greys_Creek,38.44901667,-75.13245,0.3,1.59,0.182,25.37,10.35,20.6
2018-06-23T14:30:00Z,GYK,Greys_Creek,38.44901667,-75.13245,0.3,2.6,0.173,24.64,9.25,32.9
2018-06-23T14:45:00Z,GYK,Greys_Creek,38.44901667,-75.13245,0.3,2.02,0.15,25.14,9.26,25.8
2018-06-23T15:00:00Z,GYK,Greys_Creek,38.44901667,-75.13245,0.3,4.48,0.139,22.12,3.65,52.4
2018-06-23T15:15:00Z,GYK,Greys_Creek,38.44901667,-75.13245,0.3,3.39,0.125,23.34,4.98,40.9
2018-06-23T15:30:00Z,GYK,Greys_Creek,38.44901667,-75.13245,0.3,3.86,0.11,23.99,5.88,47.4
2018-06-23T15:45:00Z,GYK,Greys_Creek,38.44901667,-75.13245,0.3,3.88,0.098,22.52,3.15,45.6
2018-06-23T16:00:00Z,GYK,Greys_Creek,38.44901667,-75.13245,0.3,4.74,0.084,22.58,3.04,55.8
2018-06-23T16:15:00Z,GYK,Greys_Creek,38.44901667,-75.13245,0.3,5.27,0.072,22.67,2.92,62.0
2018-06-23T16:30:00Z,GYK,Greys_Creek,38.44901667,-75.13245,0.3,4.2,0.062,21.91,2.29,48.6
2018-06-23T16:45:00Z,GYK,Greys_Creek,38.44901667,-75.13245,0.3,3.46,0.055,22.06,2.64,40.3
2018-06-23T17:00:00Z,GYK,Greys_Creek,38.44901667,-75.13245,0.3,3.6,0.046,22.76,3.14,42.6
2018-06-23T17:15:00Z,GYK,Greys_Creek,38.44901667,-75.13245,0.3,4.89,0.034,23.02,4.25,58.4
2018-06-23T17:30:00Z,GYK,Greys_Creek,38.44901667,-75.13245,0.3,5.21,0.032,24.0,3.05,62.9
2018-06-23T17:45:00Z,GYK,Greys_Creek,38.44901667,-75.13245,0.3,4.79,0.03,24.38,3.73,58.5
2018-06-23T18:00:00Z,GYK,Greys_Creek,38.44901667,-75.13245,0.3,6.44,0.023,24.74,3.69,79.2
2018-06-23T18:15:00Z,GYK,Greys_Creek,38.44901667,-75.13245,0.3,5.55,0.029,24.97,4.24,68.7
2018-06-23T18:30:00Z,GYK,Greys_Creek,38.44901667,-75.13245,0.3,9.97,0.039,25.57,5.65,125.9
2018-06-23T18:45:00Z,GYK,Greys_Creek,38.44901667,-75.13245,0.3,10.85,0.045,25.49,5.62,136.7
2018-06-23T19:00:00Z,GYK,Greys_Creek,38.44901667,-75.13245,0.3,12.89,0.08,26.61,6.66,166.8
2018-06-23T19:15:00Z,GYK,Greys_Creek,38.44901667,-75.13245,0.3,14.53,0.109,27.53,7.59,192.0
2018-06-23T19:30:00Z,GYK,Greys_Creek,38.44901667,-75.13245,0.3,14.14,0.131,27.52,7.69,187.0
2018-06-23T19:45:00Z,GYK,Greys_Creek,38.44901667,-75.13245,0.3,14.55,0.142,27.54,7.58,192.3
2018-06-23T20:00:00Z,GYK,Greys_Creek,38.44901667,-75.13245,0.3,14.14,0.158,27.61,7.64,187.2
2018-06-23T20:15:00Z,GYK,Greys_Creek,38.44901667,-75.13245,0.3,13.68,0.169,27.61,7.84,181.3
2018-06-23T20:30:00Z,GYK,Greys_Creek,38.44901667,-75.13245,0.3,12.93,0.177,27.43,7.71,170.7
2018-06-23T20:45:00Z,GYK,Greys_Creek,38.44901667,-75.13245,0.3,12.9,0.202,27.35,8.81,171.1
2018-06-23T21:00:00Z,GYK,Greys_Creek,38.44901667,-75.13245,0.3,11.44,0.216,27.18,10.0,152.3
2018-06-23T21:15:00Z,GYK,Greys_Creek,38.44901667,-75.13245,0.3,9.81,0.229,27.14,8.99,129.7
2018-06-23T21:30:00Z,GYK,Greys_Creek,38.44901667,-75.13245,0.3,9.32,0.239,27.25,8.36,123.1
2018-06-23T21:45:00Z,GYK,Greys_Creek,38.44901667,-75.13245,0.3,9.68,0.252,26.98,10.6,128.8
2018-06-23T22:00:00Z,GYK,Greys_Creek,38.44901667,-75.13245,0.3,9.77,0.28,26.91,12.12,131.1
2018-06-23T22:15:00Z,GYK,Greys_Creek,38.44901667,-75.13245,0.3,8.66,0.301,26.85,12.31,116.1
2018-06-23T22:30:00Z,GYK,Greys_Creek,38.44901667,-75.13245,0.3,7.94,0.317,26.88,12.22,106.5
2018-06-23T22:45:00Z,GYK,Greys_Creek,38.44901667,-75.13245,0.3,8.54,0.318,27.13,9.86,113.5
2018-06-23T23:00:00Z,GYK,Greys_Creek,38.44901667,-75.13245,0.3,8.81,0.328,27.17,11.24,118.1
2018-06-23T23:15:00Z,GYK,Greys_Creek,38.44901667,-75.13245,0.3,7.69,0.35,27.0,12.03,103.2
2018-06-23T23:30:00Z,GYK,Greys_Creek,38.44901667,-75.13245,0.3,7.36,0.367,26.9,12.7,99.1
2018-06-23T23:45:00Z,GYK,Greys_Creek,38.44901667,-75.13245,0.3,6.85,0.376,27.04,11.53,91.8
2018-06-24T00:00:00Z,GYK,Greys_Creek,38.44901667,-75.13245,0.3,6.64,0.37,27.12,11.5,89.1
2018-06-24T00:15:00Z,GYK,Greys_Creek,38.44901667,-75.13245,0.3,6.68,0.374,26.98,11.71,89.5
2018-06-24T00:30:00Z,GYK,Greys_Creek,38.44901667,-75.13245,0.3,5.98,0.38,26.88,12.47,80.2
2018-06-24T00:45:00Z,GYK,Greys_Creek,38.44901667,-75.13245,0.3,4.97,0.373,26.92,12.72,66.9
2018-06-24T01:00:00Z,GYK,Greys_Creek,38.44901667,-75.13245,0.3,8.87,0.356,26.94,9.72,117.4
2018-06-24T01:15:00Z,GYK,Greys_Creek,38.44901667,-75.13245,0.3,7.35,0.338,26.91,10.16,97.5
2018-06-24T01:30:00Z,GYK,Greys_Creek,38.44901667,-75.13245,0.3,5.91,0.324,26.66,11.08,78.4
2018-06-24T01:45:00Z,GYK,Greys_Creek,38.44901667,-75.13245,0.3,6.95,0.307,26.76,9.69,91.7
2018-06-24T02:00:00Z,GYK,Greys_Creek,38.44901667,-75.13245,0.3,5.68,0.291,26.68,10.88,75.3
2018-06-24T02:15:00Z,GYK,Greys_Creek,38.44901667,-75.13245,0.3,3.1,0.283,26.39,10.07,40.7
2018-06-24T02:30:00Z,GYK,Greys_Creek,38.44901667,-75.13245,0.3,2.49,0.272,26.38,11.31,32.9
2018-06-24T02:45:00Z,GYK,Greys_Creek,38.44901667,-75.13245,0.3,6.14,0.254,26.55,9.65,80.7
2018-06-24T03:00:00Z,GYK,Greys_Creek,38.44901667,-75.13245,0.3,3.66,0.245,26.52,11.3,48.6
2018-06-24T03:15:00Z,GYK,Greys_Creek,38.44901667,-75.13245,0.3,2.29,0.237,26.42,11.45,30.3
2018-06-24T03:30:00Z,GYK,Greys_Creek,38.44901667,-75.13245,0.3,6.33,0.22,26.41,10.21,83.2
2018-06-24T03:45:00Z,GYK,Greys_Creek,38.44901667,-75.13245,0.3,4.88,0.198,26.37,9.09,63.8
2018-06-24T04:00:00Z,GYK,Greys_Creek,38.44901667,-75.13245,0.3,6.68,0.181,24.26,5.14,82.0
2018-06-24T04:15:00Z,GYK,Greys_Creek,38.44901667,-75.13245,0.3,3.53,0.167,25.99,8.11,45.6
2018-06-24T04:30:00Z,GYK,Greys_Creek,38.44901667,-75.13245,0.3,2.5,0.162,25.62,9.19,32.2
2018-06-24T04:45:00Z,GYK,Greys_Creek,38.44901667,-75.13245,0.3,2.33,0.154,25.16,9.16,29.7
2018-06-24T05:00:00Z,GYK,Greys_Creek,38.44901667,-75.13245,0.3,3.83,0.145,23.38,4.71,46.2
2018-06-24T05:15:00Z,GYK,Greys_Creek,38.44901667,-75.13245,0.3,3.57,0.12,23.82,3.8,43.2
2018-06-24T05:30:00Z,GYK,Greys_Creek,38.44901667,-75.13245,0.3,6.34,0.101,23.38,3.72,76.1
2018-06-24T05:45:00Z,GYK,Greys_Creek,38.44901667,-75.13245,0.3,4.74,0.087,23.49,3.19,56.8
2018-06-24T06:00:00Z,GYK,Greys_Creek,38.44901667,-75.13245,0.3,5.0,0.076,23.29,2.68,59.5
2018-06-24T06:15:00Z,GYK,Greys_Creek,38.44901667,-75.13245,0.3,4.27,0.069,23.31,2.49,50.7
2018-06-24T06:30:00Z,GYK,Greys_Creek,38.44901667,-75.13245,0.3,4.26,0.066,23.54,2.76,50.9
2018-06-24T06:45:00Z,GYK,Greys_Creek,38.44901667,-75.13245,0.3,2.2,0.059,23.38,2.44,26.2
2018-06-24T07:00:00Z,GYK,Greys_Creek,38.44901667,-75.13245,0.3,4.51,0.06,24.57,2.91,55.1
2018-06-24T07:15:00Z,GYK,Greys_Creek,38.44901667,-75.13245,0.3,2.78,0.069,26.29,10.49,36.5
2018-06-24T07:30:00Z,GYK,Greys_Creek,38.44901667,-75.13245,0.3,3.25,0.062,24.94,7.37,40.9
2018-06-24T07:45:00Z,GYK,Greys_Creek,38.44901667,-75.13245,0.3,1.75,0.063,26.01,8.7,22.7
2018-06-24T08:00:00Z,GYK,Greys_Creek,38.44901667,-75.13245,0.3,2.63,0.089,26.22,12.53,34.9
2018-06-24T08:15:00Z,GYK,Greys_Creek,38.44901667,-75.13245,0.3,3.14,0.124,26.26,12.92,41.8
2018-06-24T08:30:00Z,GYK,Greys_Creek,38.44901667,-75.13245,0.3,2.77,0.139,26.41,13.2,37.0
2018-06-24T08:45:00Z,GYK,Greys_Creek,38.44901667,-75.13245,0.3,2.32,0.164,26.37,13.2,31.0
2018-06-24T09:00:00Z,GYK,Greys_Creek,38.44901667,-75.13245,0.3,2.74,0.175,26.37,13.17,36.7
2018-06-24T09:15:00Z,GYK,Greys_Creek,38.44901667,-75.13245,0.3,2.45,0.188,26.34,13.24,32.8
2018-06-24T09:30:00Z,GYK,Greys_Creek,38.44901667,-75.13245,0.3,1.85,0.2,26.28,13.09,24.7
2018-06-24T09:45:00Z,GYK,Greys_Creek,38.44901667,-75.13245,0.3,1.19,0.209,26.29,13.17,15.8
2018-06-24T10:00:00Z,GYK,Greys_Creek,38.44901667,-75.13245,0.3,0.88,0.229,26.29,13.31,11.7
2018-06-24T10:15:00Z,GYK,Greys_Creek,38.44901667,-75.13245,0.3,0.59,0.247,26.23,13.39,7.8
2018-06-24T10:30:00Z,GYK,Greys_Creek,38.44901667,-75.13245,0.3,0.33,0.255,26.22,13.33,4.4
2018-06-24T10:45:00Z,GYK,Greys_Creek,38.44901667,-75.13245,0.3,0.4,0.263,26.27,13.57,5.3
2018-06-24T11:00:00Z,GYK,Greys_Creek,38.44901667,-75.13245,0.3,0.62,0.275,26.25,13.67,8.2
2018-06-24T11:15:00Z,GYK,Greys_Creek,38.44901667,-75.13245,0.3,0.33,0.286,26.24,13.68,4.4
2018-06-24T11:30:00Z,GYK,Greys_Creek,38.44901667,-75.13245,0.3,0.3,0.288,26.24,13.74,4.0
2018-06-24T11:45:00Z,GYK,Greys_Creek,38.44901667,-75.13245,0.3,0.32,0.293,26.23,13.76,4.3
2018-06-24T12:00:00Z,GYK,Greys_Creek,38.44901667,-75.13245,0.3,0.28,0.29,26.24,13.77,3.7
2018-06-24T12:15:00Z,GYK,Greys_Creek,38.44901667,-75.13245,0.3,0.28,0.285,26.24,13.03,3.8
2018-06-24T12:30:00Z,GYK,Greys_Creek,38.44901667,-75.13245,0.3,0.29,0.287,26.23,13.65,3.8
2018-06-24T12:45:00Z,GYK,Greys_Creek,38.44901667,-75.13245,0.3,0.71,0.277,26.39,12.52,9.5
2018-06-24T13:00:00Z,GYK,Greys_Creek,38.44901667,-75.13245,0.3,1.2,0.26,26.43,12.08,15.9
2018-06-24T13:15:00Z,GYK,Greys_Creek,38.44901667,-75.13245,0.3,1.68,0.242,26.43,11.68,22.3
2018-06-24T13:30:00Z,GYK,Greys_Creek,38.44901667,-75.13245,0.3,0.94,0.225,26.45,11.61,12.4
2018-06-24T13:45:00Z,GYK,Greys_Creek,38.44901667,-75.13245,0.3,2.53,0.209,26.46,11.95,33.7
2018-06-24T14:00:00Z,GYK,Greys_Creek,38.44901667,-75.13245,0.3,1.43,0.201,26.29,12.17,19.0
2018-06-24T14:15:00Z,GYK,Greys_Creek,38.44901667,-75.13245,0.3,3.89,0.189,26.27,11.69,51.4
2018-06-24T14:30:00Z,GYK,Greys_Creek,38.44901667,-75.13245,0.3,6.74,0.174,26.6,11.37,89.5
2018-06-24T14:45:00Z,GYK,Greys_Creek,38.44901667,-75.13245,0.3,8.18,0.16,25.91,8.74,105.8
2018-06-24T15:00:00Z,GYK,Greys_Creek,38.44901667,-75.13245,0.3,6.07,0.148,26.79,11.55,81.0
2018-06-24T15:15:00Z,GYK,Greys_Creek,38.44901667,-75.13245,0.3,9.27,0.131,25.31,5.98,116.8
2018-06-24T15:30:00Z,GYK,Greys_Creek,38.44901667,-75.13245,0.3,9.9,0.111,25.7,3.85,124.0
2018-06-24T15:45:00Z,GYK,Greys_Creek,38.44901667,-75.13245,0.3,6.63,0.095,24.59,4.99,82.0
2018-06-24T16:00:00Z,GYK,Greys_Creek,38.44901667,-75.13245,0.3,6.41,0.084,25.2,2.68,79.0
2018-06-24T16:15:00Z,GYK,Greys_Creek,38.44901667,-75.13245,0.3,5.94,0.069,24.63,2.45,72.3
2018-06-24T16:30:00Z,GYK,Greys_Creek,38.44901667,-75.13245,0.3,7.86,0.051,26.09,6.79,100.8
2018-06-24T16:45:00Z,GYK,Greys_Creek,38.44901667,-75.13245,0.3,7.67,0.041,25.83,4.81,96.8
2018-06-24T17:00:00Z,GYK,Greys_Creek,38.44901667,-75.13245,0.3,8.67,0.048,26.67,9.4,114.0
2018-06-24T17:15:00Z,GYK,Greys_Creek,38.44901667,-75.13245,0.3,11.52,0.054,27.04,9.81,152.8
2018-06-24T17:30:00Z,GYK,Greys_Creek,38.44901667,-75.13245,0.3,10.08,0.044,27.6,6.94,132.9
2018-06-24T17:45:00Z,GYK,Greys_Creek,38.44901667,-75.13245,0.3,11.86,0.016,29.6,5.82,160.9
2018-06-24T18:00:00Z,GYK,Greys_Creek,38.44901667,-75.13245,0.3,9.41,0.021,27.31,6.16,122.9
2018-06-24T18:15:00Z,GYK,Greys_Creek,38.44901667,-75.13245,0.3,10.34,0.015,28.82,6.81,139.1
2018-06-24T18:30:00Z,GYK,Greys_Creek,38.44901667,-75.13245,0.3,10.64,0.012,26.69,7.27,138.3
2018-06-24T18:45:00Z,GYK,Greys_Creek,38.44901667,-75.13245,0.3,12.38,NaN,29.6,6.58,168.7
2018-06-24T19:00:00Z,GYK,Greys_Creek,38.44901667,-75.13245,0.3,9.79,NaN,28.37,4.84,129.3
2018-06-24T19:15:00Z,GYK,Greys_Creek,38.44901667,-75.13245,0.3,9.92,0.01,28.05,8.11,132.7
2018-06-24T19:30:00Z,GYK,Greys_Creek,38.44901667,-75.13245,0.3,10.48,0.016,28.03,8.34,140.4
2018-06-24T19:45:00Z,GYK,Greys_Creek,38.44901667,-75.13245,0.3,11.53,0.027,29.17,7.7,156.9
2018-06-24T20:00:00Z,GYK,Greys_Creek,38.44901667,-75.13245,0.3,15.11,0.052,29.51,8.87,208.1
2018-06-24T20:15:00Z,GYK,Greys_Creek,38.44901667,-75.13245,0.3,13.1,0.076,29.58,10.85,182.6
2018-06-24T20:30:00Z,GYK,Greys_Creek,38.44901667,-75.13245,0.3,12.63,0.085,29.58,9.88,175.1
2018-06-24T20:45:00Z,GYK,Greys_Creek,38.44901667,-75.13245,0.3,12.88,0.099,29.85,10.0,179.5
2018-06-24T21:00:00Z,GYK,Greys_Creek,38.44901667,-75.13245,0.3,11.62,0.113,29.62,11.38,162.5
2018-06-24T21:15:00Z,GYK,Greys_Creek,38.44901667,-75.13245,0.3,10.35,0.128,29.8,11.6,145.4
2018-06-24T21:30:00Z,GYK,Greys_Creek,38.44901667,-75.13245,0.3,10.07,0.156,29.67,12.19,141.7
2018-06-24T21:45:00Z,GYK,Greys_Creek,38.44901667,-75.13245,0.3,10.82,0.171,29.99,12.57,153.3
2018-06-24T22:00:00Z,GYK,Greys_Creek,38.44901667,-75.13245,0.3,9.82,0.19,29.7,12.87,138.8
2018-06-24T22:15:00Z,GYK,Greys_Creek,38.44901667,-75.13245,0.3,9.27,0.209,29.45,13.04,130.6
2018-06-24T22:30:00Z,GYK,Greys_Creek,38.44901667,-75.13245,0.3,8.8,0.214,29.59,12.84,124.0
2018-06-24T22:45:00Z,GYK,Greys_Creek,38.44901667,-75.13245,0.3,9.27,0.215,29.64,12.79,130.7
2018-06-24T23:00:00Z,GYK,Greys_Creek,38.44901667,-75.13245,0.3,10.12,0.249,29.43,13.04,142.4
2018-06-24T23:15:00Z,GYK,Greys_Creek,38.44901667,-75.13245,0.3,9.41,0.266,29.24,13.19,132.1
2018-06-24T23:30:00Z,GYK,Greys_Creek,38.44901667,-75.13245,0.3,10.37,0.272,29.6,12.59,146.0
2018-06-24T23:45:00Z,GYK,Greys_Creek,38.44901667,-75.13245,0.3,10.74,0.28,29.61,12.72,151.4
2018-06-25T00:00:00Z,GYK,Greys_Creek,38.44901667,-75.13245,0.3,9.06,0.293,29.3,13.11,127.3
2018-06-25T00:15:00Z,GYK,Greys_Creek,38.44901667,-75.13245,0.3,8.62,0.315,29.1,13.65,121.0
2018-06-25T00:30:00Z,GYK,Greys_Creek,38.44901667,-75.13245,0.3,8.14,0.323,29.1,13.67,114.4
2018-06-25T00:45:00Z,GYK,Greys_Creek,38.44901667,-75.13245,0.3,6.82,0.317,29.23,12.02,95.1
2018-06-25T01:00:00Z,GYK,Greys_Creek,38.44901667,-75.13245,0.3,7.09,0.321,29.07,13.42,99.4
2018-06-25T01:15:00Z,GYK,Greys_Creek,38.44901667,-75.13245,0.3,6.31,0.324,28.82,13.98,88.4
2018-06-25T01:30:00Z,GYK,Greys_Creek,38.44901667,-75.13245,0.3,5.34,0.319,28.83,14.06,74.8
2018-06-25T01:45:00Z,GYK,Greys_Creek,38.44901667,-75.13245,0.3,5.27,0.317,28.94,13.41,73.7
2018-06-25T02:00:00Z,GYK,Greys_Creek,38.44901667,-75.13245,0.3,4.82,0.313,28.86,13.99,67.6
2018-06-25T02:15:00Z,GYK,Greys_Creek,38.44901667,-75.13245,0.3,11.21,0.278,29.15,10.8,155.0
2018-06-25T02:30:00Z,GYK,Greys_Creek,38.44901667,-75.13245,0.3,10.56,0.248,29.09,11.33,146.4
2018-06-25T02:45:00Z,GYK,Greys_Creek,38.44901667,-75.13245,0.3,7.57,0.234,28.44,10.69,103.4
2018-06-25T03:00:00Z,GYK,Greys_Creek,38.44901667,-75.13245,0.3,5.71,0.222,28.51,11.98,78.6
2018-06-25T03:15:00Z,GYK,Greys_Creek,38.44901667,-75.13245,0.3,7.45,0.209,28.24,10.72,101.5
2018-06-25T03:30:00Z,GYK,Greys_Creek,38.44901667,-75.13245,0.3,8.37,0.19,28.62,11.04,115.0
2018-06-25T03:45:00Z,GYK,Greys_Creek,38.44901667,-75.13245,0.3,8.12,0.18,28.73,10.54,111.3
2018-06-25T04:00:00Z,GYK,Greys_Creek,38.44901667,-75.13245,0.3,6.63,0.17,27.81,10.51,89.5
2018-06-25T04:15:00Z,GYK,Greys_Creek,38.44901667,-75.13245,0.3,6.96,0.157,28.09,11.18,94.7
2018-06-25T04:30:00Z,GYK,Greys_Creek,38.44901667,-75.13245,0.3,8.0,0.14,27.37,6.76,104.9
2018-06-25T04:45:00Z,GYK,Greys_Creek,38.44901667,-75.13245,0.3,7.01,0.126,26.6,4.97,89.9
2018-06-25T05:00:00Z,GYK,Greys_Creek,38.44901667,-75.13245,0.3,7.4,0.116,26.44,5.59,94.9
2018-06-25T05:15:00Z,GYK,Greys_Creek,38.44901667,-75.13245,0.3,7.63,0.097,25.1,4.11,94.7
2018-06-25T05:30:00Z,GYK,Greys_Creek,38.44901667,-75.13245,0.3,7.16,0.064,24.9,3.12,88.0
2018-06-25T05:45:00Z,GYK,Greys_Creek,38.44901667,-75.13245,0.3,6.08,0.054,24.66,3.17,74.4
2018-06-25T06:00:00Z,GYK,Greys_Creek,38.44901667,-75.13245,0.3,3.64,0.061,24.74,3.17,44.7
2018-06-25T06:15:00Z,GYK,Greys_Creek,38.44901667,-75.13245,0.3,5.6,0.053,24.43,3.11,68.3
2018-06-25T06:30:00Z,GYK,Greys_Creek,38.44901667,-75.13245,0.3,6.04,0.033,24.47,2.85,73.5
2018-06-25T06:45:00Z,GYK,Greys_Creek,38.44901667,-75.13245,0.3,5.3,0.019,24.47,2.48,64.4
2018-06-25T07:00:00Z,GYK,Greys_Creek,38.44901667,-75.13245,0.3,5.35,0.012,24.55,3.11,65.3
2018-06-25T07:15:00Z,GYK,Greys_Creek,38.44901667,-75.13245,0.3,5.22,0.01,24.37,2.62,63.4
2018-06-25T07:30:00Z,GYK,Greys_Creek,38.44901667,-75.13245,0.3,5.1,0.009,24.28,2.48,61.8
2018-06-25T07:45:00Z,GYK,Greys_Creek,38.44901667,-75.13245,0.3,5.12,NaN,24.16,2.2,61.8
2018-06-25T08:00:00Z,GYK,Greys_Creek,38.44901667,-75.13245,0.3,4.93,NaN,24.29,2.42,59.7
2018-06-25T08:15:00Z,GYK,Greys_Creek,38.44901667,-75.13245,0.3,4.1,NaN,24.06,2.67,49.5
2018-06-25T08:30:00Z,GYK,Greys_Creek,38.44901667,-75.13245,0.3,0.76,0.001,26.75,4.45,9.7
2018-06-25T08:45:00Z,GYK,Greys_Creek,38.44901667,-75.13245,0.3,0.35,0.007,26.35,6.6,4.6
2018-06-25T09:00:00Z,GYK,Greys_Creek,38.44901667,-75.13245,0.3,2.62,0.007,25.46,5.27,32.9
2018-06-25T09:15:00Z,GYK,Greys_Creek,38.44901667,-75.13245,0.3,0.32,0.046,27.75,13.51,4.4
2018-06-25T09:30:00Z,GYK,Greys_Creek,38.44901667,-75.13245,0.3,0.3,0.09,27.42,13.48,4.0
2018-06-25T09:45:00Z,GYK,Greys_Creek,38.44901667,-75.13245,0.3,0.28,0.114,27.27,13.45,3.8
2018-06-25T10:00:00Z,GYK,Greys_Creek,38.44901667,-75.13245,0.3,0.28,0.121,27.07,13.21,3.8
2018-06-25T10:15:00Z,GYK,Greys_Creek,38.44901667,-75.13245,0.3,0.28,0.122,26.99,11.06,3.8
2018-06-25T10:30:00Z,GYK,Greys_Creek,38.44901667,-75.13245,0.3,0.27,0.149,27.29,13.64,3.7
2018-06-25T10:45:00Z,GYK,Greys_Creek,38.44901667,-75.13245,0.3,0.27,0.172,27.39,13.83,3.7
2018-06-25T11:00:00Z,GYK,Greys_Creek,38.44901667,-75.13245,0.3,0.27,0.17,27.03,13.24,3.7
2018-06-25T11:15:00Z,GYK,Greys_Creek,38.44901667,-75.13245,0.3,0.28,0.165,26.94,9.89,3.7
2018-06-25T11:30:00Z,GYK,Greys_Creek,38.44901667,-75.13245,0.3,0.28,0.167,27.56,13.31,3.8
2018-06-25T11:45:00Z,GYK,Greys_Creek,38.44901667,-75.13245,0.3,0.32,0.175,27.59,13.62,4.3
2018-06-25T12:00:00Z,GYK,Greys_Creek,38.44901667,-75.13245,0.3,0.27,0.19,27.83,13.94,3.7
2018-06-25T12:15:00Z,GYK,Greys_Creek,38.44901667,-75.13245,0.3,0.27,0.193,27.78,14.21,3.7
2018-06-25T12:30:00Z,GYK,Greys_Creek,38.44901667,-75.13245,0.3,0.41,0.205,27.78,14.55,5.7
2018-06-25T12:45:00Z,GYK,Greys_Creek,38.44901667,-75.13245,0.3,1.78,0.227,27.6,14.83,24.5
2018-06-25T13:00:00Z,GYK,Greys_Creek,38.44901667,-75.13245,0.3,1.98,0.231,27.56,15.11,27.3
2018-06-25T13:15:00Z,GYK,Greys_Creek,38.44901667,-75.13245,0.3,6.15,0.221,27.57,11.65,83.2
2018-06-25T13:30:00Z,GYK,Greys_Creek,38.44901667,-75.13245,0.3,7.51,0.205,27.95,12.12,102.6
2018-06-25T13:45:00Z,GYK,Greys_Creek,38.44901667,-75.13245,0.3,4.97,0.193,28.08,12.52,68.2
2018-06-25T14:00:00Z,GYK,Greys_Creek,38.44901667,-75.13245,0.3,5.31,0.183,28.08,12.36,72.7
2018-06-25T14:15:00Z,GYK,Greys_Creek,38.44901667,-75.13245,0.3,6.82,0.166,27.9,12.19,93.0
2018-06-25T14:30:00Z,GYK,Greys_Creek,38.44901667,-75.13245,0.3,8.52,0.144,26.06,5.48,108.4
2018-06-25T14:45:00Z,GYK,Greys_Creek,38.44901667,-75.13245,0.3,9.87,0.133,26.98,5.69,127.8
2018-06-25T15:00:00Z,GYK,Greys_Creek,38.44901667,-75.13245,0.3,7.1,0.125,26.01,5.87,90.5
2018-06-25T15:15:00Z,GYK,Greys_Creek,38.44901667,-75.13245,0.3,7.17,0.107,26.1,4.72,90.9
2018-06-25T15:30:00Z,GYK,Greys_Creek,38.44901667,-75.13245,0.3,6.22,0.093,25.6,4.53,78.0
2018-06-25T15:45:00Z,GYK,Greys_Creek,38.44901667,-75.13245,0.3,5.35,0.081,25.44,3.51,66.5
2018-06-25T16:00:00Z,GYK,Greys_Creek,38.44901667,-75.13245,0.3,6.44,0.077,25.21,3.3,79.7
2018-06-25T16:15:00Z,GYK,Greys_Creek,38.44901667,-75.13245,0.3,8.52,0.054,26.35,3.66,107.8
2018-06-25T16:30:00Z,GYK,Greys_Creek,38.44901667,-75.13245,0.3,7.37,0.041,24.89,2.49,90.2
2018-06-25T16:45:00Z,GYK,Greys_Creek,38.44901667,-75.13245,0.3,8.84,NaN,26.82,4.62,113.5
2018-06-25T17:00:00Z,GYK,Greys_Creek,38.44901667,-75.13245,0.3,8.32,NaN,26.55,3.69,105.7
2018-06-25T17:15:00Z,GYK,Greys_Creek,38.44901667,-75.13245,0.3,7.8,NaN,26.14,2.94,97.9
2018-06-25T17:30:00Z,GYK,Greys_Creek,38.44901667,-75.13245,0.3,8.58,NaN,27.05,3.98,110.2
2018-06-25T17:45:00Z,GYK,Greys_Creek,38.44901667,-75.13245,0.3,7.61,NaN,26.28,2.81,95.7
2018-06-25T18:00:00Z,GYK,Greys_Creek,38.44901667,-75.13245,0.3,8.79,NaN,26.29,1.6,109.8
2018-06-25T18:15:00Z,GYK,Greys_Creek,38.44901667,-75.13245,0.3,8.24,NaN,27.14,2.33,105.0
2018-06-25T18:30:00Z,GYK,Greys_Creek,38.44901667,-75.13245,0.3,9.44,NaN,25.72,1.38,116.6
2018-06-25T18:45:00Z,GYK,Greys_Creek,38.44901667,-75.13245,0.3,8.23,NaN,25.83,2.38,102.5
2018-06-25T19:00:00Z,GYK,Greys_Creek,38.44901667,-75.13245,0.3,8.74,NaN,26.62,3.76,111.2
2018-06-25T19:15:00Z,GYK,Greys_Creek,38.44901667,-75.13245,0.3,9.02,NaN,26.51,2.31,113.6
2018-06-25T19:30:00Z,GYK,Greys_Creek,38.44901667,-75.13245,0.3,9.55,NaN,27.01,2.27,121.4
2018-06-25T19:45:00Z,GYK,Greys_Creek,38.44901667,-75.13245,0.3,9.53,NaN,27.33,3.24,122.5
2018-06-25T20:00:00Z,GYK,Greys_Creek,38.44901667,-75.13245,0.3,13.03,NaN,26.53,2.79,164.7
2018-06-25T20:15:00Z,GYK,Greys_Creek,38.44901667,-75.13245,0.3,10.44,NaN,27.23,3.78,134.3
2018-06-25T20:30:00Z,GYK,Greys_Creek,38.44901667,-75.13245,0.3,12.42,NaN,30.23,11.49,175.6
2018-06-25T20:45:00Z,GYK,Greys_Creek,38.44901667,-75.13245,0.3,13.56,NaN,30.28,9.0,189.3
2018-06-25T21:00:00Z,GYK,Greys_Creek,38.44901667,-75.13245,0.3,14.0,NaN,29.06,6.44,188.8
2018-06-25T21:15:00Z,GYK,Greys_Creek,38.44901667,-75.13245,0.3,13.47,NaN,29.37,7.99,184.2
2018-06-25T21:30:00Z,GYK,Greys_Creek,38.44901667,-75.13245,0.3,14.54,NaN,30.28,9.4,203.5
2018-06-25T21:45:00Z,GYK,Greys_Creek,38.44901667,-75.13245,0.3,11.16,0.067,29.71,13.12,157.9
2018-06-25T22:00:00Z,GYK,Greys_Creek,38.44901667,-75.13245,0.3,12.41,0.094,29.92,13.36,176.4
2018-06-25T22:15:00Z,GYK,Greys_Creek,38.44901667,-75.13245,0.3,12.62,0.11,29.72,13.91,179.3
2018-06-25T22:30:00Z,GYK,Greys_Creek,38.44901667,-75.13245,0.3,12.09,0.133,29.82,13.79,171.9
2018-06-25T22:45:00Z,GYK,Greys_Creek,38.44901667,-75.13245,0.3,10.75,0.161,29.6,13.95,152.5
2018-06-25T23:00:00Z,GYK,Greys_Creek,38.44901667,-75.13245,0.3,10.48,0.185,29.35,14.22,148.2
2018-06-25T23:15:00Z,GYK,Greys_Creek,38.44901667,-75.13245,0.3,10.1,0.208,29.24,14.58,142.9
2018-06-25T23:30:00Z,GYK,Greys_Creek,38.44901667,-75.13245,0.3,10.08,0.224,29.28,14.59,142.7
2018-06-25T23:45:00Z,GYK,Greys_Creek,38.44901667,-75.13245,0.3,10.4,0.24,29.42,14.65,147.7
2018-06-26T00:00:00Z,GYK,Greys_Creek,38.44901667,-75.13245,0.3,9.84,0.265,29.33,14.27,139.2
2018-06-26T00:15:00Z,GYK,Greys_Creek,38.44901667,-75.13245,0.3,9.7,0.289,29.43,14.75,137.9
2018-06-26T00:30:00Z,GYK,Greys_Creek,38.44901667,-75.13245,0.3,9.94,0.306,29.38,14.61,141.0
2018-06-26T00:45:00Z,GYK,Greys_Creek,38.44901667,-75.13245,0.3,10.67,0.317,29.14,13.99,150.3
2018-06-26T01:00:00Z,GYK,Greys_Creek,38.44901667,-75.13245,0.3,10.43,0.326,29.1,13.9,146.7
2018-06-26T01:15:00Z,GYK,Greys_Creek,38.44901667,-75.13245,0.3,10.08,0.342,29.28,14.44,142.6
2018-06-26T01:30:00Z,GYK,Greys_Creek,38.44901667,-75.13245,0.3,10.37,0.352,29.09,14.12,145.9
2018-06-26T01:45:00Z,GYK,Greys_Creek,38.44901667,-75.13245,0.3,9.89,0.359,29.17,14.32,139.5
2018-06-26T02:00:00Z,GYK,Greys_Creek,38.44901667,-75.13245,0.3,10.15,0.363,29.2,14.31,143.3
2018-06-26T02:15:00Z,GYK,Greys_Creek,38.44901667,-75.13245,0.3,8.41,0.364,29.19,14.26,118.7
2018-06-26T02:30:00Z,GYK,Greys_Creek,38.44901667,-75.13245,0.3,7.86,0.365,29.22,14.35,111.0
2018-06-26T02:45:00Z,GYK,Greys_Creek,38.44901667,-75.13245,0.3,9.56,0.358,29.59,13.83,135.5
2018-06-26T03:00:00Z,GYK,Greys_Creek,38.44901667,-75.13245,0.3,11.02,0.334,30.01,12.55,156.2
2018-06-26T03:15:00Z,GYK,Greys_Creek,38.44901667,-75.13245,0.3,10.15,0.306,29.51,13.07,143.1
2018-06-26T03:30:00Z,GYK,Greys_Creek,38.44901667,-75.13245,0.3,9.28,0.287,29.27,12.92,130.2
2018-06-26T03:45:00Z,GYK,Greys_Creek,38.44901667,-75.13245,0.3,8.36,0.277,29.22,13.29,117.4
2018-06-26T04:00:00Z,GYK,Greys_Creek,38.44901667,-75.13245,0.3,8.28,0.26,29.06,12.93,115.7
2018-06-26T04:15:00Z,GYK,Greys_Creek,38.44901667,-75.13245,0.3,9.35,0.25,28.93,12.69,130.3
2018-06-26T04:30:00Z,GYK,Greys_Creek,38.44901667,-75.13245,0.3,8.36,0.239,29.32,12.76,117.2
2018-06-26T04:45:00Z,GYK,Greys_Creek,38.44901667,-75.13245,0.3,8.93,0.219,29.16,12.35,124.6
2018-06-26T05:00:00Z,GYK,Greys_Creek,38.44901667,-75.13245,0.3,6.35,0.215,29.29,13.18,89.2
2018-06-26T05:15:00Z,GYK,Greys_Creek,38.44901667,-75.13245,0.3,7.31,0.205,28.78,11.95,101.1
2018-06-26T05:30:00Z,GYK,Greys_Creek,38.44901667,-75.13245,0.3,7.6,0.19,26.36,7.8,98.4
2018-06-26T05:45:00Z,GYK,Greys_Creek,38.44901667,-75.13245,0.3,6.85,0.167,25.93,4.65,86.6
2018-06-26T06:00:00Z,GYK,Greys_Creek,38.44901667,-75.13245,0.3,6.51,0.153,25.92,4.27,82.0
2018-06-26T06:15:00Z,GYK,Greys_Creek,38.44901667,-75.13245,0.3,5.76,0.141,24.77,4.24,71.1
2018-06-26T06:30:00Z,GYK,Greys_Creek,38.44901667,-75.13245,0.3,5.46,0.127,24.53,3.9,67.0
2018-06-26T06:45:00Z,GYK,Greys_Creek,38.44901667,-75.13245,0.3,5.35,0.109,24.6,4.05,65.7
2018-06-26T07:00:00Z,GYK,Greys_Creek,38.44901667,-75.13245,0.3,5.04,0.096,24.48,3.84,61.7
2018-06-26T07:15:00Z,GYK,Greys_Creek,38.44901667,-75.13245,0.3,4.88,0.09,24.01,3.26,59.1
2018-06-26T07:30:00Z,GYK,Greys_Creek,38.44901667,-75.13245,0.3,4.8,0.085,23.9,3.1,57.9
2018-06-26T07:45:00Z,GYK,Greys_Creek,38.44901667,-75.13245,0.3,4.75,NaN,23.72,2.71,57.0
2018-06-26T08:00:00Z,GYK,Greys_Creek,38.44901667,-75.13245,0.3,4.59,NaN,23.67,2.77,55.1
2018-06-26T08:15:00Z,GYK,Greys_Creek,38.44901667,-75.13245,0.3,4.57,NaN,23.64,2.97,54.9
2018-06-26T08:30:00Z,GYK,Greys_Creek,38.44901667,-75.13245,0.3,4.45,NaN,23.45,2.61,53.1
2018-06-26T08:45:00Z,GYK,Greys_Creek,38.44901667,-75.13245,0.3,4.45,NaN,23.45,2.82,53.2
2018-06-26T09:00:00Z,GYK,Greys_Creek,38.44901667,-75.13245,0.3,4.52,NaN,23.29,2.83,53.8
2018-06-26T09:15:00Z,GYK,Greys_Creek,38.44901667,-75.13245,0.3,3.37,NaN,23.43,2.86,40.3
2018-06-26T09:30:00Z,GYK,Greys_Creek,38.44901667,-75.13245,0.3,2.66,0.085,27.24,11.33,35.8
2018-06-26T09:45:00Z,GYK,Greys_Creek,38.44901667,-75.13245,0.3,3.41,0.097,27.14,11.03,45.6
2018-06-26T10:00:00Z,GYK,Greys_Creek,38.44901667,-75.13245,0.3,3.71,0.12,26.82,13.13,49.9
2018-06-26T10:15:00Z,GYK,Greys_Creek,38.44901667,-75.13245,0.3,2.84,0.146,26.99,13.52,38.5
2018-06-26T10:30:00Z,GYK,Greys_Creek,38.44901667,-75.13245,0.3,2.75,0.164,26.93,13.52,37.2
2018-06-26T10:45:00Z,GYK,Greys_Creek,38.44901667,-75.13245,0.3,2.54,0.178,27.46,13.76,34.7
2018-06-26T11:00:00Z,GYK,Greys_Creek,38.44901667,-75.13245,0.3,2.54,0.193,27.19,13.98,34.6
2018-06-26T11:15:00Z,GYK,Greys_Creek,38.44901667,-75.13245,0.3,2.16,0.208,27.26,13.87,29.5
2018-06-26T11:30:00Z,GYK,Greys_Creek,38.44901667,-75.13245,0.3,1.17,0.225,27.59,14.33,16.1
2018-06-26T11:45:00Z,GYK,Greys_Creek,38.44901667,-75.13245,0.3,1.97,0.243,27.83,14.3,27.1
2018-06-26T12:00:00Z,GYK,Greys_Creek,38.44901667,-75.13245,0.3,1.88,0.261,27.55,14.34,25.8
2018-06-26T12:15:00Z,GYK,Greys_Creek,38.44901667,-75.13245,0.3,2.73,0.272,26.63,12.72,36.6
2018-06-26T12:30:00Z,GYK,Greys_Creek,38.44901667,-75.13245,0.3,4.01,0.28,26.34,11.26,53.0
2018-06-26T12:45:00Z,GYK,Greys_Creek,38.44901667,-75.13245,0.3,3.72,0.291,26.75,11.74,49.6
2018-06-26T13:00:00Z,GYK,Greys_Creek,38.44901667,-75.13245,0.3,3.66,0.302,26.92,12.24,49.1
2018-06-26T13:15:00Z,GYK,Greys_Creek,38.44901667,-75.13245,0.3,3.92,0.311,27.14,12.65,52.9
2018-06-26T13:30:00Z,GYK,Greys_Creek,38.44901667,-75.13245,0.3,4.33,0.316,26.93,11.43,57.9
2018-06-26T13:45:00Z,GYK,Greys_Creek,38.44901667,-75.13245,0.3,6.03,0.317,27.3,12.15,81.4
2018-06-26T14:00:00Z,GYK,Greys_Creek,38.44901667,-75.13245,0.3,4.66,0.313,26.89,11.15,62.1
2018-06-26T14:15:00Z,GYK,Greys_Creek,38.44901667,-75.13245,0.3,6.7,0.306,27.7,12.02,91.0
2018-06-26T14:30:00Z,GYK,Greys_Creek,38.44901667,-75.13245,0.3,7.96,0.303,28.06,11.55,108.6
2018-06-26T14:45:00Z,GYK,Greys_Creek,38.44901667,-75.13245,0.3,9.36,0.287,28.25,11.18,127.8
2018-06-26T15:00:00Z,GYK,Greys_Creek,38.44901667,-75.13245,0.3,10.37,0.267,28.04,10.23,140.3
2018-06-26T15:15:00Z,GYK,Greys_Creek,38.44901667,-75.13245,0.3,11.15,0.253,28.19,9.64,150.8
2018-06-26T15:30:00Z,GYK,Greys_Creek,38.44901667,-75.13245,0.3,6.86,0.238,27.41,9.26,91.4
2018-06-26T15:45:00Z,GYK,Greys_Creek,38.44901667,-75.13245,0.3,7.4,0.231,26.45,8.29,96.3
2018-06-26T16:00:00Z,GYK,Greys_Creek,38.44901667,-75.13245,0.3,9.75,0.223,27.14,8.88,128.9
2018-06-26T16:15:00Z,GYK,Greys_Creek,38.44901667,-75.13245,0.3,10.69,0.211,27.44,8.3,141.7
2018-06-26T16:30:00Z,GYK,Greys_Creek,38.44901667,-75.13245,0.3,11.7,0.195,27.27,7.52,153.9
2018-06-26T16:45:00Z,GYK,Greys_Creek,38.44901667,-75.13245,0.3,14.08,0.181,28.48,7.89,189.4
2018-06-26T17:00:00Z,GYK,Greys_Creek,38.44901667,-75.13245,0.3,7.63,0.166,26.68,6.94,99.0
2018-06-26T17:15:00Z,GYK,Greys_Creek,38.44901667,-75.13245,0.3,8.87,0.154,27.01,6.15,115.2
2018-06-26T17:30:00Z,GYK,Greys_Creek,38.44901667,-75.13245,0.3,8.5,0.142,26.52,4.96,108.7
2018-06-26T17:45:00Z,GYK,Greys_Creek,38.44901667,-75.13245,0.3,8.67,0.125,26.78,4.51,111.2
2018-06-26T18:00:00Z,GYK,Greys_Creek,38.44901667,-75.13245,0.3,8.21,0.111,26.96,4.7,105.7
2018-06-26T18:15:00Z,GYK,Greys_Creek,38.44901667,-75.13245,0.3,7.69,0.111,26.67,4.05,98.1
2018-06-26T18:30:00Z,GYK,Greys_Creek,38.44901667,-75.13245,0.3,7.42,0.112,26.55,3.47,94.2
2018-06-26T18:45:00Z,GYK,Greys_Creek,38.44901667,-75.13245,0.3,7.96,0.109,26.96,3.43,101.8
2018-06-26T19:00:00Z,GYK,Greys_Creek,38.44901667,-75.13245,0.3,8.24,0.109,26.83,2.09,104.3
2018-06-26T19:15:00Z,GYK,Greys_Creek,38.44901667,-75.13245,0.3,7.77,0.108,27.06,3.04,99.2
2018-06-26T19:30:00Z,GYK,Greys_Creek,38.44901667,-75.13245,0.3,8.94,0.106,27.23,2.62,114.3
2018-06-26T19:45:00Z,GYK,Greys_Creek,38.44901667,-75.13245,0.3,8.03,0.107,27.11,2.71,102.5
2018-06-26T20:00:00Z,GYK,Greys_Creek,38.44901667,-75.13245,0.3,9.27,0.103,27.47,2.48,119.0
2018-06-26T20:15:00Z,GYK,Greys_Creek,38.44901667,-75.13245,0.3,11.12,0.101,28.53,2.58,145.4
2018-06-26T20:30:00Z,GYK,Greys_Creek,38.44901667,-75.13245,0.3,9.31,0.098,27.8,3.72,121.0
2018-06-26T20:45:00Z,GYK,Greys_Creek,38.44901667,-75.13245,0.3,9.53,0.096,27.64,3.05,123.0
2018-06-26T21:00:00Z,GYK,Greys_Creek,38.44901667,-75.13245,0.3,11.2,0.092,29.05,4.69,149.6
2018-06-26T21:15:00Z,GYK,Greys_Creek,38.44901667,-75.13245,0.3,13.19,0.089,30.3,8.15,183.4
2018-06-26T21:30:00Z,GYK,Greys_Creek,38.44901667,-75.13245,0.3,13.31,0.09,30.45,8.38,185.7
2018-06-26T21:45:00Z,GYK,Greys_Creek,38.44901667,-75.13245,0.3,13.37,0.103,30.6,8.47,187.2
2018-06-26T22:00:00Z,GYK,Greys_Creek,38.44901667,-75.13245,0.3,13.79,0.115,30.4,8.87,192.8
2018-06-26T22:15:00Z,GYK,Greys_Creek,38.44901667,-75.13245,0.3,13.82,0.133,30.52,9.08,193.9
2018-06-26T22:30:00Z,GYK,Greys_Creek,38.44901667,-75.13245,0.3,13.86,0.151,30.55,9.71,195.2
2018-06-26T22:45:00Z,GYK,Greys_Creek,38.44901667,-75.13245,0.3,14.49,0.173,30.55,10.02,204.5
2018-06-26T23:00:00Z,GYK,Greys_Creek,38.44901667,-75.13245,0.3,14.77,0.192,30.43,10.38,208.4
2018-06-26T23:15:00Z,GYK,Greys_Creek,38.44901667,-75.13245,0.3,14.14,0.214,30.37,10.8,199.7
2018-06-26T23:30:00Z,GYK,Greys_Creek,38.44901667,-75.13245,0.3,13.29,0.229,30.47,11.33,188.6
2018-06-26T23:45:00Z,GYK,Greys_Creek,38.44901667,-75.13245,0.3,13.66,0.25,30.17,11.7,193.3
2018-06-27T00:00:00Z,GYK,Greys_Creek,38.44901667,-75.13245,0.3,13.1,0.273,30.08,12.03,185.4
2018-06-27T00:15:00Z,GYK,Greys_Creek,38.44901667,-75.13245,0.3,12.77,0.288,29.8,12.13,180.0
2018-06-27T00:30:00Z,GYK,Greys_Creek,38.44901667,-75.13245,0.3,12.51,0.303,29.62,12.32,176.0
2018-06-27T00:45:00Z,GYK,Greys_Creek,38.44901667,-75.13245,0.3,11.9,0.315,29.58,12.46,167.4
2018-06-27T01:00:00Z,GYK,Greys_Creek,38.44901667,-75.13245,0.3,11.56,0.329,29.4,12.29,162.0
2018-06-27T01:15:00Z,GYK,Greys_Creek,38.44901667,-75.13245,0.3,11.12,0.346,29.13,12.64,155.4
2018-06-27T01:30:00Z,GYK,Greys_Creek,38.44901667,-75.13245,0.3,10.44,0.359,29.1,12.72,145.8
2018-06-27T01:45:00Z,GYK,Greys_Creek,38.44901667,-75.13245,0.3,9.9,0.371,29.15,12.57,138.4
2018-06-27T02:00:00Z,GYK,Greys_Creek,38.44901667,-75.13245,0.3,9.57,0.384,29.09,12.26,133.3
2018-06-27T02:15:00Z,GYK,Greys_Creek,38.44901667,-75.13245,0.3,9.84,0.391,28.77,12.27,136.3
2018-06-27T02:30:00Z,GYK,Greys_Creek,38.44901667,-75.13245,0.3,9.24,0.391,28.82,11.92,127.9
2018-06-27T02:45:00Z,GYK,Greys_Creek,38.44901667,-75.13245,0.3,8.71,0.396,28.79,12.48,120.9
2018-06-27T03:00:00Z,GYK,Greys_Creek,38.44901667,-75.13245,0.3,8.7,0.4,28.84,11.78,120.4
2018-06-27T03:15:00Z,GYK,Greys_Creek,38.44901667,-75.13245,0.3,8.6,0.4,28.32,11.11,117.4
2018-06-27T03:30:00Z,GYK,Greys_Creek,38.44901667,-75.13245,0.3,10.68,0.391,29.34,10.68,148.2
2018-06-27T03:45:00Z,GYK,Greys_Creek,38.44901667,-75.13245,0.3,10.82,0.374,29.77,10.93,151.4
2018-06-27T04:00:00Z,GYK,Greys_Creek,38.44901667,-75.13245,0.3,10.28,0.353,29.12,10.37,141.9
2018-06-27T04:15:00Z,GYK,Greys_Creek,38.44901667,-75.13245,0.3,10.82,0.33,29.81,10.8,151.4
2018-06-27T04:30:00Z,GYK,Greys_Creek,38.44901667,-75.13245,0.3,9.8,0.311,29.02,10.18,134.8
2018-06-27T04:45:00Z,GYK,Greys_Creek,38.44901667,-75.13245,0.3,10.23,0.301,28.85,10.12,140.3
2018-06-27T05:00:00Z,GYK,Greys_Creek,38.44901667,-75.13245,0.3,10.15,0.283,28.92,9.93,139.2
2018-06-27T05:15:00Z,GYK,Greys_Creek,38.44901667,-75.13245,0.3,11.56,0.268,28.56,9.22,157.0
2018-06-27T05:30:00Z,GYK,Greys_Creek,38.44901667,-75.13245,0.3,12.06,0.258,28.54,9.44,163.9
2018-06-27T05:45:00Z,GYK,Greys_Creek,38.44901667,-75.13245,0.3,10.82,0.244,28.08,8.78,145.4
2018-06-27T06:00:00Z,GYK,Greys_Creek,38.44901667,-75.13245,0.3,11.24,0.224,27.91,8.37,150.2
2018-06-27T06:15:00Z,GYK,Greys_Creek,38.44901667,-75.13245,0.3,11.21,0.21,27.05,7.13,146.6
2018-06-27T06:30:00Z,GYK,Greys_Creek,38.44901667,-75.13245,0.3,9.88,0.194,27.06,7.33,129.3
2018-06-27T06:45:00Z,GYK,Greys_Creek,38.44901667,-75.13245,0.3,10.95,0.178,26.55,6.87,141.6
2018-06-27T07:00:00Z,GYK,Greys_Creek,38.44901667,-75.13245,0.3,10.94,0.162,26.45,6.55,141.1
2018-06-27T07:15:00Z,GYK,Greys_Creek,38.44901667,-75.13245,0.3,9.67,0.15,26.02,6.1,123.4
2018-06-27T07:30:00Z,GYK,Greys_Creek,38.44901667,-75.13245,0.3,9.7,0.139,25.7,5.88,122.9
2018-06-27T07:45:00Z,GYK,Greys_Creek,38.44901667,-75.13245,0.3,9.4,0.132,24.83,5.06,116.7
2018-06-27T08:00:00Z,GYK,Greys_Creek,38.44901667,-75.13245,0.3,7.96,0.118,24.56,4.08,97.8
2018-06-27T08:15:00Z,GYK,Greys_Creek,38.44901667,-75.13245,0.3,7.68,0.101,24.52,3.7,94.1
2018-06-27T08:30:00Z,GYK,Greys_Creek,38.44901667,-75.13245,0.3,7.09,0.092,24.45,2.29,86.1
2018-06-27T08:45:00Z,GYK,Greys_Creek,38.44901667,-75.13245,0.3,6.51,0.089,24.86,4.32,80.6
2018-06-27T09:00:00Z,GYK,Greys_Creek,38.44901667,-75.13245,0.3,7.29,0.086,23.68,3.44,87.7
2018-06-27T09:15:00Z,GYK,Greys_Creek,38.44901667,-75.13245,0.3,6.28,0.081,23.96,3.73,76.1
2018-06-27T09:30:00Z,GYK,Greys_Creek,38.44901667,-75.13245,0.3,6.27,0.079,23.7,3.4,75.5
2018-06-27T09:45:00Z,GYK,Greys_Creek,38.44901667,-75.13245,0.3,6.13,0.079,23.84,4.14,74.4
2018-06-27T10:00:00Z,GYK,Greys_Creek,38.44901667,-75.13245,0.3,5.76,0.078,24.02,4.6,70.3
2018-06-27T10:15:00Z,GYK,Greys_Creek,38.44901667,-75.13245,0.3,5.35,0.098,24.12,4.67,65.4
2018-06-27T10:30:00Z,GYK,Greys_Creek,38.44901667,-75.13245,0.3,4.61,0.11,24.87,6.44,57.8
2018-06-27T10:45:00Z,GYK,Greys_Creek,38.44901667,-75.13245,0.3,4.77,0.126,25.01,6.46,59.9
2018-06-27T11:00:00Z,GYK,Greys_Creek,38.44901667,-75.13245,0.3,5.35,0.147,25.3,9.04,68.6
2018-06-27T11:15:00Z,GYK,Greys_Creek,38.44901667,-75.13245,0.3,5.54,0.167,25.06,10.04,71.1
2018-06-27T11:30:00Z,GYK,Greys_Creek,38.44901667,-75.13245,0.3,5.53,0.183,24.99,9.79,70.7
2018-06-27T11:45:00Z,GYK,Greys_Creek,38.44901667,-75.13245,0.3,5.55,0.198,24.69,8.29,70.0
2018-06-27T12:00:00Z,GYK,Greys_Creek,38.44901667,-75.13245,0.3,5.51,0.208,24.61,8.78,69.6
2018-06-27T12:15:00Z,GYK,Greys_Creek,38.44901667,-75.13245,0.3,5.89,0.217,24.36,8.36,73.8
2018-06-27T12:30:00Z,GYK,Greys_Creek,38.44901667,-75.13245,0.3,5.36,0.231,24.7,9.2,68.0
2018-06-27T12:45:00Z,GYK,Greys_Creek,38.44901667,-75.13245,0.3,5.89,0.243,24.52,8.43,74.2
2018-06-27T13:00:00Z,GYK,Greys_Creek,38.44901667,-75.13245,0.3,5.69,0.257,24.95,10.48,73.0
2018-06-27T13:15:00Z,GYK,Greys_Creek,38.44901667,-75.13245,0.3,6.06,0.269,25.01,10.7,77.9
2018-06-27T13:30:00Z,GYK,Greys_Creek,38.44901667,-75.13245,0.3,6.05,0.277,24.8,9.89,77.1
2018-06-27T13:45:00Z,GYK,Greys_Creek,38.44901667,-75.13245,0.3,6.2,0.281,24.89,9.52,79.1
2018-06-27T14:00:00Z,GYK,Greys_Creek,38.44901667,-75.13245,0.3,6.05,0.291,25.14,10.62,78.0
2018-06-27T14:15:00Z,GYK,Greys_Creek,38.44901667,-75.13245,0.3,7.23,0.288,25.03,9.02,92.1
2018-06-27T14:30:00Z,GYK,Greys_Creek,38.44901667,-75.13245,0.3,7.3,0.281,25.29,7.75,92.7
2018-06-27T14:45:00Z,GYK,Greys_Creek,38.44901667,-75.13245,0.3,7.44,0.272,25.76,8.52,95.8
2018-06-27T15:00:00Z,GYK,Greys_Creek,38.44901667,-75.13245,0.3,8.11,0.277,25.86,8.7,104.8
2018-06-27T15:15:00Z,GYK,Greys_Creek,38.44901667,-75.13245,0.3,9.68,0.276,25.57,7.58,123.5
2018-06-27T15:30:00Z,GYK,Greys_Creek,38.44901667,-75.13245,0.3,10.41,0.25,25.55,6.67,132.2
2018-06-27T15:45:00Z,GYK,Greys_Creek,38.44901667,-75.13245,0.3,11.42,0.226,25.44,6.16,144.2
2018-06-27T16:00:00Z,GYK,Greys_Creek,38.44901667,-75.13245,0.3,10.96,0.202,25.52,6.23,138.7
2018-06-27T16:15:00Z,GYK,Greys_Creek,38.44901667,-75.13245,0.3,7.79,0.193,25.4,6.55,98.5
2018-06-27T16:30:00Z,GYK,Greys_Creek,38.44901667,-75.13245,0.3,8.58,0.182,25.3,5.59,107.8
2018-06-27T16:45:00Z,GYK,Greys_Creek,38.44901667,-75.13245,0.3,9.86,0.162,24.93,4.6,122.3
2018-06-27T17:00:00Z,GYK,Greys_Creek,38.44901667,-75.13245,0.3,11.57,0.147,25.43,5.59,145.7
2018-06-27T17:15:00Z,GYK,Greys_Creek,38.44901667,-75.13245,0.3,8.19,0.134,25.03,4.85,101.9
2018-06-27T17:30:00Z,GYK,Greys_Creek,38.44901667,-75.13245,0.3,9.28,0.119,25.06,4.53,115.3
2018-06-27T17:45:00Z,GYK,Greys_Creek,38.44901667,-75.13245,0.3,11.29,0.108,25.2,4.55,140.8
2018-06-27T18:00:00Z,GYK,Greys_Creek,38.44901667,-75.13245,0.3,11.66,0.096,25.52,4.31,146.0
2018-06-27T18:15:00Z,GYK,Greys_Creek,38.44901667,-75.13245,0.3,11.74,0.084,25.48,4.26,146.8
2018-06-27T18:30:00Z,GYK,Greys_Creek,38.44901667,-75.13245,0.3,11.31,0.071,25.68,4.21,141.9
2018-06-27T18:45:00Z,GYK,Greys_Creek,38.44901667,-75.13245,0.3,9.74,0.07,26.46,4.76,124.4
2018-06-27T19:00:00Z,GYK,Greys_Creek,38.44901667,-75.13245,0.3,10.91,0.048,26.07,4.23,137.9
2018-06-27T19:15:00Z,GYK,Greys_Creek,38.44901667,-75.13245,0.3,11.17,0.037,26.43,3.97,141.8
2018-06-27T19:30:00Z,GYK,Greys_Creek,38.44901667,-75.13245,0.3,8.5,0.036,25.96,3.84,107.0
2018-06-27T19:45:00Z,GYK,Greys_Creek,38.44901667,-75.13245,0.3,8.94,0.035,26.18,3.8,112.9
2018-06-27T20:00:00Z,GYK,Greys_Creek,38.44901667,-75.13245,0.3,9.92,0.033,26.45,3.88,126.0
2018-06-27T20:15:00Z,GYK,Greys_Creek,38.44901667,-75.13245,0.3,10.15,0.03,26.68,3.46,129.2
2018-06-27T20:30:00Z,GYK,Greys_Creek,38.44901667,-75.13245,0.3,9.55,0.028,26.93,4.52,122.7
2018-06-27T20:45:00Z,GYK,Greys_Creek,38.44901667,-75.13245,0.3,9.6,0.022,26.87,4.12,123.0
2018-06-27T21:00:00Z,GYK,Greys_Creek,38.44901667,-75.13245,0.3,9.57,0.02,27.03,4.35,123.1
2018-06-27T21:15:00Z,GYK,Greys_Creek,38.44901667,-75.13245,0.3,9.98,0.014,27.18,4.65,129.0
2018-06-27T21:30:00Z,GYK,Greys_Creek,38.44901667,-75.13245,0.3,9.97,0.011,27.27,4.74,129.1
2018-06-27T21:45:00Z,GYK,Greys_Creek,38.44901667,-75.13245,0.3,10.12,0.016,27.34,4.88,131.3
2018-06-27T22:00:00Z,GYK,Greys_Creek,38.44901667,-75.13245,0.3,10.59,0.016,27.37,5.36,137.8
2018-06-27T22:15:00Z,GYK,Greys_Creek,38.44901667,-75.13245,0.3,10.46,0.021,27.42,5.59,136.5
2018-06-27T22:30:00Z,GYK,Greys_Creek,38.44901667,-75.13245,0.3,10.7,0.044,27.5,6.08,140.2
2018-06-27T22:45:00Z,GYK,Greys_Creek,38.44901667,-75.13245,0.3,10.1,0.07,28.08,7.74,134.9
2018-06-27T23:00:00Z,GYK,Greys_Creek,38.44901667,-75.13245,0.3,10.02,0.088,28.17,8.12,134.2
2018-06-27T23:15:00Z,GYK,Greys_Creek,38.44901667,-75.13245,0.3,10.59,0.099,28.06,8.31,141.8
2018-06-27T23:30:00Z,GYK,Greys_Creek,38.44901667,-75.13245,0.3,10.12,0.11,27.83,8.02,134.8
2018-06-27T23:45:00Z,GYK,Greys_Creek,38.44901667,-75.13245,0.3,10.77,0.138,27.78,8.56,143.7
2018-06-28T00:00:00Z,GYK,Greys_Creek,38.44901667,-75.13245,0.3,10.25,0.164,27.54,8.69,136.3
2018-06-28T00:15:00Z,GYK,Greys_Creek,38.44901667,-75.13245,0.3,10.54,0.173,27.43,8.78,139.9
2018-06-28T00:30:00Z,GYK,Greys_Creek,38.44901667,-75.13245,0.3,10.37,0.192,27.29,8.92,137.5
2018-06-28T00:45:00Z,GYK,Greys_Creek,38.44901667,-75.13245,0.3,10.02,0.213,27.14,9.3,132.8
2018-06-28T01:00:00Z,GYK,Greys_Creek,38.44901667,-75.13245,0.3,9.67,0.235,27.01,9.57,128.0
2018-06-28T01:15:00Z,GYK,Greys_Creek,38.44901667,-75.13245,0.3,9.0,0.251,27.07,9.22,119.1
2018-06-28T01:30:00Z,GYK,Greys_Creek,38.44901667,-75.13245,0.3,9.04,0.263,26.8,9.34,119.1
2018-06-28T01:45:00Z,GYK,Greys_Creek,38.44901667,-75.13245,0.3,8.45,0.279,26.87,9.34,111.5
2018-06-28T02:00:00Z,GYK,Greys_Creek,38.44901667,-75.13245,0.3,8.86,0.296,26.59,9.59,116.5
2018-06-28T02:15:00Z,GYK,Greys_Creek,38.44901667,-75.13245,0.3,8.51,0.311,26.37,9.1,111.1
2018-06-28T02:30:00Z,GYK,Greys_Creek,38.44901667,-75.13245,0.3,8.64,0.318,26.49,9.47,113.3
2018-06-28T02:45:00Z,GYK,Greys_Creek,38.44901667,-75.13245,0.3,8.77,0.32,26.55,10.31,115.6
2018-06-28T03:00:00Z,GYK,Greys_Creek,38.44901667,-75.13245,0.3,8.51,0.322,26.61,10.57,112.6
2018-06-28T03:15:00Z,GYK,Greys_Creek,38.44901667,-75.13245,0.3,8.15,0.334,26.59,10.51,107.7
2018-06-28T03:30:00Z,GYK,Greys_Creek,38.44901667,-75.13245,0.3,7.95,0.338,26.62,10.34,105.1
2018-06-28T03:45:00Z,GYK,Greys_Creek,38.44901667,-75.13245,0.3,8.03,0.335,26.76,8.72,105.4
2018-06-28T04:00:00Z,GYK,Greys_Creek,38.44901667,-75.13245,0.3,7.62,0.329,27.09,8.38,100.4
2018-06-28T04:15:00Z,GYK,Greys_Creek,38.44901667,-75.13245,0.3,7.52,0.323,27.03,8.67,99.2
2018-06-28T04:30:00Z,GYK,Greys_Creek,38.44901667,-75.13245,0.3,7.58,0.307,27.11,8.72,100.0
2018-06-28T04:45:00Z,GYK,Greys_Creek,38.44901667,-75.13245,0.3,7.38,0.278,27.07,8.98,97.4
2018-06-28T05:00:00Z,GYK,Greys_Creek,38.44901667,-75.13245,0.3,7.13,0.257,26.96,9.1,94.2
2018-06-28T05:15:00Z,GYK,Greys_Creek,38.44901667,-75.13245,0.3,6.48,0.241,26.8,8.66,85.1
2018-06-28T05:30:00Z,GYK,Greys_Creek,38.44901667,-75.13245,0.3,7.23,0.222,26.64,7.95,94.2
2018-06-28T05:45:00Z,GYK,Greys_Creek,38.44901667,-75.13245,0.3,7.83,0.202,27.24,8.37,103.4
2018-06-28T06:00:00Z,GYK,Greys_Creek,38.44901667,-75.13245,0.3,6.14,0.189,26.53,8.03,79.9
2018-06-28T06:15:00Z,GYK,Greys_Creek,38.44901667,-75.13245,0.3,7.71,0.176,26.11,6.76,98.9
2018-06-28T06:30:00Z,GYK,Greys_Creek,38.44901667,-75.13245,0.3,8.03,0.165,26.61,7.46,104.3
2018-06-28T06:45:00Z,GYK,Greys_Creek,38.44901667,-75.13245,0.3,8.39,0.145,26.53,7.07,108.6
2018-06-28T07:00:00Z,GYK,Greys_Creek,38.44901667,-75.13245,0.3,7.82,0.13,26.02,6.83,100.2
2018-06-28T07:15:00Z,GYK,Greys_Creek,38.44901667,-75.13245,0.3,7.6,0.124,26.0,6.81,97.3
2018-06-28T07:30:00Z,GYK,Greys_Creek,38.44901667,-75.13245,0.3,6.2,0.111,25.46,6.14,78.3
2018-06-28T07:45:00Z,GYK,Greys_Creek,38.44901667,-75.13245,0.3,6.39,0.087,25.02,4.02,79.1
2018-06-28T08:00:00Z,GYK,Greys_Creek,38.44901667,-75.13245,0.3,7.03,0.069,24.37,3.88,85.9
2018-06-28T08:15:00Z,GYK,Greys_Creek,38.44901667,-75.13245,0.3,6.34,0.057,23.56,2.26,75.7
2018-06-28T08:30:00Z,GYK,Greys_Creek,38.44901667,-75.13245,0.3,7.11,0.053,24.25,3.53,86.6
2018-06-28T08:45:00Z,GYK,Greys_Creek,38.44901667,-75.13245,0.3,7.03,0.042,25.04,4.79,87.5
2018-06-28T09:00:00Z,GYK,Greys_Creek,38.44901667,-75.13245,0.3,6.53,0.033,24.2,3.42,79.3
2018-06-28T09:15:00Z,GYK,Greys_Creek,38.44901667,-75.13245,0.3,5.65,0.016,24.51,4.05,69.3
2018-06-28T09:30:00Z,GYK,Greys_Creek,38.44901667,-75.13245,0.3,4.9,0.009,23.87,3.11,59.1
2018-06-28T09:45:00Z,GYK,Greys_Creek,38.44901667,-75.13245,0.3,4.14,0.008,24.23,3.5,50.4
2018-06-28T10:00:00Z,GYK,Greys_Creek,38.44901667,-75.13245,0.3,3.92,0.0,23.97,3.07,47.4
2018-06-28T10:15:00Z,GYK,Greys_Creek,38.44901667,-75.13245,0.3,4.84,NaN,23.29,2.26,57.5
2018-06-28T10:30:00Z,GYK,Greys_Creek,38.44901667,-75.13245,0.3,4.54,NaN,23.15,1.64,53.6
2018-06-28T10:45:00Z,GYK,Greys_Creek,38.44901667,-75.13245,0.3,3.55,NaN,24.85,4.68,44.0
2018-06-28T11:00:00Z,GYK,Greys_Creek,38.44901667,-75.13245,0.3,4.43,NaN,24.65,3.93,54.4
2018-06-28T11:15:00Z,GYK,Greys_Creek,38.44901667,-75.13245,0.3,4.12,0.003,25.03,5.73,51.5
2018-06-28T11:30:00Z,GYK,Greys_Creek,38.44901667,-75.13245,0.3,4.02,0.028,24.01,4.27,48.9
2018-06-28T11:45:00Z,GYK,Greys_Creek,38.44901667,-75.13245,0.3,3.66,0.056,24.91,5.88,45.7
2018-06-28T12:00:00Z,GYK,Greys_Creek,38.44901667,-75.13245,0.3,3.93,0.079,24.83,5.26,48.9
2018-06-28T12:15:00Z,GYK,Greys_Creek,38.44901667,-75.13245,0.3,4.14,0.09,24.67,4.74,51.2
2018-06-28T12:30:00Z,GYK,Greys_Creek,38.44901667,-75.13245,0.3,4.72,0.101,25.37,6.63,59.7
2018-06-28T12:45:00Z,GYK,Greys_Creek,38.44901667,-75.13245,0.3,3.74,0.12,25.78,7.81,48.0
2018-06-28T13:00:00Z,GYK,Greys_Creek,38.44901667,-75.13245,0.3,4.23,0.129,25.74,10.12,54.9
2018-06-28T13:15:00Z,GYK,Greys_Creek,38.44901667,-75.13245,0.3,4.99,0.133,26.22,7.56,64.4
2018-06-28T13:30:00Z,GYK,Greys_Creek,38.44901667,-75.13245,0.3,4.27,0.145,26.37,12.08,56.7
2018-06-28T13:45:00Z,GYK,Greys_Creek,38.44901667,-75.13245,0.3,5.61,0.152,26.64,13.13,75.3
2018-06-28T14:00:00Z,GYK,Greys_Creek,38.44901667,-75.13245,0.3,5.38,0.159,26.68,13.25,72.3
2018-06-28T14:15:00Z,GYK,Greys_Creek,38.44901667,-75.13245,0.3,4.79,0.166,26.78,13.06,64.5
2018-06-28T14:30:00Z,GYK,Greys_Creek,38.44901667,-75.13245,0.3,4.8,0.174,26.77,13.93,64.8
2018-06-28T14:45:00Z,GYK,Greys_Creek,38.44901667,-75.13245,0.3,4.87,0.177,26.89,13.95,65.9
2018-06-28T15:00:00Z,GYK,Greys_Creek,38.44901667,-75.13245,0.3,7.49,0.169,27.3,8.7,99.2
2018-06-28T15:15:00Z,GYK,Greys_Creek,38.44901667,-75.13245,0.3,6.23,0.161,27.37,10.79,83.6
2018-06-28T15:30:00Z,GYK,Greys_Creek,38.44901667,-75.13245,0.3,9.01,0.153,27.46,9.78,120.4
2018-06-28T15:45:00Z,GYK,Greys_Creek,38.44901667,-75.13245,0.3,9.05,0.142,27.32,10.21,121.0
2018-06-28T16:00:00Z,GYK,Greys_Creek,38.44901667,-75.13245,0.3,12.09,0.129,27.22,9.05,160.2
2018-06-28T16:15:00Z,GYK,Greys_Creek,38.44901667,-75.13245,0.3,12.66,0.118,27.32,8.98,168.0
2018-06-28T16:30:00Z,GYK,Greys_Creek,38.44901667,-75.13245,0.3,12.09,0.105,27.8,9.5,162.3
2018-06-28T16:45:00Z,GYK,Greys_Creek,38.44901667,-75.13245,0.3,12.84,0.099,28.62,9.12,174.4
2018-06-28T17:00:00Z,GYK,Greys_Creek,38.44901667,-75.13245,0.3,12.27,0.088,27.86,8.43,163.9
2018-06-28T17:15:00Z,GYK,Greys_Creek,38.44901667,-75.13245,0.3,11.86,0.071,28.76,9.82,162.1
2018-06-28T17:30:00Z,GYK,Greys_Creek,38.44901667,-75.13245,0.3,9.67,0.054,27.2,4.63,125.0
2018-06-28T17:45:00Z,GYK,Greys_Creek,38.44901667,-75.13245,0.3,13.38,0.047,28.02,6.02,176.8
2018-06-28T18:00:00Z,GYK,Greys_Creek,38.44901667,-75.13245,0.3,7.55,0.037,26.75,4.35,96.6
2018-06-28T18:15:00Z,GYK,Greys_Creek,38.44901667,-75.13245,0.3,12.02,0.019,29.3,8.24,164.4
2018-06-28T18:30:00Z,GYK,Greys_Creek,38.44901667,-75.13245,0.3,9.34,NaN,27.65,4.04,121.3
2018-06-28T18:45:00Z,GYK,Greys_Creek,38.44901667,-75.13245,0.3,10.71,NaN,27.31,3.12,137.6
2018-06-28T19:00:00Z,GYK,Greys_Creek,38.44901667,-75.13245,0.3,9.88,NaN,27.24,3.05,126.7
2018-06-28T19:15:00Z,GYK,Greys_Creek,38.44901667,-75.13245,0.3,10.4,NaN,28.69,4.39,137.8
2018-06-28T19:30:00Z,GYK,Greys_Creek,38.44901667,-75.13245,0.3,8.6,NaN,26.05,2.04,107.3
2018-06-28T19:45:00Z,GYK,Greys_Creek,38.44901667,-75.13245,0.3,9.97,NaN,26.83,3.11,126.9
2018-06-28T20:00:00Z,GYK,Greys_Creek,38.44901667,-75.13245,0.3,8.51,NaN,25.97,2.34,106.2
2018-06-28T20:15:00Z,GYK,Greys_Creek,38.44901667,-75.13245,0.3,9.48,NaN,26.15,1.5,118.1
2018-06-28T20:30:00Z,GYK,Greys_Creek,38.44901667,-75.13245,0.3,9.91,NaN,27.37,4.06,128.1
2018-06-28T20:45:00Z,GYK,Greys_Creek,38.44901667,-75.13245,0.3,9.27,NaN,26.19,3.22,116.8
2018-06-28T21:00:00Z,GYK,Greys_Creek,38.44901667,-75.13245,0.3,8.75,NaN,25.57,2.5,108.6
2018-06-28T21:15:00Z,GYK,Greys_Creek,38.44901667,-75.13245,0.3,9.68,NaN,26.84,2.92,123.1
2018-06-28T21:30:00Z,GYK,Greys_Creek,38.44901667,-75.13245,0.3,10.69,NaN,27.32,2.43,136.8
2018-06-28T21:45:00Z,GYK,Greys_Creek,38.44901667,-75.13245,0.3,10.04,NaN,26.43,1.84,126.0
2018-06-28T22:00:00Z,GYK,Greys_Creek,38.44901667,-75.13245,0.3,10.17,NaN,26.93,1.92,128.8
2018-06-28T22:15:00Z,GYK,Greys_Creek,38.44901667,-75.13245,0.3,14.27,NaN,27.96,2.58,184.8
2018-06-28T22:30:00Z,GYK,Greys_Creek,38.44901667,-75.13245,0.3,13.65,NaN,27.56,2.31,175.2
2018-06-28T22:45:00Z,GYK,Greys_Creek,38.44901667,-75.13245,0.3,14.39,NaN,28.58,7.33,193.4
2018-06-28T23:00:00Z,GYK,Greys_Creek,38.44901667,-75.13245,0.3,12.42,NaN,28.36,10.0,168.8
2018-06-28T23:15:00Z,GYK,Greys_Creek,38.44901667,-75.13245,0.3,10.98,NaN,28.35,13.0,151.7
2018-06-28T23:30:00Z,GYK,Greys_Creek,38.44901667,-75.13245,0.3,9.36,NaN,28.34,13.86,129.9
2018-06-28T23:45:00Z,GYK,Greys_Creek,38.44901667,-75.13245,0.3,10.27,NaN,28.34,13.69,142.5
2018-06-29T00:00:00Z,GYK,Greys_Creek,38.44901667,-75.13245,0.3,10.05,0.013,28.3,13.78,139.3
2018-06-29T00:15:00Z,GYK,Greys_Creek,38.44901667,-75.13245,0.3,8.24,0.041,28.15,14.07,114.1
2018-06-29T00:30:00Z,GYK,Greys_Creek,38.44901667,-75.13245,0.3,7.15,0.069,27.97,14.25,98.9
2018-06-29T00:45:00Z,GYK,Greys_Creek,38.44901667,-75.13245,0.3,9.48,0.092,27.97,13.69,130.6
2018-06-29T01:00:00Z,GYK,Greys_Creek,38.44901667,-75.13245,0.3,9.42,0.115,27.88,13.67,129.5
2018-06-29T01:15:00Z,GYK,Greys_Creek,38.44901667,-75.13245,0.3,8.78,0.136,27.81,13.83,120.7
2018-06-29T01:30:00Z,GYK,Greys_Creek,38.44901667,-75.13245,0.3,8.08,0.158,27.84,14.02,111.3
2018-06-29T01:45:00Z,GYK,Greys_Creek,38.44901667,-75.13245,0.3,8.64,0.175,27.9,13.86,119.0
2018-06-29T02:00:00Z,GYK,Greys_Creek,38.44901667,-75.13245,0.3,8.17,0.193,27.99,14.13,112.9
2018-06-29T02:15:00Z,GYK,Greys_Creek,38.44901667,-75.13245,0.3,7.82,0.208,28.15,14.24,108.4
2018-06-29T02:30:00Z,GYK,Greys_Creek,38.44901667,-75.13245,0.3,7.92,0.223,28.17,14.38,109.9
2018-06-29T02:45:00Z,GYK,Greys_Creek,38.44901667,-75.13245,0.3,7.61,0.235,28.25,14.41,105.7
2018-06-29T03:00:00Z,GYK,Greys_Creek,38.44901667,-75.13245,0.3,7.97,0.246,28.24,14.49,110.8
2018-06-29T03:15:00Z,GYK,Greys_Creek,38.44901667,-75.13245,0.3,7.39,0.254,28.19,14.54,102.8
2018-06-29T03:30:00Z,GYK,Greys_Creek,38.44901667,-75.13245,0.3,7.2,0.264,28.16,14.51,100.0
2018-06-29T03:45:00Z,GYK,Greys_Creek,38.44901667,-75.13245,0.3,6.73,0.271,28.2,14.68,93.6
2018-06-29T04:00:00Z,GYK,Greys_Creek,38.44901667,-75.13245,0.3,6.41,0.274,28.21,14.71,89.2
2018-06-29T04:15:00Z,GYK,Greys_Creek,38.44901667,-75.13245,0.3,6.71,0.27,28.22,14.48,93.2
2018-06-29T04:30:00Z,GYK,Greys_Creek,38.44901667,-75.13245,0.3,6.15,0.265,28.28,14.89,85.7
2018-06-29T04:45:00Z,GYK,Greys_Creek,38.44901667,-75.13245,0.3,5.62,0.261,28.37,14.3,78.2
2018-06-29T05:00:00Z,GYK,Greys_Creek,38.44901667,-75.13245,0.3,7.65,0.249,28.35,13.82,106.2
2018-06-29T05:15:00Z,GYK,Greys_Creek,38.44901667,-75.13245,0.3,7.7,0.227,28.27,13.39,106.5
2018-06-29T05:30:00Z,GYK,Greys_Creek,38.44901667,-75.13245,0.3,7.34,0.202,28.28,13.66,101.7
2018-06-29T05:45:00Z,GYK,Greys_Creek,38.44901667,-75.13245,0.3,7.15,0.18,28.22,13.55,98.9
2018-06-29T06:00:00Z,GYK,Greys_Creek,38.44901667,-75.13245,0.3,6.0,0.168,27.98,13.48,82.5
2018-06-29T06:15:00Z,GYK,Greys_Creek,38.44901667,-75.13245,0.3,5.1,0.161,27.98,13.46,70.2
2018-06-29T06:30:00Z,GYK,Greys_Creek,38.44901667,-75.13245,0.3,4.33,0.154,27.88,13.65,59.6
2018-06-29T06:45:00Z,GYK,Greys_Creek,38.44901667,-75.13245,0.3,4.88,0.143,27.72,12.85,66.7
2018-06-29T07:00:00Z,GYK,Greys_Creek,38.44901667,-75.13245,0.3,4.34,0.126,25.94,8.22,55.9
2018-06-29T07:15:00Z,GYK,Greys_Creek,38.44901667,-75.13245,0.3,4.05,0.111,27.78,12.92,55.3
2018-06-29T07:30:00Z,GYK,Greys_Creek,38.44901667,-75.13245,0.3,5.17,0.1,26.01,6.87,66.3
2018-06-29T07:45:00Z,GYK,Greys_Creek,38.44901667,-75.13245,0.3,4.5,0.085,25.57,6.79,57.1
2018-06-29T08:00:00Z,GYK,Greys_Creek,38.44901667,-75.13245,0.3,3.85,0.072,25.58,6.71,48.9
2018-06-29T08:15:00Z,GYK,Greys_Creek,38.44901667,-75.13245,0.3,3.78,0.057,25.38,6.53,47.8
2018-06-29T08:30:00Z,GYK,Greys_Creek,38.44901667,-75.13245,0.3,3.6,0.042,25.21,5.7,45.2
2018-06-29T08:45:00Z,GYK,Greys_Creek,38.44901667,-75.13245,0.3,3.41,0.031,25.21,5.95,42.9
2018-06-29T09:00:00Z,GYK,Greys_Creek,38.44901667,-75.13245,0.3,3.16,0.02,25.04,5.51,39.5
2018-06-29T09:15:00Z,GYK,Greys_Creek,38.44901667,-75.13245,0.3,3.05,NaN,24.88,5.37,37.9
2018-06-29T09:30:00Z,GYK,Greys_Creek,38.44901667,-75.13245,0.3,2.98,NaN,24.45,3.93,36.5
2018-06-29T09:45:00Z,GYK,Greys_Creek,38.44901667,-75.13245,0.3,2.96,NaN,24.36,3.69,36.1
2018-06-29T10:00:00Z,GYK,Greys_Creek,38.44901667,-75.13245,0.3,3.25,NaN,24.1,2.95,39.4
2018-06-29T10:15:00Z,GYK,Greys_Creek,38.44901667,-75.13245,0.3,3.38,NaN,23.99,2.58,40.8
2018-06-29T10:30:00Z,GYK,Greys_Creek,38.44901667,-75.13245,0.3,3.47,NaN,23.96,2.78,41.8
2018-06-29T10:45:00Z,GYK,Greys_Creek,38.44901667,-75.13245,0.3,3.8,NaN,23.77,2.14,45.4
2018-06-29T11:00:00Z,GYK,Greys_Creek,38.44901667,-75.13245,0.3,3.94,NaN,23.76,2.24,47.2
2018-06-29T11:15:00Z,GYK,Greys_Creek,38.44901667,-75.13245,0.3,3.95,0.02,23.92,2.6,47.6
2018-06-29T11:30:00Z,GYK,Greys_Creek,38.44901667,-75.13245,0.3,3.49,0.019,24.19,3.09,42.3
2018-06-29T11:45:00Z,GYK,Greys_Creek,38.44901667,-75.13245,0.3,2.88,0.02,27.09,9.19,38.2
2018-06-29T12:00:00Z,GYK,Greys_Creek,38.44901667,-75.13245,0.3,3.22,0.031,27.41,14.34,44.0
2018-06-29T12:15:00Z,GYK,Greys_Creek,38.44901667,-75.13245,0.3,3.55,0.06,27.37,14.66,48.7
2018-06-29T12:30:00Z,GYK,Greys_Creek,38.44901667,-75.13245,0.3,3.61,0.079,27.43,14.72,49.5
2018-06-29T12:45:00Z,GYK,Greys_Creek,38.44901667,-75.13245,0.3,3.02,0.097,27.66,15.06,41.7
2018-06-29T13:00:00Z,GYK,Greys_Creek,38.44901667,-75.13245,0.3,3.54,0.114,27.75,14.97,48.9
2018-06-29T13:15:00Z,GYK,Greys_Creek,38.44901667,-75.13245,0.3,3.3,0.124,27.9,15.09,45.8
2018-06-29T13:30:00Z,GYK,Greys_Creek,38.44901667,-75.13245,0.3,4.22,0.138,28.17,15.3,58.9
2018-06-29T13:45:00Z,GYK,Greys_Creek,38.44901667,-75.13245,0.3,4.76,0.148,28.03,14.71,66.1
2018-06-29T14:00:00Z,GYK,Greys_Creek,38.44901667,-75.13245,0.3,4.97,0.163,28.29,14.92,69.3
2018-06-29T14:15:00Z,GYK,Greys_Creek,38.44901667,-75.13245,0.3,5.31,0.181,28.35,15.32,74.4
2018-06-29T14:30:00Z,GYK,Greys_Creek,38.44901667,-75.13245,0.3,7.94,0.19,28.84,15.41,112.2
2018-06-29T14:45:00Z,GYK,Greys_Creek,38.44901667,-75.13245,0.3,10.18,0.194,28.99,15.19,143.9
2018-06-29T15:00:00Z,GYK,Greys_Creek,38.44901667,-75.13245,0.3,7.73,0.204,28.91,15.19,109.1
2018-06-29T15:15:00Z,GYK,Greys_Creek,38.44901667,-75.13245,0.3,8.86,0.212,29.01,15.12,125.2
2018-06-29T15:30:00Z,GYK,Greys_Creek,38.44901667,-75.13245,0.3,10.23,0.212,29.07,14.97,144.7
2018-06-29T15:45:00Z,GYK,Greys_Creek,38.44901667,-75.13245,0.3,14.66,0.212,29.8,12.77,207.3
2018-06-29T16:00:00Z,GYK,Greys_Creek,38.44901667,-75.13245,0.3,15.17,0.204,30.1,12.16,215.0
2018-06-29T16:15:00Z,GYK,Greys_Creek,38.44901667,-75.13245,0.3,16.05,0.197,30.45,11.7,228.1
2018-06-29T16:30:00Z,GYK,Greys_Creek,38.44901667,-75.13245,0.3,16.19,0.184,30.71,11.26,230.6
2018-06-29T16:45:00Z,GYK,Greys_Creek,38.44901667,-75.13245,0.3,15.78,0.161,30.8,11.44,225.2
2018-06-29T17:00:00Z,GYK,Greys_Creek,38.44901667,-75.13245,0.3,15.85,0.143,29.72,12.7,223.7
2018-06-29T17:15:00Z,GYK,Greys_Creek,38.44901667,-75.13245,0.3,13.62,0.134,30.51,10.15,192.1
2018-06-29T17:30:00Z,GYK,Greys_Creek,38.44901667,-75.13245,0.3,12.68,0.127,31.52,9.66,181.4
2018-06-29T17:45:00Z,GYK,Greys_Creek,38.44901667,-75.13245,0.3,12.38,0.117,30.75,8.75,174.0
2018-06-29T18:00:00Z,GYK,Greys_Creek,38.44901667,-75.13245,0.3,11.21,0.105,29.07,6.74,151.5
2018-06-29T18:15:00Z,GYK,Greys_Creek,38.44901667,-75.13245,0.3,9.35,0.091,28.2,4.03,122.6
2018-06-29T18:30:00Z,GYK,Greys_Creek,38.44901667,-75.13245,0.3,8.15,0.071,28.22,6.65,108.4
2018-06-29T18:45:00Z,GYK,Greys_Creek,38.44901667,-75.13245,0.3,7.95,0.055,28.06,6.27,105.2
2018-06-29T19:00:00Z,GYK,Greys_Creek,38.44901667,-75.13245,0.3,7.88,0.042,28.49,4.86,104.4
2018-06-29T19:15:00Z,GYK,Greys_Creek,38.44901667,-75.13245,0.3,12.63,0.031,28.58,5.12,167.7
2018-06-29T19:30:00Z,GYK,Greys_Creek,38.44901667,-75.13245,0.3,9.66,0.028,29.35,5.79,130.5
2018-06-29T19:45:00Z,GYK,Greys_Creek,38.44901667,-75.13245,0.3,11.27,0.026,28.55,5.39,149.7
2018-06-29T20:00:00Z,GYK,Greys_Creek,38.44901667,-75.13245,0.3,8.53,0.025,28.67,5.28,113.6
2018-06-29T20:15:00Z,GYK,Greys_Creek,38.44901667,-75.13245,0.3,8.6,0.024,29.03,5.36,115.3
2018-06-29T20:30:00Z,GYK,Greys_Creek,38.44901667,-75.13245,0.3,7.44,0.022,28.46,4.29,98.2
2018-06-29T20:45:00Z,GYK,Greys_Creek,38.44901667,-75.13245,0.3,7.65,0.022,28.44,3.19,100.2
2018-06-29T21:00:00Z,GYK,Greys_Creek,38.44901667,-75.13245,0.3,7.86,0.019,28.1,2.25,101.9
2018-06-29T21:15:00Z,GYK,Greys_Creek,38.44901667,-75.13245,0.3,8.07,0.015,28.43,3.92,106.2
2018-06-29T21:30:00Z,GYK,Greys_Creek,38.44901667,-75.13245,0.3,8.25,0.013,28.33,3.56,108.1
2018-06-29T21:45:00Z,GYK,Greys_Creek,38.44901667,-75.13245,0.3,8.73,0.011,28.04,4.16,114.3
2018-06-29T22:00:00Z,GYK,Greys_Creek,38.44901667,-75.13245,0.3,9.13,0.009,28.17,4.11,119.7
2018-06-29T22:15:00Z,GYK,Greys_Creek,38.44901667,-75.13245,0.3,9.04,NaN,28.38,3.45,118.5
2018-06-29T22:30:00Z,GYK,Greys_Creek,38.44901667,-75.13245,0.3,9.01,NaN,28.44,3.23,118.1
2018-06-29T22:45:00Z,GYK,Greys_Creek,38.44901667,-75.13245,0.3,8.82,NaN,28.75,3.47,116.4
2018-06-29T23:00:00Z,GYK,Greys_Creek,38.44901667,-75.13245,0.3,10.76,NaN,29.13,3.88,143.2
2018-06-29T23:15:00Z,GYK,Greys_Creek,38.44901667,-75.13245,0.3,10.68,NaN,29.63,5.67,144.9
2018-06-29T23:30:00Z,GYK,Greys_Creek,38.44901667,-75.13245,0.3,11.6,NaN,29.55,4.87,156.3
2018-06-29T23:45:00Z,GYK,Greys_Creek,38.44901667,-75.13245,0.3,10.55,NaN,29.68,6.69,144.0
2018-06-30T00:00:00Z,GYK,Greys_Creek,38.44901667,-75.13245,0.3,10.56,NaN,29.92,7.1,145.0
2018-06-30T00:15:00Z,GYK,Greys_Creek,38.44901667,-75.13245,0.3,10.74,0.033,29.35,5.81,145.1
2018-06-30T00:30:00Z,GYK,Greys_Creek,38.44901667,-75.13245,0.3,13.51,0.055,30.99,9.38,191.3
2018-06-30T00:45:00Z,GYK,Greys_Creek,38.44901667,-75.13245,0.3,12.95,0.078,31.12,11.58,186.0
2018-06-30T01:00:00Z,GYK,Greys_Creek,38.44901667,-75.13245,0.3,11.23,0.099,31.04,12.98,162.4
2018-06-30T01:15:00Z,GYK,Greys_Creek,38.44901667,-75.13245,0.3,10.55,0.117,30.56,10.6,149.4
2018-06-30T01:30:00Z,GYK,Greys_Creek,38.44901667,-75.13245,0.3,10.8,0.137,30.82,13.29,155.8
2018-06-30T01:45:00Z,GYK,Greys_Creek,38.44901667,-75.13245,0.3,10.41,0.162,30.82,13.94,150.7
2018-06-30T02:00:00Z,GYK,Greys_Creek,38.44901667,-75.13245,0.3,9.24,0.179,30.9,14.1,134.1
2018-06-30T02:15:00Z,GYK,Greys_Creek,38.44901667,-75.13245,0.3,8.53,0.193,30.85,14.27,123.8
2018-06-30T02:30:00Z,GYK,Greys_Creek,38.44901667,-75.13245,0.3,8.27,0.208,30.85,14.61,120.2
2018-06-30T02:45:00Z,GYK,Greys_Creek,38.44901667,-75.13245,0.3,7.87,0.226,30.8,14.88,114.5
2018-06-30T03:00:00Z,GYK,Greys_Creek,38.44901667,-75.13245,0.3,7.45,0.241,30.76,15.05,108.5
2018-06-30T03:15:00Z,GYK,Greys_Creek,38.44901667,-75.13245,0.3,6.85,0.258,30.67,15.27,99.7
2018-06-30T03:30:00Z,GYK,Greys_Creek,38.44901667,-75.13245,0.3,6.86,0.268,30.64,15.36,99.8
2018-06-30T03:45:00Z,GYK,Greys_Creek,38.44901667,-75.13245,0.3,6.94,0.277,30.61,15.46,100.9
2018-06-30T04:00:00Z,GYK,Greys_Creek,38.44901667,-75.13245,0.3,6.78,0.285,30.53,15.57,98.5
2018-06-30T04:15:00Z,GYK,Greys_Creek,38.44901667,-75.13245,0.3,6.33,0.294,30.44,15.65,92.0
2018-06-30T04:30:00Z,GYK,Greys_Creek,38.44901667,-75.13245,0.3,6.19,0.299,30.38,15.69,89.8
2018-06-30T04:45:00Z,GYK,Greys_Creek,38.44901667,-75.13245,0.3,6.05,0.297,30.38,15.72,87.8
2018-06-30T05:00:00Z,GYK,Greys_Creek,38.44901667,-75.13245,0.3,5.71,0.295,30.36,15.73,82.8
2018-06-30T05:15:00Z,GYK,Greys_Creek,38.44901667,-75.13245,0.3,3.44,0.287,30.88,14.03,49.8
2018-06-30T05:30:00Z,GYK,Greys_Creek,38.44901667,-75.13245,0.3,6.45,0.273,30.52,13.84,92.8
2018-06-30T05:45:00Z,GYK,Greys_Creek,38.44901667,-75.13245,0.3,7.48,0.254,30.85,13.7,108.2
2018-06-30T06:00:00Z,GYK,Greys_Creek,38.44901667,-75.13245,0.3,7.59,0.226,30.92,13.32,109.6
2018-06-30T06:15:00Z,GYK,Greys_Creek,38.44901667,-75.13245,0.3,8.14,0.207,30.77,13.74,117.6
2018-06-30T06:30:00Z,GYK,Greys_Creek,38.44901667,-75.13245,0.3,4.79,0.197,30.52,13.74,68.9
2018-06-30T06:45:00Z,GYK,Greys_Creek,38.44901667,-75.13245,0.3,5.48,0.181,29.94,13.09,77.9
2018-06-30T07:00:00Z,GYK,Greys_Creek,38.44901667,-75.13245,0.3,5.77,0.164,27.77,6.5,76.2
2018-06-30T07:15:00Z,GYK,Greys_Creek,38.44901667,-75.13245,0.3,7.84,0.151,26.96,6.88,102.2
2018-06-30T07:30:00Z,GYK,Greys_Creek,38.44901667,-75.13245,0.3,7.62,0.137,28.74,7.69,102.9
2018-06-30T07:45:00Z,GYK,Greys_Creek,38.44901667,-75.13245,0.3,7.7,0.125,27.51,7.98,101.9
2018-06-30T08:00:00Z,GYK,Greys_Creek,38.44901667,-75.13245,0.3,5.97,0.107,26.56,6.28,77.0
2018-06-30T08:15:00Z,GYK,Greys_Creek,38.44901667,-75.13245,0.3,5.29,0.088,25.91,5.17,67.0
2018-06-30T08:30:00Z,GYK,Greys_Creek,38.44901667,-75.13245,0.3,5.27,0.077,25.68,4.96,66.4
2018-06-30T08:45:00Z,GYK,Greys_Creek,38.44901667,-75.13245,0.3,4.96,0.07,25.71,5.18,62.7
2018-06-30T09:00:00Z,GYK,Greys_Creek,38.44901667,-75.13245,0.3,4.39,0.056,25.67,5.24,55.4
2018-06-30T09:15:00Z,GYK,Greys_Creek,38.44901667,-75.13245,0.3,4.18,0.048,25.69,5.48,52.8
2018-06-30T09:30:00Z,GYK,Greys_Creek,38.44901667,-75.13245,0.3,3.39,0.045,25.17,4.0,42.1
2018-06-30T09:45:00Z,GYK,Greys_Creek,38.44901667,-75.13245,0.3,3.4,0.048,24.81,3.74,41.9
2018-06-30T10:00:00Z,GYK,Greys_Creek,38.44901667,-75.13245,0.3,3.86,0.048,24.86,3.52,47.5
2018-06-30T10:15:00Z,GYK,Greys_Creek,38.44901667,-75.13245,0.3,4.19,0.05,24.71,3.51,51.4
2018-06-30T10:30:00Z,GYK,Greys_Creek,38.44901667,-75.13245,0.3,3.96,0.052,24.61,3.53,48.5
2018-06-30T10:45:00Z,GYK,Greys_Creek,38.44901667,-75.13245,0.3,4.06,0.053,23.92,2.0,48.7
2018-06-30T11:00:00Z,GYK,Greys_Creek,38.44901667,-75.13245,0.3,4.22,0.053,24.14,2.49,51.0
2018-06-30T11:15:00Z,GYK,Greys_Creek,38.44901667,-75.13245,0.3,4.06,0.054,24.09,2.56,49.1
2018-06-30T11:30:00Z,GYK,Greys_Creek,38.44901667,-75.13245,0.3,3.83,0.054,24.03,2.32,46.2
2018-06-30T11:45:00Z,GYK,Greys_Creek,38.44901667,-75.13245,0.3,3.88,0.054,24.37,2.48,47.1
2018-06-30T12:00:00Z,GYK,Greys_Creek,38.44901667,-75.13245,0.3,3.3,0.055,24.29,2.35,40.0
2018-06-30T12:15:00Z,GYK,Greys_Creek,38.44901667,-75.13245,0.3,2.45,0.055,27.68,7.3,32.4
2018-06-30T12:30:00Z,GYK,Greys_Creek,38.44901667,-75.13245,0.3,2.55,0.056,28.13,10.91,34.7
2018-06-30T12:45:00Z,GYK,Greys_Creek,38.44901667,-75.13245,0.3,2.73,0.056,28.78,14.65,38.3
2018-06-30T13:00:00Z,GYK,Greys_Creek,38.44901667,-75.13245,0.3,2.79,0.065,28.66,14.99,39.2
2018-06-30T13:15:00Z,GYK,Greys_Creek,38.44901667,-75.13245,0.3,2.46,0.078,29.02,15.13,34.8
2018-06-30T13:30:00Z,GYK,Greys_Creek,38.44901667,-75.13245,0.3,3.1,0.094,29.32,15.45,44.1
2018-06-30T13:45:00Z,GYK,Greys_Creek,38.44901667,-75.13245,0.3,3.55,0.107,29.61,15.87,51.0
2018-06-30T14:00:00Z,GYK,Greys_Creek,38.44901667,-75.13245,0.3,4.05,0.119,29.69,15.83,58.2
2018-06-30T14:15:00Z,GYK,Greys_Creek,38.44901667,-75.13245,0.3,5.63,0.128,29.89,15.89,81.1
2018-06-30T14:30:00Z,GYK,Greys_Creek,38.44901667,-75.13245,0.3,5.83,0.144,30.02,15.9,84.2
2018-06-30T14:45:00Z,GYK,Greys_Creek,38.44901667,-75.13245,0.3,5.34,0.159,30.0,16.21,77.3
2018-06-30T15:00:00Z,GYK,Greys_Creek,38.44901667,-75.13245,0.3,5.62,0.166,30.2,16.08,81.5
2018-06-30T15:15:00Z,GYK,Greys_Creek,38.44901667,-75.13245,0.3,10.0,0.171,30.64,16.09,146.0
2018-06-30T15:30:00Z,GYK,Greys_Creek,38.44901667,-75.13245,0.3,6.9,0.178,30.25,16.25,100.2
2018-06-30T15:45:00Z,GYK,Greys_Creek,38.44901667,-75.13245,0.3,7.08,0.186,30.6,16.31,103.5
2018-06-30T16:00:00Z,GYK,Greys_Creek,38.44901667,-75.13245,0.3,9.16,0.198,30.71,16.34,134.2
2018-06-30T16:15:00Z,GYK,Greys_Creek,38.44901667,-75.13245,0.3,10.16,0.196,31.04,12.95,146.8
2018-06-30T16:30:00Z,GYK,Greys_Creek,38.44901667,-75.13245,0.3,12.59,0.188,31.63,10.73,181.5
2018-06-30T16:45:00Z,GYK,Greys_Creek,38.44901667,-75.13245,0.3,13.31,0.192,31.51,11.42,192.3
2018-06-30T17:00:00Z,GYK,Greys_Creek,38.44901667,-75.13245,0.3,19.07,0.185,32.25,10.06,276.8
2018-06-30T17:15:00Z,GYK,Greys_Creek,38.44901667,-75.13245,0.3,18.88,0.169,31.83,9.26,270.9
2018-06-30T17:30:00Z,GYK,Greys_Creek,38.44901667,-75.13245,0.3,19.45,0.145,32.51,8.44,281.0
2018-06-30T17:45:00Z,GYK,Greys_Creek,38.44901667,-75.13245,0.3,19.35,0.136,32.86,11.51,285.9
2018-06-30T18:00:00Z,GYK,Greys_Creek,38.44901667,-75.13245,0.3,16.88,0.127,33.18,10.76,249.7
2018-06-30T18:15:00Z,GYK,Greys_Creek,38.44901667,-75.13245,0.3,15.76,0.113,33.6,6.38,229.4
2018-06-30T18:30:00Z,GYK,Greys_Creek,38.44901667,-75.13245,0.3,15.56,0.106,33.68,8.24,229.0
2018-06-30T18:45:00Z,GYK,Greys_Creek,38.44901667,-75.13245,0.3,14.1,0.097,33.59,6.55,205.4
2018-06-30T19:00:00Z,GYK,Greys_Creek,38.44901667,-75.13245,0.3,13.19,0.089,32.06,9.35,190.1
2018-06-30T19:15:00Z,GYK,Greys_Creek,38.44901667,-75.13245,0.3,9.71,0.076,30.63,8.05,135.6
2018-06-30T19:30:00Z,GYK,Greys_Creek,38.44901667,-75.13245,0.3,7.92,0.062,30.37,6.25,109.1
2018-06-30T19:45:00Z,GYK,Greys_Creek,38.44901667,-75.13245,0.3,9.68,0.048,31.05,6.88,135.4
2018-06-30T20:00:00Z,GYK,Greys_Creek,38.44901667,-75.13245,0.3,7.64,0.05,29.69,5.89,103.8
2018-06-30T20:15:00Z,GYK,Greys_Creek,38.44901667,-75.13245,0.3,7.85,0.048,29.93,5.64,106.9
2018-06-30T20:30:00Z,GYK,Greys_Creek,38.44901667,-75.13245,0.3,8.75,0.048,29.68,5.6,118.7
2018-06-30T20:45:00Z,GYK,Greys_Creek,38.44901667,-75.13245,0.3,8.31,0.045,29.71,5.74,112.8
2018-06-30T21:00:00Z,GYK,Greys_Creek,38.44901667,-75.13245,0.3,8.83,0.042,30.28,5.74,121.2
2018-06-30T21:15:00Z,GYK,Greys_Creek,38.44901667,-75.13245,0.3,8.49,0.041,29.71,5.86,115.4
2018-06-30T21:30:00Z,GYK,Greys_Creek,38.44901667,-75.13245,0.3,8.52,0.038,29.28,5.68,114.9
2018-06-30T21:45:00Z,GYK,Greys_Creek,38.44901667,-75.13245,0.3,9.37,0.038,29.74,5.42,127.2
2018-06-30T22:00:00Z,GYK,Greys_Creek,38.44901667,-75.13245,0.3,8.41,0.036,29.22,3.35,111.8
2018-06-30T22:15:00Z,GYK,Greys_Creek,38.44901667,-75.13245,0.3,8.87,0.036,29.26,3.77,118.3
2018-06-30T22:30:00Z,GYK,Greys_Creek,38.44901667,-75.13245,0.3,9.9,0.033,29.69,4.45,133.4
2018-06-30T22:45:00Z,GYK,Greys_Creek,38.44901667,-75.13245,0.3,9.46,0.031,29.75,4.43,127.6
2018-06-30T23:00:00Z,GYK,Greys_Creek,38.44901667,-75.13245,0.3,10.05,0.029,29.83,4.43,135.8
2018-06-30T23:15:00Z,GYK,Greys_Creek,38.44901667,-75.13245,0.3,10.03,0.027,29.25,4.13,134.0
2018-06-30T23:30:00Z,GYK,Greys_Creek,38.44901667,-75.13245,0.3,9.26,0.024,29.73,4.41,124.9
2018-06-30T23:45:00Z,GYK,Greys_Creek,38.44901667,-75.13245,0.3,11.06,NaN,30.65,5.21,152.2
2018-07-01T00:00:00Z,GYK,Greys_Creek,38.44901667,-75.13245,0.3,9.44,NaN,30.8,7.1,131.6
2018-07-01T00:15:00Z,GYK,Greys_Creek,38.44901667,-75.13245,0.3,9.79,NaN,30.62,9.53,137.9
2018-07-01T00:30:00Z,GYK,Greys_Creek,38.44901667,-75.13245,0.3,9.11,NaN,30.03,8.97,126.6
2018-07-01T00:45:00Z,GYK,Greys_Creek,38.44901667,-75.13245,0.3,9.34,NaN,30.94,10.03,132.6
2018-07-01T01:00:00Z,GYK,Greys_Creek,38.44901667,-75.13245,0.3,9.32,0.05,30.13,9.87,130.4
2018-07-01T01:15:00Z,GYK,Greys_Creek,38.44901667,-75.13245,0.3,8.72,0.062,29.66,9.39,120.8
2018-07-01T01:30:00Z,GYK,Greys_Creek,38.44901667,-75.13245,0.3,8.39,0.08,31.08,10.43,119.6
2018-07-01T01:45:00Z,GYK,Greys_Creek,38.44901667,-75.13245,0.3,8.41,0.103,31.72,13.48,123.3
2018-07-01T02:00:00Z,GYK,Greys_Creek,38.44901667,-75.13245,0.3,8.2,0.122,31.76,14.34,120.9
2018-07-01T02:15:00Z,GYK,Greys_Creek,38.44901667,-75.13245,0.3,8.01,0.135,31.55,13.03,116.8
2018-07-01T02:30:00Z,GYK,Greys_Creek,38.44901667,-75.13245,0.3,7.9,0.151,31.62,14.52,116.2
2018-07-01T02:45:00Z,GYK,Greys_Creek,38.44901667,-75.13245,0.3,7.94,0.17,31.63,14.93,117.1
2018-07-01T03:00:00Z,GYK,Greys_Creek,38.44901667,-75.13245,0.3,7.72,0.19,31.64,15.15,114.0
2018-07-01T03:15:00Z,GYK,Greys_Creek,38.44901667,-75.13245,0.3,7.36,0.207,31.65,15.26,108.8
2018-07-01T03:30:00Z,GYK,Greys_Creek,38.44901667,-75.13245,0.3,7.0,0.224,31.72,15.34,103.7
2018-07-01T03:45:00Z,GYK,Greys_Creek,38.44901667,-75.13245,0.3,6.99,0.241,31.69,15.43,103.5
2018-07-01T04:00:00Z,GYK,Greys_Creek,38.44901667,-75.13245,0.3,6.64,0.252,31.72,15.6,98.4
2018-07-01T04:15:00Z,GYK,Greys_Creek,38.44901667,-75.13245,0.3,6.16,0.261,31.67,15.7,91.3
2018-07-01T04:30:00Z,GYK,Greys_Creek,38.44901667,-75.13245,0.3,5.09,0.267,31.57,15.85,75.4
2018-07-01T04:45:00Z,GYK,Greys_Creek,38.44901667,-75.13245,0.3,4.71,0.27,31.49,15.93,69.7
2018-07-01T05:00:00Z,GYK,Greys_Creek,38.44901667,-75.13245,0.3,4.13,0.278,31.39,16.08,61.1
2018-07-01T05:15:00Z,GYK,Greys_Creek,38.44901667,-75.13245,0.3,3.61,0.28,31.35,16.12,53.3
2018-07-01T05:30:00Z,GYK,Greys_Creek,38.44901667,-75.13245,0.3,3.37,0.286,31.36,16.11,49.8
2018-07-01T05:45:00Z,GYK,Greys_Creek,38.44901667,-75.13245,0.3,3.03,0.281,31.69,14.13,44.6
2018-07-01T06:00:00Z,GYK,Greys_Creek,38.44901667,-75.13245,0.3,6.2,0.259,31.7,13.35,90.8
2018-07-01T06:15:00Z,GYK,Greys_Creek,38.44901667,-75.13245,0.3,5.81,0.254,31.59,14.0,85.2
2018-07-01T06:30:00Z,GYK,Greys_Creek,38.44901667,-75.13245,0.3,5.98,0.235,29.95,11.42,84.1
2018-07-01T06:45:00Z,GYK,Greys_Creek,38.44901667,-75.13245,0.3,6.98,0.2,28.83,12.8,97.2
2018-07-01T07:00:00Z,GYK,Greys_Creek,38.44901667,-75.13245,0.3,4.56,0.181,30.24,9.03,63.6
2018-07-01T07:15:00Z,GYK,Greys_Creek,38.44901667,-75.13245,0.3,3.85,0.17,30.33,10.36,54.2
2018-07-01T07:30:00Z,GYK,Greys_Creek,38.44901667,-75.13245,0.3,3.65,0.165,29.87,10.63,51.0
2018-07-01T07:45:00Z,GYK,Greys_Creek,38.44901667,-75.13245,0.3,4.28,0.152,30.0,11.32,60.3
2018-07-01T08:00:00Z,GYK,Greys_Creek,38.44901667,-75.13245,0.3,6.49,0.131,27.76,7.07,85.9
2018-07-01T08:15:00Z,GYK,Greys_Creek,38.44901667,-75.13245,0.3,5.66,0.121,27.57,6.61,74.4
2018-07-01T08:30:00Z,GYK,Greys_Creek,38.44901667,-75.13245,0.3,5.29,0.105,27.17,6.21,68.9
2018-07-01T08:45:00Z,GYK,Greys_Creek,38.44901667,-75.13245,0.3,4.87,0.099,27.14,6.22,63.4
2018-07-01T09:00:00Z,GYK,Greys_Creek,38.44901667,-75.13245,0.3,4.94,0.089,26.82,5.52,63.7
2018-07-01T09:15:00Z,GYK,Greys_Creek,38.44901667,-75.13245,0.3,4.28,0.074,26.5,5.5,54.9
2018-07-01T09:30:00Z,GYK,Greys_Creek,38.44901667,-75.13245,0.3,3.67,0.06,26.29,4.89,46.7
2018-07-01T09:45:00Z,GYK,Greys_Creek,38.44901667,-75.13245,0.3,3.48,NaN,25.88,4.55,43.9
2018-07-01T10:00:00Z,GYK,Greys_Creek,38.44901667,-75.13245,0.3,3.29,NaN,25.88,4.17,41.5
2018-07-01T10:15:00Z,GYK,Greys_Creek,38.44901667,-75.13245,0.3,3.28,NaN,25.74,3.74,41.1
2018-07-01T10:30:00Z,GYK,Greys_Creek,38.44901667,-75.13245,0.3,3.27,NaN,25.69,3.53,40.9
2018-07-01T10:45:00Z,GYK,Greys_Creek,38.44901667,-75.13245,0.3,3.07,NaN,25.63,3.18,38.2
2018-07-01T11:00:00Z,GYK,Greys_Creek,38.44901667,-75.13245,0.3,3.36,NaN,25.41,3.17,41.7
2018-07-01T11:15:00Z,GYK,Greys_Creek,38.44901667,-75.13245,0.3,3.34,NaN,25.52,3.51,41.6
2018-07-01T11:30:00Z,GYK,Greys_Creek,38.44901667,-75.13245,0.3,2.96,NaN,25.22,2.78,36.6
2018-07-01T11:45:00Z,GYK,Greys_Creek,38.44901667,-75.13245,0.3,3.22,NaN,24.93,2.11,39.4
2018-07-01T12:00:00Z,GYK,Greys_Creek,38.44901667,-75.13245,0.3,3.59,NaN,25.02,2.15,44.0
2018-07-01T12:15:00Z,GYK,Greys_Creek,38.44901667,-75.13245,0.3,3.68,NaN,25.35,2.16,45.4
2018-07-01T12:30:00Z,GYK,Greys_Creek,38.44901667,-75.13245,0.3,3.63,NaN,25.91,2.48,45.3
2018-07-01T12:45:00Z,GYK,Greys_Creek,38.44901667,-75.13245,0.3,3.29,NaN,25.58,2.29,40.7
2018-07-01T13:00:00Z,GYK,Greys_Creek,38.44901667,-75.13245,0.3,4.72,NaN,26.04,2.21,58.9
2018-07-01T13:15:00Z,GYK,Greys_Creek,38.44901667,-75.13245,0.3,2.6,NaN,29.73,7.31,35.6
2018-07-01T13:30:00Z,GYK,Greys_Creek,38.44901667,-75.13245,0.3,2.13,NaN,30.73,16.25,31.2
2018-07-01T13:45:00Z,GYK,Greys_Creek,38.44901667,-75.13245,0.3,3.02,0.062,30.56,15.13,43.9
2018-07-01T14:00:00Z,GYK,Greys_Creek,38.44901667,-75.13245,0.3,4.32,0.072,30.63,15.35,62.9
2018-07-01T14:15:00Z,GYK,Greys_Creek,38.44901667,-75.13245,0.3,3.62,0.091,30.75,15.46,52.8
2018-07-01T14:30:00Z,GYK,Greys_Creek,38.44901667,-75.13245,0.3,4.07,0.103,30.95,15.83,59.6
2018-07-01T14:45:00Z,GYK,Greys_Creek,38.44901667,-75.13245,0.3,5.39,0.12,31.01,15.94,79.1
2018-07-01T15:00:00Z,GYK,Greys_Creek,38.44901667,-75.13245,0.3,4.92,0.133,30.97,15.83,72.1
2018-07-01T15:15:00Z,GYK,Greys_Creek,38.44901667,-75.13245,0.3,6.83,0.163,31.15,15.72,100.4
2018-07-01T15:30:00Z,GYK,Greys_Creek,38.44901667,-75.13245,0.3,8.98,0.172,31.52,15.21,132.5
2018-07-01T15:45:00Z,GYK,Greys_Creek,38.44901667,-75.13245,0.3,11.5,0.176,32.55,14.5,171.9
2018-07-01T16:00:00Z,GYK,Greys_Creek,38.44901667,-75.13245,0.3,12.09,0.187,32.9,14.04,181.3
2018-07-01T16:15:00Z,GYK,Greys_Creek,38.44901667,-75.13245,0.3,12.46,0.193,32.95,14.96,187.8
2018-07-01T16:30:00Z,GYK,Greys_Creek,38.44901667,-75.13245,0.3,14.15,0.193,33.24,14.65,213.9
2018-07-01T16:45:00Z,GYK,Greys_Creek,38.44901667,-75.13245,0.3,14.13,0.19,33.54,13.44,213.4
2018-07-01T17:00:00Z,GYK,Greys_Creek,38.44901667,-75.13245,0.3,14.39,0.196,33.42,11.08,214.0
2018-07-01T17:15:00Z,GYK,Greys_Creek,38.44901667,-75.13245,0.3,15.83,0.211,33.86,14.85,242.0
2018-07-01T17:30:00Z,GYK,Greys_Creek,38.44901667,-75.13245,0.3,19.38,0.212,34.41,10.11,291.4
2018-07-01T17:45:00Z,GYK,Greys_Creek,38.44901667,-75.13245,0.3,17.92,0.196,34.32,12.34,272.3
2018-07-01T18:00:00Z,GYK,Greys_Creek,38.44901667,-75.13245,0.3,16.58,0.183,34.09,9.24,246.8
2018-07-01T18:15:00Z,GYK,Greys_Creek,38.44901667,-75.13245,0.3,18.77,0.167,33.86,10.13,279.8
2018-07-01T18:30:00Z,GYK,Greys_Creek,38.44901667,-75.13245,0.3,15.8,0.146,34.0,10.81,237.0
2018-07-01T18:45:00Z,GYK,Greys_Creek,38.44901667,-75.13245,0.3,16.36,0.122,34.41,11.1,247.3
2018-07-01T19:00:00Z,GYK,Greys_Creek,38.44901667,-75.13245,0.3,14.16,0.11,32.48,9.91,206.2
2018-07-01T19:15:00Z,GYK,Greys_Creek,38.44901667,-75.13245,0.3,12.92,0.107,32.56,10.7,189.2
2018-07-01T19:30:00Z,GYK,Greys_Creek,38.44901667,-75.13245,0.3,14.84,0.1,34.14,11.46,223.9
2018-07-01T19:45:00Z,GYK,Greys_Creek,38.44901667,-75.13245,0.3,15.25,0.087,34.17,11.27,229.8
2018-07-01T20:00:00Z,GYK,Greys_Creek,38.44901667,-75.13245,0.3,13.75,0.079,32.87,10.37,202.0
2018-07-01T20:15:00Z,GYK,Greys_Creek,38.44901667,-75.13245,0.3,13.02,0.062,32.55,9.33,189.2
2018-07-01T20:30:00Z,GYK,Greys_Creek,38.44901667,-75.13245,0.3,12.83,0.044,32.58,8.75,185.8
2018-07-01T20:45:00Z,GYK,Greys_Creek,38.44901667,-75.13245,0.3,11.73,0.041,32.28,8.39,168.7
2018-07-01T21:00:00Z,GYK,Greys_Creek,38.44901667,-75.13245,0.3,11.0,0.039,32.0,8.02,157.3
2018-07-01T21:15:00Z,GYK,Greys_Creek,38.44901667,-75.13245,0.3,10.15,0.036,30.67,7.39,141.5
2018-07-01T21:30:00Z,GYK,Greys_Creek,38.44901667,-75.13245,0.3,7.83,0.033,29.62,4.74,105.6
2018-07-01T21:45:00Z,GYK,Greys_Creek,38.44901667,-75.13245,0.3,11.05,0.03,30.45,4.75,151.2
2018-07-01T22:00:00Z,GYK,Greys_Creek,38.44901667,-75.13245,0.3,9.92,0.031,30.06,7.19,136.7
2018-07-01T22:15:00Z,GYK,Greys_Creek,38.44901667,-75.13245,0.3,8.95,0.029,29.84,5.98,122.0
2018-07-01T22:30:00Z,GYK,Greys_Creek,38.44901667,-75.13245,0.3,9.86,0.027,30.01,5.88,134.7
2018-07-01T22:45:00Z,GYK,Greys_Creek,38.44901667,-75.13245,0.3,8.83,NaN,29.63,5.63,119.7
2018-07-01T23:00:00Z,GYK,Greys_Creek,38.44901667,-75.13245,0.3,10.17,NaN,29.74,3.74,136.7
2018-07-01T23:15:00Z,GYK,Greys_Creek,38.44901667,-75.13245,0.3,7.74,NaN,27.93,2.58,100.2
2018-07-01T23:30:00Z,GYK,Greys_Creek,38.44901667,-75.13245,0.3,7.76,NaN,29.04,2.56,102.5
2018-07-01T23:45:00Z,GYK,Greys_Creek,38.44901667,-75.13245,0.3,8.53,NaN,29.2,3.61,113.5
2018-07-02T00:00:00Z,GYK,Greys_Creek,38.44901667,-75.13245,0.3,9.52,0.022,29.21,3.36,126.5
2018-07-02T00:15:00Z,GYK,Greys_Creek,38.44901667,-75.13245,0.3,9.13,0.02,29.22,4.08,121.8
2018-07-02T00:30:00Z,GYK,Greys_Creek,38.44901667,-75.13245,0.3,11.75,0.018,29.78,5.53,159.6
2018-07-02T00:45:00Z,GYK,Greys_Creek,38.44901667,-75.13245,0.3,11.6,0.016,30.05,6.99,159.6
2018-07-02T01:00:00Z,GYK,Greys_Creek,38.44901667,-75.13245,0.3,9.85,0.014,30.19,8.68,137.2
2018-07-02T01:15:00Z,GYK,Greys_Creek,38.44901667,-75.13245,0.3,10.56,0.014,30.52,9.16,148.3
2018-07-02T01:30:00Z,GYK,Greys_Creek,38.44901667,-75.13245,0.3,9.91,0.045,30.01,8.75,137.6
2018-07-02T01:45:00Z,GYK,Greys_Creek,38.44901667,-75.13245,0.3,7.41,0.066,31.17,10.21,105.7
2018-07-02T02:00:00Z,GYK,Greys_Creek,38.44901667,-75.13245,0.3,7.65,0.085,31.63,11.4,110.7
2018-07-02T02:15:00Z,GYK,Greys_Creek,38.44901667,-75.13245,0.3,7.97,0.104,31.88,11.23,115.8
2018-07-02T02:30:00Z,GYK,Greys_Creek,38.44901667,-75.13245,0.3,7.44,0.124,32.42,13.98,110.7
2018-07-02T02:45:00Z,GYK,Greys_Creek,38.44901667,-75.13245,0.3,7.34,0.143,32.48,14.53,109.6
2018-07-02T03:00:00Z,GYK,Greys_Creek,38.44901667,-75.13245,0.3,6.66,0.162,32.29,14.61,99.1
2018-07-02T03:15:00Z,GYK,Greys_Creek,38.44901667,-75.13245,0.3,6.62,0.179,32.37,14.98,98.9
2018-07-02T03:30:00Z,GYK,Greys_Creek,38.44901667,-75.13245,0.3,6.58,0.193,32.35,15.17,98.4
2018-07-02T03:45:00Z,GYK,Greys_Creek,38.44901667,-75.13245,0.3,6.89,0.207,32.31,15.26,103.0
2018-07-02T04:00:00Z,GYK,Greys_Creek,38.44901667,-75.13245,0.3,6.53,0.224,32.25,15.31,97.5
2018-07-02T04:15:00Z,GYK,Greys_Creek,38.44901667,-75.13245,0.3,6.12,0.238,32.25,15.46,91.4
2018-07-02T04:30:00Z,GYK,Greys_Creek,38.44901667,-75.13245,0.3,5.33,0.247,32.27,15.62,79.7
2018-07-02T04:45:00Z,GYK,Greys_Creek,38.44901667,-75.13245,0.3,5.17,0.259,32.2,15.78,77.4
2018-07-02T05:00:00Z,GYK,Greys_Creek,38.44901667,-75.13245,0.3,5.1,0.274,32.09,15.88,76.2
2018-07-02T05:15:00Z,GYK,Greys_Creek,38.44901667,-75.13245,0.3,4.45,0.28,32.01,16.02,66.5
2018-07-02T05:30:00Z,GYK,Greys_Creek,38.44901667,-75.13245,0.3,3.71,0.285,31.95,16.08,55.3
2018-07-02T05:45:00Z,GYK,Greys_Creek,38.44901667,-75.13245,0.3,3.57,0.293,31.87,16.18,53.2
2018-07-02T06:00:00Z,GYK,Greys_Creek,38.44901667,-75.13245,0.3,2.4,0.284,31.85,16.26,35.8
2018-07-02T06:15:00Z,GYK,Greys_Creek,38.44901667,-75.13245,0.3,2.92,0.278,32.19,14.58,43.4
2018-07-02T06:30:00Z,GYK,Greys_Creek,38.44901667,-75.13245,0.3,2.43,0.272,32.04,14.9,36.1
2018-07-02T06:45:00Z,GYK,Greys_Creek,38.44901667,-75.13245,0.3,1.68,0.264,32.26,14.96,25.1
2018-07-02T07:00:00Z,GYK,Greys_Creek,38.44901667,-75.13245,0.3,4.58,0.247,31.81,13.56,67.3
2018-07-02T07:15:00Z,GYK,Greys_Creek,38.44901667,-75.13245,0.3,6.03,0.222,32.27,13.92,89.5
2018-07-02T07:30:00Z,GYK,Greys_Creek,38.44901667,-75.13245,0.3,4.2,0.207,32.33,14.09,62.4
2018-07-02T07:45:00Z,GYK,Greys_Creek,38.44901667,-75.13245,0.3,3.0,0.195,32.06,14.82,44.5
2018-07-02T08:00:00Z,GYK,Greys_Creek,38.44901667,-75.13245,0.3,2.62,0.18,31.86,14.36,38.6
2018-07-02T08:15:00Z,GYK,Greys_Creek,38.44901667,-75.13245,0.3,3.99,0.161,29.24,8.22,54.6
2018-07-02T08:30:00Z,GYK,Greys_Creek,38.44901667,-75.13245,0.3,5.34,0.152,30.14,7.69,73.9
2018-07-02T08:45:00Z,GYK,Greys_Creek,38.44901667,-75.13245,0.3,4.9,0.14,30.89,12.88,70.7
2018-07-02T09:00:00Z,GYK,Greys_Creek,38.44901667,-75.13245,0.3,2.71,0.128,28.86,6.88,36.5
2018-07-02T09:15:00Z,GYK,Greys_Creek,38.44901667,-75.13245,0.3,6.24,0.111,27.79,5.58,81.9
2018-07-02T09:30:00Z,GYK,Greys_Creek,38.44901667,-75.13245,0.3,4.32,0.097,27.01,4.59,55.6
2018-07-02T09:45:00Z,GYK,Greys_Creek,38.44901667,-75.13245,0.3,2.93,0.088,27.31,4.84,38.0
2018-07-02T10:00:00Z,GYK,Greys_Creek,38.44901667,-75.13245,0.3,3.87,0.076,27.03,4.94,50.0
2018-07-02T10:15:00Z,GYK,Greys_Creek,38.44901667,-75.13245,0.3,3.96,0.061,26.85,4.66,50.9
2018-07-02T10:30:00Z,GYK,Greys_Creek,38.44901667,-75.13245,0.3,3.79,0.048,26.81,4.42,48.6
2018-07-02T10:45:00Z,GYK,Greys_Creek,38.44901667,-75.13245,0.3,3.63,0.048,26.61,3.8,46.2
2018-07-02T11:00:00Z,GYK,Greys_Creek,38.44901667,-75.13245,0.3,3.57,0.049,26.46,3.18,45.2
2018-07-02T11:15:00Z,GYK,Greys_Creek,38.44901667,-75.13245,0.3,3.51,0.049,26.22,2.93,44.2
2018-07-02T11:30:00Z,GYK,Greys_Creek,38.44901667,-75.13245,0.3,3.54,0.049,25.77,2.26,44.0
2018-07-02T11:45:00Z,GYK,Greys_Creek,38.44901667,-75.13245,0.3,3.91,0.05,25.68,2.05,48.5
2018-07-02T12:00:00Z,GYK,Greys_Creek,38.44901667,-75.13245,0.3,4.05,0.051,25.9,2.19,50.5
2018-07-02T12:15:00Z,GYK,Greys_Creek,38.44901667,-75.13245,0.3,3.77,0.053,25.95,1.97,46.9
2018-07-02T12:30:00Z,GYK,Greys_Creek,38.44901667,-75.13245,0.3,3.85,0.053,26.05,1.86,47.9
2018-07-02T12:45:00Z,GYK,Greys_Creek,38.44901667,-75.13245,0.3,2.8,0.054,27.21,1.89,35.7
2018-07-02T13:00:00Z,GYK,Greys_Creek,38.44901667,-75.13245,0.3,2.92,0.055,29.28,9.12,40.1
2018-07-02T13:15:00Z,GYK,Greys_Creek,38.44901667,-75.13245,0.3,4.16,0.056,28.88,5.38,55.6
2018-07-02T13:30:00Z,GYK,Greys_Creek,38.44901667,-75.13245,0.3,5.82,0.055,29.96,6.24,79.6
2018-07-02T13:45:00Z,GYK,Greys_Creek,38.44901667,-75.13245,0.3,8.1,0.065,30.38,6.45,111.8
2018-07-02T14:00:00Z,GYK,Greys_Creek,38.44901667,-75.13245,0.3,7.63,0.085,30.68,6.13,105.6
2018-07-02T14:15:00Z,GYK,Greys_Creek,38.44901667,-75.13245,0.3,7.42,0.105,31.42,7.96,105.1
2018-07-02T14:30:00Z,GYK,Greys_Creek,38.44901667,-75.13245,0.3,8.13,0.122,31.39,7.59,114.7
2018-07-02T14:45:00Z,GYK,Greys_Creek,38.44901667,-75.13245,0.3,10.64,0.129,32.14,6.24,151.0
2018-07-02T15:00:00Z,GYK,Greys_Creek,38.44901667,-75.13245,0.3,9.87,0.137,32.27,6.78,140.8
2018-07-02T15:15:00Z,GYK,Greys_Creek,38.44901667,-75.13245,0.3,11.23,0.146,32.76,6.93,161.6
2018-07-02T15:30:00Z,GYK,Greys_Creek,38.44901667,-75.13245,0.3,11.6,0.161,33.17,9.38,170.3
2018-07-02T15:45:00Z,GYK,Greys_Creek,38.44901667,-75.13245,0.3,14.35,0.174,33.34,8.58,210.3
2018-07-02T16:00:00Z,GYK,Greys_Creek,38.44901667,-75.13245,0.3,11.78,0.193,33.22,11.5,175.1
2018-07-02T16:15:00Z,GYK,Greys_Creek,38.44901667,-75.13245,0.3,15.47,0.205,33.91,9.44,230.0
2018-07-02T16:30:00Z,GYK,Greys_Creek,38.44901667,-75.13245,0.3,13.12,0.211,34.06,13.38,199.6
2018-07-02T16:45:00Z,GYK,Greys_Creek,38.44901667,-75.13245,0.3,15.0,0.216,34.29,11.09,226.4
2018-07-02T17:00:00Z,GYK,Greys_Creek,38.44901667,-75.13245,0.3,15.38,0.222,34.36,12.78,234.4
2018-07-02T17:15:00Z,GYK,Greys_Creek,38.44901667,-75.13245,0.3,15.58,0.227,34.63,8.71,233.4
2018-07-02T17:30:00Z,GYK,Greys_Creek,38.44901667,-75.13245,0.3,15.68,0.231,34.91,12.36,240.6
2018-07-02T17:45:00Z,GYK,Greys_Creek,38.44901667,-75.13245,0.3,15.52,0.236,35.15,12.6,239.3
2018-07-02T18:00:00Z,GYK,Greys_Creek,38.44901667,-75.13245,0.3,16.11,0.231,35.22,12.32,248.3
2018-07-02T18:15:00Z,GYK,Greys_Creek,38.44901667,-75.13245,0.3,19.13,0.226,35.08,7.17,286.3
2018-07-02T18:30:00Z,GYK,Greys_Creek,38.44901667,-75.13245,0.3,19.46,0.221,35.12,7.94,292.6
2018-07-02T18:45:00Z,GYK,Greys_Creek,38.44901667,-75.13245,0.3,18.37,0.204,35.11,6.97,274.7
2018-07-02T19:00:00Z,GYK,Greys_Creek,38.44901667,-75.13245,0.3,18.4,0.181,35.17,6.57,274.9
2018-07-02T19:15:00Z,GYK,Greys_Creek,38.44901667,-75.13245,0.3,15.19,0.169,35.25,6.25,226.8
2018-07-02T19:30:00Z,GYK,Greys_Creek,38.44901667,-75.13245,0.3,15.86,0.161,35.12,6.99,237.3
2018-07-02T19:45:00Z,GYK,Greys_Creek,38.44901667,-75.13245,0.3,15.57,0.153,35.54,9.16,237.2
2018-07-02T20:00:00Z,GYK,Greys_Creek,38.44901667,-75.13245,0.3,14.67,0.141,35.34,11.19,225.3
2018-07-02T20:15:00Z,GYK,Greys_Creek,38.44901667,-75.13245,0.3,14.37,0.135,34.69,10.33,217.4
2018-07-02T20:30:00Z,GYK,Greys_Creek,38.44901667,-75.13245,0.3,15.3,0.122,34.53,10.81,231.3
2018-07-02T20:45:00Z,GYK,Greys_Creek,38.44901667,-75.13245,0.3,13.05,0.097,33.41,8.63,191.7
2018-07-02T21:00:00Z,GYK,Greys_Creek,38.44901667,-75.13245,0.3,11.93,0.08,32.38,7.64,171.2
2018-07-02T21:15:00Z,GYK,Greys_Creek,38.44901667,-75.13245,0.3,11.12,0.068,31.71,7.78,158.0
2018-07-02T21:30:00Z,GYK,Greys_Creek,38.44901667,-75.13245,0.3,12.13,0.057,32.31,8.11,174.4
2018-07-02T21:45:00Z,GYK,Greys_Creek,38.44901667,-75.13245,0.3,10.63,0.049,31.8,7.01,150.6
2018-07-02T22:00:00Z,GYK,Greys_Creek,38.44901667,-75.13245,0.3,11.19,NaN,31.69,6.39,157.7
2018-07-02T22:15:00Z,GYK,Greys_Creek,38.44901667,-75.13245,0.3,9.38,NaN,30.91,5.67,130.0
2018-07-02T22:30:00Z,GYK,Greys_Creek,38.44901667,-75.13245,0.3,11.2,NaN,31.69,5.7,157.4
2018-07-02T22:45:00Z,GYK,Greys_Creek,38.44901667,-75.13245,0.3,8.4,NaN,30.49,5.5,115.5
2018-07-02T23:00:00Z,GYK,Greys_Creek,38.44901667,-75.13245,0.3,8.23,NaN,29.95,4.28,111.3
2018-07-02T23:15:00Z,GYK,Greys_Creek,38.44901667,-75.13245,0.3,10.01,NaN,31.14,6.64,140.0
2018-07-02T23:30:00Z,GYK,Greys_Creek,38.44901667,-75.13245,0.3,10.48,NaN,31.41,6.98,147.6
2018-07-02T23:45:00Z,GYK,Greys_Creek,38.44901667,-75.13245,0.3,9.35,NaN,30.33,5.98,128.5
2018-07-03T00:00:00Z,GYK,Greys_Creek,38.44901667,-75.13245,0.3,8.86,NaN,30.55,6.15,122.4
2018-07-03T00:15:00Z,GYK,Greys_Creek,38.44901667,-75.13245,0.3,8.63,NaN,30.92,6.59,120.3
2018-07-03T00:30:00Z,GYK,Greys_Creek,38.44901667,-75.13245,0.3,8.39,NaN,31.08,7.09,117.5
2018-07-03T00:45:00Z,GYK,Greys_Creek,38.44901667,-75.13245,0.3,9.02,NaN,31.17,7.58,126.8
2018-07-03T01:00:00Z,GYK,Greys_Creek,38.44901667,-75.13245,0.3,8.63,NaN,30.46,7.18,119.7
2018-07-03T01:15:00Z,GYK,Greys_Creek,38.44901667,-75.13245,0.3,11.32,0.043,30.86,6.88,157.8
2018-07-03T01:30:00Z,GYK,Greys_Creek,38.44901667,-75.13245,0.3,10.68,0.064,31.14,9.66,151.9
2018-07-03T01:45:00Z,GYK,Greys_Creek,38.44901667,-75.13245,0.3,10.96,0.082,31.75,10.99,158.5
2018-07-03T02:00:00Z,GYK,Greys_Creek,38.44901667,-75.13245,0.3,9.83,0.097,31.19,9.93,140.1
2018-07-03T02:15:00Z,GYK,Greys_Creek,38.44901667,-75.13245,0.3,9.8,0.11,30.81,9.75,138.7
2018-07-03T02:30:00Z,GYK,Greys_Creek,38.44901667,-75.13245,0.3,9.49,0.12,31.0,10.47,135.2
2018-07-03T02:45:00Z,GYK,Greys_Creek,38.44901667,-75.13245,0.3,6.12,0.135,31.24,10.42,87.6
2018-07-03T03:00:00Z,GYK,Greys_Creek,38.44901667,-75.13245,0.3,6.21,0.161,32.7,13.82,92.7
2018-07-03T03:15:00Z,GYK,Greys_Creek,38.44901667,-75.13245,0.3,7.03,0.183,32.66,14.4,105.2
2018-07-03T03:30:00Z,GYK,Greys_Creek,38.44901667,-75.13245,0.3,6.81,0.198,32.61,14.45,101.7
2018-07-03T03:45:00Z,GYK,Greys_Creek,38.44901667,-75.13245,0.3,6.55,0.212,32.38,14.62,97.7
2018-07-03T04:00:00Z,GYK,Greys_Creek,38.44901667,-75.13245,0.3,6.62,0.234,32.59,14.85,99.1
2018-07-03T04:15:00Z,GYK,Greys_Creek,38.44901667,-75.13245,0.3,6.13,0.248,32.64,15.04,92.0
2018-07-03T04:30:00Z,GYK,Greys_Creek,38.44901667,-75.13245,0.3,5.55,0.26,32.65,15.18,83.4
2018-07-03T04:45:00Z,GYK,Greys_Creek,38.44901667,-75.13245,0.3,5.55,0.278,32.52,15.17,83.2
2018-07-03T05:00:00Z,GYK,Greys_Creek,38.44901667,-75.13245,0.3,5.62,0.288,32.53,15.26,84.3
2018-07-03T05:15:00Z,GYK,Greys_Creek,38.44901667,-75.13245,0.3,4.8,0.298,32.55,15.37,72.0
2018-07-03T05:30:00Z,GYK,Greys_Creek,38.44901667,-75.13245,0.3,4.48,0.311,32.59,15.58,67.3
2018-07-03T05:45:00Z,GYK,Greys_Creek,38.44901667,-75.13245,0.3,4.57,0.32,32.55,15.76,68.7
2018-07-03T06:00:00Z,GYK,Greys_Creek,38.44901667,-75.13245,0.3,4.14,0.326,32.51,15.84,62.3
2018-07-03T06:15:00Z,GYK,Greys_Creek,38.44901667,-75.13245,0.3,3.64,0.328,32.48,15.93,54.7
2018-07-03T06:30:00Z,GYK,Greys_Creek,38.44901667,-75.13245,0.3,3.46,0.328,32.45,15.94,52.1
2018-07-03T06:45:00Z,GYK,Greys_Creek,38.44901667,-75.13245,0.3,2.83,0.327,32.43,15.92,42.5
2018-07-03T07:00:00Z,GYK,Greys_Creek,38.44901667,-75.13245,0.3,2.55,0.318,32.83,14.48,38.2
2018-07-03T07:15:00Z,GYK,Greys_Creek,38.44901667,-75.13245,0.3,3.61,0.306,32.93,14.12,54.2
2018-07-03T07:30:00Z,GYK,Greys_Creek,38.44901667,-75.13245,0.3,3.56,0.283,32.75,14.5,53.4
2018-07-03T07:45:00Z,GYK,Greys_Creek,38.44901667,-75.13245,0.3,3.04,0.264,32.91,14.05,45.6
2018-07-03T08:00:00Z,GYK,Greys_Creek,38.44901667,-75.13245,0.3,4.33,0.251,32.11,13.94,64.1
2018-07-03T08:15:00Z,GYK,Greys_Creek,38.44901667,-75.13245,0.3,2.08,0.227,32.41,14.07,30.9
2018-07-03T08:30:00Z,GYK,Greys_Creek,38.44901667,-75.13245,0.3,2.13,0.216,32.28,14.36,31.7
2018-07-03T08:45:00Z,GYK,Greys_Creek,38.44901667,-75.13245,0.3,4.64,0.21,32.0,13.45,68.3
2018-07-03T09:00:00Z,GYK,Greys_Creek,38.44901667,-75.13245,0.3,1.55,0.197,31.82,13.39,22.7
2018-07-03T09:15:00Z,GYK,Greys_Creek,38.44901667,-75.13245,0.3,1.11,0.184,29.86,10.19,15.5
2018-07-03T09:30:00Z,GYK,Greys_Creek,38.44901667,-75.13245,0.3,3.11,0.168,31.56,11.11,44.9
2018-07-03T09:45:00Z,GYK,Greys_Creek,38.44901667,-75.13245,0.3,1.51,0.157,31.63,9.1,21.6
2018-07-03T10:00:00Z,GYK,Greys_Creek,38.44901667,-75.13245,0.3,1.72,0.149,32.33,12.2,25.3
2018-07-03T10:15:00Z,GYK,Greys_Creek,38.44901667,-75.13245,0.3,2.08,0.137,28.0,5.83,27.5
2018-07-03T10:30:00Z,GYK,Greys_Creek,38.44901667,-75.13245,0.3,2.8,0.122,27.81,5.28,36.8
2018-07-03T10:45:00Z,GYK,Greys_Creek,38.44901667,-75.13245,0.3,3.48,0.112,27.47,4.54,45.2
2018-07-03T11:00:00Z,GYK,Greys_Creek,38.44901667,-75.13245,0.3,3.21,0.102,27.71,4.64,41.8
2018-07-03T11:15:00Z,GYK,Greys_Creek,38.44901667,-75.13245,0.3,3.34,0.089,27.46,4.27,43.2
2018-07-03T11:30:00Z,GYK,Greys_Creek,38.44901667,-75.13245,0.3,3.41,0.079,26.88,3.26,43.4
2018-07-03T11:45:00Z,GYK,Greys_Creek,38.44901667,-75.13245,0.3,3.56,0.08,26.82,3.03,45.3
2018-07-03T12:00:00Z,GYK,Greys_Creek,38.44901667,-75.13245,0.3,3.32,NaN,26.47,2.56,41.8
2018-07-03T12:15:00Z,GYK,Greys_Creek,38.44901667,-75.13245,0.3,3.51,NaN,26.31,2.18,44.1
2018-07-03T12:30:00Z,GYK,Greys_Creek,38.44901667,-75.13245,0.3,4.64,NaN,26.47,2.15,58.4
2018-07-03T12:45:00Z,GYK,Greys_Creek,38.44901667,-75.13245,0.3,3.78,NaN,26.36,1.88,47.3
2018-07-03T13:00:00Z,GYK,Greys_Creek,38.44901667,-75.13245,0.3,4.53,NaN,28.55,4.1,59.7
2018-07-03T13:15:00Z,GYK,Greys_Creek,38.44901667,-75.13245,0.3,3.3,NaN,26.64,2.82,41.8
2018-07-03T13:30:00Z,GYK,Greys_Creek,38.44901667,-75.13245,0.3,4.27,NaN,28.73,4.82,56.7
2018-07-03T13:45:00Z,GYK,Greys_Creek,38.44901667,-75.13245,0.3,7.82,NaN,28.45,2.93,102.4
2018-07-03T14:00:00Z,GYK,Greys_Creek,38.44901667,-75.13245,0.3,8.29,NaN,30.18,6.07,113.7
2018-07-03T14:15:00Z,GYK,Greys_Creek,38.44901667,-75.13245,0.3,8.45,0.086,30.5,6.97,117.1
2018-07-03T14:30:00Z,GYK,Greys_Creek,38.44901667,-75.13245,0.3,8.6,0.086,31.05,8.61,121.4
2018-07-03T14:45:00Z,GYK,Greys_Creek,38.44901667,-75.13245,0.3,8.75,0.1,31.22,9.37,124.3
2018-07-03T15:00:00Z,GYK,Greys_Creek,38.44901667,-75.13245,0.3,8.15,0.118,31.76,8.85,116.6
2018-07-03T15:15:00Z,GYK,Greys_Creek,38.44901667,-75.13245,0.3,9.0,0.133,32.57,10.2,131.5
2018-07-03T15:30:00Z,GYK,Greys_Creek,38.44901667,-75.13245,0.3,9.01,0.151,32.7,10.62,132.2
2018-07-03T15:45:00Z,GYK,Greys_Creek,38.44901667,-75.13245,0.3,10.36,0.163,33.08,10.55,152.8
2018-07-03T16:00:00Z,GYK,Greys_Creek,38.44901667,-75.13245,0.3,11.78,0.176,33.47,7.47,172.1
2018-07-03T16:15:00Z,GYK,Greys_Creek,38.44901667,-75.13245,0.3,10.95,0.191,33.65,10.48,162.9
2018-07-03T16:30:00Z,GYK,Greys_Creek,38.44901667,-75.13245,0.3,11.79,0.204,33.84,10.7,176.3
2018-07-03T16:45:00Z,GYK,Greys_Creek,38.44901667,-75.13245,0.3,12.69,0.211,34.18,10.69,190.7
2018-07-03T17:00:00Z,GYK,Greys_Creek,38.44901667,-75.13245,0.3,12.69,0.218,34.55,10.27,191.5
2018-07-03T17:15:00Z,GYK,Greys_Creek,38.44901667,-75.13245,0.3,12.8,0.226,34.71,10.4,193.7
2018-07-03T17:30:00Z,GYK,Greys_Creek,38.44901667,-75.13245,0.3,12.84,0.229,34.94,10.15,194.8
2018-07-03T17:45:00Z,GYK,Greys_Creek,38.44901667,-75.13245,0.3,13.61,0.236,35.14,8.11,204.9
2018-07-03T18:00:00Z,GYK,Greys_Creek,38.44901667,-75.13245,0.3,13.13,0.237,35.41,10.12,200.7
2018-07-03T18:15:00Z,GYK,Greys_Creek,38.44901667,-75.13245,0.3,12.41,0.242,35.39,10.49,189.9
2018-07-03T18:30:00Z,GYK,Greys_Creek,38.44901667,-75.13245,0.3,14.83,0.242,35.69,8.2,225.3
2018-07-03T18:45:00Z,GYK,Greys_Creek,38.44901667,-75.13245,0.3,15.08,0.231,35.58,10.12,231.1
2018-07-03T19:00:00Z,GYK,Greys_Creek,38.44901667,-75.13245,0.3,18.01,0.22,35.18,9.19,273.0
2018-07-03T19:15:00Z,GYK,Greys_Creek,38.44901667,-75.13245,0.3,17.19,0.207,35.54,9.84,262.8
2018-07-03T19:30:00Z,GYK,Greys_Creek,38.44901667,-75.13245,0.3,15.6,0.19,35.48,8.56,236.6
2018-07-03T19:45:00Z,GYK,Greys_Creek,38.44901667,-75.13245,0.3,14.66,0.179,35.54,8.64,222.7
2018-07-03T20:00:00Z,GYK,Greys_Creek,38.44901667,-75.13245,0.3,14.26,0.167,34.8,8.84,214.4
2018-07-03T20:15:00Z,GYK,Greys_Creek,38.44901667,-75.13245,0.3,12.97,0.158,34.94,8.68,195.2
2018-07-03T20:30:00Z,GYK,Greys_Creek,38.44901667,-75.13245,0.3,12.88,0.149,34.61,8.51,192.7
2018-07-03T20:45:00Z,GYK,Greys_Creek,38.44901667,-75.13245,0.3,11.46,0.134,33.69,7.62,168.2
2018-07-03T21:00:00Z,GYK,Greys_Creek,38.44901667,-75.13245,0.3,11.19,0.126,33.67,8.07,164.4
2018-07-03T21:15:00Z,GYK,Greys_Creek,38.44901667,-75.13245,0.3,10.85,0.113,33.69,7.93,159.5
2018-07-03T21:30:00Z,GYK,Greys_Creek,38.44901667,-75.13245,0.3,10.47,0.094,32.79,6.62,150.5
2018-07-03T21:45:00Z,GYK,Greys_Creek,38.44901667,-75.13245,0.3,9.39,0.084,32.23,6.71,133.8
2018-07-03T22:00:00Z,GYK,Greys_Creek,38.44901667,-75.13245,0.3,10.37,0.079,33.27,6.68,150.2
2018-07-03T22:15:00Z,GYK,Greys_Creek,38.44901667,-75.13245,0.3,11.99,0.078,33.28,5.91,173.1
2018-07-03T22:30:00Z,GYK,Greys_Creek,38.44901667,-75.13245,0.3,11.68,NaN,33.07,6.58,168.6
2018-07-03T22:45:00Z,GYK,Greys_Creek,38.44901667,-75.13245,0.3,10.78,NaN,31.07,5.18,149.4
2018-07-03T23:00:00Z,GYK,Greys_Creek,38.44901667,-75.13245,0.3,9.97,NaN,31.76,5.36,139.9
2018-07-03T23:15:00Z,GYK,Greys_Creek,38.44901667,-75.13245,0.3,9.68,NaN,30.81,4.18,132.8
2018-07-03T23:30:00Z,GYK,Greys_Creek,38.44901667,-75.13245,0.3,8.48,NaN,30.05,4.3,115.0
2018-07-03T23:45:00Z,GYK,Greys_Creek,38.44901667,-75.13245,0.3,8.11,NaN,30.0,3.39,109.4
2018-07-04T00:00:00Z,GYK,Greys_Creek,38.44901667,-75.13245,0.3,7.92,NaN,29.39,2.59,105.1
2018-07-04T00:15:00Z,GYK,Greys_Creek,38.44901667,-75.13245,0.3,8.5,NaN,30.19,3.16,114.8
2018-07-04T00:30:00Z,GYK,Greys_Creek,38.44901667,-75.13245,0.3,8.38,NaN,30.04,3.24,113.0
2018-07-04T00:45:00Z,GYK,Greys_Creek,38.44901667,-75.13245,0.3,7.37,NaN,29.29,3.16,98.0
2018-07-04T01:00:00Z,GYK,Greys_Creek,38.44901667,-75.13245,0.3,7.56,NaN,29.15,2.96,100.1
2018-07-04T01:15:00Z,GYK,Greys_Creek,38.44901667,-75.13245,0.3,6.98,NaN,29.02,2.78,92.2
2018-07-04T01:30:00Z,GYK,Greys_Creek,38.44901667,-75.13245,0.3,7.74,NaN,29.51,3.25,103.4
2018-07-04T01:45:00Z,GYK,Greys_Creek,38.44901667,-75.13245,0.3,8.26,0.087,30.12,4.9,112.5
2018-07-04T02:00:00Z,GYK,Greys_Creek,38.44901667,-75.13245,0.3,7.5,0.09,30.1,6.28,102.9
2018-07-04T02:15:00Z,GYK,Greys_Creek,38.44901667,-75.13245,0.3,6.57,0.089,30.53,7.1,91.2
2018-07-04T02:30:00Z,GYK,Greys_Creek,38.44901667,-75.13245,0.3,6.53,0.089,30.65,7.69,91.2
2018-07-04T02:45:00Z,GYK,Greys_Creek,38.44901667,-75.13245,0.3,7.67,0.102,30.86,8.09,107.7
2018-07-04T03:00:00Z,GYK,Greys_Creek,38.44901667,-75.13245,0.3,6.88,0.113,30.83,8.43,96.7
2018-07-04T03:15:00Z,GYK,Greys_Creek,38.44901667,-75.13245,0.3,8.32,0.129,29.98,7.59,114.7
2018-07-04T03:30:00Z,GYK,Greys_Creek,38.44901667,-75.13245,0.3,8.08,0.147,31.09,10.26,115.2
2018-07-04T03:45:00Z,GYK,Greys_Creek,38.44901667,-75.13245,0.3,7.2,0.167,30.61,10.52,102.0
2018-07-04T04:00:00Z,GYK,Greys_Creek,38.44901667,-75.13245,0.3,6.13,0.183,30.45,10.44,86.5
2018-07-04T04:15:00Z,GYK,Greys_Creek,38.44901667,-75.13245,0.3,5.93,0.196,30.48,10.02,83.6
2018-07-04T04:30:00Z,GYK,Greys_Creek,38.44901667,-75.13245,0.3,5.46,0.21,30.47,10.84,77.3
2018-07-04T04:45:00Z,GYK,Greys_Creek,38.44901667,-75.13245,0.3,5.11,0.222,30.68,11.26,72.7
2018-07-04T05:00:00Z,GYK,Greys_Creek,38.44901667,-75.13245,0.3,4.67,0.239,31.62,13.16,68.3
2018-07-04T05:15:00Z,GYK,Greys_Creek,38.44901667,-75.13245,0.3,4.67,0.253,31.9,14.02,68.9
2018-07-04T05:30:00Z,GYK,Greys_Creek,38.44901667,-75.13245,0.3,4.48,0.26,31.67,13.97,65.8
2018-07-04T05:45:00Z,GYK,Greys_Creek,38.44901667,-75.13245,0.3,3.91,0.273,31.7,14.24,57.5
2018-07-04T06:00:00Z,GYK,Greys_Creek,38.44901667,-75.13245,0.3,4.04,0.287,31.63,14.47,59.5
2018-07-04T06:15:00Z,GYK,Greys_Creek,38.44901667,-75.13245,0.3,3.68,0.297,31.66,14.66,54.3
2018-07-04T06:30:00Z,GYK,Greys_Creek,38.44901667,-75.13245,0.3,3.58,0.3,31.73,15.0,52.9
2018-07-04T06:45:00Z,GYK,Greys_Creek,38.44901667,-75.13245,0.3,3.22,0.303,31.8,15.08,47.7
2018-07-04T07:00:00Z,GYK,Greys_Creek,38.44901667,-75.13245,0.3,2.96,0.303,31.84,15.23,43.9
2018-07-04T07:15:00Z,GYK,Greys_Creek,38.44901667,-75.13245,0.3,2.78,0.303,31.9,15.29,41.3
2018-07-04T07:30:00Z,GYK,Greys_Creek,38.44901667,-75.13245,0.3,2.28,0.301,31.77,13.03,33.3
2018-07-04T07:45:00Z,GYK,Greys_Creek,38.44901667,-75.13245,0.3,5.33,0.287,31.98,10.93,77.3
2018-07-04T08:00:00Z,GYK,Greys_Creek,38.44901667,-75.13245,0.3,5.15,0.277,32.2,11.81,75.4
2018-07-04T08:15:00Z,GYK,Greys_Creek,38.44901667,-75.13245,0.3,3.79,0.263,32.18,11.43,55.4
2018-07-04T08:30:00Z,GYK,Greys_Creek,38.44901667,-75.13245,0.3,6.13,0.244,32.6,11.65,90.3
2018-07-04T08:45:00Z,GYK,Greys_Creek,38.44901667,-75.13245,0.3,6.02,0.226,31.4,10.94,86.6
2018-07-04T09:00:00Z,GYK,Greys_Creek,38.44901667,-75.13245,0.3,3.55,0.214,32.17,9.84,51.3
2018-07-04T09:15:00Z,GYK,Greys_Creek,38.44901667,-75.13245,0.3,1.36,0.206,30.89,8.55,19.1
2018-07-04T09:30:00Z,GYK,Greys_Creek,38.44901667,-75.13245,0.3,1.93,0.195,30.46,6.95,26.7
2018-07-04T09:45:00Z,GYK,Greys_Creek,38.44901667,-75.13245,0.3,4.35,0.179,27.78,5.23,57.0
2018-07-04T10:00:00Z,GYK,Greys_Creek,38.44901667,-75.13245,0.3,4.36,0.164,27.64,4.63,56.7
2018-07-04T10:15:00Z,GYK,Greys_Creek,38.44901667,-75.13245,0.3,4.74,0.153,27.66,4.6,61.7
2018-07-04T10:30:00Z,GYK,Greys_Creek,38.44901667,-75.13245,0.3,4.29,0.138,27.31,4.54,55.5
2018-07-04T10:45:00Z,GYK,Greys_Creek,38.44901667,-75.13245,0.3,4.34,0.126,27.2,4.22,56.0
2018-07-04T11:00:00Z,GYK,Greys_Creek,38.44901667,-75.13245,0.3,4.37,NaN,26.84,3.61,55.8
2018-07-04T11:15:00Z,GYK,Greys_Creek,38.44901667,-75.13245,0.3,4.15,NaN,26.92,3.41,53.0
2018-07-04T11:30:00Z,GYK,Greys_Creek,38.44901667,-75.13245,0.3,4.4,NaN,26.04,2.11,54.9
2018-07-04T11:45:00Z,GYK,Greys_Creek,38.44901667,-75.13245,0.3,3.73,NaN,26.18,2.21,46.7
2018-07-04T12:00:00Z,GYK,Greys_Creek,38.44901667,-75.13245,0.3,4.25,NaN,25.93,1.9,52.8
2018-07-04T12:15:00Z,GYK,Greys_Creek,38.44901667,-75.13245,0.3,3.72,NaN,25.67,1.65,46.0
2018-07-04T12:30:00Z,GYK,Greys_Creek,38.44901667,-75.13245,0.3,3.72,NaN,25.72,1.6,46.0
2018-07-04T12:45:00Z,GYK,Greys_Creek,38.44901667,-75.13245,0.3,3.92,NaN,25.92,1.63,48.7
2018-07-04T13:00:00Z,GYK,Greys_Creek,38.44901667,-75.13245,0.3,3.73,NaN,25.84,1.4,46.2
2018-07-04T13:15:00Z,GYK,Greys_Creek,38.44901667,-75.13245,0.3,3.7,NaN,26.13,1.48,46.1
2018-07-04T13:30:00Z,GYK,Greys_Creek,38.44901667,-75.13245,0.3,3.37,NaN,26.59,1.67,42.3
2018-07-04T13:45:00Z,GYK,Greys_Creek,38.44901667,-75.13245,0.3,3.7,NaN,27.38,1.69,47.2
2018-07-04T14:00:00Z,GYK,Greys_Creek,38.44901667,-75.13245,0.3,3.72,NaN,27.8,1.82,47.9
2018-07-04T14:15:00Z,GYK,Greys_Creek,38.44901667,-75.13245,0.3,3.89,NaN,28.48,1.82,50.6
2018-07-04T14:30:00Z,GYK,Greys_Creek,38.44901667,-75.13245,0.3,4.53,NaN,29.03,1.92,59.6
2018-07-04T14:45:00Z,GYK,Greys_Creek,38.44901667,-75.13245,0.3,4.33,NaN,28.81,2.71,57.0
2018-07-04T15:00:00Z,GYK,Greys_Creek,38.44901667,-75.13245,0.3,7.32,NaN,30.21,4.82,99.7
2018-07-04T15:15:00Z,GYK,Greys_Creek,38.44901667,-75.13245,0.3,8.15,NaN,31.06,6.65,113.9
2018-07-04T15:30:00Z,GYK,Greys_Creek,38.44901667,-75.13245,0.3,8.39,NaN,31.84,8.34,119.9
2018-07-04T15:45:00Z,GYK,Greys_Creek,38.44901667,-75.13245,0.3,8.12,NaN,31.76,7.79,115.5
2018-07-04T16:00:00Z,GYK,Greys_Creek,38.44901667,-75.13245,0.3,8.85,NaN,32.19,5.61,125.2
2018-07-04T16:15:00Z,GYK,Greys_Creek,38.44901667,-75.13245,0.3,9.33,0.129,32.82,7.53,134.8
2018-07-04T16:30:00Z,GYK,Greys_Creek,38.44901667,-75.13245,0.3,10.07,0.146,33.52,8.48,147.9
2018-07-04T16:45:00Z,GYK,Greys_Creek,38.44901667,-75.13245,0.3,9.59,0.158,33.24,8.66,140.4
2018-07-04T17:00:00Z,GYK,Greys_Creek,38.44901667,-75.13245,0.3,10.43,0.172,33.88,7.8,153.5
2018-07-04T17:15:00Z,GYK,Greys_Creek,38.44901667,-75.13245,0.3,10.25,0.181,33.86,9.08,152.0
2018-07-04T17:30:00Z,GYK,Greys_Creek,38.44901667,-75.13245,0.3,9.94,0.192,34.18,9.09,148.2
2018-07-04T17:45:00Z,GYK,Greys_Creek,38.44901667,-75.13245,0.3,11.34,0.202,34.49,9.44,170.1
2018-07-04T18:00:00Z,GYK,Greys_Creek,38.44901667,-75.13245,0.3,11.11,0.204,34.58,8.57,166.2
2018-07-04T18:15:00Z,GYK,Greys_Creek,38.44901667,-75.13245,0.3,11.27,0.211,34.62,9.9,169.9
2018-07-04T18:30:00Z,GYK,Greys_Creek,38.44901667,-75.13245,0.3,13.6,0.222,34.74,9.77,205.3
2018-07-04T18:45:00Z,GYK,Greys_Creek,38.44901667,-75.13245,0.3,13.12,0.229,34.95,9.47,198.4
2018-07-04T19:00:00Z,GYK,Greys_Creek,38.44901667,-75.13245,0.3,13.11,0.219,34.86,8.02,196.4
2018-07-04T19:15:00Z,GYK,Greys_Creek,38.44901667,-75.13245,0.3,13.35,0.223,34.43,9.71,200.4
2018-07-04T19:30:00Z,GYK,Greys_Creek,38.44901667,-75.13245,0.3,13.58,0.225,34.71,9.92,205.0
2018-07-04T19:45:00Z,GYK,Greys_Creek,38.44901667,-75.13245,0.3,13.94,0.226,34.76,9.87,210.5
2018-07-04T20:00:00Z,GYK,Greys_Creek,38.44901667,-75.13245,0.3,15.09,0.215,34.76,9.68,227.8
2018-07-04T20:15:00Z,GYK,Greys_Creek,38.44901667,-75.13245,0.3,16.03,0.198,34.65,9.49,241.2
2018-07-04T20:30:00Z,GYK,Greys_Creek,38.44901667,-75.13245,0.3,14.76,0.181,34.44,9.44,221.3
2018-07-04T20:45:00Z,GYK,Greys_Creek,38.44901667,-75.13245,0.3,13.39,0.165,34.04,8.55,198.5
2018-07-04T21:00:00Z,GYK,Greys_Creek,38.44901667,-75.13245,0.3,13.34,0.159,33.5,7.46,195.0
2018-07-04T21:15:00Z,GYK,Greys_Creek,38.44901667,-75.13245,0.3,10.56,0.149,32.57,7.74,152.1
2018-07-04T21:30:00Z,GYK,Greys_Creek,38.44901667,-75.13245,0.3,9.21,0.133,32.05,7.09,131.1
2018-07-04T21:45:00Z,GYK,Greys_Creek,38.44901667,-75.13245,0.3,11.25,0.122,32.1,5.96,159.3
2018-07-04T22:00:00Z,GYK,Greys_Creek,38.44901667,-75.13245,0.3,8.38,0.122,31.22,4.96,116.3
2018-07-04T22:15:00Z,GYK,Greys_Creek,38.44901667,-75.13245,0.3,8.05,NaN,29.75,3.03,107.8
2018-07-04T22:30:00Z,GYK,Greys_Creek,38.44901667,-75.13245,0.3,9.43,NaN,30.98,5.42,130.7
2018-07-04T22:45:00Z,GYK,Greys_Creek,38.44901667,-75.13245,0.3,9.94,NaN,31.49,6.03,139.4
2018-07-04T23:00:00Z,GYK,Greys_Creek,38.44901667,-75.13245,0.3,7.21,NaN,28.61,2.52,94.3
2018-07-04T23:15:00Z,GYK,Greys_Creek,38.44901667,-75.13245,0.3,7.38,NaN,29.08,3.13,97.8
2018-07-04T23:30:00Z,GYK,Greys_Creek,38.44901667,-75.13245,0.3,6.81,NaN,27.99,2.48,88.2
2018-07-04T23:45:00Z,GYK,Greys_Creek,38.44901667,-75.13245,0.3,6.83,NaN,28.21,2.71,88.9
2018-07-05T00:00:00Z,GYK,Greys_Creek,38.44901667,-75.13245,0.3,6.27,NaN,28.69,3.98,82.9
2018-07-05T00:15:00Z,GYK,Greys_Creek,38.44901667,-75.13245,0.3,6.47,NaN,27.61,2.34,83.1
2018-07-05T00:30:00Z,GYK,Greys_Creek,38.44901667,-75.13245,0.3,6.37,NaN,27.87,2.07,82.2
2018-07-05T00:45:00Z,GYK,Greys_Creek,38.44901667,-75.13245,0.3,6.6,NaN,27.7,1.88,84.7
2018-07-05T01:00:00Z,GYK,Greys_Creek,38.44901667,-75.13245,0.3,7.13,NaN,29.17,1.27,93.7
2018-07-05T01:15:00Z,GYK,Greys_Creek,38.44901667,-75.13245,0.3,6.68,NaN,29.57,0.56,88.0
2018-07-05T01:30:00Z,GYK,Greys_Creek,38.44901667,-75.13245,0.3,NaN,NaN,NaN,NaN,NaN
2018-07-05T01:45:00Z,GYK,Greys_Creek,38.44901667,-75.13245,0.3,NaN,NaN,NaN,NaN,NaN
2018-07-05T02:00:00Z,GYK,Greys_Creek,38.44901667,-75.13245,0.3,5.73,NaN,27.81,1.76,73.7
2018-07-05T02:15:00Z,GYK,Greys_Creek,38.44901667,-75.13245,0.3,5.99,NaN,28.25,2.34,77.9
2018-07-05T02:30:00Z,GYK,Greys_Creek,38.44901667,-75.13245,0.3,5.22,NaN,29.43,3.9,69.9
2018-07-05T02:45:00Z,GYK,Greys_Creek,38.44901667,-75.13245,0.3,4.69,NaN,29.66,4.23,63.2
2018-07-05T03:00:00Z,GYK,Greys_Creek,38.44901667,-75.13245,0.3,4.31,NaN,29.78,5.21,58.4
2018-07-05T03:15:00Z,GYK,Greys_Creek,38.44901667,-75.13245,0.3,5.28,NaN,29.56,5.46,71.4
2018-07-05T03:30:00Z,GYK,Greys_Creek,38.44901667,-75.13245,0.3,5.07,NaN,29.68,6.29,69.0
2018-07-05T03:45:00Z,GYK,Greys_Creek,38.44901667,-75.13245,0.3,4.7,NaN,29.76,9.54,65.3
2018-07-05T04:00:00Z,GYK,Greys_Creek,38.44901667,-75.13245,0.3,4.62,NaN,29.52,9.5,63.9
2018-07-05T04:15:00Z,GYK,Greys_Creek,38.44901667,-75.13245,0.3,4.28,NaN,29.58,9.67,59.3
2018-07-05T04:30:00Z,GYK,Greys_Creek,38.44901667,-75.13245,0.3,4.45,0.131,29.58,9.76,61.6
2018-07-05T04:45:00Z,GYK,Greys_Creek,38.44901667,-75.13245,0.3,4.55,0.151,29.72,9.96,63.3
2018-07-05T05:00:00Z,GYK,Greys_Creek,38.44901667,-75.13245,0.3,4.12,0.168,29.63,10.06,57.2
2018-07-05T05:15:00Z,GYK,Greys_Creek,38.44901667,-75.13245,0.3,3.39,0.18,29.52,10.16,47.1
2018-07-05T05:30:00Z,GYK,Greys_Creek,38.44901667,-75.13245,0.3,4.22,0.19,29.35,10.13,58.3
2018-07-05T05:45:00Z,GYK,Greys_Creek,38.44901667,-75.13245,0.3,3.71,0.201,29.07,9.65,50.9
2018-07-05T06:00:00Z,GYK,Greys_Creek,38.44901667,-75.13245,0.3,3.18,0.217,29.52,10.28,44.2
2018-07-05T06:15:00Z,GYK,Greys_Creek,38.44901667,-75.13245,0.3,2.97,0.229,29.96,11.38,41.9
2018-07-05T06:30:00Z,GYK,Greys_Creek,38.44901667,-75.13245,0.3,2.89,0.24,29.58,10.82,40.3
2018-07-05T06:45:00Z,GYK,Greys_Creek,38.44901667,-75.13245,0.3,3.34,0.252,29.29,10.67,46.2
2018-07-05T07:00:00Z,GYK,Greys_Creek,38.44901667,-75.13245,0.3,2.92,0.264,29.03,11.08,40.3
2018-07-05T07:15:00Z,GYK,Greys_Creek,38.44901667,-75.13245,0.3,3.16,0.264,28.98,10.09,43.5
2018-07-05T07:30:00Z,GYK,Greys_Creek,38.44901667,-75.13245,0.3,2.96,0.266,29.53,8.56,40.7
2018-07-05T07:45:00Z,GYK,Greys_Creek,38.44901667,-75.13245,0.3,3.02,0.273,29.12,11.53,41.9
2018-07-05T08:00:00Z,GYK,Greys_Creek,38.44901667,-75.13245,0.3,2.27,0.273,29.43,9.48,31.4
2018-07-05T08:15:00Z,GYK,Greys_Creek,38.44901667,-75.13245,0.3,5.49,0.262,28.32,7.73,73.6
2018-07-05T08:30:00Z,GYK,Greys_Creek,38.44901667,-75.13245,0.3,4.01,0.249,29.59,9.05,55.4
2018-07-05T08:45:00Z,GYK,Greys_Creek,38.44901667,-75.13245,0.3,4.09,0.238,29.7,9.52,56.7
2018-07-05T09:00:00Z,GYK,Greys_Creek,38.44901667,-75.13245,0.3,4.12,0.225,29.57,8.3,56.6
2018-07-05T09:15:00Z,GYK,Greys_Creek,38.44901667,-75.13245,0.3,3.52,0.205,29.64,7.28,48.2
2018-07-05T09:30:00Z,GYK,Greys_Creek,38.44901667,-75.13245,0.3,3.87,0.189,28.36,5.88,51.4
2018-07-05T09:45:00Z,GYK,Greys_Creek,38.44901667,-75.13245,0.3,3.31,0.179,27.88,5.33,43.4
2018-07-05T10:00:00Z,GYK,Greys_Creek,38.44901667,-75.13245,0.3,3.24,0.162,27.72,5.1,42.3
2018-07-05T10:15:00Z,GYK,Greys_Creek,38.44901667,-75.13245,0.3,3.4,0.152,27.49,4.69,44.2
2018-07-05T10:30:00Z,GYK,Greys_Creek,38.44901667,-75.13245,0.3,3.2,0.148,27.15,4.11,41.2
2018-07-05T10:45:00Z,GYK,Greys_Creek,38.44901667,-75.13245,0.3,4.23,0.138,27.69,3.92,54.9
2018-07-05T11:00:00Z,GYK,Greys_Creek,38.44901667,-75.13245,0.3,3.59,NaN,26.59,3.2,45.5
2018-07-05T11:15:00Z,GYK,Greys_Creek,38.44901667,-75.13245,0.3,3.36,NaN,26.56,3.24,42.6
2018-07-05T11:30:00Z,GYK,Greys_Creek,38.44901667,-75.13245,0.3,3.57,NaN,26.42,2.42,44.9
2018-07-05T11:45:00Z,GYK,Greys_Creek,38.44901667,-75.13245,0.3,3.5,NaN,26.37,2.5,44.1
2018-07-05T12:00:00Z,GYK,Greys_Creek,38.44901667,-75.13245,0.3,3.52,NaN,25.81,1.6,43.6
2018-07-05T12:15:00Z,GYK,Greys_Creek,38.44901667,-75.13245,0.3,4.3,NaN,26.01,1.68,53.6
2018-07-05T12:30:00Z,GYK,Greys_Creek,38.44901667,-75.13245,0.3,5.52,NaN,26.55,2.45,69.6
2018-07-05T12:45:00Z,GYK,Greys_Creek,38.44901667,-75.13245,0.3,5.91,NaN,26.74,2.63,74.9
2018-07-05T13:00:00Z,GYK,Greys_Creek,38.44901667,-75.13245,0.3,3.66,NaN,26.27,1.51,45.7
2018-07-05T13:15:00Z,GYK,Greys_Creek,38.44901667,-75.13245,0.3,4.85,NaN,27.34,2.07,62.0
2018-07-05T13:30:00Z,GYK,Greys_Creek,38.44901667,-75.13245,0.3,6.91,NaN,28.74,2.75,90.8
2018-07-05T13:45:00Z,GYK,Greys_Creek,38.44901667,-75.13245,0.3,4.49,NaN,25.89,1.38,55.7
2018-07-05T14:00:00Z,GYK,Greys_Creek,38.44901667,-75.13245,0.3,NaN,NaN,NaN,NaN,NaN
2018-07-05T14:15:00Z,GYK,Greys_Creek,38.44901667,-75.13245,0.3,NaN,NaN,NaN,NaN,NaN
2018-07-05T14:30:00Z,GYK,Greys_Creek,38.44901667,-75.13245,0.3,NaN,NaN,NaN,NaN,NaN
2018-07-05T14:45:00Z,GYK,Greys_Creek,38.44901667,-75.13245,0.3,5.77,0.128,29.5,1.66,76.3
2018-07-05T15:00:00Z,GYK,Greys_Creek,38.44901667,-75.13245,0.3,5.36,0.128,29.25,1.8,70.6
2018-07-05T15:15:00Z,GYK,Greys_Creek,38.44901667,-75.13245,0.3,6.89,0.126,30.12,2.5,92.6
2018-07-05T15:30:00Z,GYK,Greys_Creek,38.44901667,-75.13245,0.3,8.59,0.124,31.09,5.65,119.4
2018-07-05T15:45:00Z,GYK,Greys_Creek,38.44901667,-75.13245,0.3,9.69,0.125,31.84,6.74,137.2
2018-07-05T16:00:00Z,GYK,Greys_Creek,38.44901667,-75.13245,0.3,11.0,0.122,32.44,9.15,159.3
2018-07-05T16:15:00Z,GYK,Greys_Creek,38.44901667,-75.13245,0.3,11.72,0.122,33.05,9.68,172.1
2018-07-05T16:30:00Z,GYK,Greys_Creek,38.44901667,-75.13245,0.3,12.39,0.12,33.59,10.14,184.0
2018-07-05T16:45:00Z,GYK,Greys_Creek,38.44901667,-75.13245,0.3,13.33,0.123,33.21,10.77,197.2
2018-07-05T17:00:00Z,GYK,Greys_Creek,38.44901667,-75.13245,0.3,13.34,0.127,33.54,10.77,198.5
2018-07-05T17:15:00Z,GYK,Greys_Creek,38.44901667,-75.13245,0.3,11.75,0.144,33.65,11.86,176.2
2018-07-05T17:30:00Z,GYK,Greys_Creek,38.44901667,-75.13245,0.3,13.9,0.156,34.19,11.7,210.1
2018-07-05T17:45:00Z,GYK,Greys_Creek,38.44901667,-75.13245,0.3,13.75,0.158,34.67,11.62,209.3
2018-07-05T18:00:00Z,GYK,Greys_Creek,38.44901667,-75.13245,0.3,13.19,0.171,35.05,11.35,201.7
2018-07-05T18:15:00Z,GYK,Greys_Creek,38.44901667,-75.13245,0.3,13.99,0.18,35.17,11.89,215.1
2018-07-05T18:30:00Z,GYK,Greys_Creek,38.44901667,-75.13245,0.3,14.45,0.192,34.84,12.17,221.3
2018-07-05T18:45:00Z,GYK,Greys_Creek,38.44901667,-75.13245,0.3,14.8,0.206,34.96,12.26,227.2
2018-07-05T19:00:00Z,GYK,Greys_Creek,38.44901667,-75.13245,0.3,15.32,0.213,35.22,11.74,235.4
2018-07-05T19:15:00Z,GYK,Greys_Creek,38.44901667,-75.13245,0.3,16.84,0.222,35.55,12.34,261.0
2018-07-05T19:30:00Z,GYK,Greys_Creek,38.44901667,-75.13245,0.3,17.13,0.228,35.58,12.06,265.3
2018-07-05T19:45:00Z,GYK,Greys_Creek,38.44901667,-75.13245,0.3,17.11,0.23,35.5,11.9,264.4
2018-07-05T20:00:00Z,GYK,Greys_Creek,38.44901667,-75.13245,0.3,16.36,0.231,35.56,12.14,253.4
2018-07-05T20:15:00Z,GYK,Greys_Creek,38.44901667,-75.13245,0.3,16.27,0.238,35.33,11.74,250.5
2018-07-05T20:30:00Z,GYK,Greys_Creek,38.44901667,-75.13245,0.3,16.01,0.232,35.32,10.99,245.5
2018-07-05T20:45:00Z,GYK,Greys_Creek,38.44901667,-75.13245,0.3,16.55,0.227,35.06,9.5,250.7
2018-07-05T21:00:00Z,GYK,Greys_Creek,38.44901667,-75.13245,0.3,15.94,0.223,35.24,10.86,243.9
2018-07-05T21:15:00Z,GYK,Greys_Creek,38.44901667,-75.13245,0.3,17.65,0.217,35.02,10.48,268.6
2018-07-05T21:30:00Z,GYK,Greys_Creek,38.44901667,-75.13245,0.3,18.36,0.195,35.28,10.05,279.9
2018-07-05T21:45:00Z,GYK,Greys_Creek,38.44901667,-75.13245,0.3,17.17,0.174,34.95,9.1,259.1
2018-07-05T22:00:00Z,GYK,Greys_Creek,38.44901667,-75.13245,0.3,16.33,0.147,34.7,8.69,244.8
2018-07-05T22:15:00Z,GYK,Greys_Creek,38.44901667,-75.13245,0.3,11.46,0.146,33.47,8.48,168.3
2018-07-05T22:30:00Z,GYK,Greys_Creek,38.44901667,-75.13245,0.3,9.16,0.125,32.22,7.59,131.2
2018-07-05T22:45:00Z,GYK,Greys_Creek,38.44901667,-75.13245,0.3,14.32,0.115,33.55,8.04,210.0
2018-07-05T23:00:00Z,GYK,Greys_Creek,38.44901667,-75.13245,0.3,11.52,0.115,32.21,7.38,164.7
2018-07-05T23:15:00Z,GYK,Greys_Creek,38.44901667,-75.13245,0.3,11.29,0.101,32.33,7.54,161.9
2018-07-05T23:30:00Z,GYK,Greys_Creek,38.44901667,-75.13245,0.3,11.97,0.099,31.51,6.09,167.9
2018-07-05T23:45:00Z,GYK,Greys_Creek,38.44901667,-75.13245,0.3,11.89,0.097,32.03,6.78,169.0
2018-07-06T00:00:00Z,GYK,Greys_Creek,38.44901667,-75.13245,0.3,10.59,0.097,31.08,5.86,147.4
2018-07-06T00:15:00Z,GYK,Greys_Creek,38.44901667,-75.13245,0.3,9.75,0.095,31.42,6.1,136.7
2018-07-06T00:30:00Z,GYK,Greys_Creek,38.44901667,-75.13245,0.3,9.51,0.094,30.55,5.59,131.0
2018-07-06T00:45:00Z,GYK,Greys_Creek,38.44901667,-75.13245,0.3,9.13,NaN,29.96,4.63,123.8
2018-07-06T01:00:00Z,GYK,Greys_Creek,38.44901667,-75.13245,0.3,9.53,NaN,30.36,5.34,130.7
2018-07-06T01:15:00Z,GYK,Greys_Creek,38.44901667,-75.13245,0.3,7.29,NaN,28.18,2.86,94.9
2018-07-06T01:30:00Z,GYK,Greys_Creek,38.44901667,-75.13245,0.3,7.06,NaN,28.41,3.05,92.4
2018-07-06T01:45:00Z,GYK,Greys_Creek,38.44901667,-75.13245,0.3,7.83,NaN,29.06,2.65,103.4
2018-07-06T02:00:00Z,GYK,Greys_Creek,38.44901667,-75.13245,0.3,8.63,NaN,29.41,3.02,114.8
2018-07-06T02:15:00Z,GYK,Greys_Creek,38.44901667,-75.13245,0.3,9.34,NaN,29.64,2.98,124.8
2018-07-06T02:30:00Z,GYK,Greys_Creek,38.44901667,-75.13245,0.3,7.94,NaN,29.19,2.6,105.0
2018-07-06T02:45:00Z,GYK,Greys_Creek,38.44901667,-75.13245,0.3,8.56,NaN,29.54,2.81,114.0
2018-07-06T03:00:00Z,GYK,Greys_Creek,38.44901667,-75.13245,0.3,7.59,NaN,28.92,3.57,100.5
2018-07-06T03:15:00Z,GYK,Greys_Creek,38.44901667,-75.13245,0.3,7.84,NaN,29.36,3.79,104.7
2018-07-06T03:30:00Z,GYK,Greys_Creek,38.44901667,-75.13245,0.3,8.13,NaN,29.27,4.0,108.6
2018-07-06T03:45:00Z,GYK,Greys_Creek,38.44901667,-75.13245,0.3,8.45,NaN,29.79,4.41,114.1
2018-07-06T04:00:00Z,GYK,Greys_Creek,38.44901667,-75.13245,0.3,7.76,NaN,30.16,4.88,105.7
2018-07-06T04:15:00Z,GYK,Greys_Creek,38.44901667,-75.13245,0.3,7.95,NaN,30.01,5.31,108.3
2018-07-06T04:30:00Z,GYK,Greys_Creek,38.44901667,-75.13245,0.3,7.67,NaN,30.08,5.67,104.8
2018-07-06T04:45:00Z,GYK,Greys_Creek,38.44901667,-75.13245,0.3,7.03,NaN,30.08,5.53,96.0
2018-07-06T05:00:00Z,GYK,Greys_Creek,38.44901667,-75.13245,0.3,6.17,0.097,29.71,9.23,85.5
2018-07-06T05:15:00Z,GYK,Greys_Creek,38.44901667,-75.13245,0.3,6.33,0.105,29.53,9.34,87.4
2018-07-06T05:30:00Z,GYK,Greys_Creek,38.44901667,-75.13245,0.3,6.48,0.119,29.58,8.87,89.3
2018-07-06T05:45:00Z,GYK,Greys_Creek,38.44901667,-75.13245,0.3,5.6,0.135,29.6,9.7,77.6
2018-07-06T06:00:00Z,GYK,Greys_Creek,38.44901667,-75.13245,0.3,5.75,0.15,29.52,10.04,79.8
2018-07-06T06:15:00Z,GYK,Greys_Creek,38.44901667,-75.13245,0.3,4.71,0.16,29.27,9.49,64.9
2018-07-06T06:30:00Z,GYK,Greys_Creek,38.44901667,-75.13245,0.3,4.43,0.168,28.9,9.2,60.4
2018-07-06T06:45:00Z,GYK,Greys_Creek,38.44901667,-75.13245,0.3,5.88,0.178,28.84,9.56,80.3
2018-07-06T07:00:00Z,GYK,Greys_Creek,38.44901667,-75.13245,0.3,4.98,0.192,29.44,9.95,68.9
2018-07-06T07:15:00Z,GYK,Greys_Creek,38.44901667,-75.13245,0.3,4.92,0.205,29.08,9.56,67.6
2018-07-06T07:30:00Z,GYK,Greys_Creek,38.44901667,-75.13245,0.3,3.86,0.213,29.35,9.72,53.3
2018-07-06T07:45:00Z,GYK,Greys_Creek,38.44901667,-75.13245,0.3,3.58,0.218,29.49,9.14,49.4
2018-07-06T08:00:00Z,GYK,Greys_Creek,38.44901667,-75.13245,0.3,3.55,0.222,30.22,11.54,50.2
2018-07-06T08:15:00Z,GYK,Greys_Creek,38.44901667,-75.13245,0.3,3.01,0.226,30.53,12.35,43.0
2018-07-06T08:30:00Z,GYK,Greys_Creek,38.44901667,-75.13245,0.3,3.07,0.226,30.73,10.3,43.6
2018-07-06T08:45:00Z,GYK,Greys_Creek,38.44901667,-75.13245,0.3,5.87,0.219,30.96,9.57,83.1
2018-07-06T09:00:00Z,GYK,Greys_Creek,38.44901667,-75.13245,0.3,5.02,0.212,31.06,9.11,71.0
2018-07-06T09:15:00Z,GYK,Greys_Creek,38.44901667,-75.13245,0.3,5.12,0.197,31.21,10.09,73.0
2018-07-06T09:30:00Z,GYK,Greys_Creek,38.44901667,-75.13245,0.3,4.26,0.184,31.2,8.88,60.4
2018-07-06T09:45:00Z,GYK,Greys_Creek,38.44901667,-75.13245,0.3,5.76,0.172,30.46,9.05,80.7
2018-07-06T10:00:00Z,GYK,Greys_Creek,38.44901667,-75.13245,0.3,4.29,0.155,31.28,10.47,61.4
2018-07-06T10:15:00Z,GYK,Greys_Creek,38.44901667,-75.13245,0.3,3.43,0.14,30.2,6.34,47.2
2018-07-06T10:30:00Z,GYK,Greys_Creek,38.44901667,-75.13245,0.3,4.43,0.128,29.61,5.38,59.9
2018-07-06T10:45:00Z,GYK,Greys_Creek,38.44901667,-75.13245,0.3,4.12,0.11,29.03,6.05,55.4
2018-07-06T11:00:00Z,GYK,Greys_Creek,38.44901667,-75.13245,0.3,4.43,0.097,27.79,4.31,57.7
2018-07-06T11:15:00Z,GYK,Greys_Creek,38.44901667,-75.13245,0.3,4.6,0.086,28.01,4.49,60.3
2018-07-06T11:30:00Z,GYK,Greys_Creek,38.44901667,-75.13245,0.3,4.6,0.072,27.88,2.89,59.6
2018-07-06T11:45:00Z,GYK,Greys_Creek,38.44901667,-75.13245,0.3,4.46,0.071,26.87,2.34,56.6
2018-07-06T12:00:00Z,GYK,Greys_Creek,38.44901667,-75.13245,0.3,4.51,0.068,26.31,2.06,56.5
2018-07-06T12:15:00Z,GYK,Greys_Creek,38.44901667,-75.13245,0.3,4.83,0.067,26.15,1.69,60.3
2018-07-06T12:30:00Z,GYK,Greys_Creek,38.44901667,-75.13245,0.3,4.19,0.066,26.25,1.93,52.5
2018-07-06T12:45:00Z,GYK,Greys_Creek,38.44901667,-75.13245,0.3,4.53,0.063,26.25,1.69,56.7
2018-07-06T13:00:00Z,GYK,Greys_Creek,38.44901667,-75.13245,0.3,3.55,0.061,26.18,1.66,44.3
2018-07-06T13:15:00Z,GYK,Greys_Creek,38.44901667,-75.13245,0.3,3.9,0.06,26.39,1.64,48.9
2018-07-06T13:30:00Z,GYK,Greys_Creek,38.44901667,-75.13245,0.3,3.88,0.059,26.55,1.86,48.8
2018-07-06T13:45:00Z,GYK,Greys_Creek,38.44901667,-75.13245,0.3,5.78,0.057,27.19,2.41,73.7
2018-07-06T14:00:00Z,GYK,Greys_Creek,38.44901667,-75.13245,0.3,5.03,0.053,26.96,1.96,63.7
2018-07-06T14:15:00Z,GYK,Greys_Creek,38.44901667,-75.13245,0.3,8.93,NaN,28.88,2.25,117.4
2018-07-06T14:30:00Z,GYK,Greys_Creek,38.44901667,-75.13245,0.3,5.54,NaN,28.03,1.32,71.3
2018-07-06T14:45:00Z,GYK,Greys_Creek,38.44901667,-75.13245,0.3,5.37,NaN,27.33,0.74,68.0
2018-07-06T15:00:00Z,GYK,Greys_Creek,38.44901667,-75.13245,0.3,NaN,NaN,NaN,NaN,NaN
2018-07-06T15:15:00Z,GYK,Greys_Creek,38.44901667,-75.13245,0.3,NaN,NaN,NaN,NaN,NaN
2018-07-06T15:30:00Z,GYK,Greys_Creek,38.44901667,-75.13245,0.3,NaN,NaN,NaN,NaN,NaN
2018-07-06T15:45:00Z,GYK,Greys_Creek,38.44901667,-75.13245,0.3,NaN,NaN,NaN,NaN,NaN
2018-07-06T16:00:00Z,GYK,Greys_Creek,38.44901667,-75.13245,0.3,NaN,NaN,NaN,NaN,NaN
2018-07-06T16:15:00Z,GYK,Greys_Creek,38.44901667,-75.13245,0.3,NaN,NaN,NaN,NaN,NaN
2018-07-06T16:30:00Z,GYK,Greys_Creek,38.44901667,-75.13245,0.3,NaN,NaN,NaN,NaN,NaN
2018-07-06T16:45:00Z,GYK,Greys_Creek,38.44901667,-75.13245,0.3,6.3,0.063,30.67,12.15,90.1
2018-07-06T17:00:00Z,GYK,Greys_Creek,38.44901667,-75.13245,0.3,6.85,0.06,28.76,5.93,91.7
2018-07-06T17:15:00Z,GYK,Greys_Creek,38.44901667,-75.13245,0.3,10.28,0.062,29.45,6.22,139.4
2018-07-06T17:30:00Z,GYK,Greys_Creek,38.44901667,-75.13245,0.3,10.44,0.064,29.7,4.77,141.0
2018-07-06T17:45:00Z,GYK,Greys_Creek,38.44901667,-75.13245,0.3,7.07,0.058,30.47,5.9,97.3
2018-07-06T18:00:00Z,GYK,Greys_Creek,38.44901667,-75.13245,0.3,5.18,0.119,30.46,13.57,74.4
2018-07-06T18:15:00Z,GYK,Greys_Creek,38.44901667,-75.13245,0.3,5.78,0.115,30.39,13.7,83.0
2018-07-06T18:30:00Z,GYK,Greys_Creek,38.44901667,-75.13245,0.3,5.63,0.126,30.19,10.8,79.3
2018-07-06T18:45:00Z,GYK,Greys_Creek,38.44901667,-75.13245,0.3,5.74,0.133,30.26,12.08,81.4
2018-07-06T19:00:00Z,GYK,Greys_Creek,38.44901667,-75.13245,0.3,6.54,0.15,30.07,13.06,93.0
2018-07-06T19:15:00Z,GYK,Greys_Creek,38.44901667,-75.13245,0.3,8.8,0.137,29.5,10.32,122.2
2018-07-06T19:30:00Z,GYK,Greys_Creek,38.44901667,-75.13245,0.3,6.29,0.136,30.08,10.37,88.3
2018-07-06T19:45:00Z,GYK,Greys_Creek,38.44901667,-75.13245,0.3,6.92,0.148,29.89,12.38,97.8
2018-07-06T20:00:00Z,GYK,Greys_Creek,38.44901667,-75.13245,0.3,6.0,0.149,29.92,12.25,84.7
2018-07-06T20:15:00Z,GYK,Greys_Creek,38.44901667,-75.13245,0.3,5.83,0.142,29.96,10.5,81.7
2018-07-06T20:30:00Z,GYK,Greys_Creek,38.44901667,-75.13245,0.3,5.28,0.147,30.12,11.09,74.3
2018-07-06T20:45:00Z,GYK,Greys_Creek,38.44901667,-75.13245,0.3,7.2,0.164,30.02,13.3,102.5
2018-07-06T21:00:00Z,GYK,Greys_Creek,38.44901667,-75.13245,0.3,5.31,0.163,29.87,11.66,74.8
2018-07-06T21:15:00Z,GYK,Greys_Creek,38.44901667,-75.13245,0.3,7.69,0.156,28.97,10.27,105.8
2018-07-06T21:30:00Z,GYK,Greys_Creek,38.44901667,-75.13245,0.3,9.64,0.13,29.75,9.34,133.7
2018-07-06T21:45:00Z,GYK,Greys_Creek,38.44901667,-75.13245,0.3,8.84,0.105,29.13,8.91,121.0
2018-07-06T22:00:00Z,GYK,Greys_Creek,38.44901667,-75.13245,0.3,4.95,0.078,28.61,8.3,66.9
2018-07-06T22:15:00Z,GYK,Greys_Creek,38.44901667,-75.13245,0.3,5.36,0.062,28.2,7.41,71.6
2018-07-06T22:30:00Z,GYK,Greys_Creek,38.44901667,-75.13245,0.3,4.16,0.062,27.9,6.83,55.1
2018-07-06T22:45:00Z,GYK,Greys_Creek,38.44901667,-75.13245,0.3,4.84,0.044,27.5,5.64,63.3
2018-07-06T23:00:00Z,GYK,Greys_Creek,38.44901667,-75.13245,0.3,4.95,0.046,27.13,5.03,64.0
2018-07-06T23:15:00Z,GYK,Greys_Creek,38.44901667,-75.13245,0.3,3.95,0.046,26.74,4.47,50.6
2018-07-06T23:30:00Z,GYK,Greys_Creek,38.44901667,-75.13245,0.3,4.6,0.047,26.58,3.82,58.5
2018-07-06T23:45:00Z,GYK,Greys_Creek,38.44901667,-75.13245,0.3,5.71,0.047,26.38,3.4,72.2
2018-07-07T00:00:00Z,GYK,Greys_Creek,38.44901667,-75.13245,0.3,4.5,0.048,26.04,2.78,56.3
2018-07-07T00:15:00Z,GYK,Greys_Creek,38.44901667,-75.13245,0.3,4.7,0.049,25.61,1.95,58.1
2018-07-07T00:30:00Z,GYK,Greys_Creek,38.44901667,-75.13245,0.3,4.52,0.05,25.44,1.97,55.8
2018-07-07T00:45:00Z,GYK,Greys_Creek,38.44901667,-75.13245,0.3,4.67,0.051,25.84,2.39,58.1
2018-07-07T01:00:00Z,GYK,Greys_Creek,38.44901667,-75.13245,0.3,5.01,0.056,25.44,1.89,61.7
2018-07-07T01:15:00Z,GYK,Greys_Creek,38.44901667,-75.13245,0.3,4.35,0.061,25.04,0.93,52.9
2018-07-07T01:30:00Z,GYK,Greys_Creek,38.44901667,-75.13245,0.3,NaN,NaN,NaN,NaN,NaN
2018-07-07T01:45:00Z,GYK,Greys_Creek,38.44901667,-75.13245,0.3,NaN,NaN,NaN,NaN,NaN
2018-07-07T02:00:00Z,GYK,Greys_Creek,38.44901667,-75.13245,0.3,NaN,NaN,NaN,NaN,NaN
2018-07-07T02:15:00Z,GYK,Greys_Creek,38.44901667,-75.13245,0.3,NaN,NaN,NaN,NaN,NaN
2018-07-07T02:30:00Z,GYK,Greys_Creek,38.44901667,-75.13245,0.3,NaN,NaN,NaN,NaN,NaN
2018-07-07T02:45:00Z,GYK,Greys_Creek,38.44901667,-75.13245,0.3,NaN,NaN,NaN,NaN,NaN
2018-07-07T03:00:00Z,GYK,Greys_Creek,38.44901667,-75.13245,0.3,NaN,NaN,NaN,NaN,NaN
2018-07-07T03:15:00Z,GYK,Greys_Creek,38.44901667,-75.13245,0.3,NaN,NaN,NaN,NaN,NaN
2018-07-07T03:30:00Z,GYK,Greys_Creek,38.44901667,-75.13245,0.3,NaN,NaN,NaN,NaN,NaN
2018-07-07T03:45:00Z,GYK,Greys_Creek,38.44901667,-75.13245,0.3,NaN,NaN,NaN,NaN,NaN
2018-07-07T04:00:00Z,GYK,Greys_Creek,38.44901667,-75.13245,0.3,NaN,NaN,NaN,NaN,NaN
2018-07-07T04:15:00Z,GYK,Greys_Creek,38.44901667,-75.13245,0.3,NaN,NaN,NaN,NaN,NaN
2018-07-07T04:30:00Z,GYK,Greys_Creek,38.44901667,-75.13245,0.3,NaN,NaN,NaN,NaN,NaN
2018-07-07T04:45:00Z,GYK,Greys_Creek,38.44901667,-75.13245,0.3,NaN,NaN,NaN,NaN,NaN
2018-07-07T05:00:00Z,GYK,Greys_Creek,38.44901667,-75.13245,0.3,NaN,NaN,NaN,NaN,NaN
2018-07-07T05:15:00Z,GYK,Greys_Creek,38.44901667,-75.13245,0.3,2.47,NaN,26.32,1.06,30.8
2018-07-07T05:30:00Z,GYK,Greys_Creek,38.44901667,-75.13245,0.3,1.68,NaN,26.59,4.41,21.5
2018-07-07T05:45:00Z,GYK,Greys_Creek,38.44901667,-75.13245,0.3,1.27,NaN,25.49,3.86,15.8
2018-07-07T06:00:00Z,GYK,Greys_Creek,38.44901667,-75.13245,0.3,1.47,NaN,25.83,4.79,18.6
2018-07-07T06:15:00Z,GYK,Greys_Creek,38.44901667,-75.13245,0.3,3.31,NaN,25.95,0.62,40.9
2018-07-07T06:30:00Z,GYK,Greys_Creek,38.44901667,-75.13245,0.3,3.42,NaN,23.84,0.19,40.6
2018-07-07T06:45:00Z,GYK,Greys_Creek,38.44901667,-75.13245,0.3,1.77,NaN,26.94,8.78,23.2
2018-07-07T07:00:00Z,GYK,Greys_Creek,38.44901667,-75.13245,0.3,1.12,NaN,27.81,10.64,15.1
2018-07-07T07:15:00Z,GYK,Greys_Creek,38.44901667,-75.13245,0.3,0.84,NaN,27.45,11.52,11.4
2018-07-07T07:30:00Z,GYK,Greys_Creek,38.44901667,-75.13245,0.3,0.76,0.078,27.83,12.84,10.4
2018-07-07T07:45:00Z,GYK,Greys_Creek,38.44901667,-75.13245,0.3,2.25,0.079,25.25,7.29,28.5
2018-07-07T08:00:00Z,GYK,Greys_Creek,38.44901667,-75.13245,0.3,2.16,0.08,25.48,6.95,27.5
2018-07-07T08:15:00Z,GYK,Greys_Creek,38.44901667,-75.13245,0.3,2.01,0.084,25.49,7.59,25.7
2018-07-07T08:30:00Z,GYK,Greys_Creek,38.44901667,-75.13245,0.3,2.31,0.084,25.1,7.71,29.2
2018-07-07T08:45:00Z,GYK,Greys_Creek,38.44901667,-75.13245,0.3,0.46,0.086,27.14,9.51,6.1
2018-07-07T09:00:00Z,GYK,Greys_Creek,38.44901667,-75.13245,0.3,0.37,0.111,28.3,14.6,5.1
2018-07-07T09:15:00Z,GYK,Greys_Creek,38.44901667,-75.13245,0.3,0.4,0.123,26.51,9.91,5.2
2018-07-07T09:30:00Z,GYK,Greys_Creek,38.44901667,-75.13245,0.3,1.61,0.112,24.59,7.64,20.2
2018-07-07T09:45:00Z,GYK,Greys_Creek,38.44901667,-75.13245,0.3,0.87,0.107,24.79,7.99,11.0
2018-07-07T10:00:00Z,GYK,Greys_Creek,38.44901667,-75.13245,0.3,0.77,0.105,24.54,7.18,9.6
2018-07-07T10:15:00Z,GYK,Greys_Creek,38.44901667,-75.13245,0.3,1.37,0.108,24.33,6.39,16.9
2018-07-07T10:30:00Z,GYK,Greys_Creek,38.44901667,-75.13245,0.3,0.4,0.113,27.33,9.85,5.3
2018-07-07T10:45:00Z,GYK,Greys_Creek,38.44901667,-75.13245,0.3,1.58,NaN,23.82,6.01,19.4
2018-07-07T11:00:00Z,GYK,Greys_Creek,38.44901667,-75.13245,0.3,0.61,NaN,25.35,8.18,7.7
2018-07-07T11:15:00Z,GYK,Greys_Creek,38.44901667,-75.13245,0.3,2.11,NaN,24.04,6.08,25.9
2018-07-07T11:30:00Z,GYK,Greys_Creek,38.44901667,-75.13245,0.3,2.77,NaN,25.07,7.83,35.0
2018-07-07T11:45:00Z,GYK,Greys_Creek,38.44901667,-75.13245,0.3,2.81,NaN,24.48,5.92,34.8
2018-07-07T12:00:00Z,GYK,Greys_Creek,38.44901667,-75.13245,0.3,2.76,NaN,23.93,4.38,33.6
2018-07-07T12:15:00Z,GYK,Greys_Creek,38.44901667,-75.13245,0.3,3.09,NaN,23.56,3.62,37.1
2018-07-07T12:30:00Z,GYK,Greys_Creek,38.44901667,-75.13245,0.3,3.21,NaN,23.81,4.32,38.9
2018-07-07T12:45:00Z,GYK,Greys_Creek,38.44901667,-75.13245,0.3,3.84,NaN,24.65,7.52,48.2
2018-07-07T13:00:00Z,GYK,Greys_Creek,38.44901667,-75.13245,0.3,4.25,NaN,23.22,3.23,50.6
2018-07-07T13:15:00Z,GYK,Greys_Creek,38.44901667,-75.13245,0.3,4.18,NaN,22.9,1.43,49.0
2018-07-07T13:30:00Z,GYK,Greys_Creek,38.44901667,-75.13245,0.3,NaN,NaN,NaN,NaN,NaN
2018-07-07T13:45:00Z,GYK,Greys_Creek,38.44901667,-75.13245,0.3,NaN,NaN,NaN,NaN,NaN
2018-07-07T14:00:00Z,GYK,Greys_Creek,38.44901667,-75.13245,0.3,NaN,NaN,NaN,NaN,NaN
2018-07-07T14:15:00Z,GYK,Greys_Creek,38.44901667,-75.13245,0.3,NaN,NaN,NaN,NaN,NaN
2018-07-07T14:30:00Z,GYK,Greys_Creek,38.44901667,-75.13245,0.3,NaN,NaN,NaN,NaN,NaN
2018-07-07T14:45:00Z,GYK,Greys_Creek,38.44901667,-75.13245,0.3,NaN,NaN,NaN,NaN,NaN
2018-07-07T15:00:00Z,GYK,Greys_Creek,38.44901667,-75.13245,0.3,NaN,NaN,NaN,NaN,NaN
2018-07-07T15:15:00Z,GYK,Greys_Creek,38.44901667,-75.13245,0.3,NaN,NaN,NaN,NaN,NaN
2018-07-07T15:30:00Z,GYK,Greys_Creek,38.44901667,-75.13245,0.3,NaN,NaN,NaN,NaN,NaN
2018-07-07T15:45:00Z,GYK,Greys_Creek,38.44901667,-75.13245,0.3,NaN,NaN,NaN,NaN,NaN
2018-07-07T16:00:00Z,GYK,Greys_Creek,38.44901667,-75.13245,0.3,7.75,NaN,23.79,2.96,93.3
2018-07-07T16:15:00Z,GYK,Greys_Creek,38.44901667,-75.13245,0.3,6.99,NaN,22.38,3.48,82.1
2018-07-07T16:30:00Z,GYK,Greys_Creek,38.44901667,-75.13245,0.3,6.73,NaN,22.99,3.4,79.9
2018-07-07T16:45:00Z,GYK,Greys_Creek,38.44901667,-75.13245,0.3,11.42,NaN,23.98,5.24,139.8
2018-07-07T17:00:00Z,GYK,Greys_Creek,38.44901667,-75.13245,0.3,11.44,NaN,24.04,4.67,139.6
2018-07-07T17:15:00Z,GYK,Greys_Creek,38.44901667,-75.13245,0.3,9.0,NaN,23.76,4.72,109.3
2018-07-07T17:30:00Z,GYK,Greys_Creek,38.44901667,-75.13245,0.3,11.03,NaN,24.06,5.33,135.2
2018-07-07T17:45:00Z,GYK,Greys_Creek,38.44901667,-75.13245,0.3,12.35,NaN,24.44,6.81,153.8
2018-07-07T18:00:00Z,GYK,Greys_Creek,38.44901667,-75.13245,0.3,11.76,NaN,25.43,10.22,152.0
2018-07-07T18:15:00Z,GYK,Greys_Creek,38.44901667,-75.13245,0.3,13.13,0.148,25.39,10.59,169.9
2018-07-07T18:30:00Z,GYK,Greys_Creek,38.44901667,-75.13245,0.3,12.8,0.164,25.34,10.01,164.9
2018-07-07T18:45:00Z,GYK,Greys_Creek,38.44901667,-75.13245,0.3,13.18,0.175,25.41,11.21,171.2
2018-07-07T19:00:00Z,GYK,Greys_Creek,38.44901667,-75.13245,0.3,10.96,0.197,25.61,12.07,143.7
2018-07-07T19:15:00Z,GYK,Greys_Creek,38.44901667,-75.13245,0.3,12.69,0.212,25.68,12.12,166.5
2018-07-07T19:30:00Z,GYK,Greys_Creek,38.44901667,-75.13245,0.3,14.61,0.227,25.79,12.33,192.3
2018-07-07T19:45:00Z,GYK,Greys_Creek,38.44901667,-75.13245,0.3,16.2,0.238,25.67,12.58,213.0
2018-07-07T20:00:00Z,GYK,Greys_Creek,38.44901667,-75.13245,0.3,14.17,0.246,25.74,12.03,186.1
2018-07-07T20:15:00Z,GYK,Greys_Creek,38.44901667,-75.13245,0.3,15.28,0.249,25.89,11.38,200.4
2018-07-07T20:30:00Z,GYK,Greys_Creek,38.44901667,-75.13245,0.3,11.99,0.262,25.99,13.03,159.0
2018-07-07T20:45:00Z,GYK,Greys_Creek,38.44901667,-75.13245,0.3,13.26,0.28,26.06,13.32,176.3
2018-07-07T21:00:00Z,GYK,Greys_Creek,38.44901667,-75.13245,0.3,15.46,0.294,26.16,13.31,206.0
2018-07-07T21:15:00Z,GYK,Greys_Creek,38.44901667,-75.13245,0.3,12.05,0.302,26.17,13.51,160.7
2018-07-07T21:30:00Z,GYK,Greys_Creek,38.44901667,-75.13245,0.3,15.86,0.307,26.2,13.2,211.3
2018-07-07T21:45:00Z,GYK,Greys_Creek,38.44901667,-75.13245,0.3,12.55,0.315,26.23,13.62,167.7
2018-07-07T22:00:00Z,GYK,Greys_Creek,38.44901667,-75.13245,0.3,12.47,0.32,26.21,13.82,166.8
2018-07-07T22:15:00Z,GYK,Greys_Creek,38.44901667,-75.13245,0.3,13.23,0.324,26.19,13.5,176.6
2018-07-07T22:30:00Z,GYK,Greys_Creek,38.44901667,-75.13245,0.3,18.05,0.32,26.32,11.35,238.5
2018-07-07T22:45:00Z,GYK,Greys_Creek,38.44901667,-75.13245,0.3,10.59,0.324,26.32,13.09,141.3
2018-07-07T23:00:00Z,GYK,Greys_Creek,38.44901667,-75.13245,0.3,14.65,0.313,26.58,12.4,195.6
2018-07-07T23:15:00Z,GYK,Greys_Creek,38.44901667,-75.13245,0.3,16.83,0.307,26.37,11.6,223.0
2018-07-07T23:30:00Z,GYK,Greys_Creek,38.44901667,-75.13245,0.3,11.44,0.286,26.68,12.29,152.9
2018-07-07T23:45:00Z,GYK,Greys_Creek,38.44901667,-75.13245,0.3,13.11,0.267,26.42,12.27,174.4
2018-07-08T00:00:00Z,GYK,Greys_Creek,38.44901667,-75.13245,0.3,14.82,0.252,24.2,8.63,185.6
2018-07-08T00:15:00Z,GYK,Greys_Creek,38.44901667,-75.13245,0.3,11.98,0.239,26.36,12.12,159.1
2018-07-08T00:30:00Z,GYK,Greys_Creek,38.44901667,-75.13245,0.3,12.49,0.23,25.7,10.69,162.7
2018-07-08T00:45:00Z,GYK,Greys_Creek,38.44901667,-75.13245,0.3,10.05,0.219,26.2,11.9,132.9
2018-07-08T01:00:00Z,GYK,Greys_Creek,38.44901667,-75.13245,0.3,12.4,0.2,25.47,10.94,161.1
2018-07-08T01:15:00Z,GYK,Greys_Creek,38.44901667,-75.13245,0.3,11.98,0.185,25.35,10.0,154.5
2018-07-08T01:30:00Z,GYK,Greys_Creek,38.44901667,-75.13245,0.3,12.32,0.181,23.62,3.88,148.5
2018-07-08T01:45:00Z,GYK,Greys_Creek,38.44901667,-75.13245,0.3,9.44,0.166,24.98,7.23,118.9
2018-07-08T02:00:00Z,GYK,Greys_Creek,38.44901667,-75.13245,0.3,10.24,0.152,24.28,7.15,127.3
2018-07-08T02:15:00Z,GYK,Greys_Creek,38.44901667,-75.13245,0.3,6.46,0.138,22.55,2.94,75.9
2018-07-08T02:30:00Z,GYK,Greys_Creek,38.44901667,-75.13245,0.3,6.56,0.139,21.55,2.05,75.3
2018-07-08T02:45:00Z,GYK,Greys_Creek,38.44901667,-75.13245,0.3,6.93,0.138,21.16,2.24,78.9
2018-07-08T03:00:00Z,GYK,Greys_Creek,38.44901667,-75.13245,0.3,6.58,0.138,21.01,1.98,74.7
2018-07-08T03:15:00Z,GYK,Greys_Creek,38.44901667,-75.13245,0.3,6.9,0.137,20.92,2.14,78.2
2018-07-08T03:30:00Z,GYK,Greys_Creek,38.44901667,-75.13245,0.3,6.57,0.133,20.91,1.94,74.4
2018-07-08T03:45:00Z,GYK,Greys_Creek,38.44901667,-75.13245,0.3,6.51,0.133,20.56,1.52,73.0
2018-07-08T04:00:00Z,GYK,Greys_Creek,38.44901667,-75.13245,0.3,6.34,0.131,20.53,1.72,71.1
2018-07-08T04:15:00Z,GYK,Greys_Creek,38.44901667,-75.13245,0.3,6.16,0.127,20.37,1.63,68.9
2018-07-08T04:30:00Z,GYK,Greys_Creek,38.44901667,-75.13245,0.3,6.25,NaN,20.42,1.52,70.0
2018-07-08T04:45:00Z,GYK,Greys_Creek,38.44901667,-75.13245,0.3,6.37,NaN,20.07,1.32,70.7
2018-07-08T05:00:00Z,GYK,Greys_Creek,38.44901667,-75.13245,0.3,6.19,NaN,20.37,1.37,69.1
2018-07-08T05:15:00Z,GYK,Greys_Creek,38.44901667,-75.13245,0.3,5.73,NaN,20.98,3.1,65.4
2018-07-08T05:30:00Z,GYK,Greys_Creek,38.44901667,-75.13245,0.3,6.09,NaN,19.85,2.9,67.9
2018-07-08T05:45:00Z,GYK,Greys_Creek,38.44901667,-75.13245,0.3,6.75,NaN,19.74,4.39,75.8
2018-07-08T06:00:00Z,GYK,Greys_Creek,38.44901667,-75.13245,0.3,6.61,NaN,19.48,3.91,73.6
2018-07-08T06:15:00Z,GYK,Greys_Creek,38.44901667,-75.13245,0.3,5.49,0.134,20.62,4.88,62.9
2018-07-08T06:30:00Z,GYK,Greys_Creek,38.44901667,-75.13245,0.3,5.82,0.149,20.34,5.82,66.6
2018-07-08T06:45:00Z,GYK,Greys_Creek,38.44901667,-75.13245,0.3,6.31,0.163,19.98,6.58,72.1
2018-07-08T07:00:00Z,GYK,Greys_Creek,38.44901667,-75.13245,0.3,5.87,0.18,20.29,7.37,67.8
2018-07-08T07:15:00Z,GYK,Greys_Creek,38.44901667,-75.13245,0.3,6.06,0.194,20.76,7.86,70.9
2018-07-08T07:30:00Z,GYK,Greys_Creek,38.44901667,-75.13245,0.3,6.0,0.21,20.37,8.02,69.7
2018-07-08T07:45:00Z,GYK,Greys_Creek,38.44901667,-75.13245,0.3,5.96,0.225,20.28,8.35,69.3
2018-07-08T08:00:00Z,GYK,Greys_Creek,38.44901667,-75.13245,0.3,6.22,0.238,20.17,8.48,72.2
2018-07-08T08:15:00Z,GYK,Greys_Creek,38.44901667,-75.13245,0.3,5.38,0.253,20.56,8.56,62.9
2018-07-08T08:30:00Z,GYK,Greys_Creek,38.44901667,-75.13245,0.3,5.82,0.265,20.59,8.93,68.2
2018-07-08T08:45:00Z,GYK,Greys_Creek,38.44901667,-75.13245,0.3,5.81,0.272,20.95,8.95,68.6
2018-07-08T09:00:00Z,GYK,Greys_Creek,38.44901667,-75.13245,0.3,5.32,0.283,20.96,9.27,62.9
2018-07-08T09:15:00Z,GYK,Greys_Creek,38.44901667,-75.13245,0.3,5.97,0.296,21.72,9.85,71.9
2018-07-08T09:30:00Z,GYK,Greys_Creek,38.44901667,-75.13245,0.3,5.46,0.308,21.67,9.93,65.7
2018-07-08T09:45:00Z,GYK,Greys_Creek,38.44901667,-75.13245,0.3,4.44,0.309,21.53,10.55,53.5
2018-07-08T10:00:00Z,GYK,Greys_Creek,38.44901667,-75.13245,0.3,3.46,0.315,21.93,10.73,42.0
2018-07-08T10:15:00Z,GYK,Greys_Creek,38.44901667,-75.13245,0.3,4.88,0.323,21.56,10.6,58.9
2018-07-08T10:30:00Z,GYK,Greys_Creek,38.44901667,-75.13245,0.3,4.89,0.322,20.38,10.21,57.6
2018-07-08T10:45:00Z,GYK,Greys_Creek,38.44901667,-75.13245,0.3,3.81,0.32,22.47,11.75,47.1
2018-07-08T11:00:00Z,GYK,Greys_Creek,38.44901667,-75.13245,0.3,2.78,0.315,23.24,11.84,34.8
2018-07-08T11:15:00Z,GYK,Greys_Creek,38.44901667,-75.13245,0.3,4.39,0.306,21.77,10.27,53.1
2018-07-08T11:30:00Z,GYK,Greys_Creek,38.44901667,-75.13245,0.3,3.2,0.289,21.67,7.82,38.1
2018-07-08T11:45:00Z,GYK,Greys_Creek,38.44901667,-75.13245,0.3,3.9,0.273,22.02,9.35,47.1
2018-07-08T12:00:00Z,GYK,Greys_Creek,38.44901667,-75.13245,0.3,5.29,0.258,21.4,9.26,63.1
2018-07-08T12:15:00Z,GYK,Greys_Creek,38.44901667,-75.13245,0.3,4.76,0.246,22.37,10.12,58.1
2018-07-08T12:30:00Z,GYK,Greys_Creek,38.44901667,-75.13245,0.3,3.87,0.236,23.65,11.6,48.8
2018-07-08T12:45:00Z,GYK,Greys_Creek,38.44901667,-75.13245,0.3,4.52,0.22,23.17,9.4,55.8
2018-07-08T13:00:00Z,GYK,Greys_Creek,38.44901667,-75.13245,0.3,7.59,0.208,21.48,8.73,90.4
2018-07-08T13:15:00Z,GYK,Greys_Creek,38.44901667,-75.13245,0.3,7.98,0.196,20.88,3.16,91.0
2018-07-08T13:30:00Z,GYK,Greys_Creek,38.44901667,-75.13245,0.3,7.97,0.176,21.06,2.67,90.9
2018-07-08T13:45:00Z,GYK,Greys_Creek,38.44901667,-75.13245,0.3,7.1,0.161,21.23,2.96,81.4
2018-07-08T14:00:00Z,GYK,Greys_Creek,38.44901667,-75.13245,0.3,10.25,0.154,20.93,2.14,116.3
2018-07-08T14:15:00Z,GYK,Greys_Creek,38.44901667,-75.13245,0.3,5.56,0.151,21.31,2.39,63.6
2018-07-08T14:30:00Z,GYK,Greys_Creek,38.44901667,-75.13245,0.3,5.99,0.149,21.61,2.45,69.0
2018-07-08T14:45:00Z,GYK,Greys_Creek,38.44901667,-75.13245,0.3,6.85,0.15,21.87,2.45,79.3
2018-07-08T15:00:00Z,GYK,Greys_Creek,38.44901667,-75.13245,0.3,6.07,0.15,22.12,2.42,70.5
2018-07-08T15:15:00Z,GYK,Greys_Creek,38.44901667,-75.13245,0.3,6.19,0.149,22.43,2.87,72.6
2018-07-08T15:30:00Z,GYK,Greys_Creek,38.44901667,-75.13245,0.3,6.05,0.146,22.46,2.18,70.7
2018-07-08T15:45:00Z,GYK,Greys_Creek,38.44901667,-75.13245,0.3,5.68,0.144,22.44,1.9,66.2
2018-07-08T16:00:00Z,GYK,Greys_Creek,38.44901667,-75.13245,0.3,5.93,0.144,22.66,1.87,69.4
2018-07-08T16:15:00Z,GYK,Greys_Creek,38.44901667,-75.13245,0.3,7.78,0.142,24.3,3.78,94.9
2018-07-08T16:30:00Z,GYK,Greys_Creek,38.44901667,-75.13245,0.3,6.34,NaN,23.53,1.86,75.4
2018-07-08T16:45:00Z,GYK,Greys_Creek,38.44901667,-75.13245,0.3,6.63,NaN,23.64,1.4,78.9
2018-07-08T17:00:00Z,GYK,Greys_Creek,38.44901667,-75.13245,0.3,7.35,NaN,24.63,1.2,88.9
2018-07-08T17:15:00Z,GYK,Greys_Creek,38.44901667,-75.13245,0.3,7.71,NaN,25.79,2.11,95.8
2018-07-08T17:30:00Z,GYK,Greys_Creek,38.44901667,-75.13245,0.3,11.52,NaN,26.09,1.84,143.7
2018-07-08T17:45:00Z,GYK,Greys_Creek,38.44901667,-75.13245,0.3,10.95,NaN,27.49,3.29,141.2
2018-07-08T18:00:00Z,GYK,Greys_Creek,38.44901667,-75.13245,0.3,10.37,NaN,28.15,4.87,136.5
2018-07-08T18:15:00Z,GYK,Greys_Creek,38.44901667,-75.13245,0.3,10.46,NaN,28.38,4.85,138.2
2018-07-08T18:30:00Z,GYK,Greys_Creek,38.44901667,-75.13245,0.3,10.55,NaN,28.77,5.36,140.8
2018-07-08T18:45:00Z,GYK,Greys_Creek,38.44901667,-75.13245,0.3,9.77,NaN,29.16,5.2,131.1
2018-07-08T19:00:00Z,GYK,Greys_Creek,38.44901667,-75.13245,0.3,10.26,NaN,29.4,5.51,138.5
2018-07-08T19:15:00Z,GYK,Greys_Creek,38.44901667,-75.13245,0.3,11.91,0.143,29.58,6.38,162.0
2018-07-08T19:30:00Z,GYK,Greys_Creek,38.44901667,-75.13245,0.3,12.47,0.157,29.55,6.83,170.0
2018-07-08T19:45:00Z,GYK,Greys_Creek,38.44901667,-75.13245,0.3,14.53,0.17,29.87,6.92,199.2
2018-07-08T20:00:00Z,GYK,Greys_Creek,38.44901667,-75.13245,0.3,12.7,0.193,29.76,7.06,174.0
2018-07-08T20:15:00Z,GYK,Greys_Creek,38.44901667,-75.13245,0.3,13.38,0.211,29.45,7.56,182.8
2018-07-08T20:30:00Z,GYK,Greys_Creek,38.44901667,-75.13245,0.3,14.7,0.23,29.44,7.56,200.7
2018-07-08T20:45:00Z,GYK,Greys_Creek,38.44901667,-75.13245,0.3,14.36,0.244,29.45,7.6,196.1
2018-07-08T21:00:00Z,GYK,Greys_Creek,38.44901667,-75.13245,0.3,13.69,0.263,29.17,7.77,186.3
2018-07-08T21:15:00Z,GYK,Greys_Creek,38.44901667,-75.13245,0.3,14.27,0.278,28.97,7.99,193.8
2018-07-08T21:30:00Z,GYK,Greys_Creek,38.44901667,-75.13245,0.3,14.49,0.293,28.89,8.29,196.8
2018-07-08T21:45:00Z,GYK,Greys_Creek,38.44901667,-75.13245,0.3,13.92,0.307,28.77,8.9,189.3
2018-07-08T22:00:00Z,GYK,Greys_Creek,38.44901667,-75.13245,0.3,13.97,0.31,28.67,9.09,189.9
2018-07-08T22:15:00Z,GYK,Greys_Creek,38.44901667,-75.13245,0.3,14.49,0.317,28.63,9.18,196.9
2018-07-08T22:30:00Z,GYK,Greys_Creek,38.44901667,-75.13245,0.3,14.15,0.327,28.44,9.57,192.2
2018-07-08T22:45:00Z,GYK,Greys_Creek,38.44901667,-75.13245,0.3,14.78,0.331,28.53,9.37,200.7
2018-07-08T23:00:00Z,GYK,Greys_Creek,38.44901667,-75.13245,0.3,14.1,0.335,28.55,9.11,191.3
2018-07-08T23:15:00Z,GYK,Greys_Creek,38.44901667,-75.13245,0.3,14.09,0.345,27.7,11.29,190.7
2018-07-08T23:30:00Z,GYK,Greys_Creek,38.44901667,-75.13245,0.3,14.86,0.342,27.98,9.17,199.7
2018-07-08T23:45:00Z,GYK,Greys_Creek,38.44901667,-75.13245,0.3,13.13,0.332,27.75,9.14,175.7
2018-07-09T00:00:00Z,GYK,Greys_Creek,38.44901667,-75.13245,0.3,15.66,0.317,27.39,8.96,208.0
2018-07-09T00:15:00Z,GYK,Greys_Creek,38.44901667,-75.13245,0.3,16.23,0.301,27.51,9.23,216.4
2018-07-09T00:30:00Z,GYK,Greys_Creek,38.44901667,-75.13245,0.3,16.1,0.287,27.07,9.4,213.2
2018-07-09T00:45:00Z,GYK,Greys_Creek,38.44901667,-75.13245,0.3,13.63,0.267,27.3,8.07,179.9
2018-07-09T01:00:00Z,GYK,Greys_Creek,38.44901667,-75.13245,0.3,16.22,0.25,26.87,7.76,212.1
2018-07-09T01:15:00Z,GYK,Greys_Creek,38.44901667,-75.13245,0.3,14.13,0.233,26.72,6.7,183.1
2018-07-09T01:30:00Z,GYK,Greys_Creek,38.44901667,-75.13245,0.3,13.63,0.23,27.06,6.49,177.6
2018-07-09T01:45:00Z,GYK,Greys_Creek,38.44901667,-75.13245,0.3,14.46,0.218,26.72,6.11,186.9
2018-07-09T02:00:00Z,GYK,Greys_Creek,38.44901667,-75.13245,0.3,13.54,0.198,25.51,4.88,170.0
2018-07-09T02:15:00Z,GYK,Greys_Creek,38.44901667,-75.13245,0.3,11.68,0.18,25.27,4.89,146.0
2018-07-09T02:30:00Z,GYK,Greys_Creek,38.44901667,-75.13245,0.3,14.08,0.167,25.18,4.75,175.6
2018-07-09T02:45:00Z,GYK,Greys_Creek,38.44901667,-75.13245,0.3,11.66,0.153,24.84,4.42,144.3
2018-07-09T03:00:00Z,GYK,Greys_Creek,38.44901667,-75.13245,0.3,12.1,0.144,24.96,5.26,150.8
2018-07-09T03:15:00Z,GYK,Greys_Creek,38.44901667,-75.13245,0.3,9.75,0.131,24.28,4.12,119.1
2018-07-09T03:30:00Z,GYK,Greys_Creek,38.44901667,-75.13245,0.3,10.46,0.129,24.08,4.03,127.3
2018-07-09T03:45:00Z,GYK,Greys_Creek,38.44901667,-75.13245,0.3,9.7,0.128,23.67,3.09,116.5
2018-07-09T04:00:00Z,GYK,Greys_Creek,38.44901667,-75.13245,0.3,9.52,0.125,23.44,2.85,113.7
2018-07-09T04:15:00Z,GYK,Greys_Creek,38.44901667,-75.13245,0.3,8.68,0.125,22.72,2.07,101.9
2018-07-09T04:30:00Z,GYK,Greys_Creek,38.44901667,-75.13245,0.3,8.62,0.124,22.58,2.01,100.8
2018-07-09T04:45:00Z,GYK,Greys_Creek,38.44901667,-75.13245,0.3,8.37,0.122,22.27,1.89,97.3
2018-07-09T05:00:00Z,GYK,Greys_Creek,38.44901667,-75.13245,0.3,7.97,NaN,21.97,1.58,92.0
2018-07-09T05:15:00Z,GYK,Greys_Creek,38.44901667,-75.13245,0.3,8.12,NaN,21.56,1.48,92.9
2018-07-09T05:30:00Z,GYK,Greys_Creek,38.44901667,-75.13245,0.3,7.88,NaN,21.42,1.46,89.9
2018-07-09T05:45:00Z,GYK,Greys_Creek,38.44901667,-75.13245,0.3,7.45,NaN,21.13,1.49,84.5
2018-07-09T06:00:00Z,GYK,Greys_Creek,38.44901667,-75.13245,0.3,7.31,NaN,21.02,1.44,82.7
2018-07-09T06:15:00Z,GYK,Greys_Creek,38.44901667,-75.13245,0.3,12.24,NaN,21.17,1.5,139.0
2018-07-09T06:30:00Z,GYK,Greys_Creek,38.44901667,-75.13245,0.3,8.41,NaN,21.66,1.54,96.5
2018-07-09T06:45:00Z,GYK,Greys_Creek,38.44901667,-75.13245,0.3,6.38,NaN,25.38,10.01,82.3
2018-07-09T07:00:00Z,GYK,Greys_Creek,38.44901667,-75.13245,0.3,5.7,NaN,25.16,12.96,74.4
2018-07-09T07:15:00Z,GYK,Greys_Creek,38.44901667,-75.13245,0.3,4.93,NaN,24.74,11.6,63.5
2018-07-09T07:30:00Z,GYK,Greys_Creek,38.44901667,-75.13245,0.3,4.73,0.127,25.11,12.6,61.6
2018-07-09T07:45:00Z,GYK,Greys_Creek,38.44901667,-75.13245,0.3,4.58,0.135,24.94,12.22,59.4
2018-07-09T08:00:00Z,GYK,Greys_Creek,38.44901667,-75.13245,0.3,4.33,0.145,24.89,12.5,56.1
2018-07-09T08:15:00Z,GYK,Greys_Creek,38.44901667,-75.13245,0.3,3.3,0.157,25.06,13.46,43.2
2018-07-09T08:30:00Z,GYK,Greys_Creek,38.44901667,-75.13245,0.3,3.71,0.17,25.0,13.66,48.5
2018-07-09T08:45:00Z,GYK,Greys_Creek,38.44901667,-75.13245,0.3,3.84,0.182,24.82,13.74,50.1
2018-07-09T09:00:00Z,GYK,Greys_Creek,38.44901667,-75.13245,0.3,3.39,0.199,24.77,13.59,44.2
2018-07-09T09:15:00Z,GYK,Greys_Creek,38.44901667,-75.13245,0.3,3.36,0.214,24.91,14.0,43.9
2018-07-09T09:30:00Z,GYK,Greys_Creek,38.44901667,-75.13245,0.3,3.14,0.224,25.05,14.15,41.2
2018-07-09T09:45:00Z,GYK,Greys_Creek,38.44901667,-75.13245,0.3,3.04,0.237,25.19,14.34,40.0
2018-07-09T10:00:00Z,GYK,Greys_Creek,38.44901667,-75.13245,0.3,3.12,0.245,25.4,14.84,41.3
2018-07-09T10:15:00Z,GYK,Greys_Creek,38.44901667,-75.13245,0.3,3.01,0.254,25.39,15.06,40.0
2018-07-09T10:30:00Z,GYK,Greys_Creek,38.44901667,-75.13245,0.3,3.26,0.26,25.41,15.11,43.3
2018-07-09T10:45:00Z,GYK,Greys_Creek,38.44901667,-75.13245,0.3,2.89,0.264,25.35,15.14,38.3
2018-07-09T11:00:00Z,GYK,Greys_Creek,38.44901667,-75.13245,0.3,3.47,0.258,26.13,11.93,45.9
2018-07-09T11:15:00Z,GYK,Greys_Creek,38.44901667,-75.13245,0.3,2.62,0.256,26.07,11.9,34.6
2018-07-09T11:30:00Z,GYK,Greys_Creek,38.44901667,-75.13245,0.3,2.76,0.262,25.38,14.83,36.6
2018-07-09T11:45:00Z,GYK,Greys_Creek,38.44901667,-75.13245,0.3,2.52,0.255,26.15,11.99,33.4
2018-07-09T12:00:00Z,GYK,Greys_Creek,38.44901667,-75.13245,0.3,3.39,0.244,26.38,12.2,45.0
2018-07-09T12:15:00Z,GYK,Greys_Creek,38.44901667,-75.13245,0.3,3.26,0.219,26.27,11.92,43.2
2018-07-09T12:30:00Z,GYK,Greys_Creek,38.44901667,-75.13245,0.3,3.99,0.203,25.51,11.5,52.0
2018-07-09T12:45:00Z,GYK,Greys_Creek,38.44901667,-75.13245,0.3,3.35,0.187,25.12,10.8,43.2
2018-07-09T13:00:00Z,GYK,Greys_Creek,38.44901667,-75.13245,0.3,6.26,0.171,23.42,6.2,76.2
2018-07-09T13:15:00Z,GYK,Greys_Creek,38.44901667,-75.13245,0.3,6.73,0.162,23.73,4.69,81.7
2018-07-09T13:30:00Z,GYK,Greys_Creek,38.44901667,-75.13245,0.3,4.7,0.145,23.66,6.07,57.4
2018-07-09T13:45:00Z,GYK,Greys_Creek,38.44901667,-75.13245,0.3,6.89,0.131,24.11,4.72,84.3
2018-07-09T14:00:00Z,GYK,Greys_Creek,38.44901667,-75.13245,0.3,6.08,0.123,22.0,2.84,70.7
2018-07-09T14:15:00Z,GYK,Greys_Creek,38.44901667,-75.13245,0.3,9.57,0.121,22.36,2.29,111.7
2018-07-09T14:30:00Z,GYK,Greys_Creek,38.44901667,-75.13245,0.3,7.41,0.119,22.57,2.51,86.9
2018-07-09T14:45:00Z,GYK,Greys_Creek,38.44901667,-75.13245,0.3,5.81,0.116,21.91,1.74,67.0
2018-07-09T15:00:00Z,GYK,Greys_Creek,38.44901667,-75.13245,0.3,10.57,0.115,22.63,1.89,123.7
2018-07-09T15:15:00Z,GYK,Greys_Creek,38.44901667,-75.13245,0.3,5.38,0.114,22.33,1.76,62.5
2018-07-09T15:30:00Z,GYK,Greys_Creek,38.44901667,-75.13245,0.3,5.32,0.112,22.32,1.41,61.7
2018-07-09T15:45:00Z,GYK,Greys_Creek,38.44901667,-75.13245,0.3,5.65,0.108,22.55,1.4,65.9
2018-07-09T16:00:00Z,GYK,Greys_Creek,38.44901667,-75.13245,0.3,5.5,0.108,22.83,1.41,64.5
2018-07-09T16:15:00Z,GYK,Greys_Creek,38.44901667,-75.13245,0.3,5.45,0.104,22.96,0.97,63.8
2018-07-09T16:30:00Z,GYK,Greys_Creek,38.44901667,-75.13245,0.3,5.78,0.103,23.16,0.7,67.9
2018-07-09T16:45:00Z,GYK,Greys_Creek,38.44901667,-75.13245,0.3,NaN,NaN,NaN,NaN,NaN
2018-07-09T17:00:00Z,GYK,Greys_Creek,38.44901667,-75.13245,0.3,NaN,NaN,NaN,NaN,NaN
2018-07-09T17:15:00Z,GYK,Greys_Creek,38.44901667,-75.13245,0.3,NaN,NaN,NaN,NaN,NaN
2018-07-09T17:30:00Z,GYK,Greys_Creek,38.44901667,-75.13245,0.3,NaN,NaN,NaN,NaN,NaN
2018-07-09T17:45:00Z,GYK,Greys_Creek,38.44901667,-75.13245,0.3,NaN,NaN,NaN,NaN,NaN
2018-07-09T18:00:00Z,GYK,Greys_Creek,38.44901667,-75.13245,0.3,NaN,NaN,NaN,NaN,NaN
2018-07-09T18:15:00Z,GYK,Greys_Creek,38.44901667,-75.13245,0.3,NaN,NaN,NaN,NaN,NaN
2018-07-09T18:30:00Z,GYK,Greys_Creek,38.44901667,-75.13245,0.3,NaN,NaN,NaN,NaN,NaN
2018-07-09T18:45:00Z,GYK,Greys_Creek,38.44901667,-75.13245,0.3,13.99,0.083,30.66,6.48,194.0
2018-07-09T19:00:00Z,GYK,Greys_Creek,38.44901667,-75.13245,0.3,13.76,0.081,31.25,8.71,195.0
2018-07-09T19:15:00Z,GYK,Greys_Creek,38.44901667,-75.13245,0.3,13.66,0.078,31.73,8.71,195.1
2018-07-09T19:30:00Z,GYK,Greys_Creek,38.44901667,-75.13245,0.3,13.69,0.075,31.32,8.74,194.3
2018-07-09T19:45:00Z,GYK,Greys_Creek,38.44901667,-75.13245,0.3,13.66,0.073,31.46,8.88,194.5
2018-07-09T20:00:00Z,GYK,Greys_Creek,38.44901667,-75.13245,0.3,14.6,0.069,31.31,9.44,207.9
2018-07-09T20:15:00Z,GYK,Greys_Creek,38.44901667,-75.13245,0.3,14.6,0.081,31.53,9.9,209.3
2018-07-09T20:30:00Z,GYK,Greys_Creek,38.44901667,-75.13245,0.3,15.0,0.097,31.59,10.23,215.5
2018-07-09T20:45:00Z,GYK,Greys_Creek,38.44901667,-75.13245,0.3,15.8,0.119,31.51,10.63,227.3
2018-07-09T21:00:00Z,GYK,Greys_Creek,38.44901667,-75.13245,0.3,16.92,0.137,31.23,10.95,242.6
2018-07-09T21:15:00Z,GYK,Greys_Creek,38.44901667,-75.13245,0.3,15.93,0.15,31.23,11.1,228.6
2018-07-09T21:30:00Z,GYK,Greys_Creek,38.44901667,-75.13245,0.3,17.67,0.16,31.29,10.97,253.7
2018-07-09T21:45:00Z,GYK,Greys_Creek,38.44901667,-75.13245,0.3,17.81,0.18,30.77,11.75,254.6
2018-07-09T22:00:00Z,GYK,Greys_Creek,38.44901667,-75.13245,0.3,18.39,0.203,30.46,12.47,262.6
2018-07-09T22:15:00Z,GYK,Greys_Creek,38.44901667,-75.13245,0.3,16.57,0.211,30.62,12.33,236.9
2018-07-09T22:30:00Z,GYK,Greys_Creek,38.44901667,-75.13245,0.3,17.04,0.226,30.56,11.5,242.3
2018-07-09T22:45:00Z,GYK,Greys_Creek,38.44901667,-75.13245,0.3,16.13,0.24,30.31,12.38,229.6
2018-07-09T23:00:00Z,GYK,Greys_Creek,38.44901667,-75.13245,0.3,15.7,0.254,29.92,13.3,223.1
2018-07-09T23:15:00Z,GYK,Greys_Creek,38.44901667,-75.13245,0.3,13.87,0.265,29.84,13.25,196.8
2018-07-09T23:30:00Z,GYK,Greys_Creek,38.44901667,-75.13245,0.3,13.94,0.278,29.8,12.99,197.4
2018-07-09T23:45:00Z,GYK,Greys_Creek,38.44901667,-75.13245,0.3,13.48,0.279,29.75,11.94,189.6
2018-07-10T00:00:00Z,GYK,Greys_Creek,38.44901667,-75.13245,0.3,13.33,0.284,29.35,13.27,187.6
2018-07-10T00:15:00Z,GYK,Greys_Creek,38.44901667,-75.13245,0.3,12.74,0.28,29.38,12.01,178.1
2018-07-10T00:30:00Z,GYK,Greys_Creek,38.44901667,-75.13245,0.3,12.36,0.276,29.22,9.93,170.4
2018-07-10T00:45:00Z,GYK,Greys_Creek,38.44901667,-75.13245,0.3,9.91,0.276,29.28,13.05,139.2
2018-07-10T01:00:00Z,GYK,Greys_Creek,38.44901667,-75.13245,0.3,9.58,0.269,29.25,12.76,134.2
2018-07-10T01:15:00Z,GYK,Greys_Creek,38.44901667,-75.13245,0.3,13.73,0.251,28.81,9.15,187.2
2018-07-10T01:30:00Z,GYK,Greys_Creek,38.44901667,-75.13245,0.3,14.49,0.226,28.89,9.77,198.5
2018-07-10T01:45:00Z,GYK,Greys_Creek,38.44901667,-75.13245,0.3,12.78,0.202,28.88,8.98,174.2
2018-07-10T02:00:00Z,GYK,Greys_Creek,38.44901667,-75.13245,0.3,12.34,0.188,28.78,9.04,168.1
2018-07-10T02:15:00Z,GYK,Greys_Creek,38.44901667,-75.13245,0.3,12.35,0.169,28.09,7.88,165.1
2018-07-10T02:30:00Z,GYK,Greys_Creek,38.44901667,-75.13245,0.3,11.69,0.155,27.33,7.22,153.6
2018-07-10T02:45:00Z,GYK,Greys_Creek,38.44901667,-75.13245,0.3,13.08,0.145,27.15,6.79,171.0
2018-07-10T03:00:00Z,GYK,Greys_Creek,38.44901667,-75.13245,0.3,13.57,0.132,27.09,6.36,176.8
2018-07-10T03:15:00Z,GYK,Greys_Creek,38.44901667,-75.13245,0.3,12.61,0.111,26.35,5.92,161.7
2018-07-10T03:30:00Z,GYK,Greys_Creek,38.44901667,-75.13245,0.3,12.02,0.095,25.88,5.5,152.5
2018-07-10T03:45:00Z,GYK,Greys_Creek,38.44901667,-75.13245,0.3,10.98,0.082,25.67,5.12,138.5
2018-07-10T04:00:00Z,GYK,Greys_Creek,38.44901667,-75.13245,0.3,11.3,0.068,25.24,4.78,141.2
2018-07-10T04:15:00Z,GYK,Greys_Creek,38.44901667,-75.13245,0.3,10.95,0.064,25.07,4.61,136.2
2018-07-10T04:30:00Z,GYK,Greys_Creek,38.44901667,-75.13245,0.3,9.89,0.06,24.74,3.6,121.6
2018-07-10T04:45:00Z,GYK,Greys_Creek,38.44901667,-75.13245,0.3,9.25,0.056,24.28,3.21,112.5
2018-07-10T05:00:00Z,GYK,Greys_Creek,38.44901667,-75.13245,0.3,8.9,0.055,23.85,2.41,106.9
2018-07-10T05:15:00Z,GYK,Greys_Creek,38.44901667,-75.13245,0.3,8.55,0.056,23.52,2.08,101.9
2018-07-10T05:30:00Z,GYK,Greys_Creek,38.44901667,-75.13245,0.3,8.53,0.054,22.98,1.6,100.3
2018-07-10T05:45:00Z,GYK,Greys_Creek,38.44901667,-75.13245,0.3,7.83,0.052,22.85,1.67,91.9
2018-07-10T06:00:00Z,GYK,Greys_Creek,38.44901667,-75.13245,0.3,7.41,0.05,22.56,1.85,86.6
2018-07-10T06:15:00Z,GYK,Greys_Creek,38.44901667,-75.13245,0.3,7.21,0.048,22.44,1.76,84.0
2018-07-10T06:30:00Z,GYK,Greys_Creek,38.44901667,-75.13245,0.3,7.08,0.049,22.06,1.39,81.8
2018-07-10T06:45:00Z,GYK,Greys_Creek,38.44901667,-75.13245,0.3,6.75,0.048,21.74,1.33,77.4
2018-07-10T07:00:00Z,GYK,Greys_Creek,38.44901667,-75.13245,0.3,6.6,0.047,21.5,1.09,75.2
2018-07-10T07:15:00Z,GYK,Greys_Creek,38.44901667,-75.13245,0.3,6.39,0.047,21.44,1.17,72.8
2018-07-10T07:30:00Z,GYK,Greys_Creek,38.44901667,-75.13245,0.3,6.13,0.046,21.97,1.37,70.6
2018-07-10T07:45:00Z,GYK,Greys_Creek,38.44901667,-75.13245,0.3,6.31,0.043,21.5,1.67,72.2
2018-07-10T08:00:00Z,GYK,Greys_Creek,38.44901667,-75.13245,0.3,5.11,0.043,24.63,3.62,62.7
2018-07-10T08:15:00Z,GYK,Greys_Creek,38.44901667,-75.13245,0.3,5.21,0.041,25.32,8.81,66.7
2018-07-10T08:30:00Z,GYK,Greys_Creek,38.44901667,-75.13245,0.3,4.45,0.039,25.39,12.62,58.3
2018-07-10T08:45:00Z,GYK,Greys_Creek,38.44901667,-75.13245,0.3,3.72,0.039,25.75,13.08,49.2
2018-07-10T09:00:00Z,GYK,Greys_Creek,38.44901667,-75.13245,0.3,3.29,0.039,25.6,12.87,43.3
2018-07-10T09:15:00Z,GYK,Greys_Creek,38.44901667,-75.13245,0.3,2.77,0.049,25.67,12.82,36.4
2018-07-10T09:30:00Z,GYK,Greys_Creek,38.44901667,-75.13245,0.3,2.57,0.059,25.51,11.89,33.6
2018-07-10T09:45:00Z,GYK,Greys_Creek,38.44901667,-75.13245,0.3,2.04,0.079,25.93,13.35,27.0
2018-07-10T10:00:00Z,GYK,Greys_Creek,38.44901667,-75.13245,0.3,1.55,0.091,26.19,13.86,20.7
2018-07-10T10:15:00Z,GYK,Greys_Creek,38.44901667,-75.13245,0.3,1.77,0.106,26.41,14.32,23.8
2018-07-10T10:30:00Z,GYK,Greys_Creek,38.44901667,-75.13245,0.3,2.12,0.116,26.18,14.28,28.4
2018-07-10T10:45:00Z,GYK,Greys_Creek,38.44901667,-75.13245,0.3,1.91,0.122,26.36,13.76,25.6
2018-07-10T11:00:00Z,GYK,Greys_Creek,38.44901667,-75.13245,0.3,1.96,0.125,26.49,11.88,26.1
2018-07-10T11:15:00Z,GYK,Greys_Creek,38.44901667,-75.13245,0.3,2.51,0.133,26.6,14.62,33.9
2018-07-10T11:30:00Z,GYK,Greys_Creek,38.44901667,-75.13245,0.3,2.2,0.14,26.58,14.85,29.7
2018-07-10T11:45:00Z,GYK,Greys_Creek,38.44901667,-75.13245,0.3,2.19,0.143,26.63,14.79,29.7
2018-07-10T12:00:00Z,GYK,Greys_Creek,38.44901667,-75.13245,0.3,2.0,0.145,26.74,14.55,27.1
2018-07-10T12:15:00Z,GYK,Greys_Creek,38.44901667,-75.13245,0.3,1.9,0.141,26.79,11.37,25.3
2018-07-10T12:30:00Z,GYK,Greys_Creek,38.44901667,-75.13245,0.3,2.55,0.135,27.03,11.43,34.2
2018-07-10T12:45:00Z,GYK,Greys_Creek,38.44901667,-75.13245,0.3,3.21,0.121,26.29,10.3,42.1
2018-07-10T13:00:00Z,GYK,Greys_Creek,38.44901667,-75.13245,0.3,4.75,0.105,27.68,11.25,64.3
2018-07-10T13:15:00Z,GYK,Greys_Creek,38.44901667,-75.13245,0.3,7.21,0.08,27.71,10.85,97.3
2018-07-10T13:30:00Z,GYK,Greys_Creek,38.44901667,-75.13245,0.3,7.61,0.057,25.32,4.84,95.2
2018-07-10T13:45:00Z,GYK,Greys_Creek,38.44901667,-75.13245,0.3,6.7,0.041,25.05,4.51,83.2
2018-07-10T14:00:00Z,GYK,Greys_Creek,38.44901667,-75.13245,0.3,4.58,0.034,23.53,3.09,54.9
2018-07-10T14:15:00Z,GYK,Greys_Creek,38.44901667,-75.13245,0.3,7.52,0.032,24.47,2.98,91.6
2018-07-10T14:30:00Z,GYK,Greys_Creek,38.44901667,-75.13245,0.3,8.97,0.028,23.83,2.35,107.6
2018-07-10T14:45:00Z,GYK,Greys_Creek,38.44901667,-75.13245,0.3,9.12,0.026,25.36,4.45,113.9
2018-07-10T15:00:00Z,GYK,Greys_Creek,38.44901667,-75.13245,0.3,6.92,0.025,24.44,3.32,84.5
2018-07-10T15:15:00Z,GYK,Greys_Creek,38.44901667,-75.13245,0.3,6.84,0.022,23.87,1.95,82.0
2018-07-10T15:30:00Z,GYK,Greys_Creek,38.44901667,-75.13245,0.3,5.29,0.02,23.84,1.72,63.3
2018-07-10T15:45:00Z,GYK,Greys_Creek,38.44901667,-75.13245,0.3,5.99,0.017,24.49,1.82,72.6
2018-07-10T16:00:00Z,GYK,Greys_Creek,38.44901667,-75.13245,0.3,10.15,0.016,26.93,4.71,130.6
2018-07-10T16:15:00Z,GYK,Greys_Creek,38.44901667,-75.13245,0.3,8.45,0.014,25.64,2.25,104.8
2018-07-10T16:30:00Z,GYK,Greys_Creek,38.44901667,-75.13245,0.3,5.84,NaN,25.85,1.61,72.4
2018-07-10T16:45:00Z,GYK,Greys_Creek,38.44901667,-75.13245,0.3,8.57,NaN,27.6,2.79,110.4
2018-07-10T17:00:00Z,GYK,Greys_Creek,38.44901667,-75.13245,0.3,10.25,0.048,29.35,3.64,136.8
2018-07-10T17:15:00Z,GYK,Greys_Creek,38.44901667,-75.13245,0.3,NaN,NaN,NaN,NaN,NaN
2018-07-10T17:30:00Z,GYK,Greys_Creek,38.44901667,-75.13245,0.3,NaN,NaN,NaN,NaN,NaN
2018-07-10T17:45:00Z,GYK,Greys_Creek,38.44901667,-75.13245,0.3,NaN,NaN,NaN,NaN,NaN
2018-07-10T18:00:00Z,GYK,Greys_Creek,38.44901667,-75.13245,0.3,NaN,NaN,NaN,NaN,NaN
2018-07-10T18:15:00Z,GYK,Greys_Creek,38.44901667,-75.13245,0.3,NaN,NaN,NaN,NaN,NaN
2018-07-10T18:30:00Z,GYK,Greys_Creek,38.44901667,-75.13245,0.3,NaN,NaN,NaN,NaN,NaN
2018-07-10T18:45:00Z,GYK,Greys_Creek,38.44901667,-75.13245,0.3,NaN,NaN,NaN,NaN,NaN
2018-07-10T19:00:00Z,GYK,Greys_Creek,38.44901667,-75.13245,0.3,NaN,NaN,NaN,NaN,NaN
2018-07-10T19:15:00Z,GYK,Greys_Creek,38.44901667,-75.13245,0.3,NaN,NaN,NaN,NaN,NaN
2018-07-10T19:30:00Z,GYK,Greys_Creek,38.44901667,-75.13245,0.3,12.8,0.034,32.5,4.58,181.2
2018-07-10T19:45:00Z,GYK,Greys_Creek,38.44901667,-75.13245,0.3,13.02,0.045,32.47,9.78,189.5
2018-07-10T20:00:00Z,GYK,Greys_Creek,38.44901667,-75.13245,0.3,14.25,0.065,33.54,12.77,214.3
2018-07-10T20:15:00Z,GYK,Greys_Creek,38.44901667,-75.13245,0.3,15.66,0.038,34.18,13.53,239.0
2018-07-10T20:30:00Z,GYK,Greys_Creek,38.44901667,-75.13245,0.3,15.85,0.041,33.98,13.96,241.7
2018-07-10T20:45:00Z,GYK,Greys_Creek,38.44901667,-75.13245,0.3,16.53,0.041,33.45,13.68,249.5
2018-07-10T21:00:00Z,GYK,Greys_Creek,38.44901667,-75.13245,0.3,16.45,0.042,33.66,13.77,249.3
2018-07-10T21:15:00Z,GYK,Greys_Creek,38.44901667,-75.13245,0.3,15.97,0.045,33.22,13.89,240.5
2018-07-10T21:30:00Z,GYK,Greys_Creek,38.44901667,-75.13245,0.3,15.24,0.045,33.19,13.9,229.4
2018-07-10T21:45:00Z,GYK,Greys_Creek,38.44901667,-75.13245,0.3,14.75,0.045,32.92,14.58,221.8
2018-07-10T22:00:00Z,GYK,Greys_Creek,38.44901667,-75.13245,0.3,14.79,0.079,32.59,15.06,221.8
2018-07-10T22:15:00Z,GYK,Greys_Creek,38.44901667,-75.13245,0.3,13.59,0.1,32.21,15.47,203.0
2018-07-10T22:30:00Z,GYK,Greys_Creek,38.44901667,-75.13245,0.3,13.31,0.122,31.93,15.77,198.2
2018-07-10T22:45:00Z,GYK,Greys_Creek,38.44901667,-75.13245,0.3,13.01,0.134,31.87,15.65,193.4
2018-07-10T23:00:00Z,GYK,Greys_Creek,38.44901667,-75.13245,0.3,13.79,0.153,31.63,15.92,204.5
2018-07-10T23:15:00Z,GYK,Greys_Creek,38.44901667,-75.13245,0.3,12.5,0.174,31.52,15.97,185.1
2018-07-10T23:30:00Z,GYK,Greys_Creek,38.44901667,-75.13245,0.3,12.58,0.19,31.2,16.0,185.3
2018-07-10T23:45:00Z,GYK,Greys_Creek,38.44901667,-75.13245,0.3,12.0,0.204,31.14,16.0,176.6
2018-07-11T00:00:00Z,GYK,Greys_Creek,38.44901667,-75.13245,0.3,10.87,0.216,31.12,16.05,160.1
2018-07-11T00:15:00Z,GYK,Greys_Creek,38.44901667,-75.13245,0.3,9.97,0.228,30.98,16.2,146.6
2018-07-11T00:30:00Z,GYK,Greys_Creek,38.44901667,-75.13245,0.3,10.33,0.239,30.81,16.19,151.4
2018-07-11T00:45:00Z,GYK,Greys_Creek,38.44901667,-75.13245,0.3,10.01,0.248,30.64,16.05,146.2
2018-07-11T01:00:00Z,GYK,Greys_Creek,38.44901667,-75.13245,0.3,10.44,0.251,30.65,15.89,152.3
2018-07-11T01:15:00Z,GYK,Greys_Creek,38.44901667,-75.13245,0.3,8.53,0.257,30.58,15.91,124.4
2018-07-11T01:30:00Z,GYK,Greys_Creek,38.44901667,-75.13245,0.3,7.8,0.26,30.51,16.14,113.7
2018-07-11T01:45:00Z,GYK,Greys_Creek,38.44901667,-75.13245,0.3,7.77,0.255,31.9,14.4,114.8
2018-07-11T02:00:00Z,GYK,Greys_Creek,38.44901667,-75.13245,0.3,10.42,0.245,31.95,14.46,154.1
2018-07-11T02:15:00Z,GYK,Greys_Creek,38.44901667,-75.13245,0.3,10.46,0.229,31.82,14.51,154.5
2018-07-11T02:30:00Z,GYK,Greys_Creek,38.44901667,-75.13245,0.3,9.51,0.201,31.12,12.21,137.1
2018-07-11T02:45:00Z,GYK,Greys_Creek,38.44901667,-75.13245,0.3,11.61,0.177,31.88,13.2,170.3
2018-07-11T03:00:00Z,GYK,Greys_Creek,38.44901667,-75.13245,0.3,8.45,0.158,30.67,9.38,119.1
2018-07-11T03:15:00Z,GYK,Greys_Creek,38.44901667,-75.13245,0.3,8.42,0.142,31.33,14.12,123.1
2018-07-11T03:30:00Z,GYK,Greys_Creek,38.44901667,-75.13245,0.3,9.38,0.126,30.14,7.46,129.6
2018-07-11T03:45:00Z,GYK,Greys_Creek,38.44901667,-75.13245,0.3,9.21,0.102,29.86,8.0,127.0
2018-07-11T04:00:00Z,GYK,Greys_Creek,38.44901667,-75.13245,0.3,10.19,0.077,28.39,7.63,136.7
2018-07-11T04:15:00Z,GYK,Greys_Creek,38.44901667,-75.13245,0.3,9.74,0.064,27.63,6.22,127.9
2018-07-11T04:30:00Z,GYK,Greys_Creek,38.44901667,-75.13245,0.3,10.1,0.049,27.48,5.63,131.9
2018-07-11T04:45:00Z,GYK,Greys_Creek,38.44901667,-75.13245,0.3,9.89,0.038,27.42,5.77,129.1
2018-07-11T05:00:00Z,GYK,Greys_Creek,38.44901667,-75.13245,0.3,9.17,0.032,27.3,5.65,119.4
2018-07-11T05:15:00Z,GYK,Greys_Creek,38.44901667,-75.13245,0.3,8.85,0.023,26.97,5.15,114.3
2018-07-11T05:30:00Z,GYK,Greys_Creek,38.44901667,-75.13245,0.3,8.6,0.007,26.67,5.18,110.5
2018-07-11T05:45:00Z,GYK,Greys_Creek,38.44901667,-75.13245,0.3,8.06,NaN,26.5,3.76,102.4
2018-07-11T06:00:00Z,GYK,Greys_Creek,38.44901667,-75.13245,0.3,7.86,NaN,26.1,3.67,99.0
2018-07-11T06:15:00Z,GYK,Greys_Creek,38.44901667,-75.13245,0.3,7.4,NaN,26.36,3.91,93.9
2018-07-11T06:30:00Z,GYK,Greys_Creek,38.44901667,-75.13245,0.3,6.8,NaN,26.02,3.37,85.4
2018-07-11T06:45:00Z,GYK,Greys_Creek,38.44901667,-75.13245,0.3,6.6,NaN,25.87,2.81,82.4
2018-07-11T07:00:00Z,GYK,Greys_Creek,38.44901667,-75.13245,0.3,6.36,NaN,25.86,2.24,79.2
2018-07-11T07:15:00Z,GYK,Greys_Creek,38.44901667,-75.13245,0.3,6.21,NaN,26.14,2.2,77.6
2018-07-11T07:30:00Z,GYK,Greys_Creek,38.44901667,-75.13245,0.3,5.82,NaN,26.03,3.25,73.1
2018-07-11T07:45:00Z,GYK,Greys_Creek,38.44901667,-75.13245,0.3,5.58,NaN,25.65,1.58,68.9
2018-07-11T08:00:00Z,GYK,Greys_Creek,38.44901667,-75.13245,0.3,5.17,NaN,24.97,1.47,63.0
2018-07-11T08:15:00Z,GYK,Greys_Creek,38.44901667,-75.13245,0.3,4.98,NaN,25.52,2.03,61.6
2018-07-11T08:30:00Z,GYK,Greys_Creek,38.44901667,-75.13245,0.3,4.55,NaN,25.04,2.8,56.0
2018-07-11T08:45:00Z,GYK,Greys_Creek,38.44901667,-75.13245,0.3,3.95,NaN,25.96,4.36,49.9
2018-07-11T09:00:00Z,GYK,Greys_Creek,38.44901667,-75.13245,0.3,1.86,NaN,28.0,9.27,25.0
2018-07-11T09:15:00Z,GYK,Greys_Creek,38.44901667,-75.13245,0.3,0.82,NaN,29.05,15.54,11.6
2018-07-11T09:30:00Z,GYK,Greys_Creek,38.44901667,-75.13245,0.3,0.99,NaN,28.58,15.38,13.9
2018-07-11T09:45:00Z,GYK,Greys_Creek,38.44901667,-75.13245,0.3,0.87,NaN,28.48,16.08,12.3
2018-07-11T10:00:00Z,GYK,Greys_Creek,38.44901667,-75.13245,0.3,1.02,NaN,28.42,16.97,14.4
2018-07-11T10:15:00Z,GYK,Greys_Creek,38.44901667,-75.13245,0.3,0.92,NaN,28.38,17.04,13.0
2018-07-11T10:30:00Z,GYK,Greys_Creek,38.44901667,-75.13245,0.3,0.94,0.007,28.23,17.0,13.2
2018-07-11T10:45:00Z,GYK,Greys_Creek,38.44901667,-75.13245,0.3,1.36,0.052,28.28,16.86,19.1
2018-07-11T11:00:00Z,GYK,Greys_Creek,38.44901667,-75.13245,0.3,2.05,0.068,28.04,17.0,28.7
2018-07-11T11:15:00Z,GYK,Greys_Creek,38.44901667,-75.13245,0.3,1.59,0.086,28.27,17.07,22.4
2018-07-11T11:30:00Z,GYK,Greys_Creek,38.44901667,-75.13245,0.3,0.85,0.103,28.56,17.12,12.0
2018-07-11T11:45:00Z,GYK,Greys_Creek,38.44901667,-75.13245,0.3,1.36,0.11,28.47,17.36,19.2
2018-07-11T12:00:00Z,GYK,Greys_Creek,38.44901667,-75.13245,0.3,1.5,0.117,28.36,17.32,21.3
2018-07-11T12:15:00Z,GYK,Greys_Creek,38.44901667,-75.13245,0.3,1.62,0.128,28.49,17.45,23.0
2018-07-11T12:30:00Z,GYK,Greys_Creek,38.44901667,-75.13245,0.3,1.3,0.138,28.56,17.47,18.5
2018-07-11T12:45:00Z,GYK,Greys_Creek,38.44901667,-75.13245,0.3,1.93,0.144,28.4,17.3,27.3
2018-07-11T13:00:00Z,GYK,Greys_Creek,38.44901667,-75.13245,0.3,1.57,0.144,28.38,16.7,22.1
2018-07-11T13:15:00Z,GYK,Greys_Creek,38.44901667,-75.13245,0.3,1.77,0.145,28.29,16.49,24.9
2018-07-11T13:30:00Z,GYK,Greys_Creek,38.44901667,-75.13245,0.3,2.43,0.146,28.25,16.7,34.3
2018-07-11T13:45:00Z,GYK,Greys_Creek,38.44901667,-75.13245,0.3,2.53,0.137,28.95,11.88,35.1
2018-07-11T14:00:00Z,GYK,Greys_Creek,38.44901667,-75.13245,0.3,7.43,0.121,29.76,14.08,105.8
2018-07-11T14:15:00Z,GYK,Greys_Creek,38.44901667,-75.13245,0.3,6.37,0.102,29.69,8.17,87.6
2018-07-11T14:30:00Z,GYK,Greys_Creek,38.44901667,-75.13245,0.3,7.33,0.082,29.02,12.37,102.1
2018-07-11T14:45:00Z,GYK,Greys_Creek,38.44901667,-75.13245,0.3,3.23,0.065,28.28,7.36,43.2
2018-07-11T15:00:00Z,GYK,Greys_Creek,38.44901667,-75.13245,0.3,5.36,0.056,28.85,8.65,72.9
2018-07-11T15:15:00Z,GYK,Greys_Creek,38.44901667,-75.13245,0.3,9.78,0.054,29.86,10.2,136.5
2018-07-11T15:30:00Z,GYK,Greys_Creek,38.44901667,-75.13245,0.3,8.59,0.051,27.75,4.67,112.2
2018-07-11T15:45:00Z,GYK,Greys_Creek,38.44901667,-75.13245,0.3,11.88,0.046,29.47,8.17,162.9
2018-07-11T16:00:00Z,GYK,Greys_Creek,38.44901667,-75.13245,0.3,15.71,0.038,30.42,5.55,215.8
2018-07-11T16:15:00Z,GYK,Greys_Creek,38.44901667,-75.13245,0.3,8.24,0.022,27.32,2.47,105.4
2018-07-11T16:30:00Z,GYK,Greys_Creek,38.44901667,-75.13245,0.3,9.4,0.008,28.5,4.22,123.9
2018-07-11T16:45:00Z,GYK,Greys_Creek,38.44901667,-75.13245,0.3,7.07,NaN,28.2,3.21,92.3
2018-07-11T17:00:00Z,GYK,Greys_Creek,38.44901667,-75.13245,0.3,7.46,NaN,27.76,2.33,96.1
2018-07-11T17:15:00Z,GYK,Greys_Creek,38.44901667,-75.13245,0.3,6.64,NaN,27.7,2.2,85.4
2018-07-11T17:30:00Z,GYK,Greys_Creek,38.44901667,-75.13245,0.3,6.5,NaN,27.54,2.19,83.3
2018-07-11T17:45:00Z,GYK,Greys_Creek,38.44901667,-75.13245,0.3,6.34,NaN,27.74,2.01,81.6
2018-07-11T18:00:00Z,GYK,Greys_Creek,38.44901667,-75.13245,0.3,9.5,NaN,30.08,2.31,127.4
2018-07-11T18:15:00Z,GYK,Greys_Creek,38.44901667,-75.13245,0.3,NaN,NaN,NaN,NaN,NaN
2018-07-11T18:30:00Z,GYK,Greys_Creek,38.44901667,-75.13245,0.3,NaN,NaN,NaN,NaN,NaN
2018-07-11T18:45:00Z,GYK,Greys_Creek,38.44901667,-75.13245,0.3,NaN,NaN,NaN,NaN,NaN
2018-07-11T19:00:00Z,GYK,Greys_Creek,38.44901667,-75.13245,0.3,NaN,NaN,NaN,NaN,NaN
2018-07-11T19:15:00Z,GYK,Greys_Creek,38.44901667,-75.13245,0.3,NaN,NaN,NaN,NaN,NaN
2018-07-11T19:30:00Z,GYK,Greys_Creek,38.44901667,-75.13245,0.3,NaN,NaN,NaN,NaN,NaN
2018-07-11T19:45:00Z,GYK,Greys_Creek,38.44901667,-75.13245,0.3,NaN,NaN,NaN,NaN,NaN
2018-07-11T20:00:00Z,GYK,Greys_Creek,38.44901667,-75.13245,0.3,NaN,NaN,NaN,NaN,NaN
2018-07-11T20:15:00Z,GYK,Greys_Creek,38.44901667,-75.13245,0.3,11.46,NaN,34.0,0.69,162.8
2018-07-11T20:30:00Z,GYK,Greys_Creek,38.44901667,-75.13245,0.3,11.74,NaN,34.13,4.96,171.0
2018-07-11T20:45:00Z,GYK,Greys_Creek,38.44901667,-75.13245,0.3,11.54,NaN,33.9,10.56,172.6
2018-07-11T21:00:00Z,GYK,Greys_Creek,38.44901667,-75.13245,0.3,10.48,NaN,34.23,11.67,158.5
2018-07-11T21:15:00Z,GYK,Greys_Creek,38.44901667,-75.13245,0.3,12.78,NaN,33.66,12.42,192.3
2018-07-11T21:30:00Z,GYK,Greys_Creek,38.44901667,-75.13245,0.3,12.31,NaN,33.62,12.29,184.9
2018-07-11T21:45:00Z,GYK,Greys_Creek,38.44901667,-75.13245,0.3,12.51,0.012,33.45,12.55,187.7
2018-07-11T22:00:00Z,GYK,Greys_Creek,38.44901667,-75.13245,0.3,13.79,0.033,32.8,13.24,205.5
2018-07-11T22:15:00Z,GYK,Greys_Creek,38.44901667,-75.13245,0.3,14.01,0.049,32.56,13.55,208.3
2018-07-11T22:30:00Z,GYK,Greys_Creek,38.44901667,-75.13245,0.3,13.75,0.096,32.5,13.79,204.5
2018-07-11T22:45:00Z,GYK,Greys_Creek,38.44901667,-75.13245,0.3,12.97,0.121,32.46,14.03,193.0
2018-07-11T23:00:00Z,GYK,Greys_Creek,38.44901667,-75.13245,0.3,12.17,0.156,32.05,15.49,181.4
2018-07-11T23:15:00Z,GYK,Greys_Creek,38.44901667,-75.13245,0.3,13.52,0.18,32.02,15.47,201.3
2018-07-11T23:30:00Z,GYK,Greys_Creek,38.44901667,-75.13245,0.3,11.99,0.195,32.16,15.03,178.5
2018-07-11T23:45:00Z,GYK,Greys_Creek,38.44901667,-75.13245,0.3,11.77,0.216,31.93,15.51,175.0
2018-07-12T00:00:00Z,GYK,Greys_Creek,38.44901667,-75.13245,0.3,12.13,0.243,31.62,15.66,179.7
2018-07-12T00:15:00Z,GYK,Greys_Creek,38.44901667,-75.13245,0.3,11.5,0.265,31.48,15.73,170.0
2018-07-12T00:30:00Z,GYK,Greys_Creek,38.44901667,-75.13245,0.3,11.13,0.281,31.3,15.89,164.1
2018-07-12T00:45:00Z,GYK,Greys_Creek,38.44901667,-75.13245,0.3,10.76,0.298,31.19,15.98,158.6
2018-07-12T01:00:00Z,GYK,Greys_Creek,38.44901667,-75.13245,0.3,10.23,0.321,31.11,16.07,150.5
2018-07-12T01:15:00Z,GYK,Greys_Creek,38.44901667,-75.13245,0.3,9.78,0.338,30.93,16.19,143.6
2018-07-12T01:30:00Z,GYK,Greys_Creek,38.44901667,-75.13245,0.3,9.8,0.354,30.92,15.37,143.3
2018-07-12T01:45:00Z,GYK,Greys_Creek,38.44901667,-75.13245,0.3,9.11,0.363,30.54,15.01,132.0
2018-07-12T02:00:00Z,GYK,Greys_Creek,38.44901667,-75.13245,0.3,8.81,0.371,30.67,15.79,128.5
2018-07-12T02:15:00Z,GYK,Greys_Creek,38.44901667,-75.13245,0.3,8.31,0.374,30.55,16.13,121.2
2018-07-12T02:30:00Z,GYK,Greys_Creek,38.44901667,-75.13245,0.3,7.64,0.378,30.55,15.79,111.2
2018-07-12T02:45:00Z,GYK,Greys_Creek,38.44901667,-75.13245,0.3,7.73,0.374,30.84,13.81,111.9
2018-07-12T03:00:00Z,GYK,Greys_Creek,38.44901667,-75.13245,0.3,5.79,0.362,30.87,13.14,83.6
2018-07-12T03:15:00Z,GYK,Greys_Creek,38.44901667,-75.13245,0.3,7.19,0.343,30.7,13.02,103.3
2018-07-12T03:30:00Z,GYK,Greys_Creek,38.44901667,-75.13245,0.3,8.85,0.315,30.76,14.33,128.2
2018-07-12T03:45:00Z,GYK,Greys_Creek,38.44901667,-75.13245,0.3,8.18,0.289,30.55,14.5,118.2
2018-07-12T04:00:00Z,GYK,Greys_Creek,38.44901667,-75.13245,0.3,6.35,0.27,30.89,13.11,91.6
2018-07-12T04:15:00Z,GYK,Greys_Creek,38.44901667,-75.13245,0.3,6.75,0.259,30.33,12.13,95.9
2018-07-12T04:30:00Z,GYK,Greys_Creek,38.44901667,-75.13245,0.3,7.75,0.237,30.02,11.78,109.4
2018-07-12T04:45:00Z,GYK,Greys_Creek,38.44901667,-75.13245,0.3,7.55,0.221,30.52,13.2,108.3
2018-07-12T05:00:00Z,GYK,Greys_Creek,38.44901667,-75.13245,0.3,8.12,0.208,30.49,10.89,115.0
2018-07-12T05:15:00Z,GYK,Greys_Creek,38.44901667,-75.13245,0.3,6.39,0.193,29.76,10.95,89.3
2018-07-12T05:30:00Z,GYK,Greys_Creek,38.44901667,-75.13245,0.3,7.54,0.18,28.97,9.64,103.3
2018-07-12T05:45:00Z,GYK,Greys_Creek,38.44901667,-75.13245,0.3,8.55,0.161,30.0,10.54,119.9
2018-07-12T06:00:00Z,GYK,Greys_Creek,38.44901667,-75.13245,0.3,7.23,0.138,28.74,9.29,98.5
2018-07-12T06:15:00Z,GYK,Greys_Creek,38.44901667,-75.13245,0.3,7.03,0.129,27.81,8.03,93.6
2018-07-12T06:30:00Z,GYK,Greys_Creek,38.44901667,-75.13245,0.3,7.04,0.112,28.9,9.3,96.2
2018-07-12T06:45:00Z,GYK,Greys_Creek,38.44901667,-75.13245,0.3,6.81,0.102,28.55,9.17,92.4
2018-07-12T07:00:00Z,GYK,Greys_Creek,38.44901667,-75.13245,0.3,6.02,0.097,27.92,7.79,80.1
2018-07-12T07:15:00Z,GYK,Greys_Creek,38.44901667,-75.13245,0.3,5.96,0.093,27.48,7.16,78.5
2018-07-12T07:30:00Z,GYK,Greys_Creek,38.44901667,-75.13245,0.3,5.98,0.091,26.93,5.87,77.4
2018-07-12T07:45:00Z,GYK,Greys_Creek,38.44901667,-75.13245,0.3,5.6,0.086,26.87,5.83,72.4
2018-07-12T08:00:00Z,GYK,Greys_Creek,38.44901667,-75.13245,0.3,5.73,0.075,26.59,5.16,73.5
2018-07-12T08:15:00Z,GYK,Greys_Creek,38.44901667,-75.13245,0.3,5.56,0.062,25.95,4.04,70.1
2018-07-12T08:30:00Z,GYK,Greys_Creek,38.44901667,-75.13245,0.3,5.41,0.052,26.01,4.32,68.3
2018-07-12T08:45:00Z,GYK,Greys_Creek,38.44901667,-75.13245,0.3,5.24,0.046,25.75,4.07,65.7
2018-07-12T09:00:00Z,GYK,Greys_Creek,38.44901667,-75.13245,0.3,3.73,0.037,25.91,4.31,47.0
2018-07-12T09:15:00Z,GYK,Greys_Creek,38.44901667,-75.13245,0.3,2.7,0.037,28.37,7.66,36.2
2018-07-12T09:30:00Z,GYK,Greys_Creek,38.44901667,-75.13245,0.3,2.8,0.04,27.71,7.42,37.1
2018-07-12T09:45:00Z,GYK,Greys_Creek,38.44901667,-75.13245,0.3,2.04,0.059,28.78,16.07,28.9
2018-07-12T10:00:00Z,GYK,Greys_Creek,38.44901667,-75.13245,0.3,1.96,0.084,28.79,15.92,27.8
2018-07-12T10:15:00Z,GYK,Greys_Creek,38.44901667,-75.13245,0.3,1.99,0.124,28.52,15.45,27.9
2018-07-12T10:30:00Z,GYK,Greys_Creek,38.44901667,-75.13245,0.3,1.63,0.14,28.65,15.83,23.0
2018-07-12T10:45:00Z,GYK,Greys_Creek,38.44901667,-75.13245,0.3,1.27,0.166,28.89,16.26,18.1
2018-07-12T11:00:00Z,GYK,Greys_Creek,38.44901667,-75.13245,0.3,1.86,0.183,28.95,16.64,26.5
2018-07-12T11:15:00Z,GYK,Greys_Creek,38.44901667,-75.13245,0.3,1.81,0.198,28.94,16.62,25.8
2018-07-12T11:30:00Z,GYK,Greys_Creek,38.44901667,-75.13245,0.3,1.46,0.216,29.06,16.87,20.9
2018-07-12T11:45:00Z,GYK,Greys_Creek,38.44901667,-75.13245,0.3,1.27,0.235,29.01,16.68,18.2
2018-07-12T12:00:00Z,GYK,Greys_Creek,38.44901667,-75.13245,0.3,1.45,0.253,29.03,16.95,20.7
2018-07-12T12:15:00Z,GYK,Greys_Creek,38.44901667,-75.13245,0.3,1.99,0.262,28.83,16.15,28.1
2018-07-12T12:30:00Z,GYK,Greys_Creek,38.44901667,-75.13245,0.3,2.11,0.272,28.98,16.56,30.0
2018-07-12T12:45:00Z,GYK,Greys_Creek,38.44901667,-75.13245,0.3,2.26,0.29,29.04,16.68,32.2
2018-07-12T13:00:00Z,GYK,Greys_Creek,38.44901667,-75.13245,0.3,2.51,0.301,28.94,16.46,35.6
2018-07-12T13:15:00Z,GYK,Greys_Creek,38.44901667,-75.13245,0.3,2.52,0.31,28.96,16.48,35.8
2018-07-12T13:30:00Z,GYK,Greys_Creek,38.44901667,-75.13245,0.3,3.53,0.315,28.84,16.51,50.1
2018-07-12T13:45:00Z,GYK,Greys_Creek,38.44901667,-75.13245,0.3,3.51,0.319,28.91,16.59,50.0
2018-07-12T14:00:00Z,GYK,Greys_Creek,38.44901667,-75.13245,0.3,3.6,0.322,28.94,16.28,51.2
2018-07-12T14:15:00Z,GYK,Greys_Creek,38.44901667,-75.13245,0.3,4.06,0.322,28.92,16.57,57.8
2018-07-12T14:30:00Z,GYK,Greys_Creek,38.44901667,-75.13245,0.3,9.56,0.325,29.85,13.63,136.0
2018-07-12T14:45:00Z,GYK,Greys_Creek,38.44901667,-75.13245,0.3,10.11,0.314,30.05,14.14,144.7
2018-07-12T15:00:00Z,GYK,Greys_Creek,38.44901667,-75.13245,0.3,9.96,0.29,29.85,13.63,141.6
2018-07-12T15:15:00Z,GYK,Greys_Creek,38.44901667,-75.13245,0.3,11.78,0.263,29.98,13.94,168.1
2018-07-12T15:30:00Z,GYK,Greys_Creek,38.44901667,-75.13245,0.3,10.96,0.249,29.76,13.22,155.2
2018-07-12T15:45:00Z,GYK,Greys_Creek,38.44901667,-75.13245,0.3,7.56,0.233,29.81,14.83,108.1
2018-07-12T16:00:00Z,GYK,Greys_Creek,38.44901667,-75.13245,0.3,8.95,0.223,28.52,9.63,121.6
2018-07-12T16:15:00Z,GYK,Greys_Creek,38.44901667,-75.13245,0.3,6.75,0.205,29.11,12.64,94.3
2018-07-12T16:30:00Z,GYK,Greys_Creek,38.44901667,-75.13245,0.3,12.38,0.183,29.49,12.21,173.6
2018-07-12T16:45:00Z,GYK,Greys_Creek,38.44901667,-75.13245,0.3,12.2,0.172,29.19,11.32,169.4
2018-07-12T17:00:00Z,GYK,Greys_Creek,38.44901667,-75.13245,0.3,12.01,0.155,28.81,9.1,163.6
2018-07-12T17:15:00Z,GYK,Greys_Creek,38.44901667,-75.13245,0.3,9.51,0.145,28.53,8.68,128.7
2018-07-12T17:30:00Z,GYK,Greys_Creek,38.44901667,-75.13245,0.3,11.89,0.138,29.1,9.99,163.6
2018-07-12T17:45:00Z,GYK,Greys_Creek,38.44901667,-75.13245,0.3,9.73,0.133,28.27,6.25,129.2
2018-07-12T18:00:00Z,GYK,Greys_Creek,38.44901667,-75.13245,0.3,9.88,0.127,28.18,5.86,130.8
2018-07-12T18:15:00Z,GYK,Greys_Creek,38.44901667,-75.13245,0.3,9.13,0.116,27.82,4.52,119.2
2018-07-12T18:30:00Z,GYK,Greys_Creek,38.44901667,-75.13245,0.3,8.58,0.102,27.79,4.51,111.9
2018-07-12T18:45:00Z,GYK,Greys_Creek,38.44901667,-75.13245,0.3,8.61,0.083,27.55,3.41,111.2
2018-07-12T19:00:00Z,GYK,Greys_Creek,38.44901667,-75.13245,0.3,7.99,0.072,27.98,3.95,104.3
2018-07-12T19:15:00Z,GYK,Greys_Creek,38.44901667,-75.13245,0.3,8.77,0.065,27.83,3.85,114.1
2018-07-12T19:30:00Z,GYK,Greys_Creek,38.44901667,-75.13245,0.3,8.87,0.059,29.51,4.86,119.5
2018-07-12T19:45:00Z,GYK,Greys_Creek,38.44901667,-75.13245,0.3,9.2,0.055,30.22,6.03,126.2
2018-07-12T20:00:00Z,GYK,Greys_Creek,38.44901667,-75.13245,0.3,8.8,0.055,29.44,5.46,118.8
2018-07-12T20:15:00Z,GYK,Greys_Creek,38.44901667,-75.13245,0.3,9.06,0.054,29.02,4.76,120.9
2018-07-12T20:30:00Z,GYK,Greys_Creek,38.44901667,-75.13245,0.3,11.02,0.054,28.76,2.26,144.4
2018-07-12T20:45:00Z,GYK,Greys_Creek,38.44901667,-75.13245,0.3,8.0,0.055,27.1,1.3,101.3
2018-07-12T21:00:00Z,GYK,Greys_Creek,38.44901667,-75.13245,0.3,8.03,0.053,27.99,2.77,104.1
2018-07-12T21:15:00Z,GYK,Greys_Creek,38.44901667,-75.13245,0.3,11.89,0.052,30.94,11.25,169.9
2018-07-12T21:30:00Z,GYK,Greys_Creek,38.44901667,-75.13245,0.3,12.98,0.055,31.17,12.2,187.2
2018-07-12T21:45:00Z,GYK,Greys_Creek,38.44901667,-75.13245,0.3,13.71,0.069,31.23,13.89,199.8
2018-07-12T22:00:00Z,GYK,Greys_Creek,38.44901667,-75.13245,0.3,13.87,0.088,31.25,13.95,202.2
2018-07-12T22:15:00Z,GYK,Greys_Creek,38.44901667,-75.13245,0.3,13.11,0.109,31.15,13.73,190.6
2018-07-12T22:30:00Z,GYK,Greys_Creek,38.44901667,-75.13245,0.3,13.84,0.12,31.09,14.12,201.5
2018-07-12T22:45:00Z,GYK,Greys_Creek,38.44901667,-75.13245,0.3,12.38,0.159,30.82,14.15,179.4
2018-07-12T23:00:00Z,GYK,Greys_Creek,38.44901667,-75.13245,0.3,12.01,0.184,30.61,14.32,173.6
2018-07-12T23:15:00Z,GYK,Greys_Creek,38.44901667,-75.13245,0.3,12.48,0.209,30.38,14.49,180.0
2018-07-12T23:30:00Z,GYK,Greys_Creek,38.44901667,-75.13245,0.3,12.48,0.234,30.19,14.61,179.5
2018-07-12T23:45:00Z,GYK,Greys_Creek,38.44901667,-75.13245,0.3,12.76,0.26,30.05,14.55,183.0
2018-07-13T00:00:00Z,GYK,Greys_Creek,38.44901667,-75.13245,0.3,12.11,0.279,29.88,14.6,173.2
2018-07-13T00:15:00Z,GYK,Greys_Creek,38.44901667,-75.13245,0.3,12.16,0.307,29.82,14.72,173.9
2018-07-13T00:30:00Z,GYK,Greys_Creek,38.44901667,-75.13245,0.3,11.68,0.333,29.71,14.8,166.8
2018-07-13T00:45:00Z,GYK,Greys_Creek,38.44901667,-75.13245,0.3,11.12,0.352,29.62,14.89,158.7
2018-07-13T01:00:00Z,GYK,Greys_Creek,38.44901667,-75.13245,0.3,11.0,0.371,29.51,14.84,156.5
2018-07-13T01:15:00Z,GYK,Greys_Creek,38.44901667,-75.13245,0.3,10.33,0.39,29.6,15.01,147.4
2018-07-13T01:30:00Z,GYK,Greys_Creek,38.44901667,-75.13245,0.3,9.89,0.404,29.78,15.29,141.7
2018-07-13T01:45:00Z,GYK,Greys_Creek,38.44901667,-75.13245,0.3,9.46,0.419,29.85,15.63,136.0
2018-07-13T02:00:00Z,GYK,Greys_Creek,38.44901667,-75.13245,0.3,9.21,0.434,29.84,15.93,132.6
2018-07-13T02:15:00Z,GYK,Greys_Creek,38.44901667,-75.13245,0.3,8.67,0.447,29.48,15.77,124.0
2018-07-13T02:30:00Z,GYK,Greys_Creek,38.44901667,-75.13245,0.3,8.49,0.458,29.16,15.64,120.7
2018-07-13T02:45:00Z,GYK,Greys_Creek,38.44901667,-75.13245,0.3,8.26,0.463,29.04,15.51,117.1
2018-07-13T03:00:00Z,GYK,Greys_Creek,38.44901667,-75.13245,0.3,8.23,0.462,28.99,15.53,116.5
2018-07-13T03:15:00Z,GYK,Greys_Creek,38.44901667,-75.13245,0.3,7.54,0.464,29.0,15.67,106.9
2018-07-13T03:30:00Z,GYK,Greys_Creek,38.44901667,-75.13245,0.3,6.83,0.462,29.08,15.79,96.9
2018-07-13T03:45:00Z,GYK,Greys_Creek,38.44901667,-75.13245,0.3,6.95,0.449,28.92,13.93,97.5
2018-07-13T04:00:00Z,GYK,Greys_Creek,38.44901667,-75.13245,0.3,9.87,0.433,28.45,13.64,137.1
2018-07-13T04:15:00Z,GYK,Greys_Creek,38.44901667,-75.13245,0.3,9.86,0.404,28.29,13.6,136.6
2018-07-13T04:30:00Z,GYK,Greys_Creek,38.44901667,-75.13245,0.3,8.65,0.38,28.02,13.11,118.9
2018-07-13T04:45:00Z,GYK,Greys_Creek,38.44901667,-75.13245,0.3,8.58,0.359,28.99,13.71,120.3
2018-07-13T05:00:00Z,GYK,Greys_Creek,38.44901667,-75.13245,0.3,6.93,0.343,29.29,14.44,98.1
2018-07-13T05:15:00Z,GYK,Greys_Creek,38.44901667,-75.13245,0.3,8.59,0.325,28.63,12.95,119.2
2018-07-13T05:30:00Z,GYK,Greys_Creek,38.44901667,-75.13245,0.3,8.76,0.301,28.72,13.31,122.1
2018-07-13T05:45:00Z,GYK,Greys_Creek,38.44901667,-75.13245,0.3,8.08,0.283,28.81,13.04,112.5
2018-07-13T06:00:00Z,GYK,Greys_Creek,38.44901667,-75.13245,0.3,8.93,0.27,29.21,14.15,125.9
2018-07-13T06:15:00Z,GYK,Greys_Creek,38.44901667,-75.13245,0.3,8.64,0.247,28.84,12.88,120.3
2018-07-13T06:30:00Z,GYK,Greys_Creek,38.44901667,-75.13245,0.3,7.93,0.229,27.98,11.07,107.6
2018-07-13T06:45:00Z,GYK,Greys_Creek,38.44901667,-75.13245,0.3,7.71,0.214,27.94,9.1,103.5
2018-07-13T07:00:00Z,GYK,Greys_Creek,38.44901667,-75.13245,0.3,7.61,0.196,28.04,10.2,102.9
2018-07-13T07:15:00Z,GYK,Greys_Creek,38.44901667,-75.13245,0.3,7.23,0.177,27.27,9.84,96.4
2018-07-13T07:30:00Z,GYK,Greys_Creek,38.44901667,-75.13245,0.3,5.74,0.163,27.7,9.59,77.0
2018-07-13T07:45:00Z,GYK,Greys_Creek,38.44901667,-75.13245,0.3,5.5,0.147,26.87,8.68,72.3
2018-07-13T08:00:00Z,GYK,Greys_Creek,38.44901667,-75.13245,0.3,5.45,0.14,25.83,6.68,69.5
2018-07-13T08:15:00Z,GYK,Greys_Creek,38.44901667,-75.13245,0.3,5.54,0.136,25.49,5.95,69.9
2018-07-13T08:30:00Z,GYK,Greys_Creek,38.44901667,-75.13245,0.3,5.91,0.132,24.99,5.09,73.6
2018-07-13T08:45:00Z,GYK,Greys_Creek,38.44901667,-75.13245,0.3,5.68,0.127,24.67,4.48,70.1
2018-07-13T09:00:00Z,GYK,Greys_Creek,38.44901667,-75.13245,0.3,5.54,0.118,25.06,5.07,69.0
2018-07-13T09:15:00Z,GYK,Greys_Creek,38.44901667,-75.13245,0.3,5.18,0.107,25.34,5.94,65.2
2018-07-13T09:30:00Z,GYK,Greys_Creek,38.44901667,-75.13245,0.3,4.93,0.087,24.82,4.76,61.1
2018-07-13T09:45:00Z,GYK,Greys_Creek,38.44901667,-75.13245,0.3,4.83,0.075,25.61,4.49,60.6
2018-07-13T10:00:00Z,GYK,Greys_Creek,38.44901667,-75.13245,0.3,4.46,0.07,24.51,3.94,54.7
2018-07-13T10:15:00Z,GYK,Greys_Creek,38.44901667,-75.13245,0.3,3.67,0.067,26.92,9.52,48.5
2018-07-13T10:30:00Z,GYK,Greys_Creek,38.44901667,-75.13245,0.3,3.44,0.067,26.95,9.65,45.6
2018-07-13T10:45:00Z,GYK,Greys_Creek,38.44901667,-75.13245,0.3,2.44,0.074,27.99,13.69,33.7
2018-07-13T11:00:00Z,GYK,Greys_Creek,38.44901667,-75.13245,0.3,1.84,0.096,28.31,15.88,25.8
2018-07-13T11:15:00Z,GYK,Greys_Creek,38.44901667,-75.13245,0.3,1.75,0.125,27.89,15.57,24.3
2018-07-13T11:30:00Z,GYK,Greys_Creek,38.44901667,-75.13245,0.3,1.98,0.164,27.19,14.65,27.1
2018-07-13T11:45:00Z,GYK,Greys_Creek,38.44901667,-75.13245,0.3,2.57,0.188,27.55,14.87,35.4
2018-07-13T12:00:00Z,GYK,Greys_Creek,38.44901667,-75.13245,0.3,2.39,0.21,27.79,15.58,33.2
2018-07-13T12:15:00Z,GYK,Greys_Creek,38.44901667,-75.13245,0.3,2.68,0.226,27.42,14.84,36.8
2018-07-13T12:30:00Z,GYK,Greys_Creek,38.44901667,-75.13245,0.3,3.68,0.242,26.94,13.82,49.9
2018-07-13T12:45:00Z,GYK,Greys_Creek,38.44901667,-75.13245,0.3,4.55,0.259,26.85,13.5,61.4
2018-07-13T13:00:00Z,GYK,Greys_Creek,38.44901667,-75.13245,0.3,4.97,0.281,26.4,14.04,66.8
2018-07-13T13:15:00Z,GYK,Greys_Creek,38.44901667,-75.13245,0.3,5.53,0.292,26.06,13.71,73.8
2018-07-13T13:30:00Z,GYK,Greys_Creek,38.44901667,-75.13245,0.3,5.78,0.3,26.02,13.65,76.9
2018-07-13T13:45:00Z,GYK,Greys_Creek,38.44901667,-75.13245,0.3,5.43,0.309,26.16,13.58,72.5
2018-07-13T14:00:00Z,GYK,Greys_Creek,38.44901667,-75.13245,0.3,5.7,0.319,26.31,13.94,76.3
2018-07-13T14:15:00Z,GYK,Greys_Creek,38.44901667,-75.13245,0.3,6.18,0.326,26.36,13.76,82.8
2018-07-13T14:30:00Z,GYK,Greys_Creek,38.44901667,-75.13245,0.3,6.48,0.336,27.02,13.09,87.5
2018-07-13T14:45:00Z,GYK,Greys_Creek,38.44901667,-75.13245,0.3,6.75,0.347,26.74,14.34,91.4
2018-07-13T15:00:00Z,GYK,Greys_Creek,38.44901667,-75.13245,0.3,7.85,0.348,26.85,13.49,106.0
2018-07-13T15:15:00Z,GYK,Greys_Creek,38.44901667,-75.13245,0.3,13.47,0.342,28.08,13.29,185.5
2018-07-13T15:30:00Z,GYK,Greys_Creek,38.44901667,-75.13245,0.3,13.08,0.334,28.85,13.62,183.0
2018-07-13T15:45:00Z,GYK,Greys_Creek,38.44901667,-75.13245,0.3,13.88,0.319,28.9,13.25,193.8
2018-07-13T16:00:00Z,GYK,Greys_Creek,38.44901667,-75.13245,0.3,12.7,0.295,29.12,13.76,178.5
2018-07-13T16:15:00Z,GYK,Greys_Creek,38.44901667,-75.13245,0.3,15.14,0.267,29.14,13.24,212.3
2018-07-13T16:30:00Z,GYK,Greys_Creek,38.44901667,-75.13245,0.3,15.61,0.248,29.38,13.02,219.5
2018-07-13T16:45:00Z,GYK,Greys_Creek,38.44901667,-75.13245,0.3,16.07,0.241,29.09,12.23,223.9
2018-07-13T17:00:00Z,GYK,Greys_Creek,38.44901667,-75.13245,0.3,14.76,0.222,29.09,12.3,205.8
2018-07-13T17:15:00Z,GYK,Greys_Creek,38.44901667,-75.13245,0.3,14.89,0.206,28.96,11.7,206.3
2018-07-13T17:30:00Z,GYK,Greys_Creek,38.44901667,-75.13245,0.3,16.54,0.187,29.25,9.78,227.9
2018-07-13T17:45:00Z,GYK,Greys_Creek,38.44901667,-75.13245,0.3,15.76,0.172,29.45,10.99,219.5
2018-07-13T18:00:00Z,GYK,Greys_Creek,38.44901667,-75.13245,0.3,16.25,0.168,29.65,9.84,225.5
2018-07-13T18:15:00Z,GYK,Greys_Creek,38.44901667,-75.13245,0.3,14.48,0.165,29.21,6.49,195.9
2018-07-13T18:30:00Z,GYK,Greys_Creek,38.44901667,-75.13245,0.3,14.21,0.156,29.06,4.94,190.1
2018-07-13T18:45:00Z,GYK,Greys_Creek,38.44901667,-75.13245,0.3,12.06,0.138,28.52,6.47,161.2
2018-07-13T19:00:00Z,GYK,Greys_Creek,38.44901667,-75.13245,0.3,12.23,0.108,28.74,5.85,163.5
2018-07-13T19:15:00Z,GYK,Greys_Creek,38.44901667,-75.13245,0.3,10.3,0.088,28.4,5.41,136.5
2018-07-13T19:30:00Z,GYK,Greys_Creek,38.44901667,-75.13245,0.3,9.52,0.079,28.25,5.56,126.0
2018-07-13T19:45:00Z,GYK,Greys_Creek,38.44901667,-75.13245,0.3,8.95,0.074,27.9,3.87,116.7
2018-07-13T20:00:00Z,GYK,Greys_Creek,38.44901667,-75.13245,0.3,9.3,0.072,28.3,4.27,122.4
2018-07-13T20:15:00Z,GYK,Greys_Creek,38.44901667,-75.13245,0.3,9.44,0.071,28.2,3.89,123.6
2018-07-13T20:30:00Z,GYK,Greys_Creek,38.44901667,-75.13245,0.3,10.2,0.072,28.37,4.85,134.7
2018-07-13T20:45:00Z,GYK,Greys_Creek,38.44901667,-75.13245,0.3,10.4,0.066,27.95,2.25,134.5
2018-07-13T21:00:00Z,GYK,Greys_Creek,38.44901667,-75.13245,0.3,9.64,0.075,27.65,1.99,123.8
2018-07-13T21:15:00Z,GYK,Greys_Creek,38.44901667,-75.13245,0.3,NaN,NaN,NaN,NaN,NaN
2018-07-13T21:30:00Z,GYK,Greys_Creek,38.44901667,-75.13245,0.3,NaN,NaN,NaN,NaN,NaN
2018-07-13T21:45:00Z,GYK,Greys_Creek,38.44901667,-75.13245,0.3,NaN,NaN,NaN,NaN,NaN
2018-07-13T22:00:00Z,GYK,Greys_Creek,38.44901667,-75.13245,0.3,NaN,NaN,NaN,NaN,NaN
2018-07-13T22:15:00Z,GYK,Greys_Creek,38.44901667,-75.13245,0.3,13.21,0.066,29.58,3.91,177.3
2018-07-13T22:30:00Z,GYK,Greys_Creek,38.44901667,-75.13245,0.3,12.63,0.066,29.54,7.75,173.0
2018-07-13T22:45:00Z,GYK,Greys_Creek,38.44901667,-75.13245,0.3,12.54,0.067,30.76,12.47,179.9
2018-07-13T23:00:00Z,GYK,Greys_Creek,38.44901667,-75.13245,0.3,13.99,0.075,30.36,12.68,199.6
2018-07-13T23:15:00Z,GYK,Greys_Creek,38.44901667,-75.13245,0.3,13.84,0.093,30.09,12.62,196.6
2018-07-13T23:30:00Z,GYK,Greys_Creek,38.44901667,-75.13245,0.3,13.18,0.107,30.03,12.85,187.1
2018-07-13T23:45:00Z,GYK,Greys_Creek,38.44901667,-75.13245,0.3,12.56,0.117,30.08,13.07,178.7
2018-07-14T00:00:00Z,GYK,Greys_Creek,38.44901667,-75.13245,0.3,11.63,0.131,30.02,13.19,165.4
2018-07-14T00:15:00Z,GYK,Greys_Creek,38.44901667,-75.13245,0.3,10.94,0.178,29.98,13.36,155.7
2018-07-14T00:30:00Z,GYK,Greys_Creek,38.44901667,-75.13245,0.3,10.14,0.206,30.24,13.7,145.2
2018-07-14T00:45:00Z,GYK,Greys_Creek,38.44901667,-75.13245,0.3,10.77,0.234,30.08,14.14,154.2
2018-07-14T01:00:00Z,GYK,Greys_Creek,38.44901667,-75.13245,0.3,10.83,0.257,29.96,14.36,154.9
2018-07-14T01:15:00Z,GYK,Greys_Creek,38.44901667,-75.13245,0.3,11.45,0.279,29.9,15.19,164.3
2018-07-14T01:30:00Z,GYK,Greys_Creek,38.44901667,-75.13245,0.3,10.65,0.301,29.78,15.43,152.7
2018-07-14T01:45:00Z,GYK,Greys_Creek,38.44901667,-75.13245,0.3,9.69,0.325,29.78,15.72,139.2
2018-07-14T02:00:00Z,GYK,Greys_Creek,38.44901667,-75.13245,0.3,9.09,0.344,29.66,16.01,130.6
2018-07-14T02:15:00Z,GYK,Greys_Creek,38.44901667,-75.13245,0.3,8.93,0.362,29.6,16.08,128.2
2018-07-14T02:30:00Z,GYK,Greys_Creek,38.44901667,-75.13245,0.3,8.57,0.376,29.55,16.35,123.1
2018-07-14T02:45:00Z,GYK,Greys_Creek,38.44901667,-75.13245,0.3,8.33,0.389,29.49,16.38,119.6
2018-07-14T03:00:00Z,GYK,Greys_Creek,38.44901667,-75.13245,0.3,8.08,0.398,29.43,16.56,115.9
2018-07-14T03:15:00Z,GYK,Greys_Creek,38.44901667,-75.13245,0.3,7.98,0.409,29.33,16.61,114.4
2018-07-14T03:30:00Z,GYK,Greys_Creek,38.44901667,-75.13245,0.3,7.84,0.418,29.25,16.79,112.4
2018-07-14T03:45:00Z,GYK,Greys_Creek,38.44901667,-75.13245,0.3,7.19,0.425,29.23,16.86,102.9
2018-07-14T04:00:00Z,GYK,Greys_Creek,38.44901667,-75.13245,0.3,6.79,0.426,29.24,17.04,97.5
2018-07-14T04:15:00Z,GYK,Greys_Creek,38.44901667,-75.13245,0.3,6.24,0.427,29.22,17.03,89.5
2018-07-14T04:30:00Z,GYK,Greys_Creek,38.44901667,-75.13245,0.3,5.39,0.422,29.22,16.98,77.2
2018-07-14T04:45:00Z,GYK,Greys_Creek,38.44901667,-75.13245,0.3,7.45,0.41,30.03,13.41,106.1
2018-07-14T05:00:00Z,GYK,Greys_Creek,38.44901667,-75.13245,0.3,9.75,0.386,29.76,13.85,138.7
2018-07-14T05:15:00Z,GYK,Greys_Creek,38.44901667,-75.13245,0.3,8.64,0.354,28.5,12.17,119.1
2018-07-14T05:30:00Z,GYK,Greys_Creek,38.44901667,-75.13245,0.3,7.45,0.328,29.33,14.21,105.3
2018-07-14T05:45:00Z,GYK,Greys_Creek,38.44901667,-75.13245,0.3,7.31,0.308,29.08,13.92,102.8
2018-07-14T06:00:00Z,GYK,Greys_Creek,38.44901667,-75.13245,0.3,7.46,0.294,28.46,12.13,102.8
2018-07-14T06:15:00Z,GYK,Greys_Creek,38.44901667,-75.13245,0.3,7.81,0.274,27.79,11.83,106.2
2018-07-14T06:30:00Z,GYK,Greys_Creek,38.44901667,-75.13245,0.3,8.19,0.258,27.7,10.8,110.6
2018-07-14T06:45:00Z,GYK,Greys_Creek,38.44901667,-75.13245,0.3,7.18,0.24,28.32,11.33,98.2
2018-07-14T07:00:00Z,GYK,Greys_Creek,38.44901667,-75.13245,0.3,8.44,0.221,27.02,10.67,112.5
2018-07-14T07:15:00Z,GYK,Greys_Creek,38.44901667,-75.13245,0.3,8.37,0.199,26.95,10.29,111.2
2018-07-14T07:30:00Z,GYK,Greys_Creek,38.44901667,-75.13245,0.3,8.38,0.182,26.62,9.49,110.1
2018-07-14T07:45:00Z,GYK,Greys_Creek,38.44901667,-75.13245,0.3,8.44,0.166,26.67,9.73,111.1
2018-07-14T08:00:00Z,GYK,Greys_Creek,38.44901667,-75.13245,0.3,8.26,0.148,25.84,8.15,106.3
2018-07-14T08:15:00Z,GYK,Greys_Creek,38.44901667,-75.13245,0.3,7.93,0.14,25.5,7.98,101.4
2018-07-14T08:30:00Z,GYK,Greys_Creek,38.44901667,-75.13245,0.3,6.87,0.133,24.91,7.19,86.5
2018-07-14T08:45:00Z,GYK,Greys_Creek,38.44901667,-75.13245,0.3,6.45,0.124,24.7,6.47,80.5
2018-07-14T09:00:00Z,GYK,Greys_Creek,38.44901667,-75.13245,0.3,6.38,0.109,24.48,5.82,79.0
2018-07-14T09:15:00Z,GYK,Greys_Creek,38.44901667,-75.13245,0.3,6.2,0.094,24.04,5.12,75.9
2018-07-14T09:30:00Z,GYK,Greys_Creek,38.44901667,-75.13245,0.3,5.93,0.07,23.86,4.86,72.2
2018-07-14T09:45:00Z,GYK,Greys_Creek,38.44901667,-75.13245,0.3,5.54,0.062,23.74,4.32,67.2
2018-07-14T10:00:00Z,GYK,Greys_Creek,38.44901667,-75.13245,0.3,5.24,0.056,23.21,3.2,62.5
2018-07-14T10:15:00Z,GYK,Greys_Creek,38.44901667,-75.13245,0.3,5.29,0.057,22.97,3.21,62.8
2018-07-14T10:30:00Z,GYK,Greys_Creek,38.44901667,-75.13245,0.3,5.08,0.052,23.33,3.37,60.8
2018-07-14T10:45:00Z,GYK,Greys_Creek,38.44901667,-75.13245,0.3,4.74,0.052,22.81,2.69,55.9
2018-07-14T11:00:00Z,GYK,Greys_Creek,38.44901667,-75.13245,0.3,5.04,0.048,22.81,2.61,59.4
2018-07-14T11:15:00Z,GYK,Greys_Creek,38.44901667,-75.13245,0.3,4.77,0.047,23.09,2.79,56.6
2018-07-14T11:30:00Z,GYK,Greys_Creek,38.44901667,-75.13245,0.3,3.16,0.047,25.43,5.67,39.8
2018-07-14T11:45:00Z,GYK,Greys_Creek,38.44901667,-75.13245,0.3,2.63,0.046,27.55,15.45,36.3
2018-07-14T12:00:00Z,GYK,Greys_Creek,38.44901667,-75.13245,0.3,2.92,0.053,27.23,16.18,40.3
2018-07-14T12:15:00Z,GYK,Greys_Creek,38.44901667,-75.13245,0.3,3.15,0.084,27.27,16.44,43.6
2018-07-14T12:30:00Z,GYK,Greys_Creek,38.44901667,-75.13245,0.3,3.39,0.109,27.03,16.5,46.7
2018-07-14T12:45:00Z,GYK,Greys_Creek,38.44901667,-75.13245,0.3,4.24,0.131,26.84,16.33,58.2
2018-07-14T13:00:00Z,GYK,Greys_Creek,38.44901667,-75.13245,0.3,3.41,0.159,26.87,16.5,46.8
2018-07-14T13:15:00Z,GYK,Greys_Creek,38.44901667,-75.13245,0.3,3.68,0.177,27.21,16.49,50.9
2018-07-14T13:30:00Z,GYK,Greys_Creek,38.44901667,-75.13245,0.3,4.64,0.195,27.33,16.68,64.3
2018-07-14T13:45:00Z,GYK,Greys_Creek,38.44901667,-75.13245,0.3,5.07,0.211,27.56,16.76,70.6
2018-07-14T14:00:00Z,GYK,Greys_Creek,38.44901667,-75.13245,0.3,5.01,0.231,27.81,16.96,70.1
2018-07-14T14:15:00Z,GYK,Greys_Creek,38.44901667,-75.13245,0.3,6.94,0.247,28.17,17.35,98.0
2018-07-14T14:30:00Z,GYK,Greys_Creek,38.44901667,-75.13245,0.3,4.98,0.257,28.19,17.52,70.4
2018-07-14T14:45:00Z,GYK,Greys_Creek,38.44901667,-75.13245,0.3,8.51,0.263,28.68,17.21,121.0
2018-07-14T15:00:00Z,GYK,Greys_Creek,38.44901667,-75.13245,0.3,7.77,0.275,28.5,17.45,110.3
2018-07-14T15:15:00Z,GYK,Greys_Creek,38.44901667,-75.13245,0.3,7.1,0.29,28.57,17.8,101.1
2018-07-14T15:30:00Z,GYK,Greys_Creek,38.44901667,-75.13245,0.3,8.39,0.301,29.02,17.37,120.1
2018-07-14T15:45:00Z,GYK,Greys_Creek,38.44901667,-75.13245,0.3,8.16,0.304,28.93,16.34,116.0
2018-07-14T16:00:00Z,GYK,Greys_Creek,38.44901667,-75.13245,0.3,8.3,0.306,29.86,15.26,119.1
2018-07-14T16:15:00Z,GYK,Greys_Creek,38.44901667,-75.13245,0.3,7.67,0.305,29.12,16.34,109.3
2018-07-14T16:30:00Z,GYK,Greys_Creek,38.44901667,-75.13245,0.3,7.97,0.301,30.28,15.17,115.2
2018-07-14T16:45:00Z,GYK,Greys_Creek,38.44901667,-75.13245,0.3,16.8,0.288,30.47,14.31,242.2
2018-07-14T17:00:00Z,GYK,Greys_Creek,38.44901667,-75.13245,0.3,14.29,0.266,30.39,14.56,206.2
2018-07-14T17:15:00Z,GYK,Greys_Creek,38.44901667,-75.13245,0.3,18.09,0.245,30.7,14.42,262.2
2018-07-14T17:30:00Z,GYK,Greys_Creek,38.44901667,-75.13245,0.3,18.04,0.228,30.54,13.61,259.5
2018-07-14T17:45:00Z,GYK,Greys_Creek,38.44901667,-75.13245,0.3,17.79,0.217,30.8,12.84,255.9
2018-07-14T18:00:00Z,GYK,Greys_Creek,38.44901667,-75.13245,0.3,17.95,0.21,31.27,13.6,261.4
2018-07-14T18:15:00Z,GYK,Greys_Creek,38.44901667,-75.13245,0.3,17.8,0.203,31.45,13.35,259.6
2018-07-14T18:30:00Z,GYK,Greys_Creek,38.44901667,-75.13245,0.3,18.61,0.186,30.95,12.07,267.2
2018-07-14T18:45:00Z,GYK,Greys_Creek,38.44901667,-75.13245,0.3,19.55,0.163,30.79,12.47,280.6
2018-07-14T19:00:00Z,GYK,Greys_Creek,38.44901667,-75.13245,0.3,19.46,0.148,30.98,13.29,281.5
2018-07-14T19:15:00Z,GYK,Greys_Creek,38.44901667,-75.13245,0.3,17.17,0.142,30.37,11.45,243.4
2018-07-14T19:30:00Z,GYK,Greys_Creek,38.44901667,-75.13245,0.3,17.56,0.139,30.79,11.57,250.8
2018-07-14T19:45:00Z,GYK,Greys_Creek,38.44901667,-75.13245,0.3,18.04,0.137,31.12,10.85,258.1
2018-07-14T20:00:00Z,GYK,Greys_Creek,38.44901667,-75.13245,0.3,18.31,0.133,30.97,9.87,260.0
2018-07-14T20:15:00Z,GYK,Greys_Creek,38.44901667,-75.13245,0.3,15.89,0.127,30.67,8.85,223.2
2018-07-14T20:30:00Z,GYK,Greys_Creek,38.44901667,-75.13245,0.3,15.55,0.125,29.95,8.55,215.4
2018-07-14T20:45:00Z,GYK,Greys_Creek,38.44901667,-75.13245,0.3,17.77,0.12,30.89,9.17,251.0
2018-07-14T21:00:00Z,GYK,Greys_Creek,38.44901667,-75.13245,0.3,13.54,0.104,28.76,6.31,181.5
2018-07-14T21:15:00Z,GYK,Greys_Creek,38.44901667,-75.13245,0.3,14.22,0.108,28.44,6.27,189.6
2018-07-14T21:30:00Z,GYK,Greys_Creek,38.44901667,-75.13245,0.3,14.21,0.106,28.41,6.5,189.5
2018-07-14T21:45:00Z,GYK,Greys_Creek,38.44901667,-75.13245,0.3,11.69,0.103,27.4,2.89,150.1
2018-07-14T22:00:00Z,GYK,Greys_Creek,38.44901667,-75.13245,0.3,17.64,0.1,29.76,4.5,238.3
2018-07-14T22:15:00Z,GYK,Greys_Creek,38.44901667,-75.13245,0.3,14.81,0.094,29.37,4.32,198.4
2018-07-14T22:30:00Z,GYK,Greys_Creek,38.44901667,-75.13245,0.3,15.67,0.089,29.31,4.82,210.3
2018-07-14T22:45:00Z,GYK,Greys_Creek,38.44901667,-75.13245,0.3,13.89,0.087,28.9,4.24,184.5
2018-07-14T23:00:00Z,GYK,Greys_Creek,38.44901667,-75.13245,0.3,14.33,0.078,28.8,4.32,190.1
2018-07-14T23:15:00Z,GYK,Greys_Creek,38.44901667,-75.13245,0.3,14.24,0.071,29.17,9.51,195.8
2018-07-14T23:30:00Z,GYK,Greys_Creek,38.44901667,-75.13245,0.3,14.4,0.068,28.83,10.61,198.0
2018-07-14T23:45:00Z,GYK,Greys_Creek,38.44901667,-75.13245,0.3,13.97,0.064,29.43,12.04,195.5
2018-07-15T00:00:00Z,GYK,Greys_Creek,38.44901667,-75.13245,0.3,12.61,0.056,29.81,13.12,178.8
2018-07-15T00:15:00Z,GYK,Greys_Creek,38.44901667,-75.13245,0.3,12.53,0.058,29.74,13.49,177.7
2018-07-15T00:30:00Z,GYK,Greys_Creek,38.44901667,-75.13245,0.3,12.65,0.074,29.93,14.36,180.9
2018-07-15T00:45:00Z,GYK,Greys_Creek,38.44901667,-75.13245,0.3,11.71,0.09,29.63,14.47,166.6
2018-07-15T01:00:00Z,GYK,Greys_Creek,38.44901667,-75.13245,0.3,10.95,0.115,30.35,15.31,158.5
2018-07-15T01:15:00Z,GYK,Greys_Creek,38.44901667,-75.13245,0.3,10.08,0.142,30.49,16.05,146.8
2018-07-15T01:30:00Z,GYK,Greys_Creek,38.44901667,-75.13245,0.3,9.04,0.169,30.61,16.85,132.5
2018-07-15T01:45:00Z,GYK,Greys_Creek,38.44901667,-75.13245,0.3,9.05,0.197,30.26,16.84,131.9
2018-07-15T02:00:00Z,GYK,Greys_Creek,38.44901667,-75.13245,0.3,9.55,0.221,29.89,16.68,138.2
2018-07-15T02:15:00Z,GYK,Greys_Creek,38.44901667,-75.13245,0.3,9.66,0.243,29.65,16.48,139.1
2018-07-15T02:30:00Z,GYK,Greys_Creek,38.44901667,-75.13245,0.3,9.14,0.261,29.8,16.79,132.1
2018-07-15T02:45:00Z,GYK,Greys_Creek,38.44901667,-75.13245,0.3,9.02,0.282,29.75,17.15,130.6
2018-07-15T03:00:00Z,GYK,Greys_Creek,38.44901667,-75.13245,0.3,8.84,0.299,29.56,17.23,127.7
2018-07-15T03:15:00Z,GYK,Greys_Creek,38.44901667,-75.13245,0.3,9.03,0.316,29.36,17.27,130.0
2018-07-15T03:30:00Z,GYK,Greys_Creek,38.44901667,-75.13245,0.3,8.23,0.331,29.4,17.33,118.6
2018-07-15T03:45:00Z,GYK,Greys_Creek,38.44901667,-75.13245,0.3,7.68,0.348,29.34,17.57,110.7
2018-07-15T04:00:00Z,GYK,Greys_Creek,38.44901667,-75.13245,0.3,7.42,0.356,29.32,17.66,107.0
2018-07-15T04:15:00Z,GYK,Greys_Creek,38.44901667,-75.13245,0.3,7.4,0.365,29.23,17.76,106.5
2018-07-15T04:30:00Z,GYK,Greys_Creek,38.44901667,-75.13245,0.3,6.71,0.37,29.13,17.57,96.3
2018-07-15T04:45:00Z,GYK,Greys_Creek,38.44901667,-75.13245,0.3,6.37,0.374,29.16,17.72,91.5
2018-07-15T05:00:00Z,GYK,Greys_Creek,38.44901667,-75.13245,0.3,6.55,0.372,29.04,17.51,93.9
2018-07-15T05:15:00Z,GYK,Greys_Creek,38.44901667,-75.13245,0.3,5.6,0.366,28.98,16.97,79.9
2018-07-15T05:30:00Z,GYK,Greys_Creek,38.44901667,-75.13245,0.3,7.9,0.352,29.51,15.27,112.7
2018-07-15T05:45:00Z,GYK,Greys_Creek,38.44901667,-75.13245,0.3,8.07,0.325,29.1,15.39,114.5
2018-07-15T06:00:00Z,GYK,Greys_Creek,38.44901667,-75.13245,0.3,7.18,0.3,29.3,15.85,102.4
2018-07-15T06:15:00Z,GYK,Greys_Creek,38.44901667,-75.13245,0.3,6.05,0.283,29.34,16.16,86.5
2018-07-15T06:30:00Z,GYK,Greys_Creek,38.44901667,-75.13245,0.3,7.13,0.265,29.09,15.21,101.0
2018-07-15T06:45:00Z,GYK,Greys_Creek,38.44901667,-75.13245,0.3,7.74,0.247,29.07,14.92,109.4
2018-07-15T07:00:00Z,GYK,Greys_Creek,38.44901667,-75.13245,0.3,7.28,0.226,28.89,14.06,102.0
2018-07-15T07:15:00Z,GYK,Greys_Creek,38.44901667,-75.13245,0.3,7.11,0.208,29.04,14.39,100.2
2018-07-15T07:30:00Z,GYK,Greys_Creek,38.44901667,-75.13245,0.3,6.07,0.19,29.14,15.27,86.1
2018-07-15T07:45:00Z,GYK,Greys_Creek,38.44901667,-75.13245,0.3,7.45,0.17,27.71,11.44,101.0
2018-07-15T08:00:00Z,GYK,Greys_Creek,38.44901667,-75.13245,0.3,7.37,0.15,27.32,11.57,99.2
2018-07-15T08:15:00Z,GYK,Greys_Creek,38.44901667,-75.13245,0.3,5.66,0.131,28.35,14.06,78.7
2018-07-15T08:30:00Z,GYK,Greys_Creek,38.44901667,-75.13245,0.3,6.69,0.12,27.3,9.49,89.1
2018-07-15T08:45:00Z,GYK,Greys_Creek,38.44901667,-75.13245,0.3,7.28,0.1,25.81,7.89,93.5
2018-07-15T09:00:00Z,GYK,Greys_Creek,38.44901667,-75.13245,0.3,6.88,0.095,25.22,6.89,87.0
2018-07-15T09:15:00Z,GYK,Greys_Creek,38.44901667,-75.13245,0.3,6.3,0.093,25.21,7.17,79.7
2018-07-15T09:30:00Z,GYK,Greys_Creek,38.44901667,-75.13245,0.3,6.22,0.09,24.72,6.27,77.6
2018-07-15T09:45:00Z,GYK,Greys_Creek,38.44901667,-75.13245,0.3,5.97,0.088,24.58,5.84,74.2
2018-07-15T10:00:00Z,GYK,Greys_Creek,38.44901667,-75.13245,0.3,5.38,0.085,24.55,5.7,66.7
2018-07-15T10:15:00Z,GYK,Greys_Creek,38.44901667,-75.13245,0.3,5.19,0.082,24.3,4.7,63.7
2018-07-15T10:30:00Z,GYK,Greys_Creek,38.44901667,-75.13245,0.3,5.18,0.079,24.02,3.54,62.8
2018-07-15T10:45:00Z,GYK,Greys_Creek,38.44901667,-75.13245,0.3,4.95,0.077,23.72,3.19,59.6
2018-07-15T11:00:00Z,GYK,Greys_Creek,38.44901667,-75.13245,0.3,4.65,0.075,23.9,2.82,56.0
2018-07-15T11:15:00Z,GYK,Greys_Creek,38.44901667,-75.13245,0.3,4.49,0.074,23.69,3.08,53.9
2018-07-15T11:30:00Z,GYK,Greys_Creek,38.44901667,-75.13245,0.3,4.35,0.071,23.49,2.76,52.0
2018-07-15T11:45:00Z,GYK,Greys_Creek,38.44901667,-75.13245,0.3,4.78,0.069,23.89,3.09,57.7
2018-07-15T12:00:00Z,GYK,Greys_Creek,38.44901667,-75.13245,0.3,5.94,0.067,23.92,2.98,71.6
2018-07-15T12:15:00Z,GYK,Greys_Creek,38.44901667,-75.13245,0.3,8.14,0.067,23.89,2.76,98.0
2018-07-15T12:30:00Z,GYK,Greys_Creek,38.44901667,-75.13245,0.3,2.7,0.064,28.14,9.56,36.5
2018-07-15T12:45:00Z,GYK,Greys_Creek,38.44901667,-75.13245,0.3,3.7,0.063,28.37,17.28,52.3
2018-07-15T13:00:00Z,GYK,Greys_Creek,38.44901667,-75.13245,0.3,3.55,0.064,28.22,16.8,49.9
2018-07-15T13:15:00Z,GYK,Greys_Creek,38.44901667,-75.13245,0.3,3.86,0.067,28.23,17.51,54.6
2018-07-15T13:30:00Z,GYK,Greys_Creek,38.44901667,-75.13245,0.3,4.66,0.071,28.26,17.22,65.9
2018-07-15T13:45:00Z,GYK,Greys_Creek,38.44901667,-75.13245,0.3,4.87,0.084,28.31,17.19,68.9
2018-07-15T14:00:00Z,GYK,Greys_Creek,38.44901667,-75.13245,0.3,6.72,0.112,28.59,17.39,95.6
2018-07-15T14:15:00Z,GYK,Greys_Creek,38.44901667,-75.13245,0.3,8.08,0.133,28.75,17.38,115.2
2018-07-15T14:30:00Z,GYK,Greys_Creek,38.44901667,-75.13245,0.3,8.55,0.15,28.64,16.69,121.2
2018-07-15T14:45:00Z,GYK,Greys_Creek,38.44901667,-75.13245,0.3,7.76,0.171,28.81,17.31,110.6
2018-07-15T15:00:00Z,GYK,Greys_Creek,38.44901667,-75.13245,0.3,7.69,0.19,28.94,17.56,110.1
2018-07-15T15:15:00Z,GYK,Greys_Creek,38.44901667,-75.13245,0.3,8.81,0.21,29.1,17.73,126.6
2018-07-15T15:30:00Z,GYK,Greys_Creek,38.44901667,-75.13245,0.3,7.74,0.222,29.13,17.79,111.3
2018-07-15T15:45:00Z,GYK,Greys_Creek,38.44901667,-75.13245,0.3,8.15,0.232,29.15,17.45,117.0
2018-07-15T16:00:00Z,GYK,Greys_Creek,38.44901667,-75.13245,0.3,7.17,0.243,29.1,17.77,103.0
2018-07-15T16:15:00Z,GYK,Greys_Creek,38.44901667,-75.13245,0.3,6.35,0.255,28.96,18.04,91.2
2018-07-15T16:30:00Z,GYK,Greys_Creek,38.44901667,-75.13245,0.3,7.6,0.262,29.54,17.68,109.9
2018-07-15T16:45:00Z,GYK,Greys_Creek,38.44901667,-75.13245,0.3,8.89,0.265,29.67,17.19,128.6
2018-07-15T17:00:00Z,GYK,Greys_Creek,38.44901667,-75.13245,0.3,8.4,0.266,29.55,17.58,121.4
2018-07-15T17:15:00Z,GYK,Greys_Creek,38.44901667,-75.13245,0.3,9.21,0.278,29.41,18.23,133.4
2018-07-15T17:30:00Z,GYK,Greys_Creek,38.44901667,-75.13245,0.3,6.7,0.293,29.23,18.58,96.8
2018-07-15T17:45:00Z,GYK,Greys_Creek,38.44901667,-75.13245,0.3,8.52,0.283,30.5,17.1,124.8
2018-07-15T18:00:00Z,GYK,Greys_Creek,38.44901667,-75.13245,0.3,17.53,0.249,30.78,15.69,256.1
2018-07-15T18:15:00Z,GYK,Greys_Creek,38.44901667,-75.13245,0.3,16.17,0.216,31.53,13.11,235.7
2018-07-15T18:30:00Z,GYK,Greys_Creek,38.44901667,-75.13245,0.3,14.59,0.21,30.3,16.34,212.2
2018-07-15T18:45:00Z,GYK,Greys_Creek,38.44901667,-75.13245,0.3,13.33,0.189,30.36,15.08,192.7
2018-07-15T19:00:00Z,GYK,Greys_Creek,38.44901667,-75.13245,0.3,16.5,0.174,31.32,15.55,243.0
2018-07-15T19:15:00Z,GYK,Greys_Creek,38.44901667,-75.13245,0.3,13.49,0.156,30.88,14.63,196.3
2018-07-15T19:30:00Z,GYK,Greys_Creek,38.44901667,-75.13245,0.3,13.06,0.145,30.21,15.39,188.6
2018-07-15T19:45:00Z,GYK,Greys_Creek,38.44901667,-75.13245,0.3,17.24,0.133,30.58,14.25,249.0
2018-07-15T20:00:00Z,GYK,Greys_Creek,38.44901667,-75.13245,0.3,17.41,0.115,31.53,13.2,254.0
2018-07-15T20:15:00Z,GYK,Greys_Creek,38.44901667,-75.13245,0.3,16.49,0.089,30.65,14.26,238.5
2018-07-15T20:30:00Z,GYK,Greys_Creek,38.44901667,-75.13245,0.3,17.68,0.09,30.95,11.82,253.5
2018-07-15T20:45:00Z,GYK,Greys_Creek,38.44901667,-75.13245,0.3,14.94,0.086,30.2,12.96,212.9
2018-07-15T21:00:00Z,GYK,Greys_Creek,38.44901667,-75.13245,0.3,18.74,0.082,30.91,12.06,269.0
2018-07-15T21:15:00Z,GYK,Greys_Creek,38.44901667,-75.13245,0.3,15.95,0.08,30.07,9.6,222.7
2018-07-15T21:30:00Z,GYK,Greys_Creek,38.44901667,-75.13245,0.3,17.99,0.076,29.82,10.56,251.5
2018-07-15T21:45:00Z,GYK,Greys_Creek,38.44901667,-75.13245,0.3,16.27,0.073,30.1,9.6,227.3
2018-07-15T22:00:00Z,GYK,Greys_Creek,38.44901667,-75.13245,0.3,16.0,0.075,29.57,8.3,219.9
2018-07-15T22:15:00Z,GYK,Greys_Creek,38.44901667,-75.13245,0.3,12.12,0.071,27.68,5.51,158.8
2018-07-15T22:30:00Z,GYK,Greys_Creek,38.44901667,-75.13245,0.3,14.54,0.068,28.71,5.98,194.4
2018-07-15T22:45:00Z,GYK,Greys_Creek,38.44901667,-75.13245,0.3,11.23,0.066,27.59,5.34,146.7
2018-07-15T23:00:00Z,GYK,Greys_Creek,38.44901667,-75.13245,0.3,11.64,0.067,26.92,4.67,149.8
2018-07-15T23:15:00Z,GYK,Greys_Creek,38.44901667,-75.13245,0.3,12.0,0.066,27.02,4.36,154.4
2018-07-15T23:30:00Z,GYK,Greys_Creek,38.44901667,-75.13245,0.3,10.39,0.066,25.77,2.63,129.5
2018-07-15T23:45:00Z,GYK,Greys_Creek,38.44901667,-75.13245,0.3,12.36,0.062,25.69,2.26,153.5
2018-07-16T00:00:00Z,GYK,Greys_Creek,38.44901667,-75.13245,0.3,11.19,0.059,27.26,3.55,143.9
2018-07-16T00:15:00Z,GYK,Greys_Creek,38.44901667,-75.13245,0.3,11.75,0.053,27.52,7.22,154.9
2018-07-16T00:30:00Z,GYK,Greys_Creek,38.44901667,-75.13245,0.3,10.98,0.044,28.42,9.54,149.0
2018-07-16T00:45:00Z,GYK,Greys_Creek,38.44901667,-75.13245,0.3,9.16,0.042,29.34,12.92,128.7
2018-07-16T01:00:00Z,GYK,Greys_Creek,38.44901667,-75.13245,0.3,9.64,0.049,29.68,13.22,136.4
2018-07-16T01:15:00Z,GYK,Greys_Creek,38.44901667,-75.13245,0.3,8.32,0.061,29.7,15.41,119.2
2018-07-16T01:30:00Z,GYK,Greys_Creek,38.44901667,-75.13245,0.3,8.16,0.082,29.9,15.95,117.7
2018-07-16T01:45:00Z,GYK,Greys_Creek,38.44901667,-75.13245,0.3,8.31,0.113,29.79,16.34,119.8
2018-07-16T02:00:00Z,GYK,Greys_Creek,38.44901667,-75.13245,0.3,8.54,0.134,29.8,16.4,123.3
2018-07-16T02:15:00Z,GYK,Greys_Creek,38.44901667,-75.13245,0.3,8.92,0.155,29.61,16.03,128.0
2018-07-16T02:30:00Z,GYK,Greys_Creek,38.44901667,-75.13245,0.3,8.56,0.177,29.51,16.96,123.2
2018-07-16T02:45:00Z,GYK,Greys_Creek,38.44901667,-75.13245,0.3,7.48,0.203,29.6,17.39,108.2
2018-07-16T03:00:00Z,GYK,Greys_Creek,38.44901667,-75.13245,0.3,7.52,0.229,29.53,17.51,108.7
2018-07-16T03:15:00Z,GYK,Greys_Creek,38.44901667,-75.13245,0.3,7.24,0.25,29.51,17.26,104.4
2018-07-16T03:30:00Z,GYK,Greys_Creek,38.44901667,-75.13245,0.3,6.48,0.269,29.53,17.63,93.7
2018-07-16T03:45:00Z,GYK,Greys_Creek,38.44901667,-75.13245,0.3,6.34,0.287,29.43,17.76,91.6
2018-07-16T04:00:00Z,GYK,Greys_Creek,38.44901667,-75.13245,0.3,6.65,0.305,29.41,17.85,96.1
2018-07-16T04:15:00Z,GYK,Greys_Creek,38.44901667,-75.13245,0.3,6.43,0.321,29.32,17.92,92.7
2018-07-16T04:30:00Z,GYK,Greys_Creek,38.44901667,-75.13245,0.3,6.19,0.334,29.29,18.0,89.4
2018-07-16T04:45:00Z,GYK,Greys_Creek,38.44901667,-75.13245,0.3,5.8,0.347,29.22,18.04,83.7
2018-07-16T05:00:00Z,GYK,Greys_Creek,38.44901667,-75.13245,0.3,5.81,0.354,29.18,18.02,83.7
2018-07-16T05:15:00Z,GYK,Greys_Creek,38.44901667,-75.13245,0.3,5.35,0.356,29.17,18.16,77.2
2018-07-16T05:30:00Z,GYK,Greys_Creek,38.44901667,-75.13245,0.3,5.39,0.362,29.11,18.18,77.7
2018-07-16T05:45:00Z,GYK,Greys_Creek,38.44901667,-75.13245,0.3,5.02,0.365,29.06,18.18,72.3
2018-07-16T06:00:00Z,GYK,Greys_Creek,38.44901667,-75.13245,0.3,4.56,0.361,28.97,17.96,65.4
2018-07-16T06:15:00Z,GYK,Greys_Creek,38.44901667,-75.13245,0.3,4.13,0.349,28.99,16.4,58.7
2018-07-16T06:30:00Z,GYK,Greys_Creek,38.44901667,-75.13245,0.3,5.53,0.327,29.43,15.32,78.8
2018-07-16T06:45:00Z,GYK,Greys_Creek,38.44901667,-75.13245,0.3,4.9,0.309,29.34,16.65,70.2
2018-07-16T07:00:00Z,GYK,Greys_Creek,38.44901667,-75.13245,0.3,4.7,0.288,29.31,16.44,67.2
2018-07-16T07:15:00Z,GYK,Greys_Creek,38.44901667,-75.13245,0.3,4.76,0.269,29.06,16.04,67.7
2018-07-16T07:30:00Z,GYK,Greys_Creek,38.44901667,-75.13245,0.3,4.96,0.245,28.91,15.68,70.3
2018-07-16T07:45:00Z,GYK,Greys_Creek,38.44901667,-75.13245,0.3,4.31,0.233,29.16,16.09,61.5
2018-07-16T08:00:00Z,GYK,Greys_Creek,38.44901667,-75.13245,0.3,3.97,0.216,29.09,15.99,56.4
2018-07-16T08:15:00Z,GYK,Greys_Creek,38.44901667,-75.13245,0.3,4.03,0.199,29.02,15.5,57.2
2018-07-16T08:30:00Z,GYK,Greys_Creek,38.44901667,-75.13245,0.3,2.35,0.18,29.3,15.71,33.5
2018-07-16T08:45:00Z,GYK,Greys_Creek,38.44901667,-75.13245,0.3,3.83,0.168,28.91,15.48,54.1
2018-07-16T09:00:00Z,GYK,Greys_Creek,38.44901667,-75.13245,0.3,3.72,0.153,28.36,13.91,51.7
2018-07-16T09:15:00Z,GYK,Greys_Creek,38.44901667,-75.13245,0.3,3.81,0.133,27.08,10.42,50.7
2018-07-16T09:30:00Z,GYK,Greys_Creek,38.44901667,-75.13245,0.3,4.65,0.116,26.37,9.36,60.9
2018-07-16T09:45:00Z,GYK,Greys_Creek,38.44901667,-75.13245,0.3,2.83,0.1,27.06,10.0,37.6
2018-07-16T10:00:00Z,GYK,Greys_Creek,38.44901667,-75.13245,0.3,3.94,0.086,25.97,6.98,50.5
2018-07-16T10:15:00Z,GYK,Greys_Creek,38.44901667,-75.13245,0.3,4.12,0.082,25.89,6.36,52.5
2018-07-16T10:30:00Z,GYK,Greys_Creek,38.44901667,-75.13245,0.3,3.69,0.078,25.68,5.78,46.7
2018-07-16T10:45:00Z,GYK,Greys_Creek,38.44901667,-75.13245,0.3,3.89,0.072,25.6,5.41,49.0
2018-07-16T11:00:00Z,GYK,Greys_Creek,38.44901667,-75.13245,0.3,3.72,0.061,25.34,4.8,46.6
2018-07-16T11:15:00Z,GYK,Greys_Creek,38.44901667,-75.13245,0.3,3.54,0.05,25.14,4.11,44.0
2018-07-16T11:30:00Z,GYK,Greys_Creek,38.44901667,-75.13245,0.3,2.08,0.038,25.2,3.82,25.8
2018-07-16T11:45:00Z,GYK,Greys_Creek,38.44901667,-75.13245,0.3,4.32,0.021,26.58,4.15,55.0
2018-07-16T12:00:00Z,GYK,Greys_Creek,38.44901667,-75.13245,0.3,3.8,0.015,25.02,2.94,46.7
2018-07-16T12:15:00Z,GYK,Greys_Creek,38.44901667,-75.13245,0.3,3.17,0.01,25.1,2.87,39.1
2018-07-16T12:30:00Z,GYK,Greys_Creek,38.44901667,-75.13245,0.3,4.47,0.007,25.1,2.85,55.1
2018-07-16T12:45:00Z,GYK,Greys_Creek,38.44901667,-75.13245,0.3,4.06,0.002,25.35,3.19,50.4
2018-07-16T13:00:00Z,GYK,Greys_Creek,38.44901667,-75.13245,0.3,3.59,0.002,26.81,5.25,46.3
2018-07-16T13:15:00Z,GYK,Greys_Creek,38.44901667,-75.13245,0.3,3.3,0.002,28.09,11.7,45.0
2018-07-16T13:30:00Z,GYK,Greys_Creek,38.44901667,-75.13245,0.3,3.93,0.022,28.35,16.58,55.4
2018-07-16T13:45:00Z,GYK,Greys_Creek,38.44901667,-75.13245,0.3,2.89,0.049,28.83,17.78,41.4
2018-07-16T14:00:00Z,GYK,Greys_Creek,38.44901667,-75.13245,0.3,6.26,0.072,28.97,17.43,89.6
2018-07-16T14:15:00Z,GYK,Greys_Creek,38.44901667,-75.13245,0.3,6.25,0.111,29.06,17.29,89.4
2018-07-16T14:30:00Z,GYK,Greys_Creek,38.44901667,-75.13245,0.3,7.54,0.126,28.95,16.44,107.2
2018-07-16T14:45:00Z,GYK,Greys_Creek,38.44901667,-75.13245,0.3,6.69,0.147,29.1,17.66,96.1
2018-07-16T15:00:00Z,GYK,Greys_Creek,38.44901667,-75.13245,0.3,3.49,0.165,29.08,18.41,50.3
2018-07-16T15:15:00Z,GYK,Greys_Creek,38.44901667,-75.13245,0.3,3.14,0.184,28.96,18.5,45.2
2018-07-16T15:30:00Z,GYK,Greys_Creek,38.44901667,-75.13245,0.3,10.58,0.203,29.3,18.07,152.7
2018-07-16T15:45:00Z,GYK,Greys_Creek,38.44901667,-75.13245,0.3,6.26,0.226,29.21,18.23,90.4
2018-07-16T16:00:00Z,GYK,Greys_Creek,38.44901667,-75.13245,0.3,6.06,0.239,29.56,18.06,87.9
2018-07-16T16:15:00Z,GYK,Greys_Creek,38.44901667,-75.13245,0.3,8.62,0.256,29.24,18.32,124.6
2018-07-16T16:30:00Z,GYK,Greys_Creek,38.44901667,-75.13245,0.3,6.74,0.281,29.34,18.45,97.5
2018-07-16T16:45:00Z,GYK,Greys_Creek,38.44901667,-75.13245,0.3,12.77,0.293,29.88,18.15,186.2
2018-07-16T17:00:00Z,GYK,Greys_Creek,38.44901667,-75.13245,0.3,13.57,0.297,30.9,17.81,200.8
2018-07-16T17:15:00Z,GYK,Greys_Creek,38.44901667,-75.13245,0.3,14.53,0.309,30.81,17.94,215.0
2018-07-16T17:30:00Z,GYK,Greys_Creek,38.44901667,-75.13245,0.3,14.26,0.318,31.06,17.63,211.5
2018-07-16T17:45:00Z,GYK,Greys_Creek,38.44901667,-75.13245,0.3,14.38,0.319,31.09,17.29,212.9
2018-07-16T18:00:00Z,GYK,Greys_Creek,38.44901667,-75.13245,0.3,16.2,0.313,31.09,17.51,240.3
2018-07-16T18:15:00Z,GYK,Greys_Creek,38.44901667,-75.13245,0.3,13.71,0.311,30.7,17.5,202.0
2018-07-16T18:30:00Z,GYK,Greys_Creek,38.44901667,-75.13245,0.3,12.08,0.304,30.23,17.2,176.3
2018-07-16T18:45:00Z,GYK,Greys_Creek,38.44901667,-75.13245,0.3,8.55,0.286,30.16,17.23,124.6
2018-07-16T19:00:00Z,GYK,Greys_Creek,38.44901667,-75.13245,0.3,9.03,0.256,30.85,16.45,132.6
2018-07-16T19:15:00Z,GYK,Greys_Creek,38.44901667,-75.13245,0.3,7.65,0.232,30.43,17.15,112.0
2018-07-16T19:30:00Z,GYK,Greys_Creek,38.44901667,-75.13245,0.3,10.81,0.216,29.91,16.7,156.4
2018-07-16T19:45:00Z,GYK,Greys_Creek,38.44901667,-75.13245,0.3,15.95,0.204,30.72,15.99,233.1
2018-07-16T20:00:00Z,GYK,Greys_Creek,38.44901667,-75.13245,0.3,16.65,0.19,31.16,15.65,244.7
2018-07-16T20:15:00Z,GYK,Greys_Creek,38.44901667,-75.13245,0.3,11.6,0.18,31.31,15.29,170.6
2018-07-16T20:30:00Z,GYK,Greys_Creek,38.44901667,-75.13245,0.3,16.07,0.176,31.42,15.0,236.3
2018-07-16T20:45:00Z,GYK,Greys_Creek,38.44901667,-75.13245,0.3,18.99,0.164,31.15,14.82,277.8
2018-07-16T21:00:00Z,GYK,Greys_Creek,38.44901667,-75.13245,0.3,6.85,0.144,31.66,13.63,100.3
2018-07-16T21:15:00Z,GYK,Greys_Creek,38.44901667,-75.13245,0.3,19.54,0.129,31.57,15.27,288.5
2018-07-16T21:30:00Z,GYK,Greys_Creek,38.44901667,-75.13245,0.3,15.79,0.113,31.28,13.91,230.4
2018-07-16T21:45:00Z,GYK,Greys_Creek,38.44901667,-75.13245,0.3,18.57,0.099,31.57,13.29,271.2
2018-07-16T22:00:00Z,GYK,Greys_Creek,38.44901667,-75.13245,0.3,15.12,0.084,30.68,9.61,213.3
2018-07-16T22:15:00Z,GYK,Greys_Creek,38.44901667,-75.13245,0.3,18.94,0.073,31.65,10.54,272.9
2018-07-16T22:30:00Z,GYK,Greys_Creek,38.44901667,-75.13245,0.3,15.28,0.072,29.86,6.16,208.6
2018-07-16T22:45:00Z,GYK,Greys_Creek,38.44901667,-75.13245,0.3,15.33,0.068,30.64,10.61,217.3
2018-07-16T23:00:00Z,GYK,Greys_Creek,38.44901667,-75.13245,0.3,14.95,0.066,28.31,4.98,197.4
2018-07-16T23:15:00Z,GYK,Greys_Creek,38.44901667,-75.13245,0.3,13.37,0.066,29.45,8.54,183.6
2018-07-16T23:30:00Z,GYK,Greys_Creek,38.44901667,-75.13245,0.3,12.03,0.069,29.29,8.01,164.3
2018-07-16T23:45:00Z,GYK,Greys_Creek,38.44901667,-75.13245,0.3,12.55,0.056,30.56,11.27,178.4
2018-07-17T00:00:00Z,GYK,Greys_Creek,38.44901667,-75.13245,0.3,11.43,0.049,29.3,7.83,156.0
2018-07-17T00:15:00Z,GYK,Greys_Creek,38.44901667,-75.13245,0.3,10.97,0.043,29.2,8.31,149.9
2018-07-17T00:30:00Z,GYK,Greys_Creek,38.44901667,-75.13245,0.3,10.36,0.041,28.7,7.01,139.3
2018-07-17T00:45:00Z,GYK,Greys_Creek,38.44901667,-75.13245,0.3,8.89,0.037,28.38,8.06,119.6
2018-07-17T01:00:00Z,GYK,Greys_Creek,38.44901667,-75.13245,0.3,8.87,0.039,28.36,8.34,119.5
2018-07-17T01:15:00Z,GYK,Greys_Creek,38.44901667,-75.13245,0.3,8.57,0.045,29.05,9.67,117.6
2018-07-17T01:30:00Z,GYK,Greys_Creek,38.44901667,-75.13245,0.3,8.94,0.056,29.85,15.03,128.2
2018-07-17T01:45:00Z,GYK,Greys_Creek,38.44901667,-75.13245,0.3,9.77,0.062,29.32,15.49,139.1
2018-07-17T02:00:00Z,GYK,Greys_Creek,38.44901667,-75.13245,0.3,10.3,0.079,29.11,15.32,146.1
2018-07-17T02:15:00Z,GYK,Greys_Creek,38.44901667,-75.13245,0.3,9.25,0.098,29.38,16.09,132.3
2018-07-17T02:30:00Z,GYK,Greys_Creek,38.44901667,-75.13245,0.3,8.05,0.122,29.53,16.39,115.7
2018-07-17T02:45:00Z,GYK,Greys_Creek,38.44901667,-75.13245,0.3,8.51,0.144,29.49,16.68,122.3
2018-07-17T03:00:00Z,GYK,Greys_Creek,38.44901667,-75.13245,0.3,8.17,0.163,29.47,16.69,117.4
2018-07-17T03:15:00Z,GYK,Greys_Creek,38.44901667,-75.13245,0.3,7.22,0.185,29.83,17.2,104.7
2018-07-17T03:30:00Z,GYK,Greys_Creek,38.44901667,-75.13245,0.3,8.04,0.207,29.75,17.43,116.6
2018-07-17T03:45:00Z,GYK,Greys_Creek,38.44901667,-75.13245,0.3,8.19,0.229,29.62,17.51,118.5
2018-07-17T04:00:00Z,GYK,Greys_Creek,38.44901667,-75.13245,0.3,7.06,0.242,29.39,17.5,101.9
2018-07-17T04:15:00Z,GYK,Greys_Creek,38.44901667,-75.13245,0.3,6.75,0.261,29.23,17.48,97.1
2018-07-17T04:30:00Z,GYK,Greys_Creek,38.44901667,-75.13245,0.3,6.21,0.275,29.22,17.39,89.2
2018-07-17T04:45:00Z,GYK,Greys_Creek,38.44901667,-75.13245,0.3,5.7,0.292,29.0,17.43,81.6
2018-07-17T05:00:00Z,GYK,Greys_Creek,38.44901667,-75.13245,0.3,5.98,0.305,28.93,17.48,85.5
2018-07-17T05:15:00Z,GYK,Greys_Creek,38.44901667,-75.13245,0.3,6.1,0.32,28.72,17.41,86.9
2018-07-17T05:30:00Z,GYK,Greys_Creek,38.44901667,-75.13245,0.3,5.68,0.333,28.65,17.4,80.8
2018-07-17T05:45:00Z,GYK,Greys_Creek,38.44901667,-75.13245,0.3,5.58,0.341,28.64,17.39,79.3
2018-07-17T06:00:00Z,GYK,Greys_Creek,38.44901667,-75.13245,0.3,5.35,0.348,28.66,17.44,76.1
2018-07-17T06:15:00Z,GYK,Greys_Creek,38.44901667,-75.13245,0.3,4.68,0.358,28.75,17.48,66.8
2018-07-17T06:30:00Z,GYK,Greys_Creek,38.44901667,-75.13245,0.3,4.55,0.361,28.66,17.57,64.8
2018-07-17T06:45:00Z,GYK,Greys_Creek,38.44901667,-75.13245,0.3,3.48,0.353,28.58,16.89,49.3
2018-07-17T07:00:00Z,GYK,Greys_Creek,38.44901667,-75.13245,0.3,2.67,0.349,28.95,16.13,38.0
2018-07-17T07:15:00Z,GYK,Greys_Creek,38.44901667,-75.13245,0.3,5.18,0.33,28.97,15.63,73.4
2018-07-17T07:30:00Z,GYK,Greys_Creek,38.44901667,-75.13245,0.3,4.89,0.301,29.05,16.06,69.5
2018-07-17T07:45:00Z,GYK,Greys_Creek,38.44901667,-75.13245,0.3,4.99,0.278,29.08,16.03,71.0
2018-07-17T08:00:00Z,GYK,Greys_Creek,38.44901667,-75.13245,0.3,4.45,0.257,28.89,15.67,63.0
2018-07-17T08:15:00Z,GYK,Greys_Creek,38.44901667,-75.13245,0.3,4.35,0.245,28.76,15.73,61.4
2018-07-17T08:30:00Z,GYK,Greys_Creek,38.44901667,-75.13245,0.3,4.46,0.228,28.7,15.54,62.9
2018-07-17T08:45:00Z,GYK,Greys_Creek,38.44901667,-75.13245,0.3,4.33,0.209,28.69,15.09,60.9
2018-07-17T09:00:00Z,GYK,Greys_Creek,38.44901667,-75.13245,0.3,4.13,0.194,28.64,14.95,58.0
2018-07-17T09:15:00Z,GYK,Greys_Creek,38.44901667,-75.13245,0.3,3.52,0.18,28.93,16.17,50.0
2018-07-17T09:30:00Z,GYK,Greys_Creek,38.44901667,-75.13245,0.3,3.72,0.164,28.75,14.51,52.1
2018-07-17T09:45:00Z,GYK,Greys_Creek,38.44901667,-75.13245,0.3,3.33,0.147,28.78,14.98,46.9
2018-07-17T10:00:00Z,GYK,Greys_Creek,38.44901667,-75.13245,0.3,3.57,0.13,28.52,14.51,49.8
2018-07-17T10:15:00Z,GYK,Greys_Creek,38.44901667,-75.13245,0.3,3.34,0.11,28.6,14.19,46.6
2018-07-17T10:30:00Z,GYK,Greys_Creek,38.44901667,-75.13245,0.3,2.83,0.094,28.56,14.59,39.6
2018-07-17T10:45:00Z,GYK,Greys_Creek,38.44901667,-75.13245,0.3,3.36,0.078,27.91,12.26,45.9
2018-07-17T11:00:00Z,GYK,Greys_Creek,38.44901667,-75.13245,0.3,4.17,0.064,26.83,7.75,54.5
2018-07-17T11:15:00Z,GYK,Greys_Creek,38.44901667,-75.13245,0.3,4.13,0.054,26.62,7.02,53.5
2018-07-17T11:30:00Z,GYK,Greys_Creek,38.44901667,-75.13245,0.3,3.96,0.049,27.12,8.32,52.2
2018-07-17T11:45:00Z,GYK,Greys_Creek,38.44901667,-75.13245,0.3,4.56,0.045,26.56,7.86,59.3
2018-07-17T12:00:00Z,GYK,Greys_Creek,38.44901667,-75.13245,0.3,3.76,0.043,27.4,9.68,50.2
2018-07-17T12:15:00Z,GYK,Greys_Creek,38.44901667,-75.13245,0.3,5.21,0.039,26.07,4.57,65.9
2018-07-17T12:30:00Z,GYK,Greys_Creek,38.44901667,-75.13245,0.3,5.09,0.033,25.39,3.87,63.4
2018-07-17T12:45:00Z,GYK,Greys_Creek,38.44901667,-75.13245,0.3,4.85,0.024,26.31,4.24,61.5
2018-07-17T13:00:00Z,GYK,Greys_Creek,38.44901667,-75.13245,0.3,4.04,0.019,26.59,7.39,52.4
2018-07-17T13:15:00Z,GYK,Greys_Creek,38.44901667,-75.13245,0.3,4.67,0.012,27.34,8.56,61.8
2018-07-17T13:30:00Z,GYK,Greys_Creek,38.44901667,-75.13245,0.3,5.65,0.005,27.26,5.11,73.3
2018-07-17T13:45:00Z,GYK,Greys_Creek,38.44901667,-75.13245,0.3,5.73,NaN,27.35,5.78,74.7
2018-07-17T14:00:00Z,GYK,Greys_Creek,38.44901667,-75.13245,0.3,10.41,NaN,27.91,6.23,137.4
2018-07-17T14:15:00Z,GYK,Greys_Creek,38.44901667,-75.13245,0.3,5.64,NaN,28.36,8.08,75.8
2018-07-17T14:30:00Z,GYK,Greys_Creek,38.44901667,-75.13245,0.3,7.28,NaN,29.07,12.64,101.6
2018-07-17T14:45:00Z,GYK,Greys_Creek,38.44901667,-75.13245,0.3,8.06,0.019,29.99,16.18,116.5
2018-07-17T15:00:00Z,GYK,Greys_Creek,38.44901667,-75.13245,0.3,8.84,0.059,30.34,16.22,128.6
2018-07-17T15:15:00Z,GYK,Greys_Creek,38.44901667,-75.13245,0.3,6.98,0.078,30.1,15.68,100.8
2018-07-17T15:30:00Z,GYK,Greys_Creek,38.44901667,-75.13245,0.3,8.97,0.095,30.31,14.7,129.3
2018-07-17T15:45:00Z,GYK,Greys_Creek,38.44901667,-75.13245,0.3,11.59,0.112,30.8,15.75,169.3
2018-07-17T16:00:00Z,GYK,Greys_Creek,38.44901667,-75.13245,0.3,11.15,0.128,30.66,15.87,162.7
2018-07-17T16:15:00Z,GYK,Greys_Creek,38.44901667,-75.13245,0.3,6.0,0.162,29.81,17.77,87.2
2018-07-17T16:30:00Z,GYK,Greys_Creek,38.44901667,-75.13245,0.3,7.18,0.198,29.71,18.3,104.5
2018-07-17T16:45:00Z,GYK,Greys_Creek,38.44901667,-75.13245,0.3,11.76,0.209,31.09,17.19,174.1
2018-07-17T17:00:00Z,GYK,Greys_Creek,38.44901667,-75.13245,0.3,13.39,0.215,31.93,16.95,200.7
2018-07-17T17:15:00Z,GYK,Greys_Creek,38.44901667,-75.13245,0.3,12.85,0.236,31.91,17.11,192.6
2018-07-17T17:30:00Z,GYK,Greys_Creek,38.44901667,-75.13245,0.3,13.75,0.238,32.21,17.31,207.4
2018-07-17T17:45:00Z,GYK,Greys_Creek,38.44901667,-75.13245,0.3,14.75,0.24,32.48,16.34,222.4
2018-07-17T18:00:00Z,GYK,Greys_Creek,38.44901667,-75.13245,0.3,13.94,0.252,32.52,17.0,211.0
2018-07-17T18:15:00Z,GYK,Greys_Creek,38.44901667,-75.13245,0.3,14.56,0.27,32.57,17.2,220.7
2018-07-17T18:30:00Z,GYK,Greys_Creek,38.44901667,-75.13245,0.3,15.79,0.277,32.58,17.3,239.7
2018-07-17T18:45:00Z,GYK,Greys_Creek,38.44901667,-75.13245,0.3,14.03,0.267,32.58,17.04,212.7
2018-07-17T19:00:00Z,GYK,Greys_Creek,38.44901667,-75.13245,0.3,15.47,0.258,32.76,16.77,234.7
2018-07-17T19:15:00Z,GYK,Greys_Creek,38.44901667,-75.13245,0.3,14.08,0.269,32.68,17.01,213.7
2018-07-17T19:30:00Z,GYK,Greys_Creek,38.44901667,-75.13245,0.3,14.83,0.263,32.88,17.15,225.9
2018-07-17T19:45:00Z,GYK,Greys_Creek,38.44901667,-75.13245,0.3,14.71,0.251,32.67,16.59,222.7
2018-07-17T20:00:00Z,GYK,Greys_Creek,38.44901667,-75.13245,0.3,12.11,0.227,32.94,14.91,182.5
2018-07-17T20:15:00Z,GYK,Greys_Creek,38.44901667,-75.13245,0.3,14.08,0.21,32.16,15.53,210.2
2018-07-17T20:30:00Z,GYK,Greys_Creek,38.44901667,-75.13245,0.3,13.17,0.196,32.37,14.84,196.5
2018-07-17T20:45:00Z,GYK,Greys_Creek,38.44901667,-75.13245,0.3,16.86,0.174,32.92,14.8,253.8
2018-07-17T21:00:00Z,GYK,Greys_Creek,38.44901667,-75.13245,0.3,17.05,0.146,32.68,15.08,256.1
2018-07-17T21:15:00Z,GYK,Greys_Creek,38.44901667,-75.13245,0.3,11.09,0.137,31.78,14.33,163.5
2018-07-17T21:30:00Z,GYK,Greys_Creek,38.44901667,-75.13245,0.3,10.79,0.133,31.36,15.2,158.6
2018-07-17T21:45:00Z,GYK,Greys_Creek,38.44901667,-75.13245,0.3,12.1,0.112,31.87,13.09,177.4
2018-07-17T22:00:00Z,GYK,Greys_Creek,38.44901667,-75.13245,0.3,12.65,0.09,31.88,12.11,184.6
2018-07-17T22:15:00Z,GYK,Greys_Creek,38.44901667,-75.13245,0.3,9.73,0.056,31.01,11.67,139.6
2018-07-17T22:30:00Z,GYK,Greys_Creek,38.44901667,-75.13245,0.3,10.18,0.051,31.15,12.5,147.0
2018-07-17T22:45:00Z,GYK,Greys_Creek,38.44901667,-75.13245,0.3,10.32,0.041,30.66,9.7,145.6
2018-07-17T23:00:00Z,GYK,Greys_Creek,38.44901667,-75.13245,0.3,10.22,0.03,30.39,9.24,143.1
2018-07-17T23:15:00Z,GYK,Greys_Creek,38.44901667,-75.13245,0.3,8.96,0.013,29.41,8.54,122.9
2018-07-17T23:30:00Z,GYK,Greys_Creek,38.44901667,-75.13245,0.3,8.56,0.008,29.05,7.81,116.3
2018-07-17T23:45:00Z,GYK,Greys_Creek,38.44901667,-75.13245,0.3,8.19,0.008,28.45,7.13,109.7
2018-07-18T00:00:00Z,GYK,Greys_Creek,38.44901667,-75.13245,0.3,7.37,0.003,28.1,5.34,97.1
2018-07-18T00:15:00Z,GYK,Greys_Creek,38.44901667,-75.13245,0.3,9.99,NaN,29.9,10.72,140.0
2018-07-18T00:30:00Z,GYK,Greys_Creek,38.44901667,-75.13245,0.3,8.16,NaN,28.27,6.92,108.8
2018-07-18T00:45:00Z,GYK,Greys_Creek,38.44901667,-75.13245,0.3,8.43,NaN,29.03,8.33,114.8
2018-07-18T01:00:00Z,GYK,Greys_Creek,38.44901667,-75.13245,0.3,7.65,NaN,27.68,7.24,101.2
2018-07-18T01:15:00Z,GYK,Greys_Creek,38.44901667,-75.13245,0.3,6.92,NaN,27.14,5.6,89.8
2018-07-18T01:30:00Z,GYK,Greys_Creek,38.44901667,-75.13245,0.3,6.73,NaN,26.83,4.92,86.5
2018-07-18T01:45:00Z,GYK,Greys_Creek,38.44901667,-75.13245,0.3,7.65,NaN,30.06,8.56,106.2
2018-07-18T02:00:00Z,GYK,Greys_Creek,38.44901667,-75.13245,0.3,6.24,NaN,27.12,5.98,81.1
2018-07-18T02:15:00Z,GYK,Greys_Creek,38.44901667,-75.13245,0.3,6.61,NaN,26.91,5.54,85.4
2018-07-18T02:30:00Z,GYK,Greys_Creek,38.44901667,-75.13245,0.3,6.12,NaN,28.74,8.09,82.9
2018-07-18T02:45:00Z,GYK,Greys_Creek,38.44901667,-75.13245,0.3,5.35,NaN,28.84,8.4,72.7
2018-07-18T03:00:00Z,GYK,Greys_Creek,38.44901667,-75.13245,0.3,5.33,NaN,29.63,13.46,75.4
2018-07-18T03:15:00Z,GYK,Greys_Creek,38.44901667,-75.13245,0.3,4.82,0.013,29.96,15.1,69.2
2018-07-18T03:30:00Z,GYK,Greys_Creek,38.44901667,-75.13245,0.3,5.4,0.029,29.78,14.69,77.1
2018-07-18T03:45:00Z,GYK,Greys_Creek,38.44901667,-75.13245,0.3,5.39,0.049,29.76,14.29,76.9
2018-07-18T04:00:00Z,GYK,Greys_Creek,38.44901667,-75.13245,0.3,4.05,0.075,30.17,16.22,58.7
2018-07-18T04:15:00Z,GYK,Greys_Creek,38.44901667,-75.13245,0.3,4.12,0.092,29.95,16.26,59.5
2018-07-18T04:30:00Z,GYK,Greys_Creek,38.44901667,-75.13245,0.3,4.17,0.106,29.93,15.72,60.1
2018-07-18T04:45:00Z,GYK,Greys_Creek,38.44901667,-75.13245,0.3,3.63,0.125,30.15,16.5,52.7
2018-07-18T05:00:00Z,GYK,Greys_Creek,38.44901667,-75.13245,0.3,3.64,0.15,30.11,16.99,52.9
2018-07-18T05:15:00Z,GYK,Greys_Creek,38.44901667,-75.13245,0.3,3.46,0.175,30.07,17.17,50.4
2018-07-18T05:30:00Z,GYK,Greys_Creek,38.44901667,-75.13245,0.3,3.94,0.181,29.73,16.46,56.8
2018-07-18T05:45:00Z,GYK,Greys_Creek,38.44901667,-75.13245,0.3,3.85,0.19,29.82,16.6,55.6
2018-07-18T06:00:00Z,GYK,Greys_Creek,38.44901667,-75.13245,0.3,3.75,0.198,29.92,16.91,54.3
2018-07-18T06:15:00Z,GYK,Greys_Creek,38.44901667,-75.13245,0.3,3.06,0.212,29.96,17.29,44.5
2018-07-18T06:30:00Z,GYK,Greys_Creek,38.44901667,-75.13245,0.3,2.83,0.224,29.9,17.41,41.2
2018-07-18T06:45:00Z,GYK,Greys_Creek,38.44901667,-75.13245,0.3,2.62,0.224,29.87,17.41,38.1
2018-07-18T07:00:00Z,GYK,Greys_Creek,38.44901667,-75.13245,0.3,3.42,0.243,29.78,17.73,49.6
2018-07-18T07:15:00Z,GYK,Greys_Creek,38.44901667,-75.13245,0.3,2.57,0.253,29.75,17.8,37.4
2018-07-18T07:30:00Z,GYK,Greys_Creek,38.44901667,-75.13245,0.3,2.12,0.245,29.2,13.94,29.9
2018-07-18T07:45:00Z,GYK,Greys_Creek,38.44901667,-75.13245,0.3,2.3,0.237,29.67,14.57,32.8
2018-07-18T08:00:00Z,GYK,Greys_Creek,38.44901667,-75.13245,0.3,2.86,0.231,29.78,14.75,40.9
2018-07-18T08:15:00Z,GYK,Greys_Creek,38.44901667,-75.13245,0.3,2.29,0.212,28.78,12.94,31.8
2018-07-18T08:30:00Z,GYK,Greys_Creek,38.44901667,-75.13245,0.3,2.82,0.189,29.59,14.73,40.2
2018-07-18T08:45:00Z,GYK,Greys_Creek,38.44901667,-75.13245,0.3,2.72,0.165,28.44,12.06,37.5
2018-07-18T09:00:00Z,GYK,Greys_Creek,38.44901667,-75.13245,0.3,1.5,0.151,29.42,14.63,21.3
2018-07-18T09:15:00Z,GYK,Greys_Creek,38.44901667,-75.13245,0.3,1.43,0.142,29.6,14.88,20.4
2018-07-18T09:30:00Z,GYK,Greys_Creek,38.44901667,-75.13245,0.3,1.75,0.121,28.72,8.88,23.8
2018-07-18T09:45:00Z,GYK,Greys_Creek,38.44901667,-75.13245,0.3,2.95,0.103,27.67,6.97,39.0
2018-07-18T10:00:00Z,GYK,Greys_Creek,38.44901667,-75.13245,0.3,2.47,0.092,29.35,13.44,34.8
2018-07-18T10:15:00Z,GYK,Greys_Creek,38.44901667,-75.13245,0.3,0.53,0.078,28.96,10.09,7.3
2018-07-18T10:30:00Z,GYK,Greys_Creek,38.44901667,-75.13245,0.3,2.03,0.061,26.6,7.23,26.4
2018-07-18T10:45:00Z,GYK,Greys_Creek,38.44901667,-75.13245,0.3,2.01,0.044,26.34,6.56,25.8
2018-07-18T11:00:00Z,GYK,Greys_Creek,38.44901667,-75.13245,0.3,1.95,0.032,26.09,5.88,24.9
2018-07-18T11:15:00Z,GYK,Greys_Creek,38.44901667,-75.13245,0.3,2.55,0.024,26.1,6.19,32.7
2018-07-18T11:30:00Z,GYK,Greys_Creek,38.44901667,-75.13245,0.3,2.65,0.019,25.9,5.72,33.7
2018-07-18T11:45:00Z,GYK,Greys_Creek,38.44901667,-75.13245,0.3,2.73,0.016,25.68,5.24,34.4
2018-07-18T12:00:00Z,GYK,Greys_Creek,38.44901667,-75.13245,0.3,2.95,0.007,25.71,4.92,37.2
2018-07-18T12:15:00Z,GYK,Greys_Creek,38.44901667,-75.13245,0.3,3.18,NaN,25.55,4.64,39.9
2018-07-18T12:30:00Z,GYK,Greys_Creek,38.44901667,-75.13245,0.3,3.05,NaN,25.45,4.65,38.3
2018-07-18T12:45:00Z,GYK,Greys_Creek,38.44901667,-75.13245,0.3,2.97,NaN,25.19,3.53,36.8
2018-07-18T13:00:00Z,GYK,Greys_Creek,38.44901667,-75.13245,0.3,3.46,NaN,25.15,3.6,42.8
2018-07-18T13:15:00Z,GYK,Greys_Creek,38.44901667,-75.13245,0.3,3.99,NaN,25.51,4.67,50.0
2018-07-18T13:30:00Z,GYK,Greys_Creek,38.44901667,-75.13245,0.3,3.71,NaN,25.26,3.55,46.0
2018-07-18T13:45:00Z,GYK,Greys_Creek,38.44901667,-75.13245,0.3,3.65,NaN,25.8,4.61,46.0
2018-07-18T14:00:00Z,GYK,Greys_Creek,38.44901667,-75.13245,0.3,3.59,NaN,25.82,4.49,45.2
2018-07-18T14:15:00Z,GYK,Greys_Creek,38.44901667,-75.13245,0.3,4.21,NaN,26.29,5.38,53.7
2018-07-18T14:30:00Z,GYK,Greys_Creek,38.44901667,-75.13245,0.3,4.61,NaN,26.87,5.65,59.5
2018-07-18T14:45:00Z,GYK,Greys_Creek,38.44901667,-75.13245,0.3,5.69,NaN,27.72,6.71,75.1
2018-07-18T15:00:00Z,GYK,Greys_Creek,38.44901667,-75.13245,0.3,5.92,NaN,29.5,15.67,84.6
2018-07-18T15:15:00Z,GYK,Greys_Creek,38.44901667,-75.13245,0.3,6.57,NaN,29.83,17.09,95.1
2018-07-18T15:30:00Z,GYK,Greys_Creek,38.44901667,-75.13245,0.3,9.44,0.004,29.58,10.01,131.1
2018-07-18T15:45:00Z,GYK,Greys_Creek,38.44901667,-75.13245,0.3,10.8,0.021,30.22,16.86,157.2
2018-07-18T16:00:00Z,GYK,Greys_Creek,38.44901667,-75.13245,0.3,8.33,0.053,30.17,17.57,121.7
2018-07-18T16:15:00Z,GYK,Greys_Creek,38.44901667,-75.13245,0.3,10.84,0.069,30.58,17.22,159.1
2018-07-18T16:30:00Z,GYK,Greys_Creek,38.44901667,-75.13245,0.3,10.4,0.081,30.63,17.06,152.7
2018-07-18T16:45:00Z,GYK,Greys_Creek,38.44901667,-75.13245,0.3,9.63,0.101,30.24,18.22,141.3
2018-07-18T17:00:00Z,GYK,Greys_Creek,38.44901667,-75.13245,0.3,7.5,0.125,30.21,18.54,110.2
2018-07-18T17:15:00Z,GYK,Greys_Creek,38.44901667,-75.13245,0.3,7.25,0.155,29.98,19.02,106.5
2018-07-18T17:30:00Z,GYK,Greys_Creek,38.44901667,-75.13245,0.3,7.38,0.165,29.99,19.16,108.4
2018-07-18T17:45:00Z,GYK,Greys_Creek,38.44901667,-75.13245,0.3,7.62,0.172,30.18,18.67,112.0
2018-07-18T18:00:00Z,GYK,Greys_Creek,38.44901667,-75.13245,0.3,7.45,0.189,30.0,19.21,109.6
2018-07-18T18:15:00Z,GYK,Greys_Creek,38.44901667,-75.13245,0.3,8.1,0.208,29.89,19.45,119.1
2018-07-18T18:30:00Z,GYK,Greys_Creek,38.44901667,-75.13245,0.3,7.61,0.231,29.97,19.51,111.9
2018-07-18T18:45:00Z,GYK,Greys_Creek,38.44901667,-75.13245,0.3,7.49,0.238,30.2,19.5,110.6
2018-07-18T19:00:00Z,GYK,Greys_Creek,38.44901667,-75.13245,0.3,9.4,0.242,30.9,18.44,139.6
2018-07-18T19:15:00Z,GYK,Greys_Creek,38.44901667,-75.13245,0.3,11.64,0.245,30.81,18.77,173.0
2018-07-18T19:30:00Z,GYK,Greys_Creek,38.44901667,-75.13245,0.3,7.35,0.26,30.02,19.54,108.3
2018-07-18T19:45:00Z,GYK,Greys_Creek,38.44901667,-75.13245,0.3,6.23,0.265,30.14,19.56,91.9
2018-07-18T20:00:00Z,GYK,Greys_Creek,38.44901667,-75.13245,0.3,6.69,0.262,30.77,18.2,99.1
2018-07-18T20:15:00Z,GYK,Greys_Creek,38.44901667,-75.13245,0.3,7.55,0.255,31.93,17.15,113.3
2018-07-18T20:30:00Z,GYK,Greys_Creek,38.44901667,-75.13245,0.3,10.58,0.242,31.56,17.19,157.9
2018-07-18T20:45:00Z,GYK,Greys_Creek,38.44901667,-75.13245,0.3,8.34,0.233,32.34,16.8,125.7
2018-07-18T21:00:00Z,GYK,Greys_Creek,38.44901667,-75.13245,0.3,6.96,0.227,30.92,18.17,103.3
2018-07-18T21:15:00Z,GYK,Greys_Creek,38.44901667,-75.13245,0.3,9.63,0.213,31.51,17.5,143.8
2018-07-18T21:30:00Z,GYK,Greys_Creek,38.44901667,-75.13245,0.3,9.37,0.193,31.66,17.34,140.2
2018-07-18T21:45:00Z,GYK,Greys_Creek,38.44901667,-75.13245,0.3,9.86,0.177,31.21,17.69,146.6
2018-07-18T22:00:00Z,GYK,Greys_Creek,38.44901667,-75.13245,0.3,9.41,0.169,31.23,16.83,139.3
2018-07-18T22:15:00Z,GYK,Greys_Creek,38.44901667,-75.13245,0.3,13.76,0.151,30.99,17.1,203.3
2018-07-18T22:30:00Z,GYK,Greys_Creek,38.44901667,-75.13245,0.3,14.91,0.14,31.79,16.53,222.4
2018-07-18T22:45:00Z,GYK,Greys_Creek,38.44901667,-75.13245,0.3,14.51,0.131,31.28,16.79,215.0
2018-07-18T23:00:00Z,GYK,Greys_Creek,38.44901667,-75.13245,0.3,17.69,0.119,32.01,14.66,262.2
2018-07-18T23:15:00Z,GYK,Greys_Creek,38.44901667,-75.13245,0.3,13.52,0.097,30.25,12.13,191.9
2018-07-18T23:30:00Z,GYK,Greys_Creek,38.44901667,-75.13245,0.3,9.46,0.081,29.06,6.66,127.7
2018-07-18T23:45:00Z,GYK,Greys_Creek,38.44901667,-75.13245,0.3,11.06,0.066,28.98,9.89,151.8
2018-07-19T00:00:00Z,GYK,Greys_Creek,38.44901667,-75.13245,0.3,14.24,0.058,28.26,6.21,189.1
2018-07-19T00:15:00Z,GYK,Greys_Creek,38.44901667,-75.13245,0.3,9.14,0.051,27.31,5.49,118.9
2018-07-19T00:30:00Z,GYK,Greys_Creek,38.44901667,-75.13245,0.3,8.87,0.048,27.47,5.92,115.9
2018-07-19T00:45:00Z,GYK,Greys_Creek,38.44901667,-75.13245,0.3,11.63,0.046,27.62,6.37,152.8
2018-07-19T01:00:00Z,GYK,Greys_Creek,38.44901667,-75.13245,0.3,8.65,0.042,26.73,4.97,111.0
2018-07-19T01:15:00Z,GYK,Greys_Creek,38.44901667,-75.13245,0.3,7.37,0.037,26.74,5.07,94.7
2018-07-19T01:30:00Z,GYK,Greys_Creek,38.44901667,-75.13245,0.3,7.56,0.034,26.41,4.8,96.5
2018-07-19T01:45:00Z,GYK,Greys_Creek,38.44901667,-75.13245,0.3,7.6,0.028,26.31,4.4,96.6
2018-07-19T02:00:00Z,GYK,Greys_Creek,38.44901667,-75.13245,0.3,7.18,0.024,26.28,4.04,91.0
2018-07-19T02:15:00Z,GYK,Greys_Creek,38.44901667,-75.13245,0.3,7.25,0.022,26.15,4.05,91.7
2018-07-19T02:30:00Z,GYK,Greys_Creek,38.44901667,-75.13245,0.3,8.96,0.018,25.89,3.18,112.1
2018-07-19T02:45:00Z,GYK,Greys_Creek,38.44901667,-75.13245,0.3,6.41,0.014,28.54,10.1,87.4
2018-07-19T03:00:00Z,GYK,Greys_Creek,38.44901667,-75.13245,0.3,6.21,0.016,29.85,14.7,88.9
2018-07-19T03:15:00Z,GYK,Greys_Creek,38.44901667,-75.13245,0.3,7.61,0.024,30.02,16.32,110.2
2018-07-19T03:30:00Z,GYK,Greys_Creek,38.44901667,-75.13245,0.3,8.41,0.038,30.16,16.81,122.3
2018-07-19T03:45:00Z,GYK,Greys_Creek,38.44901667,-75.13245,0.3,7.55,0.061,29.97,16.61,109.3
2018-07-19T04:00:00Z,GYK,Greys_Creek,38.44901667,-75.13245,0.3,6.69,0.091,30.04,16.88,97.1
2018-07-19T04:15:00Z,GYK,Greys_Creek,38.44901667,-75.13245,0.3,6.92,0.11,29.93,16.75,100.2
2018-07-19T04:30:00Z,GYK,Greys_Creek,38.44901667,-75.13245,0.3,6.85,0.123,29.65,16.1,98.4
2018-07-19T04:45:00Z,GYK,Greys_Creek,38.44901667,-75.13245,0.3,6.35,0.139,29.89,16.53,91.9
2018-07-19T05:00:00Z,GYK,Greys_Creek,38.44901667,-75.13245,0.3,4.75,0.159,30.09,17.49,69.3
2018-07-19T05:15:00Z,GYK,Greys_Creek,38.44901667,-75.13245,0.3,4.28,0.183,30.08,18.02,62.6
2018-07-19T05:30:00Z,GYK,Greys_Creek,38.44901667,-75.13245,0.3,5.43,0.203,29.85,17.93,79.0
2018-07-19T05:45:00Z,GYK,Greys_Creek,38.44901667,-75.13245,0.3,5.57,0.217,29.58,17.41,80.5
2018-07-19T06:00:00Z,GYK,Greys_Creek,38.44901667,-75.13245,0.3,5.43,0.236,29.76,17.83,78.8
2018-07-19T06:15:00Z,GYK,Greys_Creek,38.44901667,-75.13245,0.3,4.3,0.25,29.69,17.86,62.4
2018-07-19T06:30:00Z,GYK,Greys_Creek,38.44901667,-75.13245,0.3,5.58,0.26,29.43,17.75,80.6
2018-07-19T06:45:00Z,GYK,Greys_Creek,38.44901667,-75.13245,0.3,5.28,0.273,29.35,17.62,76.1
2018-07-19T07:00:00Z,GYK,Greys_Creek,38.44901667,-75.13245,0.3,4.13,0.283,29.43,17.83,59.6
2018-07-19T07:15:00Z,GYK,Greys_Creek,38.44901667,-75.13245,0.3,4.11,0.295,29.41,17.98,59.4
2018-07-19T07:30:00Z,GYK,Greys_Creek,38.44901667,-75.13245,0.3,4.4,0.303,29.16,17.95,63.4
2018-07-19T07:45:00Z,GYK,Greys_Creek,38.44901667,-75.13245,0.3,4.47,0.306,29.08,17.79,64.2
2018-07-19T08:00:00Z,GYK,Greys_Creek,38.44901667,-75.13245,0.3,4.13,0.308,29.11,17.76,59.4
2018-07-19T08:15:00Z,GYK,Greys_Creek,38.44901667,-75.13245,0.3,4.9,0.307,29.11,17.81,70.4
2018-07-19T08:30:00Z,GYK,Greys_Creek,38.44901667,-75.13245,0.3,4.58,0.307,29.05,17.87,65.8
2018-07-19T08:45:00Z,GYK,Greys_Creek,38.44901667,-75.13245,0.3,3.48,0.298,28.89,15.74,49.3
2018-07-19T09:00:00Z,GYK,Greys_Creek,38.44901667,-75.13245,0.3,4.36,0.28,28.79,15.62,61.6
2018-07-19T09:15:00Z,GYK,Greys_Creek,38.44901667,-75.13245,0.3,3.34,0.263,29.41,16.61,48.0
2018-07-19T09:30:00Z,GYK,Greys_Creek,38.44901667,-75.13245,0.3,3.15,0.239,28.03,14.42,43.6
2018-07-19T09:45:00Z,GYK,Greys_Creek,38.44901667,-75.13245,0.3,2.8,0.219,29.09,16.71,39.9
2018-07-19T10:00:00Z,GYK,Greys_Creek,38.44901667,-75.13245,0.3,2.72,0.212,28.96,16.3,38.7
2018-07-19T10:15:00Z,GYK,Greys_Creek,38.44901667,-75.13245,0.3,2.69,0.203,28.93,16.25,38.3
2018-07-19T10:30:00Z,GYK,Greys_Creek,38.44901667,-75.13245,0.3,2.69,0.19,28.39,14.9,37.6
2018-07-19T10:45:00Z,GYK,Greys_Creek,38.44901667,-75.13245,0.3,3.01,0.172,27.29,12.41,40.6
2018-07-19T11:00:00Z,GYK,Greys_Creek,38.44901667,-75.13245,0.3,2.88,0.155,28.88,15.8,40.7
2018-07-19T11:15:00Z,GYK,Greys_Creek,38.44901667,-75.13245,0.3,1.79,0.143,29.15,15.48,25.4
2018-07-19T11:30:00Z,GYK,Greys_Creek,38.44901667,-75.13245,0.3,1.45,0.131,28.89,14.16,20.3
2018-07-19T11:45:00Z,GYK,Greys_Creek,38.44901667,-75.13245,0.3,3.34,0.118,27.09,9.86,44.3
2018-07-19T12:00:00Z,GYK,Greys_Creek,38.44901667,-75.13245,0.3,3.08,0.106,27.64,10.62,41.5
2018-07-19T12:15:00Z,GYK,Greys_Creek,38.44901667,-75.13245,0.3,3.67,0.095,28.16,12.99,50.5
2018-07-19T12:30:00Z,GYK,Greys_Creek,38.44901667,-75.13245,0.3,4.03,0.09,28.24,12.42,55.3
2018-07-19T12:45:00Z,GYK,Greys_Creek,38.44901667,-75.13245,0.3,4.14,0.087,25.1,5.66,51.8
2018-07-19T13:00:00Z,GYK,Greys_Creek,38.44901667,-75.13245,0.3,4.66,0.082,24.65,4.54,57.5
2018-07-19T13:15:00Z,GYK,Greys_Creek,38.44901667,-75.13245,0.3,4.12,0.075,24.74,4.25,50.8
2018-07-19T13:30:00Z,GYK,Greys_Creek,38.44901667,-75.13245,0.3,3.66,0.067,24.61,3.44,44.8
2018-07-19T13:45:00Z,GYK,Greys_Creek,38.44901667,-75.13245,0.3,5.01,0.056,25.06,4.03,62.1
2018-07-19T14:00:00Z,GYK,Greys_Creek,38.44901667,-75.13245,0.3,5.37,0.044,26.64,5.66,69.2
2018-07-19T14:15:00Z,GYK,Greys_Creek,38.44901667,-75.13245,0.3,6.11,0.039,25.82,4.42,77.0
2018-07-19T14:30:00Z,GYK,Greys_Creek,38.44901667,-75.13245,0.3,5.41,0.032,25.79,4.21,68.0
2018-07-19T14:45:00Z,GYK,Greys_Creek,38.44901667,-75.13245,0.3,7.47,0.029,25.72,3.53,93.4
2018-07-19T15:00:00Z,GYK,Greys_Creek,38.44901667,-75.13245,0.3,5.97,0.028,26.0,3.49,75.1
2018-07-19T15:15:00Z,GYK,Greys_Creek,38.44901667,-75.13245,0.3,11.68,0.027,26.93,3.49,149.3
2018-07-19T15:30:00Z,GYK,Greys_Creek,38.44901667,-75.13245,0.3,11.37,0.025,26.85,2.42,144.2
2018-07-19T15:45:00Z,GYK,Greys_Creek,38.44901667,-75.13245,0.3,7.13,0.03,27.73,4.85,93.1
2018-07-19T16:00:00Z,GYK,Greys_Creek,38.44901667,-75.13245,0.3,12.2,0.041,30.2,10.21,171.3
2018-07-19T16:15:00Z,GYK,Greys_Creek,38.44901667,-75.13245,0.3,10.46,0.07,31.36,13.33,152.3
2018-07-19T16:30:00Z,GYK,Greys_Creek,38.44901667,-75.13245,0.3,10.81,0.101,31.7,14.3,159.1
2018-07-19T16:45:00Z,GYK,Greys_Creek,38.44901667,-75.13245,0.3,11.6,0.135,31.97,13.66,170.8
2018-07-19T17:00:00Z,GYK,Greys_Creek,38.44901667,-75.13245,0.3,12.13,0.151,32.18,14.13,179.7
2018-07-19T17:15:00Z,GYK,Greys_Creek,38.44901667,-75.13245,0.3,12.46,0.172,32.15,14.89,185.4
2018-07-19T17:30:00Z,GYK,Greys_Creek,38.44901667,-75.13245,0.3,11.76,0.19,31.97,14.96,174.5
2018-07-19T17:45:00Z,GYK,Greys_Creek,38.44901667,-75.13245,0.3,12.37,0.206,31.66,15.39,183.0
2018-07-19T18:00:00Z,GYK,Greys_Creek,38.44901667,-75.13245,0.3,12.89,0.22,32.14,15.01,191.8
2018-07-19T18:15:00Z,GYK,Greys_Creek,38.44901667,-75.13245,0.3,12.74,0.236,32.18,15.1,189.8
2018-07-19T18:30:00Z,GYK,Greys_Creek,38.44901667,-75.13245,0.3,13.44,0.249,32.29,15.17,200.6
2018-07-19T18:45:00Z,GYK,Greys_Creek,38.44901667,-75.13245,0.3,12.91,0.264,32.33,15.47,193.2
2018-07-19T19:00:00Z,GYK,Greys_Creek,38.44901667,-75.13245,0.3,14.29,0.275,32.23,15.86,214.0
2018-07-19T19:15:00Z,GYK,Greys_Creek,38.44901667,-75.13245,0.3,14.26,0.291,32.22,16.1,213.7
2018-07-19T19:30:00Z,GYK,Greys_Creek,38.44901667,-75.13245,0.3,15.15,0.301,32.43,16.3,228.1
2018-07-19T19:45:00Z,GYK,Greys_Creek,38.44901667,-75.13245,0.3,14.17,0.307,32.87,15.37,213.8
2018-07-19T20:00:00Z,GYK,Greys_Creek,38.44901667,-75.13245,0.3,13.37,0.313,32.73,15.25,201.1
2018-07-19T20:15:00Z,GYK,Greys_Creek,38.44901667,-75.13245,0.3,14.08,0.325,32.25,16.46,211.6
2018-07-19T20:30:00Z,GYK,Greys_Creek,38.44901667,-75.13245,0.3,13.26,0.334,32.02,16.93,199.0
2018-07-19T20:45:00Z,GYK,Greys_Creek,38.44901667,-75.13245,0.3,13.26,0.337,32.65,16.12,200.2
2018-07-19T21:00:00Z,GYK,Greys_Creek,38.44901667,-75.13245,0.3,12.76,0.334,32.73,15.33,192.1
2018-07-19T21:15:00Z,GYK,Greys_Creek,38.44901667,-75.13245,0.3,16.12,0.336,32.42,16.7,243.2
2018-07-19T21:30:00Z,GYK,Greys_Creek,38.44901667,-75.13245,0.3,14.13,0.331,32.58,15.81,212.8
2018-07-19T21:45:00Z,GYK,Greys_Creek,38.44901667,-75.13245,0.3,15.69,0.32,32.61,15.73,236.3
2018-07-19T22:00:00Z,GYK,Greys_Creek,38.44901667,-75.13245,0.3,15.37,0.311,32.8,14.99,231.2
2018-07-19T22:15:00Z,GYK,Greys_Creek,38.44901667,-75.13245,0.3,16.02,0.291,32.54,14.75,239.7
2018-07-19T22:30:00Z,GYK,Greys_Creek,38.44901667,-75.13245,0.3,13.8,0.269,32.18,13.93,204.3
2018-07-19T22:45:00Z,GYK,Greys_Creek,38.44901667,-75.13245,0.3,13.83,0.25,32.4,15.34,207.1
2018-07-19T23:00:00Z,GYK,Greys_Creek,38.44901667,-75.13245,0.3,12.93,0.236,32.0,14.52,191.4
2018-07-19T23:15:00Z,GYK,Greys_Creek,38.44901667,-75.13245,0.3,11.97,0.225,32.02,14.94,177.7
2018-07-19T23:30:00Z,GYK,Greys_Creek,38.44901667,-75.13245,0.3,13.1,0.211,31.62,12.74,190.9
2018-07-19T23:45:00Z,GYK,Greys_Creek,38.44901667,-75.13245,0.3,12.84,0.195,31.57,12.65,186.9
2018-07-20T00:00:00Z,GYK,Greys_Creek,38.44901667,-75.13245,0.3,12.56,0.178,31.11,11.13,179.9
2018-07-20T00:15:00Z,GYK,Greys_Creek,38.44901667,-75.13245,0.3,12.26,0.161,31.7,13.29,179.5
2018-07-20T00:30:00Z,GYK,Greys_Creek,38.44901667,-75.13245,0.3,13.5,0.144,29.2,8.2,184.3
2018-07-20T00:45:00Z,GYK,Greys_Creek,38.44901667,-75.13245,0.3,15.75,0.128,28.82,7.08,212.3
2018-07-20T01:00:00Z,GYK,Greys_Creek,38.44901667,-75.13245,0.3,13.95,0.114,28.63,7.46,187.8
2018-07-20T01:15:00Z,GYK,Greys_Creek,38.44901667,-75.13245,0.3,12.13,0.105,28.42,7.12,162.4
2018-07-20T01:30:00Z,GYK,Greys_Creek,38.44901667,-75.13245,0.3,11.74,0.093,28.2,7.69,157.1
2018-07-20T01:45:00Z,GYK,Greys_Creek,38.44901667,-75.13245,0.3,11.42,0.084,27.6,6.36,150.1
2018-07-20T02:00:00Z,GYK,Greys_Creek,38.44901667,-75.13245,0.3,12.89,0.077,27.12,5.59,167.3
2018-07-20T02:15:00Z,GYK,Greys_Creek,38.44901667,-75.13245,0.3,10.59,0.072,26.92,5.15,136.6
2018-07-20T02:30:00Z,GYK,Greys_Creek,38.44901667,-75.13245,0.3,10.59,0.064,26.61,4.76,135.5
2018-07-20T02:45:00Z,GYK,Greys_Creek,38.44901667,-75.13245,0.3,10.07,0.054,26.18,4.32,127.6
2018-07-20T03:00:00Z,GYK,Greys_Creek,38.44901667,-75.13245,0.3,9.51,0.049,25.86,3.76,119.4
2018-07-20T03:15:00Z,GYK,Greys_Creek,38.44901667,-75.13245,0.3,11.46,0.046,26.18,3.54,144.5
2018-07-20T03:30:00Z,GYK,Greys_Creek,38.44901667,-75.13245,0.3,11.16,0.047,27.85,3.99,145.3
2018-07-20T03:45:00Z,GYK,Greys_Creek,38.44901667,-75.13245,0.3,7.14,0.052,29.24,8.69,97.8
2018-07-20T04:00:00Z,GYK,Greys_Creek,38.44901667,-75.13245,0.3,5.26,0.057,29.15,10.45,72.7
2018-07-20T04:15:00Z,GYK,Greys_Creek,38.44901667,-75.13245,0.3,6.11,0.072,30.12,15.3,88.0
2018-07-20T04:30:00Z,GYK,Greys_Creek,38.44901667,-75.13245,0.3,5.03,0.089,29.92,15.85,72.4
2018-07-20T04:45:00Z,GYK,Greys_Creek,38.44901667,-75.13245,0.3,4.3,0.11,29.85,16.58,62.2
2018-07-20T05:00:00Z,GYK,Greys_Creek,38.44901667,-75.13245,0.3,4.13,0.13,29.57,16.71,59.4
2018-07-20T05:15:00Z,GYK,Greys_Creek,38.44901667,-75.13245,0.3,4.14,0.143,29.52,16.48,59.4
2018-07-20T05:30:00Z,GYK,Greys_Creek,38.44901667,-75.13245,0.3,3.09,0.16,29.77,16.99,44.6
2018-07-20T05:45:00Z,GYK,Greys_Creek,38.44901667,-75.13245,0.3,3.28,0.177,29.54,17.3,47.3
2018-07-20T06:00:00Z,GYK,Greys_Creek,38.44901667,-75.13245,0.3,3.75,0.19,29.48,17.35,54.0
2018-07-20T06:15:00Z,GYK,Greys_Creek,38.44901667,-75.13245,0.3,3.8,0.207,29.37,17.41,54.8
2018-07-20T06:30:00Z,GYK,Greys_Creek,38.44901667,-75.13245,0.3,3.8,0.226,29.29,17.46,54.7
2018-07-20T06:45:00Z,GYK,Greys_Creek,38.44901667,-75.13245,0.3,3.5,0.243,29.16,17.48,50.2
2018-07-20T07:00:00Z,GYK,Greys_Creek,38.44901667,-75.13245,0.3,3.28,0.256,29.18,17.54,47.1
2018-07-20T07:15:00Z,GYK,Greys_Creek,38.44901667,-75.13245,0.3,3.34,0.263,29.15,17.6,48.0
2018-07-20T07:30:00Z,GYK,Greys_Creek,38.44901667,-75.13245,0.3,3.26,0.275,29.18,17.66,46.9
2018-07-20T07:45:00Z,GYK,Greys_Creek,38.44901667,-75.13245,0.3,3.32,0.285,29.09,17.68,47.7
2018-07-20T08:00:00Z,GYK,Greys_Creek,38.44901667,-75.13245,0.3,2.71,0.293,29.1,17.69,38.9
2018-07-20T08:15:00Z,GYK,Greys_Creek,38.44901667,-75.13245,0.3,2.96,0.301,29.09,17.71,42.5
2018-07-20T08:30:00Z,GYK,Greys_Creek,38.44901667,-75.13245,0.3,2.14,0.307,29.05,17.71,30.7
2018-07-20T08:45:00Z,GYK,Greys_Creek,38.44901667,-75.13245,0.3,2.14,0.309,29.0,17.64,30.6
2018-07-20T09:00:00Z,GYK,Greys_Creek,38.44901667,-75.13245,0.3,1.94,0.309,29.0,17.57,27.8
2018-07-20T09:15:00Z,GYK,Greys_Creek,38.44901667,-75.13245,0.3,2.25,0.308,28.97,17.56,32.2
2018-07-20T09:30:00Z,GYK,Greys_Creek,38.44901667,-75.13245,0.3,1.85,0.304,28.94,17.73,26.5
2018-07-20T09:45:00Z,GYK,Greys_Creek,38.44901667,-75.13245,0.3,2.81,0.298,29.9,15.75,40.5
2018-07-20T10:00:00Z,GYK,Greys_Creek,38.44901667,-75.13245,0.3,2.93,0.285,29.69,15.43,41.9
2018-07-20T10:15:00Z,GYK,Greys_Creek,38.44901667,-75.13245,0.3,2.23,0.267,30.01,15.94,32.2
2018-07-20T10:30:00Z,GYK,Greys_Creek,38.44901667,-75.13245,0.3,1.18,0.248,29.79,15.19,16.9
2018-07-20T10:45:00Z,GYK,Greys_Creek,38.44901667,-75.13245,0.3,1.7,0.233,28.51,14.21,23.7
2018-07-20T11:00:00Z,GYK,Greys_Creek,38.44901667,-75.13245,0.3,0.78,0.216,29.35,16.14,11.1
2018-07-20T11:15:00Z,GYK,Greys_Creek,38.44901667,-75.13245,0.3,1.81,0.202,28.05,13.08,24.9
2018-07-20T11:30:00Z,GYK,Greys_Creek,38.44901667,-75.13245,0.3,0.89,0.193,29.01,14.92,12.5
2018-07-20T11:45:00Z,GYK,Greys_Creek,38.44901667,-75.13245,0.3,1.06,0.177,29.05,14.97,14.9
2018-07-20T12:00:00Z,GYK,Greys_Creek,38.44901667,-75.13245,0.3,2.24,0.163,27.28,10.43,30.0
2018-07-20T12:15:00Z,GYK,Greys_Creek,38.44901667,-75.13245,0.3,1.91,0.156,28.76,10.62,26.3
2018-07-20T12:30:00Z,GYK,Greys_Creek,38.44901667,-75.13245,0.3,1.3,0.142,29.45,15.68,18.6
2018-07-20T12:45:00Z,GYK,Greys_Creek,38.44901667,-75.13245,0.3,5.57,0.127,27.95,8.6,74.6
2018-07-20T13:00:00Z,GYK,Greys_Creek,38.44901667,-75.13245,0.3,10.12,0.118,25.91,4.72,127.8
2018-07-20T13:15:00Z,GYK,Greys_Creek,38.44901667,-75.13245,0.3,7.44,0.107,27.25,8.85,98.5
2018-07-20T13:30:00Z,GYK,Greys_Creek,38.44901667,-75.13245,0.3,9.8,0.1,27.5,5.85,128.3
2018-07-20T13:45:00Z,GYK,Greys_Creek,38.44901667,-75.13245,0.3,10.62,0.088,24.94,3.52,131.0
2018-07-20T14:00:00Z,GYK,Greys_Creek,38.44901667,-75.13245,0.3,12.68,0.08,26.55,4.89,162.3
2018-07-20T14:15:00Z,GYK,Greys_Creek,38.44901667,-75.13245,0.3,14.53,0.076,24.85,3.29,178.6
2018-07-20T14:30:00Z,GYK,Greys_Creek,38.44901667,-75.13245,0.3,6.86,0.07,27.97,7.12,91.1
2018-07-20T14:45:00Z,GYK,Greys_Creek,38.44901667,-75.13245,0.3,6.52,0.07,26.5,5.76,83.7
2018-07-20T15:00:00Z,GYK,Greys_Creek,38.44901667,-75.13245,0.3,7.45,0.067,26.89,5.71,96.3
2018-07-20T15:15:00Z,GYK,Greys_Creek,38.44901667,-75.13245,0.3,10.09,0.068,26.86,5.13,129.9
2018-07-20T15:30:00Z,GYK,Greys_Creek,38.44901667,-75.13245,0.3,7.33,0.07,26.83,4.16,93.9
2018-07-20T15:45:00Z,GYK,Greys_Creek,38.44901667,-75.13245,0.3,9.26,0.07,27.8,5.04,121.2
2018-07-20T16:00:00Z,GYK,Greys_Creek,38.44901667,-75.13245,0.3,9.58,0.078,28.56,6.77,128.4
2018-07-20T16:15:00Z,GYK,Greys_Creek,38.44901667,-75.13245,0.3,9.9,0.087,29.03,7.73,134.3
2018-07-20T16:30:00Z,GYK,Greys_Creek,38.44901667,-75.13245,0.3,10.33,0.065,29.51,8.96,142.4
2018-07-20T16:45:00Z,GYK,Greys_Creek,38.44901667,-75.13245,0.3,10.27,0.065,29.69,11.79,144.2
2018-07-20T17:00:00Z,GYK,Greys_Creek,38.44901667,-75.13245,0.3,12.84,0.078,30.49,14.59,185.5
2018-07-20T17:15:00Z,GYK,Greys_Creek,38.44901667,-75.13245,0.3,11.84,0.096,30.62,15.23,172.0
2018-07-20T17:30:00Z,GYK,Greys_Creek,38.44901667,-75.13245,0.3,14.67,0.12,30.98,15.46,214.7
2018-07-20T17:45:00Z,GYK,Greys_Creek,38.44901667,-75.13245,0.3,14.45,0.136,31.12,15.16,211.6
2018-07-20T18:00:00Z,GYK,Greys_Creek,38.44901667,-75.13245,0.3,16.03,0.153,31.14,14.58,234.2
2018-07-20T18:15:00Z,GYK,Greys_Creek,38.44901667,-75.13245,0.3,16.32,0.169,31.2,16.12,240.7
2018-07-20T18:30:00Z,GYK,Greys_Creek,38.44901667,-75.13245,0.3,17.13,0.188,31.25,16.41,253.1
2018-07-20T18:45:00Z,GYK,Greys_Creek,38.44901667,-75.13245,0.3,16.18,0.204,31.23,16.58,239.3
2018-07-20T19:00:00Z,GYK,Greys_Creek,38.44901667,-75.13245,0.3,17.59,0.225,31.37,16.63,260.7
2018-07-20T19:15:00Z,GYK,Greys_Creek,38.44901667,-75.13245,0.3,17.85,0.237,31.49,16.45,264.9
2018-07-20T19:30:00Z,GYK,Greys_Creek,38.44901667,-75.13245,0.3,17.71,0.248,31.36,16.26,261.9
2018-07-20T19:45:00Z,GYK,Greys_Creek,38.44901667,-75.13245,0.3,16.27,0.269,31.38,16.47,241.1
2018-07-20T20:00:00Z,GYK,Greys_Creek,38.44901667,-75.13245,0.3,15.73,0.283,31.27,16.72,232.9
2018-07-20T20:15:00Z,GYK,Greys_Creek,38.44901667,-75.13245,0.3,15.75,0.294,31.31,16.82,233.5
2018-07-20T20:30:00Z,GYK,Greys_Creek,38.44901667,-75.13245,0.3,17.23,0.305,31.45,16.76,256.0
2018-07-20T20:45:00Z,GYK,Greys_Creek,38.44901667,-75.13245,0.3,14.72,0.315,31.21,16.79,217.9
2018-07-20T21:00:00Z,GYK,Greys_Creek,38.44901667,-75.13245,0.3,17.07,0.322,31.47,16.77,253.6
2018-07-20T21:15:00Z,GYK,Greys_Creek,38.44901667,-75.13245,0.3,15.39,0.328,31.27,16.8,228.0
2018-07-20T21:30:00Z,GYK,Greys_Creek,38.44901667,-75.13245,0.3,15.74,0.336,31.19,16.87,233.0
2018-07-20T21:45:00Z,GYK,Greys_Creek,38.44901667,-75.13245,0.3,14.7,0.335,31.23,16.51,217.3
2018-07-20T22:00:00Z,GYK,Greys_Creek,38.44901667,-75.13245,0.3,14.31,0.338,30.94,16.64,210.7
2018-07-20T22:15:00Z,GYK,Greys_Creek,38.44901667,-75.13245,0.3,13.82,0.338,31.48,15.22,203.7
2018-07-20T22:30:00Z,GYK,Greys_Creek,38.44901667,-75.13245,0.3,15.47,0.334,31.92,14.72,229.0
2018-07-20T22:45:00Z,GYK,Greys_Creek,38.44901667,-75.13245,0.3,16.9,0.321,31.03,14.17,245.8
2018-07-20T23:00:00Z,GYK,Greys_Creek,38.44901667,-75.13245,0.3,16.93,0.305,31.12,14.19,246.7
2018-07-20T23:15:00Z,GYK,Greys_Creek,38.44901667,-75.13245,0.3,13.5,0.291,31.34,14.49,197.7
2018-07-20T23:30:00Z,GYK,Greys_Creek,38.44901667,-75.13245,0.3,13.96,0.278,30.29,13.71,200.1
2018-07-20T23:45:00Z,GYK,Greys_Creek,38.44901667,-75.13245,0.3,13.28,0.264,31.29,15.42,195.3
2018-07-21T00:00:00Z,GYK,Greys_Creek,38.44901667,-75.13245,0.3,13.02,0.251,31.07,15.08,190.4
2018-07-21T00:15:00Z,GYK,Greys_Creek,38.44901667,-75.13245,0.3,16.47,0.238,30.85,14.09,238.8
2018-07-21T00:30:00Z,GYK,Greys_Creek,38.44901667,-75.13245,0.3,12.96,0.23,31.14,14.58,189.3
2018-07-21T00:45:00Z,GYK,Greys_Creek,38.44901667,-75.13245,0.3,12.37,0.217,30.66,14.05,178.7
2018-07-21T01:00:00Z,GYK,Greys_Creek,38.44901667,-75.13245,0.3,10.93,0.204,30.66,13.9,157.8
2018-07-21T01:15:00Z,GYK,Greys_Creek,38.44901667,-75.13245,0.3,12.44,0.186,29.94,12.71,176.3
2018-07-21T01:30:00Z,GYK,Greys_Creek,38.44901667,-75.13245,0.3,10.96,0.171,28.34,10.88,149.6
2018-07-21T01:45:00Z,GYK,Greys_Creek,38.44901667,-75.13245,0.3,12.22,0.154,28.84,11.06,168.4
2018-07-21T02:00:00Z,GYK,Greys_Creek,38.44901667,-75.13245,0.3,7.92,0.147,29.31,12.09,110.7
2018-07-21T02:15:00Z,GYK,Greys_Creek,38.44901667,-75.13245,0.3,7.93,0.13,28.24,10.15,107.6
2018-07-21T02:30:00Z,GYK,Greys_Creek,38.44901667,-75.13245,0.3,9.46,0.119,27.74,9.79,127.0
2018-07-21T02:45:00Z,GYK,Greys_Creek,38.44901667,-75.13245,0.3,7.29,0.109,28.57,11.3,100.1
2018-07-21T03:00:00Z,GYK,Greys_Creek,38.44901667,-75.13245,0.3,8.2,0.096,26.46,7.22,106.1
2018-07-21T03:15:00Z,GYK,Greys_Creek,38.44901667,-75.13245,0.3,9.03,0.082,25.91,4.73,114.1
2018-07-21T03:30:00Z,GYK,Greys_Creek,38.44901667,-75.13245,0.3,7.32,0.075,27.54,7.26,96.6
2018-07-21T03:45:00Z,GYK,Greys_Creek,38.44901667,-75.13245,0.3,7.92,0.066,25.83,5.11,100.1
2018-07-21T04:00:00Z,GYK,Greys_Creek,38.44901667,-75.13245,0.3,6.68,0.065,25.41,5.84,84.2
2018-07-21T04:15:00Z,GYK,Greys_Creek,38.44901667,-75.13245,0.3,5.1,0.063,26.26,8.41,66.2
2018-07-21T04:30:00Z,GYK,Greys_Creek,38.44901667,-75.13245,0.3,6.84,0.063,25.32,7.55,86.9
2018-07-21T04:45:00Z,GYK,Greys_Creek,38.44901667,-75.13245,0.3,6.24,0.063,25.8,9.29,80.8
2018-07-21T05:00:00Z,GYK,Greys_Creek,38.44901667,-75.13245,0.3,6.61,0.063,24.98,8.62,83.9
2018-07-21T05:15:00Z,GYK,Greys_Creek,38.44901667,-75.13245,0.3,5.9,0.074,27.44,10.84,79.3
2018-07-21T05:30:00Z,GYK,Greys_Creek,38.44901667,-75.13245,0.3,5.39,0.091,27.03,13.24,72.9
2018-07-21T05:45:00Z,GYK,Greys_Creek,38.44901667,-75.13245,0.3,4.92,0.109,26.75,15.03,66.9
2018-07-21T06:00:00Z,GYK,Greys_Creek,38.44901667,-75.13245,0.3,5.23,0.126,26.34,11.4,69.1
2018-07-21T06:15:00Z,GYK,Greys_Creek,38.44901667,-75.13245,0.3,4.7,0.135,26.13,13.85,62.8
2018-07-21T06:30:00Z,GYK,Greys_Creek,38.44901667,-75.13245,0.3,3.92,0.15,26.22,16.25,53.1
2018-07-21T06:45:00Z,GYK,Greys_Creek,38.44901667,-75.13245,0.3,4.36,0.158,26.21,14.99,58.7
2018-07-21T07:00:00Z,GYK,Greys_Creek,38.44901667,-75.13245,0.3,4.33,0.163,26.32,16.83,59.0
2018-07-21T07:15:00Z,GYK,Greys_Creek,38.44901667,-75.13245,0.3,3.9,0.173,26.32,16.99,53.3
2018-07-21T07:30:00Z,GYK,Greys_Creek,38.44901667,-75.13245,0.3,3.92,0.196,26.2,17.15,53.4
2018-07-21T07:45:00Z,GYK,Greys_Creek,38.44901667,-75.13245,0.3,4.0,0.212,26.2,17.41,54.6
2018-07-21T08:00:00Z,GYK,Greys_Creek,38.44901667,-75.13245,0.3,3.54,0.22,26.27,17.51,48.4
2018-07-21T08:15:00Z,GYK,Greys_Creek,38.44901667,-75.13245,0.3,3.66,0.228,26.23,17.54,50.0
2018-07-21T08:30:00Z,GYK,Greys_Creek,38.44901667,-75.13245,0.3,3.43,0.24,26.14,17.55,46.7
2018-07-21T08:45:00Z,GYK,Greys_Creek,38.44901667,-75.13245,0.3,3.28,0.253,25.94,17.6,44.6
2018-07-21T09:00:00Z,GYK,Greys_Creek,38.44901667,-75.13245,0.3,3.04,0.258,25.9,17.54,41.3
2018-07-21T09:15:00Z,GYK,Greys_Creek,38.44901667,-75.13245,0.3,3.12,0.259,25.8,17.32,42.3
2018-07-21T09:30:00Z,GYK,Greys_Creek,38.44901667,-75.13245,0.3,2.22,0.263,26.1,16.68,30.1
2018-07-21T09:45:00Z,GYK,Greys_Creek,38.44901667,-75.13245,0.3,2.62,0.266,26.09,17.27,35.7
2018-07-21T10:00:00Z,GYK,Greys_Creek,38.44901667,-75.13245,0.3,3.32,0.274,26.12,17.49,45.2
2018-07-21T10:15:00Z,GYK,Greys_Creek,38.44901667,-75.13245,0.3,2.86,0.273,26.25,16.66,38.8
2018-07-21T10:30:00Z,GYK,Greys_Creek,38.44901667,-75.13245,0.3,2.88,0.266,28.9,14.94,40.6
2018-07-21T10:45:00Z,GYK,Greys_Creek,38.44901667,-75.13245,0.3,3.58,0.251,28.48,14.99,50.2
2018-07-21T11:00:00Z,GYK,Greys_Creek,38.44901667,-75.13245,0.3,3.43,0.237,28.24,15.14,47.9
2018-07-21T11:15:00Z,GYK,Greys_Creek,38.44901667,-75.13245,0.3,3.62,0.221,28.1,14.89,50.3
2018-07-21T11:30:00Z,GYK,Greys_Creek,38.44901667,-75.13245,0.3,3.35,0.212,27.47,13.64,45.7
2018-07-21T11:45:00Z,GYK,Greys_Creek,38.44901667,-75.13245,0.3,3.18,0.192,27.13,13.13,43.1
2018-07-21T12:00:00Z,GYK,Greys_Creek,38.44901667,-75.13245,0.3,2.91,0.173,27.16,12.48,39.3
2018-07-21T12:15:00Z,GYK,Greys_Creek,38.44901667,-75.13245,0.3,2.52,0.163,27.7,14.38,34.8
2018-07-21T12:30:00Z,GYK,Greys_Creek,38.44901667,-75.13245,0.3,4.01,0.155,27.14,13.02,54.2
2018-07-21T12:45:00Z,GYK,Greys_Creek,38.44901667,-75.13245,0.3,3.89,0.143,27.13,12.53,52.4
2018-07-21T13:00:00Z,GYK,Greys_Creek,38.44901667,-75.13245,0.3,2.96,0.131,26.9,11.02,39.5
2018-07-21T13:15:00Z,GYK,Greys_Creek,38.44901667,-75.13245,0.3,5.17,0.113,26.55,10.38,68.3
2018-07-21T13:30:00Z,GYK,Greys_Creek,38.44901667,-75.13245,0.3,4.66,0.096,26.47,10.79,61.5
2018-07-21T13:45:00Z,GYK,Greys_Creek,38.44901667,-75.13245,0.3,3.89,0.083,26.85,10.88,51.7
2018-07-21T14:00:00Z,GYK,Greys_Creek,38.44901667,-75.13245,0.3,3.04,0.079,26.65,11.51,40.4
2018-07-21T14:15:00Z,GYK,Greys_Creek,38.44901667,-75.13245,0.3,3.02,0.082,26.22,9.95,39.5
2018-07-21T14:30:00Z,GYK,Greys_Creek,38.44901667,-75.13245,0.3,3.04,0.075,26.37,10.11,39.9
2018-07-21T14:45:00Z,GYK,Greys_Creek,38.44901667,-75.13245,0.3,4.37,0.056,26.1,10.13,57.1
2018-07-21T15:00:00Z,GYK,Greys_Creek,38.44901667,-75.13245,0.3,5.53,0.052,25.18,7.46,70.0
2018-07-21T15:15:00Z,GYK,Greys_Creek,38.44901667,-75.13245,0.3,4.73,0.05,25.19,8.29,60.2
2018-07-21T15:30:00Z,GYK,Greys_Creek,38.44901667,-75.13245,0.3,4.66,0.052,25.66,9.19,60.1
2018-07-21T15:45:00Z,GYK,Greys_Creek,38.44901667,-75.13245,0.3,5.63,0.048,24.71,7.43,70.7
2018-07-21T16:00:00Z,GYK,Greys_Creek,38.44901667,-75.13245,0.3,5.61,0.047,25.42,8.74,71.9
2018-07-21T16:15:00Z,GYK,Greys_Creek,38.44901667,-75.13245,0.3,6.44,0.036,25.1,7.8,81.6
2018-07-21T16:30:00Z,GYK,Greys_Creek,38.44901667,-75.13245,0.3,6.2,0.038,24.93,8.48,78.7
2018-07-21T16:45:00Z,GYK,Greys_Creek,38.44901667,-75.13245,0.3,6.92,0.042,25.0,8.61,88.0
2018-07-21T17:00:00Z,GYK,Greys_Creek,38.44901667,-75.13245,0.3,7.49,0.05,25.17,8.45,95.4
2018-07-21T17:15:00Z,GYK,Greys_Creek,38.44901667,-75.13245,0.3,4.71,0.06,25.4,9.54,60.7
2018-07-21T17:30:00Z,GYK,Greys_Creek,38.44901667,-75.13245,0.3,5.94,0.096,25.3,14.34,78.4
2018-07-21T17:45:00Z,GYK,Greys_Creek,38.44901667,-75.13245,0.3,5.3,0.108,25.62,14.48,70.3
2018-07-21T18:00:00Z,GYK,Greys_Creek,38.44901667,-75.13245,0.3,6.52,0.118,25.28,12.43,85.1
2018-07-21T18:15:00Z,GYK,Greys_Creek,38.44901667,-75.13245,0.3,5.56,0.134,25.29,15.22,73.8
2018-07-21T18:30:00Z,GYK,Greys_Creek,38.44901667,-75.13245,0.3,5.14,0.139,25.28,15.85,68.4
2018-07-21T18:45:00Z,GYK,Greys_Creek,38.44901667,-75.13245,0.3,5.84,0.19,25.26,16.41,77.9
2018-07-21T19:00:00Z,GYK,Greys_Creek,38.44901667,-75.13245,0.3,6.12,0.288,25.16,16.92,81.7
2018-07-21T19:15:00Z,GYK,Greys_Creek,38.44901667,-75.13245,0.3,6.47,0.277,25.06,16.56,86.1
2018-07-21T19:30:00Z,GYK,Greys_Creek,38.44901667,-75.13245,0.3,5.36,0.217,25.6,14.51,71.2
2018-07-21T19:45:00Z,GYK,Greys_Creek,38.44901667,-75.13245,0.3,4.94,0.226,25.38,14.29,65.3
2018-07-21T20:00:00Z,GYK,Greys_Creek,38.44901667,-75.13245,0.3,5.65,0.269,25.26,15.67,75.0
2018-07-21T20:15:00Z,GYK,Greys_Creek,38.44901667,-75.13245,0.3,6.03,0.292,25.16,15.92,80.1
2018-07-21T20:30:00Z,GYK,Greys_Creek,38.44901667,-75.13245,0.3,5.59,0.297,25.27,13.48,73.3
2018-07-21T20:45:00Z,GYK,Greys_Creek,38.44901667,-75.13245,0.3,5.59,0.294,25.22,15.14,74.0
2018-07-21T21:00:00Z,GYK,Greys_Creek,38.44901667,-75.13245,0.3,6.14,0.298,25.24,15.69,81.6
2018-07-21T21:15:00Z,GYK,Greys_Creek,38.44901667,-75.13245,0.3,5.56,0.311,25.22,16.21,74.0
2018-07-21T21:30:00Z,GYK,Greys_Creek,38.44901667,-75.13245,0.3,5.53,0.321,25.22,16.17,73.6
2018-07-21T21:45:00Z,GYK,Greys_Creek,38.44901667,-75.13245,0.3,7.45,0.333,25.21,16.51,99.3
2018-07-21T22:00:00Z,GYK,Greys_Creek,38.44901667,-75.13245,0.3,7.13,0.346,25.2,16.59,95.2
2018-07-21T22:15:00Z,GYK,Greys_Creek,38.44901667,-75.13245,0.3,7.01,0.362,25.13,16.73,93.5
2018-07-21T22:30:00Z,GYK,Greys_Creek,38.44901667,-75.13245,0.3,6.93,0.375,25.1,16.83,92.5
2018-07-21T22:45:00Z,GYK,Greys_Creek,38.44901667,-75.13245,0.3,6.87,0.381,25.12,16.64,91.6
2018-07-21T23:00:00Z,GYK,Greys_Creek,38.44901667,-75.13245,0.3,6.04,0.376,25.12,16.8,80.6
2018-07-21T23:15:00Z,GYK,Greys_Creek,38.44901667,-75.13245,0.3,6.21,0.379,25.13,16.71,82.9
2018-07-21T23:30:00Z,GYK,Greys_Creek,38.44901667,-75.13245,0.3,5.78,0.381,25.13,16.97,77.2
2018-07-21T23:45:00Z,GYK,Greys_Creek,38.44901667,-75.13245,0.3,4.76,0.381,25.15,16.56,63.5
2018-07-22T00:00:00Z,GYK,Greys_Creek,38.44901667,-75.13245,0.3,5.46,0.378,25.26,15.52,72.5
2018-07-22T00:15:00Z,GYK,Greys_Creek,38.44901667,-75.13245,0.3,5.05,0.367,25.56,14.46,67.1
2018-07-22T00:30:00Z,GYK,Greys_Creek,38.44901667,-75.13245,0.3,5.61,0.352,25.41,14.19,74.1
2018-07-22T00:45:00Z,GYK,Greys_Creek,38.44901667,-75.13245,0.3,5.03,0.342,25.52,14.48,66.6
2018-07-22T01:00:00Z,GYK,Greys_Creek,38.44901667,-75.13245,0.3,4.57,0.321,25.72,15.33,61.1
2018-07-22T01:15:00Z,GYK,Greys_Creek,38.44901667,-75.13245,0.3,4.57,0.332,25.32,15.36,60.7
2018-07-22T01:30:00Z,GYK,Greys_Creek,38.44901667,-75.13245,0.3,5.62,0.363,24.88,15.68,74.2
2018-07-22T01:45:00Z,GYK,Greys_Creek,38.44901667,-75.13245,0.3,5.24,0.305,24.87,11.51,67.6
2018-07-22T02:00:00Z,GYK,Greys_Creek,38.44901667,-75.13245,0.3,4.18,0.248,25.16,12.9,54.6
2018-07-22T02:15:00Z,GYK,Greys_Creek,38.44901667,-75.13245,0.3,4.12,0.289,25.1,12.59,53.6
2018-07-22T02:30:00Z,GYK,Greys_Creek,38.44901667,-75.13245,0.3,4.24,0.329,25.05,14.84,55.9
2018-07-22T02:45:00Z,GYK,Greys_Creek,38.44901667,-75.13245,0.3,4.29,0.272,24.95,13.33,55.9
2018-07-22T03:00:00Z,GYK,Greys_Creek,38.44901667,-75.13245,0.3,4.02,0.237,24.48,9.73,50.9
2018-07-22T03:15:00Z,GYK,Greys_Creek,38.44901667,-75.13245,0.3,3.0,0.233,24.93,12.34,38.9
2018-07-22T03:30:00Z,GYK,Greys_Creek,38.44901667,-75.13245,0.3,1.87,0.256,25.3,14.54,24.7
2018-07-22T03:45:00Z,GYK,Greys_Creek,38.44901667,-75.13245,0.3,3.21,0.255,25.1,14.7,42.3
2018-07-22T04:00:00Z,GYK,Greys_Creek,38.44901667,-75.13245,0.3,2.81,0.238,25.18,13.95,37.0
2018-07-22T04:15:00Z,GYK,Greys_Creek,38.44901667,-75.13245,0.3,2.92,0.239,24.92,11.99,37.8
2018-07-22T04:30:00Z,GYK,Greys_Creek,38.44901667,-75.13245,0.3,2.95,0.237,24.59,11.87,37.9
2018-07-22T04:45:00Z,GYK,Greys_Creek,38.44901667,-75.13245,0.3,3.22,0.215,24.65,10.83,41.2
2018-07-22T05:00:00Z,GYK,Greys_Creek,38.44901667,-75.13245,0.3,3.34,0.2,24.86,11.85,43.2
2018-07-22T05:15:00Z,GYK,Greys_Creek,38.44901667,-75.13245,0.3,3.37,0.197,25.0,12.05,43.7
2018-07-22T05:30:00Z,GYK,Greys_Creek,38.44901667,-75.13245,0.3,1.98,0.205,25.16,12.95,25.8
2018-07-22T05:45:00Z,GYK,Greys_Creek,38.44901667,-75.13245,0.3,2.62,0.207,24.4,10.26,33.2
2018-07-22T06:00:00Z,GYK,Greys_Creek,38.44901667,-75.13245,0.3,4.24,0.212,24.66,11.05,54.3
2018-07-22T06:15:00Z,GYK,Greys_Creek,38.44901667,-75.13245,0.3,3.96,0.233,24.67,14.49,51.8
2018-07-22T06:30:00Z,GYK,Greys_Creek,38.44901667,-75.13245,0.3,3.47,0.253,24.63,15.09,45.4
2018-07-22T06:45:00Z,GYK,Greys_Creek,38.44901667,-75.13245,0.3,3.64,0.26,24.58,11.81,46.7
2018-07-22T07:00:00Z,GYK,Greys_Creek,38.44901667,-75.13245,0.3,3.37,0.274,24.6,11.14,43.1
2018-07-22T07:15:00Z,GYK,Greys_Creek,38.44901667,-75.13245,0.3,3.32,0.279,24.66,14.73,43.4
2018-07-22T07:30:00Z,GYK,Greys_Creek,38.44901667,-75.13245,0.3,2.53,0.297,24.68,15.93,33.4
2018-07-22T07:45:00Z,GYK,Greys_Creek,38.44901667,-75.13245,0.3,2.69,0.303,24.71,16.15,35.5
2018-07-22T08:00:00Z,GYK,Greys_Creek,38.44901667,-75.13245,0.3,2.93,0.312,24.73,16.46,38.7
2018-07-22T08:15:00Z,GYK,Greys_Creek,38.44901667,-75.13245,0.3,2.96,0.323,24.7,16.67,39.2
2018-07-22T08:30:00Z,GYK,Greys_Creek,38.44901667,-75.13245,0.3,3.16,0.335,24.59,16.8,41.7
2018-07-22T08:45:00Z,GYK,Greys_Creek,38.44901667,-75.13245,0.3,3.32,0.345,24.59,16.89,43.9
2018-07-22T09:00:00Z,GYK,Greys_Creek,38.44901667,-75.13245,0.3,2.87,0.351,24.58,16.97,38.0
2018-07-22T09:15:00Z,GYK,Greys_Creek,38.44901667,-75.13245,0.3,3.15,0.357,24.56,17.03,41.6
2018-07-22T09:30:00Z,GYK,Greys_Creek,38.44901667,-75.13245,0.3,3.38,0.37,24.55,17.07,44.7
2018-07-22T09:45:00Z,GYK,Greys_Creek,38.44901667,-75.13245,0.3,3.6,0.383,24.54,17.13,47.6
2018-07-22T10:00:00Z,GYK,Greys_Creek,38.44901667,-75.13245,0.3,2.78,0.381,24.54,17.17,36.8
2018-07-22T10:15:00Z,GYK,Greys_Creek,38.44901667,-75.13245,0.3,2.73,0.376,24.56,17.03,36.0
2018-07-22T10:30:00Z,GYK,Greys_Creek,38.44901667,-75.13245,0.3,2.8,0.372,24.53,17.14,37.0
2018-07-22T10:45:00Z,GYK,Greys_Creek,38.44901667,-75.13245,0.3,3.13,0.378,24.53,17.21,41.4
2018-07-22T11:00:00Z,GYK,Greys_Creek,38.44901667,-75.13245,0.3,2.18,0.366,25.04,15.47,28.9
2018-07-22T11:15:00Z,GYK,Greys_Creek,38.44901667,-75.13245,0.3,1.17,0.344,25.15,15.76,15.5
2018-07-22T11:30:00Z,GYK,Greys_Creek,38.44901667,-75.13245,0.3,1.5,0.332,25.02,16.12,19.9
2018-07-22T11:45:00Z,GYK,Greys_Creek,38.44901667,-75.13245,0.3,1.91,0.323,24.76,16.34,25.3
2018-07-22T12:00:00Z,GYK,Greys_Creek,38.44901667,-75.13245,0.3,1.34,0.308,24.88,14.82,17.6
2018-07-22T12:15:00Z,GYK,Greys_Creek,38.44901667,-75.13245,0.3,1.14,0.294,24.88,15.2,15.0
2018-07-22T12:30:00Z,GYK,Greys_Creek,38.44901667,-75.13245,0.3,0.9,0.286,24.83,15.07,11.9
2018-07-22T12:45:00Z,GYK,Greys_Creek,38.44901667,-75.13245,0.3,1.39,0.278,25.13,NaN,18.4
2018-07-22T13:00:00Z,GYK,Greys_Creek,38.44901667,-75.13245,0.3,1.32,0.268,24.86,NaN,17.3
2018-07-22T13:15:00Z,GYK,Greys_Creek,38.44901667,-75.13245,0.3,2.48,0.269,24.67,NaN,32.2
2018-07-22T13:30:00Z,GYK,Greys_Creek,38.44901667,-75.13245,0.3,3.72,0.256,23.99,NaN,46.5
2018-07-22T13:45:00Z,GYK,Greys_Creek,38.44901667,-75.13245,0.3,5.21,0.24,24.6,NaN,66.1
2018-07-22T14:00:00Z,GYK,Greys_Creek,38.44901667,-75.13245,0.3,5.88,0.22,24.34,NaN,72.3
2018-07-22T14:15:00Z,GYK,Greys_Creek,38.44901667,-75.13245,0.3,3.83,0.2,23.36,NaN,45.9
2018-07-22T14:30:00Z,GYK,Greys_Creek,38.44901667,-75.13245,0.3,3.54,0.191,23.72,NaN,43.3
2018-07-22T14:45:00Z,GYK,Greys_Creek,38.44901667,-75.13245,0.3,4.6,0.193,24.01,NaN,55.8
2018-07-22T15:00:00Z,GYK,Greys_Creek,38.44901667,-75.13245,0.3,5.64,0.182,24.16,NaN,68.7
2018-07-22T15:15:00Z,GYK,Greys_Creek,38.44901667,-75.13245,0.3,4.99,0.168,24.21,NaN,60.8
2018-07-22T15:30:00Z,GYK,Greys_Creek,38.44901667,-75.13245,0.3,4.87,0.143,23.83,NaN,58.4
2018-07-22T15:45:00Z,GYK,Greys_Creek,38.44901667,-75.13245,0.3,4.81,0.14,24.13,NaN,58.3
2018-07-22T16:00:00Z,GYK,Greys_Creek,38.44901667,-75.13245,0.3,4.56,0.135,24.13,NaN,55.3
2018-07-22T16:15:00Z,GYK,Greys_Creek,38.44901667,-75.13245,0.3,4.85,0.135,24.59,NaN,59.2
2018-07-22T16:30:00Z,GYK,Greys_Creek,38.44901667,-75.13245,0.3,5.07,0.123,25.34,NaN,62.8
2018-07-22T16:45:00Z,GYK,Greys_Creek,38.44901667,-75.13245,0.3,5.28,0.111,24.84,NaN,64.6
2018-07-22T17:00:00Z,GYK,Greys_Creek,38.44901667,-75.13245,0.3,5.23,0.104,25.83,NaN,65.4
2018-07-22T17:15:00Z,GYK,Greys_Creek,38.44901667,-75.13245,0.3,4.86,0.1,25.06,NaN,59.7
2018-07-22T17:30:00Z,GYK,Greys_Creek,38.44901667,-75.13245,0.3,5.29,0.107,25.85,NaN,66.0
2018-07-22T17:45:00Z,GYK,Greys_Creek,38.44901667,-75.13245,0.3,5.68,0.108,26.44,NaN,71.8
2018-07-22T18:00:00Z,GYK,Greys_Creek,38.44901667,-75.13245,0.3,5.42,0.111,26.62,NaN,68.8
2018-07-22T18:15:00Z,GYK,Greys_Creek,38.44901667,-75.13245,0.3,5.67,0.118,27.12,NaN,72.7
2018-07-22T18:30:00Z,GYK,Greys_Creek,38.44901667,-75.13245,0.3,5.72,0.147,27.08,NaN,73.5
2018-07-22T18:45:00Z,GYK,Greys_Creek,38.44901667,-75.13245,0.3,8.28,0.184,28.2,NaN,110.1
2018-07-22T19:00:00Z,GYK,Greys_Creek,38.44901667,-75.13245,0.3,8.04,0.209,28.18,NaN,106.9
2018-07-22T19:15:00Z,GYK,Greys_Creek,38.44901667,-75.13245,0.3,9.02,0.216,28.55,NaN,120.6
2018-07-22T19:30:00Z,GYK,Greys_Creek,38.44901667,-75.13245,0.3,8.44,0.227,29.17,NaN,113.7
2018-07-22T19:45:00Z,GYK,Greys_Creek,38.44901667,-75.13245,0.3,10.18,0.245,29.15,NaN,137.5
2018-07-22T20:00:00Z,GYK,Greys_Creek,38.44901667,-75.13245,0.3,10.42,0.255,29.13,NaN,140.5
2018-07-22T20:15:00Z,GYK,Greys_Creek,38.44901667,-75.13245,0.3,12.32,0.268,29.01,NaN,166.6
2018-07-22T20:30:00Z,GYK,Greys_Creek,38.44901667,-75.13245,0.3,12.92,0.29,28.91,NaN,176.2
2018-07-22T20:45:00Z,GYK,Greys_Creek,38.44901667,-75.13245,0.3,12.58,0.314,28.9,NaN,172.6
2018-07-22T21:00:00Z,GYK,Greys_Creek,38.44901667,-75.13245,0.3,12.3,0.324,29.02,NaN,167.2
2018-07-22T21:15:00Z,GYK,Greys_Creek,38.44901667,-75.13245,0.3,11.74,0.337,28.9,NaN,160.9
2018-07-22T21:30:00Z,GYK,Greys_Creek,38.44901667,-75.13245,0.3,12.56,0.361,28.83,NaN,172.6
2018-07-22T21:45:00Z,GYK,Greys_Creek,38.44901667,-75.13245,0.3,12.39,0.381,28.86,NaN,170.4
2018-07-22T22:00:00Z,GYK,Greys_Creek,38.44901667,-75.13245,0.3,11.68,0.389,28.76,NaN,160.4
2018-07-22T22:15:00Z,GYK,Greys_Creek,38.44901667,-75.13245,0.3,11.74,0.392,28.76,NaN,161.4
2018-07-22T22:30:00Z,GYK,Greys_Creek,38.44901667,-75.13245,0.3,11.6,0.405,28.54,NaN,159.3
2018-07-22T22:45:00Z,GYK,Greys_Creek,38.44901667,-75.13245,0.3,12.07,0.424,28.57,NaN,165.8
2018-07-22T23:00:00Z,GYK,Greys_Creek,38.44901667,-75.13245,0.3,11.24,0.442,28.5,NaN,154.4
2018-07-22T23:15:00Z,GYK,Greys_Creek,38.44901667,-75.13245,0.3,10.81,0.456,28.54,NaN,148.6
2018-07-22T23:30:00Z,GYK,Greys_Creek,38.44901667,-75.13245,0.3,10.89,0.461,28.52,NaN,149.6
2018-07-22T23:45:00Z,GYK,Greys_Creek,38.44901667,-75.13245,0.3,9.82,0.462,28.41,NaN,134.8
2018-07-23T00:00:00Z,GYK,Greys_Creek,38.44901667,-75.13245,0.3,9.3,0.458,28.54,NaN,127.3
2018-07-23T00:15:00Z,GYK,Greys_Creek,38.44901667,-75.13245,0.3,11.09,0.458,28.24,NaN,151.6
2018-07-23T00:30:00Z,GYK,Greys_Creek,38.44901667,-75.13245,0.3,10.01,0.457,28.59,NaN,136.7
2018-07-23T00:45:00Z,GYK,Greys_Creek,38.44901667,-75.13245,0.3,11.03,0.449,28.46,NaN,151.0
2018-07-23T01:00:00Z,GYK,Greys_Creek,38.44901667,-75.13245,0.3,9.95,0.427,28.44,NaN,135.5
2018-07-23T01:15:00Z,GYK,Greys_Creek,38.44901667,-75.13245,0.3,7.95,0.403,28.17,NaN,108.1
2018-07-23T01:30:00Z,GYK,Greys_Creek,38.44901667,-75.13245,0.3,9.8,0.383,28.22,NaN,133.8
2018-07-23T01:45:00Z,GYK,Greys_Creek,38.44901667,-75.13245,0.3,9.48,0.374,28.15,NaN,127.5
2018-07-23T02:00:00Z,GYK,Greys_Creek,38.44901667,-75.13245,0.3,9.52,0.366,27.97,NaN,127.7
2018-07-23T02:15:00Z,GYK,Greys_Creek,38.44901667,-75.13245,0.3,10.31,0.353,28.18,NaN,138.1
2018-07-23T02:30:00Z,GYK,Greys_Creek,38.44901667,-75.13245,0.3,9.92,0.343,27.97,NaN,132.1
2018-07-23T02:45:00Z,GYK,Greys_Creek,38.44901667,-75.13245,0.3,8.7,0.341,27.68,NaN,114.4
2018-07-23T03:00:00Z,GYK,Greys_Creek,38.44901667,-75.13245,0.3,9.98,0.334,27.64,NaN,131.2
2018-07-23T03:15:00Z,GYK,Greys_Creek,38.44901667,-75.13245,0.3,9.52,0.332,27.78,NaN,125.6
2018-07-23T03:30:00Z,GYK,Greys_Creek,38.44901667,-75.13245,0.3,9.2,0.321,27.34,NaN,119.7
2018-07-23T03:45:00Z,GYK,Greys_Creek,38.44901667,-75.13245,0.3,9.01,0.3,27.69,NaN,118.4
2018-07-23T04:00:00Z,GYK,Greys_Creek,38.44901667,-75.13245,0.3,9.31,0.274,27.49,NaN,122.9
2018-07-23T04:15:00Z,GYK,Greys_Creek,38.44901667,-75.13245,0.3,6.95,0.257,26.71,NaN,89.5
2018-07-23T04:30:00Z,GYK,Greys_Creek,38.44901667,-75.13245,0.3,7.38,0.251,26.55,NaN,94.2
2018-07-23T04:45:00Z,GYK,Greys_Creek,38.44901667,-75.13245,0.3,6.61,0.246,26.38,NaN,83.9
2018-07-23T05:00:00Z,GYK,Greys_Creek,38.44901667,-75.13245,0.3,8.58,0.229,27.2,NaN,111.3
2018-07-23T05:15:00Z,GYK,Greys_Creek,38.44901667,-75.13245,0.3,6.95,0.205,26.01,NaN,86.8
2018-07-23T05:30:00Z,GYK,Greys_Creek,38.44901667,-75.13245,0.3,6.72,0.197,26.22,NaN,84.7
2018-07-23T05:45:00Z,GYK,Greys_Creek,38.44901667,-75.13245,0.3,6.47,0.192,26.05,NaN,81.4
2018-07-23T06:00:00Z,GYK,Greys_Creek,38.44901667,-75.13245,0.3,6.42,0.188,25.97,NaN,80.4
2018-07-23T06:15:00Z,GYK,Greys_Creek,38.44901667,-75.13245,0.3,6.71,0.174,25.91,NaN,83.7
2018-07-23T06:30:00Z,GYK,Greys_Creek,38.44901667,-75.13245,0.3,6.52,0.184,25.9,NaN,81.6
2018-07-23T06:45:00Z,GYK,Greys_Creek,38.44901667,-75.13245,0.3,6.28,0.174,25.88,NaN,78.5
2018-07-23T07:00:00Z,GYK,Greys_Creek,38.44901667,-75.13245,0.3,6.6,0.163,25.99,NaN,82.8
2018-07-23T07:15:00Z,GYK,Greys_Creek,38.44901667,-75.13245,0.3,6.61,0.165,26.01,NaN,82.7
2018-07-23T07:30:00Z,GYK,Greys_Creek,38.44901667,-75.13245,0.3,5.93,0.173,25.66,NaN,73.8
2018-07-23T07:45:00Z,GYK,Greys_Creek,38.44901667,-75.13245,0.3,6.35,0.189,25.77,NaN,79.2
2018-07-23T08:00:00Z,GYK,Greys_Creek,38.44901667,-75.13245,0.3,5.69,0.202,25.57,NaN,70.7
2018-07-23T08:15:00Z,GYK,Greys_Creek,38.44901667,-75.13245,0.3,5.2,0.229,26.24,NaN,65.8
2018-07-23T08:30:00Z,GYK,Greys_Creek,38.44901667,-75.13245,0.3,6.06,0.259,25.84,NaN,77.3
2018-07-23T08:45:00Z,GYK,Greys_Creek,38.44901667,-75.13245,0.3,5.12,0.279,26.09,NaN,65.8
2018-07-23T09:00:00Z,GYK,Greys_Creek,38.44901667,-75.13245,0.3,5.42,0.289,25.5,NaN,67.9
2018-07-23T09:15:00Z,GYK,Greys_Creek,38.44901667,-75.13245,0.3,4.17,0.294,25.69,NaN,52.7
2018-07-23T09:30:00Z,GYK,Greys_Creek,38.44901667,-75.13245,0.3,5.88,0.306,25.55,NaN,74.1
2018-07-23T09:45:00Z,GYK,Greys_Creek,38.44901667,-75.13245,0.3,4.91,0.33,25.77,NaN,62.9
2018-07-23T10:00:00Z,GYK,Greys_Creek,38.44901667,-75.13245,0.3,5.6,0.331,25.34,NaN,70.3
2018-07-23T10:15:00Z,GYK,Greys_Creek,38.44901667,-75.13245,0.3,5.16,0.343,25.49,NaN,65.5
2018-07-23T10:30:00Z,GYK,Greys_Creek,38.44901667,-75.13245,0.3,5.58,0.345,25.49,NaN,70.5
2018-07-23T10:45:00Z,GYK,Greys_Creek,38.44901667,-75.13245,0.3,5.5,0.336,25.49,NaN,69.2
2018-07-23T11:00:00Z,GYK,Greys_Creek,38.44901667,-75.13245,0.3,5.43,0.346,25.65,NaN,69.4
2018-07-23T11:15:00Z,GYK,Greys_Creek,38.44901667,-75.13245,0.3,5.49,0.368,25.71,NaN,70.7
2018-07-23T11:30:00Z,GYK,Greys_Creek,38.44901667,-75.13245,0.3,5.2,0.358,25.38,NaN,65.1
2018-07-23T11:45:00Z,GYK,Greys_Creek,38.44901667,-75.13245,0.3,5.05,0.348,25.73,NaN,63.8
2018-07-23T12:00:00Z,GYK,Greys_Creek,38.44901667,-75.13245,0.3,4.95,0.346,25.87,NaN,63.0
2018-07-23T12:15:00Z,GYK,Greys_Creek,38.44901667,-75.13245,0.3,5.06,0.333,25.82,NaN,64.4
2018-07-23T12:30:00Z,GYK,Greys_Creek,38.44901667,-75.13245,0.3,5.13,0.336,25.68,NaN,64.8
2018-07-23T12:45:00Z,GYK,Greys_Creek,38.44901667,-75.13245,0.3,5.67,0.337,25.56,NaN,70.9
2018-07-23T13:00:00Z,GYK,Greys_Creek,38.44901667,-75.13245,0.3,6.1,0.313,25.6,NaN,76.4
2018-07-23T13:15:00Z,GYK,Greys_Creek,38.44901667,-75.13245,0.3,6.38,0.288,25.84,NaN,80.1
2018-07-23T13:30:00Z,GYK,Greys_Creek,38.44901667,-75.13245,0.3,6.03,0.285,25.95,NaN,76.3
2018-07-23T13:45:00Z,GYK,Greys_Creek,38.44901667,-75.13245,0.3,5.5,0.277,25.9,NaN,69.2
2018-07-23T14:00:00Z,GYK,Greys_Creek,38.44901667,-75.13245,0.3,4.82,0.277,25.86,NaN,60.6
2018-07-23T14:15:00Z,GYK,Greys_Creek,38.44901667,-75.13245,0.3,5.35,0.265,26.12,NaN,67.6
2018-07-23T14:30:00Z,GYK,Greys_Creek,38.44901667,-75.13245,0.3,6.18,0.255,26.25,NaN,78.3
2018-07-23T14:45:00Z,GYK,Greys_Creek,38.44901667,-75.13245,0.3,5.86,0.244,26.28,NaN,74.0
2018-07-23T15:00:00Z,GYK,Greys_Creek,38.44901667,-75.13245,0.3,6.25,0.233,26.49,NaN,79.1
2018-07-23T15:15:00Z,GYK,Greys_Creek,38.44901667,-75.13245,0.3,7.93,0.21,26.58,NaN,100.6
2018-07-23T15:30:00Z,GYK,Greys_Creek,38.44901667,-75.13245,0.3,6.23,0.2,26.67,NaN,79.1
2018-07-23T15:45:00Z,GYK,Greys_Creek,38.44901667,-75.13245,0.3,5.63,0.202,27.22,NaN,72.2
2018-07-23T16:00:00Z,GYK,Greys_Creek,38.44901667,-75.13245,0.3,6.12,0.196,27.24,NaN,78.7
2018-07-23T16:15:00Z,GYK,Greys_Creek,38.44901667,-75.13245,0.3,6.58,0.186,27.24,NaN,84.4
2018-07-23T16:30:00Z,GYK,Greys_Creek,38.44901667,-75.13245,0.3,5.62,0.176,27.01,NaN,71.7
2018-07-23T16:45:00Z,GYK,Greys_Creek,38.44901667,-75.13245,0.3,6.29,0.167,27.83,NaN,81.7
2018-07-23T17:00:00Z,GYK,Greys_Creek,38.44901667,-75.13245,0.3,6.42,0.155,27.02,NaN,81.7
2018-07-23T17:15:00Z,GYK,Greys_Creek,38.44901667,-75.13245,0.3,6.19,0.153,27.73,NaN,80.1
2018-07-23T17:30:00Z,GYK,Greys_Creek,38.44901667,-75.13245,0.3,6.49,0.154,27.68,NaN,83.8
2018-07-23T17:45:00Z,GYK,Greys_Creek,38.44901667,-75.13245,0.3,6.33,0.16,28.09,NaN,82.5
2018-07-23T18:00:00Z,GYK,Greys_Creek,38.44901667,-75.13245,0.3,6.55,0.156,28.26,NaN,85.7
2018-07-23T18:15:00Z,GYK,Greys_Creek,38.44901667,-75.13245,0.3,6.31,0.164,28.33,NaN,82.7
2018-07-23T18:30:00Z,GYK,Greys_Creek,38.44901667,-75.13245,0.3,6.59,0.159,28.76,NaN,87.0
2018-07-23T18:45:00Z,GYK,Greys_Creek,38.44901667,-75.13245,0.3,6.07,0.147,27.98,NaN,78.8
2018-07-23T19:00:00Z,GYK,Greys_Creek,38.44901667,-75.13245,0.3,6.21,0.152,28.64,NaN,81.7
2018-07-23T19:15:00Z,GYK,Greys_Creek,38.44901667,-75.13245,0.3,5.8,0.182,28.59,NaN,76.5
2018-07-23T19:30:00Z,GYK,Greys_Creek,38.44901667,-75.13245,0.3,7.39,0.197,28.81,NaN,98.2
2018-07-23T19:45:00Z,GYK,Greys_Creek,38.44901667,-75.13245,0.3,7.89,0.21,29.02,NaN,105.6
2018-07-23T20:00:00Z,GYK,Greys_Creek,38.44901667,-75.13245,0.3,10.72,0.233,29.14,NaN,144.3
2018-07-23T20:15:00Z,GYK,Greys_Creek,38.44901667,-75.13245,0.3,10.36,0.239,29.28,NaN,140.8
2018-07-23T20:30:00Z,GYK,Greys_Creek,38.44901667,-75.13245,0.3,8.53,0.241,29.24,NaN,114.5
2018-07-23T20:45:00Z,GYK,Greys_Creek,38.44901667,-75.13245,0.3,9.09,0.264,29.56,NaN,123.5
2018-07-23T21:00:00Z,GYK,Greys_Creek,38.44901667,-75.13245,0.3,11.58,0.29,29.34,NaN,159.3
2018-07-23T21:15:00Z,GYK,Greys_Creek,38.44901667,-75.13245,0.3,10.11,0.309,29.39,NaN,139.7
2018-07-23T21:30:00Z,GYK,Greys_Creek,38.44901667,-75.13245,0.3,10.96,0.321,29.46,NaN,150.2
2018-07-23T21:45:00Z,GYK,Greys_Creek,38.44901667,-75.13245,0.3,12.28,0.328,29.52,NaN,168.6
2018-07-23T22:00:00Z,GYK,Greys_Creek,38.44901667,-75.13245,0.3,10.83,0.35,29.34,NaN,149.9
2018-07-23T22:15:00Z,GYK,Greys_Creek,38.44901667,-75.13245,0.3,10.16,0.358,29.3,NaN,140.1
2018-07-23T22:30:00Z,GYK,Greys_Creek,38.44901667,-75.13245,0.3,11.31,0.369,29.24,NaN,155.5
2018-07-23T22:45:00Z,GYK,Greys_Creek,38.44901667,-75.13245,0.3,10.36,0.383,29.19,NaN,143.7
2018-07-23T23:00:00Z,GYK,Greys_Creek,38.44901667,-75.13245,0.3,10.23,0.398,29.11,NaN,142.1
2018-07-23T23:15:00Z,GYK,Greys_Creek,38.44901667,-75.13245,0.3,9.1,0.407,29.08,NaN,126.3
2018-07-23T23:30:00Z,GYK,Greys_Creek,38.44901667,-75.13245,0.3,9.68,0.422,29.02,NaN,133.9
2018-07-23T23:45:00Z,GYK,Greys_Creek,38.44901667,-75.13245,0.3,7.91,0.429,28.9,NaN,109.3
2018-07-24T00:00:00Z,GYK,Greys_Creek,38.44901667,-75.13245,0.3,8.43,0.434,28.82,NaN,116.4
2018-07-24T00:15:00Z,GYK,Greys_Creek,38.44901667,-75.13245,0.3,8.71,0.446,28.77,NaN,120.4
2018-07-24T00:30:00Z,GYK,Greys_Creek,38.44901667,-75.13245,0.3,7.59,0.454,28.64,NaN,104.7
2018-07-24T00:45:00Z,GYK,Greys_Creek,38.44901667,-75.13245,0.3,6.96,0.453,28.76,NaN,95.2
2018-07-24T01:00:00Z,GYK,Greys_Creek,38.44901667,-75.13245,0.3,6.63,0.45,28.7,NaN,90.9
2018-07-24T01:15:00Z,GYK,Greys_Creek,38.44901667,-75.13245,0.3,6.21,0.46,28.62,NaN,85.6
2018-07-24T01:30:00Z,GYK,Greys_Creek,38.44901667,-75.13245,0.3,8.33,0.451,28.87,NaN,113.5
2018-07-24T01:45:00Z,GYK,Greys_Creek,38.44901667,-75.13245,0.3,9.32,0.422,28.75,NaN,125.8
2018-07-24T02:00:00Z,GYK,Greys_Creek,38.44901667,-75.13245,0.3,8.46,0.397,28.79,NaN,114.5
2018-07-24T02:15:00Z,GYK,Greys_Creek,38.44901667,-75.13245,0.3,8.07,0.404,28.82,NaN,110.3
2018-07-24T02:30:00Z,GYK,Greys_Creek,38.44901667,-75.13245,0.3,6.66,0.387,28.34,NaN,89.2
2018-07-24T02:45:00Z,GYK,Greys_Creek,38.44901667,-75.13245,0.3,7.79,0.379,28.67,NaN,105.6
2018-07-24T03:00:00Z,GYK,Greys_Creek,38.44901667,-75.13245,0.3,8.26,0.366,28.59,NaN,112.1
2018-07-24T03:15:00Z,GYK,Greys_Creek,38.44901667,-75.13245,0.3,7.13,0.36,28.32,NaN,95.5
2018-07-24T03:30:00Z,GYK,Greys_Creek,38.44901667,-75.13245,0.3,7.21,0.343,28.09,NaN,95.2
2018-07-24T03:45:00Z,GYK,Greys_Creek,38.44901667,-75.13245,0.3,8.19,0.33,27.86,NaN,107.6
2018-07-24T04:00:00Z,GYK,Greys_Creek,38.44901667,-75.13245,0.3,8.31,0.315,28.04,NaN,109.6
2018-07-24T04:15:00Z,GYK,Greys_Creek,38.44901667,-75.13245,0.3,7.03,0.302,27.78,NaN,92.0
2018-07-24T04:30:00Z,GYK,Greys_Creek,38.44901667,-75.13245,0.3,7.57,0.287,27.89,NaN,99.8
2018-07-24T04:45:00Z,GYK,Greys_Creek,38.44901667,-75.13245,0.3,8.5,0.27,27.71,NaN,110.9
2018-07-24T05:00:00Z,GYK,Greys_Creek,38.44901667,-75.13245,0.3,7.32,0.256,27.45,NaN,95.0
2018-07-24T05:15:00Z,GYK,Greys_Creek,38.44901667,-75.13245,0.3,8.13,0.243,27.4,NaN,105.2
2018-07-24T05:30:00Z,GYK,Greys_Creek,38.44901667,-75.13245,0.3,6.32,0.243,26.64,NaN,80.6
2018-07-24T05:45:00Z,GYK,Greys_Creek,38.44901667,-75.13245,0.3,7.63,0.227,26.88,NaN,97.8
2018-07-24T06:00:00Z,GYK,Greys_Creek,38.44901667,-75.13245,0.3,6.56,0.214,26.29,NaN,82.7
2018-07-24T06:15:00Z,GYK,Greys_Creek,38.44901667,-75.13245,0.3,7.41,0.214,26.58,NaN,94.4
2018-07-24T06:30:00Z,GYK,Greys_Creek,38.44901667,-75.13245,0.3,6.32,0.202,26.38,NaN,80.1
2018-07-24T06:45:00Z,GYK,Greys_Creek,38.44901667,-75.13245,0.3,7.91,0.195,26.88,NaN,101.3
2018-07-24T07:00:00Z,GYK,Greys_Creek,38.44901667,-75.13245,0.3,8.11,0.182,26.31,NaN,101.9
2018-07-24T07:15:00Z,GYK,Greys_Creek,38.44901667,-75.13245,0.3,7.51,0.172,26.56,NaN,95.1
2018-07-24T07:30:00Z,GYK,Greys_Creek,38.44901667,-75.13245,0.3,6.95,0.165,26.46,NaN,87.8
2018-07-24T07:45:00Z,GYK,Greys_Creek,38.44901667,-75.13245,0.3,6.21,0.165,25.91,NaN,77.7
2018-07-24T08:00:00Z,GYK,Greys_Creek,38.44901667,-75.13245,0.3,5.89,0.169,25.99,NaN,74.0
2018-07-24T08:15:00Z,GYK,Greys_Creek,38.44901667,-75.13245,0.3,5.26,0.183,25.96,NaN,66.0
2018-07-24T08:30:00Z,GYK,Greys_Creek,38.44901667,-75.13245,0.3,5.54,0.185,26.05,NaN,69.8
2018-07-24T08:45:00Z,GYK,Greys_Creek,38.44901667,-75.13245,0.3,5.61,0.195,25.93,NaN,70.5
2018-07-24T09:00:00Z,GYK,Greys_Creek,38.44901667,-75.13245,0.3,5.41,0.203,25.97,NaN,68.2
2018-07-24T09:15:00Z,GYK,Greys_Creek,38.44901667,-75.13245,0.3,5.37,0.212,25.88,NaN,67.5
2018-07-24T09:30:00Z,GYK,Greys_Creek,38.44901667,-75.13245,0.3,4.81,0.235,26.2,NaN,61.1
2018-07-24T09:45:00Z,GYK,Greys_Creek,38.44901667,-75.13245,0.3,4.01,0.259,26.18,NaN,51.9
2018-07-24T10:00:00Z,GYK,Greys_Creek,38.44901667,-75.13245,0.3,2.85,0.274,26.2,NaN,36.9
2018-07-24T10:15:00Z,GYK,Greys_Creek,38.44901667,-75.13245,0.3,4.67,0.28,25.78,NaN,59.2
2018-07-24T10:30:00Z,GYK,Greys_Creek,38.44901667,-75.13245,0.3,3.96,0.288,25.8,NaN,50.2
2018-07-24T10:45:00Z,GYK,Greys_Creek,38.44901667,-75.13245,0.3,3.44,0.294,26.12,NaN,43.8
2018-07-24T11:00:00Z,GYK,Greys_Creek,38.44901667,-75.13245,0.3,3.66,0.315,26.07,NaN,47.2
2018-07-24T11:15:00Z,GYK,Greys_Creek,38.44901667,-75.13245,0.3,4.37,0.329,26.01,NaN,56.1
2018-07-24T11:30:00Z,GYK,Greys_Creek,38.44901667,-75.13245,0.3,3.57,0.333,25.68,NaN,45.1
2018-07-24T11:45:00Z,GYK,Greys_Creek,38.44901667,-75.13245,0.3,3.8,0.336,26.03,NaN,48.3
2018-07-24T12:00:00Z,GYK,Greys_Creek,38.44901667,-75.13245,0.3,2.58,0.336,26.18,NaN,33.0
2018-07-24T12:15:00Z,GYK,Greys_Creek,38.44901667,-75.13245,0.3,4.27,0.344,26.05,NaN,54.2
2018-07-24T12:30:00Z,GYK,Greys_Creek,38.44901667,-75.13245,0.3,4.43,0.349,26.0,NaN,56.1
2018-07-24T12:45:00Z,GYK,Greys_Creek,38.44901667,-75.13245,0.3,5.16,0.349,26.16,NaN,65.5
2018-07-24T13:00:00Z,GYK,Greys_Creek,38.44901667,-75.13245,0.3,5.98,0.34,26.15,NaN,76.0
2018-07-24T13:15:00Z,GYK,Greys_Creek,38.44901667,-75.13245,0.3,6.0,0.33,26.32,NaN,76.8
2018-07-24T13:30:00Z,GYK,Greys_Creek,38.44901667,-75.13245,0.3,6.48,0.318,26.51,NaN,83.2
2018-07-24T13:45:00Z,GYK,Greys_Creek,38.44901667,-75.13245,0.3,7.44,0.307,26.5,NaN,95.5
2018-07-24T14:00:00Z,GYK,Greys_Creek,38.44901667,-75.13245,0.3,9.48,0.298,26.74,NaN,121.7
2018-07-24T14:15:00Z,GYK,Greys_Creek,38.44901667,-75.13245,0.3,7.57,0.295,26.91,NaN,97.3
2018-07-24T14:30:00Z,GYK,Greys_Creek,38.44901667,-75.13245,0.3,9.61,0.278,26.99,NaN,123.4
2018-07-24T14:45:00Z,GYK,Greys_Creek,38.44901667,-75.13245,0.3,9.35,0.262,27.23,NaN,120.3
2018-07-24T15:00:00Z,GYK,Greys_Creek,38.44901667,-75.13245,0.3,7.83,0.254,27.22,NaN,100.9
2018-07-24T15:15:00Z,GYK,Greys_Creek,38.44901667,-75.13245,0.3,7.41,0.245,27.65,NaN,96.3
2018-07-24T15:30:00Z,GYK,Greys_Creek,38.44901667,-75.13245,0.3,7.4,0.236,27.66,NaN,96.0
2018-07-24T15:45:00Z,GYK,Greys_Creek,38.44901667,-75.13245,0.3,8.65,0.221,27.7,NaN,112.3
2018-07-24T16:00:00Z,GYK,Greys_Creek,38.44901667,-75.13245,0.3,8.03,0.207,27.48,NaN,103.9
2018-07-24T16:15:00Z,GYK,Greys_Creek,38.44901667,-75.13245,0.3,7.37,0.193,27.64,NaN,95.6
2018-07-24T16:30:00Z,GYK,Greys_Creek,38.44901667,-75.13245,0.3,6.76,0.187,28.02,NaN,88.1
2018-07-24T16:45:00Z,GYK,Greys_Creek,38.44901667,-75.13245,0.3,9.22,0.174,28.36,NaN,120.9
2018-07-24T17:00:00Z,GYK,Greys_Creek,38.44901667,-75.13245,0.3,7.81,0.155,28.4,3.88,102.6
2018-07-24T17:15:00Z,GYK,Greys_Creek,38.44901667,-75.13245,0.3,7.73,0.15,28.25,4.4,101.7
2018-07-24T17:30:00Z,GYK,Greys_Creek,38.44901667,-75.13245,0.3,7.12,0.136,28.32,4.3,93.7
2018-07-24T17:45:00Z,GYK,Greys_Creek,38.44901667,-75.13245,0.3,7.64,0.124,28.65,4.05,101.0
2018-07-24T18:00:00Z,GYK,Greys_Creek,38.44901667,-75.13245,0.3,7.48,0.116,28.68,3.98,98.9
2018-07-24T18:15:00Z,GYK,Greys_Creek,38.44901667,-75.13245,0.3,7.4,0.096,28.94,4.25,98.4
2018-07-24T18:30:00Z,GYK,Greys_Creek,38.44901667,-75.13245,0.3,6.89,0.091,28.73,3.65,90.9
2018-07-24T18:45:00Z,GYK,Greys_Creek,38.44901667,-75.13245,0.3,7.57,0.085,28.99,4.19,100.7
2018-07-24T19:00:00Z,GYK,Greys_Creek,38.44901667,-75.13245,0.3,7.73,0.083,29.35,4.57,103.7
2018-07-24T19:15:00Z,GYK,Greys_Creek,38.44901667,-75.13245,0.3,7.67,0.06,28.53,4.09,101.2
2018-07-24T19:30:00Z,GYK,Greys_Creek,38.44901667,-75.13245,0.3,7.22,0.057,28.43,3.51,94.7
2018-07-24T19:45:00Z,GYK,Greys_Creek,38.44901667,-75.13245,0.3,7.61,0.072,28.8,5.0,101.4
2018-07-24T20:00:00Z,GYK,Greys_Creek,38.44901667,-75.13245,0.3,8.77,0.098,29.28,5.87,118.4
2018-07-24T20:15:00Z,GYK,Greys_Creek,38.44901667,-75.13245,0.3,9.75,0.107,29.44,6.59,132.4
2018-07-24T20:30:00Z,GYK,Greys_Creek,38.44901667,-75.13245,0.3,9.69,0.134,29.52,7.39,132.4
2018-07-24T20:45:00Z,GYK,Greys_Creek,38.44901667,-75.13245,0.3,11.23,0.161,29.75,8.77,155.3
2018-07-24T21:00:00Z,GYK,Greys_Creek,38.44901667,-75.13245,0.3,10.86,0.173,29.72,8.99,150.2
2018-07-24T21:15:00Z,GYK,Greys_Creek,38.44901667,-75.13245,0.3,10.2,0.17,29.48,7.84,139.6
2018-07-24T21:30:00Z,GYK,Greys_Creek,38.44901667,-75.13245,0.3,10.93,0.189,29.59,7.76,149.8
2018-07-24T21:45:00Z,GYK,Greys_Creek,38.44901667,-75.13245,0.3,11.77,0.219,29.57,9.6,162.9
2018-07-24T22:00:00Z,GYK,Greys_Creek,38.44901667,-75.13245,0.3,11.94,0.241,29.55,10.02,165.7
2018-07-24T22:15:00Z,GYK,Greys_Creek,38.44901667,-75.13245,0.3,11.92,0.249,29.57,10.11,165.5
2018-07-24T22:30:00Z,GYK,Greys_Creek,38.44901667,-75.13245,0.3,11.95,0.265,29.54,9.9,165.6
2018-07-24T22:45:00Z,GYK,Greys_Creek,38.44901667,-75.13245,0.3,11.59,0.281,29.42,11.17,161.4
2018-07-24T23:00:00Z,GYK,Greys_Creek,38.44901667,-75.13245,0.3,11.03,0.297,29.31,11.51,153.7
2018-07-24T23:15:00Z,GYK,Greys_Creek,38.44901667,-75.13245,0.3,11.16,0.315,29.24,11.58,155.4
2018-07-24T23:30:00Z,GYK,Greys_Creek,38.44901667,-75.13245,0.3,10.58,0.332,29.19,11.71,147.2
2018-07-24T23:45:00Z,GYK,Greys_Creek,38.44901667,-75.13245,0.3,10.17,0.349,29.0,11.9,141.2
2018-07-25T00:00:00Z,GYK,Greys_Creek,38.44901667,-75.13245,0.3,9.71,0.367,28.87,12.15,134.7
2018-07-25T00:15:00Z,GYK,Greys_Creek,38.44901667,-75.13245,0.3,9.5,0.373,28.8,12.08,131.6
2018-07-25T00:30:00Z,GYK,Greys_Creek,38.44901667,-75.13245,0.3,9.33,0.37,28.66,12.04,128.9
2018-07-25T00:45:00Z,GYK,Greys_Creek,38.44901667,-75.13245,0.3,9.09,0.38,28.54,11.23,124.7
2018-07-25T01:00:00Z,GYK,Greys_Creek,38.44901667,-75.13245,0.3,8.87,0.393,28.49,12.51,122.5
2018-07-25T01:15:00Z,GYK,Greys_Creek,38.44901667,-75.13245,0.3,8.39,0.409,28.35,12.32,115.4
2018-07-25T01:30:00Z,GYK,Greys_Creek,38.44901667,-75.13245,0.3,8.48,0.424,28.21,12.72,116.7
2018-07-25T01:45:00Z,GYK,Greys_Creek,38.44901667,-75.13245,0.3,8.27,0.424,28.15,12.71,113.7
2018-07-25T02:00:00Z,GYK,Greys_Creek,38.44901667,-75.13245,0.3,8.61,0.41,28.91,9.33,117.7
2018-07-25T02:15:00Z,GYK,Greys_Creek,38.44901667,-75.13245,0.3,7.61,0.402,28.53,11.1,104.3
2018-07-25T02:30:00Z,GYK,Greys_Creek,38.44901667,-75.13245,0.3,8.22,0.398,28.74,10.01,112.5
2018-07-25T02:45:00Z,GYK,Greys_Creek,38.44901667,-75.13245,0.3,8.72,0.384,28.96,9.74,119.6
2018-07-25T03:00:00Z,GYK,Greys_Creek,38.44901667,-75.13245,0.3,8.8,0.371,28.88,9.58,120.4
2018-07-25T03:15:00Z,GYK,Greys_Creek,38.44901667,-75.13245,0.3,8.46,0.356,28.86,9.14,115.4
2018-07-25T03:30:00Z,GYK,Greys_Creek,38.44901667,-75.13245,0.3,8.32,0.327,28.88,9.3,113.7
2018-07-25T03:45:00Z,GYK,Greys_Creek,38.44901667,-75.13245,0.3,7.56,0.306,28.74,9.64,103.1
2018-07-25T04:00:00Z,GYK,Greys_Creek,38.44901667,-75.13245,0.3,7.25,0.303,28.56,9.12,98.4
2018-07-25T04:15:00Z,GYK,Greys_Creek,38.44901667,-75.13245,0.3,6.8,0.302,28.08,7.86,90.9
2018-07-25T04:30:00Z,GYK,Greys_Creek,38.44901667,-75.13245,0.3,6.23,0.289,27.66,7.43,82.5
2018-07-25T04:45:00Z,GYK,Greys_Creek,38.44901667,-75.13245,0.3,7.98,0.287,28.21,7.72,106.8
2018-07-25T05:00:00Z,GYK,Greys_Creek,38.44901667,-75.13245,0.3,6.56,0.224,26.87,4.6,84.2
2018-07-25T05:15:00Z,GYK,Greys_Creek,38.44901667,-75.13245,0.3,5.96,0.175,26.53,3.67,75.8
2018-07-25T05:30:00Z,GYK,Greys_Creek,38.44901667,-75.13245,0.3,5.07,0.226,27.7,12.47,69.1
2018-07-25T05:45:00Z,GYK,Greys_Creek,38.44901667,-75.13245,0.3,4.67,0.202,27.81,8.88,62.4
2018-07-25T06:00:00Z,GYK,Greys_Creek,38.44901667,-75.13245,0.3,5.91,0.17,26.94,5.49,76.4
2018-07-25T06:15:00Z,GYK,Greys_Creek,38.44901667,-75.13245,0.3,5.54,0.134,26.49,3.96,70.5
2018-07-25T06:30:00Z,GYK,Greys_Creek,38.44901667,-75.13245,0.3,5.03,0.131,26.36,3.91,63.8
2018-07-25T06:45:00Z,GYK,Greys_Creek,38.44901667,-75.13245,0.3,4.91,0.133,26.23,3.33,62.0
2018-07-25T07:00:00Z,GYK,Greys_Creek,38.44901667,-75.13245,0.3,5.93,0.123,26.78,5.24,76.3
2018-07-25T07:15:00Z,GYK,Greys_Creek,38.44901667,-75.13245,0.3,6.05,0.105,26.95,4.97,78.0
2018-07-25T07:30:00Z,GYK,Greys_Creek,38.44901667,-75.13245,0.3,4.84,0.088,26.29,3.57,61.1
2018-07-25T07:45:00Z,GYK,Greys_Creek,38.44901667,-75.13245,0.3,5.34,0.079,26.09,2.96,67.0
2018-07-25T08:00:00Z,GYK,Greys_Creek,38.44901667,-75.13245,0.3,5.02,0.102,26.25,5.15,64.0
2018-07-25T08:15:00Z,GYK,Greys_Creek,38.44901667,-75.13245,0.3,4.97,0.094,26.2,4.23,62.9
2018-07-25T08:30:00Z,GYK,Greys_Creek,38.44901667,-75.13245,0.3,4.96,0.137,26.53,7.01,64.2
2018-07-25T08:45:00Z,GYK,Greys_Creek,38.44901667,-75.13245,0.3,5.04,0.122,26.22,6.66,64.7
2018-07-25T09:00:00Z,GYK,Greys_Creek,38.44901667,-75.13245,0.3,5.75,0.112,26.15,5.69,73.4
2018-07-25T09:15:00Z,GYK,Greys_Creek,38.44901667,-75.13245,0.3,5.45,0.11,26.54,5.32,69.9
2018-07-25T09:30:00Z,GYK,Greys_Creek,38.44901667,-75.13245,0.3,5.12,0.12,26.18,5.15,65.1
2018-07-25T09:45:00Z,GYK,Greys_Creek,38.44901667,-75.13245,0.3,4.4,0.142,26.79,6.31,57.0
2018-07-25T10:00:00Z,GYK,Greys_Creek,38.44901667,-75.13245,0.3,4.57,0.161,26.49,7.07,59.1
2018-07-25T10:15:00Z,GYK,Greys_Creek,38.44901667,-75.13245,0.3,5.15,0.176,26.27,8.04,66.7
2018-07-25T10:30:00Z,GYK,Greys_Creek,38.44901667,-75.13245,0.3,4.65,0.183,26.12,6.73,59.6
2018-07-25T10:45:00Z,GYK,Greys_Creek,38.44901667,-75.13245,0.3,4.95,0.192,26.06,6.91,63.5
2018-07-25T11:00:00Z,GYK,Greys_Creek,38.44901667,-75.13245,0.3,4.94,0.204,26.05,7.01,63.3
2018-07-25T11:15:00Z,GYK,Greys_Creek,38.44901667,-75.13245,0.3,5.2,0.213,26.1,8.33,67.3
2018-07-25T11:30:00Z,GYK,Greys_Creek,38.44901667,-75.13245,0.3,4.86,0.208,25.9,5.65,61.8
2018-07-25T11:45:00Z,GYK,Greys_Creek,38.44901667,-75.13245,0.3,3.71,0.214,27.02,8.31,48.8
2018-07-25T12:00:00Z,GYK,Greys_Creek,38.44901667,-75.13245,0.3,3.68,0.252,26.8,13.4,49.7
2018-07-25T12:15:00Z,GYK,Greys_Creek,38.44901667,-75.13245,0.3,3.11,0.261,26.35,10.0,40.9
2018-07-25T12:30:00Z,GYK,Greys_Creek,38.44901667,-75.13245,0.3,4.43,0.249,26.56,6.05,57.1
2018-07-25T12:45:00Z,GYK,Greys_Creek,38.44901667,-75.13245,0.3,3.52,0.242,26.77,7.78,45.9
2018-07-25T13:00:00Z,GYK,Greys_Creek,38.44901667,-75.13245,0.3,2.93,0.269,27.03,14.29,39.9
2018-07-25T13:15:00Z,GYK,Greys_Creek,38.44901667,-75.13245,0.3,2.7,0.27,26.67,7.49,35.1
2018-07-25T13:30:00Z,GYK,Greys_Creek,38.44901667,-75.13245,0.3,6.01,0.237,26.37,5.25,76.7
2018-07-25T13:45:00Z,GYK,Greys_Creek,38.44901667,-75.13245,0.3,4.78,0.22,26.54,5.97,61.5
2018-07-25T14:00:00Z,GYK,Greys_Creek,38.44901667,-75.13245,0.3,2.67,0.223,26.97,9.26,35.3
2018-07-25T14:15:00Z,GYK,Greys_Creek,38.44901667,-75.13245,0.3,3.95,0.218,26.67,6.44,51.2
2018-07-25T14:30:00Z,GYK,Greys_Creek,38.44901667,-75.13245,0.3,3.43,0.2,26.78,7.48,44.6
2018-07-25T14:45:00Z,GYK,Greys_Creek,38.44901667,-75.13245,0.3,3.63,0.186,25.53,3.88,45.4
2018-07-25T15:00:00Z,GYK,Greys_Creek,38.44901667,-75.13245,0.3,3.87,0.168,26.04,5.04,49.1
2018-07-25T15:15:00Z,GYK,Greys_Creek,38.44901667,-75.13245,0.3,3.21,0.165,25.5,3.74,40.1
2018-07-25T15:30:00Z,GYK,Greys_Creek,38.44901667,-75.13245,0.3,3.47,0.151,25.39,3.79,43.2
2018-07-25T15:45:00Z,GYK,Greys_Creek,38.44901667,-75.13245,0.3,5.78,0.121,25.99,4.17,72.9
2018-07-25T16:00:00Z,GYK,Greys_Creek,38.44901667,-75.13245,0.3,3.79,0.101,25.17,3.4,46.9
2018-07-25T16:15:00Z,GYK,Greys_Creek,38.44901667,-75.13245,0.3,4.2,0.092,25.26,3.47,52.1
2018-07-25T16:30:00Z,GYK,Greys_Creek,38.44901667,-75.13245,0.3,5.37,0.096,25.62,4.02,67.2
2018-07-25T16:45:00Z,GYK,Greys_Creek,38.44901667,-75.13245,0.3,7.42,0.071,26.14,4.62,94.1
2018-07-25T17:00:00Z,GYK,Greys_Creek,38.44901667,-75.13245,0.3,6.38,0.057,25.82,3.93,80.2
2018-07-25T17:15:00Z,GYK,Greys_Creek,38.44901667,-75.13245,0.3,4.12,0.056,25.47,4.1,51.5
2018-07-25T17:30:00Z,GYK,Greys_Creek,38.44901667,-75.13245,0.3,4.42,0.058,25.79,4.08,55.6
2018-07-25T17:45:00Z,GYK,Greys_Creek,38.44901667,-75.13245,0.3,5.93,0.047,25.95,4.27,74.8
2018-07-25T18:00:00Z,GYK,Greys_Creek,38.44901667,-75.13245,0.3,5.93,0.025,26.05,3.96,74.8
2018-07-25T18:15:00Z,GYK,Greys_Creek,38.44901667,-75.13245,0.3,5.96,0.015,26.13,4.09,75.3
2018-07-25T18:30:00Z,GYK,Greys_Creek,38.44901667,-75.13245,0.3,5.52,0.013,25.82,3.94,69.3
2018-07-25T18:45:00Z,GYK,Greys_Creek,38.44901667,-75.13245,0.3,6.65,0.007,25.89,3.73,83.5
2018-07-25T19:00:00Z,GYK,Greys_Creek,38.44901667,-75.13245,0.3,7.3,0.004,26.15,3.9,92.1
2018-07-25T19:15:00Z,GYK,Greys_Creek,38.44901667,-75.13245,0.3,6.8,NaN,25.74,3.13,84.8
2018-07-25T19:30:00Z,GYK,Greys_Creek,38.44901667,-75.13245,0.3,6.2,0.0,25.79,3.56,77.7
2018-07-25T19:45:00Z,GYK,Greys_Creek,38.44901667,-75.13245,0.3,6.31,NaN,25.61,3.2,78.6
2018-07-25T20:00:00Z,GYK,Greys_Creek,38.44901667,-75.13245,0.3,6.23,NaN,25.35,2.46,77.0
2018-07-25T20:15:00Z,GYK,Greys_Creek,38.44901667,-75.13245,0.3,6.4,NaN,25.49,2.69,79.3
2018-07-25T20:30:00Z,GYK,Greys_Creek,38.44901667,-75.13245,0.3,7.26,NaN,26.19,4.27,91.9
2018-07-25T20:45:00Z,GYK,Greys_Creek,38.44901667,-75.13245,0.3,7.62,NaN,26.26,4.21,96.6
2018-07-25T21:00:00Z,GYK,Greys_Creek,38.44901667,-75.13245,0.3,8.32,0.017,26.71,5.36,107.0
2018-07-25T21:15:00Z,GYK,Greys_Creek,38.44901667,-75.13245,0.3,9.99,0.025,27.19,6.43,130.4
2018-07-25T21:30:00Z,GYK,Greys_Creek,38.44901667,-75.13245,0.3,10.56,0.046,27.26,6.49,138.1
2018-07-25T21:45:00Z,GYK,Greys_Creek,38.44901667,-75.13245,0.3,10.43,0.066,27.37,6.8,136.8
2018-07-25T22:00:00Z,GYK,Greys_Creek,38.44901667,-75.13245,0.3,11.17,0.079,27.39,7.03,146.8
2018-07-25T22:15:00Z,GYK,Greys_Creek,38.44901667,-75.13245,0.3,11.03,0.1,27.42,7.15,145.2
2018-07-25T22:30:00Z,GYK,Greys_Creek,38.44901667,-75.13245,0.3,11.26,0.109,27.37,7.15,148.0
2018-07-25T22:45:00Z,GYK,Greys_Creek,38.44901667,-75.13245,0.3,10.57,0.142,27.34,7.33,139.1
2018-07-25T23:00:00Z,GYK,Greys_Creek,38.44901667,-75.13245,0.3,10.52,0.177,27.26,7.68,138.4
2018-07-25T23:15:00Z,GYK,Greys_Creek,38.44901667,-75.13245,0.3,10.33,0.168,27.12,7.68,135.6
2018-07-25T23:30:00Z,GYK,Greys_Creek,38.44901667,-75.13245,0.3,8.88,0.162,26.86,5.6,114.7
2018-07-25T23:45:00Z,GYK,Greys_Creek,38.44901667,-75.13245,0.3,9.52,0.175,27.17,7.59,125.0
2018-07-26T00:00:00Z,GYK,Greys_Creek,38.44901667,-75.13245,0.3,8.53,0.21,27.46,10.48,114.4
2018-07-26T00:15:00Z,GYK,Greys_Creek,38.44901667,-75.13245,0.3,9.42,0.228,27.5,12.43,127.8
2018-07-26T00:30:00Z,GYK,Greys_Creek,38.44901667,-75.13245,0.3,8.1,0.242,27.0,6.05,105.1
2018-07-26T00:45:00Z,GYK,Greys_Creek,38.44901667,-75.13245,0.3,6.73,0.255,27.55,13.96,92.3
2018-07-26T01:00:00Z,GYK,Greys_Creek,38.44901667,-75.13245,0.3,5.11,0.268,27.56,15.0,70.5
2018-07-26T01:15:00Z,GYK,Greys_Creek,38.44901667,-75.13245,0.3,4.41,0.275,27.54,15.42,60.9
2018-07-26T01:30:00Z,GYK,Greys_Creek,38.44901667,-75.13245,0.3,5.22,0.285,27.49,15.07,71.9
2018-07-26T01:45:00Z,GYK,Greys_Creek,38.44901667,-75.13245,0.3,5.02,0.292,27.49,15.44,69.3
2018-07-26T02:00:00Z,GYK,Greys_Creek,38.44901667,-75.13245,0.3,5.77,0.295,27.35,14.1,78.8
2018-07-26T02:15:00Z,GYK,Greys_Creek,38.44901667,-75.13245,0.3,6.12,0.299,27.3,13.52,83.3
2018-07-26T02:30:00Z,GYK,Greys_Creek,38.44901667,-75.13245,0.3,6.13,0.299,27.26,14.04,83.6
2018-07-26T02:45:00Z,GYK,Greys_Creek,38.44901667,-75.13245,0.3,6.26,0.296,27.21,13.46,85.0
2018-07-26T03:00:00Z,GYK,Greys_Creek,38.44901667,-75.13245,0.3,6.37,0.282,27.26,9.06,84.5
2018-07-26T03:15:00Z,GYK,Greys_Creek,38.44901667,-75.13245,0.3,5.71,0.265,27.3,10.15,76.3
2018-07-26T03:30:00Z,GYK,Greys_Creek,38.44901667,-75.13245,0.3,5.57,0.251,27.11,8.77,73.5
2018-07-26T03:45:00Z,GYK,Greys_Creek,38.44901667,-75.13245,0.3,5.64,0.238,27.08,8.22,74.2
2018-07-26T04:00:00Z,GYK,Greys_Creek,38.44901667,-75.13245,0.3,6.25,0.221,24.96,3.36,77.0
2018-07-26T04:15:00Z,GYK,Greys_Creek,38.44901667,-75.13245,0.3,5.09,0.209,25.76,5.55,64.4
2018-07-26T04:30:00Z,GYK,Greys_Creek,38.44901667,-75.13245,0.3,5.7,0.199,24.83,3.65,70.2
2018-07-26T04:45:00Z,GYK,Greys_Creek,38.44901667,-75.13245,0.3,5.77,0.18,24.9,3.26,71.0
2018-07-26T05:00:00Z,GYK,Greys_Creek,38.44901667,-75.13245,0.3,5.38,0.157,24.57,2.78,65.6
2018-07-26T05:15:00Z,GYK,Greys_Creek,38.44901667,-75.13245,0.3,5.16,0.138,24.73,3.03,63.2
2018-07-26T05:30:00Z,GYK,Greys_Creek,38.44901667,-75.13245,0.3,4.7,0.129,24.62,2.83,57.4
2018-07-26T05:45:00Z,GYK,Greys_Creek,38.44901667,-75.13245,0.3,5.0,0.117,24.66,2.88,61.1
2018-07-26T06:00:00Z,GYK,Greys_Creek,38.44901667,-75.13245,0.3,5.25,0.095,24.63,3.04,64.2
2018-07-26T06:15:00Z,GYK,Greys_Creek,38.44901667,-75.13245,0.3,4.87,0.082,24.49,2.87,59.4
2018-07-26T06:30:00Z,GYK,Greys_Creek,38.44901667,-75.13245,0.3,5.39,0.064,24.76,3.4,66.2
2018-07-26T06:45:00Z,GYK,Greys_Creek,38.44901667,-75.13245,0.3,4.69,0.056,24.51,3.07,57.3
2018-07-26T07:00:00Z,GYK,Greys_Creek,38.44901667,-75.13245,0.3,4.93,0.043,24.53,2.92,60.2
2018-07-26T07:15:00Z,GYK,Greys_Creek,38.44901667,-75.13245,0.3,4.88,0.034,24.56,3.14,59.6
2018-07-26T07:30:00Z,GYK,Greys_Creek,38.44901667,-75.13245,0.3,4.72,0.025,24.5,2.79,57.6
2018-07-26T07:45:00Z,GYK,Greys_Creek,38.44901667,-75.13245,0.3,4.88,0.013,24.52,2.92,59.5
2018-07-26T08:00:00Z,GYK,Greys_Creek,38.44901667,-75.13245,0.3,4.85,NaN,24.41,2.91,59.1
2018-07-26T08:15:00Z,GYK,Greys_Creek,38.44901667,-75.13245,0.3,4.46,NaN,24.45,2.78,54.3
2018-07-26T08:30:00Z,GYK,Greys_Creek,38.44901667,-75.13245,0.3,4.33,NaN,24.34,2.82,52.5
2018-07-26T08:45:00Z,GYK,Greys_Creek,38.44901667,-75.13245,0.3,4.42,NaN,24.33,2.65,53.7
2018-07-26T09:00:00Z,GYK,Greys_Creek,38.44901667,-75.13245,0.3,4.16,NaN,24.46,3.1,50.7
2018-07-26T09:15:00Z,GYK,Greys_Creek,38.44901667,-75.13245,0.3,4.37,NaN,24.57,3.29,53.5
2018-07-26T09:30:00Z,GYK,Greys_Creek,38.44901667,-75.13245,0.3,3.99,NaN,24.64,3.74,49.0
2018-07-26T09:45:00Z,GYK,Greys_Creek,38.44901667,-75.13245,0.3,3.55,NaN,24.72,4.37,43.8
2018-07-26T10:00:00Z,GYK,Greys_Creek,38.44901667,-75.13245,0.3,3.4,NaN,24.57,4.34,41.8
2018-07-26T10:15:00Z,GYK,Greys_Creek,38.44901667,-75.13245,0.3,4.32,0.001,25.28,5.36,54.2
2018-07-26T10:30:00Z,GYK,Greys_Creek,38.44901667,-75.13245,0.3,3.98,0.027,26.36,12.06,52.8
2018-07-26T10:45:00Z,GYK,Greys_Creek,38.44901667,-75.13245,0.3,3.61,0.044,26.45,11.0,47.7
2018-07-26T11:00:00Z,GYK,Greys_Creek,38.44901667,-75.13245,0.3,3.26,0.065,26.67,14.86,44.2
2018-07-26T11:15:00Z,GYK,Greys_Creek,38.44901667,-75.13245,0.3,1.93,0.078,26.42,14.4,26.0
2018-07-26T11:30:00Z,GYK,Greys_Creek,38.44901667,-75.13245,0.3,2.17,0.086,26.47,8.45,28.3
2018-07-26T11:45:00Z,GYK,Greys_Creek,38.44901667,-75.13245,0.3,2.62,0.093,26.36,9.52,34.3
2018-07-26T12:00:00Z,GYK,Greys_Creek,38.44901667,-75.13245,0.3,2.43,0.107,26.91,16.65,33.4
2018-07-26T12:15:00Z,GYK,Greys_Creek,38.44901667,-75.13245,0.3,2.85,0.125,26.95,17.35,39.3
2018-07-26T12:30:00Z,GYK,Greys_Creek,38.44901667,-75.13245,0.3,3.58,0.133,26.94,17.27,49.5
2018-07-26T12:45:00Z,GYK,Greys_Creek,38.44901667,-75.13245,0.3,3.27,0.133,26.92,16.28,44.9
2018-07-26T13:00:00Z,GYK,Greys_Creek,38.44901667,-75.13245,0.3,3.82,0.14,26.98,17.68,52.9
2018-07-26T13:15:00Z,GYK,Greys_Creek,38.44901667,-75.13245,0.3,3.92,0.145,27.03,17.87,54.4
2018-07-26T13:30:00Z,GYK,Greys_Creek,38.44901667,-75.13245,0.3,4.76,0.151,27.03,14.95,65.0
2018-07-26T13:45:00Z,GYK,Greys_Creek,38.44901667,-75.13245,0.3,5.0,0.152,27.06,15.8,68.6
2018-07-26T14:00:00Z,GYK,Greys_Creek,38.44901667,-75.13245,0.3,5.44,0.15,27.14,13.75,73.8
2018-07-26T14:15:00Z,GYK,Greys_Creek,38.44901667,-75.13245,0.3,8.08,0.14,27.41,13.58,110.1
2018-07-26T14:30:00Z,GYK,Greys_Creek,38.44901667,-75.13245,0.3,5.18,0.138,27.31,14.41,70.9
2018-07-26T14:45:00Z,GYK,Greys_Creek,38.44901667,-75.13245,0.3,6.88,0.125,27.24,13.17,93.4
2018-07-26T15:00:00Z,GYK,Greys_Creek,38.44901667,-75.13245,0.3,7.05,0.096,27.18,10.19,94.0
2018-07-26T15:15:00Z,GYK,Greys_Creek,38.44901667,-75.13245,0.3,4.4,0.079,25.69,5.8,55.7
2018-07-26T15:30:00Z,GYK,Greys_Creek,38.44901667,-75.13245,0.3,4.56,0.08,26.12,6.93,58.6
2018-07-26T15:45:00Z,GYK,Greys_Creek,38.44901667,-75.13245,0.3,6.8,0.065,26.8,11.52,90.7
2018-07-26T16:00:00Z,GYK,Greys_Creek,38.44901667,-75.13245,0.3,6.18,0.053,26.4,4.98,78.8
2018-07-26T16:15:00Z,GYK,Greys_Creek,38.44901667,-75.13245,0.3,9.23,0.039,28.13,5.76,122.0
2018-07-26T16:30:00Z,GYK,Greys_Creek,38.44901667,-75.13245,0.3,5.7,0.024,26.87,7.12,74.3
2018-07-26T16:45:00Z,GYK,Greys_Creek,38.44901667,-75.13245,0.3,5.48,0.014,26.51,5.45,70.3
2018-07-26T17:00:00Z,GYK,Greys_Creek,38.44901667,-75.13245,0.3,5.34,NaN,26.61,4.64,68.4
2018-07-26T17:15:00Z,GYK,Greys_Creek,38.44901667,-75.13245,0.3,6.31,NaN,26.96,4.6,81.1
2018-07-26T17:30:00Z,GYK,Greys_Creek,38.44901667,-75.13245,0.3,6.1,NaN,26.84,3.22,77.7
2018-07-26T17:45:00Z,GYK,Greys_Creek,38.44901667,-75.13245,0.3,5.99,NaN,26.56,2.89,75.7
2018-07-26T18:00:00Z,GYK,Greys_Creek,38.44901667,-75.13245,0.3,6.82,NaN,26.98,3.57,87.3
2018-07-26T18:15:00Z,GYK,Greys_Creek,38.44901667,-75.13245,0.3,5.7,NaN,26.52,3.05,72.2
2018-07-26T18:30:00Z,GYK,Greys_Creek,38.44901667,-75.13245,0.3,6.46,NaN,26.75,1.8,81.5
2018-07-26T18:45:00Z,GYK,Greys_Creek,38.44901667,-75.13245,0.3,6.48,NaN,27.26,2.36,82.8
2018-07-26T19:00:00Z,GYK,Greys_Creek,38.44901667,-75.13245,0.3,11.59,NaN,30.12,4.46,157.4
2018-07-26T19:15:00Z,GYK,Greys_Creek,38.44901667,-75.13245,0.3,6.54,NaN,27.47,2.34,83.8
2018-07-26T19:30:00Z,GYK,Greys_Creek,38.44901667,-75.13245,0.3,6.64,NaN,27.35,2.43,85.0
2018-07-26T19:45:00Z,GYK,Greys_Creek,38.44901667,-75.13245,0.3,6.59,NaN,27.59,2.39,84.7
2018-07-26T20:00:00Z,GYK,Greys_Creek,38.44901667,-75.13245,0.3,10.48,NaN,29.86,1.35,139.4
2018-07-26T20:15:00Z,GYK,Greys_Creek,38.44901667,-75.13245,0.3,8.53,NaN,28.58,1.43,111.0
2018-07-26T20:30:00Z,GYK,Greys_Creek,38.44901667,-75.13245,0.3,NaN,NaN,NaN,NaN,NaN
2018-07-26T20:45:00Z,GYK,Greys_Creek,38.44901667,-75.13245,0.3,NaN,NaN,NaN,NaN,NaN
2018-07-26T21:00:00Z,GYK,Greys_Creek,38.44901667,-75.13245,0.3,NaN,NaN,NaN,NaN,NaN
2018-07-26T21:15:00Z,GYK,Greys_Creek,38.44901667,-75.13245,0.3,9.69,NaN,28.65,2.0,126.6
2018-07-26T21:30:00Z,GYK,Greys_Creek,38.44901667,-75.13245,0.3,13.29,NaN,28.82,4.39,176.5
2018-07-26T21:45:00Z,GYK,Greys_Creek,38.44901667,-75.13245,0.3,13.14,NaN,30.55,14.38,189.8
2018-07-26T22:00:00Z,GYK,Greys_Creek,38.44901667,-75.13245,0.3,12.42,NaN,30.46,17.15,181.9
2018-07-26T22:15:00Z,GYK,Greys_Creek,38.44901667,-75.13245,0.3,14.74,NaN,30.73,12.43,211.4
2018-07-26T22:30:00Z,GYK,Greys_Creek,38.44901667,-75.13245,0.3,10.03,0.009,30.7,15.49,146.1
2018-07-26T22:45:00Z,GYK,Greys_Creek,38.44901667,-75.13245,0.3,10.92,0.035,29.35,18.05,157.7
2018-07-26T23:00:00Z,GYK,Greys_Creek,38.44901667,-75.13245,0.3,16.13,0.055,31.12,16.36,237.8
2018-07-26T23:15:00Z,GYK,Greys_Creek,38.44901667,-75.13245,0.3,17.27,0.072,30.85,13.57,249.7
2018-07-26T23:30:00Z,GYK,Greys_Creek,38.44901667,-75.13245,0.3,15.08,0.083,30.81,14.88,219.4
2018-07-26T23:45:00Z,GYK,Greys_Creek,38.44901667,-75.13245,0.3,14.41,0.11,30.4,17.35,211.0
2018-07-27T00:00:00Z,GYK,Greys_Creek,38.44901667,-75.13245,0.3,14.85,0.123,30.38,13.98,213.4
2018-07-27T00:15:00Z,GYK,Greys_Creek,38.44901667,-75.13245,0.3,14.51,0.129,30.32,17.0,211.9
2018-07-27T00:30:00Z,GYK,Greys_Creek,38.44901667,-75.13245,0.3,13.98,0.157,30.05,18.35,204.7
2018-07-27T00:45:00Z,GYK,Greys_Creek,38.44901667,-75.13245,0.3,13.98,0.179,29.65,18.42,203.5
2018-07-27T01:00:00Z,GYK,Greys_Creek,38.44901667,-75.13245,0.3,13.96,0.195,29.6,18.56,203.2
2018-07-27T01:15:00Z,GYK,Greys_Creek,38.44901667,-75.13245,0.3,13.87,0.206,29.56,18.14,201.2
2018-07-27T01:30:00Z,GYK,Greys_Creek,38.44901667,-75.13245,0.3,13.1,0.222,29.56,18.58,190.6
2018-07-27T01:45:00Z,GYK,Greys_Creek,38.44901667,-75.13245,0.3,12.18,0.239,29.48,18.34,176.7
2018-07-27T02:00:00Z,GYK,Greys_Creek,38.44901667,-75.13245,0.3,12.18,0.249,29.44,18.54,176.7
2018-07-27T02:15:00Z,GYK,Greys_Creek,38.44901667,-75.13245,0.3,12.0,0.253,29.5,17.7,173.6
2018-07-27T02:30:00Z,GYK,Greys_Creek,38.44901667,-75.13245,0.3,11.55,0.265,29.38,18.12,167.0
2018-07-27T02:45:00Z,GYK,Greys_Creek,38.44901667,-75.13245,0.3,10.57,0.268,29.31,17.87,152.4
2018-07-27T03:00:00Z,GYK,Greys_Creek,38.44901667,-75.13245,0.3,10.64,0.263,29.36,17.1,153.0
2018-07-27T03:15:00Z,GYK,Greys_Creek,38.44901667,-75.13245,0.3,10.92,0.26,29.38,16.95,157.0
2018-07-27T03:30:00Z,GYK,Greys_Creek,38.44901667,-75.13245,0.3,9.74,0.265,29.28,17.42,140.1
2018-07-27T03:45:00Z,GYK,Greys_Creek,38.44901667,-75.13245,0.3,10.22,0.254,29.37,16.35,146.3
2018-07-27T04:00:00Z,GYK,Greys_Creek,38.44901667,-75.13245,0.3,10.94,0.229,29.59,15.86,156.8
2018-07-27T04:15:00Z,GYK,Greys_Creek,38.44901667,-75.13245,0.3,11.16,0.209,29.04,12.92,155.9
2018-07-27T04:30:00Z,GYK,Greys_Creek,38.44901667,-75.13245,0.3,10.0,0.194,29.41,15.94,142.9
2018-07-27T04:45:00Z,GYK,Greys_Creek,38.44901667,-75.13245,0.3,9.05,0.177,29.22,13.64,127.3
2018-07-27T05:00:00Z,GYK,Greys_Creek,38.44901667,-75.13245,0.3,9.72,0.16,28.6,10.0,132.6
2018-07-27T05:15:00Z,GYK,Greys_Creek,38.44901667,-75.13245,0.3,8.17,0.152,28.4,6.08,108.7
2018-07-27T05:30:00Z,GYK,Greys_Creek,38.44901667,-75.13245,0.3,8.41,0.138,27.06,5.99,109.2
2018-07-27T05:45:00Z,GYK,Greys_Creek,38.44901667,-75.13245,0.3,8.15,0.122,27.03,6.19,106.0
2018-07-27T06:00:00Z,GYK,Greys_Creek,38.44901667,-75.13245,0.3,5.68,0.104,26.92,6.71,73.9
2018-07-27T06:15:00Z,GYK,Greys_Creek,38.44901667,-75.13245,0.3,5.53,0.091,26.72,6.32,71.5
2018-07-27T06:30:00Z,GYK,Greys_Creek,38.44901667,-75.13245,0.3,5.62,0.073,26.66,6.06,72.6
2018-07-27T06:45:00Z,GYK,Greys_Creek,38.44901667,-75.13245,0.3,4.88,0.064,26.51,6.01,62.8
2018-07-27T07:00:00Z,GYK,Greys_Creek,38.44901667,-75.13245,0.3,5.01,0.055,26.33,5.59,64.1
2018-07-27T07:15:00Z,GYK,Greys_Creek,38.44901667,-75.13245,0.3,5.14,0.039,26.2,4.96,65.3
2018-07-27T07:30:00Z,GYK,Greys_Creek,38.44901667,-75.13245,0.3,4.6,0.026,26.11,4.5,58.3
2018-07-27T07:45:00Z,GYK,Greys_Creek,38.44901667,-75.13245,0.3,4.63,0.02,26.02,4.42,58.5
2018-07-27T08:00:00Z,GYK,Greys_Creek,38.44901667,-75.13245,0.3,4.74,0.019,26.0,4.8,60.1
2018-07-27T08:15:00Z,GYK,Greys_Creek,38.44901667,-75.13245,0.3,4.38,0.018,25.8,4.48,55.2
2018-07-27T08:30:00Z,GYK,Greys_Creek,38.44901667,-75.13245,0.3,4.07,0.019,25.71,3.96,51.1
2018-07-27T08:45:00Z,GYK,Greys_Creek,38.44901667,-75.13245,0.3,4.47,0.02,25.74,4.2,56.2
2018-07-27T09:00:00Z,GYK,Greys_Creek,38.44901667,-75.13245,0.3,3.83,0.02,25.66,4.26,48.1
2018-07-27T09:15:00Z,GYK,Greys_Creek,38.44901667,-75.13245,0.3,3.81,0.02,25.71,4.73,48.0
2018-07-27T09:30:00Z,GYK,Greys_Creek,38.44901667,-75.13245,0.3,3.56,0.02,25.56,4.34,44.6
2018-07-27T09:45:00Z,GYK,Greys_Creek,38.44901667,-75.13245,0.3,3.81,0.022,25.43,4.62,47.7
2018-07-27T10:00:00Z,GYK,Greys_Creek,38.44901667,-75.13245,0.3,3.08,0.026,25.15,3.93,38.3
2018-07-27T10:15:00Z,GYK,Greys_Creek,38.44901667,-75.13245,0.3,2.93,0.026,24.99,3.46,36.2
2018-07-27T10:30:00Z,GYK,Greys_Creek,38.44901667,-75.13245,0.3,2.97,0.031,25.39,3.72,37.0
2018-07-27T10:45:00Z,GYK,Greys_Creek,38.44901667,-75.13245,0.3,3.67,0.03,27.02,8.4,48.3
2018-07-27T11:00:00Z,GYK,Greys_Creek,38.44901667,-75.13245,0.3,4.81,0.031,25.35,8.37,61.4
2018-07-27T11:15:00Z,GYK,Greys_Creek,38.44901667,-75.13245,0.3,4.16,0.03,26.38,8.22,54.1
2018-07-27T11:30:00Z,GYK,Greys_Creek,38.44901667,-75.13245,0.3,4.65,0.045,27.03,11.16,62.1
2018-07-27T11:45:00Z,GYK,Greys_Creek,38.44901667,-75.13245,0.3,4.79,0.061,27.44,13.99,65.6
2018-07-27T12:00:00Z,GYK,Greys_Creek,38.44901667,-75.13245,0.3,4.85,0.074,27.72,14.73,66.9
2018-07-27T12:15:00Z,GYK,Greys_Creek,38.44901667,-75.13245,0.3,5.24,0.089,27.95,16.03,73.2
2018-07-27T12:30:00Z,GYK,Greys_Creek,38.44901667,-75.13245,0.3,5.07,0.098,27.93,15.03,70.3
2018-07-27T12:45:00Z,GYK,Greys_Creek,38.44901667,-75.13245,0.3,5.55,0.112,28.19,17.75,78.5
2018-07-27T13:00:00Z,GYK,Greys_Creek,38.44901667,-75.13245,0.3,5.46,0.127,28.35,18.15,77.6
2018-07-27T13:15:00Z,GYK,Greys_Creek,38.44901667,-75.13245,0.3,5.24,0.142,28.4,18.14,74.6
2018-07-27T13:30:00Z,GYK,Greys_Creek,38.44901667,-75.13245,0.3,5.21,0.149,28.21,16.8,73.3
2018-07-27T13:45:00Z,GYK,Greys_Creek,38.44901667,-75.13245,0.3,6.21,0.164,28.2,15.17,86.7
2018-07-27T14:00:00Z,GYK,Greys_Creek,38.44901667,-75.13245,0.3,10.88,0.171,28.56,12.82,150.8
2018-07-27T14:15:00Z,GYK,Greys_Creek,38.44901667,-75.13245,0.3,10.26,0.165,28.7,11.53,141.4
2018-07-27T14:30:00Z,GYK,Greys_Creek,38.44901667,-75.13245,0.3,11.06,0.166,28.85,12.36,153.6
2018-07-27T14:45:00Z,GYK,Greys_Creek,38.44901667,-75.13245,0.3,9.87,0.175,28.85,14.59,138.8
2018-07-27T15:00:00Z,GYK,Greys_Creek,38.44901667,-75.13245,0.3,9.86,0.173,28.85,14.36,138.5
2018-07-27T15:15:00Z,GYK,Greys_Creek,38.44901667,-75.13245,0.3,15.0,0.159,29.12,15.46,212.8
2018-07-27T15:30:00Z,GYK,Greys_Creek,38.44901667,-75.13245,0.3,18.73,0.143,29.42,13.37,264.0
2018-07-27T15:45:00Z,GYK,Greys_Creek,38.44901667,-75.13245,0.3,9.96,0.125,29.04,13.76,139.7
2018-07-27T16:00:00Z,GYK,Greys_Creek,38.44901667,-75.13245,0.3,15.86,0.116,29.37,10.68,220.1
2018-07-27T16:15:00Z,GYK,Greys_Creek,38.44901667,-75.13245,0.3,18.12,0.089,29.07,6.4,244.4
2018-07-27T16:30:00Z,GYK,Greys_Creek,38.44901667,-75.13245,0.3,18.36,0.084,30.18,7.82,254.3
2018-07-27T16:45:00Z,GYK,Greys_Creek,38.44901667,-75.13245,0.3,18.29,0.085,29.33,5.79,246.9
2018-07-27T17:00:00Z,GYK,Greys_Creek,38.44901667,-75.13245,0.3,10.23,0.077,29.45,5.6,138.2
2018-07-27T17:15:00Z,GYK,Greys_Creek,38.44901667,-75.13245,0.3,10.64,0.08,29.89,7.46,146.3
2018-07-27T17:30:00Z,GYK,Greys_Creek,38.44901667,-75.13245,0.3,17.97,0.063,29.85,6.97,246.4
2018-07-27T17:45:00Z,GYK,Greys_Creek,38.44901667,-75.13245,0.3,13.43,0.041,29.89,6.98,184.2
2018-07-27T18:00:00Z,GYK,Greys_Creek,38.44901667,-75.13245,0.3,9.32,0.037,28.57,5.61,124.0
2018-07-27T18:15:00Z,GYK,Greys_Creek,38.44901667,-75.13245,0.3,9.2,0.03,27.55,6.91,121.2
2018-07-27T18:30:00Z,GYK,Greys_Creek,38.44901667,-75.13245,0.3,6.24,0.024,26.66,5.18,80.2
2018-07-27T18:45:00Z,GYK,Greys_Creek,38.44901667,-75.13245,0.3,6.32,0.024,26.99,4.6,81.4
2018-07-27T19:00:00Z,GYK,Greys_Creek,38.44901667,-75.13245,0.3,7.75,0.021,28.94,9.75,106.2
2018-07-27T19:15:00Z,GYK,Greys_Creek,38.44901667,-75.13245,0.3,7.3,0.016,29.52,9.2,100.8
2018-07-27T19:30:00Z,GYK,Greys_Creek,38.44901667,-75.13245,0.3,8.93,0.015,28.79,5.4,119.2
2018-07-27T19:45:00Z,GYK,Greys_Creek,38.44901667,-75.13245,0.3,6.17,0.013,26.62,4.5,78.9
2018-07-27T20:00:00Z,GYK,Greys_Creek,38.44901667,-75.13245,0.3,6.46,0.016,26.69,3.64,82.3
2018-07-27T20:15:00Z,GYK,Greys_Creek,38.44901667,-75.13245,0.3,6.07,0.019,26.68,3.77,77.3
2018-07-27T20:30:00Z,GYK,Greys_Creek,38.44901667,-75.13245,0.3,6.39,0.017,26.84,3.67,81.7
2018-07-27T20:45:00Z,GYK,Greys_Creek,38.44901667,-75.13245,0.3,7.07,0.026,27.11,2.97,90.3
2018-07-27T21:00:00Z,GYK,Greys_Creek,38.44901667,-75.13245,0.3,6.5,0.029,26.67,2.77,82.4
2018-07-27T21:15:00Z,GYK,Greys_Creek,38.44901667,-75.13245,0.3,7.09,0.03,26.97,1.72,89.8
2018-07-27T21:30:00Z,GYK,Greys_Creek,38.44901667,-75.13245,0.3,5.98,0.03,26.58,1.73,75.2
2018-07-27T21:45:00Z,GYK,Greys_Creek,38.44901667,-75.13245,0.3,6.15,0.027,26.28,2.08,77.0
2018-07-27T22:00:00Z,GYK,Greys_Creek,38.44901667,-75.13245,0.3,5.94,0.026,26.03,1.59,73.9
2018-07-27T22:15:00Z,GYK,Greys_Creek,38.44901667,-75.13245,0.3,6.55,0.024,26.8,2.87,83.3
2018-07-27T22:30:00Z,GYK,Greys_Creek,38.44901667,-75.13245,0.3,6.32,0.022,26.3,1.48,79.0
2018-07-27T22:45:00Z,GYK,Greys_Creek,38.44901667,-75.13245,0.3,5.89,0.024,26.19,1.75,73.6
2018-07-27T23:00:00Z,GYK,Greys_Creek,38.44901667,-75.13245,0.3,5.65,0.027,26.17,1.83,70.6
2018-07-27T23:15:00Z,GYK,Greys_Creek,38.44901667,-75.13245,0.3,6.45,0.041,26.59,2.73,81.5
2018-07-27T23:30:00Z,GYK,Greys_Creek,38.44901667,-75.13245,0.3,5.49,0.06,26.23,1.94,68.7
2018-07-27T23:45:00Z,GYK,Greys_Creek,38.44901667,-75.13245,0.3,5.56,0.072,26.33,1.85,69.6
2018-07-28T00:00:00Z,GYK,Greys_Creek,38.44901667,-75.13245,0.3,5.68,0.083,26.42,1.99,71.4
2018-07-28T00:15:00Z,GYK,Greys_Creek,38.44901667,-75.13245,0.3,5.51,0.109,26.42,2.12,69.3
2018-07-28T00:30:00Z,GYK,Greys_Creek,38.44901667,-75.13245,0.3,6.07,0.127,26.53,2.12,76.4
2018-07-28T00:45:00Z,GYK,Greys_Creek,38.44901667,-75.13245,0.3,5.48,0.148,26.37,1.75,68.7
2018-07-28T01:00:00Z,GYK,Greys_Creek,38.44901667,-75.13245,0.3,5.65,0.169,26.36,1.74,70.8
2018-07-28T01:15:00Z,GYK,Greys_Creek,38.44901667,-75.13245,0.3,7.76,0.193,26.76,2.0,98.0
2018-07-28T01:30:00Z,GYK,Greys_Creek,38.44901667,-75.13245,0.3,8.05,0.213,27.02,3.13,102.8
2018-07-28T01:45:00Z,GYK,Greys_Creek,38.44901667,-75.13245,0.3,7.42,0.233,28.77,9.58,101.4
2018-07-28T02:00:00Z,GYK,Greys_Creek,38.44901667,-75.13245,0.3,8.08,0.247,26.91,3.07,103.0
2018-07-28T02:15:00Z,GYK,Greys_Creek,38.44901667,-75.13245,0.3,8.72,0.255,26.46,2.61,109.9
2018-07-28T02:30:00Z,GYK,Greys_Creek,38.44901667,-75.13245,0.3,7.61,0.264,26.79,3.18,96.8
2018-07-28T02:45:00Z,GYK,Greys_Creek,38.44901667,-75.13245,0.3,6.93,0.28,29.21,14.48,98.0
2018-07-28T03:00:00Z,GYK,Greys_Creek,38.44901667,-75.13245,0.3,6.62,0.284,28.59,8.65,89.7
2018-07-28T03:15:00Z,GYK,Greys_Creek,38.44901667,-75.13245,0.3,7.87,0.282,27.53,4.71,102.3
2018-07-28T03:30:00Z,GYK,Greys_Creek,38.44901667,-75.13245,0.3,6.41,0.286,28.87,11.39,88.6
2018-07-28T03:45:00Z,GYK,Greys_Creek,38.44901667,-75.13245,0.3,6.25,0.291,28.64,7.52,84.2
2018-07-28T04:00:00Z,GYK,Greys_Creek,38.44901667,-75.13245,0.3,7.07,0.282,27.92,6.92,93.7
2018-07-28T04:15:00Z,GYK,Greys_Creek,38.44901667,-75.13245,0.3,7.39,0.259,26.85,3.82,94.5
2018-07-28T04:30:00Z,GYK,Greys_Creek,38.44901667,-75.13245,0.3,5.0,0.245,26.33,2.95,63.1
2018-07-28T04:45:00Z,GYK,Greys_Creek,38.44901667,-75.13245,0.3,4.67,0.224,26.15,2.47,58.5
2018-07-28T05:00:00Z,GYK,Greys_Creek,38.44901667,-75.13245,0.3,4.73,0.203,26.26,2.95,59.6
2018-07-28T05:15:00Z,GYK,Greys_Creek,38.44901667,-75.13245,0.3,4.48,0.186,26.15,2.8,56.2
2018-07-28T05:30:00Z,GYK,Greys_Creek,38.44901667,-75.13245,0.3,4.38,0.177,26.1,2.88,54.9
2018-07-28T05:45:00Z,GYK,Greys_Creek,38.44901667,-75.13245,0.3,4.78,0.153,26.3,3.36,60.4
2018-07-28T06:00:00Z,GYK,Greys_Creek,38.44901667,-75.13245,0.3,4.28,0.142,26.06,2.89,53.6
2018-07-28T06:15:00Z,GYK,Greys_Creek,38.44901667,-75.13245,0.3,4.24,0.132,25.96,2.77,53.1
2018-07-28T06:30:00Z,GYK,Greys_Creek,38.44901667,-75.13245,0.3,4.69,0.116,26.15,2.88,58.9
2018-07-28T06:45:00Z,GYK,Greys_Creek,38.44901667,-75.13245,0.3,4.38,0.097,25.96,2.66,54.8
2018-07-28T07:00:00Z,GYK,Greys_Creek,38.44901667,-75.13245,0.3,4.36,0.084,25.97,2.68,54.5
2018-07-28T07:15:00Z,GYK,Greys_Creek,38.44901667,-75.13245,0.3,4.11,0.08,25.79,2.48,51.2
2018-07-28T07:30:00Z,GYK,Greys_Creek,38.44901667,-75.13245,0.3,4.4,0.068,25.9,2.64,54.9
2018-07-28T07:45:00Z,GYK,Greys_Creek,38.44901667,-75.13245,0.3,4.09,0.053,25.76,2.51,50.9
2018-07-28T08:00:00Z,GYK,Greys_Creek,38.44901667,-75.13245,0.3,3.93,0.043,25.63,2.32,48.7
2018-07-28T08:15:00Z,GYK,Greys_Creek,38.44901667,-75.13245,0.3,3.98,NaN,25.67,2.53,49.5
2018-07-28T08:30:00Z,GYK,Greys_Creek,38.44901667,-75.13245,0.3,3.82,NaN,25.53,2.35,47.4
2018-07-28T08:45:00Z,GYK,Greys_Creek,38.44901667,-75.13245,0.3,3.9,NaN,25.42,2.16,48.2
2018-07-28T09:00:00Z,GYK,Greys_Creek,38.44901667,-75.13245,0.3,3.82,NaN,25.38,2.18,47.1
2018-07-28T09:15:00Z,GYK,Greys_Creek,38.44901667,-75.13245,0.3,3.75,NaN,25.38,2.42,46.3
2018-07-28T09:30:00Z,GYK,Greys_Creek,38.44901667,-75.13245,0.3,3.74,NaN,25.33,2.32,46.2
2018-07-28T09:45:00Z,GYK,Greys_Creek,38.44901667,-75.13245,0.3,3.66,NaN,25.21,2.3,45.0
2018-07-28T10:00:00Z,GYK,Greys_Creek,38.44901667,-75.13245,0.3,3.88,NaN,25.34,2.48,47.9
2018-07-28T10:15:00Z,GYK,Greys_Creek,38.44901667,-75.13245,0.3,3.96,NaN,25.01,1.67,48.4
2018-07-28T10:30:00Z,GYK,Greys_Creek,38.44901667,-75.13245,0.3,4.06,NaN,24.99,1.58,49.6
2018-07-28T10:45:00Z,GYK,Greys_Creek,38.44901667,-75.13245,0.3,4.05,NaN,25.1,1.94,49.6
2018-07-28T11:00:00Z,GYK,Greys_Creek,38.44901667,-75.13245,0.3,4.14,NaN,25.05,1.83,50.7
2018-07-28T11:15:00Z,GYK,Greys_Creek,38.44901667,-75.13245,0.3,4.29,0.032,25.02,1.65,52.4
2018-07-28T11:30:00Z,GYK,Greys_Creek,38.44901667,-75.13245,0.3,4.11,0.031,25.34,2.31,50.8
2018-07-28T11:45:00Z,GYK,Greys_Creek,38.44901667,-75.13245,0.3,3.78,0.043,25.2,1.81,46.3
2018-07-28T12:00:00Z,GYK,Greys_Creek,38.44901667,-75.13245,0.3,4.09,0.068,25.01,1.23,49.8
2018-07-28T12:15:00Z,GYK,Greys_Creek,38.44901667,-75.13245,0.3,4.72,0.081,25.48,2.08,58.3
2018-07-28T12:30:00Z,GYK,Greys_Creek,38.44901667,-75.13245,0.3,4.82,0.086,25.33,2.23,59.4
2018-07-28T12:45:00Z,GYK,Greys_Creek,38.44901667,-75.13245,0.3,4.63,0.098,25.87,2.91,57.9
2018-07-28T13:00:00Z,GYK,Greys_Creek,38.44901667,-75.13245,0.3,2.75,0.114,27.84,7.45,36.6
2018-07-28T13:15:00Z,GYK,Greys_Creek,38.44901667,-75.13245,0.3,3.36,0.133,28.77,14.96,47.3
2018-07-28T13:30:00Z,GYK,Greys_Creek,38.44901667,-75.13245,0.3,3.63,0.149,27.25,4.2,46.8
2018-07-28T13:45:00Z,GYK,Greys_Creek,38.44901667,-75.13245,0.3,4.36,0.156,27.6,4.58,56.7
2018-07-28T14:00:00Z,GYK,Greys_Creek,38.44901667,-75.13245,0.3,3.72,0.165,28.69,6.99,50.1
2018-07-28T14:15:00Z,GYK,Greys_Creek,38.44901667,-75.13245,0.3,3.47,0.168,29.11,16.77,49.6
2018-07-28T14:30:00Z,GYK,Greys_Creek,38.44901667,-75.13245,0.3,3.39,0.181,29.21,17.39,48.7
2018-07-28T14:45:00Z,GYK,Greys_Creek,38.44901667,-75.13245,0.3,4.45,0.192,29.32,18.14,64.3
2018-07-28T15:00:00Z,GYK,Greys_Creek,38.44901667,-75.13245,0.3,6.23,0.19,28.97,11.72,86.3
2018-07-28T15:15:00Z,GYK,Greys_Creek,38.44901667,-75.13245,0.3,5.5,0.183,28.97,13.08,76.8
2018-07-28T15:30:00Z,GYK,Greys_Creek,38.44901667,-75.13245,0.3,6.1,0.184,29.4,16.78,87.6
2018-07-28T15:45:00Z,GYK,Greys_Creek,38.44901667,-75.13245,0.3,8.01,0.184,29.53,18.2,116.2
2018-07-28T16:00:00Z,GYK,Greys_Creek,38.44901667,-75.13245,0.3,9.62,0.177,28.79,8.15,130.3
2018-07-28T16:15:00Z,GYK,Greys_Creek,38.44901667,-75.13245,0.3,14.75,0.151,29.03,9.97,202.7
2018-07-28T16:30:00Z,GYK,Greys_Creek,38.44901667,-75.13245,0.3,6.15,0.141,26.54,3.86,78.2
2018-07-28T16:45:00Z,GYK,Greys_Creek,38.44901667,-75.13245,0.3,9.25,0.122,27.89,4.56,121.0
2018-07-28T17:00:00Z,GYK,Greys_Creek,38.44901667,-75.13245,0.3,7.57,0.104,27.0,3.67,97.0
2018-07-28T17:15:00Z,GYK,Greys_Creek,38.44901667,-75.13245,0.3,6.09,0.087,26.46,3.06,77.0
2018-07-28T17:30:00Z,GYK,Greys_Creek,38.44901667,-75.13245,0.3,6.59,0.078,27.12,4.66,85.1
2018-07-28T17:45:00Z,GYK,Greys_Creek,38.44901667,-75.13245,0.3,6.33,0.074,26.94,3.56,81.0
2018-07-28T18:00:00Z,GYK,Greys_Creek,38.44901667,-75.13245,0.3,9.93,0.059,28.35,4.0,130.5
2018-07-28T18:15:00Z,GYK,Greys_Creek,38.44901667,-75.13245,0.3,7.74,0.038,27.45,3.26,99.8
2018-07-28T18:30:00Z,GYK,Greys_Creek,38.44901667,-75.13245,0.3,6.9,0.03,27.45,2.63,88.6
2018-07-28T18:45:00Z,GYK,Greys_Creek,38.44901667,-75.13245,0.3,6.29,0.024,26.66,2.56,79.5
2018-07-28T19:00:00Z,GYK,Greys_Creek,38.44901667,-75.13245,0.3,8.31,0.027,27.48,2.78,106.9
2018-07-28T19:15:00Z,GYK,Greys_Creek,38.44901667,-75.13245,0.3,9.07,0.024,27.9,3.35,117.9
2018-07-28T19:30:00Z,GYK,Greys_Creek,38.44901667,-75.13245,0.3,6.72,0.023,27.14,2.83,85.9
2018-07-28T19:45:00Z,GYK,Greys_Creek,38.44901667,-75.13245,0.3,6.03,0.02,26.51,2.61,76.2
2018-07-28T20:00:00Z,GYK,Greys_Creek,38.44901667,-75.13245,0.3,6.78,0.017,27.26,2.83,86.8
2018-07-28T20:15:00Z,GYK,Greys_Creek,38.44901667,-75.13245,0.3,5.99,0.015,26.7,2.72,76.0
2018-07-28T20:30:00Z,GYK,Greys_Creek,38.44901667,-75.13245,0.3,7.74,0.02,27.37,2.13,98.9
2018-07-28T20:45:00Z,GYK,Greys_Creek,38.44901667,-75.13245,0.3,6.58,0.024,26.73,2.39,83.3
2018-07-28T21:00:00Z,GYK,Greys_Creek,38.44901667,-75.13245,0.3,6.36,0.027,26.82,3.22,81.1
2018-07-28T21:15:00Z,GYK,Greys_Creek,38.44901667,-75.13245,0.3,6.9,0.03,26.54,1.82,86.8
2018-07-28T21:30:00Z,GYK,Greys_Creek,38.44901667,-75.13245,0.3,6.27,0.03,26.87,3.13,79.9
2018-07-28T21:45:00Z,GYK,Greys_Creek,38.44901667,-75.13245,0.3,6.43,0.031,27.14,4.03,82.7
2018-07-28T22:00:00Z,GYK,Greys_Creek,38.44901667,-75.13245,0.3,6.3,0.032,27.29,3.95,81.3
2018-07-28T22:15:00Z,GYK,Greys_Creek,38.44901667,-75.13245,0.3,7.4,0.032,27.2,3.51,95.0
2018-07-28T22:30:00Z,GYK,Greys_Creek,38.44901667,-75.13245,0.3,6.05,0.03,26.75,3.13,76.9
2018-07-28T22:45:00Z,GYK,Greys_Creek,38.44901667,-75.13245,0.3,6.63,0.032,27.16,3.95,85.4
2018-07-28T23:00:00Z,GYK,Greys_Creek,38.44901667,-75.13245,0.3,6.85,0.039,27.31,4.42,88.6
2018-07-28T23:15:00Z,GYK,Greys_Creek,38.44901667,-75.13245,0.3,6.9,0.048,27.08,3.83,88.6
2018-07-28T23:30:00Z,GYK,Greys_Creek,38.44901667,-75.13245,0.3,5.63,0.058,26.66,2.53,71.2
2018-07-28T23:45:00Z,GYK,Greys_Creek,38.44901667,-75.13245,0.3,6.52,0.046,26.79,2.88,82.9
2018-07-29T00:00:00Z,GYK,Greys_Creek,38.44901667,-75.13245,0.3,6.63,0.087,27.6,5.69,86.8
2018-07-29T00:15:00Z,GYK,Greys_Creek,38.44901667,-75.13245,0.3,6.9,0.108,26.72,3.07,87.6
2018-07-29T00:30:00Z,GYK,Greys_Creek,38.44901667,-75.13245,0.3,6.44,0.116,27.5,5.78,84.2
2018-07-29T00:45:00Z,GYK,Greys_Creek,38.44901667,-75.13245,0.3,5.71,0.137,26.57,2.86,72.2
2018-07-29T01:00:00Z,GYK,Greys_Creek,38.44901667,-75.13245,0.3,9.66,0.155,26.66,2.28,122.0
2018-07-29T01:15:00Z,GYK,Greys_Creek,38.44901667,-75.13245,0.3,7.81,0.176,29.09,13.08,109.3
2018-07-29T01:30:00Z,GYK,Greys_Creek,38.44901667,-75.13245,0.3,7.8,0.2,29.26,14.84,110.6
2018-07-29T01:45:00Z,GYK,Greys_Creek,38.44901667,-75.13245,0.3,8.6,0.219,29.07,13.55,120.6
2018-07-29T02:00:00Z,GYK,Greys_Creek,38.44901667,-75.13245,0.3,7.9,0.232,29.46,15.64,112.9
2018-07-29T02:15:00Z,GYK,Greys_Creek,38.44901667,-75.13245,0.3,7.47,0.252,29.53,16.22,107.2
2018-07-29T02:30:00Z,GYK,Greys_Creek,38.44901667,-75.13245,0.3,6.89,0.267,29.45,16.38,98.8
2018-07-29T02:45:00Z,GYK,Greys_Creek,38.44901667,-75.13245,0.3,8.37,0.279,29.39,15.71,119.4
2018-07-29T03:00:00Z,GYK,Greys_Creek,38.44901667,-75.13245,0.3,7.95,0.291,29.39,15.82,113.5
2018-07-29T03:15:00Z,GYK,Greys_Creek,38.44901667,-75.13245,0.3,7.78,0.304,29.48,16.26,111.5
2018-07-29T03:30:00Z,GYK,Greys_Creek,38.44901667,-75.13245,0.3,7.66,0.313,29.48,16.0,109.7
2018-07-29T03:45:00Z,GYK,Greys_Creek,38.44901667,-75.13245,0.3,7.69,0.32,29.41,15.79,109.9
2018-07-29T04:00:00Z,GYK,Greys_Creek,38.44901667,-75.13245,0.3,7.45,0.325,29.46,16.13,106.8
2018-07-29T04:15:00Z,GYK,Greys_Creek,38.44901667,-75.13245,0.3,7.57,0.327,29.47,16.44,108.6
2018-07-29T04:30:00Z,GYK,Greys_Creek,38.44901667,-75.13245,0.3,7.04,0.324,29.39,16.41,100.9
2018-07-29T04:45:00Z,GYK,Greys_Creek,38.44901667,-75.13245,0.3,6.15,0.319,29.26,13.12,86.3
2018-07-29T05:00:00Z,GYK,Greys_Creek,38.44901667,-75.13245,0.3,5.65,0.309,28.92,12.21,78.4
2018-07-29T05:15:00Z,GYK,Greys_Creek,38.44901667,-75.13245,0.3,6.31,0.292,27.32,7.07,82.8
2018-07-29T05:30:00Z,GYK,Greys_Creek,38.44901667,-75.13245,0.3,5.39,0.264,25.86,3.12,67.4
2018-07-29T05:45:00Z,GYK,Greys_Creek,38.44901667,-75.13245,0.3,4.76,0.238,25.91,3.27,59.7
2018-07-29T06:00:00Z,GYK,Greys_Creek,38.44901667,-75.13245,0.3,4.47,0.226,25.83,3.28,56.0
2018-07-29T06:15:00Z,GYK,Greys_Creek,38.44901667,-75.13245,0.3,4.63,0.215,25.81,3.64,58.1
2018-07-29T06:30:00Z,GYK,Greys_Creek,38.44901667,-75.13245,0.3,4.68,0.203,25.76,3.58,58.5
2018-07-29T06:45:00Z,GYK,Greys_Creek,38.44901667,-75.13245,0.3,4.48,0.184,25.67,3.35,56.0
2018-07-29T07:00:00Z,GYK,Greys_Creek,38.44901667,-75.13245,0.3,4.62,0.173,25.59,3.13,57.5
2018-07-29T07:15:00Z,GYK,Greys_Creek,38.44901667,-75.13245,0.3,4.81,0.164,25.62,3.21,59.9
2018-07-29T07:30:00Z,GYK,Greys_Creek,38.44901667,-75.13245,0.3,4.92,0.143,25.64,3.28,61.4
2018-07-29T07:45:00Z,GYK,Greys_Creek,38.44901667,-75.13245,0.3,4.38,0.126,25.55,3.21,54.6
2018-07-29T08:00:00Z,GYK,Greys_Creek,38.44901667,-75.13245,0.3,4.31,0.12,25.49,3.46,53.7
2018-07-29T08:15:00Z,GYK,Greys_Creek,38.44901667,-75.13245,0.3,4.67,0.109,25.51,3.35,58.2
2018-07-29T08:30:00Z,GYK,Greys_Creek,38.44901667,-75.13245,0.3,4.37,0.097,25.42,3.27,54.3
2018-07-29T08:45:00Z,GYK,Greys_Creek,38.44901667,-75.13245,0.3,4.22,0.08,25.4,3.49,52.5
2018-07-29T09:00:00Z,GYK,Greys_Creek,38.44901667,-75.13245,0.3,4.22,0.069,25.28,3.33,52.4
2018-07-29T09:15:00Z,GYK,Greys_Creek,38.44901667,-75.13245,0.3,3.98,0.06,25.2,3.57,49.3
2018-07-29T09:30:00Z,GYK,Greys_Creek,38.44901667,-75.13245,0.3,3.86,0.059,25.09,3.45,47.7
2018-07-29T09:45:00Z,GYK,Greys_Creek,38.44901667,-75.13245,0.3,3.8,0.057,25.06,3.63,46.9
2018-07-29T10:00:00Z,GYK,Greys_Creek,38.44901667,-75.13245,0.3,3.95,0.059,24.83,3.23,48.5
2018-07-29T10:15:00Z,GYK,Greys_Creek,38.44901667,-75.13245,0.3,3.91,0.063,24.49,2.58,47.6
2018-07-29T10:30:00Z,GYK,Greys_Creek,38.44901667,-75.13245,0.3,4.1,0.066,24.45,2.57,49.9
2018-07-29T10:45:00Z,GYK,Greys_Creek,38.44901667,-75.13245,0.3,4.05,0.066,24.43,2.71,49.2
2018-07-29T11:00:00Z,GYK,Greys_Creek,38.44901667,-75.13245,0.3,3.99,0.068,24.25,2.38,48.3
2018-07-29T11:15:00Z,GYK,Greys_Creek,38.44901667,-75.13245,0.3,4.27,0.069,24.26,2.42,51.7
2018-07-29T11:30:00Z,GYK,Greys_Creek,38.44901667,-75.13245,0.3,4.44,0.063,24.34,2.42,53.7
2018-07-29T11:45:00Z,GYK,Greys_Creek,38.44901667,-75.13245,0.3,5.43,0.068,24.28,2.48,65.8
2018-07-29T12:00:00Z,GYK,Greys_Creek,38.44901667,-75.13245,0.3,4.16,0.065,24.8,3.2,51.0
2018-07-29T12:15:00Z,GYK,Greys_Creek,38.44901667,-75.13245,0.3,3.61,0.073,26.83,7.75,47.1
2018-07-29T12:30:00Z,GYK,Greys_Creek,38.44901667,-75.13245,0.3,5.86,0.082,26.64,5.08,75.2
2018-07-29T12:45:00Z,GYK,Greys_Creek,38.44901667,-75.13245,0.3,4.39,0.104,27.76,13.05,60.1
2018-07-29T13:00:00Z,GYK,Greys_Creek,38.44901667,-75.13245,0.3,5.55,0.11,27.54,6.63,72.9
2018-07-29T13:15:00Z,GYK,Greys_Creek,38.44901667,-75.13245,0.3,5.1,0.129,28.63,15.03,71.6
2018-07-29T13:30:00Z,GYK,Greys_Creek,38.44901667,-75.13245,0.3,5.77,0.14,28.39,14.99,80.7
2018-07-29T13:45:00Z,GYK,Greys_Creek,38.44901667,-75.13245,0.3,4.93,0.158,28.97,16.76,70.3
2018-07-29T14:00:00Z,GYK,Greys_Creek,38.44901667,-75.13245,0.3,5.87,0.177,29.37,17.55,84.5
2018-07-29T14:15:00Z,GYK,Greys_Creek,38.44901667,-75.13245,0.3,8.02,0.187,29.41,17.37,115.6
2018-07-29T14:30:00Z,GYK,Greys_Creek,38.44901667,-75.13245,0.3,9.02,0.196,29.38,16.15,129.0
2018-07-29T14:45:00Z,GYK,Greys_Creek,38.44901667,-75.13245,0.3,9.34,0.214,29.45,17.1,134.5
2018-07-29T15:00:00Z,GYK,Greys_Creek,38.44901667,-75.13245,0.3,7.84,0.229,29.57,17.5,113.4
2018-07-29T15:15:00Z,GYK,Greys_Creek,38.44901667,-75.13245,0.3,10.61,0.233,29.08,14.68,149.8
2018-07-29T15:30:00Z,GYK,Greys_Creek,38.44901667,-75.13245,0.3,15.06,0.232,29.38,13.28,212.0
2018-07-29T15:45:00Z,GYK,Greys_Creek,38.44901667,-75.13245,0.3,15.84,0.226,29.76,15.36,227.0
2018-07-29T16:00:00Z,GYK,Greys_Creek,38.44901667,-75.13245,0.3,13.68,0.23,29.73,16.4,197.2
2018-07-29T16:15:00Z,GYK,Greys_Creek,38.44901667,-75.13245,0.3,17.5,0.233,29.62,15.22,250.1
2018-07-29T16:30:00Z,GYK,Greys_Creek,38.44901667,-75.13245,0.3,20.53,0.213,28.98,11.7,284.6
2018-07-29T16:45:00Z,GYK,Greys_Creek,38.44901667,-75.13245,0.3,17.02,0.194,29.5,13.24,240.2
2018-07-29T17:00:00Z,GYK,Greys_Creek,38.44901667,-75.13245,0.3,15.36,0.184,28.4,6.04,204.3
2018-07-29T17:15:00Z,GYK,Greys_Creek,38.44901667,-75.13245,0.3,8.59,0.17,28.04,6.11,113.6
2018-07-29T17:30:00Z,GYK,Greys_Creek,38.44901667,-75.13245,0.3,9.07,0.152,28.12,5.55,119.8
2018-07-29T17:45:00Z,GYK,Greys_Creek,38.44901667,-75.13245,0.3,7.75,0.145,27.54,5.27,101.1
2018-07-29T18:00:00Z,GYK,Greys_Creek,38.44901667,-75.13245,0.3,7.06,0.135,27.14,3.85,90.8
2018-07-29T18:15:00Z,GYK,Greys_Creek,38.44901667,-75.13245,0.3,6.53,0.117,26.82,3.82,83.4
2018-07-29T18:30:00Z,GYK,Greys_Creek,38.44901667,-75.13245,0.3,7.88,0.1,27.65,3.8,102.2
2018-07-29T18:45:00Z,GYK,Greys_Creek,38.44901667,-75.13245,0.3,7.49,0.084,27.08,3.34,95.9
2018-07-29T19:00:00Z,GYK,Greys_Creek,38.44901667,-75.13245,0.3,7.34,0.064,27.13,3.21,94.0
2018-07-29T19:15:00Z,GYK,Greys_Creek,38.44901667,-75.13245,0.3,7.99,0.062,27.92,3.82,104.1
2018-07-29T19:30:00Z,GYK,Greys_Creek,38.44901667,-75.13245,0.3,7.76,0.062,27.5,2.87,99.8
2018-07-29T19:45:00Z,GYK,Greys_Creek,38.44901667,-75.13245,0.3,8.26,0.061,27.77,3.19,107.0
2018-07-29T20:00:00Z,GYK,Greys_Creek,38.44901667,-75.13245,0.3,7.03,0.059,27.21,2.87,90.0
2018-07-29T20:15:00Z,GYK,Greys_Creek,38.44901667,-75.13245,0.3,7.0,0.059,27.1,2.95,89.5
2018-07-29T20:30:00Z,GYK,Greys_Creek,38.44901667,-75.13245,0.3,7.62,0.059,27.24,2.82,97.5
2018-07-29T20:45:00Z,GYK,Greys_Creek,38.44901667,-75.13245,0.3,7.83,0.059,27.65,3.05,101.2
2018-07-29T21:00:00Z,GYK,Greys_Creek,38.44901667,-75.13245,0.3,8.79,0.057,28.28,3.38,115.0
2018-07-29T21:15:00Z,GYK,Greys_Creek,38.44901667,-75.13245,0.3,7.67,0.057,27.34,2.1,98.0
2018-07-29T21:30:00Z,GYK,Greys_Creek,38.44901667,-75.13245,0.3,7.65,0.057,27.46,1.75,97.8
2018-07-29T21:45:00Z,GYK,Greys_Creek,38.44901667,-75.13245,0.3,7.3,0.058,27.16,1.29,92.6
2018-07-29T22:00:00Z,GYK,Greys_Creek,38.44901667,-75.13245,0.3,7.27,0.06,27.07,1.32,92.0
2018-07-29T22:15:00Z,GYK,Greys_Creek,38.44901667,-75.13245,0.3,7.37,0.06,26.93,1.22,93.0
2018-07-29T22:30:00Z,GYK,Greys_Creek,38.44901667,-75.13245,0.3,7.42,0.06,27.89,1.62,95.4
2018-07-29T22:45:00Z,GYK,Greys_Creek,38.44901667,-75.13245,0.3,8.58,0.064,27.65,2.23,110.3
2018-07-29T23:00:00Z,GYK,Greys_Creek,38.44901667,-75.13245,0.3,7.47,0.068,27.77,1.91,96.0
2018-07-29T23:15:00Z,GYK,Greys_Creek,38.44901667,-75.13245,0.3,7.62,0.069,28.21,5.14,100.5
2018-07-29T23:30:00Z,GYK,Greys_Creek,38.44901667,-75.13245,0.3,7.45,0.07,27.87,5.03,97.7
2018-07-29T23:45:00Z,GYK,Greys_Creek,38.44901667,-75.13245,0.3,7.36,0.07,28.17,5.31,97.1
2018-07-30T00:00:00Z,GYK,Greys_Creek,38.44901667,-75.13245,0.3,7.19,0.071,28.62,5.61,95.8
2018-07-30T00:15:00Z,GYK,Greys_Creek,38.44901667,-75.13245,0.3,7.46,0.072,28.48,5.56,99.1
2018-07-30T00:30:00Z,GYK,Greys_Creek,38.44901667,-75.13245,0.3,7.46,0.074,27.98,5.25,98.1
2018-07-30T00:45:00Z,GYK,Greys_Creek,38.44901667,-75.13245,0.3,7.66,0.088,28.63,6.67,102.7
2018-07-30T01:00:00Z,GYK,Greys_Creek,38.44901667,-75.13245,0.3,10.03,0.108,28.02,5.44,132.1
2018-07-30T01:15:00Z,GYK,Greys_Creek,38.44901667,-75.13245,0.3,14.3,0.133,30.21,8.93,199.4
2018-07-30T01:30:00Z,GYK,Greys_Creek,38.44901667,-75.13245,0.3,13.6,0.155,30.32,11.5,192.6
2018-07-30T01:45:00Z,GYK,Greys_Creek,38.44901667,-75.13245,0.3,13.22,0.175,30.72,13.59,190.8
2018-07-30T02:00:00Z,GYK,Greys_Creek,38.44901667,-75.13245,0.3,12.43,0.189,30.57,13.17,178.5
2018-07-30T02:15:00Z,GYK,Greys_Creek,38.44901667,-75.13245,0.3,11.13,0.209,30.9,14.97,162.3
2018-07-30T02:30:00Z,GYK,Greys_Creek,38.44901667,-75.13245,0.3,10.38,0.226,30.86,15.81,151.9
2018-07-30T02:45:00Z,GYK,Greys_Creek,38.44901667,-75.13245,0.3,10.89,0.24,30.79,15.92,159.3
2018-07-30T03:00:00Z,GYK,Greys_Creek,38.44901667,-75.13245,0.3,10.88,0.255,30.76,16.06,159.2
2018-07-30T03:15:00Z,GYK,Greys_Creek,38.44901667,-75.13245,0.3,11.22,0.272,30.73,16.58,164.5
2018-07-30T03:30:00Z,GYK,Greys_Creek,38.44901667,-75.13245,0.3,11.04,0.288,30.72,16.56,161.8
2018-07-30T03:45:00Z,GYK,Greys_Creek,38.44901667,-75.13245,0.3,10.74,0.297,30.66,16.62,157.3
2018-07-30T04:00:00Z,GYK,Greys_Creek,38.44901667,-75.13245,0.3,10.31,0.308,30.66,16.79,151.2
2018-07-30T04:15:00Z,GYK,Greys_Creek,38.44901667,-75.13245,0.3,10.17,0.319,30.64,16.99,149.2
2018-07-30T04:30:00Z,GYK,Greys_Creek,38.44901667,-75.13245,0.3,10.5,0.327,30.63,16.85,153.9
2018-07-30T04:45:00Z,GYK,Greys_Creek,38.44901667,-75.13245,0.3,10.41,0.326,30.65,16.57,152.4
2018-07-30T05:00:00Z,GYK,Greys_Creek,38.44901667,-75.13245,0.3,9.39,0.321,30.58,16.49,137.3
2018-07-30T05:15:00Z,GYK,Greys_Creek,38.44901667,-75.13245,0.3,8.61,0.318,30.49,16.69,125.8
2018-07-30T05:30:00Z,GYK,Greys_Creek,38.44901667,-75.13245,0.3,8.34,0.307,30.61,12.86,119.7
2018-07-30T05:45:00Z,GYK,Greys_Creek,38.44901667,-75.13245,0.3,11.26,0.295,30.56,12.93,161.4
2018-07-30T06:00:00Z,GYK,Greys_Creek,38.44901667,-75.13245,0.3,11.47,0.276,30.54,13.24,164.6
2018-07-30T06:15:00Z,GYK,Greys_Creek,38.44901667,-75.13245,0.3,10.31,0.253,28.36,7.0,137.8
2018-07-30T06:30:00Z,GYK,Greys_Creek,38.44901667,-75.13245,0.3,7.95,0.23,26.78,5.62,102.5
2018-07-30T06:45:00Z,GYK,Greys_Creek,38.44901667,-75.13245,0.3,5.89,0.218,26.46,4.68,75.2
2018-07-30T07:00:00Z,GYK,Greys_Creek,38.44901667,-75.13245,0.3,5.38,0.201,26.25,4.44,68.3
2018-07-30T07:15:00Z,GYK,Greys_Creek,38.44901667,-75.13245,0.3,5.16,0.189,26.07,4.18,65.2
2018-07-30T07:30:00Z,GYK,Greys_Creek,38.44901667,-75.13245,0.3,4.65,0.177,26.03,4.24,58.7
2018-07-30T07:45:00Z,GYK,Greys_Creek,38.44901667,-75.13245,0.3,5.23,0.157,26.12,4.52,66.3
2018-07-30T08:00:00Z,GYK,Greys_Creek,38.44901667,-75.13245,0.3,4.62,0.14,25.99,4.34,58.3
2018-07-30T08:15:00Z,GYK,Greys_Creek,38.44901667,-75.13245,0.3,5.1,0.127,26.11,4.73,64.6
2018-07-30T08:30:00Z,GYK,Greys_Creek,38.44901667,-75.13245,0.3,5.24,0.11,26.02,4.43,66.2
2018-07-30T08:45:00Z,GYK,Greys_Creek,38.44901667,-75.13245,0.3,5.11,0.093,26.01,4.66,64.6
2018-07-30T09:00:00Z,GYK,Greys_Creek,38.44901667,-75.13245,0.3,4.6,0.082,25.69,3.95,57.6
2018-07-30T09:15:00Z,GYK,Greys_Creek,38.44901667,-75.13245,0.3,4.67,0.072,25.75,4.22,58.7
2018-07-30T09:30:00Z,GYK,Greys_Creek,38.44901667,-75.13245,0.3,4.44,0.074,25.69,4.32,55.7
2018-07-30T09:45:00Z,GYK,Greys_Creek,38.44901667,-75.13245,0.3,4.97,0.074,25.63,4.33,62.4
2018-07-30T10:00:00Z,GYK,Greys_Creek,38.44901667,-75.13245,0.3,4.58,0.072,25.34,3.63,56.9
2018-07-30T10:15:00Z,GYK,Greys_Creek,38.44901667,-75.13245,0.3,4.45,0.072,25.21,3.48,55.2
2018-07-30T10:30:00Z,GYK,Greys_Creek,38.44901667,-75.13245,0.3,4.39,0.071,25.1,3.29,54.2
2018-07-30T10:45:00Z,GYK,Greys_Creek,38.44901667,-75.13245,0.3,4.39,0.073,24.97,3.16,54.1
2018-07-30T11:00:00Z,GYK,Greys_Creek,38.44901667,-75.13245,0.3,4.65,0.069,24.96,3.06,57.2
2018-07-30T11:15:00Z,GYK,Greys_Creek,38.44901667,-75.13245,0.3,4.59,0.07,24.82,2.82,56.3
2018-07-30T11:30:00Z,GYK,Greys_Creek,38.44901667,-75.13245,0.3,4.6,0.073,24.62,2.64,56.1
2018-07-30T11:45:00Z,GYK,Greys_Creek,38.44901667,-75.13245,0.3,4.52,0.076,24.39,2.36,54.8
2018-07-30T12:00:00Z,GYK,Greys_Creek,38.44901667,-75.13245,0.3,4.62,0.083,24.47,2.17,56.0
2018-07-30T12:15:00Z,GYK,Greys_Creek,38.44901667,-75.13245,0.3,5.13,0.083,24.44,2.14,62.2
2018-07-30T12:30:00Z,GYK,Greys_Creek,38.44901667,-75.13245,0.3,4.9,0.087,25.63,5.51,61.8
2018-07-30T12:45:00Z,GYK,Greys_Creek,38.44901667,-75.13245,0.3,4.34,0.119,25.78,6.78,55.3
2018-07-30T13:00:00Z,GYK,Greys_Creek,38.44901667,-75.13245,0.3,5.08,0.108,25.33,6.29,64.1
2018-07-30T13:15:00Z,GYK,Greys_Creek,38.44901667,-75.13245,0.3,5.35,0.083,26.1,6.92,68.7
2018-07-30T13:30:00Z,GYK,Greys_Creek,38.44901667,-75.13245,0.3,5.21,0.096,25.95,6.0,66.4
2018-07-30T13:45:00Z,GYK,Greys_Creek,38.44901667,-75.13245,0.3,2.26,0.13,28.12,13.0,31.1
2018-07-30T14:00:00Z,GYK,Greys_Creek,38.44901667,-75.13245,0.3,3.79,0.159,27.78,12.61,51.7
2018-07-30T14:15:00Z,GYK,Greys_Creek,38.44901667,-75.13245,0.3,5.32,0.154,26.54,7.95,69.2
2018-07-30T14:30:00Z,GYK,Greys_Creek,38.44901667,-75.13245,0.3,5.21,0.202,26.92,11.26,69.6
2018-07-30T14:45:00Z,GYK,Greys_Creek,38.44901667,-75.13245,0.3,6.15,0.227,26.09,8.34,79.5
2018-07-30T15:00:00Z,GYK,Greys_Creek,38.44901667,-75.13245,0.3,7.36,0.203,25.32,7.54,93.5
2018-07-30T15:15:00Z,GYK,Greys_Creek,38.44901667,-75.13245,0.3,4.18,0.2,27.0,9.44,55.4
2018-07-30T15:30:00Z,GYK,Greys_Creek,38.44901667,-75.13245,0.3,4.44,0.232,27.32,9.48,59.1
2018-07-30T15:45:00Z,GYK,Greys_Creek,38.44901667,-75.13245,0.3,5.73,0.265,26.05,9.32,74.4
2018-07-30T16:00:00Z,GYK,Greys_Creek,38.44901667,-75.13245,0.3,7.05,0.277,25.77,8.92,90.9
2018-07-30T16:15:00Z,GYK,Greys_Creek,38.44901667,-75.13245,0.3,6.41,0.267,25.48,7.96,81.9
2018-07-30T16:30:00Z,GYK,Greys_Creek,38.44901667,-75.13245,0.3,6.68,0.27,25.59,8.02,85.5
2018-07-30T16:45:00Z,GYK,Greys_Creek,38.44901667,-75.13245,0.3,8.08,0.254,25.34,7.25,102.5
2018-07-30T17:00:00Z,GYK,Greys_Creek,38.44901667,-75.13245,0.3,5.45,0.259,25.31,6.87,69.0
2018-07-30T17:15:00Z,GYK,Greys_Creek,38.44901667,-75.13245,0.3,6.17,0.265,26.04,8.48,79.8
2018-07-30T17:30:00Z,GYK,Greys_Creek,38.44901667,-75.13245,0.3,8.03,0.242,25.16,6.9,101.3
2018-07-30T17:45:00Z,GYK,Greys_Creek,38.44901667,-75.13245,0.3,8.16,0.219,25.0,6.03,102.2
2018-07-30T18:00:00Z,GYK,Greys_Creek,38.44901667,-75.13245,0.3,4.8,0.196,24.8,4.96,59.6
2018-07-30T18:15:00Z,GYK,Greys_Creek,38.44901667,-75.13245,0.3,4.66,0.193,24.61,4.5,57.5
2018-07-30T18:30:00Z,GYK,Greys_Creek,38.44901667,-75.13245,0.3,6.77,0.192,24.91,4.98,84.1
2018-07-30T18:45:00Z,GYK,Greys_Creek,38.44901667,-75.13245,0.3,9.09,0.181,24.85,5.05,112.9
2018-07-30T19:00:00Z,GYK,Greys_Creek,38.44901667,-75.13245,0.3,10.18,0.166,24.97,5.2,126.8
2018-07-30T19:15:00Z,GYK,Greys_Creek,38.44901667,-75.13245,0.3,4.9,0.167,24.77,4.42,60.6
2018-07-30T19:30:00Z,GYK,Greys_Creek,38.44901667,-75.13245,0.3,5.28,0.161,24.27,3.82,64.4
2018-07-30T19:45:00Z,GYK,Greys_Creek,38.44901667,-75.13245,0.3,8.45,0.156,24.43,3.93,103.4
2018-07-30T20:00:00Z,GYK,Greys_Creek,38.44901667,-75.13245,0.3,8.99,0.128,24.81,5.1,111.5
2018-07-30T20:15:00Z,GYK,Greys_Creek,38.44901667,-75.13245,0.3,6.45,0.087,23.56,2.32,77.1
2018-07-30T20:30:00Z,GYK,Greys_Creek,38.44901667,-75.13245,0.3,5.77,0.078,23.67,2.71,69.2
2018-07-30T20:45:00Z,GYK,Greys_Creek,38.44901667,-75.13245,0.3,5.88,0.091,24.09,4.03,71.6
2018-07-30T21:00:00Z,GYK,Greys_Creek,38.44901667,-75.13245,0.3,6.1,0.091,23.98,3.86,74.0
2018-07-30T21:15:00Z,GYK,Greys_Creek,38.44901667,-75.13245,0.3,7.37,0.081,23.86,3.0,88.9
2018-07-30T21:30:00Z,GYK,Greys_Creek,38.44901667,-75.13245,0.3,5.73,0.068,23.39,2.17,68.2
2018-07-30T21:45:00Z,GYK,Greys_Creek,38.44901667,-75.13245,0.3,6.03,0.061,23.21,1.79,71.4
2018-07-30T22:00:00Z,GYK,Greys_Creek,38.44901667,-75.13245,0.3,6.04,0.057,23.02,1.51,71.0
2018-07-30T22:15:00Z,GYK,Greys_Creek,38.44901667,-75.13245,0.3,6.0,0.055,22.86,1.29,70.3
2018-07-30T22:30:00Z,GYK,Greys_Creek,38.44901667,-75.13245,0.3,5.76,0.054,23.07,1.79,67.9
2018-07-30T22:45:00Z,GYK,Greys_Creek,38.44901667,-75.13245,0.3,5.73,0.061,23.19,2.13,67.8
2018-07-30T23:00:00Z,GYK,Greys_Creek,38.44901667,-75.13245,0.3,5.47,0.063,23.16,2.16,64.7
2018-07-30T23:15:00Z,GYK,Greys_Creek,38.44901667,-75.13245,0.3,5.22,0.064,23.03,2.02,61.7
2018-07-30T23:30:00Z,GYK,Greys_Creek,38.44901667,-75.13245,0.3,5.58,0.064,22.63,0.98,64.9
2018-07-30T23:45:00Z,GYK,Greys_Creek,38.44901667,-75.13245,0.3,5.54,0.064,22.65,0.91,64.5
2018-07-31T00:00:00Z,GYK,Greys_Creek,38.44901667,-75.13245,0.3,5.28,0.062,23.38,2.14,62.8
2018-07-31T00:15:00Z,GYK,Greys_Creek,38.44901667,-75.13245,0.3,5.02,0.059,23.46,2.58,60.0
2018-07-31T00:30:00Z,GYK,Greys_Creek,38.44901667,-75.13245,0.3,4.85,0.064,22.79,1.9,57.0
2018-07-31T00:45:00Z,GYK,Greys_Creek,38.44901667,-75.13245,0.3,5.57,0.08,22.75,1.23,65.1
2018-07-31T01:00:00Z,GYK,Greys_Creek,38.44901667,-75.13245,0.3,5.06,0.09,23.1,1.7,59.7
2018-07-31T01:15:00Z,GYK,Greys_Creek,38.44901667,-75.13245,0.3,5.09,0.105,22.77,1.55,59.6
2018-07-31T01:30:00Z,GYK,Greys_Creek,38.44901667,-75.13245,0.3,5.51,0.115,23.13,2.04,65.1
2018-07-31T01:45:00Z,GYK,Greys_Creek,38.44901667,-75.13245,0.3,8.29,0.139,23.05,1.63,97.6
2018-07-31T02:00:00Z,GYK,Greys_Creek,38.44901667,-75.13245,0.3,7.73,0.164,23.66,3.7,93.2
2018-07-31T02:15:00Z,GYK,Greys_Creek,38.44901667,-75.13245,0.3,5.06,0.174,22.61,2.57,59.4
2018-07-31T02:30:00Z,GYK,Greys_Creek,38.44901667,-75.13245,0.3,6.5,0.185,24.08,4.77,79.5
2018-07-31T02:45:00Z,GYK,Greys_Creek,38.44901667,-75.13245,0.3,5.87,0.216,24.36,5.8,72.5
2018-07-31T03:00:00Z,GYK,Greys_Creek,38.44901667,-75.13245,0.3,6.45,0.227,24.04,5.49,79.1
2018-07-31T03:15:00Z,GYK,Greys_Creek,38.44901667,-75.13245,0.3,5.01,0.241,24.35,7.58,62.5
2018-07-31T03:30:00Z,GYK,Greys_Creek,38.44901667,-75.13245,0.3,5.93,0.252,24.68,7.19,74.3
2018-07-31T03:45:00Z,GYK,Greys_Creek,38.44901667,-75.13245,0.3,4.44,0.27,24.98,9.35,56.6
2018-07-31T04:00:00Z,GYK,Greys_Creek,38.44901667,-75.13245,0.3,3.47,0.28,25.23,8.28,44.1
2018-07-31T04:15:00Z,GYK,Greys_Creek,38.44901667,-75.13245,0.3,3.01,0.291,25.82,12.58,39.6
2018-07-31T04:30:00Z,GYK,Greys_Creek,38.44901667,-75.13245,0.3,2.21,0.302,26.08,13.99,29.6
2018-07-31T04:45:00Z,GYK,Greys_Creek,38.44901667,-75.13245,0.3,2.97,0.303,25.78,10.19,38.7
2018-07-31T05:00:00Z,GYK,Greys_Creek,38.44901667,-75.13245,0.3,2.95,0.307,25.92,13.92,39.2
2018-07-31T05:15:00Z,GYK,Greys_Creek,38.44901667,-75.13245,0.3,3.13,0.307,25.94,13.84,41.7
2018-07-31T05:30:00Z,GYK,Greys_Creek,38.44901667,-75.13245,0.3,3.71,0.306,24.46,6.52,46.2
2018-07-31T05:45:00Z,GYK,Greys_Creek,38.44901667,-75.13245,0.3,3.28,0.305,25.93,12.6,43.4
2018-07-31T06:00:00Z,GYK,Greys_Creek,38.44901667,-75.13245,0.3,2.95,0.298,24.84,7.78,37.3
2018-07-31T06:15:00Z,GYK,Greys_Creek,38.44901667,-75.13245,0.3,4.88,0.279,23.16,3.05,58.1
2018-07-31T06:30:00Z,GYK,Greys_Creek,38.44901667,-75.13245,0.3,4.7,0.261,23.46,3.61,56.4
2018-07-31T06:45:00Z,GYK,Greys_Creek,38.44901667,-75.13245,0.3,4.59,0.239,23.23,3.25,54.8
2018-07-31T07:00:00Z,GYK,Greys_Creek,38.44901667,-75.13245,0.3,4.46,0.217,23.1,3.12,53.1
2018-07-31T07:15:00Z,GYK,Greys_Creek,38.44901667,-75.13245,0.3,4.31,0.207,23.05,3.0,51.1
2018-07-31T07:30:00Z,GYK,Greys_Creek,38.44901667,-75.13245,0.3,4.49,0.191,23.11,3.13,53.4
2018-07-31T07:45:00Z,GYK,Greys_Creek,38.44901667,-75.13245,0.3,4.3,0.178,23.12,3.22,51.1
2018-07-31T08:00:00Z,GYK,Greys_Creek,38.44901667,-75.13245,0.3,4.18,0.166,23.1,2.93,49.7
2018-07-31T08:15:00Z,GYK,Greys_Creek,38.44901667,-75.13245,0.3,4.11,0.154,23.12,3.02,48.9
2018-07-31T08:30:00Z,GYK,Greys_Creek,38.44901667,-75.13245,0.3,3.48,0.136,23.79,3.89,42.1
2018-07-31T08:45:00Z,GYK,Greys_Creek,38.44901667,-75.13245,0.3,3.65,0.118,23.17,3.26,43.4
2018-07-31T09:00:00Z,GYK,Greys_Creek,38.44901667,-75.13245,0.3,3.54,0.107,23.13,3.33,42.2
2018-07-31T09:15:00Z,GYK,Greys_Creek,38.44901667,-75.13245,0.3,3.67,0.094,23.05,3.18,43.6
2018-07-31T09:30:00Z,GYK,Greys_Creek,38.44901667,-75.13245,0.3,3.54,0.078,23.13,3.12,42.1
2018-07-31T09:45:00Z,GYK,Greys_Creek,38.44901667,-75.13245,0.3,3.71,0.06,23.16,3.23,44.2
2018-07-31T10:00:00Z,GYK,Greys_Creek,38.44901667,-75.13245,0.3,4.04,0.058,22.71,2.44,47.5
2018-07-31T10:15:00Z,GYK,Greys_Creek,38.44901667,-75.13245,0.3,4.04,0.055,22.69,2.34,47.4
2018-07-31T10:30:00Z,GYK,Greys_Creek,38.44901667,-75.13245,0.3,3.95,0.057,22.88,2.54,46.7
2018-07-31T10:45:00Z,GYK,Greys_Creek,38.44901667,-75.13245,0.3,3.98,0.057,22.85,2.46,46.9
2018-07-31T11:00:00Z,GYK,Greys_Creek,38.44901667,-75.13245,0.3,3.88,0.058,22.87,2.35,45.7
2018-07-31T11:15:00Z,GYK,Greys_Creek,38.44901667,-75.13245,0.3,4.16,0.06,22.74,2.19,48.9
2018-07-31T11:30:00Z,GYK,Greys_Creek,38.44901667,-75.13245,0.3,4.67,0.06,22.9,2.26,55.0
2018-07-31T11:45:00Z,GYK,Greys_Creek,38.44901667,-75.13245,0.3,4.58,0.06,22.61,1.86,53.6
2018-07-31T12:00:00Z,GYK,Greys_Creek,38.44901667,-75.13245,0.3,4.83,0.062,22.68,1.9,56.5
2018-07-31T12:15:00Z,GYK,Greys_Creek,38.44901667,-75.13245,0.3,4.63,0.061,22.47,1.59,53.9
2018-07-31T12:30:00Z,GYK,Greys_Creek,38.44901667,-75.13245,0.3,4.91,0.063,22.45,1.5,57.1
2018-07-31T12:45:00Z,GYK,Greys_Creek,38.44901667,-75.13245,0.3,6.97,0.062,23.31,2.81,83.0
2018-07-31T13:00:00Z,GYK,Greys_Creek,38.44901667,-75.13245,0.3,5.54,0.061,23.01,1.97,65.3
2018-07-31T13:15:00Z,GYK,Greys_Creek,38.44901667,-75.13245,0.3,5.66,0.092,24.42,8.96,71.3
2018-07-31T13:30:00Z,GYK,Greys_Creek,38.44901667,-75.13245,0.3,9.25,0.101,24.22,5.1,113.6
2018-07-31T13:45:00Z,GYK,Greys_Creek,38.44901667,-75.13245,0.3,12.12,0.113,25.12,4.83,151.1
2018-07-31T14:00:00Z,GYK,Greys_Creek,38.44901667,-75.13245,0.3,11.99,0.14,25.05,4.96,149.4
2018-07-31T14:15:00Z,GYK,Greys_Creek,38.44901667,-75.13245,0.3,14.49,0.161,25.02,4.88,180.4
2018-07-31T14:30:00Z,GYK,Greys_Creek,38.44901667,-75.13245,0.3,13.83,0.179,25.06,3.95,171.3
2018-07-31T14:45:00Z,GYK,Greys_Creek,38.44901667,-75.13245,0.3,17.61,0.185,24.91,4.23,218.0
2018-07-31T15:00:00Z,GYK,Greys_Creek,38.44901667,-75.13245,0.3,16.28,0.2,24.97,4.06,201.5
2018-07-31T15:15:00Z,GYK,Greys_Creek,38.44901667,-75.13245,0.3,11.9,0.219,25.37,5.85,149.9
2018-07-31T15:30:00Z,GYK,Greys_Creek,38.44901667,-75.13245,0.3,11.65,0.227,25.52,7.84,148.7
2018-07-31T15:45:00Z,GYK,Greys_Creek,38.44901667,-75.13245,0.3,13.19,0.24,25.48,4.77,165.5
2018-07-31T16:00:00Z,GYK,Greys_Creek,38.44901667,-75.13245,0.3,13.8,0.245,25.68,4.95,173.9
2018-07-31T16:15:00Z,GYK,Greys_Creek,38.44901667,-75.13245,0.3,10.6,0.257,25.82,8.85,136.9
2018-07-31T16:30:00Z,GYK,Greys_Creek,38.44901667,-75.13245,0.3,14.03,0.266,25.98,10.92,183.9
2018-07-31T16:45:00Z,GYK,Greys_Creek,38.44901667,-75.13245,0.3,9.67,0.275,25.84,6.8,123.4
2018-07-31T17:00:00Z,GYK,Greys_Creek,38.44901667,-75.13245,0.3,14.35,0.281,25.7,8.3,184.4
2018-07-31T17:15:00Z,GYK,Greys_Creek,38.44901667,-75.13245,0.3,16.55,0.29,26.17,7.99,214.0
2018-07-31T17:30:00Z,GYK,Greys_Creek,38.44901667,-75.13245,0.3,22.65,0.284,26.24,7.74,292.9
2018-07-31T17:45:00Z,GYK,Greys_Creek,38.44901667,-75.13245,0.3,19.54,0.282,26.41,7.93,253.6
2018-07-31T18:00:00Z,GYK,Greys_Creek,38.44901667,-75.13245,0.3,18.73,0.279,25.78,5.16,236.7
2018-07-31T18:15:00Z,GYK,Greys_Creek,38.44901667,-75.13245,0.3,15.77,0.263,25.92,4.39,198.9
2018-07-31T18:30:00Z,GYK,Greys_Creek,38.44901667,-75.13245,0.3,9.08,0.239,25.13,3.83,112.6
2018-07-31T18:45:00Z,GYK,Greys_Creek,38.44901667,-75.13245,0.3,10.71,0.223,25.36,3.32,133.0
2018-07-31T19:00:00Z,GYK,Greys_Creek,38.44901667,-75.13245,0.3,6.27,0.206,24.96,3.2,77.2
2018-07-31T19:15:00Z,GYK,Greys_Creek,38.44901667,-75.13245,0.3,8.39,0.194,25.85,3.21,105.0
2018-07-31T19:30:00Z,GYK,Greys_Creek,38.44901667,-75.13245,0.3,6.26,0.184,24.89,2.67,76.8
2018-07-31T19:45:00Z,GYK,Greys_Creek,38.44901667,-75.13245,0.3,6.11,0.17,24.68,2.91,74.8
2018-07-31T20:00:00Z,GYK,Greys_Creek,38.44901667,-75.13245,0.3,6.8,0.161,25.24,3.24,84.1
2018-07-31T20:15:00Z,GYK,Greys_Creek,38.44901667,-75.13245,0.3,7.63,0.152,26.53,2.95,96.5
2018-07-31T20:30:00Z,GYK,Greys_Creek,38.44901667,-75.13245,0.3,7.5,0.132,25.65,2.23,93.1
2018-07-31T20:45:00Z,GYK,Greys_Creek,38.44901667,-75.13245,0.3,7.2,0.117,25.59,1.99,89.1
2018-07-31T21:00:00Z,GYK,Greys_Creek,38.44901667,-75.13245,0.3,6.86,0.106,25.39,2.45,84.8
2018-07-31T21:15:00Z,GYK,Greys_Creek,38.44901667,-75.13245,0.3,6.38,0.099,25.0,2.26,78.2
2018-07-31T21:30:00Z,GYK,Greys_Creek,38.44901667,-75.13245,0.3,7.22,0.089,25.51,2.28,89.4
2018-07-31T21:45:00Z,GYK,Greys_Creek,38.44901667,-75.13245,0.3,7.49,0.074,25.65,2.45,93.1
2018-07-31T22:00:00Z,GYK,Greys_Creek,38.44901667,-75.13245,0.3,7.68,0.057,25.43,2.18,94.8
2018-07-31T22:15:00Z,GYK,Greys_Creek,38.44901667,-75.13245,0.3,7.51,0.052,25.63,2.38,93.2
2018-07-31T22:30:00Z,GYK,Greys_Creek,38.44901667,-75.13245,0.3,7.61,0.049,25.72,2.9,94.8
2018-07-31T22:45:00Z,GYK,Greys_Creek,38.44901667,-75.13245,0.3,9.54,0.05,26.21,3.14,120.1
2018-07-31T23:00:00Z,GYK,Greys_Creek,38.44901667,-75.13245,0.3,8.71,0.049,25.66,2.07,107.9
2018-07-31T23:15:00Z,GYK,Greys_Creek,38.44901667,-75.13245,0.3,7.43,0.052,25.07,1.46,90.8
2018-07-31T23:30:00Z,GYK,Greys_Creek,38.44901667,-75.13245,0.3,7.24,0.052,25.4,2.25,89.4
2018-07-31T23:45:00Z,GYK,Greys_Creek,38.44901667,-75.13245,0.3,6.89,0.053,25.22,2.28,84.7
2018-08-01T00:00:00Z,GYK,Greys_Creek,38.44901667,-75.13245,0.3,7.2,0.055,25.56,2.98,89.6
2018-08-01T00:15:00Z,GYK,Greys_Creek,38.44901667,-75.13245,0.3,6.48,0.057,25.25,2.55,79.9
2018-08-01T00:30:00Z,GYK,Greys_Creek,38.44901667,-75.13245,0.3,6.37,0.057,25.37,2.39,78.7
2018-08-01T00:45:00Z,GYK,Greys_Creek,38.44901667,-75.13245,0.3,6.04,0.063,25.32,2.59,74.7
2018-08-01T01:00:00Z,GYK,Greys_Creek,38.44901667,-75.13245,0.3,5.67,0.075,25.33,2.54,70.1
2018-08-01T01:15:00Z,GYK,Greys_Creek,38.44901667,-75.13245,0.3,5.81,0.107,25.39,2.58,71.8
2018-08-01T01:30:00Z,GYK,Greys_Creek,38.44901667,-75.13245,0.3,5.99,0.117,25.51,2.81,74.3
2018-08-01T01:45:00Z,GYK,Greys_Creek,38.44901667,-75.13245,0.3,7.77,0.133,25.76,3.51,97.3
2018-08-01T02:00:00Z,GYK,Greys_Creek,38.44901667,-75.13245,0.3,7.75,0.156,26.1,3.55,97.6
2018-08-01T02:15:00Z,GYK,Greys_Creek,38.44901667,-75.13245,0.3,9.53,0.166,25.8,3.32,119.3
2018-08-01T02:30:00Z,GYK,Greys_Creek,38.44901667,-75.13245,0.3,11.27,0.188,26.22,2.29,141.2
2018-08-01T02:45:00Z,GYK,Greys_Creek,38.44901667,-75.13245,0.3,9.09,0.207,27.61,6.5,119.6
2018-08-01T03:00:00Z,GYK,Greys_Creek,38.44901667,-75.13245,0.3,7.88,0.226,27.73,8.81,105.2
2018-08-01T03:15:00Z,GYK,Greys_Creek,38.44901667,-75.13245,0.3,8.28,0.244,27.79,13.17,113.4
2018-08-01T03:30:00Z,GYK,Greys_Creek,38.44901667,-75.13245,0.3,8.66,0.253,27.73,11.87,117.6
2018-08-01T03:45:00Z,GYK,Greys_Creek,38.44901667,-75.13245,0.3,8.81,0.27,27.54,4.86,114.7
2018-08-01T04:00:00Z,GYK,Greys_Creek,38.44901667,-75.13245,0.3,9.35,0.28,27.83,11.97,127.3
2018-08-01T04:15:00Z,GYK,Greys_Creek,38.44901667,-75.13245,0.3,9.56,0.297,27.9,13.71,131.6
2018-08-01T04:30:00Z,GYK,Greys_Creek,38.44901667,-75.13245,0.3,8.13,0.307,27.67,12.83,110.9
2018-08-01T04:45:00Z,GYK,Greys_Creek,38.44901667,-75.13245,0.3,7.83,0.315,27.78,12.02,106.6
2018-08-01T05:00:00Z,GYK,Greys_Creek,38.44901667,-75.13245,0.3,8.68,0.33,27.79,13.5,119.1
2018-08-01T05:15:00Z,GYK,Greys_Creek,38.44901667,-75.13245,0.3,8.43,0.341,27.78,12.53,115.0
2018-08-01T05:30:00Z,GYK,Greys_Creek,38.44901667,-75.13245,0.3,9.49,0.346,27.67,11.91,128.8
2018-08-01T05:45:00Z,GYK,Greys_Creek,38.44901667,-75.13245,0.3,8.37,0.338,27.74,9.97,112.5
2018-08-01T06:00:00Z,GYK,Greys_Creek,38.44901667,-75.13245,0.3,9.02,0.334,27.69,10.8,121.7
2018-08-01T06:15:00Z,GYK,Greys_Creek,38.44901667,-75.13245,0.3,7.58,0.337,27.7,15.0,104.8
2018-08-01T06:30:00Z,GYK,Greys_Creek,38.44901667,-75.13245,0.3,7.4,0.337,27.6,14.49,101.8
2018-08-01T06:45:00Z,GYK,Greys_Creek,38.44901667,-75.13245,0.3,8.14,0.323,27.5,11.09,109.7
2018-08-01T07:00:00Z,GYK,Greys_Creek,38.44901667,-75.13245,0.3,7.21,0.294,27.51,10.21,96.7
2018-08-01T07:15:00Z,GYK,Greys_Creek,38.44901667,-75.13245,0.3,5.72,0.275,26.83,8.85,75.2
2018-08-01T07:30:00Z,GYK,Greys_Creek,38.44901667,-75.13245,0.3,5.33,0.273,25.2,3.95,66.2
2018-08-01T07:45:00Z,GYK,Greys_Creek,38.44901667,-75.13245,0.3,4.85,0.257,25.29,4.68,60.6
2018-08-01T08:00:00Z,GYK,Greys_Creek,38.44901667,-75.13245,0.3,6.22,0.236,26.67,8.66,81.4
2018-08-01T08:15:00Z,GYK,Greys_Creek,38.44901667,-75.13245,0.3,4.55,0.226,24.95,3.67,56.1
2018-08-01T08:30:00Z,GYK,Greys_Creek,38.44901667,-75.13245,0.3,4.69,0.22,25.28,4.85,58.6
2018-08-01T08:45:00Z,GYK,Greys_Creek,38.44901667,-75.13245,0.3,5.23,0.206,25.05,3.94,64.7
2018-08-01T09:00:00Z,GYK,Greys_Creek,38.44901667,-75.13245,0.3,5.26,0.189,25.6,4.28,66.0
2018-08-01T09:15:00Z,GYK,Greys_Creek,38.44901667,-75.13245,0.3,4.68,0.177,24.98,3.6,57.7
2018-08-01T09:30:00Z,GYK,Greys_Creek,38.44901667,-75.13245,0.3,4.25,0.16,25.46,4.26,53.1
2018-08-01T09:45:00Z,GYK,Greys_Creek,38.44901667,-75.13245,0.3,5.19,0.145,25.2,4.31,64.6
2018-08-01T10:00:00Z,GYK,Greys_Creek,38.44901667,-75.13245,0.3,4.59,0.131,24.9,3.45,56.5
2018-08-01T10:15:00Z,GYK,Greys_Creek,38.44901667,-75.13245,0.3,4.32,0.119,24.78,3.44,53.1
2018-08-01T10:30:00Z,GYK,Greys_Creek,38.44901667,-75.13245,0.3,4.5,0.115,24.81,3.28,55.3
2018-08-01T10:45:00Z,GYK,Greys_Creek,38.44901667,-75.13245,0.3,4.88,0.099,25.22,3.92,60.6
2018-08-01T11:00:00Z,GYK,Greys_Creek,38.44901667,-75.13245,0.3,4.75,0.092,24.88,3.29,58.4
2018-08-01T11:15:00Z,GYK,Greys_Creek,38.44901667,-75.13245,0.3,4.76,0.082,24.79,3.16,58.4
2018-08-01T11:30:00Z,GYK,Greys_Creek,38.44901667,-75.13245,0.3,5.1,0.075,24.81,3.08,62.6
2018-08-01T11:45:00Z,GYK,Greys_Creek,38.44901667,-75.13245,0.3,5.58,0.069,24.87,3.06,68.6
2018-08-01T12:00:00Z,GYK,Greys_Creek,38.44901667,-75.13245,0.3,4.84,0.059,24.85,3.53,59.6
2018-08-01T12:15:00Z,GYK,Greys_Creek,38.44901667,-75.13245,0.3,4.28,0.06,24.58,3.0,52.3
2018-08-01T12:30:00Z,GYK,Greys_Creek,38.44901667,-75.13245,0.3,4.42,0.059,24.83,3.32,54.3
2018-08-01T12:45:00Z,GYK,Greys_Creek,38.44901667,-75.13245,0.3,4.14,0.06,24.86,3.42,51.0
2018-08-01T13:00:00Z,GYK,Greys_Creek,38.44901667,-75.13245,0.3,4.3,0.072,24.96,3.47,53.0
2018-08-01T13:15:00Z,GYK,Greys_Creek,38.44901667,-75.13245,0.3,5.18,0.08,25.57,5.05,65.1
2018-08-01T13:30:00Z,GYK,Greys_Creek,38.44901667,-75.13245,0.3,6.63,0.086,25.81,4.71,83.6
2018-08-01T13:45:00Z,GYK,Greys_Creek,38.44901667,-75.13245,0.3,9.86,0.105,25.75,4.37,124.0
2018-08-01T14:00:00Z,GYK,Greys_Creek,38.44901667,-75.13245,0.3,11.64,0.127,26.91,6.25,151.0
2018-08-01T14:15:00Z,GYK,Greys_Creek,38.44901667,-75.13245,0.3,8.76,0.139,27.15,7.91,115.2
2018-08-01T14:30:00Z,GYK,Greys_Creek,38.44901667,-75.13245,0.3,8.58,0.169,27.46,8.5,113.9
2018-08-01T14:45:00Z,GYK,Greys_Creek,38.44901667,-75.13245,0.3,12.22,0.184,27.52,9.15,162.9
2018-08-01T15:00:00Z,GYK,Greys_Creek,38.44901667,-75.13245,0.3,11.36,0.196,28.0,9.02,152.6
2018-08-01T15:15:00Z,GYK,Greys_Creek,38.44901667,-75.13245,0.3,12.22,0.205,28.2,10.96,166.5
2018-08-01T15:30:00Z,GYK,Greys_Creek,38.44901667,-75.13245,0.3,17.34,0.219,28.64,12.47,240.1
2018-08-01T15:45:00Z,GYK,Greys_Creek,38.44901667,-75.13245,0.3,14.77,0.231,28.75,13.07,205.6
2018-08-01T16:00:00Z,GYK,Greys_Creek,38.44901667,-75.13245,0.3,10.69,0.249,28.93,15.37,151.2
2018-08-01T16:15:00Z,GYK,Greys_Creek,38.44901667,-75.13245,0.3,14.41,0.26,29.55,15.38,205.9
2018-08-01T16:30:00Z,GYK,Greys_Creek,38.44901667,-75.13245,0.3,15.01,0.267,29.67,15.02,214.4
2018-08-01T16:45:00Z,GYK,Greys_Creek,38.44901667,-75.13245,0.3,15.55,0.279,29.31,15.81,221.8
2018-08-01T17:00:00Z,GYK,Greys_Creek,38.44901667,-75.13245,0.3,14.58,0.287,29.94,15.84,210.2
2018-08-01T17:15:00Z,GYK,Greys_Creek,38.44901667,-75.13245,0.3,14.69,0.285,29.64,15.18,210.0
2018-08-01T17:30:00Z,GYK,Greys_Creek,38.44901667,-75.13245,0.3,17.68,0.274,29.14,14.2,249.2
2018-08-01T17:45:00Z,GYK,Greys_Creek,38.44901667,-75.13245,0.3,15.14,0.294,29.39,16.31,216.8
2018-08-01T18:00:00Z,GYK,Greys_Creek,38.44901667,-75.13245,0.3,14.37,0.304,30.08,16.28,208.2
2018-08-01T18:15:00Z,GYK,Greys_Creek,38.44901667,-75.13245,0.3,19.79,0.31,30.22,15.74,286.5
2018-08-01T18:30:00Z,GYK,Greys_Creek,38.44901667,-75.13245,0.3,25.52,0.301,29.67,14.17,362.8
2018-08-01T18:45:00Z,GYK,Greys_Creek,38.44901667,-75.13245,0.3,27.03,0.292,29.65,13.34,382.5
2018-08-01T19:00:00Z,GYK,Greys_Creek,38.44901667,-75.13245,0.3,23.38,0.277,29.37,14.01,330.4
2018-08-01T19:15:00Z,GYK,Greys_Creek,38.44901667,-75.13245,0.3,25.79,0.266,29.68,13.46,365.3
2018-08-01T19:30:00Z,GYK,Greys_Creek,38.44901667,-75.13245,0.3,24.26,0.247,29.57,13.47,343.1
2018-08-01T19:45:00Z,GYK,Greys_Creek,38.44901667,-75.13245,0.3,23.78,0.244,29.33,10.45,329.4
2018-08-01T20:00:00Z,GYK,Greys_Creek,38.44901667,-75.13245,0.3,11.09,0.232,28.51,6.87,148.5
2018-08-01T20:15:00Z,GYK,Greys_Creek,38.44901667,-75.13245,0.3,10.54,0.218,28.03,6.84,139.9
2018-08-01T20:30:00Z,GYK,Greys_Creek,38.44901667,-75.13245,0.3,16.94,0.209,28.47,6.35,226.0
2018-08-01T20:45:00Z,GYK,Greys_Creek,38.44901667,-75.13245,0.3,11.2,0.194,28.13,5.89,148.2
2018-08-01T21:00:00Z,GYK,Greys_Creek,38.44901667,-75.13245,0.3,9.46,0.175,27.85,4.51,123.6
2018-08-01T21:15:00Z,GYK,Greys_Creek,38.44901667,-75.13245,0.3,8.38,0.162,27.4,3.94,108.3
2018-08-01T21:30:00Z,GYK,Greys_Creek,38.44901667,-75.13245,0.3,7.63,0.147,27.53,4.63,99.2
2018-08-01T21:45:00Z,GYK,Greys_Creek,38.44901667,-75.13245,0.3,14.45,0.132,28.42,5.32,191.6
2018-08-01T22:00:00Z,GYK,Greys_Creek,38.44901667,-75.13245,0.3,8.52,0.122,27.57,3.62,110.2
2018-08-01T22:15:00Z,GYK,Greys_Creek,38.44901667,-75.13245,0.3,7.61,0.109,27.35,3.94,98.2
2018-08-01T22:30:00Z,GYK,Greys_Creek,38.44901667,-75.13245,0.3,8.15,0.089,27.42,3.52,105.1
2018-08-01T22:45:00Z,GYK,Greys_Creek,38.44901667,-75.13245,0.3,8.1,0.078,27.53,3.65,104.7
2018-08-01T23:00:00Z,GYK,Greys_Creek,38.44901667,-75.13245,0.3,6.97,0.084,27.09,3.7,89.4
2018-08-01T23:15:00Z,GYK,Greys_Creek,38.44901667,-75.13245,0.3,7.43,0.08,27.24,3.91,95.8
2018-08-01T23:30:00Z,GYK,Greys_Creek,38.44901667,-75.13245,0.3,8.18,0.055,27.3,3.35,105.2
2018-08-01T23:45:00Z,GYK,Greys_Creek,38.44901667,-75.13245,0.3,7.73,0.051,27.13,3.23,99.0
2018-08-02T00:00:00Z,GYK,Greys_Creek,38.44901667,-75.13245,0.3,8.06,0.049,27.3,3.49,103.7
2018-08-02T00:15:00Z,GYK,Greys_Creek,38.44901667,-75.13245,0.3,7.89,0.051,27.27,3.77,101.6
2018-08-02T00:30:00Z,GYK,Greys_Creek,38.44901667,-75.13245,0.3,8.11,0.05,27.27,3.62,104.3
2018-08-02T00:45:00Z,GYK,Greys_Creek,38.44901667,-75.13245,0.3,8.04,0.054,27.5,3.97,104.0
2018-08-02T01:00:00Z,GYK,Greys_Creek,38.44901667,-75.13245,0.3,7.75,0.06,27.08,4.65,99.9
2018-08-02T01:15:00Z,GYK,Greys_Creek,38.44901667,-75.13245,0.3,7.63,0.062,26.99,4.55,98.2
2018-08-02T01:30:00Z,GYK,Greys_Creek,38.44901667,-75.13245,0.3,7.71,0.06,27.25,4.5,99.7
2018-08-02T01:45:00Z,GYK,Greys_Creek,38.44901667,-75.13245,0.3,7.03,0.069,26.93,4.5,90.3
2018-08-02T02:00:00Z,GYK,Greys_Creek,38.44901667,-75.13245,0.3,8.13,0.099,27.15,5.17,105.3
2018-08-02T02:15:00Z,GYK,Greys_Creek,38.44901667,-75.13245,0.3,8.37,0.111,27.0,5.53,108.3
2018-08-02T02:30:00Z,GYK,Greys_Creek,38.44901667,-75.13245,0.3,7.04,0.121,26.84,5.11,90.7
2018-08-02T02:45:00Z,GYK,Greys_Creek,38.44901667,-75.13245,0.3,8.35,0.145,26.94,5.07,107.6
2018-08-02T03:00:00Z,GYK,Greys_Creek,38.44901667,-75.13245,0.3,8.8,0.168,27.2,5.81,114.4
2018-08-02T03:15:00Z,GYK,Greys_Creek,38.44901667,-75.13245,0.3,7.85,0.187,27.09,6.21,102.2
2018-08-02T03:30:00Z,GYK,Greys_Creek,38.44901667,-75.13245,0.3,7.3,0.19,26.54,5.95,93.9
2018-08-02T03:45:00Z,GYK,Greys_Creek,38.44901667,-75.13245,0.3,8.57,0.208,27.15,6.12,111.6
2018-08-02T04:00:00Z,GYK,Greys_Creek,38.44901667,-75.13245,0.3,9.19,0.235,28.58,9.87,125.3
2018-08-02T04:15:00Z,GYK,Greys_Creek,38.44901667,-75.13245,0.3,9.67,0.241,27.91,9.33,130.0
2018-08-02T04:30:00Z,GYK,Greys_Creek,38.44901667,-75.13245,0.3,8.79,0.255,28.1,8.48,118.0
2018-08-02T04:45:00Z,GYK,Greys_Creek,38.44901667,-75.13245,0.3,8.51,0.27,29.05,13.26,119.2
2018-08-02T05:00:00Z,GYK,Greys_Creek,38.44901667,-75.13245,0.3,6.92,0.281,28.94,13.56,96.8
2018-08-02T05:15:00Z,GYK,Greys_Creek,38.44901667,-75.13245,0.3,6.74,0.295,28.91,13.79,94.5
2018-08-02T05:30:00Z,GYK,Greys_Creek,38.44901667,-75.13245,0.3,7.62,0.304,28.99,14.49,107.3
2018-08-02T05:45:00Z,GYK,Greys_Creek,38.44901667,-75.13245,0.3,7.71,0.311,29.02,14.78,108.8
2018-08-02T06:00:00Z,GYK,Greys_Creek,38.44901667,-75.13245,0.3,7.85,0.32,28.99,14.81,110.8
2018-08-02T06:15:00Z,GYK,Greys_Creek,38.44901667,-75.13245,0.3,7.62,0.325,28.94,14.66,107.4
2018-08-02T06:30:00Z,GYK,Greys_Creek,38.44901667,-75.13245,0.3,7.18,0.329,28.98,14.82,101.3
2018-08-02T06:45:00Z,GYK,Greys_Creek,38.44901667,-75.13245,0.3,8.36,0.311,28.53,10.92,114.5
2018-08-02T07:00:00Z,GYK,Greys_Creek,38.44901667,-75.13245,0.3,8.31,0.29,28.42,10.43,113.3
2018-08-02T07:15:00Z,GYK,Greys_Creek,38.44901667,-75.13245,0.3,8.18,0.268,27.74,7.93,108.7
2018-08-02T07:30:00Z,GYK,Greys_Creek,38.44901667,-75.13245,0.3,7.35,0.248,26.77,6.45,95.2
2018-08-02T07:45:00Z,GYK,Greys_Creek,38.44901667,-75.13245,0.3,6.18,0.237,26.61,7.26,80.2
2018-08-02T08:00:00Z,GYK,Greys_Creek,38.44901667,-75.13245,0.3,4.35,0.217,26.03,4.58,55.1
2018-08-02T08:15:00Z,GYK,Greys_Creek,38.44901667,-75.13245,0.3,4.9,0.216,27.29,7.91,64.6
2018-08-02T08:30:00Z,GYK,Greys_Creek,38.44901667,-75.13245,0.3,7.07,0.195,26.94,5.11,91.2
2018-08-02T08:45:00Z,GYK,Greys_Creek,38.44901667,-75.13245,0.3,4.24,0.186,25.71,3.69,53.0
2018-08-02T09:00:00Z,GYK,Greys_Creek,38.44901667,-75.13245,0.3,3.99,0.179,25.65,3.49,49.8
2018-08-02T09:15:00Z,GYK,Greys_Creek,38.44901667,-75.13245,0.3,4.7,0.164,25.71,3.6,58.8
2018-08-02T09:30:00Z,GYK,Greys_Creek,38.44901667,-75.13245,0.3,4.11,0.144,25.69,3.68,51.4
2018-08-02T09:45:00Z,GYK,Greys_Creek,38.44901667,-75.13245,0.3,3.36,0.124,25.76,4.23,42.2
2018-08-02T10:00:00Z,GYK,Greys_Creek,38.44901667,-75.13245,0.3,3.29,0.114,25.55,3.77,41.1
2018-08-02T10:15:00Z,GYK,Greys_Creek,38.44901667,-75.13245,0.3,3.71,0.103,25.68,4.04,46.5
2018-08-02T10:30:00Z,GYK,Greys_Creek,38.44901667,-75.13245,0.3,3.82,0.087,25.47,3.62,47.6
2018-08-02T10:45:00Z,GYK,Greys_Creek,38.44901667,-75.13245,0.3,3.71,0.075,25.44,3.55,46.2
2018-08-02T11:00:00Z,GYK,Greys_Creek,38.44901667,-75.13245,0.3,3.94,0.073,25.18,2.96,48.6
2018-08-02T11:15:00Z,GYK,Greys_Creek,38.44901667,-75.13245,0.3,3.97,0.077,25.18,2.94,49.0
2018-08-02T11:30:00Z,GYK,Greys_Creek,38.44901667,-75.13245,0.3,4.09,0.074,25.23,3.12,50.6
2018-08-02T11:45:00Z,GYK,Greys_Creek,38.44901667,-75.13245,0.3,4.2,0.076,25.2,3.01,51.9
2018-08-02T12:00:00Z,GYK,Greys_Creek,38.44901667,-75.13245,0.3,4.04,0.078,25.09,2.71,49.7
2018-08-02T12:15:00Z,GYK,Greys_Creek,38.44901667,-75.13245,0.3,3.65,NaN,25.09,2.59,45.0
2018-08-02T12:30:00Z,GYK,Greys_Creek,38.44901667,-75.13245,0.3,4.05,NaN,25.08,2.35,49.7
2018-08-02T12:45:00Z,GYK,Greys_Creek,38.44901667,-75.13245,0.3,5.43,NaN,25.46,2.68,67.3
2018-08-02T13:00:00Z,GYK,Greys_Creek,38.44901667,-75.13245,0.3,4.29,NaN,25.13,1.68,52.6
2018-08-02T13:15:00Z,GYK,Greys_Creek,38.44901667,-75.13245,0.3,4.56,NaN,25.4,2.44,56.4
2018-08-02T13:30:00Z,GYK,Greys_Creek,38.44901667,-75.13245,0.3,4.99,NaN,26.06,4.97,63.3
2018-08-02T13:45:00Z,GYK,Greys_Creek,38.44901667,-75.13245,0.3,4.63,NaN,25.81,3.35,58.0
2018-08-02T14:00:00Z,GYK,Greys_Creek,38.44901667,-75.13245,0.3,5.26,NaN,26.1,3.59,66.3
2018-08-02T14:15:00Z,GYK,Greys_Creek,38.44901667,-75.13245,0.3,6.34,NaN,27.07,5.49,82.1
2018-08-02T14:30:00Z,GYK,Greys_Creek,38.44901667,-75.13245,0.3,5.63,NaN,27.45,5.6,73.5
2018-08-02T14:45:00Z,GYK,Greys_Creek,38.44901667,-75.13245,0.3,8.4,NaN,28.76,7.74,113.5
2018-08-02T15:00:00Z,GYK,Greys_Creek,38.44901667,-75.13245,0.3,10.22,0.083,29.15,6.94,138.5
2018-08-02T15:15:00Z,GYK,Greys_Creek,38.44901667,-75.13245,0.3,13.78,0.094,29.87,8.04,190.1
2018-08-02T15:30:00Z,GYK,Greys_Creek,38.44901667,-75.13245,0.3,14.56,0.116,30.17,8.61,202.5
2018-08-02T15:45:00Z,GYK,Greys_Creek,38.44901667,-75.13245,0.3,16.89,0.153,30.21,10.33,237.4
2018-08-02T16:00:00Z,GYK,Greys_Creek,38.44901667,-75.13245,0.3,17.33,0.168,30.67,10.39,245.4
2018-08-02T16:15:00Z,GYK,Greys_Creek,38.44901667,-75.13245,0.3,12.49,0.168,30.41,7.58,173.5
2018-08-02T16:30:00Z,GYK,Greys_Creek,38.44901667,-75.13245,0.3,12.44,0.202,30.87,8.56,175.0
2018-08-02T16:45:00Z,GYK,Greys_Creek,38.44901667,-75.13245,0.3,16.83,0.216,30.77,9.7,237.9
2018-08-02T17:00:00Z,GYK,Greys_Creek,38.44901667,-75.13245,0.3,12.68,0.201,30.91,8.03,178.1
2018-08-02T17:15:00Z,GYK,Greys_Creek,38.44901667,-75.13245,0.3,17.18,0.201,30.67,7.87,240.1
2018-08-02T17:30:00Z,GYK,Greys_Creek,38.44901667,-75.13245,0.3,18.53,0.226,30.91,12.3,266.3
2018-08-02T17:45:00Z,GYK,Greys_Creek,38.44901667,-75.13245,0.3,18.28,0.254,30.82,13.81,264.5
2018-08-02T18:00:00Z,GYK,Greys_Creek,38.44901667,-75.13245,0.3,19.68,0.235,31.8,10.1,283.6
2018-08-02T18:15:00Z,GYK,Greys_Creek,38.44901667,-75.13245,0.3,18.81,0.232,31.11,9.19,266.6
2018-08-02T18:30:00Z,GYK,Greys_Creek,38.44901667,-75.13245,0.3,17.98,0.263,31.43,9.72,256.9
2018-08-02T18:45:00Z,GYK,Greys_Creek,38.44901667,-75.13245,0.3,18.38,0.258,32.1,9.73,265.6
2018-08-02T19:00:00Z,GYK,Greys_Creek,38.44901667,-75.13245,0.3,16.74,0.253,31.9,9.06,240.3
2018-08-02T19:15:00Z,GYK,Greys_Creek,38.44901667,-75.13245,0.3,19.78,0.235,31.8,9.12,283.5
2018-08-02T19:30:00Z,GYK,Greys_Creek,38.44901667,-75.13245,0.3,18.04,0.254,31.82,8.56,257.9
2018-08-02T19:45:00Z,GYK,Greys_Creek,38.44901667,-75.13245,0.3,15.91,0.242,32.19,8.35,228.5
2018-08-02T20:00:00Z,GYK,Greys_Creek,38.44901667,-75.13245,0.3,16.22,0.227,31.85,7.69,230.9
2018-08-02T20:15:00Z,GYK,Greys_Creek,38.44901667,-75.13245,0.3,14.97,0.196,31.73,7.28,212.3
2018-08-02T20:30:00Z,GYK,Greys_Creek,38.44901667,-75.13245,0.3,8.01,0.173,29.32,5.14,107.7
2018-08-02T20:45:00Z,GYK,Greys_Creek,38.44901667,-75.13245,0.3,8.33,0.164,29.33,4.74,111.8
2018-08-02T21:00:00Z,GYK,Greys_Creek,38.44901667,-75.13245,0.3,9.04,0.162,28.95,6.12,121.5
2018-08-02T21:15:00Z,GYK,Greys_Creek,38.44901667,-75.13245,0.3,10.68,0.139,29.74,6.14,145.5
2018-08-02T21:30:00Z,GYK,Greys_Creek,38.44901667,-75.13245,0.3,11.33,0.137,30.22,6.34,155.7
2018-08-02T21:45:00Z,GYK,Greys_Creek,38.44901667,-75.13245,0.3,10.22,0.124,30.05,5.34,139.3
2018-08-02T22:00:00Z,GYK,Greys_Creek,38.44901667,-75.13245,0.3,10.73,0.136,29.68,5.37,145.4
2018-08-02T22:15:00Z,GYK,Greys_Creek,38.44901667,-75.13245,0.3,10.0,0.104,29.49,5.06,134.8
2018-08-02T22:30:00Z,GYK,Greys_Creek,38.44901667,-75.13245,0.3,8.55,0.09,28.76,4.2,113.3
2018-08-02T22:45:00Z,GYK,Greys_Creek,38.44901667,-75.13245,0.3,7.9,0.076,28.17,4.06,103.5
2018-08-02T23:00:00Z,GYK,Greys_Creek,38.44901667,-75.13245,0.3,8.96,0.076,28.55,3.86,118.0
2018-08-02T23:15:00Z,GYK,Greys_Creek,38.44901667,-75.13245,0.3,7.41,0.073,28.02,3.18,96.3
2018-08-02T23:30:00Z,GYK,Greys_Creek,38.44901667,-75.13245,0.3,7.47,0.067,27.84,3.06,96.8
2018-08-02T23:45:00Z,GYK,Greys_Creek,38.44901667,-75.13245,0.3,7.05,0.068,27.63,2.64,90.8
2018-08-03T00:00:00Z,GYK,Greys_Creek,38.44901667,-75.13245,0.3,7.89,0.066,28.03,3.71,102.9
2018-08-03T00:15:00Z,GYK,Greys_Creek,38.44901667,-75.13245,0.3,7.32,0.066,27.75,3.71,95.1
2018-08-03T00:30:00Z,GYK,Greys_Creek,38.44901667,-75.13245,0.3,8.03,0.071,28.0,3.52,104.6
2018-08-03T00:45:00Z,GYK,Greys_Creek,38.44901667,-75.13245,0.3,7.19,0.071,27.56,2.92,92.6
2018-08-03T01:00:00Z,GYK,Greys_Creek,38.44901667,-75.13245,0.3,6.96,0.074,27.25,2.48,88.9
2018-08-03T01:15:00Z,GYK,Greys_Creek,38.44901667,-75.13245,0.3,7.61,0.079,27.42,2.41,97.5
2018-08-03T01:30:00Z,GYK,Greys_Creek,38.44901667,-75.13245,0.3,8.58,0.078,28.06,3.47,111.9
2018-08-03T01:45:00Z,GYK,Greys_Creek,38.44901667,-75.13245,0.3,8.57,0.078,27.89,2.78,111.0
2018-08-03T02:00:00Z,GYK,Greys_Creek,38.44901667,-75.13245,0.3,8.16,0.077,27.45,3.34,105.1
2018-08-03T02:15:00Z,GYK,Greys_Creek,38.44901667,-75.13245,0.3,8.12,0.08,27.6,3.39,105.0
2018-08-03T02:30:00Z,GYK,Greys_Creek,38.44901667,-75.13245,0.3,7.35,0.079,27.37,3.95,94.9
2018-08-03T02:45:00Z,GYK,Greys_Creek,38.44901667,-75.13245,0.3,7.84,0.082,27.34,4.53,101.5
2018-08-03T03:00:00Z,GYK,Greys_Creek,38.44901667,-75.13245,0.3,9.37,0.084,27.36,4.77,121.5
2018-08-03T03:15:00Z,GYK,Greys_Creek,38.44901667,-75.13245,0.3,8.75,0.084,27.79,5.69,115.0
2018-08-03T03:30:00Z,GYK,Greys_Creek,38.44901667,-75.13245,0.3,7.41,0.097,26.63,4.86,94.9
2018-08-03T03:45:00Z,GYK,Greys_Creek,38.44901667,-75.13245,0.3,8.6,0.119,28.09,5.82,113.6
2018-08-03T04:00:00Z,GYK,Greys_Creek,38.44901667,-75.13245,0.3,7.15,0.146,28.74,8.29,96.9
2018-08-03T04:15:00Z,GYK,Greys_Creek,38.44901667,-75.13245,0.3,7.25,0.157,28.14,7.63,96.8
2018-08-03T04:30:00Z,GYK,Greys_Creek,38.44901667,-75.13245,0.3,6.62,0.174,28.22,7.27,88.4
2018-08-03T04:45:00Z,GYK,Greys_Creek,38.44901667,-75.13245,0.3,7.08,0.187,28.72,9.33,96.5
2018-08-03T05:00:00Z,GYK,Greys_Creek,38.44901667,-75.13245,0.3,5.78,0.202,28.58,9.1,78.4
2018-08-03T05:15:00Z,GYK,Greys_Creek,38.44901667,-75.13245,0.3,4.76,0.216,28.88,9.64,65.1
2018-08-03T05:30:00Z,GYK,Greys_Creek,38.44901667,-75.13245,0.3,5.49,0.227,29.06,10.8,75.9
2018-08-03T05:45:00Z,GYK,Greys_Creek,38.44901667,-75.13245,0.3,5.86,0.237,28.97,11.22,81.0
2018-08-03T06:00:00Z,GYK,Greys_Creek,38.44901667,-75.13245,0.3,5.66,0.249,29.38,12.23,79.2
2018-08-03T06:15:00Z,GYK,Greys_Creek,38.44901667,-75.13245,0.3,4.98,0.259,29.48,12.62,70.0
2018-08-03T06:30:00Z,GYK,Greys_Creek,38.44901667,-75.13245,0.3,4.69,0.261,29.17,7.26,63.6
2018-08-03T06:45:00Z,GYK,Greys_Creek,38.44901667,-75.13245,0.3,4.98,0.26,29.04,6.91,67.3
2018-08-03T07:00:00Z,GYK,Greys_Creek,38.44901667,-75.13245,0.3,5.2,0.261,29.14,7.34,70.6
2018-08-03T07:15:00Z,GYK,Greys_Creek,38.44901667,-75.13245,0.3,5.33,0.258,29.49,11.03,74.3
2018-08-03T07:30:00Z,GYK,Greys_Creek,38.44901667,-75.13245,0.3,7.57,0.248,28.84,8.41,102.9
2018-08-03T07:45:00Z,GYK,Greys_Creek,38.44901667,-75.13245,0.3,8.21,0.232,28.37,7.5,110.0
2018-08-03T08:00:00Z,GYK,Greys_Creek,38.44901667,-75.13245,0.3,6.94,0.217,28.03,6.48,92.0
2018-08-03T08:15:00Z,GYK,Greys_Creek,38.44901667,-75.13245,0.3,7.57,0.203,28.38,6.55,101.0
2018-08-03T08:30:00Z,GYK,Greys_Creek,38.44901667,-75.13245,0.3,4.2,0.189,26.71,4.64,53.8
2018-08-03T08:45:00Z,GYK,Greys_Creek,38.44901667,-75.13245,0.3,3.23,0.179,26.64,4.79,41.4
2018-08-03T09:00:00Z,GYK,Greys_Creek,38.44901667,-75.13245,0.3,3.02,0.168,26.43,4.41,38.4
2018-08-03T09:15:00Z,GYK,Greys_Creek,38.44901667,-75.13245,0.3,3.11,0.157,26.29,4.27,39.5
2018-08-03T09:30:00Z,GYK,Greys_Creek,38.44901667,-75.13245,0.3,3.16,0.144,26.29,4.29,40.1
2018-08-03T09:45:00Z,GYK,Greys_Creek,38.44901667,-75.13245,0.3,3.66,0.126,26.2,4.34,46.4
2018-08-03T10:00:00Z,GYK,Greys_Creek,38.44901667,-75.13245,0.3,3.37,0.113,25.94,3.71,42.4
2018-08-03T10:15:00Z,GYK,Greys_Creek,38.44901667,-75.13245,0.3,3.43,0.1,25.86,3.71,43.0
2018-08-03T10:30:00Z,GYK,Greys_Creek,38.44901667,-75.13245,0.3,3.36,NaN,25.66,3.33,42.0
2018-08-03T10:45:00Z,GYK,Greys_Creek,38.44901667,-75.13245,0.3,3.48,NaN,25.41,2.85,43.2
2018-08-03T11:00:00Z,GYK,Greys_Creek,38.44901667,-75.13245,0.3,3.29,NaN,25.37,2.99,40.7
2018-08-03T11:15:00Z,GYK,Greys_Creek,38.44901667,-75.13245,0.3,3.55,NaN,25.49,3.09,44.1
2018-08-03T11:30:00Z,GYK,Greys_Creek,38.44901667,-75.13245,0.3,3.88,NaN,25.28,2.6,47.9
2018-08-03T11:45:00Z,GYK,Greys_Creek,38.44901667,-75.13245,0.3,4.08,NaN,25.23,2.32,50.2
2018-08-03T12:00:00Z,GYK,Greys_Creek,38.44901667,-75.13245,0.3,3.81,NaN,25.32,2.67,47.0
2018-08-03T12:15:00Z,GYK,Greys_Creek,38.44901667,-75.13245,0.3,3.82,NaN,25.39,2.81,47.3
2018-08-03T12:30:00Z,GYK,Greys_Creek,38.44901667,-75.13245,0.3,3.97,NaN,25.5,2.89,49.2
2018-08-03T12:45:00Z,GYK,Greys_Creek,38.44901667,-75.13245,0.3,4.69,NaN,26.27,4.8,59.6
2018-08-03T13:00:00Z,GYK,Greys_Creek,38.44901667,-75.13245,0.3,4.62,NaN,25.92,3.77,58.1
2018-08-03T13:15:00Z,GYK,Greys_Creek,38.44901667,-75.13245,0.3,5.17,NaN,26.27,3.83,65.5
2018-08-03T13:30:00Z,GYK,Greys_Creek,38.44901667,-75.13245,0.3,14.26,NaN,27.07,4.13,183.3
2018-08-03T13:45:00Z,GYK,Greys_Creek,38.44901667,-75.13245,0.3,7.89,NaN,26.93,3.62,100.9
2018-08-03T14:00:00Z,GYK,Greys_Creek,38.44901667,-75.13245,0.3,7.3,NaN,27.11,4.76,94.3
2018-08-03T14:15:00Z,GYK,Greys_Creek,38.44901667,-75.13245,0.3,10.42,NaN,27.54,5.02,135.8
2018-08-03T14:30:00Z,GYK,Greys_Creek,38.44901667,-75.13245,0.3,9.95,NaN,28.12,5.05,130.9
2018-08-03T14:45:00Z,GYK,Greys_Creek,38.44901667,-75.13245,0.3,10.64,NaN,28.4,5.46,141.1
2018-08-03T15:00:00Z,GYK,Greys_Creek,38.44901667,-75.13245,0.3,10.73,NaN,28.47,6.03,142.9
2018-08-03T15:15:00Z,GYK,Greys_Creek,38.44901667,-75.13245,0.3,10.76,NaN,28.99,7.17,145.6
2018-08-03T15:30:00Z,GYK,Greys_Creek,38.44901667,-75.13245,0.3,11.88,NaN,29.14,7.12,161.0
2018-08-03T15:45:00Z,GYK,Greys_Creek,38.44901667,-75.13245,0.3,12.0,NaN,29.67,7.4,164.4
2018-08-03T16:00:00Z,GYK,Greys_Creek,38.44901667,-75.13245,0.3,12.49,0.11,29.77,7.47,171.5
2018-08-03T16:15:00Z,GYK,Greys_Creek,38.44901667,-75.13245,0.3,12.0,0.117,29.74,7.41,164.6
2018-08-03T16:30:00Z,GYK,Greys_Creek,38.44901667,-75.13245,0.3,13.77,0.101,30.1,5.83,188.4
2018-08-03T16:45:00Z,GYK,Greys_Creek,38.44901667,-75.13245,0.3,12.71,0.113,30.07,8.73,176.5
2018-08-03T17:00:00Z,GYK,Greys_Creek,38.44901667,-75.13245,0.3,13.54,0.149,30.27,12.0,192.2
2018-08-03T17:15:00Z,GYK,Greys_Creek,38.44901667,-75.13245,0.3,15.26,0.18,30.59,11.47,217.2
2018-08-03T17:30:00Z,GYK,Greys_Creek,38.44901667,-75.13245,0.3,16.65,0.2,31.2,11.2,239.0
2018-08-03T17:45:00Z,GYK,Greys_Creek,38.44901667,-75.13245,0.3,14.47,0.214,32.19,9.08,208.7
2018-08-03T18:00:00Z,GYK,Greys_Creek,38.44901667,-75.13245,0.3,15.24,0.218,32.33,9.5,220.8
2018-08-03T18:15:00Z,GYK,Greys_Creek,38.44901667,-75.13245,0.3,15.39,0.24,32.55,9.58,224.0
2018-08-03T18:30:00Z,GYK,Greys_Creek,38.44901667,-75.13245,0.3,16.84,0.274,31.71,11.58,244.3
2018-08-03T18:45:00Z,GYK,Greys_Creek,38.44901667,-75.13245,0.3,15.94,0.277,32.35,10.93,232.8
2018-08-03T19:00:00Z,GYK,Greys_Creek,38.44901667,-75.13245,0.3,17.28,0.262,31.73,7.53,245.3
2018-08-03T19:15:00Z,GYK,Greys_Creek,38.44901667,-75.13245,0.3,16.61,0.254,31.54,9.84,238.0
2018-08-03T19:30:00Z,GYK,Greys_Creek,38.44901667,-75.13245,0.3,14.27,0.296,31.25,13.32,207.3
2018-08-03T19:45:00Z,GYK,Greys_Creek,38.44901667,-75.13245,0.3,15.77,0.294,31.94,11.42,229.4
2018-08-03T20:00:00Z,GYK,Greys_Creek,38.44901667,-75.13245,0.3,16.59,0.252,31.89,7.82,236.5
2018-08-03T20:15:00Z,GYK,Greys_Creek,38.44901667,-75.13245,0.3,16.14,0.226,31.55,7.81,228.7
2018-08-03T20:30:00Z,GYK,Greys_Creek,38.44901667,-75.13245,0.3,12.99,0.255,31.2,12.73,188.0
2018-08-03T20:45:00Z,GYK,Greys_Creek,38.44901667,-75.13245,0.3,14.06,0.272,31.51,13.09,205.0
2018-08-03T21:00:00Z,GYK,Greys_Creek,38.44901667,-75.13245,0.3,14.33,0.235,31.17,8.26,202.3
2018-08-03T21:15:00Z,GYK,Greys_Creek,38.44901667,-75.13245,0.3,15.82,0.199,31.34,NaN,223.1
2018-08-03T21:30:00Z,GYK,Greys_Creek,38.44901667,-75.13245,0.3,8.87,0.197,29.92,NaN,122.7
2018-08-03T21:45:00Z,GYK,Greys_Creek,38.44901667,-75.13245,0.3,10.21,0.202,30.01,NaN,140.9
2018-08-03T22:00:00Z,GYK,Greys_Creek,38.44901667,-75.13245,0.3,10.67,0.178,30.12,NaN,147.1
2018-08-03T22:15:00Z,GYK,Greys_Creek,38.44901667,-75.13245,0.3,12.0,0.149,29.99,NaN,164.1
2018-08-03T22:30:00Z,GYK,Greys_Creek,38.44901667,-75.13245,0.3,7.41,0.138,28.68,NaN,98.6
2018-08-03T22:45:00Z,GYK,Greys_Creek,38.44901667,-75.13245,0.3,8.27,0.133,29.04,NaN,111.5
2018-08-03T23:00:00Z,GYK,Greys_Creek,38.44901667,-75.13245,0.3,7.84,0.128,28.48,NaN,103.9
2018-08-03T23:15:00Z,GYK,Greys_Creek,38.44901667,-75.13245,0.3,7.75,0.107,28.32,NaN,102.0
2018-08-03T23:30:00Z,GYK,Greys_Creek,38.44901667,-75.13245,0.3,8.26,0.093,28.25,NaN,108.4
2018-08-03T23:45:00Z,GYK,Greys_Creek,38.44901667,-75.13245,0.3,9.93,NaN,28.5,NaN,131.0
2018-08-04T00:00:00Z,GYK,Greys_Creek,38.44901667,-75.13245,0.3,8.6,NaN,28.1,NaN,112.2
2018-08-04T00:15:00Z,GYK,Greys_Creek,38.44901667,-75.13245,0.3,8.57,NaN,28.02,NaN,111.5
2018-08-04T00:30:00Z,GYK,Greys_Creek,38.44901667,-75.13245,0.3,7.87,NaN,27.68,NaN,101.6
2018-08-04T00:45:00Z,GYK,Greys_Creek,38.44901667,-75.13245,0.3,8.08,NaN,27.63,NaN,104.1
2018-08-04T01:00:00Z,GYK,Greys_Creek,38.44901667,-75.13245,0.3,7.04,NaN,27.06,NaN,89.3
2018-08-04T01:15:00Z,GYK,Greys_Creek,38.44901667,-75.13245,0.3,7.37,NaN,26.72,NaN,92.6
2018-08-04T01:30:00Z,GYK,Greys_Creek,38.44901667,-75.13245,0.3,7.8,NaN,26.85,NaN,98.6
2018-08-04T01:45:00Z,GYK,Greys_Creek,38.44901667,-75.13245,0.3,7.06,NaN,26.97,NaN,89.6
2018-08-04T02:00:00Z,GYK,Greys_Creek,38.44901667,-75.13245,0.3,7.58,NaN,26.86,NaN,96.2
2018-08-04T02:15:00Z,GYK,Greys_Creek,38.44901667,-75.13245,0.3,7.34,NaN,27.05,NaN,93.6
2018-08-04T02:30:00Z,GYK,Greys_Creek,38.44901667,-75.13245,0.3,7.52,NaN,27.0,NaN,95.8
2018-08-04T02:45:00Z,GYK,Greys_Creek,38.44901667,-75.13245,0.3,7.09,NaN,26.93,NaN,90.3
2018-08-04T03:00:00Z,GYK,Greys_Creek,38.44901667,-75.13245,0.3,8.25,NaN,26.17,NaN,103.4
2018-08-04T03:15:00Z,GYK,Greys_Creek,38.44901667,-75.13245,0.3,7.14,NaN,27.16,NaN,91.5
2018-08-04T03:30:00Z,GYK,Greys_Creek,38.44901667,-75.13245,0.3,7.83,NaN,26.54,NaN,100.0
2018-08-04T03:45:00Z,GYK,Greys_Creek,38.44901667,-75.13245,0.3,7.96,NaN,26.89,NaN,102.6
2018-08-04T04:00:00Z,GYK,Greys_Creek,38.44901667,-75.13245,0.3,7.88,NaN,26.89,NaN,101.7
2018-08-04T04:15:00Z,GYK,Greys_Creek,38.44901667,-75.13245,0.3,7.85,NaN,26.94,NaN,101.5
2018-08-04T04:30:00Z,GYK,Greys_Creek,38.44901667,-75.13245,0.3,7.49,0.1,26.89,NaN,96.8
2018-08-04T04:45:00Z,GYK,Greys_Creek,38.44901667,-75.13245,0.3,7.25,0.12,27.01,NaN,94.0
2018-08-04T05:00:00Z,GYK,Greys_Creek,38.44901667,-75.13245,0.3,7.55,0.131,27.17,NaN,98.3
2018-08-04T05:15:00Z,GYK,Greys_Creek,38.44901667,-75.13245,0.3,6.9,0.139,26.5,NaN,88.6
2018-08-04T05:30:00Z,GYK,Greys_Creek,38.44901667,-75.13245,0.3,7.1,0.16,26.78,NaN,91.6
2018-08-04T05:45:00Z,GYK,Greys_Creek,38.44901667,-75.13245,0.3,7.17,0.174,26.63,NaN,92.3
2018-08-04T06:00:00Z,GYK,Greys_Creek,38.44901667,-75.13245,0.3,7.24,0.181,26.53,NaN,93.0
2018-08-04T06:15:00Z,GYK,Greys_Creek,38.44901667,-75.13245,0.3,7.0,0.189,26.77,NaN,90.0
2018-08-04T06:30:00Z,GYK,Greys_Creek,38.44901667,-75.13245,0.3,4.91,0.207,27.17,NaN,63.9
2018-08-04T06:45:00Z,GYK,Greys_Creek,38.44901667,-75.13245,0.3,5.8,0.215,27.54,NaN,76.2
2018-08-04T07:00:00Z,GYK,Greys_Creek,38.44901667,-75.13245,0.3,6.92,0.216,26.41,NaN,88.8
2018-08-04T07:15:00Z,GYK,Greys_Creek,38.44901667,-75.13245,0.3,8.06,0.225,28.13,NaN,106.9
2018-08-04T07:30:00Z,GYK,Greys_Creek,38.44901667,-75.13245,0.3,8.09,0.23,28.1,NaN,107.5
2018-08-04T07:45:00Z,GYK,Greys_Creek,38.44901667,-75.13245,0.3,7.69,0.23,27.34,NaN,100.4
2018-08-04T08:00:00Z,GYK,Greys_Creek,38.44901667,-75.13245,0.3,7.51,0.23,27.23,NaN,97.9
2018-08-04T08:15:00Z,GYK,Greys_Creek,38.44901667,-75.13245,0.3,8.39,0.223,28.29,NaN,111.8
2018-08-04T08:30:00Z,GYK,Greys_Creek,38.44901667,-75.13245,0.3,8.05,0.211,27.02,NaN,104.1
2018-08-04T08:45:00Z,GYK,Greys_Creek,38.44901667,-75.13245,0.3,7.76,0.201,27.88,NaN,102.8
2018-08-04T09:00:00Z,GYK,Greys_Creek,38.44901667,-75.13245,0.3,8.15,0.178,27.95,NaN,107.9
2018-08-04T09:15:00Z,GYK,Greys_Creek,38.44901667,-75.13245,0.3,7.78,0.165,27.05,NaN,100.0
2018-08-04T09:30:00Z,GYK,Greys_Creek,38.44901667,-75.13245,0.3,3.93,0.157,26.61,NaN,50.1
2018-08-04T09:45:00Z,GYK,Greys_Creek,38.44901667,-75.13245,0.3,3.74,0.146,26.47,NaN,47.7
2018-08-04T10:00:00Z,GYK,Greys_Creek,38.44901667,-75.13245,0.3,3.45,0.13,25.98,NaN,43.4
2018-08-04T10:15:00Z,GYK,Greys_Creek,38.44901667,-75.13245,0.3,3.49,0.115,25.99,NaN,43.9
2018-08-04T10:30:00Z,GYK,Greys_Creek,38.44901667,-75.13245,0.3,3.25,0.102,25.56,NaN,40.5
2018-08-04T10:45:00Z,GYK,Greys_Creek,38.44901667,-75.13245,0.3,3.41,0.092,25.42,NaN,42.3
2018-08-04T11:00:00Z,GYK,Greys_Creek,38.44901667,-75.13245,0.3,3.43,0.08,25.35,NaN,42.4
2018-08-04T11:15:00Z,GYK,Greys_Creek,38.44901667,-75.13245,0.3,3.59,NaN,25.29,NaN,44.3
2018-08-04T11:30:00Z,GYK,Greys_Creek,38.44901667,-75.13245,0.3,4.09,NaN,25.27,NaN,50.5
2018-08-04T11:45:00Z,GYK,Greys_Creek,38.44901667,-75.13245,0.3,3.78,NaN,25.01,NaN,46.4
2018-08-04T12:00:00Z,GYK,Greys_Creek,38.44901667,-75.13245,0.3,3.92,NaN,24.87,NaN,47.9
2018-08-04T12:15:00Z,GYK,Greys_Creek,38.44901667,-75.13245,0.3,4.05,NaN,24.97,NaN,49.5
2018-08-04T12:30:00Z,GYK,Greys_Creek,38.44901667,-75.13245,0.3,4.34,NaN,25.09,NaN,53.3
2018-08-04T12:45:00Z,GYK,Greys_Creek,38.44901667,-75.13245,0.3,4.59,NaN,25.29,NaN,56.6
2018-08-04T13:00:00Z,GYK,Greys_Creek,38.44901667,-75.13245,0.3,3.81,NaN,25.04,NaN,46.8
2018-08-04T13:15:00Z,GYK,Greys_Creek,38.44901667,-75.13245,0.3,4.04,NaN,25.08,NaN,49.3
2018-08-04T13:30:00Z,GYK,Greys_Creek,38.44901667,-75.13245,0.3,4.51,NaN,25.04,NaN,54.9
2018-08-04T13:45:00Z,GYK,Greys_Creek,38.44901667,-75.13245,0.3,5.48,NaN,25.63,NaN,67.7
2018-08-04T14:00:00Z,GYK,Greys_Creek,38.44901667,-75.13245,0.3,4.63,NaN,25.85,NaN,57.4
2018-08-04T14:15:00Z,GYK,Greys_Creek,38.44901667,-75.13245,0.3,5.5,NaN,25.81,NaN,68.1
2018-08-04T14:30:00Z,GYK,Greys_Creek,38.44901667,-75.13245,0.3,NaN,NaN,NaN,NaN,NaN
2018-08-04T14:45:00Z,GYK,Greys_Creek,38.44901667,-75.13245,0.3,NaN,NaN,NaN,NaN,NaN
2018-08-04T15:00:00Z,GYK,Greys_Creek,38.44901667,-75.13245,0.3,NaN,NaN,NaN,NaN,NaN
2018-08-04T15:15:00Z,GYK,Greys_Creek,38.44901667,-75.13245,0.3,NaN,NaN,NaN,NaN,NaN
2018-08-04T15:30:00Z,GYK,Greys_Creek,38.44901667,-75.13245,0.3,NaN,NaN,NaN,NaN,NaN
2018-08-04T15:45:00Z,GYK,Greys_Creek,38.44901667,-75.13245,0.3,NaN,NaN,NaN,NaN,NaN
2018-08-04T16:00:00Z,GYK,Greys_Creek,38.44901667,-75.13245,0.3,NaN,NaN,NaN,NaN,NaN
2018-08-04T16:15:00Z,GYK,Greys_Creek,38.44901667,-75.13245,0.3,9.87,NaN,29.22,NaN,134.1
2018-08-04T16:30:00Z,GYK,Greys_Creek,38.44901667,-75.13245,0.3,11.67,NaN,29.58,NaN,162.2
2018-08-04T16:45:00Z,GYK,Greys_Creek,38.44901667,-75.13245,0.3,11.85,NaN,29.78,NaN,164.3
2018-08-04T17:00:00Z,GYK,Greys_Creek,38.44901667,-75.13245,0.3,10.61,NaN,29.87,NaN,147.6
2018-08-04T17:15:00Z,GYK,Greys_Creek,38.44901667,-75.13245,0.3,13.18,NaN,30.03,NaN,180.3
2018-08-04T17:30:00Z,GYK,Greys_Creek,38.44901667,-75.13245,0.3,18.41,NaN,30.1,NaN,251.7
2018-08-04T17:45:00Z,GYK,Greys_Creek,38.44901667,-75.13245,0.3,14.62,NaN,30.53,NaN,205.7
2018-08-04T18:00:00Z,GYK,Greys_Creek,38.44901667,-75.13245,0.3,11.7,0.087,30.58,NaN,166.8
2018-08-04T18:15:00Z,GYK,Greys_Creek,38.44901667,-75.13245,0.3,12.22,0.106,30.87,NaN,174.1
2018-08-04T18:30:00Z,GYK,Greys_Creek,38.44901667,-75.13245,0.3,13.81,0.122,30.79,NaN,199.4
2018-08-04T18:45:00Z,GYK,Greys_Creek,38.44901667,-75.13245,0.3,12.88,0.137,30.77,NaN,186.0
2018-08-04T19:00:00Z,GYK,Greys_Creek,38.44901667,-75.13245,0.3,13.9,0.148,30.96,NaN,201.0
2018-08-04T19:15:00Z,GYK,Greys_Creek,38.44901667,-75.13245,0.3,14.61,0.16,31.19,NaN,211.1
2018-08-04T19:30:00Z,GYK,Greys_Creek,38.44901667,-75.13245,0.3,12.99,0.171,30.51,NaN,186.3
2018-08-04T19:45:00Z,GYK,Greys_Creek,38.44901667,-75.13245,0.3,14.08,0.178,30.9,NaN,204.2
2018-08-04T20:00:00Z,GYK,Greys_Creek,38.44901667,-75.13245,0.3,16.47,0.185,31.34,NaN,235.8
2018-08-04T20:15:00Z,GYK,Greys_Creek,38.44901667,-75.13245,0.3,14.41,0.192,31.2,NaN,204.7
2018-08-04T20:30:00Z,GYK,Greys_Creek,38.44901667,-75.13245,0.3,14.49,0.195,31.0,NaN,207.0
2018-08-04T20:45:00Z,GYK,Greys_Creek,38.44901667,-75.13245,0.3,15.15,0.191,31.33,NaN,215.1
2018-08-04T21:00:00Z,GYK,Greys_Creek,38.44901667,-75.13245,0.3,15.51,0.192,31.17,NaN,217.8
2018-08-04T21:15:00Z,GYK,Greys_Creek,38.44901667,-75.13245,0.3,20.19,0.186,31.73,NaN,289.1
2018-08-04T21:30:00Z,GYK,Greys_Creek,38.44901667,-75.13245,0.3,28.33,0.176,31.9,NaN,403.4
2018-08-04T21:45:00Z,GYK,Greys_Creek,38.44901667,-75.13245,0.3,29.3,0.155,31.71,NaN,415.8
2018-08-04T22:00:00Z,GYK,Greys_Creek,38.44901667,-75.13245,0.3,21.98,0.14,31.24,NaN,307.7
2018-08-04T22:15:00Z,GYK,Greys_Creek,38.44901667,-75.13245,0.3,11.0,0.127,29.65,NaN,149.0
2018-08-04T22:30:00Z,GYK,Greys_Creek,38.44901667,-75.13245,0.3,11.48,0.101,29.8,NaN,155.8
2018-08-04T22:45:00Z,GYK,Greys_Creek,38.44901667,-75.13245,0.3,9.95,0.09,29.32,NaN,133.6
2018-08-04T23:00:00Z,GYK,Greys_Creek,38.44901667,-75.13245,0.3,7.31,0.089,28.32,NaN,96.2
2018-08-04T23:15:00Z,GYK,Greys_Creek,38.44901667,-75.13245,0.3,10.2,0.081,28.94,NaN,135.8
2018-08-04T23:30:00Z,GYK,Greys_Creek,38.44901667,-75.13245,0.3,10.48,0.07,28.99,NaN,139.8
2018-08-04T23:45:00Z,GYK,Greys_Creek,38.44901667,-75.13245,0.3,12.67,0.068,29.51,NaN,171.0
2018-08-05T00:00:00Z,GYK,Greys_Creek,38.44901667,-75.13245,0.3,10.56,0.067,28.88,NaN,140.9
2018-08-05T00:15:00Z,GYK,Greys_Creek,38.44901667,-75.13245,0.3,8.74,0.071,28.16,NaN,114.6
2018-08-05T00:30:00Z,GYK,Greys_Creek,38.44901667,-75.13245,0.3,9.22,0.073,28.17,NaN,120.8
2018-08-05T00:45:00Z,GYK,Greys_Creek,38.44901667,-75.13245,0.3,11.41,0.075,29.24,NaN,154.5
2018-08-05T01:00:00Z,GYK,Greys_Creek,38.44901667,-75.13245,0.3,8.43,0.076,27.77,NaN,109.8
2018-08-05T01:15:00Z,GYK,Greys_Creek,38.44901667,-75.13245,0.3,9.16,0.078,27.98,NaN,119.9
2018-08-05T01:30:00Z,GYK,Greys_Creek,38.44901667,-75.13245,0.3,9.94,0.077,28.01,NaN,130.2
2018-08-05T01:45:00Z,GYK,Greys_Creek,38.44901667,-75.13245,0.3,7.39,0.079,27.4,NaN,96.1
2018-08-05T02:00:00Z,GYK,Greys_Creek,38.44901667,-75.13245,0.3,6.79,0.08,27.22,NaN,87.4
2018-08-05T02:15:00Z,GYK,Greys_Creek,38.44901667,-75.13245,0.3,7.25,0.082,27.39,NaN,92.7
2018-08-05T02:30:00Z,GYK,Greys_Creek,38.44901667,-75.13245,0.3,6.59,0.083,27.0,NaN,83.6
2018-08-05T02:45:00Z,GYK,Greys_Creek,38.44901667,-75.13245,0.3,5.8,0.083,26.51,NaN,72.9
2018-08-05T03:00:00Z,GYK,Greys_Creek,38.44901667,-75.13245,0.3,5.18,0.083,26.52,NaN,65.1
2018-08-05T03:15:00Z,GYK,Greys_Creek,38.44901667,-75.13245,0.3,4.49,0.084,26.25,NaN,56.1
2018-08-05T03:30:00Z,GYK,Greys_Creek,38.44901667,-75.13245,0.3,4.84,NaN,26.24,NaN,60.5
2018-08-05T03:45:00Z,GYK,Greys_Creek,38.44901667,-75.13245,0.3,4.92,NaN,26.73,NaN,62.8
2018-08-05T04:00:00Z,GYK,Greys_Creek,38.44901667,-75.13245,0.3,6.99,NaN,27.83,NaN,91.6
2018-08-05T04:15:00Z,GYK,Greys_Creek,38.44901667,-75.13245,0.3,4.17,NaN,26.76,NaN,53.6
2018-08-05T04:30:00Z,GYK,Greys_Creek,38.44901667,-75.13245,0.3,6.04,NaN,27.44,NaN,79.1
2018-08-05T04:45:00Z,GYK,Greys_Creek,38.44901667,-75.13245,0.3,6.04,NaN,28.84,NaN,82.4
2018-08-05T05:00:00Z,GYK,Greys_Creek,38.44901667,-75.13245,0.3,5.15,NaN,27.9,NaN,68.6
2018-08-05T05:15:00Z,GYK,Greys_Creek,38.44901667,-75.13245,0.3,3.41,NaN,28.13,NaN,45.5
2018-08-05T05:30:00Z,GYK,Greys_Creek,38.44901667,-75.13245,0.3,2.51,NaN,28.95,NaN,34.4
2018-08-05T05:45:00Z,GYK,Greys_Creek,38.44901667,-75.13245,0.3,2.87,0.102,28.99,NaN,39.6
2018-08-05T06:00:00Z,GYK,Greys_Creek,38.44901667,-75.13245,0.3,3.98,0.117,29.33,NaN,55.7
2018-08-05T06:15:00Z,GYK,Greys_Creek,38.44901667,-75.13245,0.3,4.15,0.134,29.49,NaN,58.7
2018-08-05T06:30:00Z,GYK,Greys_Creek,38.44901667,-75.13245,0.3,3.99,0.147,29.43,NaN,56.4
2018-08-05T06:45:00Z,GYK,Greys_Creek,38.44901667,-75.13245,0.3,4.21,0.16,29.34,NaN,59.4
2018-08-05T07:00:00Z,GYK,Greys_Creek,38.44901667,-75.13245,0.3,3.97,0.172,29.22,NaN,55.9
2018-08-05T07:15:00Z,GYK,Greys_Creek,38.44901667,-75.13245,0.3,3.49,0.181,29.25,NaN,49.1
2018-08-05T07:30:00Z,GYK,Greys_Creek,38.44901667,-75.13245,0.3,3.13,0.193,29.4,NaN,44.4
2018-08-05T07:45:00Z,GYK,Greys_Creek,38.44901667,-75.13245,0.3,2.82,0.201,29.31,NaN,39.9
2018-08-05T08:00:00Z,GYK,Greys_Creek,38.44901667,-75.13245,0.3,3.74,0.204,28.74,NaN,50.8
2018-08-05T08:15:00Z,GYK,Greys_Creek,38.44901667,-75.13245,0.3,3.19,0.21,29.23,NaN,45.1
2018-08-05T08:30:00Z,GYK,Greys_Creek,38.44901667,-75.13245,0.3,2.79,0.215,29.23,NaN,39.4
2018-08-05T08:45:00Z,GYK,Greys_Creek,38.44901667,-75.13245,0.3,3.09,0.215,28.73,NaN,42.1
2018-08-05T09:00:00Z,GYK,Greys_Creek,38.44901667,-75.13245,0.3,1.02,0.215,28.44,NaN,13.8
2018-08-05T09:15:00Z,GYK,Greys_Creek,38.44901667,-75.13245,0.3,0.42,0.207,28.97,NaN,5.8
2018-08-05T09:30:00Z,GYK,Greys_Creek,38.44901667,-75.13245,0.3,0.41,0.2,29.06,NaN,5.7
2018-08-05T09:45:00Z,GYK,Greys_Creek,38.44901667,-75.13245,0.3,0.42,0.192,28.55,NaN,5.8
2018-08-05T10:00:00Z,GYK,Greys_Creek,38.44901667,-75.13245,0.3,0.43,0.17,27.21,NaN,5.7
2018-08-05T10:15:00Z,GYK,Greys_Creek,38.44901667,-75.13245,0.3,1.51,0.151,26.03,NaN,19.2
2018-08-05T10:30:00Z,GYK,Greys_Creek,38.44901667,-75.13245,0.3,1.74,0.143,25.89,NaN,22.0
2018-08-05T10:45:00Z,GYK,Greys_Creek,38.44901667,-75.13245,0.3,2.04,0.125,25.96,NaN,25.9
2018-08-05T11:00:00Z,GYK,Greys_Creek,38.44901667,-75.13245,0.3,2.4,0.118,25.63,NaN,30.1
2018-08-05T11:15:00Z,GYK,Greys_Creek,38.44901667,-75.13245,0.3,2.68,0.105,25.94,NaN,33.9
2018-08-05T11:30:00Z,GYK,Greys_Creek,38.44901667,-75.13245,0.3,2.83,NaN,25.81,NaN,35.7
2018-08-05T11:45:00Z,GYK,Greys_Creek,38.44901667,-75.13245,0.3,3.02,NaN,25.64,NaN,37.8
2018-08-05T12:00:00Z,GYK,Greys_Creek,38.44901667,-75.13245,0.3,3.41,NaN,25.69,NaN,42.9
2018-08-05T12:15:00Z,GYK,Greys_Creek,38.44901667,-75.13245,0.3,3.44,NaN,25.53,NaN,43.0
2018-08-05T12:30:00Z,GYK,Greys_Creek,38.44901667,-75.13245,0.3,3.6,NaN,25.39,NaN,44.7
2018-08-05T12:45:00Z,GYK,Greys_Creek,38.44901667,-75.13245,0.3,4.08,NaN,25.9,NaN,51.2
2018-08-05T13:00:00Z,GYK,Greys_Creek,38.44901667,-75.13245,0.3,3.89,NaN,25.69,NaN,48.5
2018-08-05T13:15:00Z,GYK,Greys_Creek,38.44901667,-75.13245,0.3,3.42,NaN,25.63,NaN,42.8
2018-08-05T13:30:00Z,GYK,Greys_Creek,38.44901667,-75.13245,0.3,3.64,NaN,25.88,NaN,45.6
2018-08-05T13:45:00Z,GYK,Greys_Creek,38.44901667,-75.13245,0.3,4.08,NaN,25.96,NaN,50.7
2018-08-05T14:00:00Z,GYK,Greys_Creek,38.44901667,-75.13245,0.3,4.25,NaN,26.19,NaN,53.1
2018-08-05T14:15:00Z,GYK,Greys_Creek,38.44901667,-75.13245,0.3,NaN,NaN,NaN,NaN,NaN
2018-08-05T14:30:00Z,GYK,Greys_Creek,38.44901667,-75.13245,0.3,NaN,NaN,NaN,NaN,NaN
2018-08-05T14:45:00Z,GYK,Greys_Creek,38.44901667,-75.13245,0.3,NaN,NaN,NaN,NaN,NaN
2018-08-05T15:00:00Z,GYK,Greys_Creek,38.44901667,-75.13245,0.3,NaN,NaN,NaN,NaN,NaN
2018-08-05T15:15:00Z,GYK,Greys_Creek,38.44901667,-75.13245,0.3,NaN,NaN,NaN,NaN,NaN
2018-08-05T15:30:00Z,GYK,Greys_Creek,38.44901667,-75.13245,0.3,NaN,NaN,NaN,NaN,NaN
2018-08-05T15:45:00Z,GYK,Greys_Creek,38.44901667,-75.13245,0.3,NaN,NaN,NaN,NaN,NaN
2018-08-05T16:00:00Z,GYK,Greys_Creek,38.44901667,-75.13245,0.3,6.49,NaN,28.04,NaN,84.0
2018-08-05T16:15:00Z,GYK,Greys_Creek,38.44901667,-75.13245,0.3,7.09,0.09,28.62,NaN,94.2
2018-08-05T16:30:00Z,GYK,Greys_Creek,38.44901667,-75.13245,0.3,15.19,0.09,30.46,NaN,211.4
2018-08-05T16:45:00Z,GYK,Greys_Creek,38.44901667,-75.13245,0.3,13.31,0.089,31.99,NaN,192.2
2018-08-05T17:00:00Z,GYK,Greys_Creek,38.44901667,-75.13245,0.3,14.11,0.089,32.99,NaN,208.2
2018-08-05T17:15:00Z,GYK,Greys_Creek,38.44901667,-75.13245,0.3,14.52,0.087,33.9,NaN,217.8
2018-08-05T17:30:00Z,GYK,Greys_Creek,38.44901667,-75.13245,0.3,15.02,0.087,34.16,NaN,226.3
2018-08-05T17:45:00Z,GYK,Greys_Creek,38.44901667,-75.13245,0.3,14.5,0.09,34.28,NaN,219.1
2018-08-05T18:00:00Z,GYK,Greys_Creek,38.44901667,-75.13245,0.3,17.3,0.1,34.47,NaN,262.8
2018-08-05T18:15:00Z,GYK,Greys_Creek,38.44901667,-75.13245,0.3,16.81,0.118,35.09,NaN,258.2
2018-08-05T18:30:00Z,GYK,Greys_Creek,38.44901667,-75.13245,0.3,17.04,0.136,35.07,NaN,262.2
2018-08-05T18:45:00Z,GYK,Greys_Creek,38.44901667,-75.13245,0.3,17.47,0.15,35.27,NaN,270.1
2018-08-05T19:00:00Z,GYK,Greys_Creek,38.44901667,-75.13245,0.3,16.9,0.162,35.59,NaN,261.9
2018-08-05T19:15:00Z,GYK,Greys_Creek,38.44901667,-75.13245,0.3,19.16,0.183,35.23,NaN,295.2
2018-08-05T19:30:00Z,GYK,Greys_Creek,38.44901667,-75.13245,0.3,19.13,0.193,35.52,NaN,295.8
2018-08-05T19:45:00Z,GYK,Greys_Creek,38.44901667,-75.13245,0.3,19.78,0.206,35.32,NaN,307.2
2018-08-05T20:00:00Z,GYK,Greys_Creek,38.44901667,-75.13245,0.3,19.53,0.223,34.84,NaN,301.5
2018-08-05T20:15:00Z,GYK,Greys_Creek,38.44901667,-75.13245,0.3,18.61,0.234,35.77,NaN,289.3
2018-08-05T20:30:00Z,GYK,Greys_Creek,38.44901667,-75.13245,0.3,19.43,0.238,35.53,NaN,300.4
2018-08-05T20:45:00Z,GYK,Greys_Creek,38.44901667,-75.13245,0.3,19.31,0.248,35.42,NaN,300.6
2018-08-05T21:00:00Z,GYK,Greys_Creek,38.44901667,-75.13245,0.3,20.24,0.256,35.13,NaN,313.9
2018-08-05T21:15:00Z,GYK,Greys_Creek,38.44901667,-75.13245,0.3,18.79,0.263,34.49,NaN,289.5
2018-08-05T21:30:00Z,GYK,Greys_Creek,38.44901667,-75.13245,0.3,18.8,0.272,35.08,NaN,291.6
2018-08-05T21:45:00Z,GYK,Greys_Creek,38.44901667,-75.13245,0.3,19.03,0.273,35.26,NaN,293.3
2018-08-05T22:00:00Z,GYK,Greys_Creek,38.44901667,-75.13245,0.3,20.98,0.271,35.07,NaN,323.0
2018-08-05T22:15:00Z,GYK,Greys_Creek,38.44901667,-75.13245,0.3,21.57,0.269,34.83,NaN,330.7
2018-08-05T22:30:00Z,GYK,Greys_Creek,38.44901667,-75.13245,0.3,21.25,0.262,34.67,NaN,325.0
2018-08-05T22:45:00Z,GYK,Greys_Creek,38.44901667,-75.13245,0.3,18.61,0.245,33.81,NaN,275.6
2018-08-05T23:00:00Z,GYK,Greys_Creek,38.44901667,-75.13245,0.3,23.4,0.231,34.48,NaN,355.0
2018-08-05T23:15:00Z,GYK,Greys_Creek,38.44901667,-75.13245,0.3,12.49,0.216,32.05,NaN,178.5
2018-08-05T23:30:00Z,GYK,Greys_Creek,38.44901667,-75.13245,0.3,11.27,0.191,31.52,NaN,159.2
2018-08-05T23:45:00Z,GYK,Greys_Creek,38.44901667,-75.13245,0.3,9.3,0.178,30.56,NaN,128.7
2018-08-06T00:00:00Z,GYK,Greys_Creek,38.44901667,-75.13245,0.3,10.16,0.167,30.54,NaN,140.9
2018-08-06T00:15:00Z,GYK,Greys_Creek,38.44901667,-75.13245,0.3,10.71,0.151,30.82,NaN,149.1
2018-08-06T00:30:00Z,GYK,Greys_Creek,38.44901667,-75.13245,0.3,9.53,0.137,30.06,NaN,130.5
2018-08-06T00:45:00Z,GYK,Greys_Creek,38.44901667,-75.13245,0.3,9.15,0.125,29.62,NaN,123.9
2018-08-06T01:00:00Z,GYK,Greys_Creek,38.44901667,-75.13245,0.3,10.43,0.114,30.09,NaN,142.5
2018-08-06T01:15:00Z,GYK,Greys_Creek,38.44901667,-75.13245,0.3,9.17,0.106,29.55,NaN,124.0
2018-08-06T01:30:00Z,GYK,Greys_Creek,38.44901667,-75.13245,0.3,10.54,0.091,29.83,NaN,143.3
2018-08-06T01:45:00Z,GYK,Greys_Creek,38.44901667,-75.13245,0.3,8.34,0.084,29.21,NaN,112.0
2018-08-06T02:00:00Z,GYK,Greys_Creek,38.44901667,-75.13245,0.3,9.35,0.085,29.54,NaN,126.5
2018-08-06T02:15:00Z,GYK,Greys_Creek,38.44901667,-75.13245,0.3,8.25,NaN,29.07,NaN,110.2
2018-08-06T02:30:00Z,GYK,Greys_Creek,38.44901667,-75.13245,0.3,8.07,NaN,28.83,NaN,107.4
2018-08-06T02:45:00Z,GYK,Greys_Creek,38.44901667,-75.13245,0.3,7.57,NaN,28.6,NaN,100.1
2018-08-06T03:00:00Z,GYK,Greys_Creek,38.44901667,-75.13245,0.3,7.52,NaN,28.34,NaN,99.0
2018-08-06T03:15:00Z,GYK,Greys_Creek,38.44901667,-75.13245,0.3,7.19,NaN,28.04,NaN,93.9
2018-08-06T03:30:00Z,GYK,Greys_Creek,38.44901667,-75.13245,0.3,6.8,0.077,28.05,NaN,88.8
2018-08-06T03:45:00Z,GYK,Greys_Creek,38.44901667,-75.13245,0.3,6.07,0.078,27.62,NaN,78.6
2018-08-06T04:00:00Z,GYK,Greys_Creek,38.44901667,-75.13245,0.3,7.09,0.08,27.99,NaN,92.7
2018-08-06T04:15:00Z,GYK,Greys_Creek,38.44901667,-75.13245,0.3,7.04,0.081,27.85,NaN,91.8
2018-08-06T04:30:00Z,GYK,Greys_Creek,38.44901667,-75.13245,0.3,6.32,0.081,27.89,NaN,82.5
2018-08-06T04:45:00Z,GYK,Greys_Creek,38.44901667,-75.13245,0.3,7.25,0.08,27.96,NaN,95.0
2018-08-06T05:00:00Z,GYK,Greys_Creek,38.44901667,-75.13245,0.3,8.97,0.08,29.49,NaN,121.5
2018-08-06T05:15:00Z,GYK,Greys_Creek,38.44901667,-75.13245,0.3,6.29,0.08,28.16,NaN,82.9
2018-08-06T05:30:00Z,GYK,Greys_Creek,38.44901667,-75.13245,0.3,8.47,0.079,29.99,NaN,117.1
2018-08-06T05:45:00Z,GYK,Greys_Creek,38.44901667,-75.13245,0.3,7.12,0.081,30.65,NaN,101.3
2018-08-06T06:00:00Z,GYK,Greys_Creek,38.44901667,-75.13245,0.3,6.96,0.091,29.94,NaN,96.3
2018-08-06T06:15:00Z,GYK,Greys_Creek,38.44901667,-75.13245,0.3,6.71,0.107,30.56,NaN,95.6
2018-08-06T06:30:00Z,GYK,Greys_Creek,38.44901667,-75.13245,0.3,6.21,0.115,29.7,NaN,85.5
2018-08-06T06:45:00Z,GYK,Greys_Creek,38.44901667,-75.13245,0.3,5.35,0.125,30.42,NaN,74.6
2018-08-06T07:00:00Z,GYK,Greys_Creek,38.44901667,-75.13245,0.3,4.42,0.137,31.27,NaN,64.5
2018-08-06T07:15:00Z,GYK,Greys_Creek,38.44901667,-75.13245,0.3,3.17,0.158,31.81,NaN,47.4
2018-08-06T07:30:00Z,GYK,Greys_Creek,38.44901667,-75.13245,0.3,3.55,0.173,31.6,NaN,52.6
2018-08-06T07:45:00Z,GYK,Greys_Creek,38.44901667,-75.13245,0.3,3.3,0.177,29.96,NaN,45.8
2018-08-06T08:00:00Z,GYK,Greys_Creek,38.44901667,-75.13245,0.3,3.88,0.189,31.37,NaN,57.5
2018-08-06T08:15:00Z,GYK,Greys_Creek,38.44901667,-75.13245,0.3,2.39,0.199,31.41,NaN,35.4
2018-08-06T08:30:00Z,GYK,Greys_Creek,38.44901667,-75.13245,0.3,2.32,0.197,31.28,NaN,34.3
2018-08-06T08:45:00Z,GYK,Greys_Creek,38.44901667,-75.13245,0.3,3.15,0.211,31.21,NaN,46.5
2018-08-06T09:00:00Z,GYK,Greys_Creek,38.44901667,-75.13245,0.3,2.91,0.22,31.32,NaN,43.2
2018-08-06T09:15:00Z,GYK,Greys_Creek,38.44901667,-75.13245,0.3,3.4,0.226,31.25,NaN,50.5
2018-08-06T09:30:00Z,GYK,Greys_Creek,38.44901667,-75.13245,0.3,4.41,0.225,31.12,NaN,65.4
2018-08-06T09:45:00Z,GYK,Greys_Creek,38.44901667,-75.13245,0.3,4.12,0.224,30.7,NaN,58.9
2018-08-06T10:00:00Z,GYK,Greys_Creek,38.44901667,-75.13245,0.3,0.74,0.22,30.99,NaN,10.8
2018-08-06T10:15:00Z,GYK,Greys_Creek,38.44901667,-75.13245,0.3,0.8,0.215,31.47,NaN,11.8
2018-08-06T10:30:00Z,GYK,Greys_Creek,38.44901667,-75.13245,0.3,0.39,0.201,31.45,NaN,5.7
2018-08-06T10:45:00Z,GYK,Greys_Creek,38.44901667,-75.13245,0.3,0.38,0.184,31.39,NaN,5.6
2018-08-06T11:00:00Z,GYK,Greys_Creek,38.44901667,-75.13245,0.3,0.43,0.166,28.53,NaN,5.7
2018-08-06T11:15:00Z,GYK,Greys_Creek,38.44901667,-75.13245,0.3,0.78,0.149,29.13,NaN,10.5
2018-08-06T11:30:00Z,GYK,Greys_Creek,38.44901667,-75.13245,0.3,0.95,0.134,27.08,NaN,12.2
2018-08-06T11:45:00Z,GYK,Greys_Creek,38.44901667,-75.13245,0.3,2.53,0.125,27.1,NaN,32.8
2018-08-06T12:00:00Z,GYK,Greys_Creek,38.44901667,-75.13245,0.3,2.16,0.12,27.61,NaN,28.1
2018-08-06T12:15:00Z,GYK,Greys_Creek,38.44901667,-75.13245,0.3,3.15,0.11,27.69,NaN,41.3
2018-08-06T12:30:00Z,GYK,Greys_Creek,38.44901667,-75.13245,0.3,3.2,0.087,26.65,NaN,41.0
2018-08-06T12:45:00Z,GYK,Greys_Creek,38.44901667,-75.13245,0.3,3.75,0.078,26.75,NaN,48.1
2018-08-06T13:00:00Z,GYK,Greys_Creek,38.44901667,-75.13245,0.3,4.56,0.079,26.85,NaN,58.6
2018-08-06T13:15:00Z,GYK,Greys_Creek,38.44901667,-75.13245,0.3,4.52,0.077,26.63,NaN,57.8
2018-08-06T13:30:00Z,GYK,Greys_Creek,38.44901667,-75.13245,0.3,4.23,0.076,26.61,NaN,53.9
2018-08-06T13:45:00Z,GYK,Greys_Creek,38.44901667,-75.13245,0.3,3.65,0.075,26.73,NaN,46.9
2018-08-06T14:00:00Z,GYK,Greys_Creek,38.44901667,-75.13245,0.3,3.64,0.074,26.95,NaN,46.9
2018-08-06T14:15:00Z,GYK,Greys_Creek,38.44901667,-75.13245,0.3,4.05,0.073,26.8,NaN,51.8
2018-08-06T14:30:00Z,GYK,Greys_Creek,38.44901667,-75.13245,0.3,5.58,0.072,28.14,NaN,74.0
2018-08-06T14:45:00Z,GYK,Greys_Creek,38.44901667,-75.13245,0.3,5.65,0.072,27.67,NaN,74.2
2018-08-06T15:00:00Z,GYK,Greys_Creek,38.44901667,-75.13245,0.3,5.88,0.071,27.8,NaN,76.0
2018-08-06T15:15:00Z,GYK,Greys_Creek,38.44901667,-75.13245,0.3,8.38,0.07,28.58,NaN,109.7
2018-08-06T15:30:00Z,GYK,Greys_Creek,38.44901667,-75.13245,0.3,8.32,0.071,28.83,NaN,108.9
2018-08-06T15:45:00Z,GYK,Greys_Creek,38.44901667,-75.13245,0.3,5.29,0.067,28.54,NaN,69.3
2018-08-06T16:00:00Z,GYK,Greys_Creek,38.44901667,-75.13245,0.3,5.73,0.063,28.44,NaN,74.8
2018-08-06T16:15:00Z,GYK,Greys_Creek,38.44901667,-75.13245,0.3,7.05,0.064,30.61,NaN,95.6
2018-08-06T16:30:00Z,GYK,Greys_Creek,38.44901667,-75.13245,0.3,9.74,0.065,32.26,NaN,136.2
2018-08-06T16:45:00Z,GYK,Greys_Creek,38.44901667,-75.13245,0.3,8.67,0.054,32.19,NaN,123.0
2018-08-06T17:00:00Z,GYK,Greys_Creek,38.44901667,-75.13245,0.3,10.81,0.051,33.09,NaN,157.6
2018-08-06T17:15:00Z,GYK,Greys_Creek,38.44901667,-75.13245,0.3,12.89,0.063,33.59,NaN,190.2
2018-08-06T17:30:00Z,GYK,Greys_Creek,38.44901667,-75.13245,0.3,13.45,0.061,34.53,NaN,202.9
2018-08-06T17:45:00Z,GYK,Greys_Creek,38.44901667,-75.13245,0.3,14.88,0.059,34.98,NaN,226.9
2018-08-06T18:00:00Z,GYK,Greys_Creek,38.44901667,-75.13245,0.3,17.86,0.062,35.4,NaN,274.9
2018-08-06T18:15:00Z,GYK,Greys_Creek,38.44901667,-75.13245,0.3,14.69,0.073,36.03,NaN,228.0
2018-08-06T18:30:00Z,GYK,Greys_Creek,38.44901667,-75.13245,0.3,14.78,0.08,35.92,NaN,228.9
2018-08-06T18:45:00Z,GYK,Greys_Creek,38.44901667,-75.13245,0.3,17.48,0.095,35.9,NaN,272.3
2018-08-06T19:00:00Z,GYK,Greys_Creek,38.44901667,-75.13245,0.3,19.05,0.129,35.87,NaN,300.6
2018-08-06T19:15:00Z,GYK,Greys_Creek,38.44901667,-75.13245,0.3,19.26,0.12,36.03,NaN,303.2
2018-08-06T19:30:00Z,GYK,Greys_Creek,38.44901667,-75.13245,0.3,17.6,0.135,36.23,NaN,275.2
2018-08-06T19:45:00Z,GYK,Greys_Creek,38.44901667,-75.13245,0.3,19.16,0.166,35.85,NaN,302.4
2018-08-06T20:00:00Z,GYK,Greys_Creek,38.44901667,-75.13245,0.3,18.62,0.193,35.15,NaN,291.2
2018-08-06T20:15:00Z,GYK,Greys_Creek,38.44901667,-75.13245,0.3,18.22,0.197,35.33,NaN,285.9
2018-08-06T20:30:00Z,GYK,Greys_Creek,38.44901667,-75.13245,0.3,17.96,0.209,35.54,NaN,278.5
2018-08-06T20:45:00Z,GYK,Greys_Creek,38.44901667,-75.13245,0.3,17.92,0.234,35.17,NaN,280.8
2018-08-06T21:00:00Z,GYK,Greys_Creek,38.44901667,-75.13245,0.3,18.49,0.255,35.12,NaN,289.7
2018-08-06T21:15:00Z,GYK,Greys_Creek,38.44901667,-75.13245,0.3,17.63,0.255,35.73,NaN,277.8
2018-08-06T21:30:00Z,GYK,Greys_Creek,38.44901667,-75.13245,0.3,18.58,0.27,35.39,NaN,289.7
2018-08-06T21:45:00Z,GYK,Greys_Creek,38.44901667,-75.13245,0.3,18.22,0.276,35.12,NaN,285.7
2018-08-06T22:00:00Z,GYK,Greys_Creek,38.44901667,-75.13245,0.3,17.18,0.281,35.01,NaN,269.2
2018-08-06T22:15:00Z,GYK,Greys_Creek,38.44901667,-75.13245,0.3,16.85,0.293,34.85,NaN,263.6
2018-08-06T22:30:00Z,GYK,Greys_Creek,38.44901667,-75.13245,0.3,16.58,0.299,34.9,NaN,259.4
2018-08-06T22:45:00Z,GYK,Greys_Creek,38.44901667,-75.13245,0.3,15.53,0.3,34.83,NaN,242.4
2018-08-06T23:00:00Z,GYK,Greys_Creek,38.44901667,-75.13245,0.3,14.75,0.308,34.49,NaN,230.0
2018-08-06T23:15:00Z,GYK,Greys_Creek,38.44901667,-75.13245,0.3,14.63,0.302,35.0,NaN,228.1
2018-08-06T23:30:00Z,GYK,Greys_Creek,38.44901667,-75.13245,0.3,17.59,0.292,35.42,NaN,275.0
2018-08-06T23:45:00Z,GYK,Greys_Creek,38.44901667,-75.13245,0.3,17.37,0.268,35.35,NaN,271.3
2018-08-07T00:00:00Z,GYK,Greys_Creek,38.44901667,-75.13245,0.3,14.15,0.248,33.46,NaN,212.2
2018-08-07T00:15:00Z,GYK,Greys_Creek,38.44901667,-75.13245,0.3,14.22,0.241,33.21,NaN,209.7
2018-08-07T00:30:00Z,GYK,Greys_Creek,38.44901667,-75.13245,0.3,14.91,0.218,34.79,NaN,229.1
2018-08-07T00:45:00Z,GYK,Greys_Creek,38.44901667,-75.13245,0.3,12.58,0.208,32.44,NaN,182.3
2018-08-07T01:00:00Z,GYK,Greys_Creek,38.44901667,-75.13245,0.3,13.84,0.182,33.92,NaN,206.6
2018-08-07T01:15:00Z,GYK,Greys_Creek,38.44901667,-75.13245,0.3,16.13,0.182,31.41,NaN,228.4
2018-08-07T01:30:00Z,GYK,Greys_Creek,38.44901667,-75.13245,0.3,15.96,0.169,31.48,NaN,226.3
2018-08-07T01:45:00Z,GYK,Greys_Creek,38.44901667,-75.13245,0.3,15.31,0.141,30.88,NaN,213.8
2018-08-07T02:00:00Z,GYK,Greys_Creek,38.44901667,-75.13245,0.3,15.89,0.152,33.0,NaN,231.8
2018-08-07T02:15:00Z,GYK,Greys_Creek,38.44901667,-75.13245,0.3,7.99,0.141,30.49,NaN,110.9
2018-08-07T02:30:00Z,GYK,Greys_Creek,38.44901667,-75.13245,0.3,8.59,0.098,30.69,NaN,119.7
2018-08-07T02:45:00Z,GYK,Greys_Creek,38.44901667,-75.13245,0.3,7.34,0.1,30.01,NaN,100.6
2018-08-07T03:00:00Z,GYK,Greys_Creek,38.44901667,-75.13245,0.3,7.59,0.091,29.91,NaN,103.8
2018-08-07T03:15:00Z,GYK,Greys_Creek,38.44901667,-75.13245,0.3,7.58,0.072,29.77,NaN,103.2
2018-08-07T03:30:00Z,GYK,Greys_Creek,38.44901667,-75.13245,0.3,8.07,0.065,29.86,NaN,110.1
2018-08-07T03:45:00Z,GYK,Greys_Creek,38.44901667,-75.13245,0.3,7.36,0.058,29.62,NaN,100.0
2018-08-07T04:00:00Z,GYK,Greys_Creek,38.44901667,-75.13245,0.3,6.32,0.057,29.18,NaN,84.9
2018-08-07T04:15:00Z,GYK,Greys_Creek,38.44901667,-75.13245,0.3,8.0,0.054,30.36,NaN,110.7
2018-08-07T04:30:00Z,GYK,Greys_Creek,38.44901667,-75.13245,0.3,6.53,0.046,29.6,NaN,88.9
2018-08-07T04:45:00Z,GYK,Greys_Creek,38.44901667,-75.13245,0.3,6.66,0.036,29.33,NaN,90.0
2018-08-07T05:00:00Z,GYK,Greys_Creek,38.44901667,-75.13245,0.3,5.68,0.047,28.76,NaN,75.7
2018-08-07T05:15:00Z,GYK,Greys_Creek,38.44901667,-75.13245,0.3,5.22,0.044,28.63,NaN,69.4
2018-08-07T05:30:00Z,GYK,Greys_Creek,38.44901667,-75.13245,0.3,5.65,0.035,28.8,NaN,75.5
2018-08-07T05:45:00Z,GYK,Greys_Creek,38.44901667,-75.13245,0.3,5.87,0.042,28.63,NaN,78.1
2018-08-07T06:00:00Z,GYK,Greys_Creek,38.44901667,-75.13245,0.3,5.33,0.045,28.52,NaN,70.8
2018-08-07T06:15:00Z,GYK,Greys_Creek,38.44901667,-75.13245,0.3,4.82,0.047,28.27,NaN,63.6
2018-08-07T06:30:00Z,GYK,Greys_Creek,38.44901667,-75.13245,0.3,6.15,0.04,28.75,NaN,82.1
2018-08-07T06:45:00Z,GYK,Greys_Creek,38.44901667,-75.13245,0.3,5.46,0.042,30.74,NaN,76.7
2018-08-07T07:00:00Z,GYK,Greys_Creek,38.44901667,-75.13245,0.3,5.28,0.056,30.44,NaN,75.5
2018-08-07T07:15:00Z,GYK,Greys_Creek,38.44901667,-75.13245,0.3,4.81,0.07,30.11,NaN,68.3
2018-08-07T07:30:00Z,GYK,Greys_Creek,38.44901667,-75.13245,0.3,4.79,0.083,29.36,NaN,66.0
2018-08-07T07:45:00Z,GYK,Greys_Creek,38.44901667,-75.13245,0.3,4.58,0.091,30.63,NaN,65.2
2018-08-07T08:00:00Z,GYK,Greys_Creek,38.44901667,-75.13245,0.3,4.67,0.113,31.37,NaN,68.5
2018-08-07T08:15:00Z,GYK,Greys_Creek,38.44901667,-75.13245,0.3,3.5,0.127,31.58,NaN,51.5
2018-08-07T08:30:00Z,GYK,Greys_Creek,38.44901667,-75.13245,0.3,2.85,0.142,30.73,NaN,41.0
2018-08-07T08:45:00Z,GYK,Greys_Creek,38.44901667,-75.13245,0.3,2.19,0.132,31.87,NaN,32.6
2018-08-07T09:00:00Z,GYK,Greys_Creek,38.44901667,-75.13245,0.3,1.73,0.16,31.69,NaN,25.7
2018-08-07T09:15:00Z,GYK,Greys_Creek,38.44901667,-75.13245,0.3,1.57,0.169,32.22,NaN,23.6
2018-08-07T09:30:00Z,GYK,Greys_Creek,38.44901667,-75.13245,0.3,1.46,0.177,32.31,NaN,22.1
2018-08-07T09:45:00Z,GYK,Greys_Creek,38.44901667,-75.13245,0.3,1.44,0.188,32.31,NaN,21.8
2018-08-07T10:00:00Z,GYK,Greys_Creek,38.44901667,-75.13245,0.3,1.15,0.181,32.3,NaN,17.3
2018-08-07T10:15:00Z,GYK,Greys_Creek,38.44901667,-75.13245,0.3,1.01,0.191,32.35,NaN,15.4
2018-08-07T10:30:00Z,GYK,Greys_Creek,38.44901667,-75.13245,0.3,0.85,0.195,32.28,NaN,12.8
2018-08-07T10:45:00Z,GYK,Greys_Creek,38.44901667,-75.13245,0.3,0.4,0.182,32.87,NaN,6.1
2018-08-07T11:00:00Z,GYK,Greys_Creek,38.44901667,-75.13245,0.3,0.37,0.172,32.67,NaN,5.6
2018-08-07T11:15:00Z,GYK,Greys_Creek,38.44901667,-75.13245,0.3,0.37,0.157,32.8,NaN,5.6
2018-08-07T11:30:00Z,GYK,Greys_Creek,38.44901667,-75.13245,0.3,0.37,0.116,32.5,NaN,5.6
2018-08-07T11:45:00Z,GYK,Greys_Creek,38.44901667,-75.13245,0.3,0.38,0.123,32.22,NaN,5.7
2018-08-07T12:00:00Z,GYK,Greys_Creek,38.44901667,-75.13245,0.3,0.39,0.118,31.98,NaN,5.8
2018-08-07T12:15:00Z,GYK,Greys_Creek,38.44901667,-75.13245,0.3,0.5,0.113,31.23,NaN,7.3
2018-08-07T12:30:00Z,GYK,Greys_Creek,38.44901667,-75.13245,0.3,0.9,0.104,31.69,NaN,13.4
2018-08-07T12:45:00Z,GYK,Greys_Creek,38.44901667,-75.13245,0.3,3.25,0.074,30.31,NaN,45.8
2018-08-07T13:00:00Z,GYK,Greys_Creek,38.44901667,-75.13245,0.3,4.59,0.079,31.42,NaN,67.0
2018-08-07T13:15:00Z,GYK,Greys_Creek,38.44901667,-75.13245,0.3,5.37,0.069,30.04,NaN,73.9
2018-08-07T13:30:00Z,GYK,Greys_Creek,38.44901667,-75.13245,0.3,10.19,0.053,30.08,NaN,139.8
2018-08-07T13:45:00Z,GYK,Greys_Creek,38.44901667,-75.13245,0.3,5.43,0.036,29.3,NaN,73.7
2018-08-07T14:00:00Z,GYK,Greys_Creek,38.44901667,-75.13245,0.3,6.89,0.039,28.69,NaN,93.3
2018-08-07T14:15:00Z,GYK,Greys_Creek,38.44901667,-75.13245,0.3,4.33,NaN,28.02,NaN,57.6
2018-08-07T14:30:00Z,GYK,Greys_Creek,38.44901667,-75.13245,0.3,5.22,NaN,27.96,NaN,69.1
2018-08-07T14:45:00Z,GYK,Greys_Creek,38.44901667,-75.13245,0.3,12.93,NaN,29.6,NaN,176.4
2018-08-07T15:00:00Z,GYK,Greys_Creek,38.44901667,-75.13245,0.3,6.62,NaN,29.85,NaN,91.0
2018-08-07T15:15:00Z,GYK,Greys_Creek,38.44901667,-75.13245,0.3,10.27,NaN,29.9,NaN,140.9
2018-08-07T15:30:00Z,GYK,Greys_Creek,38.44901667,-75.13245,0.3,3.59,NaN,28.05,NaN,47.2
2018-08-07T15:45:00Z,GYK,Greys_Creek,38.44901667,-75.13245,0.3,6.27,NaN,30.13,NaN,85.4
2018-08-07T16:00:00Z,GYK,Greys_Creek,38.44901667,-75.13245,0.3,7.56,NaN,31.35,NaN,106.1
2018-08-07T16:15:00Z,GYK,Greys_Creek,38.44901667,-75.13245,0.3,6.82,NaN,30.35,NaN,93.5
2018-08-07T16:30:00Z,GYK,Greys_Creek,38.44901667,-75.13245,0.3,6.53,NaN,30.39,NaN,89.7
2018-08-07T16:45:00Z,GYK,Greys_Creek,38.44901667,-75.13245,0.3,6.17,NaN,31.08,NaN,85.4
2018-08-07T17:00:00Z,GYK,Greys_Creek,38.44901667,-75.13245,0.3,7.45,NaN,32.14,NaN,105.6
2018-08-07T17:15:00Z,GYK,Greys_Creek,38.44901667,-75.13245,0.3,8.59,NaN,32.61,NaN,123.3
2018-08-07T17:30:00Z,GYK,Greys_Creek,38.44901667,-75.13245,0.3,9.3,NaN,32.78,NaN,133.9
2018-08-07T17:45:00Z,GYK,Greys_Creek,38.44901667,-75.13245,0.3,8.96,NaN,33.41,NaN,130.8
2018-08-07T18:00:00Z,GYK,Greys_Creek,38.44901667,-75.13245,0.3,8.69,NaN,33.49,NaN,127.1
2018-08-07T18:15:00Z,GYK,Greys_Creek,38.44901667,-75.13245,0.3,8.45,NaN,33.38,NaN,123.5
2018-08-07T18:30:00Z,GYK,Greys_Creek,38.44901667,-75.13245,0.3,8.14,NaN,32.7,NaN,117.4
2018-08-07T18:45:00Z,GYK,Greys_Creek,38.44901667,-75.13245,0.3,7.8,NaN,31.86,NaN,110.8
2018-08-07T19:00:00Z,GYK,Greys_Creek,38.44901667,-75.13245,0.3,8.54,NaN,32.13,NaN,121.7
2018-08-07T19:15:00Z,GYK,Greys_Creek,38.44901667,-75.13245,0.3,9.51,NaN,33.44,NaN,141.4
2018-08-07T19:30:00Z,GYK,Greys_Creek,38.44901667,-75.13245,0.3,14.16,0.04,33.81,NaN,211.1
2018-08-07T19:45:00Z,GYK,Greys_Creek,38.44901667,-75.13245,0.3,16.08,0.059,34.15,NaN,243.0
2018-08-07T20:00:00Z,GYK,Greys_Creek,38.44901667,-75.13245,0.3,16.87,0.067,34.44,NaN,254.4
2018-08-07T20:15:00Z,GYK,Greys_Creek,38.44901667,-75.13245,0.3,16.64,0.084,34.62,NaN,251.5
2018-08-07T20:30:00Z,GYK,Greys_Creek,38.44901667,-75.13245,0.3,17.23,0.109,34.58,NaN,261.4
2018-08-07T20:45:00Z,GYK,Greys_Creek,38.44901667,-75.13245,0.3,17.39,0.136,34.67,NaN,264.4
2018-08-07T21:00:00Z,GYK,Greys_Creek,38.44901667,-75.13245,0.3,17.6,0.15,34.67,NaN,267.8
2018-08-07T21:15:00Z,GYK,Greys_Creek,38.44901667,-75.13245,0.3,16.95,0.157,34.65,NaN,255.0
2018-08-07T21:30:00Z,GYK,Greys_Creek,38.44901667,-75.13245,0.3,19.12,0.167,34.94,NaN,291.9
2018-08-07T21:45:00Z,GYK,Greys_Creek,38.44901667,-75.13245,0.3,17.37,0.194,35.12,NaN,267.5
2018-08-07T22:00:00Z,GYK,Greys_Creek,38.44901667,-75.13245,0.3,17.53,0.21,34.91,NaN,269.2
2018-08-07T22:15:00Z,GYK,Greys_Creek,38.44901667,-75.13245,0.3,18.08,0.218,35.04,NaN,278.3
2018-08-07T22:30:00Z,GYK,Greys_Creek,38.44901667,-75.13245,0.3,16.66,0.237,34.53,NaN,255.4
2018-08-07T22:45:00Z,GYK,Greys_Creek,38.44901667,-75.13245,0.3,14.64,0.242,34.57,NaN,225.0
2018-08-07T23:00:00Z,GYK,Greys_Creek,38.44901667,-75.13245,0.3,14.84,0.25,34.43,NaN,228.7
2018-08-07T23:15:00Z,GYK,Greys_Creek,38.44901667,-75.13245,0.3,9.13,0.26,33.97,NaN,140.2
2018-08-07T23:30:00Z,GYK,Greys_Creek,38.44901667,-75.13245,0.3,9.96,0.266,34.13,NaN,153.5
2018-08-07T23:45:00Z,GYK,Greys_Creek,38.44901667,-75.13245,0.3,8.73,0.264,33.9,NaN,134.4
2018-08-08T00:00:00Z,GYK,Greys_Creek,38.44901667,-75.13245,0.3,8.42,0.271,33.85,NaN,129.7
2018-08-08T00:15:00Z,GYK,Greys_Creek,38.44901667,-75.13245,0.3,7.73,0.272,33.95,NaN,117.3
2018-08-08T00:30:00Z,GYK,Greys_Creek,38.44901667,-75.13245,0.3,14.67,0.247,34.5,NaN,224.8
2018-08-08T00:45:00Z,GYK,Greys_Creek,38.44901667,-75.13245,0.3,15.26,0.25,34.55,NaN,234.1
2018-08-08T01:00:00Z,GYK,Greys_Creek,38.44901667,-75.13245,0.3,13.89,0.228,34.06,NaN,211.8
2018-08-08T01:15:00Z,GYK,Greys_Creek,38.44901667,-75.13245,0.3,11.3,0.212,31.44,NaN,159.9
2018-08-08T01:30:00Z,GYK,Greys_Creek,38.44901667,-75.13245,0.3,7.29,0.179,30.62,NaN,101.0
2018-08-08T01:45:00Z,GYK,Greys_Creek,38.44901667,-75.13245,0.3,7.33,0.169,30.37,NaN,101.0
2018-08-08T02:00:00Z,GYK,Greys_Creek,38.44901667,-75.13245,0.3,6.41,0.156,29.66,NaN,86.9
2018-08-08T02:15:00Z,GYK,Greys_Creek,38.44901667,-75.13245,0.3,6.66,0.144,29.56,NaN,90.1
2018-08-08T02:30:00Z,GYK,Greys_Creek,38.44901667,-75.13245,0.3,6.51,0.132,29.32,NaN,87.7
2018-08-08T02:45:00Z,GYK,Greys_Creek,38.44901667,-75.13245,0.3,6.54,0.111,29.31,NaN,88.0
2018-08-08T03:00:00Z,GYK,Greys_Creek,38.44901667,-75.13245,0.3,5.19,0.091,28.78,NaN,69.1
2018-08-08T03:15:00Z,GYK,Greys_Creek,38.44901667,-75.13245,0.3,5.31,0.078,28.82,NaN,70.8
2018-08-08T03:30:00Z,GYK,Greys_Creek,38.44901667,-75.13245,0.3,5.03,0.064,28.42,NaN,66.5
2018-08-08T03:45:00Z,GYK,Greys_Creek,38.44901667,-75.13245,0.3,4.89,0.046,28.36,NaN,64.5
2018-08-08T04:00:00Z,GYK,Greys_Creek,38.44901667,-75.13245,0.3,4.63,0.029,28.25,NaN,60.9
2018-08-08T04:15:00Z,GYK,Greys_Creek,38.44901667,-75.13245,0.3,4.06,0.02,27.91,NaN,53.0
2018-08-08T04:30:00Z,GYK,Greys_Creek,38.44901667,-75.13245,0.3,3.69,0.021,28.0,NaN,48.3
2018-08-08T04:45:00Z,GYK,Greys_Creek,38.44901667,-75.13245,0.3,5.24,0.014,28.45,NaN,69.3
2018-08-08T05:00:00Z,GYK,Greys_Creek,38.44901667,-75.13245,0.3,4.04,0.009,28.0,NaN,52.8
2018-08-08T05:15:00Z,GYK,Greys_Creek,38.44901667,-75.13245,0.3,4.27,NaN,27.92,NaN,55.7
2018-08-08T05:30:00Z,GYK,Greys_Creek,38.44901667,-75.13245,0.3,3.89,0.009,27.5,NaN,50.3
2018-08-08T05:45:00Z,GYK,Greys_Creek,38.44901667,-75.13245,0.3,4.42,0.009,27.57,NaN,57.2
2018-08-08T06:00:00Z,GYK,Greys_Creek,38.44901667,-75.13245,0.3,3.88,0.008,27.5,NaN,50.1
2018-08-08T06:15:00Z,GYK,Greys_Creek,38.44901667,-75.13245,0.3,3.75,0.006,27.65,NaN,48.6
2018-08-08T06:30:00Z,GYK,Greys_Creek,38.44901667,-75.13245,0.3,4.0,0.006,27.45,NaN,51.6
2018-08-08T06:45:00Z,GYK,Greys_Creek,38.44901667,-75.13245,0.3,4.02,0.005,27.29,NaN,51.6
2018-08-08T07:00:00Z,GYK,Greys_Creek,38.44901667,-75.13245,0.3,4.22,NaN,27.3,NaN,54.2
2018-08-08T07:15:00Z,GYK,Greys_Creek,38.44901667,-75.13245,0.3,4.52,0.002,27.34,NaN,58.1
2018-08-08T07:30:00Z,GYK,Greys_Creek,38.44901667,-75.13245,0.3,4.68,0.002,27.64,NaN,60.6
2018-08-08T07:45:00Z,GYK,Greys_Creek,38.44901667,-75.13245,0.3,3.98,0.004,27.72,NaN,51.8
2018-08-08T08:00:00Z,GYK,Greys_Creek,38.44901667,-75.13245,0.3,4.47,0.001,27.95,NaN,58.3
2018-08-08T08:15:00Z,GYK,Greys_Creek,38.44901667,-75.13245,0.3,3.71,0.006,27.62,NaN,48.1
2018-08-08T08:30:00Z,GYK,Greys_Creek,38.44901667,-75.13245,0.3,4.31,0.024,28.19,NaN,56.5
2018-08-08T08:45:00Z,GYK,Greys_Creek,38.44901667,-75.13245,0.3,1.55,0.045,30.27,NaN,21.0
2018-08-08T09:00:00Z,GYK,Greys_Creek,38.44901667,-75.13245,0.3,2.79,0.059,29.01,NaN,37.4
2018-08-08T09:15:00Z,GYK,Greys_Creek,38.44901667,-75.13245,0.3,0.95,0.072,30.28,NaN,13.2
2018-08-08T09:30:00Z,GYK,Greys_Creek,38.44901667,-75.13245,0.3,0.77,0.088,29.23,NaN,10.4
2018-08-08T09:45:00Z,GYK,Greys_Creek,38.44901667,-75.13245,0.3,0.44,0.097,32.01,NaN,6.5
2018-08-08T10:00:00Z,GYK,Greys_Creek,38.44901667,-75.13245,0.3,0.42,0.125,32.36,NaN,6.2
2018-08-08T10:15:00Z,GYK,Greys_Creek,38.44901667,-75.13245,0.3,0.48,0.141,32.31,NaN,7.2
2018-08-08T10:30:00Z,GYK,Greys_Creek,38.44901667,-75.13245,0.3,0.44,0.152,32.24,NaN,6.6
2018-08-08T10:45:00Z,GYK,Greys_Creek,38.44901667,-75.13245,0.3,0.63,0.157,31.97,NaN,9.3
2018-08-08T11:00:00Z,GYK,Greys_Creek,38.44901667,-75.13245,0.3,0.66,0.146,32.25,NaN,9.9
2018-08-08T11:15:00Z,GYK,Greys_Creek,38.44901667,-75.13245,0.3,0.51,0.155,32.39,NaN,7.7
2018-08-08T11:30:00Z,GYK,Greys_Creek,38.44901667,-75.13245,0.3,0.61,0.17,31.87,NaN,9.1
2018-08-08T11:45:00Z,GYK,Greys_Creek,38.44901667,-75.13245,0.3,0.44,0.156,31.3,NaN,6.4
2018-08-08T12:00:00Z,GYK,Greys_Creek,38.44901667,-75.13245,0.3,1.76,0.156,27.2,NaN,23.7
2018-08-08T12:15:00Z,GYK,Greys_Creek,38.44901667,-75.13245,0.3,0.69,0.152,31.71,NaN,10.1
2018-08-08T12:30:00Z,GYK,Greys_Creek,38.44901667,-75.13245,0.3,0.71,0.149,28.01,NaN,9.5
2018-08-08T12:45:00Z,GYK,Greys_Creek,38.44901667,-75.13245,0.3,2.38,0.131,30.27,NaN,33.6
2018-08-08T13:00:00Z,GYK,Greys_Creek,38.44901667,-75.13245,0.3,4.34,0.1,27.44,NaN,56.6
2018-08-08T13:15:00Z,GYK,Greys_Creek,38.44901667,-75.13245,0.3,4.24,0.076,27.36,NaN,55.1
2018-08-08T13:30:00Z,GYK,Greys_Creek,38.44901667,-75.13245,0.3,4.31,0.064,27.26,NaN,55.6
2018-08-08T13:45:00Z,GYK,Greys_Creek,38.44901667,-75.13245,0.3,4.22,0.061,27.83,NaN,55.0
2018-08-08T14:00:00Z,GYK,Greys_Creek,38.44901667,-75.13245,0.3,3.54,0.044,27.09,NaN,45.4
2018-08-08T14:15:00Z,GYK,Greys_Creek,38.44901667,-75.13245,0.3,3.85,0.03,27.22,NaN,49.5
2018-08-08T14:30:00Z,GYK,Greys_Creek,38.44901667,-75.13245,0.3,5.96,0.013,28.13,NaN,78.0
2018-08-08T14:45:00Z,GYK,Greys_Creek,38.44901667,-75.13245,0.3,5.0,0.006,27.59,NaN,64.7
2018-08-08T15:00:00Z,GYK,Greys_Creek,38.44901667,-75.13245,0.3,4.85,0.005,27.36,NaN,62.2
2018-08-08T15:15:00Z,GYK,Greys_Creek,38.44901667,-75.13245,0.3,5.79,0.005,27.72,NaN,74.7
2018-08-08T15:30:00Z,GYK,Greys_Creek,38.44901667,-75.13245,0.3,4.68,0.003,27.09,NaN,59.5
2018-08-08T15:45:00Z,GYK,Greys_Creek,38.44901667,-75.13245,0.3,4.67,0.001,27.4,NaN,59.7
2018-08-08T16:00:00Z,GYK,Greys_Creek,38.44901667,-75.13245,0.3,5.32,0.001,27.06,NaN,67.5
2018-08-08T16:15:00Z,GYK,Greys_Creek,38.44901667,-75.13245,0.3,5.45,NaN,28.06,NaN,70.4
2018-08-08T16:30:00Z,GYK,Greys_Creek,38.44901667,-75.13245,0.3,5.59,NaN,27.54,1.63,71.5
2018-08-08T16:45:00Z,GYK,Greys_Creek,38.44901667,-75.13245,0.3,6.14,NaN,28.75,3.01,80.8
2018-08-08T17:00:00Z,GYK,Greys_Creek,38.44901667,-75.13245,0.3,6.03,NaN,28.15,1.56,77.9
2018-08-08T17:15:00Z,GYK,Greys_Creek,38.44901667,-75.13245,0.3,5.67,NaN,29.25,1.43,74.6
2018-08-08T17:30:00Z,GYK,Greys_Creek,38.44901667,-75.13245,0.3,4.43,NaN,29.12,2.13,58.3
2018-08-08T17:45:00Z,GYK,Greys_Creek,38.44901667,-75.13245,0.3,6.37,NaN,28.8,1.66,83.3
2018-08-08T18:00:00Z,GYK,Greys_Creek,38.44901667,-75.13245,0.3,6.76,NaN,28.97,0.07,87.9
2018-08-08T18:15:00Z,GYK,Greys_Creek,38.44901667,-75.13245,0.3,6.43,NaN,29.76,1.78,85.6
2018-08-08T18:30:00Z,GYK,Greys_Creek,38.44901667,-75.13245,0.3,6.03,NaN,30.63,2.55,81.7
2018-08-08T18:45:00Z,GYK,Greys_Creek,38.44901667,-75.13245,0.3,6.38,NaN,31.19,4.41,88.2
2018-08-08T19:00:00Z,GYK,Greys_Creek,38.44901667,-75.13245,0.3,5.75,NaN,31.84,5.79,81.0
2018-08-08T19:15:00Z,GYK,Greys_Creek,38.44901667,-75.13245,0.3,8.15,NaN,33.44,8.37,119.6
2018-08-08T19:30:00Z,GYK,Greys_Creek,38.44901667,-75.13245,0.3,8.93,NaN,33.91,8.44,132.1
2018-08-08T19:45:00Z,GYK,Greys_Creek,38.44901667,-75.13245,0.3,9.21,NaN,33.97,9.15,136.8
2018-08-08T20:00:00Z,GYK,Greys_Creek,38.44901667,-75.13245,0.3,9.57,NaN,34.15,9.23,142.6
2018-08-08T20:15:00Z,GYK,Greys_Creek,38.44901667,-75.13245,0.3,9.4,NaN,34.12,9.25,140.0
2018-08-08T20:30:00Z,GYK,Greys_Creek,38.44901667,-75.13245,0.3,9.84,0.01,33.99,9.36,146.5
2018-08-08T20:45:00Z,GYK,Greys_Creek,38.44901667,-75.13245,0.3,9.43,0.034,33.96,10.94,141.5
2018-08-08T21:00:00Z,GYK,Greys_Creek,38.44901667,-75.13245,0.3,9.71,0.045,34.13,10.4,145.5
2018-08-08T21:15:00Z,GYK,Greys_Creek,38.44901667,-75.13245,0.3,12.98,0.064,34.25,10.47,195.1
2018-08-08T21:30:00Z,GYK,Greys_Creek,38.44901667,-75.13245,0.3,13.87,0.076,34.37,9.38,207.7
2018-08-08T21:45:00Z,GYK,Greys_Creek,38.44901667,-75.13245,0.3,15.06,0.084,34.43,8.68,224.8
2018-08-08T22:00:00Z,GYK,Greys_Creek,38.44901667,-75.13245,0.3,15.05,0.105,34.39,14.13,231.1
2018-08-08T22:15:00Z,GYK,Greys_Creek,38.44901667,-75.13245,0.3,15.04,0.132,34.28,17.07,234.2
2018-08-08T22:30:00Z,GYK,Greys_Creek,38.44901667,-75.13245,0.3,14.86,0.152,34.3,17.21,231.7
2018-08-08T22:45:00Z,GYK,Greys_Creek,38.44901667,-75.13245,0.3,13.56,0.173,34.12,18.49,212.3
2018-08-08T23:00:00Z,GYK,Greys_Creek,38.44901667,-75.13245,0.3,14.94,0.186,34.27,18.45,234.3
2018-08-08T23:15:00Z,GYK,Greys_Creek,38.44901667,-75.13245,0.3,13.08,0.197,34.09,18.98,205.2
2018-08-08T23:30:00Z,GYK,Greys_Creek,38.44901667,-75.13245,0.3,11.81,0.218,33.86,19.75,185.4
2018-08-08T23:45:00Z,GYK,Greys_Creek,38.44901667,-75.13245,0.3,11.97,0.233,33.76,20.08,187.9
2018-08-09T00:00:00Z,GYK,Greys_Creek,38.44901667,-75.13245,0.3,11.92,0.236,33.72,20.17,187.1
2018-08-09T00:15:00Z,GYK,Greys_Creek,38.44901667,-75.13245,0.3,11.3,0.245,33.73,20.13,177.3
2018-08-09T00:30:00Z,GYK,Greys_Creek,38.44901667,-75.13245,0.3,11.66,0.254,33.7,20.29,183.0
2018-08-09T00:45:00Z,GYK,Greys_Creek,38.44901667,-75.13245,0.3,11.95,0.265,33.67,20.45,187.8
2018-08-09T01:00:00Z,GYK,Greys_Creek,38.44901667,-75.13245,0.3,11.98,0.265,33.67,20.51,188.2
2018-08-09T01:15:00Z,GYK,Greys_Creek,38.44901667,-75.13245,0.3,11.66,0.263,33.67,20.51,183.2
2018-08-09T01:30:00Z,GYK,Greys_Creek,38.44901667,-75.13245,0.3,11.14,0.263,33.66,20.31,174.8
2018-08-09T01:45:00Z,GYK,Greys_Creek,38.44901667,-75.13245,0.3,10.72,0.259,33.69,20.21,168.2
2018-08-09T02:00:00Z,GYK,Greys_Creek,38.44901667,-75.13245,0.3,8.89,0.236,33.98,16.44,137.4
2018-08-09T02:15:00Z,GYK,Greys_Creek,38.44901667,-75.13245,0.3,8.94,0.211,32.97,16.35,135.8
2018-08-09T02:30:00Z,GYK,Greys_Creek,38.44901667,-75.13245,0.3,5.55,0.184,33.95,16.75,85.8
2018-08-09T02:45:00Z,GYK,Greys_Creek,38.44901667,-75.13245,0.3,5.72,0.166,31.96,11.01,83.1
2018-08-09T03:00:00Z,GYK,Greys_Creek,38.44901667,-75.13245,0.3,5.36,0.156,32.88,13.59,80.0
2018-08-09T03:15:00Z,GYK,Greys_Creek,38.44901667,-75.13245,0.3,6.71,0.139,30.07,7.53,92.6
2018-08-09T03:30:00Z,GYK,Greys_Creek,38.44901667,-75.13245,0.3,6.37,0.122,29.66,5.43,86.4
2018-08-09T03:45:00Z,GYK,Greys_Creek,38.44901667,-75.13245,0.3,7.38,0.098,29.9,5.32,100.3
2018-08-09T04:00:00Z,GYK,Greys_Creek,38.44901667,-75.13245,0.3,6.36,0.084,30.54,7.31,88.3
2018-08-09T04:15:00Z,GYK,Greys_Creek,38.44901667,-75.13245,0.3,5.35,0.071,29.43,6.06,72.5
2018-08-09T04:30:00Z,GYK,Greys_Creek,38.44901667,-75.13245,0.3,5.57,0.053,29.53,5.99,75.5
2018-08-09T04:45:00Z,GYK,Greys_Creek,38.44901667,-75.13245,0.3,4.89,0.034,29.05,5.27,65.5
2018-08-09T05:00:00Z,GYK,Greys_Creek,38.44901667,-75.13245,0.3,4.92,0.015,29.05,5.35,66.0
2018-08-09T05:15:00Z,GYK,Greys_Creek,38.44901667,-75.13245,0.3,5.41,0.005,29.06,5.36,72.5
2018-08-09T05:30:00Z,GYK,Greys_Creek,38.44901667,-75.13245,0.3,4.87,NaN,28.85,5.17,65.0
2018-08-09T05:45:00Z,GYK,Greys_Creek,38.44901667,-75.13245,0.3,4.85,NaN,28.8,5.22,64.7
2018-08-09T06:00:00Z,GYK,Greys_Creek,38.44901667,-75.13245,0.3,5.03,NaN,29.0,5.32,67.3
2018-08-09T06:15:00Z,GYK,Greys_Creek,38.44901667,-75.13245,0.3,5.13,NaN,28.95,5.48,68.7
2018-08-09T06:30:00Z,GYK,Greys_Creek,38.44901667,-75.13245,0.3,4.3,NaN,28.57,5.12,57.1
2018-08-09T06:45:00Z,GYK,Greys_Creek,38.44901667,-75.13245,0.3,4.12,NaN,28.31,4.79,54.3
2018-08-09T07:00:00Z,GYK,Greys_Creek,38.44901667,-75.13245,0.3,3.85,NaN,28.45,5.12,51.0
2018-08-09T07:15:00Z,GYK,Greys_Creek,38.44901667,-75.13245,0.3,4.45,NaN,28.49,4.88,58.9
2018-08-09T07:30:00Z,GYK,Greys_Creek,38.44901667,-75.13245,0.3,3.6,NaN,28.06,4.68,47.3
2018-08-09T07:45:00Z,GYK,Greys_Creek,38.44901667,-75.13245,0.3,4.24,NaN,28.43,5.48,56.2
2018-08-09T08:00:00Z,GYK,Greys_Creek,38.44901667,-75.13245,0.3,4.12,NaN,28.51,5.53,54.7
2018-08-09T08:15:00Z,GYK,Greys_Creek,38.44901667,-75.13245,0.3,4.95,NaN,28.32,5.69,65.6
2018-08-09T08:30:00Z,GYK,Greys_Creek,38.44901667,-75.13245,0.3,6.25,NaN,27.89,4.7,81.9
2018-08-09T08:45:00Z,GYK,Greys_Creek,38.44901667,-75.13245,0.3,4.28,NaN,31.89,17.91,64.5
2018-08-09T09:00:00Z,GYK,Greys_Creek,38.44901667,-75.13245,0.3,3.37,NaN,32.33,17.94,51.1
2018-08-09T09:15:00Z,GYK,Greys_Creek,38.44901667,-75.13245,0.3,3.6,NaN,30.85,8.61,50.6
2018-08-09T09:30:00Z,GYK,Greys_Creek,38.44901667,-75.13245,0.3,2.57,0.007,32.44,18.62,39.2
2018-08-09T09:45:00Z,GYK,Greys_Creek,38.44901667,-75.13245,0.3,2.27,0.021,32.56,19.37,34.9
2018-08-09T10:00:00Z,GYK,Greys_Creek,38.44901667,-75.13245,0.3,1.63,0.04,32.63,20.03,25.1
2018-08-09T10:15:00Z,GYK,Greys_Creek,38.44901667,-75.13245,0.3,1.57,0.057,32.64,20.4,24.3
2018-08-09T10:30:00Z,GYK,Greys_Creek,38.44901667,-75.13245,0.3,1.44,0.07,32.61,20.6,22.3
2018-08-09T10:45:00Z,GYK,Greys_Creek,38.44901667,-75.13245,0.3,0.85,0.089,32.63,20.72,13.2
2018-08-09T11:00:00Z,GYK,Greys_Creek,38.44901667,-75.13245,0.3,0.52,0.104,32.57,20.96,8.1
2018-08-09T11:15:00Z,GYK,Greys_Creek,38.44901667,-75.13245,0.3,0.38,0.115,32.49,21.11,5.9
2018-08-09T11:30:00Z,GYK,Greys_Creek,38.44901667,-75.13245,0.3,0.34,0.125,32.45,21.05,5.2
2018-08-09T11:45:00Z,GYK,Greys_Creek,38.44901667,-75.13245,0.3,0.28,0.134,32.47,21.22,4.4
2018-08-09T12:00:00Z,GYK,Greys_Creek,38.44901667,-75.13245,0.3,0.29,0.139,32.43,21.29,4.5
2018-08-09T12:15:00Z,GYK,Greys_Creek,38.44901667,-75.13245,0.3,0.26,0.143,32.43,21.35,4.1
2018-08-09T12:30:00Z,GYK,Greys_Creek,38.44901667,-75.13245,0.3,0.18,0.148,32.4,21.48,2.8
2018-08-09T12:45:00Z,GYK,Greys_Creek,38.44901667,-75.13245,0.3,0.46,0.145,32.5,18.56,7.1
2018-08-09T13:00:00Z,GYK,Greys_Creek,38.44901667,-75.13245,0.3,0.09,0.144,32.36,21.04,1.3
2018-08-09T13:15:00Z,GYK,Greys_Creek,38.44901667,-75.13245,0.3,0.23,0.138,32.92,18.95,3.5
2018-08-09T13:30:00Z,GYK,Greys_Creek,38.44901667,-75.13245,0.3,1.47,0.126,32.68,18.09,22.5
2018-08-09T13:45:00Z,GYK,Greys_Creek,38.44901667,-75.13245,0.3,0.55,0.103,33.1,18.79,8.5
2018-08-09T14:00:00Z,GYK,Greys_Creek,38.44901667,-75.13245,0.3,1.92,0.081,30.57,7.42,26.7
2018-08-09T14:15:00Z,GYK,Greys_Creek,38.44901667,-75.13245,0.3,0.11,0.066,32.59,13.91,1.7
2018-08-09T14:30:00Z,GYK,Greys_Creek,38.44901667,-75.13245,0.3,1.52,0.054,31.56,10.23,21.8
2018-08-09T14:45:00Z,GYK,Greys_Creek,38.44901667,-75.13245,0.3,3.33,0.048,28.15,4.17,43.7
2018-08-09T15:00:00Z,GYK,Greys_Creek,38.44901667,-75.13245,0.3,4.95,0.038,29.19,6.28,66.9
2018-08-09T15:15:00Z,GYK,Greys_Creek,38.44901667,-75.13245,0.3,2.78,0.022,29.22,6.61,37.7
2018-08-09T15:30:00Z,GYK,Greys_Creek,38.44901667,-75.13245,0.3,4.79,0.002,30.27,8.3,66.7
2018-08-09T15:45:00Z,GYK,Greys_Creek,38.44901667,-75.13245,0.3,7.22,NaN,28.77,4.11,95.6
2018-08-09T16:00:00Z,GYK,Greys_Creek,38.44901667,-75.13245,0.3,7.07,NaN,29.07,5.41,94.9
2018-08-09T16:15:00Z,GYK,Greys_Creek,38.44901667,-75.13245,0.3,10.72,NaN,30.05,6.39,147.0
2018-08-09T16:30:00Z,GYK,Greys_Creek,38.44901667,-75.13245,0.3,4.24,NaN,29.03,5.94,57.0
2018-08-09T16:45:00Z,GYK,Greys_Creek,38.44901667,-75.13245,0.3,4.75,NaN,28.94,3.83,63.0
2018-08-09T17:00:00Z,GYK,Greys_Creek,38.44901667,-75.13245,0.3,5.16,NaN,29.2,5.02,69.2
2018-08-09T17:15:00Z,GYK,Greys_Creek,38.44901667,-75.13245,0.3,7.13,NaN,29.7,5.54,96.7
2018-08-09T17:30:00Z,GYK,Greys_Creek,38.44901667,-75.13245,0.3,6.97,NaN,29.14,3.88,92.8
2018-08-09T17:45:00Z,GYK,Greys_Creek,38.44901667,-75.13245,0.3,9.69,NaN,31.1,5.9,134.9
2018-08-09T18:00:00Z,GYK,Greys_Creek,38.44901667,-75.13245,0.3,15.19,NaN,31.45,4.1,210.6
2018-08-09T18:15:00Z,GYK,Greys_Creek,38.44901667,-75.13245,0.3,9.81,NaN,30.22,2.1,131.8
2018-08-09T18:30:00Z,GYK,Greys_Creek,38.44901667,-75.13245,0.3,7.68,NaN,30.67,0.02,102.7
2018-08-09T18:45:00Z,GYK,Greys_Creek,38.44901667,-75.13245,0.3,5.61,NaN,30.45,0.01,74.7
2018-08-09T19:00:00Z,GYK,Greys_Creek,38.44901667,-75.13245,0.3,10.41,NaN,30.03,0.0,137.8
2018-08-09T19:15:00Z,GYK,Greys_Creek,38.44901667,-75.13245,0.3,8.0,NaN,28.22,0.0,102.5
2018-08-09T19:30:00Z,GYK,Greys_Creek,38.44901667,-75.13245,0.3,11.99,NaN,31.14,0.0,161.8
2018-08-09T19:45:00Z,GYK,Greys_Creek,38.44901667,-75.13245,0.3,9.7,NaN,32.28,0.0,133.4
2018-08-09T20:00:00Z,GYK,Greys_Creek,38.44901667,-75.13245,0.3,10.52,NaN,32.07,3.31,146.7
2018-08-09T20:15:00Z,GYK,Greys_Creek,38.44901667,-75.13245,0.3,14.35,NaN,32.84,7.73,207.7
2018-08-09T20:30:00Z,GYK,Greys_Creek,38.44901667,-75.13245,0.3,11.15,NaN,33.81,16.47,171.8
2018-08-09T20:45:00Z,GYK,Greys_Creek,38.44901667,-75.13245,0.3,10.69,NaN,33.71,17.13,165.1
2018-08-09T21:00:00Z,GYK,Greys_Creek,38.44901667,-75.13245,0.3,12.86,NaN,33.8,9.9,191.3
2018-08-09T21:15:00Z,GYK,Greys_Creek,38.44901667,-75.13245,0.3,13.17,NaN,33.9,11.17,197.6
2018-08-09T21:30:00Z,GYK,Greys_Creek,38.44901667,-75.13245,0.3,11.76,NaN,33.87,19.6,184.4
2018-08-09T21:45:00Z,GYK,Greys_Creek,38.44901667,-75.13245,0.3,10.37,NaN,33.82,18.21,161.3
2018-08-09T22:00:00Z,GYK,Greys_Creek,38.44901667,-75.13245,0.3,11.84,NaN,33.54,20.3,185.5
2018-08-09T22:15:00Z,GYK,Greys_Creek,38.44901667,-75.13245,0.3,9.6,0.028,33.16,20.89,150.0
2018-08-09T22:30:00Z,GYK,Greys_Creek,38.44901667,-75.13245,0.3,9.16,0.058,33.01,21.48,143.1
2018-08-09T22:45:00Z,GYK,Greys_Creek,38.44901667,-75.13245,0.3,9.04,0.085,32.89,21.35,140.9
2018-08-09T23:00:00Z,GYK,Greys_Creek,38.44901667,-75.13245,0.3,8.59,0.105,32.78,21.61,133.8
2018-08-09T23:15:00Z,GYK,Greys_Creek,38.44901667,-75.13245,0.3,8.84,0.132,32.84,21.59,137.9
2018-08-09T23:30:00Z,GYK,Greys_Creek,38.44901667,-75.13245,0.3,9.02,0.153,32.9,21.43,140.7
2018-08-09T23:45:00Z,GYK,Greys_Creek,38.44901667,-75.13245,0.3,9.58,0.176,32.89,21.63,149.6
2018-08-10T00:00:00Z,GYK,Greys_Creek,38.44901667,-75.13245,0.3,10.07,0.194,32.9,21.17,156.8
2018-08-10T00:15:00Z,GYK,Greys_Creek,38.44901667,-75.13245,0.3,9.93,0.215,32.89,20.92,154.5
2018-08-10T00:30:00Z,GYK,Greys_Creek,38.44901667,-75.13245,0.3,9.69,0.235,32.87,21.05,150.8
2018-08-10T00:45:00Z,GYK,Greys_Creek,38.44901667,-75.13245,0.3,9.64,0.25,32.84,20.6,149.5
2018-08-10T01:00:00Z,GYK,Greys_Creek,38.44901667,-75.13245,0.3,10.19,0.261,32.82,20.59,158.0
2018-08-10T01:15:00Z,GYK,Greys_Creek,38.44901667,-75.13245,0.3,10.07,0.274,32.77,20.66,156.0
2018-08-10T01:30:00Z,GYK,Greys_Creek,38.44901667,-75.13245,0.3,9.55,0.286,32.76,20.69,148.0
2018-08-10T01:45:00Z,GYK,Greys_Creek,38.44901667,-75.13245,0.3,9.46,0.296,32.71,20.68,146.4
2018-08-10T02:00:00Z,GYK,Greys_Creek,38.44901667,-75.13245,0.3,9.91,0.297,32.73,20.65,153.5
2018-08-10T02:15:00Z,GYK,Greys_Creek,38.44901667,-75.13245,0.3,10.0,0.299,32.7,20.61,154.8
2018-08-10T02:30:00Z,GYK,Greys_Creek,38.44901667,-75.13245,0.3,9.43,0.295,32.7,20.54,146.0
2018-08-10T02:45:00Z,GYK,Greys_Creek,38.44901667,-75.13245,0.3,10.46,0.278,32.92,20.27,162.1
2018-08-10T03:00:00Z,GYK,Greys_Creek,38.44901667,-75.13245,0.3,7.59,0.256,33.59,19.76,118.6
2018-08-10T03:15:00Z,GYK,Greys_Creek,38.44901667,-75.13245,0.3,8.1,0.23,33.17,19.95,125.9
2018-08-10T03:30:00Z,GYK,Greys_Creek,38.44901667,-75.13245,0.3,8.98,0.207,33.06,20.22,139.5
2018-08-10T03:45:00Z,GYK,Greys_Creek,38.44901667,-75.13245,0.3,8.06,0.19,32.94,19.95,124.8
2018-08-10T04:00:00Z,GYK,Greys_Creek,38.44901667,-75.13245,0.3,6.87,0.172,32.9,19.73,106.2
2018-08-10T04:15:00Z,GYK,Greys_Creek,38.44901667,-75.13245,0.3,6.8,0.161,32.67,19.26,104.5
2018-08-10T04:30:00Z,GYK,Greys_Creek,38.44901667,-75.13245,0.3,6.75,0.138,32.73,16.77,102.4
2018-08-10T04:45:00Z,GYK,Greys_Creek,38.44901667,-75.13245,0.3,7.17,0.122,32.36,17.18,108.4
2018-08-10T05:00:00Z,GYK,Greys_Creek,38.44901667,-75.13245,0.3,7.01,0.104,31.11,11.1,100.4
2018-08-10T05:15:00Z,GYK,Greys_Creek,38.44901667,-75.13245,0.3,5.33,0.087,32.49,16.2,80.2
2018-08-10T05:30:00Z,GYK,Greys_Creek,38.44901667,-75.13245,0.3,3.09,0.072,29.33,9.21,42.5
2018-08-10T05:45:00Z,GYK,Greys_Creek,38.44901667,-75.13245,0.3,2.64,0.054,29.07,8.58,36.0
2018-08-10T06:00:00Z,GYK,Greys_Creek,38.44901667,-75.13245,0.3,2.59,0.039,28.79,7.1,34.9
2018-08-10T06:15:00Z,GYK,Greys_Creek,38.44901667,-75.13245,0.3,2.79,0.026,28.61,7.19,37.5
2018-08-10T06:30:00Z,GYK,Greys_Creek,38.44901667,-75.13245,0.3,3.03,0.01,28.26,6.67,40.3
2018-08-10T06:45:00Z,GYK,Greys_Creek,38.44901667,-75.13245,0.3,3.06,NaN,28.22,6.42,40.7
2018-08-10T07:00:00Z,GYK,Greys_Creek,38.44901667,-75.13245,0.3,2.96,NaN,28.17,6.67,39.4
2018-08-10T07:15:00Z,GYK,Greys_Creek,38.44901667,-75.13245,0.3,2.96,NaN,27.98,6.03,39.0
2018-08-10T07:30:00Z,GYK,Greys_Creek,38.44901667,-75.13245,0.3,3.18,NaN,27.73,5.83,41.8
2018-08-10T07:45:00Z,GYK,Greys_Creek,38.44901667,-75.13245,0.3,3.24,NaN,27.56,5.6,42.3
2018-08-10T08:00:00Z,GYK,Greys_Creek,38.44901667,-75.13245,0.3,3.11,NaN,27.46,5.26,40.5
2018-08-10T08:15:00Z,GYK,Greys_Creek,38.44901667,-75.13245,0.3,3.35,NaN,27.28,4.45,43.4
2018-08-10T08:30:00Z,GYK,Greys_Creek,38.44901667,-75.13245,0.3,3.32,NaN,26.86,3.85,42.4
2018-08-10T08:45:00Z,GYK,Greys_Creek,38.44901667,-75.13245,0.3,3.36,NaN,26.88,4.13,43.1
2018-08-10T09:00:00Z,GYK,Greys_Creek,38.44901667,-75.13245,0.3,3.37,NaN,26.88,3.73,43.1
2018-08-10T09:15:00Z,GYK,Greys_Creek,38.44901667,-75.13245,0.3,1.71,NaN,30.54,12.21,24.5
2018-08-10T09:30:00Z,GYK,Greys_Creek,38.44901667,-75.13245,0.3,3.81,NaN,30.42,19.0,56.4
2018-08-10T09:45:00Z,GYK,Greys_Creek,38.44901667,-75.13245,0.3,3.84,0.006,30.49,19.54,56.9
2018-08-10T10:00:00Z,GYK,Greys_Creek,38.44901667,-75.13245,0.3,2.79,0.031,30.69,19.74,41.6
2018-08-10T10:15:00Z,GYK,Greys_Creek,38.44901667,-75.13245,0.3,2.8,0.046,30.92,20.09,42.0
2018-08-10T10:30:00Z,GYK,Greys_Creek,38.44901667,-75.13245,0.3,2.44,0.07,30.98,20.13,36.7
2018-08-10T10:45:00Z,GYK,Greys_Creek,38.44901667,-75.13245,0.3,1.69,0.09,31.37,20.5,25.5
2018-08-10T11:00:00Z,GYK,Greys_Creek,38.44901667,-75.13245,0.3,0.39,0.102,31.86,21.07,5.9
2018-08-10T11:15:00Z,GYK,Greys_Creek,38.44901667,-75.13245,0.3,0.23,0.12,31.64,21.01,3.5
2018-08-10T11:30:00Z,GYK,Greys_Creek,38.44901667,-75.13245,0.3,0.44,0.138,31.43,21.08,6.8
2018-08-10T11:45:00Z,GYK,Greys_Creek,38.44901667,-75.13245,0.3,0.46,0.158,31.72,21.39,7.0
2018-08-10T12:00:00Z,GYK,Greys_Creek,38.44901667,-75.13245,0.3,0.69,0.175,31.59,21.5,10.5
2018-08-10T12:15:00Z,GYK,Greys_Creek,38.44901667,-75.13245,0.3,0.76,0.188,31.66,21.65,11.6
2018-08-10T12:30:00Z,GYK,Greys_Creek,38.44901667,-75.13245,0.3,0.71,0.196,31.5,21.92,10.8
2018-08-10T12:45:00Z,GYK,Greys_Creek,38.44901667,-75.13245,0.3,0.5,0.213,31.47,22.06,7.7
2018-08-10T13:00:00Z,GYK,Greys_Creek,38.44901667,-75.13245,0.3,0.31,0.219,31.44,21.84,4.8
2018-08-10T13:15:00Z,GYK,Greys_Creek,38.44901667,-75.13245,0.3,0.93,0.227,31.42,21.86,14.1
2018-08-10T13:30:00Z,GYK,Greys_Creek,38.44901667,-75.13245,0.3,0.6,0.234,31.47,21.8,9.1
2018-08-10T13:45:00Z,GYK,Greys_Creek,38.44901667,-75.13245,0.3,1.14,0.237,31.4,21.88,17.5
2018-08-10T14:00:00Z,GYK,Greys_Creek,38.44901667,-75.13245,0.3,1.76,0.24,31.39,21.74,26.9
2018-08-10T14:15:00Z,GYK,Greys_Creek,38.44901667,-75.13245,0.3,3.54,0.228,31.93,20.61,54.1
2018-08-10T14:30:00Z,GYK,Greys_Creek,38.44901667,-75.13245,0.3,0.56,0.215,32.35,20.25,8.5
2018-08-10T14:45:00Z,GYK,Greys_Creek,38.44901667,-75.13245,0.3,0.34,0.2,32.54,20.3,5.2
2018-08-10T15:00:00Z,GYK,Greys_Creek,38.44901667,-75.13245,0.3,0.25,0.174,32.46,20.65,3.9
2018-08-10T15:15:00Z,GYK,Greys_Creek,38.44901667,-75.13245,0.3,1.08,0.153,32.3,19.43,16.6
2018-08-10T15:30:00Z,GYK,Greys_Creek,38.44901667,-75.13245,0.3,2.06,0.143,32.15,20.02,31.4
2018-08-10T15:45:00Z,GYK,Greys_Creek,38.44901667,-75.13245,0.3,0.97,0.132,32.3,20.41,14.9
2018-08-10T16:00:00Z,GYK,Greys_Creek,38.44901667,-75.13245,0.3,4.42,0.115,31.74,18.32,66.5
2018-08-10T16:15:00Z,GYK,Greys_Creek,38.44901667,-75.13245,0.3,6.02,0.096,30.32,10.28,84.8
2018-08-10T16:30:00Z,GYK,Greys_Creek,38.44901667,-75.13245,0.3,6.44,0.079,32.19,13.9,95.4
2018-08-10T16:45:00Z,GYK,Greys_Creek,38.44901667,-75.13245,0.3,3.17,0.07,31.35,13.22,46.1
2018-08-10T17:00:00Z,GYK,Greys_Creek,38.44901667,-75.13245,0.3,4.32,0.049,29.8,7.11,59.2
2018-08-10T17:15:00Z,GYK,Greys_Creek,38.44901667,-75.13245,0.3,4.72,0.024,28.56,6.17,63.0
2018-08-10T17:30:00Z,GYK,Greys_Creek,38.44901667,-75.13245,0.3,4.75,0.01,29.18,6.21,64.1
2018-08-10T17:45:00Z,GYK,Greys_Creek,38.44901667,-75.13245,0.3,3.5,NaN,29.03,7.74,47.5
2018-08-10T18:00:00Z,GYK,Greys_Creek,38.44901667,-75.13245,0.3,3.6,NaN,29.95,9.23,50.1
2018-08-10T18:15:00Z,GYK,Greys_Creek,38.44901667,-75.13245,0.3,5.8,NaN,29.63,7.44,79.4
2018-08-10T18:30:00Z,GYK,Greys_Creek,38.44901667,-75.13245,0.3,6.42,NaN,29.18,5.11,86.1
2018-08-10T18:45:00Z,GYK,Greys_Creek,38.44901667,-75.13245,0.3,5.97,NaN,29.42,5.04,80.4
2018-08-10T19:00:00Z,GYK,Greys_Creek,38.44901667,-75.13245,0.3,6.0,NaN,30.55,6.57,83.0
2018-08-10T19:15:00Z,GYK,Greys_Creek,38.44901667,-75.13245,0.3,5.59,NaN,30.61,7.82,78.0
2018-08-10T19:30:00Z,GYK,Greys_Creek,38.44901667,-75.13245,0.3,6.47,NaN,29.1,3.26,85.8
2018-08-10T19:45:00Z,GYK,Greys_Creek,38.44901667,-75.13245,0.3,6.52,NaN,28.66,2.9,85.7
2018-08-10T20:00:00Z,GYK,Greys_Creek,38.44901667,-75.13245,0.3,6.16,NaN,29.92,5.01,83.7
2018-08-10T20:15:00Z,GYK,Greys_Creek,38.44901667,-75.13245,0.3,6.7,NaN,31.47,6.13,93.9
2018-08-10T20:30:00Z,GYK,Greys_Creek,38.44901667,-75.13245,0.3,6.38,NaN,31.73,7.35,90.4
2018-08-10T20:45:00Z,GYK,Greys_Creek,38.44901667,-75.13245,0.3,6.63,NaN,31.73,8.93,94.8
2018-08-10T21:00:00Z,GYK,Greys_Creek,38.44901667,-75.13245,0.3,7.69,NaN,31.96,9.83,111.0
2018-08-10T21:15:00Z,GYK,Greys_Creek,38.44901667,-75.13245,0.3,8.99,NaN,32.62,11.18,132.1
2018-08-10T21:30:00Z,GYK,Greys_Creek,38.44901667,-75.13245,0.3,9.3,NaN,32.57,11.19,136.5
2018-08-10T21:45:00Z,GYK,Greys_Creek,38.44901667,-75.13245,0.3,9.13,0.007,32.45,11.77,134.2
2018-08-10T22:00:00Z,GYK,Greys_Creek,38.44901667,-75.13245,0.3,8.97,0.026,32.6,13.29,133.3
2018-08-10T22:15:00Z,GYK,Greys_Creek,38.44901667,-75.13245,0.3,9.84,0.042,32.35,12.78,145.2
2018-08-10T22:30:00Z,GYK,Greys_Creek,38.44901667,-75.13245,0.3,11.55,0.056,32.7,13.68,172.3
2018-08-10T22:45:00Z,GYK,Greys_Creek,38.44901667,-75.13245,0.3,9.84,0.082,32.66,14.14,147.0
2018-08-10T23:00:00Z,GYK,Greys_Creek,38.44901667,-75.13245,0.3,11.21,0.109,33.16,17.09,171.5
2018-08-10T23:15:00Z,GYK,Greys_Creek,38.44901667,-75.13245,0.3,12.02,0.131,33.2,19.34,186.4
2018-08-10T23:30:00Z,GYK,Greys_Creek,38.44901667,-75.13245,0.3,12.42,0.152,33.02,18.42,190.9
2018-08-10T23:45:00Z,GYK,Greys_Creek,38.44901667,-75.13245,0.3,11.81,0.176,32.91,19.57,182.4
2018-08-11T00:00:00Z,GYK,Greys_Creek,38.44901667,-75.13245,0.3,11.36,0.199,32.74,20.02,175.4
2018-08-11T00:15:00Z,GYK,Greys_Creek,38.44901667,-75.13245,0.3,10.67,0.221,32.61,20.03,164.3
2018-08-11T00:30:00Z,GYK,Greys_Creek,38.44901667,-75.13245,0.3,10.28,0.238,32.51,20.23,158.3
2018-08-11T00:45:00Z,GYK,Greys_Creek,38.44901667,-75.13245,0.3,10.01,0.263,32.51,20.48,154.4
2018-08-11T01:00:00Z,GYK,Greys_Creek,38.44901667,-75.13245,0.3,8.99,0.28,32.48,20.83,138.8
2018-08-11T01:15:00Z,GYK,Greys_Creek,38.44901667,-75.13245,0.3,8.56,0.296,32.45,21.04,132.3
2018-08-11T01:30:00Z,GYK,Greys_Creek,38.44901667,-75.13245,0.3,8.01,0.312,32.4,21.25,123.8
2018-08-11T01:45:00Z,GYK,Greys_Creek,38.44901667,-75.13245,0.3,7.73,0.331,32.32,21.3,119.4
2018-08-11T02:00:00Z,GYK,Greys_Creek,38.44901667,-75.13245,0.3,7.58,0.344,32.27,21.48,117.1
2018-08-11T02:15:00Z,GYK,Greys_Creek,38.44901667,-75.13245,0.3,7.72,0.35,32.21,21.51,119.2
2018-08-11T02:30:00Z,GYK,Greys_Creek,38.44901667,-75.13245,0.3,7.52,0.358,32.17,21.58,116.1
2018-08-11T02:45:00Z,GYK,Greys_Creek,38.44901667,-75.13245,0.3,7.35,0.364,32.14,21.68,113.5
2018-08-11T03:00:00Z,GYK,Greys_Creek,38.44901667,-75.13245,0.3,7.19,0.369,32.09,21.7,110.9
2018-08-11T03:15:00Z,GYK,Greys_Creek,38.44901667,-75.13245,0.3,6.98,0.366,32.08,21.65,107.5
2018-08-11T03:30:00Z,GYK,Greys_Creek,38.44901667,-75.13245,0.3,5.28,0.356,32.32,20.47,81.2
2018-08-11T03:45:00Z,GYK,Greys_Creek,38.44901667,-75.13245,0.3,5.82,0.334,32.55,20.54,89.8
2018-08-11T04:00:00Z,GYK,Greys_Creek,38.44901667,-75.13245,0.3,6.08,0.308,32.71,18.37,93.0
2018-08-11T04:15:00Z,GYK,Greys_Creek,38.44901667,-75.13245,0.3,5.38,0.283,32.68,19.29,82.7
2018-08-11T04:30:00Z,GYK,Greys_Creek,38.44901667,-75.13245,0.3,4.91,0.265,32.38,19.69,75.3
2018-08-11T04:45:00Z,GYK,Greys_Creek,38.44901667,-75.13245,0.3,4.4,0.247,32.48,19.81,67.5
2018-08-11T05:00:00Z,GYK,Greys_Creek,38.44901667,-75.13245,0.3,4.04,0.231,32.16,18.69,61.3
2018-08-11T05:15:00Z,GYK,Greys_Creek,38.44901667,-75.13245,0.3,4.38,0.207,32.37,18.48,66.6
2018-08-11T05:30:00Z,GYK,Greys_Creek,38.44901667,-75.13245,0.3,3.4,0.193,33.05,19.92,52.7
2018-08-11T05:45:00Z,GYK,Greys_Creek,38.44901667,-75.13245,0.3,3.59,0.179,32.65,19.49,55.2
2018-08-11T06:00:00Z,GYK,Greys_Creek,38.44901667,-75.13245,0.3,3.71,0.166,32.23,19.23,56.6
2018-08-11T06:15:00Z,GYK,Greys_Creek,38.44901667,-75.13245,0.3,3.99,0.146,31.03,14.27,58.1
2018-08-11T06:30:00Z,GYK,Greys_Creek,38.44901667,-75.13245,0.3,4.56,0.127,31.78,11.78,66.2
2018-08-11T06:45:00Z,GYK,Greys_Creek,38.44901667,-75.13245,0.3,4.87,0.112,29.11,10.42,67.2
2018-08-11T07:00:00Z,GYK,Greys_Creek,38.44901667,-75.13245,0.3,4.01,0.093,30.3,11.82,56.9
2018-08-11T07:15:00Z,GYK,Greys_Creek,38.44901667,-75.13245,0.3,3.82,0.076,28.73,8.87,51.9
2018-08-11T07:30:00Z,GYK,Greys_Creek,38.44901667,-75.13245,0.3,3.74,0.06,28.62,8.5,50.6
2018-08-11T07:45:00Z,GYK,Greys_Creek,38.44901667,-75.13245,0.3,4.02,0.051,28.68,8.41,54.4
2018-08-11T08:00:00Z,GYK,Greys_Creek,38.44901667,-75.13245,0.3,4.23,0.036,28.16,7.36,56.5
2018-08-11T08:15:00Z,GYK,Greys_Creek,38.44901667,-75.13245,0.3,4.07,0.023,28.3,7.22,54.4
2018-08-11T08:30:00Z,GYK,Greys_Creek,38.44901667,-75.13245,0.3,4.05,0.014,27.9,6.67,53.6
2018-08-11T08:45:00Z,GYK,Greys_Creek,38.44901667,-75.13245,0.3,3.42,0.003,27.88,7.05,45.3
2018-08-11T09:00:00Z,GYK,Greys_Creek,38.44901667,-75.13245,0.3,3.68,NaN,27.35,5.82,48.1
2018-08-11T09:15:00Z,GYK,Greys_Creek,38.44901667,-75.13245,0.3,3.82,NaN,27.39,6.03,49.9
2018-08-11T09:30:00Z,GYK,Greys_Creek,38.44901667,-75.13245,0.3,3.41,NaN,27.74,6.27,44.9
2018-08-11T09:45:00Z,GYK,Greys_Creek,38.44901667,-75.13245,0.3,2.19,NaN,27.6,6.14,28.7
2018-08-11T10:00:00Z,GYK,Greys_Creek,38.44901667,-75.13245,0.3,1.77,NaN,30.77,12.13,25.3
2018-08-11T10:15:00Z,GYK,Greys_Creek,38.44901667,-75.13245,0.3,3.11,0.01,30.93,19.86,46.6
2018-08-11T10:30:00Z,GYK,Greys_Creek,38.44901667,-75.13245,0.3,2.77,0.046,30.71,20.24,41.5
2018-08-11T10:45:00Z,GYK,Greys_Creek,38.44901667,-75.13245,0.3,2.23,0.082,31.1,20.63,33.7
2018-08-11T11:00:00Z,GYK,Greys_Creek,38.44901667,-75.13245,0.3,1.48,0.101,30.07,19.64,21.8
2018-08-11T11:15:00Z,GYK,Greys_Creek,38.44901667,-75.13245,0.3,0.68,0.115,31.07,20.66,10.2
2018-08-11T11:30:00Z,GYK,Greys_Creek,38.44901667,-75.13245,0.3,0.5,0.135,30.86,20.81,7.6
2018-08-11T11:45:00Z,GYK,Greys_Creek,38.44901667,-75.13245,0.3,0.23,0.156,31.22,21.07,3.5
2018-08-11T12:00:00Z,GYK,Greys_Creek,38.44901667,-75.13245,0.3,0.25,0.169,31.46,21.02,3.8
2018-08-11T12:15:00Z,GYK,Greys_Creek,38.44901667,-75.13245,0.3,0.16,0.183,31.48,21.15,2.4
2018-08-11T12:30:00Z,GYK,Greys_Creek,38.44901667,-75.13245,0.3,0.24,0.205,31.46,21.29,3.7
2018-08-11T12:45:00Z,GYK,Greys_Creek,38.44901667,-75.13245,0.3,0.14,0.227,31.43,21.35,2.1
2018-08-11T13:00:00Z,GYK,Greys_Creek,38.44901667,-75.13245,0.3,0.12,0.234,31.48,21.16,1.8
2018-08-11T13:15:00Z,GYK,Greys_Creek,38.44901667,-75.13245,0.3,0.15,0.241,31.27,20.96,2.3
2018-08-11T13:30:00Z,GYK,Greys_Creek,38.44901667,-75.13245,0.3,0.14,0.256,31.45,21.31,2.2
2018-08-11T13:45:00Z,GYK,Greys_Creek,38.44901667,-75.13245,0.3,0.21,0.268,31.48,21.11,3.1
2018-08-11T14:00:00Z,GYK,Greys_Creek,38.44901667,-75.13245,0.3,0.26,0.271,31.25,20.75,3.9
2018-08-11T14:15:00Z,GYK,Greys_Creek,38.44901667,-75.13245,0.3,0.89,0.277,31.08,20.47,13.3
2018-08-11T14:30:00Z,GYK,Greys_Creek,38.44901667,-75.13245,0.3,1.04,0.285,31.28,20.81,15.7
2018-08-11T14:45:00Z,GYK,Greys_Creek,38.44901667,-75.13245,0.3,0.59,0.285,31.32,20.61,9.0
2018-08-11T15:00:00Z,GYK,Greys_Creek,38.44901667,-75.13245,0.3,0.39,0.282,31.1,20.25,5.8
2018-08-11T15:15:00Z,GYK,Greys_Creek,38.44901667,-75.13245,0.3,0.43,0.279,31.51,20.35,6.5
2018-08-11T15:30:00Z,GYK,Greys_Creek,38.44901667,-75.13245,0.3,1.17,0.265,32.09,20.47,18.0
2018-08-11T15:45:00Z,GYK,Greys_Creek,38.44901667,-75.13245,0.3,2.04,0.236,32.05,19.41,31.1
2018-08-11T16:00:00Z,GYK,Greys_Creek,38.44901667,-75.13245,0.3,4.52,0.211,31.6,19.04,68.1
2018-08-11T16:15:00Z,GYK,Greys_Creek,38.44901667,-75.13245,0.3,1.83,0.19,31.57,19.78,27.7
2018-08-11T16:30:00Z,GYK,Greys_Creek,38.44901667,-75.13245,0.3,0.74,0.178,31.54,19.43,11.2
2018-08-11T16:45:00Z,GYK,Greys_Creek,38.44901667,-75.13245,0.3,2.64,0.169,31.12,18.9,39.4
2018-08-11T17:00:00Z,GYK,Greys_Creek,38.44901667,-75.13245,0.3,0.79,0.183,31.46,21.16,12.0
2018-08-11T17:15:00Z,GYK,Greys_Creek,38.44901667,-75.13245,0.3,1.14,0.168,31.25,19.56,17.1
2018-08-11T17:30:00Z,GYK,Greys_Creek,38.44901667,-75.13245,0.3,8.11,0.133,30.65,11.13,115.2
2018-08-11T17:45:00Z,GYK,Greys_Creek,38.44901667,-75.13245,0.3,8.27,0.138,29.73,11.36,115.9
2018-08-11T18:00:00Z,GYK,Greys_Creek,38.44901667,-75.13245,0.3,7.42,0.064,28.88,10.07,101.8
2018-08-11T18:15:00Z,GYK,Greys_Creek,38.44901667,-75.13245,0.3,4.76,0.072,29.44,10.44,66.1
2018-08-11T18:30:00Z,GYK,Greys_Creek,38.44901667,-75.13245,0.3,4.44,0.053,29.45,11.81,62.1
2018-08-11T18:45:00Z,GYK,Greys_Creek,38.44901667,-75.13245,0.3,8.89,0.029,28.5,8.29,120.0
2018-08-11T19:00:00Z,GYK,Greys_Creek,38.44901667,-75.13245,0.3,5.55,0.021,29.37,11.38,77.3
2018-08-11T19:15:00Z,GYK,Greys_Creek,38.44901667,-75.13245,0.3,5.59,0.0,29.89,7.63,76.9
2018-08-11T19:30:00Z,GYK,Greys_Creek,38.44901667,-75.13245,0.3,3.44,NaN,27.8,7.66,45.7
2018-08-11T19:45:00Z,GYK,Greys_Creek,38.44901667,-75.13245,0.3,8.85,NaN,28.58,6.78,118.6
2018-08-11T20:00:00Z,GYK,Greys_Creek,38.44901667,-75.13245,0.3,6.15,NaN,28.54,8.93,83.4
2018-08-11T20:15:00Z,GYK,Greys_Creek,38.44901667,-75.13245,0.3,4.98,NaN,29.28,9.25,68.5
2018-08-11T20:30:00Z,GYK,Greys_Creek,38.44901667,-75.13245,0.3,5.44,NaN,29.2,9.82,75.0
2018-08-11T20:45:00Z,GYK,Greys_Creek,38.44901667,-75.13245,0.3,12.13,NaN,29.9,9.19,168.4
2018-08-11T21:00:00Z,GYK,Greys_Creek,38.44901667,-75.13245,0.3,5.77,NaN,27.68,5.48,75.6
2018-08-11T21:15:00Z,GYK,Greys_Creek,38.44901667,-75.13245,0.3,5.66,NaN,27.18,4.85,73.3
2018-08-11T21:30:00Z,GYK,Greys_Creek,38.44901667,-75.13245,0.3,6.66,NaN,26.86,3.92,85.2
2018-08-11T21:45:00Z,GYK,Greys_Creek,38.44901667,-75.13245,0.3,7.07,NaN,28.0,6.26,93.5
2018-08-11T22:00:00Z,GYK,Greys_Creek,38.44901667,-75.13245,0.3,8.49,NaN,28.93,9.22,116.0
2018-08-11T22:15:00Z,GYK,Greys_Creek,38.44901667,-75.13245,0.3,9.14,NaN,30.48,12.6,130.7
2018-08-11T22:30:00Z,GYK,Greys_Creek,38.44901667,-75.13245,0.3,9.28,0.004,30.38,13.43,133.0
2018-08-11T22:45:00Z,GYK,Greys_Creek,38.44901667,-75.13245,0.3,10.02,0.025,30.77,15.4,146.1
2018-08-11T23:00:00Z,GYK,Greys_Creek,38.44901667,-75.13245,0.3,9.55,0.05,30.51,15.71,138.9
2018-08-11T23:15:00Z,GYK,Greys_Creek,38.44901667,-75.13245,0.3,8.33,0.073,30.47,15.14,120.8
2018-08-11T23:30:00Z,GYK,Greys_Creek,38.44901667,-75.13245,0.3,7.78,0.097,30.77,16.68,114.2
2018-08-11T23:45:00Z,GYK,Greys_Creek,38.44901667,-75.13245,0.3,7.86,0.122,31.17,17.07,116.5
2018-08-12T00:00:00Z,GYK,Greys_Creek,38.44901667,-75.13245,0.3,8.18,0.141,31.07,18.42,121.9
2018-08-12T00:15:00Z,GYK,Greys_Creek,38.44901667,-75.13245,0.3,7.88,0.161,31.08,19.44,118.0
2018-08-12T00:30:00Z,GYK,Greys_Creek,38.44901667,-75.13245,0.3,7.81,0.184,31.08,19.67,117.2
2018-08-12T00:45:00Z,GYK,Greys_Creek,38.44901667,-75.13245,0.3,7.02,0.21,31.08,20.11,105.6
2018-08-12T01:00:00Z,GYK,Greys_Creek,38.44901667,-75.13245,0.3,7.3,0.229,31.03,20.23,109.8
2018-08-12T01:15:00Z,GYK,Greys_Creek,38.44901667,-75.13245,0.3,7.22,0.247,31.07,20.52,108.8
2018-08-12T01:30:00Z,GYK,Greys_Creek,38.44901667,-75.13245,0.3,6.66,0.281,31.03,20.87,100.5
2018-08-12T01:45:00Z,GYK,Greys_Creek,38.44901667,-75.13245,0.3,6.52,0.287,30.98,20.91,98.4
2018-08-12T02:00:00Z,GYK,Greys_Creek,38.44901667,-75.13245,0.3,5.1,0.327,30.99,21.14,77.0
2018-08-12T02:15:00Z,GYK,Greys_Creek,38.44901667,-75.13245,0.3,4.68,0.322,30.88,20.98,70.5
2018-08-12T02:30:00Z,GYK,Greys_Creek,38.44901667,-75.13245,0.3,4.42,0.32,30.86,20.85,66.5
2018-08-12T02:45:00Z,GYK,Greys_Creek,38.44901667,-75.13245,0.3,4.39,0.33,30.89,21.07,66.2
2018-08-12T03:00:00Z,GYK,Greys_Creek,38.44901667,-75.13245,0.3,5.35,0.374,30.74,21.62,80.7
2018-08-12T03:15:00Z,GYK,Greys_Creek,38.44901667,-75.13245,0.3,5.24,0.4,30.65,21.67,78.9
2018-08-12T03:30:00Z,GYK,Greys_Creek,38.44901667,-75.13245,0.3,4.28,0.378,30.57,20.7,64.1
2018-08-12T03:45:00Z,GYK,Greys_Creek,38.44901667,-75.13245,0.3,3.35,0.365,31.11,20.46,50.5
2018-08-12T04:00:00Z,GYK,Greys_Creek,38.44901667,-75.13245,0.3,4.57,0.38,30.63,21.47,68.8
2018-08-12T04:15:00Z,GYK,Greys_Creek,38.44901667,-75.13245,0.3,4.85,0.383,30.57,21.62,72.9
2018-08-12T04:30:00Z,GYK,Greys_Creek,38.44901667,-75.13245,0.3,4.31,0.362,30.93,19.6,64.5
2018-08-12T04:45:00Z,GYK,Greys_Creek,38.44901667,-75.13245,0.3,4.44,0.329,31.11,19.18,66.5
2018-08-12T05:00:00Z,GYK,Greys_Creek,38.44901667,-75.13245,0.3,3.15,0.305,30.58,18.84,46.7
2018-08-12T05:15:00Z,GYK,Greys_Creek,38.44901667,-75.13245,0.3,3.08,0.288,30.65,19.18,45.7
2018-08-12T05:30:00Z,GYK,Greys_Creek,38.44901667,-75.13245,0.3,3.41,0.264,30.56,18.56,50.4
2018-08-12T05:45:00Z,GYK,Greys_Creek,38.44901667,-75.13245,0.3,2.64,0.242,30.83,19.56,39.5
2018-08-12T06:00:00Z,GYK,Greys_Creek,38.44901667,-75.13245,0.3,3.53,0.219,29.58,15.28,50.4
2018-08-12T06:15:00Z,GYK,Greys_Creek,38.44901667,-75.13245,0.3,2.58,0.205,29.97,15.55,37.1
2018-08-12T06:30:00Z,GYK,Greys_Creek,38.44901667,-75.13245,0.3,2.02,0.192,30.55,18.46,29.9
2018-08-12T06:45:00Z,GYK,Greys_Creek,38.44901667,-75.13245,0.3,2.05,0.177,29.33,15.04,29.2
2018-08-12T07:00:00Z,GYK,Greys_Creek,38.44901667,-75.13245,0.3,2.56,0.159,28.13,12.24,35.1
2018-08-12T07:15:00Z,GYK,Greys_Creek,38.44901667,-75.13245,0.3,2.77,0.138,28.05,12.08,37.9
2018-08-12T07:30:00Z,GYK,Greys_Creek,38.44901667,-75.13245,0.3,2.45,0.126,29.56,15.74,35.1
2018-08-12T07:45:00Z,GYK,Greys_Creek,38.44901667,-75.13245,0.3,1.72,0.113,27.36,10.72,23.0
2018-08-12T08:00:00Z,GYK,Greys_Creek,38.44901667,-75.13245,0.3,2.93,0.091,26.99,9.91,38.9
2018-08-12T08:15:00Z,GYK,Greys_Creek,38.44901667,-75.13245,0.3,2.63,0.074,26.95,9.29,34.7
2018-08-12T08:30:00Z,GYK,Greys_Creek,38.44901667,-75.13245,0.3,3.22,0.055,26.49,7.47,41.7
2018-08-12T08:45:00Z,GYK,Greys_Creek,38.44901667,-75.13245,0.3,2.96,0.045,26.21,6.56,37.9
2018-08-12T09:00:00Z,GYK,Greys_Creek,38.44901667,-75.13245,0.3,3.75,0.037,25.96,5.89,47.8
2018-08-12T09:15:00Z,GYK,Greys_Creek,38.44901667,-75.13245,0.3,3.33,0.022,26.13,6.35,42.7
2018-08-12T09:30:00Z,GYK,Greys_Creek,38.44901667,-75.13245,0.3,3.3,0.014,25.85,5.43,41.9
2018-08-12T09:45:00Z,GYK,Greys_Creek,38.44901667,-75.13245,0.3,3.83,0.003,25.7,5.22,48.3
2018-08-12T10:00:00Z,GYK,Greys_Creek,38.44901667,-75.13245,0.3,3.54,NaN,25.61,5.28,44.7
2018-08-12T10:15:00Z,GYK,Greys_Creek,38.44901667,-75.13245,0.3,3.59,NaN,25.27,4.34,44.7
2018-08-12T10:30:00Z,GYK,Greys_Creek,38.44901667,-75.13245,0.3,3.43,0.0,25.2,4.5,42.8
2018-08-12T10:45:00Z,GYK,Greys_Creek,38.44901667,-75.13245,0.3,0.53,0.004,26.28,4.11,6.7
2018-08-12T11:00:00Z,GYK,Greys_Creek,38.44901667,-75.13245,0.3,0.7,0.01,29.19,9.71,9.6
2018-08-12T11:15:00Z,GYK,Greys_Creek,38.44901667,-75.13245,0.3,1.14,0.035,29.36,20.18,16.7
2018-08-12T11:30:00Z,GYK,Greys_Creek,38.44901667,-75.13245,0.3,1.21,0.065,29.06,20.59,17.7
2018-08-12T11:45:00Z,GYK,Greys_Creek,38.44901667,-75.13245,0.3,1.14,0.092,28.95,20.49,16.6
2018-08-12T12:00:00Z,GYK,Greys_Creek,38.44901667,-75.13245,0.3,1.1,0.117,29.31,20.69,16.1
2018-08-12T12:15:00Z,GYK,Greys_Creek,38.44901667,-75.13245,0.3,0.86,0.135,29.54,20.97,12.7
2018-08-12T12:30:00Z,GYK,Greys_Creek,38.44901667,-75.13245,0.3,0.58,0.163,29.77,21.27,8.6
2018-08-12T12:45:00Z,GYK,Greys_Creek,38.44901667,-75.13245,0.3,0.56,0.177,29.71,21.44,8.2
2018-08-12T13:00:00Z,GYK,Greys_Creek,38.44901667,-75.13245,0.3,0.95,0.193,29.68,21.37,14.1
2018-08-12T13:15:00Z,GYK,Greys_Creek,38.44901667,-75.13245,0.3,1.5,0.21,29.68,21.33,22.2
2018-08-12T13:30:00Z,GYK,Greys_Creek,38.44901667,-75.13245,0.3,1.89,0.223,29.88,21.43,28.1
2018-08-12T13:45:00Z,GYK,Greys_Creek,38.44901667,-75.13245,0.3,3.66,0.234,30.03,21.54,54.5
2018-08-12T14:00:00Z,GYK,Greys_Creek,38.44901667,-75.13245,0.3,1.4,0.251,29.92,21.71,20.8
2018-08-12T14:15:00Z,GYK,Greys_Creek,38.44901667,-75.13245,0.3,1.68,0.271,30.06,21.78,25.1
2018-08-12T14:30:00Z,GYK,Greys_Creek,38.44901667,-75.13245,0.3,1.2,0.287,30.12,21.8,17.9
2018-08-12T14:45:00Z,GYK,Greys_Creek,38.44901667,-75.13245,0.3,3.2,0.304,29.92,21.95,47.7
2018-08-12T15:00:00Z,GYK,Greys_Creek,38.44901667,-75.13245,0.3,1.83,0.314,30.05,21.95,27.3
2018-08-12T15:15:00Z,GYK,Greys_Creek,38.44901667,-75.13245,0.3,3.59,0.321,30.1,22.09,53.7
2018-08-12T15:30:00Z,GYK,Greys_Creek,38.44901667,-75.13245,0.3,4.0,0.326,30.19,22.08,59.9
2018-08-12T15:45:00Z,GYK,Greys_Creek,38.44901667,-75.13245,0.3,4.49,0.326,30.15,22.12,67.2
2018-08-12T16:00:00Z,GYK,Greys_Creek,38.44901667,-75.13245,0.3,3.09,0.317,30.18,22.09,46.2
2018-08-12T16:15:00Z,GYK,Greys_Creek,38.44901667,-75.13245,0.3,5.8,0.31,31.41,20.96,88.1
2018-08-12T16:30:00Z,GYK,Greys_Creek,38.44901667,-75.13245,0.3,6.08,0.287,30.88,21.03,91.7
2018-08-12T16:45:00Z,GYK,Greys_Creek,38.44901667,-75.13245,0.3,6.35,0.258,30.98,21.17,95.8
2018-08-12T17:00:00Z,GYK,Greys_Creek,38.44901667,-75.13245,0.3,12.41,0.235,31.31,19.82,187.1
2018-08-12T17:15:00Z,GYK,Greys_Creek,38.44901667,-75.13245,0.3,6.28,0.222,30.75,20.5,94.1
2018-08-12T17:30:00Z,GYK,Greys_Creek,38.44901667,-75.13245,0.3,4.34,0.215,30.71,21.12,65.3
2018-08-12T17:45:00Z,GYK,Greys_Creek,38.44901667,-75.13245,0.3,6.86,0.194,30.65,20.1,102.4
2018-08-12T18:00:00Z,GYK,Greys_Creek,38.44901667,-75.13245,0.3,7.94,0.177,32.3,20.81,122.2
2018-08-12T18:15:00Z,GYK,Greys_Creek,38.44901667,-75.13245,0.3,11.72,0.161,32.13,19.85,179.1
2018-08-12T18:30:00Z,GYK,Greys_Creek,38.44901667,-75.13245,0.3,11.18,0.145,31.51,20.48,169.6
2018-08-12T18:45:00Z,GYK,Greys_Creek,38.44901667,-75.13245,0.3,8.93,0.12,31.4,18.36,133.8
2018-08-12T19:00:00Z,GYK,Greys_Creek,38.44901667,-75.13245,0.3,16.53,0.098,31.72,18.29,248.7
2018-08-12T19:15:00Z,GYK,Greys_Creek,38.44901667,-75.13245,0.3,14.13,0.078,31.28,9.42,201.2
2018-08-12T19:30:00Z,GYK,Greys_Creek,38.44901667,-75.13245,0.3,8.01,0.065,30.74,11.91,114.6
2018-08-12T19:45:00Z,GYK,Greys_Creek,38.44901667,-75.13245,0.3,13.51,0.056,31.69,11.92,196.2
2018-08-12T20:00:00Z,GYK,Greys_Creek,38.44901667,-75.13245,0.3,16.07,0.033,31.92,7.51,228.7
2018-08-12T20:15:00Z,GYK,Greys_Creek,38.44901667,-75.13245,0.3,5.79,0.012,28.76,5.63,77.3
2018-08-12T20:30:00Z,GYK,Greys_Creek,38.44901667,-75.13245,0.3,8.33,NaN,28.89,7.29,112.5
2018-08-12T20:45:00Z,GYK,Greys_Creek,38.44901667,-75.13245,0.3,5.63,NaN,28.5,5.47,74.8
2018-08-12T21:00:00Z,GYK,Greys_Creek,38.44901667,-75.13245,0.3,6.06,NaN,28.28,4.39,79.7
2018-08-12T21:15:00Z,GYK,Greys_Creek,38.44901667,-75.13245,0.3,5.58,NaN,27.71,3.81,72.4
2018-08-12T21:30:00Z,GYK,Greys_Creek,38.44901667,-75.13245,0.3,5.65,NaN,27.49,3.39,72.9
2018-08-12T21:45:00Z,GYK,Greys_Creek,38.44901667,-75.13245,0.3,5.52,NaN,27.51,4.28,71.6
2018-08-12T22:00:00Z,GYK,Greys_Creek,38.44901667,-75.13245,0.3,6.09,NaN,28.55,7.36,81.9
2018-08-12T22:15:00Z,GYK,Greys_Creek,38.44901667,-75.13245,0.3,5.44,NaN,27.96,5.69,71.6
2018-08-12T22:30:00Z,GYK,Greys_Creek,38.44901667,-75.13245,0.3,5.99,NaN,27.53,4.95,78.0
2018-08-12T22:45:00Z,GYK,Greys_Creek,38.44901667,-75.13245,0.3,5.91,NaN,27.61,4.61,77.0
2018-08-12T23:00:00Z,GYK,Greys_Creek,38.44901667,-75.13245,0.3,6.52,NaN,29.62,10.14,90.6
2018-08-12T23:15:00Z,GYK,Greys_Creek,38.44901667,-75.13245,0.3,7.4,0.0,29.79,10.6,103.5
2018-08-12T23:30:00Z,GYK,Greys_Creek,38.44901667,-75.13245,0.3,6.97,0.025,30.63,11.89,99.5
2018-08-12T23:45:00Z,GYK,Greys_Creek,38.44901667,-75.13245,0.3,6.75,0.052,30.97,13.97,98.0
2018-08-13T00:00:00Z,GYK,Greys_Creek,38.44901667,-75.13245,0.3,8.24,0.068,31.54,14.36,121.0
2018-08-13T00:15:00Z,GYK,Greys_Creek,38.44901667,-75.13245,0.3,7.03,0.085,31.55,16.98,104.7
2018-08-13T00:30:00Z,GYK,Greys_Creek,38.44901667,-75.13245,0.3,6.15,0.111,31.79,19.31,93.2
2018-08-13T00:45:00Z,GYK,Greys_Creek,38.44901667,-75.13245,0.3,7.78,0.138,32.08,20.07,118.8
2018-08-13T01:00:00Z,GYK,Greys_Creek,38.44901667,-75.13245,0.3,8.66,0.162,32.12,20.22,132.5
2018-08-13T01:15:00Z,GYK,Greys_Creek,38.44901667,-75.13245,0.3,8.93,0.186,32.07,20.38,136.7
2018-08-13T01:30:00Z,GYK,Greys_Creek,38.44901667,-75.13245,0.3,8.98,0.208,32.07,20.55,137.6
2018-08-13T01:45:00Z,GYK,Greys_Creek,38.44901667,-75.13245,0.3,8.98,0.225,32.01,20.69,137.6
2018-08-13T02:00:00Z,GYK,Greys_Creek,38.44901667,-75.13245,0.3,8.51,0.248,31.94,20.84,130.3
2018-08-13T02:15:00Z,GYK,Greys_Creek,38.44901667,-75.13245,0.3,8.47,0.264,31.8,20.97,129.4
2018-08-13T02:30:00Z,GYK,Greys_Creek,38.44901667,-75.13245,0.3,8.32,0.283,31.64,21.08,126.9
2018-08-13T02:45:00Z,GYK,Greys_Creek,38.44901667,-75.13245,0.3,8.12,0.306,31.44,21.27,123.6
2018-08-13T03:00:00Z,GYK,Greys_Creek,38.44901667,-75.13245,0.3,7.84,0.321,31.4,21.23,119.2
2018-08-13T03:15:00Z,GYK,Greys_Creek,38.44901667,-75.13245,0.3,7.08,0.332,31.23,21.36,107.4
2018-08-13T03:30:00Z,GYK,Greys_Creek,38.44901667,-75.13245,0.3,6.93,0.348,31.19,21.41,105.1
2018-08-13T03:45:00Z,GYK,Greys_Creek,38.44901667,-75.13245,0.3,6.97,0.358,31.12,21.46,105.6
2018-08-13T04:00:00Z,GYK,Greys_Creek,38.44901667,-75.13245,0.3,6.62,0.368,31.05,21.49,100.2
2018-08-13T04:15:00Z,GYK,Greys_Creek,38.44901667,-75.13245,0.3,6.3,0.378,30.96,21.61,95.4
2018-08-13T04:30:00Z,GYK,Greys_Creek,38.44901667,-75.13245,0.3,5.22,0.38,30.94,21.61,79.0
2018-08-13T04:45:00Z,GYK,Greys_Creek,38.44901667,-75.13245,0.3,4.42,0.375,30.91,21.59,66.9
2018-08-13T05:00:00Z,GYK,Greys_Creek,38.44901667,-75.13245,0.3,5.68,0.366,31.04,21.18,85.9
2018-08-13T05:15:00Z,GYK,Greys_Creek,38.44901667,-75.13245,0.3,6.27,0.352,31.47,20.37,95.0
2018-08-13T05:30:00Z,GYK,Greys_Creek,38.44901667,-75.13245,0.3,6.17,0.33,31.66,20.02,93.6
2018-08-13T05:45:00Z,GYK,Greys_Creek,38.44901667,-75.13245,0.3,5.1,0.304,31.13,19.65,76.6
2018-08-13T06:00:00Z,GYK,Greys_Creek,38.44901667,-75.13245,0.3,4.65,0.277,31.24,19.83,70.0
2018-08-13T06:15:00Z,GYK,Greys_Creek,38.44901667,-75.13245,0.3,5.19,0.258,31.19,19.35,77.9
2018-08-13T06:30:00Z,GYK,Greys_Creek,38.44901667,-75.13245,0.3,4.5,0.235,31.15,19.46,67.5
2018-08-13T06:45:00Z,GYK,Greys_Creek,38.44901667,-75.13245,0.3,4.74,0.218,31.08,19.17,71.0
2018-08-13T07:00:00Z,GYK,Greys_Creek,38.44901667,-75.13245,0.3,4.3,0.208,31.2,19.24,64.5
2018-08-13T07:15:00Z,GYK,Greys_Creek,38.44901667,-75.13245,0.3,4.58,0.196,30.55,17.14,67.2
2018-08-13T07:30:00Z,GYK,Greys_Creek,38.44901667,-75.13245,0.3,4.31,0.176,29.35,15.42,61.4
2018-08-13T07:45:00Z,GYK,Greys_Creek,38.44901667,-75.13245,0.3,3.42,0.159,29.32,14.68,48.4
2018-08-13T08:00:00Z,GYK,Greys_Creek,38.44901667,-75.13245,0.3,4.85,0.143,30.77,17.71,71.6
2018-08-13T08:15:00Z,GYK,Greys_Creek,38.44901667,-75.13245,0.3,3.85,0.124,29.23,12.12,53.7
2018-08-13T08:30:00Z,GYK,Greys_Creek,38.44901667,-75.13245,0.3,3.03,0.109,28.04,10.76,41.2
2018-08-13T08:45:00Z,GYK,Greys_Creek,38.44901667,-75.13245,0.3,3.33,0.091,27.94,9.77,44.9
2018-08-13T09:00:00Z,GYK,Greys_Creek,38.44901667,-75.13245,0.3,2.69,0.074,27.61,9.07,35.8
2018-08-13T09:15:00Z,GYK,Greys_Creek,38.44901667,-75.13245,0.3,2.63,0.058,27.3,7.97,34.6
2018-08-13T09:30:00Z,GYK,Greys_Creek,38.44901667,-75.13245,0.3,2.43,0.047,27.25,8.32,32.1
2018-08-13T09:45:00Z,GYK,Greys_Creek,38.44901667,-75.13245,0.3,2.74,0.038,27.2,8.37,36.2
2018-08-13T10:00:00Z,GYK,Greys_Creek,38.44901667,-75.13245,0.3,2.66,0.025,26.98,7.23,34.7
2018-08-13T10:15:00Z,GYK,Greys_Creek,38.44901667,-75.13245,0.3,2.46,0.008,26.51,6.87,31.8
2018-08-13T10:30:00Z,GYK,Greys_Creek,38.44901667,-75.13245,0.3,2.29,NaN,26.44,6.65,29.6
2018-08-13T10:45:00Z,GYK,Greys_Creek,38.44901667,-75.13245,0.3,2.15,NaN,26.14,5.21,27.4
2018-08-13T11:00:00Z,GYK,Greys_Creek,38.44901667,-75.13245,0.3,2.41,NaN,25.83,4.63,30.3
2018-08-13T11:15:00Z,GYK,Greys_Creek,38.44901667,-75.13245,0.3,3.19,NaN,25.87,3.88,40.1
2018-08-13T11:30:00Z,GYK,Greys_Creek,38.44901667,-75.13245,0.3,0.52,NaN,26.1,4.97,6.7
2018-08-13T11:45:00Z,GYK,Greys_Creek,38.44901667,-75.13245,0.3,0.71,NaN,26.46,5.09,9.0
2018-08-13T12:00:00Z,GYK,Greys_Creek,38.44901667,-75.13245,0.3,0.68,0.007,29.81,18.81,9.9
2018-08-13T12:15:00Z,GYK,Greys_Creek,38.44901667,-75.13245,0.3,1.13,0.03,29.71,20.72,16.7
2018-08-13T12:30:00Z,GYK,Greys_Creek,38.44901667,-75.13245,0.3,1.4,0.067,29.59,20.78,20.6
2018-08-13T12:45:00Z,GYK,Greys_Creek,38.44901667,-75.13245,0.3,1.11,0.1,29.6,20.78,16.4
2018-08-13T13:00:00Z,GYK,Greys_Creek,38.44901667,-75.13245,0.3,0.66,0.124,29.85,21.14,9.7
2018-08-13T13:15:00Z,GYK,Greys_Creek,38.44901667,-75.13245,0.3,0.43,0.138,29.96,21.32,6.4
2018-08-13T13:30:00Z,GYK,Greys_Creek,38.44901667,-75.13245,0.3,0.36,0.153,29.96,21.45,5.4
2018-08-13T13:45:00Z,GYK,Greys_Creek,38.44901667,-75.13245,0.3,0.61,0.178,29.95,21.52,9.1
2018-08-13T14:00:00Z,GYK,Greys_Creek,38.44901667,-75.13245,0.3,0.62,0.201,30.03,21.7,9.2
2018-08-13T14:15:00Z,GYK,Greys_Creek,38.44901667,-75.13245,0.3,0.39,0.223,30.02,21.81,5.9
2018-08-13T14:30:00Z,GYK,Greys_Creek,38.44901667,-75.13245,0.3,0.66,0.247,30.01,21.87,9.8
2018-08-13T14:45:00Z,GYK,Greys_Creek,38.44901667,-75.13245,0.3,0.42,0.261,29.96,21.95,6.2
2018-08-13T15:00:00Z,GYK,Greys_Creek,38.44901667,-75.13245,0.3,0.43,0.27,29.97,21.96,6.4
2018-08-13T15:15:00Z,GYK,Greys_Creek,38.44901667,-75.13245,0.3,0.34,0.287,29.95,22.11,5.1
2018-08-13T15:30:00Z,GYK,Greys_Creek,38.44901667,-75.13245,0.3,1.46,0.296,30.07,22.08,21.8
2018-08-13T15:45:00Z,GYK,Greys_Creek,38.44901667,-75.13245,0.3,2.49,0.3,30.04,22.14,37.3
2018-08-13T16:00:00Z,GYK,Greys_Creek,38.44901667,-75.13245,0.3,2.25,0.307,30.01,22.3,33.6
2018-08-13T16:15:00Z,GYK,Greys_Creek,38.44901667,-75.13245,0.3,1.87,0.314,30.01,22.4,28.0
2018-08-13T16:30:00Z,GYK,Greys_Creek,38.44901667,-75.13245,0.3,3.1,0.31,30.07,22.37,46.4
2018-08-13T16:45:00Z,GYK,Greys_Creek,38.44901667,-75.13245,0.3,2.15,0.306,30.22,22.16,32.3
2018-08-13T17:00:00Z,GYK,Greys_Creek,38.44901667,-75.13245,0.3,3.48,0.304,30.59,21.86,52.4
2018-08-13T17:15:00Z,GYK,Greys_Creek,38.44901667,-75.13245,0.3,4.74,0.289,31.28,20.92,71.9
2018-08-13T17:30:00Z,GYK,Greys_Creek,38.44901667,-75.13245,0.3,5.35,0.278,30.99,21.07,80.7
2018-08-13T17:45:00Z,GYK,Greys_Creek,38.44901667,-75.13245,0.3,4.63,0.258,31.54,21.04,70.4
2018-08-13T18:00:00Z,GYK,Greys_Creek,38.44901667,-75.13245,0.3,7.64,0.228,31.23,20.56,115.5
2018-08-13T18:15:00Z,GYK,Greys_Creek,38.44901667,-75.13245,0.3,5.39,0.219,31.06,20.6,81.3
2018-08-13T18:30:00Z,GYK,Greys_Creek,38.44901667,-75.13245,0.3,1.48,0.221,30.75,21.54,22.3
2018-08-13T18:45:00Z,GYK,Greys_Creek,38.44901667,-75.13245,0.3,4.6,0.2,30.88,20.47,69.0
2018-08-13T19:00:00Z,GYK,Greys_Creek,38.44901667,-75.13245,0.3,11.06,0.181,31.85,20.28,168.5
2018-08-13T19:15:00Z,GYK,Greys_Creek,38.44901667,-75.13245,0.3,10.26,0.176,32.43,20.73,158.2
2018-08-13T19:30:00Z,GYK,Greys_Creek,38.44901667,-75.13245,0.3,10.47,0.15,31.04,19.64,156.9
2018-08-13T19:45:00Z,GYK,Greys_Creek,38.44901667,-75.13245,0.3,7.04,0.128,31.48,20.12,106.6
2018-08-13T20:00:00Z,GYK,Greys_Creek,38.44901667,-75.13245,0.3,9.85,0.104,31.17,18.58,147.2
2018-08-13T20:15:00Z,GYK,Greys_Creek,38.44901667,-75.13245,0.3,7.96,0.079,30.64,13.0,114.3
2018-08-13T20:30:00Z,GYK,Greys_Creek,38.44901667,-75.13245,0.3,4.35,0.065,31.02,14.34,63.3
2018-08-13T20:45:00Z,GYK,Greys_Creek,38.44901667,-75.13245,0.3,6.93,0.037,29.1,8.1,94.4
2018-08-13T21:00:00Z,GYK,Greys_Creek,38.44901667,-75.13245,0.3,12.92,0.016,29.67,7.98,177.5
2018-08-13T21:15:00Z,GYK,Greys_Creek,38.44901667,-75.13245,0.3,11.95,0.021,29.67,9.4,165.5
2018-08-13T21:30:00Z,GYK,Greys_Creek,38.44901667,-75.13245,0.3,7.44,0.01,31.32,16.38,110.0
2018-08-13T21:45:00Z,GYK,Greys_Creek,38.44901667,-75.13245,0.3,10.41,NaN,32.05,8.74,149.5
2018-08-13T22:00:00Z,GYK,Greys_Creek,38.44901667,-75.13245,0.3,7.08,NaN,28.09,5.39,93.3
2018-08-13T22:15:00Z,GYK,Greys_Creek,38.44901667,-75.13245,0.3,8.23,NaN,28.64,5.64,109.7
2018-08-13T22:30:00Z,GYK,Greys_Creek,38.44901667,-75.13245,0.3,7.41,NaN,29.21,7.31,100.6
2018-08-13T22:45:00Z,GYK,Greys_Creek,38.44901667,-75.13245,0.3,6.52,NaN,28.61,4.71,86.4
2018-08-13T23:00:00Z,GYK,Greys_Creek,38.44901667,-75.13245,0.3,6.74,NaN,27.61,5.39,88.1
2018-08-13T23:15:00Z,GYK,Greys_Creek,38.44901667,-75.13245,0.3,5.18,NaN,27.3,3.7,66.7
2018-08-13T23:30:00Z,GYK,Greys_Creek,38.44901667,-75.13245,0.3,5.04,NaN,27.74,4.91,65.8
2018-08-13T23:45:00Z,GYK,Greys_Creek,38.44901667,-75.13245,0.3,6.11,NaN,30.05,9.89,85.4
2018-08-14T00:00:00Z,GYK,Greys_Creek,38.44901667,-75.13245,0.3,8.74,NaN,31.08,20.56,131.8
2018-08-14T00:15:00Z,GYK,Greys_Creek,38.44901667,-75.13245,0.3,9.55,0.019,31.0,21.1,144.2
2018-08-14T00:30:00Z,GYK,Greys_Creek,38.44901667,-75.13245,0.3,9.52,0.051,30.97,21.28,143.8
2018-08-14T00:45:00Z,GYK,Greys_Creek,38.44901667,-75.13245,0.3,9.53,0.068,30.88,20.83,143.4
2018-08-14T01:00:00Z,GYK,Greys_Creek,38.44901667,-75.13245,0.3,7.54,0.083,31.0,21.37,114.0
2018-08-14T01:15:00Z,GYK,Greys_Creek,38.44901667,-75.13245,0.3,6.15,0.11,30.86,21.7,93.0
2018-08-14T01:30:00Z,GYK,Greys_Creek,38.44901667,-75.13245,0.3,5.38,0.137,30.81,21.78,81.3
2018-08-14T01:45:00Z,GYK,Greys_Creek,38.44901667,-75.13245,0.3,5.41,0.154,30.83,21.93,81.8
2018-08-14T02:00:00Z,GYK,Greys_Creek,38.44901667,-75.13245,0.3,5.53,0.174,30.79,21.79,83.6
2018-08-14T02:15:00Z,GYK,Greys_Creek,38.44901667,-75.13245,0.3,4.47,0.203,30.78,21.9,67.6
2018-08-14T02:30:00Z,GYK,Greys_Creek,38.44901667,-75.13245,0.3,6.44,0.223,30.62,21.86,97.1
2018-08-14T02:45:00Z,GYK,Greys_Creek,38.44901667,-75.13245,0.3,5.01,0.236,30.5,21.49,75.1
2018-08-14T03:00:00Z,GYK,Greys_Creek,38.44901667,-75.13245,0.3,4.09,0.253,30.59,21.82,61.6
2018-08-14T03:15:00Z,GYK,Greys_Creek,38.44901667,-75.13245,0.3,4.33,0.274,30.5,21.93,65.2
2018-08-14T03:30:00Z,GYK,Greys_Creek,38.44901667,-75.13245,0.3,3.05,0.286,30.48,22.0,45.9
2018-08-14T03:45:00Z,GYK,Greys_Creek,38.44901667,-75.13245,0.3,2.07,0.303,30.49,22.08,31.2
2018-08-14T04:00:00Z,GYK,Greys_Creek,38.44901667,-75.13245,0.3,1.7,0.309,30.46,22.09,25.6
2018-08-14T04:15:00Z,GYK,Greys_Creek,38.44901667,-75.13245,0.3,1.69,0.326,30.45,22.17,25.4
2018-08-14T04:30:00Z,GYK,Greys_Creek,38.44901667,-75.13245,0.3,0.41,0.332,30.26,22.21,6.1
2018-08-14T04:45:00Z,GYK,Greys_Creek,38.44901667,-75.13245,0.3,2.53,0.337,30.2,22.16,38.0
2018-08-14T05:00:00Z,GYK,Greys_Creek,38.44901667,-75.13245,0.3,3.47,0.346,30.1,22.14,51.9
2018-08-14T05:15:00Z,GYK,Greys_Creek,38.44901667,-75.13245,0.3,1.3,0.346,30.19,22.2,19.5
2018-08-14T05:30:00Z,GYK,Greys_Creek,38.44901667,-75.13245,0.3,2.75,0.351,30.15,22.21,41.2
2018-08-14T05:45:00Z,GYK,Greys_Creek,38.44901667,-75.13245,0.3,0.63,0.345,30.12,22.22,9.5
2018-08-14T06:00:00Z,GYK,Greys_Creek,38.44901667,-75.13245,0.3,3.14,0.319,30.76,20.64,47.0
2018-08-14T06:15:00Z,GYK,Greys_Creek,38.44901667,-75.13245,0.3,3.72,0.296,30.69,21.1,55.9
2018-08-14T06:30:00Z,GYK,Greys_Creek,38.44901667,-75.13245,0.3,3.05,0.274,30.68,20.72,45.7
2018-08-14T06:45:00Z,GYK,Greys_Creek,38.44901667,-75.13245,0.3,3.02,0.249,30.48,20.69,45.1
2018-08-14T07:00:00Z,GYK,Greys_Creek,38.44901667,-75.13245,0.3,3.17,0.232,30.47,20.72,47.3
2018-08-14T07:15:00Z,GYK,Greys_Creek,38.44901667,-75.13245,0.3,2.56,0.22,30.37,20.65,38.1
2018-08-14T07:30:00Z,GYK,Greys_Creek,38.44901667,-75.13245,0.3,2.04,0.205,30.35,20.32,30.4
2018-08-14T07:45:00Z,GYK,Greys_Creek,38.44901667,-75.13245,0.3,2.36,0.188,30.18,19.93,35.0
2018-08-14T08:00:00Z,GYK,Greys_Creek,38.44901667,-75.13245,0.3,2.21,0.179,30.08,19.65,32.6
2018-08-14T08:15:00Z,GYK,Greys_Creek,38.44901667,-75.13245,0.3,1.76,0.159,30.0,19.45,25.9
2018-08-14T08:30:00Z,GYK,Greys_Creek,38.44901667,-75.13245,0.3,1.37,0.141,29.92,19.2,20.1
2018-08-14T08:45:00Z,GYK,Greys_Creek,38.44901667,-75.13245,0.3,1.71,0.124,29.68,18.72,24.9
2018-08-14T09:00:00Z,GYK,Greys_Creek,38.44901667,-75.13245,0.3,1.35,0.104,29.55,17.58,19.5
2018-08-14T09:15:00Z,GYK,Greys_Creek,38.44901667,-75.13245,0.3,0.98,0.087,29.4,17.06,14.1
2018-08-14T09:30:00Z,GYK,Greys_Creek,38.44901667,-75.13245,0.3,1.0,0.073,28.73,13.2,13.9
2018-08-14T09:45:00Z,GYK,Greys_Creek,38.44901667,-75.13245,0.3,0.23,0.068,29.41,16.83,3.4
2018-08-14T10:00:00Z,GYK,Greys_Creek,38.44901667,-75.13245,0.3,0.35,0.051,28.59,11.67,4.8
2018-08-14T10:15:00Z,GYK,Greys_Creek,38.44901667,-75.13245,0.3,0.51,0.038,26.14,7.45,6.6
2018-08-14T10:30:00Z,GYK,Greys_Creek,38.44901667,-75.13245,0.3,0.71,0.023,25.87,7.44,9.1
2018-08-14T10:45:00Z,GYK,Greys_Creek,38.44901667,-75.13245,0.3,0.74,0.007,26.05,7.02,9.5
2018-08-14T11:00:00Z,GYK,Greys_Creek,38.44901667,-75.13245,0.3,1.05,NaN,25.5,5.96,13.2
2018-08-14T11:15:00Z,GYK,Greys_Creek,38.44901667,-75.13245,0.3,0.19,NaN,25.36,5.13,2.4
2018-08-14T11:30:00Z,GYK,Greys_Creek,38.44901667,-75.13245,0.3,1.88,NaN,25.16,4.8,23.5
2018-08-14T11:45:00Z,GYK,Greys_Creek,38.44901667,-75.13245,0.3,0.27,NaN,25.4,4.72,3.3
2018-08-14T12:00:00Z,GYK,Greys_Creek,38.44901667,-75.13245,0.3,0.11,NaN,27.38,9.34,1.5
2018-08-14T12:15:00Z,GYK,Greys_Creek,38.44901667,-75.13245,0.3,0.12,NaN,28.27,10.13,1.6
2018-08-14T12:30:00Z,GYK,Greys_Creek,38.44901667,-75.13245,0.3,0.1,NaN,27.64,11.51,1.4
2018-08-14T12:45:00Z,GYK,Greys_Creek,38.44901667,-75.13245,0.3,0.11,NaN,27.74,10.75,1.4
2018-08-14T13:00:00Z,GYK,Greys_Creek,38.44901667,-75.13245,0.3,0.15,0.004,29.3,20.57,2.2
2018-08-14T13:15:00Z,GYK,Greys_Creek,38.44901667,-75.13245,0.3,0.46,0.032,29.31,21.41,6.7
2018-08-14T13:30:00Z,GYK,Greys_Creek,38.44901667,-75.13245,0.3,0.92,0.07,29.37,21.62,13.5
2018-08-14T13:45:00Z,GYK,Greys_Creek,38.44901667,-75.13245,0.3,0.27,0.095,29.35,21.45,4.0
2018-08-14T14:00:00Z,GYK,Greys_Creek,38.44901667,-75.13245,0.3,1.69,0.108,29.36,21.11,24.9
2018-08-14T14:15:00Z,GYK,Greys_Creek,38.44901667,-75.13245,0.3,2.33,0.124,29.45,21.5,34.4
2018-08-14T14:30:00Z,GYK,Greys_Creek,38.44901667,-75.13245,0.3,3.2,0.146,29.43,21.61,47.3
2018-08-14T14:45:00Z,GYK,Greys_Creek,38.44901667,-75.13245,0.3,2.26,0.163,29.31,21.9,33.4
2018-08-14T15:00:00Z,GYK,Greys_Creek,38.44901667,-75.13245,0.3,3.53,0.181,29.43,21.84,52.2
2018-08-14T15:15:00Z,GYK,Greys_Creek,38.44901667,-75.13245,0.3,3.83,0.196,29.54,21.83,56.7
2018-08-14T15:30:00Z,GYK,Greys_Creek,38.44901667,-75.13245,0.3,3.99,0.213,29.72,21.81,59.3
2018-08-14T15:45:00Z,GYK,Greys_Creek,38.44901667,-75.13245,0.3,4.56,0.225,29.72,21.79,67.6
2018-08-14T16:00:00Z,GYK,Greys_Creek,38.44901667,-75.13245,0.3,2.77,0.239,29.7,21.89,41.1
2018-08-14T16:15:00Z,GYK,Greys_Creek,38.44901667,-75.13245,0.3,2.72,0.251,29.9,21.94,40.5
2018-08-14T16:30:00Z,GYK,Greys_Creek,38.44901667,-75.13245,0.3,2.96,0.258,29.84,22.01,44.1
2018-08-14T16:45:00Z,GYK,Greys_Creek,38.44901667,-75.13245,0.3,1.96,0.262,29.8,22.1,29.2
2018-08-14T17:00:00Z,GYK,Greys_Creek,38.44901667,-75.13245,0.3,2.58,0.27,29.62,22.36,38.4
2018-08-14T17:15:00Z,GYK,Greys_Creek,38.44901667,-75.13245,0.3,1.66,0.272,29.62,22.53,24.7
2018-08-14T17:30:00Z,GYK,Greys_Creek,38.44901667,-75.13245,0.3,1.78,0.269,29.72,22.44,26.5
2018-08-14T17:45:00Z,GYK,Greys_Creek,38.44901667,-75.13245,0.3,4.05,0.264,29.94,22.4,60.5
2018-08-14T18:00:00Z,GYK,Greys_Creek,38.44901667,-75.13245,0.3,2.7,0.265,29.62,22.71,40.2
2018-08-14T18:15:00Z,GYK,Greys_Creek,38.44901667,-75.13245,0.3,7.87,0.254,31.3,21.56,119.7
2018-08-14T18:30:00Z,GYK,Greys_Creek,38.44901667,-75.13245,0.3,17.51,0.219,32.71,20.89,271.5
2018-08-14T18:45:00Z,GYK,Greys_Creek,38.44901667,-75.13245,0.3,8.94,0.188,32.09,21.33,137.6
2018-08-14T19:00:00Z,GYK,Greys_Creek,38.44901667,-75.13245,0.3,11.22,0.167,31.15,21.44,170.2
2018-08-14T19:15:00Z,GYK,Greys_Creek,38.44901667,-75.13245,0.3,7.91,0.164,30.71,21.38,119.1
2018-08-14T19:30:00Z,GYK,Greys_Creek,38.44901667,-75.13245,0.3,8.44,0.149,31.18,21.06,127.8
2018-08-14T19:45:00Z,GYK,Greys_Creek,38.44901667,-75.13245,0.3,13.89,0.129,31.56,21.28,211.8
2018-08-14T20:00:00Z,GYK,Greys_Creek,38.44901667,-75.13245,0.3,19.29,0.11,32.76,20.87,299.3
2018-08-14T20:15:00Z,GYK,Greys_Creek,38.44901667,-75.13245,0.3,19.27,0.099,31.33,18.62,288.7
2018-08-14T20:30:00Z,GYK,Greys_Creek,38.44901667,-75.13245,0.3,12.73,0.077,31.53,20.45,193.3
2018-08-14T20:45:00Z,GYK,Greys_Creek,38.44901667,-75.13245,0.3,16.24,0.057,32.0,18.51,245.8
2018-08-14T21:00:00Z,GYK,Greys_Creek,38.44901667,-75.13245,0.3,13.46,0.047,31.5,15.78,199.1
2018-08-14T21:15:00Z,GYK,Greys_Creek,38.44901667,-75.13245,0.3,6.87,0.035,30.66,18.4,101.7
2018-08-14T21:30:00Z,GYK,Greys_Creek,38.44901667,-75.13245,0.3,15.71,0.02,30.6,9.52,221.2
2018-08-14T21:45:00Z,GYK,Greys_Creek,38.44901667,-75.13245,0.3,8.39,0.01,31.29,13.35,122.1
2018-08-14T22:00:00Z,GYK,Greys_Creek,38.44901667,-75.13245,0.3,12.91,NaN,29.28,8.12,176.3
2018-08-14T22:15:00Z,GYK,Greys_Creek,38.44901667,-75.13245,0.3,22.84,NaN,30.33,7.06,315.8
2018-08-14T22:30:00Z,GYK,Greys_Creek,38.44901667,-75.13245,0.3,11.13,NaN,27.8,5.61,146.1
2018-08-14T22:45:00Z,GYK,Greys_Creek,38.44901667,-75.13245,0.3,14.53,NaN,28.39,5.96,193.2
2018-08-14T23:00:00Z,GYK,Greys_Creek,38.44901667,-75.13245,0.3,7.55,NaN,27.92,5.69,99.4
2018-08-14T23:15:00Z,GYK,Greys_Creek,38.44901667,-75.13245,0.3,9.02,NaN,27.13,4.11,116.1
2018-08-14T23:30:00Z,GYK,Greys_Creek,38.44901667,-75.13245,0.3,7.0,NaN,27.0,4.61,90.2
2018-08-14T23:45:00Z,GYK,Greys_Creek,38.44901667,-75.13245,0.3,7.09,NaN,26.45,3.54,89.9
2018-08-15T00:00:00Z,GYK,Greys_Creek,38.44901667,-75.13245,0.3,7.15,NaN,26.61,3.55,90.9
2018-08-15T00:15:00Z,GYK,Greys_Creek,38.44901667,-75.13245,0.3,6.36,NaN,26.7,3.97,81.1
2018-08-15T00:30:00Z,GYK,Greys_Creek,38.44901667,-75.13245,0.3,6.3,NaN,26.35,3.45,79.6
2018-08-15T00:45:00Z,GYK,Greys_Creek,38.44901667,-75.13245,0.3,6.11,NaN,27.38,3.18,78.6
2018-08-15T01:00:00Z,GYK,Greys_Creek,38.44901667,-75.13245,0.3,4.21,NaN,29.68,11.98,59.2
2018-08-15T01:15:00Z,GYK,Greys_Creek,38.44901667,-75.13245,0.3,2.65,NaN,29.08,19.34,38.3
2018-08-15T01:30:00Z,GYK,Greys_Creek,38.44901667,-75.13245,0.3,3.41,NaN,29.41,20.8,50.1
2018-08-15T01:45:00Z,GYK,Greys_Creek,38.44901667,-75.13245,0.3,3.06,0.027,29.3,21.07,45.0
2018-08-15T02:00:00Z,GYK,Greys_Creek,38.44901667,-75.13245,0.3,3.52,0.049,29.22,20.06,51.3
2018-08-15T02:15:00Z,GYK,Greys_Creek,38.44901667,-75.13245,0.3,2.21,0.066,29.34,21.14,32.5
2018-08-15T02:30:00Z,GYK,Greys_Creek,38.44901667,-75.13245,0.3,3.39,0.067,29.04,17.98,48.7
2018-08-15T02:45:00Z,GYK,Greys_Creek,38.44901667,-75.13245,0.3,2.52,0.064,29.11,18.27,36.3
2018-08-15T03:00:00Z,GYK,Greys_Creek,38.44901667,-75.13245,0.3,4.18,0.117,29.51,21.28,61.7
2018-08-15T03:15:00Z,GYK,Greys_Creek,38.44901667,-75.13245,0.3,0.75,0.159,29.6,21.47,11.0
2018-08-15T03:30:00Z,GYK,Greys_Creek,38.44901667,-75.13245,0.3,0.91,0.179,29.48,21.73,13.4
2018-08-15T03:45:00Z,GYK,Greys_Creek,38.44901667,-75.13245,0.3,1.54,0.171,29.1,20.33,22.5
2018-08-15T04:00:00Z,GYK,Greys_Creek,38.44901667,-75.13245,0.3,1.43,0.185,29.33,21.37,21.0
2018-08-15T04:15:00Z,GYK,Greys_Creek,38.44901667,-75.13245,0.3,1.82,0.216,29.43,21.49,26.8
2018-08-15T04:30:00Z,GYK,Greys_Creek,38.44901667,-75.13245,0.3,1.8,0.23,29.2,21.59,26.4
2018-08-15T04:45:00Z,GYK,Greys_Creek,38.44901667,-75.13245,0.3,1.29,0.235,29.23,21.56,19.0
2018-08-15T05:00:00Z,GYK,Greys_Creek,38.44901667,-75.13245,0.3,0.75,0.236,29.29,21.45,11.1
2018-08-15T05:15:00Z,GYK,Greys_Creek,38.44901667,-75.13245,0.3,1.4,0.246,29.34,21.54,20.6
2018-08-15T05:30:00Z,GYK,Greys_Creek,38.44901667,-75.13245,0.3,1.0,0.265,29.39,21.75,14.7
2018-08-15T05:45:00Z,GYK,Greys_Creek,38.44901667,-75.13245,0.3,0.64,0.275,29.28,21.83,9.4
2018-08-15T06:00:00Z,GYK,Greys_Creek,38.44901667,-75.13245,0.3,0.45,0.266,29.09,21.5,6.6
2018-08-15T06:15:00Z,GYK,Greys_Creek,38.44901667,-75.13245,0.3,0.13,0.265,29.25,21.08,1.9
2018-08-15T06:30:00Z,GYK,Greys_Creek,38.44901667,-75.13245,0.3,0.76,0.259,29.29,21.62,11.2
2018-08-15T06:45:00Z,GYK,Greys_Creek,38.44901667,-75.13245,0.3,1.58,0.238,29.46,20.41,23.2
2018-08-15T07:00:00Z,GYK,Greys_Creek,38.44901667,-75.13245,0.3,1.91,0.203,29.4,19.64,27.8
2018-08-15T07:15:00Z,GYK,Greys_Creek,38.44901667,-75.13245,0.3,1.43,0.179,29.16,19.78,20.8
2018-08-15T07:30:00Z,GYK,Greys_Creek,38.44901667,-75.13245,0.3,0.52,0.164,29.35,19.94,7.6
2018-08-15T07:45:00Z,GYK,Greys_Creek,38.44901667,-75.13245,0.3,0.14,0.157,29.27,19.95,2.0
2018-08-15T08:00:00Z,GYK,Greys_Creek,38.44901667,-75.13245,0.3,0.39,0.143,29.1,19.37,5.7
2018-08-15T08:15:00Z,GYK,Greys_Creek,38.44901667,-75.13245,0.3,0.57,0.125,28.32,17.39,8.0
2018-08-15T08:30:00Z,GYK,Greys_Creek,38.44901667,-75.13245,0.3,0.48,0.112,27.9,16.55,6.7
2018-08-15T08:45:00Z,GYK,Greys_Creek,38.44901667,-75.13245,0.3,0.85,0.091,28.11,15.96,11.8
2018-08-15T09:00:00Z,GYK,Greys_Creek,38.44901667,-75.13245,0.3,0.45,0.073,27.44,12.65,6.1
2018-08-15T09:15:00Z,GYK,Greys_Creek,38.44901667,-75.13245,0.3,0.32,0.061,27.87,12.54,4.4
2018-08-15T09:30:00Z,GYK,Greys_Creek,38.44901667,-75.13245,0.3,0.46,0.049,27.74,13.83,6.3
2018-08-15T09:45:00Z,GYK,Greys_Creek,38.44901667,-75.13245,0.3,0.17,0.029,26.32,9.38,2.2
2018-08-15T10:00:00Z,GYK,Greys_Creek,38.44901667,-75.13245,0.3,0.4,0.014,25.8,8.32,5.1
2018-08-15T10:15:00Z,GYK,Greys_Creek,38.44901667,-75.13245,0.3,0.18,0.001,25.75,7.25,2.3
2018-08-15T10:30:00Z,GYK,Greys_Creek,38.44901667,-75.13245,0.3,0.97,NaN,25.06,6.48,12.1
2018-08-15T10:45:00Z,GYK,Greys_Creek,38.44901667,-75.13245,0.3,1.7,NaN,24.82,5.62,21.2
2018-08-15T11:00:00Z,GYK,Greys_Creek,38.44901667,-75.13245,0.3,2.32,NaN,24.59,4.66,28.7
2018-08-15T11:15:00Z,GYK,Greys_Creek,38.44901667,-75.13245,0.3,2.2,NaN,24.12,3.9,26.8
2018-08-15T11:30:00Z,GYK,Greys_Creek,38.44901667,-75.13245,0.3,2.48,NaN,24.18,3.68,30.2
2018-08-15T11:45:00Z,GYK,Greys_Creek,38.44901667,-75.13245,0.3,2.42,NaN,23.82,3.25,29.2
2018-08-15T12:00:00Z,GYK,Greys_Creek,38.44901667,-75.13245,0.3,2.42,NaN,23.71,2.81,29.1
2018-08-15T12:15:00Z,GYK,Greys_Creek,38.44901667,-75.13245,0.3,2.68,NaN,23.88,3.05,32.3
2018-08-15T12:30:00Z,GYK,Greys_Creek,38.44901667,-75.13245,0.3,2.36,0.001,23.87,3.25,28.5
2018-08-15T12:45:00Z,GYK,Greys_Creek,38.44901667,-75.13245,0.3,1.93,0.001,23.92,3.23,23.3
2018-08-15T13:00:00Z,GYK,Greys_Creek,38.44901667,-75.13245,0.3,2.86,0.003,23.86,2.75,34.5
2018-08-15T13:15:00Z,GYK,Greys_Creek,38.44901667,-75.13245,0.3,2.57,0.001,24.74,2.97,31.5
2018-08-15T13:30:00Z,GYK,Greys_Creek,38.44901667,-75.13245,0.3,1.28,0.003,25.27,3.72,15.9
2018-08-15T13:45:00Z,GYK,Greys_Creek,38.44901667,-75.13245,0.3,0.48,0.003,27.51,7.5,6.3
2018-08-15T14:00:00Z,GYK,Greys_Creek,38.44901667,-75.13245,0.3,0.78,0.004,28.76,20.56,11.3
2018-08-15T14:15:00Z,GYK,Greys_Creek,38.44901667,-75.13245,0.3,1.53,0.004,29.03,21.42,22.4
2018-08-15T14:30:00Z,GYK,Greys_Creek,38.44901667,-75.13245,0.3,0.15,0.01,29.08,20.99,2.1
2018-08-15T14:45:00Z,GYK,Greys_Creek,38.44901667,-75.13245,0.3,0.24,0.031,29.33,21.05,3.5
2018-08-15T15:00:00Z,GYK,Greys_Creek,38.44901667,-75.13245,0.3,0.34,0.051,29.36,21.78,5.1
2018-08-15T15:15:00Z,GYK,Greys_Creek,38.44901667,-75.13245,0.3,1.63,0.068,30.23,20.58,24.3
2018-08-15T15:30:00Z,GYK,Greys_Creek,38.44901667,-75.13245,0.3,2.1,0.089,29.28,21.37,30.9
2018-08-15T15:45:00Z,GYK,Greys_Creek,38.44901667,-75.13245,0.3,2.63,0.11,29.44,21.92,38.8
2018-08-15T16:00:00Z,GYK,Greys_Creek,38.44901667,-75.13245,0.3,3.06,0.127,29.85,22.05,45.5
2018-08-15T16:15:00Z,GYK,Greys_Creek,38.44901667,-75.13245,0.3,2.37,0.144,30.33,21.96,35.5
2018-08-15T16:30:00Z,GYK,Greys_Creek,38.44901667,-75.13245,0.3,2.07,0.16,29.24,22.35,30.6
2018-08-15T16:45:00Z,GYK,Greys_Creek,38.44901667,-75.13245,0.3,2.04,0.174,28.92,22.39,30.0
2018-08-15T17:00:00Z,GYK,Greys_Creek,38.44901667,-75.13245,0.3,1.62,0.186,28.92,22.44,23.8
2018-08-15T17:15:00Z,GYK,Greys_Creek,38.44901667,-75.13245,0.3,1.25,0.193,29.07,22.43,18.3
2018-08-15T17:30:00Z,GYK,Greys_Creek,38.44901667,-75.13245,0.3,2.17,0.207,29.0,22.54,31.9
2018-08-15T17:45:00Z,GYK,Greys_Creek,38.44901667,-75.13245,0.3,2.36,0.216,29.12,22.62,34.9
2018-08-15T18:00:00Z,GYK,Greys_Creek,38.44901667,-75.13245,0.3,2.41,0.222,29.02,22.76,35.5
2018-08-15T18:15:00Z,GYK,Greys_Creek,38.44901667,-75.13245,0.3,2.09,0.223,29.14,22.8,30.9
2018-08-15T18:30:00Z,GYK,Greys_Creek,38.44901667,-75.13245,0.3,2.19,0.222,29.7,22.76,32.6
2018-08-15T18:45:00Z,GYK,Greys_Creek,38.44901667,-75.13245,0.3,2.42,0.221,29.59,22.64,36.0
2018-08-15T19:00:00Z,GYK,Greys_Creek,38.44901667,-75.13245,0.3,1.89,0.216,29.91,22.69,28.3
2018-08-15T19:15:00Z,GYK,Greys_Creek,38.44901667,-75.13245,0.3,6.72,0.202,32.38,21.32,103.8
2018-08-15T19:30:00Z,GYK,Greys_Creek,38.44901667,-75.13245,0.3,17.06,0.173,33.1,20.82,266.0
2018-08-15T19:45:00Z,GYK,Greys_Creek,38.44901667,-75.13245,0.3,16.58,0.148,32.98,20.0,257.1
2018-08-15T20:00:00Z,GYK,Greys_Creek,38.44901667,-75.13245,0.3,12.8,0.138,31.88,21.23,196.2
2018-08-15T20:15:00Z,GYK,Greys_Creek,38.44901667,-75.13245,0.3,15.9,0.12,31.4,20.13,240.4
2018-08-15T20:30:00Z,GYK,Greys_Creek,38.44901667,-75.13245,0.3,23.74,0.102,33.06,20.35,369.1
2018-08-15T20:45:00Z,GYK,Greys_Creek,38.44901667,-75.13245,0.3,18.08,0.095,33.01,19.06,278.9
2018-08-15T21:00:00Z,GYK,Greys_Creek,38.44901667,-75.13245,0.3,11.69,0.088,31.18,20.33,176.2
2018-08-15T21:15:00Z,GYK,Greys_Creek,38.44901667,-75.13245,0.3,17.29,0.066,31.89,17.71,260.1
2018-08-15T21:30:00Z,GYK,Greys_Creek,38.44901667,-75.13245,0.3,13.36,0.046,31.42,8.59,189.8
2018-08-15T21:45:00Z,GYK,Greys_Creek,38.44901667,-75.13245,0.3,11.44,0.027,32.58,9.52,166.4
2018-08-15T22:00:00Z,GYK,Greys_Creek,38.44901667,-75.13245,0.3,10.58,0.013,31.85,8.04,150.8
2018-08-15T22:15:00Z,GYK,Greys_Creek,38.44901667,-75.13245,0.3,10.27,0.006,30.74,8.03,143.7
2018-08-15T22:30:00Z,GYK,Greys_Creek,38.44901667,-75.13245,0.3,12.94,NaN,29.64,5.06,174.9
2018-08-15T22:45:00Z,GYK,Greys_Creek,38.44901667,-75.13245,0.3,13.03,NaN,28.2,4.45,171.2
2018-08-15T23:00:00Z,GYK,Greys_Creek,38.44901667,-75.13245,0.3,10.17,0.0,27.91,4.49,133.0
2018-08-15T23:15:00Z,GYK,Greys_Creek,38.44901667,-75.13245,0.3,10.04,0.002,27.3,3.57,129.2
2018-08-15T23:30:00Z,GYK,Greys_Creek,38.44901667,-75.13245,0.3,8.69,0.003,27.27,3.5,111.8
2018-08-15T23:45:00Z,GYK,Greys_Creek,38.44901667,-75.13245,0.3,8.07,0.006,27.0,3.19,103.1
2018-08-16T00:00:00Z,GYK,Greys_Creek,38.44901667,-75.13245,0.3,7.26,0.008,26.56,3.0,91.9
2018-08-16T00:15:00Z,GYK,Greys_Creek,38.44901667,-75.13245,0.3,7.35,0.006,26.55,3.21,93.1
2018-08-16T00:30:00Z,GYK,Greys_Creek,38.44901667,-75.13245,0.3,7.22,0.01,25.82,2.88,90.1
2018-08-16T00:45:00Z,GYK,Greys_Creek,38.44901667,-75.13245,0.3,6.85,0.01,25.64,2.88,85.2
2018-08-16T01:00:00Z,GYK,Greys_Creek,38.44901667,-75.13245,0.3,6.65,0.011,25.57,2.73,82.5
2018-08-16T01:15:00Z,GYK,Greys_Creek,38.44901667,-75.13245,0.3,5.96,0.01,25.57,2.03,73.7
2018-08-16T01:30:00Z,GYK,Greys_Creek,38.44901667,-75.13245,0.3,5.06,0.014,27.25,3.93,65.2
2018-08-16T01:45:00Z,GYK,Greys_Creek,38.44901667,-75.13245,0.3,3.47,0.015,27.76,5.13,45.5
2018-08-16T02:00:00Z,GYK,Greys_Creek,38.44901667,-75.13245,0.3,2.1,0.016,27.93,8.78,28.2
2018-08-16T02:15:00Z,GYK,Greys_Creek,38.44901667,-75.13245,0.3,3.76,0.017,29.1,20.32,54.8
2018-08-16T02:30:00Z,GYK,Greys_Creek,38.44901667,-75.13245,0.3,3.32,0.019,29.15,21.21,48.7
2018-08-16T02:45:00Z,GYK,Greys_Creek,38.44901667,-75.13245,0.3,2.07,0.019,29.41,20.79,30.3
2018-08-16T03:00:00Z,GYK,Greys_Creek,38.44901667,-75.13245,0.3,2.6,0.034,29.3,21.55,38.3
2018-08-16T03:15:00Z,GYK,Greys_Creek,38.44901667,-75.13245,0.3,2.69,0.049,29.41,21.65,39.8
2018-08-16T03:30:00Z,GYK,Greys_Creek,38.44901667,-75.13245,0.3,2.66,0.063,29.4,21.68,39.3
2018-08-16T03:45:00Z,GYK,Greys_Creek,38.44901667,-75.13245,0.3,2.41,0.083,29.2,21.66,35.5
2018-08-16T04:00:00Z,GYK,Greys_Creek,38.44901667,-75.13245,0.3,2.3,0.103,29.25,21.56,33.8
2018-08-16T04:15:00Z,GYK,Greys_Creek,38.44901667,-75.13245,0.3,2.24,0.125,29.31,21.52,33.0
2018-08-16T04:30:00Z,GYK,Greys_Creek,38.44901667,-75.13245,0.3,1.79,0.146,29.17,21.57,26.3
2018-08-16T04:45:00Z,GYK,Greys_Creek,38.44901667,-75.13245,0.3,1.16,0.16,29.1,21.6,17.0
2018-08-16T05:00:00Z,GYK,Greys_Creek,38.44901667,-75.13245,0.3,1.14,0.176,28.98,21.49,16.7
2018-08-16T05:15:00Z,GYK,Greys_Creek,38.44901667,-75.13245,0.3,0.86,0.192,29.17,21.57,12.6
2018-08-16T05:30:00Z,GYK,Greys_Creek,38.44901667,-75.13245,0.3,0.44,0.205,29.12,21.63,6.5
2018-08-16T05:45:00Z,GYK,Greys_Creek,38.44901667,-75.13245,0.3,0.28,0.213,29.07,21.63,4.0
2018-08-16T06:00:00Z,GYK,Greys_Creek,38.44901667,-75.13245,0.3,0.24,0.222,29.1,21.63,3.6
2018-08-16T06:15:00Z,GYK,Greys_Creek,38.44901667,-75.13245,0.3,0.23,0.229,29.13,21.7,3.4
2018-08-16T06:30:00Z,GYK,Greys_Creek,38.44901667,-75.13245,0.3,0.21,0.234,28.95,21.72,3.1
2018-08-16T06:45:00Z,GYK,Greys_Creek,38.44901667,-75.13245,0.3,0.28,0.233,28.95,21.54,4.1
2018-08-16T07:00:00Z,GYK,Greys_Creek,38.44901667,-75.13245,0.3,0.16,0.235,29.01,21.52,2.3
2018-08-16T07:15:00Z,GYK,Greys_Creek,38.44901667,-75.13245,0.3,0.11,0.232,29.04,21.19,1.6
2018-08-16T07:30:00Z,GYK,Greys_Creek,38.44901667,-75.13245,0.3,0.34,0.22,29.02,20.28,5.0
2018-08-16T07:45:00Z,GYK,Greys_Creek,38.44901667,-75.13245,0.3,0.91,0.203,29.06,19.68,13.2
2018-08-16T08:00:00Z,GYK,Greys_Creek,38.44901667,-75.13245,0.3,0.68,0.18,29.04,19.8,9.9
2018-08-16T08:15:00Z,GYK,Greys_Creek,38.44901667,-75.13245,0.3,0.91,0.161,29.09,19.68,13.2
2018-08-16T08:30:00Z,GYK,Greys_Creek,38.44901667,-75.13245,0.3,0.24,0.144,29.01,19.68,3.5
2018-08-16T08:45:00Z,GYK,Greys_Creek,38.44901667,-75.13245,0.3,0.18,0.129,29.01,19.66,2.6
2018-08-16T09:00:00Z,GYK,Greys_Creek,38.44901667,-75.13245,0.3,0.21,0.117,28.92,19.62,3.1
2018-08-16T09:15:00Z,GYK,Greys_Creek,38.44901667,-75.13245,0.3,0.3,0.107,28.07,16.63,4.1
2018-08-16T09:30:00Z,GYK,Greys_Creek,38.44901667,-75.13245,0.3,0.27,0.091,27.79,15.35,3.7
2018-08-16T09:45:00Z,GYK,Greys_Creek,38.44901667,-75.13245,0.3,0.26,0.077,27.54,12.26,3.5
2018-08-16T10:00:00Z,GYK,Greys_Creek,38.44901667,-75.13245,0.3,0.18,0.058,27.68,13.0,2.5
2018-08-16T10:15:00Z,GYK,Greys_Creek,38.44901667,-75.13245,0.3,0.12,0.044,27.73,11.84,1.7
2018-08-16T10:30:00Z,GYK,Greys_Creek,38.44901667,-75.13245,0.3,0.23,0.033,25.35,6.94,2.9
2018-08-16T10:45:00Z,GYK,Greys_Creek,38.44901667,-75.13245,0.3,0.36,0.031,25.08,5.65,4.5
2018-08-16T11:00:00Z,GYK,Greys_Creek,38.44901667,-75.13245,0.3,0.57,0.032,24.93,4.73,7.0
2018-08-16T11:15:00Z,GYK,Greys_Creek,38.44901667,-75.13245,0.3,1.34,0.035,24.68,4.45,16.6
2018-08-16T11:30:00Z,GYK,Greys_Creek,38.44901667,-75.13245,0.3,1.8,0.035,24.52,4.19,22.1
2018-08-16T11:45:00Z,GYK,Greys_Creek,38.44901667,-75.13245,0.3,1.98,0.037,24.34,3.55,24.2
2018-08-16T12:00:00Z,GYK,Greys_Creek,38.44901667,-75.13245,0.3,1.65,0.037,24.23,2.81,20.0
2018-08-16T12:15:00Z,GYK,Greys_Creek,38.44901667,-75.13245,0.3,2.51,0.037,24.15,2.97,30.4
2018-08-16T12:30:00Z,GYK,Greys_Creek,38.44901667,-75.13245,0.3,2.24,0.038,24.19,2.92,27.2
2018-08-16T12:45:00Z,GYK,Greys_Creek,38.44901667,-75.13245,0.3,2.92,0.039,24.16,2.21,35.2
2018-08-16T13:00:00Z,GYK,Greys_Creek,38.44901667,-75.13245,0.3,2.08,0.037,24.36,1.49,25.1
2018-08-16T13:15:00Z,GYK,Greys_Creek,38.44901667,-75.13245,0.3,1.74,0.038,24.48,1.48,21.1
2018-08-16T13:30:00Z,GYK,Greys_Creek,38.44901667,-75.13245,0.3,2.1,0.04,24.85,1.47,25.5
2018-08-16T13:45:00Z,GYK,Greys_Creek,38.44901667,-75.13245,0.3,2.33,0.042,24.84,1.5,28.3
2018-08-16T14:00:00Z,GYK,Greys_Creek,38.44901667,-75.13245,0.3,2.53,0.042,25.01,1.45,30.9
2018-08-16T14:15:00Z,GYK,Greys_Creek,38.44901667,-75.13245,0.3,1.16,0.041,25.93,1.72,14.4
2018-08-16T14:30:00Z,GYK,Greys_Creek,38.44901667,-75.13245,0.3,10.7,0.041,28.55,15.14,150.1
2018-08-16T14:45:00Z,GYK,Greys_Creek,38.44901667,-75.13245,0.3,2.56,0.041,29.19,20.04,37.2
2018-08-16T15:00:00Z,GYK,Greys_Creek,38.44901667,-75.13245,0.3,1.1,0.041,29.32,20.36,16.1
2018-08-16T15:15:00Z,GYK,Greys_Creek,38.44901667,-75.13245,0.3,4.11,0.041,29.79,21.62,61.1
2018-08-16T15:30:00Z,GYK,Greys_Creek,38.44901667,-75.13245,0.3,1.49,0.042,29.89,21.28,22.2
2018-08-16T15:45:00Z,GYK,Greys_Creek,38.44901667,-75.13245,0.3,1.51,0.048,29.96,20.59,22.4
2018-08-16T16:00:00Z,GYK,Greys_Creek,38.44901667,-75.13245,0.3,4.38,0.065,29.94,22.09,65.3
2018-08-16T16:15:00Z,GYK,Greys_Creek,38.44901667,-75.13245,0.3,4.12,0.082,29.63,21.96,61.1
2018-08-16T16:30:00Z,GYK,Greys_Creek,38.44901667,-75.13245,0.3,3.35,0.102,29.78,22.0,49.8
2018-08-16T16:45:00Z,GYK,Greys_Creek,38.44901667,-75.13245,0.3,3.89,0.121,29.57,22.52,57.8
2018-08-16T17:00:00Z,GYK,Greys_Creek,38.44901667,-75.13245,0.3,3.59,0.141,29.65,22.62,53.4
2018-08-16T17:15:00Z,GYK,Greys_Creek,38.44901667,-75.13245,0.3,3.59,0.155,29.55,22.66,53.4
2018-08-16T17:30:00Z,GYK,Greys_Creek,38.44901667,-75.13245,0.3,3.45,0.179,29.5,22.74,51.3
2018-08-16T17:45:00Z,GYK,Greys_Creek,38.44901667,-75.13245,0.3,2.34,0.192,29.57,22.71,34.9
2018-08-16T18:00:00Z,GYK,Greys_Creek,38.44901667,-75.13245,0.3,3.55,0.216,29.29,22.78,52.6
2018-08-16T18:15:00Z,GYK,Greys_Creek,38.44901667,-75.13245,0.3,3.31,0.219,29.57,22.77,49.3
2018-08-16T18:30:00Z,GYK,Greys_Creek,38.44901667,-75.13245,0.3,1.46,0.228,29.99,22.73,21.9
2018-08-16T18:45:00Z,GYK,Greys_Creek,38.44901667,-75.13245,0.3,3.11,0.237,29.81,22.68,46.5
2018-08-16T19:00:00Z,GYK,Greys_Creek,38.44901667,-75.13245,0.3,5.11,0.244,30.15,22.76,76.8
2018-08-16T19:15:00Z,GYK,Greys_Creek,38.44901667,-75.13245,0.3,4.34,0.25,30.1,22.85,65.2
2018-08-16T19:30:00Z,GYK,Greys_Creek,38.44901667,-75.13245,0.3,3.49,0.257,30.27,22.85,52.6
2018-08-16T19:45:00Z,GYK,Greys_Creek,38.44901667,-75.13245,0.3,2.49,0.257,30.92,22.69,37.9
2018-08-16T20:00:00Z,GYK,Greys_Creek,38.44901667,-75.13245,0.3,5.78,0.249,31.27,21.92,88.1
2018-08-16T20:15:00Z,GYK,Greys_Creek,38.44901667,-75.13245,0.3,9.58,0.238,31.01,21.78,145.3
2018-08-16T20:30:00Z,GYK,Greys_Creek,38.44901667,-75.13245,0.3,12.2,0.221,31.32,21.61,185.7
2018-08-16T20:45:00Z,GYK,Greys_Creek,38.44901667,-75.13245,0.3,7.9,0.202,31.36,21.46,120.2
2018-08-16T21:00:00Z,GYK,Greys_Creek,38.44901667,-75.13245,0.3,18.72,0.176,31.88,20.95,286.4
2018-08-16T21:15:00Z,GYK,Greys_Creek,38.44901667,-75.13245,0.3,11.52,0.158,31.44,20.06,174.2
2018-08-16T21:30:00Z,GYK,Greys_Creek,38.44901667,-75.13245,0.3,12.51,0.143,30.87,21.26,188.6
2018-08-16T21:45:00Z,GYK,Greys_Creek,38.44901667,-75.13245,0.3,7.59,0.133,30.72,21.76,114.5
2018-08-16T22:00:00Z,GYK,Greys_Creek,38.44901667,-75.13245,0.3,12.74,0.122,30.94,21.01,192.1
2018-08-16T22:15:00Z,GYK,Greys_Creek,38.44901667,-75.13245,0.3,23.06,0.105,33.01,19.08,355.7
2018-08-16T22:30:00Z,GYK,Greys_Creek,38.44901667,-75.13245,0.3,16.09,0.087,32.44,18.84,245.6
2018-08-16T22:45:00Z,GYK,Greys_Creek,38.44901667,-75.13245,0.3,12.2,0.066,31.76,17.63,183.0
2018-08-16T23:00:00Z,GYK,Greys_Creek,38.44901667,-75.13245,0.3,9.18,0.055,32.18,11.47,134.2
2018-08-16T23:15:00Z,GYK,Greys_Creek,38.44901667,-75.13245,0.3,7.94,0.047,31.39,8.36,112.6
2018-08-16T23:30:00Z,GYK,Greys_Creek,38.44901667,-75.13245,0.3,9.88,0.033,28.65,5.79,131.8
2018-08-16T23:45:00Z,GYK,Greys_Creek,38.44901667,-75.13245,0.3,9.02,0.034,27.78,5.01,118.1
2018-08-17T00:00:00Z,GYK,Greys_Creek,38.44901667,-75.13245,0.3,8.55,0.033,27.48,5.03,111.4
2018-08-17T00:15:00Z,GYK,Greys_Creek,38.44901667,-75.13245,0.3,8.19,0.034,27.15,4.56,105.7
2018-08-17T00:30:00Z,GYK,Greys_Creek,38.44901667,-75.13245,0.3,9.1,0.034,26.71,3.52,115.9
2018-08-17T00:45:00Z,GYK,Greys_Creek,38.44901667,-75.13245,0.3,7.51,0.034,25.97,2.86,94.0
2018-08-17T01:00:00Z,GYK,Greys_Creek,38.44901667,-75.13245,0.3,6.72,0.034,25.74,3.13,83.9
2018-08-17T01:15:00Z,GYK,Greys_Creek,38.44901667,-75.13245,0.3,6.71,0.037,25.62,3.36,83.7
2018-08-17T01:30:00Z,GYK,Greys_Creek,38.44901667,-75.13245,0.3,5.9,0.037,25.63,3.83,73.8
2018-08-17T01:45:00Z,GYK,Greys_Creek,38.44901667,-75.13245,0.3,5.86,0.039,25.61,3.44,73.1
2018-08-17T02:00:00Z,GYK,Greys_Creek,38.44901667,-75.13245,0.3,5.62,0.042,25.89,4.13,70.8
2018-08-17T02:15:00Z,GYK,Greys_Creek,38.44901667,-75.13245,0.3,4.32,0.042,25.93,4.24,54.5
2018-08-17T02:30:00Z,GYK,Greys_Creek,38.44901667,-75.13245,0.3,5.32,0.042,25.44,3.84,66.3
2018-08-17T02:45:00Z,GYK,Greys_Creek,38.44901667,-75.13245,0.3,3.68,0.043,26.41,4.27,46.8
2018-08-17T03:00:00Z,GYK,Greys_Creek,38.44901667,-75.13245,0.3,6.29,0.041,29.62,14.92,89.8
2018-08-17T03:15:00Z,GYK,Greys_Creek,38.44901667,-75.13245,0.3,7.77,0.043,29.84,19.78,114.3
2018-08-17T03:30:00Z,GYK,Greys_Creek,38.44901667,-75.13245,0.3,8.25,0.044,29.49,19.6,120.6
2018-08-17T03:45:00Z,GYK,Greys_Creek,38.44901667,-75.13245,0.3,7.72,0.044,29.7,20.43,113.7
2018-08-17T04:00:00Z,GYK,Greys_Creek,38.44901667,-75.13245,0.3,7.05,0.051,29.85,20.68,104.2
2018-08-17T04:15:00Z,GYK,Greys_Creek,38.44901667,-75.13245,0.3,6.39,0.07,29.94,21.17,94.9
2018-08-17T04:30:00Z,GYK,Greys_Creek,38.44901667,-75.13245,0.3,5.82,0.089,29.88,21.48,86.5
2018-08-17T04:45:00Z,GYK,Greys_Creek,38.44901667,-75.13245,0.3,5.75,0.103,29.73,21.06,84.9
2018-08-17T05:00:00Z,GYK,Greys_Creek,38.44901667,-75.13245,0.3,5.85,0.118,29.56,20.82,86.1
2018-08-17T05:15:00Z,GYK,Greys_Creek,38.44901667,-75.13245,0.3,4.93,0.136,29.85,21.45,73.2
2018-08-17T05:30:00Z,GYK,Greys_Creek,38.44901667,-75.13245,0.3,4.4,0.152,29.74,21.66,65.3
2018-08-17T05:45:00Z,GYK,Greys_Creek,38.44901667,-75.13245,0.3,4.1,0.167,29.62,21.79,60.7
2018-08-17T06:00:00Z,GYK,Greys_Creek,38.44901667,-75.13245,0.3,3.54,0.182,29.61,21.74,52.5
2018-08-17T06:15:00Z,GYK,Greys_Creek,38.44901667,-75.13245,0.3,3.19,0.19,29.5,21.76,47.2
2018-08-17T06:30:00Z,GYK,Greys_Creek,38.44901667,-75.13245,0.3,3.25,0.2,29.46,21.72,48.0
2018-08-17T06:45:00Z,GYK,Greys_Creek,38.44901667,-75.13245,0.3,3.19,0.211,29.42,21.84,47.1
2018-08-17T07:00:00Z,GYK,Greys_Creek,38.44901667,-75.13245,0.3,2.76,0.217,29.33,21.79,40.8
2018-08-17T07:15:00Z,GYK,Greys_Creek,38.44901667,-75.13245,0.3,1.59,0.216,29.25,20.8,23.3
2018-08-17T07:30:00Z,GYK,Greys_Creek,38.44901667,-75.13245,0.3,1.85,0.218,29.34,21.38,27.2
2018-08-17T07:45:00Z,GYK,Greys_Creek,38.44901667,-75.13245,0.3,1.73,0.218,29.21,21.53,25.4
2018-08-17T08:00:00Z,GYK,Greys_Creek,38.44901667,-75.13245,0.3,1.49,0.215,29.31,21.31,22.0
2018-08-17T08:15:00Z,GYK,Greys_Creek,38.44901667,-75.13245,0.3,0.77,0.21,29.29,20.06,11.2
2018-08-17T08:30:00Z,GYK,Greys_Creek,38.44901667,-75.13245,0.3,3.0,0.195,29.15,19.18,43.4
2018-08-17T08:45:00Z,GYK,Greys_Creek,38.44901667,-75.13245,0.3,3.15,0.174,29.31,18.82,45.6
2018-08-17T09:00:00Z,GYK,Greys_Creek,38.44901667,-75.13245,0.3,2.69,0.142,29.25,18.74,38.9
2018-08-17T09:15:00Z,GYK,Greys_Creek,38.44901667,-75.13245,0.3,2.32,0.13,29.39,19.24,33.8
2018-08-17T09:30:00Z,GYK,Greys_Creek,38.44901667,-75.13245,0.3,1.02,0.12,29.35,19.52,14.9
2018-08-17T09:45:00Z,GYK,Greys_Creek,38.44901667,-75.13245,0.3,1.84,0.113,28.06,17.02,25.9
2018-08-17T10:00:00Z,GYK,Greys_Creek,38.44901667,-75.13245,0.3,2.23,0.096,28.7,18.21,32.0
2018-08-17T10:15:00Z,GYK,Greys_Creek,38.44901667,-75.13245,0.3,2.33,0.084,27.24,11.69,31.4
2018-08-17T10:30:00Z,GYK,Greys_Creek,38.44901667,-75.13245,0.3,1.62,0.067,27.4,11.94,21.9
2018-08-17T10:45:00Z,GYK,Greys_Creek,38.44901667,-75.13245,0.3,1.9,0.051,26.38,8.37,24.7
2018-08-17T11:00:00Z,GYK,Greys_Creek,38.44901667,-75.13245,0.3,1.95,0.039,25.84,7.23,25.0
2018-08-17T11:15:00Z,GYK,Greys_Creek,38.44901667,-75.13245,0.3,1.55,NaN,25.58,5.75,19.6
2018-08-17T11:30:00Z,GYK,Greys_Creek,38.44901667,-75.13245,0.3,1.2,NaN,25.32,5.47,15.1
2018-08-17T11:45:00Z,GYK,Greys_Creek,38.44901667,-75.13245,0.3,2.17,NaN,25.03,4.89,27.0
2018-08-17T12:00:00Z,GYK,Greys_Creek,38.44901667,-75.13245,0.3,2.05,NaN,25.05,4.43,25.5
2018-08-17T12:15:00Z,GYK,Greys_Creek,38.44901667,-75.13245,0.3,2.2,NaN,25.2,4.11,27.4
2018-08-17T12:30:00Z,GYK,Greys_Creek,38.44901667,-75.13245,0.3,2.13,NaN,25.07,3.64,26.4
2018-08-17T12:45:00Z,GYK,Greys_Creek,38.44901667,-75.13245,0.3,1.92,NaN,25.08,3.63,23.7
2018-08-17T13:00:00Z,GYK,Greys_Creek,38.44901667,-75.13245,0.3,1.48,NaN,24.96,3.39,18.2
2018-08-17T13:15:00Z,GYK,Greys_Creek,38.44901667,-75.13245,0.3,2.61,NaN,24.92,2.78,32.0
2018-08-17T13:30:00Z,GYK,Greys_Creek,38.44901667,-75.13245,0.3,2.93,NaN,25.1,1.83,35.9
2018-08-17T13:45:00Z,GYK,Greys_Creek,38.44901667,-75.13245,0.3,2.47,NaN,25.12,1.46,30.2
2018-08-17T14:00:00Z,GYK,Greys_Creek,38.44901667,-75.13245,0.3,2.73,NaN,25.38,1.5,33.6
2018-08-17T14:15:00Z,GYK,Greys_Creek,38.44901667,-75.13245,0.3,1.96,NaN,25.92,0.47,24.2
2018-08-17T14:30:00Z,GYK,Greys_Creek,38.44901667,-75.13245,0.3,2.5,NaN,27.06,1.9,31.7
2018-08-17T14:45:00Z,GYK,Greys_Creek,38.44901667,-75.13245,0.3,4.07,NaN,27.02,1.97,51.7
2018-08-17T15:00:00Z,GYK,Greys_Creek,38.44901667,-75.13245,0.3,4.43,NaN,27.62,2.87,57.1
2018-08-17T15:15:00Z,GYK,Greys_Creek,38.44901667,-75.13245,0.3,7.81,NaN,29.74,8.43,107.8
2018-08-17T15:30:00Z,GYK,Greys_Creek,38.44901667,-75.13245,0.3,8.68,NaN,30.35,20.22,129.1
2018-08-17T15:45:00Z,GYK,Greys_Creek,38.44901667,-75.13245,0.3,9.77,NaN,31.56,20.37,148.3
2018-08-17T16:00:00Z,GYK,Greys_Creek,38.44901667,-75.13245,0.3,13.34,NaN,32.35,20.65,205.4
2018-08-17T16:15:00Z,GYK,Greys_Creek,38.44901667,-75.13245,0.3,12.52,0.036,31.81,19.61,190.0
2018-08-17T16:30:00Z,GYK,Greys_Creek,38.44901667,-75.13245,0.3,13.24,0.049,32.0,19.84,201.8
2018-08-17T16:45:00Z,GYK,Greys_Creek,38.44901667,-75.13245,0.3,13.38,0.056,32.18,19.97,204.7
2018-08-17T17:00:00Z,GYK,Greys_Creek,38.44901667,-75.13245,0.3,14.16,0.082,32.19,20.54,217.3
2018-08-17T17:15:00Z,GYK,Greys_Creek,38.44901667,-75.13245,0.3,14.68,0.1,32.18,21.01,225.8
2018-08-17T17:30:00Z,GYK,Greys_Creek,38.44901667,-75.13245,0.3,14.08,0.113,32.13,21.18,216.6
2018-08-17T17:45:00Z,GYK,Greys_Creek,38.44901667,-75.13245,0.3,14.07,0.126,31.94,21.28,216.0
2018-08-17T18:00:00Z,GYK,Greys_Creek,38.44901667,-75.13245,0.3,12.95,0.144,31.65,21.3,197.8
2018-08-17T18:15:00Z,GYK,Greys_Creek,38.44901667,-75.13245,0.3,12.37,0.161,31.7,21.33,189.2
2018-08-17T18:30:00Z,GYK,Greys_Creek,38.44901667,-75.13245,0.3,12.79,0.18,31.56,21.34,195.2
2018-08-17T18:45:00Z,GYK,Greys_Creek,38.44901667,-75.13245,0.3,14.09,0.187,31.77,21.36,215.8
2018-08-17T19:00:00Z,GYK,Greys_Creek,38.44901667,-75.13245,0.3,15.38,0.194,32.21,21.1,236.8
2018-08-17T19:15:00Z,GYK,Greys_Creek,38.44901667,-75.13245,0.3,13.79,0.219,31.95,21.25,211.7
2018-08-17T19:30:00Z,GYK,Greys_Creek,38.44901667,-75.13245,0.3,14.45,0.229,31.98,21.32,221.9
2018-08-17T19:45:00Z,GYK,Greys_Creek,38.44901667,-75.13245,0.3,14.23,0.235,32.01,21.42,218.8
2018-08-17T20:00:00Z,GYK,Greys_Creek,38.44901667,-75.13245,0.3,14.66,0.24,32.26,21.39,226.3
2018-08-17T20:15:00Z,GYK,Greys_Creek,38.44901667,-75.13245,0.3,13.63,0.245,32.35,21.45,210.8
2018-08-17T20:30:00Z,GYK,Greys_Creek,38.44901667,-75.13245,0.3,14.88,0.248,32.31,21.44,229.9
2018-08-17T20:45:00Z,GYK,Greys_Creek,38.44901667,-75.13245,0.3,14.61,0.244,32.39,21.38,226.0
2018-08-17T21:00:00Z,GYK,Greys_Creek,38.44901667,-75.13245,0.3,14.05,0.243,32.45,21.34,217.4
2018-08-17T21:15:00Z,GYK,Greys_Creek,38.44901667,-75.13245,0.3,13.69,0.226,32.66,20.99,212.2
2018-08-17T21:30:00Z,GYK,Greys_Creek,38.44901667,-75.13245,0.3,16.11,0.209,33.11,20.57,250.9
2018-08-17T21:45:00Z,GYK,Greys_Creek,38.44901667,-75.13245,0.3,15.59,0.192,33.04,20.82,243.0
2018-08-17T22:00:00Z,GYK,Greys_Creek,38.44901667,-75.13245,0.3,15.05,0.172,32.91,20.91,234.2
2018-08-17T22:15:00Z,GYK,Greys_Creek,38.44901667,-75.13245,0.3,14.99,0.146,32.86,20.54,232.6
2018-08-17T22:30:00Z,GYK,Greys_Creek,38.44901667,-75.13245,0.3,14.98,0.141,32.87,19.36,231.0
2018-08-17T22:45:00Z,GYK,Greys_Creek,38.44901667,-75.13245,0.3,14.33,0.118,32.57,20.14,220.8
2018-08-17T23:00:00Z,GYK,Greys_Creek,38.44901667,-75.13245,0.3,14.81,0.103,32.15,15.64,221.1
2018-08-17T23:15:00Z,GYK,Greys_Creek,38.44901667,-75.13245,0.3,15.41,0.091,32.54,16.16,232.3
2018-08-17T23:30:00Z,GYK,Greys_Creek,38.44901667,-75.13245,0.3,15.02,0.078,32.53,17.05,227.4
2018-08-17T23:45:00Z,GYK,Greys_Creek,38.44901667,-75.13245,0.3,15.95,0.062,31.93,14.44,235.9
2018-08-18T00:00:00Z,GYK,Greys_Creek,38.44901667,-75.13245,0.3,NaN,0.047,31.26,12.35,NaN
2018-08-18T00:15:00Z,GYK,Greys_Creek,38.44901667,-75.13245,0.3,NaN,0.027,31.2,10.69,NaN
2018-08-18T00:30:00Z,GYK,Greys_Creek,38.44901667,-75.13245,0.3,NaN,0.022,29.81,8.15,NaN
2018-08-18T00:45:00Z,GYK,Greys_Creek,38.44901667,-75.13245,0.3,NaN,0.012,31.18,15.04,NaN
2018-08-18T01:00:00Z,GYK,Greys_Creek,38.44901667,-75.13245,0.3,NaN,0.007,30.94,14.79,NaN
2018-08-18T01:15:00Z,GYK,Greys_Creek,38.44901667,-75.13245,0.3,NaN,0.001,30.48,15.64,NaN
2018-08-18T01:30:00Z,GYK,Greys_Creek,38.44901667,-75.13245,0.3,NaN,NaN,28.66,7.04,NaN
2018-08-18T01:45:00Z,GYK,Greys_Creek,38.44901667,-75.13245,0.3,NaN,NaN,29.76,11.96,NaN
2018-08-18T02:00:00Z,GYK,Greys_Creek,38.44901667,-75.13245,0.3,NaN,NaN,29.93,11.85,NaN
2018-08-18T02:15:00Z,GYK,Greys_Creek,38.44901667,-75.13245,0.3,NaN,NaN,28.13,6.3,NaN
2018-08-18T02:30:00Z,GYK,Greys_Creek,38.44901667,-75.13245,0.3,NaN,NaN,28.05,5.8,NaN
2018-08-18T02:45:00Z,GYK,Greys_Creek,38.44901667,-75.13245,0.3,NaN,NaN,28.34,7.04,NaN
2018-08-18T03:00:00Z,GYK,Greys_Creek,38.44901667,-75.13245,0.3,NaN,NaN,28.6,7.13,NaN
2018-08-18T03:15:00Z,GYK,Greys_Creek,38.44901667,-75.13245,0.3,NaN,NaN,28.33,7.56,NaN
2018-08-18T03:30:00Z,GYK,Greys_Creek,38.44901667,-75.13245,0.3,NaN,NaN,27.94,8.59,NaN
2018-08-18T03:45:00Z,GYK,Greys_Creek,38.44901667,-75.13245,0.3,NaN,NaN,29.5,12.16,NaN
2018-08-18T04:00:00Z,GYK,Greys_Creek,38.44901667,-75.13245,0.3,NaN,NaN,30.64,15.66,NaN
2018-08-18T04:15:00Z,GYK,Greys_Creek,38.44901667,-75.13245,0.3,NaN,NaN,29.17,17.0,NaN
2018-08-18T04:30:00Z,GYK,Greys_Creek,38.44901667,-75.13245,0.3,NaN,0.007,29.69,18.0,NaN
2018-08-18T04:45:00Z,GYK,Greys_Creek,38.44901667,-75.13245,0.3,NaN,0.027,29.73,18.16,NaN
2018-08-18T05:00:00Z,GYK,Greys_Creek,38.44901667,-75.13245,0.3,NaN,0.039,29.55,17.62,NaN
2018-08-18T05:15:00Z,GYK,Greys_Creek,38.44901667,-75.13245,0.3,NaN,0.054,29.16,16.48,NaN
2018-08-18T05:30:00Z,GYK,Greys_Creek,38.44901667,-75.13245,0.3,NaN,0.067,29.51,17.94,NaN
2018-08-18T05:45:00Z,GYK,Greys_Creek,38.44901667,-75.13245,0.3,NaN,0.085,30.04,19.15,NaN
2018-08-18T06:00:00Z,GYK,Greys_Creek,38.44901667,-75.13245,0.3,NaN,0.101,28.91,17.85,NaN
2018-08-18T06:15:00Z,GYK,Greys_Creek,38.44901667,-75.13245,0.3,NaN,0.11,29.71,18.31,NaN
2018-08-18T06:30:00Z,GYK,Greys_Creek,38.44901667,-75.13245,0.3,NaN,0.121,29.4,18.53,NaN
2018-08-18T06:45:00Z,GYK,Greys_Creek,38.44901667,-75.13245,0.3,NaN,0.13,29.8,19.63,NaN
2018-08-18T07:00:00Z,GYK,Greys_Creek,38.44901667,-75.13245,0.3,NaN,0.138,30.07,20.62,NaN
2018-08-18T07:15:00Z,GYK,Greys_Creek,38.44901667,-75.13245,0.3,NaN,0.145,30.08,20.44,NaN
2018-08-18T07:30:00Z,GYK,Greys_Creek,38.44901667,-75.13245,0.3,NaN,0.157,30.14,21.12,NaN
2018-08-18T07:45:00Z,GYK,Greys_Creek,38.44901667,-75.13245,0.3,NaN,0.159,30.07,21.08,NaN
2018-08-18T08:00:00Z,GYK,Greys_Creek,38.44901667,-75.13245,0.3,NaN,0.161,30.09,21.27,NaN
2018-08-18T08:15:00Z,GYK,Greys_Creek,38.44901667,-75.13245,0.3,NaN,0.163,30.0,21.39,NaN
2018-08-18T08:30:00Z,GYK,Greys_Creek,38.44901667,-75.13245,0.3,NaN,0.167,30.06,21.47,NaN
2018-08-18T08:45:00Z,GYK,Greys_Creek,38.44901667,-75.13245,0.3,NaN,0.16,29.97,19.51,NaN
2018-08-18T09:00:00Z,GYK,Greys_Creek,38.44901667,-75.13245,0.3,NaN,0.151,30.15,18.89,NaN
2018-08-18T09:15:00Z,GYK,Greys_Creek,38.44901667,-75.13245,0.3,NaN,0.136,30.09,17.84,NaN
2018-08-18T09:30:00Z,GYK,Greys_Creek,38.44901667,-75.13245,0.3,NaN,0.117,30.28,18.62,NaN
2018-08-18T09:45:00Z,GYK,Greys_Creek,38.44901667,-75.13245,0.3,NaN,0.103,30.04,18.07,NaN
2018-08-18T10:00:00Z,GYK,Greys_Creek,38.44901667,-75.13245,0.3,NaN,0.09,30.22,19.13,NaN
2018-08-18T10:15:00Z,GYK,Greys_Creek,38.44901667,-75.13245,0.3,NaN,0.079,29.92,17.33,NaN
2018-08-18T10:30:00Z,GYK,Greys_Creek,38.44901667,-75.13245,0.3,NaN,0.061,29.95,16.49,NaN
2018-08-18T10:45:00Z,GYK,Greys_Creek,38.44901667,-75.13245,0.3,NaN,0.054,29.92,17.47,NaN
2018-08-18T11:00:00Z,GYK,Greys_Creek,38.44901667,-75.13245,0.3,NaN,0.045,29.32,15.74,NaN
2018-08-18T11:15:00Z,GYK,Greys_Creek,38.44901667,-75.13245,0.3,NaN,0.025,29.96,16.94,NaN
2018-08-18T11:30:00Z,GYK,Greys_Creek,38.44901667,-75.13245,0.3,NaN,0.008,28.19,8.6,NaN
2018-08-18T11:45:00Z,GYK,Greys_Creek,38.44901667,-75.13245,0.3,NaN,NaN,28.76,7.79,NaN
2018-08-18T12:00:00Z,GYK,Greys_Creek,38.44901667,-75.13245,0.3,NaN,NaN,27.46,7.16,NaN
2018-08-18T12:15:00Z,GYK,Greys_Creek,38.44901667,-75.13245,0.3,NaN,NaN,27.56,5.81,NaN
2018-08-18T12:30:00Z,GYK,Greys_Creek,38.44901667,-75.13245,0.3,NaN,NaN,27.06,5.6,NaN
2018-08-18T12:45:00Z,GYK,Greys_Creek,38.44901667,-75.13245,0.3,NaN,NaN,28.52,9.22,NaN
2018-08-18T13:00:00Z,GYK,Greys_Creek,38.44901667,-75.13245,0.3,NaN,NaN,27.13,4.37,NaN
2018-08-18T13:15:00Z,GYK,Greys_Creek,38.44901667,-75.13245,0.3,NaN,NaN,27.35,5.31,NaN
2018-08-18T13:30:00Z,GYK,Greys_Creek,38.44901667,-75.13245,0.3,NaN,NaN,27.69,5.59,NaN
2018-08-18T13:45:00Z,GYK,Greys_Creek,38.44901667,-75.13245,0.3,NaN,NaN,26.29,4.67,NaN
2018-08-18T14:00:00Z,GYK,Greys_Creek,38.44901667,-75.13245,0.3,NaN,NaN,26.27,4.56,NaN
2018-08-18T14:15:00Z,GYK,Greys_Creek,38.44901667,-75.13245,0.3,NaN,NaN,27.94,5.98,NaN
2018-08-18T14:30:00Z,GYK,Greys_Creek,38.44901667,-75.13245,0.3,NaN,NaN,27.62,5.88,NaN
2018-08-18T14:45:00Z,GYK,Greys_Creek,38.44901667,-75.13245,0.3,NaN,NaN,27.33,3.66,NaN
2018-08-18T15:00:00Z,GYK,Greys_Creek,38.44901667,-75.13245,0.3,NaN,NaN,28.4,3.32,NaN
2018-08-18T15:15:00Z,GYK,Greys_Creek,38.44901667,-75.13245,0.3,NaN,NaN,28.57,3.52,NaN
2018-08-18T15:30:00Z,GYK,Greys_Creek,38.44901667,-75.13245,0.3,NaN,NaN,29.01,7.54,NaN
2018-08-18T15:45:00Z,GYK,Greys_Creek,38.44901667,-75.13245,0.3,NaN,NaN,29.75,10.64,NaN
2018-08-18T16:00:00Z,GYK,Greys_Creek,38.44901667,-75.13245,0.3,NaN,NaN,30.45,10.82,NaN
2018-08-18T16:15:00Z,GYK,Greys_Creek,38.44901667,-75.13245,0.3,NaN,NaN,30.94,19.3,NaN
2018-08-18T16:30:00Z,GYK,Greys_Creek,38.44901667,-75.13245,0.3,NaN,NaN,31.28,16.8,NaN
2018-08-18T16:45:00Z,GYK,Greys_Creek,38.44901667,-75.13245,0.3,NaN,NaN,31.49,17.39,NaN
2018-08-18T17:00:00Z,GYK,Greys_Creek,38.44901667,-75.13245,0.3,NaN,NaN,31.67,19.62,NaN
2018-08-18T17:15:00Z,GYK,Greys_Creek,38.44901667,-75.13245,0.3,NaN,NaN,31.93,21.32,NaN
2018-08-18T17:30:00Z,GYK,Greys_Creek,38.44901667,-75.13245,0.3,NaN,NaN,31.53,21.05,NaN
2018-08-18T17:45:00Z,GYK,Greys_Creek,38.44901667,-75.13245,0.3,NaN,NaN,31.76,21.45,NaN
2018-08-18T18:00:00Z,GYK,Greys_Creek,38.44901667,-75.13245,0.3,NaN,0.008,31.63,21.89,NaN
2018-08-18T18:15:00Z,GYK,Greys_Creek,38.44901667,-75.13245,0.3,NaN,0.027,30.86,22.37,NaN
2018-08-18T18:30:00Z,GYK,Greys_Creek,38.44901667,-75.13245,0.3,NaN,0.044,30.77,22.51,NaN
2018-08-18T18:45:00Z,GYK,Greys_Creek,38.44901667,-75.13245,0.3,NaN,0.066,30.48,22.52,NaN
2018-08-18T19:00:00Z,GYK,Greys_Creek,38.44901667,-75.13245,0.3,NaN,0.08,31.09,22.28,NaN
2018-08-18T19:15:00Z,GYK,Greys_Creek,38.44901667,-75.13245,0.3,NaN,0.093,31.7,21.86,NaN
2018-08-18T19:30:00Z,GYK,Greys_Creek,38.44901667,-75.13245,0.3,NaN,0.107,30.57,22.53,NaN
2018-08-18T19:45:00Z,GYK,Greys_Creek,38.44901667,-75.13245,0.3,NaN,0.114,30.92,22.53,NaN
2018-08-18T20:00:00Z,GYK,Greys_Creek,38.44901667,-75.13245,0.3,NaN,0.129,30.99,22.59,NaN
2018-08-18T20:15:00Z,GYK,Greys_Creek,38.44901667,-75.13245,0.3,NaN,0.138,31.5,22.53,NaN
2018-08-18T20:30:00Z,GYK,Greys_Creek,38.44901667,-75.13245,0.3,NaN,0.145,32.17,22.33,NaN
2018-08-18T20:45:00Z,GYK,Greys_Creek,38.44901667,-75.13245,0.3,NaN,0.147,32.08,22.48,NaN
2018-08-18T21:00:00Z,GYK,Greys_Creek,38.44901667,-75.13245,0.3,NaN,0.158,31.41,22.61,NaN
2018-08-18T21:15:00Z,GYK,Greys_Creek,38.44901667,-75.13245,0.3,NaN,0.163,31.55,22.68,NaN
2018-08-18T21:30:00Z,GYK,Greys_Creek,38.44901667,-75.13245,0.3,NaN,0.167,31.48,22.64,NaN
2018-08-18T21:45:00Z,GYK,Greys_Creek,38.44901667,-75.13245,0.3,NaN,0.165,31.54,22.25,NaN
2018-08-18T22:00:00Z,GYK,Greys_Creek,38.44901667,-75.13245,0.3,NaN,0.161,31.64,22.29,NaN
2018-08-18T22:15:00Z,GYK,Greys_Creek,38.44901667,-75.13245,0.3,NaN,0.146,32.13,20.77,NaN
2018-08-18T22:30:00Z,GYK,Greys_Creek,38.44901667,-75.13245,0.3,NaN,0.146,31.84,20.99,NaN
2018-08-18T22:45:00Z,GYK,Greys_Creek,38.44901667,-75.13245,0.3,NaN,0.137,31.78,20.98,NaN
2018-08-18T23:00:00Z,GYK,Greys_Creek,38.44901667,-75.13245,0.3,NaN,0.115,32.5,19.77,NaN
2018-08-18T23:15:00Z,GYK,Greys_Creek,38.44901667,-75.13245,0.3,NaN,0.09,32.25,19.56,NaN
2018-08-18T23:30:00Z,GYK,Greys_Creek,38.44901667,-75.13245,0.3,NaN,0.078,31.71,19.26,NaN
2018-08-18T23:45:00Z,GYK,Greys_Creek,38.44901667,-75.13245,0.3,NaN,0.068,31.7,19.45,NaN
2018-08-19T00:00:00Z,GYK,Greys_Creek,38.44901667,-75.13245,0.3,NaN,0.06,31.6,19.23,NaN
2018-08-19T00:15:00Z,GYK,Greys_Creek,38.44901667,-75.13245,0.3,NaN,0.049,31.67,18.54,NaN
2018-08-19T00:30:00Z,GYK,Greys_Creek,38.44901667,-75.13245,0.3,NaN,0.035,31.52,17.71,NaN
2018-08-19T00:45:00Z,GYK,Greys_Creek,38.44901667,-75.13245,0.3,NaN,0.023,31.16,18.79,NaN
2018-08-19T01:00:00Z,GYK,Greys_Creek,38.44901667,-75.13245,0.3,NaN,0.007,31.53,18.77,NaN
2018-08-19T01:15:00Z,GYK,Greys_Creek,38.44901667,-75.13245,0.3,NaN,NaN,31.33,16.03,NaN
2018-08-19T01:30:00Z,GYK,Greys_Creek,38.44901667,-75.13245,0.3,NaN,NaN,31.25,17.45,NaN
2018-08-19T01:45:00Z,GYK,Greys_Creek,38.44901667,-75.13245,0.3,NaN,NaN,29.87,10.55,NaN
2018-08-19T02:00:00Z,GYK,Greys_Creek,38.44901667,-75.13245,0.3,NaN,NaN,29.95,9.09,NaN
2018-08-19T02:15:00Z,GYK,Greys_Creek,38.44901667,-75.13245,0.3,NaN,NaN,29.2,6.65,NaN
2018-08-19T02:30:00Z,GYK,Greys_Creek,38.44901667,-75.13245,0.3,NaN,NaN,30.12,12.27,NaN
2018-08-19T02:45:00Z,GYK,Greys_Creek,38.44901667,-75.13245,0.3,NaN,NaN,28.74,7.03,NaN
2018-08-19T03:00:00Z,GYK,Greys_Creek,38.44901667,-75.13245,0.3,NaN,NaN,29.15,9.55,NaN
2018-08-19T03:15:00Z,GYK,Greys_Creek,38.44901667,-75.13245,0.3,NaN,NaN,29.38,6.92,NaN
2018-08-19T03:30:00Z,GYK,Greys_Creek,38.44901667,-75.13245,0.3,NaN,NaN,29.3,9.84,NaN
2018-08-19T03:45:00Z,GYK,Greys_Creek,38.44901667,-75.13245,0.3,NaN,NaN,29.65,13.47,NaN
2018-08-19T04:00:00Z,GYK,Greys_Creek,38.44901667,-75.13245,0.3,NaN,NaN,29.2,13.07,NaN
2018-08-19T04:15:00Z,GYK,Greys_Creek,38.44901667,-75.13245,0.3,NaN,NaN,28.8,6.06,NaN
2018-08-19T04:30:00Z,GYK,Greys_Creek,38.44901667,-75.13245,0.3,NaN,NaN,30.55,18.92,NaN
2018-08-19T04:45:00Z,GYK,Greys_Creek,38.44901667,-75.13245,0.3,NaN,NaN,29.7,16.41,NaN
2018-08-19T05:00:00Z,GYK,Greys_Creek,38.44901667,-75.13245,0.3,NaN,NaN,29.63,15.61,NaN
2018-08-19T05:15:00Z,GYK,Greys_Creek,38.44901667,-75.13245,0.3,NaN,NaN,30.31,20.94,NaN
2018-08-19T05:30:00Z,GYK,Greys_Creek,38.44901667,-75.13245,0.3,NaN,NaN,30.19,21.46,NaN
2018-08-19T05:45:00Z,GYK,Greys_Creek,38.44901667,-75.13245,0.3,NaN,NaN,30.16,21.25,NaN
2018-08-19T06:00:00Z,GYK,Greys_Creek,38.44901667,-75.13245,0.3,NaN,0.001,29.97,21.27,NaN
2018-08-19T06:15:00Z,GYK,Greys_Creek,38.44901667,-75.13245,0.3,NaN,0.011,30.06,21.52,NaN
2018-08-19T06:30:00Z,GYK,Greys_Creek,38.44901667,-75.13245,0.3,NaN,0.022,30.0,21.47,NaN
2018-08-19T06:45:00Z,GYK,Greys_Creek,38.44901667,-75.13245,0.3,NaN,0.027,30.03,21.56,NaN
2018-08-19T07:00:00Z,GYK,Greys_Creek,38.44901667,-75.13245,0.3,NaN,0.035,29.92,21.23,NaN
2018-08-19T07:15:00Z,GYK,Greys_Creek,38.44901667,-75.13245,0.3,NaN,0.059,29.85,21.51,NaN
2018-08-19T07:30:00Z,GYK,Greys_Creek,38.44901667,-75.13245,0.3,NaN,0.073,30.01,21.72,NaN
2018-08-19T07:45:00Z,GYK,Greys_Creek,38.44901667,-75.13245,0.3,NaN,0.085,30.06,21.84,NaN
2018-08-19T08:00:00Z,GYK,Greys_Creek,38.44901667,-75.13245,0.3,NaN,0.088,30.04,21.89,NaN
2018-08-19T08:15:00Z,GYK,Greys_Creek,38.44901667,-75.13245,0.3,NaN,0.103,29.97,21.99,NaN
2018-08-19T08:30:00Z,GYK,Greys_Creek,38.44901667,-75.13245,0.3,NaN,0.107,30.03,22.08,NaN
2018-08-19T08:45:00Z,GYK,Greys_Creek,38.44901667,-75.13245,0.3,NaN,0.108,29.96,21.94,NaN
2018-08-19T09:00:00Z,GYK,Greys_Creek,38.44901667,-75.13245,0.3,NaN,0.108,29.91,21.54,NaN
2018-08-19T09:15:00Z,GYK,Greys_Creek,38.44901667,-75.13245,0.3,NaN,0.122,29.96,22.07,NaN
2018-08-19T09:30:00Z,GYK,Greys_Creek,38.44901667,-75.13245,0.3,NaN,0.116,29.95,22.11,NaN
2018-08-19T09:45:00Z,GYK,Greys_Creek,38.44901667,-75.13245,0.3,NaN,0.102,29.82,18.81,NaN
2018-08-19T10:00:00Z,GYK,Greys_Creek,38.44901667,-75.13245,0.3,NaN,0.099,30.1,19.59,NaN
2018-08-19T10:15:00Z,GYK,Greys_Creek,38.44901667,-75.13245,0.3,NaN,0.096,30.25,21.1,NaN
2018-08-19T10:30:00Z,GYK,Greys_Creek,38.44901667,-75.13245,0.3,NaN,0.094,30.32,21.27,NaN
2018-08-19T10:45:00Z,GYK,Greys_Creek,38.44901667,-75.13245,0.3,NaN,0.065,29.69,18.07,NaN
2018-08-19T11:00:00Z,GYK,Greys_Creek,38.44901667,-75.13245,0.3,NaN,0.045,28.52,15.34,NaN
2018-08-19T11:15:00Z,GYK,Greys_Creek,38.44901667,-75.13245,0.3,NaN,0.044,30.08,19.48,NaN
2018-08-19T11:30:00Z,GYK,Greys_Creek,38.44901667,-75.13245,0.3,NaN,0.037,30.02,20.05,NaN
2018-08-19T11:45:00Z,GYK,Greys_Creek,38.44901667,-75.13245,0.3,NaN,0.025,28.64,16.73,NaN
2018-08-19T12:00:00Z,GYK,Greys_Creek,38.44901667,-75.13245,0.3,NaN,0.009,29.42,14.45,NaN
2018-08-19T12:15:00Z,GYK,Greys_Creek,38.44901667,-75.13245,0.3,NaN,0.001,29.65,14.02,NaN
2018-08-19T12:30:00Z,GYK,Greys_Creek,38.44901667,-75.13245,0.3,NaN,NaN,30.04,14.82,NaN
2018-08-19T12:45:00Z,GYK,Greys_Creek,38.44901667,-75.13245,0.3,NaN,NaN,28.57,11.03,NaN
2018-08-19T13:00:00Z,GYK,Greys_Creek,38.44901667,-75.13245,0.3,NaN,NaN,26.94,7.47,NaN
2018-08-19T13:15:00Z,GYK,Greys_Creek,38.44901667,-75.13245,0.3,NaN,NaN,26.99,7.75,NaN
2018-08-19T13:30:00Z,GYK,Greys_Creek,38.44901667,-75.13245,0.3,NaN,NaN,26.64,6.96,NaN
2018-08-19T13:45:00Z,GYK,Greys_Creek,38.44901667,-75.13245,0.3,NaN,NaN,27.18,5.91,NaN
2018-08-19T14:00:00Z,GYK,Greys_Creek,38.44901667,-75.13245,0.3,NaN,NaN,26.74,5.48,NaN
2018-08-19T14:15:00Z,GYK,Greys_Creek,38.44901667,-75.13245,0.3,NaN,NaN,26.07,4.35,NaN
2018-08-19T14:30:00Z,GYK,Greys_Creek,38.44901667,-75.13245,0.3,NaN,NaN,26.88,5.4,NaN
2018-08-19T14:45:00Z,GYK,Greys_Creek,38.44901667,-75.13245,0.3,NaN,NaN,27.1,5.45,NaN
2018-08-19T15:00:00Z,GYK,Greys_Creek,38.44901667,-75.13245,0.3,NaN,NaN,28.83,4.3,NaN
2018-08-19T15:15:00Z,GYK,Greys_Creek,38.44901667,-75.13245,0.3,NaN,NaN,27.89,5.33,NaN
2018-08-19T15:30:00Z,GYK,Greys_Creek,38.44901667,-75.13245,0.3,NaN,NaN,27.78,4.78,NaN
2018-08-19T15:45:00Z,GYK,Greys_Creek,38.44901667,-75.13245,0.3,NaN,NaN,29.99,7.72,NaN
2018-08-19T16:00:00Z,GYK,Greys_Creek,38.44901667,-75.13245,0.3,NaN,NaN,27.74,4.05,NaN
2018-08-19T16:15:00Z,GYK,Greys_Creek,38.44901667,-75.13245,0.3,NaN,NaN,29.98,7.38,NaN
2018-08-19T16:30:00Z,GYK,Greys_Creek,38.44901667,-75.13245,0.3,NaN,NaN,31.17,14.24,NaN
2018-08-19T16:45:00Z,GYK,Greys_Creek,38.44901667,-75.13245,0.3,NaN,NaN,31.53,17.02,NaN
2018-08-19T17:00:00Z,GYK,Greys_Creek,38.44901667,-75.13245,0.3,NaN,NaN,31.58,18.58,NaN
2018-08-19T17:15:00Z,GYK,Greys_Creek,38.44901667,-75.13245,0.3,NaN,0.003,31.35,17.14,NaN
2018-08-19T17:30:00Z,GYK,Greys_Creek,38.44901667,-75.13245,0.3,NaN,0.013,31.3,15.17,NaN
2018-08-19T17:45:00Z,GYK,Greys_Creek,38.44901667,-75.13245,0.3,NaN,0.015,31.36,15.07,NaN
2018-08-19T18:00:00Z,GYK,Greys_Creek,38.44901667,-75.13245,0.3,NaN,0.041,31.49,19.28,NaN
2018-08-19T18:15:00Z,GYK,Greys_Creek,38.44901667,-75.13245,0.3,NaN,0.064,31.19,20.12,NaN
2018-08-19T18:30:00Z,GYK,Greys_Creek,38.44901667,-75.13245,0.3,NaN,0.072,31.2,18.74,NaN
2018-08-19T18:45:00Z,GYK,Greys_Creek,38.44901667,-75.13245,0.3,NaN,0.086,31.04,20.48,NaN
2018-08-19T19:00:00Z,GYK,Greys_Creek,38.44901667,-75.13245,0.3,NaN,0.11,30.88,20.45,NaN
2018-08-19T19:15:00Z,GYK,Greys_Creek,38.44901667,-75.13245,0.3,NaN,0.131,30.89,20.81,NaN
2018-08-19T19:30:00Z,GYK,Greys_Creek,38.44901667,-75.13245,0.3,NaN,0.14,30.91,20.94,NaN
2018-08-19T19:45:00Z,GYK,Greys_Creek,38.44901667,-75.13245,0.3,NaN,0.156,30.83,21.04,NaN
2018-08-19T20:00:00Z,GYK,Greys_Creek,38.44901667,-75.13245,0.3,NaN,0.188,30.64,21.29,NaN
2018-08-19T20:15:00Z,GYK,Greys_Creek,38.44901667,-75.13245,0.3,NaN,0.203,30.59,21.59,NaN
2018-08-19T20:30:00Z,GYK,Greys_Creek,38.44901667,-75.13245,0.3,NaN,0.216,30.68,21.37,NaN
2018-08-19T20:45:00Z,GYK,Greys_Creek,38.44901667,-75.13245,0.3,NaN,0.228,30.6,21.42,NaN
2018-08-19T21:00:00Z,GYK,Greys_Creek,38.44901667,-75.13245,0.3,NaN,0.237,30.59,21.65,NaN
2018-08-19T21:15:00Z,GYK,Greys_Creek,38.44901667,-75.13245,0.3,NaN,0.246,30.37,21.79,NaN
2018-08-19T21:30:00Z,GYK,Greys_Creek,38.44901667,-75.13245,0.3,NaN,0.257,30.46,21.79,NaN
2018-08-19T21:45:00Z,GYK,Greys_Creek,38.44901667,-75.13245,0.3,NaN,0.274,30.37,21.87,NaN
2018-08-19T22:00:00Z,GYK,Greys_Creek,38.44901667,-75.13245,0.3,NaN,0.283,30.39,21.88,NaN
2018-08-19T22:15:00Z,GYK,Greys_Creek,38.44901667,-75.13245,0.3,NaN,0.283,30.33,20.72,NaN
2018-08-19T22:30:00Z,GYK,Greys_Creek,38.44901667,-75.13245,0.3,NaN,0.289,30.35,21.9,NaN
2018-08-19T22:45:00Z,GYK,Greys_Creek,38.44901667,-75.13245,0.3,NaN,0.303,30.2,22.06,NaN
2018-08-19T23:00:00Z,GYK,Greys_Creek,38.44901667,-75.13245,0.3,NaN,0.311,30.07,22.24,NaN
2018-08-19T23:15:00Z,GYK,Greys_Creek,38.44901667,-75.13245,0.3,NaN,0.312,30.12,22.21,NaN
2018-08-19T23:30:00Z,GYK,Greys_Creek,38.44901667,-75.13245,0.3,NaN,0.301,30.28,20.24,NaN
2018-08-19T23:45:00Z,GYK,Greys_Creek,38.44901667,-75.13245,0.3,NaN,0.286,30.2,20.28,NaN
2018-08-20T00:00:00Z,GYK,Greys_Creek,38.44901667,-75.13245,0.3,NaN,0.273,29.73,19.57,NaN
2018-08-20T00:15:00Z,GYK,Greys_Creek,38.44901667,-75.13245,0.3,NaN,0.27,30.16,20.46,NaN
2018-08-20T00:30:00Z,GYK,Greys_Creek,38.44901667,-75.13245,0.3,NaN,0.252,30.01,19.87,NaN
2018-08-20T00:45:00Z,GYK,Greys_Creek,38.44901667,-75.13245,0.3,NaN,0.231,29.98,19.79,NaN
2018-08-20T01:00:00Z,GYK,Greys_Creek,38.44901667,-75.13245,0.3,NaN,0.219,30.16,20.07,NaN
2018-08-20T01:15:00Z,GYK,Greys_Creek,38.44901667,-75.13245,0.3,NaN,0.211,30.21,20.31,NaN
2018-08-20T01:30:00Z,GYK,Greys_Creek,38.44901667,-75.13245,0.3,NaN,0.206,30.2,20.31,NaN
2018-08-20T01:45:00Z,GYK,Greys_Creek,38.44901667,-75.13245,0.3,NaN,0.19,30.28,20.07,NaN
2018-08-20T02:00:00Z,GYK,Greys_Creek,38.44901667,-75.13245,0.3,NaN,0.172,29.73,18.53,NaN
2018-08-20T02:15:00Z,GYK,Greys_Creek,38.44901667,-75.13245,0.3,NaN,0.163,30.12,19.4,NaN
2018-08-20T02:30:00Z,GYK,Greys_Creek,38.44901667,-75.13245,0.3,NaN,0.153,30.14,19.84,NaN
2018-08-20T02:45:00Z,GYK,Greys_Creek,38.44901667,-75.13245,0.3,NaN,0.141,30.23,19.48,NaN
2018-08-20T03:00:00Z,GYK,Greys_Creek,38.44901667,-75.13245,0.3,NaN,0.128,29.93,18.43,NaN
2018-08-20T03:15:00Z,GYK,Greys_Creek,38.44901667,-75.13245,0.3,NaN,0.118,29.78,18.7,NaN
2018-08-20T03:30:00Z,GYK,Greys_Creek,38.44901667,-75.13245,0.3,NaN,0.115,30.08,20.18,NaN
2018-08-20T03:45:00Z,GYK,Greys_Creek,38.44901667,-75.13245,0.3,NaN,0.115,29.86,20.17,NaN
2018-08-20T04:00:00Z,GYK,Greys_Creek,38.44901667,-75.13245,0.3,NaN,0.101,28.88,17.38,NaN
2018-08-20T04:15:00Z,GYK,Greys_Creek,38.44901667,-75.13245,0.3,NaN,0.099,29.74,19.13,NaN
2018-08-20T04:30:00Z,GYK,Greys_Creek,38.44901667,-75.13245,0.3,NaN,0.107,29.69,21.16,NaN
2018-08-20T04:45:00Z,GYK,Greys_Creek,38.44901667,-75.13245,0.3,NaN,0.117,29.6,21.45,NaN
2018-08-20T05:00:00Z,GYK,Greys_Creek,38.44901667,-75.13245,0.3,NaN,0.121,29.44,21.38,NaN
2018-08-20T05:15:00Z,GYK,Greys_Creek,38.44901667,-75.13245,0.3,NaN,0.137,29.38,21.65,NaN
2018-08-20T05:30:00Z,GYK,Greys_Creek,38.44901667,-75.13245,0.3,NaN,0.155,29.41,21.62,NaN
2018-08-20T05:45:00Z,GYK,Greys_Creek,38.44901667,-75.13245,0.3,NaN,0.173,29.16,21.73,NaN
2018-08-20T06:00:00Z,GYK,Greys_Creek,38.44901667,-75.13245,0.3,NaN,0.192,29.13,21.68,NaN
2018-08-20T06:15:00Z,GYK,Greys_Creek,38.44901667,-75.13245,0.3,NaN,0.197,29.09,21.55,NaN
2018-08-20T06:30:00Z,GYK,Greys_Creek,38.44901667,-75.13245,0.3,NaN,0.199,29.08,21.23,NaN
2018-08-20T06:45:00Z,GYK,Greys_Creek,38.44901667,-75.13245,0.3,NaN,0.223,29.03,21.26,NaN
2018-08-20T07:00:00Z,GYK,Greys_Creek,38.44901667,-75.13245,0.3,NaN,0.249,29.05,21.43,NaN
2018-08-20T07:15:00Z,GYK,Greys_Creek,38.44901667,-75.13245,0.3,NaN,0.245,28.69,21.07,NaN
2018-08-20T07:30:00Z,GYK,Greys_Creek,38.44901667,-75.13245,0.3,NaN,0.261,28.66,21.12,NaN
2018-08-20T07:45:00Z,GYK,Greys_Creek,38.44901667,-75.13245,0.3,NaN,0.28,29.01,21.17,NaN
2018-08-20T08:00:00Z,GYK,Greys_Creek,38.44901667,-75.13245,0.3,NaN,0.289,28.68,21.27,NaN
2018-08-20T08:15:00Z,GYK,Greys_Creek,38.44901667,-75.13245,0.3,NaN,0.298,28.77,21.26,NaN
2018-08-20T08:30:00Z,GYK,Greys_Creek,38.44901667,-75.13245,0.3,NaN,0.31,28.81,21.22,NaN
2018-08-20T08:45:00Z,GYK,Greys_Creek,38.44901667,-75.13245,0.3,NaN,0.308,28.71,21.26,NaN
2018-08-20T09:00:00Z,GYK,Greys_Creek,38.44901667,-75.13245,0.3,NaN,0.317,28.92,21.39,NaN
2018-08-20T09:15:00Z,GYK,Greys_Creek,38.44901667,-75.13245,0.3,NaN,0.342,28.87,21.75,NaN
2018-08-20T09:30:00Z,GYK,Greys_Creek,38.44901667,-75.13245,0.3,NaN,0.352,28.81,21.96,NaN
2018-08-20T09:45:00Z,GYK,Greys_Creek,38.44901667,-75.13245,0.3,NaN,0.34,28.26,21.49,NaN
2018-08-20T10:00:00Z,GYK,Greys_Creek,38.44901667,-75.13245,0.3,NaN,0.35,28.78,21.83,NaN
2018-08-20T10:15:00Z,GYK,Greys_Creek,38.44901667,-75.13245,0.3,NaN,0.369,28.75,22.01,NaN
2018-08-20T10:30:00Z,GYK,Greys_Creek,38.44901667,-75.13245,0.3,NaN,0.365,28.77,22.08,NaN
2018-08-20T10:45:00Z,GYK,Greys_Creek,38.44901667,-75.13245,0.3,NaN,0.362,29.44,21.04,NaN
2018-08-20T11:00:00Z,GYK,Greys_Creek,38.44901667,-75.13245,0.3,NaN,0.365,28.74,21.68,NaN
2018-08-20T11:15:00Z,GYK,Greys_Creek,38.44901667,-75.13245,0.3,NaN,0.36,28.55,22.0,NaN
2018-08-20T11:30:00Z,GYK,Greys_Creek,38.44901667,-75.13245,0.3,NaN,0.347,29.66,21.47,NaN
2018-08-20T11:45:00Z,GYK,Greys_Creek,38.44901667,-75.13245,0.3,NaN,0.329,29.7,21.14,NaN
2018-08-20T12:00:00Z,GYK,Greys_Creek,38.44901667,-75.13245,0.3,NaN,0.308,29.3,21.1,NaN
2018-08-20T12:15:00Z,GYK,Greys_Creek,38.44901667,-75.13245,0.3,NaN,0.297,29.82,21.11,NaN
2018-08-20T12:30:00Z,GYK,Greys_Creek,38.44901667,-75.13245,0.3,NaN,0.287,29.13,21.13,NaN
2018-08-20T12:45:00Z,GYK,Greys_Creek,38.44901667,-75.13245,0.3,NaN,0.269,29.14,20.81,NaN
2018-08-20T13:00:00Z,GYK,Greys_Creek,38.44901667,-75.13245,0.3,NaN,0.257,28.96,20.57,NaN
2018-08-20T13:15:00Z,GYK,Greys_Creek,38.44901667,-75.13245,0.3,NaN,0.248,29.04,20.48,NaN
2018-08-20T13:30:00Z,GYK,Greys_Creek,38.44901667,-75.13245,0.3,NaN,0.239,29.2,20.71,NaN
2018-08-20T13:45:00Z,GYK,Greys_Creek,38.44901667,-75.13245,0.3,NaN,0.229,29.14,20.62,NaN
2018-08-20T14:00:00Z,GYK,Greys_Creek,38.44901667,-75.13245,0.3,NaN,0.216,29.01,20.63,NaN
2018-08-20T14:15:00Z,GYK,Greys_Creek,38.44901667,-75.13245,0.3,NaN,0.2,29.27,20.33,NaN
2018-08-20T14:30:00Z,GYK,Greys_Creek,38.44901667,-75.13245,0.3,NaN,0.186,29.11,20.63,NaN
2018-08-20T14:45:00Z,GYK,Greys_Creek,38.44901667,-75.13245,0.3,NaN,0.178,29.33,20.62,NaN
2018-08-20T15:00:00Z,GYK,Greys_Creek,38.44901667,-75.13245,0.3,NaN,0.17,28.71,18.96,NaN
2018-08-20T15:15:00Z,GYK,Greys_Creek,38.44901667,-75.13245,0.3,NaN,0.152,29.37,20.14,NaN
2018-08-20T15:30:00Z,GYK,Greys_Creek,38.44901667,-75.13245,0.3,NaN,0.141,28.8,19.06,NaN
2018-08-20T15:45:00Z,GYK,Greys_Creek,38.44901667,-75.13245,0.3,NaN,0.131,28.95,18.24,NaN
2018-08-20T16:00:00Z,GYK,Greys_Creek,38.44901667,-75.13245,0.3,NaN,0.124,28.67,17.16,NaN
2018-08-20T16:15:00Z,GYK,Greys_Creek,38.44901667,-75.13245,0.3,NaN,0.117,28.9,18.24,NaN
2018-08-20T16:30:00Z,GYK,Greys_Creek,38.44901667,-75.13245,0.3,NaN,0.112,28.24,14.98,NaN
2018-08-20T16:45:00Z,GYK,Greys_Creek,38.44901667,-75.13245,0.3,NaN,0.11,28.38,16.02,NaN
2018-08-20T17:00:00Z,GYK,Greys_Creek,38.44901667,-75.13245,0.3,NaN,0.109,28.56,15.81,NaN
2018-08-20T17:15:00Z,GYK,Greys_Creek,38.44901667,-75.13245,0.3,NaN,0.114,28.59,16.5,NaN
2018-08-20T17:30:00Z,GYK,Greys_Creek,38.44901667,-75.13245,0.3,NaN,0.13,28.75,16.4,NaN
2018-08-20T17:45:00Z,GYK,Greys_Creek,38.44901667,-75.13245,0.3,NaN,0.152,28.0,17.24,NaN
2018-08-20T18:00:00Z,GYK,Greys_Creek,38.44901667,-75.13245,0.3,NaN,0.169,28.19,17.63,NaN
2018-08-20T18:15:00Z,GYK,Greys_Creek,38.44901667,-75.13245,0.3,NaN,0.182,28.12,17.64,NaN
2018-08-20T18:30:00Z,GYK,Greys_Creek,38.44901667,-75.13245,0.3,NaN,0.199,28.18,17.76,NaN
2018-08-20T18:45:00Z,GYK,Greys_Creek,38.44901667,-75.13245,0.3,NaN,0.221,28.01,17.9,NaN
2018-08-20T19:00:00Z,GYK,Greys_Creek,38.44901667,-75.13245,0.3,NaN,0.233,28.13,17.65,NaN
2018-08-20T19:15:00Z,GYK,Greys_Creek,38.44901667,-75.13245,0.3,NaN,0.234,28.26,17.94,NaN
2018-08-20T19:30:00Z,GYK,Greys_Creek,38.44901667,-75.13245,0.3,NaN,0.247,28.34,18.66,NaN
2018-08-20T19:45:00Z,GYK,Greys_Creek,38.44901667,-75.13245,0.3,NaN,0.27,28.39,19.52,NaN
2018-08-20T20:00:00Z,GYK,Greys_Creek,38.44901667,-75.13245,0.3,NaN,0.291,28.37,19.79,NaN
2018-08-20T20:15:00Z,GYK,Greys_Creek,38.44901667,-75.13245,0.3,NaN,0.307,28.39,19.72,NaN
2018-08-20T20:30:00Z,GYK,Greys_Creek,38.44901667,-75.13245,0.3,NaN,0.312,28.43,19.49,NaN
2018-08-20T20:45:00Z,GYK,Greys_Creek,38.44901667,-75.13245,0.3,NaN,0.324,28.46,19.62,NaN
2018-08-20T21:00:00Z,GYK,Greys_Creek,38.44901667,-75.13245,0.3,NaN,0.346,28.43,20.14,NaN
2018-08-20T21:15:00Z,GYK,Greys_Creek,38.44901667,-75.13245,0.3,NaN,0.36,28.44,20.2,NaN
2018-08-20T21:30:00Z,GYK,Greys_Creek,38.44901667,-75.13245,0.3,NaN,0.366,28.46,20.18,NaN
2018-08-20T21:45:00Z,GYK,Greys_Creek,38.44901667,-75.13245,0.3,NaN,0.387,28.47,20.36,NaN
2018-08-20T22:00:00Z,GYK,Greys_Creek,38.44901667,-75.13245,0.3,NaN,0.396,28.58,20.31,NaN
2018-08-20T22:15:00Z,GYK,Greys_Creek,38.44901667,-75.13245,0.3,NaN,0.399,28.54,20.14,NaN
2018-08-20T22:30:00Z,GYK,Greys_Creek,38.44901667,-75.13245,0.3,NaN,0.414,28.53,20.07,NaN
2018-08-20T22:45:00Z,GYK,Greys_Creek,38.44901667,-75.13245,0.3,NaN,0.426,28.47,20.36,NaN
2018-08-20T23:00:00Z,GYK,Greys_Creek,38.44901667,-75.13245,0.3,NaN,0.429,28.43,20.46,NaN
2018-08-20T23:15:00Z,GYK,Greys_Creek,38.44901667,-75.13245,0.3,NaN,0.437,28.43,20.33,NaN
2018-08-20T23:30:00Z,GYK,Greys_Creek,38.44901667,-75.13245,0.3,NaN,0.442,28.4,20.48,NaN
2018-08-20T23:45:00Z,GYK,Greys_Creek,38.44901667,-75.13245,0.3,NaN,0.446,28.43,20.57,NaN
2018-08-21T00:00:00Z,GYK,Greys_Creek,38.44901667,-75.13245,0.3,NaN,0.457,28.4,20.69,NaN
2018-08-21T00:15:00Z,GYK,Greys_Creek,38.44901667,-75.13245,0.3,NaN,0.453,28.39,20.73,NaN
2018-08-21T00:30:00Z,GYK,Greys_Creek,38.44901667,-75.13245,0.3,NaN,0.424,28.31,19.15,NaN
2018-08-21T00:45:00Z,GYK,Greys_Creek,38.44901667,-75.13245,0.3,NaN,0.404,28.4,19.38,NaN
2018-08-21T01:00:00Z,GYK,Greys_Creek,38.44901667,-75.13245,0.3,NaN,0.382,27.93,19.22,NaN
2018-08-21T01:15:00Z,GYK,Greys_Creek,38.44901667,-75.13245,0.3,NaN,0.368,28.52,19.17,NaN
2018-08-21T01:30:00Z,GYK,Greys_Creek,38.44901667,-75.13245,0.3,NaN,0.355,28.52,19.96,NaN
2018-08-21T01:45:00Z,GYK,Greys_Creek,38.44901667,-75.13245,0.3,NaN,0.349,28.5,19.61,NaN
2018-08-21T02:00:00Z,GYK,Greys_Creek,38.44901667,-75.13245,0.3,NaN,0.343,28.45,19.7,NaN
2018-08-21T02:15:00Z,GYK,Greys_Creek,38.44901667,-75.13245,0.3,NaN,0.328,28.31,19.18,NaN
2018-08-21T02:30:00Z,GYK,Greys_Creek,38.44901667,-75.13245,0.3,NaN,0.315,28.31,19.2,NaN
2018-08-21T02:45:00Z,GYK,Greys_Creek,38.44901667,-75.13245,0.3,NaN,0.306,28.34,19.37,NaN
2018-08-21T03:00:00Z,GYK,Greys_Creek,38.44901667,-75.13245,0.3,NaN,0.289,28.36,19.0,NaN
2018-08-21T03:15:00Z,GYK,Greys_Creek,38.44901667,-75.13245,0.3,NaN,0.278,28.51,19.43,NaN
2018-08-21T03:30:00Z,GYK,Greys_Creek,38.44901667,-75.13245,0.3,NaN,0.269,28.12,19.02,NaN
2018-08-21T03:45:00Z,GYK,Greys_Creek,38.44901667,-75.13245,0.3,NaN,0.255,28.3,18.92,NaN
2018-08-21T04:00:00Z,GYK,Greys_Creek,38.44901667,-75.13245,0.3,NaN,0.244,28.33,18.9,NaN
2018-08-21T04:15:00Z,GYK,Greys_Creek,38.44901667,-75.13245,0.3,NaN,0.233,28.42,19.09,NaN
2018-08-21T04:30:00Z,GYK,Greys_Creek,38.44901667,-75.13245,0.3,NaN,0.219,28.5,18.9,NaN
2018-08-21T04:45:00Z,GYK,Greys_Creek,38.44901667,-75.13245,0.3,NaN,0.215,28.44,19.04,NaN
2018-08-21T05:00:00Z,GYK,Greys_Creek,38.44901667,-75.13245,0.3,NaN,0.21,28.34,18.92,NaN
2018-08-21T05:15:00Z,GYK,Greys_Creek,38.44901667,-75.13245,0.3,NaN,0.201,28.37,18.92,NaN
2018-08-21T05:30:00Z,GYK,Greys_Creek,38.44901667,-75.13245,0.3,NaN,0.198,28.43,19.22,NaN
2018-08-21T05:45:00Z,GYK,Greys_Creek,38.44901667,-75.13245,0.3,NaN,0.193,28.5,19.51,NaN
2018-08-21T06:00:00Z,GYK,Greys_Creek,38.44901667,-75.13245,0.3,NaN,0.19,28.43,19.29,NaN
2018-08-21T06:15:00Z,GYK,Greys_Creek,38.44901667,-75.13245,0.3,NaN,0.185,28.25,18.95,NaN
2018-08-21T06:30:00Z,GYK,Greys_Creek,38.44901667,-75.13245,0.3,NaN,0.185,28.44,19.42,NaN
2018-08-21T06:45:00Z,GYK,Greys_Creek,38.44901667,-75.13245,0.3,NaN,0.199,28.3,19.98,NaN
2018-08-21T07:00:00Z,GYK,Greys_Creek,38.44901667,-75.13245,0.3,NaN,0.21,28.1,20.11,NaN
2018-08-21T07:15:00Z,GYK,Greys_Creek,38.44901667,-75.13245,0.3,NaN,0.231,28.1,19.88,NaN
2018-08-21T07:30:00Z,GYK,Greys_Creek,38.44901667,-75.13245,0.3,NaN,0.246,27.93,19.33,NaN
2018-08-21T07:45:00Z,GYK,Greys_Creek,38.44901667,-75.13245,0.3,NaN,0.259,27.46,19.33,NaN
2018-08-21T08:00:00Z,GYK,Greys_Creek,38.44901667,-75.13245,0.3,NaN,0.267,27.53,19.22,NaN
2018-08-21T08:15:00Z,GYK,Greys_Creek,38.44901667,-75.13245,0.3,NaN,0.281,27.16,19.14,NaN
2018-08-21T08:30:00Z,GYK,Greys_Creek,38.44901667,-75.13245,0.3,NaN,0.284,27.24,19.33,NaN
2018-08-21T08:45:00Z,GYK,Greys_Creek,38.44901667,-75.13245,0.3,NaN,0.295,27.28,19.4,NaN
2018-08-21T09:00:00Z,GYK,Greys_Creek,38.44901667,-75.13245,0.3,NaN,0.312,27.13,19.91,NaN
2018-08-21T09:15:00Z,GYK,Greys_Creek,38.44901667,-75.13245,0.3,NaN,0.325,27.17,20.22,NaN
2018-08-21T09:30:00Z,GYK,Greys_Creek,38.44901667,-75.13245,0.3,NaN,0.334,27.07,20.46,NaN
2018-08-21T09:45:00Z,GYK,Greys_Creek,38.44901667,-75.13245,0.3,NaN,0.337,26.93,20.41,NaN
2018-08-21T10:00:00Z,GYK,Greys_Creek,38.44901667,-75.13245,0.3,NaN,0.338,26.99,20.2,NaN
2018-08-21T10:15:00Z,GYK,Greys_Creek,38.44901667,-75.13245,0.3,NaN,0.345,26.93,20.46,NaN
2018-08-21T10:30:00Z,GYK,Greys_Creek,38.44901667,-75.13245,0.3,NaN,0.358,27.08,20.66,NaN
2018-08-21T10:45:00Z,GYK,Greys_Creek,38.44901667,-75.13245,0.3,NaN,0.363,26.96,20.64,NaN
2018-08-21T11:00:00Z,GYK,Greys_Creek,38.44901667,-75.13245,0.3,NaN,0.361,26.94,19.95,NaN
2018-08-21T11:15:00Z,GYK,Greys_Creek,38.44901667,-75.13245,0.3,NaN,0.364,26.9,19.78,NaN
2018-08-21T11:30:00Z,GYK,Greys_Creek,38.44901667,-75.13245,0.3,NaN,0.372,26.76,19.76,NaN
2018-08-21T11:45:00Z,GYK,Greys_Creek,38.44901667,-75.13245,0.3,NaN,0.365,27.07,19.28,NaN
2018-08-21T12:00:00Z,GYK,Greys_Creek,38.44901667,-75.13245,0.3,NaN,0.355,27.52,18.93,NaN
2018-08-21T12:15:00Z,GYK,Greys_Creek,38.44901667,-75.13245,0.3,NaN,0.345,27.67,19.07,NaN
2018-08-21T12:30:00Z,GYK,Greys_Creek,38.44901667,-75.13245,0.3,NaN,0.329,27.69,18.96,NaN
2018-08-21T12:45:00Z,GYK,Greys_Creek,38.44901667,-75.13245,0.3,NaN,0.311,27.44,18.48,NaN
2018-08-21T13:00:00Z,GYK,Greys_Creek,38.44901667,-75.13245,0.3,NaN,0.301,27.33,18.59,NaN
2018-08-21T13:15:00Z,GYK,Greys_Creek,38.44901667,-75.13245,0.3,NaN,0.285,27.48,18.86,NaN
2018-08-21T13:30:00Z,GYK,Greys_Creek,38.44901667,-75.13245,0.3,NaN,0.279,26.89,17.55,NaN
2018-08-21T13:45:00Z,GYK,Greys_Creek,38.44901667,-75.13245,0.3,NaN,0.27,27.46,17.68,NaN
2018-08-21T14:00:00Z,GYK,Greys_Creek,38.44901667,-75.13245,0.3,NaN,0.26,27.07,17.77,NaN
2018-08-21T14:15:00Z,GYK,Greys_Creek,38.44901667,-75.13245,0.3,NaN,0.251,26.76,16.22,NaN
2018-08-21T14:30:00Z,GYK,Greys_Creek,38.44901667,-75.13245,0.3,NaN,0.237,27.36,17.28,NaN
2018-08-21T14:45:00Z,GYK,Greys_Creek,38.44901667,-75.13245,0.3,NaN,0.228,27.14,16.5,NaN
2018-08-21T15:00:00Z,GYK,Greys_Creek,38.44901667,-75.13245,0.3,NaN,0.214,27.28,16.31,NaN
2018-08-21T15:15:00Z,GYK,Greys_Creek,38.44901667,-75.13245,0.3,NaN,0.204,26.94,15.32,NaN
2018-08-21T15:30:00Z,GYK,Greys_Creek,38.44901667,-75.13245,0.3,NaN,0.192,27.34,15.51,NaN
2018-08-21T15:45:00Z,GYK,Greys_Creek,38.44901667,-75.13245,0.3,NaN,0.178,27.79,15.2,NaN
2018-08-21T16:00:00Z,GYK,Greys_Creek,38.44901667,-75.13245,0.3,NaN,0.163,27.82,14.6,NaN
2018-08-21T16:15:00Z,GYK,Greys_Creek,38.44901667,-75.13245,0.3,NaN,0.152,27.9,14.79,NaN
2018-08-21T16:30:00Z,GYK,Greys_Creek,38.44901667,-75.13245,0.3,NaN,0.141,27.88,14.6,NaN
2018-08-21T16:45:00Z,GYK,Greys_Creek,38.44901667,-75.13245,0.3,NaN,0.141,27.98,15.03,NaN
2018-08-21T17:00:00Z,GYK,Greys_Creek,38.44901667,-75.13245,0.3,NaN,0.135,28.07,15.19,NaN
2018-08-21T17:15:00Z,GYK,Greys_Creek,38.44901667,-75.13245,0.3,NaN,0.125,27.94,15.06,NaN
2018-08-21T17:30:00Z,GYK,Greys_Creek,38.44901667,-75.13245,0.3,NaN,0.112,27.93,14.42,NaN
2018-08-21T17:45:00Z,GYK,Greys_Creek,38.44901667,-75.13245,0.3,NaN,0.117,28.11,15.32,NaN
2018-08-21T18:00:00Z,GYK,Greys_Creek,38.44901667,-75.13245,0.3,NaN,0.13,28.19,15.35,NaN
2018-08-21T18:15:00Z,GYK,Greys_Creek,38.44901667,-75.13245,0.3,NaN,0.125,28.16,16.0,NaN
2018-08-21T18:30:00Z,GYK,Greys_Creek,38.44901667,-75.13245,0.3,NaN,0.133,28.17,16.08,NaN
2018-08-21T18:45:00Z,GYK,Greys_Creek,38.44901667,-75.13245,0.3,NaN,0.154,28.16,16.69,NaN
2018-08-21T19:00:00Z,GYK,Greys_Creek,38.44901667,-75.13245,0.3,NaN,0.171,27.84,18.58,NaN
2018-08-21T19:15:00Z,GYK,Greys_Creek,38.44901667,-75.13245,0.3,NaN,0.181,27.78,18.73,NaN
2018-08-21T19:30:00Z,GYK,Greys_Creek,38.44901667,-75.13245,0.3,NaN,0.199,27.73,19.57,NaN
2018-08-21T19:45:00Z,GYK,Greys_Creek,38.44901667,-75.13245,0.3,NaN,0.221,27.62,20.18,NaN
2018-08-21T20:00:00Z,GYK,Greys_Creek,38.44901667,-75.13245,0.3,NaN,0.229,27.59,20.43,NaN
2018-08-21T20:15:00Z,GYK,Greys_Creek,38.44901667,-75.13245,0.3,NaN,0.235,27.57,19.46,NaN
2018-08-21T20:30:00Z,GYK,Greys_Creek,38.44901667,-75.13245,0.3,NaN,0.247,27.6,20.32,NaN
2018-08-21T20:45:00Z,GYK,Greys_Creek,38.44901667,-75.13245,0.3,NaN,0.265,27.55,20.56,NaN
2018-08-21T21:00:00Z,GYK,Greys_Creek,38.44901667,-75.13245,0.3,NaN,0.274,27.53,20.65,NaN
2018-08-21T21:15:00Z,GYK,Greys_Creek,38.44901667,-75.13245,0.3,NaN,0.282,27.53,20.63,NaN
2018-08-21T21:30:00Z,GYK,Greys_Creek,38.44901667,-75.13245,0.3,NaN,0.292,27.61,20.55,NaN
2018-08-21T21:45:00Z,GYK,Greys_Creek,38.44901667,-75.13245,0.3,NaN,0.304,27.6,20.35,NaN
2018-08-21T22:00:00Z,GYK,Greys_Creek,38.44901667,-75.13245,0.3,NaN,0.313,27.6,20.53,NaN
2018-08-21T22:15:00Z,GYK,Greys_Creek,38.44901667,-75.13245,0.3,NaN,0.339,27.59,20.49,NaN
2018-08-21T22:30:00Z,GYK,Greys_Creek,38.44901667,-75.13245,0.3,NaN,0.354,27.48,20.55,NaN
2018-08-21T22:45:00Z,GYK,Greys_Creek,38.44901667,-75.13245,0.3,NaN,0.355,27.58,20.49,NaN
2018-08-21T23:00:00Z,GYK,Greys_Creek,38.44901667,-75.13245,0.3,NaN,0.365,27.52,20.48,NaN
2018-08-21T23:15:00Z,GYK,Greys_Creek,38.44901667,-75.13245,0.3,NaN,0.374,27.48,20.56,NaN
2018-08-21T23:30:00Z,GYK,Greys_Creek,38.44901667,-75.13245,0.3,NaN,0.387,27.39,20.71,NaN
2018-08-21T23:45:00Z,GYK,Greys_Creek,38.44901667,-75.13245,0.3,NaN,0.391,27.34,20.79,NaN
2018-08-22T00:00:00Z,GYK,Greys_Creek,38.44901667,-75.13245,0.3,NaN,0.39,27.33,20.82,NaN
2018-08-22T00:15:00Z,GYK,Greys_Creek,38.44901667,-75.13245,0.3,NaN,0.4,27.38,20.77,NaN
2018-08-22T00:30:00Z,GYK,Greys_Creek,38.44901667,-75.13245,0.3,NaN,0.405,27.46,21.06,NaN
2018-08-22T00:45:00Z,GYK,Greys_Creek,38.44901667,-75.13245,0.3,NaN,0.412,27.31,21.03,NaN
2018-08-22T01:00:00Z,GYK,Greys_Creek,38.44901667,-75.13245,0.3,NaN,0.418,27.35,21.14,NaN
2018-08-22T01:15:00Z,GYK,Greys_Creek,38.44901667,-75.13245,0.3,NaN,0.398,28.08,19.2,NaN
2018-08-22T01:30:00Z,GYK,Greys_Creek,38.44901667,-75.13245,0.3,NaN,0.362,28.17,18.26,NaN
2018-08-22T01:45:00Z,GYK,Greys_Creek,38.44901667,-75.13245,0.3,NaN,0.341,28.09,18.7,NaN
2018-08-22T02:00:00Z,GYK,Greys_Creek,38.44901667,-75.13245,0.3,NaN,0.309,27.87,18.4,NaN
2018-08-22T02:15:00Z,GYK,Greys_Creek,38.44901667,-75.13245,0.3,NaN,0.316,27.51,20.18,NaN
2018-08-22T02:30:00Z,GYK,Greys_Creek,38.44901667,-75.13245,0.3,NaN,0.298,27.67,19.17,NaN
2018-08-22T02:45:00Z,GYK,Greys_Creek,38.44901667,-75.13245,0.3,NaN,0.273,27.71,18.17,NaN
2018-08-22T03:00:00Z,GYK,Greys_Creek,38.44901667,-75.13245,0.3,NaN,0.267,27.83,18.62,NaN
2018-08-22T03:15:00Z,GYK,Greys_Creek,38.44901667,-75.13245,0.3,NaN,0.262,27.84,19.2,NaN
2018-08-22T03:30:00Z,GYK,Greys_Creek,38.44901667,-75.13245,0.3,NaN,0.253,27.63,18.65,NaN
2018-08-22T03:45:00Z,GYK,Greys_Creek,38.44901667,-75.13245,0.3,NaN,0.238,27.58,18.1,NaN
2018-08-22T04:00:00Z,GYK,Greys_Creek,38.44901667,-75.13245,0.3,NaN,0.218,27.53,17.67,NaN
2018-08-22T04:15:00Z,GYK,Greys_Creek,38.44901667,-75.13245,0.3,NaN,0.196,27.5,17.86,NaN
2018-08-22T04:30:00Z,GYK,Greys_Creek,38.44901667,-75.13245,0.3,NaN,0.175,27.47,17.56,NaN
2018-08-22T04:45:00Z,GYK,Greys_Creek,38.44901667,-75.13245,0.3,NaN,0.157,27.74,17.89,NaN
2018-08-22T05:00:00Z,GYK,Greys_Creek,38.44901667,-75.13245,0.3,NaN,0.151,27.75,18.29,NaN
2018-08-22T05:15:00Z,GYK,Greys_Creek,38.44901667,-75.13245,0.3,NaN,0.136,27.55,17.61,NaN
2018-08-22T05:30:00Z,GYK,Greys_Creek,38.44901667,-75.13245,0.3,NaN,0.133,27.7,18.21,NaN
2018-08-22T05:45:00Z,GYK,Greys_Creek,38.44901667,-75.13245,0.3,NaN,0.135,27.4,19.13,NaN
2018-08-22T06:00:00Z,GYK,Greys_Creek,38.44901667,-75.13245,0.3,NaN,0.12,27.47,17.45,NaN
2018-08-22T06:15:00Z,GYK,Greys_Creek,38.44901667,-75.13245,0.3,NaN,0.108,27.37,17.41,NaN
2018-08-22T06:30:00Z,GYK,Greys_Creek,38.44901667,-75.13245,0.3,NaN,0.092,27.59,17.07,NaN
2018-08-22T06:45:00Z,GYK,Greys_Creek,38.44901667,-75.13245,0.3,NaN,0.091,27.53,17.63,NaN
2018-08-22T07:00:00Z,GYK,Greys_Creek,38.44901667,-75.13245,0.3,NaN,0.082,27.31,17.64,NaN
2018-08-22T07:15:00Z,GYK,Greys_Creek,38.44901667,-75.13245,0.3,NaN,0.07,27.31,16.64,NaN
2018-08-22T07:30:00Z,GYK,Greys_Creek,38.44901667,-75.13245,0.3,NaN,0.084,27.12,19.1,NaN
2018-08-22T07:45:00Z,GYK,Greys_Creek,38.44901667,-75.13245,0.3,NaN,0.086,27.02,20.32,NaN
2018-08-22T08:00:00Z,GYK,Greys_Creek,38.44901667,-75.13245,0.3,NaN,0.087,26.94,20.18,NaN
2018-08-22T08:15:00Z,GYK,Greys_Creek,38.44901667,-75.13245,0.3,NaN,0.094,26.82,20.35,NaN
2018-08-22T08:30:00Z,GYK,Greys_Creek,38.44901667,-75.13245,0.3,NaN,0.109,26.82,20.45,NaN
2018-08-22T08:45:00Z,GYK,Greys_Creek,38.44901667,-75.13245,0.3,NaN,0.133,26.82,20.61,NaN
2018-08-22T09:00:00Z,GYK,Greys_Creek,38.44901667,-75.13245,0.3,NaN,0.149,26.76,20.75,NaN
2018-08-22T09:15:00Z,GYK,Greys_Creek,38.44901667,-75.13245,0.3,NaN,0.152,26.75,20.42,NaN
2018-08-22T09:30:00Z,GYK,Greys_Creek,38.44901667,-75.13245,0.3,NaN,0.168,26.83,20.71,NaN
2018-08-22T09:45:00Z,GYK,Greys_Creek,38.44901667,-75.13245,0.3,NaN,0.184,26.89,21.07,NaN
2018-08-22T10:00:00Z,GYK,Greys_Creek,38.44901667,-75.13245,0.3,NaN,0.187,26.86,21.13,NaN
2018-08-22T10:15:00Z,GYK,Greys_Creek,38.44901667,-75.13245,0.3,NaN,0.192,26.89,21.04,NaN
2018-08-22T10:30:00Z,GYK,Greys_Creek,38.44901667,-75.13245,0.3,NaN,0.201,26.95,21.35,NaN
2018-08-22T10:45:00Z,GYK,Greys_Creek,38.44901667,-75.13245,0.3,NaN,0.215,26.92,21.6,NaN
2018-08-22T11:00:00Z,GYK,Greys_Creek,38.44901667,-75.13245,0.3,NaN,0.214,26.87,21.53,NaN
2018-08-22T11:15:00Z,GYK,Greys_Creek,38.44901667,-75.13245,0.3,NaN,0.216,26.91,21.59,NaN
2018-08-22T11:30:00Z,GYK,Greys_Creek,38.44901667,-75.13245,0.3,NaN,0.22,26.89,21.62,NaN
2018-08-22T11:45:00Z,GYK,Greys_Creek,38.44901667,-75.13245,0.3,NaN,0.214,26.97,21.01,NaN
2018-08-22T12:00:00Z,GYK,Greys_Creek,38.44901667,-75.13245,0.3,NaN,0.2,27.32,19.12,NaN
2018-08-22T12:15:00Z,GYK,Greys_Creek,38.44901667,-75.13245,0.3,NaN,0.203,26.91,20.96,NaN
2018-08-22T12:30:00Z,GYK,Greys_Creek,38.44901667,-75.13245,0.3,NaN,0.199,26.93,21.68,NaN
2018-08-22T12:45:00Z,GYK,Greys_Creek,38.44901667,-75.13245,0.3,NaN,0.172,27.52,18.98,NaN
2018-08-22T13:00:00Z,GYK,Greys_Creek,38.44901667,-75.13245,0.3,NaN,0.152,27.51,19.4,NaN
2018-08-22T13:15:00Z,GYK,Greys_Creek,38.44901667,-75.13245,0.3,NaN,0.15,27.58,19.78,NaN
2018-08-22T13:30:00Z,GYK,Greys_Creek,38.44901667,-75.13245,0.3,NaN,0.143,27.42,20.33,NaN
2018-08-22T13:45:00Z,GYK,Greys_Creek,38.44901667,-75.13245,0.3,NaN,0.128,27.48,18.97,NaN
2018-08-22T14:00:00Z,GYK,Greys_Creek,38.44901667,-75.13245,0.3,NaN,0.12,27.72,18.94,NaN
2018-08-22T14:15:00Z,GYK,Greys_Creek,38.44901667,-75.13245,0.3,NaN,0.105,27.65,18.66,NaN
2018-08-22T14:30:00Z,GYK,Greys_Creek,38.44901667,-75.13245,0.3,NaN,0.098,27.93,18.94,NaN
2018-08-22T14:45:00Z,GYK,Greys_Creek,38.44901667,-75.13245,0.3,NaN,0.082,27.93,18.21,NaN
2018-08-22T15:00:00Z,GYK,Greys_Creek,38.44901667,-75.13245,0.3,NaN,0.058,28.13,16.41,NaN
2018-08-22T15:15:00Z,GYK,Greys_Creek,38.44901667,-75.13245,0.3,NaN,0.05,27.69,15.1,NaN
2018-08-22T15:30:00Z,GYK,Greys_Creek,38.44901667,-75.13245,0.3,NaN,0.038,27.7,16.17,NaN
2018-08-22T15:45:00Z,GYK,Greys_Creek,38.44901667,-75.13245,0.3,NaN,0.027,28.05,15.88,NaN
2018-08-22T16:00:00Z,GYK,Greys_Creek,38.44901667,-75.13245,0.3,NaN,0.012,27.59,11.84,NaN
2018-08-22T16:15:00Z,GYK,Greys_Creek,38.44901667,-75.13245,0.3,NaN,NaN,28.25,10.24,NaN
2018-08-22T16:30:00Z,GYK,Greys_Creek,38.44901667,-75.13245,0.3,NaN,NaN,27.27,8.9,NaN
2018-08-22T16:45:00Z,GYK,Greys_Creek,38.44901667,-75.13245,0.3,NaN,NaN,27.68,10.3,NaN
2018-08-22T17:00:00Z,GYK,Greys_Creek,38.44901667,-75.13245,0.3,NaN,NaN,28.16,9.07,NaN
2018-08-22T17:15:00Z,GYK,Greys_Creek,38.44901667,-75.13245,0.3,6.89,NaN,28.26,10.27,93.7
2018-08-22T17:30:00Z,GYK,Greys_Creek,38.44901667,-75.13245,0.3,6.97,NaN,28.08,9.13,93.8
2018-08-22T17:45:00Z,GYK,Greys_Creek,38.44901667,-75.13245,0.3,11.74,NaN,29.12,11.81,163.3
2018-08-22T18:00:00Z,GYK,Greys_Creek,38.44901667,-75.13245,0.3,12.29,NaN,29.65,16.69,177.2
2018-08-22T18:15:00Z,GYK,Greys_Creek,38.44901667,-75.13245,0.3,8.01,NaN,27.66,7.3,105.9
2018-08-22T18:30:00Z,GYK,Greys_Creek,38.44901667,-75.13245,0.3,10.64,NaN,29.06,11.37,147.5
2018-08-22T18:45:00Z,GYK,Greys_Creek,38.44901667,-75.13245,0.3,11.63,NaN,28.61,9.3,158.2
2018-08-22T19:00:00Z,GYK,Greys_Creek,38.44901667,-75.13245,0.3,9.75,NaN,28.6,8.35,131.8
2018-08-22T19:15:00Z,GYK,Greys_Creek,38.44901667,-75.13245,0.3,13.01,NaN,28.82,11.03,179.3
2018-08-22T19:30:00Z,GYK,Greys_Creek,38.44901667,-75.13245,0.3,12.71,NaN,28.71,21.3,185.0
2018-08-22T19:45:00Z,GYK,Greys_Creek,38.44901667,-75.13245,0.3,5.77,NaN,27.91,22.58,83.5
2018-08-22T20:00:00Z,GYK,Greys_Creek,38.44901667,-75.13245,0.3,7.25,0.022,28.15,21.96,104.9
2018-08-22T20:15:00Z,GYK,Greys_Creek,38.44901667,-75.13245,0.3,6.71,0.074,28.13,21.95,97.1
2018-08-22T20:30:00Z,GYK,Greys_Creek,38.44901667,-75.13245,0.3,8.1,0.086,28.26,21.89,117.4
2018-08-22T20:45:00Z,GYK,Greys_Creek,38.44901667,-75.13245,0.3,11.04,0.078,29.4,17.2,158.9
2018-08-22T21:00:00Z,GYK,Greys_Creek,38.44901667,-75.13245,0.3,12.0,0.074,29.67,17.65,174.0
2018-08-22T21:15:00Z,GYK,Greys_Creek,38.44901667,-75.13245,0.3,9.61,0.072,28.9,19.71,139.1
2018-08-22T21:30:00Z,GYK,Greys_Creek,38.44901667,-75.13245,0.3,6.78,0.131,28.23,22.07,98.2
2018-08-22T21:45:00Z,GYK,Greys_Creek,38.44901667,-75.13245,0.3,6.13,0.165,28.28,22.18,89.0
2018-08-22T22:00:00Z,GYK,Greys_Creek,38.44901667,-75.13245,0.3,6.76,0.178,28.32,21.87,98.0
2018-08-22T22:15:00Z,GYK,Greys_Creek,38.44901667,-75.13245,0.3,8.06,0.185,28.38,21.65,116.9
2018-08-22T22:30:00Z,GYK,Greys_Creek,38.44901667,-75.13245,0.3,7.73,0.206,28.37,21.62,112.0
2018-08-22T22:45:00Z,GYK,Greys_Creek,38.44901667,-75.13245,0.3,6.26,0.226,28.34,21.97,90.9
2018-08-22T23:00:00Z,GYK,Greys_Creek,38.44901667,-75.13245,0.3,6.73,0.236,28.35,21.72,97.6
2018-08-22T23:15:00Z,GYK,Greys_Creek,38.44901667,-75.13245,0.3,6.8,0.244,28.35,21.67,98.6
2018-08-22T23:30:00Z,GYK,Greys_Creek,38.44901667,-75.13245,0.3,6.46,0.263,28.34,21.83,93.8
2018-08-22T23:45:00Z,GYK,Greys_Creek,38.44901667,-75.13245,0.3,5.88,0.282,28.32,22.07,85.4
2018-08-23T00:00:00Z,GYK,Greys_Creek,38.44901667,-75.13245,0.3,5.9,0.288,28.31,22.01,85.6
2018-08-23T00:15:00Z,GYK,Greys_Creek,38.44901667,-75.13245,0.3,6.59,0.307,28.3,21.92,95.5
2018-08-23T00:30:00Z,GYK,Greys_Creek,38.44901667,-75.13245,0.3,5.9,0.313,28.29,22.01,85.7
2018-08-23T00:45:00Z,GYK,Greys_Creek,38.44901667,-75.13245,0.3,5.62,0.316,28.28,22.09,81.5
2018-08-23T01:00:00Z,GYK,Greys_Creek,38.44901667,-75.13245,0.3,5.55,0.311,28.28,21.98,80.5
2018-08-23T01:15:00Z,GYK,Greys_Creek,38.44901667,-75.13245,0.3,5.95,0.306,28.32,21.82,86.2
2018-08-23T01:30:00Z,GYK,Greys_Creek,38.44901667,-75.13245,0.3,6.15,0.311,28.34,21.53,89.1
2018-08-23T01:45:00Z,GYK,Greys_Creek,38.44901667,-75.13245,0.3,7.11,0.294,28.49,21.0,102.9
2018-08-23T02:00:00Z,GYK,Greys_Creek,38.44901667,-75.13245,0.3,7.86,0.273,28.56,20.32,113.6
2018-08-23T02:15:00Z,GYK,Greys_Creek,38.44901667,-75.13245,0.3,7.14,0.245,28.51,20.83,103.3
2018-08-23T02:30:00Z,GYK,Greys_Creek,38.44901667,-75.13245,0.3,6.83,0.238,28.44,20.62,98.6
2018-08-23T02:45:00Z,GYK,Greys_Creek,38.44901667,-75.13245,0.3,6.04,0.22,28.32,20.73,87.0
2018-08-23T03:00:00Z,GYK,Greys_Creek,38.44901667,-75.13245,0.3,6.3,0.211,28.26,19.95,90.3
2018-08-23T03:15:00Z,GYK,Greys_Creek,38.44901667,-75.13245,0.3,6.21,0.201,28.23,19.99,89.0
2018-08-23T03:30:00Z,GYK,Greys_Creek,38.44901667,-75.13245,0.3,5.99,0.189,28.17,19.65,85.6
2018-08-23T03:45:00Z,GYK,Greys_Creek,38.44901667,-75.13245,0.3,5.58,0.178,28.17,19.84,79.9
2018-08-23T04:00:00Z,GYK,Greys_Creek,38.44901667,-75.13245,0.3,5.98,0.162,27.79,17.79,84.1
2018-08-23T04:15:00Z,GYK,Greys_Creek,38.44901667,-75.13245,0.3,5.53,0.145,27.28,16.22,76.4
2018-08-23T04:30:00Z,GYK,Greys_Creek,38.44901667,-75.13245,0.3,5.47,0.127,28.13,19.71,78.2
2018-08-23T04:45:00Z,GYK,Greys_Creek,38.44901667,-75.13245,0.3,4.98,0.123,28.03,19.73,71.1
2018-08-23T05:00:00Z,GYK,Greys_Creek,38.44901667,-75.13245,0.3,4.81,0.108,27.49,17.38,67.1
2018-08-23T05:15:00Z,GYK,Greys_Creek,38.44901667,-75.13245,0.3,4.51,0.098,26.9,15.3,61.5
2018-08-23T05:30:00Z,GYK,Greys_Creek,38.44901667,-75.13245,0.3,4.22,0.078,26.84,15.64,57.7
2018-08-23T05:45:00Z,GYK,Greys_Creek,38.44901667,-75.13245,0.3,4.44,0.073,26.77,15.97,60.6
2018-08-23T06:00:00Z,GYK,Greys_Creek,38.44901667,-75.13245,0.3,4.2,0.061,26.69,15.56,57.2
2018-08-23T06:15:00Z,GYK,Greys_Creek,38.44901667,-75.13245,0.3,4.37,0.039,25.96,12.41,57.8
2018-08-23T06:30:00Z,GYK,Greys_Creek,38.44901667,-75.13245,0.3,4.23,0.036,26.06,12.82,56.1
2018-08-23T06:45:00Z,GYK,Greys_Creek,38.44901667,-75.13245,0.3,4.07,0.027,25.57,10.99,53.0
2018-08-23T07:00:00Z,GYK,Greys_Creek,38.44901667,-75.13245,0.3,3.86,0.019,26.12,10.21,50.5
2018-08-23T07:15:00Z,GYK,Greys_Creek,38.44901667,-75.13245,0.3,3.56,0.013,26.21,14.15,47.7
2018-08-23T07:30:00Z,GYK,Greys_Creek,38.44901667,-75.13245,0.3,4.16,0.011,25.31,10.78,53.9
2018-08-23T07:45:00Z,GYK,Greys_Creek,38.44901667,-75.13245,0.3,4.09,0.009,24.91,8.88,52.0
2018-08-23T08:00:00Z,GYK,Greys_Creek,38.44901667,-75.13245,0.3,3.61,0.002,26.0,14.93,48.3
2018-08-23T08:15:00Z,GYK,Greys_Creek,38.44901667,-75.13245,0.3,3.99,0.004,25.45,9.14,51.3
2018-08-23T08:30:00Z,GYK,Greys_Creek,38.44901667,-75.13245,0.3,3.88,0.002,24.81,11.52,49.9
2018-08-23T08:45:00Z,GYK,Greys_Creek,38.44901667,-75.13245,0.3,3.27,0.004,26.19,9.89,42.8
2018-08-23T09:00:00Z,GYK,Greys_Creek,38.44901667,-75.13245,0.3,2.65,0.023,27.24,21.36,37.6
2018-08-23T09:15:00Z,GYK,Greys_Creek,38.44901667,-75.13245,0.3,2.34,0.024,27.18,21.69,33.3
2018-08-23T09:30:00Z,GYK,Greys_Creek,38.44901667,-75.13245,0.3,2.21,0.06,26.72,21.77,31.2
2018-08-23T09:45:00Z,GYK,Greys_Creek,38.44901667,-75.13245,0.3,2.78,0.079,26.2,21.48,38.8
2018-08-23T10:00:00Z,GYK,Greys_Creek,38.44901667,-75.13245,0.3,2.44,0.094,26.36,21.6,34.2
2018-08-23T10:15:00Z,GYK,Greys_Creek,38.44901667,-75.13245,0.3,2.43,0.115,26.38,21.73,34.1
2018-08-23T10:30:00Z,GYK,Greys_Creek,38.44901667,-75.13245,0.3,2.53,0.132,26.29,21.72,35.4
2018-08-23T10:45:00Z,GYK,Greys_Creek,38.44901667,-75.13245,0.3,2.4,0.13,26.22,21.68,33.5
2018-08-23T11:00:00Z,GYK,Greys_Creek,38.44901667,-75.13245,0.3,2.37,0.151,26.19,21.66,33.1
2018-08-23T11:15:00Z,GYK,Greys_Creek,38.44901667,-75.13245,0.3,2.44,0.155,26.15,21.64,34.1
2018-08-23T11:30:00Z,GYK,Greys_Creek,38.44901667,-75.13245,0.3,2.5,0.167,26.08,21.72,34.8
2018-08-23T11:45:00Z,GYK,Greys_Creek,38.44901667,-75.13245,0.3,2.55,0.184,26.18,21.73,35.6
2018-08-23T12:00:00Z,GYK,Greys_Creek,38.44901667,-75.13245,0.3,2.54,0.189,26.08,21.71,35.4
2018-08-23T12:15:00Z,GYK,Greys_Creek,38.44901667,-75.13245,0.3,2.82,0.188,26.09,19.45,38.9
2018-08-23T12:30:00Z,GYK,Greys_Creek,38.44901667,-75.13245,0.3,3.14,0.184,25.82,16.5,42.3
2018-08-23T12:45:00Z,GYK,Greys_Creek,38.44901667,-75.13245,0.3,3.86,0.191,25.68,16.49,52.0
2018-08-23T13:00:00Z,GYK,Greys_Creek,38.44901667,-75.13245,0.3,4.47,0.183,25.96,16.9,60.6
2018-08-23T13:15:00Z,GYK,Greys_Creek,38.44901667,-75.13245,0.3,5.34,0.164,25.64,16.58,71.9
2018-08-23T13:30:00Z,GYK,Greys_Creek,38.44901667,-75.13245,0.3,5.02,0.146,25.57,15.32,66.9
2018-08-23T13:45:00Z,GYK,Greys_Creek,38.44901667,-75.13245,0.3,5.22,0.148,25.84,15.3,69.9
2018-08-23T14:00:00Z,GYK,Greys_Creek,38.44901667,-75.13245,0.3,6.79,0.135,26.36,16.27,92.3
2018-08-23T14:15:00Z,GYK,Greys_Creek,38.44901667,-75.13245,0.3,6.44,0.124,26.1,14.71,86.4
2018-08-23T14:30:00Z,GYK,Greys_Creek,38.44901667,-75.13245,0.3,4.55,0.128,26.01,14.51,60.9
2018-08-23T14:45:00Z,GYK,Greys_Creek,38.44901667,-75.13245,0.3,5.15,0.123,27.13,19.19,72.2
2018-08-23T15:00:00Z,GYK,Greys_Creek,38.44901667,-75.13245,0.3,8.59,0.105,26.41,15.27,116.2
2018-08-23T15:15:00Z,GYK,Greys_Creek,38.44901667,-75.13245,0.3,6.93,0.091,26.02,12.77,91.8
2018-08-23T15:30:00Z,GYK,Greys_Creek,38.44901667,-75.13245,0.3,7.32,0.077,26.27,13.2,97.6
2018-08-23T15:45:00Z,GYK,Greys_Creek,38.44901667,-75.13245,0.3,7.21,0.064,26.51,12.7,96.3
2018-08-23T16:00:00Z,GYK,Greys_Creek,38.44901667,-75.13245,0.3,7.04,0.059,26.84,13.18,94.8
2018-08-23T16:15:00Z,GYK,Greys_Creek,38.44901667,-75.13245,0.3,8.26,0.048,27.34,14.55,113.1
2018-08-23T16:30:00Z,GYK,Greys_Creek,38.44901667,-75.13245,0.3,6.93,NaN,26.57,11.13,91.9
2018-08-23T16:45:00Z,GYK,Greys_Creek,38.44901667,-75.13245,0.3,7.37,NaN,26.8,10.2,97.5
2018-08-23T17:00:00Z,GYK,Greys_Creek,38.44901667,-75.13245,0.3,8.27,NaN,27.37,12.71,112.1
2018-08-23T17:15:00Z,GYK,Greys_Creek,38.44901667,-75.13245,0.3,7.18,NaN,26.8,10.73,95.4
2018-08-23T17:30:00Z,GYK,Greys_Creek,38.44901667,-75.13245,0.3,8.23,NaN,27.16,11.24,110.3
2018-08-23T17:45:00Z,GYK,Greys_Creek,38.44901667,-75.13245,0.3,7.29,NaN,26.99,10.01,96.8
2018-08-23T18:00:00Z,GYK,Greys_Creek,38.44901667,-75.13245,0.3,7.44,NaN,26.97,9.83,98.6
2018-08-23T18:15:00Z,GYK,Greys_Creek,38.44901667,-75.13245,0.3,7.94,NaN,27.42,8.86,105.4
2018-08-23T18:30:00Z,GYK,Greys_Creek,38.44901667,-75.13245,0.3,8.23,NaN,27.11,8.95,108.8
2018-08-23T18:45:00Z,GYK,Greys_Creek,38.44901667,-75.13245,0.3,8.88,NaN,27.12,4.7,114.7
2018-08-23T19:00:00Z,GYK,Greys_Creek,38.44901667,-75.13245,0.3,9.76,NaN,27.31,8.75,129.4
2018-08-23T19:15:00Z,GYK,Greys_Creek,38.44901667,-75.13245,0.3,8.53,NaN,27.31,8.44,112.8
2018-08-23T19:30:00Z,GYK,Greys_Creek,38.44901667,-75.13245,0.3,11.59,NaN,28.45,12.69,160.1
2018-08-23T19:45:00Z,GYK,Greys_Creek,38.44901667,-75.13245,0.3,11.04,NaN,28.46,12.32,152.3
2018-08-23T20:00:00Z,GYK,Greys_Creek,38.44901667,-75.13245,0.3,12.1,NaN,28.7,14.14,169.3
2018-08-23T20:15:00Z,GYK,Greys_Creek,38.44901667,-75.13245,0.3,10.46,NaN,28.61,20.3,151.1
2018-08-23T20:30:00Z,GYK,Greys_Creek,38.44901667,-75.13245,0.3,11.47,NaN,28.63,21.47,166.9
2018-08-23T20:45:00Z,GYK,Greys_Creek,38.44901667,-75.13245,0.3,11.38,NaN,28.35,16.12,159.9
2018-08-23T21:00:00Z,GYK,Greys_Creek,38.44901667,-75.13245,0.3,13.38,NaN,28.67,16.33,189.3
2018-08-23T21:15:00Z,GYK,Greys_Creek,38.44901667,-75.13245,0.3,11.44,0.06,28.73,21.4,166.7
2018-08-23T21:30:00Z,GYK,Greys_Creek,38.44901667,-75.13245,0.3,11.3,0.069,28.45,17.41,160.2
2018-08-23T21:45:00Z,GYK,Greys_Creek,38.44901667,-75.13245,0.3,10.57,0.103,28.5,21.94,153.8
2018-08-23T22:00:00Z,GYK,Greys_Creek,38.44901667,-75.13245,0.3,10.57,0.126,28.27,22.05,153.4
2018-08-23T22:15:00Z,GYK,Greys_Creek,38.44901667,-75.13245,0.3,10.68,0.143,28.29,21.93,154.9
2018-08-23T22:30:00Z,GYK,Greys_Creek,38.44901667,-75.13245,0.3,10.22,0.158,28.18,22.05,148.1
2018-08-23T22:45:00Z,GYK,Greys_Creek,38.44901667,-75.13245,0.3,10.29,0.189,27.99,22.06,148.6
2018-08-23T23:00:00Z,GYK,Greys_Creek,38.44901667,-75.13245,0.3,9.69,0.219,27.83,21.98,139.5
2018-08-23T23:15:00Z,GYK,Greys_Creek,38.44901667,-75.13245,0.3,9.31,0.238,27.84,22.08,134.1
2018-08-23T23:30:00Z,GYK,Greys_Creek,38.44901667,-75.13245,0.3,8.88,0.261,27.84,22.14,127.9
2018-08-23T23:45:00Z,GYK,Greys_Creek,38.44901667,-75.13245,0.3,8.85,0.283,27.78,21.99,127.3
2018-08-24T00:00:00Z,GYK,Greys_Creek,38.44901667,-75.13245,0.3,8.86,0.301,27.71,22.13,127.4
2018-08-24T00:15:00Z,GYK,Greys_Creek,38.44901667,-75.13245,0.3,8.85,0.311,27.73,22.14,127.4
2018-08-24T00:30:00Z,GYK,Greys_Creek,38.44901667,-75.13245,0.3,8.6,0.328,27.68,22.13,123.5
2018-08-24T00:45:00Z,GYK,Greys_Creek,38.44901667,-75.13245,0.3,8.59,0.343,27.64,22.0,123.4
2018-08-24T01:00:00Z,GYK,Greys_Creek,38.44901667,-75.13245,0.3,8.73,0.352,27.4,22.05,124.8
2018-08-24T01:15:00Z,GYK,Greys_Creek,38.44901667,-75.13245,0.3,8.74,0.357,27.37,21.96,124.8
2018-08-24T01:30:00Z,GYK,Greys_Creek,38.44901667,-75.13245,0.3,8.64,0.366,27.27,21.86,123.2
2018-08-24T01:45:00Z,GYK,Greys_Creek,38.44901667,-75.13245,0.3,8.79,0.37,27.12,21.77,124.9
2018-08-24T02:00:00Z,GYK,Greys_Creek,38.44901667,-75.13245,0.3,8.48,0.37,27.29,21.6,120.7
2018-08-24T02:15:00Z,GYK,Greys_Creek,38.44901667,-75.13245,0.3,9.02,0.373,26.99,20.99,127.3
2018-08-24T02:30:00Z,GYK,Greys_Creek,38.44901667,-75.13245,0.3,8.68,0.366,27.25,20.87,122.9
2018-08-24T02:45:00Z,GYK,Greys_Creek,38.44901667,-75.13245,0.3,8.37,0.351,27.97,20.94,120.1
2018-08-24T03:00:00Z,GYK,Greys_Creek,38.44901667,-75.13245,0.3,8.52,0.33,27.84,20.85,121.9
2018-08-24T03:15:00Z,GYK,Greys_Creek,38.44901667,-75.13245,0.3,8.75,0.315,27.61,20.73,124.6
2018-08-24T03:30:00Z,GYK,Greys_Creek,38.44901667,-75.13245,0.3,8.9,0.298,27.28,20.51,125.9
2018-08-24T03:45:00Z,GYK,Greys_Creek,38.44901667,-75.13245,0.3,8.86,0.283,27.14,20.32,124.8
2018-08-24T04:00:00Z,GYK,Greys_Creek,38.44901667,-75.13245,0.3,8.13,0.27,27.4,20.51,115.2
2018-08-24T04:15:00Z,GYK,Greys_Creek,38.44901667,-75.13245,0.3,8.17,0.257,27.33,20.41,115.6
2018-08-24T04:30:00Z,GYK,Greys_Creek,38.44901667,-75.13245,0.3,8.03,0.241,27.47,20.5,114.0
2018-08-24T04:45:00Z,GYK,Greys_Creek,38.44901667,-75.13245,0.3,7.76,0.231,27.38,20.34,109.8
2018-08-24T05:00:00Z,GYK,Greys_Creek,38.44901667,-75.13245,0.3,7.37,0.219,27.39,20.21,104.2
2018-08-24T05:15:00Z,GYK,Greys_Creek,38.44901667,-75.13245,0.3,7.01,0.202,27.36,20.07,99.1
2018-08-24T05:30:00Z,GYK,Greys_Creek,38.44901667,-75.13245,0.3,6.82,0.188,27.09,19.57,95.7
2018-08-24T05:45:00Z,GYK,Greys_Creek,38.44901667,-75.13245,0.3,6.72,0.173,25.91,17.08,91.1
2018-08-24T06:00:00Z,GYK,Greys_Creek,38.44901667,-75.13245,0.3,6.15,0.161,26.66,17.95,84.9
2018-08-24T06:15:00Z,GYK,Greys_Creek,38.44901667,-75.13245,0.3,5.87,0.149,26.72,18.51,81.3
2018-08-24T06:30:00Z,GYK,Greys_Creek,38.44901667,-75.13245,0.3,5.86,0.138,25.76,16.78,79.1
2018-08-24T06:45:00Z,GYK,Greys_Creek,38.44901667,-75.13245,0.3,5.72,0.123,24.85,13.89,74.7
2018-08-24T07:00:00Z,GYK,Greys_Creek,38.44901667,-75.13245,0.3,5.6,0.113,25.23,11.89,72.9
2018-08-24T07:15:00Z,GYK,Greys_Creek,38.44901667,-75.13245,0.3,4.94,0.106,26.82,15.2,67.3
2018-08-24T07:30:00Z,GYK,Greys_Creek,38.44901667,-75.13245,0.3,4.82,0.102,26.33,16.22,65.5
2018-08-24T07:45:00Z,GYK,Greys_Creek,38.44901667,-75.13245,0.3,4.76,0.095,26.22,17.39,64.9
2018-08-24T08:00:00Z,GYK,Greys_Creek,38.44901667,-75.13245,0.3,5.1,0.094,24.1,11.68,64.9
2018-08-24T08:15:00Z,GYK,Greys_Creek,38.44901667,-75.13245,0.3,4.95,0.094,23.58,10.53,62.0
2018-08-24T08:30:00Z,GYK,Greys_Creek,38.44901667,-75.13245,0.3,4.99,0.093,24.14,8.28,62.3
2018-08-24T08:45:00Z,GYK,Greys_Creek,38.44901667,-75.13245,0.3,4.07,0.092,26.0,17.91,55.5
2018-08-24T09:00:00Z,GYK,Greys_Creek,38.44901667,-75.13245,0.3,4.09,0.092,26.38,21.05,57.2
2018-08-24T09:15:00Z,GYK,Greys_Creek,38.44901667,-75.13245,0.3,3.82,0.103,26.1,20.82,53.0
2018-08-24T09:30:00Z,GYK,Greys_Creek,38.44901667,-75.13245,0.3,3.86,0.118,25.7,21.33,53.3
2018-08-24T09:45:00Z,GYK,Greys_Creek,38.44901667,-75.13245,0.3,4.57,0.142,25.18,21.46,62.7
2018-08-24T10:00:00Z,GYK,Greys_Creek,38.44901667,-75.13245,0.3,4.48,0.156,25.05,21.47,61.3
2018-08-24T10:15:00Z,GYK,Greys_Creek,38.44901667,-75.13245,0.3,4.5,0.173,25.03,21.48,61.5
2018-08-24T10:30:00Z,GYK,Greys_Creek,38.44901667,-75.13245,0.3,4.27,0.188,24.95,21.43,58.3
2018-08-24T10:45:00Z,GYK,Greys_Creek,38.44901667,-75.13245,0.3,4.14,0.202,24.91,21.38,56.5
2018-08-24T11:00:00Z,GYK,Greys_Creek,38.44901667,-75.13245,0.3,4.12,0.214,24.87,21.38,56.1
2018-08-24T11:15:00Z,GYK,Greys_Creek,38.44901667,-75.13245,0.3,3.95,0.226,24.84,21.36,53.8
2018-08-24T11:30:00Z,GYK,Greys_Creek,38.44901667,-75.13245,0.3,3.97,0.242,24.75,21.3,54.0
2018-08-24T11:45:00Z,GYK,Greys_Creek,38.44901667,-75.13245,0.3,4.04,0.257,24.63,21.3,54.9
2018-08-24T12:00:00Z,GYK,Greys_Creek,38.44901667,-75.13245,0.3,3.96,0.266,24.58,21.24,53.7
2018-08-24T12:15:00Z,GYK,Greys_Creek,38.44901667,-75.13245,0.3,4.01,0.273,24.59,21.26,54.4
2018-08-24T12:30:00Z,GYK,Greys_Creek,38.44901667,-75.13245,0.3,3.9,0.284,24.66,21.27,53.0
2018-08-24T12:45:00Z,GYK,Greys_Creek,38.44901667,-75.13245,0.3,4.03,0.291,24.66,21.25,54.8
2018-08-24T13:00:00Z,GYK,Greys_Creek,38.44901667,-75.13245,0.3,4.31,0.295,24.74,21.31,58.6
2018-08-24T13:15:00Z,GYK,Greys_Creek,38.44901667,-75.13245,0.3,4.3,0.3,24.94,21.38,58.7
2018-08-24T13:30:00Z,GYK,Greys_Creek,38.44901667,-75.13245,0.3,4.53,0.299,25.03,21.52,61.9
2018-08-24T13:45:00Z,GYK,Greys_Creek,38.44901667,-75.13245,0.3,3.96,0.297,26.42,19.8,55.0
2018-08-24T14:00:00Z,GYK,Greys_Creek,38.44901667,-75.13245,0.3,5.14,0.285,26.82,19.94,71.9
2018-08-24T14:15:00Z,GYK,Greys_Creek,38.44901667,-75.13245,0.3,5.93,0.273,26.89,20.21,83.1
2018-08-24T14:30:00Z,GYK,Greys_Creek,38.44901667,-75.13245,0.3,6.23,0.265,27.02,20.17,87.5
2018-08-24T14:45:00Z,GYK,Greys_Creek,38.44901667,-75.13245,0.3,6.85,0.254,27.09,20.14,96.4
2018-08-24T15:00:00Z,GYK,Greys_Creek,38.44901667,-75.13245,0.3,8.3,0.233,26.89,20.09,116.4
2018-08-24T15:15:00Z,GYK,Greys_Creek,38.44901667,-75.13245,0.3,7.13,0.223,26.48,19.46,99.0
2018-08-24T15:30:00Z,GYK,Greys_Creek,38.44901667,-75.13245,0.3,6.58,0.218,26.47,19.38,91.2
2018-08-24T15:45:00Z,GYK,Greys_Creek,38.44901667,-75.13245,0.3,7.61,0.207,26.89,18.97,105.9
2018-08-24T16:00:00Z,GYK,Greys_Creek,38.44901667,-75.13245,0.3,9.41,0.19,27.98,17.98,132.8
2018-08-24T16:15:00Z,GYK,Greys_Creek,38.44901667,-75.13245,0.3,9.15,0.173,28.2,17.05,129.0
2018-08-24T16:30:00Z,GYK,Greys_Creek,38.44901667,-75.13245,0.3,10.18,0.168,28.17,18.71,144.7
2018-08-24T16:45:00Z,GYK,Greys_Creek,38.44901667,-75.13245,0.3,11.04,0.152,27.72,16.06,153.5
2018-08-24T17:00:00Z,GYK,Greys_Creek,38.44901667,-75.13245,0.3,10.63,0.14,28.21,13.23,146.6
2018-08-24T17:15:00Z,GYK,Greys_Creek,38.44901667,-75.13245,0.3,11.6,0.126,27.58,13.63,158.7
2018-08-24T17:30:00Z,GYK,Greys_Creek,38.44901667,-75.13245,0.3,11.26,0.124,28.2,10.62,153.1
2018-08-24T17:45:00Z,GYK,Greys_Creek,38.44901667,-75.13245,0.3,11.14,0.121,28.62,11.97,153.8
2018-08-24T18:00:00Z,GYK,Greys_Creek,38.44901667,-75.13245,0.3,11.1,0.118,29.06,11.7,154.0
2018-08-24T18:15:00Z,GYK,Greys_Creek,38.44901667,-75.13245,0.3,10.37,0.116,29.46,12.65,145.7
2018-08-24T18:30:00Z,GYK,Greys_Creek,38.44901667,-75.13245,0.3,11.03,0.112,29.67,13.15,156.0
2018-08-24T18:45:00Z,GYK,Greys_Creek,38.44901667,-75.13245,0.3,11.47,0.116,29.87,12.73,162.3
2018-08-24T19:00:00Z,GYK,Greys_Creek,38.44901667,-75.13245,0.3,11.63,0.104,29.98,13.37,165.5
2018-08-24T19:15:00Z,GYK,Greys_Creek,38.44901667,-75.13245,0.3,13.18,0.101,28.59,9.89,179.7
2018-08-24T19:30:00Z,GYK,Greys_Creek,38.44901667,-75.13245,0.3,13.25,0.099,29.19,11.36,184.0
2018-08-24T19:45:00Z,GYK,Greys_Creek,38.44901667,-75.13245,0.3,12.23,0.101,30.69,13.25,176.0
2018-08-24T20:00:00Z,GYK,Greys_Creek,38.44901667,-75.13245,0.3,12.16,0.1,30.38,13.59,174.4
2018-08-24T20:15:00Z,GYK,Greys_Creek,38.44901667,-75.13245,0.3,12.26,0.099,30.29,12.32,174.4
2018-08-24T20:30:00Z,GYK,Greys_Creek,38.44901667,-75.13245,0.3,12.25,0.096,30.6,14.21,177.0
2018-08-24T20:45:00Z,GYK,Greys_Creek,38.44901667,-75.13245,0.3,12.81,0.097,30.19,15.0,184.5
2018-08-24T21:00:00Z,GYK,Greys_Creek,38.44901667,-75.13245,0.3,12.69,0.097,30.76,18.2,187.8
2018-08-24T21:15:00Z,GYK,Greys_Creek,38.44901667,-75.13245,0.3,12.14,0.102,30.72,19.31,180.8
2018-08-24T21:30:00Z,GYK,Greys_Creek,38.44901667,-75.13245,0.3,12.44,0.104,30.65,17.06,182.7
2018-08-24T21:45:00Z,GYK,Greys_Creek,38.44901667,-75.13245,0.3,12.87,0.124,30.58,19.86,191.7
2018-08-24T22:00:00Z,GYK,Greys_Creek,38.44901667,-75.13245,0.3,12.76,0.135,30.47,20.02,190.0
2018-08-24T22:15:00Z,GYK,Greys_Creek,38.44901667,-75.13245,0.3,12.74,0.154,30.4,20.12,189.5
2018-08-24T22:30:00Z,GYK,Greys_Creek,38.44901667,-75.13245,0.3,12.75,0.172,30.07,20.15,188.7
2018-08-24T22:45:00Z,GYK,Greys_Creek,38.44901667,-75.13245,0.3,12.39,0.19,30.14,20.19,183.5
2018-08-24T23:00:00Z,GYK,Greys_Creek,38.44901667,-75.13245,0.3,12.57,0.216,30.01,20.02,185.6
2018-08-24T23:15:00Z,GYK,Greys_Creek,38.44901667,-75.13245,0.3,12.0,0.236,29.82,20.07,176.7
2018-08-24T23:30:00Z,GYK,Greys_Creek,38.44901667,-75.13245,0.3,11.42,0.252,29.61,20.13,167.6
2018-08-24T23:45:00Z,GYK,Greys_Creek,38.44901667,-75.13245,0.3,11.16,0.266,29.58,20.38,163.9
2018-08-25T00:00:00Z,GYK,Greys_Creek,38.44901667,-75.13245,0.3,10.99,0.293,29.37,20.68,161.2
2018-08-25T00:15:00Z,GYK,Greys_Creek,38.44901667,-75.13245,0.3,10.96,0.315,29.07,21.24,160.4
2018-08-25T00:30:00Z,GYK,Greys_Creek,38.44901667,-75.13245,0.3,10.88,0.331,28.93,21.35,159.0
2018-08-25T00:45:00Z,GYK,Greys_Creek,38.44901667,-75.13245,0.3,10.2,0.348,28.89,21.45,149.0
2018-08-25T01:00:00Z,GYK,Greys_Creek,38.44901667,-75.13245,0.3,9.7,0.361,28.83,21.51,141.7
2018-08-25T01:15:00Z,GYK,Greys_Creek,38.44901667,-75.13245,0.3,9.51,0.373,28.61,21.64,138.4
2018-08-25T01:30:00Z,GYK,Greys_Creek,38.44901667,-75.13245,0.3,9.5,0.385,28.56,21.61,138.1
2018-08-25T01:45:00Z,GYK,Greys_Creek,38.44901667,-75.13245,0.3,9.42,0.396,28.41,21.56,136.6
2018-08-25T02:00:00Z,GYK,Greys_Creek,38.44901667,-75.13245,0.3,9.32,0.403,28.39,21.52,135.1
2018-08-25T02:15:00Z,GYK,Greys_Creek,38.44901667,-75.13245,0.3,8.92,0.407,28.36,21.52,129.3
2018-08-25T02:30:00Z,GYK,Greys_Creek,38.44901667,-75.13245,0.3,8.88,0.407,28.27,21.4,128.4
2018-08-25T02:45:00Z,GYK,Greys_Creek,38.44901667,-75.13245,0.3,8.79,0.412,28.29,21.12,126.9
2018-08-25T03:00:00Z,GYK,Greys_Creek,38.44901667,-75.13245,0.3,8.45,0.404,28.57,20.26,122.0
2018-08-25T03:15:00Z,GYK,Greys_Creek,38.44901667,-75.13245,0.3,9.39,0.392,29.1,19.43,136.2
2018-08-25T03:30:00Z,GYK,Greys_Creek,38.44901667,-75.13245,0.3,9.5,0.379,29.04,19.42,137.5
2018-08-25T03:45:00Z,GYK,Greys_Creek,38.44901667,-75.13245,0.3,9.3,0.37,28.91,19.51,134.5
2018-08-25T04:00:00Z,GYK,Greys_Creek,38.44901667,-75.13245,0.3,9.62,0.344,28.91,19.26,138.9
2018-08-25T04:15:00Z,GYK,Greys_Creek,38.44901667,-75.13245,0.3,9.16,0.324,28.72,19.13,131.8
2018-08-25T04:30:00Z,GYK,Greys_Creek,38.44901667,-75.13245,0.3,8.22,0.314,28.68,19.19,118.1
2018-08-25T04:45:00Z,GYK,Greys_Creek,38.44901667,-75.13245,0.3,7.9,0.303,28.56,19.48,113.6
2018-08-25T05:00:00Z,GYK,Greys_Creek,38.44901667,-75.13245,0.3,7.18,0.297,28.42,19.56,102.9
2018-08-25T05:15:00Z,GYK,Greys_Creek,38.44901667,-75.13245,0.3,7.66,0.28,28.22,18.94,109.1
2018-08-25T05:30:00Z,GYK,Greys_Creek,38.44901667,-75.13245,0.3,8.13,0.263,27.92,18.14,114.7
2018-08-25T05:45:00Z,GYK,Greys_Creek,38.44901667,-75.13245,0.3,7.8,0.247,28.08,18.09,110.4
2018-08-25T06:00:00Z,GYK,Greys_Creek,38.44901667,-75.13245,0.3,7.67,0.228,27.24,17.46,106.6
2018-08-25T06:15:00Z,GYK,Greys_Creek,38.44901667,-75.13245,0.3,7.81,0.223,27.15,17.35,108.3
2018-08-25T06:30:00Z,GYK,Greys_Creek,38.44901667,-75.13245,0.3,7.27,0.209,26.34,15.34,98.3
2018-08-25T06:45:00Z,GYK,Greys_Creek,38.44901667,-75.13245,0.3,7.86,0.19,25.06,13.77,103.0
2018-08-25T07:00:00Z,GYK,Greys_Creek,38.44901667,-75.13245,0.3,6.97,0.174,25.57,12.94,91.7
2018-08-25T07:15:00Z,GYK,Greys_Creek,38.44901667,-75.13245,0.3,6.78,0.163,26.01,12.88,89.9
2018-08-25T07:30:00Z,GYK,Greys_Creek,38.44901667,-75.13245,0.3,6.21,0.155,26.95,13.83,84.1
2018-08-25T07:45:00Z,GYK,Greys_Creek,38.44901667,-75.13245,0.3,6.41,0.142,25.25,11.66,83.3
2018-08-25T08:00:00Z,GYK,Greys_Creek,38.44901667,-75.13245,0.3,7.08,0.134,24.14,9.89,89.2
2018-08-25T08:15:00Z,GYK,Greys_Creek,38.44901667,-75.13245,0.3,6.32,0.129,24.28,10.49,80.1
2018-08-25T08:30:00Z,GYK,Greys_Creek,38.44901667,-75.13245,0.3,5.73,0.125,27.29,12.95,77.7
2018-08-25T08:45:00Z,GYK,Greys_Creek,38.44901667,-75.13245,0.3,5.8,0.127,26.1,9.93,75.8
2018-08-25T09:00:00Z,GYK,Greys_Creek,38.44901667,-75.13245,0.3,5.45,0.122,26.72,10.1,72.0
2018-08-25T09:15:00Z,GYK,Greys_Creek,38.44901667,-75.13245,0.3,5.88,0.125,22.63,5.55,70.3
2018-08-25T09:30:00Z,GYK,Greys_Creek,38.44901667,-75.13245,0.3,4.27,0.128,25.75,15.82,57.3
2018-08-25T09:45:00Z,GYK,Greys_Creek,38.44901667,-75.13245,0.3,3.91,0.131,26.96,19.3,54.7
2018-08-25T10:00:00Z,GYK,Greys_Creek,38.44901667,-75.13245,0.3,3.16,0.149,26.97,21.28,44.7
2018-08-25T10:15:00Z,GYK,Greys_Creek,38.44901667,-75.13245,0.3,3.58,0.171,26.48,21.48,50.2
2018-08-25T10:30:00Z,GYK,Greys_Creek,38.44901667,-75.13245,0.3,3.42,0.188,26.29,21.42,47.8
2018-08-25T10:45:00Z,GYK,Greys_Creek,38.44901667,-75.13245,0.3,3.46,0.207,26.18,21.51,48.3
2018-08-25T11:00:00Z,GYK,Greys_Creek,38.44901667,-75.13245,0.3,3.39,0.223,26.19,21.6,47.4
2018-08-25T11:15:00Z,GYK,Greys_Creek,38.44901667,-75.13245,0.3,3.34,0.231,26.12,21.65,46.6
2018-08-25T11:30:00Z,GYK,Greys_Creek,38.44901667,-75.13245,0.3,3.24,0.235,26.2,21.62,45.3
2018-08-25T11:45:00Z,GYK,Greys_Creek,38.44901667,-75.13245,0.3,3.28,0.248,26.12,21.68,45.8
2018-08-25T12:00:00Z,GYK,Greys_Creek,38.44901667,-75.13245,0.3,3.25,0.262,26.16,21.7,45.4
2018-08-25T12:15:00Z,GYK,Greys_Creek,38.44901667,-75.13245,0.3,3.29,0.278,26.21,21.73,46.0
2018-08-25T12:30:00Z,GYK,Greys_Creek,38.44901667,-75.13245,0.3,3.43,0.286,26.17,21.77,47.9
2018-08-25T12:45:00Z,GYK,Greys_Creek,38.44901667,-75.13245,0.3,3.45,0.298,26.16,21.75,48.2
2018-08-25T13:00:00Z,GYK,Greys_Creek,38.44901667,-75.13245,0.3,3.87,0.309,26.17,21.82,54.1
2018-08-25T13:15:00Z,GYK,Greys_Creek,38.44901667,-75.13245,0.3,3.9,0.313,26.29,21.87,54.7
2018-08-25T13:30:00Z,GYK,Greys_Creek,38.44901667,-75.13245,0.3,3.84,0.319,26.37,21.94,53.9
2018-08-25T13:45:00Z,GYK,Greys_Creek,38.44901667,-75.13245,0.3,4.03,0.325,26.48,22.07,56.7
2018-08-25T14:00:00Z,GYK,Greys_Creek,38.44901667,-75.13245,0.3,4.56,0.324,26.56,22.09,64.2
2018-08-25T14:15:00Z,GYK,Greys_Creek,38.44901667,-75.13245,0.3,5.3,0.319,28.34,19.88,76.0
2018-08-25T14:30:00Z,GYK,Greys_Creek,38.44901667,-75.13245,0.3,5.93,0.315,28.02,20.2,84.8
2018-08-25T14:45:00Z,GYK,Greys_Creek,38.44901667,-75.13245,0.3,7.02,0.306,28.37,19.99,100.9
2018-08-25T15:00:00Z,GYK,Greys_Creek,38.44901667,-75.13245,0.3,7.48,0.291,28.44,20.01,107.7
2018-08-25T15:15:00Z,GYK,Greys_Creek,38.44901667,-75.13245,0.3,9.71,0.27,28.61,19.75,139.9
2018-08-25T15:30:00Z,GYK,Greys_Creek,38.44901667,-75.13245,0.3,8.35,0.25,28.13,19.84,119.4
2018-08-25T15:45:00Z,GYK,Greys_Creek,38.44901667,-75.13245,0.3,7.19,0.233,28.02,19.78,102.6
2018-08-25T16:00:00Z,GYK,Greys_Creek,38.44901667,-75.13245,0.3,6.84,0.223,27.81,19.19,96.9
2018-08-25T16:15:00Z,GYK,Greys_Creek,38.44901667,-75.13245,0.3,6.99,0.212,28.05,18.74,99.1
2018-08-25T16:30:00Z,GYK,Greys_Creek,38.44901667,-75.13245,0.3,8.97,0.199,28.11,16.67,125.9
2018-08-25T16:45:00Z,GYK,Greys_Creek,38.44901667,-75.13245,0.3,8.85,0.184,29.15,17.25,126.9
2018-08-25T17:00:00Z,GYK,Greys_Creek,38.44901667,-75.13245,0.3,10.86,0.163,29.39,18.29,157.3
2018-08-25T17:15:00Z,GYK,Greys_Creek,38.44901667,-75.13245,0.3,11.09,0.148,28.23,14.54,154.2
2018-08-25T17:30:00Z,GYK,Greys_Creek,38.44901667,-75.13245,0.3,11.73,0.134,28.81,14.82,165.0
2018-08-25T17:45:00Z,GYK,Greys_Creek,38.44901667,-75.13245,0.3,12.79,0.122,27.94,8.08,170.7
2018-08-25T18:00:00Z,GYK,Greys_Creek,38.44901667,-75.13245,0.3,13.06,0.116,28.08,8.18,174.9
2018-08-25T18:15:00Z,GYK,Greys_Creek,38.44901667,-75.13245,0.3,12.2,0.116,28.43,6.3,162.6
2018-08-25T18:30:00Z,GYK,Greys_Creek,38.44901667,-75.13245,0.3,11.86,0.116,28.45,7.28,159.0
2018-08-25T18:45:00Z,GYK,Greys_Creek,38.44901667,-75.13245,0.3,10.75,0.113,29.63,8.85,148.4
2018-08-25T19:00:00Z,GYK,Greys_Creek,38.44901667,-75.13245,0.3,12.37,0.11,29.4,7.86,169.1
2018-08-25T19:15:00Z,GYK,Greys_Creek,38.44901667,-75.13245,0.3,9.37,0.108,27.95,6.1,123.7
2018-08-25T19:30:00Z,GYK,Greys_Creek,38.44901667,-75.13245,0.3,9.27,0.106,26.63,3.91,118.1
2018-08-25T19:45:00Z,GYK,Greys_Creek,38.44901667,-75.13245,0.3,10.05,0.105,26.81,3.6,128.2
2018-08-25T20:00:00Z,GYK,Greys_Creek,38.44901667,-75.13245,0.3,9.28,0.103,26.95,3.79,118.8
2018-08-25T20:15:00Z,GYK,Greys_Creek,38.44901667,-75.13245,0.3,9.85,0.102,26.95,3.89,126.2
2018-08-25T20:30:00Z,GYK,Greys_Creek,38.44901667,-75.13245,0.3,10.55,0.107,26.98,4.19,135.5
2018-08-25T20:45:00Z,GYK,Greys_Creek,38.44901667,-75.13245,0.3,9.91,0.111,28.3,5.33,131.1
2018-08-25T21:00:00Z,GYK,Greys_Creek,38.44901667,-75.13245,0.3,9.94,0.107,29.3,6.94,135.0
2018-08-25T21:15:00Z,GYK,Greys_Creek,38.44901667,-75.13245,0.3,10.73,0.105,29.64,8.17,147.6
2018-08-25T21:30:00Z,GYK,Greys_Creek,38.44901667,-75.13245,0.3,11.57,0.106,29.82,11.88,162.9
2018-08-25T21:45:00Z,GYK,Greys_Creek,38.44901667,-75.13245,0.3,11.71,0.105,30.44,16.37,170.7
2018-08-25T22:00:00Z,GYK,Greys_Creek,38.44901667,-75.13245,0.3,10.94,0.105,30.52,17.34,160.5
2018-08-25T22:15:00Z,GYK,Greys_Creek,38.44901667,-75.13245,0.3,11.8,0.102,30.36,17.06,172.4
2018-08-25T22:30:00Z,GYK,Greys_Creek,38.44901667,-75.13245,0.3,12.17,0.106,30.15,16.87,177.1
2018-08-25T22:45:00Z,GYK,Greys_Creek,38.44901667,-75.13245,0.3,12.53,0.121,30.35,17.77,183.8
2018-08-25T23:00:00Z,GYK,Greys_Creek,38.44901667,-75.13245,0.3,11.45,0.138,30.17,18.25,167.9
2018-08-25T23:15:00Z,GYK,Greys_Creek,38.44901667,-75.13245,0.3,11.33,0.155,29.99,18.4,165.7
2018-08-25T23:30:00Z,GYK,Greys_Creek,38.44901667,-75.13245,0.3,11.54,0.171,29.66,18.44,168.0
2018-08-25T23:45:00Z,GYK,Greys_Creek,38.44901667,-75.13245,0.3,10.97,0.189,29.79,18.63,160.2
2018-08-26T00:00:00Z,GYK,Greys_Creek,38.44901667,-75.13245,0.3,11.14,0.217,29.6,19.38,162.9
2018-08-26T00:15:00Z,GYK,Greys_Creek,38.44901667,-75.13245,0.3,10.66,0.241,29.54,19.68,155.8
2018-08-26T00:30:00Z,GYK,Greys_Creek,38.44901667,-75.13245,0.3,9.83,0.255,29.62,19.68,144.0
2018-08-26T00:45:00Z,GYK,Greys_Creek,38.44901667,-75.13245,0.3,9.87,0.269,29.47,20.2,144.7
2018-08-26T01:00:00Z,GYK,Greys_Creek,38.44901667,-75.13245,0.3,9.88,0.292,29.35,20.9,145.0
2018-08-26T01:15:00Z,GYK,Greys_Creek,38.44901667,-75.13245,0.3,9.79,0.311,29.18,20.92,143.3
2018-08-26T01:30:00Z,GYK,Greys_Creek,38.44901667,-75.13245,0.3,9.5,0.327,29.05,20.91,138.8
2018-08-26T01:45:00Z,GYK,Greys_Creek,38.44901667,-75.13245,0.3,9.24,0.336,29.04,20.71,134.8
2018-08-26T02:00:00Z,GYK,Greys_Creek,38.44901667,-75.13245,0.3,9.2,0.347,29.01,20.72,134.1
2018-08-26T02:15:00Z,GYK,Greys_Creek,38.44901667,-75.13245,0.3,8.92,0.358,28.77,21.04,129.8
2018-08-26T02:30:00Z,GYK,Greys_Creek,38.44901667,-75.13245,0.3,8.52,0.368,28.64,20.99,123.6
2018-08-26T02:45:00Z,GYK,Greys_Creek,38.44901667,-75.13245,0.3,8.75,0.371,28.56,20.9,126.7
2018-08-26T03:00:00Z,GYK,Greys_Creek,38.44901667,-75.13245,0.3,8.35,0.376,28.51,20.66,120.8
2018-08-26T03:15:00Z,GYK,Greys_Creek,38.44901667,-75.13245,0.3,8.27,0.376,28.49,20.59,119.5
2018-08-26T03:30:00Z,GYK,Greys_Creek,38.44901667,-75.13245,0.3,7.45,0.369,28.59,20.3,107.6
2018-08-26T03:45:00Z,GYK,Greys_Creek,38.44901667,-75.13245,0.3,7.09,0.367,28.93,18.82,102.1
2018-08-26T04:00:00Z,GYK,Greys_Creek,38.44901667,-75.13245,0.3,6.69,0.358,28.87,18.55,96.2
2018-08-26T04:15:00Z,GYK,Greys_Creek,38.44901667,-75.13245,0.3,8.83,0.337,28.94,18.3,126.9
2018-08-26T04:30:00Z,GYK,Greys_Creek,38.44901667,-75.13245,0.3,8.4,0.311,28.17,17.45,118.6
2018-08-26T04:45:00Z,GYK,Greys_Creek,38.44901667,-75.13245,0.3,8.67,0.294,28.72,18.1,124.0
2018-08-26T05:00:00Z,GYK,Greys_Creek,38.44901667,-75.13245,0.3,7.59,0.276,28.46,17.17,107.5
2018-08-26T05:15:00Z,GYK,Greys_Creek,38.44901667,-75.13245,0.3,6.93,0.264,28.55,18.46,99.0
2018-08-26T05:30:00Z,GYK,Greys_Creek,38.44901667,-75.13245,0.3,7.45,0.25,28.0,16.6,104.4
2018-08-26T05:45:00Z,GYK,Greys_Creek,38.44901667,-75.13245,0.3,7.8,0.236,28.01,16.69,109.3
2018-08-26T06:00:00Z,GYK,Greys_Creek,38.44901667,-75.13245,0.3,7.32,0.221,27.81,16.84,102.4
2018-08-26T06:15:00Z,GYK,Greys_Creek,38.44901667,-75.13245,0.3,7.63,0.204,27.69,16.72,106.4
2018-08-26T06:30:00Z,GYK,Greys_Creek,38.44901667,-75.13245,0.3,7.51,0.187,27.19,16.07,103.5
2018-08-26T06:45:00Z,GYK,Greys_Creek,38.44901667,-75.13245,0.3,7.12,0.174,26.67,15.0,96.6
2018-08-26T07:00:00Z,GYK,Greys_Creek,38.44901667,-75.13245,0.3,6.86,0.158,26.51,14.11,92.3
2018-08-26T07:15:00Z,GYK,Greys_Creek,38.44901667,-75.13245,0.3,6.62,0.144,26.18,13.68,88.4
2018-08-26T07:30:00Z,GYK,Greys_Creek,38.44901667,-75.13245,0.3,6.31,0.132,25.44,11.58,82.2
2018-08-26T07:45:00Z,GYK,Greys_Creek,38.44901667,-75.13245,0.3,6.01,0.119,24.81,10.31,76.9
2018-08-26T08:00:00Z,GYK,Greys_Creek,38.44901667,-75.13245,0.3,5.73,0.108,24.88,10.12,73.3
2018-08-26T08:15:00Z,GYK,Greys_Creek,38.44901667,-75.13245,0.3,5.79,0.108,24.67,9.6,73.6
2018-08-26T08:30:00Z,GYK,Greys_Creek,38.44901667,-75.13245,0.3,5.63,0.108,24.37,9.03,70.9
2018-08-26T08:45:00Z,GYK,Greys_Creek,38.44901667,-75.13245,0.3,5.51,0.109,24.23,8.3,68.9
2018-08-26T09:00:00Z,GYK,Greys_Creek,38.44901667,-75.13245,0.3,5.51,0.109,24.2,8.17,68.9
2018-08-26T09:15:00Z,GYK,Greys_Creek,38.44901667,-75.13245,0.3,5.61,0.111,24.61,7.38,70.3
2018-08-26T09:30:00Z,GYK,Greys_Creek,38.44901667,-75.13245,0.3,5.29,0.109,24.09,7.59,65.7
2018-08-26T09:45:00Z,GYK,Greys_Creek,38.44901667,-75.13245,0.3,5.24,0.11,24.78,6.42,65.4
2018-08-26T10:00:00Z,GYK,Greys_Creek,38.44901667,-75.13245,0.3,4.7,0.111,25.95,7.25,60.3
2018-08-26T10:15:00Z,GYK,Greys_Creek,38.44901667,-75.13245,0.3,3.6,0.11,27.41,20.51,51.0
2018-08-26T10:30:00Z,GYK,Greys_Creek,38.44901667,-75.13245,0.3,3.02,0.114,26.88,21.29,42.6
2018-08-26T10:45:00Z,GYK,Greys_Creek,38.44901667,-75.13245,0.3,3.05,0.123,26.77,21.45,43.1
2018-08-26T11:00:00Z,GYK,Greys_Creek,38.44901667,-75.13245,0.3,3.44,0.142,26.7,21.49,48.5
2018-08-26T11:15:00Z,GYK,Greys_Creek,38.44901667,-75.13245,0.3,3.4,0.161,26.66,21.57,47.8
2018-08-26T11:30:00Z,GYK,Greys_Creek,38.44901667,-75.13245,0.3,3.12,0.178,26.55,21.61,43.9
2018-08-26T11:45:00Z,GYK,Greys_Creek,38.44901667,-75.13245,0.3,3.18,0.191,26.53,21.63,44.6
2018-08-26T12:00:00Z,GYK,Greys_Creek,38.44901667,-75.13245,0.3,3.26,0.203,26.5,21.58,45.8
2018-08-26T12:15:00Z,GYK,Greys_Creek,38.44901667,-75.13245,0.3,3.34,0.217,26.63,21.67,47.1
2018-08-26T12:30:00Z,GYK,Greys_Creek,38.44901667,-75.13245,0.3,3.54,0.235,26.55,21.69,49.8
2018-08-26T12:45:00Z,GYK,Greys_Creek,38.44901667,-75.13245,0.3,3.46,0.251,26.62,21.72,48.7
2018-08-26T13:00:00Z,GYK,Greys_Creek,38.44901667,-75.13245,0.3,3.45,0.263,26.76,21.7,48.7
2018-08-26T13:15:00Z,GYK,Greys_Creek,38.44901667,-75.13245,0.3,3.74,0.275,26.8,21.87,52.8
2018-08-26T13:30:00Z,GYK,Greys_Creek,38.44901667,-75.13245,0.3,3.72,0.287,26.92,21.96,52.7
2018-08-26T13:45:00Z,GYK,Greys_Creek,38.44901667,-75.13245,0.3,4.16,0.298,26.9,22.07,59.0
2018-08-26T14:00:00Z,GYK,Greys_Creek,38.44901667,-75.13245,0.3,4.35,0.305,26.94,22.08,61.8
2018-08-26T14:15:00Z,GYK,Greys_Creek,38.44901667,-75.13245,0.3,3.95,0.317,27.69,20.37,56.2
2018-08-26T14:30:00Z,GYK,Greys_Creek,38.44901667,-75.13245,0.3,4.88,0.321,27.51,20.24,69.2
2018-08-26T14:45:00Z,GYK,Greys_Creek,38.44901667,-75.13245,0.3,5.71,0.311,27.68,21.24,81.6
2018-08-26T15:00:00Z,GYK,Greys_Creek,38.44901667,-75.13245,0.3,5.62,0.315,28.38,19.93,80.7
2018-08-26T15:15:00Z,GYK,Greys_Creek,38.44901667,-75.13245,0.3,5.71,0.32,28.56,19.9,82.3
2018-08-26T15:30:00Z,GYK,Greys_Creek,38.44901667,-75.13245,0.3,7.21,0.302,28.83,19.56,104.1
2018-08-26T15:45:00Z,GYK,Greys_Creek,38.44901667,-75.13245,0.3,7.58,0.28,28.79,19.97,109.6
2018-08-26T16:00:00Z,GYK,Greys_Creek,38.44901667,-75.13245,0.3,8.14,0.266,29.02,19.61,118.0
2018-08-26T16:15:00Z,GYK,Greys_Creek,38.44901667,-75.13245,0.3,7.92,0.256,28.79,19.62,114.3
2018-08-26T16:30:00Z,GYK,Greys_Creek,38.44901667,-75.13245,0.3,7.97,0.243,28.68,19.13,114.6
2018-08-26T16:45:00Z,GYK,Greys_Creek,38.44901667,-75.13245,0.3,8.66,0.232,28.48,18.9,123.8
2018-08-26T17:00:00Z,GYK,Greys_Creek,38.44901667,-75.13245,0.3,10.48,0.224,29.46,18.89,152.4
2018-08-26T17:15:00Z,GYK,Greys_Creek,38.44901667,-75.13245,0.3,9.73,0.219,29.65,18.43,141.6
2018-08-26T17:30:00Z,GYK,Greys_Creek,38.44901667,-75.13245,0.3,9.66,0.203,29.15,18.93,139.7
2018-08-26T17:45:00Z,GYK,Greys_Creek,38.44901667,-75.13245,0.3,10.92,0.196,29.82,18.86,159.7
2018-08-26T18:00:00Z,GYK,Greys_Creek,38.44901667,-75.13245,0.3,9.57,0.196,29.75,18.53,139.6
2018-08-26T18:15:00Z,GYK,Greys_Creek,38.44901667,-75.13245,0.3,10.06,0.176,29.61,18.41,146.3
2018-08-26T18:30:00Z,GYK,Greys_Creek,38.44901667,-75.13245,0.3,11.8,0.148,30.35,17.93,173.3
2018-08-26T18:45:00Z,GYK,Greys_Creek,38.44901667,-75.13245,0.3,10.87,0.132,30.99,15.43,159.1
2018-08-26T19:00:00Z,GYK,Greys_Creek,38.44901667,-75.13245,0.3,11.58,0.126,30.63,15.46,168.6
2018-08-26T19:15:00Z,GYK,Greys_Creek,38.44901667,-75.13245,0.3,10.66,0.123,31.05,16.3,156.9
2018-08-26T19:30:00Z,GYK,Greys_Creek,38.44901667,-75.13245,0.3,11.28,0.109,30.18,16.02,163.4
2018-08-26T19:45:00Z,GYK,Greys_Creek,38.44901667,-75.13245,0.3,11.23,0.1,30.48,15.74,163.3
2018-08-26T20:00:00Z,GYK,Greys_Creek,38.44901667,-75.13245,0.3,11.25,0.085,29.88,14.98,161.2
2018-08-26T20:15:00Z,GYK,Greys_Creek,38.44901667,-75.13245,0.3,12.16,0.079,29.25,15.58,173.0
2018-08-26T20:30:00Z,GYK,Greys_Creek,38.44901667,-75.13245,0.3,12.67,0.076,30.25,14.94,182.8
2018-08-26T20:45:00Z,GYK,Greys_Creek,38.44901667,-75.13245,0.3,12.89,0.068,30.38,13.79,185.1
2018-08-26T21:00:00Z,GYK,Greys_Creek,38.44901667,-75.13245,0.3,13.6,0.072,30.13,13.93,194.7
2018-08-26T21:15:00Z,GYK,Greys_Creek,38.44901667,-75.13245,0.3,13.18,0.072,29.41,14.78,187.3
2018-08-26T21:30:00Z,GYK,Greys_Creek,38.44901667,-75.13245,0.3,11.99,0.073,29.88,14.31,171.3
2018-08-26T21:45:00Z,GYK,Greys_Creek,38.44901667,-75.13245,0.3,13.14,0.067,29.32,13.16,184.7
2018-08-26T22:00:00Z,GYK,Greys_Creek,38.44901667,-75.13245,0.3,12.47,0.066,30.01,13.32,177.5
2018-08-26T22:15:00Z,GYK,Greys_Creek,38.44901667,-75.13245,0.3,11.67,0.067,30.05,15.43,168.1
2018-08-26T22:30:00Z,GYK,Greys_Creek,38.44901667,-75.13245,0.3,10.99,0.066,30.17,16.89,160.0
2018-08-26T22:45:00Z,GYK,Greys_Creek,38.44901667,-75.13245,0.3,11.32,0.069,30.3,17.35,165.6
2018-08-26T23:00:00Z,GYK,Greys_Creek,38.44901667,-75.13245,0.3,11.22,0.093,30.45,19.14,166.1
2018-08-26T23:15:00Z,GYK,Greys_Creek,38.44901667,-75.13245,0.3,10.25,0.122,30.32,19.72,152.0
2018-08-26T23:30:00Z,GYK,Greys_Creek,38.44901667,-75.13245,0.3,9.33,0.13,30.2,19.69,138.0
2018-08-26T23:45:00Z,GYK,Greys_Creek,38.44901667,-75.13245,0.3,9.26,0.145,30.22,19.63,136.9
2018-08-27T00:00:00Z,GYK,Greys_Creek,38.44901667,-75.13245,0.3,8.31,0.176,30.45,20.79,124.2
2018-08-27T00:15:00Z,GYK,Greys_Creek,38.44901667,-75.13245,0.3,9.36,0.192,30.21,21.19,139.5
2018-08-27T00:30:00Z,GYK,Greys_Creek,38.44901667,-75.13245,0.3,9.28,0.216,30.08,21.28,138.1
2018-08-27T00:45:00Z,GYK,Greys_Creek,38.44901667,-75.13245,0.3,8.62,0.229,30.02,21.19,128.2
2018-08-27T01:00:00Z,GYK,Greys_Creek,38.44901667,-75.13245,0.3,7.85,0.245,29.9,21.58,116.6
2018-08-27T01:15:00Z,GYK,Greys_Creek,38.44901667,-75.13245,0.3,7.59,0.264,29.71,21.61,112.6
2018-08-27T01:30:00Z,GYK,Greys_Creek,38.44901667,-75.13245,0.3,7.59,0.278,29.69,21.7,112.5
2018-08-27T01:45:00Z,GYK,Greys_Creek,38.44901667,-75.13245,0.3,7.0,0.297,29.67,21.77,103.8
2018-08-27T02:00:00Z,GYK,Greys_Creek,38.44901667,-75.13245,0.3,6.85,0.312,29.57,21.91,101.5
2018-08-27T02:15:00Z,GYK,Greys_Creek,38.44901667,-75.13245,0.3,6.51,0.33,29.46,22.01,96.4
2018-08-27T02:30:00Z,GYK,Greys_Creek,38.44901667,-75.13245,0.3,6.2,0.338,29.4,22.07,91.6
2018-08-27T02:45:00Z,GYK,Greys_Creek,38.44901667,-75.13245,0.3,5.85,0.343,29.36,22.03,86.4
2018-08-27T03:00:00Z,GYK,Greys_Creek,38.44901667,-75.13245,0.3,5.65,0.341,29.35,22.05,83.5
2018-08-27T03:15:00Z,GYK,Greys_Creek,38.44901667,-75.13245,0.3,5.52,0.356,29.27,22.1,81.5
2018-08-27T03:30:00Z,GYK,Greys_Creek,38.44901667,-75.13245,0.3,5.5,0.356,29.2,22.05,81.1
2018-08-27T03:45:00Z,GYK,Greys_Creek,38.44901667,-75.13245,0.3,5.52,0.345,29.17,21.22,80.9
2018-08-27T04:00:00Z,GYK,Greys_Creek,38.44901667,-75.13245,0.3,4.77,0.346,29.16,21.86,70.2
2018-08-27T04:15:00Z,GYK,Greys_Creek,38.44901667,-75.13245,0.3,5.83,0.338,29.59,19.61,85.3
2018-08-27T04:30:00Z,GYK,Greys_Creek,38.44901667,-75.13245,0.3,7.31,0.311,29.54,18.96,106.5
2018-08-27T04:45:00Z,GYK,Greys_Creek,38.44901667,-75.13245,0.3,6.89,0.291,29.53,19.61,100.7
2018-08-27T05:00:00Z,GYK,Greys_Creek,38.44901667,-75.13245,0.3,6.61,0.267,29.41,19.24,96.2
2018-08-27T05:15:00Z,GYK,Greys_Creek,38.44901667,-75.13245,0.3,6.55,0.249,29.47,19.11,95.3
2018-08-27T05:30:00Z,GYK,Greys_Creek,38.44901667,-75.13245,0.3,6.27,0.235,29.33,19.02,91.0
2018-08-27T05:45:00Z,GYK,Greys_Creek,38.44901667,-75.13245,0.3,6.43,0.227,28.96,17.89,92.2
2018-08-27T06:00:00Z,GYK,Greys_Creek,38.44901667,-75.13245,0.3,6.28,0.214,29.11,18.35,90.5
2018-08-27T06:15:00Z,GYK,Greys_Creek,38.44901667,-75.13245,0.3,5.98,0.204,29.15,18.84,86.4
2018-08-27T06:30:00Z,GYK,Greys_Creek,38.44901667,-75.13245,0.3,6.02,0.183,28.88,18.12,86.4
2018-08-27T06:45:00Z,GYK,Greys_Creek,38.44901667,-75.13245,0.3,6.93,0.165,27.01,14.14,94.2
2018-08-27T07:00:00Z,GYK,Greys_Creek,38.44901667,-75.13245,0.3,6.78,0.148,27.29,14.03,92.5
2018-08-27T07:15:00Z,GYK,Greys_Creek,38.44901667,-75.13245,0.3,6.47,0.136,26.51,11.7,86.0
2018-08-27T07:30:00Z,GYK,Greys_Creek,38.44901667,-75.13245,0.3,6.38,0.119,26.47,11.56,84.6
2018-08-27T07:45:00Z,GYK,Greys_Creek,38.44901667,-75.13245,0.3,6.33,0.1,26.06,10.43,82.9
2018-08-27T08:00:00Z,GYK,Greys_Creek,38.44901667,-75.13245,0.3,5.49,0.087,25.74,9.19,70.9
2018-08-27T08:15:00Z,GYK,Greys_Creek,38.44901667,-75.13245,0.3,4.95,0.073,25.55,8.52,63.5
2018-08-27T08:30:00Z,GYK,Greys_Creek,38.44901667,-75.13245,0.3,5.05,0.07,25.08,7.25,63.7
2018-08-27T08:45:00Z,GYK,Greys_Creek,38.44901667,-75.13245,0.3,4.96,0.069,25.12,7.15,62.6
2018-08-27T09:00:00Z,GYK,Greys_Creek,38.44901667,-75.13245,0.3,4.79,0.069,25.22,6.88,60.5
2018-08-27T09:15:00Z,GYK,Greys_Creek,38.44901667,-75.13245,0.3,4.75,0.072,24.81,6.18,59.4
2018-08-27T09:30:00Z,GYK,Greys_Creek,38.44901667,-75.13245,0.3,4.64,0.072,24.7,5.75,57.7
2018-08-27T09:45:00Z,GYK,Greys_Creek,38.44901667,-75.13245,0.3,4.69,0.072,24.57,5.37,58.0
2018-08-27T10:00:00Z,GYK,Greys_Creek,38.44901667,-75.13245,0.3,4.49,0.072,24.39,4.37,55.1
2018-08-27T10:15:00Z,GYK,Greys_Creek,38.44901667,-75.13245,0.3,4.29,0.075,24.25,3.86,52.3
2018-08-27T10:30:00Z,GYK,Greys_Creek,38.44901667,-75.13245,0.3,4.17,0.076,24.13,4.12,50.8
2018-08-27T10:45:00Z,GYK,Greys_Creek,38.44901667,-75.13245,0.3,3.96,0.078,23.95,4.11,48.1
2018-08-27T11:00:00Z,GYK,Greys_Creek,38.44901667,-75.13245,0.3,4.92,0.079,24.1,4.14,59.9
2018-08-27T11:15:00Z,GYK,Greys_Creek,38.44901667,-75.13245,0.3,3.3,0.08,26.73,9.82,43.6
2018-08-27T11:30:00Z,GYK,Greys_Creek,38.44901667,-75.13245,0.3,2.66,0.077,27.7,16.85,37.1
2018-08-27T11:45:00Z,GYK,Greys_Creek,38.44901667,-75.13245,0.3,3.08,0.078,27.5,20.62,43.8
2018-08-27T12:00:00Z,GYK,Greys_Creek,38.44901667,-75.13245,0.3,2.83,0.092,27.92,21.66,40.7
2018-08-27T12:15:00Z,GYK,Greys_Creek,38.44901667,-75.13245,0.3,2.61,0.103,27.79,21.25,37.4
2018-08-27T12:30:00Z,GYK,Greys_Creek,38.44901667,-75.13245,0.3,2.88,0.117,28.0,21.42,41.4
2018-08-27T12:45:00Z,GYK,Greys_Creek,38.44901667,-75.13245,0.3,2.72,0.131,28.09,21.78,39.3
2018-08-27T13:00:00Z,GYK,Greys_Creek,38.44901667,-75.13245,0.3,3.12,0.145,27.89,21.68,44.9
2018-08-27T13:15:00Z,GYK,Greys_Creek,38.44901667,-75.13245,0.3,3.29,0.16,27.98,21.06,47.2
2018-08-27T13:30:00Z,GYK,Greys_Creek,38.44901667,-75.13245,0.3,3.49,0.175,28.41,21.92,50.6
2018-08-27T13:45:00Z,GYK,Greys_Creek,38.44901667,-75.13245,0.3,3.11,0.192,28.42,22.25,45.3
2018-08-27T14:00:00Z,GYK,Greys_Creek,38.44901667,-75.13245,0.3,3.55,0.203,28.49,22.39,51.8
2018-08-27T14:15:00Z,GYK,Greys_Creek,38.44901667,-75.13245,0.3,4.16,0.214,28.52,22.3,60.7
2018-08-27T14:30:00Z,GYK,Greys_Creek,38.44901667,-75.13245,0.3,2.83,0.224,28.46,22.44,41.3
2018-08-27T14:45:00Z,GYK,Greys_Creek,38.44901667,-75.13245,0.3,3.34,0.232,28.47,22.51,48.7
2018-08-27T15:00:00Z,GYK,Greys_Creek,38.44901667,-75.13245,0.3,3.45,0.24,28.64,22.47,50.5
2018-08-27T15:15:00Z,GYK,Greys_Creek,38.44901667,-75.13245,0.3,4.36,0.24,28.84,22.05,63.8
2018-08-27T15:30:00Z,GYK,Greys_Creek,38.44901667,-75.13245,0.3,4.62,0.245,28.7,22.5,67.7
2018-08-27T15:45:00Z,GYK,Greys_Creek,38.44901667,-75.13245,0.3,4.85,0.239,29.24,21.89,71.4
2018-08-27T16:00:00Z,GYK,Greys_Creek,38.44901667,-75.13245,0.3,8.39,0.228,29.5,20.64,123.3
2018-08-27T16:15:00Z,GYK,Greys_Creek,38.44901667,-75.13245,0.3,8.69,0.213,29.75,20.44,128.1
2018-08-27T16:30:00Z,GYK,Greys_Creek,38.44901667,-75.13245,0.3,9.13,0.188,29.64,20.53,134.3
2018-08-27T16:45:00Z,GYK,Greys_Creek,38.44901667,-75.13245,0.3,13.27,0.163,30.55,18.03,195.6
2018-08-27T17:00:00Z,GYK,Greys_Creek,38.44901667,-75.13245,0.3,8.72,0.156,29.35,20.11,127.4
2018-08-27T17:15:00Z,GYK,Greys_Creek,38.44901667,-75.13245,0.3,7.3,0.152,29.84,20.59,107.8
2018-08-27T17:30:00Z,GYK,Greys_Creek,38.44901667,-75.13245,0.3,9.62,0.15,30.42,15.03,139.1
2018-08-27T17:45:00Z,GYK,Greys_Creek,38.44901667,-75.13245,0.3,11.79,0.133,30.62,16.25,172.3
2018-08-27T18:00:00Z,GYK,Greys_Creek,38.44901667,-75.13245,0.3,14.89,0.115,31.09,20.35,224.3
2018-08-27T18:15:00Z,GYK,Greys_Creek,38.44901667,-75.13245,0.3,15.38,0.093,31.56,14.6,226.2
2018-08-27T18:30:00Z,GYK,Greys_Creek,38.44901667,-75.13245,0.3,13.85,0.088,31.95,15.61,206.1
2018-08-27T18:45:00Z,GYK,Greys_Creek,38.44901667,-75.13245,0.3,11.55,0.074,32.03,15.43,172.0
2018-08-27T19:00:00Z,GYK,Greys_Creek,38.44901667,-75.13245,0.3,11.62,0.067,31.91,14.38,171.7
2018-08-27T19:15:00Z,GYK,Greys_Creek,38.44901667,-75.13245,0.3,12.57,0.069,30.43,14.18,181.0
2018-08-27T19:30:00Z,GYK,Greys_Creek,38.44901667,-75.13245,0.3,14.43,NaN,31.15,12.1,208.0
2018-08-27T19:45:00Z,GYK,Greys_Creek,38.44901667,-75.13245,0.3,13.65,NaN,31.14,10.31,194.7
2018-08-27T20:00:00Z,GYK,Greys_Creek,38.44901667,-75.13245,0.3,12.34,NaN,30.44,9.1,172.9
2018-08-27T20:15:00Z,GYK,Greys_Creek,38.44901667,-75.13245,0.3,11.38,NaN,30.36,7.42,157.8
2018-08-27T20:30:00Z,GYK,Greys_Creek,38.44901667,-75.13245,0.3,12.32,NaN,30.35,7.9,171.2
2018-08-27T20:45:00Z,GYK,Greys_Creek,38.44901667,-75.13245,0.3,12.22,NaN,30.6,7.48,170.2
2018-08-27T21:00:00Z,GYK,Greys_Creek,38.44901667,-75.13245,0.3,11.48,NaN,28.54,3.29,150.7
2018-08-27T21:15:00Z,GYK,Greys_Creek,38.44901667,-75.13245,0.3,12.63,NaN,29.44,3.29,168.6
2018-08-27T21:30:00Z,GYK,Greys_Creek,38.44901667,-75.13245,0.3,12.33,NaN,29.83,3.77,166.1
2018-08-27T21:45:00Z,GYK,Greys_Creek,38.44901667,-75.13245,0.3,11.62,NaN,29.73,1.08,153.9
2018-08-27T22:00:00Z,GYK,Greys_Creek,38.44901667,-75.13245,0.3,11.14,NaN,30.17,0.98,148.5
2018-08-27T22:15:00Z,GYK,Greys_Creek,38.44901667,-75.13245,0.3,11.17,NaN,30.41,2.96,151.2
2018-08-27T22:30:00Z,GYK,Greys_Creek,38.44901667,-75.13245,0.3,10.46,NaN,30.15,0.71,139.3
2018-08-27T22:45:00Z,GYK,Greys_Creek,38.44901667,-75.13245,0.3,11.6,NaN,30.21,4.67,157.9
2018-08-27T23:00:00Z,GYK,Greys_Creek,38.44901667,-75.13245,0.3,10.54,NaN,30.73,13.98,152.4
2018-08-27T23:15:00Z,GYK,Greys_Creek,38.44901667,-75.13245,0.3,10.97,NaN,31.55,18.11,164.5
2018-08-27T23:30:00Z,GYK,Greys_Creek,38.44901667,-75.13245,0.3,11.38,NaN,31.09,15.1,166.6
2018-08-27T23:45:00Z,GYK,Greys_Creek,38.44901667,-75.13245,0.3,11.04,NaN,31.27,18.13,164.7
2018-08-28T00:00:00Z,GYK,Greys_Creek,38.44901667,-75.13245,0.3,10.64,0.066,31.29,18.93,159.5
2018-08-28T00:15:00Z,GYK,Greys_Creek,38.44901667,-75.13245,0.3,10.45,0.065,31.4,19.46,157.3
2018-08-28T00:30:00Z,GYK,Greys_Creek,38.44901667,-75.13245,0.3,10.34,0.082,31.42,19.77,156.0
2018-08-28T00:45:00Z,GYK,Greys_Creek,38.44901667,-75.13245,0.3,9.87,0.1,31.34,20.22,149.1
2018-08-28T01:00:00Z,GYK,Greys_Creek,38.44901667,-75.13245,0.3,9.5,0.121,31.31,20.62,143.7
2018-08-28T01:15:00Z,GYK,Greys_Creek,38.44901667,-75.13245,0.3,9.74,0.142,31.2,20.98,147.5
2018-08-28T01:30:00Z,GYK,Greys_Creek,38.44901667,-75.13245,0.3,9.15,0.161,31.07,21.1,138.3
2018-08-28T01:45:00Z,GYK,Greys_Creek,38.44901667,-75.13245,0.3,8.52,0.179,30.92,20.98,128.3
2018-08-28T02:00:00Z,GYK,Greys_Creek,38.44901667,-75.13245,0.3,8.34,0.196,30.89,21.27,125.8
2018-08-28T02:15:00Z,GYK,Greys_Creek,38.44901667,-75.13245,0.3,8.46,0.211,30.74,21.3,127.3
2018-08-28T02:30:00Z,GYK,Greys_Creek,38.44901667,-75.13245,0.3,7.67,0.232,30.66,21.38,115.3
2018-08-28T02:45:00Z,GYK,Greys_Creek,38.44901667,-75.13245,0.3,7.73,0.248,30.57,21.43,116.1
2018-08-28T03:00:00Z,GYK,Greys_Creek,38.44901667,-75.13245,0.3,7.05,0.258,30.47,21.44,105.7
2018-08-28T03:15:00Z,GYK,Greys_Creek,38.44901667,-75.13245,0.3,7.19,0.274,30.46,21.52,107.8
2018-08-28T03:30:00Z,GYK,Greys_Creek,38.44901667,-75.13245,0.3,7.1,0.28,30.31,21.62,106.3
2018-08-28T03:45:00Z,GYK,Greys_Creek,38.44901667,-75.13245,0.3,6.56,0.286,30.21,21.76,98.1
2018-08-28T04:00:00Z,GYK,Greys_Creek,38.44901667,-75.13245,0.3,6.07,0.29,30.13,21.51,90.5
2018-08-28T04:15:00Z,GYK,Greys_Creek,38.44901667,-75.13245,0.3,5.52,0.287,30.16,21.36,82.3
2018-08-28T04:30:00Z,GYK,Greys_Creek,38.44901667,-75.13245,0.3,4.91,0.295,30.25,21.76,73.5
2018-08-28T04:45:00Z,GYK,Greys_Creek,38.44901667,-75.13245,0.3,5.91,0.285,30.51,19.76,87.9
2018-08-28T05:00:00Z,GYK,Greys_Creek,38.44901667,-75.13245,0.3,7.18,0.268,30.69,18.86,106.5
2018-08-28T05:15:00Z,GYK,Greys_Creek,38.44901667,-75.13245,0.3,6.96,0.254,30.58,19.76,103.6
2018-08-28T05:30:00Z,GYK,Greys_Creek,38.44901667,-75.13245,0.3,6.86,0.233,30.57,19.78,102.1
2018-08-28T05:45:00Z,GYK,Greys_Creek,38.44901667,-75.13245,0.3,6.67,0.212,30.42,18.58,98.4
2018-08-28T06:00:00Z,GYK,Greys_Creek,38.44901667,-75.13245,0.3,6.4,0.196,29.41,16.65,91.9
2018-08-28T06:15:00Z,GYK,Greys_Creek,38.44901667,-75.13245,0.3,5.6,0.177,29.51,17.0,80.7
2018-08-28T06:30:00Z,GYK,Greys_Creek,38.44901667,-75.13245,0.3,6.07,0.167,29.31,16.77,87.0
2018-08-28T06:45:00Z,GYK,Greys_Creek,38.44901667,-75.13245,0.3,6.12,0.155,29.35,16.82,87.8
2018-08-28T07:00:00Z,GYK,Greys_Creek,38.44901667,-75.13245,0.3,5.89,0.14,28.86,15.85,83.4
2018-08-28T07:15:00Z,GYK,Greys_Creek,38.44901667,-75.13245,0.3,5.89,0.127,28.66,15.75,83.0
2018-08-28T07:30:00Z,GYK,Greys_Creek,38.44901667,-75.13245,0.3,6.01,0.108,28.61,15.09,84.3
2018-08-28T07:45:00Z,GYK,Greys_Creek,38.44901667,-75.13245,0.3,5.02,0.091,28.19,12.52,68.9
2018-08-28T08:00:00Z,GYK,Greys_Creek,38.44901667,-75.13245,0.3,4.7,0.079,27.16,10.65,62.8
2018-08-28T08:15:00Z,GYK,Greys_Creek,38.44901667,-75.13245,0.3,4.49,0.066,26.76,9.88,59.3
2018-08-28T08:30:00Z,GYK,Greys_Creek,38.44901667,-75.13245,0.3,4.42,0.065,26.74,9.15,58.1
2018-08-28T08:45:00Z,GYK,Greys_Creek,38.44901667,-75.13245,0.3,4.24,0.065,26.27,8.36,55.0
2018-08-28T09:00:00Z,GYK,Greys_Creek,38.44901667,-75.13245,0.3,4.06,0.067,26.23,8.11,52.6
2018-08-28T09:15:00Z,GYK,Greys_Creek,38.44901667,-75.13245,0.3,3.83,0.066,26.05,7.22,49.2
2018-08-28T09:30:00Z,GYK,Greys_Creek,38.44901667,-75.13245,0.3,3.74,0.067,25.76,6.37,47.6
2018-08-28T09:45:00Z,GYK,Greys_Creek,38.44901667,-75.13245,0.3,3.86,0.068,25.62,6.14,48.9
2018-08-28T10:00:00Z,GYK,Greys_Creek,38.44901667,-75.13245,0.3,3.7,0.071,25.38,5.34,46.5
2018-08-28T10:15:00Z,GYK,Greys_Creek,38.44901667,-75.13245,0.3,3.62,0.073,25.38,4.79,45.3
2018-08-28T10:30:00Z,GYK,Greys_Creek,38.44901667,-75.13245,0.3,3.68,0.075,25.29,4.51,45.9
2018-08-28T10:45:00Z,GYK,Greys_Creek,38.44901667,-75.13245,0.3,3.67,0.075,25.23,4.03,45.7
2018-08-28T11:00:00Z,GYK,Greys_Creek,38.44901667,-75.13245,0.3,4.23,0.077,26.65,4.36,54.0
2018-08-28T11:15:00Z,GYK,Greys_Creek,38.44901667,-75.13245,0.3,3.93,0.076,27.23,8.47,51.9
2018-08-28T11:30:00Z,GYK,Greys_Creek,38.44901667,-75.13245,0.3,2.63,0.075,28.84,16.05,37.3
2018-08-28T11:45:00Z,GYK,Greys_Creek,38.44901667,-75.13245,0.3,2.54,0.076,29.09,21.71,37.2
2018-08-28T12:00:00Z,GYK,Greys_Creek,38.44901667,-75.13245,0.3,2.8,0.077,29.09,22.0,41.2
2018-08-28T12:15:00Z,GYK,Greys_Creek,38.44901667,-75.13245,0.3,2.59,0.085,29.13,21.97,38.1
2018-08-28T12:30:00Z,GYK,Greys_Creek,38.44901667,-75.13245,0.3,2.6,0.093,28.91,21.36,38.0
2018-08-28T12:45:00Z,GYK,Greys_Creek,38.44901667,-75.13245,0.3,2.41,0.107,29.14,21.64,35.4
2018-08-28T13:00:00Z,GYK,Greys_Creek,38.44901667,-75.13245,0.3,2.73,0.126,29.1,21.73,40.1
2018-08-28T13:15:00Z,GYK,Greys_Creek,38.44901667,-75.13245,0.3,2.37,0.143,29.26,22.14,34.9
2018-08-28T13:30:00Z,GYK,Greys_Creek,38.44901667,-75.13245,0.3,2.94,0.158,29.29,22.45,43.4
2018-08-28T13:45:00Z,GYK,Greys_Creek,38.44901667,-75.13245,0.3,3.34,0.177,29.26,21.73,49.2
2018-08-28T14:00:00Z,GYK,Greys_Creek,38.44901667,-75.13245,0.3,3.39,0.198,29.37,21.91,50.0
2018-08-28T14:15:00Z,GYK,Greys_Creek,38.44901667,-75.13245,0.3,4.11,0.212,29.56,21.99,61.0
2018-08-28T14:30:00Z,GYK,Greys_Creek,38.44901667,-75.13245,0.3,4.42,0.222,29.88,21.72,65.7
2018-08-28T14:45:00Z,GYK,Greys_Creek,38.44901667,-75.13245,0.3,3.77,0.238,29.97,21.97,56.2
2018-08-28T15:00:00Z,GYK,Greys_Creek,38.44901667,-75.13245,0.3,3.74,0.251,29.84,22.43,55.8
2018-08-28T15:15:00Z,GYK,Greys_Creek,38.44901667,-75.13245,0.3,3.96,0.259,30.11,22.32,59.3
2018-08-28T15:30:00Z,GYK,Greys_Creek,38.44901667,-75.13245,0.3,4.79,0.265,30.29,22.14,71.9
2018-08-28T15:45:00Z,GYK,Greys_Creek,38.44901667,-75.13245,0.3,5.4,0.275,30.43,22.16,81.2
2018-08-28T16:00:00Z,GYK,Greys_Creek,38.44901667,-75.13245,0.3,5.38,0.276,30.4,22.26,80.9
2018-08-28T16:15:00Z,GYK,Greys_Creek,38.44901667,-75.13245,0.3,5.61,0.278,30.26,22.46,84.4
2018-08-28T16:30:00Z,GYK,Greys_Creek,38.44901667,-75.13245,0.3,6.51,0.274,31.13,21.44,98.7
2018-08-28T16:45:00Z,GYK,Greys_Creek,38.44901667,-75.13245,0.3,7.88,0.264,30.88,20.79,118.6
2018-08-28T17:00:00Z,GYK,Greys_Creek,38.44901667,-75.13245,0.3,8.48,0.254,30.77,20.72,127.3
2018-08-28T17:15:00Z,GYK,Greys_Creek,38.44901667,-75.13245,0.3,9.12,0.242,31.14,20.41,137.5
2018-08-28T17:30:00Z,GYK,Greys_Creek,38.44901667,-75.13245,0.3,10.37,0.224,31.21,20.56,156.7
2018-08-28T17:45:00Z,GYK,Greys_Creek,38.44901667,-75.13245,0.3,11.03,0.205,31.48,20.5,167.4
2018-08-28T18:00:00Z,GYK,Greys_Creek,38.44901667,-75.13245,0.3,10.17,0.202,31.31,20.14,153.5
2018-08-28T18:15:00Z,GYK,Greys_Creek,38.44901667,-75.13245,0.3,8.65,0.193,31.01,20.63,130.4
2018-08-28T18:30:00Z,GYK,Greys_Creek,38.44901667,-75.13245,0.3,11.11,0.171,31.36,20.09,167.8
2018-08-28T18:45:00Z,GYK,Greys_Creek,38.44901667,-75.13245,0.3,11.87,0.158,31.81,20.25,180.7
2018-08-28T19:00:00Z,GYK,Greys_Creek,38.44901667,-75.13245,0.3,13.42,0.15,32.74,19.53,206.6
2018-08-28T19:15:00Z,GYK,Greys_Creek,38.44901667,-75.13245,0.3,9.29,0.137,30.9,19.55,138.9
2018-08-28T19:30:00Z,GYK,Greys_Creek,38.44901667,-75.13245,0.3,10.96,0.118,32.01,18.8,166.2
2018-08-28T19:45:00Z,GYK,Greys_Creek,38.44901667,-75.13245,0.3,15.63,0.096,32.92,17.51,238.8
2018-08-28T20:00:00Z,GYK,Greys_Creek,38.44901667,-75.13245,0.3,12.56,0.082,32.58,16.6,189.9
2018-08-28T20:15:00Z,GYK,Greys_Creek,38.44901667,-75.13245,0.3,13.09,0.074,32.3,17.11,197.5
2018-08-28T20:30:00Z,GYK,Greys_Creek,38.44901667,-75.13245,0.3,13.04,0.062,31.92,14.53,192.8
2018-08-28T20:45:00Z,GYK,Greys_Creek,38.44901667,-75.13245,0.3,12.75,0.057,32.81,11.8,188.5
2018-08-28T21:00:00Z,GYK,Greys_Creek,38.44901667,-75.13245,0.3,12.45,0.054,32.37,14.01,184.9
2018-08-28T21:15:00Z,GYK,Greys_Creek,38.44901667,-75.13245,0.3,12.3,0.055,31.98,10.15,177.8
2018-08-28T21:30:00Z,GYK,Greys_Creek,38.44901667,-75.13245,0.3,10.9,0.052,30.85,14.1,158.0
2018-08-28T21:45:00Z,GYK,Greys_Creek,38.44901667,-75.13245,0.3,12.39,0.052,30.48,7.35,172.1
2018-08-28T22:00:00Z,GYK,Greys_Creek,38.44901667,-75.13245,0.3,13.09,0.052,29.43,5.79,177.1
2018-08-28T22:15:00Z,GYK,Greys_Creek,38.44901667,-75.13245,0.3,11.99,0.051,29.81,5.66,163.0
2018-08-28T22:30:00Z,GYK,Greys_Creek,38.44901667,-75.13245,0.3,11.13,0.049,30.27,10.72,156.9
2018-08-28T22:45:00Z,GYK,Greys_Creek,38.44901667,-75.13245,0.3,10.43,0.052,28.16,4.36,136.8
2018-08-28T23:00:00Z,GYK,Greys_Creek,38.44901667,-75.13245,0.3,11.2,0.053,28.31,4.33,147.4
2018-08-28T23:15:00Z,GYK,Greys_Creek,38.44901667,-75.13245,0.3,10.86,0.049,29.85,5.46,147.7
2018-08-28T23:30:00Z,GYK,Greys_Creek,38.44901667,-75.13245,0.3,11.53,0.057,29.91,6.4,157.8
2018-08-28T23:45:00Z,GYK,Greys_Creek,38.44901667,-75.13245,0.3,10.59,0.058,30.1,8.72,147.3
2018-08-29T00:00:00Z,GYK,Greys_Creek,38.44901667,-75.13245,0.3,8.78,0.059,30.7,13.21,126.3
2018-08-29T00:15:00Z,GYK,Greys_Creek,38.44901667,-75.13245,0.3,8.74,0.059,31.45,16.83,129.9
2018-08-29T00:30:00Z,GYK,Greys_Creek,38.44901667,-75.13245,0.3,7.65,0.066,31.34,18.57,114.6
2018-08-29T00:45:00Z,GYK,Greys_Creek,38.44901667,-75.13245,0.3,7.16,0.085,31.22,18.55,107.1
2018-08-29T01:00:00Z,GYK,Greys_Creek,38.44901667,-75.13245,0.3,7.16,0.103,31.3,20.9,108.5
2018-08-29T01:15:00Z,GYK,Greys_Creek,38.44901667,-75.13245,0.3,6.1,0.118,31.03,20.03,91.7
2018-08-29T01:30:00Z,GYK,Greys_Creek,38.44901667,-75.13245,0.3,6.34,0.136,31.1,19.67,95.1
2018-08-29T01:45:00Z,GYK,Greys_Creek,38.44901667,-75.13245,0.3,6.67,0.151,30.87,19.85,99.8
2018-08-29T02:00:00Z,GYK,Greys_Creek,38.44901667,-75.13245,0.3,6.1,0.168,30.95,20.61,91.8
2018-08-29T02:15:00Z,GYK,Greys_Creek,38.44901667,-75.13245,0.3,4.93,0.19,30.84,21.76,74.6
2018-08-29T02:30:00Z,GYK,Greys_Creek,38.44901667,-75.13245,0.3,4.49,0.208,30.7,21.97,67.8
2018-08-29T02:45:00Z,GYK,Greys_Creek,38.44901667,-75.13245,0.3,4.76,0.22,30.18,20.77,70.9
2018-08-29T03:00:00Z,GYK,Greys_Creek,38.44901667,-75.13245,0.3,4.8,0.235,30.38,21.54,71.9
2018-08-29T03:15:00Z,GYK,Greys_Creek,38.44901667,-75.13245,0.3,4.76,0.253,30.28,21.74,71.4
2018-08-29T03:30:00Z,GYK,Greys_Creek,38.44901667,-75.13245,0.3,4.11,0.266,30.35,21.92,61.6
2018-08-29T03:45:00Z,GYK,Greys_Creek,38.44901667,-75.13245,0.3,4.23,0.276,30.29,22.0,63.5
2018-08-29T04:00:00Z,GYK,Greys_Creek,38.44901667,-75.13245,0.3,4.02,0.284,30.29,22.08,60.3
2018-08-29T04:15:00Z,GYK,Greys_Creek,38.44901667,-75.13245,0.3,3.86,0.29,30.26,22.06,57.9
2018-08-29T04:30:00Z,GYK,Greys_Creek,38.44901667,-75.13245,0.3,3.57,0.293,30.22,22.01,53.5
2018-08-29T04:45:00Z,GYK,Greys_Creek,38.44901667,-75.13245,0.3,3.18,0.294,30.17,21.86,47.6
2018-08-29T05:00:00Z,GYK,Greys_Creek,38.44901667,-75.13245,0.3,3.47,0.291,30.2,21.84,52.0
2018-08-29T05:15:00Z,GYK,Greys_Creek,38.44901667,-75.13245,0.3,3.32,0.285,30.4,20.65,49.5
2018-08-29T05:30:00Z,GYK,Greys_Creek,38.44901667,-75.13245,0.3,4.77,0.272,30.62,19.35,70.8
2018-08-29T05:45:00Z,GYK,Greys_Creek,38.44901667,-75.13245,0.3,5.27,0.249,30.78,20.03,78.8
2018-08-29T06:00:00Z,GYK,Greys_Creek,38.44901667,-75.13245,0.3,5.26,0.222,30.75,20.41,78.8
2018-08-29T06:15:00Z,GYK,Greys_Creek,38.44901667,-75.13245,0.3,4.99,0.205,30.5,19.21,74.0
2018-08-29T06:30:00Z,GYK,Greys_Creek,38.44901667,-75.13245,0.3,3.77,0.189,30.3,19.43,55.7
2018-08-29T06:45:00Z,GYK,Greys_Creek,38.44901667,-75.13245,0.3,3.53,0.176,30.21,19.34,52.1
2018-08-29T07:00:00Z,GYK,Greys_Creek,38.44901667,-75.13245,0.3,3.66,0.165,30.32,19.37,54.2
2018-08-29T07:15:00Z,GYK,Greys_Creek,38.44901667,-75.13245,0.3,4.28,0.153,30.14,18.61,62.9
2018-08-29T07:30:00Z,GYK,Greys_Creek,38.44901667,-75.13245,0.3,4.5,0.137,29.32,16.49,64.5
2018-08-29T07:45:00Z,GYK,Greys_Creek,38.44901667,-75.13245,0.3,4.35,0.122,29.12,16.56,62.1
2018-08-29T08:00:00Z,GYK,Greys_Creek,38.44901667,-75.13245,0.3,4.12,0.108,29.46,15.94,59.0
2018-08-29T08:15:00Z,GYK,Greys_Creek,38.44901667,-75.13245,0.3,4.1,0.096,28.87,15.23,57.8
2018-08-29T08:30:00Z,GYK,Greys_Creek,38.44901667,-75.13245,0.3,3.58,0.08,28.29,13.08,49.4
2018-08-29T08:45:00Z,GYK,Greys_Creek,38.44901667,-75.13245,0.3,3.72,NaN,27.18,8.62,49.2
2018-08-29T09:00:00Z,GYK,Greys_Creek,38.44901667,-75.13245,0.3,3.39,NaN,27.98,8.75,45.5
2018-08-29T09:15:00Z,GYK,Greys_Creek,38.44901667,-75.13245,0.3,3.45,NaN,26.96,8.0,45.3
2018-08-29T09:30:00Z,GYK,Greys_Creek,38.44901667,-75.13245,0.3,3.36,NaN,26.98,7.87,44.1
2018-08-29T09:45:00Z,GYK,Greys_Creek,38.44901667,-75.13245,0.3,3.19,NaN,27.26,7.53,42.0
2018-08-29T10:00:00Z,GYK,Greys_Creek,38.44901667,-75.13245,0.3,2.94,NaN,26.24,6.44,37.7
2018-08-29T10:15:00Z,GYK,Greys_Creek,38.44901667,-75.13245,0.3,2.91,NaN,26.34,5.74,37.3
2018-08-29T10:30:00Z,GYK,Greys_Creek,38.44901667,-75.13245,0.3,2.88,NaN,26.39,5.96,37.0
2018-08-29T10:45:00Z,GYK,Greys_Creek,38.44901667,-75.13245,0.3,3.14,NaN,26.0,5.05,39.8
2018-08-29T11:00:00Z,GYK,Greys_Creek,38.44901667,-75.13245,0.3,2.69,NaN,26.2,5.47,34.4
2018-08-29T11:15:00Z,GYK,Greys_Creek,38.44901667,-75.13245,0.3,2.86,NaN,25.64,4.88,36.0
2018-08-29T11:30:00Z,GYK,Greys_Creek,38.44901667,-75.13245,0.3,2.63,NaN,26.18,4.87,33.4
2018-08-29T11:45:00Z,GYK,Greys_Creek,38.44901667,-75.13245,0.3,2.17,NaN,27.7,6.82,28.6
2018-08-29T12:00:00Z,GYK,Greys_Creek,38.44901667,-75.13245,0.3,1.55,NaN,28.23,10.52,21.0
2018-08-29T12:15:00Z,GYK,Greys_Creek,38.44901667,-75.13245,0.3,1.78,NaN,28.22,12.4,24.4
2018-08-29T12:30:00Z,GYK,Greys_Creek,38.44901667,-75.13245,0.3,2.23,NaN,28.72,15.38,31.5
2018-08-29T12:45:00Z,GYK,Greys_Creek,38.44901667,-75.13245,0.3,1.87,NaN,29.57,20.99,27.6
2018-08-29T13:00:00Z,GYK,Greys_Creek,38.44901667,-75.13245,0.3,3.17,NaN,29.69,21.71,47.0
2018-08-29T13:15:00Z,GYK,Greys_Creek,38.44901667,-75.13245,0.3,3.02,0.068,29.76,22.04,44.9
2018-08-29T13:30:00Z,GYK,Greys_Creek,38.44901667,-75.13245,0.3,3.27,0.084,29.89,22.01,48.8
2018-08-29T13:45:00Z,GYK,Greys_Creek,38.44901667,-75.13245,0.3,4.05,0.099,29.63,21.43,59.9
2018-08-29T14:00:00Z,GYK,Greys_Creek,38.44901667,-75.13245,0.3,4.56,0.119,30.05,21.95,68.1
2018-08-29T14:15:00Z,GYK,Greys_Creek,38.44901667,-75.13245,0.3,5.09,0.132,30.14,22.06,76.2
2018-08-29T14:30:00Z,GYK,Greys_Creek,38.44901667,-75.13245,0.3,6.36,0.155,30.52,21.94,95.8
2018-08-29T14:45:00Z,GYK,Greys_Creek,38.44901667,-75.13245,0.3,5.21,0.173,30.6,22.22,78.7
2018-08-29T15:00:00Z,GYK,Greys_Creek,38.44901667,-75.13245,0.3,5.94,0.185,30.81,22.26,89.9
2018-08-29T15:15:00Z,GYK,Greys_Creek,38.44901667,-75.13245,0.3,7.04,0.194,31.12,21.92,107.0
2018-08-29T15:30:00Z,GYK,Greys_Creek,38.44901667,-75.13245,0.3,5.97,0.208,30.8,22.43,90.5
2018-08-29T15:45:00Z,GYK,Greys_Creek,38.44901667,-75.13245,0.3,8.36,0.22,31.6,22.42,128.4
2018-08-29T16:00:00Z,GYK,Greys_Creek,38.44901667,-75.13245,0.3,7.81,0.228,31.64,22.46,120.1
2018-08-29T16:15:00Z,GYK,Greys_Creek,38.44901667,-75.13245,0.3,6.54,0.227,31.98,22.13,101.0
2018-08-29T16:30:00Z,GYK,Greys_Creek,38.44901667,-75.13245,0.3,7.81,0.237,31.6,22.47,120.0
2018-08-29T16:45:00Z,GYK,Greys_Creek,38.44901667,-75.13245,0.3,6.83,0.246,31.12,22.78,104.2
2018-08-29T17:00:00Z,GYK,Greys_Creek,38.44901667,-75.13245,0.3,15.07,0.239,32.59,20.84,233.1
2018-08-29T17:15:00Z,GYK,Greys_Creek,38.44901667,-75.13245,0.3,8.3,0.229,31.3,21.1,125.9
2018-08-29T17:30:00Z,GYK,Greys_Creek,38.44901667,-75.13245,0.3,8.21,0.222,32.04,20.96,126.0
2018-08-29T17:45:00Z,GYK,Greys_Creek,38.44901667,-75.13245,0.3,9.31,0.205,31.39,21.25,141.5
2018-08-29T18:00:00Z,GYK,Greys_Creek,38.44901667,-75.13245,0.3,9.87,0.192,31.56,21.13,150.4
2018-08-29T18:15:00Z,GYK,Greys_Creek,38.44901667,-75.13245,0.3,9.65,0.172,31.7,21.01,147.3
2018-08-29T18:30:00Z,GYK,Greys_Creek,38.44901667,-75.13245,0.3,16.63,0.147,32.89,20.56,258.1
2018-08-29T18:45:00Z,GYK,Greys_Creek,38.44901667,-75.13245,0.3,21.76,0.132,31.93,19.71,331.0
2018-08-29T19:00:00Z,GYK,Greys_Creek,38.44901667,-75.13245,0.3,20.49,0.117,32.7,19.64,315.6
2018-08-29T19:15:00Z,GYK,Greys_Creek,38.44901667,-75.13245,0.3,21.59,0.11,32.79,18.51,330.9
2018-08-29T19:30:00Z,GYK,Greys_Creek,38.44901667,-75.13245,0.3,26.06,0.097,33.47,19.25,405.3
2018-08-29T19:45:00Z,GYK,Greys_Creek,38.44901667,-75.13245,0.3,10.26,0.074,32.47,19.65,157.5
2018-08-29T20:00:00Z,GYK,Greys_Creek,38.44901667,-75.13245,0.3,13.49,0.066,33.49,18.93,209.6
2018-08-29T20:15:00Z,GYK,Greys_Creek,38.44901667,-75.13245,0.3,19.9,0.051,32.62,17.77,302.9
2018-08-29T20:30:00Z,GYK,Greys_Creek,38.44901667,-75.13245,0.3,21.92,NaN,32.8,13.74,327.5
2018-08-29T20:45:00Z,GYK,Greys_Creek,38.44901667,-75.13245,0.3,13.94,NaN,33.69,13.4,211.0
2018-08-29T21:00:00Z,GYK,Greys_Creek,38.44901667,-75.13245,0.3,17.54,NaN,33.66,14.58,266.9
2018-08-29T21:15:00Z,GYK,Greys_Creek,38.44901667,-75.13245,0.3,12.61,NaN,33.49,15.61,192.4
2018-08-29T21:30:00Z,GYK,Greys_Creek,38.44901667,-75.13245,0.3,11.03,NaN,33.61,14.6,167.7
2018-08-29T21:45:00Z,GYK,Greys_Creek,38.44901667,-75.13245,0.3,13.34,NaN,32.34,12.24,196.2
2018-08-29T22:00:00Z,GYK,Greys_Creek,38.44901667,-75.13245,0.3,12.78,NaN,32.79,13.34,190.5
2018-08-29T22:15:00Z,GYK,Greys_Creek,38.44901667,-75.13245,0.3,13.39,NaN,32.11,12.95,197.0
2018-08-29T22:30:00Z,GYK,Greys_Creek,38.44901667,-75.13245,0.3,12.35,NaN,31.42,12.35,179.1
2018-08-29T22:45:00Z,GYK,Greys_Creek,38.44901667,-75.13245,0.3,13.2,NaN,30.95,9.1,186.6
2018-08-29T23:00:00Z,GYK,Greys_Creek,38.44901667,-75.13245,0.3,13.21,NaN,29.83,5.98,180.1
2018-08-29T23:15:00Z,GYK,Greys_Creek,38.44901667,-75.13245,0.3,12.72,NaN,30.14,5.06,173.5
2018-08-29T23:30:00Z,GYK,Greys_Creek,38.44901667,-75.13245,0.3,12.06,NaN,30.2,7.52,166.9
2018-08-29T23:45:00Z,GYK,Greys_Creek,38.44901667,-75.13245,0.3,11.01,NaN,29.77,6.66,150.5
2018-08-30T00:00:00Z,GYK,Greys_Creek,38.44901667,-75.13245,0.3,10.99,NaN,29.45,5.78,148.7
2018-08-30T00:15:00Z,GYK,Greys_Creek,38.44901667,-75.13245,0.3,8.17,NaN,30.19,9.45,114.1
2018-08-30T00:30:00Z,GYK,Greys_Creek,38.44901667,-75.13245,0.3,7.55,0.036,30.63,13.93,108.9
2018-08-30T00:45:00Z,GYK,Greys_Creek,38.44901667,-75.13245,0.3,7.47,0.04,30.93,17.66,110.6
2018-08-30T01:00:00Z,GYK,Greys_Creek,38.44901667,-75.13245,0.3,7.04,0.04,30.78,19.89,105.2
2018-08-30T01:15:00Z,GYK,Greys_Creek,38.44901667,-75.13245,0.3,6.08,0.041,30.8,18.66,90.3
2018-08-30T01:30:00Z,GYK,Greys_Creek,38.44901667,-75.13245,0.3,7.15,0.059,30.05,19.61,105.5
2018-08-30T01:45:00Z,GYK,Greys_Creek,38.44901667,-75.13245,0.3,5.31,0.076,30.88,21.78,80.3
2018-08-30T02:00:00Z,GYK,Greys_Creek,38.44901667,-75.13245,0.3,5.66,0.091,30.58,20.87,84.8
2018-08-30T02:15:00Z,GYK,Greys_Creek,38.44901667,-75.13245,0.3,6.58,0.109,30.01,20.66,97.5
2018-08-30T02:30:00Z,GYK,Greys_Creek,38.44901667,-75.13245,0.3,5.28,0.128,30.69,21.29,79.4
2018-08-30T02:45:00Z,GYK,Greys_Creek,38.44901667,-75.13245,0.3,4.81,0.151,30.73,21.98,72.7
2018-08-30T03:00:00Z,GYK,Greys_Creek,38.44901667,-75.13245,0.3,4.44,0.162,30.68,21.94,67.0
2018-08-30T03:15:00Z,GYK,Greys_Creek,38.44901667,-75.13245,0.3,4.13,0.176,30.59,21.88,62.2
2018-08-30T03:30:00Z,GYK,Greys_Creek,38.44901667,-75.13245,0.3,3.98,0.187,30.61,22.06,60.0
2018-08-30T03:45:00Z,GYK,Greys_Creek,38.44901667,-75.13245,0.3,3.45,0.205,30.56,22.17,52.1
2018-08-30T04:00:00Z,GYK,Greys_Creek,38.44901667,-75.13245,0.3,3.89,0.225,30.36,22.21,58.5
2018-08-30T04:15:00Z,GYK,Greys_Creek,38.44901667,-75.13245,0.3,4.04,0.234,30.12,22.15,60.5
2018-08-30T04:30:00Z,GYK,Greys_Creek,38.44901667,-75.13245,0.3,4.65,0.238,30.22,22.14,69.7
2018-08-30T04:45:00Z,GYK,Greys_Creek,38.44901667,-75.13245,0.3,3.91,0.249,30.14,22.18,58.6
2018-08-30T05:00:00Z,GYK,Greys_Creek,38.44901667,-75.13245,0.3,4.15,0.255,29.93,22.13,61.9
2018-08-30T05:15:00Z,GYK,Greys_Creek,38.44901667,-75.13245,0.3,3.92,0.257,29.9,22.07,58.4
2018-08-30T05:30:00Z,GYK,Greys_Creek,38.44901667,-75.13245,0.3,2.96,0.255,30.31,20.65,44.0
2018-08-30T05:45:00Z,GYK,Greys_Creek,38.44901667,-75.13245,0.3,4.02,0.243,30.52,20.41,60.0
2018-08-30T06:00:00Z,GYK,Greys_Creek,38.44901667,-75.13245,0.3,4.18,0.231,30.68,20.24,62.4
2018-08-30T06:15:00Z,GYK,Greys_Creek,38.44901667,-75.13245,0.3,4.37,0.21,30.64,20.02,65.3
2018-08-30T06:30:00Z,GYK,Greys_Creek,38.44901667,-75.13245,0.3,4.35,0.187,30.4,19.47,64.5
2018-08-30T06:45:00Z,GYK,Greys_Creek,38.44901667,-75.13245,0.3,4.21,0.171,30.39,19.39,62.4
2018-08-30T07:00:00Z,GYK,Greys_Creek,38.44901667,-75.13245,0.3,3.91,0.158,30.11,19.14,57.6
2018-08-30T07:15:00Z,GYK,Greys_Creek,38.44901667,-75.13245,0.3,3.99,0.14,30.08,19.22,58.7
2018-08-30T07:30:00Z,GYK,Greys_Creek,38.44901667,-75.13245,0.3,3.96,0.126,29.88,18.42,57.9
2018-08-30T07:45:00Z,GYK,Greys_Creek,38.44901667,-75.13245,0.3,3.61,0.117,29.96,18.31,52.8
2018-08-30T08:00:00Z,GYK,Greys_Creek,38.44901667,-75.13245,0.3,3.35,0.104,29.76,17.85,48.8
2018-08-30T08:15:00Z,GYK,Greys_Creek,38.44901667,-75.13245,0.3,3.81,0.085,29.32,17.23,54.7
2018-08-30T08:30:00Z,GYK,Greys_Creek,38.44901667,-75.13245,0.3,3.89,0.069,29.02,16.22,55.3
2018-08-30T08:45:00Z,GYK,Greys_Creek,38.44901667,-75.13245,0.3,3.33,0.058,29.1,16.2,47.4
2018-08-30T09:00:00Z,GYK,Greys_Creek,38.44901667,-75.13245,0.3,2.75,0.048,29.09,16.26,39.2
2018-08-30T09:15:00Z,GYK,Greys_Creek,38.44901667,-75.13245,0.3,2.67,NaN,28.98,15.34,37.8
2018-08-30T09:30:00Z,GYK,Greys_Creek,38.44901667,-75.13245,0.3,2.98,NaN,27.7,10.15,40.1
2018-08-30T09:45:00Z,GYK,Greys_Creek,38.44901667,-75.13245,0.3,2.78,NaN,28.53,10.44,38.0
2018-08-30T10:00:00Z,GYK,Greys_Creek,38.44901667,-75.13245,0.3,2.97,NaN,26.92,7.71,38.8
2018-08-30T10:15:00Z,GYK,Greys_Creek,38.44901667,-75.13245,0.3,2.91,NaN,26.88,7.04,37.9
2018-08-30T10:30:00Z,GYK,Greys_Creek,38.44901667,-75.13245,0.3,3.14,NaN,26.56,6.3,40.5
2018-08-30T10:45:00Z,GYK,Greys_Creek,38.44901667,-75.13245,0.3,2.94,NaN,26.41,5.61,37.7
2018-08-30T11:00:00Z,GYK,Greys_Creek,38.44901667,-75.13245,0.3,2.93,NaN,26.25,5.04,37.4
2018-08-30T11:15:00Z,GYK,Greys_Creek,38.44901667,-75.13245,0.3,2.83,NaN,26.42,5.61,36.2
2018-08-30T11:30:00Z,GYK,Greys_Creek,38.44901667,-75.13245,0.3,2.76,NaN,26.62,5.65,35.5
2018-08-30T11:45:00Z,GYK,Greys_Creek,38.44901667,-75.13245,0.3,2.77,0.048,26.62,3.08,35.1
2018-08-30T12:00:00Z,GYK,Greys_Creek,38.44901667,-75.13245,0.3,2.37,0.052,27.2,3.02,30.4
2018-08-30T12:15:00Z,GYK,Greys_Creek,38.44901667,-75.13245,0.3,2.77,0.051,26.75,2.89,35.2
2018-08-30T12:30:00Z,GYK,Greys_Creek,38.44901667,-75.13245,0.3,3.14,0.051,27.99,3.18,40.8
2018-08-30T12:45:00Z,GYK,Greys_Creek,38.44901667,-75.13245,0.3,2.36,0.053,29.27,13.21,33.2
2018-08-30T13:00:00Z,GYK,Greys_Creek,38.44901667,-75.13245,0.3,2.03,0.049,29.75,20.92,30.0
2018-08-30T13:15:00Z,GYK,Greys_Creek,38.44901667,-75.13245,0.3,2.19,0.049,29.69,21.09,32.3
2018-08-30T13:30:00Z,GYK,Greys_Creek,38.44901667,-75.13245,0.3,2.29,0.047,29.98,21.9,34.1
2018-08-30T13:45:00Z,GYK,Greys_Creek,38.44901667,-75.13245,0.3,3.66,0.047,29.61,14.36,52.1
2018-08-30T14:00:00Z,GYK,Greys_Creek,38.44901667,-75.13245,0.3,3.67,0.051,30.11,21.7,54.7
2018-08-30T14:15:00Z,GYK,Greys_Creek,38.44901667,-75.13245,0.3,3.09,0.063,30.04,21.34,46.0
2018-08-30T14:30:00Z,GYK,Greys_Creek,38.44901667,-75.13245,0.3,3.48,0.079,30.25,22.35,52.2
2018-08-30T14:45:00Z,GYK,Greys_Creek,38.44901667,-75.13245,0.3,3.38,0.101,30.3,22.41,50.9
2018-08-30T15:00:00Z,GYK,Greys_Creek,38.44901667,-75.13245,0.3,3.63,0.112,30.49,22.36,54.7
2018-08-30T15:15:00Z,GYK,Greys_Creek,38.44901667,-75.13245,0.3,2.94,0.13,30.25,22.52,44.2
2018-08-30T15:30:00Z,GYK,Greys_Creek,38.44901667,-75.13245,0.3,3.39,0.153,30.26,22.48,51.0
2018-08-30T15:45:00Z,GYK,Greys_Creek,38.44901667,-75.13245,0.3,3.32,0.168,30.16,22.73,49.9
2018-08-30T16:00:00Z,GYK,Greys_Creek,38.44901667,-75.13245,0.3,3.63,0.179,30.36,22.8,54.7
2018-08-30T16:15:00Z,GYK,Greys_Creek,38.44901667,-75.13245,0.3,4.29,0.204,30.67,22.81,65.0
2018-08-30T16:30:00Z,GYK,Greys_Creek,38.44901667,-75.13245,0.3,3.52,0.22,30.37,23.11,53.2
2018-08-30T16:45:00Z,GYK,Greys_Creek,38.44901667,-75.13245,0.3,4.82,0.218,30.5,23.13,72.9
2018-08-30T17:00:00Z,GYK,Greys_Creek,38.44901667,-75.13245,0.3,4.13,0.214,31.16,22.07,62.9
2018-08-30T17:15:00Z,GYK,Greys_Creek,38.44901667,-75.13245,0.3,6.27,0.229,31.39,22.04,95.8
2018-08-30T17:30:00Z,GYK,Greys_Creek,38.44901667,-75.13245,0.3,6.99,0.234,31.38,22.49,107.0
2018-08-30T17:45:00Z,GYK,Greys_Creek,38.44901667,-75.13245,0.3,6.44,0.236,32.16,20.57,98.7
2018-08-30T18:00:00Z,GYK,Greys_Creek,38.44901667,-75.13245,0.3,11.14,0.23,32.21,20.96,171.5
2018-08-30T18:15:00Z,GYK,Greys_Creek,38.44901667,-75.13245,0.3,11.39,0.214,32.06,20.76,174.6
2018-08-30T18:30:00Z,GYK,Greys_Creek,38.44901667,-75.13245,0.3,11.57,0.2,31.92,21.19,177.5
2018-08-30T18:45:00Z,GYK,Greys_Creek,38.44901667,-75.13245,0.3,11.93,0.177,32.27,20.79,183.6
2018-08-30T19:00:00Z,GYK,Greys_Creek,38.44901667,-75.13245,0.3,12.56,0.157,32.27,20.79,193.4
2018-08-30T19:15:00Z,GYK,Greys_Creek,38.44901667,-75.13245,0.3,11.8,0.142,32.01,20.34,180.3
2018-08-30T19:30:00Z,GYK,Greys_Creek,38.44901667,-75.13245,0.3,10.19,0.135,31.5,19.86,154.0
2018-08-30T19:45:00Z,GYK,Greys_Creek,38.44901667,-75.13245,0.3,10.2,0.121,31.78,19.25,154.4
2018-08-30T20:00:00Z,GYK,Greys_Creek,38.44901667,-75.13245,0.3,11.96,0.107,32.07,19.35,182.0
2018-08-30T20:15:00Z,GYK,Greys_Creek,38.44901667,-75.13245,0.3,10.38,0.099,31.69,19.17,156.9
2018-08-30T20:30:00Z,GYK,Greys_Creek,38.44901667,-75.13245,0.3,9.59,0.081,31.52,19.49,144.7
2018-08-30T20:45:00Z,GYK,Greys_Creek,38.44901667,-75.13245,0.3,10.96,0.061,31.56,16.39,162.8
2018-08-30T21:00:00Z,GYK,Greys_Creek,38.44901667,-75.13245,0.3,12.46,NaN,31.54,16.32,184.9
2018-08-30T21:15:00Z,GYK,Greys_Creek,38.44901667,-75.13245,0.3,10.53,NaN,31.56,16.73,156.7
2018-08-30T21:30:00Z,GYK,Greys_Creek,38.44901667,-75.13245,0.3,11.73,NaN,31.47,16.19,173.7
2018-08-30T21:45:00Z,GYK,Greys_Creek,38.44901667,-75.13245,0.3,13.56,NaN,31.38,11.88,195.9
2018-08-30T22:00:00Z,GYK,Greys_Creek,38.44901667,-75.13245,0.3,12.06,NaN,30.64,10.4,170.7
2018-08-30T22:15:00Z,GYK,Greys_Creek,38.44901667,-75.13245,0.3,13.21,NaN,30.08,9.77,184.7
2018-08-30T22:30:00Z,GYK,Greys_Creek,38.44901667,-75.13245,0.3,11.52,NaN,29.84,10.03,160.6
2018-08-30T22:45:00Z,GYK,Greys_Creek,38.44901667,-75.13245,0.3,11.44,NaN,29.88,11.42,160.8
2018-08-30T23:00:00Z,GYK,Greys_Creek,38.44901667,-75.13245,0.3,10.44,NaN,28.08,5.27,137.6
2018-08-30T23:15:00Z,GYK,Greys_Creek,38.44901667,-75.13245,0.3,10.21,NaN,27.59,5.14,133.3
2018-08-30T23:30:00Z,GYK,Greys_Creek,38.44901667,-75.13245,0.3,9.53,NaN,27.93,5.38,125.2
2018-08-30T23:45:00Z,GYK,Greys_Creek,38.44901667,-75.13245,0.3,8.06,NaN,28.1,5.41,106.2
2018-08-31T00:00:00Z,GYK,Greys_Creek,38.44901667,-75.13245,0.3,8.74,NaN,27.47,5.8,114.2
2018-08-31T00:15:00Z,GYK,Greys_Creek,38.44901667,-75.13245,0.3,8.0,0.047,27.22,4.81,103.5
2018-08-31T00:30:00Z,GYK,Greys_Creek,38.44901667,-75.13245,0.3,5.29,0.049,27.45,4.78,68.8
2018-08-31T00:45:00Z,GYK,Greys_Creek,38.44901667,-75.13245,0.3,5.64,0.05,29.02,6.63,76.0
2018-08-31T01:00:00Z,GYK,Greys_Creek,38.44901667,-75.13245,0.3,6.22,0.06,30.5,18.2,91.7
2018-08-31T01:15:00Z,GYK,Greys_Creek,38.44901667,-75.13245,0.3,4.82,0.059,30.55,19.34,71.6
2018-08-31T01:30:00Z,GYK,Greys_Creek,38.44901667,-75.13245,0.3,4.43,0.063,30.26,19.33,65.5
2018-08-31T01:45:00Z,GYK,Greys_Creek,38.44901667,-75.13245,0.3,4.34,0.065,30.4,19.2,64.3
2018-08-31T02:00:00Z,GYK,Greys_Creek,38.44901667,-75.13245,0.3,3.55,0.063,30.28,18.79,52.4
2018-08-31T02:15:00Z,GYK,Greys_Creek,38.44901667,-75.13245,0.3,3.19,0.081,30.52,19.56,47.4
2018-08-31T02:30:00Z,GYK,Greys_Creek,38.44901667,-75.13245,0.3,2.99,0.101,30.7,20.13,44.7
2018-08-31T02:45:00Z,GYK,Greys_Creek,38.44901667,-75.13245,0.3,3.55,0.125,30.93,20.83,53.5
2018-08-31T03:00:00Z,GYK,Greys_Creek,38.44901667,-75.13245,0.3,4.16,0.143,30.7,20.87,62.5
2018-08-31T03:15:00Z,GYK,Greys_Creek,38.44901667,-75.13245,0.3,4.29,0.159,30.63,21.0,64.3
2018-08-31T03:30:00Z,GYK,Greys_Creek,38.44901667,-75.13245,0.3,4.55,0.177,30.5,21.13,68.1
2018-08-31T03:45:00Z,GYK,Greys_Creek,38.44901667,-75.13245,0.3,4.21,0.2,30.61,21.33,63.2
2018-08-31T04:00:00Z,GYK,Greys_Creek,38.44901667,-75.13245,0.3,4.12,0.218,30.49,21.4,61.8
2018-08-31T04:15:00Z,GYK,Greys_Creek,38.44901667,-75.13245,0.3,3.7,0.227,30.26,21.35,55.3
2018-08-31T04:30:00Z,GYK,Greys_Creek,38.44901667,-75.13245,0.3,3.42,0.244,30.51,21.52,51.4
2018-08-31T04:45:00Z,GYK,Greys_Creek,38.44901667,-75.13245,0.3,3.52,0.262,30.44,21.72,52.8
2018-08-31T05:00:00Z,GYK,Greys_Creek,38.44901667,-75.13245,0.3,3.13,0.274,30.31,21.73,46.9
2018-08-31T05:15:00Z,GYK,Greys_Creek,38.44901667,-75.13245,0.3,2.51,0.279,30.24,21.77,37.5
2018-08-31T05:30:00Z,GYK,Greys_Creek,38.44901667,-75.13245,0.3,2.83,0.287,30.29,21.91,42.4
2018-08-31T05:45:00Z,GYK,Greys_Creek,38.44901667,-75.13245,0.3,2.8,0.29,30.19,21.76,41.8
2018-08-31T06:00:00Z,GYK,Greys_Creek,38.44901667,-75.13245,0.3,2.69,0.293,30.01,21.58,40.0
2018-08-31T06:15:00Z,GYK,Greys_Creek,38.44901667,-75.13245,0.3,2.36,0.298,29.97,20.84,34.9
2018-08-31T06:30:00Z,GYK,Greys_Creek,38.44901667,-75.13245,0.3,3.87,0.28,30.06,20.55,57.3
2018-08-31T06:45:00Z,GYK,Greys_Creek,38.44901667,-75.13245,0.3,3.17,0.277,30.29,20.23,47.2
2018-08-31T07:00:00Z,GYK,Greys_Creek,38.44901667,-75.13245,0.3,2.96,0.327,29.98,21.94,44.2
2018-08-31T07:15:00Z,GYK,Greys_Creek,38.44901667,-75.13245,0.3,2.06,0.359,29.95,22.31,30.8
2018-08-31T07:30:00Z,GYK,Greys_Creek,38.44901667,-75.13245,0.3,3.18,0.289,30.14,21.34,47.3
2018-08-31T07:45:00Z,GYK,Greys_Creek,38.44901667,-75.13245,0.3,2.79,0.209,30.16,21.25,41.5
2018-08-31T08:00:00Z,GYK,Greys_Creek,38.44901667,-75.13245,0.3,3.3,0.162,29.48,19.45,48.1
2018-08-31T08:15:00Z,GYK,Greys_Creek,38.44901667,-75.13245,0.3,2.07,0.163,29.49,19.18,30.2
2018-08-31T08:30:00Z,GYK,Greys_Creek,38.44901667,-75.13245,0.3,2.19,0.163,29.72,19.95,32.1
2018-08-31T08:45:00Z,GYK,Greys_Creek,38.44901667,-75.13245,0.3,2.71,0.166,29.04,19.18,39.2
2018-08-31T09:00:00Z,GYK,Greys_Creek,38.44901667,-75.13245,0.3,2.39,0.15,29.37,18.55,34.6
2018-08-31T09:15:00Z,GYK,Greys_Creek,38.44901667,-75.13245,0.3,2.97,0.128,29.17,18.43,42.9
2018-08-31T09:30:00Z,GYK,Greys_Creek,38.44901667,-75.13245,0.3,2.24,0.117,28.99,17.73,32.1
2018-08-31T09:45:00Z,GYK,Greys_Creek,38.44901667,-75.13245,0.3,2.11,0.105,28.9,17.63,30.2
2018-08-31T10:00:00Z,GYK,Greys_Creek,38.44901667,-75.13245,0.3,1.94,0.106,28.77,17.47,27.7
2018-08-31T10:15:00Z,GYK,Greys_Creek,38.44901667,-75.13245,0.3,1.92,0.098,28.52,16.88,27.2
2018-08-31T10:30:00Z,GYK,Greys_Creek,38.44901667,-75.13245,0.3,2.09,0.084,28.35,16.65,29.4
2018-08-31T10:45:00Z,GYK,Greys_Creek,38.44901667,-75.13245,0.3,2.1,0.084,28.01,15.97,29.4
2018-08-31T11:00:00Z,GYK,Greys_Creek,38.44901667,-75.13245,0.3,1.87,0.083,27.73,15.36,25.9
2018-08-31T11:15:00Z,GYK,Greys_Creek,38.44901667,-75.13245,0.3,1.06,0.083,29.21,18.11,15.3
2018-08-31T11:30:00Z,GYK,Greys_Creek,38.44901667,-75.13245,0.3,2.15,0.087,27.74,14.54,29.7
2018-08-31T11:45:00Z,GYK,Greys_Creek,38.44901667,-75.13245,0.3,2.97,0.088,27.07,12.82,40.0
2018-08-31T12:00:00Z,GYK,Greys_Creek,38.44901667,-75.13245,0.3,2.53,0.088,26.92,11.22,33.8
2018-08-31T12:15:00Z,GYK,Greys_Creek,38.44901667,-75.13245,0.3,1.92,0.09,26.69,10.76,25.5
2018-08-31T12:30:00Z,GYK,Greys_Creek,38.44901667,-75.13245,0.3,2.59,0.091,26.72,9.78,34.1
2018-08-31T12:45:00Z,GYK,Greys_Creek,38.44901667,-75.13245,0.3,2.99,0.091,27.12,9.34,39.6
2018-08-31T13:00:00Z,GYK,Greys_Creek,38.44901667,-75.13245,0.3,2.58,0.095,28.28,13.27,35.7
2018-08-31T13:15:00Z,GYK,Greys_Creek,38.44901667,-75.13245,0.3,2.36,0.093,29.49,21.0,34.8
2018-08-31T13:30:00Z,GYK,Greys_Creek,38.44901667,-75.13245,0.3,3.77,0.092,29.32,21.46,55.4
2018-08-31T13:45:00Z,GYK,Greys_Creek,38.44901667,-75.13245,0.3,3.22,0.124,29.33,21.3,47.4
2018-08-31T14:00:00Z,GYK,Greys_Creek,38.44901667,-75.13245,0.3,3.54,0.136,29.4,21.83,52.3
2018-08-31T14:15:00Z,GYK,Greys_Creek,38.44901667,-75.13245,0.3,2.97,0.152,29.45,21.68,43.9
2018-08-31T14:30:00Z,GYK,Greys_Creek,38.44901667,-75.13245,0.3,2.27,0.17,29.65,21.9,33.7
2018-08-31T14:45:00Z,GYK,Greys_Creek,38.44901667,-75.13245,0.3,2.32,0.187,29.73,21.91,34.4
2018-08-31T15:00:00Z,GYK,Greys_Creek,38.44901667,-75.13245,0.3,3.06,0.21,29.67,22.07,45.5
2018-08-31T15:15:00Z,GYK,Greys_Creek,38.44901667,-75.13245,0.3,5.87,0.234,29.69,22.0,87.2
2018-08-31T15:30:00Z,GYK,Greys_Creek,38.44901667,-75.13245,0.3,5.19,0.256,29.84,21.95,77.3
2018-08-31T15:45:00Z,GYK,Greys_Creek,38.44901667,-75.13245,0.3,5.91,0.277,30.02,21.74,88.1
2018-08-31T16:00:00Z,GYK,Greys_Creek,38.44901667,-75.13245,0.3,8.59,0.291,30.22,21.41,128.3
2018-08-31T16:15:00Z,GYK,Greys_Creek,38.44901667,-75.13245,0.3,8.91,0.307,30.21,21.18,132.8
2018-08-31T16:30:00Z,GYK,Greys_Creek,38.44901667,-75.13245,0.3,8.59,0.33,30.23,21.24,128.2
2018-08-31T16:45:00Z,GYK,Greys_Creek,38.44901667,-75.13245,0.3,7.96,0.346,30.21,21.4,118.8
2018-08-31T17:00:00Z,GYK,Greys_Creek,38.44901667,-75.13245,0.3,9.82,0.36,30.32,21.39,146.9
2018-08-31T17:15:00Z,GYK,Greys_Creek,38.44901667,-75.13245,0.3,9.23,0.374,30.25,21.5,138.0
2018-08-31T17:30:00Z,GYK,Greys_Creek,38.44901667,-75.13245,0.3,9.95,0.382,30.27,21.59,148.9
2018-08-31T17:45:00Z,GYK,Greys_Creek,38.44901667,-75.13245,0.3,9.89,0.398,30.39,21.65,148.3
2018-08-31T18:00:00Z,GYK,Greys_Creek,38.44901667,-75.13245,0.3,10.84,0.405,30.46,21.68,162.7
2018-08-31T18:15:00Z,GYK,Greys_Creek,38.44901667,-75.13245,0.3,11.85,0.411,30.71,21.63,178.6
2018-08-31T18:30:00Z,GYK,Greys_Creek,38.44901667,-75.13245,0.3,12.2,0.414,30.9,21.6,184.3
2018-08-31T18:45:00Z,GYK,Greys_Creek,38.44901667,-75.13245,0.3,14.02,0.412,31.24,21.49,212.9
2018-08-31T19:00:00Z,GYK,Greys_Creek,38.44901667,-75.13245,0.3,12.82,0.41,31.34,21.35,194.9
2018-08-31T19:15:00Z,GYK,Greys_Creek,38.44901667,-75.13245,0.3,11.3,0.408,31.06,21.27,171.0
2018-08-31T19:30:00Z,GYK,Greys_Creek,38.44901667,-75.13245,0.3,13.46,0.408,31.3,21.18,204.4
2018-08-31T19:45:00Z,GYK,Greys_Creek,38.44901667,-75.13245,0.3,14.17,0.387,31.44,20.86,215.2
2018-08-31T20:00:00Z,GYK,Greys_Creek,38.44901667,-75.13245,0.3,17.81,0.368,31.81,20.02,270.9
2018-08-31T20:15:00Z,GYK,Greys_Creek,38.44901667,-75.13245,0.3,9.77,0.351,30.69,20.66,146.5
2018-08-31T20:30:00Z,GYK,Greys_Creek,38.44901667,-75.13245,0.3,8.89,0.334,30.6,20.94,133.3
2018-08-31T20:45:00Z,GYK,Greys_Creek,38.44901667,-75.13245,0.3,10.91,0.323,31.05,20.35,164.3
2018-08-31T21:00:00Z,GYK,Greys_Creek,38.44901667,-75.13245,0.3,14.46,0.309,31.37,20.03,218.3
2018-08-31T21:15:00Z,GYK,Greys_Creek,38.44901667,-75.13245,0.3,17.09,0.283,31.28,19.6,257.1
2018-08-31T21:30:00Z,GYK,Greys_Creek,38.44901667,-75.13245,0.3,10.56,0.277,30.92,19.24,157.7
2018-08-31T21:45:00Z,GYK,Greys_Creek,38.44901667,-75.13245,0.3,8.14,0.264,30.72,18.84,120.8
2018-08-31T22:00:00Z,GYK,Greys_Creek,38.44901667,-75.13245,0.3,7.73,0.251,30.63,19.29,114.9
2018-08-31T22:15:00Z,GYK,Greys_Creek,38.44901667,-75.13245,0.3,9.93,0.243,30.6,18.23,146.6
2018-08-31T22:30:00Z,GYK,Greys_Creek,38.44901667,-75.13245,0.3,11.46,0.23,30.85,18.72,170.4
2018-08-31T22:45:00Z,GYK,Greys_Creek,38.44901667,-75.13245,0.3,13.19,0.223,30.81,19.48,196.8
2018-08-31T23:00:00Z,GYK,Greys_Creek,38.44901667,-75.13245,0.3,13.09,0.212,30.7,19.72,195.2
2018-08-31T23:15:00Z,GYK,Greys_Creek,38.44901667,-75.13245,0.3,13.91,0.195,30.46,17.64,204.4
2018-08-31T23:30:00Z,GYK,Greys_Creek,38.44901667,-75.13245,0.3,12.51,0.199,30.61,18.92,185.5
2018-08-31T23:45:00Z,GYK,Greys_Creek,38.44901667,-75.13245,0.3,9.49,0.189,29.96,18.28,138.8
2018-09-01T00:00:00Z,GYK,Greys_Creek,38.44901667,-75.13245,0.3,11.72,0.177,29.77,17.41,170.0
