dataset_id,block_index,block_start,block_end,cadence_hours,phase_index,status,error,reference_L_compatible,n_sparse_reports,permitted_replacement_fraction,minimum_replacements_for_feasibility,common_anchor_condition_M_gt_2k,horizon_hours,threshold_mgL,state_lower_bound_mgL,max_slope_mgL_per_hour,max_replacements,reference_occupation_hours,reference_deficit_mgL_hours,occupation_lower_k0,occupation_upper_k0,occupation_lower_k1,occupation_upper_k1,occupation_width_fraction_k0,occupation_width_fraction_k1,occupation_width_fraction_increase,deficit_lower_k0_mgL_hours,deficit_upper_k0_mgL_hours,deficit_lower_k1_mgL_hours,deficit_upper_k1_mgL_hours,deficit_width_fraction_k0,deficit_width_fraction_k1,deficit_width_fraction_increase,occupation_reference_covered_k1,deficit_reference_covered_k1,k0_nested_in_k1,any_endpoint_uses_deletion,occupation_lower_witness_deleted_count,occupation_upper_witness_deleted_count,oxygen_deficit_lower_witness_deleted_count,oxygen_deficit_upper_witness_deleted_count,occupation_lower_witness_deleted_indices,occupation_upper_witness_deleted_indices,oxygen_deficit_lower_witness_deleted_indices,oxygen_deficit_upper_witness_deleted_indices
mddnr_Camp_Tockwogh,0,2017-06-01 00:00:14+00:00,2017-06-08 00:00:28+00:00,0.5,0,feasible,,True,337,0.002967359050445104,0,True,168.0038888888889,5.0,0.0,13.203959999999936,1,0.0,0.0,0.0,2.9728296864475108,0.0,3.48330474342538,0.017695005193681,0.020733476864509364,0.0030384716708283625,0.0,0.5423116384110512,0.0,1.6722421713874989,0.0006455941490374,0.0019907184083023857,0.0013451242592649856,True,True,True,True,1,1,1,1,[336],[260],[336],[214]
mddnr_Camp_Tockwogh,0,2017-06-01 00:00:14+00:00,2017-06-08 00:00:28+00:00,0.5,1,feasible,,True,336,0.002976190476190476,0,True,167.5038888888889,5.0,0.0,13.203959999999936,1,0.0,0.0,0.0,2.914310040321279,0.0,3.4161025152050666,0.0173984619679752,0.020394168385374535,0.0029957064173993346,0.0,0.5234964349158298,0.0,1.6404096453685302,0.0006250558579724,0.0019586526095005117,0.0013335967515281117,True,True,True,True,1,1,1,1,[335],[294],[335],[215]
mddnr_Camp_Tockwogh,0,2017-06-01 00:00:14+00:00,2017-06-08 00:00:28+00:00,1.0,0,feasible,,True,169,0.005917159763313609,0,True,168.0038888888889,5.0,0.0,13.203959999999936,1,0.0,0.0,0.0,70.03858151140459,0.0,70.92770871263818,0.416886668365905,0.42217896967579693,0.005292301309891945,0.0,102.1439007586459,0.0,106.50683270930313,0.121597067108607,0.12679091348860683,0.005193846379999825,True,True,True,True,1,1,1,1,[168],[91],[168],[53]
mddnr_Camp_Tockwogh,0,2017-06-01 00:00:14+00:00,2017-06-08 00:00:28+00:00,1.0,1,feasible,,True,168,0.005952380952380952,0,True,167.0038888888889,5.0,0.0,13.203959999999936,1,0.0,0.0,0.0,69.62704133709299,0.0,70.50405096147841,0.4169186825548552,0.42217011490304995,0.005251432348194751,0.0,101.80367042428868,0.0,106.16705575408363,0.1219177243136185,0.12714321380230703,0.005225489488688534,True,True,True,True,1,1,1,1,[167],[91],[167],[53]
mddnr_Camp_Tockwogh,0,2017-06-01 00:00:14+00:00,2017-06-08 00:00:28+00:00,1.0,2,feasible,,True,168,0.005952380952380952,0,True,167.0038888888889,5.0,0.0,13.203959999999936,1,0.0,0.0,0.0,69.74670240846918,0.0,70.61310915311246,0.4176351992310376,0.422823142759824,0.005187943528786432,0.0,101.9774784174326,0.0,106.18759412639871,0.1221258727517181,0.1271678100826113,0.005041937330893198,True,True,True,True,1,1,1,1,[167],[90],[167],[30]
mddnr_Camp_Tockwogh,0,2017-06-01 00:00:14+00:00,2017-06-08 00:00:28+00:00,1.0,3,feasible,,True,168,0.005952380952380952,0,True,167.0038888888889,5.0,0.0,13.203959999999936,1,0.0,0.0,0.0,69.54449034481539,0.0,70.43361754604895,0.4164243767466083,0.4217483677455552,0.00532399099894687,0.0,101.44872133547253,0.0,105.66727211563244,0.121492645483206,0.12654468446053377,0.005052038977327769,True,True,True,True,1,1,1,1,[167],[90],[167],[165]
mddnr_Camp_Tockwogh,0,2017-06-01 00:00:14+00:00,2017-06-08 00:00:28+00:00,2.0,0,feasible,,True,85,0.011764705882352941,0,True,168.0038888888889,5.0,0.0,13.203959999999936,1,0.0,0.0,0.0,119.07992971300506,0.0,119.93270418369416,0.7087926981961697,0.7138686192140046,0.005075921017834828,0.0,436.3564524329551,0.0,442.5136961689252,0.51945994264638,0.5267898250398075,0.007329882393427578,True,True,True,True,1,1,1,1,[84],[22],[84],[22]
mddnr_Camp_Tockwogh,0,2017-06-01 00:00:14+00:00,2017-06-08 00:00:28+00:00,2.0,1,feasible,,True,84,0.011904761904761904,0,True,166.0038888888889,5.0,0.0,13.203959999999936,1,0.0,0.0,0.0,117.55554460429536,0.0,118.4098337720905,0.7081493415071657,0.7132955412348535,0.005146199727687817,0.0,430.6278982719312,0.0,436.7927154934314,0.5188166387597855,0.5262439553880441,0.0074273166282586844,True,True,True,True,1,1,1,1,[83],[22],[83],[22]
mddnr_Camp_Tockwogh,0,2017-06-01 00:00:14+00:00,2017-06-08 00:00:28+00:00,2.0,2,feasible,,True,84,0.011904761904761904,0,True,166.0038888888889,5.0,0.0,13.203959999999936,1,0.0,0.0,0.0,117.43512618436677,0.0,118.30153292901005,0.7074239463327839,0.7126431418012901,0.005219195468506133,0.0,430.025806172288,0.0,436.2512112780291,0.5180912435854035,0.5255915559544805,0.007500312369077,True,True,True,True,1,1,1,1,[83],[45],[83],[45]
mddnr_Camp_Tockwogh,0,2017-06-01 00:00:14+00:00,2017-06-08 00:00:28+00:00,2.0,3,feasible,,True,84,0.011904761904761904,0,True,166.0038888888889,5.0,0.0,13.203959999999936,1,0.0,0.0,0.0,117.2669948055984,0.0,118.15612200683196,0.7064111304289293,0.7117671929114697,0.005356062482540391,0.0,429.1851492784463,0.0,435.5241566671389,0.5170784276815492,0.5247156070646605,0.007637179383111259,True,True,True,True,1,1,1,1,[83],[45],[83],[45]
mddnr_Camp_Tockwogh,0,2017-06-01 00:00:14+00:00,2017-06-08 00:00:28+00:00,2.0,4,feasible,,True,84,0.011904761904761904,0,True,166.00416666666666,5.0,0.0,13.203959999999936,1,0.0,0.0,0.0,117.47402873834804,0.0,118.3631559395816,0.7076571094401127,0.7130131629602566,0.0053560535201439,0.0,430.2203189421948,0.0,436.5593263308872,0.5183247235065723,0.525961890110253,0.007637166603680634,True,True,True,True,1,1,1,1,[83],[45],[83],[45]
mddnr_Camp_Tockwogh,0,2017-06-01 00:00:14+00:00,2017-06-08 00:00:28+00:00,2.0,5,feasible,,True,84,0.011904761904761904,0,True,166.0038888888889,5.0,0.0,13.203959999999936,1,0.0,0.0,0.0,117.63203680814932,0.0,118.50904643253473,0.7086101271210807,0.7138931938628028,0.005283066741722076,0.0,431.0103592912008,0.0,437.2887787956525,0.5192774243737004,0.5268416080159932,0.007564183642292832,True,True,True,True,1,1,1,1,[83],[45],[83],[45]
mddnr_Camp_Tockwogh,0,2017-06-01 00:00:14+00:00,2017-06-08 00:00:28+00:00,2.0,6,feasible,,True,84,0.011904761904761904,0,True,166.0038888888889,5.0,0.0,13.203959999999936,1,0.0,0.0,0.0,117.85015319141613,0.0,118.71353054184738,0.7099240504558093,0.7151249969891109,0.005200946533301609,0.0,432.1009412075349,0.0,438.3111993422157,0.5205913477084291,0.5280734111423013,0.007482063433872255,True,True,True,True,1,1,1,1,[83],[33],[83],[33]
mddnr_Camp_Tockwogh,0,2017-06-01 00:00:14+00:00,2017-06-08 00:00:28+00:00,2.0,7,feasible,,True,84,0.011904761904761904,0,True,166.0038888888889,5.0,0.0,13.203959999999936,1,0.0,0.0,0.0,117.8031975811295,0.0,118.6635455373487,0.7096411919601384,0.7148238895582354,0.005182697598096975,0.0,431.8661631561018,0.0,438.06127431972243,0.5203084892127582,0.527772303711426,0.007463814498667842,True,True,True,True,1,1,1,1,[83],[21],[83],[21]
mddnr_Camp_Tockwogh,0,2017-06-01 00:00:14+00:00,2017-06-08 00:00:28+00:00,4.0,0,feasible,,True,43,0.023255813953488372,0,True,168.0038888888889,5.0,0.0,13.203959999999936,1,0.0,0.0,0.0,143.58621419129798,0.0,144.43898866198708,0.8546600625790288,0.8597359835968637,0.005075921017834828,0.0,638.4094728904547,0.0,644.566716626425,0.7599936848041338,0.7673235671975615,0.007329882393427689,True,True,True,True,1,1,1,1,[42],[11],[42],[11]
mddnr_Camp_Tockwogh,0,2017-06-01 00:00:14+00:00,2017-06-08 00:00:28+00:00,4.0,1,feasible,,True,42,0.023809523809523808,0,True,164.0038888888889,5.0,0.0,13.203959999999936,1,0.0,0.0,0.0,140.1822475025168,0.0,141.03653667031188,0.8547495333936195,0.8599584901664302,0.005208956772810747,0.0,623.2830108290735,0.0,629.4478280505737,0.7600832090650508,0.7676011005775829,0.007517891512532127,True,True,True,True,1,1,1,1,[41],[11],[41],[11]
mddnr_Camp_Tockwogh,0,2017-06-01 00:00:14+00:00,2017-06-08 00:00:28+00:00,4.0,2,feasible,,True,42,0.023809523809523808,0,True,164.0038888888889,5.0,0.0,13.203959999999936,1,0.0,0.0,0.0,140.09439507036765,0.0,140.93808135842065,0.8542138605340042,0.8593581671341031,0.005144306600098902,0.0,622.843748668328,0.0,628.9555514911175,0.7595475362054357,0.7670007775452556,0.007453241339819949,True,True,True,True,1,1,1,1,[41],[11],[41],[11]
mddnr_Camp_Tockwogh,0,2017-06-01 00:00:14+00:00,2017-06-08 00:00:28+00:00,4.0,3,feasible,,True,42,0.023809523809523808,0,True,164.0038888888889,5.0,0.0,13.203959999999936,1,0.0,0.0,0.0,139.9898809700523,0.0,140.8229643783631,0.8535765945458411,0.8586562509732276,0.005079656427386503,0.0,622.3211781667511,0.0,628.37996659083,0.7589102702172725,0.7662988613843804,0.007388591167107883,True,True,True,True,1,1,1,1,[41],[17],[41],[17]
mddnr_Camp_Tockwogh,0,2017-06-01 00:00:14+00:00,2017-06-08 00:00:28+00:00,4.0,4,feasible,,True,42,0.023809523809523808,0,True,164.00416666666666,5.0,0.0,13.203959999999936,1,0.0,0.0,0.0,139.99773223336018,0.0,140.85959488668544,0.853623021163244,0.8588781477301011,0.005255126566857116,0.0,622.3604344832906,0.0,628.5631191324414,0.7589568571732922,0.7665209145691724,0.007564057395880175,True,True,True,True,1,1,1,1,[41],[17],[41],[17]
mddnr_Camp_Tockwogh,0,2017-06-01 00:00:14+00:00,2017-06-08 00:00:28+00:00,4.0,5,feasible,,True,42,0.023809523809523808,0,True,164.0038888888889,5.0,0.0,13.203959999999936,1,0.0,0.0,0.0,140.11635817840494,0.0,140.93126522144357,0.854347778748908,0.8593166063087881,0.004968827559880151,0.0,622.9535642085141,0.0,628.9214708062319,0.7596814544203391,0.7669592167199405,0.00727776229960142,True,True,True,True,1,1,1,1,[41],[17],[41],[17]
mddnr_Camp_Tockwogh,0,2017-06-01 00:00:14+00:00,2017-06-08 00:00:28+00:00,4.0,6,feasible,,True,42,0.023809523809523808,0,True,164.0038888888889,5.0,0.0,13.203959999999936,1,0.0,0.0,0.0,140.21860023306118,0.0,141.00018393976737,0.8549711911286322,0.8597368324314167,0.004765641302784562,0.0,623.4647744817956,0.0,629.2660643978512,0.7603048668000637,0.7673794428425695,0.007074576042505831,True,True,True,True,1,1,1,1,[41],[22],[41],[22]
mddnr_Camp_Tockwogh,0,2017-06-01 00:00:14+00:00,2017-06-08 00:00:28+00:00,4.0,7,feasible,,True,42,0.023809523809523808,0,True,164.0038888888889,5.0,0.0,13.203959999999936,1,0.0,0.0,0.0,140.12165961827606,0.0,140.95928711790495,0.8543801038352644,0.8594874674795275,0.005107363644263119,0.0,622.9800714078698,0.0,629.0615802885388,0.7597137795066957,0.76713007789068,0.007416298383984277,True,True,True,True,1,1,1,1,[41],[22],[41],[22]
mddnr_Camp_Tockwogh,0,2017-06-01 00:00:14+00:00,2017-06-08 00:00:28+00:00,4.0,8,feasible,,True,42,0.023809523809523808,0,True,164.0038888888889,5.0,0.0,13.203959999999936,1,0.0,0.0,0.0,140.06410112824722,0.0,140.87900817128582,0.8540291457548262,0.8589979733147062,0.004968827559879929,0.0,622.6922789577255,0.0,628.6601855554434,0.7593628214262574,0.7666405837258587,0.007277762299601309,True,True,True,True,1,1,1,1,[41],[22],[41],[22]
mddnr_Camp_Tockwogh,0,2017-06-01 00:00:14+00:00,2017-06-08 00:00:28+00:00,4.0,9,feasible,,True,42,0.023809523809523808,0,True,164.0038888888889,5.0,0.0,13.203959999999936,1,0.0,0.0,0.0,139.88763891539597,0.0,140.7404133860851,0.8529531821661164,0.8581529031999687,0.005199721033852356,0.0,621.8099678934693,0.0,627.9672116294394,0.7582868578375477,0.7657955136111209,0.007508655773573181,True,True,True,True,1,1,1,1,[41],[22],[41],[22]
mddnr_Camp_Tockwogh,0,2017-06-01 00:00:14+00:00,2017-06-08 00:00:28+00:00,4.0,10,feasible,,True,42,0.023809523809523808,0,True,164.0038888888889,5.0,0.0,13.203959999999936,1,0.0,0.0,0.0,139.88536686973697,0.0,140.75177361438023,0.8529393285576783,0.8582221712421603,0.005282842684481981,0.0,621.7986076651742,0.0,628.0240127709151,0.7582730042291095,0.7658647816533125,0.007591777424203028,True,True,True,True,1,1,1,1,[41],[22],[41],[22]
mddnr_Camp_Tockwogh,0,2017-06-01 00:00:14+00:00,2017-06-08 00:00:28+00:00,4.0,11,feasible,,True,42,0.023809523809523808,0,True,164.00416666666666,5.0,0.0,13.203959999999936,1,0.0,0.0,0.0,139.84777721986427,0.0,140.73690442109788,0.852708684554951,0.8581300541414977,0.005421369586546709,0.0,621.6106594158109,0.0,627.9496668045035,0.758042520564999,0.7657728209805689,0.00773030041556988,True,True,True,True,1,1,1,1,[41],[22],[41],[22]
mddnr_Camp_Tockwogh,0,2017-06-01 00:00:14+00:00,2017-06-08 00:00:28+00:00,4.0,12,feasible,,True,42,0.023809523809523808,0,True,164.0038888888889,5.0,0.0,13.203959999999936,1,0.0,0.0,0.0,140.05728499127014,0.0,140.94641219250371,0.8539875849295113,0.8594089636983766,0.0054213787688652815,0.0,622.6581982728403,0.0,628.9972056615328,0.7593212606009427,0.7670515741095292,0.007730313508586439,True,True,True,True,1,1,1,1,[41],[22],[41],[22]
mddnr_Camp_Tockwogh,0,2017-06-01 00:00:14+00:00,2017-06-08 00:00:28+00:00,4.0,13,feasible,,True,42,0.023809523809523808,0,True,164.0038888888889,5.0,0.0,13.203959999999936,1,0.0,0.0,0.0,140.09666711602665,0.0,140.97367674041203,0.8542277141424423,0.8595752069996363,0.005347492857194047,0.0,622.8551088966228,0.0,629.1335284010744,0.7595613898138737,0.7672178174107889,0.007656427596915205,True,True,True,True,1,1,1,1,[41],[22],[41],[22]
mddnr_Camp_Tockwogh,0,2017-06-01 00:00:14+00:00,2017-06-08 00:00:28+00:00,4.0,14,feasible,,True,42,0.023809523809523808,0,True,164.0038888888889,5.0,0.0,13.203959999999936,1,0.0,0.0,0.0,140.22390167293233,0.0,141.08727902336358,0.8550035162149887,0.8602678874215531,0.005264371206564422,0.0,623.4912816811513,0.0,629.7015398158321,0.7603371918864202,0.7679104978327057,0.007573305946285469,True,True,True,True,1,1,1,1,[41],[16],[41],[16]
mddnr_Camp_Tockwogh,0,2017-06-01 00:00:14+00:00,2017-06-08 00:00:28+00:00,4.0,15,feasible,,True,42,0.023809523809523808,0,True,164.0038888888889,5.0,0.0,13.203959999999936,1,0.0,0.0,0.0,140.2920630427033,0.0,141.1524109989225,0.8554191244681391,0.8606650241967857,0.005245899728646641,0.0,623.8320885300063,0.0,630.0271996936269,0.7607528001395708,0.7683076346079384,0.007554834468367577,True,True,True,True,1,1,1,1,[41],[10],[41],[10]
mddnr_Camp_Tockwogh,1,2017-06-08 00:15:28+00:00,2017-06-15 00:15:27+00:00,0.5,0,feasible,,True,337,0.002967359050445104,0,True,167.99972222222223,5.0,0.0,13.203959999999936,1,0.0,0.0,0.0,13.287497672415034,0.0,13.800852168591426,0.0790923788245253,0.08214806540177667,0.0030556865772513736,0.0,3.749991785457231,0.0,4.9798760701044715,0.0044642833164889,0.005928433695285904,0.0014641503787970042,True,True,True,True,1,1,1,1,[336],[138],[336],[63]
mddnr_Camp_Tockwogh,1,2017-06-08 00:15:28+00:00,2017-06-15 00:15:27+00:00,0.5,1,feasible,,True,336,0.002976190476190476,0,True,167.49972222222223,5.0,0.0,13.203959999999936,1,0.0,0.0,0.0,13.194853076904923,0.0,13.707728002306094,0.0787753728892713,0.08183731782026493,0.0030619449309936264,0.0,3.778563794189578,0.0,5.110344562341251,0.0045117254453431,0.006101914074294818,0.0015901886289517173,True,True,True,True,1,1,1,1,[335],[116],[335],[36]
mddnr_Camp_Tockwogh,1,2017-06-08 00:15:28+00:00,2017-06-15 00:15:27+00:00,1.0,0,feasible,,True,169,0.005917159763313609,0,True,167.99972222222223,5.0,0.0,13.203959999999936,1,0.0,0.0,0.0,84.32482469148111,0.0,85.15487870557992,0.5019343102242761,0.5068751160965671,0.004940805872290954,0.0,144.462414248093,0.0,148.87540703345644,0.1719793489384522,0.17723292046463146,0.0052535715261792515,True,True,True,True,1,1,1,1,[168],[47],[168],[71]
mddnr_Camp_Tockwogh,1,2017-06-08 00:15:28+00:00,2017-06-15 00:15:27+00:00,1.0,1,feasible,,True,168,0.005952380952380952,0,True,166.99972222222223,5.0,0.0,13.203959999999936,1,0.0,0.0,0.0,83.60958774741285,0.0,84.45175933835982,0.5006570468192499,0.5056999988657588,0.005042952046508842,0.0,142.78881583691327,0.0,147.31349550567936,0.1710048543037788,0.1764236413634905,0.005418787059711716,True,True,True,True,1,1,1,1,[167],[47],[167],[47]
mddnr_Camp_Tockwogh,1,2017-06-08 00:15:28+00:00,2017-06-15 00:15:27+00:00,1.0,2,feasible,,True,168,0.005952380952380952,0,True,166.99972222222223,5.0,0.0,13.203959999999936,1,0.0,0.0,0.0,83.80574102264218,0.0,84.64336852227107,0.5018316192833185,0.5068473611569145,0.005015741873595991,0.0,143.53182242320975,0.0,147.9611855354276,0.1718946840309299,0.17719931933603994,0.00530463530511005,True,True,True,True,1,1,1,1,[167],[47],[167],[145]
mddnr_Camp_Tockwogh,1,2017-06-08 00:15:28+00:00,2017-06-15 00:15:27+00:00,1.0,3,feasible,,True,168,0.005952380952380952,0,True,166.99972222222223,5.0,0.0,13.203959999999936,1,0.0,0.0,0.0,83.75424132103763,0.0,84.5948982148786,0.5015232373236407,0.506557119312512,0.005033881988871336,0.0,143.6112627964079,0.0,148.05044333827263,0.1719898223606721,0.1773062150861134,0.005316392725441321,True,True,True,True,1,1,1,1,[167],[47],[167],[70]
mddnr_Camp_Tockwogh,1,2017-06-08 00:15:28+00:00,2017-06-15 00:15:27+00:00,2.0,0,feasible,,True,85,0.011764705882352941,0,True,167.99972222222223,5.0,0.0,13.203959999999936,1,0.0,0.0,0.0,126.42280135908706,0.0,127.19529688315713,0.7525179189990615,0.7571161142451718,0.00459819524611027,0.0,473.07081066336514,0.0,478.82665966624,0.5631804676886418,0.570032680212257,0.00685221252361512,True,True,True,True,1,1,1,1,[84],[73],[84],[73]
mddnr_Camp_Tockwogh,1,2017-06-08 00:15:28+00:00,2017-06-15 00:15:27+00:00,2.0,1,feasible,,True,84,0.011904761904761904,0,True,165.99972222222223,5.0,0.0,13.203959999999936,1,0.0,0.0,0.0,124.57805781245412,0.0,125.35812682205429,0.7504714835949103,0.7551707023596014,0.004699218764691038,0.0,465.74046431272495,0.0,471.53418074325043,0.5611340285127016,0.5681144214350096,0.00698039292230801,True,True,True,True,1,1,1,1,[83],[69],[83],[69]
mddnr_Camp_Tockwogh,1,2017-06-08 00:15:28+00:00,2017-06-15 00:15:27+00:00,2.0,2,feasible,,True,84,0.011904761904761904,0,True,165.99972222222223,5.0,0.0,13.203959999999936,1,0.0,0.0,0.0,124.41674257066308,0.0,125.19226748894519,0.7494997034037659,0.7541715480785655,0.00467184467479953,0.0,464.93388810377,0.0,470.70488407770506,0.5601622483215575,0.5671152671539739,0.006953018832416391,True,True,True,True,1,1,1,1,[83],[69],[83],[69]
mddnr_Camp_Tockwogh,1,2017-06-08 00:15:28+00:00,2017-06-15 00:15:27+00:00,2.0,3,feasible,,True,84,0.011904761904761904,0,True,165.99972222222223,5.0,0.0,13.203959999999936,1,0.0,0.0,0.0,124.22286134109248,0.0,125.05291535519126,0.7483317422350655,0.7533320759885618,0.005000333753496289,0.0,463.9644819559167,0.0,470.0081234089354,0.5589942871528567,0.5662757950639701,0.007281507911113372,True,True,True,True,1,1,1,1,[83],[23],[83],[23]
mddnr_Camp_Tockwogh,1,2017-06-08 00:15:28+00:00,2017-06-15 00:15:27+00:00,2.0,4,feasible,,True,84,0.011904761904761904,0,True,165.99972222222223,5.0,0.0,13.203959999999936,1,0.0,0.0,0.0,124.39856620539088,0.0,125.2286202194897,0.7493902070442006,0.754390540797697,0.0050003337534964,0.0,464.843006277409,0.0,470.8866477304276,0.560052751961992,0.5673342598731054,0.007281507911113372,True,True,True,True,1,1,1,1,[83],[23],[83],[23]
mddnr_Camp_Tockwogh,1,2017-06-08 00:15:28+00:00,2017-06-15 00:15:27+00:00,2.0,5,feasible,,True,84,0.011904761904761904,0,True,165.99972222222223,5.0,0.0,13.203959999999936,1,0.0,0.0,0.0,124.5288301565084,0.0,125.37100174745538,0.7501749309544196,0.7552482622809599,0.005073331326540309,0.0,465.4943260329964,0.0,471.5985553702559,0.5608374758722109,0.5681919813563682,0.007354505484157281,True,True,True,True,1,1,1,1,[83],[23],[83],[23]
mddnr_Camp_Tockwogh,1,2017-06-08 00:15:28+00:00,2017-06-15 00:15:27+00:00,2.0,6,feasible,,True,84,0.011904761904761904,0,True,165.99972222222223,5.0,0.0,13.203959999999936,1,0.0,0.0,0.0,124.86887965680975,0.0,125.70650715643863,0.7522234253479593,0.7572693825846079,0.005045957236648579,0.0,467.1945735345034,0.0,473.2760824151725,0.5628859702657508,0.5702131016600165,0.007327131394265662,True,True,True,True,1,1,1,1,[83],[23],[83],[23]
mddnr_Camp_Tockwogh,1,2017-06-08 00:15:28+00:00,2017-06-15 00:15:27+00:00,2.0,7,feasible,,True,84,0.011904761904761904,0,True,165.99972222222223,5.0,0.0,13.203959999999936,1,0.0,0.0,0.0,124.99838625937451,0.0,125.83904315321548,0.7530035869098648,0.7580677935397745,0.0050642066299096955,0.0,467.8421065473272,0.0,473.93876239905666,0.5636661318276563,0.571011512615183,0.0073453807875266675,True,True,True,True,1,1,1,1,[83],[23],[83],[23]
mddnr_Camp_Tockwogh,1,2017-06-08 00:15:28+00:00,2017-06-15 00:15:27+00:00,4.0,0,feasible,,True,43,0.023255813953488372,0,True,167.99972222222223,5.0,0.0,13.203959999999936,1,0.0,0.0,0.0,147.3634888498096,0.0,148.08448467227498,0.8771650744450876,0.8814567233414571,0.00429164889636946,0.0,657.2958461830129,0.0,662.7941966778645,0.7824963487898778,0.7890420149637524,0.006545666173874531,True,True,True,True,1,1,1,1,[42],[12],[42],[12]
mddnr_Camp_Tockwogh,1,2017-06-08 00:15:28+00:00,2017-06-15 00:15:27+00:00,4.0,1,feasible,,True,42,0.023809523809523808,0,True,163.99972222222223,5.0,0.0,13.203959999999936,1,0.0,0.0,0.0,143.7982069192372,0.0,144.51011455906647,0.8768198200018189,0.881160727597166,0.00434090759534711,0.0,641.3628079126754,0.0,646.8157174943465,0.7821510905288225,0.7888009915259502,0.0066499009971277,True,True,True,True,1,1,1,1,[41],[18],[41],[18]
mddnr_Camp_Tockwogh,1,2017-06-08 00:15:28+00:00,2017-06-15 00:15:27+00:00,4.0,2,feasible,,True,42,0.023809523809523808,0,True,163.99972222222223,5.0,0.0,13.203959999999936,1,0.0,0.0,0.0,143.63386228323424,0.0,144.33365234621533,0.8758177168654473,0.8800847366719374,0.0042670198064901355,0.0,640.5410847326606,0.0,645.9334064300907,0.7811489873924509,0.7877250006007214,0.006576013208270504,True,True,True,True,1,1,1,1,[41],[18],[41],[18]
mddnr_Camp_Tockwogh,1,2017-06-08 00:15:28+00:00,2017-06-15 00:15:27+00:00,4.0,3,feasible,,True,42,0.023809523809523808,0,True,163.99972222222223,5.0,0.0,13.203959999999936,1,0.0,0.0,0.0,143.3339522562423,0.0,144.0352570163294,0.873988994091237,0.8782652498713343,0.004276255780097271,0.0,639.041534597701,0.0,644.4414297806613,0.7793202646182408,0.7859055138001185,0.00658524918187775,True,True,True,True,1,1,1,1,[41],[18],[41],[18]
mddnr_Camp_Tockwogh,1,2017-06-08 00:15:28+00:00,2017-06-15 00:15:27+00:00,4.0,4,feasible,,True,42,0.023809523809523808,0,True,163.99972222222223,5.0,0.0,13.203959999999936,1,0.0,0.0,0.0,143.49981158935142,0.0,144.2041457436506,0.8750003332012166,0.8792950609285282,0.0042947277273115425,0.0,639.8708312632465,0.0,645.285873417267,0.7803316037282202,0.7869353248573121,0.006603721129091911,True,True,True,True,1,1,1,1,[41],[36],[41],[36]
mddnr_Camp_Tockwogh,1,2017-06-08 00:15:28+00:00,2017-06-15 00:15:27+00:00,4.0,5,feasible,,True,42,0.023809523809523808,0,True,163.99972222222223,5.0,0.0,13.203959999999936,1,0.0,0.0,0.0,143.3498565758554,0.0,144.1329549796676,0.8740859718141112,0.8788609701689931,0.004774998354881932,0.0,639.1210561957663,0.0,644.929919597352,0.7794172423411146,0.786501234097777,0.0070839917566623,True,True,True,True,1,1,1,1,[41],[36],[41],[36]
mddnr_Camp_Tockwogh,1,2017-06-08 00:15:28+00:00,2017-06-15 00:15:27+00:00,4.0,6,feasible,,True,42,0.023809523809523808,0,True,163.99972222222223,5.0,0.0,13.203959999999936,1,0.0,0.0,0.0,143.59448015847755,0.0,144.37151977386566,0.8755775815516611,0.8803156360121144,0.004738054460453278,0.0,640.344174108877,0.0,646.1227435683423,0.7809088520786646,0.7879558999408984,0.007047047862233868,True,True,True,True,1,1,1,1,[41],[36],[41],[36]
mddnr_Camp_Tockwogh,1,2017-06-08 00:15:28+00:00,2017-06-15 00:15:27+00:00,4.0,7,feasible,,True,42,0.023809523809523808,0,True,163.99972222222223,5.0,0.0,13.203959999999936,1,0.0,0.0,0.0,143.67324440799072,0.0,144.42907826389458,0.8760578521792323,0.8806666030091861,0.004608750829953823,0.0,640.7379953564432,0.0,646.410536018487,0.7813891227062362,0.7883068669379701,0.006917744231733969,True,True,True,True,1,1,1,1,[41],[36],[41],[36]
mddnr_Camp_Tockwogh,1,2017-06-08 00:15:28+00:00,2017-06-15 00:15:27+00:00,4.0,8,feasible,,True,42,0.023809523809523808,0,True,163.99972222222223,5.0,0.0,13.203959999999936,1,0.0,0.0,0.0,143.55585538227416,0.0,144.3283509063442,0.8753420642246802,0.8800524107643122,0.004710346539631982,0.0,640.1510502278602,0.0,645.9068992307352,0.7806733347516838,0.7876926746930963,0.007019339941412572,True,True,True,True,1,1,1,1,[41],[36],[41],[36]
mddnr_Camp_Tockwogh,1,2017-06-08 00:15:28+00:00,2017-06-15 00:15:27+00:00,4.0,9,feasible,,True,42,0.023809523809523808,0,True,163.99972222222223,5.0,0.0,13.203959999999936,1,0.0,0.0,0.0,143.33470960479528,0.0,144.11477861439545,0.8739936120780404,0.8787501384857082,0.004756526407667772,0.0,639.0453213404659,0.0,644.8390377709914,0.7793248826050441,0.7863904024144922,0.00706551980944814,True,True,True,True,1,1,1,1,[41],[34],[41],[34]
mddnr_Camp_Tockwogh,1,2017-06-08 00:15:28+00:00,2017-06-15 00:15:27+00:00,4.0,10,feasible,,True,42,0.023809523809523808,0,True,163.99972222222223,5.0,0.0,13.203959999999936,1,0.0,0.0,0.0,143.34682718164345,0.0,144.1223520999255,0.8740674998668975,0.8787963183537435,0.0047288184868460315,0.0,639.1059092247067,0.0,644.8769051986417,0.779398770393901,0.7864365822825276,0.007037811888626511,True,True,True,True,1,1,1,1,[41],[34],[41],[34]
mddnr_Camp_Tockwogh,1,2017-06-08 00:15:28+00:00,2017-06-15 00:15:27+00:00,4.0,11,feasible,,True,42,0.023809523809523808,0,True,163.99972222222223,5.0,0.0,13.203959999999936,1,0.0,0.0,0.0,143.44376779642866,0.0,144.27382181052747,0.8746586021777529,0.8797199157144555,0.005061313536702583,0.0,639.5906122986331,0.0,645.6342537516517,0.7799898727047571,0.78736017964324,0.007370306938482951,True,True,True,True,1,1,1,1,[41],[11],[41],[11]
mddnr_Camp_Tockwogh,1,2017-06-08 00:15:28+00:00,2017-06-15 00:15:27+00:00,4.0,12,feasible,,True,42,0.023809523809523808,0,True,163.99972222222223,5.0,0.0,13.203959999999936,1,0.0,0.0,0.0,143.45209863051187,0.0,144.28215264461068,0.8747094000325927,0.8797707135692954,0.005061313536702694,0.0,639.6322664690487,0.0,645.6759079220674,0.7800406705595961,0.7874109774980793,0.007370306938483173,True,True,True,True,1,1,1,1,[41],[11],[41],[11]
mddnr_Camp_Tockwogh,1,2017-06-08 00:15:28+00:00,2017-06-15 00:15:27+00:00,4.0,13,feasible,,True,42,0.023809523809523808,0,True,163.99972222222223,5.0,0.0,13.203959999999936,1,0.0,0.0,0.0,143.74064842920853,0.0,144.58282002015548,0.8764688530047489,0.8816040543303083,0.005135201325559446,0.0,641.0750154625321,0.0,647.1792447997915,0.7818001235317524,0.7892443182590924,0.007444194727339926,True,True,True,True,1,1,1,1,[41],[11],[41],[11]
mddnr_Camp_Tockwogh,1,2017-06-08 00:15:28+00:00,2017-06-15 00:15:27+00:00,4.0,14,feasible,,True,42,0.023809523809523808,0,True,163.99972222222223,5.0,0.0,13.203959999999936,1,0.0,0.0,0.0,143.80275101055526,0.0,144.64037851018418,0.8768475279226403,0.8819550213273786,0.005107493404738261,0.0,641.3855283692658,0.0,647.467037249935,0.782178798449644,0.7895952852561626,0.00741648680651863,True,True,True,True,1,1,1,1,[41],[11],[41],[11]
mddnr_Camp_Tockwogh,1,2017-06-08 00:15:28+00:00,2017-06-15 00:15:27+00:00,4.0,15,feasible,,True,42,0.023809523809523808,0,True,163.99972222222223,5.0,0.0,13.203959999999936,1,0.0,0.0,0.0,143.8178979816154,0.0,144.65855487545633,0.8769398876587112,0.8820658530106635,0.005125965351952311,0.0,641.4612632245666,0.0,647.557919076296,0.7822711581857149,0.7897061169394479,0.007434958753733012,True,True,True,True,1,1,1,1,[41],[11],[41],[11]
mddnr_Camp_Tockwogh,2,2017-06-15 00:30:27+00:00,2017-06-22 00:30:27+00:00,0.5,0,feasible,,True,337,0.002967359050445104,0,True,168.0,5.0,0.0,13.203959999999936,1,0.0,0.0,0.0,43.35817857168043,0.0,43.87923437615122,0.2580843962600025,0.261185918905662,0.0031015226456594935,0.0,27.47208283776213,0.0,29.053923430338955,0.0327048605211453,0.03458800408373685,0.0018831435625915466,True,True,True,True,1,1,1,1,[336],[178],[336],[122]
mddnr_Camp_Tockwogh,2,2017-06-15 00:30:27+00:00,2017-06-22 00:30:27+00:00,0.5,1,feasible,,True,336,0.002976190476190476,0,True,167.5,5.0,0.0,13.203959999999936,1,0.0,0.0,0.0,42.86656124374769,0.0,43.383222911913904,0.2559197686193892,0.25900431589202333,0.0030845472726341305,0.0,26.857578618992573,0.0,28.436587341126756,0.0320687505898418,0.03395413413865881,0.00188538354881701,True,True,True,True,1,1,1,1,[335],[38],[335],[122]
mddnr_Camp_Tockwogh,2,2017-06-15 00:30:27+00:00,2017-06-22 00:30:27+00:00,1.0,0,feasible,,True,169,0.005917159763313609,0,True,168.0,5.0,0.0,13.203959999999936,1,0.0,0.0,0.0,103.5958364005946,0.0,104.29865585778776,0.6166418833368726,0.6208253324868319,0.004183449149959273,0.0,217.06874695585972,0.0,221.44577655601,0.2584151749474521,0.26362592447144045,0.005210749523988367,True,True,True,True,1,1,1,1,[168],[165],[168],[165]
mddnr_Camp_Tockwogh,2,2017-06-15 00:30:27+00:00,2017-06-22 00:30:27+00:00,1.0,1,feasible,,True,168,0.005952380952380952,0,True,167.0,5.0,0.0,13.203959999999936,1,0.0,0.0,0.0,102.96466514591054,0.0,103.68717566548194,0.6165548811132368,0.6208812914100715,0.004326410296834782,0.0,215.60075034367927,0.0,220.20700272245057,0.2582044914295561,0.26372096134425216,0.005516469914696065,True,True,True,True,1,1,1,1,[167],[165],[167],[1]
mddnr_Camp_Tockwogh,2,2017-06-15 00:30:27+00:00,2017-06-22 00:30:27+00:00,1.0,2,feasible,,True,168,0.005952380952380952,0,True,167.0,5.0,0.0,13.203959999999936,1,0.0,0.0,0.0,103.33955267965042,0.0,104.03934274263153,0.6187997166446133,0.6229900763031828,0.004190359658569509,0.0,217.46318616944248,0.0,221.95344059002537,0.2604349534963383,0.2658125037006292,0.005377550204290926,True,True,True,True,1,1,1,1,[167],[164],[167],[1]
mddnr_Camp_Tockwogh,2,2017-06-15 00:30:27+00:00,2017-06-22 00:30:27+00:00,1.0,3,feasible,,True,168,0.005952380952380952,0,True,167.0,5.0,0.0,13.203959999999936,1,0.0,0.0,0.0,103.20020054589662,0.0,103.91513757993792,0.6179652727299199,0.6222463328139995,0.004281060084079691,0.0,216.57288076088383,0.0,220.9560482207679,0.2593687194741124,0.2646180218212789,0.005249302347166529,True,True,True,True,1,1,1,1,[167],[164],[167],[164]
mddnr_Camp_Tockwogh,2,2017-06-15 00:30:27+00:00,2017-06-22 00:30:27+00:00,2.0,0,feasible,,True,85,0.011764705882352941,0,True,168.0,5.0,0.0,13.203959999999936,1,0.0,0.0,0.0,136.09820690156573,0.0,136.72529150345792,0.8101083744140818,0.8138410208539162,0.0037326464398343973,0.0,521.4478383757586,0.0,526.4766327677441,0.6207712361616173,0.6267578961520763,0.005986659990458998,True,True,True,True,1,1,1,1,[84],[71],[84],[71]
mddnr_Camp_Tockwogh,2,2017-06-15 00:30:27+00:00,2017-06-22 00:30:27+00:00,2.0,1,feasible,,True,84,0.011904761904761904,0,True,166.0,5.0,0.0,13.203959999999936,1,0.0,0.0,0.0,134.30496305653747,0.0,134.96991508608014,0.8090660425092618,0.8130717776269888,0.00400573511772695,0.0,514.3749905331416,0.0,519.5931220633797,0.6197289042567972,0.6260158097149153,0.006286905458118164,True,True,True,True,1,1,1,1,[83],[71],[83],[71]
mddnr_Camp_Tockwogh,2,2017-06-15 00:30:27+00:00,2017-06-22 00:30:27+00:00,2.0,2,feasible,,True,84,0.011904761904761904,0,True,166.0,5.0,0.0,13.203959999999936,1,0.0,0.0,0.0,134.37160972920228,0.0,135.07139979218337,0.8094675284891704,0.8136831312782131,0.0042156027890427605,0.0,514.7082238964657,0.0,520.1005455938958,0.6201303902367057,0.6266271633661396,0.006496773129433864,True,True,True,True,1,1,1,1,[83],[82],[83],[82]
mddnr_Camp_Tockwogh,2,2017-06-15 00:30:27+00:00,2017-06-22 00:30:27+00:00,2.0,3,feasible,,True,84,0.011904761904761904,0,True,166.0,5.0,0.0,13.203959999999936,1,0.0,0.0,0.0,134.20726509319928,0.0,134.92220212724055,0.8084775005614414,0.8127843501640997,0.004306849602658258,0.0,513.8865007164508,0.0,519.3545572691819,0.6191403623089768,0.6257283822520264,0.006588019943049583,True,True,True,True,1,1,1,1,[83],[82],[83],[82]
mddnr_Camp_Tockwogh,2,2017-06-15 00:30:27+00:00,2017-06-22 00:30:27+00:00,2.0,4,feasible,,True,84,0.011904761904761904,0,True,166.0,5.0,0.0,13.203959999999936,1,0.0,0.0,0.0,134.09972159867178,0.0,134.80254105586494,0.8078296481847698,0.8120635003365357,0.004233852151765971,0.0,513.3487832438133,0.0,518.7562519123036,0.6184925099323052,0.6250075324244622,0.006515022492156963,True,True,True,True,1,1,1,1,[83],[82],[83],[82]
mddnr_Camp_Tockwogh,2,2017-06-15 00:30:27+00:00,2017-06-22 00:30:27+00:00,2.0,5,feasible,,True,84,0.011904761904761904,0,True,166.0,5.0,0.0,13.203959999999936,1,0.0,0.0,0.0,134.24967661216775,0.0,134.9721871317392,0.8087329916395647,0.8130854646490313,0.0043524730094666175,0.0,514.0985583112932,0.0,519.6044822916749,0.6193958533871002,0.6260294967369577,0.006633643349857499,True,True,True,True,1,1,1,1,[83],[82],[83],[82]
mddnr_Camp_Tockwogh,2,2017-06-15 00:30:27+00:00,2017-06-22 00:30:27+00:00,2.0,6,feasible,,True,84,0.011904761904761904,0,True,166.0,5.0,0.0,13.203959999999936,1,0.0,0.0,0.0,134.58972611246926,0.0,135.25013405069384,0.8107814826052365,0.8147598436788785,0.003978361073642023,0.0,515.7988058128005,0.0,520.9942168864482,0.6214443443527717,0.627703875766805,0.006259531414033237,True,True,True,True,1,1,1,1,[83],[81],[83],[81]
mddnr_Camp_Tockwogh,2,2017-06-15 00:30:27+00:00,2017-06-22 00:30:27+00:00,2.0,7,feasible,,True,84,0.011904761904761904,0,True,166.0,5.0,0.0,13.203959999999936,1,0.0,0.0,0.0,134.54504254784166,0.0,135.1721271497338,0.8105123045050703,0.8142899225887578,0.003777618083687484,0.0,515.5753879896627,0.0,520.604182381648,0.6211751662526056,0.6272339546766843,0.006058788424078698,True,True,True,True,1,1,1,1,[83],[70],[83],[70]
mddnr_Camp_Tockwogh,2,2017-06-15 00:30:27+00:00,2017-06-22 00:30:27+00:00,4.0,0,feasible,,True,43,0.023255813953488372,0,True,168.0,5.0,0.0,13.203959999999936,1,0.0,0.0,0.0,151.8510568041707,0.0,152.47662670895684,0.9038753381200636,0.9075989685056955,0.0037236303856319486,0.0,679.7336859548184,0.0,684.7549068612738,0.8092067689938314,0.8151844129300878,0.005977643936256438,True,True,True,True,1,1,1,1,[42],[4],[42],[4]
mddnr_Camp_Tockwogh,2,2017-06-15 00:30:27+00:00,2017-06-22 00:30:27+00:00,4.0,1,feasible,,True,42,0.023809523809523808,0,True,164.0,5.0,0.0,13.203959999999936,1,0.0,0.0,0.0,148.36681116877054,0.0,148.97571940539046,0.9046756778583568,0.9083885329596979,0.003712855101341117,0.0,664.2058291603422,0.0,669.1437417259665,0.8100071087321247,0.8160289533243493,0.006021844592224657,True,True,True,True,1,1,1,1,[41],[4],[41],[4]
mddnr_Camp_Tockwogh,2,2017-06-15 00:30:27+00:00,2017-06-22 00:30:27+00:00,4.0,2,feasible,,True,42,0.023809523809523808,0,True,164.0,5.0,0.0,13.203959999999936,1,0.0,0.0,0.0,148.43497253854142,0.0,149.0726600201757,0.905091295966716,0.908979634269364,0.003888338302648009,0.0,664.5466360091964,0.0,669.6284447998925,0.8104227268404834,0.8166200546340152,0.0061973277935317705,True,True,True,True,1,1,1,1,[41],[4],[41],[4]
mddnr_Camp_Tockwogh,2,2017-06-15 00:30:27+00:00,2017-06-22 00:30:27+00:00,4.0,3,feasible,,True,42,0.023809523809523808,0,True,163.99972222222223,5.0,0.0,13.203959999999936,1,0.0,0.0,0.0,148.39985672732516,0.0,149.0254266321113,0.9048787078202548,0.908693164919996,0.003814457099741153,0.0,664.3710569531153,0.0,669.3922778595706,0.8102099783472584,0.81633342884878,0.006123450501521632,True,True,True,True,1,1,1,1,[41],[35],[41],[35]
mddnr_Camp_Tockwogh,2,2017-06-15 00:30:27+00:00,2017-06-22 00:30:27+00:00,4.0,4,feasible,,True,42,0.023809523809523808,0,True,164.0,5.0,0.0,13.203959999999936,1,0.0,0.0,0.0,148.2403339604178,0.0,148.8992272015364,0.9039044753684014,0.907922117082539,0.004017641714137654,0.0,663.5734431185787,0.0,668.7612807066963,0.8092359062421691,0.8155625374471906,0.006326631205021527,True,True,True,True,1,1,1,1,[41],[35],[41],[35]
mddnr_Camp_Tockwogh,2,2017-06-15 00:30:27+00:00,2017-06-22 00:30:27+00:00,4.0,5,feasible,,True,42,0.023809523809523808,0,True,164.0,5.0,0.0,13.203959999999936,1,0.0,0.0,0.0,148.4546636009196,0.0,149.11355684203818,0.9052113634202414,0.9092290051343791,0.004017641714137654,0.0,664.6450913210876,0.0,669.8329289092052,0.8105427942940093,0.8168694254990307,0.006326631205021416,True,True,True,True,1,1,1,1,[41],[35],[41],[35]
mddnr_Camp_Tockwogh,2,2017-06-15 00:30:27+00:00,2017-06-22 00:30:27+00:00,4.0,6,feasible,,True,42,0.023809523809523808,0,True,164.0,5.0,0.0,13.203959999999936,1,0.0,0.0,0.0,148.65990505878528,0.0,149.29607784331358,0.9064628357243004,0.9103419380689852,0.003879102344684804,0.0,665.6712986104159,0.0,670.745533915582,0.8117942665980682,0.8179823584336365,0.006188091835568343,True,True,True,True,1,1,1,1,[41],[35],[41],[35]
mddnr_Camp_Tockwogh,2,2017-06-15 00:30:27+00:00,2017-06-22 00:30:27+00:00,4.0,7,feasible,,True,42,0.023809523809523808,0,True,164.0,5.0,0.0,13.203959999999936,1,0.0,0.0,0.0,148.6826255153757,0.0,149.30971011726785,0.9066013750937542,0.9104250616906576,0.003823686596903464,0.0,665.7849008933678,0.0,670.8136952853532,0.8119328059675217,0.8180654820553088,0.0061326760877871145,True,True,True,True,1,1,1,1,[41],[35],[41],[35]
mddnr_Camp_Tockwogh,2,2017-06-15 00:30:27+00:00,2017-06-22 00:30:27+00:00,4.0,8,feasible,,True,42,0.023809523809523808,0,True,163.99972222222223,5.0,0.0,13.203959999999936,1,0.0,0.0,0.0,148.7565678957928,0.0,149.383652497685,0.907053779604732,0.9108774726780804,0.0038236930733484,0.0,666.1546127954537,0.0,671.1834071874392,0.8123850501317357,0.8185177366068646,0.006132686475128879,True,True,True,True,1,1,1,1,[41],[35],[41],[35]
mddnr_Camp_Tockwogh,2,2017-06-15 00:30:27+00:00,2017-06-22 00:30:27+00:00,4.0,9,feasible,,True,42,0.023809523809523808,0,True,164.0,5.0,0.0,13.203959999999936,1,0.0,0.0,0.0,148.50767799963037,0.0,149.17263002917298,0.9055346219489656,0.9095892074949572,0.004054585545991585,0.0,664.9101633146413,0.0,670.1282948448792,0.8108660528227333,0.8172296278596087,0.006363575036875457,True,True,True,True,1,1,1,1,[41],[35],[41],[35]
mddnr_Camp_Tockwogh,2,2017-06-15 00:30:27+00:00,2017-06-22 00:30:27+00:00,4.0,10,feasible,,True,42,0.023809523809523808,0,True,164.0,5.0,0.0,13.203959999999936,1,0.0,0.0,0.0,148.54781747293976,0.0,149.20822541116436,0.9057793748349984,0.9098062525070998,0.004026877672101414,0.0,665.1108606811885,0.0,670.3062717548361,0.8111108057087664,0.8174466728717513,0.006335867162984954,True,True,True,True,1,1,1,1,[41],[35],[41],[35]
mddnr_Camp_Tockwogh,2,2017-06-15 00:30:27+00:00,2017-06-22 00:30:27+00:00,4.0,11,feasible,,True,42,0.023809523809523808,0,True,164.0,5.0,0.0,13.203959999999936,1,0.0,0.0,0.0,148.41376677905706,0.0,149.0620571404335,0.904961992555226,0.9089149825636189,0.003952990008392887,0.0,664.4406072117748,0.0,669.5754304011817,0.8102934234289937,0.8165554029282704,0.00626197949927676,True,True,True,True,1,1,1,1,[41],[35],[41],[35]
mddnr_Camp_Tockwogh,2,2017-06-15 00:30:27+00:00,2017-06-22 00:30:27+00:00,4.0,12,feasible,,True,42,0.023809523809523808,0,True,164.0,5.0,0.0,13.203959999999936,1,0.0,0.0,0.0,148.47511201185088,0.0,149.099167219531,0.9053360488527492,0.9091412635337257,0.0038052146809764986,0.0,664.747333375744,0.0,669.7609807966693,0.8106674797265171,0.8167816838983771,0.006114204171860038,True,True,True,True,1,1,1,1,[41],[40],[41],[40]
mddnr_Camp_Tockwogh,2,2017-06-15 00:30:27+00:00,2017-06-22 00:30:27+00:00,4.0,13,feasible,,True,42,0.023809523809523808,0,True,164.0,5.0,0.0,13.203959999999936,1,0.0,0.0,0.0,148.42512700735224,0.0,149.0673585803046,0.9050312622399528,0.9089473084164915,0.0039160461765387344,0.0,664.4974083532506,0.0,669.6019376005372,0.8103626931137203,0.8165877287811429,0.006225035667422607,True,True,True,True,1,1,1,1,[41],[40],[41],[40]
mddnr_Camp_Tockwogh,2,2017-06-15 00:30:27+00:00,2017-06-22 00:30:27+00:00,4.0,14,feasible,,True,42,0.023809523809523808,0,True,164.0,5.0,0.0,13.203959999999936,1,0.0,0.0,0.0,148.54706012438683,0.0,149.20746806261144,0.9057747568560172,0.9098016345281186,0.004026877672101414,0.0,665.1070739384237,0.0,670.3024850120714,0.811106187729785,0.81744205489277,0.006335867162984954,True,True,True,True,1,1,1,1,[41],[40],[41],[40]
mddnr_Camp_Tockwogh,2,2017-06-15 00:30:27+00:00,2017-06-22 00:30:27+00:00,4.0,15,feasible,,True,42,0.023809523809523808,0,True,164.0,5.0,0.0,13.203959999999936,1,0.0,0.0,0.0,148.43194314432947,0.0,149.05448365490358,0.9050728240507896,0.9088688027738023,0.0037959787230127384,0.0,664.5314890381367,0.0,669.5375629735319,0.8104042549245569,0.8165092231384535,0.006104968213896611,True,True,True,True,1,1,1,1,[41],[3],[41],[3]
mddnr_Camp_Tockwogh,3,2017-06-22 00:45:27+00:00,2017-06-29 00:45:12+00:00,0.5,0,feasible,,True,337,0.002967359050445104,0,True,167.99583333333334,5.0,0.0,13.203959999999936,1,0.0,0.0,0.0,22.575839634472658,0.0,23.089344085662546,0.1343833307441513,0.1374399806681468,0.0030566499239955136,0.0,9.515821702655822,0.0,10.90179217365084,0.0113286401380857,0.012978645907270525,0.0016500057691848247,True,True,True,True,1,1,1,1,[336],[267],[336],[160]
mddnr_Camp_Tockwogh,3,2017-06-22 00:45:27+00:00,2017-06-29 00:45:12+00:00,0.5,1,feasible,,True,336,0.002976190476190476,0,True,167.49583333333334,5.0,0.0,13.203959999999936,1,0.0,0.0,0.0,22.35620855409988,0.0,22.87844943991493,0.1334732220449257,0.13659115564017968,0.0031179335952539744,0.0,9.430322817800809,0.0,10.81070018053554,0.011260367055261,0.012908619832973603,0.0016482527777126037,True,True,True,True,1,1,1,1,[335],[267],[335],[159]
mddnr_Camp_Tockwogh,3,2017-06-22 00:45:27+00:00,2017-06-29 00:45:12+00:00,1.0,0,feasible,,True,169,0.005917159763313609,0,True,167.99583333333334,5.0,0.0,13.203959999999936,1,0.0,0.0,0.0,89.48983967688436,0.0,90.25476171542431,0.5326908287024045,0.5372440490017568,0.004553220299352345,0.0,164.14805142548576,0.0,168.47783507820813,0.1954191936412936,0.2005738258328329,0.0051546321915393045,True,True,True,True,1,1,1,1,[168],[142],[168],[122]
mddnr_Camp_Tockwogh,3,2017-06-22 00:45:27+00:00,2017-06-29 00:45:12+00:00,1.0,1,feasible,,True,168,0.005952380952380952,0,True,166.99583333333334,5.0,0.0,13.203959999999936,1,0.0,0.0,0.0,88.95030759711436,0.0,89.70462675591217,0.5326498621050287,0.5371668559948831,0.0045169938898543815,0.0,162.93012540945313,0.0,167.36194181598574,0.1951307672260722,0.20043846421236347,0.0053076969862912715,True,True,True,True,1,1,1,1,[167],[142],[167],[22]
mddnr_Camp_Tockwogh,3,2017-06-22 00:45:27+00:00,2017-06-29 00:45:12+00:00,1.0,2,feasible,,True,168,0.005952380952380952,0,True,166.99583333333334,5.0,0.0,13.203959999999936,1,0.0,0.0,0.0,89.35321702731555,0.0,90.20296210379261,0.5350625536204928,0.5401509744482205,0.005088420827727647,0.0,164.31751731810022,0.0,168.9439233174519,0.1967923558788595,0.2023331001082285,0.00554074422936901,True,True,True,True,1,1,1,1,[167],[22],[167],[22]
mddnr_Camp_Tockwogh,3,2017-06-22 00:45:27+00:00,2017-06-29 00:45:12+00:00,1.0,3,feasible,,True,168,0.005952380952380952,0,True,166.99583333333334,5.0,0.0,13.203959999999936,1,0.0,0.0,0.0,88.91849895788805,0.0,89.79399388516747,0.5324593864590716,0.5377020018573365,0.0052426153982648716,0.0,163.26822325369272,0.0,167.9770777003284,0.195535684926701,0.20117517227515064,0.005639487348449629,True,True,True,True,1,1,1,1,[167],[22],[167],[22]
mddnr_Camp_Tockwogh,3,2017-06-22 00:45:27+00:00,2017-06-29 00:45:12+00:00,2.0,0,feasible,,True,85,0.011764705882352941,0,True,167.99583333333334,5.0,0.0,13.203959999999936,1,0.0,0.0,0.0,128.4781431858318,0.0,129.24306522437178,0.7647698198020694,0.7693230401014218,0.004553220299352456,0.0,483.34751979708886,0.0,489.0655013723132,0.5754279855715733,0.5822352753260505,0.006807289754477197,True,True,True,True,1,1,1,1,[84],[71],[84],[71]
mddnr_Camp_Tockwogh,3,2017-06-22 00:45:27+00:00,2017-06-29 00:45:12+00:00,2.0,1,feasible,,True,84,0.011904761904761904,0,True,165.99583333333334,5.0,0.0,13.203959999999936,1,0.0,0.0,0.0,127.03327967518824,0.0,127.78759883398607,0.7652799297684475,0.7698241351478866,0.004544205379439115,0.0,478.0165736263956,0.0,483.68154080290935,0.5759380389584826,0.5827634719380418,0.006825432979559176,True,True,True,True,1,1,1,1,[83],[71],[83],[71]
mddnr_Camp_Tockwogh,3,2017-06-22 00:45:27+00:00,2017-06-29 00:45:12+00:00,2.0,2,feasible,,True,84,0.011904761904761904,0,True,165.99583333333334,5.0,0.0,13.203959999999936,1,0.0,0.0,0.0,127.35439546166448,0.0,128.20414053814153,0.7672144107733495,0.772333485508019,0.005119074734669438,0.0,479.6221525587765,0.0,485.76424932368644,0.5778725199633844,0.5852728222981738,0.007400302334789388,True,True,True,True,1,1,1,1,[83],[11],[83],[11]
mddnr_Camp_Tockwogh,3,2017-06-22 00:45:27+00:00,2017-06-29 00:45:12+00:00,2.0,3,feasible,,True,84,0.011904761904761904,0,True,165.99583333333334,5.0,0.0,13.203959999999936,1,0.0,0.0,0.0,127.3097118970367,0.0,128.18520682431608,0.7669452259165342,0.7722194241280117,0.005274198211477454,0.0,479.398734735638,0.0,485.6695807545596,0.5776033351065695,0.5851587609181671,0.007555425811597627,True,True,True,True,1,1,1,1,[83],[11],[83],[11]
mddnr_Camp_Tockwogh,3,2017-06-22 00:45:27+00:00,2017-06-29 00:45:12+00:00,2.0,4,feasible,,True,84,0.011904761904761904,0,True,165.9961111111111,5.0,0.0,13.203959999999936,1,0.0,0.0,0.0,127.47963575068876,0.0,128.20971975579027,0.7679676041648893,0.7723658036179646,0.004398199453075291,0.0,480.24835400389816,0.0,485.7921454119304,0.5786260301995139,0.5853054534353046,0.006679423235790738,True,True,True,True,1,1,1,1,[83],[69],[83],[69]
mddnr_Camp_Tockwogh,3,2017-06-22 00:45:27+00:00,2017-06-29 00:45:12+00:00,2.0,5,feasible,,True,84,0.011904761904761904,0,True,165.99583333333334,5.0,0.0,13.203959999999936,1,0.0,0.0,0.0,127.43088766551844,0.0,128.15339818508986,0.7676752187485737,0.7720278010096028,0.004352582261029081,0.0,480.0046135780467,0.0,485.51053755842844,0.5783333279386089,0.5849671377997581,0.0066338098611491425,True,True,True,True,1,1,1,1,[83],[70],[83],[70]
mddnr_Camp_Tockwogh,3,2017-06-22 00:45:27+00:00,2017-06-29 00:45:12+00:00,2.0,6,feasible,,True,84,0.011904761904761904,0,True,165.99583333333334,5.0,0.0,13.203959999999936,1,0.0,0.0,0.0,127.48163001857004,0.0,128.2374638744739,0.7679809032469893,0.772534233536829,0.00455333028983973,0.0,480.2583253433047,0.0,485.9308660053486,0.5786390124370246,0.5854735703269844,0.006834557889959791,True,True,True,True,1,1,1,1,[83],[68],[83],[68]
mddnr_Camp_Tockwogh,3,2017-06-22 00:45:27+00:00,2017-06-29 00:45:12+00:00,2.0,7,feasible,,True,84,0.011904761904761904,0,True,165.99583333333334,5.0,0.0,13.203959999999936,1,0.0,0.0,0.0,127.07644854270978,0.0,127.8928702828544,0.765539989714861,0.7704583164207198,0.004918326705858789,0.0,478.23241796400345,0.0,484.2078980472511,0.5761980989048963,0.583397653210875,0.007199554305978739,True,True,True,True,1,1,1,1,[83],[70],[83],[70]
mddnr_Camp_Tockwogh,3,2017-06-22 00:45:27+00:00,2017-06-29 00:45:12+00:00,4.0,0,feasible,,True,43,0.023255813953488372,0,True,167.99583333333334,5.0,0.0,13.203959999999936,1,0.0,0.0,0.0,148.0131917621682,0.0,148.74479046437568,0.881052754853056,0.8854076170403572,0.0043548621873011895,0.0,660.5443607448062,0.0,666.0957256383683,0.7863818377378083,0.7929907693802345,0.006608931642426152,True,True,True,True,1,1,1,1,[42],[35],[42],[35]
mddnr_Camp_Tockwogh,3,2017-06-22 00:45:27+00:00,2017-06-29 00:45:12+00:00,4.0,1,feasible,,True,42,0.023809523809523808,0,True,163.99583333333334,5.0,0.0,13.203959999999936,1,0.0,0.0,0.0,144.60771037628098,0.0,145.34385316980655,0.8817767344268765,0.886265524041606,0.004488789614729427,0.0,645.4103251978943,0.0,650.9844105480468,0.7871057600421485,0.793903597812603,0.006797837770454507,True,True,True,True,1,1,1,1,[41],[35],[41],[35]
mddnr_Camp_Tockwogh,3,2017-06-22 00:45:27+00:00,2017-06-29 00:45:12+00:00,4.0,2,feasible,,True,42,0.023809523809523808,0,True,163.99583333333334,5.0,0.0,13.203959999999936,1,0.0,0.0,0.0,145.0227373833304,0.0,145.76039487396199,0.8843074512055513,0.8888054770129037,0.004498025807352368,0.0,647.4854602331415,0.0,653.0671190688241,0.7896364768208234,0.7964435507839009,0.006807073963077559,True,True,True,True,1,1,1,1,[41],[35],[41],[35]
mddnr_Camp_Tockwogh,3,2017-06-22 00:45:27+00:00,2017-06-29 00:45:12+00:00,4.0,3,feasible,,True,42,0.023809523809523808,0,True,163.99583333333334,5.0,0.0,13.203959999999936,1,0.0,0.0,0.0,145.14088375759985,0.0,145.88762943086755,0.8850278742301371,0.8895813171932268,0.004553442963089682,0.0,648.0761921044889,0.0,653.703291853352,0.7903568998454092,0.797219390964224,0.006862491118814762,True,True,True,True,1,1,1,1,[41],[35],[41],[35]
mddnr_Camp_Tockwogh,3,2017-06-22 00:45:27+00:00,2017-06-29 00:45:12+00:00,4.0,4,feasible,,True,42,0.023809523809523808,0,True,163.99583333333334,5.0,0.0,13.203959999999936,1,0.0,0.0,0.0,145.29841225662605,0.0,146.0269815646215,0.8859884382629196,0.8904310469145345,0.004442608651614832,0.0,648.8638345996196,0.0,654.4000525221217,0.7913174638781915,0.7980691206855316,0.006751656807340134,True,True,True,True,1,1,1,1,[41],[34],[41],[34]
mddnr_Camp_Tockwogh,3,2017-06-22 00:45:27+00:00,2017-06-29 00:45:12+00:00,4.0,5,feasible,,True,42,0.023809523809523808,0,True,163.99583333333334,5.0,0.0,13.203959999999936,1,0.0,0.0,0.0,145.3324929415115,0.0,146.05500346108292,0.8861962525969349,0.8906019164780584,0.004405663881123512,0.0,649.0342380240469,0.0,654.5401620044285,0.7915252782122068,0.7982399902490552,0.00671471203684848,True,True,True,True,1,1,1,1,[41],[35],[41],[35]
mddnr_Camp_Tockwogh,3,2017-06-22 00:45:27+00:00,2017-06-29 00:45:12+00:00,4.0,6,feasible,,True,42,0.023809523809523808,0,True,163.99583333333334,5.0,0.0,13.203959999999936,1,0.0,0.0,0.0,145.19238345920456,0.0,145.94821731510842,0.8853419047793158,0.8899507648981433,0.00460886011882744,0.0,648.3336906125127,0.0,654.0062312745565,0.7906709303945884,0.7975888386691408,0.006917908274552409,True,True,True,True,1,1,1,1,[41],[34],[41],[34]
mddnr_Camp_Tockwogh,3,2017-06-22 00:45:27+00:00,2017-06-29 00:45:12+00:00,4.0,7,feasible,,True,42,0.023809523809523808,0,True,163.99583333333334,5.0,0.0,13.203959999999936,1,0.0,0.0,0.0,145.05606071966275,0.0,145.87248245980737,0.8845106474432547,0.8894889552669979,0.0049783078237432,0.0,647.6520769148032,0.0,653.6275569980509,0.7898396730585266,0.7971270290379948,0.007287355979468169,True,True,True,True,1,1,1,1,[41],[35],[41],[35]
mddnr_Camp_Tockwogh,3,2017-06-22 00:45:27+00:00,2017-06-29 00:45:12+00:00,4.0,8,feasible,,True,42,0.023809523809523808,0,True,163.99583333333334,5.0,0.0,13.203959999999936,1,0.0,0.0,0.0,144.96290684764256,0.0,145.72782888618252,0.8839426215969464,0.8886068988715111,0.004664277274564754,0.0,647.1863075547024,0.0,652.9042891299268,0.7892716472122185,0.7962449726425084,0.006973325430289834,True,True,True,True,1,1,1,1,[41],[35],[41],[35]
mddnr_Camp_Tockwogh,3,2017-06-22 00:45:27+00:00,2017-06-29 00:45:12+00:00,4.0,9,feasible,,True,42,0.023809523809523808,0,True,163.99583333333334,5.0,0.0,13.203959999999936,1,0.0,0.0,0.0,144.9659362418546,0.0,145.7202554006524,0.8839610939821921,0.8885607179083964,0.004599623926204277,0.0,647.2014545257624,0.0,652.866421702276,0.7892901195974642,0.7961987916793934,0.006908672081929246,True,True,True,True,1,1,1,1,[41],[35],[41],[35]
mddnr_Camp_Tockwogh,3,2017-06-22 00:45:27+00:00,2017-06-29 00:45:12+00:00,4.0,10,feasible,,True,42,0.023809523809523808,0,True,163.99583333333334,5.0,0.0,13.203959999999936,1,0.0,0.0,0.0,144.86520888430422,0.0,145.7149539607813,0.883346887172769,0.888528391234216,0.005181504061447018,0.0,646.6978177380104,0.0,652.8399145029205,0.7886759127880407,0.796166465005213,0.007490552217172319,True,True,True,True,1,1,1,1,[41],[5],[41],[5]
mddnr_Camp_Tockwogh,3,2017-06-22 00:45:27+00:00,2017-06-29 00:45:12+00:00,4.0,11,feasible,,True,42,0.023809523809523808,0,True,163.99583333333334,5.0,0.0,13.203959999999936,1,0.0,0.0,0.0,144.67890114026386,0.0,145.55439606754325,0.8822108354801526,0.8875493548161889,0.005338519336036351,0.0,645.7662790178086,0.0,652.0371250367302,0.7875398610954245,0.7951874285871858,0.00764756749176132,True,True,True,True,1,1,1,1,[41],[5],[41],[5]
mddnr_Camp_Tockwogh,3,2017-06-22 00:45:27+00:00,2017-06-29 00:45:12+00:00,4.0,12,feasible,,True,42,0.023809523809523808,0,True,163.9961111111111,5.0,0.0,13.203959999999936,1,0.0,0.0,0.0,144.6905391463368,0.0,145.4206231514383,0.8822803063196154,0.8867321436232869,0.004451837303671491,0.0,645.8244690481733,0.0,651.3682604562056,0.7876094922892563,0.7943703738375708,0.006760881548314557,True,True,True,True,1,1,1,1,[41],[34],[41],[34]
mddnr_Camp_Tockwogh,3,2017-06-22 00:45:27+00:00,2017-06-29 00:45:12+00:00,4.0,13,feasible,,True,42,0.023809523809523808,0,True,163.99583333333334,5.0,0.0,13.203959999999936,1,0.0,0.0,0.0,144.55772537178237,0.0,145.26660361739962,0.881471940070321,0.8857944782178386,0.004322538147517596,0.0,645.1604001754013,0.0,650.5981627860122,0.7868009656855931,0.7934325519888356,0.006631586303242454,True,True,True,True,1,1,1,1,[41],[34],[41],[34]
mddnr_Camp_Tockwogh,3,2017-06-22 00:45:27+00:00,2017-06-29 00:45:12+00:00,4.0,14,feasible,,True,42,0.023809523809523808,0,True,163.99583333333334,5.0,0.0,13.203959999999936,1,0.0,0.0,0.0,144.73343023608066,0.0,145.43927908748583,0.8825433384145775,0.8868474041768489,0.004304065762271381,0.0,646.0389244968925,0.0,651.4615401364431,0.7878723640298493,0.7944854779478459,0.0066131139179965714,True,True,True,True,1,1,1,1,[41],[34],[41],[34]
mddnr_Camp_Tockwogh,3,2017-06-22 00:45:27+00:00,2017-06-29 00:45:12+00:00,4.0,15,feasible,,True,42,0.023809523809523808,0,True,163.99583333333334,5.0,0.0,13.203959999999936,1,0.0,0.0,0.0,144.46381415120902,0.0,145.1742070939323,0.8808992961277005,0.8852310704678409,0.004331774340140426,0.0,644.6908440725346,0.0,650.1361801686755,0.7862283217429725,0.7928691442388379,0.006640822495865395,True,True,True,True,1,1,1,1,[41],[34],[41],[34]
mddnr_Harris_Creek_Upstream,0,2018-06-19 13:15:00+00:00,2018-06-26 13:15:00+00:00,0.5,0,feasible,,True,337,0.002967359050445104,0,True,168.0,5.0,0.0,13.203959999999936,1,0.41865720189805616,0.05635613424154293,0.0181763652722484,113.56027131254544,0.0,114.01316574724531,0.6758458032575785,0.6786497961145554,0.0028039928569769668,0.0010905819163356,133.85576820238668,0.0,135.69376183761426,0.1593508066910361,0.1615401926638265,0.002189385972790392,True,True,True,True,1,1,1,1,[300],[305],[300],[16]
mddnr_Harris_Creek_Upstream,0,2018-06-19 13:15:00+00:00,2018-06-26 13:15:00+00:00,0.5,1,feasible,,True,336,0.002976190476190476,0,True,167.5,5.0,0.0,13.203959999999936,1,0.41865720189805616,0.05635613424154293,0.0454409131806027,112.80050075886275,0.0,113.24582170803257,0.6731645363921324,0.6760944579584034,0.002929921566271032,0.006816136977092,132.67645917084567,0.0,134.37646428596264,0.1584115140702908,0.16044950959517928,0.0020379955248884807,True,True,True,True,1,1,1,1,[213],[315],[213],[15]
mddnr_Harris_Creek_Upstream,0,2018-06-19 13:15:00+00:00,2018-06-26 13:15:00+00:00,1.0,0,feasible,,True,169,0.005917159763313609,0,True,168.0,5.0,0.0,13.203959999999936,1,0.41865720189805616,0.05635613424154293,0.0181763652722484,141.06262666654538,0.0,141.49885943307905,0.8395502994123402,0.8422551156730895,0.0027048162607493653,0.0010905819163356,387.8793784236225,0.0,391.7710658688434,0.4617598664782216,0.46639412603433733,0.0046342595561157385,True,True,True,True,1,1,1,1,[150],[153],[150],[153]
mddnr_Harris_Creek_Upstream,0,2018-06-19 13:15:00+00:00,2018-06-26 13:15:00+00:00,1.0,1,feasible,,True,168,0.005952380952380952,0,True,167.0,5.0,0.0,13.203959999999936,1,0.41865720189805616,0.05635613424154293,0.0,139.70212875531283,0.0,140.1368468247405,0.8365396931455857,0.8391427953577275,0.0026031022121417724,0.0,382.97387414154406,0.0,386.9106078304678,0.4586513462772982,0.4633659974017579,0.004714651124459679,True,True,True,True,1,1,1,1,[167],[154],[167],[152]
mddnr_Harris_Creek_Upstream,0,2018-06-19 13:15:00+00:00,2018-06-26 13:15:00+00:00,1.0,2,feasible,,True,168,0.005952380952380952,0,True,167.0,5.0,0.0,13.203959999999936,1,0.41865720189805616,0.05635613424154293,0.0,139.66047458489737,0.0,140.11336901959723,0.8362902669754334,0.839002209698187,0.0027119427227535464,0.0,382.6803585054476,0.0,386.7258183946929,0.4582998305454462,0.463144692688255,0.00484486214280877,True,True,True,True,1,1,1,1,[167],[152],[167],[152]
mddnr_Harris_Creek_Upstream,0,2018-06-19 13:15:00+00:00,2018-06-26 13:15:00+00:00,1.0,3,feasible,,True,168,0.005952380952380952,0,True,167.0,5.0,0.0,13.203959999999936,1,0.41865720189805616,0.05635613424154293,0.045440913180601,139.76271663955362,0.0,140.20803758872339,0.8366303935710958,0.839569087357625,0.002938693786529223,0.0068161369770915,383.4124827832851,0.0,387.3742541427257,0.4591684630494707,0.4639212624463781,0.004752799396907426,True,True,True,True,1,1,1,1,[106],[157],[106],[157]
mddnr_Harris_Creek_Upstream,0,2018-06-19 13:15:00+00:00,2018-06-26 13:15:00+00:00,2.0,0,feasible,,True,85,0.011764705882352941,0,True,168.0,5.0,0.0,13.203959999999936,1,0.41865720189805616,0.05635613424154293,0.0181763652722484,154.45860787218376,0.0,154.8918112445054,0.9192882827792352,0.9219750669315797,0.002686784152344468,0.0010905819163356,613.3396344732934,0.0,617.3990227174263,0.7301649332040203,0.7349988365683646,0.004833903364344305,True,True,True,True,1,1,1,1,[75],[77],[75],[77]
mddnr_Harris_Creek_Upstream,0,2018-06-19 13:15:00+00:00,2018-06-26 13:15:00+00:00,2.0,1,feasible,,True,84,0.011904761904761904,0,True,166.0,5.0,0.0,13.203959999999936,1,0.41865720189805616,0.05635613424154293,0.0,152.33213066383115,0.0,152.7668487332588,0.9176634377339226,0.9202822212846915,0.002618783550768944,0.0,604.5108285696099,0.0,608.5777902992728,0.7283262994814577,0.7332262533726178,0.004899953891160158,True,True,True,True,1,1,1,1,[83],[77],[83],[77]
mddnr_Harris_Creek_Upstream,0,2018-06-19 13:15:00+00:00,2018-06-26 13:15:00+00:00,2.0,2,feasible,,True,84,0.011904761904761904,0,True,166.0,5.0,0.0,13.203959999999936,1,0.41865720189805616,0.05635613424154293,0.0,152.33440270949018,0.0,152.78729714419006,0.917677124755965,0.9204054044830726,0.002728279727107652,0.0,604.5221887979054,0.0,608.6800323539295,0.7283399865035005,0.7333494365709994,0.005009450067498866,True,True,True,True,1,1,1,1,[83],[76],[83],[76]
mddnr_Harris_Creek_Upstream,0,2018-06-19 13:15:00+00:00,2018-06-26 13:15:00+00:00,2.0,3,feasible,,True,84,0.011904761904761904,0,True,166.0,5.0,0.0,13.203959999999936,1,0.41865720189805616,0.05635613424154293,0.045440913180573,152.51540901365934,0.0,152.91377435254253,0.9184937837378238,0.9211673153767622,0.0026735316389384645,0.0068161369770832,605.6476087476769,0.0,609.5328068246175,0.7296877019406022,0.7343768756923102,0.004689173751708076,True,True,True,True,1,1,1,1,[53],[77],[53],[77]
mddnr_Harris_Creek_Upstream,0,2018-06-19 13:15:00+00:00,2018-06-26 13:15:00+00:00,2.0,4,feasible,,True,84,0.011904761904761904,0,True,166.0,5.0,0.0,13.203959999999936,1,0.41865720189805616,0.05635613424154293,0.0,152.75700320206963,0.0,153.19323596860332,0.9202229108558412,0.9228508190879718,0.00262790823213066,0.0,606.6351912608026,0.0,610.7097264759956,0.7308857726033766,0.7357948511758983,0.004909078572521652,True,True,True,True,1,1,1,1,[83],[76],[83],[76]
mddnr_Harris_Creek_Upstream,0,2018-06-19 13:15:00+00:00,2018-06-26 13:15:00+00:00,2.0,5,feasible,,True,84,0.011904761904761904,0,True,166.0,5.0,0.0,13.203959999999936,1,0.41865720189805616,0.05635613424154293,0.0,152.51692371076535,0.0,152.93800950623884,0.9187766488600324,0.9213133102785472,0.0025366614185148295,0.0,605.4347938042813,0.0,609.4335941641733,0.7294395106075678,0.7342573423664739,0.004817831758906044,True,True,True,True,1,1,1,1,[83],[76],[83],[76]
mddnr_Harris_Creek_Upstream,0,2018-06-19 13:15:00+00:00,2018-06-26 13:15:00+00:00,2.0,6,feasible,,True,84,0.011904761904761904,0,True,166.0,5.0,0.0,13.203959999999936,1,0.41865720189805616,0.05635613424154293,0.0,152.47754158600895,0.0,152.8880245017403,0.9185394071446322,0.9210121957936162,0.0024727886489839257,0.0,605.237883180499,0.0,609.1836691416803,0.7292022688921674,0.7339562278815426,0.00475395898937514,True,True,True,True,1,1,1,1,[83],[78],[83],[78]
mddnr_Harris_Creek_Upstream,0,2018-06-19 13:15:00+00:00,2018-06-26 13:15:00+00:00,2.0,7,feasible,,True,84,0.011904761904761904,0,True,166.0,5.0,0.0,13.203959999999936,1,0.41865720189805616,0.05635613424154293,0.0,152.41165226189722,0.0,152.856973211067,0.918142483505405,0.9208251398257047,0.0026826563202997367,0.0,604.9084365599406,0.0,609.0284126883142,0.7288053452529405,0.7337691719136316,0.004963826660691062,True,True,True,True,1,1,1,1,[83],[78],[83],[78]
mddnr_Harris_Creek_Upstream,0,2018-06-19 13:15:00+00:00,2018-06-26 13:15:00+00:00,4.0,0,feasible,,True,43,0.023255813953488372,0,True,168.0,5.0,0.0,13.203959999999936,1,0.41865720189805616,0.05635613424154293,0.0,161.16417196053305,0.0,161.52315517465968,0.9593105473841252,0.9614473522301171,0.00213680484599188,0.0,726.2992617366299,0.0,729.9875491897878,0.8646419782578927,0.8690327966545094,0.0043908183966167025,True,True,True,True,1,1,1,1,[42],[40],[42],[40]
mddnr_Harris_Creek_Upstream,0,2018-06-19 13:15:00+00:00,2018-06-26 13:15:00+00:00,4.0,1,feasible,,True,42,0.023809523809523808,0,True,164.0,5.0,0.0,13.203959999999936,1,0.41865720189805616,0.05635613424154293,0.0,157.10585612195126,0.0,157.54057419137894,0.9579625373289712,0.9606132572645057,0.0026507199355345623,0.0,707.9010539262459,0.0,711.9680156559087,0.863293968202739,0.868253677629157,0.004959709426417991,True,True,True,True,1,1,1,1,[41],[38],[41],[38]
mddnr_Harris_Creek_Upstream,0,2018-06-19 13:15:00+00:00,2018-06-26 13:15:00+00:00,4.0,2,feasible,,True,42,0.023809523809523808,0,True,164.0,5.0,0.0,13.203959999999936,1,0.41865720189805616,0.05635613424154293,0.0,157.32700189943012,0.0,157.77989633413003,0.9593109871916472,0.9620725386227441,0.002761551431096909,0.0,709.0067828136403,0.0,713.1646263696645,0.864642418065415,0.8697129589873956,0.005070540921980671,True,True,True,True,1,1,1,1,[41],[38],[41],[38]
mddnr_Harris_Creek_Upstream,0,2018-06-19 13:15:00+00:00,2018-06-26 13:15:00+00:00,4.0,3,feasible,,True,42,0.023809523809523808,0,True,164.0,5.0,0.0,13.203959999999936,1,0.41865720189805616,0.05635613424154293,0.0,157.3004947000748,0.0,157.69734534185196,0.9591493579272854,0.9615691789137314,0.0024198209864459974,0.0,708.8742468168637,0.0,712.751871408274,0.8644807888010533,0.8692095992783829,0.004728810477329648,True,True,True,True,1,1,1,1,[41],[38],[41],[38]
mddnr_Harris_Creek_Upstream,0,2018-06-19 13:15:00+00:00,2018-06-26 13:15:00+00:00,4.0,4,feasible,,True,42,0.023809523809523808,0,True,164.0,5.0,0.0,13.203959999999936,1,0.41865720189805616,0.05635613424154293,0.0,157.31488432258195,0.0,157.75111708911564,0.9592370995279388,0.9618970554214368,0.0026599558934979894,0.0,708.9461949293992,0.0,713.0207301445922,0.8645685304017063,0.8695374757860881,0.004968945384381751,True,True,True,True,1,1,1,1,[41],[38],[41],[38]
mddnr_Harris_Creek_Upstream,0,2018-06-19 13:15:00+00:00,2018-06-26 13:15:00+00:00,4.0,5,feasible,,True,42,0.023809523809523808,0,True,164.0,5.0,0.0,13.203959999999936,1,0.41865720189805616,0.05635613424154293,0.0,157.38153099524686,0.0,157.80261679072035,0.9596434816783346,0.9622110779921973,0.002567596313862719,0.0,709.2794282927241,0.0,713.2782286526162,0.8649749125521026,0.869851498356849,0.0048765858047464805,True,True,True,True,1,1,1,1,[41],[38],[41],[38]
mddnr_Harris_Creek_Upstream,0,2018-06-19 13:15:00+00:00,2018-06-26 13:15:00+00:00,4.0,6,feasible,,True,42,0.023809523809523808,0,True,164.0,5.0,0.0,13.203959999999936,1,0.41865720189805616,0.05635613424154293,0.0,157.29519326020372,0.0,157.70567617593505,0.9591170320744128,0.9616199766825309,0.002502944608118063,0.0,708.8477396175081,0.0,712.7935255786895,0.8644484629481806,0.8692603970471823,0.004811934099001713,True,True,True,True,1,1,1,1,[41],[39],[41],[39]
mddnr_Harris_Creek_Upstream,0,2018-06-19 13:15:00+00:00,2018-06-26 13:15:00+00:00,4.0,7,feasible,,True,42,0.023809523809523808,0,True,164.0,5.0,0.0,13.203959999999936,1,0.41865720189805616,0.05635613424154293,0.0,157.31412697402894,0.0,157.75944792319876,0.9592324815489568,0.9619478531902363,0.0027153716412795514,0.0,708.9424081866345,0.0,713.062384315008,0.8645639124227249,0.8695882735548878,0.005024361132162869,True,True,True,True,1,1,1,1,[41],[39],[41],[39]
mddnr_Harris_Creek_Upstream,0,2018-06-19 13:15:00+00:00,2018-06-26 13:15:00+00:00,4.0,8,feasible,,True,42,0.023809523809523808,0,True,164.0,5.0,0.0,13.203959999999936,1,0.41865720189805616,0.05635613424154293,0.018176365272243,157.44893501646467,0.0,157.8821383887863,0.959943650312149,0.9626959657852824,0.002752315473133371,0.0010905819163349,709.7062396432577,0.0,713.7656278873907,0.8654940842211482,0.8704458876675496,0.004951803446401448,True,True,True,True,1,1,1,1,[37],[38],[37],[38]
mddnr_Harris_Creek_Upstream,0,2018-06-19 13:15:00+00:00,2018-06-26 13:15:00+00:00,4.0,9,feasible,,True,42,0.023809523809523808,0,True,164.0,5.0,0.0,13.203959999999936,1,0.41865720189805616,0.05635613424154293,0.0,157.41636902868532,0.0,157.851087098113,0.9598559087114958,0.9625066286470305,0.0026507199355346733,0.0,709.4536184599165,0.0,713.5205801895794,0.865187339585264,0.8701470490116822,0.004959709426418213,True,True,True,True,1,1,1,1,[41],[38],[41],[38]
mddnr_Harris_Creek_Upstream,0,2018-06-19 13:15:00+00:00,2018-06-26 13:15:00+00:00,4.0,10,feasible,,True,42,0.023809523809523808,0,True,164.0,5.0,0.0,13.203959999999936,1,0.41865720189805616,0.05635613424154293,0.0,157.19900999397146,0.0,157.62615457786904,0.9585305487437284,0.9611350888894454,0.0026045401457169826,0.0,708.3668232863469,0.0,712.3959175883593,0.8638619796174962,0.8687755092540967,0.004913529636600522,True,True,True,True,1,1,1,1,[41],[38],[41],[38]
mddnr_Harris_Creek_Upstream,0,2018-06-19 13:15:00+00:00,2018-06-26 13:15:00+00:00,4.0,11,feasible,,True,42,0.023809523809523808,0,True,164.0,5.0,0.0,13.203959999999936,1,0.41865720189805616,0.05635613424154293,0.0454409131806077,157.4178837257914,0.0,157.8162490646746,0.9595880659305536,0.9622942016138695,0.0027061356833159023,0.0068161369770935,709.6815803743724,0.0,713.5667784513131,0.8654570295577991,0.8702033883552599,0.00474635879746077,True,True,True,True,1,1,1,1,[26],[38],[26],[38]
mddnr_Harris_Creek_Upstream,0,2018-06-19 13:15:00+00:00,2018-06-26 13:15:00+00:00,4.0,12,feasible,,True,42,0.023809523809523808,0,True,164.0,5.0,0.0,13.203959999999936,1,0.41865720189805616,0.05635613424154293,0.0,157.65114708011842,0.0,158.03890953925946,0.961287482195844,0.9636518874345089,0.0023644052386648795,0.0,710.6275087170816,0.0,714.4596923953114,0.8666189130696117,0.8712923077991603,0.004673394729548641,True,True,True,True,1,1,1,1,[41],[38],[41],[38]
mddnr_Harris_Creek_Upstream,0,2018-06-19 13:15:00+00:00,2018-06-26 13:15:00+00:00,4.0,13,feasible,,True,42,0.023809523809523808,0,True,164.0,5.0,0.0,13.203959999999936,1,0.41865720189805616,0.05635613424154293,0.0,157.33533273351318,0.0,157.70946291870004,0.9593617849604462,0.9616430665774393,0.002281281616993036,0.0,709.0484369840557,0.0,712.8124592925146,0.8646932158342142,0.869283486942091,0.004590271107876798,True,True,True,True,1,1,1,1,[41],[38],[41],[38]
mddnr_Harris_Creek_Upstream,0,2018-06-19 13:15:00+00:00,2018-06-26 13:15:00+00:00,4.0,14,feasible,,True,42,0.023809523809523808,0,True,164.0,5.0,0.0,13.203959999999936,1,0.41865720189805616,0.05635613424154293,0.0,157.3686560698457,0.0,157.72915398107838,0.9595649760356446,0.9617631340309658,0.0021981579953211927,0.0,709.2150536657181,0.0,712.9109146044062,0.8648964069094123,0.8694035543956173,0.004507147486205065,True,True,True,True,1,1,1,1,[41],[38],[41],[38]
mddnr_Harris_Creek_Upstream,0,2018-06-19 13:15:00+00:00,2018-06-26 13:15:00+00:00,4.0,15,feasible,,True,42,0.023809523809523808,0,True,164.0,5.0,0.0,13.203959999999936,1,0.41865720189805616,0.05635613424154293,0.0,157.28837712322664,0.0,157.65644851998942,0.9590754702635772,0.961319808048716,0.0022443377851387725,0.0,708.813658932623,0.0,712.5473872989614,0.8644069011373451,0.8689602284133676,0.004553327276022534,True,True,True,True,1,1,1,1,[41],[38],[41],[38]
mddnr_Harris_Creek_Upstream,1,2018-06-26 13:30:00+00:00,2018-07-03 13:30:00+00:00,0.5,0,feasible,,True,337,0.002967359050445104,0,True,168.0,5.0,0.0,13.203959999999936,1,1.8282132300953269,0.33629465438650197,0.1272345569056643,95.19381155350352,0.08330834083109195,95.64670598820341,0.5658724821226062,0.5688297479010257,0.0029572657784194822,0.0148591786100568,98.20199203978147,0.008489877279243812,100.02273222225706,0.1168894438823469,0.11906457422021169,0.002175130337864789,True,True,True,True,1,1,1,1,[321],[20],[321],[13]
mddnr_Harris_Creek_Upstream,1,2018-06-26 13:30:00+00:00,2018-07-03 13:30:00+00:00,0.5,1,feasible,,True,336,0.002976190476190476,0,True,167.5,5.0,0.0,13.203959999999936,1,1.8282132300953269,0.33629465438650197,0.169646075874213,94.44009978824482,0.12117576848157008,94.88542073741462,0.5628086788798246,0.5657566863816899,0.002948007501865302,0.0213117882817023,96.9725448072762,0.013556539098877584,98.91472992748254,0.1157626662913367,0.1180909532995626,0.0023282870082258905,True,True,True,True,1,1,1,1,[333],[19],[333],[272]
mddnr_Harris_Creek_Upstream,1,2018-06-26 13:30:00+00:00,2018-07-03 13:30:00+00:00,1.0,0,feasible,,True,169,0.005917159763313609,0,True,168.0,5.0,0.0,13.203959999999936,1,1.8282132300953269,0.33629465438650197,0.0212057594842711,131.9358192542238,0.0,132.38871368892367,0.7852060327067828,0.7880280576721648,0.002822024965381975,0.0014844031638986,343.0183186880288,0.0,346.90794123756694,0.4083533741486487,0.41298564433043683,0.004632270181788134,True,True,True,True,1,1,1,1,[167],[10],[167],[10]
mddnr_Harris_Creek_Upstream,1,2018-06-26 13:30:00+00:00,2018-07-03 13:30:00+00:00,1.0,1,feasible,,True,168,0.005952380952380952,0,True,167.0,5.0,0.0,13.203959999999936,1,1.8282132300953269,0.33629465438650197,0.0333233363324407,129.91870014753127,0.0,130.36250639959505,0.777756747372448,0.7806138107760182,0.0028570634035701703,0.0036655669965692,334.86672015552665,0.0,338.78262509307575,0.4010335983096169,0.4057276947222464,0.004694096412629523,True,True,True,True,1,1,1,1,[160],[11],[160],[11]
mddnr_Harris_Creek_Upstream,1,2018-06-26 13:30:00+00:00,2018-07-03 13:30:00+00:00,1.0,2,feasible,,True,168,0.005952380952380952,0,True,167.0,5.0,0.0,13.203959999999936,1,1.8282132300953269,0.33629465438650197,0.1060287974214024,130.2958597269303,0.06210258134682145,130.73209249346394,0.779579825925203,0.7824550294138749,0.0028752034886718736,0.0133747754461597,337.1241816990641,0.00700547411534414,340.98580898051597,0.4037255172737939,0.4083578485106595,0.004632331236865572,True,True,True,True,1,1,1,1,[160],[10],[160],[10]
mddnr_Harris_Creek_Upstream,1,2018-06-26 13:30:00+00:00,2018-07-03 13:30:00+00:00,1.0,3,feasible,,True,168,0.005952380952380952,0,True,167.0,5.0,0.0,13.203959999999936,1,1.8282132300953269,0.33629465438650197,0.1363227395418031,131.1297004837941,0.08785243214916205,131.57502143296387,0.7843914834985167,0.7873483173701479,0.002956833871631148,0.0176462212851371,341.3829319345386,0.009890972102312913,345.2856517670131,0.4088207014529981,0.41350390514360574,0.004683203690607651,True,True,True,True,1,1,1,1,[166],[9],[166],[9]
mddnr_Harris_Creek_Upstream,1,2018-06-26 13:30:00+00:00,2018-07-03 13:30:00+00:00,2.0,0,feasible,,True,85,0.011764705882352941,0,True,168.0,5.0,0.0,13.203959999999936,1,1.8282132300953269,0.33629465438650197,0.0,149.70170161072895,0.0,150.15459604542883,0.8910815572067199,0.8937773574132668,0.0026958002065469167,0.0,589.4653119215743,0.0,593.6231554775985,0.7017444189542551,0.7066942327114268,0.004949813757171739,True,True,True,True,1,1,1,1,[84],[5],[84],[5]
mddnr_Harris_Creek_Upstream,1,2018-06-26 13:30:00+00:00,2018-07-03 13:30:00+00:00,2.0,1,feasible,,True,84,0.011904761904761904,0,True,166.0,5.0,0.0,13.203959999999936,1,1.19642163397404,0.18980896868540925,0.033323336332435,147.3336302139662,0.0,147.7728923747119,0.8873512462508056,0.8901981468356138,0.0028469005848081874,0.0036655669965679,579.681277434951,0.0,583.7709596212043,0.698406761286692,0.7033385055677159,0.004931744281023942,True,True,True,True,1,1,1,1,[80],[5],[80],[5]
mddnr_Harris_Creek_Upstream,1,2018-06-26 13:30:00+00:00,2018-07-03 13:30:00+00:00,2.0,2,feasible,,True,84,0.011904761904761904,0,True,166.0,5.0,0.0,13.203959999999936,1,1.2888873873986977,0.20229184539773798,0.0855803864901272,147.53584227761976,0.041654170415543756,147.97207504415346,0.8882545897056001,0.8911471136972163,0.0028925239916162138,0.0106142399704366,580.9466743310334,0.004244938639620353,585.0212095462264,0.6999229639651361,0.7048397163946828,0.0049167524295467,True,True,True,True,1,1,1,1,[80],[5],[80],[5]
mddnr_Harris_Creek_Upstream,1,2018-06-26 13:30:00+00:00,2018-07-03 13:30:00+00:00,2.0,3,feasible,,True,84,0.011904761904761904,0,True,166.0,5.0,0.0,13.203959999999936,1,1.5388873873986977,0.27604184539773796,0.0560437929227215,148.0735597502567,0.024235153696313017,148.50676312257832,0.891671782875506,0.8944730600535061,0.002801277178000161,0.007217531710182,583.4909754346413,0.0033399071187723162,587.5503636787741,0.7029924794011219,0.7078879804477776,0.004895501046655704,True,True,True,True,1,1,1,1,[80],[5],[83],[5]
mddnr_Harris_Creek_Upstream,1,2018-06-26 13:30:00+00:00,2018-07-03 13:30:00+00:00,2.0,4,feasible,,True,84,0.011904761904761904,0,True,166.0,5.0,0.0,13.203959999999936,1,1.7888873873986977,0.33354184539773796,0.01060287974213,148.30606575603073,0.0,148.7483573109885,0.8933461619053531,0.8960744416324609,0.002728279727107763,0.0007422015819485,584.4327762277368,0.0,588.5376053850503,0.7041349807544034,0.7090814522711449,0.004946471516741546,True,True,True,True,1,1,1,1,[83],[5],[83],[5]
mddnr_Harris_Creek_Upstream,1,2018-06-26 13:30:00+00:00,2018-07-03 13:30:00+00:00,2.0,5,feasible,,True,84,0.011904761904761904,0,True,166.0,5.0,0.0,13.203959999999936,1,1.8282132300953269,0.33629465438650197,0.0,147.72896615863706,0.0,148.17277241070084,0.8899335310761269,0.8926070627150653,0.0026735316389383534,0.0,581.4950060436397,0.0,585.6074086864832,0.7005963928236623,0.7055510948029917,0.004954701979329457,True,True,True,True,1,1,1,1,[83],[5],[83],[5]
mddnr_Harris_Creek_Upstream,1,2018-06-26 13:30:00+00:00,2018-07-03 13:30:00+00:00,2.0,6,feasible,,True,84,0.011904761904761904,0,True,166.0,5.0,0.0,13.203959999999936,1,1.8282132300953269,0.33629465438650197,0.0,147.87664912647415,0.0,148.29470552773557,0.8908231875088805,0.8933415995646721,0.002518412055791619,0.0,582.233420882825,0.0,586.2170742716569,0.7014860492564157,0.7062856316525986,0.004799582396182944,True,True,True,True,1,1,1,1,[83],[7],[83],[7]
mddnr_Harris_Creek_Upstream,1,2018-06-26 13:30:00+00:00,2018-07-03 13:30:00+00:00,2.0,7,feasible,,True,84,0.011904761904761904,0,True,166.0,5.0,0.0,13.203959999999936,1,1.8282132300953269,0.33629465438650197,0.0560437929227215,148.15762543964078,0.013632273954164553,148.60294638881058,0.8921782026910727,0.8951163500894965,0.002938147398423796,0.0065510649835354,583.9119703482886,0.0006134523279368246,588.0319464766623,0.7035005051606085,0.7084714855714872,0.004970980410878734,True,True,True,True,1,1,1,1,[74],[4],[74],[4]
mddnr_Harris_Creek_Upstream,1,2018-06-26 13:30:00+00:00,2018-07-03 13:30:00+00:00,4.0,0,feasible,,True,43,0.023255813953488372,0,True,168.0,5.0,0.0,13.203959999999936,1,1.8282132300953269,0.33629465438650197,0.0,158.9731625966756,0.0,159.36546914713472,0.9462688249802118,0.948603983018659,0.0023351580384471937,0.0,715.3442149173428,0.0,719.199119052163,0.8516002558539796,0.8561894274430513,0.004589171589071683,True,True,True,True,1,1,1,1,[42],[3],[42],[3]
mddnr_Harris_Creek_Upstream,1,2018-06-26 13:30:00+00:00,2018-07-03 13:30:00+00:00,4.0,1,feasible,,True,42,0.023809523809523808,0,True,164.0,5.0,0.0,13.203959999999936,1,1.19642163397404,0.18980896868540925,0.0333233363324456,154.69294363206183,0.0,155.0564709375066,0.9430464652178624,0.9454662862043085,0.0024198209864461084,0.0036655669965703,695.9994425914643,0.0,699.7104505012128,0.8487753378347168,0.8533054274405034,0.0045300896057866025,True,True,True,True,1,1,1,1,[40],[4],[40],[4]
mddnr_Harris_Creek_Upstream,1,2018-06-26 13:30:00+00:00,2018-07-03 13:30:00+00:00,4.0,2,feasible,,True,42,0.023809523809523808,0,True,164.0,5.0,0.0,13.203959999999936,1,1.19642163397404,0.18980896868540925,0.0439262160745874,154.71111999733412,0.0,155.08070609120293,0.94309264500768,0.9456140615317251,0.002521416524045139,0.0063693013308174,696.1406350822023,0.0,699.8819369340711,0.8489442265620384,0.853514557236672,0.004570330674633638,True,True,True,True,1,1,1,1,[40],[4],[40],[4]
mddnr_Harris_Creek_Upstream,1,2018-06-26 13:30:00+00:00,2018-07-03 13:30:00+00:00,4.0,3,feasible,,True,42,0.023809523809523808,0,True,164.0,5.0,0.0,13.203959999999936,1,1.19642163397404,0.18980896868540925,0.0318086392264254,154.8474427368759,0.0,155.24429337865308,0.9439977688881066,0.9466115449917871,0.0026137761036805207,0.0033399071187758,696.7646902898823,0.0,700.6423148812927,0.849708963881419,0.8544418474162107,0.004732883534791621,True,True,True,True,1,1,1,1,[40],[4],[40],[4]
mddnr_Harris_Creek_Upstream,1,2018-06-26 13:30:00+00:00,2018-07-03 13:30:00+00:00,4.0,4,feasible,,True,42,0.023809523809523808,0,True,164.0,5.0,0.0,13.203959999999936,1,1.19642163397404,0.18980896868540925,0.0,155.18143344875318,0.0,155.61009272975676,0.9462282527362998,0.9488420288399803,0.0026137761036804097,0.0,698.2789405602554,0.0,702.3156083477979,0.8515596836100675,0.8564824492046317,0.004922765594564171,True,True,True,True,1,1,1,1,[41],[2],[41],[2]
mddnr_Harris_Creek_Upstream,1,2018-06-26 13:30:00+00:00,2018-07-03 13:30:00+00:00,4.0,5,feasible,,True,42,0.023809523809523808,0,True,164.0,5.0,0.0,13.203959999999936,1,1.19642163397404,0.18980896868540925,0.0,154.98225077931164,0.0,155.41999824295132,0.9450137242640954,0.9476829161155569,0.0026691918514615276,0.0,697.2830272130478,0.0,701.3651359137709,0.8503451551378632,0.8553233364802084,0.004978181342345178,True,True,True,True,1,1,1,1,[41],[2],[41],[2]
mddnr_Harris_Creek_Upstream,1,2018-06-26 13:30:00+00:00,2018-07-03 13:30:00+00:00,4.0,6,feasible,,True,42,0.023809523809523808,0,True,164.0,5.0,0.0,13.203959999999936,1,1.19642163397404,0.18980896868540925,0.0,154.936809866131,0.0,155.34880747896838,0.944736645525189,0.9472488260912706,0.002512180566081601,0.0,697.0558226471444,0.0,701.009182093856,0.8500680763989565,0.8548892464559219,0.004821170056965363,True,True,True,True,1,1,1,1,[41],[2],[41],[2]
mddnr_Harris_Creek_Upstream,1,2018-06-26 13:30:00+00:00,2018-07-03 13:30:00+00:00,4.0,7,feasible,,True,42,0.023809523809523808,0,True,164.0,5.0,0.0,13.203959999999936,1,1.19642163397404,0.18980896868540925,0.0424115189685672,155.20188185968456,0.0,155.64720280885436,0.9460943313458292,0.9490683098100876,0.0029739784642583977,0.0059376126556015,698.5873025970996,0.0,702.7072787254732,0.8519284938834681,0.8569600960066747,0.0050316021232065244,True,True,True,True,1,1,1,1,[37],[2],[37],[2]
mddnr_Harris_Creek_Upstream,1,2018-06-26 13:30:00+00:00,2018-07-03 13:30:00+00:00,4.0,8,feasible,,True,42,0.023809523809523808,0,True,164.0,5.0,0.0,13.203959999999936,1,1.19642163397404,0.18980896868540925,0.0,154.8883395587384,0.0,155.3412339934383,0.944441094870356,0.947202646301453,0.00276155143109702,0.0,696.8134711101816,0.0,700.9713146662056,0.8497725257441239,0.8548430666661043,0.005070540921980449,True,True,True,True,1,1,1,1,[41],[2],[41],[2]
mddnr_Harris_Creek_Upstream,1,2018-06-26 13:30:00+00:00,2018-07-03 13:30:00+00:00,4.0,9,feasible,,True,42,0.023809523809523808,0,True,164.0,5.0,0.0,13.203959999999936,1,1.19642163397404,0.18980896868540925,0.0,154.83911190279284,0.0,155.27837406353856,0.9441409262365416,0.9468193540459668,0.002678427809425288,0.0,696.5673328304539,0.0,700.6570150167071,0.8494723571103097,0.8544597744106184,0.004987417300308716,True,True,True,True,1,1,1,1,[41],[2],[41],[2]
mddnr_Harris_Creek_Upstream,1,2018-06-26 13:30:00+00:00,2018-07-03 13:30:00+00:00,4.0,10,feasible,,True,42,0.023809523809523808,0,True,164.0,5.0,0.0,13.203959999999936,1,1.2888873873986977,0.20229184539773798,0.041654170415557,155.011030024326,0.020448410931273475,155.4472627908597,0.9449352186214052,0.9477244779263929,0.0027892593049877457,0.0042449386396232,697.6309493515578,0.0014844031639003824,701.7054845667509,0.8507642736742904,0.85573658556535,0.004972311891059622,True,True,True,True,1,1,1,1,[15],[2],[41],[2]
mddnr_Harris_Creek_Upstream,1,2018-06-26 13:30:00+00:00,2018-07-03 13:30:00+00:00,4.0,11,feasible,,True,42,0.023809523809523808,0,True,164.0,5.0,0.0,13.203959999999936,1,1.5388873873986977,0.27604184539773796,0.0242351536963241,155.42378498571628,0.0,155.85698835803794,0.9475582306830485,0.9503474899880362,0.0027892593049877457,0.0038776245914132,699.6079963889613,0.0,703.6673846330941,0.853175754590695,0.8581309568696269,0.0049552022789319805,True,True,True,True,1,1,1,1,[41],[2],[41],[2]
mddnr_Harris_Creek_Upstream,1,2018-06-26 13:30:00+00:00,2018-07-03 13:30:00+00:00,4.0,12,feasible,,True,42,0.023809523809523808,0,True,164.0,5.0,0.0,13.203959999999936,1,1.7888873873986977,0.33354184539773796,0.0106028797421418,155.3404766448853,0.0,155.78276819984308,0.9471333766167266,0.9498949280478236,0.00276155143109702,0.0007422015819501,699.1264287380449,0.0,703.2312578953582,0.8525923006542231,0.8575990949943393,0.005006794340116194,True,True,True,True,1,1,1,1,[41],[2],[41],[2]
mddnr_Harris_Creek_Upstream,1,2018-06-26 13:30:00+00:00,2018-07-03 13:30:00+00:00,4.0,13,feasible,,True,42,0.023809523809523808,0,True,164.0,5.0,0.0,13.203959999999936,1,1.8282132300953269,0.33629465438650197,0.0,154.97467729378153,0.0,155.4184835458453,0.9449675444742776,0.9476736801575933,0.0027061356833157912,0.0,697.2451597853973,0.0,701.3575624282407,0.8502989753480454,0.8553141005222448,0.005015125174199331,True,True,True,True,1,1,1,1,[41],[2],[41],[2]
mddnr_Harris_Creek_Upstream,1,2018-06-26 13:30:00+00:00,2018-07-03 13:30:00+00:00,4.0,14,feasible,,True,42,0.023809523809523808,0,True,164.0,5.0,0.0,13.203959999999936,1,1.8282132300953269,0.33629465438650197,0.0,155.164014432034,0.0,155.58207083329543,0.9461220392197196,0.948671163617655,0.0025491243979354206,0.0,698.1918454766594,0.0,702.1754988654911,0.851453470093487,0.8563115839823062,0.004858113888819182,True,True,True,True,1,1,1,1,[41],[3],[41],[3]
mddnr_Harris_Creek_Upstream,1,2018-06-26 13:30:00+00:00,2018-07-03 13:30:00+00:00,4.0,15,feasible,,True,42,0.023809523809523808,0,True,164.0,5.0,0.0,13.203959999999936,1,1.8282132300953269,0.33629465438650197,0.0136322739541823,155.1564409465039,0.0,155.5714679535533,0.94599273580823,0.9486065119119105,0.0026137761036805207,0.0006134523279384,698.221525966452,0.0,702.1900323842236,0.8514889177001513,0.8563293077856385,0.004840390085487201,True,True,True,True,1,1,1,1,[33],[3],[33],[3]
mddnr_Harris_Creek_Upstream,2,2018-07-03 13:45:00+00:00,2018-07-10 13:45:00+00:00,0.5,0,feasible,,True,337,0.002967359050445104,0,True,168.0,5.0,0.0,13.203959999999936,1,4.765484623261842,2.01449050742577,0.664952029542666,97.663375229855,0.5180264102587512,98.19351921696189,0.5773715666685257,0.5814017428970425,0.0040301762285167575,0.1906776451912976,109.98177150896298,0.11941871983859784,112.00250000555043,0.1307036831711567,0.13319414438775218,0.002490461216595491,True,True,True,True,1,1,1,1,[35],[257],[35],[205]
mddnr_Harris_Creek_Upstream,2,2018-07-03 13:45:00+00:00,2018-07-10 13:45:00+00:00,0.5,1,feasible,,True,336,0.002976190476190476,0,True,167.5,5.0,0.0,13.203959999999936,1,4.765484623261842,2.01449050742577,0.6922165774510235,96.76818924019732,0.5377174726370114,97.27409807360792,0.5735878964940078,0.5775306304535577,0.003942733959549916,0.2222742268228707,108.00973846736044,0.14347968336772401,109.87820789166962,0.1287014498394478,0.13102654114424106,0.0023250913047932475,True,True,True,True,1,1,1,1,[34],[253],[34],[202]
mddnr_Harris_Creek_Upstream,2,2018-07-03 13:45:00+00:00,2018-07-10 13:45:00+00:00,1.0,0,feasible,,True,169,0.005917159763313609,0,True,168.0,5.0,0.0,13.203959999999936,1,4.765484623261842,2.01449050742577,0.3877624591410548,133.05366571846625,0.30748351252200423,133.54442758081663,0.7896779955912214,0.7930770480255633,0.0033990524343419093,0.0833992226574489,351.208858532257,0.062125301803399056,355.26569276677446,0.4180064991780947,0.42286138983925126,0.0048548906611565745,True,True,True,True,1,1,1,1,[48],[127],[48],[127]
mddnr_Harris_Creek_Upstream,2,2018-07-03 13:45:00+00:00,2018-07-10 13:45:00+00:00,1.0,1,feasible,,True,168,0.005952380952380952,0,True,167.0,5.0,0.0,13.203959999999936,1,4.765484623261842,2.01449050742577,0.4029094302012413,131.99383518277835,0.24841032538723018,132.48611174223475,0.7879696152848928,0.7918425234541768,0.003872908169283984,0.1583615824343594,347.71902209527826,0.0795670389792137,351.7795290461627,0.4162403119914298,0.42119755929004005,0.004957247298610246,True,True,True,True,1,1,1,1,[17],[127],[17],[131]
mddnr_Harris_Creek_Upstream,2,2018-07-03 13:45:00+00:00,2018-07-10 13:45:00+00:00,1.0,2,feasible,,True,168,0.005952380952380952,0,True,167.0,5.0,0.0,13.203959999999936,1,4.765484623261842,2.01449050742577,0.2771895704016155,131.6749914419611,0.1302639511177045,132.205135429068,0.7868131848596377,0.7908674938799419,0.0040543090203042365,0.1072784225338478,345.84312176858816,0.036019497181151786,350.08965382103304,0.4140549022108435,0.4192259093698825,0.005171007159039009,True,True,True,True,1,1,1,1,[17],[128],[17],[128]
mddnr_Harris_Creek_Upstream,2,2018-07-03 13:45:00+00:00,2018-07-10 13:45:00+00:00,1.0,3,feasible,,True,168,0.005952380952380952,0,True,167.0,5.0,0.0,13.203959999999936,1,4.765484623261842,2.01449050742577,0.2893071472497618,131.42203702525586,0.20448410931265842,131.92794585866645,0.7852259274132102,0.7887632440081065,0.0035373165948963115,0.0639126443885,344.56148889466266,0.04016219376611124,348.62352623491506,0.4125719476051188,0.41746510663610653,0.004893159030987748,True,True,True,True,1,1,1,1,[23],[126],[23],[126]
mddnr_Harris_Creek_Upstream,2,2018-07-03 13:45:00+00:00,2018-07-10 13:45:00+00:00,2.0,0,feasible,,True,85,0.011764705882352941,0,True,168.0,5.0,0.0,13.203959999999936,1,4.765484623261842,2.01449050742577,0.1787342585103332,150.5938582061745,0.09845531189128265,151.05584082351052,0.8953281187360963,0.8985558661405907,0.0032277474044943855,0.0333990711877386,594.7863671201659,0.012125150333688774,598.9896515893707,0.7080392476773549,0.7130684838559965,0.005029236178641594,True,True,True,True,1,1,1,1,[24],[53],[24],[53]
mddnr_Harris_Creek_Upstream,2,2018-07-03 13:45:00+00:00,2018-07-10 13:45:00+00:00,2.0,1,feasible,,True,84,0.011904761904761904,0,True,166.0,5.0,0.0,13.203959999999936,1,4.765484623261842,2.01449050742577,0.1590431961320657,148.81954807497124,0.03786742765049139,149.2997070575795,0.895545210113489,0.8991677086140302,0.0036224985005411936,0.0532037358489397,587.6899278701221,0.004733428456311234,591.984094165688,0.7079960531738232,0.7132281454665442,0.005232092292721036,True,True,True,True,1,1,1,1,[15],[63],[15],[63]
mddnr_Harris_Creek_Upstream,2,2018-07-03 13:45:00+00:00,2018-07-10 13:45:00+00:00,2.0,2,feasible,,True,84,0.011904761904761904,0,True,166.0,5.0,0.0,13.203959999999936,1,4.765484623261842,2.01449050742577,0.0,148.39770493094483,0.0,148.92784891805175,0.893962077897258,0.8971557163738058,0.0031936384765477444,0.0,584.8386999051788,0.0,589.382791223238,0.7046249396447938,0.7100997484617325,0.0054748088169387366,True,True,True,True,1,1,1,1,[83],[64],[83],[64]
mddnr_Harris_Creek_Upstream,2,2018-07-03 13:45:00+00:00,2018-07-10 13:45:00+00:00,2.0,3,feasible,,True,84,0.011904761904761904,0,True,166.0,5.0,0.0,13.203959999999936,1,4.765484623261842,2.01449050742577,0.0666466726648654,148.7635042820487,0.025749850802334884,149.26941311545932,0.8957642024661677,0.8990582124376927,0.0032940099715249582,0.0077098082696398,586.9932202157526,0.00218873731819844,591.4161357653302,0.7072114583222686,0.7125469241301349,0.005335465807866258,True,True,True,True,1,1,1,1,[11],[63],[11],[63]
mddnr_Harris_Creek_Upstream,2,2018-07-03 13:45:00+00:00,2018-07-10 13:45:00+00:00,2.0,4,feasible,,True,84,0.011904761904761904,0,True,166.0,5.0,0.0,13.203959999999936,1,4.765484623261842,2.01449050742577,0.2090282006307228,148.60673313157554,0.12874925401167903,149.09749499392595,0.893962077897258,0.897402082770568,0.0034400048733099764,0.0500001514697114,586.8789817600158,0.028726230615665194,591.2261624542924,0.7070228694078868,0.7122860677393695,0.005263198331482699,True,True,True,True,1,1,1,1,[11],[63],[11],[63]
mddnr_Harris_Creek_Upstream,2,2018-07-03 13:45:00+00:00,2018-07-10 13:45:00+00:00,2.0,5,feasible,,True,84,0.011904761904761904,0,True,166.0,5.0,0.0,13.203959999999936,1,4.765484623261842,2.01449050742577,0.243866234069175,148.32878621262094,0.08936712925516577,148.82106277207734,0.892077831196095,0.8959740701374831,0.0038962389413881304,0.1051578465854184,585.6082796373196,0.026363303130274636,589.9630338171262,0.7054254479406437,0.7107670729084288,0.005341624967785119,True,True,True,True,1,1,1,1,[8],[63],[8],[63]
mddnr_Harris_Creek_Upstream,2,2018-07-03 13:45:00+00:00,2018-07-10 13:45:00+00:00,2.0,6,feasible,,True,84,0.011904761904761904,0,True,166.0,5.0,0.0,13.203959999999936,1,4.765484623261842,2.01449050742577,0.2771895704016193,148.46207955795077,0.1302639511177055,148.94375323766505,0.8926800601659588,0.8964668029310081,0.0037867427650493113,0.1072784225338513,586.4392424696828,0.03601949718115255,590.7409822507788,0.7064240530688541,0.7116927262091537,0.005268673140299551,True,True,True,True,1,1,1,1,[8],[63],[8],[63]
mddnr_Harris_Creek_Upstream,2,2018-07-03 13:45:00+00:00,2018-07-10 13:45:00+00:00,2.0,7,feasible,,True,84,0.011904761904761904,0,True,166.0,5.0,0.0,13.203959999999936,1,4.765484623261842,2.01449050742577,0.2226604745848965,147.85241397277778,0.1378374366477918,148.3143965901138,0.8893358644469451,0.8926298744184699,0.003294009971524736,0.0562028361188604,583.169344651149,0.03245238549647092,587.3726291203537,0.7025459539940123,0.7076387671504304,0.0050928131564180745,True,True,True,True,1,1,1,1,[11],[65],[11],[65]
mddnr_Harris_Creek_Upstream,2,2018-07-03 13:45:00+00:00,2018-07-10 13:45:00+00:00,4.0,0,feasible,,True,43,0.023255813953488372,0,True,168.0,5.0,0.0,13.203959999999936,1,4.765484623261842,2.01449050742577,0.1302639511177057,159.24429337865303,0.04998500449865517,159.70476129888306,0.9471073180210438,0.9503260493713357,0.003218731350291937,0.0295214465963287,717.3216671362223,0.00824752574227885,721.5173781198969,0.8539192210590787,0.8589394411835174,0.005020220124438701,True,True,True,True,1,1,1,1,[12],[33],[12],[33]
mddnr_Harris_Creek_Upstream,2,2018-07-03 13:45:00+00:00,2018-07-10 13:45:00+00:00,4.0,1,feasible,,True,42,0.023809523809523808,0,True,164.0,5.0,0.0,13.203959999999936,1,4.765484623261842,2.01449050742577,0.0,155.42227028861035,0.0,155.8721353290982,0.947696770052502,0.9504398495676719,0.002743079515169944,0.0,699.4831247595414,0.0,703.6258213445053,0.85302820092627,0.8580802699323236,0.0050520690060535944,True,True,True,True,1,1,1,1,[41],[32],[41],[32]
mddnr_Harris_Creek_Upstream,2,2018-07-03 13:45:00+00:00,2018-07-10 13:45:00+00:00,4.0,2,feasible,,True,42,0.023809523809523808,0,True,164.0,5.0,0.0,13.203959999999936,1,4.765484623261842,2.01449050742577,0.0,155.1208455645124,0.0,155.6509895516193,0.9458588144177584,0.9490913997049957,0.003232585287237244,0.0,697.9760011390516,0.0,702.5200924571108,0.8511902452915263,0.8567318200696473,0.005541574778121006,True,True,True,True,1,1,1,1,[41],[32],[41],[32]
mddnr_Harris_Creek_Upstream,2,2018-07-03 13:45:00+00:00,2018-07-10 13:45:00+00:00,4.0,3,feasible,,True,42,0.023809523809523808,0,True,164.0,5.0,0.0,13.203959999999936,1,4.765484623261842,2.01449050742577,0.0257498508023352,155.38440286095994,0.0,155.84638547829593,0.9473088598180344,0.9502828382822922,0.0029739784642578426,0.0021887373181985,699.4203481379826,0.0,703.6236326071872,0.852948974878859,0.8580776007404722,0.005128625861613223,True,True,True,True,1,1,1,1,[4],[32],[4],[32]
mddnr_Harris_Creek_Upstream,2,2018-07-03 13:45:00+00:00,2018-07-10 13:45:00+00:00,4.0,4,feasible,,True,42,0.023809523809523808,0,True,164.0,5.0,0.0,13.203959999999936,1,4.765484623261842,2.01449050742577,0.078764249513026,155.22460231627483,0.0,155.63357053490017,0.9460112077241576,0.9489851861884157,0.0029739784642580647,0.0204787048733869,698.8681274405557,0.0,702.806339916207,0.8522532301654662,0.8570809023368378,0.004827672171371589,True,True,True,True,1,1,1,1,[4],[27],[4],[27]
mddnr_Harris_Creek_Upstream,2,2018-07-03 13:45:00+00:00,2018-07-10 13:45:00+00:00,4.0,5,feasible,,True,42,0.023809523809523808,0,True,164.0,5.0,0.0,13.203959999999936,1,4.765484623261842,2.01449050742577,0.1544991048140116,155.2011245111316,0.0,155.64190136898338,0.9454062524775464,0.9490359839572158,0.0036297314796693847,0.0787945434551462,699.0710968527626,0.0,703.168352524546,0.85242963696257,0.8575223811274951,0.0050927441649251115,True,True,True,True,1,1,1,1,[4],[26],[4],[26]
mddnr_Harris_Creek_Upstream,2,2018-07-03 13:45:00+00:00,2018-07-10 13:45:00+00:00,4.0,6,feasible,,True,42,0.023809523809523808,0,True,164.0,5.0,0.0,13.203959999999936,1,4.765484623261842,2.01449050742577,0.1469256192839103,155.2548962583952,0.0,155.72142296704925,0.9457803087750688,0.9495208717503003,0.0037405629752315095,0.0712589253526954,699.3096237795324,0.0,703.5356287053274,0.8527297132368046,0.857970278908936,0.005240565672131381,True,True,True,True,1,1,1,1,[4],[26],[4],[26]
mddnr_Harris_Creek_Upstream,2,2018-07-03 13:45:00+00:00,2018-07-10 13:45:00+00:00,4.0,7,feasible,,True,42,0.023809523809523808,0,True,164.0,5.0,0.0,13.203959999999936,1,4.765484623261842,2.01449050742577,0.0560437929227313,155.1034265477932,0.0,155.5638944680232,0.9454108704565272,0.9485603321220927,0.0031494616655655117,0.0103681016907056,698.1587569183787,0.0,702.3544679020533,0.8514004741666927,0.856529838904943,0.005129364738250319,True,True,True,True,1,1,1,1,[4],[26],[4],[26]
mddnr_Harris_Creek_Upstream,2,2018-07-03 13:45:00+00:00,2018-07-10 13:45:00+00:00,4.0,8,feasible,,True,42,0.023809523809523808,0,True,164.0,5.0,0.0,13.203959999999936,1,4.765484623261842,2.01449050742577,0.04847030739263,155.55329158828113,0.024235153696315015,156.01527420561712,0.9482001297615152,0.9511648722678098,0.0029647425062945265,0.0038776245914103,700.3767051702671,0.001938812295705165,704.5799896394716,0.8541132043239947,0.8592415253989949,0.005128321075000164,True,True,True,True,1,1,1,1,[7],[26],[7],[26]
mddnr_Harris_Creek_Upstream,2,2018-07-03 13:45:00+00:00,2018-07-10 13:45:00+00:00,4.0,9,feasible,,True,42,0.023809523809523808,0,True,164.0,5.0,0.0,13.203959999999936,1,4.765484623261842,2.01449050742577,0.1590431961320678,155.61160742686278,0.03786742765049278,156.09176640947103,0.9478814892117726,0.9515481645232959,0.0036666753115233153,0.0532037358489407,701.1718226956148,0.004733428456311581,705.4659889911804,0.855022706048495,0.8603186043447855,0.005295898296290513,True,True,True,True,1,1,1,1,[7],[31],[7],[31]
mddnr_Harris_Creek_Upstream,2,2018-07-03 13:45:00+00:00,2018-07-10 13:45:00+00:00,4.0,10,feasible,,True,42,0.023809523809523808,0,True,164.0,5.0,0.0,13.203959999999936,1,4.765484623261842,2.01449050742577,0.0,155.48740226416928,0.0,156.003913977322,0.9480939162449348,0.9512433779105,0.0031494616655651786,0.0,699.8087846373356,0.0,704.2847145856241,0.853425347118702,0.8588837982751514,0.005458451156449384,True,True,True,True,1,1,1,1,[41],[31],[41],[31]
mddnr_Harris_Creek_Upstream,2,2018-07-03 13:45:00+00:00,2018-07-10 13:45:00+00:00,4.0,11,feasible,,True,42,0.023809523809523808,0,True,164.0,5.0,0.0,13.203959999999936,1,4.765484623261842,2.01449050742577,0.0408968218625332,155.57979878763638,0.0,156.08570762104696,0.9484079388156942,0.9517421196405302,0.0033341808248360527,0.0055210709514421,700.4697302930329,0.0,704.8926458426105,0.8542246453927822,0.859625177856842,0.005400532464059804,True,True,True,True,1,1,1,1,[5],[31],[5],[31]
mddnr_Harris_Creek_Upstream,2,2018-07-03 13:45:00+00:00,2018-07-10 13:45:00+00:00,4.0,12,feasible,,True,42,0.023809523809523808,0,True,164.0,5.0,0.0,13.203959999999936,1,4.765484623261842,2.01449050742577,0.1302639511177148,155.5775267419775,0.049985004498668495,156.06828860432785,0.9478491633589008,0.9513311195111536,0.0034819561522527742,0.0295214465963308,700.8812053353693,0.008247525742283246,705.2283860296458,0.8546971754741134,0.8600245591511019,0.005327383676988484,True,True,True,True,1,1,1,1,[5],[31],[5],[31]
mddnr_Harris_Creek_Upstream,2,2018-07-03 13:45:00+00:00,2018-07-10 13:45:00+00:00,4.0,13,feasible,,True,42,0.023809523809523808,0,True,164.0,5.0,0.0,13.203959999999936,1,4.765484623261842,2.01449050742577,0.0893671292551633,155.31775618829502,0.0,155.81003274775145,0.94651456743317,0.9500611752911674,0.0035466078579974303,0.0263633031302731,699.3810266011101,0.0,703.7357807809167,0.8528715406072924,0.8582143668059959,0.005342826198703521,True,True,True,True,1,1,1,1,[5],[31],[5],[31]
mddnr_Harris_Creek_Upstream,2,2018-07-03 13:45:00+00:00,2018-07-10 13:45:00+00:00,4.0,14,feasible,,True,42,0.023809523809523808,0,True,164.0,5.0,0.0,13.203959999999936,1,4.765484623261842,2.01449050742577,0.1302639511176875,155.40636596899725,0.03029394212038694,155.8880396487115,0.9468055001090218,0.950352107967019,0.0035466078579972082,0.0360194971811469,700.0189034198829,0.003029394212037955,704.3206432009789,0.853637663320368,0.858923919276545,0.005286255956177044,True,True,True,True,1,1,1,1,[5],[31],[5],[31]
mddnr_Harris_Creek_Upstream,2,2018-07-03 13:45:00+00:00,2018-07-10 13:45:00+00:00,4.0,15,feasible,,True,42,0.023809523809523808,0,True,164.0,5.0,0.0,13.203959999999936,1,4.765484623261842,2.01449050742577,0.16661668166216,154.91863350085887,0.08179364372505749,155.38061611819487,0.9436098586536384,0.9469440394784744,0.0033341808248359417,0.0458347344281518,697.7521894946665,0.022084283805763577,701.9554739638711,0.8508614082441931,0.8560163288781285,0.0051549206339354114,True,True,True,True,1,1,1,1,[5],[32],[5],[32]
mddnr_Harris_Creek_Upstream,3,2018-07-10 14:00:00+00:00,2018-07-17 14:00:00+00:00,0.5,0,feasible,,True,337,0.002967359050445104,0,True,168.0,5.0,0.0,13.203959999999936,1,3.433635367922861,0.8201710939936915,0.3862477620350644,102.57265850547836,0.2681013877655243,102.98314142120971,0.6082524449014481,0.6113990478181202,0.0031466029166720144,0.1120800123599455,111.33262606926908,0.06600292639482402,113.12626386730842,0.1324054119725108,0.13459554873918286,0.0021901367666720684,True,True,True,True,1,1,1,1,[147],[65],[147],[146]
mddnr_Harris_Creek_Upstream,3,2018-07-10 14:00:00+00:00,2018-07-17 14:00:00+00:00,0.5,1,feasible,,True,336,0.002976190476190476,0,True,167.5,5.0,0.0,13.203959999999936,1,3.433635367922861,0.8201710939936915,0.3014247240979237,102.21882677620896,0.21205759484275694,102.62325090351625,0.608462101803648,0.6114101093055133,0.002948007501865302,0.049144347604809,110.67434188178989,0.022781044474533853,112.54368224936147,0.1320897881005195,0.13435331487150678,0.0022635267709872897,True,True,True,True,1,1,1,1,[270],[64],[270],[110]
mddnr_Harris_Creek_Upstream,3,2018-07-10 14:00:00+00:00,2018-07-17 14:00:00+00:00,1.0,0,feasible,,True,169,0.005917159763313609,0,True,168.0,5.0,0.0,13.203959999999936,1,3.433635367922861,0.8201710939936915,0.2120575948427863,135.12349931384188,0.09542591767925757,135.50974707587693,0.8030442959464232,0.8060376259416528,0.00299332999522961,0.0599668584273334,359.1004810144505,0.015063662719370844,362.8376820480192,0.4274291835190752,0.43193168855392833,0.00450250503485311,True,True,True,True,1,1,1,1,[124],[32],[124],[32]
mddnr_Harris_Creek_Upstream,3,2018-07-10 14:00:00+00:00,2018-07-17 14:00:00+00:00,1.0,1,feasible,,True,168,0.005952380952380952,0,True,167.0,5.0,0.0,13.203959999999936,1,3.433635367922861,0.8201710939936915,0.2529544167053088,134.67863580319838,0.16358728745016382,135.08305993050564,0.8049441999191201,0.8079010337907514,0.002956833871631259,0.0452667230133964,358.96789288798044,0.01890341988313402,362.74946954825504,0.4298474564849904,0.4344078636267927,0.004560407141802281,True,True,True,True,1,1,1,1,[135],[32],[135],[32]
mddnr_Harris_Creek_Upstream,3,2018-07-10 14:00:00+00:00,2018-07-17 14:00:00+00:00,1.0,2,feasible,,True,168,0.005952380952380952,0,True,167.0,5.0,0.0,13.203959999999936,1,3.433635367922861,0.8201710939936915,0.1741901671922855,134.62562140448745,0.05604379292274131,135.03610432021878,0.805098390642486,0.8082638354927907,0.0031654448503046773,0.0521131539326158,358.2649649965587,0.006036067967491111,362.06029362215287,0.4289974273564384,0.43359791323854535,0.0046004858821069305,True,True,True,True,1,1,1,1,[73],[32],[73],[32]
mddnr_Harris_Creek_Upstream,3,2018-07-10 14:00:00+00:00,2018-07-17 14:00:00+00:00,1.0,3,feasible,,True,168,0.005952380952380952,0,True,167.0,5.0,0.0,13.203959999999936,1,3.433635367922861,0.8201710939936915,0.0484703073926411,134.18938863795393,0.024235153696320566,134.5635188231408,0.8032390319195286,0.8056244531104461,0.002385421190917447,0.0038776245914121,355.5202114105748,0.0019388122957060534,359.19796658093287,0.4257680644143513,0.43017488355525413,0.004406819140902851,True,True,True,True,1,1,1,1,[123],[33],[123],[33]
mddnr_Harris_Creek_Upstream,3,2018-07-10 14:00:00+00:00,2018-07-17 14:00:00+00:00,2.0,0,feasible,,True,85,0.011764705882352941,0,True,168.0,5.0,0.0,13.203959999999936,1,3.433635367922861,0.8201710939936915,0.1666166816621839,151.65641822604718,0.04998500449865517,152.0426659880822,0.9017250091927678,0.9047183391879973,0.002993329995229499,0.0531507214502414,600.0188276850266,0.00824752574227885,603.8434378777264,0.7142448535280671,0.7188514170856953,0.004606563557628229,True,True,True,True,1,1,1,1,[62],[16],[62],[16]
mddnr_Harris_Creek_Upstream,3,2018-07-10 14:00:00+00:00,2018-07-17 14:00:00+00:00,2.0,1,feasible,,True,84,0.011904761904761904,0,True,166.0,5.0,0.0,13.203959999999936,1,3.433635367922861,0.8201710939936915,0.0802789466190161,149.7881968742709,0.042411518968538564,150.19262100157817,0.9018549272750114,0.9045193342325881,0.002664406957576748,0.0095350182823864,592.1830193366217,0.00480158982607872,596.0985113556827,0.713462029299204,0.7181851924889838,0.004723163189779833,True,True,True,True,1,1,1,1,[64],[16],[64],[16]
mddnr_Harris_Creek_Upstream,3,2018-07-10 14:00:00+00:00,2018-07-17 14:00:00+00:00,2.0,2,feasible,,True,84,0.011904761904761904,0,True,166.0,5.0,0.0,13.203959999999936,1,3.433635367922861,0.8201710939936915,0.0560437929227215,149.60794791865465,0.016661668166217503,150.01843083438598,0.9009150850947708,0.9036251154591551,0.0027100303643843304,0.0060360679674864,591.1640977403738,0.0009163917491419968,595.1098837015552,0.7122386285209715,0.7169987557949471,0.004760127273975567,True,True,True,True,1,1,1,1,[33],[16],[33],[16]
mddnr_Harris_Creek_Upstream,3,2018-07-10 14:00:00+00:00,2018-07-17 14:00:00+00:00,2.0,3,feasible,,True,84,0.011904761904761904,0,True,166.0,5.0,0.0,13.203959999999936,1,3.433635367922861,0.8201710939936915,0.024235153696313,149.45117676818165,0.0,149.81924816494444,0.9001622988824418,0.902525591355087,0.0023632924726452176,0.0019388122957048,590.2252960475485,0.0,593.9590244138872,0.71111247859669,0.7156132824263701,0.0045008038296801,True,True,True,True,1,1,1,1,[49],[16],[49],[16]
mddnr_Harris_Creek_Upstream,3,2018-07-10 14:00:00+00:00,2018-07-17 14:00:00+00:00,2.0,4,feasible,,True,84,0.011904761904761904,0,True,166.0,5.0,0.0,13.203959999999936,1,3.433635367922861,0.8201710939936915,0.045440913180573,149.62688163247992,0.0,150.0040412118788,0.9010930163813212,0.9036388024811977,0.0025457860998764348,0.0068161369770832,591.2049718417798,0.0,594.984141121299,0.7122869345840995,0.7168483627967458,0.004561428212646268,True,True,True,True,1,1,1,1,[49],[16],[49],[16]
mddnr_Harris_Creek_Upstream,3,2018-07-10 14:00:00+00:00,2018-07-17 14:00:00+00:00,2.0,5,feasible,,True,84,0.011904761904761904,0,True,166.0,5.0,0.0,13.203959999999936,1,3.433635367922861,0.8201710939936915,0.172675470086244,150.0638717475666,0.08330834083108751,150.4486048124956,0.9029590137197612,0.9058150389859309,0.0028560252661696817,0.035731704731001,593.9971796339878,0.009368401600731874,597.8142163411575,0.7156162023244058,0.720246804746454,0.004630602422048158,True,True,True,True,1,1,1,1,[67],[16],[67],[16]
mddnr_Harris_Creek_Upstream,3,2018-07-10 14:00:00+00:00,2018-07-17 14:00:00+00:00,2.0,6,feasible,,True,84,0.011904761904761904,0,True,166.0,5.0,0.0,13.203959999999936,1,3.433635367922861,0.8201710939936915,0.1181463742695305,150.1926210015782,0.0,150.58341285493125,0.90406310016451,0.9071289931019955,0.0030658929374854926,0.046077085965114,594.3579350437277,0.0,598.2052656930177,0.7160383830816417,0.7207292357747201,0.004690852693078451,True,True,True,True,1,1,1,1,[36],[15],[36],[15]
mddnr_Harris_Creek_Upstream,3,2018-07-10 14:00:00+00:00,2018-07-17 14:00:00+00:00,2.0,7,feasible,,True,84,0.011904761904761904,0,True,166.0,5.0,0.0,13.203959999999936,1,3.433635367922861,0.8201710939936915,0.024235153696313,149.92376226525963,0.0,150.2978924504465,0.9030091994672492,0.9054089906653404,0.0023997911980911946,0.0019388122957048,592.5882235329387,0.0,596.3522458413977,0.7139593791814975,0.7184966817366237,0.004537302555126188,True,True,True,True,1,1,1,1,[61],[16],[61],[16]
mddnr_Harris_Creek_Upstream,3,2018-07-10 14:00:00+00:00,2018-07-17 14:00:00+00:00,4.0,0,feasible,,True,43,0.023255813953488372,0,True,168.0,5.0,0.0,13.203959999999936,1,3.433635367922861,0.8201710939936915,0.1166316771635287,160.05541367892658,0.0,160.4416614409616,0.952016559534304,0.9550098895295334,0.002993329995229388,0.0449031957079626,721.2937255187076,0.0,725.1183357114074,0.8586295503845233,0.8632361139421517,0.004606563557628451,True,True,True,True,1,1,1,1,[31],[8],[31],[8]
mddnr_Harris_Creek_Upstream,3,2018-07-10 14:00:00+00:00,2018-07-17 14:00:00+00:00,4.0,1,feasible,,True,42,0.023809523809523808,0,True,164.0,5.0,0.0,13.203959999999936,1,3.433635367922861,0.8201710939936915,0.0802789466190736,156.16598656766595,0.04241151896856721,156.57041069497322,0.9517421196405298,0.9544390193658819,0.002696899725352142,0.0095350182824009,703.5935658696325,0.004801589826085931,707.5090578886934,0.8580293059162807,0.8628100686571553,0.004780762740874578,True,True,True,True,1,1,1,1,[32],[8],[32],[8]
mddnr_Harris_Creek_Upstream,3,2018-07-10 14:00:00+00:00,2018-07-17 14:00:00+00:00,4.0,2,feasible,,True,42,0.023809523809523808,0,True,164.0,5.0,0.0,13.203959999999936,1,3.433635367922861,0.8201710939936915,0.0,155.7668638802297,0.0,156.17734679596103,0.9497979504892056,0.9523008950973233,0.00250294460811773,0.0,701.2060927176382,0.0,705.1518786788196,0.8551293813629733,0.859941315461975,0.004811934099001713,True,True,True,True,1,1,1,1,[41],[8],[41],[8]
mddnr_Harris_Creek_Upstream,3,2018-07-10 14:00:00+00:00,2018-07-17 14:00:00+00:00,4.0,3,feasible,,True,42,0.023809523809523808,0,True,164.0,5.0,0.0,13.203959999999936,1,3.433635367922861,0.8201710939936915,0.0,155.67598205386858,0.0,156.04405345063137,0.9492437930113938,0.9514881307965327,0.0022443377851388835,0.0,700.7516835858326,0.0,704.4854119521711,0.8545752238851616,0.8591285511611844,0.004553327276022756,True,True,True,True,1,1,1,1,[41],[8],[41],[8]
mddnr_Harris_Creek_Upstream,3,2018-07-10 14:00:00+00:00,2018-07-17 14:00:00+00:00,4.0,4,feasible,,True,42,0.023809523809523808,0,True,164.0,5.0,0.0,13.203959999999936,1,3.433635367922861,0.8201710939936915,0.0,155.78428289694898,0.0,156.1614424763479,0.9499041640057864,0.9522039175387067,0.0022997535329203345,0.0,701.2931878012345,0.0,705.0723570807537,0.8552355948795543,0.8598443379033581,0.004608743023803874,True,True,True,True,1,1,1,1,[41],[8],[41],[8]
mddnr_Harris_Creek_Upstream,3,2018-07-10 14:00:00+00:00,2018-07-17 14:00:00+00:00,4.0,5,feasible,,True,42,0.023809523809523808,0,True,164.0,5.0,0.0,13.203959999999936,1,3.433635367922861,0.8201710939936915,0.0454409131806077,155.99558314323872,0.009088182636121545,156.38031620816773,0.9509155014027934,0.9534830977166561,0.002567596313862719,0.0046349731444236,702.5722586254418,0.0002726454790837437,706.3892953326115,0.856789784941826,0.8614500276672347,0.004660242725408659,True,True,True,True,1,1,1,1,[35],[8],[35],[8]
mddnr_Harris_Creek_Upstream,3,2018-07-10 14:00:00+00:00,2018-07-17 14:00:00+00:00,4.0,6,feasible,,True,42,0.023809523809523808,0,True,164.0,5.0,0.0,13.203959999999936,1,3.433635367922861,0.8201710939936915,0.1181463742695436,155.98725230915565,0.0,156.3492649174944,0.9504213776517444,0.9533491763261853,0.002927798674440929,0.0460770859651242,702.8526896476505,0.0,706.5561240718688,0.8570812348313236,0.8616538098437424,0.004572575012418811,True,True,True,True,1,1,1,1,[18],[8],[18],[8]
mddnr_Harris_Creek_Upstream,3,2018-07-10 14:00:00+00:00,2018-07-17 14:00:00+00:00,4.0,7,feasible,,True,42,0.023809523809523808,0,True,164.0,5.0,0.0,13.203959999999936,1,3.433635367922861,0.8201710939936915,0.0,155.860775100803,0.0,156.23490528598987,0.9503705798829452,0.9526518614999382,0.002281281616993036,0.0,701.6756488205048,0.0,705.4396711289637,0.8557020107567131,0.8602922818645898,0.004590271107876687,True,True,True,True,1,1,1,1,[41],[8],[41],[8]
mddnr_Harris_Creek_Upstream,3,2018-07-10 14:00:00+00:00,2018-07-17 14:00:00+00:00,4.0,8,feasible,,True,42,0.023809523809523808,0,True,164.0,5.0,0.0,13.203959999999936,1,3.433635367922861,0.8201710939936915,0.0499850044986502,155.77519471431293,0.0,156.1341779284396,0.9495439616452092,0.9520376702953635,0.0024937086501543027,0.0082475257422772,701.4894243848051,0.0,705.1777118379631,0.8554648498281254,0.8599728193145891,0.004507969486463703,True,True,True,True,1,1,1,1,[18],[8],[18],[8]
mddnr_Harris_Creek_Upstream,3,2018-07-10 14:00:00+00:00,2018-07-17 14:00:00+00:00,4.0,9,feasible,,True,42,0.023809523809523808,0,True,164.0,5.0,0.0,13.203959999999936,1,3.433635367922861,0.8201710939936915,0.0,155.8092753991984,0.0,156.16068512779498,0.9500565573121854,0.9521992995597255,0.002142742247540075,0.0,701.4181503124817,0.0,705.0685703379892,0.8553879881859532,0.859839719924377,0.004451731738423836,True,True,True,True,1,1,1,1,[41],[14],[41],[14]
mddnr_Harris_Creek_Upstream,3,2018-07-10 14:00:00+00:00,2018-07-17 14:00:00+00:00,4.0,10,feasible,,True,42,0.023809523809523808,0,True,164.0,5.0,0.0,13.203959999999936,1,3.433635367922861,0.8201710939936915,0.0560437929227313,156.0228476911472,0.01666166816622283,156.34850756894144,0.9510170969403932,0.953242962809605,0.002225865869211807,0.0060360679674881,702.7601946688716,0.0009163917491425829,706.2818654403677,0.8570172665864685,0.8613182305470959,0.004300963960627402,True,True,True,True,1,1,1,1,[16],[26],[16],[26]
mddnr_Harris_Creek_Upstream,3,2018-07-10 14:00:00+00:00,2018-07-17 14:00:00+00:00,4.0,11,feasible,,True,42,0.023809523809523808,0,True,164.0,5.0,0.0,13.203959999999936,1,3.433635367922861,0.8201710939936915,0.0242351536963241,155.9721053380956,0.0,156.30382400431392,0.9509016474658492,0.9530720975872801,0.0021704501214309113,0.0019388122957066,702.3515369631535,0.0,705.9035016767698,0.856523900183973,0.8608579288741095,0.004334028690136549,True,True,True,True,1,1,1,1,[24],[14],[24],[14]
mddnr_Harris_Creek_Upstream,3,2018-07-10 14:00:00+00:00,2018-07-17 14:00:00+00:00,4.0,12,feasible,,True,42,0.023809523809523808,0,True,164.0,5.0,0.0,13.203959999999936,1,3.433635367922861,0.8201710939936915,0.0454409131806077,156.02209034259425,0.0,156.3689559798727,0.9510771306671562,0.9534692437797117,0.002392113112555494,0.0068161369770935,702.7026134583867,0.0,706.3303130273038,0.8569460942944019,0.8613784305211022,0.004432336226700251,True,True,True,True,1,1,1,1,[24],[14],[24],[14]
mddnr_Harris_Creek_Upstream,3,2018-07-10 14:00:00+00:00,2018-07-17 14:00:00+00:00,4.0,13,feasible,,True,42,0.023809523809523808,0,True,164.0,5.0,0.0,13.203959999999936,1,3.433635367922861,0.8201710939936915,0.1272345569056652,156.22203036058878,0.037867427650506436,156.5688959978673,0.9517975353883116,0.9544574912818097,0.0026599558934981005,0.0310967315865855,704.0870011723753,0.004733428456314995,707.7147007412924,0.858604761513157,0.8630609357473611,0.00445617423420408,True,True,True,True,1,1,1,1,[33],[14],[33],[14]
mddnr_Harris_Creek_Upstream,3,2018-07-10 14:00:00+00:00,2018-07-17 14:00:00+00:00,4.0,14,feasible,,True,42,0.023809523809523808,0,True,164.0,5.0,0.0,13.203959999999936,1,3.433635367922861,0.8201710939936915,0.0,156.30382400431378,0.0,156.69461585766686,0.9530720975872792,0.9554549747418711,0.002382877154591956,0.0,703.8908933380585,0.0,707.7382239873485,0.858403528461047,0.8630953951065226,0.004691866645475606,True,True,True,True,1,1,1,1,[41],[7],[41],[7]
mddnr_Harris_Creek_Upstream,3,2018-07-10 14:00:00+00:00,2018-07-17 14:00:00+00:00,4.0,15,feasible,,True,42,0.023809523809523808,0,True,164.0,5.0,0.0,13.203959999999936,1,3.433635367922861,0.8201710939936915,0.0242351536963241,156.19249376702143,0.0,156.55450637536018,0.9522454793495434,0.954600648630245,0.0023551692807015634,0.0019388122957066,703.4534791077826,0.0,707.1569135320009,0.857867732067667,0.8623864799170743,0.004518747849407312,True,True,True,True,1,1,1,1,[30],[7],[30],[7]
