dataset_id,block_index,block_start,block_end,threshold_mgL,cadence_hours,phase_index,max_slope_mgL_per_hour,reference_L_compatible,horizon_hours,n_sparse_reports,reference_occupation_hours,reference_deficit_mgL_hours,status,error,occupation_lower,occupation_upper,occupation_width_fraction,deficit_lower_mgL_hours,deficit_upper_unconstrained_mgL_hours,deficit_upper_nonnegative_mgL_hours,deficit_width_fraction_unconstrained_H_times_T,deficit_width_fraction_nonnegative_H_times_T,deficit_width_fraction_reduction,occupation_reference_covered,deficit_reference_covered
mddnr_Bishopville_Prong,0,2018-06-01 00:00:00+00:00,2018-06-08 00:00:00+00:00,5.0,0.5,0,13.203959999999936,False,168.0,337,156.4278493942599,533.5888360808075,feasible,,137.84791683707013,162.38335317586532,0.14604426392139996,285.74735005270435,784.0537553683489,693.6886889209893,0.5932219110900531,0.4856444510336726,0.10757746005638047,True,True
mddnr_Bishopville_Prong,0,2018-06-01 00:00:00+00:00,2018-06-08 00:00:00+00:00,5.0,0.5,1,13.203959999999936,False,167.5,336,155.98415570056622,533.1792977925192,feasible,,140.1641583282594,162.18417050642378,0.13146275927262324,307.4910469540748,797.6008186433082,698.222984009706,0.5852056975393832,0.46654559648433575,0.11866010105504748,True,True
mddnr_Bishopville_Prong,0,2018-06-01 00:00:00+00:00,2018-06-08 00:00:00+00:00,5.0,1.0,0,13.203959999999936,False,168.0,169,156.4278493942599,533.5888360808075,feasible,,79.1929087940288,164.852459413691,0.5098782774979893,148.59137713231553,1057.1953773434004,754.0643934639603,1.08167142882272,0.7208012099186247,0.3608702189040953,True,True
mddnr_Bishopville_Prong,0,2018-06-01 00:00:00+00:00,2018-06-08 00:00:00+00:00,5.0,1.0,1,13.203959999999936,False,167.0,168,155.98415570056622,533.1792977925192,feasible,,81.14005192381723,164.03573776351942,0.4963813523335461,157.98722883135147,1065.6519829738015,752.4969602151169,1.087023657655629,0.7119877022560066,0.3750359553996223,True,True
mddnr_Bishopville_Prong,0,2018-06-01 00:00:00+00:00,2018-06-08 00:00:00+00:00,5.0,1.0,2,13.203959999999936,False,167.0,168,155.73415570056622,532.8605477925192,feasible,,79.95025734703883,164.74688805479565,0.5077642557350708,148.65649396090382,1062.8066650843211,758.6802845692351,1.094790624099901,0.7305674139021932,0.36422321019770787,True,True
mddnr_Bishopville_Prong,0,2018-06-01 00:00:00+00:00,2018-06-08 00:00:00+00:00,5.0,1.0,3,13.203959999999936,False,167.0,168,155.48415570056622,532.4767977925192,feasible,,83.21367226195827,165.05285687021168,0.49005499765421207,162.48384196862256,1084.0342469915677,762.6671854141031,1.1036531796681979,0.7187824472400964,0.38487073242810144,True,True
mddnr_Bishopville_Prong,0,2018-06-01 00:00:00+00:00,2018-06-08 00:00:00+00:00,5.0,2.0,0,13.203959999999936,False,168.0,85,156.4278493942599,533.5888360808075,feasible,,39.63053508189985,166.75946307016983,0.756719809453988,75.38310476554034,1615.1966180792979,797.5236898627377,1.833111325373521,0.8596911727347587,0.9734201526387622,True,True
mddnr_Bishopville_Prong,0,2018-06-01 00:00:00+00:00,2018-06-08 00:00:00+00:00,5.0,2.0,1,13.203959999999936,False,166.0,84,155.98415570056622,533.1792977925192,feasible,,38.761856291597546,164.98818233317883,0.7603995544673571,74.86433236695689,1592.1242408014516,786.7360360073798,1.8280239860656562,0.8576767513740035,0.9703472346916527,True,True
mddnr_Bishopville_Prong,0,2018-06-01 00:00:00+00:00,2018-06-08 00:00:00+00:00,5.0,2.0,2,13.203959999999936,False,166.0,84,155.73415570056622,532.8605477925192,feasible,,39.02768563370408,165.2903644058298,0.7606185468200344,71.41896067543435,1599.7786414509546,793.0214647726891,1.8413972057536387,0.86940060734609,0.9719965984075487,True,True
mddnr_Bishopville_Prong,0,2018-06-01 00:00:00+00:00,2018-06-08 00:00:00+00:00,5.0,2.0,3,13.203959999999936,False,166.0,84,155.48415570056622,532.4767977925192,feasible,,40.9202996676757,165.04195408044254,0.747720809715463,79.05297728863192,1620.802243203761,793.608466702414,1.8575292360423243,0.860910228209376,0.9966190078329483,True,True
mddnr_Bishopville_Prong,0,2018-06-01 00:00:00+00:00,2018-06-08 00:00:00+00:00,5.0,2.0,4,13.203959999999936,False,166.0,84,155.23415570056622,532.1842977925191,feasible,,39.48891090248696,164.32323030363617,0.7520139722960796,73.1726429040987,1595.002873211728,788.7382383769711,1.8335303979609991,0.8621272234612921,0.971403174499707,True,True
mddnr_Bishopville_Prong,0,2018-06-01 00:00:00+00:00,2018-06-08 00:00:00+00:00,5.0,2.0,5,13.203959999999936,False,166.0,84,154.98415570056622,532.0242977925192,feasible,,42.354717827076335,164.26718651071346,0.7344124619496212,83.11925740459728,1632.1041644910117,792.8404395348064,1.8662468760077284,0.8550857616026615,1.011161114405067,True,True
mddnr_Bishopville_Prong,0,2018-06-01 00:00:00+00:00,2018-06-08 00:00:00+00:00,5.0,2.0,6,13.203959999999936,False,166.0,84,154.73415570056622,531.7167977925192,feasible,,40.75974177443757,164.57694206889448,0.7458867487617886,77.06249110115492,1613.7339879530637,792.4711033659595,1.8514114419902516,0.8619380870660296,0.9894733549242221,True,True
mddnr_Bishopville_Prong,0,2018-06-01 00:00:00+00:00,2018-06-08 00:00:00+00:00,5.0,2.0,7,13.203959999999936,False,166.0,84,154.48415570056622,531.0930477925192,feasible,,42.078285605227684,165.0919390849412,0.7410461052994791,83.12544115553258,1636.3513388538536,795.5758575457659,1.8713565032509891,0.8583739956508835,1.0129825076001056,True,True
mddnr_Bishopville_Prong,0,2018-06-01 00:00:00+00:00,2018-06-08 00:00:00+00:00,5.0,4.0,0,13.203959999999936,False,168.0,43,156.4278493942599,533.5888360808075,feasible,,19.430534476020924,167.2017546251276,0.8795905961256351,36.42445902592873,2709.1569956974004,817.2153884137784,3.1818244484184186,0.9295130111760116,2.252311437242407,True,True
mddnr_Bishopville_Prong,0,2018-06-01 00:00:00+00:00,2018-06-08 00:00:00+00:00,5.0,4.0,1,13.203959999999936,False,164.0,42,155.96359232028453,533.1789893418149,feasible,,18.451282796979214,163.7394720977646,0.8859035932974719,35.09901196307812,2643.8040570845615,798.2265358271304,3.181347616001809,0.9306433217854295,2.250704294216379,True,True
mddnr_Bishopville_Prong,0,2018-06-01 00:00:00+00:00,2018-06-08 00:00:00+00:00,5.0,4.0,2,13.203959999999936,False,164.0,42,155.72415570056623,532.8603977925192,feasible,,18.710296002108567,163.69706057879606,0.8840656376627285,34.18774746363993,2649.7200702503083,800.2208087573725,3.1896735643739857,0.9341866601143081,2.2554869042596777,True,True
mddnr_Bishopville_Prong,0,2018-06-01 00:00:00+00:00,2018-06-08 00:00:00+00:00,5.0,4.0,3,13.203959999999936,False,164.0,42,155.48415570056622,532.4767977925192,feasible,,19.767554582110282,163.4683413157871,0.8762243093516878,37.71052396402299,2671.6612980940763,800.8407288419537,3.2121350904025037,0.9306465913145496,2.281488499087954,True,True
mddnr_Bishopville_Prong,0,2018-06-01 00:00:00+00:00,2018-06-08 00:00:00+00:00,5.0,4.0,4,13.203959999999936,False,164.0,42,155.23415570056622,532.1842977925191,feasible,,19.691819726809314,163.57361276465545,0.8773280063283301,37.37842662352829,2672.2814502151064,801.3205091502848,3.2132963702336315,0.9316366860082397,2.281659684225392,True,True
mddnr_Bishopville_Prong,0,2018-06-01 00:00:00+00:00,2018-06-08 00:00:00+00:00,5.0,4.0,5,13.203959999999936,False,164.0,42,154.98415570056622,532.0242977925192,feasible,,20.892974531882984,163.66903868233467,0.8705857570149494,40.887192175680916,2706.417897947453,804.2946472118969,3.250647202160698,0.930984701263678,2.31966250089702,True,True
mddnr_Bishopville_Prong,0,2018-06-01 00:00:00+00:00,2018-06-08 00:00:00+00:00,5.0,4.0,6,13.203959999999936,False,164.0,42,154.73415570056622,531.7167977925192,feasible,,20.59306450489105,163.95834582958443,0.8741785446627645,38.970721662289336,2706.5638800013226,806.1581033265776,3.2531623882183336,0.9355943678832784,2.317568020335055,True,True
mddnr_Bishopville_Prong,0,2018-06-01 00:00:00+00:00,2018-06-08 00:00:00+00:00,5.0,4.0,7,13.203959999999936,False,164.0,42,154.48415570056622,531.0930477925192,feasible,,20.945231582040677,163.85989051769317,0.8714308471686127,41.3683622186076,2712.805648152696,805.0290215965512,3.257850348700108,0.9312934870462727,2.326556861653835,True,True
mddnr_Bishopville_Prong,0,2018-06-01 00:00:00+00:00,2018-06-08 00:00:00+00:00,5.0,4.0,8,13.203959999999936,False,164.0,42,154.23415570056622,530.3430477925192,feasible,,19.960678463127874,163.6705533794407,0.8762797250994685,38.58051675406512,2682.1851668728386,801.9474157752672,3.2239081099009432,0.9309352427087831,2.29297286719216,True,True
mddnr_Bishopville_Prong,0,2018-06-01 00:00:00+00:00,2018-06-08 00:00:00+00:00,5.0,4.0,9,13.203959999999936,False,164.0,42,153.98415570056622,529.5330477925191,feasible,,20.05913377501914,163.3002099370189,0.8734211961097547,39.34793046934445,2675.2443810934196,799.8205614073354,3.2145078666147255,0.9274056474853548,2.2871022191293706,True,True
mddnr_Bishopville_Prong,0,2018-06-01 00:00:00+00:00,2018-06-08 00:00:00+00:00,5.0,4.0,10,13.203959999999936,False,164.0,42,153.73415570056622,528.7767977925192,feasible,,20.108361430964816,163.5933038270337,0.8749081853418835,36.94895697957316,2684.147316152297,803.9311426269089,3.228290681917956,0.9353441288382144,2.2929465530797417,True,True
mddnr_Bishopville_Prong,0,2018-06-01 00:00:00+00:00,2018-06-08 00:00:00+00:00,5.0,4.0,11,13.203959999999936,False,164.0,42,153.48415570056622,528.0192977925192,feasible,,20.90054801741309,163.62814186047217,0.8702902063601163,40.92254520613545,2705.159197163751,804.0926774997806,3.2490690877531896,0.9306952832849331,2.3183738044682567,True,True
mddnr_Bishopville_Prong,0,2018-06-01 00:00:00+00:00,2018-06-08 00:00:00+00:00,5.0,4.0,12,13.203959999999936,False,164.0,42,153.23415570056622,527.2005477925192,feasible,,19.55322494160853,162.95182960263438,0.8743817357379624,35.40159164371924,2653.457698340669,799.4954543939847,3.1927513496304267,0.9318217838417872,2.2609295657886395,True,True
mddnr_Bishopville_Prong,0,2018-06-01 00:00:00+00:00,2018-06-08 00:00:00+00:00,5.0,4.0,13,13.203959999999936,False,164.0,42,152.98415570056622,526.3792977925192,feasible,,21.20803152993507,162.88821232418152,0.8639035414283319,41.80709802210875,2696.1228021580087,801.0458945649639,3.236970370897439,0.9259009713937257,2.311069399503713,True,True
mddnr_Bishopville_Prong,0,2018-06-01 00:00:00+00:00,2018-06-08 00:00:00+00:00,5.0,4.0,14,13.203959999999936,False,164.0,42,152.73415570056622,525.6280477925192,feasible,,19.965222554445972,162.62541237628716,0.8698792062307389,37.82383466778194,2655.6254324598303,797.5011133023731,3.1924409729171326,0.9264357056519404,2.266005267265192,True,True
mddnr_Bishopville_Prong,0,2018-06-01 00:00:00+00:00,2018-06-08 00:00:00+00:00,5.0,4.0,15,13.203959999999936,False,164.0,42,152.48415570056622,524.9655477925191,feasible,,20.9331140051925,163.33883471322238,0.8683275652928651,41.49315811317235,2699.244458418707,802.2383587953915,3.241160122323823,0.9277380496124623,2.3134220727113606,True,True
mddnr_Bishopville_Prong,1,2018-06-08 00:15:00+00:00,2018-06-15 00:15:00+00:00,5.0,0.5,0,13.203959999999936,False,168.0,337,93.14820541489854,232.83054237220898,infeasible,max_replacements=0 is infeasible; k_min(L)=2,,,,,,,,,,,
mddnr_Bishopville_Prong,1,2018-06-08 00:15:00+00:00,2018-06-15 00:15:00+00:00,5.0,0.5,1,13.203959999999936,False,167.5,336,92.89820541489854,232.33554237220898,infeasible,max_replacements=0 is infeasible; k_min(L)=2,,,,,,,,,,,
mddnr_Bishopville_Prong,1,2018-06-08 00:15:00+00:00,2018-06-15 00:15:00+00:00,5.0,1.0,0,13.203959999999936,False,168.0,169,93.14820541489854,232.83054237220898,feasible,,36.51253108915825,159.2276317104868,0.7304470275079081,66.80352333693867,737.6576679289517,595.5313775687886,0.798635886419063,0.6294379217045832,0.1691979647144798,True,True
mddnr_Bishopville_Prong,1,2018-06-08 00:15:00+00:00,2018-06-15 00:15:00+00:00,5.0,1.0,1,13.203959999999936,False,167.0,168,92.89820541489854,232.33554237220898,feasible,,33.802737966489005,159.30988279273777,0.7515397893787351,59.935750335505574,725.2294710001208,591.0091661170418,0.796758946903731,0.6360160668042351,0.1607428800994959,True,True
mddnr_Bishopville_Prong,1,2018-06-08 00:15:00+00:00,2018-06-15 00:15:00+00:00,5.0,1.0,2,13.203959999999936,False,167.0,168,92.64820541489854,231.47054237220897,infeasible,max_replacements=0 is infeasible; k_min(L)=1,,,,,,,,,,,
mddnr_Bishopville_Prong,1,2018-06-08 00:15:00+00:00,2018-06-15 00:15:00+00:00,5.0,1.0,3,13.203959999999936,False,167.0,168,92.41490920109008,230.98178680428023,feasible,,36.287598568914305,159.38940439080375,0.7371365618077212,65.11894159025036,738.9164817756753,597.6197575577306,0.8069431618987124,0.6377255281047669,0.1692176337939455,True,True
mddnr_Bishopville_Prong,1,2018-06-08 00:15:00+00:00,2018-06-15 00:15:00+00:00,5.0,2.0,0,13.203959999999936,False,168.0,85,93.14820541489854,232.83054237220898,feasible,,17.83631577193516,163.158270700608,0.8650116364801955,32.58915128491779,1279.742703708155,713.3405849457282,1.4847066100276634,0.8104183734057268,0.6742882366219366,True,True
mddnr_Bishopville_Prong,1,2018-06-08 00:15:00+00:00,2018-06-15 00:15:00+00:00,5.0,2.0,1,13.203959999999936,False,166.0,84,92.89820541489854,232.33554237220898,feasible,,16.94870326780753,162.39880763043817,0.8762054479676544,30.89472779378316,1270.6403278995638,708.6930019478997,1.493669397717808,0.8166244266917067,0.6770449710261013,True,True
mddnr_Bishopville_Prong,1,2018-06-08 00:15:00+00:00,2018-06-15 00:15:00+00:00,5.0,2.0,2,13.203959999999936,False,166.0,84,92.64820541489854,231.47054237220897,feasible,,19.337380604000696,162.4419764979596,0.8620758788792705,37.36101518029458,1300.3989405127486,714.3859455799616,1.521732440159583,0.8156926872285145,0.7060397529310686,True,True
mddnr_Bishopville_Prong,1,2018-06-08 00:15:00+00:00,2018-06-15 00:15:00+00:00,5.0,2.0,3,13.203959999999936,False,166.0,84,92.41490920109008,230.98178680428023,feasible,,18.299055737824162,163.2947509686488,0.8734680435591846,33.294170839657326,1297.7615781608492,717.5250379431619,1.523454707615894,0.8243745386789212,0.6990801689369728,True,True
mddnr_Bishopville_Prong,1,2018-06-08 00:15:00+00:00,2018-06-15 00:15:00+00:00,5.0,2.0,4,13.203959999999936,False,166.0,84,92.41490920109008,230.98178680428023,feasible,,18.676215317223097,162.51089521628356,0.8664739752955449,34.2143720520209,1292.893633983496,714.571355865967,1.5164810384716567,0.819707209414393,0.6967738290572637,True,True
mddnr_Bishopville_Prong,1,2018-06-08 00:15:00+00:00,2018-06-15 00:15:00+00:00,5.0,2.0,5,13.203959999999936,False,166.0,84,92.33315564658771,230.95358182797693,feasible,,16.801777648523704,162.21325723495073,0.8759727685929338,29.022993859418087,1267.2413771756908,708.9023558084083,1.491829377489485,0.8191317613843255,0.6726976161051595,True,True
mddnr_Bishopville_Prong,1,2018-06-08 00:15:00+00:00,2018-06-15 00:15:00+00:00,5.0,2.0,6,13.203959999999936,False,166.0,84,92.08315564658771,230.53983182797694,feasible,,16.329949499998595,160.16690144471806,0.8664876623175871,30.208634379383273,1237.9529784680299,695.1257955946546,1.4551136675766827,0.8011050135123751,0.6540086540643076,True,True
mddnr_Bishopville_Prong,1,2018-06-08 00:15:00+00:00,2018-06-15 00:15:00+00:00,5.0,2.0,7,13.203959999999936,False,166.0,84,91.83315564658771,229.63983182797693,feasible,,17.641677193811653,161.1400943353357,0.8644482960332773,31.030448441225484,1265.444942863559,705.7285844549659,1.4872463788220887,0.8128893204984824,0.6743570583236063,True,True
mddnr_Bishopville_Prong,1,2018-06-08 00:15:00+00:00,2018-06-15 00:15:00+00:00,5.0,4.0,0,13.203959999999936,False,168.0,43,93.14820541489854,232.83054237220898,feasible,,9.261615454757553,165.54240394548302,0.9302427886352705,16.917617896449332,2393.831059720618,777.5808810387184,2.8296588593144865,0.9055515037407965,1.9241073555736898,True,True
mddnr_Bishopville_Prong,1,2018-06-08 00:15:00+00:00,2018-06-15 00:15:00+00:00,5.0,4.0,1,13.203959999999936,False,164.0,42,92.89820541489854,232.33554237220898,feasible,,8.33462082587351,162.4989351679344,0.940026306963786,15.04773189255353,2341.848538952122,761.4918213929755,2.837561959828742,0.9102976701224658,1.927264289706276,True,True
mddnr_Bishopville_Prong,1,2018-06-08 00:15:00+00:00,2018-06-15 00:15:00+00:00,5.0,4.0,2,13.203959999999936,False,164.0,42,92.64820541489854,231.47054237220897,feasible,,10.162860232839328,162.53528789847894,0.9291001686929244,19.65127507202404,2392.448339345339,766.2112389010571,2.8936549564308716,0.9104389802793086,1.983215976151563,True,True
mddnr_Bishopville_Prong,1,2018-06-08 00:15:00+00:00,2018-06-15 00:15:00+00:00,5.0,4.0,3,13.203959999999936,False,164.0,42,92.41490920109008,230.98178680428023,feasible,,9.288122654112923,162.66782389525565,0.9352420807386752,17.348431834086252,2372.4173247103345,764.8030742292461,2.872035235214937,0.9115300517014145,1.9605051835135225,True,True
mddnr_Bishopville_Prong,1,2018-06-08 00:15:00+00:00,2018-06-15 00:15:00+00:00,5.0,4.0,4,13.203959999999936,False,164.0,42,92.41490920109008,230.98178680428023,feasible,,8.794331397550469,162.72992647660246,0.9386316773112926,15.474478868460732,2361.0464523356823,764.5185838187934,2.8604536261795386,0.9134684206711374,1.9469852055084012,True,True
mddnr_Bishopville_Prong,1,2018-06-08 00:15:00+00:00,2018-06-15 00:15:00+00:00,5.0,4.0,5,13.203959999999936,False,164.0,42,92.33315564658771,230.95358182797693,feasible,,8.221018542921989,162.32020090942407,0.9396291607713542,14.017987785482415,2335.8871666668356,761.0598827927375,2.8315477791236012,0.9110267012283599,1.9205210778952413,True,True
mddnr_Bishopville_Prong,1,2018-06-08 00:15:00+00:00,2018-06-15 00:15:00+00:00,5.0,4.0,6,13.203959999999936,False,164.0,42,92.08315564658771,230.53983182797694,feasible,,7.768881456775083,160.61010787672782,0.9319586976826386,14.559253436090346,2282.076821815746,749.7074665479134,2.765265327292263,0.8965222111119794,1.8687431161802834,True,True
mddnr_Bishopville_Prong,1,2018-06-08 00:15:00+00:00,2018-06-15 00:15:00+00:00,5.0,4.0,7,13.203959999999936,False,164.0,42,91.83315564658771,229.63983182797693,feasible,,8.842801704943165,162.00362921426606,0.9339074848129445,14.878407689814429,2344.475706968386,761.7255202227212,2.8409723161933798,0.9107891616254961,1.9301831545678838,True,True
mddnr_Bishopville_Prong,1,2018-06-08 00:15:00+00:00,2018-06-15 00:15:00+00:00,5.0,4.0,8,13.203959999999936,False,164.0,42,91.58315564658771,228.97983182797694,feasible,,8.521685918466925,161.87715200591336,0.9350943054112588,15.652978348919676,2331.605281565701,758.7129845894711,2.8243320770936355,0.9061707393177457,1.91816133777589,True,True
mddnr_Bishopville_Prong,1,2018-06-08 00:15:00+00:00,2018-06-15 00:15:00+00:00,5.0,4.0,9,13.203959999999936,False,164.0,42,91.33315564658771,228.32483182797694,feasible,,8.270246198867646,162.155856273421,0.938326890698496,15.066487629468718,2332.6786035993946,759.435798048464,2.8263562389877146,0.907767451730482,1.9185887872572325,True,True
mddnr_Bishopville_Prong,1,2018-06-08 00:15:00+00:00,2018-06-15 00:15:00+00:00,5.0,4.0,10,13.203959999999936,False,164.0,42,91.08315564658771,227.15983182797692,feasible,,8.81250776282274,162.2217455975328,0.9354221819189636,16.84452997434117,2346.878833878795,760.698510143926,2.841505248663968,0.9071390002068107,1.934366248457157,True,True
mddnr_Bishopville_Prong,1,2018-06-08 00:15:00+00:00,2018-06-15 00:15:00+00:00,5.0,4.0,11,13.203959999999936,False,164.0,42,90.83315564658771,225.95608182797693,feasible,,8.643619035501528,162.85640368495504,0.940321857618619,15.055002438662537,2360.0975033537093,764.8168844801098,2.859807927945179,0.9143437585871308,1.9454641693580481,True,True
mddnr_Bishopville_Prong,1,2018-06-08 00:15:00+00:00,2018-06-15 00:15:00+00:00,5.0,4.0,12,13.203959999999936,False,164.0,42,90.58315564658771,224.74108182797693,feasible,,9.5130551743568,162.06345974995375,0.93018539375364,17.84179518871619,2362.3040174752305,762.4125527493261,2.8591002710811146,0.9080131189763535,1.951087152104761,True,True
mddnr_Bishopville_Prong,1,2018-06-08 00:15:00+00:00,2018-06-15 00:15:00+00:00,5.0,4.0,13,13.203959999999936,False,164.0,42,90.33315564658771,223.52358182797693,feasible,,8.211930360285914,162.1005698290512,0.9383453626144225,14.106908079091582,2330.2604328385005,759.8273661840835,2.824577469218791,0.9094151928109658,1.915162276407825,True,True
mddnr_Bishopville_Prong,1,2018-06-08 00:15:00+00:00,2018-06-15 00:15:00+00:00,5.0,4.0,14,13.203959999999936,False,164.0,42,90.08315564658771,222.30608182797693,feasible,,8.192239297907664,161.77490995125703,0.9364796991057889,14.751282948448853,2321.1255244322365,757.4562366138643,2.812651514004619,0.9057377483724579,1.906913765632161,True,True
mddnr_Bishopville_Prong,1,2018-06-08 00:15:00+00:00,2018-06-15 00:15:00+00:00,5.0,4.0,15,13.203959999999936,False,164.0,42,89.83315564658771,221.08858182797692,feasible,,8.430046743552714,161.40911060015327,0.9327991698573205,15.253942756566929,2317.129487652359,756.3136172784519,2.8071652986534046,0.9037313103925426,1.903433988260862,True,True
mddnr_Bishopville_Prong,2,2018-06-15 00:30:00+00:00,2018-06-22 00:30:00+00:00,5.0,0.5,0,13.203959999999936,False,168.0,337,76.47683129492455,210.74025803165276,infeasible,max_replacements=0 is infeasible; k_min(L)=5,,,,,,,,,,,
mddnr_Bishopville_Prong,2,2018-06-15 00:30:00+00:00,2018-06-22 00:30:00+00:00,5.0,0.5,1,13.203959999999936,False,167.5,336,76.22683129492455,210.11775803165276,infeasible,max_replacements=0 is infeasible; k_min(L)=2,,,,,,,,,,,
mddnr_Bishopville_Prong,2,2018-06-15 00:30:00+00:00,2018-06-22 00:30:00+00:00,5.0,1.0,0,13.203959999999936,False,168.0,169,76.47683129492455,210.74025803165276,feasible,,33.04311736782003,109.38479971160145,0.4544147758558418,58.677586118103996,536.6454571730573,414.64992052814307,0.5690093703035158,0.42377658858337985,0.14523278172013598,True,True
mddnr_Bishopville_Prong,2,2018-06-15 00:30:00+00:00,2018-06-22 00:30:00+00:00,5.0,1.0,1,13.203959999999936,False,167.0,168,75.72683129492455,208.71775803165278,feasible,,32.19791638266104,105.3534485109011,0.4380570786122159,57.64226792568294,517.8857065223435,400.01272947936724,0.551189746822348,0.41002450485471176,0.14116524196763625,True,True
mddnr_Bishopville_Prong,2,2018-06-15 00:30:00+00:00,2018-06-22 00:30:00+00:00,5.0,1.0,2,13.203959999999936,False,167.0,168,75.97683129492455,209.39025803165276,feasible,,31.383009339622426,106.38344254299456,0.449104390439354,55.014215432339874,520.2908806670702,405.189210110784,0.5572175631553656,0.41937125111190915,0.1378463120434565,True,True
mddnr_Bishopville_Prong,2,2018-06-15 00:30:00+00:00,2018-06-22 00:30:00+00:00,5.0,1.0,3,13.203959999999936,False,167.0,168,76.22683129492455,210.11775803165276,feasible,,31.932844389107714,105.52263714824929,0.44065744167150644,55.95466057152579,516.9001055602395,402.38818652701093,0.5520304730403757,0.41489045024609,0.13714002279428567,True,True
mddnr_Bishopville_Prong,2,2018-06-15 00:30:00+00:00,2018-06-22 00:30:00+00:00,5.0,2.0,0,13.203959999999936,False,168.0,85,76.47683129492455,210.74025803165276,feasible,,16.219376611259033,131.22088222018212,0.684532771481685,29.065507620441036,965.0596917178112,553.8562662122555,1.1142787905921074,0.6247509030854934,0.489527887506614,True,True
mddnr_Bishopville_Prong,2,2018-06-15 00:30:00+00:00,2018-06-22 00:30:00+00:00,5.0,2.0,1,13.203959999999936,False,166.0,84,74.7750938431871,206.99569239458714,feasible,,16.869181669741604,127.34887412564089,0.6655403159993932,30.255824767721386,947.4568456653262,539.4136794187186,1.1050614709609696,0.6134431983746955,0.4916182725862741,True,True
mddnr_Bishopville_Prong,2,2018-06-15 00:30:00+00:00,2018-06-22 00:30:00+00:00,5.0,2.0,2,13.203959999999936,False,166.0,84,74.97683129492455,207.20650803165276,feasible,,15.573358295541743,129.89735200651913,0.6886987572950445,28.364562600916944,948.621234863719,546.8807219781934,1.108742978629882,0.6247182643099716,0.48402471431991034,True,True
mddnr_Bishopville_Prong,2,2018-06-15 00:30:00+00:00,2018-06-22 00:30:00+00:00,5.0,2.0,3,13.203959999999936,False,166.0,84,75.22683129492455,207.63650803165277,feasible,,15.964150148894824,130.06336886812727,0.6873446910797135,28.44604573173513,955.4616319808258,549.7079767590923,1.1168862484928803,0.6280264229245267,0.4888598255683536,True,True
mddnr_Bishopville_Prong,2,2018-06-15 00:30:00+00:00,2018-06-22 00:30:00+00:00,5.0,2.0,4,13.203959999999936,False,166.0,84,75.47683129492455,208.08525803165276,feasible,,16.654094680686818,131.85358331894358,0.6939728231220287,29.422074892684027,984.7096012325957,561.7661938579629,1.1509488269155563,0.6413784565846733,0.509570370330883,True,True
mddnr_Bishopville_Prong,2,2018-06-15 00:30:00+00:00,2018-06-22 00:30:00+00:00,5.0,2.0,5,13.203959999999936,False,166.0,84,75.72683129492455,208.71775803165278,feasible,,15.328734712919521,127.36705049091317,0.6749296131204436,27.38644315796174,932.9076652679305,536.3199015672258,1.090989424228878,0.6131728414569446,0.4778165827719334,True,True
mddnr_Bishopville_Prong,2,2018-06-15 00:30:00+00:00,2018-06-22 00:30:00+00:00,5.0,2.0,6,13.203959999999936,False,166.0,84,75.97683129492455,209.39025803165276,feasible,,15.65136519650176,128.21285129612616,0.6780812415640024,26.484244120703313,945.8625915840969,541.107985239215,1.1076847559799923,0.620028603757243,0.4876561522227493,True,True
mddnr_Bishopville_Prong,2,2018-06-15 00:30:00+00:00,2018-06-22 00:30:00+00:00,5.0,2.0,7,13.203959999999936,False,166.0,84,76.22683129492455,210.11775803165276,feasible,,15.866452185556492,127.97277180482205,0.6753392748148527,27.439601452897502,940.5350737939781,540.1853330286962,1.1001150269169646,0.6177659416575888,0.4823490852593758,True,True
mddnr_Bishopville_Prong,2,2018-06-15 00:30:00+00:00,2018-06-22 00:30:00+00:00,5.0,4.0,0,13.203959999999936,False,168.0,43,76.47683129492455,210.74025803165276,feasible,,7.411412939754394,148.6186931799246,0.8405195252391083,13.279750923207688,1952.4379993205523,687.3491816091521,2.308521724282553,0.8024636079594577,1.506058116323095,True,True
mddnr_Bishopville_Prong,2,2018-06-15 00:30:00+00:00,2018-06-22 00:30:00+00:00,5.0,4.0,1,13.203959999999936,False,164.0,42,74.26442881279907,206.80827289365212,feasible,,8.018806479268335,143.25546578450698,0.8246137762514552,15.127658672095217,1888.4775753018234,663.6154759632714,2.284573069060644,0.7908388015746051,1.4937342674860388,True,True
mddnr_Bishopville_Prong,2,2018-06-15 00:30:00+00:00,2018-06-22 00:30:00+00:00,5.0,4.0,2,13.203959999999936,False,164.0,42,74.26442881279907,206.80827289365212,feasible,,8.194511343566637,145.92511943386674,0.8398207810384153,15.415375387383717,1954.7759418070227,677.5545518162727,2.3650738614873648,0.8074868005230353,1.5575870609643294,True,True
mddnr_Bishopville_Prong,2,2018-06-15 00:30:00+00:00,2018-06-22 00:30:00+00:00,5.0,4.0,3,13.203959999999936,False,164.0,42,74.26442881279907,206.80827289365212,feasible,,8.196026040672631,146.59915964604548,0.8439215463742248,14.935133096434637,1970.0945921513126,681.4125686536456,2.3843408037254608,0.8127773604356232,1.5715634432898375,True,True
mddnr_Bishopville_Prong,2,2018-06-15 00:30:00+00:00,2018-06-22 00:30:00+00:00,5.0,4.0,4,13.203959999999936,False,164.0,42,74.26442881279907,206.80827289365212,feasible,,7.985483142935852,146.84151118300863,0.8466830978053218,14.356268876912429,1969.293557946421,682.1504760692997,2.3840698647189127,0.8143831795029113,1.5696866852160014,True,True
mddnr_Bishopville_Prong,2,2018-06-15 00:30:00+00:00,2018-06-22 00:30:00+00:00,5.0,4.0,5,13.203959999999936,False,164.0,42,74.26442881279907,206.80827289365212,feasible,,8.043041632964629,145.06552882620062,0.8355029706904634,14.924401467438381,1935.9388234728274,672.9902241448774,2.3427005146407183,0.8025192959480963,1.5401812186926218,True,True
mddnr_Bishopville_Prong,2,2018-06-15 00:30:00+00:00,2018-06-22 00:30:00+00:00,5.0,4.0,6,13.203959999999936,False,164.0,42,74.3874126837668,206.84578297429726,feasible,,7.749947742949943,146.60218904025754,0.8466600079104121,13.347560125901818,1961.0856730846117,680.784897106625,2.3752903816569635,0.8139479719277111,1.5613424097292525,True,True
mddnr_Bishopville_Prong,2,2018-06-15 00:30:00+00:00,2018-06-22 00:30:00+00:00,5.0,4.0,7,13.203959999999936,False,164.0,42,74.6374126837668,206.96953297429727,feasible,,8.326289991790356,146.5196380479794,0.8426423661962748,14.208086059030817,1975.353141965157,682.3933274563077,2.3916403120806415,0.814860050484484,1.5767802615961575,True,True
mddnr_Bishopville_Prong,2,2018-06-15 00:30:00+00:00,2018-06-22 00:30:00+00:00,5.0,4.0,8,13.203959999999936,False,164.0,42,74.7750938431871,206.99569239458714,feasible,,8.807963671504622,146.9270915694988,0.8421898042560622,15.78575669723317,1998.5634615056597,685.2612928242737,2.418021591229788,0.8164335806427323,1.601588010587056,True,True
mddnr_Bishopville_Prong,2,2018-06-15 00:30:00+00:00,2018-06-22 00:30:00+00:00,5.0,4.0,9,13.203959999999936,False,164.0,42,74.7750938431871,206.99569239458714,feasible,,8.850375190473175,146.38331530843763,0.8386154885241734,15.128166095625788,1986.1861572423918,683.4120597154177,2.4037292574960563,0.8149803580729169,1.5887488994231393,True,True
mddnr_Bishopville_Prong,2,2018-06-15 00:30:00+00:00,2018-06-22 00:30:00+00:00,5.0,4.0,10,13.203959999999936,False,164.0,42,74.97683129492455,207.20650803165276,feasible,,7.378846951975053,146.2326029463887,0.8466692438683759,12.949187213532985,1939.1678728489226,677.4798355947752,2.3490471776041337,0.8104032297332221,1.5386439478709115,True,True
mddnr_Bishopville_Prong,2,2018-06-15 00:30:00+00:00,2018-06-22 00:30:00+00:00,5.0,4.0,11,13.203959999999936,False,164.0,42,75.22683129492455,207.63650803165277,feasible,,7.76812410822211,145.39497544675987,0.8391881179179131,13.510912635300308,1931.1018391438834,674.676358456099,2.3385255201324187,0.8062993241717057,1.532226195960713,True,True
mddnr_Bishopville_Prong,2,2018-06-15 00:30:00+00:00,2018-06-22 00:30:00+00:00,5.0,4.0,12,13.203959999999936,False,164.0,42,75.47683129492455,208.08525803165276,feasible,,8.668611537750833,147.13536242157647,0.844309456608693,15.065806015771093,1996.3671304201364,686.3258370973549,2.416221127322397,0.8186097940019316,1.5976113333204651,True,True
mddnr_Bishopville_Prong,2,2018-06-15 00:30:00+00:00,2018-06-22 00:30:00+00:00,5.0,4.0,13,13.203959999999936,False,164.0,42,75.72683129492455,208.71775803165278,feasible,,7.285693079954822,144.4195105104831,0.8361818136007821,12.462041690523213,1897.9549699470647,668.4357495781559,2.2993816198250507,0.7999679364483325,1.4994136833767182,True,True
mddnr_Bishopville_Prong,2,2018-06-15 00:30:00+00:00,2018-06-22 00:30:00+00:00,5.0,4.0,14,13.203959999999936,False,164.0,42,75.97683129492455,209.39025803165276,feasible,,7.85521919181825,143.869675460998,0.8293564406657301,13.122593524972817,1903.4893179154035,667.8736530555977,2.305325273646867,0.7984769018666158,1.506848371780251,True,True
mddnr_Bishopville_Prong,2,2018-06-15 00:30:00+00:00,2018-06-22 00:30:00+00:00,5.0,4.0,15,13.203959999999936,False,164.0,42,76.22683129492455,210.11775803165276,feasible,,7.511382948751795,143.69321324814666,0.8303770140207004,13.22604733731403,1884.0079134428065,665.1687069636679,2.2814413001286495,0.7950520239345779,1.4863892761940716,True,True
mddnr_Bishopville_Prong,3,2018-06-22 00:45:00+00:00,2018-06-29 00:45:00+00:00,5.0,0.5,0,13.203959999999936,False,168.0,337,94.3377534547657,256.73506421559557,infeasible,max_replacements=0 is infeasible; k_min(L)=1,,,,,,,,,,,
mddnr_Bishopville_Prong,3,2018-06-22 00:45:00+00:00,2018-06-29 00:45:00+00:00,5.0,0.5,1,13.203959999999936,False,167.5,336,94.0877534547657,255.8125642155956,infeasible,max_replacements=0 is infeasible; k_min(L)=3,,,,,,,,,,,
mddnr_Bishopville_Prong,3,2018-06-22 00:45:00+00:00,2018-06-29 00:45:00+00:00,5.0,1.0,0,13.203959999999936,False,168.0,169,94.3377534547657,256.73506421559557,feasible,,40.72717578665812,121.9537411503821,0.483491460498357,68.83477381028166,639.0609500707945,490.7633324254231,0.67884068602442,0.5022959031132636,0.1765447829111565,True,True
mddnr_Bishopville_Prong,3,2018-06-22 00:45:00+00:00,2018-06-29 00:45:00+00:00,5.0,1.0,1,13.203959999999936,False,167.0,168,94.0877534547657,255.8125642155956,feasible,,39.13219973401943,121.32362715427776,0.49216423604945103,65.72605491079995,624.1088468835692,482.4143039643552,0.6687219065542147,0.49902784317791055,0.16969406337630416,True,True
mddnr_Bishopville_Prong,3,2018-06-22 00:45:00+00:00,2018-06-29 00:45:00+00:00,5.0,1.0,2,13.203959999999936,False,167.0,168,93.8377534547657,254.8038142155956,feasible,,38.70278310446285,117.42011033053704,0.4713612408746957,64.14922114274854,605.6484631985838,467.88663265365756,0.6485020862944135,0.483517858096897,0.1649842281975165,True,True
mddnr_Bishopville_Prong,3,2018-06-22 00:45:00+00:00,2018-06-29 00:45:00+00:00,5.0,1.0,3,13.203959999999936,False,167.0,168,93.5877534547657,254.13256421559558,feasible,,38.132499644046305,118.77817866761173,0.48290825762614026,63.600730386944626,606.9925682217125,469.5631058874751,0.6507686680655903,0.4861824856293778,0.16458618243621248,True,True
mddnr_Bishopville_Prong,3,2018-06-22 00:45:00+00:00,2018-06-29 00:45:00+00:00,5.0,2.0,0,13.203959999999936,False,168.0,85,94.3377534547657,256.73506421559557,feasible,,20.210603485621096,139.83360749350948,0.7120416905231451,33.69121839205843,1105.017232646323,612.2583384873017,1.2753881122074577,0.6887703810657657,0.586617731141692,True,True
mddnr_Bishopville_Prong,3,2018-06-22 00:45:00+00:00,2018-06-29 00:45:00+00:00,5.0,2.0,1,13.203959999999936,False,166.0,84,94.0877534547657,255.8125642155956,feasible,,20.054589683701103,139.1339749590273,0.717345694429676,34.02405793413508,1106.6545294056589,610.3229426845882,1.2923258692428,0.6943360057234375,0.5979898635193625,True,True
mddnr_Bishopville_Prong,3,2018-06-22 00:45:00+00:00,2018-06-29 00:45:00+00:00,5.0,2.0,2,13.203959999999936,False,166.0,84,93.8377534547657,254.8038142155956,feasible,,20.358286453457982,137.6450277038099,0.7065466340382646,34.36101366559732,1090.6416060856843,603.3862092135987,1.2726272197832373,0.6855725247566282,0.5870546950266091,True,True
mddnr_Bishopville_Prong,3,2018-06-22 00:45:00+00:00,2018-06-29 00:45:00+00:00,5.0,2.0,3,13.203959999999936,False,166.0,84,93.5877534547657,254.13256421559558,feasible,,19.575945398198826,138.31755321888267,0.7153108904860472,32.30323327244276,1082.6171787926603,603.9352612555613,1.2654384885785752,0.6887132867266488,0.5767252018519264,True,True
mddnr_Bishopville_Prong,3,2018-06-22 00:45:00+00:00,2018-06-29 00:45:00+00:00,5.0,2.0,4,13.203959999999936,False,166.0,84,93.3377534547657,253.84506421559558,feasible,,20.43629335441805,137.38812901584058,0.7045291304904971,35.101007576515244,1088.2550989682447,600.9431347936215,1.2688603510743728,0.6817375026712124,0.5871228484031604,True,True
mddnr_Bishopville_Prong,3,2018-06-22 00:45:00+00:00,2018-06-29 00:45:00+00:00,5.0,2.0,5,13.203959999999936,False,166.0,84,93.0877534547657,253.53506421559558,feasible,,18.970066555790904,137.36162181648513,0.713202140124664,31.625641095550222,1063.343706734398,595.4736793788516,1.2430338140227082,0.6793349858834956,0.5636988281392126,True,True
mddnr_Bishopville_Prong,3,2018-06-22 00:45:00+00:00,2018-06-29 00:45:00+00:00,5.0,2.0,6,13.203959999999936,False,166.0,84,92.8377534547657,253.1188142155956,feasible,,18.199843077379803,134.2521061863258,0.6991100187285904,29.65006331433911,1026.8064711716124,579.894469617659,1.2013932624786425,0.662945067835325,0.5384481946433175,True,True
mddnr_Bishopville_Prong,3,2018-06-22 00:45:00+00:00,2018-06-29 00:45:00+00:00,5.0,2.0,7,13.203959999999936,False,166.0,84,92.5877534547657,252.58256421559557,feasible,,18.376305290231226,135.8751041354259,0.7078240894288834,31.083000857318776,1043.9667616905185,587.2674222043677,1.2203418805219275,0.670101712466324,0.5502401680556035,True,True
mddnr_Bishopville_Prong,3,2018-06-22 00:45:00+00:00,2018-06-29 00:45:00+00:00,5.0,4.0,0,13.203959999999936,False,168.0,43,94.3377534547657,256.73506421559557,feasible,,9.541077070818192,154.36545400016357,0.8620498626746748,15.979062341903585,2148.9685348568655,724.0319949469699,2.539273181565431,0.8429201578631742,1.6963530237022566,True,True
mddnr_Bishopville_Prong,3,2018-06-22 00:45:00+00:00,2018-06-29 00:45:00+00:00,5.0,4.0,1,13.203959999999936,False,164.0,42,94.0877534547657,255.8125642155956,feasible,,10.239352436693256,151.13492013002147,0.8591193152032208,17.5639808057584,2134.2972431287467,711.6791553443047,2.5813820272231562,0.8464819201689588,1.7349001070541974,True,True
mddnr_Bishopville_Prong,3,2018-06-22 00:45:00+00:00,2018-06-29 00:45:00+00:00,5.0,4.0,2,13.203959999999936,False,164.0,42,93.8377534547657,254.8038142155956,feasible,,9.991699459859092,150.21777103232662,0.8550370217833386,16.742329573855276,2106.145055482013,706.6767962035628,2.548052104766046,0.8413834958898873,1.7066686088761585,True,True
mddnr_Bishopville_Prong,3,2018-06-22 00:45:00+00:00,2018-06-29 00:45:00+00:00,5.0,4.0,3,13.203959999999936,False,164.0,42,93.5877534547657,254.13256421559558,feasible,,9.827354823855929,150.9569432200643,0.8605462707085876,16.102305671934943,2111.756602154376,710.1909578641558,2.55567597132005,0.8464495758441719,1.7092263954758782,True,True
mddnr_Bishopville_Prong,3,2018-06-22 00:45:00+00:00,2018-06-29 00:45:00+00:00,5.0,4.0,4,13.203959999999936,False,164.0,42,93.3377534547657,253.84506421559558,feasible,,10.40899851256751,151.1212878560674,0.8580017642896335,17.845472115941156,2135.3344406967517,712.1777330437229,2.5823036202205008,0.8467466596680266,1.735556960552474,True,True
mddnr_Bishopville_Prong,3,2018-06-22 00:45:00+00:00,2018-06-29 00:45:00+00:00,5.0,4.0,5,13.203959999999936,False,164.0,42,93.0877534547657,253.53506421559558,feasible,,9.7849433048874,150.90241412424754,0.8604723830448788,16.261144383957717,2110.2341166576007,709.5474160782068,2.553625575943467,0.8454710630417672,1.7081545129016997,True,True
mddnr_Bishopville_Prong,3,2018-06-22 00:45:00+00:00,2018-06-29 00:45:00+00:00,5.0,4.0,6,13.203959999999936,False,164.0,42,92.8377534547657,253.1188142155956,feasible,,9.688760038655126,149.07417471728172,0.8499110651135768,16.344305041820878,2065.567715653658,699.8421420543531,2.499052939770533,0.8335339475762588,1.6655189921942744,True,True
mddnr_Bishopville_Prong,3,2018-06-22 00:45:00+00:00,2018-06-29 00:45:00+00:00,5.0,4.0,7,13.203959999999936,False,164.0,42,92.5877534547657,252.58256421559557,feasible,,9.719811329328481,149.54751756291287,0.8526079648389292,16.920136080387977,2080.152828544032,701.7882816973083,2.5161374298337122,0.8352050556303907,1.6809323742033215,True,True
mddnr_Bishopville_Prong,3,2018-06-22 00:45:00+00:00,2018-06-29 00:45:00+00:00,5.0,4.0,8,13.203959999999936,False,164.0,42,92.3377534547657,251.97256421559558,feasible,,10.480189276550469,149.867118652283,0.8499203010715398,17.475484627339267,2109.808268215163,706.6328283333177,2.551625345838809,0.8404357850072908,1.7111895608315184,True,True
mddnr_Bishopville_Prong,3,2018-06-22 00:45:00+00:00,2018-06-29 00:45:00+00:00,5.0,4.0,9,13.203959999999936,False,164.0,42,92.0877534547657,251.39006421559557,feasible,,9.651649959557696,150.38514506254177,0.8581310677011225,16.283402857930714,2103.014490287935,706.2723455690564,2.544794009060981,0.8414499301355192,1.7033440789254617,True,True
mddnr_Bishopville_Prong,3,2018-06-22 00:45:00+00:00,2018-06-29 00:45:00+00:00,5.0,4.0,10,13.203959999999936,False,164.0,42,91.8377534547657,250.7800642155956,feasible,,10.160588187180306,149.85803046964693,0.8518136724540648,17.338525715012942,2098.0915390823884,705.1263408856129,2.5375036748382627,0.8387656282568292,1.6987380465814335,True,True
mddnr_Bishopville_Prong,3,2018-06-22 00:45:00+00:00,2018-06-29 00:45:00+00:00,5.0,4.0,11,13.203959999999936,False,164.0,42,91.5877534547657,250.0913142155956,feasible,,9.537290328053139,149.80956016225426,0.8553187185012264,15.906163756933548,2083.3461085145864,703.1998620110929,2.521268225314211,0.8381630466514138,1.683105178662797,True,True
mddnr_Bishopville_Prong,3,2018-06-22 00:45:00+00:00,2018-06-29 00:45:00+00:00,5.0,4.0,12,13.203959999999936,False,164.0,42,91.3377534547657,249.3700642155956,feasible,,9.801604973053555,148.90831538417254,0.8482116488482866,16.919257556066498,2068.3470035339583,699.0021175465534,2.5017411536315755,0.8318083658420572,1.6699327877895183,True,True
mddnr_Bishopville_Prong,3,2018-06-22 00:45:00+00:00,2018-06-29 00:45:00+00:00,5.0,4.0,13,13.203959999999936,False,164.0,42,91.0877534547657,248.73756421559557,feasible,,9.027594751877482,148.87726409349912,0.8527418862294003,15.200667072605508,2046.3088600830552,696.695400470767,2.476961210988353,0.8310911382904409,1.6458700726979123,True,True
mddnr_Bishopville_Prong,3,2018-06-22 00:45:00+00:00,2018-06-29 00:45:00+00:00,5.0,4.0,14,13.203959999999936,False,164.0,42,90.8377534547657,248.25881421559558,feasible,,8.378547041948044,147.6624770144713,0.8492922559300199,13.189789275338628,2005.136871815898,689.3871043232475,2.4292037591958042,0.824630872009645,1.6045728871861593,True,True
mddnr_Bishopville_Prong,3,2018-06-22 00:45:00+00:00,2018-06-29 00:45:00+00:00,5.0,4.0,15,13.203959999999936,False,164.0,42,90.5877534547657,247.62881421559558,feasible,,8.407326286962444,148.86969060796903,0.8564778312256499,13.752983953298939,2031.5920643793422,695.0038738378479,2.4607793663732234,0.830793768151889,1.6299855982213343,True,True
mddnr_Camp_Tockwogh,0,2017-06-01 00:00:14+00:00,2017-06-08 00:00:28+00:00,5.0,0.5,0,13.203959999999936,True,168.0038888888889,337,0.0,0.0,feasible,,0.0,2.9728296864475108,0.017695005193681095,0.0,0.5423116384110512,0.5423116384110512,0.000645594149037484,0.000645594149037484,0.0,True,True
mddnr_Camp_Tockwogh,0,2017-06-01 00:00:14+00:00,2017-06-08 00:00:28+00:00,5.0,0.5,1,13.203959999999936,True,167.5038888888889,336,0.0,0.0,feasible,,0.0,2.914310040321279,0.01739846196797521,0.0,0.5234964349158298,0.5234964349158298,0.0006250558579724474,0.0006250558579724474,0.0,True,True
mddnr_Camp_Tockwogh,0,2017-06-01 00:00:14+00:00,2017-06-08 00:00:28+00:00,5.0,1.0,0,13.203959999999936,True,168.0038888888889,169,0.0,0.0,feasible,,0.0,70.03858151140459,0.41688666836590504,0.0,102.1439007586459,102.1439007586459,0.12159706710860702,0.12159706710860702,0.0,True,True
mddnr_Camp_Tockwogh,0,2017-06-01 00:00:14+00:00,2017-06-08 00:00:28+00:00,5.0,1.0,1,13.203959999999936,True,167.0038888888889,168,0.0,0.0,feasible,,0.0,69.62704133709299,0.41691868255485526,0.0,101.80367042428867,101.80367042428867,0.12191772431361851,0.12191772431361851,0.0,True,True
mddnr_Camp_Tockwogh,0,2017-06-01 00:00:14+00:00,2017-06-08 00:00:28+00:00,5.0,1.0,2,13.203959999999936,True,167.0038888888889,168,0.0,0.0,feasible,,0.0,69.74670240846918,0.4176351992310376,0.0,101.9774784174326,101.9774784174326,0.12212587275171813,0.12212587275171813,0.0,True,True
mddnr_Camp_Tockwogh,0,2017-06-01 00:00:14+00:00,2017-06-08 00:00:28+00:00,5.0,1.0,3,13.203959999999936,True,167.0038888888889,168,0.0,0.0,feasible,,0.0,69.54449034481539,0.4164243767466083,0.0,101.44872133547253,101.44872133547253,0.121492645483206,0.121492645483206,0.0,True,True
mddnr_Camp_Tockwogh,0,2017-06-01 00:00:14+00:00,2017-06-08 00:00:28+00:00,5.0,2.0,0,13.203959999999936,True,168.0038888888889,85,0.0,0.0,feasible,,0.0,119.07992971300506,0.7087926981961697,0.0,559.7200908107058,436.3564524329551,0.6663180174131355,0.51945994264638,0.1468580747667555,True,True
mddnr_Camp_Tockwogh,0,2017-06-01 00:00:14+00:00,2017-06-08 00:00:28+00:00,5.0,2.0,1,13.203959999999936,True,166.0038888888889,84,0.0,0.0,feasible,,0.0,117.55554460429536,0.7081493415071657,0.0,552.3566410863311,430.62789827193114,0.6654743389247213,0.5188166387597855,0.14665770016493584,True,True
mddnr_Camp_Tockwogh,0,2017-06-01 00:00:14+00:00,2017-06-08 00:00:28+00:00,5.0,2.0,2,13.203959999999936,True,166.0038888888889,84,0.0,0.0,feasible,,0.0,117.43512618436677,0.7074239463327839,0.0,551.2520766900057,430.02580617228796,0.6641435696232083,0.5180912435854035,0.14605232603780482,True,True
mddnr_Camp_Tockwogh,0,2017-06-01 00:00:14+00:00,2017-06-08 00:00:28+00:00,5.0,2.0,3,13.203959999999936,True,166.0038888888889,84,0.0,0.0,feasible,,0.0,117.26699480559839,0.7064111304289293,0.0,549.7068436952984,429.1851492784463,0.6622818867372833,0.5170784276815492,0.14520345905573406,True,True
mddnr_Camp_Tockwogh,0,2017-06-01 00:00:14+00:00,2017-06-08 00:00:28+00:00,5.0,2.0,4,13.203959999999936,True,166.00416666666666,84,0.0,0.0,feasible,,0.0,117.47402873834804,0.7076571094401127,0.0,551.6523692263539,430.22031894219475,0.6646247263589014,0.5183247235065723,0.14630000285232903,True,True
mddnr_Camp_Tockwogh,0,2017-06-01 00:00:14+00:00,2017-06-08 00:00:28+00:00,5.0,2.0,5,13.203959999999936,True,166.0038888888889,84,0.0,0.0,feasible,,0.0,117.63203680814932,0.7086101271210807,0.0,553.038998845551,431.0103592912008,0.6662964374475776,0.5192774243737004,0.1470190130738772,True,True
mddnr_Camp_Tockwogh,0,2017-06-01 00:00:14+00:00,2017-06-08 00:00:28+00:00,5.0,2.0,6,13.203959999999936,True,166.0038888888889,84,0.0,0.0,feasible,,0.0,117.85015319141613,0.7099240504558093,0.0,554.8904186205971,432.1009412075349,0.6685270114268238,0.5205913477084291,0.14793566371839473,True,True
mddnr_Camp_Tockwogh,0,2017-06-01 00:00:14+00:00,2017-06-08 00:00:28+00:00,5.0,2.0,7,13.203959999999936,True,166.0038888888889,84,0.0,0.0,feasible,,0.0,117.8031975811295,0.7096411919601384,0.0,554.4391462045924,431.86616315610183,0.667983322457818,0.5203084892127582,0.1476748332450598,True,True
mddnr_Camp_Tockwogh,0,2017-06-01 00:00:14+00:00,2017-06-08 00:00:28+00:00,5.0,4.0,0,13.203959999999936,True,168.0038888888889,43,0.0,0.0,feasible,,0.0,143.58621419129798,0.8546600625790288,0.0,1621.427043782556,638.4094728904547,1.9302256090689704,0.7599936848041338,1.1702319242648367,True,True
mddnr_Camp_Tockwogh,0,2017-06-01 00:00:14+00:00,2017-06-08 00:00:28+00:00,5.0,4.0,1,13.203959999999936,True,164.0038888888889,42,0.0,0.0,feasible,,0.0,140.1822475025168,0.8547495333936195,0.0,1583.2039486040392,623.2830108290735,1.9306907407258433,0.7600832090650508,1.1706075316607927,True,True
mddnr_Camp_Tockwogh,0,2017-06-01 00:00:14+00:00,2017-06-08 00:00:28+00:00,5.0,4.0,2,13.203959999999936,True,164.0038888888889,42,0.0,0.0,feasible,,0.0,140.09439507036765,0.8542138605340042,0.0,1581.1202158825438,622.843748668328,1.928149663516501,0.7595475362054357,1.1686021273110652,True,True
mddnr_Camp_Tockwogh,0,2017-06-01 00:00:14+00:00,2017-06-08 00:00:28+00:00,5.0,4.0,3,13.203959999999936,True,164.0038888888889,42,0.0,0.0,feasible,,0.0,139.9898809700523,0.8535765945458411,0.0,1578.7730833539113,622.3211781667511,1.9252873746469699,0.7589102702172725,1.1663771044296973,True,True
mddnr_Camp_Tockwogh,0,2017-06-01 00:00:14+00:00,2017-06-08 00:00:28+00:00,5.0,4.0,4,13.203959999999936,True,164.00416666666666,42,0.0,0.0,feasible,,0.0,139.99773223336018,0.853623021163244,0.0,1579.0532587854061,622.3604344832906,1.9256257824165925,0.7589568571732922,1.1666689252433002,True,True
mddnr_Camp_Tockwogh,0,2017-06-01 00:00:14+00:00,2017-06-08 00:00:28+00:00,5.0,4.0,5,13.203959999999936,True,164.0038888888889,42,0.0,0.0,feasible,,0.0,140.11635817840494,0.854347778748908,0.0,1581.6937447484934,622.9535642085141,1.9288490723778826,0.7596814544203391,1.1691676179575436,True,True
mddnr_Camp_Tockwogh,0,2017-06-01 00:00:14+00:00,2017-06-08 00:00:28+00:00,5.0,4.0,6,13.203959999999936,True,164.0038888888889,42,0.0,0.0,feasible,,0.0,140.21860023306118,0.8549711911286322,0.0,1583.9480477807815,623.4647744817956,1.9315981572289318,0.7603048668000637,1.171293290428868,True,True
mddnr_Camp_Tockwogh,0,2017-06-01 00:00:14+00:00,2017-06-08 00:00:28+00:00,5.0,4.0,7,13.203959999999936,True,164.0038888888889,42,0.0,0.0,feasible,,0.0,140.12165961827606,0.8543801038352644,0.0,1581.7631296201919,622.9800714078698,1.9289336860686537,0.7597137795066957,1.169219906561958,True,True
mddnr_Camp_Tockwogh,0,2017-06-01 00:00:14+00:00,2017-06-08 00:00:28+00:00,5.0,4.0,8,13.203959999999936,True,164.0038888888889,42,0.0,0.0,feasible,,0.0,140.06410112824722,0.8540291457548262,0.0,1580.4220030930019,622.6922789577255,1.9272982046952838,0.7593628214262574,1.1679353832690262,True,True
mddnr_Camp_Tockwogh,0,2017-06-01 00:00:14+00:00,2017-06-08 00:00:28+00:00,5.0,4.0,9,13.203959999999936,True,164.0038888888889,42,0.0,0.0,feasible,,0.0,139.88763891539597,0.8529531821661164,0.0,1576.6472904230045,621.8099678934693,1.922695005715588,0.7582868578375477,1.1644081478780404,True,True
mddnr_Camp_Tockwogh,0,2017-06-01 00:00:14+00:00,2017-06-08 00:00:28+00:00,5.0,4.0,10,13.203959999999936,True,164.0038888888889,42,0.0,0.0,feasible,,0.0,139.88536686973697,0.8529393285576783,0.0,1576.704490698324,621.7986076651742,1.9227647604948277,0.7582730042291095,1.1644917562657182,True,True
mddnr_Camp_Tockwogh,0,2017-06-01 00:00:14+00:00,2017-06-08 00:00:28+00:00,5.0,4.0,11,13.203959999999936,True,164.00416666666666,42,0.0,0.0,feasible,,0.0,139.84777721986427,0.852708684554951,0.0,1575.8225360900253,621.6106594158109,1.921685976787206,0.758042520564999,1.163643456222207,True,True
mddnr_Camp_Tockwogh,0,2017-06-01 00:00:14+00:00,2017-06-08 00:00:28+00:00,5.0,4.0,12,13.203959999999936,True,164.0038888888889,42,0.0,0.0,feasible,,0.0,140.05728499127014,0.8539875849295113,0.0,1580.468432520022,622.6581982728403,1.9273548246051342,0.7593212606009427,1.1680335640041914,True,True
mddnr_Camp_Tockwogh,0,2017-06-01 00:00:14+00:00,2017-06-08 00:00:28+00:00,5.0,4.0,13,13.203959999999936,True,164.0038888888889,42,0.0,0.0,feasible,,0.0,140.09666711602665,0.8542277141424423,0.0,1581.3210680787656,622.8551088966228,1.92839459941111,0.7595613898138737,1.1688332095972362,True,True
mddnr_Camp_Tockwogh,0,2017-06-01 00:00:14+00:00,2017-06-08 00:00:28+00:00,5.0,4.0,14,13.203959999999936,True,164.0038888888889,42,0.0,0.0,feasible,,0.0,140.22390167293233,0.8550035162149887,0.0,1584.0935200240667,623.4912816811513,1.9317755581970075,0.7603371918864202,1.1714383663105874,True,True
mddnr_Camp_Tockwogh,0,2017-06-01 00:00:14+00:00,2017-06-08 00:00:28+00:00,5.0,4.0,15,13.203959999999936,True,164.0038888888889,42,0.0,0.0,feasible,,0.0,140.2920630427033,0.8554191244681391,0.0,1585.6672051074124,623.8320885300063,1.9336946408407267,0.7607528001395708,1.172941840701156,True,True
mddnr_Camp_Tockwogh,1,2017-06-08 00:15:28+00:00,2017-06-15 00:15:27+00:00,5.0,0.5,0,13.203959999999936,True,167.99972222222223,337,0.0,0.0,feasible,,0.0,13.287497672415034,0.07909237882452537,0.0,3.749991785457231,3.749991785457231,0.0044642833164889595,0.0044642833164889595,0.0,True,True
mddnr_Camp_Tockwogh,1,2017-06-08 00:15:28+00:00,2017-06-15 00:15:27+00:00,5.0,0.5,1,13.203959999999936,True,167.49972222222223,336,0.0,0.0,feasible,,0.0,13.194853076904923,0.07877537288927133,0.0,3.778563794189578,3.778563794189578,0.004511725445343187,0.004511725445343187,0.0,True,True
mddnr_Camp_Tockwogh,1,2017-06-08 00:15:28+00:00,2017-06-15 00:15:27+00:00,5.0,1.0,0,13.203959999999936,True,167.99972222222223,169,0.0,0.0,feasible,,0.0,84.32482469148111,0.5019343102242761,0.0,144.462414248093,144.462414248093,0.17197934893845224,0.17197934893845224,0.0,True,True
mddnr_Camp_Tockwogh,1,2017-06-08 00:15:28+00:00,2017-06-15 00:15:27+00:00,5.0,1.0,1,13.203959999999936,True,166.99972222222223,168,0.0,0.0,feasible,,0.0,83.60958774741285,0.5006570468192499,0.0,142.78881583691327,142.78881583691327,0.17100485430377887,0.17100485430377887,0.0,True,True
mddnr_Camp_Tockwogh,1,2017-06-08 00:15:28+00:00,2017-06-15 00:15:27+00:00,5.0,1.0,2,13.203959999999936,True,166.99972222222223,168,0.0,0.0,feasible,,0.0,83.80574102264218,0.5018316192833185,0.0,143.53182242320977,143.53182242320977,0.17189468403092992,0.17189468403092992,0.0,True,True
mddnr_Camp_Tockwogh,1,2017-06-08 00:15:28+00:00,2017-06-15 00:15:27+00:00,5.0,1.0,3,13.203959999999936,True,166.99972222222223,168,0.0,0.0,feasible,,0.0,83.75424132103763,0.5015232373236407,0.0,143.6112627964079,143.6112627964079,0.1719898223606721,0.1719898223606721,0.0,True,True
mddnr_Camp_Tockwogh,1,2017-06-08 00:15:28+00:00,2017-06-15 00:15:27+00:00,5.0,2.0,0,13.203959999999936,True,167.99972222222223,85,0.0,0.0,feasible,,0.0,126.42280135908706,0.7525179189990615,0.0,629.7416242204496,473.07081066336514,0.7496936493590824,0.5631804676886418,0.18651318167044062,True,True
mddnr_Camp_Tockwogh,1,2017-06-08 00:15:28+00:00,2017-06-15 00:15:27+00:00,5.0,2.0,1,13.203959999999936,True,165.99972222222223,84,0.0,0.0,feasible,,0.0,124.57805781245412,0.7504714835949103,0.0,618.9366737151946,465.74046431272495,0.745708083639598,0.5611340285127016,0.1845740551268964,True,True
mddnr_Camp_Tockwogh,1,2017-06-08 00:15:28+00:00,2017-06-15 00:15:27+00:00,5.0,2.0,2,13.203959999999936,True,165.99972222222223,84,0.0,0.0,feasible,,0.0,124.41674257066309,0.7494997034037659,0.0,617.5385639765325,464.93388810377,0.744023611256216,0.5601622483215575,0.1838613629346585,True,True
mddnr_Camp_Tockwogh,1,2017-06-08 00:15:28+00:00,2017-06-15 00:15:27+00:00,5.0,2.0,3,13.203959999999936,True,165.99972222222223,84,0.0,0.0,feasible,,0.0,124.22286134109248,0.7483317422350655,0.0,615.81354152725,463.96448195591665,0.741945267478058,0.5589942871528567,0.1829509803252013,True,True
mddnr_Camp_Tockwogh,1,2017-06-08 00:15:28+00:00,2017-06-15 00:15:27+00:00,5.0,2.0,4,13.203959999999936,True,165.99972222222223,84,0.0,0.0,feasible,,0.0,124.39856620539089,0.7493902070442006,0.0,617.5754222448348,464.843006277409,0.7440680188826974,0.560052751961992,0.18401526692070536,True,True
mddnr_Camp_Tockwogh,1,2017-06-08 00:15:28+00:00,2017-06-15 00:15:27+00:00,5.0,2.0,5,13.203959999999936,True,165.99972222222223,84,0.0,0.0,feasible,,0.0,124.52883015650839,0.7501749309544196,0.0,618.7549349672734,465.49432603299636,0.7454891209263014,0.5608374758722109,0.18465164505409049,True,True
mddnr_Camp_Tockwogh,1,2017-06-08 00:15:28+00:00,2017-06-15 00:15:27+00:00,5.0,2.0,6,13.203959999999936,True,165.99972222222223,84,0.0,0.0,feasible,,0.0,124.86887965680977,0.7522234253479593,0.0,621.9737119518618,467.1945735345034,0.7493671719754225,0.5628859702657508,0.18648120170967164,True,True
mddnr_Camp_Tockwogh,1,2017-06-08 00:15:28+00:00,2017-06-15 00:15:27+00:00,5.0,2.0,7,13.203959999999936,True,165.99972222222223,84,0.0,0.0,feasible,,0.0,124.99838625937453,0.7530035869098648,0.0,623.2674316258721,467.8421065473272,0.7509258729861126,0.5636661318276563,0.18725974115845623,True,True
mddnr_Camp_Tockwogh,1,2017-06-08 00:15:28+00:00,2017-06-15 00:15:27+00:00,5.0,4.0,0,13.203959999999936,True,167.99972222222223,43,0.0,0.0,feasible,,0.0,147.3634888498096,0.8771650744450876,0.0,1707.262527662417,657.2958461830129,2.0324587506211818,0.7824963487898778,1.2499624018313038,True,True
mddnr_Camp_Tockwogh,1,2017-06-08 00:15:28+00:00,2017-06-15 00:15:27+00:00,5.0,4.0,1,13.203959999999936,True,163.99972222222223,42,0.0,0.0,feasible,,0.0,143.7982069192372,0.8768198200018189,0.0,1665.2954865010138,641.3628079126754,2.0308515940588143,0.7821510905288225,1.2487005035299918,True,True
mddnr_Camp_Tockwogh,1,2017-06-08 00:15:28+00:00,2017-06-15 00:15:27+00:00,5.0,4.0,2,13.203959999999936,True,163.99972222222223,42,0.0,0.0,feasible,,0.0,143.63386228323424,0.8758177168654473,0.0,1661.525459387769,640.5410847326606,2.026253992231006,0.7811489873924509,1.245105004838555,True,True
mddnr_Camp_Tockwogh,1,2017-06-08 00:15:28+00:00,2017-06-15 00:15:27+00:00,5.0,4.0,3,13.203959999999936,True,163.99972222222223,42,0.0,0.0,feasible,,0.0,143.3339522562423,0.873988994091237,0.0,1654.6371316791246,639.041534597701,2.0178535783579745,0.7793202646182408,1.2385333137397336,True,True
mddnr_Camp_Tockwogh,1,2017-06-08 00:15:28+00:00,2017-06-15 00:15:27+00:00,5.0,4.0,4,13.203959999999936,True,163.99972222222223,42,0.0,0.0,feasible,,0.0,143.49981158935142,0.8750003332012166,0.0,1658.5233732625902,639.8708312632465,2.022592905389516,0.7803316037282202,1.242261301661296,True,True
mddnr_Camp_Tockwogh,1,2017-06-08 00:15:28+00:00,2017-06-15 00:15:27+00:00,5.0,4.0,5,13.203959999999936,True,163.99972222222223,42,0.0,0.0,feasible,,0.0,143.3498565758554,0.8740859718141112,0.0,1655.155846746365,639.1210561957663,2.0184861587797114,0.7794172423411146,1.2390689164385966,True,True
mddnr_Camp_Tockwogh,1,2017-06-08 00:15:28+00:00,2017-06-15 00:15:27+00:00,5.0,4.0,6,13.203959999999936,True,163.99972222222223,42,0.0,0.0,feasible,,0.0,143.59448015847755,0.8755775815516611,0.0,1660.7035711745157,640.344174108877,2.0252516878342464,0.7809088520786646,1.2443428357555817,True,True
mddnr_Camp_Tockwogh,1,2017-06-08 00:15:28+00:00,2017-06-15 00:15:27+00:00,5.0,4.0,7,13.203959999999936,True,163.99972222222223,42,0.0,0.0,feasible,,0.0,143.67324440799072,0.8760578521792323,0.0,1662.564050842355,640.7379953564432,2.0275205693209095,0.7813891227062362,1.2461314466146733,True,True
mddnr_Camp_Tockwogh,1,2017-06-08 00:15:28+00:00,2017-06-15 00:15:27+00:00,5.0,4.0,8,13.203959999999936,True,163.99972222222223,42,0.0,0.0,feasible,,0.0,143.55585538227416,0.8753420642246802,0.0,1659.8972074456317,640.1510502278602,2.024268315767565,0.7806733347516838,1.2435949810158813,True,True
mddnr_Camp_Tockwogh,1,2017-06-08 00:15:28+00:00,2017-06-15 00:15:27+00:00,5.0,4.0,9,13.203959999999936,True,163.99972222222223,42,0.0,0.0,feasible,,0.0,143.33470960479528,0.8739936120780404,0.0,1654.840202802832,639.0453213404659,2.0181012264892706,0.7793248826050441,1.2387763438842265,True,True
mddnr_Camp_Tockwogh,1,2017-06-08 00:15:28+00:00,2017-06-15 00:15:27+00:00,5.0,4.0,10,13.203959999999936,True,163.99972222222223,42,0.0,0.0,feasible,,0.0,143.34682718164345,0.8740674998668975,0.0,1655.158874895055,639.1059092247067,2.0184898516502225,0.779398770393901,1.2390910812563214,True,True
mddnr_Camp_Tockwogh,1,2017-06-08 00:15:28+00:00,2017-06-15 00:15:27+00:00,5.0,4.0,11,13.203959999999936,True,163.99972222222223,42,0.0,0.0,feasible,,0.0,143.44376779642866,0.8746586021777529,0.0,1657.4642761742975,639.5906122986331,2.0213013213868827,0.7799898727047571,1.2413114486821257,True,True
mddnr_Camp_Tockwogh,1,2017-06-08 00:15:28+00:00,2017-06-15 00:15:27+00:00,5.0,4.0,12,13.203959999999936,True,163.99972222222223,42,0.0,0.0,feasible,,0.0,143.45209863051187,0.8747094000325927,0.0,1657.6405755100554,639.6322664690487,2.0215163209409908,0.7800406705595961,1.2414756503813946,True,True
mddnr_Camp_Tockwogh,1,2017-06-08 00:15:28+00:00,2017-06-15 00:15:27+00:00,5.0,4.0,13,13.203959999999936,True,163.99972222222223,42,0.0,0.0,feasible,,0.0,143.74064842920853,0.8764688530047489,0.0,1664.1554137456524,641.0750154625321,2.0294612590754215,0.7818001235317524,1.247661135543669,True,True
mddnr_Camp_Tockwogh,1,2017-06-08 00:15:28+00:00,2017-06-15 00:15:27+00:00,5.0,4.0,14,13.203959999999936,True,163.99972222222223,42,0.0,0.0,feasible,,0.0,143.80275101055526,0.8768475279226403,0.0,1665.6130684904083,641.3855283692658,2.031238889823821,0.782178798449644,1.249060091374177,True,True
mddnr_Camp_Tockwogh,1,2017-06-08 00:15:28+00:00,2017-06-15 00:15:27+00:00,5.0,4.0,15,13.203959999999936,True,163.99972222222223,42,0.0,0.0,feasible,,0.0,143.8178979816154,0.8769398876587112,0.0,1665.95410019946,641.4612632245666,2.0316547828563585,0.7822711581857149,1.2493836246706436,True,True
mddnr_Camp_Tockwogh,2,2017-06-15 00:30:27+00:00,2017-06-22 00:30:27+00:00,5.0,0.5,0,13.203959999999936,True,168.0,337,0.0,0.0,feasible,,0.0,43.35817857168043,0.25808439626000257,0.0,27.47208283776213,27.47208283776213,0.03270486052114539,0.03270486052114539,0.0,True,True
mddnr_Camp_Tockwogh,2,2017-06-15 00:30:27+00:00,2017-06-22 00:30:27+00:00,5.0,0.5,1,13.203959999999936,True,167.5,336,0.0,0.0,feasible,,0.0,42.86656124374769,0.2559197686193892,0.0,26.857578618992573,26.857578618992573,0.03206875058984188,0.03206875058984188,0.0,True,True
mddnr_Camp_Tockwogh,2,2017-06-15 00:30:27+00:00,2017-06-22 00:30:27+00:00,5.0,1.0,0,13.203959999999936,True,168.0,169,0.0,0.0,feasible,,0.0,103.5958364005946,0.6166418833368726,0.0,217.09973351927007,217.06874695585975,0.2584520637134168,0.2584151749474521,3.688876596469326e-05,True,True
mddnr_Camp_Tockwogh,2,2017-06-15 00:30:27+00:00,2017-06-22 00:30:27+00:00,5.0,1.0,1,13.203959999999936,True,167.0,168,0.0,0.0,feasible,,0.0,102.96466514591054,0.6165548811132368,0.0,215.63917727177102,215.60075034367932,0.2582505117027198,0.2582044914295561,4.602027316369384e-05,True,True
mddnr_Camp_Tockwogh,2,2017-06-15 00:30:27+00:00,2017-06-22 00:30:27+00:00,5.0,1.0,2,13.203959999999936,True,167.0,168,0.0,0.0,feasible,,0.0,103.33955267965042,0.6187997166446133,0.0,217.51377080797786,217.46318616944248,0.2604955339017699,0.2604349534963383,6.0580405431609474e-05,True,True
mddnr_Camp_Tockwogh,2,2017-06-15 00:30:27+00:00,2017-06-22 00:30:27+00:00,5.0,1.0,3,13.203959999999936,True,167.0,168,0.0,0.0,feasible,,0.0,103.20020054589662,0.6179652727299199,0.0,216.61802087729856,216.57288076088386,0.25942277949377074,0.2593687194741124,5.406001965835294e-05,True,True
mddnr_Camp_Tockwogh,2,2017-06-15 00:30:27+00:00,2017-06-22 00:30:27+00:00,5.0,2.0,0,13.203959999999936,True,168.0,85,0.0,0.0,feasible,,0.0,136.09820690156573,0.8101083744140818,0.0,730.3730865554762,521.4478383757586,0.8694917697089003,0.6207712361616173,0.24872053354728296,True,True
mddnr_Camp_Tockwogh,2,2017-06-15 00:30:27+00:00,2017-06-22 00:30:27+00:00,5.0,2.0,1,13.203959999999936,True,166.0,84,0.0,0.0,feasible,,0.0,134.30496305653747,0.8090660425092618,0.0,719.855493469531,514.3749905331416,0.8672957752644952,0.6197289042567972,0.24756687100769803,True,True
mddnr_Camp_Tockwogh,2,2017-06-15 00:30:27+00:00,2017-06-22 00:30:27+00:00,5.0,2.0,2,13.203959999999936,True,166.0,84,0.0,0.0,feasible,,0.0,134.37160972920228,0.8094675284891704,0.0,720.8839591506521,514.7082238964657,0.8685348905429544,0.6201303902367057,0.24840450030624872,True,True
mddnr_Camp_Tockwogh,2,2017-06-15 00:30:27+00:00,2017-06-22 00:30:27+00:00,5.0,2.0,3,13.203959999999936,True,166.0,84,0.0,0.0,feasible,,0.0,134.20726509319928,0.8084775005614414,0.0,719.1249091086154,513.8865007164508,0.8664155531429101,0.6191403623089768,0.24727519083393323,True,True
mddnr_Camp_Tockwogh,2,2017-06-15 00:30:27+00:00,2017-06-22 00:30:27+00:00,5.0,2.0,4,13.203959999999936,True,166.0,84,0.0,0.0,feasible,,0.0,134.09972159867178,0.8078296481847698,0.0,718.1978601815249,513.3487832438133,0.8652986267247288,0.6184925099323052,0.2468061167924236,True,True
mddnr_Camp_Tockwogh,2,2017-06-15 00:30:27+00:00,2017-06-22 00:30:27+00:00,5.0,2.0,5,13.203959999999936,True,166.0,84,0.0,0.0,feasible,,0.0,134.24967661216775,0.8087329916395647,0.0,719.7271940454065,514.0985583112932,0.867141197645068,0.6193958533871002,0.2477453442579678,True,True
mddnr_Camp_Tockwogh,2,2017-06-15 00:30:27+00:00,2017-06-22 00:30:27+00:00,5.0,2.0,6,13.203959999999936,True,166.0,84,0.0,0.0,feasible,,0.0,134.58972611246926,0.8107814826052365,0.0,723.2301512141486,515.7988058128005,0.8713616279688537,0.6214443443527717,0.249917283616082,True,True
mddnr_Camp_Tockwogh,2,2017-06-15 00:30:27+00:00,2017-06-22 00:30:27+00:00,5.0,2.0,7,13.203959999999936,True,166.0,84,0.0,0.0,feasible,,0.0,134.54504254784166,0.8105123045050703,0.0,722.4771529486267,515.5753879896627,0.8704544011429237,0.6211751662526056,0.2492792348903181,True,True
mddnr_Camp_Tockwogh,2,2017-06-15 00:30:27+00:00,2017-06-22 00:30:27+00:00,5.0,4.0,0,13.203959999999936,True,168.0,43,0.0,0.0,feasible,,0.0,151.8510568041707,0.9038753381200637,0.0,1813.473151326387,679.7336859548184,2.1588966087218893,0.8092067689938314,1.349689839728058,True,True
mddnr_Camp_Tockwogh,2,2017-06-15 00:30:27+00:00,2017-06-22 00:30:27+00:00,5.0,4.0,1,13.203959999999936,True,164.0,42,0.0,0.0,feasible,,0.0,148.36681116877054,0.9046756778583569,0.0,1773.2957037008832,664.2058291603422,2.162555736220589,0.8100071087321247,1.3525486274884644,True,True
mddnr_Camp_Tockwogh,2,2017-06-15 00:30:27+00:00,2017-06-22 00:30:27+00:00,5.0,4.0,2,13.203959999999936,True,164.0,42,0.0,0.0,feasible,,0.0,148.43497253854142,0.905091295966716,0.0,1775.0537148970361,664.5466360091964,2.1646996523134585,0.8104227268404834,1.3542769254729752,True,True
mddnr_Camp_Tockwogh,2,2017-06-15 00:30:27+00:00,2017-06-22 00:30:27+00:00,5.0,4.0,3,13.203959999999936,True,163.99972222222223,42,0.0,0.0,feasible,,0.0,148.39985672732516,0.9048787078202547,0.0,1774.3064646479447,664.3710569531153,2.1637920364812953,0.8102099783472584,1.353582058134037,True,True
mddnr_Camp_Tockwogh,2,2017-06-15 00:30:27+00:00,2017-06-22 00:30:27+00:00,5.0,4.0,4,13.203959999999936,True,164.0,42,0.0,0.0,feasible,,0.0,148.24033396041781,0.9039044753684014,0.0,1770.6400731879385,663.5734431185787,2.159317162424315,0.8092359062421691,1.350081256182146,True,True
mddnr_Camp_Tockwogh,2,2017-06-15 00:30:27+00:00,2017-06-22 00:30:27+00:00,5.0,4.0,5,13.203959999999936,True,164.0,42,0.0,0.0,feasible,,0.0,148.4546636009196,0.9052113634202414,0.0,1775.6123492356467,664.6450913210876,2.165380913702008,0.8105427942940093,1.3548381194079988,True,True
mddnr_Camp_Tockwogh,2,2017-06-15 00:30:27+00:00,2017-06-22 00:30:27+00:00,5.0,4.0,6,13.203959999999936,True,164.0,42,0.0,0.0,feasible,,0.0,148.65990505878528,0.9064628357243005,0.0,1780.3843418201716,665.6712986104159,2.1712004168538677,0.8117942665980682,1.3594061502557995,True,True
mddnr_Camp_Tockwogh,2,2017-06-15 00:30:27+00:00,2017-06-22 00:30:27+00:00,5.0,4.0,7,13.203959999999936,True,164.0,42,0.0,0.0,feasible,,0.0,148.6826255153757,0.9066013750937542,0.0,1780.8038255438578,665.7849008933678,2.1717119823705584,0.8119328059675217,1.3597791764030367,True,True
mddnr_Camp_Tockwogh,2,2017-06-15 00:30:27+00:00,2017-06-22 00:30:27+00:00,5.0,4.0,8,13.203959999999936,True,163.99972222222223,42,0.0,0.0,feasible,,0.0,148.7565678957928,0.9070537796047319,0.0,1782.4536930261863,666.1546127954537,2.1737276976736988,0.8123850501317357,1.3613426475419632,True,True
mddnr_Camp_Tockwogh,2,2017-06-15 00:30:27+00:00,2017-06-22 00:30:27+00:00,5.0,4.0,9,13.203959999999936,True,164.0,42,0.0,0.0,feasible,,0.0,148.50767799963035,0.9055346219489655,0.0,1776.5936859774752,664.9101633146413,2.166577665826189,0.8108660528227333,1.3557116130034559,True,True
mddnr_Camp_Tockwogh,2,2017-06-15 00:30:27+00:00,2017-06-22 00:30:27+00:00,5.0,4.0,10,13.203959999999936,True,164.0,42,0.0,0.0,feasible,,0.0,148.54781747293976,0.9057793748349985,0.0,1777.6811903821347,665.1108606811885,2.1679038907099204,0.8111108057087664,1.356793085001154,True,True
mddnr_Camp_Tockwogh,2,2017-06-15 00:30:27+00:00,2017-06-22 00:30:27+00:00,5.0,4.0,11,13.203959999999936,True,164.0,42,0.0,0.0,feasible,,0.0,148.41376677905706,0.9049619925552259,0.0,1774.4178187721852,664.4406072117748,2.163924169234372,0.8102934234289937,1.3536307458053782,True,True
mddnr_Camp_Tockwogh,2,2017-06-15 00:30:27+00:00,2017-06-22 00:30:27+00:00,5.0,4.0,12,13.203959999999936,True,164.0,42,0.0,0.0,feasible,,0.0,148.47511201185088,0.9053360488527493,0.0,1775.9606443193452,664.747333375744,2.1658056638040795,0.8106674797265171,1.3551381840775623,True,True
mddnr_Camp_Tockwogh,2,2017-06-15 00:30:27+00:00,2017-06-22 00:30:27+00:00,5.0,4.0,13,13.203959999999936,True,164.0,42,0.0,0.0,feasible,,0.0,148.42512700735224,0.9050312622399527,0.0,1774.8521113104873,664.4974083532506,2.164453794281082,0.8103626931137203,1.354091101167362,True,True
mddnr_Camp_Tockwogh,2,2017-06-15 00:30:27+00:00,2017-06-22 00:30:27+00:00,5.0,4.0,14,13.203959999999936,True,164.0,42,0.0,0.0,feasible,,0.0,148.54706012438683,0.9057747568560173,0.0,1777.7993602788886,665.1070739384237,2.168048000340108,0.811106187729785,1.356941812610323,True,True
mddnr_Camp_Tockwogh,2,2017-06-15 00:30:27+00:00,2017-06-22 00:30:27+00:00,5.0,4.0,15,13.203959999999936,True,164.0,42,0.0,0.0,feasible,,0.0,148.43194314432947,0.9050728240507895,0.0,1774.9093040701293,664.5314890381367,2.164523541548938,0.8104042549245569,1.3541192866243812,True,True
mddnr_Camp_Tockwogh,3,2017-06-22 00:45:27+00:00,2017-06-29 00:45:12+00:00,5.0,0.5,0,13.203959999999936,True,167.99583333333334,337,0.0,0.0,feasible,,0.0,22.575839634472658,0.13438333074415135,0.0,9.515821702655822,9.515821702655822,0.011328640138085752,0.011328640138085752,0.0,True,True
mddnr_Camp_Tockwogh,3,2017-06-22 00:45:27+00:00,2017-06-29 00:45:12+00:00,5.0,0.5,1,13.203959999999936,True,167.49583333333334,336,0.0,0.0,feasible,,0.0,22.35620855409988,0.13347322204492576,0.0,9.430322817800809,9.430322817800809,0.011260367055261046,0.011260367055261046,0.0,True,True
mddnr_Camp_Tockwogh,3,2017-06-22 00:45:27+00:00,2017-06-29 00:45:12+00:00,5.0,1.0,0,13.203959999999936,True,167.99583333333334,169,0.0,0.0,feasible,,0.0,89.48983967688436,0.5326908287024045,0.0,164.14805142548576,164.14805142548576,0.1954191936412936,0.1954191936412936,0.0,True,True
mddnr_Camp_Tockwogh,3,2017-06-22 00:45:27+00:00,2017-06-29 00:45:12+00:00,5.0,1.0,1,13.203959999999936,True,166.99583333333334,168,0.0,0.0,feasible,,0.0,88.95030759711436,0.5326498621050287,0.0,162.93012540945313,162.93012540945313,0.19513076722607223,0.19513076722607223,0.0,True,True
mddnr_Camp_Tockwogh,3,2017-06-22 00:45:27+00:00,2017-06-29 00:45:12+00:00,5.0,1.0,2,13.203959999999936,True,166.99583333333334,168,0.0,0.0,feasible,,0.0,89.35321702731555,0.5350625536204928,0.0,164.31751731810022,164.31751731810022,0.1967923558788595,0.1967923558788595,0.0,True,True
mddnr_Camp_Tockwogh,3,2017-06-22 00:45:27+00:00,2017-06-29 00:45:12+00:00,5.0,1.0,3,13.203959999999936,True,166.99583333333334,168,0.0,0.0,feasible,,0.0,88.91849895788805,0.5324593864590716,0.0,163.26822325369272,163.26822325369272,0.195535684926701,0.195535684926701,0.0,True,True
mddnr_Camp_Tockwogh,3,2017-06-22 00:45:27+00:00,2017-06-29 00:45:12+00:00,5.0,2.0,0,13.203959999999936,True,167.99583333333334,85,0.0,0.0,feasible,,0.0,128.4781431858318,0.7647698198020694,0.0,651.8831912426903,483.34751979708886,0.7760706659304331,0.5754279855715733,0.2006426803588598,True,True
mddnr_Camp_Tockwogh,3,2017-06-22 00:45:27+00:00,2017-06-29 00:45:12+00:00,5.0,2.0,1,13.203959999999936,True,165.99583333333334,84,0.0,0.0,feasible,,0.0,127.03327967518825,0.7652799297684475,0.0,644.9131992678093,478.0165736263956,0.777023358137876,0.5759380389584826,0.20108531917939343,True,True
mddnr_Camp_Tockwogh,3,2017-06-22 00:45:27+00:00,2017-06-29 00:45:12+00:00,5.0,2.0,2,13.203959999999936,True,165.99583333333334,84,0.0,0.0,feasible,,0.0,127.35439546166447,0.7672144107733495,0.0,648.0352950862681,479.6221525587765,0.7807850137840022,0.5778725199633844,0.20291249382061782,True,True
mddnr_Camp_Tockwogh,3,2017-06-22 00:45:27+00:00,2017-06-29 00:45:12+00:00,5.0,2.0,3,13.203959999999936,True,165.99583333333334,84,0.0,0.0,feasible,,0.0,127.3097118970367,0.7669452259165342,0.0,647.6499339903128,479.398734735638,0.7803207116527777,0.5776033351065695,0.20271737654620825,True,True
mddnr_Camp_Tockwogh,3,2017-06-22 00:45:27+00:00,2017-06-29 00:45:12+00:00,5.0,2.0,4,13.203959999999936,True,165.9961111111111,84,0.0,0.0,feasible,,0.0,127.47963575068876,0.7679676041648893,0.0,649.2709622266782,480.24835400389816,0.7822724976877108,0.5786260301995139,0.20364646748819693,True,True
mddnr_Camp_Tockwogh,3,2017-06-22 00:45:27+00:00,2017-06-29 00:45:12+00:00,5.0,2.0,5,13.203959999999936,True,165.99583333333334,84,0.0,0.0,feasible,,0.0,127.43088766551845,0.7676752187485737,0.0,648.7023735093046,480.0046135780467,0.7815887429013434,0.5783333279386089,0.20325541496273447,True,True
mddnr_Camp_Tockwogh,3,2017-06-22 00:45:27+00:00,2017-06-29 00:45:12+00:00,5.0,2.0,6,13.203959999999936,True,165.99583333333334,84,0.0,0.0,feasible,,0.0,127.48163001857003,0.7679809032469893,0.0,649.3740402975952,480.2583253433047,0.7823980003083554,0.5786390124370246,0.20375898787133073,True,True
mddnr_Camp_Tockwogh,3,2017-06-22 00:45:27+00:00,2017-06-29 00:45:12+00:00,5.0,2.0,7,13.203959999999936,True,165.99583333333334,84,0.0,0.0,feasible,,0.0,127.07644854270978,0.765539989714861,0.0,645.6423163922683,478.23241796400345,0.777901834554805,0.5761980989048963,0.20170373564990873,True,True
mddnr_Camp_Tockwogh,3,2017-06-22 00:45:27+00:00,2017-06-29 00:45:12+00:00,5.0,4.0,0,13.203959999999936,True,167.99583333333334,43,0.0,0.0,feasible,,0.0,148.0131917621682,0.881052754853056,0.0,1723.0199836494178,660.5443607448062,2.051265140880777,0.7863818377378083,1.2648833031429687,True,True
mddnr_Camp_Tockwogh,3,2017-06-22 00:45:27+00:00,2017-06-29 00:45:12+00:00,5.0,4.0,1,13.203959999999936,True,163.99583333333334,42,0.0,0.0,feasible,,0.0,144.60771037628098,0.8817767344268765,0.0,1684.7464669827984,645.4103251978943,2.054621062912531,0.7871057600421485,1.2675153028703827,True,True
mddnr_Camp_Tockwogh,3,2017-06-22 00:45:27+00:00,2017-06-29 00:45:12+00:00,5.0,4.0,2,13.203959999999936,True,163.99583333333334,42,0.0,0.0,feasible,,0.0,145.0227373833304,0.8843074512055513,0.0,1694.2692104681296,647.4854602331415,2.0662344597797255,0.7896364768208234,1.276597982958902,True,True
mddnr_Camp_Tockwogh,3,2017-06-22 00:45:27+00:00,2017-06-29 00:45:12+00:00,5.0,4.0,3,13.203959999999936,True,163.99583333333334,42,0.0,0.0,feasible,,0.0,145.14088375759985,0.8850278742301371,0.0,1697.0961664637584,648.0761921044889,2.0696820546828016,0.7903568998454092,1.2793251548373923,True,True
mddnr_Camp_Tockwogh,3,2017-06-22 00:45:27+00:00,2017-06-29 00:45:12+00:00,5.0,4.0,4,13.203959999999936,True,163.99583333333334,42,0.0,0.0,feasible,,0.0,145.29841225662605,0.8859884382629196,0.0,1700.8334794283323,648.8638345996196,2.0742398692182205,0.7913174638781915,1.282922405340029,True,True
mddnr_Camp_Tockwogh,3,2017-06-22 00:45:27+00:00,2017-06-29 00:45:12+00:00,5.0,4.0,5,13.203959999999936,True,163.99583333333334,42,0.0,0.0,feasible,,0.0,145.3324929415115,0.8861962525969349,0.0,1701.7428271283222,649.0342380240469,2.0753488580034927,0.7915252782122068,1.283823579791286,True,True
mddnr_Camp_Tockwogh,3,2017-06-22 00:45:27+00:00,2017-06-29 00:45:12+00:00,5.0,4.0,6,13.203959999999936,True,163.99583333333334,42,0.0,0.0,feasible,,0.0,145.19238345920456,0.8853419047793158,0.0,1698.6563314857701,648.3336906125127,2.071584743294214,0.7906709303945884,1.2809138128996254,True,True
mddnr_Camp_Tockwogh,3,2017-06-22 00:45:27+00:00,2017-06-29 00:45:12+00:00,5.0,4.0,7,13.203959999999936,True,163.99583333333334,42,0.0,0.0,feasible,,0.0,145.05606071966275,0.8845106474432547,0.0,1695.6190537784234,647.6520769148032,2.0678806519821213,0.7898396730585266,1.2780409789235947,True,True
mddnr_Camp_Tockwogh,3,2017-06-22 00:45:27+00:00,2017-06-29 00:45:12+00:00,5.0,4.0,8,13.203959999999936,True,163.99583333333334,42,0.0,0.0,feasible,,0.0,144.96290684764256,0.8839426215969464,0.0,1693.3079894734733,647.1863075547024,2.0650622092717477,0.7892716472122185,1.2757905620595291,True,True
mddnr_Camp_Tockwogh,3,2017-06-22 00:45:27+00:00,2017-06-29 00:45:12+00:00,5.0,4.0,9,13.203959999999936,True,163.99583333333334,42,0.0,0.0,feasible,,0.0,144.9659362418546,0.8839610939821921,0.0,1693.3498861838277,647.2014545257624,2.0651133041191017,0.7892901195974642,1.2758231845216375,True,True
mddnr_Camp_Tockwogh,3,2017-06-22 00:45:27+00:00,2017-06-29 00:45:12+00:00,5.0,4.0,10,13.203959999999936,True,163.99583333333334,42,0.0,0.0,feasible,,0.0,144.86520888430422,0.883346887172769,0.0,1690.9856609501546,646.6978177380104,2.0622300293606903,0.7886759127880407,1.2735541165726496,True,True
mddnr_Camp_Tockwogh,3,2017-06-22 00:45:27+00:00,2017-06-29 00:45:12+00:00,5.0,4.0,11,13.203959999999936,True,163.99583333333334,42,0.0,0.0,feasible,,0.0,144.67890114026386,0.8822108354801526,0.0,1686.733210942834,645.7662790178086,2.0570439829583074,0.7875398610954245,1.2695041218628829,True,True
mddnr_Camp_Tockwogh,3,2017-06-22 00:45:27+00:00,2017-06-29 00:45:12+00:00,5.0,4.0,12,13.203959999999936,True,163.9961111111111,42,0.0,0.0,feasible,,0.0,144.6905391463368,0.8822803063196154,0.0,1686.8875938096664,645.8244690481733,2.0572287749759646,0.7876094922892563,1.2696192826867083,True,True
mddnr_Camp_Tockwogh,3,2017-06-22 00:45:27+00:00,2017-06-29 00:45:12+00:00,5.0,4.0,13,13.203959999999936,True,163.99583333333334,42,0.0,0.0,feasible,,0.0,144.55772537178237,0.881471940070321,0.0,1683.6071105984445,645.1604001754013,2.0532315686050286,0.7868009656855931,1.2664306029194354,True,True
mddnr_Camp_Tockwogh,3,2017-06-22 00:45:27+00:00,2017-06-29 00:45:12+00:00,5.0,4.0,14,13.203959999999936,True,163.99583333333334,42,0.0,0.0,feasible,,0.0,144.73343023608066,0.8825433384145775,0.0,1687.611848380526,646.0389244968925,2.058115519252655,0.7878723640298493,1.2702431552228057,True,True
mddnr_Camp_Tockwogh,3,2017-06-22 00:45:27+00:00,2017-06-29 00:45:12+00:00,5.0,4.0,15,13.203959999999936,True,163.99583333333334,42,0.0,0.0,feasible,,0.0,144.46381415120902,0.8808992961277005,0.0,1681.532777852029,644.6908440725346,2.0507018302522266,0.7862283217429725,1.264473508509254,True,True
mddnr_Greys_Creek,0,2018-06-01 00:00:00+00:00,2018-06-08 00:00:00+00:00,5.0,0.5,0,13.203959999999936,False,168.0,337,21.38833791998593,14.553026572085415,infeasible,max_replacements=0 is infeasible; k_min(L)=3,,,,,,,,,,,
mddnr_Greys_Creek,0,2018-06-01 00:00:00+00:00,2018-06-08 00:00:00+00:00,5.0,0.5,1,13.203959999999936,False,167.5,336,21.38833791998593,14.553026572085415,infeasible,max_replacements=0 is infeasible; k_min(L)=2,,,,,,,,,,,
mddnr_Greys_Creek,0,2018-06-01 00:00:00+00:00,2018-06-08 00:00:00+00:00,5.0,1.0,0,13.203959999999936,False,168.0,169,21.38833791998593,14.553026572085415,feasible,,2.3508099085425807,101.89929384820896,0.5925504996408713,1.3848572700917061,280.9979225670154,269.8938729493859,0.33287269678205206,0.3196535900943979,0.013219106687654136,True,True
mddnr_Greys_Creek,0,2018-06-01 00:00:00+00:00,2018-06-08 00:00:00+00:00,5.0,1.0,1,13.203959999999936,False,167.0,168,21.38833791998593,14.553026572085415,feasible,,2.681013877654948,100.44382745782286,0.5854060693423229,1.4163932638390533,280.5606305848522,268.1080357308543,0.3343044758335487,0.3193911885832518,0.014913287250296947,True,True
mddnr_Greys_Creek,0,2018-06-01 00:00:00+00:00,2018-06-08 00:00:00+00:00,5.0,1.0,2,13.203959999999936,False,167.0,168,21.38833791998593,14.553026572085415,feasible,,2.3068836924680687,100.19874643667487,0.5861788188275856,1.274307101808855,277.2960840034033,265.977980838232,0.3305650022773586,0.31701038770829115,0.013554614569067425,True,True
mddnr_Greys_Creek,0,2018-06-01 00:00:00+00:00,2018-06-08 00:00:00+00:00,5.0,1.0,3,13.203959999999936,False,167.0,168,21.38833791998593,14.553026572085415,feasible,,1.9872826030978794,100.11952474863585,0.5876182164403472,1.118649253708712,272.39849603134036,262.3863953624202,0.3248860440450678,0.3128955043218102,0.011990539723257643,True,True
mddnr_Greys_Creek,0,2018-06-01 00:00:00+00:00,2018-06-08 00:00:00+00:00,5.0,2.0,0,13.203959999999936,False,168.0,85,21.38833791998593,14.553026572085415,feasible,,1.1981254108616195,129.15483536757137,0.7616470830756532,0.8041299731293128,733.8622929677414,496.60148604921403,0.8726882892793001,0.5902349477096247,0.2824533415696754,True,True
mddnr_Greys_Creek,0,2018-06-01 00:00:00+00:00,2018-06-08 00:00:00+00:00,5.0,2.0,1,13.203959999999936,False,166.0,84,21.38833791998593,14.553026572085415,feasible,,1.1042141902884146,126.31660804788854,0.7542915292626513,0.6089309570765412,715.6191345998593,485.04903622634333,0.8614580766780516,0.5836627774328516,0.2777952992452001,True,True
mddnr_Greys_Creek,0,2018-06-01 00:00:00+00:00,2018-06-08 00:00:00+00:00,5.0,2.0,2,13.203959999999936,False,166.0,84,21.38833791998593,14.553026572085415,feasible,,1.2178164732398857,127.84342273075644,0.7628048569729913,0.7086207471092285,724.2453780601543,492.89292053971604,0.8717310329072833,0.5929931322802492,0.2787379006270341,True,True
mddnr_Greys_Creek,0,2018-06-01 00:00:00+00:00,2018-06-08 00:00:00+00:00,5.0,2.0,3,13.203959999999936,False,166.0,84,21.38833791998593,14.553026572085415,feasible,,0.9497150854743599,127.80388307750071,0.764181734891725,0.45830947685391343,717.49687030048,489.8917596820327,0.8639018805103928,0.5896788556688901,0.27422302484150274,True,True
mddnr_Greys_Creek,0,2018-06-01 00:00:00+00:00,2018-06-08 00:00:00+00:00,5.0,2.0,4,13.203959999999936,False,166.0,84,21.38833791998593,14.553026572085415,feasible,,1.1526844976810053,128.84902408065435,0.769255057728755,0.580727296962435,727.784504525364,495.20145992347557,0.8761491291908453,0.5959285935259194,0.2802205356649259,True,True
mddnr_Greys_Creek,0,2018-06-01 00:00:00+00:00,2018-06-08 00:00:00+00:00,5.0,2.0,5,13.203959999999936,False,166.0,84,21.38833791998593,14.553026572085415,feasible,,1.5767996873665016,128.02351415787373,0.7617271956054652,0.8074623067625234,728.592838691782,492.78896152766174,0.8768498510662885,0.5927487942420472,0.28410105682424136,True,True
mddnr_Greys_Creek,0,2018-06-01 00:00:00+00:00,2018-06-08 00:00:00+00:00,5.0,2.0,6,13.203959999999936,False,166.0,84,21.38833791998593,14.553026572085415,feasible,,1.0890672192281698,126.29145801714012,0.7542312698669394,0.5656863546996375,715.5207646624751,483.43512036800934,0.8613916606117776,0.5817704024256743,0.2796212581861033,True,True
mddnr_Greys_Creek,0,2018-06-01 00:00:00+00:00,2018-06-08 00:00:00+00:00,5.0,2.0,7,13.203959999999936,False,166.0,84,21.38833791998593,14.553026572085415,feasible,,1.0375675176234724,127.12454142545091,0.759560083782093,0.6603397768547954,717.0308091642754,487.2062646610845,0.8630969510691815,0.586199909499072,0.2768970415701095,True,True
mddnr_Greys_Creek,0,2018-06-01 00:00:00+00:00,2018-06-08 00:00:00+00:00,5.0,4.0,0,13.203959999999936,False,168.0,43,21.38833791998593,14.553026572085415,feasible,,0.581643688711595,148.70048682364984,0.8816597805651085,0.46119497484091304,1783.1402945410837,666.4278595209311,2.1222370232931462,0.7928174577929644,1.329419565500182,True,True
mddnr_Greys_Creek,0,2018-06-01 00:00:00+00:00,2018-06-08 00:00:00+00:00,5.0,4.0,1,13.203959999999936,False,164.0,42,21.38833791998593,14.553026572085415,feasible,,0.5043941363045774,144.67019288152937,0.8790597484464927,0.31186856064394,1731.0225862833772,647.9328398450155,2.110622826491138,0.7897816722980141,1.3208411541931238,True,True
mddnr_Greys_Creek,0,2018-06-01 00:00:00+00:00,2018-06-08 00:00:00+00:00,5.0,4.0,2,13.203959999999936,False,164.0,42,21.38833791998593,14.553026572085415,feasible,,0.5907318713476819,146.19322082163228,0.8878200545749061,0.3646027403899921,1759.8902877153732,655.9269340409994,2.1457630304572968,0.7994662576836701,1.3462967727736266,True,True
mddnr_Greys_Creek,0,2018-06-01 00:00:00+00:00,2018-06-08 00:00:00+00:00,5.0,4.0,3,13.203959999999936,False,164.0,42,21.38833791998593,14.553026572085415,feasible,,0.6740402121787596,146.99828233348168,0.89222098854453,0.36606442309730525,1776.472004609394,660.3673216216945,2.1659828538857275,0.8048795819495087,1.3611032719362188,True,True
mddnr_Greys_Creek,0,2018-06-01 00:00:00+00:00,2018-06-08 00:00:00+00:00,5.0,4.0,4,13.203959999999936,False,164.0,42,21.38833791998593,14.553026572085415,feasible,,0.40442412730726307,146.9838927109745,0.8937772474613855,0.19878127470849632,1766.0598006190758,659.1145762331895,2.1534890479809357,0.8035558475103427,1.349933200470593,True,True
mddnr_Greys_Creek,0,2018-06-01 00:00:00+00:00,2018-06-08 00:00:00+00:00,5.0,4.0,5,13.203959999999936,False,164.0,42,21.38833791998593,14.553026572085415,feasible,,0.6073935395139047,145.08597723713186,0.8809669737659631,0.28108991544959644,1733.1514951107304,650.5575372842687,2.1132565917015618,0.7930200577668527,1.320236533934709,True,True
mddnr_Greys_Creek,0,2018-06-01 00:00:00+00:00,2018-06-08 00:00:00+00:00,5.0,4.0,6,13.203959999999936,False,164.0,42,21.38833791998593,14.553026572085415,feasible,,0.3362627575363879,143.60763286165653,0.8736059152690252,0.16051245232492584,1698.089892227957,641.930738960129,2.0706455850922345,0.782646617692444,1.2879989673997905,True,True
mddnr_Greys_Creek,0,2018-06-01 00:00:00+00:00,2018-06-08 00:00:00+00:00,5.0,4.0,7,13.203959999999936,False,164.0,42,21.38833791998593,14.553026572085415,feasible,,0.4135123099434028,144.52553930790447,0.878731871938787,0.2278028712598555,1717.530981779879,646.8392285344693,2.0942721694007553,0.7885505191014749,1.3057216502992803,True,True
mddnr_Greys_Creek,0,2018-06-01 00:00:00+00:00,2018-06-08 00:00:00+00:00,5.0,4.0,8,13.203959999999936,False,164.0,42,21.38833791998593,14.553026572085415,feasible,,0.6164817221500081,145.69109873098668,0.8846013232246138,0.34293499828836865,1747.3430070662328,653.5667405838847,2.1304878927657858,0.7966143970556053,1.3338734957101805,True,True
mddnr_Greys_Creek,0,2018-06-01 00:00:00+00:00,2018-06-08 00:00:00+00:00,5.0,4.0,9,13.203959999999936,False,164.0,42,21.38833791998593,14.553026572085415,feasible,,0.5998200539838034,144.7073029606269,0.8787041640648969,0.29706239643258653,1729.3091938617106,648.6103259931105,2.108551379835705,0.7906259312154608,1.3179254486202443,True,True
mddnr_Greys_Creek,0,2018-06-01 00:00:00+00:00,2018-06-08 00:00:00+00:00,5.0,4.0,10,13.203959999999936,False,164.0,42,21.38833791998593,14.553026572085415,feasible,,0.6270846018921499,144.81484645515425,0.8791936698369641,0.34401800671919025,1733.0800359121256,649.2374105950026,2.113092704762691,0.7913334055954676,1.3217592991672231,True,True
mddnr_Greys_Creek,0,2018-06-01 00:00:00+00:00,2018-06-08 00:00:00+00:00,5.0,4.0,11,13.203959999999936,False,164.0,42,21.38833791998593,14.553026572085415,feasible,,0.2756748732955594,144.0052408519868,0.8763997925529953,0.09224505375658433,1704.8414969738074,643.6841068891447,2.0789625023415255,0.7848681241894978,1.2940943781520278,True,True
mddnr_Greys_Creek,0,2018-06-01 00:00:00+00:00,2018-06-08 00:00:00+00:00,5.0,4.0,12,13.203959999999936,False,164.0,42,21.38833791998593,14.553026572085415,feasible,,0.748260370373734,144.93905161784798,0.8792121417528916,0.3819460222539164,1742.7503818386517,650.426387235344,2.1248395558736557,0.7927371234305977,1.3321024324430581,True,True
mddnr_Greys_Creek,0,2018-06-01 00:00:00+00:00,2018-06-08 00:00:00+00:00,5.0,4.0,13,13.203959999999936,False,164.0,42,21.38833791998593,14.553026572085415,feasible,,0.9694061478525642,145.95617072454013,0.884065637662729,0.5263723913128744,1766.7448097981392,656.4732852871401,2.153924923666861,0.7999352596290576,1.3539896640378035,True,True
mddnr_Greys_Creek,0,2018-06-01 00:00:00+00:00,2018-06-08 00:00:00+00:00,5.0,4.0,14,13.203959999999936,False,164.0,42,21.38833791998593,14.553026572085415,feasible,,0.7528044616918312,145.721392673107,0.8839548061671657,0.4051739023747633,1757.6746707489465,654.3375850881092,2.1430115815202093,0.7974785502265055,1.3455330312937037,True,True
mddnr_Greys_Creek,0,2018-06-01 00:00:00+00:00,2018-06-08 00:00:00+00:00,5.0,4.0,15,13.203959999999936,False,164.0,42,21.38833791998593,14.553026572085415,feasible,,0.6240552076801094,145.79258343709,0.8851739526183531,0.43253690559499774,1753.0228981595117,654.0224296347452,2.1373053186023374,0.7970608447916465,1.340244473810691,True,True
mddnr_Greys_Creek,1,2018-06-20 03:45:00+00:00,2018-06-27 03:45:00+00:00,5.0,0.5,0,13.203959999999936,False,168.0,337,65.08008982376812,161.63566950579983,feasible,,44.19289970584589,87.64292076013555,0.25863107770410515,80.26738778490731,290.7131951355422,268.5945282501153,0.2505307230364701,0.22419897674429518,0.02633174629217494,True,True
mddnr_Greys_Creek,1,2018-06-20 03:45:00+00:00,2018-06-27 03:45:00+00:00,5.0,0.5,1,13.203959999999936,False,167.5,336,65.08008982376812,161.63566950579983,infeasible,max_replacements=0 is infeasible; k_min(L)=1,,,,,,,,,,,
mddnr_Greys_Creek,1,2018-06-20 03:45:00+00:00,2018-06-27 03:45:00+00:00,5.0,1.0,0,13.203959999999936,False,168.0,169,65.08008982376812,161.63566950579983,feasible,,26.07854007434148,109.07122711671329,0.49400408953792746,44.17470970829993,481.66077318461834,385.3579409103626,0.5208167422337124,0.40617051333578885,0.11464622889792359,True,True
mddnr_Greys_Creek,1,2018-06-20 03:45:00+00:00,2018-06-27 03:45:00+00:00,5.0,1.0,1,13.203959999999936,False,167.0,168,65.08008982376812,161.63566950579983,feasible,,23.921611395369514,109.74738184605194,0.5139267691657631,40.221562319183356,465.65305497287005,378.13916720929075,0.5094987935972296,0.40469174238336214,0.10480705121386746,True,True
mddnr_Greys_Creek,1,2018-06-20 03:45:00+00:00,2018-06-27 03:45:00+00:00,5.0,1.0,2,13.203959999999936,False,167.0,168,65.08008982376812,161.63566950579983,feasible,,23.577775152302916,107.55184353784747,0.5028387328475722,39.37203687378652,458.5097021906742,372.0810384902092,0.5019612758286081,0.3984538941514044,0.10350738167720364,True,True
mddnr_Greys_Creek,1,2018-06-20 03:45:00+00:00,2018-06-27 03:45:00+00:00,5.0,1.0,3,13.203959999999936,False,167.0,168,65.08008982376812,161.63566950579983,feasible,,25.66199837018601,107.51940478462505,0.490164110266102,44.180397395932886,469.3748335727139,375.3771605447445,0.5092148936248874,0.39664283011833734,0.11257206350655002,True,True
mddnr_Greys_Creek,1,2018-06-20 03:45:00+00:00,2018-06-27 03:45:00+00:00,5.0,2.0,0,13.203959999999936,False,168.0,85,65.08008982376812,161.63566950579983,feasible,,12.379619447499188,138.5406559850224,0.7509585508185905,21.51594673113251,957.5074261096154,574.0518816055769,1.11427557068867,0.657780874850529,0.45649469583814095,True,True
mddnr_Greys_Creek,1,2018-06-20 03:45:00+00:00,2018-06-27 03:45:00+00:00,5.0,2.0,1,13.203959999999936,False,166.0,84,65.08008982376812,161.63566950579983,feasible,,11.944901378071458,135.5462573349205,0.7445864816677653,20.36292142660228,932.3158313242936,560.0188594151433,1.0987384456598692,0.6501878770946278,0.44855056856524145,True,True
mddnr_Greys_Creek,1,2018-06-20 03:45:00+00:00,2018-06-27 03:45:00+00:00,5.0,2.0,2,13.203959999999936,False,166.0,84,65.08008982376812,161.63566950579983,feasible,,10.951260076522496,135.22211215423232,0.7486195908295772,18.408129076428377,915.5232135035791,555.5312979019006,1.0808615475025911,0.6471363479824966,0.4337251995200945,True,True
mddnr_Greys_Creek,1,2018-06-20 03:45:00+00:00,2018-06-27 03:45:00+00:00,5.0,2.0,3,13.203959999999936,False,166.0,84,65.08008982376812,161.63566950579983,feasible,,13.280864225580835,133.73392224756796,0.7256208314577537,22.199855194956637,928.9887473737215,555.8169007238415,1.0925167375647769,0.6429121030468493,0.44960463451792754,True,True
mddnr_Greys_Creek,1,2018-06-20 03:45:00+00:00,2018-06-27 03:45:00+00:00,5.0,2.0,4,13.203959999999936,False,166.0,84,65.08008982376812,161.63566950579983,feasible,,13.698920626842318,133.0409483215639,0.7189278776790455,22.658762977167545,928.527881860648,553.9849520721947,1.0914085769680488,0.6401520350542497,0.45125654191379916,True,True
mddnr_Greys_Creek,1,2018-06-20 03:45:00+00:00,2018-06-27 03:45:00+00:00,5.0,2.0,5,13.203959999999936,False,166.0,84,65.08008982376812,161.63566950579983,feasible,,11.976710017297876,135.48415475357376,0.7440207514233487,19.85864089258081,923.0216283730583,560.3835487294406,1.0881481776873223,0.6512348287191081,0.4369133489682142,True,True
mddnr_Greys_Creek,1,2018-06-20 03:45:00+00:00,2018-06-27 03:45:00+00:00,5.0,2.0,6,13.203959999999936,False,166.0,84,65.08008982376812,161.63566950579983,feasible,,12.62651507578027,133.4968721504759,0.7281346811728652,20.96390779735756,916.3632975692682,552.5456551250367,1.078794445508326,0.6404599365393724,0.43833450896895365,True,True
mddnr_Greys_Creek,1,2018-06-20 03:45:00+00:00,2018-06-27 03:45:00+00:00,5.0,2.0,7,13.203959999999936,False,166.0,84,65.08008982376812,161.63566950579983,feasible,,12.381134144605195,135.34858936258496,0.7407678025179504,21.98054220097626,928.6139569623614,559.5353982413745,1.0923294153751628,0.6476564530607207,0.4446729623144421,True,True
mddnr_Greys_Creek,1,2018-06-20 03:45:00+00:00,2018-06-27 03:45:00+00:00,5.0,4.0,0,13.203959999999936,False,168.0,43,65.08008982376812,161.63566950579983,feasible,,6.953974413736537,152.74700014238138,0.8678156293371716,13.114830702304623,2029.5438491868076,705.8684440122499,2.400510736291075,0.8247066825118397,1.5758040537792353,True,True
mddnr_Greys_Creek,1,2018-06-20 03:45:00+00:00,2018-06-27 03:45:00+00:00,5.0,4.0,1,13.203959999999936,False,164.0,42,65.08008982376812,161.63566950579983,feasible,,6.2617578362854704,148.11991554048922,0.8649887664890472,11.003668596390703,1943.446310635766,683.2764716039723,2.3566373683407016,0.8198448817165628,1.536792486624139,True,True
mddnr_Greys_Creek,1,2018-06-20 03:45:00+00:00,2018-06-27 03:45:00+00:00,5.0,4.0,2,13.203959999999936,False,164.0,42,65.08008982376812,161.63566950579983,feasible,,5.748275517344845,148.71670620026094,0.8717587236763177,9.53332939512096,1944.8756554686797,685.1633525093974,2.360173568382389,0.823939052578386,1.536234515804003,True,True
mddnr_Greys_Creek,1,2018-06-20 03:45:00+00:00,2018-06-27 03:45:00+00:00,5.0,4.0,3,13.203959999999936,False,164.0,42,65.08008982376812,161.63566950579983,feasible,,7.267516714682623,147.99495302924262,0.8580941238692683,12.718199691607753,1966.8574452196358,685.9659223445079,2.3830966408878393,0.8210338081132929,1.5620628327745465,True,True
mddnr_Greys_Creek,1,2018-06-20 03:45:00+00:00,2018-06-27 03:45:00+00:00,5.0,4.0,4,13.203959999999936,False,164.0,42,65.08008982376812,161.63566950579983,feasible,,7.0387974516736325,148.1274890260194,0.8602968998435716,12.087850917452121,1965.4057153295128,686.1153547875026,2.3820949566000738,0.8219847608171348,1.560110195782939,True,True
mddnr_Greys_Creek,1,2018-06-20 03:45:00+00:00,2018-06-27 03:45:00+00:00,5.0,4.0,5,13.203959999999936,False,164.0,42,65.08008982376812,161.63566950579983,feasible,,6.0133475108982575,149.31425420858585,0.8737860164493146,9.270703637393636,1965.880012025351,689.7390782765164,2.386108912668241,0.8298394812672228,1.5562694314010184,True,True
mddnr_Greys_Creek,1,2018-06-20 03:45:00+00:00,2018-06-27 03:45:00+00:00,5.0,4.0,6,13.203959999999936,False,164.0,42,65.08008982376812,161.63566950579983,feasible,,5.946700838233397,148.0782613700738,0.8666558569014658,9.569613964295563,1936.3228962812877,682.9269703937299,2.3496991247768197,0.8211675078407736,1.5285316169360461,True,True
mddnr_Greys_Creek,1,2018-06-20 03:45:00+00:00,2018-06-27 03:45:00+00:00,5.0,4.0,7,13.203959999999936,False,164.0,42,65.08008982376812,161.63566950579983,feasible,,5.717981575224408,149.1650565436429,0.8746772863927956,9.29758193753995,1955.1742566761977,687.4893819732857,2.3730203350471437,0.8270631707752998,1.545957164271844,True,True
mddnr_Greys_Creek,1,2018-06-20 03:45:00+00:00,2018-06-27 03:45:00+00:00,5.0,4.0,8,13.203959999999936,False,164.0,42,64.83008982376812,161.62566950579983,feasible,,5.4195862453385955,150.1647566336159,0.8825925023675445,8.4008736772908,1971.9593377579363,691.8926140339712,2.3945834927812752,0.8335265126300981,1.561056980151177,True,True
mddnr_Greys_Creek,1,2018-06-20 03:45:00+00:00,2018-06-27 03:45:00+00:00,5.0,4.0,9,13.203959999999936,False,164.0,42,64.80539846574342,161.62468185147884,feasible,,5.683143541785982,150.09508056673903,0.8805605916155673,9.359252830211618,1979.0413135591348,691.903641028903,2.4020512935718576,0.8323712051203553,1.5696800884515023,True,True
mddnr_Greys_Creek,1,2018-06-20 03:45:00+00:00,2018-06-27 03:45:00+00:00,5.0,4.0,10,13.203959999999936,False,164.0,42,64.80539846574342,161.62468185147884,feasible,,5.202984559177707,149.1143141905912,0.8775081075086187,8.874799681307707,1942.7308505010812,685.0834673840266,2.3583610375850896,0.8246447167106328,1.5337163208744569,True,True
mddnr_Greys_Creek,1,2018-06-20 03:45:00+00:00,2018-06-27 03:45:00+00:00,5.0,4.0,11,13.203959999999936,False,164.0,42,64.80539846574342,161.62468185147884,feasible,,6.0133475108983045,148.31076737584777,0.8676671942984723,9.481655503349105,1941.7553013325005,684.5106922468708,2.356431275401404,0.8232061423701484,1.5332251330312556,True,True
mddnr_Greys_Creek,1,2018-06-20 03:45:00+00:00,2018-06-27 03:45:00+00:00,5.0,4.0,12,13.203959999999936,False,164.0,42,64.56224778081192,161.45204486517747,feasible,,6.5525796806412755,147.43602979712142,0.859045427539513,10.494556178600957,1934.7499438033944,681.8202645267021,2.346652911737553,0.8186898882293916,1.5279630235081616,True,True
mddnr_Greys_Creek,1,2018-06-20 03:45:00+00:00,2018-06-27 03:45:00+00:00,5.0,4.0,13,13.203959999999936,False,164.0,42,64.31224778081192,161.04579486517747,feasible,,5.824767721198772,148.66672119576248,0.870987521186364,10.461123026728288,1942.3264843866743,684.3680948745679,2.3559333675121295,0.8218377705461458,1.5340955969659835,True,True
mddnr_Greys_Creek,1,2018-06-20 03:45:00+00:00,2018-06-27 03:45:00+00:00,5.0,4.0,14,13.203959999999936,False,164.0,42,64.06224778081192,160.6457948651775,feasible,,6.576057485784642,147.8821080948442,0.8616222598113388,11.323220458105126,1944.589810328286,683.3393807615287,2.357642182768513,0.8195319028090532,1.5381102799594597,True,True
mddnr_Greys_Creek,1,2018-06-20 03:45:00+00:00,2018-06-27 03:45:00+00:00,5.0,4.0,15,13.203959999999936,False,164.0,42,63.812247780811916,160.43704486517748,feasible,,6.640432112790422,148.5955304317795,0.865579867798714,12.679552194947528,1962.3572765581132,685.8720338443917,2.3776557614184948,0.8209664410359075,1.5566893203825871,True,True
mddnr_Greys_Creek,2,2018-06-27 04:00:00+00:00,2018-07-04 04:00:00+00:00,5.0,0.5,0,13.203959999999936,False,168.0,337,42.87203571686634,56.74945258522435,feasible,,16.976725164269,64.18879639138534,0.2810242334947401,14.690759438835226,145.49662433985625,144.98062950785894,0.15572126773931075,0.1551069881774092,0.0006142795619015484,True,True
mddnr_Greys_Creek,2,2018-06-27 04:00:00+00:00,2018-07-04 04:00:00+00:00,5.0,0.5,1,13.203959999999936,False,167.5,336,42.87203571686634,56.74945258522435,feasible,,18.037163093496265,62.283772444024216,0.2641588617941967,16.64123272260004,145.93270841912525,145.1836154725774,0.1543778814286868,0.1534834420895252,0.0008944393391616123,True,True
mddnr_Greys_Creek,2,2018-06-27 04:00:00+00:00,2018-07-04 04:00:00+00:00,5.0,1.0,0,13.203959999999936,False,168.0,169,42.87203571686634,56.74945258522435,feasible,,8.438377577635826,91.60268283151377,0.4950256265111783,7.604877627620892,292.7480153816257,264.9491413934286,0.33945611637381523,0.3063622187688187,0.033093897604996536,True,True
mddnr_Greys_Creek,2,2018-06-27 04:00:00+00:00,2018-07-04 04:00:00+00:00,5.0,1.0,1,13.203959999999936,False,167.0,168,42.87203571686634,56.74945258522435,feasible,,8.904904286290009,89.62813277228919,0.48337262566466577,8.181765167419659,291.109661148412,262.6295050599962,0.3388358035700507,0.3047278322066785,0.034107971363372236,True,True
mddnr_Greys_Creek,2,2018-06-27 04:00:00+00:00,2018-07-04 04:00:00+00:00,5.0,1.0,2,13.203959999999936,False,167.0,168,42.87203571686634,56.74945258522435,feasible,,8.53834758663326,91.89109024868264,0.4991182195332298,7.085881811214472,295.8058984287427,267.9659163850531,0.3457724749910518,0.3124311791303457,0.03334129586070611,True,True
mddnr_Greys_Creek,2,2018-06-27 04:00:00+00:00,2018-07-04 04:00:00+00:00,5.0,1.0,3,13.203959999999936,False,167.0,168,42.87203571686634,56.74945258522435,feasible,,9.19118203932763,88.8082393463778,0.47674884615000107,8.470928418444078,290.3921862331893,261.0263270132589,0.33763024887993437,0.302461555203371,0.03516869367656339,True,True
mddnr_Greys_Creek,2,2018-06-27 04:00:00+00:00,2018-07-04 04:00:00+00:00,5.0,2.0,0,13.203959999999936,False,168.0,85,42.87203571686634,56.74945258522435,feasible,,4.241151896855175,125.39081305911226,0.7211289354896255,3.7644312766775783,720.5157477494874,486.16210294547795,0.8532753767533451,0.5742829424628576,0.2789924342904875,True,True
mddnr_Greys_Creek,2,2018-06-27 04:00:00+00:00,2018-07-04 04:00:00+00:00,5.0,2.0,1,13.203959999999936,False,166.0,84,42.87203571686634,56.74945258522435,feasible,,4.142696584963868,122.64709678005664,0.713881928886101,3.7755264329790843,707.8217608787611,476.23528498468465,0.848248475235882,0.569228624761091,0.27901985047479094,True,True
mddnr_Greys_Creek,2,2018-06-27 04:00:00+00:00,2018-07-04 04:00:00+00:00,5.0,2.0,2,13.203959999999936,False,166.0,84,42.87203571686634,56.74945258522435,feasible,,3.9306389901211523,122.80916937040074,0.7161357251824071,3.4078034165508155,708.7704714474088,475.60505889542037,0.8498345397962145,0.5689123559986381,0.2809221837975764,True,True
mddnr_Greys_Creek,2,2018-06-27 04:00:00+00:00,2018-07-04 04:00:00+00:00,5.0,2.0,3,13.203959999999936,False,166.0,84,42.87203571686634,56.74945258522435,feasible,,4.169961132872356,123.45367298901215,0.7185765774466253,3.850170706363949,714.6778877225279,478.93507602046486,0.8564189361640528,0.5723914521856638,0.28402748397838906,True,True
mddnr_Greys_Creek,2,2018-06-27 04:00:00+00:00,2018-07-04 04:00:00+00:00,5.0,2.0,4,13.203959999999936,False,166.0,84,42.87203571686634,56.74945258522435,feasible,,4.197225680780655,123.48472427968554,0.7185993891500294,3.8404463509432563,718.0080079440362,479.9714268211639,0.8604428452928831,0.573651783699061,0.28679106159382206,True,True
mddnr_Greys_Creek,2,2018-06-27 04:00:00+00:00,2018-07-04 04:00:00+00:00,5.0,2.0,5,13.203959999999936,False,166.0,84,42.87203571686634,56.74945258522435,feasible,,4.762207701326098,123.55970178643352,0.7156475547295628,4.406238734440492,717.9933030373279,481.01990584424533,0.8597434509673342,0.5742333338672347,0.28551011710009944,True,True
mddnr_Greys_Creek,2,2018-06-27 04:00:00+00:00,2018-07-04 04:00:00+00:00,5.0,2.0,6,13.203959999999936,False,166.0,84,42.87203571686634,56.74945258522435,feasible,,4.6077085965119595,124.87445887445872,0.7244984956502818,3.678078394663398,731.478966974509,488.46676116643664,0.8768685404576453,0.5840827503274376,0.29278579013020767,True,True
mddnr_Greys_Creek,2,2018-06-27 04:00:00+00:00,2018-07-04 04:00:00+00:00,5.0,2.0,7,13.203959999999936,False,166.0,84,42.87203571686634,56.74945258522435,feasible,,5.021220906455362,120.67723319367802,0.6967229655856787,4.620757712080325,699.7285949951935,468.60462469234795,0.8374793220278471,0.5590167072051417,0.2784626148227054,True,True
mddnr_Greys_Creek,2,2018-06-27 04:00:00+00:00,2018-07-04 04:00:00+00:00,5.0,4.0,0,13.203959999999936,False,168.0,43,42.87203571686634,56.74945258522435,feasible,,1.9372975985992182,146.23758932926168,0.8589303079206099,1.541363348571204,1744.911574490429,659.8114732246983,2.075440727549831,0.7836548927096751,1.2917858348401559,True,True
mddnr_Greys_Creek,2,2018-06-27 04:00:00+00:00,2018-07-04 04:00:00+00:00,5.0,4.0,1,13.203959999999936,False,164.0,42,42.87203571686634,56.74945258522435,feasible,,2.128149433957688,143.0153862932029,0.859068517434422,1.9581171103214585,1717.7380851034306,646.1313348419712,2.092414595113548,0.7855770947946948,1.3068375003188533,True,True
mddnr_Greys_Creek,2,2018-06-27 04:00:00+00:00,2018-07-04 04:00:00+00:00,5.0,4.0,2,13.203959999999936,False,164.0,42,42.87203571686634,56.74945258522435,feasible,,1.707063638484211,142.6594324732882,0.8594656636268536,1.6312454748424334,1700.6639187775684,642.5730084005093,2.071991065003324,0.7816362962508132,1.290354768752511,True,True
mddnr_Greys_Creek,2,2018-06-27 04:00:00+00:00,2018-07-04 04:00:00+00:00,5.0,4.0,3,13.203959999999936,False,164.0,42,42.87203571686634,56.74945258522435,feasible,,1.9918266944159193,142.7806082417698,0.858468180166792,1.7179467371909394,1708.3424827235367,644.5160012602272,2.08124943412969,0.7839000664915077,1.2973493676381824,True,True
mddnr_Greys_Creek,2,2018-06-27 04:00:00+00:00,2018-07-04 04:00:00+00:00,5.0,4.0,4,13.203959999999936,False,164.0,42,42.87203571686634,56.74945258522435,feasible,,2.4825885567663555,142.3330152469409,0.8527465042083814,2.5673434333337153,1712.3561149520492,643.8824489016921,2.085108257949653,0.7820915920345834,1.3030166659150697,True,True
mddnr_Greys_Creek,2,2018-06-27 04:00:00+00:00,2018-07-04 04:00:00+00:00,5.0,4.0,5,13.203959999999936,False,164.0,42,42.87203571686634,56.74945258522435,feasible,,3.070291033901933,143.2925758636045,0.8550139318884303,3.2968064126215655,1748.1610576056175,650.8893013914,2.12788323316219,0.7897469450960712,1.338136288066119,True,True
mddnr_Greys_Creek,2,2018-06-27 04:00:00+00:00,2018-07-04 04:00:00+00:00,5.0,4.0,6,13.203959999999936,False,164.0,42,42.87203571686634,56.74945258522435,feasible,,2.738572367683651,143.12747387904827,0.8560298872644184,2.317365396441705,1738.7174016720933,649.3846391537074,2.1175610198483557,0.7891064314112997,1.328454588437056,True,True
mddnr_Greys_Creek,2,2018-06-27 04:00:00+00:00,2018-07-04 04:00:00+00:00,5.0,4.0,7,13.203959999999936,False,164.0,42,42.87203571686634,56.74945258522435,feasible,,2.8900420782856227,141.59460040775636,0.8457595020089679,2.910323872535261,1708.0814249802545,641.8846618741642,2.0794769525703893,0.779236997562962,1.3002399550074273,True,True
mddnr_Greys_Creek,2,2018-06-27 04:00:00+00:00,2018-07-04 04:00:00+00:00,5.0,4.0,8,13.203959999999936,False,164.0,42,42.87203571686634,56.74945258522435,feasible,,2.303854298255974,143.81514636518128,0.8628737321153982,2.2230679281063814,1742.2902997117735,650.7437087055696,2.122033209492277,0.7908788302164186,1.3311543792758584,True,True
mddnr_Greys_Creek,2,2018-06-27 04:00:00+00:00,2018-07-04 04:00:00+00:00,5.0,4.0,9,13.203959999999936,False,164.0,42,42.87203571686634,56.74945258522435,feasible,,2.014547151006214,142.36709593182636,0.8558082242732935,1.8174093226577588,1705.1622991119516,642.4625794079943,2.0772498655966998,0.7812745976650446,1.2959752679316552,True,True
mddnr_Greys_Creek,2,2018-06-27 04:00:00+00:00,2018-07-04 04:00:00+00:00,5.0,4.0,10,13.203959999999936,False,164.0,42,42.87203571686634,56.74945258522435,feasible,,2.223575351636933,142.77530680189872,0.8570227527454988,1.7765579417083892,1721.0916432632532,645.5896261424592,2.096725713806762,0.7851378880496962,1.3115878257570657,True,True
mddnr_Greys_Creek,2,2018-06-27 04:00:00+00:00,2018-07-04 04:00:00+00:00,5.0,4.0,11,13.203959999999936,False,164.0,42,42.87203571686634,56.74945258522435,feasible,,2.178134438456353,143.30317874334665,0.860518562834697,2.132223969172893,1729.505397576355,647.6461152563315,2.106552650740466,0.7872120625453155,1.3193405881951508,True,True
mddnr_Greys_Creek,2,2018-06-27 04:00:00+00:00,2018-07-04 04:00:00+00:00,5.0,4.0,12,13.203959999999936,False,164.0,42,42.87203571686634,56.74945258522435,feasible,,1.7146371240143032,143.795455302803,0.8663464523096871,1.2731029176095479,1729.7113743893692,648.6491325329663,2.1078515505753166,0.789482962945557,1.3183685876297595,True,True
mddnr_Greys_Creek,2,2018-06-27 04:00:00+00:00,2018-07-04 04:00:00+00:00,5.0,4.0,13,13.203959999999936,False,164.0,42,42.87203571686634,56.74945258522435,feasible,,1.691916667424054,142.77076271058064,0.8602368661168084,1.1094323218186677,1700.9425649867362,643.5757378846944,2.0729672349572166,0.7834954945888728,1.2894717403683438,True,True
mddnr_Greys_Creek,2,2018-06-27 04:00:00+00:00,2018-07-04 04:00:00+00:00,5.0,4.0,14,13.203959999999936,False,164.0,42,42.87203571686634,56.74945258522435,feasible,,1.8691362288283786,144.31045231884977,0.8685446103050085,1.3607129982218193,1739.6417901737282,651.9090030566584,2.1198549721652515,0.7933515732419958,1.3265033989232557,True,True
mddnr_Greys_Creek,2,2018-06-27 04:00:00+00:00,2018-07-04 04:00:00+00:00,5.0,4.0,15,13.203959999999936,False,164.0,42,42.87203571686634,56.74945258522435,feasible,,2.1311788281697375,141.66276177752724,0.8508023350570579,1.7104338395450993,1688.5643346225113,639.6310425054291,2.057138903393861,0.7779519617876635,1.2791869416061976,True,True
mddnr_Greys_Creek,3,2018-07-13 22:15:00+00:00,2018-07-20 22:15:00+00:00,5.0,0.5,0,13.203959999999936,False,168.0,337,47.2949402870701,71.50753851022745,infeasible,max_replacements=0 is infeasible; k_min(L)=5,,,,,,,,,,,
mddnr_Greys_Creek,3,2018-07-13 22:15:00+00:00,2018-07-20 22:15:00+00:00,5.0,0.5,1,13.203959999999936,False,167.5,336,47.2949402870701,71.50753851022745,infeasible,max_replacements=0 is infeasible; k_min(L)=6,,,,,,,,,,,
mddnr_Greys_Creek,3,2018-07-13 22:15:00+00:00,2018-07-20 22:15:00+00:00,5.0,1.0,0,13.203959999999936,False,168.0,169,47.2949402870701,71.50753851022745,feasible,,11.286008136952814,88.32266683631255,0.45855153987714126,12.08516990357422,317.27307446935396,279.9846163440349,0.3633189340068806,0.31892791242911983,0.04439102157776076,True,True
mddnr_Greys_Creek,3,2018-07-13 22:15:00+00:00,2018-07-20 22:15:00+00:00,5.0,1.0,1,13.203959999999936,False,167.0,168,47.2949402870701,71.50753851022745,feasible,,11.576829981308645,89.79479489486455,0.46837104738656227,13.996172360413043,320.01778949733006,280.2216862777817,0.36649295465499043,0.31883295079924395,0.04766000385574648,True,True
mddnr_Greys_Creek,3,2018-07-13 22:15:00+00:00,2018-07-20 22:15:00+00:00,5.0,1.0,2,13.203959999999936,False,167.0,168,47.2949402870701,71.50753851022745,feasible,,10.206029100360936,88.896594657966,0.4712009913629046,10.48592997858235,311.6776172458248,276.5913221506264,0.36070860750567957,0.31868909242160964,0.042019515084069925,True,True
mddnr_Greys_Creek,3,2018-07-13 22:15:00+00:00,2018-07-20 22:15:00+00:00,5.0,1.0,3,13.203959999999936,False,167.0,168,47.2949402870701,71.50753851022745,feasible,,10.917936740190074,88.03321730753471,0.46176814710984815,10.996488932108191,315.56066748226806,279.5656948569051,0.3647475192217483,0.32163976757460705,0.04310775164714126,True,True
mddnr_Greys_Creek,3,2018-07-13 22:15:00+00:00,2018-07-20 22:15:00+00:00,5.0,2.0,0,13.203959999999936,False,168.0,85,47.2949402870701,71.50753851022745,feasible,,5.328704418977336,119.37140675979003,0.6788256091715041,5.964210736778917,707.44679910075,462.46812608193125,0.835098319480918,0.5434570420775623,0.29164127740335566,True,True
mddnr_Greys_Creek,3,2018-07-13 22:15:00+00:00,2018-07-20 22:15:00+00:00,5.0,2.0,1,13.203959999999936,False,166.0,84,47.2949402870701,71.50753851022745,feasible,,5.657393690983667,120.11830996155689,0.689523591991405,6.769643349419512,728.0449553295191,469.7814985006307,0.8690063999760236,0.557845608615917,0.31116079136010655,True,True
mddnr_Greys_Creek,3,2018-07-13 22:15:00+00:00,2018-07-20 22:15:00+00:00,5.0,2.0,2,13.203959999999936,False,166.0,84,47.2949402870701,71.50753851022745,feasible,,5.066661819635894,118.35005861877778,0.6824301011996499,4.992752174347644,708.0361034334497,461.4764184909357,0.8470401822398821,0.5499803208633591,0.29705986137652296,True,True
mddnr_Greys_Creek,3,2018-07-13 22:15:00+00:00,2018-07-20 22:15:00+00:00,5.0,2.0,3,13.203959999999936,False,166.0,84,47.2949402870701,71.50753851022745,feasible,,5.949730232445431,118.72327392691265,0.6793586969546218,6.45115556242227,720.505133367016,465.866471426813,0.8603059973549322,0.553512428752278,0.30679356860265417,True,True
mddnr_Greys_Creek,3,2018-07-13 22:15:00+00:00,2018-07-20 22:15:00+00:00,5.0,2.0,4,13.203959999999936,False,166.0,84,47.2949402870701,71.50753851022745,feasible,,5.957303717975614,118.96941220664078,0.6807958342690672,6.1209591667956005,719.3989456021335,465.874279902452,0.859371067994383,0.5539196635369353,0.3054514044574477,True,True
mddnr_Greys_Creek,3,2018-07-13 22:15:00+00:00,2018-07-20 22:15:00+00:00,5.0,2.0,5,13.203959999999936,False,166.0,84,47.2949402870701,71.50753851022745,feasible,,5.91943629032503,119.22463866900513,0.6825614601125307,7.226529010993656,718.1296476188008,465.97740481964377,0.8565097814551894,0.5527118985646386,0.30379788289055076,True,True
mddnr_Greys_Creek,3,2018-07-13 22:15:00+00:00,2018-07-20 22:15:00+00:00,5.0,2.0,6,13.203959999999936,False,166.0,84,47.2949402870701,71.50753851022745,feasible,,5.139367280724866,118.140115541095,0.6807273991588562,5.493177804234452,706.4378411304435,459.88708371900344,0.8445116425616976,0.5474625372467097,0.29704910531498796,True,True
mddnr_Greys_Creek,3,2018-07-13 22:15:00+00:00,2018-07-20 22:15:00+00:00,5.0,2.0,7,13.203959999999936,False,166.0,84,47.2949402870701,71.50753851022745,feasible,,4.968206507744662,115.81354078624875,0.6677429775813499,4.545333369686056,690.5082222282365,450.6424528293618,0.8264613118777716,0.5374664089875612,0.28899490289021046,True,True
mddnr_Greys_Creek,3,2018-07-13 22:15:00+00:00,2018-07-20 22:15:00+00:00,5.0,4.0,0,13.203959999999936,False,168.0,43,47.2949402870701,71.50753851022745,feasible,,2.712822516881258,141.28150039836524,0.824813558818357,3.3093783986014866,1678.5284830542246,637.140638111596,1.994308457923361,0.7545610234678507,1.2397474344555102,True,True
mddnr_Greys_Creek,3,2018-07-13 22:15:00+00:00,2018-07-20 22:15:00+00:00,5.0,4.0,1,13.203959999999936,False,164.0,42,47.2949402870701,71.50753851022745,feasible,,2.5462058352191606,139.96175692746718,0.8378997017820001,3.156500019691133,1675.400747213888,631.7550871102302,2.03932225267585,0.7665836427933402,1.2727386098825098,True,True
mddnr_Greys_Creek,3,2018-07-13 22:15:00+00:00,2018-07-20 22:15:00+00:00,5.0,4.0,2,13.203959999999936,False,164.0,42,47.2949402870701,71.50753851022745,feasible,,2.5507499265372258,141.9763040784734,0.8501558179996107,2.8791968470065425,1716.3878826793089,642.127846494536,2.0896447388198807,0.7795715239604017,1.310073214859479,True,True
mddnr_Greys_Creek,3,2018-07-13 22:15:00+00:00,2018-07-20 22:15:00+00:00,5.0,4.0,3,13.203959999999936,False,164.0,42,47.2949402870701,71.50753851022745,feasible,,3.0536293657357647,140.55854758723893,0.8384446233018487,3.6402564079261386,1702.4868012158684,636.7924016734371,2.0717640790340757,0.7721367625189158,1.29962731651516,True,True
mddnr_Greys_Creek,3,2018-07-13 22:15:00+00:00,2018-07-20 22:15:00+00:00,5.0,4.0,4,13.203959999999936,False,164.0,42,47.2949402870701,71.50753851022745,feasible,,2.9051890493458115,141.1848748405781,0.8431688158001969,3.2328483273199184,1706.1070484901718,639.5892444387891,2.0766758538571364,0.7760443855017917,1.3006314683553448,True,True
mddnr_Greys_Creek,3,2018-07-13 22:15:00+00:00,2018-07-20 22:15:00+00:00,5.0,4.0,5,13.203959999999936,False,164.0,42,47.2949402870701,71.50753851022745,feasible,,3.306583782441048,141.1318604418673,0.8403980284111358,4.553853540907504,1711.8041675362742,640.0101408971238,2.08201257804313,0.7749466918978247,1.3070658861453053,True,True
mddnr_Greys_Creek,3,2018-07-13 22:15:00+00:00,2018-07-20 22:15:00+00:00,5.0,4.0,6,13.203959999999936,False,164.0,42,47.2949402870701,71.50753851022745,feasible,,2.603764325247921,140.7577302566805,0.8424022312892231,3.0765694534064796,1690.5900149335725,636.1026767727251,2.0579432261953245,0.7719830577064861,1.2859601684888384,True,True
mddnr_Greys_Creek,3,2018-07-13 22:15:00+00:00,2018-07-20 22:15:00+00:00,5.0,4.0,7,13.203959999999936,False,164.0,42,47.2949402870701,71.50753851022745,feasible,,2.8900420782856453,141.75667299810053,0.8467477495110665,2.7004777354673037,1719.718043752199,642.9048709629528,2.0939238609960142,0.7807370649115677,1.3131867960844466,True,True
mddnr_Greys_Creek,3,2018-07-13 22:15:00+00:00,2018-07-20 22:15:00+00:00,5.0,4.0,8,13.203959999999936,False,164.0,42,47.2949402870701,71.50753851022745,feasible,,2.6158819020960467,143.3539210963982,0.8581587755750132,2.654832338177307,1743.480982097966,649.5659559707835,2.1229587192192545,0.7889160044300075,1.334042714789247,True,True
mddnr_Greys_Creek,3,2018-07-13 22:15:00+00:00,2018-07-20 22:15:00+00:00,5.0,4.0,9,13.203959999999936,False,164.0,42,47.2949402870701,71.50753851022745,feasible,,3.1111878557645207,143.46449398513772,0.8558128422522757,3.6131433297284725,1763.1109991534574,651.6370391912724,2.145729092467962,0.7902730437335901,1.3554560487343719,True,True
mddnr_Greys_Creek,3,2018-07-13 22:15:00+00:00,2018-07-20 22:15:00+00:00,5.0,4.0,10,13.203959999999936,False,164.0,42,47.2949402870701,71.50753851022745,feasible,,2.5159118930988056,139.58838409083327,0.835807757303259,2.1135553273412913,1669.3268354025831,630.7796979088088,2.0331869269210263,0.766666027538375,1.2665208993826513,True,True
mddnr_Greys_Creek,3,2018-07-13 22:15:00+00:00,2018-07-20 22:15:00+00:00,5.0,4.0,11,13.203959999999936,False,164.0,42,47.2949402870701,71.50753851022745,feasible,,2.896100866709708,141.55976237431793,0.8455101311439526,2.810899154496089,1716.5483387243125,641.8401903671318,2.089923706792459,0.779304013673946,1.310619693118513,True,True
mddnr_Greys_Creek,3,2018-07-13 22:15:00+00:00,2018-07-20 22:15:00+00:00,5.0,4.0,12,13.203959999999936,False,164.0,42,47.2949402870701,71.50753851022745,feasible,,3.05211466862979,141.2462200733719,0.8426469841752566,2.888110839475542,1719.7803446073988,640.9753361870222,2.0937710167901504,0.7781551528628619,1.3156158639272886,True,True
mddnr_Greys_Creek,3,2018-07-13 22:15:00+00:00,2018-07-20 22:15:00+00:00,5.0,4.0,13,13.203959999999936,False,164.0,42,47.2949402870701,71.50753851022745,feasible,,2.612852507883961,141.48327017046395,0.8467708394059756,2.672675470086153,1710.981524298943,640.179711238143,2.0833034741815326,0.7774476045951914,1.3058558695863414,True,True
mddnr_Greys_Creek,3,2018-07-13 22:15:00+00:00,2018-07-20 22:15:00+00:00,5.0,4.0,14,13.203959999999936,False,164.0,42,47.2949402870701,71.50753851022745,feasible,,2.5356029554770094,140.5911135750183,0.8418018940215933,2.4166083508281284,1690.7435861349381,635.588747618138,2.05893533876111,0.7721611454479388,1.286774193313171,True,True
mddnr_Greys_Creek,3,2018-07-13 22:15:00+00:00,2018-07-20 22:15:00+00:00,5.0,4.0,15,13.203959999999936,False,164.0,42,47.2949402870701,71.50753851022745,feasible,,2.078164429459065,137.1792583437089,0.8237871580137186,1.8448556342188533,1612.1104785066213,616.8140315481105,1.9637385644785397,0.7499624096510873,1.2137761548274524,True,True
mddnr_Harris_Creek_Upstream,0,2018-06-19 13:15:00+00:00,2018-06-26 13:15:00+00:00,5.0,0.5,0,13.203959999999936,True,168.0,337,0.41865720189805616,0.05635613424154293,feasible,,0.018176365272248418,113.56027131254544,0.6758458032575785,0.0010905819163356143,133.85576820238668,133.85576820238668,0.15935080669103613,0.15935080669103613,0.0,True,True
mddnr_Harris_Creek_Upstream,0,2018-06-19 13:15:00+00:00,2018-06-26 13:15:00+00:00,5.0,0.5,1,13.203959999999936,True,167.5,336,0.41865720189805616,0.05635613424154293,feasible,,0.04544091318060273,112.80050075886277,0.6731645363921324,0.006816136977092094,132.67645917084567,132.67645917084567,0.15841151407029086,0.15841151407029086,0.0,True,True
mddnr_Harris_Creek_Upstream,0,2018-06-19 13:15:00+00:00,2018-06-26 13:15:00+00:00,5.0,1.0,0,13.203959999999936,True,168.0,169,0.41865720189805616,0.05635613424154293,feasible,,0.018176365272248418,141.06262666654538,0.8395502994123402,0.0010905819163356143,394.4103235262123,387.8793784236225,0.4695348011241619,0.4617598664782216,0.007774934645940312,True,True
mddnr_Harris_Creek_Upstream,0,2018-06-19 13:15:00+00:00,2018-06-26 13:15:00+00:00,5.0,1.0,1,13.203959999999936,True,167.0,168,0.41865720189805616,0.05635613424154293,feasible,,0.0,139.70212875531283,0.8365396931455857,0.0,389.2631903994541,382.97387414154406,0.46618346155623247,0.45865134627729826,0.007532115278934215,True,True
mddnr_Harris_Creek_Upstream,0,2018-06-19 13:15:00+00:00,2018-06-26 13:15:00+00:00,5.0,1.0,2,13.203959999999936,True,167.0,168,0.41865720189805616,0.05635613424154293,feasible,,0.0,139.66047458489737,0.8362902669754334,0.0,388.86990202233164,382.6803585054476,0.4657124575117744,0.4582998305454462,0.007412626966328217,True,True
mddnr_Harris_Creek_Upstream,0,2018-06-19 13:15:00+00:00,2018-06-26 13:15:00+00:00,5.0,1.0,3,13.203959999999936,True,167.0,168,0.41865720189805616,0.05635613424154293,feasible,,0.04544091318060106,139.76271663955362,0.8366303935710958,0.006816136977091595,389.6389808441391,383.4124827832851,0.46662534695468505,0.4591684630494707,0.007456883905214373,True,True
mddnr_Harris_Creek_Upstream,0,2018-06-19 13:15:00+00:00,2018-06-26 13:15:00+00:00,5.0,2.0,0,13.203959999999936,True,168.0,85,0.41865720189805616,0.05635613424154293,feasible,,0.018176365272248418,154.45860787218376,0.9192882827792352,0.0010905819163356143,939.2224692936311,613.3396344732934,1.1181206889425177,0.7301649332040203,0.3879557557384974,True,True
mddnr_Harris_Creek_Upstream,0,2018-06-19 13:15:00+00:00,2018-06-26 13:15:00+00:00,5.0,2.0,1,13.203959999999936,True,166.0,84,0.41865720189805616,0.05635613424154293,feasible,,0.0,152.33213066383115,0.9176634377339226,0.0,924.5103376087732,604.5108285696099,1.1138678766370762,0.7283262994814577,0.38554157715561854,True,True
mddnr_Harris_Creek_Upstream,0,2018-06-19 13:15:00+00:00,2018-06-26 13:15:00+00:00,5.0,2.0,2,13.203959999999936,True,166.0,84,0.41865720189805616,0.05635613424154293,feasible,,0.0,152.33440270949018,0.917677124755965,0.0,924.5785401631584,604.5221887979054,1.1139500483893474,0.7283399865035005,0.3856100618858469,True,True
mddnr_Harris_Creek_Upstream,0,2018-06-19 13:15:00+00:00,2018-06-26 13:15:00+00:00,5.0,2.0,3,13.203959999999936,True,166.0,84,0.41865720189805616,0.05635613424154293,feasible,,0.045440913180573084,152.51540901365934,0.9184937837378238,0.0068161369770832,927.1723010803348,605.6476087476769,1.1170668493293465,0.7296877019406022,0.38737914738874435,True,True
mddnr_Harris_Creek_Upstream,0,2018-06-19 13:15:00+00:00,2018-06-26 13:15:00+00:00,5.0,2.0,4,13.203959999999936,True,166.0,84,0.41865720189805616,0.05635613424154293,feasible,,0.0,152.75700320206965,0.9202229108558413,0.0,929.4676262252186,606.6351912608026,1.1198405135243599,0.7308857726033766,0.38895474092098326,True,True
mddnr_Harris_Creek_Upstream,0,2018-06-19 13:15:00+00:00,2018-06-26 13:15:00+00:00,5.0,2.0,5,13.203959999999936,True,166.0,84,0.41865720189805616,0.05635613424154293,feasible,,0.0,152.51692371076535,0.9187766488600323,0.0,926.6060961842285,605.4347938042813,1.11639288696895,0.7294395106075678,0.38695337636138205,True,True
mddnr_Harris_Creek_Upstream,0,2018-06-19 13:15:00+00:00,2018-06-26 13:15:00+00:00,5.0,2.0,6,13.203959999999936,True,166.0,84,0.41865720189805616,0.05635613424154293,feasible,,0.0,152.47754158600895,0.9185394071446322,0.0,925.951341156193,605.237883180499,1.1156040254893893,0.7292022688921674,0.38640175659722187,True,True
mddnr_Harris_Creek_Upstream,0,2018-06-19 13:15:00+00:00,2018-06-26 13:15:00+00:00,5.0,2.0,7,13.203959999999936,True,166.0,84,0.41865720189805616,0.05635613424154293,feasible,,0.0,152.41165226189722,0.918142483505405,0.0,925.323300765281,604.9084365599406,1.1148473503196157,0.7288053452529405,0.3860420050666752,True,True
mddnr_Harris_Creek_Upstream,0,2018-06-19 13:15:00+00:00,2018-06-26 13:15:00+00:00,5.0,4.0,0,13.203959999999936,True,168.0,43,0.41865720189805616,0.05635613424154293,feasible,,0.0,161.16417196053303,0.9593105473841251,0.0,2042.0473302939918,726.2992617366299,2.4310087265404663,0.8646419782578927,1.5663667482825736,True,True
mddnr_Harris_Creek_Upstream,0,2018-06-19 13:15:00+00:00,2018-06-26 13:15:00+00:00,5.0,4.0,1,13.203959999999936,True,164.0,42,0.41865720189805616,0.05635613424154293,feasible,,0.0,157.10585612195126,0.9579625373289711,0.0,1987.9607750388723,707.9010539262459,2.4243424085839904,0.863293968202739,1.5610484403812515,True,True
mddnr_Harris_Creek_Upstream,0,2018-06-19 13:15:00+00:00,2018-06-26 13:15:00+00:00,5.0,4.0,2,13.203959999999936,True,164.0,42,0.41865720189805616,0.05635613424154293,feasible,,0.0,157.32700189943012,0.9593109871916471,0.0,1993.622548203892,709.0067828136403,2.4312470100047463,0.864642418065415,1.5666045919393312,True,True
mddnr_Harris_Creek_Upstream,0,2018-06-19 13:15:00+00:00,2018-06-26 13:15:00+00:00,5.0,4.0,3,13.203959999999936,True,164.0,42,0.41865720189805616,0.05635613424154293,feasible,,0.0,157.3004947000748,0.9591493579272854,0.0,1992.8227429182061,708.8742468168637,2.4302716377051294,0.8644807888010533,1.5657908489040762,True,True
mddnr_Harris_Creek_Upstream,0,2018-06-19 13:15:00+00:00,2018-06-26 13:15:00+00:00,5.0,4.0,4,13.203959999999936,True,164.0,42,0.41865720189805616,0.05635613424154293,feasible,,0.0,157.31488432258195,0.9592370995279387,0.0,1993.2267792679054,708.9461949293992,2.43076436496086,0.8645685304017063,1.5661958345591538,True,True
mddnr_Harris_Creek_Upstream,0,2018-06-19 13:15:00+00:00,2018-06-26 13:15:00+00:00,5.0,4.0,5,13.203959999999936,True,164.0,42,0.41865720189805616,0.05635613424154293,feasible,,0.0,157.38153099524686,0.9596434816783346,0.0,1994.905322644288,709.2794282927241,2.4328113690784,0.8649749125521026,1.5678364565262974,True,True
mddnr_Harris_Creek_Upstream,0,2018-06-19 13:15:00+00:00,2018-06-26 13:15:00+00:00,5.0,4.0,6,13.203959999999936,True,164.0,42,0.41865720189805616,0.05635613424154293,feasible,,0.0,157.29519326020372,0.9591170320744129,0.0,1992.6684952985515,708.8477396175081,2.430083530851892,0.8644484629481806,1.5656350679037114,True,True
mddnr_Harris_Creek_Upstream,0,2018-06-19 13:15:00+00:00,2018-06-26 13:15:00+00:00,5.0,4.0,7,13.203959999999936,True,164.0,42,0.41865720189805616,0.05635613424154293,feasible,,0.0,157.31412697402894,0.9592324815489569,0.0,1993.1756920031764,708.9424081866345,2.430702063418508,0.8645639124227249,1.566138150995783,True,True
mddnr_Harris_Creek_Upstream,0,2018-06-19 13:15:00+00:00,2018-06-26 13:15:00+00:00,5.0,4.0,8,13.203959999999936,True,164.0,42,0.41865720189805616,0.05635613424154293,feasible,,0.01817636527224309,157.44893501646467,0.959943650312149,0.0010905819163349749,1997.0224469463892,709.7062396432577,2.435391898005455,0.8654940842211482,1.5698978137843067,True,True
mddnr_Harris_Creek_Upstream,0,2018-06-19 13:15:00+00:00,2018-06-26 13:15:00+00:00,5.0,4.0,9,13.203959999999936,True,164.0,42,0.41865720189805616,0.05635613424154293,feasible,,0.0,157.41636902868532,0.9598559087114958,0.0,1995.7804800364634,709.4536184599165,2.433878634190809,0.865187339585264,1.5686912946055451,True,True
mddnr_Harris_Creek_Upstream,0,2018-06-19 13:15:00+00:00,2018-06-26 13:15:00+00:00,5.0,4.0,10,13.203959999999936,True,164.0,42,0.41865720189805616,0.05635613424154293,feasible,,0.0,157.19900999397146,0.9585305487437284,0.0,1990.2687732909117,708.3668232863469,2.4271570405986727,0.8638619796174962,1.5632950609811764,True,True
mddnr_Harris_Creek_Upstream,0,2018-06-19 13:15:00+00:00,2018-06-26 13:15:00+00:00,5.0,4.0,11,13.203959999999936,True,164.0,42,0.41865720189805616,0.05635613424154293,feasible,,0.04544091318060772,157.4178837257914,0.9595880659305536,0.006816136977093592,1996.9151328527419,709.6815803743724,2.435254044775323,0.8654570295577991,1.569797015217524,True,True
mddnr_Harris_Creek_Upstream,0,2018-06-19 13:15:00+00:00,2018-06-26 13:15:00+00:00,5.0,4.0,12,13.203959999999936,True,164.0,42,0.41865720189805616,0.05635613424154293,feasible,,0.0,157.65114708011842,0.961287482195844,0.0,2001.6169565177631,710.6275087170816,2.4409962884362963,0.8666189130696117,1.5743773753666845,True,True
mddnr_Harris_Creek_Upstream,0,2018-06-19 13:15:00+00:00,2018-06-26 13:15:00+00:00,5.0,4.0,13,13.203959999999936,True,164.0,42,0.41865720189805616,0.05635613424154293,feasible,,0.0,157.33533273351318,0.9593617849604462,0.0,1993.6501835647985,709.0484369840557,2.4312807116643884,0.8646932158342142,1.5665874958301742,True,True
mddnr_Harris_Creek_Upstream,0,2018-06-19 13:15:00+00:00,2018-06-26 13:15:00+00:00,5.0,4.0,14,13.203959999999936,True,164.0,42,0.41865720189805616,0.05635613424154293,feasible,,0.0,157.3686560698457,0.9595649760356446,0.0,1994.393921413142,709.2150536657181,2.432187709040417,0.8648964069094123,1.5672913021310046,True,True
mddnr_Harris_Creek_Upstream,0,2018-06-19 13:15:00+00:00,2018-06-26 13:15:00+00:00,5.0,4.0,15,13.203959999999936,True,164.0,42,0.41865720189805616,0.05635613424154293,feasible,,0.0,157.28837712322664,0.9590754702635771,0.0,1992.4670377206735,708.813658932623,2.42983785087887,0.8644069011373451,1.565430949741525,True,True
mddnr_Harris_Creek_Upstream,1,2018-06-26 13:30:00+00:00,2018-07-03 13:30:00+00:00,5.0,0.5,0,13.203959999999936,True,168.0,337,1.8282132300953269,0.33629465438650197,feasible,,0.12723455690566432,95.19381155350351,0.5658724821226062,0.01485917861005689,98.20199203978149,98.20199203978149,0.11688944388234694,0.11688944388234694,0.0,True,True
mddnr_Harris_Creek_Upstream,1,2018-06-26 13:30:00+00:00,2018-07-03 13:30:00+00:00,5.0,0.5,1,13.203959999999936,True,167.5,336,1.8282132300953269,0.33629465438650197,feasible,,0.169646075874213,94.44009978824482,0.5628086788798246,0.021311788281702368,96.97254480727621,96.97254480727621,0.11576266629133672,0.11576266629133672,0.0,True,True
mddnr_Harris_Creek_Upstream,1,2018-06-26 13:30:00+00:00,2018-07-03 13:30:00+00:00,5.0,1.0,0,13.203959999999936,True,168.0,169,1.8282132300953269,0.33629465438650197,feasible,,0.02120575948427117,131.9358192542238,0.7852060327067828,0.0014844031638986414,346.12803884798035,343.0183186880288,0.41205542195811484,0.4083533741486487,0.003702047809466147,True,True
mddnr_Harris_Creek_Upstream,1,2018-06-26 13:30:00+00:00,2018-07-03 13:30:00+00:00,5.0,1.0,1,13.203959999999936,True,167.0,168,1.8282132300953269,0.33629465438650197,feasible,,0.03332333633244078,129.91870014753127,0.777756747372448,0.0036655669965692575,337.48603754530944,334.86672015552665,0.40417050536324894,0.4010335983096169,0.0031369070536320653,True,True
mddnr_Harris_Creek_Upstream,1,2018-06-26 13:30:00+00:00,2018-07-03 13:30:00+00:00,5.0,1.0,2,13.203959999999936,True,167.0,168,1.8282132300953269,0.33629465438650197,feasible,,0.10602879742140248,130.2958597269303,0.779579825925203,0.013374775446159731,340.21762422082253,337.1241816990641,0.4074302388567382,0.4037255172737939,0.0037047215829442703,True,True
mddnr_Harris_Creek_Upstream,1,2018-06-26 13:30:00+00:00,2018-07-03 13:30:00+00:00,5.0,1.0,3,13.203959999999936,True,167.0,168,1.8282132300953269,0.33629465438650197,feasible,,0.13632273954180318,131.1297004837941,0.7843914834985167,0.01764622128513713,344.9078547880158,341.3829319345386,0.41304216594818044,0.40882070145299815,0.004221464495182292,True,True
mddnr_Harris_Creek_Upstream,1,2018-06-26 13:30:00+00:00,2018-07-03 13:30:00+00:00,5.0,2.0,0,13.203959999999936,True,168.0,85,1.8282132300953269,0.33629465438650197,feasible,,0.0,149.70170161072895,0.8910815572067199,0.0,882.1617463741446,589.4653119215743,1.050192555207315,0.7017444189542551,0.3484481362530599,True,True
mddnr_Harris_Creek_Upstream,1,2018-06-26 13:30:00+00:00,2018-07-03 13:30:00+00:00,5.0,2.0,1,13.203959999999936,True,166.0,84,1.19642163397404,0.18980896868540925,feasible,,0.033323336332435005,147.3336302139662,0.8873512462508056,0.0036655669965679873,865.2039766685722,579.681277434951,1.0424100133753924,0.698406761286692,0.3440032520887004,True,True
mddnr_Harris_Creek_Upstream,1,2018-06-26 13:30:00+00:00,2018-07-03 13:30:00+00:00,5.0,2.0,2,13.203959999999936,True,166.0,84,1.2888873873986977,0.20229184539773798,feasible,,0.08558038649012722,147.53584227761976,0.8882545897056001,0.010614239970436652,868.3868404155088,580.9466743310334,1.046236417078962,0.6999229639651361,0.3463134531138259,True,True
mddnr_Harris_Creek_Upstream,1,2018-06-26 13:30:00+00:00,2018-07-03 13:30:00+00:00,5.0,2.0,3,13.203959999999936,True,166.0,84,1.5388873873986977,0.27604184539773796,feasible,,0.05604379292272155,148.0735597502567,0.891671782875506,0.007217531710182008,874.3231123066665,583.4909754346413,1.0533926443071764,0.7029924794011219,0.3504001649060545,True,True
mddnr_Harris_Creek_Upstream,1,2018-06-26 13:30:00+00:00,2018-07-03 13:30:00+00:00,5.0,2.0,4,13.203959999999936,True,166.0,84,1.7888873873986977,0.33354184539773796,feasible,,0.010602879742130034,148.30606575603073,0.8933461619053531,0.0007422015819485436,876.4549845783193,584.4327762277368,1.0559689667189607,0.7041349807544034,0.3518339859645573,True,True
mddnr_Harris_Creek_Upstream,1,2018-06-26 13:30:00+00:00,2018-07-03 13:30:00+00:00,5.0,2.0,5,13.203959999999936,True,166.0,84,1.8282132300953269,0.33629465438650197,feasible,,0.0,147.72896615863706,0.8899335310761269,0.0,869.5294047068239,581.4950060436397,1.0476257888034024,0.7005963928236623,0.34702939597974014,True,True
mddnr_Harris_Creek_Upstream,1,2018-06-26 13:30:00+00:00,2018-07-03 13:30:00+00:00,5.0,2.0,6,13.203959999999936,True,166.0,84,1.8282132300953269,0.33629465438650197,feasible,,0.0,147.87664912647415,0.8908231875088805,0.0,871.3392024493219,582.233420882825,1.0498062680112312,0.7014860492564157,0.34832021875481556,True,True
mddnr_Harris_Creek_Upstream,1,2018-06-26 13:30:00+00:00,2018-07-03 13:30:00+00:00,5.0,2.0,7,13.203959999999936,True,166.0,84,1.8282132300953269,0.33629465438650197,feasible,,0.05604379292272155,148.15762543964078,0.8921782026910727,0.006551064983535494,875.3674937346626,583.9119703482886,1.05465173815624,0.7035005051606085,0.35115123299563145,True,True
mddnr_Harris_Creek_Upstream,1,2018-06-26 13:30:00+00:00,2018-07-03 13:30:00+00:00,5.0,4.0,0,13.203959999999936,True,168.0,43,1.8282132300953269,0.33629465438650197,feasible,,0.0,158.9731625966756,0.9462688249802118,0.0,1986.985212520236,715.3442149173428,2.3654585863336144,0.8516002558539796,1.5138583304796347,True,True
mddnr_Harris_Creek_Upstream,1,2018-06-26 13:30:00+00:00,2018-07-03 13:30:00+00:00,5.0,4.0,1,13.203959999999936,True,164.0,42,1.19642163397404,0.18980896868540925,feasible,,0.03332333633244566,154.69294363206185,0.9430464652178623,0.0036655669965703318,1928.1160885660256,695.9994425914643,2.3513566134134503,0.8487753378347168,1.5025812755787333,True,True
mddnr_Harris_Creek_Upstream,1,2018-06-26 13:30:00+00:00,2018-07-03 13:30:00+00:00,5.0,4.0,2,13.203959999999936,True,164.0,42,1.19642163397404,0.18980896868540925,feasible,,0.043926216074587465,154.71111999733412,0.9430926450076801,0.006369301330817458,1928.8546821091759,696.1406350822023,2.352254040009567,0.8489442265620384,1.5033098134475287,True,True
mddnr_Harris_Creek_Upstream,1,2018-06-26 13:30:00+00:00,2018-07-03 13:30:00+00:00,5.0,4.0,3,13.203959999999936,True,164.0,42,1.19642163397404,0.18980896868540925,feasible,,0.031808639226425406,154.8474427368759,0.9439977688881066,0.0033399071187758603,1931.9730412075075,696.7646902898823,2.356060611341938,0.849708963881419,1.5063516474605188,True,True
mddnr_Harris_Creek_Upstream,1,2018-06-26 13:30:00+00:00,2018-07-03 13:30:00+00:00,5.0,4.0,4,13.203959999999936,True,164.0,42,1.19642163397404,0.18980896868540925,feasible,,0.0,155.18143344875318,0.9462282527362998,0.0,1939.5829155027927,698.2789405602554,2.365345018905845,0.8515596836100675,1.5137853352957773,True,True
mddnr_Harris_Creek_Upstream,1,2018-06-26 13:30:00+00:00,2018-07-03 13:30:00+00:00,5.0,4.0,5,13.203959999999936,True,164.0,42,1.19642163397404,0.18980896868540925,feasible,,0.0,154.98225077931164,0.9450137242640954,0.0,1934.568548252363,697.2830272130478,2.3592299368931253,0.8503451551378632,1.508884781755262,True,True
mddnr_Harris_Creek_Upstream,1,2018-06-26 13:30:00+00:00,2018-07-03 13:30:00+00:00,5.0,4.0,6,13.203959999999936,True,164.0,42,1.19642163397404,0.18980896868540925,feasible,,0.0,154.936809866131,0.944736645525189,0.0,1933.461005363714,697.0558226471444,2.3578792748337976,0.8500680763989565,1.507811198434841,True,True
mddnr_Harris_Creek_Upstream,1,2018-06-26 13:30:00+00:00,2018-07-03 13:30:00+00:00,5.0,4.0,7,13.203959999999936,True,164.0,42,1.19642163397404,0.18980896868540925,feasible,,0.04241151896856721,155.20188185968456,0.9460943313458292,0.00593761265560153,1941.330898577571,698.5873025970996,2.3674694645913603,0.8519284938834681,1.5155409707078922,True,True
mddnr_Harris_Creek_Upstream,1,2018-06-26 13:30:00+00:00,2018-07-03 13:30:00+00:00,5.0,4.0,8,13.203959999999936,True,164.0,42,1.19642163397404,0.18980896868540925,feasible,,0.0,154.8883395587384,0.9444410948703561,0.0,1932.2674680612683,696.8134711101816,2.356423741538132,0.8497725257441239,1.5066512157940082,True,True
mddnr_Harris_Creek_Upstream,1,2018-06-26 13:30:00+00:00,2018-07-03 13:30:00+00:00,5.0,4.0,9,13.203959999999936,True,164.0,42,1.19642163397404,0.18980896868540925,feasible,,0.0,154.83911190279284,0.9441409262365417,0.0,1931.0928149269073,696.5673328304539,2.3549912377157405,0.8494723571103097,1.5055188806054307,True,True
mddnr_Harris_Creek_Upstream,1,2018-06-26 13:30:00+00:00,2018-07-03 13:30:00+00:00,5.0,4.0,10,13.203959999999936,True,164.0,42,1.2888873873986977,0.20229184539773798,feasible,,0.04165417041555708,155.011030024326,0.9449352186214051,0.004244938639623287,1936.534813721207,697.6309493515578,2.3616226448567894,0.8507642736742904,1.510858371182499,True,True
mddnr_Harris_Creek_Upstream,1,2018-06-26 13:30:00+00:00,2018-07-03 13:30:00+00:00,5.0,4.0,11,13.203959999999936,True,164.0,42,1.5388873873986977,0.27604184539773796,feasible,,0.02423515369632412,155.42378498571628,0.9475582306830485,0.0038776245914132436,1946.312395022572,699.6079963889613,2.3735469724365617,0.853175754590695,1.5203712178458666,True,True
mddnr_Harris_Creek_Upstream,1,2018-06-26 13:30:00+00:00,2018-07-03 13:30:00+00:00,5.0,4.0,12,13.203959999999936,True,164.0,42,1.7888873873986977,0.33354184539773796,feasible,,0.010602879742141802,155.3404766448853,0.9471333766167266,0.0007422015819501912,1943.8097414550084,699.1264287380449,2.3704987795773493,0.8525923006542231,1.5179064789231262,True,True
mddnr_Harris_Creek_Upstream,1,2018-06-26 13:30:00+00:00,2018-07-03 13:30:00+00:00,5.0,4.0,13,13.203959999999936,True,164.0,42,1.8282132300953269,0.33629465438650197,feasible,,0.0,154.97467729378153,0.9449675444742776,0.0,1934.4042345161804,697.2451597853973,2.359029554288025,0.8502989753480454,1.5087305789399794,True,True
mddnr_Harris_Creek_Upstream,1,2018-06-26 13:30:00+00:00,2018-07-03 13:30:00+00:00,5.0,4.0,14,13.203959999999936,True,164.0,42,1.8282132300953269,0.33629465438650197,feasible,,0.0,155.164014432034,0.9461220392197196,0.0,1939.1332514171709,698.1918454766594,2.3647966480697207,0.851453470093487,1.5133431779762336,True,True
mddnr_Harris_Creek_Upstream,1,2018-06-26 13:30:00+00:00,2018-07-03 13:30:00+00:00,5.0,4.0,15,13.203959999999936,True,164.0,42,1.8282132300953269,0.33629465438650197,feasible,,0.013632273954182317,155.1564409465039,0.94599273580823,0.0006134523279384234,1939.2739541760402,698.221525966452,2.364967488687454,0.8514889177001513,1.5134785709873029,True,True
mddnr_Harris_Creek_Upstream,2,2018-07-03 13:45:00+00:00,2018-07-10 13:45:00+00:00,5.0,0.5,0,13.203959999999936,True,168.0,337,4.765484623261842,2.01449050742577,feasible,,0.664952029542666,97.66337522985499,0.5773715666685257,0.19067764519129762,109.98177150896298,109.98177150896298,0.13070368317115677,0.13070368317115677,0.0,True,True
mddnr_Harris_Creek_Upstream,2,2018-07-03 13:45:00+00:00,2018-07-10 13:45:00+00:00,5.0,0.5,1,13.203959999999936,True,167.5,336,4.765484623261842,2.01449050742577,feasible,,0.6922165774510235,96.76818924019732,0.5735878964940078,0.2222742268228707,108.00973846736045,108.00973846736045,0.12870144983944784,0.12870144983944784,0.0,True,True
mddnr_Harris_Creek_Upstream,2,2018-07-03 13:45:00+00:00,2018-07-10 13:45:00+00:00,5.0,1.0,0,13.203959999999936,True,168.0,169,4.765484623261842,2.01449050742577,feasible,,0.3877624591410548,133.05366571846625,0.7896779955912214,0.08339922265744894,357.0126566444596,351.208858532257,0.4249157826450025,0.4180064991780947,0.006909283466907834,True,True
mddnr_Harris_Creek_Upstream,2,2018-07-03 13:45:00+00:00,2018-07-10 13:45:00+00:00,5.0,1.0,1,13.203959999999936,True,167.0,168,4.765484623261842,2.01449050742577,feasible,,0.40290943020124137,131.99383518277835,0.7879696152848928,0.15836158243435944,353.23071296086687,347.71902209527826,0.4228411393753683,0.41624031199142986,0.006600827383938468,True,True
mddnr_Harris_Creek_Upstream,2,2018-07-03 13:45:00+00:00,2018-07-10 13:45:00+00:00,5.0,1.0,2,13.203959999999936,True,167.0,168,4.765484623261842,2.01449050742577,feasible,,0.2771895704016155,131.6749914419611,0.7868131848596377,0.10727842253384788,351.2574528479914,345.84312176858816,0.42053913104845214,0.4140549022108435,0.00648422883760863,True,True
mddnr_Harris_Creek_Upstream,2,2018-07-03 13:45:00+00:00,2018-07-10 13:45:00+00:00,5.0,1.0,3,13.203959999999936,True,167.0,168,4.765484623261842,2.01449050742577,feasible,,0.28930714724976186,131.42203702525586,0.7852259274132102,0.06391264438850001,349.8581191329545,344.56148889466266,0.4189152173515761,0.4125719476051188,0.006343269746457325,True,True
mddnr_Harris_Creek_Upstream,2,2018-07-03 13:45:00+00:00,2018-07-10 13:45:00+00:00,5.0,2.0,0,13.203959999999936,True,168.0,85,4.765484623261842,2.01449050742577,feasible,,0.1787342585103332,150.5938582061745,0.8953281187360963,0.03339907118773865,896.7694810537402,594.7863671201659,1.0675429547411337,0.7080392476773549,0.35950370706377877,True,True
mddnr_Harris_Creek_Upstream,2,2018-07-03 13:45:00+00:00,2018-07-10 13:45:00+00:00,5.0,2.0,1,13.203959999999936,True,166.0,84,4.765484623261842,2.01449050742577,feasible,,0.1590431961320657,148.81954807497124,0.895545210113489,0.05320373584893975,885.720065690347,587.6899278701221,1.0670685083789133,0.7079960531738232,0.3590724552050901,True,True
mddnr_Harris_Creek_Upstream,2,2018-07-03 13:45:00+00:00,2018-07-10 13:45:00+00:00,5.0,2.0,2,13.203959999999936,True,166.0,84,4.765484623261842,2.01449050742577,feasible,,0.0,148.39770493094483,0.893962077897258,0.0,878.9854801417694,584.8386999051788,1.059018650773216,0.7046249396447938,0.3543937111284222,True,True
mddnr_Harris_Creek_Upstream,2,2018-07-03 13:45:00+00:00,2018-07-10 13:45:00+00:00,5.0,2.0,3,13.203959999999936,True,166.0,84,4.765484623261842,2.01449050742577,feasible,,0.0666466726648654,148.7635042820487,0.8957642024661677,0.007709808269639812,883.8794427560175,586.9932202157526,1.0649057023466841,0.7072114583222686,0.3576942440244155,True,True
mddnr_Harris_Creek_Upstream,2,2018-07-03 13:45:00+00:00,2018-07-10 13:45:00+00:00,5.0,2.0,4,13.203959999999936,True,166.0,84,4.765484623261842,2.01449050742577,feasible,,0.2090282006307228,148.60673313157554,0.893962077897258,0.050000151469711464,883.8600449844387,586.8789817600158,1.06483137931683,0.7070228694078868,0.3578085099089432,True,True
mddnr_Harris_Creek_Upstream,2,2018-07-03 13:45:00+00:00,2018-07-10 13:45:00+00:00,5.0,2.0,5,13.203959999999936,True,166.0,84,4.765484623261842,2.01449050742577,feasible,,0.24386623406917507,148.32878621262094,0.892077831196095,0.10515784658541846,880.8901869569979,585.6082796373196,1.061186782060738,0.7054254479406437,0.35576133412009425,True,True
mddnr_Harris_Creek_Upstream,2,2018-07-03 13:45:00+00:00,2018-07-10 13:45:00+00:00,5.0,2.0,6,13.203959999999936,True,166.0,84,4.765484623261842,2.01449050742577,feasible,,0.2771895704016193,148.46207955795077,0.8926800601659588,0.10727842253385135,883.2131235608665,586.4392424696828,1.0639829459497985,0.7064240530688541,0.35755889288094433,True,True
mddnr_Harris_Creek_Upstream,2,2018-07-03 13:45:00+00:00,2018-07-10 13:45:00+00:00,5.0,2.0,7,13.203959999999936,True,166.0,84,4.765484623261842,2.01449050742577,feasible,,0.22266047458489657,147.85241397277778,0.8893358644469451,0.056202836118860434,875.5005203569785,583.169344651149,1.0547521897841683,0.7025459539940123,0.352206235790156,True,True
mddnr_Harris_Creek_Upstream,2,2018-07-03 13:45:00+00:00,2018-07-10 13:45:00+00:00,5.0,4.0,0,13.203959999999936,True,168.0,43,4.765484623261842,2.01449050742577,feasible,,0.13026395111770572,159.24429337865305,0.9471073180210438,0.029521446596328726,1997.9353801972038,717.3216671362223,2.378459355655485,0.8539192210590787,1.5245401345964062,True,True
mddnr_Harris_Creek_Upstream,2,2018-07-03 13:45:00+00:00,2018-07-10 13:45:00+00:00,5.0,4.0,1,13.203959999999936,True,164.0,42,4.765484623261842,2.01449050742577,feasible,,0.0,155.42227028861035,0.9476967700525021,0.0,1946.1632319836067,699.4831247595414,2.3733697951019592,0.85302820092627,1.5203415941756893,True,True
mddnr_Harris_Creek_Upstream,2,2018-07-03 13:45:00+00:00,2018-07-10 13:45:00+00:00,5.0,4.0,2,13.203959999999936,True,164.0,42,4.765484623261842,2.01449050742577,feasible,,0.0,155.1208455645124,0.9458588144177585,0.0,1938.7045626450126,697.9760011390516,2.3642738568841617,0.8511902452915263,1.5130836115926354,True,True
mddnr_Harris_Creek_Upstream,2,2018-07-03 13:45:00+00:00,2018-07-10 13:45:00+00:00,5.0,4.0,3,13.203959999999936,True,164.0,42,4.765484623261842,2.01449050742577,feasible,,0.025749850802335272,155.38440286095994,0.9473088598180343,0.002188737318198506,1945.98466303914,699.4203481379826,2.373149358904661,0.852948974878859,1.5202003840258018,True,True
mddnr_Harris_Creek_Upstream,2,2018-07-03 13:45:00+00:00,2018-07-10 13:45:00+00:00,5.0,4.0,4,13.203959999999936,True,164.0,42,4.765484623261842,2.01449050742577,feasible,,0.07876424951302607,155.22460231627485,0.9460112077241575,0.02047870487338699,1943.1750178872308,698.8681274405557,2.36970065753946,0.8522532301654662,1.517447427373994,True,True
mddnr_Harris_Creek_Upstream,2,2018-07-03 13:45:00+00:00,2018-07-10 13:45:00+00:00,5.0,4.0,5,13.203959999999936,True,164.0,42,4.765484623261842,2.01449050742577,feasible,,0.15449910481401163,155.2011245111316,0.9454062524775463,0.07879454345514621,1944.444340863067,699.0710968527626,2.3711774955117217,0.85242963696257,1.5187478585491516,True,True
mddnr_Harris_Creek_Upstream,2,2018-07-03 13:45:00+00:00,2018-07-10 13:45:00+00:00,5.0,4.0,6,13.203959999999936,True,164.0,42,4.765484623261842,2.01449050742577,feasible,,0.14692561928391035,155.2548962583952,0.9457803087750689,0.07125892535269547,1945.7176487343397,699.3096237795324,2.3727394997670577,0.8527297132368046,1.520009786530253,True,True
mddnr_Harris_Creek_Upstream,2,2018-07-03 13:45:00+00:00,2018-07-10 13:45:00+00:00,5.0,4.0,7,13.203959999999936,True,164.0,42,4.765484623261842,2.01449050742577,feasible,,0.05604379292273132,155.1034265477932,0.9454108704565272,0.010368101690705627,1939.7799267176108,698.1587569183787,2.365572632458439,0.8514004741666927,1.5141721582917465,True,True
mddnr_Harris_Creek_Upstream,2,2018-07-03 13:45:00+00:00,2018-07-10 13:45:00+00:00,5.0,4.0,8,13.203959999999936,True,164.0,42,4.765484623261842,2.01449050742577,feasible,,0.04847030739263003,155.55329158828113,0.9482001297615152,0.00387762459141033,1950.895323371344,700.3767051702671,2.379135909447259,0.8541132043239947,1.5250227051232643,True,True
mddnr_Harris_Creek_Upstream,2,2018-07-03 13:45:00+00:00,2018-07-10 13:45:00+00:00,5.0,4.0,9,13.203959999999936,True,164.0,42,4.765484623261842,2.01449050742577,feasible,,0.15904319613206785,155.61160742686278,0.9478814892117726,0.05320373584894072,1955.0176083979545,701.1718226956148,2.384102932514763,0.855022706048495,1.5290802264662682,True,True
mddnr_Harris_Creek_Upstream,2,2018-07-03 13:45:00+00:00,2018-07-10 13:45:00+00:00,5.0,4.0,10,13.203959999999936,True,164.0,42,4.765484623261842,2.01449050742577,feasible,,0.0,155.48740226416928,0.9480939162449347,0.0,1947.9831451914638,699.8087846373356,2.3755892014530047,0.853425347118702,1.5221638543343028,True,True
mddnr_Harris_Creek_Upstream,2,2018-07-03 13:45:00+00:00,2018-07-10 13:45:00+00:00,5.0,4.0,11,13.203959999999936,True,164.0,42,4.765484623261842,2.01449050742577,feasible,,0.040896821862533295,155.57979878763638,0.9484079388156942,0.005521070951442123,1951.0486186706296,700.4697302930329,2.3793208507313146,0.8542246453927822,1.5250962053385324,True,True
mddnr_Harris_Creek_Upstream,2,2018-07-03 13:45:00+00:00,2018-07-10 13:45:00+00:00,5.0,4.0,12,13.203959999999936,True,164.0,42,4.765484623261842,2.01449050742577,feasible,,0.13026395111771483,155.57752674197747,0.9478491633589009,0.029521446596330887,1953.4921987026848,700.8812053353693,2.3822715576293763,0.8546971754741134,1.527574382155263,True,True
mddnr_Harris_Creek_Upstream,2,2018-07-03 13:45:00+00:00,2018-07-10 13:45:00+00:00,5.0,4.0,13,13.203959999999936,True,164.0,42,4.765484623261842,2.01449050742577,feasible,,0.08936712925516332,155.31775618829502,0.94651456743317,0.026363303130273196,1945.9576585041368,699.3810266011101,2.3730869453670813,0.8528715406072924,1.520215404759789,True,True
mddnr_Harris_Creek_Upstream,2,2018-07-03 13:45:00+00:00,2018-07-10 13:45:00+00:00,5.0,4.0,14,13.203959999999936,True,164.0,42,4.765484623261842,2.01449050742577,feasible,,0.13026395111768752,155.40636596899725,0.9468055001090218,0.03601949718114691,1949.3881458882247,700.0189034198829,2.377258690720785,0.853637663320368,1.523621027400417,True,True
mddnr_Harris_Creek_Upstream,2,2018-07-03 13:45:00+00:00,2018-07-10 13:45:00+00:00,5.0,4.0,15,13.203959999999936,True,164.0,42,4.765484623261842,2.01449050742577,feasible,,0.16661668166216004,154.91863350085887,0.9436098586536384,0.04583473442815184,1938.0381756368765,697.7521894946665,2.3634052937834737,0.8508614082441931,1.5125438855392805,True,True
mddnr_Harris_Creek_Upstream,3,2018-07-10 14:00:00+00:00,2018-07-17 14:00:00+00:00,5.0,0.5,0,13.203959999999936,True,168.0,337,3.433635367922861,0.8201710939936915,feasible,,0.3862477620350644,102.57265850547836,0.6082524449014481,0.11208001235994551,111.33262606926907,111.33262606926907,0.13240541197251088,0.13240541197251088,0.0,True,True
mddnr_Harris_Creek_Upstream,3,2018-07-10 14:00:00+00:00,2018-07-17 14:00:00+00:00,5.0,0.5,1,13.203959999999936,True,167.5,336,3.433635367922861,0.8201710939936915,feasible,,0.3014247240979237,102.21882677620897,0.608462101803648,0.04914434760480909,110.67434188178989,110.67434188178989,0.1320897881005195,0.1320897881005195,0.0,True,True
mddnr_Harris_Creek_Upstream,3,2018-07-10 14:00:00+00:00,2018-07-17 14:00:00+00:00,5.0,1.0,0,13.203959999999936,True,168.0,169,3.433635367922861,0.8201710939936915,feasible,,0.2120575948427863,135.12349931384188,0.8030442959464232,0.05996685842733347,363.1597553027394,359.1004810144505,0.4322616529098953,0.4274291835190752,0.004832469390820104,True,True
mddnr_Harris_Creek_Upstream,3,2018-07-10 14:00:00+00:00,2018-07-17 14:00:00+00:00,5.0,1.0,1,13.203959999999936,True,167.0,168,3.433635367922861,0.8201710939936915,feasible,,0.2529544167053088,134.67863580319838,0.8049441999191201,0.04526672301339642,363.2929212377783,358.96789288798044,0.43502713115540703,0.42984745648499045,0.005179674670416579,True,True
mddnr_Harris_Creek_Upstream,3,2018-07-10 14:00:00+00:00,2018-07-17 14:00:00+00:00,5.0,1.0,2,13.203959999999936,True,167.0,168,3.433635367922861,0.8201710939936915,feasible,,0.17419016719228553,134.62562140448745,0.805098390642486,0.05211315393261583,362.2401995391352,358.2649649965587,0.43375818728766774,0.4289974273564384,0.004760759931229319,True,True
mddnr_Harris_Creek_Upstream,3,2018-07-10 14:00:00+00:00,2018-07-17 14:00:00+00:00,5.0,1.0,3,13.203959999999936,True,167.0,168,3.433635367922861,0.8201710939936915,feasible,,0.04847030739264113,134.18938863795393,0.8032390319195286,0.003877624591412107,359.1051255461824,355.5202114105748,0.4300613747563964,0.42576806441435133,0.004293310342045054,True,True
mddnr_Harris_Creek_Upstream,3,2018-07-10 14:00:00+00:00,2018-07-17 14:00:00+00:00,5.0,2.0,0,13.203959999999936,True,168.0,85,3.433635367922861,0.8201710939936915,feasible,,0.1666166816621839,151.65641822604718,0.9017250091927678,0.05315072145024148,907.1849435513528,600.0188276850266,1.0799188009879792,0.7142448535280671,0.3656739474599121,True,True
mddnr_Harris_Creek_Upstream,3,2018-07-10 14:00:00+00:00,2018-07-17 14:00:00+00:00,5.0,2.0,1,13.203959999999936,True,166.0,84,3.433635367922861,0.8201710939936915,feasible,,0.08027894661901613,149.7881968742709,0.9018549272750114,0.009535018282386499,894.6286965101923,592.1830193366217,1.077854411436036,0.713462029299204,0.364392382136832,True,True
mddnr_Harris_Creek_Upstream,3,2018-07-10 14:00:00+00:00,2018-07-17 14:00:00+00:00,5.0,2.0,2,13.203959999999936,True,166.0,84,3.433635367922861,0.8201710939936915,feasible,,0.05604379292272155,149.60794791865465,0.9009150850947707,0.006036067967486407,892.0748647809239,591.1640977403738,1.0747817213409114,0.7122386285209715,0.3625430928199399,True,True
mddnr_Harris_Creek_Upstream,3,2018-07-10 14:00:00+00:00,2018-07-17 14:00:00+00:00,5.0,2.0,3,13.203959999999936,True,166.0,84,3.433635367922861,0.8201710939936915,feasible,,0.024235153696313017,149.45117676818165,0.9001622988824418,0.0019388122957048454,889.7378586554895,590.2252960475485,1.071970987762884,0.71111247859669,0.360858509166194,True,True
mddnr_Harris_Creek_Upstream,3,2018-07-10 14:00:00+00:00,2018-07-17 14:00:00+00:00,5.0,2.0,4,13.203959999999936,True,166.0,84,3.433635367922861,0.8201710939936915,feasible,,0.045440913180573084,149.62688163247992,0.9010930163813213,0.0068161369770832,892.1427126538348,591.2049718417798,1.0748625259239248,0.7122869345840995,0.3625755913398253,True,True
mddnr_Harris_Creek_Upstream,3,2018-07-10 14:00:00+00:00,2018-07-17 14:00:00+00:00,5.0,2.0,5,13.203959999999936,True,166.0,84,3.433635367922861,0.8201710939936915,feasible,,0.17267547008624407,150.0638717475666,0.9029590137197612,0.035731704731001075,899.0643730496562,593.9971796339878,1.08316703776497,0.7156162023244058,0.3675508354405642,True,True
mddnr_Harris_Creek_Upstream,3,2018-07-10 14:00:00+00:00,2018-07-17 14:00:00+00:00,5.0,2.0,6,13.203959999999936,True,166.0,84,3.433635367922861,0.8201710939936915,feasible,,0.11814637426953056,150.1926210015782,0.90406310016451,0.04607708596511406,899.7695956343952,594.3579350437277,1.084004239214976,0.7160383830816417,0.3679658561333343,True,True
mddnr_Harris_Creek_Upstream,3,2018-07-10 14:00:00+00:00,2018-07-17 14:00:00+00:00,5.0,2.0,7,13.203959999999936,True,166.0,84,3.433635367922861,0.8201710939936915,feasible,,0.024235153696313017,149.92376226525965,0.9030091994672491,0.0019388122957048454,895.3263798567033,592.5882235329387,1.0787041458366355,0.7139593791814975,0.364744766655138,True,True
mddnr_Harris_Creek_Upstream,3,2018-07-10 14:00:00+00:00,2018-07-17 14:00:00+00:00,5.0,4.0,0,13.203959999999936,True,168.0,43,3.433635367922861,0.8201710939936915,feasible,,0.11663167716352874,160.05541367892658,0.952016559534304,0.04490319570796263,2017.0258630977876,721.2937255187076,2.4011678094072377,0.8586295503845233,1.5425382590227144,True,True
mddnr_Harris_Creek_Upstream,3,2018-07-10 14:00:00+00:00,2018-07-17 14:00:00+00:00,5.0,4.0,1,13.203959999999936,True,164.0,42,3.433635367922861,0.8201710939936915,feasible,,0.08027894661907364,156.16598656766595,0.9517421196405298,0.009535018282400925,1966.3344775493301,703.5935658696325,2.397957246989083,0.8580293059162807,1.5399279410728022,True,True
mddnr_Harris_Creek_Upstream,3,2018-07-10 14:00:00+00:00,2018-07-17 14:00:00+00:00,5.0,4.0,2,13.203959999999936,True,164.0,42,3.433635367922861,0.8201710939936915,feasible,,0.0,155.7668638802297,0.9497979504892055,0.0,1954.0855833842445,701.2060927176382,2.3830311992490785,0.8551293813629733,1.527901817886105,True,True
mddnr_Harris_Creek_Upstream,3,2018-07-10 14:00:00+00:00,2018-07-17 14:00:00+00:00,5.0,4.0,3,13.203959999999936,True,164.0,42,3.433635367922861,0.8201710939936915,feasible,,0.0,155.67598205386858,0.9492437930113938,0.0,1951.752286858052,700.7516835858326,2.3801857156805513,0.8545752238851616,1.5256104917953897,True,True
mddnr_Harris_Creek_Upstream,3,2018-07-10 14:00:00+00:00,2018-07-17 14:00:00+00:00,5.0,4.0,4,13.203959999999936,True,164.0,42,3.433635367922861,0.8201710939936915,feasible,,0.0,155.78428289694898,0.9499041640057865,0.0,1954.5119514283776,701.2931878012345,2.3835511602785093,0.8552355948795543,1.528315565398955,True,True
mddnr_Harris_Creek_Upstream,3,2018-07-10 14:00:00+00:00,2018-07-17 14:00:00+00:00,5.0,4.0,5,13.203959999999936,True,164.0,42,3.433635367922861,0.8201710939936915,feasible,,0.04544091318060772,155.99558314323872,0.9509155014027934,0.004634973144423643,1961.0007641633445,702.5722586254418,2.39145869413439,0.856789784941826,1.534668909192564,True,True
mddnr_Harris_Creek_Upstream,3,2018-07-10 14:00:00+00:00,2018-07-17 14:00:00+00:00,5.0,4.0,6,13.203959999999936,True,164.0,42,3.433635367922861,0.8201710939936915,feasible,,0.11814637426954366,155.98725230915565,0.9504213776517445,0.046077085965124276,1962.5114932930924,702.8526896476505,2.3932505075696673,0.8570812348313236,1.5361692727383436,True,True
mddnr_Harris_Creek_Upstream,3,2018-07-10 14:00:00+00:00,2018-07-17 14:00:00+00:00,5.0,4.0,7,13.203959999999936,True,164.0,42,3.433635367922861,0.8201710939936915,feasible,,0.0,155.860775100803,0.9503705798829452,0.0,1956.3344633263237,701.6756488205048,2.3857737357638094,0.8557020107567131,1.530071725007096,True,True
mddnr_Harris_Creek_Upstream,3,2018-07-10 14:00:00+00:00,2018-07-17 14:00:00+00:00,5.0,4.0,8,13.203959999999936,True,164.0,42,3.433635367922861,0.8201710939936915,feasible,,0.04998500449865029,155.77519471431293,0.9495439616452092,0.008247525742277238,1955.4648910616402,701.4894243848051,2.384703223824266,0.8554648498281254,1.5292383739961404,True,True
mddnr_Harris_Creek_Upstream,3,2018-07-10 14:00:00+00:00,2018-07-17 14:00:00+00:00,5.0,4.0,9,13.203959999999936,True,164.0,42,3.433635367922861,0.8201710939936915,feasible,,0.0,155.8092753991984,0.9500565573121854,0.0,1955.0261296446115,701.4181503124817,2.3841782068836728,0.8553879881859532,1.5287902186977196,True,True
mddnr_Harris_Creek_Upstream,3,2018-07-10 14:00:00+00:00,2018-07-17 14:00:00+00:00,5.0,4.0,10,13.203959999999936,True,164.0,42,3.433635367922861,0.8201710939936915,feasible,,0.05604379292273132,156.0228476911472,0.9510170969403932,0.006036067967488148,1961.7689624917277,702.7601946688716,2.392393812711903,0.8570172665864685,1.5353765461254345,True,True
mddnr_Harris_Creek_Upstream,3,2018-07-10 14:00:00+00:00,2018-07-17 14:00:00+00:00,5.0,4.0,11,13.203959999999936,True,164.0,42,3.433635367922861,0.8201710939936915,feasible,,0.02423515369632412,155.9721053380956,0.9509016474658493,0.0019388122957066218,1959.6765441717707,702.3515369631535,2.389847079706677,0.856523900183973,1.533323179522704,True,True
mddnr_Harris_Creek_Upstream,3,2018-07-10 14:00:00+00:00,2018-07-17 14:00:00+00:00,5.0,4.0,12,13.203959999999936,True,164.0,42,3.433635367922861,0.8201710939936915,feasible,,0.04544091318060772,156.02209034259423,0.9510771306671562,0.006816136977093592,1961.4769354786204,702.7026134583867,2.3920367309044432,0.8569460942944019,1.5350906366100414,True,True
mddnr_Harris_Creek_Upstream,3,2018-07-10 14:00:00+00:00,2018-07-17 14:00:00+00:00,5.0,4.0,13,13.203959999999936,True,164.0,42,3.433635367922861,0.8201710939936915,feasible,,0.1272345569056652,156.22203036058878,0.9517975353883116,0.031096731586585505,1968.7003186454874,704.0870011723753,2.400816124285245,0.858604761513157,1.542211362772088,True,True
mddnr_Harris_Creek_Upstream,3,2018-07-10 14:00:00+00:00,2018-07-17 14:00:00+00:00,5.0,4.0,14,13.203959999999936,True,164.0,42,3.433635367922861,0.8201710939936915,feasible,,0.0,156.30382400431378,0.9530720975872792,0.0,1967.4978231820037,703.8908933380585,2.399387589246346,0.858403528461047,1.540984060785299,True,True
mddnr_Harris_Creek_Upstream,3,2018-07-10 14:00:00+00:00,2018-07-17 14:00:00+00:00,5.0,4.0,15,13.203959999999936,True,164.0,42,3.433635367922861,0.8201710939936915,feasible,,0.02423515369632412,156.19249376702143,0.9522454793495434,0.0019388122957066218,1965.258299357336,703.4534791077826,2.396654098225659,0.857867732067667,1.538786366157992,True,True
